project_id,sanctioned_amount,estimated_cost,actual_expenditure,unspent_balance,utilization_ratio
MPLADS-000001,439790.06,461292.28,417602.33,22187.72999999998,0.9495
MPLADS-000002,965783.73,985152.19,768979.94,196803.79000000004,0.7962
MPLADS-000003,2483284.86,2404101.6,1759054.92,724229.94,0.7084
MPLADS-000004,574825.66,582852.67,440242.64,134583.02000000002,0.7659
MPLADS-000005,893236.9,905852.02,815428.41,77808.48999999999,0.9129
MPLADS-000006,206867.9,197891.51,136820.07,70047.82999999999,0.6614
MPLADS-000007,781495.03,791429.57,706679.99,74815.04000000004,0.9043
MPLADS-000008,2734977.59,2650785.29,3746830.31,0.0,1.37
MPLADS-000009,2149073.23,2248875.03,1648933.35,500139.8799999999,0.7673
MPLADS-000010,2413664.53,2421814.62,1741868.99,671795.5399999998,0.7217
MPLADS-000011,962867.36,917336.65,934709.59,28157.77000000002,0.9708
MPLADS-000012,2276334.51,2254881.83,2232443.45,43891.05999999959,0.9807
MPLADS-000013,1758637.2,1705077.53,1653118.97,105518.22999999998,0.94
MPLADS-000014,543622.15,541909.28,424992.72,118629.43000000005,0.7818
MPLADS-000015,461840.58,469612.22,440552.39,21288.190000000002,0.9539
MPLADS-000016,1812999.32,1868788.92,1664632.87,148366.44999999995,0.9182
MPLADS-000017,390767.83,381506.96,319108.24,71659.59000000003,0.8166
MPLADS-000018,501964.43,480506.19,350191.6,151772.83000000002,0.6976
MPLADS-000019,209191.19,211815.98,145912.24,63278.95000000001,0.6975
MPLADS-000020,1391791.7,1444160.92,853309.99,538481.71,0.6131
MPLADS-000021,2437389.03,2421572.5,1844087.71,593301.3199999998,0.7566
MPLADS-000022,2739911.9,2824214.49,2575517.19,164394.70999999996,0.94
MPLADS-000023,3127412.6,3177170.66,2220491.51,906921.0900000003,0.71
MPLADS-000024,1881246.57,1795184.55,1287066.69,594179.8800000001,0.6842
MPLADS-000025,9308369.56,9026089.34,5687149.82,3621219.74,0.611
MPLADS-000026,554757.16,529621.26,417320.75,137436.41000000003,0.7523
MPLADS-000027,3952625.78,3756707.29,2739827.11,1212798.67,0.6932
MPLADS-000028,814253.13,821852.37,570406.91,243846.21999999997,0.7005
MPLADS-000029,2632737.79,2572814.3,1992220.72,640517.0700000001,0.7567
MPLADS-000030,549200.78,534390.24,488984.34,60216.44,0.8904
MPLADS-000031,1026541.04,1024912.23,703226.58,323314.4600000001,0.685
MPLADS-000032,525988.9,525205.78,363331.72,162657.18000000005,0.6908
MPLADS-000033,1021123.93,1033292.79,706711.0,314412.93000000005,0.6921
MPLADS-000034,2698535.19,2778801.55,1990310.89,708224.3,0.7376
MPLADS-000035,198128.0,197728.41,187450.63,10677.369999999995,0.9461
MPLADS-000036,515735.92,492023.92,481942.99,33792.92999999999,0.9345
MPLADS-000037,514629.01,508494.32,478771.95,35857.06,0.9303
MPLADS-000038,7721784.0,7374511.32,4773951.2,2947832.8,0.6182
MPLADS-000039,1539215.32,1600653.74,2054132.65,0.0,1.3345
MPLADS-000040,1280573.51,1332491.68,1262151.41,18422.100000000093,0.9856
MPLADS-000041,1026061.57,1064555.09,855432.99,170628.57999999996,0.8337
MPLADS-000042,3715303.73,3803625.4,2319985.92,1395317.81,0.6244
MPLADS-000043,2440403.77,2482171.59,1796051.44,644352.3300000001,0.736
MPLADS-000044,3119163.08,3066565.44,2308601.43,810561.6499999999,0.7401
MPLADS-000045,3032432.9,3112054.47,2227662.74,804770.1599999997,0.7346
MPLADS-000046,3793512.19,3979373.15,4856479.12,0.0,1.2802
MPLADS-000047,213334.73,206856.46,200534.65,12800.080000000016,0.94
MPLADS-000048,2310588.14,2213013.38,2171952.85,138635.29000000004,0.94
MPLADS-000049,2825396.97,2910416.19,2796917.29,28479.680000000168,0.9899
MPLADS-000050,4018701.2,3861891.93,3718120.53,300580.6700000004,0.9252
MPLADS-000051,754235.7,756408.46,563059.03,191176.66999999993,0.7465
MPLADS-000052,893778.1,876915.91,840151.41,53626.689999999944,0.94
MPLADS-000053,2346427.83,2329143.48,1672314.01,674113.8200000001,0.7127
MPLADS-000054,187807.42,183606.99,174659.24,13148.180000000022,0.93
MPLADS-000055,2853799.72,2993598.25,2180970.38,672829.3400000003,0.7642
MPLADS-000056,249489.06,240504.62,170382.86,79106.20000000001,0.6829
MPLADS-000057,551673.48,543158.65,406768.13,144905.34999999998,0.7373
MPLADS-000058,779767.83,791657.82,505178.05,274589.77999999997,0.6479
MPLADS-000059,400716.17,412154.34,245363.18,155352.99,0.6123
MPLADS-000060,7176301.15,7328249.5,4702735.76,2473565.3900000006,0.6553
MPLADS-000061,773641.5,753305.03,564338.72,209302.78000000003,0.7295
MPLADS-000062,1536654.65,1598603.95,986133.78,550520.8699999999,0.6417
MPLADS-000063,847156.54,827332.54,528435.1,318721.44000000006,0.6238
MPLADS-000064,3915722.63,3863750.12,2989085.54,926637.0899999999,0.7634
MPLADS-000065,459626.09,460292.73,401406.6,58219.49000000005,0.8733
MPLADS-000066,2614280.57,2642656.35,2457423.74,156856.8299999996,0.94
MPLADS-000067,557279.88,541168.05,370184.89,187094.99,0.6643
MPLADS-000068,393691.77,375102.27,393691.77,0.0,1.0
MPLADS-000069,2499233.7,2491194.77,2142004.64,357229.06000000006,0.8571
MPLADS-000070,3743364.26,3774367.72,3296151.62,447212.63999999966,0.8805
MPLADS-000071,754987.63,775666.22,691700.97,63286.66000000003,0.9162
MPLADS-000072,3195715.48,3043450.41,2535123.45,660592.0299999998,0.7933
MPLADS-000073,1703741.33,1633449.67,1132710.75,571030.5800000001,0.6648
MPLADS-000074,1074634.18,1040666.4,844603.49,230030.68999999994,0.7859
MPLADS-000075,1218017.81,1189018.51,1197279.79,20738.02000000002,0.983
MPLADS-000076,2579013.99,2625017.75,2424273.15,154740.84000000032,0.94
MPLADS-000077,193807.24,202888.21,176553.22,17254.01999999999,0.911
MPLADS-000078,1919268.63,1945724.53,1431200.71,488067.9199999999,0.7457
MPLADS-000079,2619454.13,2651618.26,2198447.58,421006.5499999998,0.8393
MPLADS-000080,5288484.81,5097030.99,3221056.57,2067428.2399999998,0.6091
MPLADS-000081,2491324.56,2606892.11,2328380.42,162944.14000000013,0.9346
MPLADS-000082,2857468.27,2959065.17,1911053.91,946414.3600000001,0.6688
MPLADS-000083,243174.62,234179.91,238058.93,5115.690000000002,0.979
MPLADS-000084,431991.43,435517.07,298267.82,133723.61,0.6904
MPLADS-000085,735125.99,737368.63,719686.11,15439.880000000005,0.979
MPLADS-000086,2900977.91,2873901.32,1911737.84,989240.0700000001,0.659
MPLADS-000087,478803.97,477580.57,478803.97,0.0,1.0
MPLADS-000088,2605954.46,2596544.25,1966302.63,639651.8300000001,0.7545
MPLADS-000089,3522682.93,3358674.6,3132818.24,389864.68999999994,0.8893
MPLADS-000090,3656218.11,3547798.82,2326338.73,1329879.38,0.6363
MPLADS-000091,2566754.42,2571328.45,1610888.44,955865.98,0.6276
MPLADS-000092,1088518.61,1092566.68,836303.94,252214.67000000016,0.7683
MPLADS-000093,208048.8,208778.73,153952.79,54096.00999999998,0.74
MPLADS-000094,792618.14,808736.64,792618.14,0.0,1.0
MPLADS-000095,431805.17,448633.54,527451.29,0.0,1.2215
MPLADS-000096,442184.45,452094.97,383382.88,58801.57000000001,0.867
MPLADS-000097,512025.1,493969.6,396325.87,115699.22999999998,0.774
MPLADS-000098,862214.19,892609.54,711150.11,151064.07999999996,0.8248
MPLADS-000099,2244816.21,2344518.46,1715794.39,529021.8200000001,0.7643
MPLADS-000100,3828244.8,3886921.66,3411778.94,416465.85999999987,0.8912
MPLADS-000101,2810169.02,2809825.97,2151929.45,658239.5699999998,0.7658
MPLADS-000102,825520.34,837182.12,825520.34,0.0,1.0
MPLADS-000103,233997.85,243365.24,173695.81,60302.04000000001,0.7423
MPLADS-000104,843602.6,883724.11,792986.44,50616.16000000003,0.94
MPLADS-000105,3621395.01,3592671.24,2896892.15,724502.8599999999,0.7999
MPLADS-000106,735583.49,767122.17,528390.73,207192.76,0.7183
MPLADS-000107,709880.34,692897.22,483148.38,226731.95999999996,0.6806
MPLADS-000108,1981856.03,1888563.22,1805621.51,176234.52000000002,0.9111
MPLADS-000109,1670450.9,1684107.39,1603589.79,66861.10999999987,0.96
MPLADS-000110,1015617.81,1028138.16,814222.28,201395.53000000003,0.8017
MPLADS-000111,436095.14,426328.01,368780.26,67314.88,0.8456
MPLADS-000112,2655891.81,2683485.97,1696536.54,959355.27,0.6388
MPLADS-000113,839170.76,812266.46,663425.05,175745.70999999996,0.7906
MPLADS-000114,660644.76,648149.5,416485.88,244158.88,0.6304
MPLADS-000115,813210.4,776711.3,764759.3,48451.09999999998,0.9404
MPLADS-000116,210163.61,206829.15,209386.07,777.539999999979,0.9963
MPLADS-000117,2420176.57,2534912.71,1934060.77,486115.7999999998,0.7991
MPLADS-000118,3685209.93,3708022.48,3463963.63,221246.30000000028,0.94
MPLADS-000119,1191090.9,1139252.49,923338.46,267752.43999999994,0.7752
MPLADS-000120,463352.41,478669.71,429326.66,34025.75,0.9266
MPLADS-000121,3985217.97,3961418.06,3920998.47,64219.5,0.9839
MPLADS-000122,2557615.15,2490070.28,2320276.79,237338.35999999987,0.9072
MPLADS-000123,1105277.94,1151537.19,680645.89,424632.04999999993,0.6158
MPLADS-000124,564168.56,558406.38,439984.94,124183.62000000005,0.7799
MPLADS-000125,940751.99,934182.23,706276.11,234475.88,0.7508
MPLADS-000126,2204118.3,2167120.94,1934539.72,269578.57999999984,0.8777
MPLADS-000127,563988.55,576482.5,453619.85,110368.70000000007,0.8043
MPLADS-000128,1670286.0,1667594.32,1442865.2,227420.80000000005,0.8638
MPLADS-000129,2412271.03,2413260.13,1834460.16,577810.8699999999,0.7605
MPLADS-000130,1870226.18,1807990.08,1634414.21,235811.96999999997,0.8739
MPLADS-000131,1556105.17,1569095.93,1043156.49,512948.67999999993,0.6704
MPLADS-000132,448876.09,429213.89,448876.09,0.0,1.0
MPLADS-000133,2587376.01,2460266.27,2362651.08,224724.9299999997,0.9131
MPLADS-000134,2129176.65,2167287.74,2001426.05,127750.59999999986,0.94
MPLADS-000135,464897.17,457826.03,413386.67,51510.5,0.8892
MPLADS-000136,768105.42,784812.32,484627.82,283477.60000000003,0.6309
MPLADS-000137,2480229.35,2485677.75,2060418.97,419810.3800000001,0.8307
MPLADS-000138,3956390.03,4136777.91,2759724.06,1196665.9699999997,0.6975
MPLADS-000139,1025273.25,1030524.48,815823.94,209449.31000000006,0.7957
MPLADS-000140,487432.26,485627.65,320675.94,166756.32,0.6579
MPLADS-000141,2848649.51,2840170.54,2096342.41,752307.0999999999,0.7359
MPLADS-000142,236160.73,227348.06,161040.28,75120.45000000001,0.6819
MPLADS-000143,3898536.0,3794802.29,3664623.84,233912.16000000015,0.94
MPLADS-000144,3150233.7,3132920.35,3054901.79,95331.91000000015,0.9697
MPLADS-000145,2292512.34,2186317.6,2261807.51,30704.830000000075,0.9866
MPLADS-000146,3613288.63,3656035.82,2890916.13,722372.5,0.8001
MPLADS-000147,212600.31,209645.04,152096.45,60503.859999999986,0.7154
MPLADS-000148,2481295.02,2538876.57,1778110.97,703184.05,0.7166
MPLADS-000149,845482.96,886358.69,641083.49,204399.46999999997,0.7582
MPLADS-000150,957841.36,970903.23,957841.36,0.0,1.0
MPLADS-000151,3233250.56,3291120.18,2730016.06,503234.5,0.8444
MPLADS-000152,1543908.45,1537250.27,1127596.48,416311.97,0.7304
MPLADS-000153,205931.42,214596.28,196744.04,9187.380000000005,0.9554
MPLADS-000154,454290.32,440071.49,427032.9,27257.419999999984,0.94
MPLADS-000155,721286.48,710245.5,550235.36,171051.12,0.7629
MPLADS-000156,3924750.36,3998918.05,3116594.42,808155.94,0.7941
MPLADS-000157,2779732.23,2876555.11,3688332.87,0.0,1.3269
MPLADS-000158,239746.45,234429.4,205107.13,34639.32000000001,0.8555
MPLADS-000159,2324831.99,2261847.19,2304512.28,20319.71000000043,0.9913
MPLADS-000160,548971.05,563745.51,390131.01,158840.04000000004,0.7107
MPLADS-000161,433951.87,417840.0,297138.44,136813.43,0.6847
MPLADS-000162,1604415.6,1611260.07,1401387.99,203027.6100000001,0.8735
MPLADS-000163,1030775.54,1059612.5,951761.57,79013.97000000009,0.9233
MPLADS-000164,1040113.47,992790.4,689758.43,350355.0399999999,0.6632
MPLADS-000165,504762.43,522232.64,309266.94,195495.49,0.6127
MPLADS-000166,441769.66,429175.3,415645.04,26124.619999999995,0.9409
MPLADS-000167,1684733.84,1695370.94,1303311.51,381422.3300000001,0.7736
MPLADS-000168,1736904.14,1699176.35,1689466.09,47438.049999999814,0.9727
MPLADS-000169,244411.36,244925.99,216558.55,27852.809999999998,0.886
MPLADS-000170,3099238.99,3208448.4,4464318.63,0.0,1.4405
MPLADS-000171,1115483.86,1154303.74,1084023.45,31460.41000000015,0.9718
MPLADS-000172,6672119.45,6774164.44,5475149.44,1196970.0099999998,0.8206
MPLADS-000173,7953397.31,8339712.76,6087002.92,1866394.3899999997,0.7653
MPLADS-000174,1195497.92,1158349.73,1055926.51,139571.40999999992,0.8833
MPLADS-000175,923032.0,890612.76,1293511.06,0.0,1.4014
MPLADS-000176,494457.44,508383.63,391928.57,102528.87,0.7926
MPLADS-000177,446664.35,431877.16,354536.2,92128.14999999997,0.7937
MPLADS-000178,1327859.59,1277967.46,1218009.18,109850.41000000015,0.9173
MPLADS-000179,1236571.15,1189584.89,1162376.88,74194.27000000002,0.94
MPLADS-000180,2580373.76,2598241.17,1897707.35,682666.4099999997,0.7354
MPLADS-000181,197474.22,193951.45,177207.07,20267.149999999994,0.8974
MPLADS-000182,734547.88,735690.3,732981.93,1565.9499999999534,0.9979
MPLADS-000183,2608062.39,2576847.3,2276414.05,331648.3400000003,0.8728
MPLADS-000184,860562.06,884200.2,691873.0,168689.06000000006,0.804
MPLADS-000185,9435150.6,9169548.54,5903117.62,3532032.9799999995,0.6257
MPLADS-000186,13673221.78,13887045.81,8312558.29,5360663.489999999,0.6079
MPLADS-000187,397886.39,382546.31,244406.91,153479.48,0.6143
MPLADS-000188,1976777.29,1974479.03,1797867.78,178909.51,0.9095
MPLADS-000189,4116237.84,4132106.78,3083197.03,1033040.81,0.749
MPLADS-000190,199591.8,198899.68,189698.04,9893.75999999998,0.9504
MPLADS-000191,3628466.19,3597640.81,2940442.69,688023.5,0.8104
MPLADS-000192,444021.71,444446.78,321272.66,122749.05000000005,0.7236
MPLADS-000193,399234.12,410662.49,262371.33,136862.78999999998,0.6572
MPLADS-000194,1723101.62,1698542.18,1540539.15,182562.4700000002,0.8941
MPLADS-000195,228871.89,220796.2,203658.65,25213.24000000002,0.8898
MPLADS-000196,2736752.21,2853575.87,2652899.4,83852.81000000006,0.9694
MPLADS-000197,2036325.93,1980204.84,1298295.46,738030.47,0.6376
MPLADS-000198,510952.45,488003.89,342314.5,168637.95,0.67
MPLADS-000199,3158070.85,3101510.96,3001057.04,157013.81000000006,0.9503
MPLADS-000200,506022.72,485604.05,401649.23,104373.48999999999,0.7937
MPLADS-000201,502025.11,497836.58,463383.22,38641.890000000014,0.923
MPLADS-000202,497186.02,521581.74,380880.12,116305.90000000002,0.7661
MPLADS-000203,733317.72,701174.14,575349.68,157968.03999999992,0.7846
MPLADS-000204,3851280.55,3835424.97,2483605.84,1367674.71,0.6449
MPLADS-000205,974574.94,1004369.35,693934.88,280640.05999999994,0.712
MPLADS-000206,13351942.63,13189423.71,12829986.26,521956.37000000104,0.9609
MPLADS-000207,192850.96,189210.64,175755.32,17095.639999999985,0.9114
MPLADS-000208,506226.11,496470.27,367538.96,138687.14999999997,0.726
MPLADS-000209,2414550.76,2427795.11,1543987.4,870563.3599999999,0.6395
MPLADS-000210,1297965.49,1265472.41,813795.83,484169.66000000003,0.627
MPLADS-000211,1347613.13,1281455.5,1165519.48,182093.6499999999,0.8649
MPLADS-000212,2853481.03,2881151.62,2573874.8,279606.23,0.902
MPLADS-000213,777621.48,807731.84,479292.81,298328.67,0.6164
MPLADS-000214,507804.89,495323.31,702327.33,0.0,1.3831
MPLADS-000215,501273.1,500337.75,415618.39,85654.70999999996,0.8291
MPLADS-000216,1142390.52,1189124.51,823411.06,318979.45999999996,0.7208
MPLADS-000217,1336033.71,1392790.68,1073722.1,262311.60999999987,0.8037
MPLADS-000218,1547134.73,1487986.23,1123288.15,423846.5800000001,0.726
MPLADS-000219,3849370.48,3938654.52,2818787.43,1030583.0499999998,0.7323
MPLADS-000220,836400.95,848413.06,702797.09,133603.86,0.8403
MPLADS-000221,2520478.35,2519391.56,1997695.77,522782.5800000001,0.7926
MPLADS-000222,462934.58,440244.81,316373.27,146561.31,0.6834
MPLADS-000223,2806610.35,2678852.6,2784872.11,21738.240000000224,0.9923
MPLADS-000224,431425.19,428474.19,297700.1,133725.09000000003,0.69
MPLADS-000225,192283.32,185575.86,180746.32,11537.0,0.94
MPLADS-000226,451167.6,451507.57,291860.22,159307.38,0.6469
MPLADS-000227,1311950.08,1280734.07,1266869.45,45080.63000000012,0.9656
MPLADS-000228,2157607.22,2113632.24,2106653.19,50954.03000000026,0.9764
MPLADS-000229,911804.54,875524.91,847985.03,63819.51000000001,0.93
MPLADS-000230,1028125.87,986913.47,954574.71,73551.16000000003,0.9285
MPLADS-000231,1540353.37,1504345.36,1112998.86,427354.51,0.7226
MPLADS-000232,3596032.4,3738540.72,5145042.07,0.0,1.4308
MPLADS-000233,491015.17,469402.94,375556.63,115458.53999999998,0.7649
MPLADS-000234,10999846.15,11424710.52,10362951.44,636894.7100000009,0.9421
MPLADS-000235,1111194.63,1073560.51,883009.44,228185.18999999994,0.7946
MPLADS-000236,423027.08,443838.78,309012.33,114014.75,0.7305
MPLADS-000237,4061138.32,4043083.95,2864490.98,1196647.3399999999,0.7053
MPLADS-000238,2929725.59,3062572.73,1952174.04,977551.5499999998,0.6663
MPLADS-000239,212907.07,206957.72,169827.73,43079.34,0.7977
MPLADS-000240,1340761.37,1274763.54,1047971.88,292789.4900000001,0.7816
MPLADS-000241,790585.83,820852.57,603784.95,186800.88,0.7637
MPLADS-000242,850600.47,849998.4,546738.78,303861.68999999994,0.6428
MPLADS-000243,1573762.03,1625057.32,1354693.28,219068.75,0.8608
MPLADS-000244,190608.48,189986.91,179171.97,11436.51000000001,0.94
MPLADS-000245,459102.47,480561.79,393586.42,65516.04999999999,0.8573
MPLADS-000246,561714.72,581555.9,366250.89,195463.82999999996,0.652
MPLADS-000247,882886.05,882719.8,879608.33,3277.7200000000885,0.9963
MPLADS-000248,1140479.21,1192635.86,977730.12,162749.08999999997,0.8573
MPLADS-000249,3480678.27,3324413.12,4500058.74,0.0,1.2929
MPLADS-000250,2683331.53,2657061.05,1706433.59,976897.9399999997,0.6359
MPLADS-000251,3021582.45,2954702.36,2029840.31,991742.1400000001,0.6718
MPLADS-000252,1911867.45,1976005.61,1177327.49,734539.96,0.6158
MPLADS-000253,3017881.27,3064193.47,2598236.76,419644.51000000024,0.8609
MPLADS-000254,2463258.62,2528354.51,1666008.3,797250.3200000001,0.6763
MPLADS-000255,398129.09,386633.57,254378.66,143750.43000000002,0.6389
MPLADS-000256,2774854.53,2913052.4,2060103.99,714750.5399999998,0.7424
MPLADS-000257,1541067.19,1483490.35,2018059.99,0.0,1.3095
MPLADS-000258,877495.28,859051.17,839338.28,38157.0,0.9565
MPLADS-000259,3038208.12,3040957.18,2001927.69,1036280.4300000002,0.6589
MPLADS-000260,196164.23,188961.84,133208.0,62956.23000000001,0.6791
MPLADS-000261,2068607.02,2128968.44,2044026.53,24580.48999999999,0.9881
MPLADS-000262,1688745.21,1631580.56,1587105.2,101640.01000000001,0.9398
MPLADS-000263,13125679.0,13279135.5,12454633.52,671045.4800000004,0.9489
MPLADS-000264,2335730.0,2273888.64,2335730.0,0.0,1.0
MPLADS-000265,778250.52,806531.79,685991.11,92259.41000000003,0.8815
MPLADS-000266,1707699.27,1695487.54,1185536.73,522162.54000000004,0.6942
MPLADS-000267,793599.0,768524.56,543682.62,249916.38,0.6851
MPLADS-000268,1057610.93,1091628.41,730721.73,326889.19999999995,0.6909
MPLADS-000269,6584841.71,6549037.8,6069167.62,515674.08999999985,0.9217
MPLADS-000270,2589784.35,2558731.4,1726343.81,863440.54,0.6666
MPLADS-000271,1825857.11,1906919.03,1571525.12,254331.99,0.8607
MPLADS-000272,1030691.72,1023894.18,785796.26,244895.45999999996,0.7624
MPLADS-000273,189706.24,184698.08,160545.33,29160.910000000003,0.8463
MPLADS-000274,1004672.35,1005512.62,892338.18,112334.16999999993,0.8882
MPLADS-000275,1137289.3,1132018.97,1592668.81,0.0,1.4004
MPLADS-000276,2676785.54,2581298.96,2197394.41,479391.1299999999,0.8209
MPLADS-000277,5864881.51,5955732.95,4217072.77,1647808.7400000002,0.719
MPLADS-000278,5753777.64,5949029.35,5241245.86,512531.77999999933,0.9109
MPLADS-000279,563705.68,563410.07,453231.77,110473.91000000003,0.804
MPLADS-000280,764530.03,793502.39,764530.03,0.0,1.0
MPLADS-000281,239599.92,244463.64,192305.57,47294.350000000006,0.8026
MPLADS-000282,848220.72,862564.63,706083.38,142137.33999999997,0.8324
MPLADS-000283,1810436.31,1853525.81,1540080.27,270356.04000000004,0.8507
MPLADS-000284,1339043.3,1388700.55,1326140.36,12902.939999999944,0.9904
MPLADS-000285,479000.83,481804.11,479000.83,0.0,1.0
MPLADS-000286,642923.06,618378.23,465814.9,177108.16000000003,0.7245
MPLADS-000287,863127.36,823321.01,584015.91,279111.44999999995,0.6766
MPLADS-000288,2269060.16,2305883.89,1654499.66,614560.5000000002,0.7292
MPLADS-000289,951534.94,934967.08,747512.25,204022.68999999994,0.7856
MPLADS-000290,482516.52,503414.12,298283.74,184232.78000000003,0.6182
MPLADS-000291,1219654.04,1203767.11,883877.69,335776.3500000001,0.7247
MPLADS-000292,1923562.3,1837197.0,1366034.95,557527.3500000001,0.7102
MPLADS-000293,8784116.9,9097896.65,7250395.53,1533721.37,0.8254
MPLADS-000294,228779.98,230432.46,200863.92,27916.059999999998,0.878
MPLADS-000295,455639.83,462586.56,451973.58,3666.25,0.992
MPLADS-000296,3002802.28,2928848.02,2767928.53,234873.75,0.9218
MPLADS-000297,476046.99,498269.63,360003.21,116043.77999999997,0.7562
MPLADS-000298,1199892.13,1237962.84,859623.46,340268.6699999999,0.7164
MPLADS-000299,1748436.25,1803767.12,1201728.58,546707.6699999999,0.6873
MPLADS-000300,724285.91,708746.27,478647.31,245638.60000000003,0.6609
MPLADS-000301,2453717.75,2424755.89,1603908.16,849809.5900000001,0.6537
MPLADS-000302,803992.04,833756.64,792514.94,11477.100000000093,0.9857
MPLADS-000303,670346.01,677024.87,488597.22,181748.79000000004,0.7289
MPLADS-000304,547161.54,521417.86,369957.15,177204.39,0.6761
MPLADS-000305,1384115.0,1413235.12,1367085.06,17029.939999999944,0.9877
MPLADS-000306,426754.28,448036.2,390273.55,36480.73000000004,0.9145
MPLADS-000307,3690592.93,3586031.5,3690592.93,0.0,1.0
MPLADS-000308,939674.4,932454.08,910196.0,29478.400000000023,0.9686
MPLADS-000309,440872.08,427663.52,437682.38,3189.7000000000116,0.9928
MPLADS-000310,3120018.84,3019168.94,4267772.32,0.0,1.3679
MPLADS-000311,2707208.27,2794876.02,1703753.76,1003454.51,0.6293
MPLADS-000312,1142952.27,1144752.6,1113634.12,29318.149999999907,0.9743
MPLADS-000313,211658.24,203481.09,196580.65,15077.589999999997,0.9288
MPLADS-000314,1077921.17,1123101.95,805083.02,272838.1499999999,0.7469
MPLADS-000315,8637312.21,8981552.89,6149400.42,2487911.790000001,0.712
MPLADS-000316,1627528.3,1609206.83,1335424.92,292103.3800000001,0.8205
MPLADS-000317,3740072.53,3646793.92,3638435.23,101637.29999999981,0.9728
MPLADS-000318,1005937.0,1044200.6,863378.9,142558.09999999998,0.8583
MPLADS-000319,3462106.55,3446768.43,2173640.58,1288465.9699999997,0.6278
MPLADS-000320,1393500.42,1410537.08,1292220.44,101279.97999999998,0.9273
MPLADS-000321,1717328.96,1694577.32,1580876.94,136452.02000000002,0.9205
MPLADS-000322,3337213.86,3263107.51,2229400.73,1107813.13,0.668
MPLADS-000323,2813710.39,2792023.61,2010932.84,802777.55,0.7147
MPLADS-000324,449017.92,438984.32,353387.19,95630.72999999998,0.787
MPLADS-000325,423684.11,435182.86,257697.68,165986.43,0.6082
MPLADS-000326,3205552.61,3120970.3,2394026.36,811526.25,0.7468
MPLADS-000327,501251.94,487471.67,380403.49,120848.45000000001,0.7589
MPLADS-000328,228227.23,224178.24,183151.1,45076.130000000005,0.8025
MPLADS-000329,3176462.42,3105158.68,2043923.96,1132538.46,0.6435
MPLADS-000330,713648.66,716023.39,691215.55,22433.109999999986,0.9686
MPLADS-000331,2981032.29,3101702.62,2383510.94,597521.3500000001,0.7996
MPLADS-000332,1368184.18,1412919.04,1240884.79,127299.3899999999,0.907
MPLADS-000333,545514.99,541195.32,545514.99,0.0,1.0
MPLADS-000334,469180.24,470477.46,386239.37,82940.87,0.8232
MPLADS-000335,467749.72,476045.16,385027.76,82721.95999999996,0.8231
MPLADS-000336,434578.34,425420.38,415338.03,19240.309999999998,0.9557
MPLADS-000337,1025524.53,1055215.68,681551.49,343973.04000000004,0.6646
MPLADS-000338,770803.87,799911.21,729610.75,41193.119999999995,0.9466
MPLADS-000339,3093214.07,2944947.95,2985424.01,107790.06000000006,0.9652
MPLADS-000340,246386.18,249682.73,174945.8,71440.38,0.71
MPLADS-000341,2605101.19,2522377.39,2297607.93,307493.2599999998,0.882
MPLADS-000342,2286240.08,2300773.56,1510262.58,775977.5,0.6606
MPLADS-000343,3483397.69,3485508.92,2448428.51,1034969.1800000002,0.7029
MPLADS-000344,469351.6,487434.01,422413.23,46938.369999999995,0.9
MPLADS-000345,3812441.98,3816464.22,2377708.6,1434733.38,0.6237
MPLADS-000346,222404.02,229191.57,161853.3,60550.72,0.7277
MPLADS-000347,2562545.31,2542487.98,1668453.32,894091.99,0.6511
MPLADS-000348,899503.37,934209.91,845533.17,53970.19999999995,0.94
MPLADS-000349,458345.71,443936.75,325127.89,133217.82,0.7094
MPLADS-000350,773080.96,756352.77,651612.92,121468.03999999992,0.8429
MPLADS-000351,2010686.73,2027229.9,1570328.67,440358.06000000006,0.781
MPLADS-000352,1121828.56,1096527.89,1078214.57,43613.98999999999,0.9611
MPLADS-000353,492486.27,496687.61,370422.48,122063.79000000004,0.7521
MPLADS-000354,2764986.24,2896181.63,2570170.24,194816.0,0.9295
MPLADS-000355,8384236.29,8035754.68,5605066.96,2779169.33,0.6685
MPLADS-000356,2393603.11,2430479.52,2190919.6,202683.50999999978,0.9153
MPLADS-000357,1535030.37,1611031.44,1463443.53,71586.84000000008,0.9534
MPLADS-000358,1869957.2,1842280.16,1440175.21,429781.99,0.7702
MPLADS-000359,2579578.35,2676917.31,2203527.68,376050.6699999999,0.8542
MPLADS-000360,1181119.38,1203344.07,944080.29,237039.08999999985,0.7993
MPLADS-000361,3316084.09,3479341.74,3122886.82,193197.27000000002,0.9417
MPLADS-000362,3164040.37,3141666.21,3001279.0,162761.3700000001,0.9486
MPLADS-000363,678287.03,659532.57,640910.89,37376.140000000014,0.9449
MPLADS-000364,252857.4,243889.64,203861.96,48995.44,0.8062
MPLADS-000365,13970276.22,14537270.63,12173605.22,1796671.0,0.8714
MPLADS-000366,848113.06,883686.28,729220.05,118893.01000000001,0.8598
MPLADS-000367,3211982.93,3141058.7,2353083.07,858899.8600000003,0.7326
MPLADS-000368,2000055.7,2013866.59,1373513.57,626542.1299999999,0.6867
MPLADS-000369,404362.14,402444.25,327257.2,77104.94,0.8093
MPLADS-000370,3955641.96,3822009.72,2419923.75,1535718.21,0.6118
MPLADS-000371,683774.46,673446.19,551939.06,131835.3999999999,0.8072
MPLADS-000372,252689.67,256942.37,159079.53,93610.14000000001,0.6295
MPLADS-000373,2161537.57,2117116.2,3034407.23,0.0,1.4038
MPLADS-000374,675062.02,695303.18,666687.11,8374.910000000033,0.9876
MPLADS-000375,492158.38,502214.77,658920.88,0.0,1.3388
MPLADS-000376,5006180.54,5105756.01,4733414.06,272766.48000000045,0.9455
MPLADS-000377,2914102.54,2905540.59,2739256.39,174846.1499999999,0.94
MPLADS-000378,1866301.25,1839116.78,1147213.05,719088.2,0.6147
MPLADS-000379,221009.58,228853.58,202009.43,19000.149999999994,0.914
MPLADS-000380,3777076.58,3636847.51,3072588.05,704488.5300000003,0.8135
MPLADS-000381,2831220.37,2813331.09,2128338.38,702881.9900000002,0.7517
MPLADS-000382,2298259.88,2213753.73,1655672.89,642586.99,0.7204
MPLADS-000383,799074.94,819354.11,677690.96,121383.97999999998,0.8481
MPLADS-000384,2967477.67,3093566.0,2376047.09,591430.5800000001,0.8007
MPLADS-000385,2016691.19,2016166.08,2005979.03,10712.159999999916,0.9947
MPLADS-000386,2408893.55,2308339.85,1550872.91,858020.6399999999,0.6438
MPLADS-000387,8931201.88,9004301.41,6509463.0,2421738.880000001,0.7288
MPLADS-000388,7552050.41,7400231.91,5544100.87,2007949.54,0.7341
MPLADS-000389,755236.87,763688.2,453782.12,301454.75,0.6008
MPLADS-000390,1683949.82,1678567.53,1366927.51,317022.31000000006,0.8117
MPLADS-000391,242042.42,232233.45,188252.75,53789.67000000001,0.7778
MPLADS-000392,2762695.9,2895997.77,2395540.22,367155.6799999997,0.8671
MPLADS-000393,821799.48,822434.98,529863.44,291936.04000000004,0.6448
MPLADS-000394,521717.16,528849.4,324276.16,197441.0,0.6216
MPLADS-000395,2174378.01,2149415.59,2043915.33,130462.6799999997,0.94
MPLADS-000396,1231028.43,1226947.13,881706.12,349322.30999999994,0.7162
MPLADS-000397,8926499.85,8803150.74,5405600.89,3520898.96,0.6056
MPLADS-000398,3175182.51,3143301.21,2610867.08,564315.4299999997,0.8223
MPLADS-000399,3051075.7,3048695.09,2238221.66,812854.04,0.7336
MPLADS-000400,1762822.21,1768168.16,1335197.47,427624.74,0.7574
MPLADS-000401,451935.86,459846.36,424819.71,27116.149999999965,0.94
MPLADS-000402,678602.52,709364.88,604921.59,73680.93000000005,0.8914
MPLADS-000403,3005871.46,2996257.75,2525278.15,480593.31000000006,0.8401
MPLADS-000404,245826.98,248934.99,245826.98,0.0,1.0
MPLADS-000405,208564.18,217182.94,128482.43,80081.75,0.616
MPLADS-000406,2870227.88,2773614.11,2582053.54,288174.33999999985,0.8996
MPLADS-000407,971652.52,925012.62,784037.19,187615.33000000007,0.8069
MPLADS-000408,1989060.0,1889860.08,1871457.29,117602.70999999996,0.9409
MPLADS-000409,1098062.01,1044926.21,973360.83,124701.18000000005,0.8864
MPLADS-000410,2706735.36,2603052.89,2291018.13,415717.23,0.8464
MPLADS-000411,483570.83,485313.51,454556.58,29014.25,0.94
MPLADS-000412,971700.04,1004294.32,783972.95,187727.09000000008,0.8068
MPLADS-000413,719619.58,717763.36,600453.88,119165.69999999995,0.8344
MPLADS-000414,1144952.42,1136564.12,906353.98,238598.43999999994,0.7916
MPLADS-000415,1559626.94,1586670.05,985181.48,574445.46,0.6317
MPLADS-000416,3432230.11,3353483.74,2859883.55,572346.56,0.8332
MPLADS-000417,3300794.87,3172797.33,3068192.12,232602.75,0.9295
MPLADS-000418,526474.67,541023.65,357892.59,168582.08000000002,0.6798
MPLADS-000419,2007764.77,1924319.48,1684843.71,322921.06000000006,0.8392
MPLADS-000420,473916.83,473372.76,439822.7,34094.130000000005,0.9281
MPLADS-000421,3904123.51,4098083.13,4889520.13,0.0,1.2524
MPLADS-000422,3047470.0,3035253.69,2387009.5,660460.5,0.7833
MPLADS-000423,6610198.5,6466350.68,4877194.71,1733003.79,0.7378
MPLADS-000424,2517169.0,2607419.97,2361780.98,155388.02000000002,0.9383
MPLADS-000425,1073508.28,1107685.11,788170.99,285337.29000000004,0.7342
MPLADS-000426,1037147.6,1044240.59,1486058.46,0.0,1.4328
MPLADS-000427,828780.8,805606.42,1030441.24,0.0,1.2433
MPLADS-000428,731730.67,702162.12,937929.37,0.0,1.2818
MPLADS-000429,2962252.35,3109164.7,2541294.48,420957.8700000001,0.8579
MPLADS-000430,1124112.83,1142277.98,1104228.0,19884.830000000075,0.9823
MPLADS-000431,3236463.59,3211405.76,2150795.42,1085668.17,0.6646
MPLADS-000432,2629848.31,2516863.06,2433344.12,196504.18999999994,0.9253
MPLADS-000433,862173.24,875713.18,840073.26,22099.97999999998,0.9744
MPLADS-000434,1940192.87,1920974.6,1451529.61,488663.26,0.7481
MPLADS-000435,498288.11,474751.56,329572.4,168715.70999999996,0.6614
MPLADS-000436,1145052.4,1191437.83,1121365.72,23686.679999999935,0.9793
MPLADS-000437,1261810.66,1220094.43,1058062.68,203747.97999999998,0.8385
MPLADS-000438,2750187.79,2683450.01,1821550.24,928637.55,0.6623
MPLADS-000439,1056657.53,1074472.05,1008383.01,48274.52000000002,0.9543
MPLADS-000440,3598127.01,3713959.62,3538053.13,60073.87999999989,0.9833
MPLADS-000441,461098.06,455497.33,386879.78,74218.27999999997,0.839
MPLADS-000442,1877472.88,1935120.47,1585990.52,291482.35999999987,0.8447
MPLADS-000443,3485436.86,3457525.78,3369579.12,115857.73999999976,0.9668
MPLADS-000444,1792474.58,1842889.2,1769094.04,23380.540000000037,0.987
MPLADS-000445,2513858.95,2545084.57,1954233.68,559625.2700000003,0.7774
MPLADS-000446,800084.94,789433.28,579152.84,220932.09999999998,0.7239
MPLADS-000447,645363.52,618943.82,540201.47,105162.05000000005,0.837
MPLADS-000448,463613.11,460289.33,335037.54,128575.57,0.7227
MPLADS-000449,711896.96,715925.96,510700.63,201196.32999999996,0.7174
MPLADS-000450,640090.8,647648.52,406708.4,233382.40000000002,0.6354
MPLADS-000451,725296.43,739057.72,488932.28,236364.15000000002,0.6741
MPLADS-000452,406255.5,417618.67,384474.25,21781.25,0.9464
MPLADS-000453,3159426.3,3253864.77,3077461.76,81964.54000000004,0.9741
MPLADS-000454,1926506.17,1865328.74,1688913.51,237592.65999999992,0.8767
MPLADS-000455,3798074.23,3880721.79,2602719.69,1195354.54,0.6853
MPLADS-000456,2306445.22,2304791.61,2149559.98,156885.24000000022,0.932
MPLADS-000457,390249.92,397782.83,268614.07,121635.84999999998,0.6883
MPLADS-000458,676462.01,667380.2,538941.87,137520.14,0.7967
MPLADS-000459,1981068.79,2013129.68,1900986.8,80081.98999999999,0.9596
MPLADS-000460,430999.44,421403.5,353691.14,77308.29999999999,0.8206
MPLADS-000461,2579445.7,2510998.79,2042754.52,536691.1800000002,0.7919
MPLADS-000462,528699.37,546311.92,480720.98,47978.390000000014,0.9093
MPLADS-000463,202613.25,199553.13,195343.56,7269.690000000002,0.9641
MPLADS-000464,848386.98,807520.95,847724.78,662.1999999999534,0.9992
MPLADS-000465,413919.78,425121.73,354978.03,58941.75,0.8576
MPLADS-000466,801940.46,807922.16,535773.05,266167.4099999999,0.6681
MPLADS-000467,1026754.0,1050652.73,673502.79,353251.20999999996,0.656
MPLADS-000468,1600384.42,1630626.69,997614.05,602770.3699999999,0.6234
MPLADS-000469,7437356.22,7195533.21,5900318.73,1537037.4899999993,0.7933
MPLADS-000470,2734379.01,2775620.29,2570316.27,164062.73999999976,0.94
MPLADS-000471,828904.32,839272.29,757876.56,71027.7599999999,0.9143
MPLADS-000472,940536.71,912253.76,676182.19,264354.52,0.7189
MPLADS-000473,1952008.98,1910010.03,1398805.98,553203.0,0.7166
MPLADS-000474,2592872.76,2667677.27,2589023.5,3849.2599999997765,0.9985
MPLADS-000475,234598.25,234997.35,213402.9,21195.350000000006,0.9097
MPLADS-000476,717582.84,715133.15,690610.22,26972.619999999995,0.9624
MPLADS-000477,2175797.68,2181421.96,1456582.75,719214.9300000002,0.6694
MPLADS-000478,756682.44,722838.0,571865.12,184817.31999999995,0.7558
MPLADS-000479,4006321.36,3888155.43,2647324.9,1358996.46,0.6608
MPLADS-000480,801087.59,832901.01,721887.29,79200.29999999993,0.9011
MPLADS-000481,7648375.72,7944217.59,6257602.93,1390772.79,0.8182
MPLADS-000482,2710527.89,2813634.75,2704001.57,6526.320000000298,0.9976
MPLADS-000483,438388.57,417156.33,383895.24,54493.330000000016,0.8757
MPLADS-000484,1830766.32,1810944.08,1503753.69,327012.6300000001,0.8214
MPLADS-000485,1119554.19,1104467.91,720093.03,399461.1599999999,0.6432
MPLADS-000486,8549370.09,8598906.83,6591114.1,1958255.9900000002,0.7709
MPLADS-000487,3165519.1,3120008.85,3075877.91,89641.18999999994,0.9717
MPLADS-000488,800616.96,771462.45,644642.85,155974.11,0.8052
MPLADS-000489,2427121.79,2537232.45,1530656.19,896465.6000000001,0.6306
MPLADS-000490,1359013.13,1368587.63,1247139.54,111873.58999999985,0.9177
MPLADS-000491,1628135.93,1674923.04,1433006.7,195129.22999999998,0.8802
MPLADS-000492,446817.11,461830.29,292751.56,154065.55,0.6552
MPLADS-000493,547758.2,565399.6,378642.09,169116.10999999993,0.6913
MPLADS-000494,2997761.83,3107396.28,2997761.83,0.0,1.0
MPLADS-000495,3047695.15,2946626.88,2910944.78,136750.3700000001,0.9551
MPLADS-000496,1117704.73,1149306.88,693674.37,424030.36,0.6206
MPLADS-000497,1228814.01,1270429.0,1649904.56,0.0,1.3427
MPLADS-000498,442974.84,443425.03,416396.35,26578.49000000005,0.94
MPLADS-000499,793967.04,830664.1,501306.78,292660.26,0.6314
MPLADS-000500,3663847.32,3733955.57,2828482.68,835364.6399999997,0.772
MPLADS-000501,243965.73,247170.24,216990.09,26975.640000000014,0.8894
MPLADS-000502,2365247.74,2399217.47,2030719.52,334528.2200000002,0.8586
MPLADS-000503,2799592.98,2752729.81,2583511.0,216081.97999999998,0.9228
MPLADS-000504,1889693.07,1860663.41,1735447.57,154245.5,0.9184
MPLADS-000505,3036323.03,2903016.8,2854143.65,182179.3799999999,0.94
MPLADS-000506,675965.66,677109.02,635407.72,40557.94000000006,0.94
MPLADS-000507,1033965.03,1062351.92,675148.54,358816.49,0.653
MPLADS-000508,1706810.31,1738292.34,1066412.95,640397.3600000001,0.6248
MPLADS-000509,456064.15,448699.94,285160.18,170903.97000000003,0.6253
MPLADS-000510,796428.7,794324.42,559610.32,236818.38,0.7026
MPLADS-000511,1212984.22,1204334.28,781493.13,431491.08999999997,0.6443
MPLADS-000512,1261028.19,1305779.36,1105923.89,155104.30000000005,0.877
MPLADS-000513,703899.59,693669.67,924068.43,0.0,1.3128
MPLADS-000514,454409.03,449181.4,448939.95,5469.080000000016,0.988
MPLADS-000515,3639916.84,3704521.57,3107134.67,532782.1699999999,0.8536
MPLADS-000516,1030505.52,1047931.99,830880.09,199625.43000000005,0.8063
MPLADS-000517,561743.27,588091.09,372811.36,188931.91000000003,0.6637
MPLADS-000518,2060864.03,1967418.02,1503612.64,557251.3900000001,0.7296
MPLADS-000519,562679.05,555280.04,351521.92,211157.13000000006,0.6247
MPLADS-000520,2335273.18,2357484.62,1962409.45,372863.7300000002,0.8403
MPLADS-000521,191918.52,185962.95,146721.94,45196.57999999999,0.7645
MPLADS-000522,2035346.29,2080869.24,1339106.88,696239.4100000001,0.6579
MPLADS-000523,3035816.13,3147812.72,2419310.16,616505.9699999997,0.7969
MPLADS-000524,3089642.64,3216985.52,2262130.64,827512.0,0.7322
MPLADS-000525,555203.56,559923.66,554247.77,955.7900000000373,0.9983
MPLADS-000526,433943.71,437007.44,407907.09,26036.619999999995,0.94
MPLADS-000527,2754689.42,2784750.94,2037091.76,717597.6599999999,0.7395
MPLADS-000528,3749193.25,3755042.28,3135339.86,613853.3900000001,0.8363
MPLADS-000529,189631.09,181086.16,168233.69,21397.399999999994,0.8872
MPLADS-000530,438379.54,420441.51,377170.31,61209.22999999998,0.8604
MPLADS-000531,805552.31,766860.24,602582.84,202969.4700000001,0.748
MPLADS-000532,1133049.4,1117121.74,1020681.01,112368.3899999999,0.9008
MPLADS-000533,1173031.43,1117479.29,1118283.18,54748.25,0.9533
MPLADS-000534,663408.69,676560.02,442485.63,220923.05999999994,0.667
MPLADS-000535,1079777.0,1044509.53,854062.6,225714.40000000002,0.791
MPLADS-000536,3497370.88,3601353.07,2179350.86,1318020.02,0.6231
MPLADS-000537,213898.26,223329.0,211400.18,2498.0800000000163,0.9883
MPLADS-000538,206461.44,212354.74,201115.69,5345.75,0.9741
MPLADS-000539,194628.34,191613.93,170113.64,24514.699999999983,0.874
MPLADS-000540,933207.25,960824.4,917199.0,16008.25,0.9828
MPLADS-000541,501505.82,519363.37,666647.8,0.0,1.3293
MPLADS-000542,692266.54,719940.48,576198.36,116068.18000000005,0.8323
MPLADS-000543,763117.86,756443.92,694200.09,68917.77000000002,0.9097
MPLADS-000544,1921503.48,2010035.8,1213324.26,708179.22,0.6314
MPLADS-000545,446907.9,463085.94,361889.38,85018.52000000002,0.8098
MPLADS-000546,3825330.68,3874522.49,3605331.94,219998.74000000022,0.9425
MPLADS-000547,397334.23,413795.61,263430.79,133903.44,0.663
MPLADS-000548,238951.13,249348.4,223304.15,15646.98000000001,0.9345
MPLADS-000549,2652148.81,2701890.72,1749870.3,902278.51,0.6598
MPLADS-000550,964285.05,992627.02,778898.73,185386.32000000007,0.8077
MPLADS-000551,553574.09,571018.46,385130.95,168443.13999999996,0.6957
MPLADS-000552,214522.3,206978.08,157254.54,57267.75999999998,0.733
MPLADS-000553,1315993.49,1278613.93,1315993.49,0.0,1.0
MPLADS-000554,1315918.96,1281497.87,1136795.77,179123.18999999994,0.8639
MPLADS-000555,978152.04,976912.7,1375824.69,0.0,1.4066
MPLADS-000556,229586.06,219331.96,166587.85,62998.20999999999,0.7256
MPLADS-000557,1242199.03,1246073.82,1225532.22,16666.810000000056,0.9866
MPLADS-000558,9785975.95,9583927.07,8512644.5,1273331.4499999993,0.8699
MPLADS-000559,2483102.13,2509081.08,1578228.97,904873.1599999999,0.6356
MPLADS-000560,753624.58,742261.47,648652.1,104972.47999999998,0.8607
MPLADS-000561,976656.81,994772.06,926598.78,50058.03000000003,0.9487
MPLADS-000562,3468204.07,3479755.4,3429883.96,38320.10999999987,0.989
MPLADS-000563,1585745.25,1523552.34,1203239.43,382505.82000000007,0.7588
MPLADS-000564,2608022.61,2717302.31,2212156.58,395866.0299999998,0.8482
MPLADS-000565,11635136.71,11861720.74,9043118.35,2592018.3600000013,0.7772
MPLADS-000566,2178916.87,2130757.92,1749993.64,428923.2300000002,0.8031
MPLADS-000567,241026.19,230801.98,199954.58,41071.610000000015,0.8296
MPLADS-000568,207483.95,207660.07,186152.03,21331.920000000013,0.8972
MPLADS-000569,2850458.34,2762894.8,1976479.47,873978.8699999999,0.6934
MPLADS-000570,452012.21,444303.1,272096.24,179915.97000000003,0.602
MPLADS-000571,3389404.4,3514197.18,3326799.59,62604.810000000056,0.9815
MPLADS-000572,1301210.57,1248483.62,942185.49,359025.0800000001,0.7241
MPLADS-000573,715252.11,740748.08,654785.74,60466.369999999995,0.9155
MPLADS-000574,2490223.36,2424831.82,3125532.26,0.0,1.2551
MPLADS-000575,446220.74,460557.88,389407.45,56813.28999999998,0.8727
MPLADS-000576,818007.81,844088.27,691845.85,126161.96000000008,0.8458
MPLADS-000577,3091102.46,2939713.07,2183175.39,907927.0699999998,0.7063
MPLADS-000578,1533387.61,1578714.01,1491103.13,42284.480000000214,0.9724
MPLADS-000579,574154.79,549423.9,400601.84,173552.95,0.6977
MPLADS-000580,3386139.68,3367924.21,2760454.9,625684.7800000003,0.8152
MPLADS-000581,2022237.34,1932471.83,1509407.19,512830.15000000014,0.7464
MPLADS-000582,496166.77,508467.25,378073.49,118093.28000000003,0.762
MPLADS-000583,1999750.34,2087167.08,1879072.84,120677.5,0.9397
MPLADS-000584,1950923.01,1929626.81,1235751.8,715171.21,0.6334
MPLADS-000585,845466.62,846350.39,601850.95,243615.67000000004,0.7119
MPLADS-000586,243791.66,233542.54,235658.41,8133.25,0.9666
MPLADS-000587,2241670.15,2273747.74,2203423.53,38246.62000000011,0.9829
MPLADS-000588,711729.08,708959.16,492090.73,219638.34999999998,0.6914
MPLADS-000589,1615639.51,1589236.09,2100640.34,0.0,1.3002
MPLADS-000590,789618.65,766558.72,675964.04,113654.60999999999,0.8561
MPLADS-000591,2870756.18,2939760.08,3764060.74,0.0,1.3112
MPLADS-000592,1944359.67,1966206.19,1202402.67,741957.0,0.6184
MPLADS-000593,2513556.36,2567447.89,1867171.4,646384.96,0.7428
MPLADS-000594,1621298.74,1608591.01,1541576.78,79721.95999999996,0.9508
MPLADS-000595,1107961.19,1111632.51,788544.1,319417.08999999997,0.7117
MPLADS-000596,819648.15,838809.55,503309.49,316338.66000000003,0.6141
MPLADS-000597,1381013.07,1428099.25,1009550.9,371462.17000000004,0.731
MPLADS-000598,3468272.34,3504870.95,3037799.16,430473.1799999997,0.8759
MPLADS-000599,1112048.2,1144849.22,965312.41,146735.78999999992,0.868
MPLADS-000600,651740.8,660899.61,573576.45,78164.3500000001,0.8801
MPLADS-000601,570977.73,572763.87,509704.81,61272.919999999984,0.8927
MPLADS-000602,519738.05,495538.55,428363.05,91375.0,0.8242
MPLADS-000603,1021532.65,970881.2,750960.37,270572.28,0.7351
MPLADS-000604,12874007.81,12766963.93,9259396.09,3614611.7200000007,0.7192
MPLADS-000605,233344.34,228691.7,163190.44,70153.9,0.6994
MPLADS-000606,661383.12,675613.99,413482.82,247900.3,0.6252
MPLADS-000607,1824320.77,1775467.59,1790460.44,33860.330000000075,0.9814
MPLADS-000608,2591798.66,2630703.68,1649425.93,942372.7300000002,0.6364
MPLADS-000609,473180.28,489496.09,317059.37,156120.91000000003,0.6701
MPLADS-000610,914355.1,895509.92,768079.1,146276.0,0.84
MPLADS-000611,2557683.1,2502602.71,1976986.95,580696.1500000001,0.773
MPLADS-000612,2748749.27,2842880.35,3863202.5,0.0,1.4054
MPLADS-000613,792401.72,820983.9,1072303.75,0.0,1.3532
MPLADS-000614,3993820.75,4148395.18,3958133.6,35687.14999999991,0.9911
MPLADS-000615,2808371.06,2678752.09,1981799.51,826571.55,0.7057
MPLADS-000616,584495.02,602312.15,465799.4,118695.62,0.7969
MPLADS-000617,497388.65,501042.4,317793.91,179594.74000000005,0.6389
MPLADS-000618,239137.91,229674.75,152231.73,86906.18,0.6366
MPLADS-000619,766256.79,748973.49,511293.69,254963.10000000003,0.6673
MPLADS-000620,2843967.94,2909377.08,2076875.89,767092.05,0.7303
MPLADS-000621,2846415.5,2911064.67,3500481.63,0.0,1.2298
MPLADS-000622,638401.82,608277.62,383405.95,254995.86999999994,0.6006
MPLADS-000623,2618263.65,2638757.1,2600914.52,17349.12999999989,0.9934
MPLADS-000624,212471.08,213070.38,169000.63,43470.44999999998,0.7954
MPLADS-000625,251116.04,262411.78,239114.32,12001.720000000001,0.9522
MPLADS-000626,222703.74,216917.75,187322.1,35381.639999999985,0.8411
MPLADS-000627,3738995.69,3627685.17,3615036.81,123958.87999999989,0.9668
MPLADS-000628,823661.18,796121.44,671018.01,152643.17000000004,0.8147
MPLADS-000629,3324308.15,3462237.61,3324308.15,0.0,1.0
MPLADS-000630,557897.72,572770.85,375345.22,182552.5,0.6728
MPLADS-000631,1045458.04,994088.56,717270.54,328187.5,0.6861
MPLADS-000632,2782984.2,2823391.55,1719080.19,1063904.0100000002,0.6177
MPLADS-000633,2685253.96,2668030.97,2427886.44,257367.52000000002,0.9042
MPLADS-000634,455357.61,452677.42,296311.9,159045.70999999996,0.6507
MPLADS-000635,831894.52,820064.29,563096.0,268798.52,0.6769
MPLADS-000636,450726.47,441705.36,581534.44,0.0,1.2902
MPLADS-000637,826617.28,801275.47,725756.99,100860.29000000004,0.878
MPLADS-000638,841244.36,831906.21,610201.38,231042.97999999998,0.7254
MPLADS-000639,902576.27,910039.81,1260008.6,0.0,1.396
MPLADS-000640,227681.38,218001.47,307690.62,0.0,1.3514
MPLADS-000641,512979.57,496843.42,321958.12,191021.45,0.6276
MPLADS-000642,3998509.67,3894281.98,3789240.33,209269.33999999985,0.9477
MPLADS-000643,861583.81,853274.66,642538.97,219044.84000000008,0.7458
MPLADS-000644,1350606.01,1311060.22,1300235.49,50370.52000000002,0.9627
MPLADS-000645,447809.26,435765.77,446532.53,1276.7299999999814,0.9971
MPLADS-000646,703613.02,735301.28,628956.15,74656.87,0.8939
MPLADS-000647,2439875.19,2469373.51,1971905.27,467969.9199999999,0.8082
MPLADS-000648,1333997.6,1331432.94,925497.63,408499.9700000001,0.6938
MPLADS-000649,509957.89,526479.37,322686.13,187271.76,0.6328
MPLADS-000650,1562737.51,1555264.13,1180419.02,382318.49,0.7554
MPLADS-000651,2335391.67,2331057.0,1488466.06,846925.6099999999,0.6374
MPLADS-000652,772181.63,766963.99,725850.73,46330.90000000002,0.94
MPLADS-000653,404675.29,408673.91,391489.69,13185.599999999977,0.9674
MPLADS-000654,1686571.33,1660619.67,1662758.61,23812.719999999972,0.9859
MPLADS-000655,235436.29,232070.68,156564.3,78871.99000000002,0.665
MPLADS-000656,449380.22,429274.17,298403.78,150976.43999999994,0.664
MPLADS-000657,2376017.58,2474228.54,1649078.19,726939.3900000001,0.6941
MPLADS-000658,558622.1,564942.47,517917.97,40704.130000000005,0.9271
MPLADS-000659,1697740.53,1713615.66,1359615.29,338125.24,0.8008
MPLADS-000660,1988181.43,2028571.72,1385958.24,602223.19,0.6971
MPLADS-000661,226642.41,225456.24,154331.14,72311.26999999999,0.6809
MPLADS-000662,494413.8,477770.73,405983.92,88429.88,0.8211
MPLADS-000663,473681.24,481728.03,444471.22,29210.02000000002,0.9383
MPLADS-000664,234923.4,233534.24,214137.74,20785.660000000003,0.9115
MPLADS-000665,829181.31,841484.15,583901.14,245280.17000000004,0.7042
MPLADS-000666,745421.05,716061.4,449506.14,295914.91000000003,0.603
MPLADS-000667,206580.26,204112.71,154288.32,52291.94,0.7469
MPLADS-000668,1668255.77,1709142.37,1299687.14,368568.6300000001,0.7791
MPLADS-000669,1985486.7,1962059.73,1979417.37,6069.329999999842,0.9969
MPLADS-000670,1973360.11,1920463.24,1578623.36,394736.75,0.8
MPLADS-000671,923819.89,903442.76,680113.61,243706.28000000003,0.7362
MPLADS-000672,769006.1,776718.36,684055.96,84950.14000000001,0.8895
MPLADS-000673,949202.37,959863.68,813527.3,135675.06999999995,0.8571
MPLADS-000674,760523.36,744415.99,456611.88,303911.48,0.6004
MPLADS-000675,822054.36,812027.75,635271.52,186782.83999999997,0.7728
MPLADS-000676,2833874.92,2823941.46,1759481.1,1074393.8199999998,0.6209
MPLADS-000677,1159903.96,1166384.66,1084290.27,75613.68999999994,0.9348
MPLADS-000678,709882.02,726378.42,667289.1,42592.92000000004,0.94
MPLADS-000679,994374.22,953622.85,663453.44,330920.78,0.6672
MPLADS-000680,518351.22,516160.13,458181.77,60169.44999999995,0.8839
MPLADS-000681,8393237.18,8230956.79,8268581.5,124655.6799999997,0.9851
MPLADS-000682,481327.39,460915.02,460014.38,21313.01000000001,0.9557
MPLADS-000683,2149609.41,2050910.73,2060477.98,89131.43000000017,0.9585
MPLADS-000684,438356.25,446227.44,278583.3,159772.95,0.6355
MPLADS-000685,873304.1,876032.74,800011.4,73292.69999999995,0.9161
MPLADS-000686,1534197.1,1594844.44,1323538.21,210658.89000000013,0.8627
MPLADS-000687,3381865.01,3279049.16,2846202.07,535662.94,0.8416
MPLADS-000688,499136.85,479878.17,499136.85,0.0,1.0
MPLADS-000689,2808610.11,2890792.33,2533260.39,275349.71999999974,0.902
MPLADS-000690,207547.43,202191.77,162822.58,44724.850000000006,0.7845
MPLADS-000691,788563.12,784512.89,548573.53,239989.58999999997,0.6957
MPLADS-000692,804505.04,808950.91,757279.78,47225.26000000001,0.9413
MPLADS-000693,2390764.31,2373486.17,1759376.67,631387.6400000001,0.7359
MPLADS-000694,3816052.29,3773706.86,2604550.54,1211501.75,0.6825
MPLADS-000695,443053.36,430681.73,287445.19,155608.16999999998,0.6488
MPLADS-000696,681304.57,684869.27,513617.33,167687.23999999993,0.7539
MPLADS-000697,2418801.06,2322481.28,1732839.33,685961.73,0.7164
MPLADS-000698,1300674.98,1342183.07,1060431.69,240243.29000000004,0.8153
MPLADS-000699,2398499.9,2497924.72,2260049.71,138450.18999999994,0.9423
MPLADS-000700,1173092.55,1203455.14,1134077.74,39014.810000000056,0.9667
MPLADS-000701,3948528.78,4105287.68,3711617.05,236911.72999999998,0.94
MPLADS-000702,3568424.27,3591216.58,2221196.41,1347227.8599999999,0.6225
MPLADS-000703,440820.71,462540.22,286671.17,154149.54000000004,0.6503
MPLADS-000704,448382.74,440756.44,375064.56,73318.18,0.8365
MPLADS-000705,1350732.5,1311435.38,829052.2,521680.30000000005,0.6138
MPLADS-000706,2854291.85,2854336.3,2172538.4,681753.4500000002,0.7611
MPLADS-000707,2982283.77,3067951.45,1967909.57,1014374.2,0.6599
MPLADS-000708,239374.94,229076.22,169708.49,69666.45000000001,0.709
MPLADS-000709,1596687.38,1632527.83,1348176.91,248510.46999999997,0.8444
MPLADS-000710,1729906.29,1657452.59,1693490.78,36415.51000000001,0.9789
MPLADS-000711,703888.65,681481.35,693361.58,10527.070000000065,0.985
MPLADS-000712,466873.99,446903.58,394798.29,72075.70000000001,0.8456
MPLADS-000713,2144548.67,2185977.76,2092160.41,52388.26000000001,0.9756
MPLADS-000714,1060013.08,1109001.98,1029460.1,30552.980000000098,0.9712
MPLADS-000715,842797.56,878624.09,641844.2,200953.3600000001,0.7616
MPLADS-000716,828870.12,842777.55,751694.26,77175.85999999999,0.9069
MPLADS-000717,1325128.09,1349072.65,1245620.4,79507.69000000018,0.94
MPLADS-000718,988229.05,959005.9,953124.6,35104.45000000007,0.9645
MPLADS-000719,438948.81,445762.72,350762.62,88186.19,0.7991
MPLADS-000720,1371724.64,1407574.07,1093132.12,278592.5199999998,0.7969
MPLADS-000721,482439.96,487069.48,345921.59,136518.37,0.717
MPLADS-000722,1130421.5,1152816.06,973735.23,156686.27000000002,0.8614
MPLADS-000723,519231.96,529193.75,463783.74,55448.22000000003,0.8932
MPLADS-000724,3476222.8,3441566.51,2522907.54,953315.2599999998,0.7258
MPLADS-000725,1284234.85,1255296.73,1243239.17,40995.68000000017,0.9681
MPLADS-000726,811454.65,845692.97,762767.37,48687.28000000003,0.94
MPLADS-000727,1365480.26,1346064.83,1213562.02,151918.24,0.8887
MPLADS-000728,7167007.57,7149372.02,5506023.49,1660984.08,0.7682
MPLADS-000729,1753185.99,1690807.85,1368008.67,385177.32000000007,0.7803
MPLADS-000730,2574155.25,2557590.68,2452777.48,121377.77000000002,0.9528
MPLADS-000731,3621846.92,3631588.9,2828462.09,793384.8300000001,0.7809
MPLADS-000732,11615536.75,11669950.38,10930681.55,684855.1999999993,0.941
MPLADS-000733,3813886.53,3854939.5,2772072.3,1041814.23,0.7268
MPLADS-000734,440591.22,449584.96,333988.44,106602.77999999997,0.758
MPLADS-000735,907708.89,895282.93,891501.29,16207.599999999977,0.9821
MPLADS-000736,3813043.37,3818842.78,3660980.63,152062.74000000022,0.9601
MPLADS-000737,459419.97,459571.89,442002.1,17417.869999999995,0.9621
MPLADS-000738,1616899.14,1570863.81,1404001.06,212898.07999999984,0.8683
MPLADS-000739,2979081.22,3004134.96,1847500.48,1131580.7400000002,0.6202
MPLADS-000740,1282854.97,1288709.62,1247356.96,35498.01000000001,0.9723
MPLADS-000741,1094925.11,1102831.95,764297.9,330627.2100000001,0.698
MPLADS-000742,462675.21,459679.52,381659.74,81015.47000000003,0.8249
MPLADS-000743,398376.28,380883.25,269847.16,128529.12000000005,0.6774
MPLADS-000744,564053.76,559414.21,356933.25,207120.51,0.6328
MPLADS-000745,3048710.85,2973772.32,2865788.2,182922.6499999999,0.94
MPLADS-000746,1247622.13,1279030.41,1172764.8,74857.32999999984,0.94
MPLADS-000747,2418183.59,2351712.32,1673759.81,744423.7799999998,0.6922
MPLADS-000748,826176.03,799297.79,805889.64,20286.390000000014,0.9754
MPLADS-000749,217968.17,219779.16,207938.5,10029.670000000013,0.954
MPLADS-000750,3132609.08,3280485.45,2526094.98,606514.1000000001,0.8064
MPLADS-000751,2793930.38,2905894.39,1927012.17,866918.21,0.6897
MPLADS-000752,541065.42,522255.63,508601.49,32463.93000000005,0.94
MPLADS-000753,779268.65,745344.26,660238.48,119030.17000000004,0.8473
MPLADS-000754,3413704.92,3366271.93,3356212.54,57492.37999999989,0.9832
MPLADS-000755,433582.13,426876.57,366630.19,66951.94,0.8456
MPLADS-000756,217496.96,221770.88,204447.14,13049.819999999978,0.94
MPLADS-000757,865055.81,892525.14,781788.12,83267.69000000006,0.9037
MPLADS-000758,754154.8,720605.83,529919.46,224235.34000000008,0.7027
MPLADS-000759,832241.42,824684.66,591309.12,240932.30000000005,0.7105
MPLADS-000760,403433.3,414240.65,265793.65,137639.64999999997,0.6588
MPLADS-000761,486055.71,470882.42,434913.48,51142.23000000004,0.8948
MPLADS-000762,780190.04,747383.21,497229.34,282960.7,0.6373
MPLADS-000763,526256.04,514118.05,428190.63,98065.41000000003,0.8137
MPLADS-000764,1880384.97,1854589.02,1581716.59,298668.3799999999,0.8412
MPLADS-000765,2680896.68,2752810.12,2664606.03,16290.650000000373,0.9939
MPLADS-000766,203504.57,202292.47,201592.07,1912.5,0.9906
MPLADS-000767,1930319.13,1917829.93,1570034.95,360284.17999999993,0.8134
MPLADS-000768,777802.19,804079.72,739285.6,38516.58999999997,0.9505
MPLADS-000769,968476.45,952076.04,590083.79,378392.6599999999,0.6093
MPLADS-000770,3387384.81,3540201.7,3050174.36,337210.4500000002,0.9005
MPLADS-000771,1154121.56,1195743.81,886515.78,267605.78,0.7681
MPLADS-000772,2954861.89,2966011.84,1818262.38,1136599.5100000002,0.6153
MPLADS-000773,1158516.36,1198344.97,832968.92,325547.44000000006,0.719
MPLADS-000774,3679571.79,3807191.11,3383310.78,296261.01000000024,0.9195
MPLADS-000775,224696.77,222812.15,164016.63,60680.139999999985,0.7299
MPLADS-000776,235719.86,240817.18,191416.31,44303.54999999999,0.812
MPLADS-000777,516317.66,521299.17,372522.76,143794.89999999997,0.7215
MPLADS-000778,550165.71,545450.33,469521.1,80644.60999999999,0.8534
MPLADS-000779,5216095.77,5397797.93,4467939.11,748156.6599999992,0.8566
MPLADS-000780,1865658.09,1853964.51,1498160.19,367497.90000000014,0.803
MPLADS-000781,1914345.62,1928667.45,1231321.03,683024.5900000001,0.6432
MPLADS-000782,2052683.19,2037718.59,1563104.04,489579.1499999999,0.7615
MPLADS-000783,620666.45,625849.37,561962.29,58704.159999999916,0.9054
MPLADS-000784,2135919.25,2197605.89,1710980.41,424938.8400000001,0.8011
MPLADS-000785,222488.49,230131.47,161693.06,60795.42999999999,0.7267
MPLADS-000786,588788.08,578617.4,375125.82,213662.25999999995,0.6371
MPLADS-000787,1473481.86,1501132.95,1051902.45,421579.41000000015,0.7139
MPLADS-000788,8415087.94,8798455.45,7150680.73,1264407.209999999,0.8497
MPLADS-000789,1796175.86,1786863.2,1702633.86,93542.0,0.9479
MPLADS-000790,500338.55,507982.81,500338.55,0.0,1.0
MPLADS-000791,3587478.34,3559569.82,2739553.49,847924.8499999996,0.7636
MPLADS-000792,2029213.55,2113660.61,1533625.45,495588.1000000001,0.7558
MPLADS-000793,518409.13,530218.2,382147.89,136261.24,0.7372
MPLADS-000794,453145.24,431696.14,394679.64,58465.59999999998,0.871
MPLADS-000795,416428.5,406454.54,359693.49,56735.01000000001,0.8638
MPLADS-000796,247502.17,248349.62,159605.07,87897.1,0.6449
MPLADS-000797,7761325.02,7806807.07,4896086.63,2865238.3899999997,0.6308
MPLADS-000798,1984002.88,1996324.13,1662693.92,321308.95999999996,0.8381
MPLADS-000799,2820858.26,2876988.82,2774529.91,46328.34999999963,0.9836
MPLADS-000800,462135.3,450591.83,440550.17,21585.130000000005,0.9533
MPLADS-000801,1536638.5,1516351.42,1985593.46,0.0,1.2922
MPLADS-000802,557118.97,546558.08,385630.27,171488.69999999995,0.6922
MPLADS-000803,1063155.55,1033162.65,738839.27,324316.28,0.6949
MPLADS-000804,217713.82,219966.36,182161.54,35552.28,0.8367
MPLADS-000805,3664842.22,3596795.61,3330673.46,334168.76000000024,0.9088
MPLADS-000806,2755487.74,2854869.4,2573756.41,181731.33000000007,0.934
MPLADS-000807,1024092.34,1060709.8,904766.74,119325.59999999998,0.8835
MPLADS-000808,570849.86,585684.78,415918.0,154931.86,0.7286
MPLADS-000809,561015.45,554798.78,406205.9,154809.54999999993,0.7241
MPLADS-000810,934577.66,928782.09,934577.66,0.0,1.0
MPLADS-000811,552498.78,531043.69,404357.21,148141.57,0.7319
MPLADS-000812,1548331.89,1475872.94,1135036.66,413295.23,0.7331
MPLADS-000813,475998.38,491011.75,293379.85,182618.53000000003,0.6163
MPLADS-000814,782090.1,788217.69,735164.69,46925.41000000003,0.94
MPLADS-000815,3042203.26,3081991.79,3042203.26,0.0,1.0
MPLADS-000816,3297913.88,3175386.03,2553743.29,744170.5899999999,0.7744
MPLADS-000817,2578813.15,2468249.62,1834145.06,744668.0899999999,0.7112
MPLADS-000818,2909440.92,3012051.04,2217058.88,692382.04,0.762
MPLADS-000819,1001121.48,1002684.86,861727.31,139394.16999999993,0.8608
MPLADS-000820,1857800.11,1864351.62,1853335.02,4465.090000000084,0.9976
MPLADS-000821,491242.12,490648.88,301967.89,189274.22999999998,0.6147
MPLADS-000822,902008.64,943318.46,728945.56,173063.07999999996,0.8081
MPLADS-000823,487496.24,499147.35,428261.17,59235.07000000001,0.8785
MPLADS-000824,8879706.44,9071887.25,6824073.83,2055632.6099999994,0.7685
MPLADS-000825,1059369.06,1065744.49,775883.02,283486.04000000004,0.7324
MPLADS-000826,411324.6,402573.57,563045.44,0.0,1.3689
MPLADS-000827,418835.64,409082.62,363407.81,55427.830000000016,0.8677
MPLADS-000828,797272.07,831050.05,784959.53,12312.53999999992,0.9846
MPLADS-000829,715949.81,707321.13,650691.35,65258.46000000008,0.9089
MPLADS-000830,937431.88,898736.13,747968.72,189463.16000000003,0.7979
MPLADS-000831,2474184.06,2444733.19,1666273.46,807910.6000000001,0.6735
MPLADS-000832,197304.72,194928.46,136158.86,61145.860000000015,0.6901
MPLADS-000833,733567.42,762888.83,725460.59,8106.8300000000745,0.9889
MPLADS-000834,555155.5,532257.8,425553.32,129602.18,0.7665
MPLADS-000835,523739.43,519049.66,498276.0,25463.429999999993,0.9514
MPLADS-000836,388688.33,405780.85,278966.9,109721.43,0.7177
MPLADS-000837,4687372.62,4722912.29,3604599.26,1082773.3600000003,0.769
MPLADS-000838,525832.26,510700.85,345030.41,180801.85000000003,0.6562
MPLADS-000839,203095.45,204203.13,158797.53,44297.92000000001,0.7819
MPLADS-000840,470002.83,451057.46,469611.86,390.97000000003027,0.9992
MPLADS-000841,3701718.63,3650519.41,3486891.64,214826.98999999976,0.942
MPLADS-000842,472734.28,481740.11,457310.63,15423.650000000023,0.9674
MPLADS-000843,2814402.65,2914836.22,2645538.49,168864.15999999968,0.94
MPLADS-000844,832427.31,859694.19,694972.7,137454.6100000001,0.8349
MPLADS-000845,1049438.33,1057957.78,797500.25,251938.08000000007,0.7599
MPLADS-000846,1187537.03,1141633.57,721287.24,466249.79000000004,0.6074
MPLADS-000847,2882267.16,2805951.91,3542770.62,0.0,1.2292
MPLADS-000848,959756.97,926666.52,1337803.36,0.0,1.3939
MPLADS-000849,647395.01,647861.58,608845.32,38549.69000000006,0.9405
MPLADS-000850,680694.77,677763.11,557980.47,122714.30000000005,0.8197
MPLADS-000851,980787.82,978141.23,803157.65,177630.16999999993,0.8189
MPLADS-000852,792801.58,826850.83,658244.08,134557.5,0.8303
MPLADS-000853,1169766.6,1121008.84,912034.1,257732.50000000012,0.7797
MPLADS-000854,836530.15,841971.08,528643.55,307886.6,0.6319
MPLADS-000855,1342381.74,1369158.7,1033822.31,308559.42999999993,0.7701
MPLADS-000856,2472104.33,2587680.23,2029610.76,442493.57000000007,0.821
MPLADS-000857,703750.94,718879.7,493810.16,209940.77999999997,0.7017
MPLADS-000858,931444.41,916298.08,707024.32,224420.09000000008,0.7591
MPLADS-000859,1710029.23,1791847.72,2278527.19,0.0,1.3324
MPLADS-000860,498385.8,484575.3,369039.23,129346.57,0.7405
MPLADS-000861,1842162.12,1818199.04,1731632.39,110529.73000000021,0.94
MPLADS-000862,2975172.01,2903308.76,2290260.49,684911.5199999996,0.7698
MPLADS-000863,514946.68,510822.85,455710.61,59236.07000000001,0.885
MPLADS-000864,490220.24,491308.53,440488.87,49731.369999999995,0.8986
MPLADS-000865,862117.46,861960.65,778269.76,83847.69999999995,0.9027
MPLADS-000866,1774590.65,1798169.4,1229924.74,544665.9099999999,0.6931
MPLADS-000867,2796147.24,2770829.54,2372166.65,423980.5900000003,0.8484
MPLADS-000868,661751.25,666219.65,525404.34,136346.91000000003,0.794
MPLADS-000869,2755522.35,2801682.0,1975593.25,779929.1000000001,0.717
MPLADS-000870,1038932.88,1081758.17,736047.97,302884.91000000003,0.7085
MPLADS-000871,755308.57,732380.05,517353.5,237955.06999999995,0.685
MPLADS-000872,3016661.56,3162714.09,2266384.8,750276.7600000002,0.7513
MPLADS-000873,2569384.93,2641986.67,2040505.69,528879.2400000002,0.7942
MPLADS-000874,1727759.68,1784514.27,1056729.05,671030.6299999999,0.6116
MPLADS-000875,1842921.21,1841934.84,1505701.66,337219.55000000005,0.817
MPLADS-000876,466440.36,473568.47,360732.63,105707.72999999998,0.7734
MPLADS-000877,3436817.15,3269517.88,2137592.4,1299224.75,0.622
MPLADS-000878,7837193.96,7474438.59,5991737.46,1845456.5,0.7645
MPLADS-000879,1762693.5,1846080.91,1629638.07,133055.42999999993,0.9245
MPLADS-000880,475026.74,496817.43,356041.21,118985.52999999997,0.7495
MPLADS-000881,1553511.7,1605673.32,1002985.04,550526.6599999999,0.6456
MPLADS-000882,930524.23,916772.59,607407.32,323116.91000000003,0.6528
MPLADS-000883,1266979.58,1213001.57,1232882.87,34096.70999999996,0.9731
MPLADS-000884,739749.95,712042.91,599273.42,140476.5299999999,0.8101
MPLADS-000885,3149170.1,3236438.93,2417721.1,731449.0,0.7677
MPLADS-000886,3628109.4,3808050.94,2545596.04,1082513.3599999999,0.7016
MPLADS-000887,980446.16,970866.82,853758.26,126687.90000000002,0.8708
MPLADS-000888,1461530.73,1497424.91,1349825.88,111704.8500000001,0.9236
MPLADS-000889,1260230.5,1225212.53,1090703.06,169527.43999999994,0.8655
MPLADS-000890,778827.18,810884.94,578942.35,199884.83000000007,0.7434
MPLADS-000891,661952.02,684783.73,523750.65,138201.37,0.7912
MPLADS-000892,680697.69,714708.72,429086.13,251611.55999999994,0.6304
MPLADS-000893,3870438.01,3710389.53,3755284.61,115153.3999999999,0.9702
MPLADS-000894,680164.33,713179.94,555178.54,124985.78999999992,0.8162
MPLADS-000895,406332.57,398499.74,287661.64,118670.93,0.7079
MPLADS-000896,2332312.79,2288787.89,1735737.73,596575.06,0.7442
MPLADS-000897,1086455.79,1065553.52,693131.15,393324.64,0.638
MPLADS-000898,676058.57,699329.17,892189.1,0.0,1.3197
MPLADS-000899,563653.96,580326.75,529834.72,33819.23999999999,0.94
MPLADS-000900,545514.86,559530.25,544040.49,1474.3699999999953,0.9973
MPLADS-000901,747718.58,784183.54,677600.36,70118.21999999997,0.9062
MPLADS-000902,2319555.12,2330173.11,1691632.18,627922.9400000002,0.7293
MPLADS-000903,219959.48,229534.07,162273.98,57685.5,0.7377
MPLADS-000904,975935.09,929251.92,714911.3,261023.78999999992,0.7325
MPLADS-000905,6591545.24,6623746.82,5360758.57,1230786.67,0.8133
MPLADS-000906,2629002.51,2614917.93,1593478.76,1035523.7499999998,0.6061
MPLADS-000907,1311981.99,1365669.48,826709.61,485272.38,0.6301
MPLADS-000908,3114761.32,3050843.57,2995084.91,119676.40999999968,0.9616
MPLADS-000909,7278364.88,7218871.38,5605137.28,1673227.5999999996,0.7701
MPLADS-000910,506718.59,510944.73,458228.22,48490.37000000005,0.9043
MPLADS-000911,3644135.89,3572011.37,3125283.42,518852.4700000002,0.8576
MPLADS-000912,4068978.72,3953422.9,3636386.73,432591.9900000002,0.8937
MPLADS-000913,1720872.91,1677196.62,1465131.93,255740.97999999998,0.8514
MPLADS-000914,2553167.48,2651146.97,2456622.83,96544.6499999999,0.9622
MPLADS-000915,2061235.19,2070728.78,1857225.38,204009.81000000006,0.901
MPLADS-000916,196988.47,201445.93,133514.5,63473.97,0.6778
MPLADS-000917,238441.69,242175.45,217822.04,20619.649999999994,0.9135
MPLADS-000918,10880907.02,11088898.38,9349566.93,1531340.0899999999,0.8593
MPLADS-000919,2837352.69,2745892.33,1774996.33,1062356.3599999999,0.6256
MPLADS-000920,3436059.7,3349470.13,2161213.97,1274845.73,0.629
MPLADS-000921,950384.83,927357.06,634423.27,315961.55999999994,0.6675
MPLADS-000922,201973.78,193965.9,124831.14,77142.64,0.6181
MPLADS-000923,2685936.86,2555646.19,1986879.82,699057.0399999998,0.7397
MPLADS-000924,2985912.49,3119945.38,1867819.14,1118093.3500000003,0.6255
MPLADS-000925,1308589.79,1353514.26,1237952.67,70637.12000000011,0.946
MPLADS-000926,545654.39,553029.49,369501.42,176152.97000000003,0.6772
MPLADS-000927,1601637.44,1576208.98,1388893.81,212743.6299999999,0.8672
MPLADS-000928,1217074.49,1180562.24,1007328.11,209746.38,0.8277
MPLADS-000929,810729.47,824671.15,490300.44,320429.02999999997,0.6048
MPLADS-000930,238667.2,230848.76,222917.0,15750.200000000012,0.934
MPLADS-000931,214427.44,207705.64,206404.78,8022.6600000000035,0.9626
MPLADS-000932,1975065.82,2031847.79,1538408.76,436657.06000000006,0.7789
MPLADS-000933,201732.5,205903.08,142123.74,59608.76000000001,0.7045
MPLADS-000934,543451.73,545083.33,494681.17,48770.56,0.9103
MPLADS-000935,1986436.88,1910609.31,2629365.85,0.0,1.3237
MPLADS-000936,3897820.31,3852881.42,2845243.72,1052576.5899999999,0.73
MPLADS-000937,3586544.45,3498777.09,3071738.98,514805.4700000002,0.8565
MPLADS-000938,723069.55,719181.56,663023.97,60045.580000000075,0.917
MPLADS-000939,203251.66,206699.9,180276.5,22975.160000000003,0.887
MPLADS-000940,1346048.15,1352469.98,1320347.65,25700.5,0.9809
MPLADS-000941,902449.73,898120.27,803853.92,98595.80999999994,0.8907
MPLADS-000942,1633461.38,1712339.32,1096004.28,537457.0999999999,0.671
MPLADS-000943,713584.69,726702.58,588059.74,125524.94999999995,0.8241
MPLADS-000944,778356.72,765011.95,592304.05,186052.66999999993,0.761
MPLADS-000945,726118.8,699687.31,678684.05,47434.75,0.9347
MPLADS-000946,912255.82,955787.89,633313.04,278942.7799999999,0.6942
MPLADS-000947,934630.3,950379.81,878974.35,55655.95000000007,0.9405
MPLADS-000948,910032.57,884092.55,908290.63,1741.9399999999441,0.9981
MPLADS-000949,970656.46,949693.42,921417.74,49238.71999999997,0.9493
MPLADS-000950,777050.71,788329.57,667201.2,109849.51000000001,0.8586
MPLADS-000951,2965767.58,3029631.89,1856808.7,1108958.8800000001,0.6261
MPLADS-000952,969629.44,998428.42,669557.37,300072.06999999995,0.6905
MPLADS-000953,1337364.7,1346077.23,920843.36,416521.33999999997,0.6886
MPLADS-000954,467678.87,456583.3,329802.02,137876.84999999998,0.7052
MPLADS-000955,3902848.79,3865384.96,3093882.14,808966.6499999999,0.7927
MPLADS-000956,1055395.26,1095199.02,802101.23,253294.03000000003,0.76
MPLADS-000957,937707.57,891678.84,673621.05,264086.5199999999,0.7184
MPLADS-000958,3859530.55,3836738.87,3558192.99,301337.5599999996,0.9219
MPLADS-000959,3209747.05,3335415.27,4080833.55,0.0,1.2714
MPLADS-000960,450104.13,437281.23,324710.63,125393.5,0.7214
MPLADS-000961,429849.82,417530.76,411305.47,18544.350000000035,0.9569
MPLADS-000962,2553249.45,2586307.92,1897592.42,655657.0300000003,0.7432
MPLADS-000963,216003.92,205255.86,192843.29,23160.630000000005,0.8928
MPLADS-000964,3373091.08,3502264.62,3170705.62,202385.45999999996,0.94
MPLADS-000965,205386.2,203387.18,156469.75,48916.45000000001,0.7618
MPLADS-000966,246117.65,255850.03,184426.75,61690.899999999994,0.7493
MPLADS-000967,11651796.65,11988876.05,10706713.18,945083.4700000007,0.9189
MPLADS-000968,658850.68,684681.13,552600.03,106250.65000000002,0.8387
MPLADS-000969,889555.97,887219.17,826272.2,63283.77000000002,0.9289
MPLADS-000970,3942920.39,3781970.16,3706345.17,236575.2200000002,0.94
MPLADS-000971,515412.72,494678.29,341881.78,173530.93999999994,0.6633
MPLADS-000972,1357654.56,1294909.1,1334929.1,22725.459999999963,0.9833
MPLADS-000973,187541.52,186843.62,177080.54,10460.979999999981,0.9442
MPLADS-000974,454615.99,461232.06,353901.8,100714.19,0.7785
MPLADS-000975,1616102.12,1685735.21,1248643.71,367458.41000000015,0.7726
MPLADS-000976,2502398.13,2582075.13,1684627.64,817770.49,0.6732
MPLADS-000977,13573783.27,13460881.09,12330288.41,1243494.8599999994,0.9084
MPLADS-000978,13922702.61,14188803.04,8545633.67,5377068.9399999995,0.6138
MPLADS-000979,3875488.62,3907828.05,3771702.1,103786.52000000002,0.9732
MPLADS-000980,711011.78,703741.08,558982.95,152028.83000000007,0.7862
MPLADS-000981,2739500.11,2694209.6,2247866.97,491633.13999999966,0.8205
MPLADS-000982,1072030.46,1039711.82,673375.81,398654.6499999999,0.6281
MPLADS-000983,1026909.9,1032231.97,1012121.48,14788.420000000042,0.9856
MPLADS-000984,457214.86,459969.89,441208.05,16006.809999999998,0.965
MPLADS-000985,193277.02,199812.26,193277.02,0.0,1.0
MPLADS-000986,3683772.44,3511873.56,2413606.8,1270165.6400000001,0.6552
MPLADS-000987,1608900.13,1569663.98,1550157.79,58742.33999999985,0.9635
MPLADS-000988,513172.82,489265.63,407091.26,106081.56,0.7933
MPLADS-000989,3267862.49,3346845.84,2666122.82,601739.6700000004,0.8159
MPLADS-000990,978352.16,1020773.95,919651.03,58701.130000000005,0.94
MPLADS-000991,473565.65,469406.62,458028.82,15536.830000000016,0.9672
MPLADS-000992,235388.21,230107.91,198659.68,36728.53,0.844
MPLADS-000993,1364914.3,1373633.24,1890898.35,0.0,1.3854
MPLADS-000994,236236.33,247490.61,236236.33,0.0,1.0
MPLADS-000995,697322.04,726096.81,590489.27,106832.77000000002,0.8468
MPLADS-000996,613469.47,602512.56,410214.21,203255.25999999995,0.6687
MPLADS-000997,2588691.23,2603078.97,2248937.67,339753.56000000006,0.8688
MPLADS-000998,2826361.55,2804890.68,1808071.86,1018289.6899999997,0.6397
MPLADS-000999,194583.48,195971.01,133432.97,61150.51000000001,0.6857
MPLADS-001000,2498847.07,2416102.02,2197978.7,300868.36999999965,0.8796
MPLADS-001001,472274.13,458849.45,435570.41,36703.72000000003,0.9223
MPLADS-001002,228475.63,232264.0,208360.95,20114.679999999993,0.912
MPLADS-001003,677220.23,651284.49,414905.12,262315.11,0.6127
MPLADS-001004,2382426.35,2333384.77,2239480.77,142945.58000000007,0.94
MPLADS-001005,9561491.95,9829369.24,8546428.92,1015063.0299999993,0.8938
MPLADS-001006,2850790.11,2848259.46,2743184.85,107605.25999999978,0.9623
MPLADS-001007,2982911.56,2958410.03,2579787.83,403123.73,0.8649
MPLADS-001008,663833.28,631539.06,398670.71,265162.57,0.6006
MPLADS-001009,2624901.42,2528301.57,1696265.67,928635.75,0.6462
MPLADS-001010,1050003.68,998625.54,926526.82,123476.85999999999,0.8824
MPLADS-001011,2001533.59,1921140.26,1924750.34,76783.25,0.9616
MPLADS-001012,831265.66,854349.04,714443.65,116822.01000000001,0.8595
MPLADS-001013,502667.56,497221.46,486939.51,15728.049999999988,0.9687
MPLADS-001014,2583902.35,2654986.82,1708910.02,874992.3300000001,0.6614
MPLADS-001015,962750.61,964519.37,596094.49,366656.12,0.6192
MPLADS-001016,446224.26,430497.16,300855.48,145368.78000000003,0.6742
MPLADS-001017,1137938.95,1148887.14,809533.9,328405.04999999993,0.7114
MPLADS-001018,1237792.73,1203496.08,1213129.45,24663.280000000028,0.9801
MPLADS-001019,1317723.36,1370524.45,1232934.73,84788.63000000012,0.9357
MPLADS-001020,2517959.4,2577624.03,2005576.22,512383.17999999993,0.7965
MPLADS-001021,3625514.94,3460386.67,2737076.5,888438.44,0.7549
MPLADS-001022,2754479.21,2754891.23,2010079.5,744399.71,0.7297
MPLADS-001023,2064696.04,2143588.37,1822819.99,241876.05000000005,0.8829
MPLADS-001024,1957271.97,1871874.33,1453996.33,503275.6399999999,0.7429
MPLADS-001025,2310778.65,2390591.8,2055632.25,255146.3999999999,0.8896
MPLADS-001026,204620.9,206076.25,142857.06,61763.84,0.6982
MPLADS-001027,845430.98,885983.65,563744.14,281686.83999999997,0.6668
MPLADS-001028,1984953.32,1937793.4,1843382.35,141570.96999999997,0.9287
MPLADS-001029,1596189.84,1675346.54,1131497.5,464692.3400000001,0.7089
MPLADS-001030,422315.35,412091.85,363593.53,58721.81999999995,0.861
MPLADS-001031,1566967.09,1542534.68,1564170.45,2796.6400000001304,0.9982
MPLADS-001032,1160750.36,1138713.34,1097503.99,63246.37000000011,0.9455
MPLADS-001033,940086.88,900831.1,733406.4,206680.47999999998,0.7801
MPLADS-001034,1027915.56,989777.59,966240.63,61674.93000000005,0.94
MPLADS-001035,650707.84,625350.71,460767.0,189940.83999999997,0.7081
MPLADS-001036,878237.42,893303.2,627318.97,250918.45000000007,0.7143
MPLADS-001037,1612657.19,1680611.58,1105000.45,507656.74,0.6852
MPLADS-001038,1191603.19,1182908.51,932043.48,259559.70999999996,0.7822
MPLADS-001039,568410.01,540624.32,366667.79,201742.22000000003,0.6451
MPLADS-001040,694551.45,722735.26,506134.82,188416.62999999995,0.7287
MPLADS-001041,788066.06,769195.91,1121192.19,0.0,1.4227
MPLADS-001042,572531.98,558300.35,536951.75,35580.22999999998,0.9379
MPLADS-001043,447254.42,458214.0,318222.74,129031.68,0.7115
MPLADS-001044,3019145.22,3145823.66,1949161.84,1069983.3800000001,0.6456
MPLADS-001045,493162.07,502767.88,406881.56,86280.51000000001,0.825
MPLADS-001046,1075595.84,1073463.57,744919.39,330676.45000000007,0.6926
MPLADS-001047,2423006.82,2385576.97,1760476.81,662530.0099999998,0.7266
MPLADS-001048,4021750.28,4076857.71,2587700.94,1434049.3399999999,0.6434
MPLADS-001049,837717.93,829547.78,832579.28,5138.650000000023,0.9939
MPLADS-001050,1619045.48,1603133.65,1200338.97,418706.51,0.7414
MPLADS-001051,1324505.55,1316515.52,1274056.46,50449.090000000084,0.9619
MPLADS-001052,842900.4,816486.39,786221.14,56679.26000000001,0.9328
MPLADS-001053,2026651.51,1955450.81,1364201.9,662449.6100000001,0.6731
MPLADS-001054,1568106.83,1559867.11,1012866.95,555239.8800000001,0.6459
MPLADS-001055,222734.03,213528.43,192170.0,30564.03,0.8628
MPLADS-001056,2188848.12,2128892.12,2119462.9,69385.2200000002,0.9683
MPLADS-001057,3462195.42,3293400.13,2520403.93,941791.4899999998,0.728
MPLADS-001058,789057.33,813075.37,672139.47,116917.85999999999,0.8518
MPLADS-001059,1711600.82,1672275.78,2407155.4,0.0,1.4064
MPLADS-001060,3201767.34,3316412.72,3009661.3,192106.04000000004,0.94
MPLADS-001061,1475483.24,1432948.19,1130164.23,345319.01,0.766
MPLADS-001062,199552.68,199178.47,139566.11,59986.57000000001,0.6994
MPLADS-001063,1047887.23,1089136.46,985770.41,62116.81999999995,0.9407
MPLADS-001064,3247247.75,3348491.09,2020655.49,1226592.26,0.6223
MPLADS-001065,2723441.66,2701101.24,2707332.23,16109.430000000168,0.9941
MPLADS-001066,409911.38,406795.92,255899.45,154011.93,0.6243
MPLADS-001067,2046554.64,2035318.72,1476240.64,570314.0,0.7213
MPLADS-001068,1011995.08,1037804.15,846071.01,165924.06999999995,0.836
MPLADS-001069,240615.77,235191.18,227199.32,13416.449999999983,0.9442
MPLADS-001070,729003.07,725922.01,588623.11,140379.95999999996,0.8074
MPLADS-001071,1320545.99,1266641.32,1132552.16,187993.83000000007,0.8576
MPLADS-001072,473594.96,493688.7,284624.36,188970.60000000003,0.601
MPLADS-001073,2666452.29,2681154.95,3526230.78,0.0,1.3224
MPLADS-001074,471805.42,461214.13,346304.15,125501.26999999996,0.734
MPLADS-001075,563174.28,548599.45,372546.82,190627.46000000002,0.6615
MPLADS-001076,794033.56,792436.56,664940.93,129092.63,0.8374
MPLADS-001077,1747899.55,1666399.37,1294711.65,453187.90000000014,0.7407
MPLADS-001078,721777.85,731855.88,605155.46,116622.39000000001,0.8384
MPLADS-001079,485852.04,488964.41,418987.52,66864.51999999996,0.8624
MPLADS-001080,406840.22,422879.88,331290.73,75549.48999999999,0.8143
MPLADS-001081,3132471.76,3090950.99,1973423.81,1159047.9499999997,0.63
MPLADS-001082,878545.57,842400.0,757462.15,121083.41999999993,0.8622
MPLADS-001083,2478256.17,2374018.88,2329560.8,148695.3700000001,0.94
MPLADS-001084,8902076.2,8720713.79,5794452.26,3107623.9399999995,0.6509
MPLADS-001085,665669.91,696882.19,625729.72,39940.19000000006,0.94
MPLADS-001086,3854409.98,4013589.13,3200551.0,653858.98,0.8304
MPLADS-001087,1258740.49,1259901.12,861816.46,396924.03,0.6847
MPLADS-001088,3730219.53,3889639.99,3449709.47,280510.0599999996,0.9248
MPLADS-001089,2458478.83,2561926.44,2149344.18,309134.6499999999,0.8743
MPLADS-001090,3967692.49,3984269.89,3532184.81,435507.68000000017,0.8902
MPLADS-001091,385573.74,371135.87,345517.77,40055.96999999997,0.8961
MPLADS-001092,505584.64,495407.52,475249.56,30335.080000000016,0.94
MPLADS-001093,665486.01,633635.27,444216.3,221269.71000000002,0.6675
MPLADS-001094,683042.04,677508.31,642059.52,40982.52000000002,0.94
MPLADS-001095,2659719.95,2725849.05,2045719.55,614000.4000000001,0.7691
MPLADS-001096,1795228.26,1756779.59,1489958.96,305269.30000000005,0.83
MPLADS-001097,250845.47,241601.48,226655.24,24190.23000000001,0.9036
MPLADS-001098,1689737.84,1754538.18,1287499.72,402238.1200000001,0.762
MPLADS-001099,1041454.54,1089109.1,641190.96,400263.5800000001,0.6157
MPLADS-001100,723262.84,699122.57,623676.31,99586.52999999991,0.8623
MPLADS-001101,3215740.77,3258962.8,2561638.16,654102.6099999999,0.7966
MPLADS-001102,1874307.89,1939734.92,1409025.18,465282.70999999996,0.7518
MPLADS-001103,2416905.81,2532160.95,2082588.62,334317.18999999994,0.8617
MPLADS-001104,242858.77,248961.36,237256.7,5602.069999999978,0.9769
MPLADS-001105,2996382.54,2938730.23,2669803.62,326578.9199999999,0.891
MPLADS-001106,2192206.1,2107578.28,2181726.62,10479.479999999981,0.9952
MPLADS-001107,3319337.86,3412270.71,2557980.08,761357.7799999998,0.7706
MPLADS-001108,3173439.99,3124909.2,1943443.82,1229996.1700000002,0.6124
MPLADS-001109,487004.37,502764.15,432296.0,54708.369999999995,0.8877
MPLADS-001110,3032110.4,3095505.37,2777418.86,254691.54000000004,0.916
MPLADS-001111,397045.51,411077.1,386218.21,10827.299999999988,0.9727
MPLADS-001112,214241.65,224352.22,163561.85,50679.79999999999,0.7634
MPLADS-001113,1736009.2,1787288.62,1128238.64,607770.56,0.6499
MPLADS-001114,2429284.19,2314412.03,2292008.89,137275.2999999998,0.9435
MPLADS-001115,3476983.92,3485522.53,2124108.15,1352875.77,0.6109
MPLADS-001116,477832.37,467115.24,386214.6,91617.77000000002,0.8083
MPLADS-001117,1193611.9,1235171.71,1165608.99,28002.909999999916,0.9765
MPLADS-001118,457457.65,441070.46,450042.79,7414.860000000044,0.9838
MPLADS-001119,450516.24,451505.03,282790.2,167726.03999999998,0.6277
MPLADS-001120,214857.85,219109.37,201966.38,12891.470000000001,0.94
MPLADS-001121,2480481.02,2389746.19,2230261.75,250219.27000000002,0.8991
MPLADS-001122,2741273.74,2811918.05,2182645.04,558628.7000000002,0.7962
MPLADS-001123,880971.35,898609.79,610392.0,270579.35,0.6929
MPLADS-001124,2604552.4,2685635.67,2376208.8,228343.6000000001,0.9123
MPLADS-001125,658752.96,651040.27,519354.96,139397.99999999994,0.7884
MPLADS-001126,656250.42,675058.57,425370.75,230879.67000000004,0.6482
MPLADS-001127,858586.94,881750.77,523912.16,334674.77999999997,0.6102
MPLADS-001128,2395487.06,2508167.31,1874529.88,520957.18000000017,0.7825
MPLADS-001129,2519774.47,2400059.23,2336816.33,182958.14000000013,0.9274
MPLADS-001130,553079.29,576796.94,457477.6,95601.69000000006,0.8271
MPLADS-001131,215270.11,213862.48,184749.49,30520.619999999995,0.8582
MPLADS-001132,848481.73,844991.68,738022.5,110459.22999999998,0.8698
MPLADS-001133,190113.29,193958.62,154988.48,35124.81,0.8152
MPLADS-001134,2572356.65,2596007.57,1683693.21,888663.44,0.6545
MPLADS-001135,942502.69,933048.48,841399.78,101102.90999999992,0.8927
MPLADS-001136,700294.68,704484.17,689434.31,10860.369999999995,0.9845
MPLADS-001137,436016.52,456631.51,379429.55,56586.97000000003,0.8702
MPLADS-001138,3570325.67,3643210.01,2854776.86,715548.81,0.7996
MPLADS-001139,8951180.72,9013496.53,7963227.83,987952.8900000006,0.8896
MPLADS-001140,1003673.46,1041017.51,680855.67,322817.7899999999,0.6784
MPLADS-001141,3201222.1,3353015.12,3177764.53,23457.570000000298,0.9927
MPLADS-001142,1541082.65,1516004.68,2214086.82,0.0,1.4367
MPLADS-001143,2680647.59,2654135.07,2474314.46,206333.1299999999,0.923
MPLADS-001144,2374900.97,2448993.36,2076355.75,298545.2200000002,0.8743
MPLADS-001145,192256.3,186302.61,134798.77,57457.53,0.7011
MPLADS-001146,197884.83,198769.24,157556.48,40328.34999999998,0.7962
MPLADS-001147,11703043.03,11936660.68,8265750.99,3437292.039999999,0.7063
MPLADS-001148,1149079.23,1205645.41,1137054.26,12024.969999999972,0.9895
MPLADS-001149,2255118.59,2147871.57,1638095.45,617023.1399999999,0.7264
MPLADS-001150,1950930.47,1970571.88,1732095.51,218834.95999999996,0.8878
MPLADS-001151,1895960.51,1926002.87,1164221.72,731738.79,0.6141
MPLADS-001152,3163798.78,3099997.83,1903602.73,1260196.0499999998,0.6017
MPLADS-001153,2028973.1,2087020.36,1576476.22,452496.8800000001,0.777
MPLADS-001154,1318172.66,1359355.07,1047348.51,270824.1499999999,0.7945
MPLADS-001155,500733.94,505510.84,335695.36,165038.58000000002,0.6704
MPLADS-001156,860499.56,866546.63,610483.18,250016.38,0.7095
MPLADS-001157,2660825.24,2715971.52,2045603.45,615221.7900000003,0.7688
MPLADS-001158,857333.28,865565.97,1170721.57,0.0,1.3655
MPLADS-001159,2684919.01,2602053.15,3625595.67,0.0,1.3504
MPLADS-001160,1839998.9,1864187.39,1261214.55,578784.3499999999,0.6854
MPLADS-001161,499785.12,519767.76,388786.53,110998.58999999997,0.7779
MPLADS-001162,828696.81,867251.78,572434.09,256262.7200000001,0.6908
MPLADS-001163,195789.42,205131.9,186934.24,8855.180000000022,0.9548
MPLADS-001164,2165139.38,2240997.3,2035231.02,129908.35999999987,0.94
MPLADS-001165,10716227.22,11168673.42,10288317.65,427909.5700000003,0.9601
MPLADS-001166,2898365.86,2792485.79,2832694.23,65671.62999999989,0.9773
MPLADS-001167,939482.71,934530.55,776109.25,163373.45999999996,0.8261
MPLADS-001168,210264.16,202188.75,197648.31,12615.850000000006,0.94
MPLADS-001169,1296808.49,1338040.51,888881.74,407926.75,0.6854
MPLADS-001170,3592313.83,3568227.7,3539604.42,52709.41000000015,0.9853
MPLADS-001171,806516.82,823302.23,668272.46,138244.36,0.8286
MPLADS-001172,432798.73,446941.78,295801.85,136996.88,0.6835
MPLADS-001173,4054519.55,3852426.26,3192928.95,861590.5999999996,0.7875
MPLADS-001174,1800293.22,1747050.27,1459993.28,340299.93999999994,0.811
MPLADS-001175,187359.15,184576.56,112850.74,74508.40999999999,0.6023
MPLADS-001176,477292.18,462272.39,394667.14,82625.03999999998,0.8269
MPLADS-001177,1010821.08,976048.49,961906.15,48914.929999999935,0.9516
MPLADS-001178,518187.93,532654.96,383707.85,134480.08000000002,0.7405
MPLADS-001179,233669.49,242348.68,211472.94,22196.54999999999,0.905
MPLADS-001180,525991.18,507092.07,380121.62,145869.56000000006,0.7227
MPLADS-001181,793799.85,777108.1,625755.32,168044.53000000003,0.7883
MPLADS-001182,1312913.26,1285023.85,849094.46,463818.80000000005,0.6467
MPLADS-001183,464004.12,465937.84,362397.47,101606.65000000002,0.781
MPLADS-001184,442680.1,452975.64,294990.06,147690.03999999998,0.6664
MPLADS-001185,3087786.65,3060547.56,2246169.26,841617.3900000001,0.7274
MPLADS-001186,2774236.28,2741861.94,2331049.36,443186.9199999999,0.8402
MPLADS-001187,478811.4,488453.87,357138.64,121672.76000000001,0.7459
MPLADS-001188,1092240.5,1107849.91,1051962.95,40277.55000000005,0.9631
MPLADS-001189,539664.14,530903.15,341307.92,198356.22000000003,0.6324
MPLADS-001190,652177.74,621963.88,466298.7,185879.03999999998,0.715
MPLADS-001191,2872679.36,2988552.06,1770836.13,1101843.23,0.6164
MPLADS-001192,2042502.18,2062832.5,1564649.96,477852.22,0.766
MPLADS-001193,787042.58,749492.17,695418.39,91624.18999999994,0.8836
MPLADS-001194,515950.97,535798.47,484993.91,30957.059999999998,0.94
MPLADS-001195,776171.44,760837.9,753473.96,22697.47999999998,0.9708
MPLADS-001196,2415992.27,2461755.24,2002620.39,413371.8800000001,0.8289
MPLADS-001197,2678679.28,2734526.55,2188836.88,489842.3999999999,0.8171
MPLADS-001198,1373658.77,1434672.27,1169436.98,204221.79000000004,0.8513
MPLADS-001199,1523022.95,1571111.28,937355.51,585667.44,0.6155
MPLADS-001200,1568582.83,1495241.12,988639.85,579942.9800000001,0.6303
MPLADS-001201,221882.65,232210.64,208533.39,13349.25999999998,0.9398
MPLADS-001202,2641184.45,2615701.51,2300910.41,340274.04000000004,0.8712
MPLADS-001203,3368022.66,3415931.87,3230948.76,137073.90000000037,0.9593
MPLADS-001204,197659.31,197674.16,139293.04,58366.26999999999,0.7047
MPLADS-001205,453775.1,453758.53,347774.01,106001.08999999997,0.7664
MPLADS-001206,2564013.86,2627068.81,1633216.39,930797.47,0.637
MPLADS-001207,393227.05,381849.49,393227.05,0.0,1.0
MPLADS-001208,2006146.84,2094893.71,1826169.93,179976.91000000015,0.9103
MPLADS-001209,1836207.23,1761943.65,1410739.19,425468.04000000004,0.7683
MPLADS-001210,2590419.87,2559655.36,2266143.55,324276.3200000003,0.8748
MPLADS-001211,417823.17,407020.77,528449.21,0.0,1.2648
MPLADS-001212,825559.84,862331.84,786355.66,39204.179999999935,0.9525
MPLADS-001213,3035600.96,2901954.96,2776338.08,259262.8799999999,0.9146
MPLADS-001214,10013889.49,10459861.63,7344737.09,2669152.4000000004,0.7335
MPLADS-001215,798692.61,796204.85,553720.21,244972.40000000002,0.6933
MPLADS-001216,6422986.18,6327257.71,4223400.65,2199585.5299999993,0.6575
MPLADS-001217,2763742.55,2673460.84,2684816.08,78926.46999999974,0.9714
MPLADS-001218,2379979.35,2472122.35,2036312.41,343666.9400000002,0.8556
MPLADS-001219,1092758.29,1065816.95,867486.45,225271.84000000008,0.7939
MPLADS-001220,734640.03,704089.7,701410.73,33229.30000000005,0.9548
MPLADS-001221,884644.36,848305.65,691281.74,193362.62,0.7814
MPLADS-001222,431489.2,421393.55,385601.0,45888.20000000001,0.8937
MPLADS-001223,1238863.45,1248055.34,929968.95,308894.5,0.7507
MPLADS-001224,7374204.38,7429384.04,6744371.09,629833.29,0.9146
MPLADS-001225,3005582.48,3070300.11,1806703.84,1198878.64,0.6011
MPLADS-001226,1536444.9,1569617.62,1178301.97,358142.92999999993,0.7669
MPLADS-001227,2450577.35,2335094.39,3058826.92,0.0,1.2482
MPLADS-001228,1296009.13,1301551.69,1151245.7,144763.42999999993,0.8883
MPLADS-001229,2769408.54,2858301.12,2054358.51,715050.03,0.7418
MPLADS-001230,976576.87,956162.36,795979.44,180597.43000000005,0.8151
MPLADS-001231,1736708.03,1745246.45,1535765.39,200942.64000000013,0.8843
MPLADS-001232,1098133.71,1110250.21,846844.0,251289.70999999996,0.7712
MPLADS-001233,446067.34,431369.7,424045.02,22022.320000000007,0.9506
MPLADS-001234,2140314.66,2161589.91,2116775.96,23538.700000000186,0.989
MPLADS-001235,1155427.16,1125146.74,1154308.15,1119.0100000000093,0.999
MPLADS-001236,225624.77,230016.79,187311.85,38312.919999999984,0.8302
MPLADS-001237,703086.24,727124.55,630199.89,72886.34999999998,0.8963
MPLADS-001238,2420641.03,2522378.61,2275402.57,145238.45999999996,0.94
MPLADS-001239,2589891.49,2480347.25,1604090.53,985800.9600000002,0.6194
MPLADS-001240,805754.91,810520.86,560681.67,245073.24,0.6958
MPLADS-001241,8964690.47,8800033.7,6816042.37,2148648.1000000006,0.7603
MPLADS-001242,2273160.53,2373916.11,2093314.48,179846.0499999998,0.9209
MPLADS-001243,538749.64,561487.34,504356.62,34393.02000000002,0.9362
MPLADS-001244,252170.18,240439.88,189804.36,62365.82000000001,0.7527
MPLADS-001245,734223.67,742415.86,517684.5,216539.17000000004,0.7051
MPLADS-001246,859049.67,862332.45,706240.84,152808.83000000007,0.8221
MPLADS-001247,2796946.41,2864648.43,1821239.56,975706.8500000001,0.6512
MPLADS-001248,199947.6,204767.34,120554.91,79392.69,0.6029
MPLADS-001249,878936.84,913481.93,639855.55,239081.28999999992,0.728
MPLADS-001250,1566576.97,1512099.36,1566576.97,0.0,1.0
MPLADS-001251,1025010.27,1064913.6,963509.65,61500.619999999995,0.94
MPLADS-001252,890162.4,856019.3,563112.34,327050.06000000006,0.6326
MPLADS-001253,734170.44,758252.34,560475.33,173695.11,0.7634
MPLADS-001254,492181.72,483056.48,320733.65,171448.06999999995,0.6517
MPLADS-001255,2430403.74,2517113.79,2009978.13,420425.61000000034,0.827
MPLADS-001256,3865803.92,3861943.57,3367607.62,498196.2999999998,0.8711
MPLADS-001257,560283.26,537343.21,771509.32,0.0,1.377
MPLADS-001258,9071853.93,9209227.9,5895391.6,3176462.33,0.6499
MPLADS-001259,2645587.59,2546058.14,2431551.41,214036.1799999997,0.9191
MPLADS-001260,900528.78,862617.41,824535.47,75993.31000000006,0.9156
MPLADS-001261,3848541.19,3672142.29,3382740.66,465800.5299999998,0.879
MPLADS-001262,1247751.84,1207367.98,1247751.84,0.0,1.0
MPLADS-001263,506299.94,498547.88,458296.25,48003.69,0.9052
MPLADS-001264,444300.56,436104.01,624624.87,0.0,1.4059
MPLADS-001265,510088.75,492267.84,375584.63,134504.12,0.7363
MPLADS-001266,2055802.85,2093682.05,1463420.63,592382.2200000002,0.7118
MPLADS-001267,215758.71,223870.59,274709.65,0.0,1.2732
MPLADS-001268,2591161.79,2542063.62,2472326.52,118835.27000000002,0.9541
MPLADS-001269,1613359.22,1542410.85,1133020.15,480339.07000000007,0.7023
MPLADS-001270,570167.33,574354.45,382303.61,187863.71999999997,0.6705
MPLADS-001271,1772760.64,1727959.1,1564704.31,208056.32999999984,0.8826
MPLADS-001272,412980.56,420948.12,388749.81,24230.75,0.9413
MPLADS-001273,2947519.42,3055318.64,2777083.61,170435.81000000006,0.9422
MPLADS-001274,451662.57,434257.13,320637.8,131024.77000000002,0.7099
MPLADS-001275,1040283.64,998811.11,661498.55,378785.08999999997,0.6359
MPLADS-001276,439862.17,455657.09,305934.03,133928.13999999996,0.6955
MPLADS-001277,3178673.03,3147395.42,2088492.25,1090180.7799999998,0.657
MPLADS-001278,1560995.38,1505007.23,1343802.1,217193.2799999998,0.8609
MPLADS-001279,1836712.05,1903574.35,1374499.32,462212.73,0.7483
MPLADS-001280,12306450.89,12631568.47,11955985.91,350464.98000000045,0.9715
MPLADS-001281,1788174.01,1802916.22,1214834.86,573339.1499999999,0.6794
MPLADS-001282,493130.68,508994.05,362153.6,130977.08000000002,0.7344
MPLADS-001283,2410953.11,2488585.35,1591000.64,819952.47,0.6599
MPLADS-001284,7171530.14,6883690.75,6625680.48,545849.6599999992,0.9239
MPLADS-001285,445001.19,453854.53,270021.85,174979.34000000003,0.6068
MPLADS-001286,1579651.01,1536927.71,1520013.01,59638.0,0.9622
MPLADS-001287,3532890.44,3373838.12,3510106.04,22784.399999999907,0.9936
MPLADS-001288,3132371.45,3029393.74,2672087.15,460284.3000000003,0.8531
MPLADS-001289,188424.58,188753.04,167380.78,21043.79999999999,0.8883
MPLADS-001290,905679.95,862807.21,734920.38,170759.56999999995,0.8115
MPLADS-001291,2480749.14,2590683.54,1860211.81,620537.3300000001,0.7499
MPLADS-001292,3057502.08,3134352.58,1892413.79,1165088.29,0.6189
MPLADS-001293,976855.02,944712.16,1336704.85,0.0,1.3684
MPLADS-001294,244380.27,240075.05,187370.97,57009.29999999999,0.7667
MPLADS-001295,5401608.28,5596978.99,4944854.71,456753.5700000003,0.9154
MPLADS-001296,811022.62,812451.09,704854.5,106168.12,0.8691
MPLADS-001297,1273311.19,1248887.39,1062131.0,211180.18999999994,0.8341
MPLADS-001298,1088541.49,1102602.69,1019248.07,69293.42000000004,0.9363
MPLADS-001299,2420422.39,2425505.82,1642093.34,778329.05,0.6784
MPLADS-001300,1085706.3,1086767.29,877287.37,208418.93000000005,0.808
MPLADS-001301,2493917.06,2557658.72,1981641.48,512275.5800000001,0.7946
MPLADS-001302,1540423.34,1526370.57,1487796.0,52627.340000000084,0.9658
MPLADS-001303,2792281.7,2821246.07,2764711.06,27570.64000000013,0.9901
MPLADS-001304,251585.99,239764.94,214886.33,36699.66,0.8541
MPLADS-001305,4459598.75,4415014.54,3491237.53,968361.2200000002,0.7829
MPLADS-001306,675646.5,691636.1,444887.58,230758.91999999998,0.6585
MPLADS-001307,1823327.9,1763962.47,1149045.72,674282.1799999999,0.6302
MPLADS-001308,2269400.76,2261194.21,2128313.58,141087.1799999997,0.9378
MPLADS-001309,795132.44,787537.18,506782.46,288349.9799999999,0.6374
MPLADS-001310,3653238.13,3600663.21,2870905.02,782333.1099999999,0.7859
MPLADS-001311,2458436.81,2388447.08,2167120.64,291316.1699999999,0.8815
MPLADS-001312,2563945.6,2679321.75,2267073.4,296872.2000000002,0.8842
MPLADS-001313,692837.26,704230.02,504910.64,187926.62,0.7288
MPLADS-001314,3337646.41,3402137.63,2463878.25,873768.1600000001,0.7382
MPLADS-001315,831620.94,853494.58,715044.52,116576.41999999993,0.8598
MPLADS-001316,814733.58,812272.05,586212.9,228520.67999999993,0.7195
MPLADS-001317,3269545.59,3253104.28,2942548.73,326996.85999999987,0.9
MPLADS-001318,3458549.69,3518852.9,3157447.2,301102.48999999976,0.9129
MPLADS-001319,1284410.94,1335292.51,1049715.82,234695.11999999988,0.8173
MPLADS-001320,2442832.99,2329299.08,1589373.38,853459.6100000003,0.6506
MPLADS-001321,190938.43,196149.1,160858.53,30079.899999999994,0.8425
MPLADS-001322,558478.7,555765.27,452568.36,105910.33999999997,0.8104
MPLADS-001323,3641687.83,3650337.72,3493890.1,147797.72999999998,0.9594
MPLADS-001324,572000.92,567153.63,542432.02,29568.900000000023,0.9483
MPLADS-001325,3078831.42,3232740.68,2470108.76,608722.6600000001,0.8023
MPLADS-001326,7658764.63,7540890.75,7552807.48,105957.14999999944,0.9862
MPLADS-001327,555572.07,542597.31,508111.42,47460.649999999965,0.9146
MPLADS-001328,3966574.9,3817886.26,2778378.11,1188196.79,0.7004
MPLADS-001329,3606577.99,3552208.87,2535945.32,1070632.6700000004,0.7031
MPLADS-001330,1931988.97,1890554.31,1834713.5,97275.46999999997,0.9497
MPLADS-001331,483420.46,505259.13,454363.71,29056.75,0.9399
MPLADS-001332,938552.01,931853.48,722110.05,216441.95999999996,0.7694
MPLADS-001333,3162143.75,3265979.11,2923429.64,238714.10999999987,0.9245
MPLADS-001334,1266819.28,1251326.64,902795.43,364023.85,0.7126
MPLADS-001335,2530072.46,2417953.69,2378268.11,151804.3500000001,0.94
MPLADS-001336,2532914.53,2441164.6,2388395.15,144519.3799999999,0.9429
MPLADS-001337,3018155.33,3077195.1,2283729.6,734425.73,0.7567
MPLADS-001338,194676.14,189804.97,173746.46,20929.680000000022,0.8925
MPLADS-001339,188981.43,184162.03,141067.48,47913.94999999998,0.7465
MPLADS-001340,1241398.34,1219016.25,806212.66,435185.68000000005,0.6494
MPLADS-001341,2602130.83,2497316.02,2126727.88,475402.9500000002,0.8173
MPLADS-001342,473453.43,453491.29,432501.3,40952.130000000005,0.9135
MPLADS-001343,409726.02,401208.23,259805.04,149920.98,0.6341
MPLADS-001344,3846067.13,3814825.73,2317948.18,1528118.9499999997,0.6027
MPLADS-001345,427809.71,411497.44,374225.72,53583.99000000005,0.8747
MPLADS-001346,449427.62,456115.24,411716.24,37711.380000000005,0.9161
MPLADS-001347,475078.55,489301.16,322611.65,152466.89999999997,0.6791
MPLADS-001348,2555260.23,2452431.53,2002362.07,552898.1599999999,0.7836
MPLADS-001349,3886174.32,4069136.02,2519594.4,1366579.92,0.6483
MPLADS-001350,7002489.73,7144991.86,4925382.79,2077106.9400000004,0.7034
MPLADS-001351,2527561.79,2490541.53,2290761.25,236800.54000000004,0.9063
MPLADS-001352,853012.54,864255.44,613320.08,239692.46000000008,0.719
MPLADS-001353,7120681.06,7336612.0,6370616.75,750064.3099999996,0.8947
MPLADS-001354,860475.73,866846.84,624779.87,235695.86,0.7261
MPLADS-001355,1066970.45,1014757.27,1030779.78,36190.669999999925,0.9661
MPLADS-001356,777648.47,785814.04,525381.57,252266.90000000002,0.6756
MPLADS-001357,2518379.9,2432047.88,2264731.07,253648.83000000007,0.8993
MPLADS-001358,1221060.96,1194861.7,935834.43,285226.5299999999,0.7664
MPLADS-001359,3334856.82,3480660.14,3333228.08,1628.7399999997579,0.9995
MPLADS-001360,3166460.93,3209381.56,2433695.86,732765.0700000003,0.7686
MPLADS-001361,492656.52,489005.66,430364.92,62291.600000000035,0.8736
MPLADS-001362,2556605.32,2567136.96,1639594.96,917010.3599999999,0.6413
MPLADS-001363,195930.36,200988.4,134789.96,61140.399999999994,0.6879
MPLADS-001364,481495.12,491347.99,352197.68,129297.44,0.7315
MPLADS-001365,2589028.21,2505683.46,2442334.06,146694.1499999999,0.9433
MPLADS-001366,1726588.27,1790787.41,1263939.42,462648.8500000001,0.732
MPLADS-001367,450495.63,433806.88,449724.9,770.7299999999814,0.9983
MPLADS-001368,3028335.71,2944482.89,2775487.95,252847.75999999978,0.9165
MPLADS-001369,3727422.3,3787128.54,3564714.78,162707.52000000002,0.9563
MPLADS-001370,3030317.1,3165252.32,2257073.18,773243.9199999999,0.7448
MPLADS-001371,499111.99,490345.35,409352.54,89759.45000000001,0.8202
MPLADS-001372,772560.57,745407.67,762656.7,9903.869999999995,0.9872
MPLADS-001373,1136694.84,1088295.58,877671.48,259023.3600000001,0.7721
MPLADS-001374,791274.76,758032.76,496203.74,295071.02,0.6271
MPLADS-001375,1015557.71,1059899.37,869844.66,145713.04999999993,0.8565
MPLADS-001376,1247963.44,1254705.38,1173085.63,74877.81000000006,0.94
MPLADS-001377,3575200.2,3572929.85,3149801.69,425398.51000000024,0.881
MPLADS-001378,2260429.59,2328971.31,1950621.99,309807.59999999986,0.8629
MPLADS-001379,909042.45,902419.9,845995.68,63046.7699999999,0.9306
MPLADS-001380,2780031.58,2807174.64,1980093.99,799937.5900000001,0.7123
MPLADS-001381,4013761.75,4125506.07,2414301.78,1599459.9700000002,0.6015
MPLADS-001382,1782851.75,1773860.02,1294816.5,488035.25,0.7263
MPLADS-001383,821391.46,827342.38,587512.19,233879.27000000002,0.7153
MPLADS-001384,839202.85,830583.63,683976.16,155226.68999999994,0.815
MPLADS-001385,1445082.39,1482015.37,1215737.37,229345.0199999998,0.8413
MPLADS-001386,2812202.15,2726156.86,1980544.57,831657.5799999998,0.7043
MPLADS-001387,1796047.18,1748190.26,2386640.09,0.0,1.3288
MPLADS-001388,645100.0,631187.58,633062.24,12037.76000000001,0.9813
MPLADS-001389,527282.85,529381.23,366918.21,160364.63999999996,0.6959
MPLADS-001390,1094818.32,1141944.31,1094818.32,0.0,1.0
MPLADS-001391,2876425.56,2774131.98,2457271.22,419154.33999999985,0.8543
MPLADS-001392,734489.4,697939.11,451459.33,283030.07,0.6147
MPLADS-001393,201349.58,191295.54,201255.84,93.73999999999069,0.9995
MPLADS-001394,2569598.28,2560221.9,2405641.03,163957.25,0.9362
MPLADS-001395,951807.24,906028.14,796065.4,155741.83999999997,0.8364
MPLADS-001396,1725421.73,1788239.83,1654544.72,70877.01000000001,0.9589
MPLADS-001397,2818922.4,2778598.51,2402509.82,416412.5800000001,0.8523
MPLADS-001398,2157433.78,2244756.45,1339879.07,817554.7099999997,0.6211
MPLADS-001399,4006593.01,4027891.67,3178629.18,827963.8299999996,0.7933
MPLADS-001400,1252048.12,1224375.47,1153215.5,98832.62000000011,0.9211
MPLADS-001401,690383.61,657545.94,489936.82,200446.78999999998,0.7097
MPLADS-001402,206916.1,210043.69,187967.46,18948.640000000014,0.9084
MPLADS-001403,853565.08,871637.61,802351.18,51213.89999999991,0.94
MPLADS-001404,978362.26,1019997.65,870525.08,107837.18000000005,0.8898
MPLADS-001405,3996616.87,4127576.55,3900335.03,96281.84000000032,0.9759
MPLADS-001406,191820.5,191698.43,174507.89,17312.609999999986,0.9097
MPLADS-001407,2695209.37,2584108.61,1802259.54,892949.8300000001,0.6687
MPLADS-001408,1118428.67,1103594.39,973214.74,145213.92999999993,0.8702
MPLADS-001409,1626552.98,1581143.06,1533483.63,93069.3500000001,0.9428
MPLADS-001410,525477.37,524334.18,447191.42,78285.95000000001,0.851
MPLADS-001411,1239188.86,1243978.35,1102354.53,136834.33000000007,0.8896
MPLADS-001412,2698724.79,2832729.45,1693371.8,1005352.99,0.6275
MPLADS-001413,445780.13,426008.93,337036.14,108743.98999999999,0.7561
MPLADS-001414,558414.02,582623.33,537024.93,21389.089999999967,0.9617
MPLADS-001415,454419.17,441756.59,361658.36,92760.81,0.7959
MPLADS-001416,3067182.58,3145885.64,1914727.7,1152454.8800000001,0.6243
MPLADS-001417,914101.96,881923.59,627080.17,287021.7899999999,0.686
MPLADS-001418,489535.8,478448.19,331368.6,158167.2,0.6769
MPLADS-001419,209910.41,210465.21,132469.65,77440.76000000001,0.6311
MPLADS-001420,451658.09,460772.81,314885.28,136772.81,0.6972
MPLADS-001421,2679761.84,2604738.09,1714436.94,965324.8999999999,0.6398
MPLADS-001422,2429621.42,2547092.55,3499599.32,0.0,1.4404
MPLADS-001423,931250.53,971663.55,848120.22,83130.31000000006,0.9107
MPLADS-001424,2461242.29,2416877.83,2041631.58,419610.70999999996,0.8295
MPLADS-001425,196223.39,187431.1,142802.01,53421.380000000005,0.7278
MPLADS-001426,2230032.86,2267501.15,2191439.45,38593.40999999968,0.9827
MPLADS-001427,187488.95,188350.86,126086.99,61401.96000000001,0.6725
MPLADS-001428,692489.0,695904.76,583353.18,109135.81999999995,0.8424
MPLADS-001429,539597.86,534884.06,390633.49,148964.37,0.7239
MPLADS-001430,1219178.36,1270397.13,1550950.58,0.0,1.2721
MPLADS-001431,2427742.37,2502131.35,2282077.83,145664.54000000004,0.94
MPLADS-001432,403110.83,419348.19,321681.15,81429.68,0.798
MPLADS-001433,498989.2,506701.3,496899.47,2089.7300000000396,0.9958
MPLADS-001434,742905.21,717576.12,596953.38,145951.82999999996,0.8035
MPLADS-001435,855438.36,828512.73,755762.57,99675.79000000004,0.8835
MPLADS-001436,792201.44,805936.09,705180.62,87020.81999999995,0.8902
MPLADS-001437,1133662.29,1081523.86,789472.12,344190.17000000004,0.6964
MPLADS-001438,483858.41,504690.52,483858.41,0.0,1.0
MPLADS-001439,3819046.87,3647424.75,2470194.02,1348852.85,0.6468
MPLADS-001440,462938.41,440501.51,410763.7,52174.70999999996,0.8873
MPLADS-001441,765473.16,751802.05,636737.6,128735.56000000006,0.8318
MPLADS-001442,2889603.67,2940118.62,2386592.43,503011.23999999976,0.8259
MPLADS-001443,3118677.64,3021956.31,2417022.56,701655.0800000001,0.775
MPLADS-001444,3297754.16,3221242.3,2139220.33,1158533.83,0.6487
MPLADS-001445,855924.4,832327.46,608776.2,247148.20000000007,0.7112
MPLADS-001446,13235080.15,13725022.98,10342824.97,2892255.1799999997,0.7815
MPLADS-001447,936225.9,976185.78,818551.37,117674.53000000003,0.8743
MPLADS-001448,11923083.4,12174824.24,7863928.91,4059154.49,0.6596
MPLADS-001449,1312055.67,1263225.02,1062898.47,249157.19999999995,0.8101
MPLADS-001450,839743.35,869804.06,728763.86,110979.48999999999,0.8678
MPLADS-001451,689601.19,661995.47,646203.86,43397.32999999996,0.9371
MPLADS-001452,9678465.98,9386404.15,6554142.21,3124323.7700000005,0.6772
MPLADS-001453,1055630.04,1007469.21,811074.45,244555.59000000008,0.7683
MPLADS-001454,1151257.81,1131976.69,789417.62,361840.19000000006,0.6857
MPLADS-001455,1016698.42,1014576.87,1006897.74,9800.680000000051,0.9904
MPLADS-001456,223146.41,212050.91,168031.27,55115.140000000014,0.753
MPLADS-001457,3758223.16,3597993.74,3141521.73,616701.4300000002,0.8359
MPLADS-001458,3978729.93,4001397.53,3852465.84,126264.09000000032,0.9683
MPLADS-001459,208322.86,216183.35,167281.24,41041.619999999995,0.803
MPLADS-001460,3114902.91,3071213.59,2872499.87,242403.04000000004,0.9222
MPLADS-001461,1025687.8,1012993.5,982878.78,42809.02000000002,0.9583
MPLADS-001462,435364.4,423193.61,280013.75,155350.65000000002,0.6432
MPLADS-001463,2094013.47,2098036.04,1677891.84,416121.6299999999,0.8013
MPLADS-001464,1661187.51,1716002.98,1477251.06,183936.44999999995,0.8893
MPLADS-001465,481165.83,470310.42,452295.88,28869.95000000001,0.94
MPLADS-001466,1298683.34,1327307.59,1298683.34,0.0,1.0
MPLADS-001467,2569627.74,2534595.92,2000897.15,568730.5900000003,0.7787
MPLADS-001468,3692898.46,3709776.73,3620526.95,72371.50999999978,0.9804
MPLADS-001469,8884864.69,9285136.02,7907918.38,976946.3099999996,0.89
MPLADS-001470,1604513.38,1614069.38,1280713.93,323799.44999999995,0.7982
MPLADS-001471,446046.33,435496.12,442524.64,3521.6900000000023,0.9921
MPLADS-001472,399655.64,399568.53,310305.29,89350.35000000003,0.7764
MPLADS-001473,11177524.77,11469954.3,10074703.99,1102820.7799999993,0.9013
MPLADS-001474,574145.95,556300.45,447562.32,126583.62999999995,0.7795
MPLADS-001475,919396.25,880704.71,727922.21,191474.04000000004,0.7917
MPLADS-001476,1023809.47,1073537.76,784721.37,239088.09999999998,0.7665
MPLADS-001477,569319.65,569536.08,543279.63,26040.02000000002,0.9543
MPLADS-001478,3433763.64,3490584.73,2274156.44,1159607.2000000002,0.6623
MPLADS-001479,642175.81,631071.69,913354.78,0.0,1.4223
MPLADS-001480,9894643.58,9477498.08,8654570.16,1240073.42,0.8747
MPLADS-001481,433162.46,452013.6,280546.48,152615.98000000004,0.6477
MPLADS-001482,238345.36,239273.36,162567.14,75778.21999999997,0.6821
MPLADS-001483,3655682.64,3770626.86,3417293.06,238389.58000000007,0.9348
MPLADS-001484,423886.97,405544.32,312061.84,111825.12999999995,0.7362
MPLADS-001485,2967021.58,2969015.59,2721754.87,245266.70999999996,0.9173
MPLADS-001486,880298.09,901095.16,575035.11,305262.98,0.6532
MPLADS-001487,813205.57,835283.0,548076.09,265129.48,0.674
MPLADS-001488,1127627.85,1159203.04,871359.93,256267.92000000004,0.7727
MPLADS-001489,3983471.5,3951691.04,3285744.78,697726.7200000002,0.8248
MPLADS-001490,975989.14,965156.22,693173.75,282815.39,0.7102
MPLADS-001491,1064329.82,1112394.48,969872.26,94457.56000000006,0.9113
MPLADS-001492,520694.62,499639.83,450919.16,69775.46000000002,0.866
MPLADS-001493,735610.85,762944.43,526727.47,208883.38,0.716
MPLADS-001494,497442.15,489004.16,449511.51,47930.640000000014,0.9036
MPLADS-001495,439916.91,429412.88,303444.34,136472.56999999995,0.6898
MPLADS-001496,2639553.38,2659258.87,1644645.2,994908.1799999999,0.6231
MPLADS-001497,2470230.41,2436308.93,2071713.01,398517.40000000014,0.8387
MPLADS-001498,1084033.71,1055774.75,1018228.13,65805.57999999996,0.9393
MPLADS-001499,512877.77,503989.58,512344.25,533.5200000000186,0.999
MPLADS-001500,640313.27,663706.15,396162.33,244150.94,0.6187
MPLADS-001501,2719035.6,2816800.57,2370568.38,348467.2200000002,0.8718
MPLADS-001502,188032.94,197310.18,138261.17,49771.76999999999,0.7353
MPLADS-001503,2380276.68,2419015.4,1881029.41,499247.27000000025,0.7903
MPLADS-001504,3101871.82,3031334.52,2686709.72,415162.0999999996,0.8662
MPLADS-001505,492511.84,484335.71,459160.56,33351.28000000003,0.9323
MPLADS-001506,2816918.18,2789076.87,1804793.89,1012124.2900000003,0.6407
MPLADS-001507,1026183.3,1011617.77,843927.61,182255.69000000006,0.8224
MPLADS-001508,1878766.3,1800908.53,1744621.19,134145.1100000001,0.9286
MPLADS-001509,2990658.55,2897517.39,3761331.33,0.0,1.2577
MPLADS-001510,396718.05,390682.53,376107.15,20610.899999999965,0.948
MPLADS-001511,454652.94,440747.75,325434.84,129218.09999999998,0.7158
MPLADS-001512,2475749.38,2507635.67,3389619.36,0.0,1.3691
MPLADS-001513,854328.76,826083.27,845027.98,9300.780000000028,0.9891
MPLADS-001514,2788374.48,2777118.56,2734252.89,54121.58999999985,0.9806
MPLADS-001515,430860.07,411152.18,378407.82,52452.25,0.8783
MPLADS-001516,2347408.22,2426278.1,2338639.91,8768.310000000056,0.9963
MPLADS-001517,432065.29,447117.86,366039.87,66025.41999999998,0.8472
MPLADS-001518,3103353.1,3083490.28,2551208.54,552144.56,0.8221
MPLADS-001519,2944998.84,2808721.99,2332675.73,612323.1099999999,0.7921
MPLADS-001520,774427.52,763373.34,727961.87,46465.65000000002,0.94
MPLADS-001521,573823.78,568565.01,385446.77,188377.01,0.6717
MPLADS-001522,3934706.94,3975118.91,3307991.54,626715.3999999999,0.8407
MPLADS-001523,1042635.27,1049267.35,1339417.89,0.0,1.2846
MPLADS-001524,532145.29,545391.81,419529.9,112615.39000000001,0.7884
MPLADS-001525,229714.82,229069.13,190762.38,38952.44,0.8304
MPLADS-001526,803126.43,824963.15,632033.87,171092.56000000006,0.787
MPLADS-001527,7441157.14,7252326.31,5885031.91,1556125.2299999995,0.7909
MPLADS-001528,574719.47,573783.98,547937.31,26782.159999999916,0.9534
MPLADS-001529,2739440.61,2752909.12,1822760.79,916679.8199999998,0.6654
MPLADS-001530,3626859.21,3663196.02,3132914.28,493944.93000000017,0.8638
MPLADS-001531,194104.39,203088.58,179768.98,14335.410000000003,0.9261
MPLADS-001532,912064.16,944515.95,850841.99,61222.17000000004,0.9329
MPLADS-001533,712499.65,747441.5,595598.97,116900.68000000005,0.8359
MPLADS-001534,1965089.01,1906192.85,1847183.67,117905.34000000008,0.94
MPLADS-001535,3342397.52,3206028.43,2623962.49,718435.0299999998,0.7851
MPLADS-001536,472965.4,462151.37,421973.49,50991.91000000003,0.8922
MPLADS-001537,3143681.31,3056016.42,2978315.73,165365.58000000007,0.9474
MPLADS-001538,2417015.77,2498369.83,2416505.53,510.2400000002235,0.9998
MPLADS-001539,2851742.21,2899715.35,1987416.95,864325.26,0.6969
MPLADS-001540,400797.94,392000.32,269725.7,131072.24,0.673
MPLADS-001541,2334432.48,2327631.75,2027464.36,306968.1199999999,0.8685
MPLADS-001542,707799.32,741130.07,532765.67,175033.6499999999,0.7527
MPLADS-001543,6431922.19,6596192.96,4877136.09,1554786.1000000006,0.7583
MPLADS-001544,1893827.05,1950756.69,1369241.98,524585.0700000001,0.723
MPLADS-001545,2701299.03,2812081.64,3492810.75,0.0,1.293
MPLADS-001546,203753.4,201907.03,167379.97,36373.42999999999,0.8215
MPLADS-001547,437038.9,458488.16,321655.2,115383.70000000001,0.736
MPLADS-001548,547594.9,533238.14,423626.73,123968.17000000004,0.7736
MPLADS-001549,209343.87,216707.24,173525.4,35818.47,0.8289
MPLADS-001550,418616.73,418424.75,260101.77,158514.96,0.6213
MPLADS-001551,218664.65,216402.1,204922.34,13742.309999999998,0.9372
MPLADS-001552,1725521.01,1714943.59,1198900.99,526620.02,0.6948
MPLADS-001553,710562.05,734372.75,463497.74,247064.31000000006,0.6523
MPLADS-001554,1209659.48,1262445.0,817853.43,391806.04999999993,0.6761
MPLADS-001555,402381.73,421000.63,402381.73,0.0,1.0
MPLADS-001556,2591739.03,2695733.75,2399836.25,191902.7799999998,0.926
MPLADS-001557,2813570.91,2763273.85,1979559.27,834011.6400000001,0.7036
MPLADS-001558,1986983.17,1998140.06,1554071.38,432911.79000000004,0.7821
MPLADS-001559,910840.21,886883.74,906743.09,4097.119999999995,0.9955
MPLADS-001560,550031.46,560108.36,496432.28,53599.179999999935,0.9026
MPLADS-001561,981013.07,987542.61,721927.25,259085.81999999995,0.7359
MPLADS-001562,2687718.1,2639327.59,2091811.98,595906.1200000001,0.7783
MPLADS-001563,1579111.14,1525368.58,1255684.67,323426.47,0.7952
MPLADS-001564,3120277.2,3268876.04,2818910.06,301367.14000000013,0.9034
MPLADS-001565,920902.66,955297.87,682817.6,238085.06000000006,0.7415
MPLADS-001566,450947.15,436114.1,415539.9,35407.25,0.9215
MPLADS-001567,3422573.28,3462298.82,2072937.66,1349635.6199999999,0.6057
MPLADS-001568,536807.34,552278.52,504598.9,32208.439999999944,0.94
MPLADS-001569,1094101.99,1062024.41,658581.06,435520.92999999993,0.6019
MPLADS-001570,1254417.17,1240920.04,763159.83,491257.33999999997,0.6084
MPLADS-001571,2330175.72,2216223.42,2214313.47,115862.25,0.9503
MPLADS-001572,1251049.61,1200622.45,910213.96,340835.65000000014,0.7276
MPLADS-001573,2277023.95,2302198.32,2063161.11,213862.84000000008,0.9061
MPLADS-001574,672313.21,664020.58,640487.77,31825.439999999944,0.9527
MPLADS-001575,3478926.54,3604252.48,3235084.46,243842.08000000007,0.9299
MPLADS-001576,201329.64,204495.76,179048.93,22280.71000000002,0.8893
MPLADS-001577,2155116.0,2222847.3,2025809.04,129306.95999999996,0.94
MPLADS-001578,474801.06,469711.56,308513.74,166287.32,0.6498
MPLADS-001579,525245.3,533549.0,491860.11,33385.19000000006,0.9364
MPLADS-001580,3528546.37,3462868.04,2823482.4,705063.9700000002,0.8002
MPLADS-001581,669717.06,650379.88,639563.01,30154.050000000047,0.955
MPLADS-001582,4883061.35,4963915.21,4313733.77,569327.5800000001,0.8834
MPLADS-001583,1713224.25,1649470.53,2230622.34,0.0,1.302
MPLADS-001584,3195912.3,3215427.6,2603945.28,591967.02,0.8148
MPLADS-001585,892812.2,922222.48,876617.37,16194.829999999958,0.9819
MPLADS-001586,2701456.61,2643195.1,2443041.64,258414.96999999974,0.9043
MPLADS-001587,1286243.41,1246796.72,1043429.66,242813.74999999988,0.8112
MPLADS-001588,3139680.72,3145884.96,3032884.08,106796.64000000013,0.966
MPLADS-001589,909751.42,921123.23,850516.44,59234.9800000001,0.9349
MPLADS-001590,1141930.36,1177640.56,937731.73,204198.63000000012,0.8212
MPLADS-001591,458735.23,450291.32,384485.24,74249.98999999999,0.8381
MPLADS-001592,7669904.54,7969552.61,7605783.98,64120.55999999959,0.9916
MPLADS-001593,817293.27,830663.91,768255.67,49037.59999999998,0.94
MPLADS-001594,512186.23,491011.61,485191.67,26994.559999999998,0.9473
MPLADS-001595,3875691.15,4003818.1,4798321.29,0.0,1.2381
MPLADS-001596,2912474.99,2934206.29,2052651.28,859823.7100000002,0.7048
MPLADS-001597,2219601.0,2309544.84,1664364.93,555236.0700000001,0.7498
MPLADS-001598,788914.61,795729.62,741579.73,47334.880000000005,0.94
MPLADS-001599,396529.19,409112.86,312197.91,84331.28000000003,0.7873
MPLADS-001600,1243425.26,1226245.54,788030.81,455394.44999999995,0.6338
MPLADS-001601,975812.38,1014961.92,917263.64,58548.73999999999,0.94
MPLADS-001602,934527.77,960185.33,647582.16,286945.61,0.693
MPLADS-001603,1841923.05,1803076.44,1182696.03,659227.02,0.6421
MPLADS-001604,492820.43,485714.72,395786.87,97033.56,0.8031
MPLADS-001605,1988876.72,2024490.06,2594624.83,0.0,1.3046
MPLADS-001606,484739.55,491779.07,687056.54,0.0,1.4174
MPLADS-001607,421690.47,426865.58,413461.43,8229.039999999979,0.9805
MPLADS-001608,731219.85,754715.94,676303.44,54916.41000000003,0.9249
MPLADS-001609,922424.26,952589.19,787636.62,134787.64,0.8539
MPLADS-001610,385725.14,400978.77,314085.99,71639.15000000002,0.8143
MPLADS-001611,450284.27,459470.28,423267.21,27017.059999999998,0.94
MPLADS-001612,788315.11,770920.66,717196.76,71118.34999999998,0.9098
MPLADS-001613,232195.06,240695.64,218263.36,13931.700000000012,0.94
MPLADS-001614,1706604.22,1717436.46,1025906.41,680697.8099999999,0.6011
MPLADS-001615,1261731.18,1304584.45,799207.21,462523.97,0.6334
MPLADS-001616,2483764.45,2392737.32,1557193.37,926571.0800000001,0.6269
MPLADS-001617,3115815.09,3144580.27,2026273.42,1089541.67,0.6503
MPLADS-001618,916993.98,961440.24,815513.99,101479.98999999999,0.8893
MPLADS-001619,443394.97,423250.92,346798.29,96596.68,0.7821
MPLADS-001620,2949185.28,3057722.22,4214215.92,0.0,1.4289
MPLADS-001621,474946.95,479370.69,409174.67,65772.28000000003,0.8615
MPLADS-001622,440170.13,435776.4,278977.7,161192.43,0.6338
MPLADS-001623,195171.84,191921.23,182694.42,12477.419999999984,0.9361
MPLADS-001624,3490888.86,3520398.21,2275089.49,1215799.3699999996,0.6517
MPLADS-001625,433320.44,425636.19,433320.44,0.0,1.0
MPLADS-001626,6576182.61,6310911.89,5562249.3,1013933.3100000005,0.8458
MPLADS-001627,469753.77,455640.34,368536.91,101216.86000000004,0.7845
MPLADS-001628,194879.83,204219.72,180226.49,14653.339999999997,0.9248
MPLADS-001629,1781281.05,1801593.0,1649711.72,131569.33000000007,0.9261
MPLADS-001630,3369435.97,3457259.53,3369435.97,0.0,1.0
MPLADS-001631,792220.26,791177.59,636703.72,155516.54000000004,0.8037
MPLADS-001632,2831417.21,2730866.11,2348084.18,483333.0299999998,0.8293
MPLADS-001633,3057558.3,3030927.15,2446442.18,611116.1199999996,0.8001
MPLADS-001634,784026.58,808330.9,736984.99,47041.58999999997,0.94
MPLADS-001635,812709.09,791720.01,570522.06,242187.0299999999,0.702
MPLADS-001636,1356452.73,1320751.48,976357.49,380095.24,0.7198
MPLADS-001637,2176981.13,2229227.94,1670456.81,506524.31999999983,0.7673
MPLADS-001638,1790727.96,1743457.65,1385308.64,405419.32000000007,0.7736
MPLADS-001639,1313954.11,1363219.64,808951.17,505002.94000000006,0.6157
MPLADS-001640,872473.58,832336.97,646781.54,225692.03999999992,0.7413
MPLADS-001641,1535980.25,1575719.37,1443821.43,92158.82000000007,0.94
MPLADS-001642,1711331.99,1737044.21,1467381.45,243950.54000000004,0.8574
MPLADS-001643,190018.99,180554.61,153467.12,36551.869999999995,0.8076
MPLADS-001644,640695.79,642375.85,450322.81,190372.98000000004,0.7029
MPLADS-001645,470619.25,457090.44,286481.84,184137.40999999997,0.6087
MPLADS-001646,7256965.48,7388736.94,6369551.66,887413.8200000003,0.8777
MPLADS-001647,1835487.11,1829046.73,1675365.58,160121.53000000003,0.9128
MPLADS-001648,3453494.42,3556881.57,3256490.57,197003.8500000001,0.943
MPLADS-001649,942796.57,955665.33,785725.14,157071.42999999993,0.8334
MPLADS-001650,1841522.61,1816940.23,1712624.81,128897.80000000005,0.93
MPLADS-001651,649499.23,651478.25,426117.74,223381.49,0.6561
MPLADS-001652,1599255.25,1530921.63,1457146.19,142109.06000000006,0.9111
MPLADS-001653,2564434.37,2488050.68,1547347.14,1017087.2300000002,0.6034
MPLADS-001654,512115.98,520355.43,419953.96,92162.01999999996,0.82
MPLADS-001655,1219052.51,1264748.32,1121356.37,97696.1399999999,0.9199
MPLADS-001656,908477.88,894203.37,603418.65,305059.23,0.6642
MPLADS-001657,1146319.37,1166747.1,1077540.21,68779.16000000015,0.94
MPLADS-001658,187048.75,192126.6,122877.41,64171.34,0.6569
MPLADS-001659,845447.82,818085.87,536250.12,309197.69999999995,0.6343
MPLADS-001660,514431.64,536764.08,445573.68,68857.96000000002,0.8661
MPLADS-001661,2499504.07,2458928.93,2281698.5,217805.56999999983,0.9129
MPLADS-001662,1060137.95,1033214.56,909727.02,150410.92999999993,0.8581
MPLADS-001663,8212959.39,7885865.39,7784987.02,427972.3700000001,0.9479
MPLADS-001664,218361.85,209768.5,171532.31,46829.54000000001,0.7855
MPLADS-001665,1156506.79,1210559.13,857306.96,299199.8300000001,0.7413
MPLADS-001666,442498.11,460868.21,410026.91,32471.20000000001,0.9266
MPLADS-001667,1256790.62,1255453.18,981032.62,275758.0000000001,0.7806
MPLADS-001668,442398.09,439711.18,395964.21,46433.880000000005,0.895
MPLADS-001669,476382.8,483471.49,338177.86,138204.94,0.7099
MPLADS-001670,4765273.18,4563985.65,4363977.29,401295.88999999966,0.9158
MPLADS-001671,1194496.42,1147144.56,902663.95,291832.47,0.7557
MPLADS-001672,3168646.39,3255563.44,2338646.66,829999.73,0.7381
MPLADS-001673,454472.37,460679.97,438054.85,16417.52000000002,0.9639
MPLADS-001674,5419903.25,5253174.45,4619422.74,800480.5099999998,0.8523
MPLADS-001675,3242734.02,3392409.76,3082986.75,159747.27000000002,0.9507
MPLADS-001676,1211498.98,1255751.58,890221.74,321277.24,0.7348
MPLADS-001677,1804498.95,1819785.98,1726247.88,78251.07000000007,0.9566
MPLADS-001678,7687079.13,7393894.74,6842910.97,844168.1600000001,0.8902
MPLADS-001679,202332.88,208649.07,157177.43,45155.45000000001,0.7768
MPLADS-001680,838957.39,806937.42,745921.31,93036.07999999996,0.8891
MPLADS-001681,4265327.57,4215904.03,3520778.09,744549.4800000004,0.8254
MPLADS-001682,3804943.13,3773499.77,3267809.24,537133.8899999997,0.8588
MPLADS-001683,3009860.44,3016259.58,2940440.75,69419.68999999994,0.9769
MPLADS-001684,486687.93,478846.61,485281.93,1406.0,0.9971
MPLADS-001685,237528.15,240508.62,198264.83,39263.32000000001,0.8347
MPLADS-001686,2979673.33,3123694.6,1790313.93,1189359.4000000001,0.6008
MPLADS-001687,845606.5,851264.61,579558.33,266048.17000000004,0.6854
MPLADS-001688,6817384.29,6851774.74,6606962.21,210422.08000000007,0.9691
MPLADS-001689,1054762.04,1091737.54,728112.3,326649.74,0.6903
MPLADS-001690,765323.71,727194.81,650729.15,114594.55999999994,0.8503
MPLADS-001691,3809889.33,3646640.42,3409993.16,399896.1699999999,0.895
MPLADS-001692,2679574.56,2566927.06,2670769.78,8804.78000000026,0.9967
MPLADS-001693,488142.58,501510.55,301392.26,186750.32,0.6174
MPLADS-001694,447273.32,464571.89,341415.25,105858.07,0.7633
MPLADS-001695,444209.4,450665.69,436608.2,7601.200000000012,0.9829
MPLADS-001696,1227060.01,1270170.08,947952.13,279107.88,0.7725
MPLADS-001697,3053655.81,3013864.1,2467738.37,585917.44,0.8081
MPLADS-001698,2640397.28,2700560.73,1909120.02,731277.2599999998,0.723
MPLADS-001699,1047787.59,1049987.02,824998.23,222789.36,0.7874
MPLADS-001700,3973385.66,3952484.0,2571234.22,1402151.44,0.6471
MPLADS-001701,1295834.21,1338685.08,1121264.96,174569.25,0.8653
MPLADS-001702,245915.2,236300.12,171703.64,74211.56,0.6982
MPLADS-001703,1652400.71,1598332.71,1634152.73,18247.97999999998,0.989
MPLADS-001704,495827.56,503197.8,472795.54,23032.02000000002,0.9535
MPLADS-001705,13841831.18,13948015.53,9107913.93,4733917.25,0.658
MPLADS-001706,2568803.07,2554611.84,2035791.5,533011.5699999998,0.7925
MPLADS-001707,2953145.76,2954710.05,2236858.16,716287.5999999996,0.7574
MPLADS-001708,7094465.29,7017221.91,5355871.62,1738593.67,0.7549
MPLADS-001709,738997.8,714625.86,717480.6,21517.20000000007,0.9709
MPLADS-001710,3850774.74,3669260.0,2740190.02,1110584.7200000002,0.7116
MPLADS-001711,868770.44,836695.11,807317.74,61452.69999999995,0.9293
MPLADS-001712,470097.64,461010.65,402903.86,67193.78000000003,0.8571
MPLADS-001713,229204.89,232507.06,156257.92,72946.97,0.6817
MPLADS-001714,979998.41,1017177.94,763646.61,216351.80000000005,0.7792
MPLADS-001715,810436.24,778465.16,728341.75,82094.48999999999,0.8987
MPLADS-001716,1233510.92,1198408.46,1514532.56,0.0,1.2278
MPLADS-001717,3041458.5,3176703.62,3818827.71,0.0,1.2556
MPLADS-001718,3013477.75,2887427.6,2789543.22,223934.5299999998,0.9257
MPLADS-001719,6328430.62,6041381.82,6184514.88,143915.74000000022,0.9773
MPLADS-001720,450085.08,432167.77,422128.52,27956.559999999998,0.9379
MPLADS-001721,446626.03,452677.46,340553.83,106072.20000000001,0.7625
MPLADS-001722,2741386.3,2653131.68,2246936.35,494449.9499999997,0.8196
MPLADS-001723,508062.23,529381.32,470598.25,37463.97999999998,0.9263
MPLADS-001724,800546.05,823448.73,493557.9,306988.15,0.6165
MPLADS-001725,6459857.32,6313908.62,5002183.49,1457673.83,0.7743
MPLADS-001726,946314.98,924896.58,643173.77,303141.20999999996,0.6797
MPLADS-001727,516122.53,511575.7,465574.5,50548.03000000003,0.9021
MPLADS-001728,1148896.93,1195463.07,729284.18,419612.7499999999,0.6348
MPLADS-001729,976180.68,973387.71,805903.33,170277.3500000001,0.8256
MPLADS-001730,893807.62,909634.47,835690.46,58117.16000000003,0.935
MPLADS-001731,1774491.4,1696892.48,1208128.36,566363.0399999998,0.6808
MPLADS-001732,2700775.94,2686423.41,2117584.85,583191.0899999999,0.7841
MPLADS-001733,452679.26,460266.7,298897.82,153781.44,0.6603
MPLADS-001734,1314095.67,1366242.25,1045799.71,268295.95999999996,0.7958
MPLADS-001735,8668914.96,8812196.9,7859150.67,809764.290000001,0.9066
MPLADS-001736,656894.53,635126.55,641552.06,15342.469999999972,0.9766
MPLADS-001737,1311029.12,1286941.78,1109241.22,201787.90000000014,0.8461
MPLADS-001738,1029843.95,1009199.69,946402.89,83441.05999999994,0.919
MPLADS-001739,1110190.87,1091565.49,1057256.89,52933.980000000214,0.9523
MPLADS-001740,525482.13,511530.8,642329.31,0.0,1.2224
MPLADS-001741,2302868.01,2268160.42,1849422.15,453445.85999999987,0.8031
MPLADS-001742,208589.06,207328.65,166609.94,41979.119999999995,0.7987
MPLADS-001743,2582882.01,2613786.35,2300718.92,282163.08999999985,0.8908
MPLADS-001744,3402338.1,3427537.99,3375731.66,26606.439999999944,0.9922
MPLADS-001745,1608989.41,1579791.52,1444111.54,164877.86999999988,0.8975
MPLADS-001746,845572.07,822193.54,646024.2,199547.87,0.764
MPLADS-001747,498021.3,476890.48,434272.03,63749.26999999996,0.872
MPLADS-001748,2440583.64,2388781.9,2345594.45,94989.18999999994,0.9611
MPLADS-001749,1932700.42,1943574.21,1604664.27,328036.1499999999,0.8303
MPLADS-001750,702839.07,715113.78,583785.27,119053.79999999993,0.8306
MPLADS-001751,385015.19,387146.78,246148.2,138866.99,0.6393
MPLADS-001752,221479.37,225310.42,174346.14,47133.22999999998,0.7872
MPLADS-001753,737936.79,726996.78,688114.99,49821.80000000005,0.9325
MPLADS-001754,2592183.35,2518926.26,2378185.14,213998.20999999996,0.9174
MPLADS-001755,1352775.07,1294484.1,926129.72,426645.3500000001,0.6846
MPLADS-001756,1280808.54,1230118.08,918972.48,361836.06000000006,0.7175
MPLADS-001757,941232.77,916947.65,668035.5,273197.27,0.7097
MPLADS-001758,3563024.4,3439002.76,2592875.72,970148.6799999997,0.7277
MPLADS-001759,1679149.38,1648609.91,1115620.36,563529.0199999998,0.6644
MPLADS-001760,1532464.52,1607232.48,1303686.57,228777.94999999995,0.8507
MPLADS-001761,242840.46,240158.36,180547.15,62293.31,0.7435
MPLADS-001762,1662098.12,1670173.72,1460641.57,201456.55000000005,0.8788
MPLADS-001763,1767252.97,1828287.1,1103804.86,663448.1099999999,0.6246
MPLADS-001764,923278.06,964472.24,832012.55,91265.51000000001,0.9012
MPLADS-001765,712139.95,698168.29,646839.22,65300.72999999998,0.9083
MPLADS-001766,3675997.64,3825343.45,2245291.95,1430705.69,0.6108
MPLADS-001767,510317.02,513847.37,403969.43,106347.59000000003,0.7916
MPLADS-001768,476663.58,499085.76,372948.83,103714.75,0.7824
MPLADS-001769,1983038.85,1919844.08,1309674.62,673364.23,0.6604
MPLADS-001770,789796.26,822918.76,653265.41,136530.84999999998,0.8271
MPLADS-001771,425677.17,440410.96,380459.6,45217.57000000001,0.8938
MPLADS-001772,2959265.51,3055704.19,3993362.84,0.0,1.3494
MPLADS-001773,196396.31,197693.53,156871.89,39524.419999999984,0.7988
MPLADS-001774,2636664.49,2766240.51,2314510.33,322154.16000000015,0.8778
MPLADS-001775,2247744.2,2294202.17,1389844.5,857899.7000000002,0.6183
MPLADS-001776,2498568.33,2555326.27,2371654.95,126913.37999999989,0.9492
MPLADS-001777,797567.61,828707.97,734148.97,63418.640000000014,0.9205
MPLADS-001778,218328.9,212151.6,205229.17,13099.729999999981,0.94
MPLADS-001779,801391.99,793980.9,535440.63,265951.36,0.6681
MPLADS-001780,515040.84,513700.28,465142.61,49898.23000000004,0.9031
MPLADS-001781,211138.55,219226.42,210821.53,317.0199999999895,0.9985
MPLADS-001782,251686.98,246555.34,213511.98,38175.0,0.8483
MPLADS-001783,2393355.77,2294536.2,1556353.67,837002.1000000001,0.6503
MPLADS-001784,3535247.64,3549205.93,2873532.49,661715.1499999999,0.8128
MPLADS-001785,1364121.04,1304921.1,838291.36,525829.68,0.6145
MPLADS-001786,1759178.91,1774355.18,1285491.23,473687.67999999993,0.7307
MPLADS-001787,674449.24,645816.83,462892.33,211556.90999999997,0.6863
MPLADS-001788,1357952.19,1330579.88,1032792.27,325159.9199999999,0.7606
MPLADS-001789,4462004.38,4594935.65,2687435.31,1774569.0699999998,0.6023
MPLADS-001790,2705014.8,2697259.76,2598909.8,106105.0,0.9608
MPLADS-001791,475913.4,455749.95,382805.23,93108.17000000004,0.8044
MPLADS-001792,973930.36,936843.28,608995.56,364934.79999999993,0.6253
MPLADS-001793,1335075.38,1277255.97,830483.95,504591.42999999993,0.6221
MPLADS-001794,3525031.19,3496076.39,3142238.26,382792.93000000017,0.8914
MPLADS-001795,442024.77,435947.43,276110.47,165914.30000000005,0.6246
MPLADS-001796,906364.44,918080.94,711861.05,194503.3899999999,0.7854
MPLADS-001797,3270921.26,3172934.23,2821687.06,449234.1999999997,0.8627
MPLADS-001798,3192527.06,3117317.93,2462350.89,730176.1699999999,0.7713
MPLADS-001799,837592.99,818185.68,818444.01,19148.97999999998,0.9771
MPLADS-001800,8360681.35,8191650.63,8160025.57,200655.77999999933,0.976
MPLADS-001801,1098523.46,1054987.66,735075.98,363447.48,0.6691
MPLADS-001802,1798488.44,1758391.54,1323888.27,474600.1699999999,0.7361
MPLADS-001803,1959109.77,2022699.7,1294625.51,664484.26,0.6608
MPLADS-001804,12376855.3,12014620.03,8236107.98,4140747.3200000003,0.6654
MPLADS-001805,515973.64,504881.95,482401.3,33572.340000000026,0.9349
MPLADS-001806,1030441.41,1014040.64,835725.18,194716.22999999998,0.811
MPLADS-001807,209179.39,219399.95,199505.38,9674.01000000001,0.9538
MPLADS-001808,742810.92,724616.3,718613.86,24197.060000000056,0.9674
MPLADS-001809,2688809.54,2650051.91,1637943.34,1050866.2,0.6092
MPLADS-001810,738266.35,740856.74,488120.63,250145.71999999997,0.6612
MPLADS-001811,1237409.87,1231672.36,813989.35,423420.52000000014,0.6578
MPLADS-001812,209834.99,211625.4,141243.53,68591.45999999999,0.6731
MPLADS-001813,840684.69,824488.23,799298.18,41386.50999999989,0.9508
MPLADS-001814,234029.8,232850.96,181375.47,52654.32999999999,0.775
MPLADS-001815,2161531.24,2212064.57,1599715.49,561815.7500000002,0.7401
MPLADS-001816,2401508.24,2372966.43,2321714.56,79793.68000000017,0.9668
MPLADS-001817,200303.11,205666.01,134428.96,65874.15,0.6711
MPLADS-001818,2056862.5,1957598.18,1787934.8,268927.69999999995,0.8693
MPLADS-001819,210491.56,215233.96,161286.63,49204.92999999999,0.7662
MPLADS-001820,191651.39,192180.12,178261.22,13390.170000000013,0.9301
MPLADS-001821,1170214.59,1151140.98,973134.01,197080.58000000007,0.8316
MPLADS-001822,2763724.82,2897418.37,2667604.5,96120.31999999983,0.9652
MPLADS-001823,3826916.69,3796511.74,2613016.9,1213899.79,0.6828
MPLADS-001824,1921608.24,1847336.55,1345837.02,575771.22,0.7004
MPLADS-001825,560235.31,564101.62,496037.98,64197.330000000075,0.8854
MPLADS-001826,2841384.75,2957748.68,2670901.67,170483.08000000007,0.94
MPLADS-001827,470738.34,461168.02,322117.59,148620.75,0.6843
MPLADS-001828,739617.44,755184.39,545781.77,193835.66999999993,0.7379
MPLADS-001829,689743.34,665597.48,495137.69,194605.64999999997,0.7179
MPLADS-001830,482882.68,464898.12,363338.35,119544.33000000002,0.7524
MPLADS-001831,2920863.91,2905467.53,2277229.87,643634.04,0.7796
MPLADS-001832,1508597.91,1525258.93,1286524.25,222073.65999999992,0.8528
MPLADS-001833,3356878.99,3238624.19,4631492.71,0.0,1.3797
MPLADS-001834,979679.97,1007503.94,876052.62,103627.34999999998,0.8942
MPLADS-001835,827864.83,808396.84,721641.67,106223.15999999992,0.8717
MPLADS-001836,1013797.63,1015564.04,918859.37,94938.26000000001,0.9064
MPLADS-001837,505020.35,484566.99,326183.14,178837.20999999996,0.6459
MPLADS-001838,1191261.51,1149639.23,889692.45,301569.06000000006,0.7468
MPLADS-001839,4014424.84,4030130.94,3896050.81,118374.0299999998,0.9705
MPLADS-001840,240710.62,244399.75,146186.11,94524.51000000001,0.6073
MPLADS-001841,3994490.11,4054901.68,5253265.58,0.0,1.3151
MPLADS-001842,2548450.92,2638133.9,2309338.31,239112.60999999987,0.9062
MPLADS-001843,3006879.8,3045120.06,2847580.35,159299.44999999972,0.947
MPLADS-001844,448886.72,438863.62,284917.32,163969.39999999997,0.6347
MPLADS-001845,3567842.11,3522395.03,2527648.74,1040193.3699999996,0.7085
MPLADS-001846,3141679.97,3120122.83,3012284.0,129395.9700000002,0.9588
MPLADS-001847,1033645.69,1011704.86,747619.43,286026.2599999999,0.7233
MPLADS-001848,3020128.34,2870941.01,2862972.0,157156.33999999985,0.948
MPLADS-001849,1214253.1,1267825.48,1141397.91,72855.19000000018,0.94
MPLADS-001850,515423.73,531468.55,312744.29,202679.44,0.6068
MPLADS-001851,2840227.64,2883060.3,1885815.5,954412.1400000001,0.664
MPLADS-001852,891823.64,850614.16,589568.0,302255.64,0.6611
MPLADS-001853,224616.4,234599.18,220584.29,4032.109999999986,0.982
MPLADS-001854,552885.86,543244.82,341770.9,211114.95999999996,0.6182
MPLADS-001855,1246587.27,1229241.59,788071.55,458515.72,0.6322
MPLADS-001856,3170456.91,3088653.78,1931888.27,1238568.6400000001,0.6093
MPLADS-001857,439805.25,442585.03,320301.76,119503.48999999999,0.7283
MPLADS-001858,544741.2,559470.07,672493.96,0.0,1.2345
MPLADS-001859,2985143.0,2922921.25,1875014.01,1110128.99,0.6281
MPLADS-001860,2413359.79,2381779.4,1677978.74,735381.05,0.6953
MPLADS-001861,1783819.09,1864295.3,1345448.9,438370.1900000002,0.7543
MPLADS-001862,2738373.05,2744854.81,1912039.25,826333.7999999998,0.6982
MPLADS-001863,2726188.13,2665710.17,2710807.22,15380.909999999683,0.9944
MPLADS-001864,8815381.96,9196055.98,8045635.28,769746.6800000006,0.9127
MPLADS-001865,417188.44,436591.8,282109.02,135079.41999999998,0.6762
MPLADS-001866,4154383.83,4057317.79,4034137.44,120246.39000000013,0.9711
MPLADS-001867,214867.38,207756.52,149471.11,65396.27000000002,0.6956
MPLADS-001868,1734106.47,1713977.65,1127399.79,606706.6799999999,0.6501
MPLADS-001869,494805.35,472238.63,472715.53,22089.81999999995,0.9554
MPLADS-001870,3228247.71,3283337.33,3034552.85,193694.85999999987,0.94
MPLADS-001871,2623115.44,2497472.22,1581172.77,1041942.6699999999,0.6028
MPLADS-001872,3951057.65,3772789.43,2887097.53,1063960.12,0.7307
MPLADS-001873,1831175.45,1861802.86,1322852.52,508322.92999999993,0.7224
MPLADS-001874,236965.24,226514.25,219848.68,17116.559999999998,0.9278
MPLADS-001875,1291194.01,1308384.01,791724.01,499470.0,0.6132
MPLADS-001876,917891.0,919981.99,851220.51,66670.48999999999,0.9274
MPLADS-001877,2395536.2,2333133.36,2056821.66,338714.54000000027,0.8586
MPLADS-001878,2611885.91,2656774.41,1787534.91,824351.0000000002,0.6844
MPLADS-001879,1705699.75,1712631.84,1087529.51,618170.24,0.6376
MPLADS-001880,9031015.28,9432306.13,6661208.13,2369807.1499999994,0.7376
MPLADS-001881,203571.51,200228.49,187790.35,15781.160000000003,0.9225
MPLADS-001882,1153322.81,1197868.91,992990.38,160332.43000000005,0.861
MPLADS-001883,1799611.66,1868259.95,1381657.6,417954.0599999998,0.7678
MPLADS-001884,1603174.31,1570129.99,1246916.8,356257.51,0.7778
MPLADS-001885,550287.94,538092.87,370153.12,180134.81999999995,0.6727
MPLADS-001886,472387.56,458558.3,377819.12,94568.44,0.7998
MPLADS-001887,430266.56,409990.72,371435.44,58831.119999999995,0.8633
MPLADS-001888,1068648.33,1043427.88,963355.28,105293.05000000005,0.9015
MPLADS-001889,699200.58,682801.84,475194.21,224006.36999999994,0.6796
MPLADS-001890,248535.47,243694.51,159986.75,88548.72,0.6437
MPLADS-001891,2526066.52,2408292.53,1590891.68,935174.8400000001,0.6298
MPLADS-001892,2830909.93,2903910.7,1790684.24,1040225.6900000002,0.6325
MPLADS-001893,847637.8,816306.92,539012.13,308625.67000000004,0.6359
MPLADS-001894,1274351.56,1296627.13,1272794.39,1557.1700000001583,0.9988
MPLADS-001895,3755166.87,3678176.05,3435823.87,319343.0,0.915
MPLADS-001896,2401471.45,2419884.49,1648745.61,752725.8400000001,0.6866
MPLADS-001897,427869.29,410762.72,357170.6,70698.69,0.8348
MPLADS-001898,970010.56,968378.85,728008.1,242002.46000000008,0.7505
MPLADS-001899,1807148.08,1753400.38,1501041.24,306106.8400000001,0.8306
MPLADS-001900,505945.58,523968.08,337565.99,168379.59000000003,0.6672
MPLADS-001901,1242678.23,1224041.67,1174501.58,68176.6499999999,0.9451
MPLADS-001902,1450267.8,1430477.19,913388.18,536879.62,0.6298
MPLADS-001903,808431.83,815581.01,597505.03,210926.79999999993,0.7391
MPLADS-001904,425701.9,443451.51,363832.56,61869.340000000026,0.8547
MPLADS-001905,1855499.77,1820439.34,1362825.55,492674.22,0.7345
MPLADS-001906,385298.25,395885.71,339541.02,45757.22999999998,0.8812
MPLADS-001907,2402014.62,2293154.49,2098594.41,303420.20999999996,0.8737
MPLADS-001908,2125607.84,2154477.67,1335324.31,790283.5299999998,0.6282
MPLADS-001909,2763939.71,2775343.24,2596494.96,167444.75,0.9394
MPLADS-001910,996778.37,1011016.59,928577.53,68200.83999999997,0.9316
MPLADS-001911,772984.24,745298.92,552020.77,220963.46999999997,0.7141
MPLADS-001912,436531.68,456452.54,359185.28,77346.39999999997,0.8228
MPLADS-001913,2860582.61,2972772.18,2143290.13,717292.48,0.7492
MPLADS-001914,2471157.67,2419897.9,2174570.09,296587.5800000001,0.88
MPLADS-001915,844088.69,862011.51,641807.58,202281.11,0.7604
MPLADS-001916,3021715.76,3013428.8,2529233.72,492482.0399999996,0.837
MPLADS-001917,3379310.9,3280342.74,3038452.48,340858.4199999999,0.8991
MPLADS-001918,2447997.14,2403981.37,1702345.03,745652.1100000001,0.6954
MPLADS-001919,1749997.78,1772965.79,1515192.16,234805.6200000001,0.8658
MPLADS-001920,1246770.93,1303513.61,1149950.29,96820.6399999999,0.9223
MPLADS-001921,1034258.59,1042248.12,807439.53,226819.05999999994,0.7807
MPLADS-001922,2384844.51,2301431.92,2248828.03,136016.47999999998,0.943
MPLADS-001923,1734843.76,1748871.49,1499809.27,235034.49,0.8645
MPLADS-001924,2956032.64,2944458.14,2366390.12,589642.52,0.8005
MPLADS-001925,3070783.22,3009507.36,2298451.82,772331.4000000004,0.7485
MPLADS-001926,1258288.4,1218867.88,946996.27,311292.1299999999,0.7526
MPLADS-001927,1624610.0,1619518.86,1317684.94,306925.06000000006,0.8111
MPLADS-001928,1765526.3,1754197.68,1356379.05,409147.25,0.7683
MPLADS-001929,2129010.39,2212013.45,1807004.91,322005.4800000002,0.8488
MPLADS-001930,228356.61,230239.42,156687.42,71669.18999999997,0.6862
MPLADS-001931,6521150.57,6301580.72,4506309.51,2014841.0600000005,0.691
MPLADS-001932,444876.94,463467.26,270785.05,174091.89,0.6087
MPLADS-001933,2447523.99,2406301.67,1870531.04,576992.9500000002,0.7643
MPLADS-001934,5400064.59,5317932.45,4995890.97,404173.6200000001,0.9252
MPLADS-001935,5771934.03,5929971.03,3563190.51,2208743.5200000005,0.6173
MPLADS-001936,1198492.13,1212570.97,763481.19,435010.93999999994,0.637
MPLADS-001937,735483.69,730147.25,691354.67,44129.0199999999,0.94
MPLADS-001938,190704.89,193578.92,132011.96,58692.93000000002,0.6922
MPLADS-001939,430827.9,433668.83,345027.06,85800.84000000003,0.8008
MPLADS-001940,519531.24,498610.52,371984.45,147546.78999999998,0.716
MPLADS-001941,3110835.95,3029181.76,2991629.09,119206.86000000034,0.9617
MPLADS-001942,482005.9,500341.76,309205.97,172799.93000000005,0.6415
MPLADS-001943,12044913.58,12247849.15,8674804.58,3370109.0,0.7202
MPLADS-001944,770342.96,789304.51,766800.97,3541.9899999999907,0.9954
MPLADS-001945,243342.96,243336.14,211012.02,32330.940000000002,0.8671
MPLADS-001946,2902140.79,2940272.12,2193860.49,708280.2999999998,0.7559
MPLADS-001947,2561009.19,2556045.13,1599118.8,961890.3899999999,0.6244
MPLADS-001948,8563655.79,8814208.99,7353644.52,1210011.2699999996,0.8587
MPLADS-001949,3837061.66,3876439.87,3178903.33,658158.3300000001,0.8285
MPLADS-001950,3911609.63,3745263.81,3305931.42,605678.21,0.8452
MPLADS-001951,3337107.52,3413901.62,2367376.57,969730.9500000002,0.7094
MPLADS-001952,1157416.01,1147091.16,946830.01,210586.0,0.8181
MPLADS-001953,815866.43,790136.62,637105.91,178760.52000000002,0.7809
MPLADS-001954,3072519.11,2965549.53,2744592.51,327926.6000000001,0.8933
MPLADS-001955,2795749.7,2760386.8,2352146.56,443603.14000000013,0.8413
MPLADS-001956,1609295.54,1674097.42,1605371.41,3924.130000000121,0.9976
MPLADS-001957,2191344.98,2189403.94,1947154.18,244190.80000000005,0.8886
MPLADS-001958,2636162.25,2618202.95,2622313.73,13848.520000000019,0.9947
MPLADS-001959,244841.27,233360.06,214403.68,30437.589999999997,0.8757
MPLADS-001960,2439364.87,2368676.43,3181981.28,0.0,1.3044
MPLADS-001961,485114.1,499673.76,401116.16,83997.94,0.8268
MPLADS-001962,1668273.26,1704429.42,1173741.97,494531.29000000004,0.7036
MPLADS-001963,2300731.66,2195264.93,1531585.36,769146.3,0.6657
MPLADS-001964,1249927.82,1296039.31,935559.73,314368.0900000001,0.7485
MPLADS-001965,508622.28,517034.48,507627.96,994.320000000007,0.998
MPLADS-001966,2566863.22,2684525.71,1556644.01,1010219.2100000002,0.6064
MPLADS-001967,4299846.92,4430580.94,3386429.6,913417.3199999998,0.7876
MPLADS-001968,994523.39,1040586.44,645543.62,348979.77,0.6491
MPLADS-001969,5587713.47,5334777.31,5329148.33,258565.13999999966,0.9537
MPLADS-001970,1901214.17,1918226.19,2750917.09,0.0,1.4469
MPLADS-001971,241944.06,246013.71,195695.02,46249.04000000001,0.8088
MPLADS-001972,3521347.14,3445207.35,2763263.97,758083.1699999999,0.7847
MPLADS-001973,217735.27,209246.67,207596.3,10138.970000000001,0.9534
MPLADS-001974,1955027.28,2039096.88,1342542.64,612484.6400000001,0.6867
MPLADS-001975,445115.02,436848.55,422549.22,22565.800000000047,0.9493
MPLADS-001976,663544.2,682807.35,487883.89,175660.30999999994,0.7353
MPLADS-001977,1970860.99,1944545.35,1333942.21,636918.78,0.6768
MPLADS-001978,1832448.61,1740946.48,1832448.61,0.0,1.0
MPLADS-001979,9404146.61,9160313.5,9208784.46,195362.1499999985,0.9792
MPLADS-001980,3931393.64,4065478.38,2650305.18,1281088.46,0.6741
MPLADS-001981,573773.32,579914.95,388885.23,184888.08999999997,0.6778
MPLADS-001982,2065627.38,1998782.55,1941689.74,123937.6399999999,0.94
MPLADS-001983,2464339.87,2561126.15,2110371.23,353968.64000000013,0.8564
MPLADS-001984,2493387.78,2420872.22,1912955.1,580432.6799999997,0.7672
MPLADS-001985,2711394.45,2826517.45,3789764.71,0.0,1.3977
MPLADS-001986,669511.79,679879.2,442120.52,227391.27000000002,0.6604
MPLADS-001987,2417049.68,2443852.64,2228062.08,188987.6000000001,0.9218
MPLADS-001988,443711.11,426730.83,318813.16,124897.95000000001,0.7185
MPLADS-001989,6746564.61,6439297.76,4109289.43,2637275.18,0.6091
MPLADS-001990,1884103.87,1852025.03,1638987.86,245116.01,0.8699
MPLADS-001991,2395305.1,2329694.86,1608920.15,786384.9500000002,0.6717
MPLADS-001992,2688679.03,2658992.44,2114848.65,573830.3799999999,0.7866
MPLADS-001993,643958.59,627879.25,419191.19,224767.39999999997,0.651
MPLADS-001994,856325.43,819957.8,514984.6,341340.8300000001,0.6014
MPLADS-001995,1745267.78,1733907.92,1514535.24,230732.54000000004,0.8678
MPLADS-001996,1737307.22,1769721.64,1382333.89,354973.3300000001,0.7957
MPLADS-001997,215689.22,209911.09,198358.95,17330.26999999999,0.9197
MPLADS-001998,390161.18,394738.69,326504.05,63657.130000000005,0.8368
MPLADS-001999,1296307.15,1261913.18,1289434.82,6872.329999999842,0.9947
MPLADS-002000,1672522.63,1723374.5,1341145.29,331377.33999999985,0.8019
MPLADS-002001,2031397.91,2074007.98,1769045.94,262351.97,0.8709
MPLADS-002002,403605.89,417044.34,309047.02,94558.87,0.7657
MPLADS-002003,4909450.85,4697550.0,3126778.53,1782672.3199999998,0.6369
MPLADS-002004,727549.77,739586.06,487346.63,240203.14,0.6698
MPLADS-002005,3783275.73,3628175.61,2491979.36,1291296.37,0.6587
MPLADS-002006,965960.67,926678.61,754232.11,211728.56000000006,0.7808
MPLADS-002007,3959107.54,3825811.59,3494016.99,465090.5499999998,0.8825
MPLADS-002008,206890.44,211019.29,194477.01,12413.429999999993,0.94
MPLADS-002009,3490042.43,3471744.86,3280639.88,209402.55000000028,0.94
MPLADS-002010,2210584.14,2126461.69,1378518.34,832065.8,0.6236
MPLADS-002011,509343.36,494111.56,344778.85,164564.51,0.6769
MPLADS-002012,1539502.79,1490546.31,1212068.72,327434.07000000007,0.7873
MPLADS-002013,446809.43,438643.16,411492.23,35317.20000000001,0.921
MPLADS-002014,3202519.31,3188979.77,2620005.77,582513.54,0.8181
MPLADS-002015,1663571.91,1690040.46,1344367.37,319204.5399999998,0.8081
MPLADS-002016,833715.54,861231.06,656984.58,176730.96000000008,0.788
MPLADS-002017,835759.07,808111.71,1165601.18,0.0,1.3947
MPLADS-002018,2397561.08,2437243.05,1745047.03,652514.05,0.7278
MPLADS-002019,3486061.71,3570856.71,2171409.44,1314652.27,0.6229
MPLADS-002020,3707721.94,3835482.1,2649600.97,1058120.9699999997,0.7146
MPLADS-002021,3124657.31,3084208.1,2280592.72,844064.5899999999,0.7299
MPLADS-002022,1101558.56,1063085.97,848632.57,252925.9900000001,0.7704
MPLADS-002023,2878669.39,2836804.54,1770272.5,1108396.8900000001,0.615
MPLADS-002024,210360.18,204368.91,201933.76,8426.419999999984,0.9599
MPLADS-002025,462405.03,462851.97,434660.73,27744.300000000047,0.94
MPLADS-002026,384603.94,398651.73,315222.48,69381.46000000002,0.8196
MPLADS-002027,661927.0,641806.16,460030.48,201896.52000000002,0.695
MPLADS-002028,1938853.45,1950130.6,1425704.79,513148.6599999999,0.7353
MPLADS-002029,699777.93,719854.0,487568.82,212209.11000000004,0.6967
MPLADS-002030,2679697.45,2673333.9,2587299.71,92397.74000000022,0.9655
MPLADS-002031,766592.89,761722.24,583219.18,183373.70999999996,0.7608
MPLADS-002032,879051.55,845246.55,759783.2,119268.3500000001,0.8643
MPLADS-002033,8604944.46,8256918.43,7793964.79,810979.6700000009,0.9058
MPLADS-002034,2252180.5,2317840.46,1809115.47,443065.03,0.8033
MPLADS-002035,1349916.32,1351636.05,1069518.99,280397.3300000001,0.7923
MPLADS-002036,480510.25,469764.26,397076.51,83433.73999999999,0.8264
MPLADS-002037,400901.88,420942.43,294342.37,106559.51000000001,0.7342
MPLADS-002038,3093370.23,2999145.45,3065529.53,27840.700000000186,0.991
MPLADS-002039,1593496.57,1550249.79,1223594.4,369902.17000000016,0.7679
MPLADS-002040,1242185.52,1226785.73,833946.36,408239.16000000003,0.6714
MPLADS-002041,2444438.96,2483120.22,1717383.77,727055.19,0.7026
MPLADS-002042,727040.59,725580.0,714270.23,12770.359999999986,0.9824
MPLADS-002043,250383.01,249321.34,169322.49,81060.52000000002,0.6763
MPLADS-002044,831491.2,869054.35,610364.99,221126.20999999996,0.7341
MPLADS-002045,837762.48,871598.41,582651.65,255110.82999999996,0.6955
MPLADS-002046,3245482.87,3115852.96,2213705.66,1031777.21,0.6821
MPLADS-002047,2054469.5,2034634.27,1339539.52,714929.98,0.652
MPLADS-002048,9571385.45,9159133.49,8455175.58,1116209.8699999992,0.8834
MPLADS-002049,494719.99,487794.4,437604.94,57115.04999999999,0.8846
MPLADS-002050,805218.38,786046.68,640111.71,165106.67000000004,0.795
MPLADS-002051,201287.59,201704.78,141456.32,59831.26999999999,0.7028
MPLADS-002052,806380.64,806242.66,772005.24,34375.40000000002,0.9574
MPLADS-002053,1246088.8,1273082.58,839453.05,406635.75,0.6737
MPLADS-002054,459529.62,470149.73,277186.71,182342.90999999997,0.6032
MPLADS-002055,735154.88,740251.35,488673.87,246481.01,0.6647
MPLADS-002056,437124.29,421546.03,603532.47,0.0,1.3807
MPLADS-002057,780039.82,772227.58,733237.43,46802.3899999999,0.94
MPLADS-002058,2933818.98,2847078.0,2466551.11,467267.8700000001,0.8407
MPLADS-002059,2001203.13,2039591.06,1505615.95,495587.17999999993,0.7524
MPLADS-002060,2636548.11,2580952.4,2116866.88,519681.23,0.8029
MPLADS-002061,2589185.17,2537955.45,1884894.61,704290.5599999998,0.728
MPLADS-002062,810331.36,835829.02,575826.05,234505.30999999994,0.7106
MPLADS-002063,1357891.25,1309943.68,828866.58,529024.67,0.6104
MPLADS-002064,3017136.03,3106573.54,2836107.87,181028.15999999968,0.94
MPLADS-002065,1917471.39,1849910.1,1327348.14,590123.25,0.6922
MPLADS-002066,1221000.36,1245594.87,907455.22,313545.14000000013,0.7432
MPLADS-002067,231454.67,229160.35,165077.1,66377.57,0.7132
MPLADS-002068,513639.88,513298.35,415257.3,98382.58000000002,0.8085
MPLADS-002069,2806958.6,2789406.8,1828115.45,978843.1500000001,0.6513
MPLADS-002070,3267062.13,3373267.45,2552034.2,715027.9299999997,0.7811
MPLADS-002071,1072985.51,1038850.56,883821.24,189164.27000000002,0.8237
MPLADS-002072,3254695.7,3214459.52,3254695.7,0.0,1.0
MPLADS-002073,771129.88,800439.95,583436.41,187693.46999999997,0.7566
MPLADS-002074,1688164.56,1758977.2,1557691.81,130472.75,0.9227
MPLADS-002075,1588559.78,1564414.33,1361973.39,226586.39000000013,0.8574
MPLADS-002076,1114637.94,1102895.87,859886.09,254751.84999999998,0.7714
MPLADS-002077,2470773.17,2384558.47,1702482.43,768290.74,0.689
MPLADS-002078,1806009.96,1793462.98,1473522.85,332487.10999999987,0.8159
MPLADS-002079,507365.13,500922.51,438479.8,68885.33000000002,0.8642
MPLADS-002080,1229002.21,1179121.51,1169353.48,59648.72999999998,0.9515
MPLADS-002081,2658284.53,2668954.83,2255775.59,402508.93999999994,0.8486
MPLADS-002082,3381797.44,3227696.96,3360436.04,21361.399999999907,0.9937
MPLADS-002083,1708693.69,1712974.98,1166627.72,542065.97,0.6828
MPLADS-002084,875062.48,859719.25,783855.42,91207.05999999994,0.8958
MPLADS-002085,1033152.74,1081620.62,971163.58,61989.16000000003,0.94
MPLADS-002086,1177495.32,1169254.65,784858.0,392637.32000000007,0.6665
MPLADS-002087,1599412.69,1623257.91,1575255.81,24156.87999999989,0.9849
MPLADS-002088,769955.08,748910.04,723757.78,46197.29999999993,0.94
MPLADS-002089,493490.77,470970.2,613732.18,0.0,1.2437
MPLADS-002090,2458513.12,2571829.87,2458513.12,0.0,1.0
MPLADS-002091,2282627.86,2196997.34,2145670.19,136957.66999999993,0.94
MPLADS-002092,889023.59,875202.75,664648.72,224374.87,0.7476
MPLADS-002093,3418494.35,3271029.38,2208581.94,1209912.4100000001,0.6461
MPLADS-002094,430881.74,417213.48,367966.16,62915.580000000016,0.854
MPLADS-002095,437930.76,437580.52,411654.91,26275.850000000035,0.94
MPLADS-002096,3522963.01,3411066.09,3311585.23,211377.7799999998,0.94
MPLADS-002097,2883486.68,2853170.39,2037533.83,845952.8500000001,0.7066
MPLADS-002098,3504103.99,3585602.18,3504103.99,0.0,1.0
MPLADS-002099,2382861.56,2313286.94,1522200.96,860660.6000000001,0.6388
MPLADS-002100,477444.2,484826.35,359766.97,117677.23000000004,0.7535
MPLADS-002101,9587107.22,9433389.76,6622779.02,2964328.200000001,0.6908
MPLADS-002102,11045691.9,10937532.32,7439697.28,3605994.62,0.6735
MPLADS-002103,467049.88,445217.64,297832.96,169216.91999999998,0.6377
MPLADS-002104,250426.36,256905.45,233161.81,17264.54999999999,0.9311
MPLADS-002105,2418679.93,2384660.36,2026261.04,392418.89000000013,0.8378
MPLADS-002106,1553830.54,1553884.46,1396852.48,156978.06000000006,0.899
MPLADS-002107,1665733.83,1734460.43,1283693.73,382040.1000000001,0.7706
MPLADS-002108,1121005.43,1145118.5,682801.6,438203.82999999996,0.6091
MPLADS-002109,7084619.13,7122104.6,6267740.23,816878.8999999994,0.8847
MPLADS-002110,775591.42,811840.24,708970.2,66621.22000000009,0.9141
MPLADS-002111,490973.04,494242.76,378744.04,112229.0,0.7714
MPLADS-002112,1827347.66,1888035.0,1159232.51,668115.1499999999,0.6344
MPLADS-002113,1542511.6,1490008.4,1373530.53,168981.07000000007,0.8905
MPLADS-002114,2182000.29,2193155.61,1685000.18,497000.1100000001,0.7722
MPLADS-002115,1115609.53,1137771.75,713838.95,401770.5800000001,0.6399
MPLADS-002116,3347731.13,3250872.25,2294473.73,1053257.4,0.6854
MPLADS-002117,937538.93,955496.6,845238.53,92300.40000000002,0.9016
MPLADS-002118,7362755.86,7295191.75,6469503.52,893252.3400000008,0.8787
MPLADS-002119,245907.02,238037.31,182876.85,63030.169999999984,0.7437
MPLADS-002120,1754607.99,1731852.56,1464608.83,289999.1599999999,0.8347
MPLADS-002121,2414510.53,2352121.23,1961178.9,453331.6299999999,0.8122
MPLADS-002122,5960447.7,5824668.78,3664675.5,2295772.2,0.6148
MPLADS-002123,213882.99,211991.89,201050.01,12832.979999999981,0.94
MPLADS-002124,10983147.91,11140380.47,6907245.14,4075902.7700000005,0.6289
MPLADS-002125,836854.99,845625.29,507495.75,329359.24,0.6064
MPLADS-002126,1670616.52,1599437.73,1570379.53,100236.98999999999,0.94
MPLADS-002127,3662563.61,3648320.71,4675559.41,0.0,1.2766
MPLADS-002128,3538340.49,3675980.61,3210797.2,327543.29000000004,0.9074
MPLADS-002129,5208805.12,4964857.62,3265106.72,1943698.4,0.6268
MPLADS-002130,809539.89,785474.32,497158.49,312381.4,0.6141
MPLADS-002131,2490578.55,2539028.59,2305317.6,185260.94999999972,0.9256
MPLADS-002132,2315612.07,2250858.57,2176675.35,138936.71999999974,0.94
MPLADS-002133,3371648.82,3249506.39,2958541.17,413107.6499999999,0.8775
MPLADS-002134,519928.53,540600.06,447150.94,72777.59000000003,0.86
MPLADS-002135,3510845.82,3633673.51,2741222.93,769622.8899999997,0.7808
MPLADS-002136,2833998.02,2864977.4,2139272.16,694725.8599999999,0.7549
MPLADS-002137,1644494.9,1621965.0,1035425.65,609069.2499999999,0.6296
MPLADS-002138,1324470.02,1279178.08,1184814.92,139655.1000000001,0.8946
MPLADS-002139,425757.34,429179.82,343319.5,82437.84000000003,0.8064
MPLADS-002140,2767993.3,2809370.95,2168114.04,599879.2599999998,0.7833
MPLADS-002141,470383.8,460827.73,312721.33,157662.46999999997,0.6648
MPLADS-002142,458393.73,463916.13,430890.11,27503.619999999995,0.94
MPLADS-002143,514130.4,501553.31,480513.48,33616.92000000004,0.9346
MPLADS-002144,549399.37,555979.05,429067.65,120331.71999999997,0.781
MPLADS-002145,187818.25,185083.14,156040.23,31778.01999999999,0.8308
MPLADS-002146,2586817.02,2581350.42,2040938.14,545878.8800000001,0.789
MPLADS-002147,489957.6,511584.15,365683.11,124274.48999999999,0.7464
MPLADS-002148,697517.54,667281.28,655666.49,41851.05000000005,0.94
MPLADS-002149,3031819.83,3100983.56,3017109.43,14710.399999999907,0.9951
MPLADS-002150,2130208.41,2203425.86,1449525.37,680683.04,0.6805
MPLADS-002151,657088.82,653050.92,451364.76,205724.05999999994,0.6869
MPLADS-002152,457516.31,471909.01,377529.44,79986.87,0.8252
MPLADS-002153,456079.54,466279.85,330165.61,125913.93,0.7239
MPLADS-002154,2964412.19,2843626.14,2702805.98,261606.20999999996,0.9118
MPLADS-002155,830916.92,837850.72,579620.02,251296.90000000002,0.6976
MPLADS-002156,1434745.73,1439113.45,958172.59,476573.14,0.6678
MPLADS-002157,1944589.56,1862542.45,1524848.73,419740.8300000001,0.7841
MPLADS-002158,1198026.98,1214610.74,905965.63,292061.35,0.7562
MPLADS-002159,2269001.87,2314820.33,2151445.11,117556.76000000024,0.9482
MPLADS-002160,252822.13,255132.71,220679.87,32142.26000000001,0.8729
MPLADS-002161,4057452.98,4218296.86,3703906.52,353546.45999999996,0.9129
MPLADS-002162,434422.81,440486.32,297182.52,137240.28999999998,0.6841
MPLADS-002163,3185811.52,3093593.76,2293567.16,892244.3599999999,0.7199
MPLADS-002164,2848825.04,2813850.23,1947436.45,901388.5900000001,0.6836
MPLADS-002165,190789.23,197123.71,169121.25,21667.98000000001,0.8864
MPLADS-002166,3401412.47,3376736.67,3324427.28,76985.19000000041,0.9774
MPLADS-002167,1747531.41,1707637.65,1094800.32,652731.0899999999,0.6265
MPLADS-002168,2592434.01,2638662.11,1974205.94,618228.0699999998,0.7615
MPLADS-002169,1228349.8,1238757.91,958278.63,270071.17000000004,0.7801
MPLADS-002170,198725.97,204219.47,166652.31,32073.660000000003,0.8386
MPLADS-002171,1337355.74,1380120.15,1257114.4,80241.34000000008,0.94
MPLADS-002172,1829362.23,1854560.42,1467293.24,362068.99,0.8021
MPLADS-002173,607073.79,635658.42,533940.94,73132.8500000001,0.8795
MPLADS-002174,796876.93,758618.33,709354.93,87522.0,0.8902
MPLADS-002175,251804.51,243922.86,171568.58,80235.93000000002,0.6814
MPLADS-002176,2022924.39,2010652.31,1854250.51,168673.8799999999,0.9166
MPLADS-002177,817075.02,788535.02,794827.68,22247.339999999967,0.9728
MPLADS-002178,2807865.54,2866211.25,2789061.97,18803.569999999832,0.9933
MPLADS-002179,768006.47,789369.26,730909.99,37096.47999999998,0.9517
MPLADS-002180,3022065.6,3021292.92,2675226.29,346839.31000000006,0.8852
MPLADS-002181,784178.06,781684.15,1110458.22,0.0,1.4161
MPLADS-002182,1853911.47,1881844.75,1250915.94,602995.53,0.6747
MPLADS-002183,767866.65,741321.18,599578.26,168288.39,0.7808
MPLADS-002184,1866250.27,1810627.86,1643153.71,223096.56000000006,0.8805
MPLADS-002185,3689029.19,3604720.12,3552371.18,136658.00999999978,0.963
MPLADS-002186,767693.77,798781.47,560931.98,206761.79000000004,0.7307
MPLADS-002187,779145.67,809508.54,517249.26,261896.41000000003,0.6639
MPLADS-002188,760643.54,788604.67,536023.24,224620.30000000005,0.7047
MPLADS-002189,1095012.51,1091078.56,867536.61,227475.90000000002,0.7923
MPLADS-002190,946092.98,923197.9,1286949.54,0.0,1.3603
MPLADS-002191,831484.39,803164.67,634398.7,197085.69000000006,0.763
MPLADS-002192,1545487.44,1589256.8,1338580.7,206906.74,0.8661
MPLADS-002193,484418.64,483452.91,311576.73,172841.91000000003,0.6432
MPLADS-002194,11189000.34,11310624.23,11149435.85,39564.49000000022,0.9965
MPLADS-002195,2559929.65,2542729.4,2261058.0,298871.6499999999,0.8833
MPLADS-002196,1535518.13,1608886.0,1897994.15,0.0,1.2361
MPLADS-002197,208671.96,206945.7,161255.52,47416.44,0.7728
MPLADS-002198,2347512.7,2310093.2,2082397.98,265114.7200000002,0.8871
MPLADS-002199,958035.65,925090.09,1343722.34,0.0,1.4026
MPLADS-002200,2876975.33,3018453.11,2697637.09,179338.24000000022,0.9377
MPLADS-002201,3376907.58,3517510.7,2976907.72,399999.85999999987,0.8815
MPLADS-002202,480108.34,465431.09,379990.86,100117.48000000004,0.7915
MPLADS-002203,1372237.77,1312211.03,1289903.5,82334.27000000002,0.94
MPLADS-002204,202964.68,212161.65,153050.92,49913.75999999998,0.7541
MPLADS-002205,3323587.5,3486997.85,2138756.95,1184830.5499999998,0.6435
MPLADS-002206,534746.92,529999.46,465026.64,69720.28000000003,0.8696
MPLADS-002207,8311911.09,7960948.27,7570002.41,741908.6799999997,0.9107
MPLADS-002208,940312.43,934142.8,636687.22,303625.2100000001,0.6771
MPLADS-002209,853092.46,888405.71,517225.98,335866.48,0.6063
MPLADS-002210,1363526.54,1321626.61,1281714.95,81811.59000000008,0.94
MPLADS-002211,2788176.49,2680775.93,2149236.52,638939.9700000002,0.7708
MPLADS-002212,2660157.38,2722038.14,2048582.3,611575.0799999998,0.7701
MPLADS-002213,384032.69,377981.55,348894.07,35138.619999999995,0.9085
MPLADS-002214,3477916.11,3616344.02,2678491.2,799424.9099999997,0.7701
MPLADS-002215,762458.22,783482.95,462496.57,299961.64999999997,0.6066
MPLADS-002216,3052799.32,2983397.02,2477876.44,574922.8799999999,0.8117
MPLADS-002217,9457884.23,9313293.76,6495605.54,2962278.6900000004,0.6868
MPLADS-002218,8253314.84,8374270.42,6783237.09,1470077.75,0.8219
MPLADS-002219,910092.15,955156.29,551326.44,358765.7100000001,0.6058
MPLADS-002220,410106.97,394986.84,308042.97,102064.0,0.7511
MPLADS-002221,199064.4,189491.98,129789.95,69274.45,0.652
MPLADS-002222,772281.9,772872.63,541053.01,231228.89,0.7006
MPLADS-002223,1968465.92,1883561.14,1452514.88,515951.04000000004,0.7379
MPLADS-002224,1341954.59,1279900.33,1296040.03,45914.560000000056,0.9658
MPLADS-002225,1741540.79,1672446.94,1410005.55,331535.24,0.8096
MPLADS-002226,3798570.37,3769036.85,2867973.33,930597.04,0.755
MPLADS-002227,3632112.66,3527750.54,3347339.14,284773.52,0.9216
MPLADS-002228,240571.56,251652.24,160884.65,79686.91,0.6688
MPLADS-002229,202142.96,194828.84,156877.93,45265.03,0.7761
MPLADS-002230,1248009.08,1281975.17,1164796.06,83213.02000000002,0.9333
MPLADS-002231,2483185.41,2571235.1,1545649.59,937535.8200000001,0.6224
MPLADS-002232,3230461.67,3318664.09,2816010.45,414451.21999999974,0.8717
MPLADS-002233,1304903.76,1244569.55,1277341.75,27562.01000000001,0.9789
MPLADS-002234,7403623.69,7488647.8,4899764.18,2503859.5100000007,0.6618
MPLADS-002235,2589904.66,2533047.11,2175265.18,414639.48,0.8399
MPLADS-002236,3532993.95,3531777.34,2734456.88,798537.0700000003,0.774
MPLADS-002237,1644830.22,1659570.39,1089232.43,555597.79,0.6622
MPLADS-002238,2418776.23,2446531.58,1732215.31,686560.9199999999,0.7162
MPLADS-002239,1117441.07,1150036.94,1108442.03,8999.040000000037,0.9919
MPLADS-002240,461243.78,455868.76,403821.18,57422.600000000035,0.8755
MPLADS-002241,664318.75,673412.62,623936.64,40382.109999999986,0.9392
MPLADS-002242,2613749.34,2598508.83,2210387.67,403361.6699999999,0.8457
MPLADS-002243,2040454.09,1971892.29,1552678.59,487775.5,0.7609
MPLADS-002244,771548.86,768062.31,480784.76,290764.1,0.6231
MPLADS-002245,1936609.52,1862183.11,1175836.4,760773.1200000001,0.6072
MPLADS-002246,1032444.68,1016372.68,848441.67,184003.01,0.8218
MPLADS-002247,2530469.29,2539148.06,1639263.13,891206.1600000001,0.6478
MPLADS-002248,741160.23,709046.03,492153.77,249006.45999999996,0.664
MPLADS-002249,218089.26,209608.89,208157.87,9931.390000000014,0.9545
MPLADS-002250,1017769.86,975333.55,1268404.12,0.0,1.2463
MPLADS-002251,438166.4,452864.22,434502.89,3663.5100000000093,0.9916
MPLADS-002252,3775205.37,3602079.72,3761552.75,13652.620000000112,0.9964
MPLADS-002253,3718148.6,3788208.69,3312744.8,405403.8000000003,0.891
MPLADS-002254,709505.68,676610.42,481189.03,228316.65000000002,0.6782
MPLADS-002255,458656.93,468547.07,400403.03,58253.899999999965,0.873
MPLADS-002256,559075.49,566703.7,335753.76,223321.72999999998,0.6006
MPLADS-002257,786275.14,759353.67,595574.83,190700.31000000006,0.7575
MPLADS-002258,439045.39,442248.98,313712.04,125333.35000000003,0.7145
MPLADS-002259,724093.37,692032.33,621266.24,102827.13,0.858
MPLADS-002260,1363699.94,1331552.67,1117343.87,246356.06999999983,0.8193
MPLADS-002261,467475.09,462921.92,445071.73,22403.360000000044,0.9521
MPLADS-002262,524191.22,546822.82,343257.09,180934.12999999995,0.6548
MPLADS-002263,975059.35,943921.87,975059.35,0.0,1.0
MPLADS-002264,2528622.77,2424431.84,3338642.53,0.0,1.3203
MPLADS-002265,1080876.15,1096580.7,1016023.58,64852.56999999995,0.94
MPLADS-002266,1342490.26,1382125.81,991342.67,351147.58999999997,0.7384
MPLADS-002267,196835.77,192575.86,180460.72,16375.049999999988,0.9168
MPLADS-002268,839692.33,829969.2,582326.79,257365.53999999992,0.6935
MPLADS-002269,779031.0,782476.44,556360.04,222670.95999999996,0.7142
MPLADS-002270,966025.76,992082.62,590511.37,375514.39,0.6113
MPLADS-002271,480845.89,460099.19,428675.37,52170.52000000002,0.8915
MPLADS-002272,6699552.16,6776155.73,6362947.05,336605.11000000034,0.9498
MPLADS-002273,1679443.61,1699645.84,1054533.01,624910.6000000001,0.6279
MPLADS-002274,209502.14,213840.66,136467.62,73034.52000000002,0.6514
MPLADS-002275,2166310.17,2208993.14,2115416.36,50893.810000000056,0.9765
MPLADS-002276,547762.07,567235.74,508964.53,38797.53999999992,0.9292
MPLADS-002277,1300014.4,1313283.48,860918.07,439096.32999999996,0.6622
MPLADS-002278,786149.96,798153.92,471950.69,314199.26999999996,0.6003
MPLADS-002279,233779.18,228471.17,218464.05,15315.130000000005,0.9345
MPLADS-002280,1647575.43,1701353.01,1398799.14,248776.29000000004,0.849
MPLADS-002281,571245.63,563599.06,747168.64,0.0,1.308
MPLADS-002282,3223695.11,3158231.5,2692750.95,530944.1599999997,0.8353
MPLADS-002283,2169309.74,2203754.89,1747472.24,421837.50000000023,0.8055
MPLADS-002284,2548784.01,2643517.19,2457885.2,90898.80999999959,0.9643
MPLADS-002285,1815470.06,1880036.59,1699555.32,115914.73999999999,0.9362
MPLADS-002286,1180373.01,1161576.09,1154184.98,26188.030000000028,0.9778
MPLADS-002287,813608.02,777906.54,799076.21,14531.810000000056,0.9821
MPLADS-002288,451012.61,430219.44,451012.61,0.0,1.0
MPLADS-002289,718515.97,700935.13,643104.42,75411.54999999993,0.895
MPLADS-002290,5221684.42,5392962.82,3482737.45,1738946.9699999997,0.667
MPLADS-002291,12070906.73,11635433.83,7760191.04,4310715.69,0.6429
MPLADS-002292,1193669.73,1221369.76,815990.69,377679.04000000004,0.6836
MPLADS-002293,437890.98,422012.99,320902.91,116988.07,0.7328
MPLADS-002294,3902274.7,3904220.95,3836601.74,65672.95999999996,0.9832
MPLADS-002295,1903973.04,1819454.1,1801247.74,102725.30000000005,0.946
MPLADS-002296,1009280.54,986103.51,643557.98,365722.56000000006,0.6376
MPLADS-002297,2744182.59,2801943.41,1968514.29,775668.2999999998,0.7173
MPLADS-002298,567367.66,544949.41,386204.31,181163.35000000003,0.6807
MPLADS-002299,485366.72,473002.6,459951.65,25415.06999999995,0.9476
MPLADS-002300,2613906.04,2610490.6,2334109.72,279796.31999999983,0.893
MPLADS-002301,3179017.62,3227265.76,2988276.56,190741.06000000006,0.94
MPLADS-002302,3982638.49,3847548.07,2965547.96,1017090.5300000003,0.7446
MPLADS-002303,1014216.16,975037.83,1252363.89,0.0,1.2348
MPLADS-002304,928583.16,948987.7,872868.17,55714.98999999999,0.94
MPLADS-002305,2126089.32,2225213.77,1711132.9,414956.4199999999,0.8048
MPLADS-002306,2146371.32,2061608.61,1456578.91,689792.4099999999,0.6786
MPLADS-002307,972777.06,926185.84,1284632.18,0.0,1.3206
MPLADS-002308,980951.67,999432.72,802215.59,178736.08000000007,0.8178
MPLADS-002309,2189733.96,2096311.43,2058349.92,131384.04000000004,0.94
MPLADS-002310,3032411.71,3137086.78,2622590.88,409820.8300000001,0.8649
MPLADS-002311,769394.54,803198.07,618996.98,150397.56000000006,0.8045
MPLADS-002312,10901197.29,10784418.59,8615759.63,2285437.6599999983,0.7903
MPLADS-002313,242795.29,245608.35,182708.94,60086.350000000006,0.7525
MPLADS-002314,2727872.67,2625399.05,2498263.01,229609.66000000015,0.9158
MPLADS-002315,3086175.93,3195860.1,3061618.24,24557.689999999944,0.992
MPLADS-002316,7358591.76,7331694.38,4858320.63,2500271.13,0.6602
MPLADS-002317,650460.86,627149.89,611433.21,39027.65000000002,0.94
MPLADS-002318,1207856.53,1173941.06,1126361.11,81495.41999999993,0.9325
MPLADS-002319,206425.3,204946.91,149511.7,56913.59999999998,0.7243
MPLADS-002320,3273022.55,3110531.68,2217874.1,1055148.4499999997,0.6776
MPLADS-002321,1961903.47,1954988.59,1882933.14,78970.33000000007,0.9597
MPLADS-002322,705883.92,702939.46,634943.4,70940.52000000002,0.8995
MPLADS-002323,452219.24,453515.77,394668.92,57550.32000000001,0.8727
MPLADS-002324,547217.26,524460.77,419273.48,127943.78000000003,0.7662
MPLADS-002325,1717897.69,1640089.98,1441925.06,275972.6299999999,0.8394
MPLADS-002326,1185539.63,1244600.59,1117976.99,67562.6399999999,0.943
MPLADS-002327,2208058.79,2259115.77,1987771.41,220287.38000000012,0.9002
MPLADS-002328,1847158.56,1772768.85,1367357.65,479800.91000000015,0.7402
MPLADS-002329,1074515.81,1091779.58,785636.19,288879.6200000001,0.7312
MPLADS-002330,227514.15,226875.71,212336.12,15178.029999999999,0.9333
MPLADS-002331,1056911.53,1082029.03,755277.53,301634.0,0.7146
MPLADS-002332,233814.08,237950.05,200185.54,33628.53999999998,0.8562
MPLADS-002333,246121.26,239930.82,196842.59,49278.67000000001,0.7998
MPLADS-002334,12887414.97,13388371.26,12702513.4,184901.5700000003,0.9857
MPLADS-002335,2634774.26,2733987.31,1819203.14,815571.1199999999,0.6905
MPLADS-002336,434945.85,428706.2,281496.57,153449.27999999997,0.6472
MPLADS-002337,1633486.52,1644524.25,2229676.3,0.0,1.365
MPLADS-002338,819584.45,802380.58,802343.6,17240.849999999977,0.979
MPLADS-002339,510315.35,493746.75,476652.29,33663.06,0.934
MPLADS-002340,400000.35,417891.84,370906.64,29093.709999999963,0.9273
MPLADS-002341,2545145.76,2569831.89,2047459.45,497686.3099999998,0.8045
MPLADS-002342,766692.37,735443.75,547590.41,219101.95999999996,0.7142
MPLADS-002343,4018621.25,3941620.54,2465779.48,1552841.77,0.6136
MPLADS-002344,3507200.88,3360964.71,2970150.87,537050.0099999998,0.8469
MPLADS-002345,3159032.67,3101416.87,2123451.05,1035581.6200000001,0.6722
MPLADS-002346,2960956.6,2971783.45,2496468.3,464488.3000000003,0.8431
MPLADS-002347,9161507.05,9282515.93,6762722.81,2398784.240000001,0.7382
MPLADS-002348,218375.44,210812.96,182818.75,35556.69,0.8372
MPLADS-002349,528866.01,549949.7,430939.76,97926.25,0.8148
MPLADS-002350,2549195.86,2557837.75,2129755.92,419439.93999999994,0.8355
MPLADS-002351,234206.83,236268.72,212667.53,21539.29999999999,0.908
MPLADS-002352,3500419.53,3520599.0,2647529.67,852889.8599999999,0.7563
MPLADS-002353,1097528.97,1054318.15,1036869.85,60659.119999999995,0.9447
MPLADS-002354,7670504.64,7484334.14,5294358.72,2376145.92,0.6902
MPLADS-002355,3048859.12,2899622.32,3019539.89,29319.22999999998,0.9904
MPLADS-002356,3597119.14,3518526.98,2448512.72,1148606.42,0.6807
MPLADS-002357,244280.4,244021.12,188220.55,56059.850000000006,0.7705
MPLADS-002358,1766580.21,1729045.88,1128705.76,637874.45,0.6389
MPLADS-002359,218965.44,210222.65,212139.11,6826.330000000016,0.9688
MPLADS-002360,420105.87,424888.13,420105.87,0.0,1.0
MPLADS-002361,818872.25,804070.64,529618.93,289253.31999999995,0.6468
MPLADS-002362,407237.96,420149.8,278140.11,129097.85000000003,0.683
MPLADS-002363,2570412.5,2649570.5,1672087.81,898324.69,0.6505
MPLADS-002364,3334104.52,3273067.65,3313851.3,20253.220000000205,0.9939
MPLADS-002365,906218.03,881161.24,788737.82,117480.21000000008,0.8704
MPLADS-002366,241488.64,243034.8,218678.78,22809.860000000015,0.9055
MPLADS-002367,3117554.97,3158092.15,3027934.23,89620.74000000022,0.9713
MPLADS-002368,793291.86,832704.2,607577.29,185714.56999999995,0.7659
MPLADS-002369,197022.97,203759.66,181780.24,15242.73000000001,0.9226
MPLADS-002370,193244.04,186191.48,126421.86,66822.18000000001,0.6542
MPLADS-002371,3694705.52,3729958.47,2645606.66,1049098.8599999999,0.7161
MPLADS-002372,492736.31,485092.43,388763.31,103973.0,0.789
MPLADS-002373,2219271.28,2268497.42,2005642.0,213629.2799999998,0.9037
MPLADS-002374,228118.65,217269.32,202862.37,25256.28,0.8893
MPLADS-002375,1023256.1,1052821.68,917910.69,105345.41000000003,0.897
MPLADS-002376,828422.52,860281.04,778717.17,49705.34999999998,0.94
MPLADS-002377,860339.04,885105.52,625421.22,234917.82000000007,0.7269
MPLADS-002378,2184747.19,2288358.81,1556599.43,628147.76,0.7125
MPLADS-002379,3148953.63,3202073.4,2221107.05,927846.5800000001,0.7053
MPLADS-002380,6888395.79,6851357.52,4239669.26,2648726.5300000003,0.6155
MPLADS-002381,1864870.34,1846645.61,1608876.3,255994.04000000004,0.8627
MPLADS-002382,782085.99,795635.64,598854.01,183231.97999999998,0.7657
MPLADS-002383,3253185.16,3181636.85,2391989.87,861195.29,0.7353
MPLADS-002384,252064.13,240642.02,155313.16,96750.97,0.6162
MPLADS-002385,793375.65,792393.93,696167.53,97208.12,0.8775
MPLADS-002386,1715906.08,1771024.78,1568691.92,147214.16000000015,0.9142
MPLADS-002387,438610.75,453352.95,412294.1,26316.650000000023,0.94
MPLADS-002388,950923.76,954162.15,891626.26,59297.5,0.9376
MPLADS-002389,3120395.79,3082219.79,2338598.87,781796.9199999999,0.7495
MPLADS-002390,188281.61,179682.66,176452.13,11829.479999999981,0.9372
MPLADS-002391,680471.7,665242.64,533020.6,147451.09999999998,0.7833
MPLADS-002392,3822970.53,3743631.11,2706921.06,1116049.4699999997,0.7081
MPLADS-002393,1669506.71,1704904.06,1363014.58,306492.1299999999,0.8164
MPLADS-002394,2015998.47,2016897.16,2762611.76,0.0,1.3703
MPLADS-002395,3039142.47,3082007.63,2984280.19,54862.28000000026,0.9819
MPLADS-002396,486800.39,472342.89,401029.98,85770.41000000003,0.8238
MPLADS-002397,243967.58,253335.19,161801.77,82165.81,0.6632
MPLADS-002398,408262.05,407843.62,246918.86,161343.19,0.6048
MPLADS-002399,477004.0,477293.67,448383.76,28620.23999999999,0.94
MPLADS-002400,455552.43,433504.73,343140.83,112411.59999999998,0.7532
MPLADS-002401,836545.09,853706.39,688487.15,148057.93999999994,0.823
MPLADS-002402,507720.26,498663.41,451559.61,56160.65000000002,0.8894
MPLADS-002403,540041.03,529825.95,398525.99,141515.04000000004,0.738
MPLADS-002404,1150079.42,1109911.47,891783.65,258295.7699999999,0.7754
MPLADS-002405,9992179.34,9935115.02,8502536.42,1489642.92,0.8509
MPLADS-002406,568567.92,560372.05,508746.28,59821.640000000014,0.8948
MPLADS-002407,544394.77,523764.24,471754.0,72640.77000000002,0.8666
MPLADS-002408,3742852.06,3859689.17,2485065.87,1257786.19,0.6639
MPLADS-002409,1648823.92,1568148.82,1230110.76,418713.1599999999,0.7461
MPLADS-002410,1920952.76,1880633.12,1675003.92,245948.84000000008,0.872
MPLADS-002411,425647.4,423450.55,425647.4,0.0,1.0
MPLADS-002412,1291954.3,1245910.37,925987.67,365966.63,0.7167
MPLADS-002413,1730861.36,1761717.14,1352185.61,378675.75,0.7812
MPLADS-002414,940870.06,967536.84,917078.95,23791.110000000102,0.9747
MPLADS-002415,2700570.52,2808397.36,1749739.88,950830.6400000001,0.6479
MPLADS-002416,2442443.92,2534953.63,1981197.35,461246.56999999983,0.8112
MPLADS-002417,1320086.12,1279765.55,887252.11,432834.0100000001,0.6721
MPLADS-002418,225153.43,217858.96,138206.89,86946.53999999998,0.6138
MPLADS-002419,2863252.35,2897098.67,1906116.53,957135.8200000001,0.6657
MPLADS-002420,2941457.88,2968114.33,2703973.76,237484.1200000001,0.9193
MPLADS-002421,198756.18,203095.13,138367.8,60388.380000000005,0.6962
MPLADS-002422,11598282.34,11307329.35,10231121.41,1367160.9299999997,0.8821
MPLADS-002423,3582053.36,3641763.25,2238041.21,1344012.15,0.6248
MPLADS-002424,1908298.21,1861751.35,1171087.29,737210.9199999999,0.6137
MPLADS-002425,460105.33,440860.67,625691.82,0.0,1.3599
MPLADS-002426,915682.93,901241.67,635916.66,279766.27,0.6945
MPLADS-002427,2039095.36,2132846.66,1378454.93,660640.4300000002,0.676
MPLADS-002428,921234.89,916889.43,642379.02,278855.87,0.6973
MPLADS-002429,3085310.95,3110114.52,2513693.22,571617.73,0.8147
MPLADS-002430,2031224.62,1985551.14,1522067.24,509157.3800000001,0.7493
MPLADS-002431,3531610.77,3552299.05,3430540.32,101070.45000000019,0.9714
MPLADS-002432,606392.47,577631.14,411588.36,194804.11,0.6787
MPLADS-002433,795641.21,829263.86,781445.02,14196.189999999944,0.9822
MPLADS-002434,9128747.48,9553453.12,6578159.66,2550587.8200000003,0.7206
MPLADS-002435,227070.62,231209.72,187066.81,40003.81,0.8238
MPLADS-002436,2746576.9,2702772.4,2496360.44,250216.45999999996,0.9089
MPLADS-002437,1461012.46,1523144.74,1093325.34,367687.1199999999,0.7483
MPLADS-002438,3917921.6,3763798.26,3917921.6,0.0,1.0
MPLADS-002439,219292.12,209137.72,132732.05,86560.07,0.6053
MPLADS-002440,1332675.38,1394444.03,913506.27,419169.10999999987,0.6855
MPLADS-002441,819955.24,796935.79,705823.85,114131.39000000001,0.8608
MPLADS-002442,967339.61,996697.55,617536.37,349803.24,0.6384
MPLADS-002443,2031473.08,1993461.88,1389445.35,642027.73,0.684
MPLADS-002444,1936422.99,1958203.58,1251280.32,685142.6699999999,0.6462
MPLADS-002445,1689717.22,1671742.57,1658412.42,31304.800000000047,0.9815
MPLADS-002446,811773.88,791081.72,710355.62,101418.26000000001,0.8751
MPLADS-002447,1194491.28,1217153.12,1188021.49,6469.790000000037,0.9946
MPLADS-002448,839936.96,865891.09,775182.22,64754.73999999999,0.9229
MPLADS-002449,209823.66,215032.55,149326.56,60497.100000000006,0.7117
MPLADS-002450,537663.53,558486.78,353888.67,183774.86000000004,0.6582
MPLADS-002451,893465.2,918740.21,846282.57,47182.630000000005,0.9472
MPLADS-002452,2310487.15,2304238.85,1447964.55,862522.5999999999,0.6267
MPLADS-002453,459138.67,456353.59,307833.69,151304.97999999998,0.6705
MPLADS-002454,1282360.47,1280493.15,965223.74,317136.73,0.7527
MPLADS-002455,3986128.48,4070419.6,3449936.29,536192.19,0.8655
MPLADS-002456,1093585.36,1076857.34,669193.06,424392.30000000005,0.6119
MPLADS-002457,1355924.74,1305294.29,1093624.95,262299.79000000004,0.8066
MPLADS-002458,3385455.35,3292065.8,2170968.89,1214486.46,0.6413
MPLADS-002459,1371973.08,1408123.06,1289654.7,82318.38000000012,0.94
MPLADS-002460,2924593.04,2953995.27,2828560.25,96032.79000000004,0.9672
MPLADS-002461,1217241.75,1191334.96,922439.26,294802.49,0.7578
MPLADS-002462,1717248.0,1653822.19,1188137.53,529110.47,0.6919
MPLADS-002463,516268.66,516323.7,345906.65,170362.00999999995,0.67
MPLADS-002464,1668783.58,1683308.29,1072878.65,595904.9300000002,0.6429
MPLADS-002465,772104.53,755372.97,750132.46,21972.070000000065,0.9715
MPLADS-002466,3197438.23,3239383.36,3168673.92,28764.310000000056,0.991
MPLADS-002467,534934.32,537613.52,496581.06,38353.25999999995,0.9283
MPLADS-002468,2466520.59,2565833.64,1971214.32,495306.2699999998,0.7992
MPLADS-002469,839184.84,818902.97,692673.16,146511.67999999993,0.8254
MPLADS-002470,531876.38,553582.49,426875.19,105001.19,0.8026
MPLADS-002471,1238494.9,1276578.11,1138514.19,99980.70999999996,0.9193
MPLADS-002472,924059.99,939593.76,605321.05,318738.93999999994,0.6551
MPLADS-002473,505740.32,505920.71,475333.07,30407.25,0.9399
MPLADS-002474,866309.54,899646.91,814330.97,51978.570000000065,0.94
MPLADS-002475,2298414.45,2273380.1,1574535.38,723879.0700000003,0.6851
MPLADS-002476,525317.05,529945.68,358625.25,166691.80000000005,0.6827
MPLADS-002477,942857.95,979441.27,906304.68,36553.2699999999,0.9612
MPLADS-002478,10504167.01,10956964.39,8332468.09,2171698.92,0.7933
MPLADS-002479,249655.53,258754.66,155489.56,94165.97,0.6228
MPLADS-002480,3615299.7,3534347.99,2607357.94,1007941.7600000002,0.7212
MPLADS-002481,423349.59,428411.45,422620.82,728.7700000000186,0.9983
MPLADS-002482,1146532.47,1132314.83,826018.48,320513.99,0.7204
MPLADS-002483,3079378.26,3032483.06,1861381.16,1217997.0999999999,0.6045
MPLADS-002484,388896.57,402436.92,524729.25,0.0,1.3493
MPLADS-002485,1668051.68,1610842.86,1169865.25,498186.42999999993,0.7013
MPLADS-002486,9300380.57,8962213.97,7297376.74,2003003.83,0.7846
MPLADS-002487,385615.79,394068.49,270205.9,115409.88999999996,0.7007
MPLADS-002488,820455.03,807028.51,790064.54,30390.48999999999,0.963
MPLADS-002489,972025.07,1001629.23,868535.38,103489.68999999994,0.8935
MPLADS-002490,514107.06,513078.04,482569.25,31537.809999999998,0.9387
MPLADS-002491,3546341.91,3633267.5,2538152.24,1008189.6699999999,0.7157
MPLADS-002492,211812.56,217253.06,190538.07,21274.48999999999,0.8996
MPLADS-002493,2922810.33,2820553.56,2352824.37,569985.96,0.805
MPLADS-002494,480707.45,460822.76,354119.73,126587.72000000003,0.7367
MPLADS-002495,475794.42,486538.46,383784.25,92010.16999999998,0.8066
MPLADS-002496,845510.55,833071.63,794779.92,50730.630000000005,0.94
MPLADS-002497,3525998.79,3622172.72,2647123.9,878874.8900000001,0.7507
MPLADS-002498,569964.22,560659.77,435717.86,134246.36,0.7645
MPLADS-002499,982586.26,935528.94,936474.89,46111.369999999995,0.9531
MPLADS-002500,700694.88,718129.98,624771.99,75922.89000000001,0.8916
MPLADS-002501,860694.39,866734.82,603062.4,257631.99,0.7007
MPLADS-002502,3152733.95,3021616.8,2034971.27,1117762.6800000002,0.6455
MPLADS-002503,3906672.92,3865146.44,3450552.99,456119.9299999997,0.8832
MPLADS-002504,438101.56,440624.69,422057.94,16043.619999999995,0.9634
MPLADS-002505,459151.05,466927.39,324379.69,134771.36,0.7065
MPLADS-002506,776010.54,803536.37,597605.15,178405.39,0.7701
MPLADS-002507,1353072.24,1342518.33,931036.2,422036.04000000004,0.6881
MPLADS-002508,714827.6,693573.4,574106.5,140721.09999999998,0.8031
MPLADS-002509,405128.79,402452.56,334911.63,70217.15999999997,0.8267
MPLADS-002510,240547.43,240001.59,172566.14,67981.28999999998,0.7174
MPLADS-002511,3898796.34,3752416.09,2627943.87,1270852.4699999997,0.674
MPLADS-002512,246207.66,242112.16,221660.83,24546.830000000016,0.9003
MPLADS-002513,885943.74,899259.32,815896.82,70046.92000000004,0.9209
MPLADS-002514,10572931.56,10644781.14,6435064.45,4137867.1100000003,0.6086
MPLADS-002515,1095823.41,1080841.11,783903.72,311919.68999999994,0.7154
MPLADS-002516,6720280.31,6848612.63,4347558.45,2372721.8599999994,0.6469
MPLADS-002517,971226.83,930366.19,647149.48,324077.35,0.6663
MPLADS-002518,4456096.92,4513169.27,3396077.05,1060019.87,0.7621
MPLADS-002519,3900657.21,3781989.86,2632808.3,1267848.9100000001,0.675
MPLADS-002520,1247922.41,1275909.6,924935.58,322986.82999999996,0.7412
MPLADS-002521,414995.01,433960.54,347733.9,67261.10999999999,0.8379
MPLADS-002522,906471.9,867627.77,811621.48,94850.42000000004,0.8954
MPLADS-002523,10179295.79,10660140.23,9199967.81,979327.9799999986,0.9038
MPLADS-002524,425934.44,430279.76,255782.95,170151.49,0.6005
MPLADS-002525,863032.43,891270.19,653031.26,210001.17000000004,0.7567
MPLADS-002526,2392693.98,2392800.32,2319960.76,72733.2200000002,0.9696
MPLADS-002527,3462558.45,3458043.21,2864616.47,597941.98,0.8273
MPLADS-002528,4266195.74,4113431.92,4085792.78,180402.96000000043,0.9577
MPLADS-002529,1155035.53,1160131.87,853821.63,301213.9,0.7392
MPLADS-002530,1457648.89,1405112.66,1306891.93,150756.95999999996,0.8966
MPLADS-002531,894395.65,893044.05,872949.09,21446.560000000056,0.976
MPLADS-002532,1929210.11,1851685.15,1469401.04,459809.07000000007,0.7617
MPLADS-002533,230210.45,232950.09,216397.82,13812.630000000005,0.94
MPLADS-002534,478864.65,489682.61,398604.71,80259.94,0.8324
MPLADS-002535,3894389.75,4085160.87,2447228.54,1447161.21,0.6284
MPLADS-002536,501509.97,488187.95,410722.95,90787.01999999996,0.819
MPLADS-002537,870251.24,902932.1,809049.4,61201.83999999997,0.9297
MPLADS-002538,562404.19,578796.67,549228.02,13176.169999999925,0.9766
MPLADS-002539,3381103.42,3243332.21,2413829.52,967273.8999999999,0.7139
MPLADS-002540,470462.27,477740.85,579053.32,0.0,1.2308
MPLADS-002541,490708.81,480402.57,326028.95,164679.86,0.6644
MPLADS-002542,3129262.93,3123713.89,2578510.82,550752.1100000003,0.824
MPLADS-002543,508105.91,492993.88,466342.4,41763.50999999995,0.9178
MPLADS-002544,486814.18,503753.27,446736.35,40077.830000000016,0.9177
MPLADS-002545,2745605.96,2687519.44,2089665.66,655940.3,0.7611
MPLADS-002546,404062.7,419589.86,370825.16,33237.54000000004,0.9177
MPLADS-002547,2449611.02,2349514.0,2143066.95,306544.06999999983,0.8749
MPLADS-002548,476460.82,486180.22,315697.31,160763.51,0.6626
MPLADS-002549,990255.47,1035427.02,932412.2,57843.27000000002,0.9416
MPLADS-002550,565652.65,560766.39,419080.02,146572.63,0.7409
MPLADS-002551,478211.86,480171.82,685242.52,0.0,1.4329
MPLADS-002552,3435105.96,3498733.66,2623093.01,812012.9500000002,0.7636
MPLADS-002553,481704.04,464659.51,369801.09,111902.94999999995,0.7677
MPLADS-002554,1565741.21,1547204.42,1322937.01,242804.19999999995,0.8449
MPLADS-002555,2060701.58,2043641.55,1660801.03,399900.55000000005,0.8059
MPLADS-002556,3185115.97,3066201.54,3058211.49,126904.47999999998,0.9602
MPLADS-002557,469289.0,491898.7,361347.6,107941.40000000002,0.77
MPLADS-002558,784951.84,811814.27,566518.28,218433.55999999994,0.7217
MPLADS-002559,199475.49,203421.01,188721.71,10753.779999999999,0.9461
MPLADS-002560,503852.85,512932.36,502406.78,1446.0699999999488,0.9971
MPLADS-002561,1175001.11,1200097.01,1052708.98,122292.13000000012,0.8959
MPLADS-002562,3776606.25,3712331.8,3182043.95,594562.2999999998,0.8426
MPLADS-002563,10737122.53,10481295.77,9182041.27,1555081.2599999998,0.8552
MPLADS-002564,540791.31,536896.92,721373.82,0.0,1.3339
MPLADS-002565,1351012.63,1326044.01,1006786.57,344226.05999999994,0.7452
MPLADS-002566,3564468.9,3632016.9,2496146.29,1068322.6099999999,0.7003
MPLADS-002567,213145.6,204700.65,156354.93,56790.67000000001,0.7336
MPLADS-002568,829977.33,826581.73,780178.69,49798.640000000014,0.94
MPLADS-002569,2575177.05,2645828.52,2461861.2,113315.84999999963,0.956
MPLADS-002570,824074.81,856346.45,796652.3,27422.51000000001,0.9667
MPLADS-002571,2887713.93,2840930.37,2099556.84,788157.0900000003,0.7271
MPLADS-002572,796280.0,763482.52,686533.99,109746.01000000001,0.8622
MPLADS-002573,460616.62,478982.74,302491.04,158125.58000000002,0.6567
MPLADS-002574,2804423.55,2842715.02,2624954.85,179468.69999999972,0.936
MPLADS-002575,3121464.27,3024370.47,2448740.73,672723.54,0.7845
MPLADS-002576,2662515.2,2679145.35,1887334.46,775180.7400000002,0.7089
MPLADS-002577,804547.72,766222.03,519842.07,284705.64999999997,0.6461
MPLADS-002578,443666.89,462624.06,374847.43,68819.46000000002,0.8449
MPLADS-002579,2999503.61,2952751.61,1855846.75,1143656.8599999999,0.6187
MPLADS-002580,9934902.81,9499639.46,7869881.18,2065021.6300000008,0.7921
MPLADS-002581,2976144.83,2996392.99,2797576.14,178568.68999999994,0.94
MPLADS-002582,3953278.1,3940981.42,3536147.88,417130.2200000002,0.8945
MPLADS-002583,508539.25,497084.82,438744.37,69794.88,0.8628
MPLADS-002584,1484198.21,1536764.86,990212.84,493985.37,0.6672
MPLADS-002585,2885855.41,3024107.5,2680089.16,205766.25,0.9287
MPLADS-002586,2428401.72,2394927.76,1839745.44,588656.2800000003,0.7576
MPLADS-002587,246071.99,248998.45,208696.61,37375.380000000005,0.8481
MPLADS-002588,815029.41,844629.11,696895.73,118133.68000000005,0.8551
MPLADS-002589,3354434.05,3408064.12,2877495.51,476938.54000000004,0.8578
MPLADS-002590,1750788.24,1706005.9,2348964.17,0.0,1.3417
MPLADS-002591,1263806.71,1292826.15,974178.78,289627.92999999993,0.7708
MPLADS-002592,2777776.92,2879785.95,2611110.3,166666.6200000001,0.94
MPLADS-002593,213244.08,210730.81,146121.22,67122.85999999999,0.6852
MPLADS-002594,2226561.41,2306628.86,2114590.97,111970.43999999994,0.9497
MPLADS-002595,228211.35,236220.15,141939.04,86272.31,0.622
MPLADS-002596,198786.61,199920.46,135463.35,63323.25999999998,0.6815
MPLADS-002597,602207.6,616195.36,416119.68,186087.91999999998,0.691
MPLADS-002598,908683.27,872802.81,854162.27,54521.0,0.94
MPLADS-002599,839758.56,843403.81,530123.36,309635.20000000007,0.6313
MPLADS-002600,805682.95,795218.23,625652.7,180030.25,0.7765
MPLADS-002601,551159.9,528858.41,419935.64,131224.26,0.7619
MPLADS-002602,812193.84,790423.74,592456.32,219737.52000000002,0.7295
MPLADS-002603,1260047.76,1204564.53,1184444.89,75602.87000000011,0.94
MPLADS-002604,5204061.46,5278187.99,4541883.21,662178.25,0.8728
MPLADS-002605,1169756.01,1218087.83,1443977.41,0.0,1.2344
MPLADS-002606,1339205.42,1294094.17,1104918.1,234287.31999999983,0.8251
MPLADS-002607,3005560.27,2913115.16,2711341.45,294218.81999999983,0.9021
MPLADS-002608,869621.09,903024.24,647877.33,221743.76,0.745
MPLADS-002609,224793.86,221906.76,194717.54,30076.319999999978,0.8662
MPLADS-002610,1029977.37,998391.78,782986.7,246990.67000000004,0.7602
MPLADS-002611,889014.32,848746.18,829727.19,59287.130000000005,0.9333
MPLADS-002612,2064731.36,1977075.57,1929974.59,134756.77000000002,0.9347
MPLADS-002613,3006249.21,2957218.62,2826266.15,179983.06000000006,0.9401
MPLADS-002614,512654.14,528928.44,400056.31,112597.83000000002,0.7804
MPLADS-002615,1548719.86,1616678.12,1327290.26,221429.6000000001,0.857
MPLADS-002616,446233.44,457321.09,328552.83,117680.60999999999,0.7363
MPLADS-002617,3152001.52,3120718.4,2904346.39,247655.1299999999,0.9214
MPLADS-002618,3061611.82,3041890.77,2063848.14,997763.6799999999,0.6741
MPLADS-002619,2937177.03,3019788.47,2107387.14,829789.8899999997,0.7175
MPLADS-002620,937717.86,969499.3,581677.86,356040.0,0.6203
MPLADS-002621,453910.83,433943.85,313244.91,140665.92000000004,0.6901
MPLADS-002622,2467034.42,2466441.46,3385506.69,0.0,1.3723
MPLADS-002623,2980671.38,2957214.9,1821470.57,1159200.8099999998,0.6111
MPLADS-002624,907792.37,914695.88,823322.32,84470.05000000005,0.907
MPLADS-002625,483176.54,463758.11,438223.49,44953.04999999999,0.907
MPLADS-002626,1813714.1,1816174.64,1336707.29,477006.81000000006,0.737
MPLADS-002627,837817.28,850383.29,747626.9,90190.38,0.8924
MPLADS-002628,2993116.93,2906974.08,2890324.2,102792.72999999998,0.9657
MPLADS-002629,396156.14,377338.27,387147.56,9008.580000000016,0.9773
MPLADS-002630,1182225.1,1223012.4,1068986.5,113238.6000000001,0.9042
MPLADS-002631,759343.03,795152.71,533039.15,226303.88,0.702
MPLADS-002632,1973211.77,1962912.91,1449723.52,523488.25,0.7347
MPLADS-002633,3477843.21,3384317.74,3397976.3,79866.91000000015,0.977
MPLADS-002634,2954042.13,2936342.55,1826683.2,1127358.93,0.6184
MPLADS-002635,2276209.36,2373827.34,2190833.59,85375.77000000002,0.9625
MPLADS-002636,3334112.0,3175647.95,2813154.72,520957.2799999998,0.8437
MPLADS-002637,498310.31,481775.75,388055.23,110255.08000000002,0.7787
MPLADS-002638,417661.25,415137.09,343259.64,74401.60999999999,0.8219
MPLADS-002639,446892.4,463227.17,329204.06,117688.34000000003,0.7367
MPLADS-002640,456671.57,447470.97,422994.06,33677.51000000001,0.9263
MPLADS-002641,793661.55,797311.29,768436.65,25224.900000000023,0.9682
MPLADS-002642,1631174.16,1669593.99,1552674.44,78499.71999999997,0.9519
MPLADS-002643,1518217.88,1545275.4,981664.12,536553.7599999999,0.6466
MPLADS-002644,1154424.47,1096724.06,912840.19,241584.28000000003,0.7907
MPLADS-002645,219198.96,209118.7,208537.08,10661.880000000005,0.9514
MPLADS-002646,2541542.26,2415349.43,2034015.85,507526.4099999997,0.8003
MPLADS-002647,1824961.5,1761681.13,1670257.58,154703.91999999993,0.9152
MPLADS-002648,569073.41,550110.35,357250.49,211822.92000000004,0.6278
MPLADS-002649,2791496.23,2879782.43,1815226.98,976269.25,0.6503
MPLADS-002650,1968802.99,1892996.4,1660393.62,308409.3699999999,0.8434
MPLADS-002651,2298537.55,2393820.12,2119418.07,179119.47999999998,0.9221
MPLADS-002652,814484.1,784221.34,540815.22,273668.88,0.664
MPLADS-002653,1850109.84,1805184.68,1684643.19,165466.65000000014,0.9106
MPLADS-002654,552999.24,574364.82,395692.12,157307.12,0.7155
MPLADS-002655,472248.75,463931.61,442513.61,29735.140000000014,0.937
MPLADS-002656,1780919.24,1694040.97,1771058.39,9860.850000000093,0.9945
MPLADS-002657,467654.1,471898.44,365976.65,101677.44999999995,0.7826
MPLADS-002658,509503.52,521365.93,324859.18,184644.34000000003,0.6376
MPLADS-002659,2152045.07,2103533.88,2810292.56,0.0,1.3059
MPLADS-002660,1801009.03,1781402.75,1547347.07,253661.95999999996,0.8592
MPLADS-002661,3047112.16,3149582.02,2869703.49,177408.66999999993,0.9418
MPLADS-002662,3172863.99,3021984.63,2154744.59,1018119.4000000004,0.6791
MPLADS-002663,1005924.37,965452.33,1005924.37,0.0,1.0
MPLADS-002664,982475.41,955128.81,866509.41,115966.0,0.882
MPLADS-002665,843761.51,810428.31,607383.22,236378.29000000004,0.7199
MPLADS-002666,497839.76,496219.09,467416.31,30423.45000000001,0.9389
MPLADS-002667,914239.61,899900.64,813441.73,100797.88,0.8897
MPLADS-002668,402714.3,389618.13,518314.58,0.0,1.2871
MPLADS-002669,217049.09,219136.76,310035.75,0.0,1.4284
MPLADS-002670,384438.87,388376.13,321522.97,62915.90000000002,0.8363
MPLADS-002671,229590.44,233348.81,169503.34,60087.100000000006,0.7383
MPLADS-002672,2427568.42,2357914.83,1862481.9,565086.52,0.7672
MPLADS-002673,2887262.4,2764630.86,2770796.88,116465.52000000002,0.9597
MPLADS-002674,2305433.79,2293674.55,1949703.29,355730.5,0.8457
MPLADS-002675,1021754.75,991996.17,875375.38,146379.37,0.8567
MPLADS-002676,9396180.13,9192623.49,9032729.06,363451.0700000003,0.9613
MPLADS-002677,2214555.87,2277163.04,1438791.9,775763.9700000002,0.6497
MPLADS-002678,679612.37,707832.22,501160.96,178451.40999999997,0.7374
MPLADS-002679,3198845.79,3315948.3,2718013.54,480832.25,0.8497
MPLADS-002680,727142.87,748913.48,601635.97,125506.90000000002,0.8274
MPLADS-002681,907100.03,896287.83,805327.64,101772.39000000001,0.8878
MPLADS-002682,515661.41,504743.86,484721.73,30939.679999999993,0.94
MPLADS-002683,463746.47,482448.2,356481.96,107264.50999999995,0.7687
MPLADS-002684,399509.73,394996.93,375818.05,23691.679999999993,0.9407
MPLADS-002685,2504634.57,2476717.82,3120737.28,0.0,1.246
MPLADS-002686,424465.98,439299.51,287263.37,137202.61,0.6768
MPLADS-002687,453036.03,462537.2,333750.13,119285.90000000002,0.7367
MPLADS-002688,249577.77,260837.28,248031.86,1545.9100000000035,0.9938
MPLADS-002689,1138665.72,1137052.04,943837.37,194828.34999999998,0.8289
MPLADS-002690,8397121.46,8598201.29,6984123.58,1412997.8800000008,0.8317
MPLADS-002691,1236990.61,1239469.08,1158078.01,78912.6000000001,0.9362
MPLADS-002692,522523.18,501975.56,433615.32,88907.85999999999,0.8298
MPLADS-002693,1287804.46,1271442.14,940122.63,347681.82999999996,0.73
MPLADS-002694,1012263.66,984316.06,696726.8,315536.86,0.6883
MPLADS-002695,1078397.08,1032071.19,923117.99,155279.09000000008,0.856
MPLADS-002696,2672508.02,2611590.59,1683783.54,988724.48,0.63
MPLADS-002697,1190050.39,1214685.14,731846.36,458204.0299999999,0.615
MPLADS-002698,9933937.52,10249776.39,7430759.51,2503178.01,0.748
MPLADS-002699,412216.59,395056.94,389272.79,22943.800000000047,0.9443
MPLADS-002700,408723.98,421449.14,337409.63,71314.34999999998,0.8255
MPLADS-002701,1966301.39,1997945.78,1860904.38,105397.01000000001,0.9464
MPLADS-002702,8804357.14,8397404.08,6639466.54,2164890.6000000006,0.7541
MPLADS-002703,2777281.67,2731184.92,2077438.32,699843.3499999999,0.748
MPLADS-002704,526828.44,514441.46,479878.91,46949.52999999997,0.9109
MPLADS-002705,409649.74,406695.73,295588.38,114061.35999999999,0.7216
MPLADS-002706,1191968.47,1158904.12,845701.68,346266.7899999999,0.7095
MPLADS-002707,1002946.39,992313.41,904861.13,98085.26000000001,0.9022
MPLADS-002708,238936.0,238624.24,171852.29,67083.70999999999,0.7192
MPLADS-002709,471398.01,480085.11,300453.9,170944.11,0.6374
MPLADS-002710,405319.47,415437.86,258380.19,146939.27999999997,0.6375
MPLADS-002711,1362592.21,1344382.47,972774.95,389817.26,0.7139
MPLADS-002712,3880630.49,3792081.78,3782569.83,98060.66000000015,0.9747
MPLADS-002713,2624690.1,2736149.53,2176895.33,447794.77,0.8294
MPLADS-002714,2145475.3,2136741.56,1507707.93,637767.3699999999,0.7027
MPLADS-002715,3624564.91,3555898.47,3023491.88,601073.0300000003,0.8342
MPLADS-002716,2585626.35,2542157.53,2469355.15,116271.20000000019,0.955
MPLADS-002717,818918.0,829432.53,522785.07,296132.93,0.6384
MPLADS-002718,533986.02,557610.3,452334.56,81651.46000000002,0.8471
MPLADS-002719,470146.41,482678.38,327947.44,142198.96999999997,0.6975
MPLADS-002720,845278.55,856175.91,619451.72,225826.83000000007,0.7328
MPLADS-002721,972760.63,965675.2,903669.33,69091.30000000005,0.929
MPLADS-002722,839062.05,835364.84,531369.77,307692.28,0.6333
MPLADS-002723,786562.55,754960.9,699215.39,87347.16000000003,0.889
MPLADS-002724,795636.2,811912.52,623757.7,171878.5,0.784
MPLADS-002725,251399.21,255199.67,251399.21,0.0,1.0
MPLADS-002726,2751563.07,2815493.78,2612280.15,139282.91999999993,0.9494
MPLADS-002727,231531.81,238067.36,215812.0,15719.809999999998,0.9321
MPLADS-002728,9687737.89,9842331.46,7428200.03,2259537.8600000003,0.7668
MPLADS-002729,492089.79,475732.85,398050.26,94039.52999999997,0.8089
MPLADS-002730,745356.4,710957.85,457116.57,288239.83,0.6133
MPLADS-002731,2027932.51,2027091.59,1336874.16,691058.3500000001,0.6592
MPLADS-002732,4614822.33,4415321.48,4249980.01,364842.3200000003,0.9209
MPLADS-002733,1524422.54,1449470.76,1427823.33,96599.20999999996,0.9366
MPLADS-002734,1912516.86,1820136.27,1659592.74,252924.1200000001,0.8678
MPLADS-002735,1331459.49,1364904.7,974700.16,356759.32999999996,0.7321
MPLADS-002736,831767.08,853536.94,793081.84,38685.23999999999,0.9535
MPLADS-002737,3095456.97,3226896.5,1886788.89,1208668.0800000003,0.6095
MPLADS-002738,3076536.92,3026906.42,2915040.18,161496.73999999976,0.9475
MPLADS-002739,1082265.53,1102939.01,932661.93,149603.59999999998,0.8618
MPLADS-002740,3873618.11,4014842.48,3106929.97,766688.1399999997,0.8021
MPLADS-002741,1315979.17,1273065.14,1005435.85,310543.31999999995,0.764
MPLADS-002742,434247.18,428286.66,277017.64,157229.53999999998,0.6379
MPLADS-002743,210148.77,213507.39,157415.19,52733.57999999999,0.7491
MPLADS-002744,443329.94,456470.78,389699.98,53629.96000000002,0.879
MPLADS-002745,3618654.15,3643684.01,2654942.04,963712.1099999999,0.7337
MPLADS-002746,691851.94,703887.2,642964.99,48886.94999999995,0.9293
MPLADS-002747,975669.55,939779.8,620329.98,355339.57000000007,0.6358
MPLADS-002748,1989174.35,1929965.73,1371056.69,618117.6600000001,0.6893
MPLADS-002749,2710967.81,2833975.85,1708076.72,1002891.0900000001,0.6301
MPLADS-002750,2293386.8,2293696.53,2293386.8,0.0,1.0
MPLADS-002751,2775838.47,2716492.64,1922384.17,853454.3000000003,0.6925
MPLADS-002752,218731.68,209427.94,205607.78,13123.899999999994,0.94
MPLADS-002753,775805.41,774860.11,689132.58,86672.83000000007,0.8883
MPLADS-002754,1026019.58,1010365.25,645003.33,381016.25,0.6286
MPLADS-002755,914221.41,911558.91,878311.95,35909.46000000008,0.9607
MPLADS-002756,1032503.99,1064659.86,729281.87,303222.12,0.7063
MPLADS-002757,433185.25,419110.51,364027.62,69157.63,0.8404
MPLADS-002758,2727717.3,2598411.81,2223228.1,504489.1999999997,0.8151
MPLADS-002759,482300.85,483221.69,293942.74,188358.11,0.6095
MPLADS-002760,3518707.81,3377816.34,4856180.71,0.0,1.3801
MPLADS-002761,2781730.47,2865747.68,2125718.12,656012.3500000001,0.7642
MPLADS-002762,2724998.74,2599833.07,2561498.82,163499.9200000004,0.94
MPLADS-002763,842739.58,865386.49,810320.74,32418.839999999967,0.9615
MPLADS-002764,1885347.02,1939837.37,1361998.75,523348.27,0.7224
MPLADS-002765,2363998.97,2433784.76,1626349.93,737649.0400000003,0.688
MPLADS-002766,3152294.39,3141974.21,1925459.68,1226834.7100000002,0.6108
MPLADS-002767,240951.71,244226.66,214195.64,26756.069999999978,0.889
MPLADS-002768,949289.94,980475.62,753336.05,195953.8899999999,0.7936
MPLADS-002769,3537808.84,3698915.87,3352982.52,184826.31999999983,0.9478
MPLADS-002770,230907.25,239183.79,178794.18,52113.07000000001,0.7743
MPLADS-002771,1351493.37,1373233.56,1019549.42,331943.95000000007,0.7544
MPLADS-002772,6159817.35,5999003.19,5201923.17,957894.1799999997,0.8445
MPLADS-002773,3270412.54,3359910.6,2037935.88,1232476.6600000001,0.6231
MPLADS-002774,1263983.15,1229569.63,1076033.43,187949.71999999997,0.8513
MPLADS-002775,2660802.84,2697460.75,2400489.81,260313.0299999998,0.9022
MPLADS-002776,2328190.62,2334987.71,1755773.32,572417.3,0.7541
MPLADS-002777,490024.77,490567.33,483081.3,6943.47000000003,0.9858
MPLADS-002778,9278468.8,9177003.71,8485160.65,793308.1500000004,0.9145
MPLADS-002779,2799309.33,2832654.45,2005465.44,793843.8900000001,0.7164
MPLADS-002780,1962633.12,1897802.03,1924804.53,37828.590000000084,0.9807
MPLADS-002781,858579.2,899454.64,561956.25,296622.94999999995,0.6545
MPLADS-002782,2209136.47,2229392.81,3006842.54,0.0,1.3611
MPLADS-002783,196457.38,187113.08,135274.55,61182.830000000016,0.6886
MPLADS-002784,3072731.96,3140202.62,2368763.74,703968.2199999997,0.7709
MPLADS-002785,1980632.72,1897140.55,1980632.72,0.0,1.0
MPLADS-002786,3729060.98,3871487.69,2850482.13,878578.8500000001,0.7644
MPLADS-002787,898216.22,854152.3,776366.59,121849.63,0.8643
MPLADS-002788,1224600.48,1204042.94,942690.57,281909.91000000003,0.7698
MPLADS-002789,2609123.31,2582853.09,2102611.29,506512.02,0.8059
MPLADS-002790,885370.37,888822.45,749539.39,135830.97999999998,0.8466
MPLADS-002791,860073.0,893919.47,553136.41,306936.58999999997,0.6431
MPLADS-002792,1040187.79,1089142.22,774880.53,265307.26,0.7449
MPLADS-002793,448647.76,470243.87,435459.31,13188.450000000012,0.9706
MPLADS-002794,215827.04,211159.85,130127.28,85699.76000000001,0.6029
MPLADS-002795,2805217.92,2703657.88,2498459.14,306758.7799999998,0.8906
MPLADS-002796,561223.28,549834.7,359525.67,201697.61000000004,0.6406
MPLADS-002797,211610.0,212558.87,205872.87,5737.130000000005,0.9729
MPLADS-002798,2039902.11,2004884.96,1467933.31,571968.8,0.7196
MPLADS-002799,204336.85,206036.82,143963.49,60373.360000000015,0.7045
MPLADS-002800,231603.78,238783.46,198381.5,33222.28,0.8566
MPLADS-002801,509246.73,500855.6,478691.93,30554.79999999999,0.94
MPLADS-002802,660557.96,691749.64,470453.03,190104.92999999993,0.7122
MPLADS-002803,2456492.52,2369107.66,1501922.33,954570.19,0.6114
MPLADS-002804,529815.3,508924.38,322155.04,207660.26000000007,0.6081
MPLADS-002805,435940.74,451622.84,386241.62,49699.119999999995,0.886
MPLADS-002806,1124231.81,1133618.14,824821.62,299410.19000000006,0.7337
MPLADS-002807,860397.09,820788.83,591960.67,268436.4199999999,0.688
MPLADS-002808,712111.13,686664.06,709913.58,2197.5500000000466,0.9969
MPLADS-002809,1085917.58,1090350.28,870334.11,215583.4700000001,0.8015
MPLADS-002810,3108410.37,3210406.97,1907626.53,1200783.84,0.6137
MPLADS-002811,525009.96,529707.19,381479.74,143530.21999999997,0.7266
MPLADS-002812,501294.22,493657.79,390373.46,110920.75999999995,0.7787
MPLADS-002813,800380.23,812823.92,755081.34,45298.890000000014,0.9434
MPLADS-002814,2466466.39,2402685.25,3278372.05,0.0,1.3292
MPLADS-002815,2132090.37,2036064.61,1483103.52,648986.8500000001,0.6956
MPLADS-002816,1623685.0,1675885.0,1179177.37,444507.6299999999,0.7262
MPLADS-002817,3092885.41,3227753.16,2506026.13,586859.2800000003,0.8103
MPLADS-002818,496058.73,475858.16,411051.26,85007.46999999997,0.8286
MPLADS-002819,3482362.6,3371466.34,2133601.42,1348761.1800000002,0.6127
MPLADS-002820,3753395.92,3758954.54,3575657.46,177738.45999999996,0.9526
MPLADS-002821,2822488.41,2751567.68,2131135.3,691353.1100000003,0.7551
MPLADS-002822,456494.13,446563.32,451368.35,5125.780000000028,0.9888
MPLADS-002823,2548318.87,2573981.29,1949834.85,598484.02,0.7651
MPLADS-002824,2307687.03,2360157.12,1403527.74,904159.2899999998,0.6082
MPLADS-002825,434748.4,444810.92,390061.01,44687.390000000014,0.8972
MPLADS-002826,866467.19,865998.35,592861.81,273605.3799999999,0.6842
MPLADS-002827,231711.81,228965.46,177745.69,53966.119999999995,0.7671
MPLADS-002828,1322539.02,1273697.21,818623.11,503915.91000000003,0.619
MPLADS-002829,2025601.79,2095376.1,1579087.21,446514.5800000001,0.7796
MPLADS-002830,839822.12,836933.36,777437.31,62384.80999999994,0.9257
MPLADS-002831,219171.74,220315.7,207489.94,11681.799999999988,0.9467
MPLADS-002832,569395.45,590207.09,452649.65,116745.79999999993,0.795
MPLADS-002833,3764524.43,3813982.27,2897414.14,867110.29,0.7697
MPLADS-002834,2546562.49,2667084.3,2056015.9,490546.5900000003,0.8074
MPLADS-002835,2327663.3,2347433.34,1538785.05,788878.2499999998,0.6611
MPLADS-002836,2930639.83,2886980.92,1923070.02,1007569.81,0.6562
MPLADS-002837,1302616.45,1282024.26,849856.42,452760.0299999999,0.6524
MPLADS-002838,482410.74,462702.27,325032.33,157378.40999999997,0.6738
MPLADS-002839,2868289.44,2766736.28,2366926.87,501362.56999999983,0.8252
MPLADS-002840,733132.99,717045.05,517322.85,215810.14,0.7056
MPLADS-002841,690828.52,699718.1,690828.52,0.0,1.0
MPLADS-002842,795872.64,770251.11,530044.1,265828.54000000004,0.666
MPLADS-002843,213661.71,216019.21,200842.01,12819.699999999983,0.94
MPLADS-002844,985823.65,955617.21,924207.74,61615.91000000003,0.9375
MPLADS-002845,3172793.59,3175603.83,3037465.2,135328.38999999966,0.9573
MPLADS-002846,403592.67,404756.17,323982.39,79610.27999999997,0.8027
MPLADS-002847,665710.58,637013.31,874954.68,0.0,1.3143
MPLADS-002848,3412234.48,3364237.61,3408039.8,4194.680000000168,0.9988
MPLADS-002849,202477.7,201720.9,186073.1,16404.600000000006,0.919
MPLADS-002850,697301.25,698045.63,655463.17,41838.07999999996,0.94
MPLADS-002851,525219.42,513146.42,519839.68,5379.740000000049,0.9898
MPLADS-002852,1367182.44,1366016.06,1217238.09,149944.34999999986,0.8903
MPLADS-002853,556942.45,553791.67,369181.23,187761.21999999997,0.6629
MPLADS-002854,9413203.05,9850596.74,7182501.0,2230702.0500000007,0.763
MPLADS-002855,1055123.33,1092393.87,864442.55,190680.78000000003,0.8193
MPLADS-002856,3153839.73,3281765.43,1977416.53,1176423.2,0.627
MPLADS-002857,1731149.38,1761167.49,2506545.14,0.0,1.4479
MPLADS-002858,402404.05,385602.02,302612.85,99791.20000000001,0.752
MPLADS-002859,195387.01,190316.53,135601.59,59785.42000000001,0.694
MPLADS-002860,10103328.1,10147723.96,9916139.19,187188.91000000015,0.9815
MPLADS-002861,909578.38,922106.97,691410.02,218168.36,0.7601
MPLADS-002862,445855.09,466333.02,405609.07,40246.02000000002,0.9097
MPLADS-002863,556472.04,584092.69,523083.72,33388.320000000065,0.94
MPLADS-002864,3956476.15,4085007.06,3371103.3,585372.8500000001,0.852
MPLADS-002865,500104.59,493990.26,470098.31,30006.280000000028,0.94
MPLADS-002866,2625983.11,2643487.55,2292806.83,333176.2799999998,0.8731
MPLADS-002867,504199.08,514885.81,707810.55,0.0,1.4038
MPLADS-002868,474404.71,477218.98,376300.28,98104.43,0.7932
MPLADS-002869,1659780.96,1652782.24,1345246.29,314534.6699999999,0.8105
MPLADS-002870,1696227.22,1655869.12,1132373.75,563853.47,0.6676
MPLADS-002871,419235.21,437791.99,303270.81,115964.40000000002,0.7234
MPLADS-002872,3153010.21,3290778.45,2631476.28,521533.93000000017,0.8346
MPLADS-002873,2135145.03,2085472.31,1942113.02,193032.00999999978,0.9096
MPLADS-002874,552052.39,555193.68,546182.21,5870.180000000051,0.9894
MPLADS-002875,726074.83,707929.5,688779.1,37295.72999999998,0.9486
MPLADS-002876,1159788.29,1199091.44,778681.2,381107.0900000001,0.6714
MPLADS-002877,912169.34,914856.95,771148.23,141021.11,0.8454
MPLADS-002878,771532.13,735603.84,681695.03,89837.09999999998,0.8836
MPLADS-002879,2164349.04,2063965.42,2164349.04,0.0,1.0
MPLADS-002880,1335777.3,1390166.47,1003634.84,332142.4600000001,0.7513
MPLADS-002881,414352.67,395854.04,389491.51,24861.159999999974,0.94
MPLADS-002882,409819.1,394331.96,317288.73,92530.37,0.7742
MPLADS-002883,11798734.48,11929053.15,9066877.48,2731857.0,0.7685
MPLADS-002884,415279.27,413149.87,334940.9,80338.37,0.8065
MPLADS-002885,2508605.33,2632232.38,2234398.39,274206.93999999994,0.8907
MPLADS-002886,3730105.59,3605867.63,2385498.86,1344606.73,0.6395
MPLADS-002887,1006091.37,963647.84,878400.67,127690.69999999995,0.8731
MPLADS-002888,1023691.96,1017124.47,620747.96,402944.0,0.6064
MPLADS-002889,1851971.92,1832173.02,1593803.13,258168.79000000004,0.8606
MPLADS-002890,2317966.78,2394660.79,2060494.01,257472.7699999998,0.8889
MPLADS-002891,388444.51,392847.03,266189.4,122255.10999999999,0.6853
MPLADS-002892,5422233.74,5282450.24,3501337.98,1920895.7600000002,0.6457
MPLADS-002893,2724174.84,2624378.68,1900688.18,823486.6599999999,0.6977
MPLADS-002894,983929.4,954523.15,715232.67,268696.73,0.7269
MPLADS-002895,2496380.69,2529969.2,2496380.69,0.0,1.0
MPLADS-002896,2938434.48,2817729.15,2174844.71,763589.77,0.7401
MPLADS-002897,2941146.93,2947655.7,2860684.0,80462.93000000017,0.9726
MPLADS-002898,1018060.65,1063060.89,1338688.47,0.0,1.3149
MPLADS-002899,1902590.6,1942869.14,1219410.48,683180.1200000001,0.6409
MPLADS-002900,705901.61,699250.76,646112.57,59789.04000000004,0.9153
MPLADS-002901,2677617.39,2672287.97,2422122.51,255494.88000000035,0.9046
MPLADS-002902,3111145.67,3090720.6,2020071.06,1091074.6099999999,0.6493
MPLADS-002903,1816218.98,1766278.72,1337037.63,479181.3500000001,0.7362
MPLADS-002904,2508627.79,2632886.01,1818140.94,690486.8500000001,0.7248
MPLADS-002905,846669.77,876562.12,846669.77,0.0,1.0
MPLADS-002906,3526938.06,3462397.78,3516381.59,10556.470000000205,0.997
MPLADS-002907,561501.34,588185.43,439068.41,122432.93,0.782
MPLADS-002908,2779053.9,2835288.78,1927593.47,851460.4299999999,0.6936
MPLADS-002909,652031.01,651984.33,525216.06,126814.94999999995,0.8055
MPLADS-002910,2749083.97,2670548.07,2201814.72,547269.25,0.8009
MPLADS-002911,488517.98,482372.67,685315.51,0.0,1.4028
MPLADS-002912,2390325.56,2398230.7,1897025.48,493300.0800000001,0.7936
MPLADS-002913,1702291.51,1664208.86,1546921.01,155370.5,0.9087
MPLADS-002914,2246743.05,2281423.25,2014645.52,232097.5299999998,0.8967
MPLADS-002915,792079.99,823447.55,541459.22,250620.77000000002,0.6836
MPLADS-002916,7142026.53,7245420.68,4944591.05,2197435.4800000004,0.6923
MPLADS-002917,847128.87,848937.21,546753.15,300375.72,0.6454
MPLADS-002918,1246956.2,1287625.28,816549.4,430406.79999999993,0.6548
MPLADS-002919,418859.91,424566.84,387886.11,30973.79999999999,0.9261
MPLADS-002920,5672435.35,5663610.69,4808605.26,863830.0899999999,0.8477
MPLADS-002921,1163225.45,1118832.18,802698.79,360526.6599999999,0.6901
MPLADS-002922,483379.37,465810.52,372697.21,110682.15999999997,0.771
MPLADS-002923,1812067.25,1846430.29,1756627.66,55439.590000000084,0.9694
MPLADS-002924,12945650.93,12985462.53,10731045.76,2214605.17,0.8289
MPLADS-002925,3843992.43,3985484.64,3572238.86,271753.5700000003,0.9293
MPLADS-002926,3848157.27,3815281.25,3617267.83,230889.43999999994,0.94
MPLADS-002927,199362.42,190078.55,188179.49,11182.930000000022,0.9439
MPLADS-002928,198749.98,198751.22,193313.26,5436.720000000001,0.9726
MPLADS-002929,970506.88,998092.93,633790.52,336716.36,0.6531
MPLADS-002930,484303.4,506448.31,453964.54,30338.860000000044,0.9374
MPLADS-002931,1067574.4,1073913.93,1003519.94,64054.45999999996,0.94
MPLADS-002932,798945.17,809319.98,584242.88,214702.29000000004,0.7313
MPLADS-002933,1114546.95,1139848.78,1037355.33,77191.62,0.9307
MPLADS-002934,1802128.29,1800889.01,1722839.01,79289.28000000003,0.956
MPLADS-002935,490831.97,475303.57,465684.72,25147.25,0.9488
MPLADS-002936,216007.23,210378.17,211115.49,4891.74000000002,0.9774
MPLADS-002937,880275.29,914487.69,615815.33,264459.9600000001,0.6996
MPLADS-002938,479429.75,460050.68,350706.7,128723.04999999999,0.7315
MPLADS-002939,1321183.51,1377843.02,1288951.13,32232.38000000012,0.9756
MPLADS-002940,202422.22,202392.26,160938.89,41483.32999999999,0.7951
MPLADS-002941,1007118.14,960589.02,653573.9,353544.24,0.649
MPLADS-002942,1344173.05,1396932.13,880163.56,464009.49,0.6548
MPLADS-002943,6344898.41,6606359.42,3998740.48,2346157.93,0.6302
MPLADS-002944,1011386.63,1035728.21,950703.43,60683.19999999995,0.94
MPLADS-002945,683097.77,681859.09,682974.8,122.96999999997206,0.9998
MPLADS-002946,510352.09,513354.18,362206.88,148145.21000000002,0.7097
MPLADS-002947,998534.24,1014471.86,750340.22,248194.02000000002,0.7514
MPLADS-002948,807853.85,827071.97,499705.61,308148.24,0.6186
MPLADS-002949,2608898.05,2631156.5,2498596.53,110301.52000000002,0.9577
MPLADS-002950,887177.3,863560.3,599997.66,287179.64,0.6763
MPLADS-002951,232364.54,236627.36,162778.88,69585.66,0.7005
MPLADS-002952,469334.47,464207.6,352854.0,116480.46999999997,0.7518
MPLADS-002953,852986.3,838921.4,682544.7,170441.6000000001,0.8002
MPLADS-002954,3193461.24,3040338.61,2004458.72,1189002.5200000003,0.6277
MPLADS-002955,3318586.22,3195061.31,2625338.79,693247.4300000002,0.7911
MPLADS-002956,3969664.05,3981469.11,3679328.32,290335.73,0.9269
MPLADS-002957,457841.5,468983.47,641500.14,0.0,1.4011
MPLADS-002958,947033.61,907237.6,813662.58,133371.03000000003,0.8592
MPLADS-002959,2047720.59,2141241.46,1883439.29,164281.30000000005,0.9198
MPLADS-002960,514561.51,529397.03,434299.57,80261.94,0.844
MPLADS-002961,1631990.07,1694284.8,1512959.3,119030.77000000002,0.9271
MPLADS-002962,442111.94,463135.62,634218.12,0.0,1.4345
MPLADS-002963,3200151.52,3310754.52,2673187.83,526963.69,0.8353
MPLADS-002964,504247.63,501614.98,473992.77,30254.859999999986,0.94
MPLADS-002965,3555426.84,3654876.74,3368997.39,186429.44999999972,0.9476
MPLADS-002966,2380761.24,2381728.57,1812974.62,567786.6200000001,0.7615
MPLADS-002967,226580.11,228272.09,174520.91,52059.19999999998,0.7702
MPLADS-002968,396058.24,398940.85,380389.21,15669.02999999997,0.9604
MPLADS-002969,485213.35,464531.81,411290.33,73923.01999999996,0.8476
MPLADS-002970,938614.19,962706.82,625399.47,313214.72,0.6663
MPLADS-002971,3003413.25,2887330.13,2627691.07,375722.18000000017,0.8749
MPLADS-002972,3594648.91,3566754.52,2828522.89,766126.02,0.7869
MPLADS-002973,1092077.82,1106822.34,898942.67,193135.15000000002,0.8231
MPLADS-002974,3208896.82,3357778.41,2118507.49,1090389.3299999996,0.6602
MPLADS-002975,249510.84,238123.71,239016.72,10494.119999999995,0.9579
MPLADS-002976,2498200.05,2421710.01,2235174.92,263025.1299999999,0.8947
MPLADS-002977,2754140.08,2815295.66,2151014.88,603125.2000000002,0.781
MPLADS-002978,1304498.78,1310952.41,886542.33,417956.45000000007,0.6796
MPLADS-002979,2667838.91,2602666.18,2321849.33,345989.5800000001,0.8703
MPLADS-002980,3190208.85,3189461.92,2998796.32,191412.53000000026,0.94
MPLADS-002981,826940.39,822524.8,615540.96,211399.43000000005,0.7444
MPLADS-002982,738393.2,739197.48,567463.42,170929.7799999999,0.7685
MPLADS-002983,566654.84,547135.22,532655.55,33999.28999999992,0.94
MPLADS-002984,778289.83,808787.09,579957.31,198332.5199999999,0.7452
MPLADS-002985,2635655.14,2638018.27,1839596.94,796058.2000000002,0.698
MPLADS-002986,495873.86,506186.25,311962.91,183910.95,0.6291
MPLADS-002987,2854119.98,2988913.49,2261025.29,593094.69,0.7922
MPLADS-002988,1706576.12,1761396.77,1363061.97,343514.15000000014,0.7987
MPLADS-002989,766895.14,749563.25,1088131.38,0.0,1.4189
MPLADS-002990,437759.5,459387.31,597432.46,0.0,1.3648
MPLADS-002991,2767042.96,2723175.74,2608608.3,158434.66000000015,0.9427
MPLADS-002992,536997.7,555213.22,498764.01,38233.689999999944,0.9288
MPLADS-002993,5470886.74,5615399.6,3286025.01,2184861.7300000004,0.6006
MPLADS-002994,965067.51,923788.84,965067.51,0.0,1.0
MPLADS-002995,2678378.56,2713638.71,1642471.16,1035907.4000000001,0.6132
MPLADS-002996,1903555.9,1912640.29,1516216.2,387339.69999999995,0.7965
MPLADS-002997,433852.04,441544.53,408428.09,25423.949999999953,0.9414
MPLADS-002998,219387.17,220836.12,212919.08,6468.090000000026,0.9705
MPLADS-002999,670168.04,656559.42,411794.22,258373.82000000007,0.6145
MPLADS-003000,2935150.0,2841500.14,2387939.28,547210.7200000002,0.8136
MPLADS-003001,1114165.45,1102688.0,864276.88,249888.56999999995,0.7757
MPLADS-003002,216912.16,216765.41,147442.32,69469.84,0.6797
MPLADS-003003,1923014.49,1990480.05,1923014.49,0.0,1.0
MPLADS-003004,3656465.25,3744084.82,2638635.11,1017830.1400000001,0.7216
MPLADS-003005,452658.02,463376.16,313258.24,139399.78000000003,0.692
MPLADS-003006,225383.81,228946.89,195069.55,30314.26000000001,0.8655
MPLADS-003007,3097492.59,2973019.4,2067292.91,1030199.6799999999,0.6674
MPLADS-003008,247378.23,254112.88,175589.67,71788.56,0.7098
MPLADS-003009,2502257.36,2568967.38,2352121.92,150135.43999999994,0.94
MPLADS-003010,1630420.45,1699971.13,2137810.33,0.0,1.3112
MPLADS-003011,3832248.58,3750039.22,3226465.1,605783.48,0.8419
MPLADS-003012,419060.79,435309.31,268026.51,151034.27999999997,0.6396
MPLADS-003013,411943.85,425836.29,330077.93,81865.91999999998,0.8013
MPLADS-003014,230079.14,224723.21,169771.52,60307.620000000024,0.7379
MPLADS-003015,1178549.73,1192938.83,882424.11,296125.62,0.7487
MPLADS-003016,1217168.45,1224884.79,947819.76,269348.68999999994,0.7787
MPLADS-003017,1810199.76,1861412.89,1464082.86,346116.8999999999,0.8088
MPLADS-003018,1690676.98,1734046.2,1581721.7,108955.28000000003,0.9356
MPLADS-003019,2244283.4,2230320.63,2074356.99,169926.40999999992,0.9243
MPLADS-003020,2472109.53,2552027.21,2275493.5,196616.0299999998,0.9205
MPLADS-003021,673581.5,667721.01,512808.68,160772.82,0.7613
MPLADS-003022,222297.07,216310.92,178164.79,44132.28,0.8015
MPLADS-003023,4373629.34,4366775.69,4058637.61,314991.73,0.928
MPLADS-003024,503384.64,499836.28,302400.54,200984.10000000003,0.6007
MPLADS-003025,922353.4,892017.32,780556.82,141796.58000000007,0.8463
MPLADS-003026,3219967.56,3196436.05,3009156.7,210810.85999999987,0.9345
MPLADS-003027,2364955.95,2317941.9,1502945.33,862010.6200000001,0.6355
MPLADS-003028,3262670.81,3274376.34,2569533.83,693136.98,0.7876
MPLADS-003029,1859384.03,1882951.35,1177907.6,681476.4299999999,0.6335
MPLADS-003030,488274.27,511432.83,330915.76,157358.51,0.6777
MPLADS-003031,544570.33,542407.12,375122.67,169447.65999999997,0.6888
MPLADS-003032,198283.52,192742.97,180688.85,17594.669999999984,0.9113
MPLADS-003033,2757567.09,2739577.13,2465968.53,291598.56000000006,0.8943
MPLADS-003034,3767502.8,3871741.61,3765514.98,1987.8199999998324,0.9995
MPLADS-003035,3422376.33,3512506.48,3217033.75,205342.58000000007,0.94
MPLADS-003036,976368.84,942645.63,771338.78,205030.05999999994,0.79
MPLADS-003037,955124.81,940934.65,761955.7,193169.1100000001,0.7978
MPLADS-003038,2433876.2,2479159.67,1609363.08,824513.1200000001,0.6612
MPLADS-003039,12091161.52,12070697.53,7691612.65,4399548.869999999,0.6361
MPLADS-003040,678061.45,697570.32,502794.94,175266.50999999995,0.7415
MPLADS-003041,2038957.88,2108925.06,1649411.82,389546.0599999998,0.8089
MPLADS-003042,4279022.87,4308638.56,3872743.03,406279.8400000003,0.9051
MPLADS-003043,433626.81,422258.9,286133.09,147493.71999999997,0.6599
MPLADS-003044,2130595.12,2141115.12,1637076.75,493518.3700000001,0.7684
MPLADS-003045,687745.81,660079.39,486556.68,201189.13000000006,0.7075
MPLADS-003046,10811988.23,10466059.51,7028524.31,3783463.920000001,0.6501
MPLADS-003047,2150409.3,2068871.03,1423269.36,727139.9399999997,0.6619
MPLADS-003048,431271.11,431476.1,303822.38,127448.72999999998,0.7045
MPLADS-003049,2487555.58,2452003.73,1835137.62,652417.96,0.7377
MPLADS-003050,226028.25,216525.94,162597.12,63431.130000000005,0.7194
MPLADS-003051,3527346.76,3660135.76,4763795.66,0.0,1.3505
MPLADS-003052,1257078.4,1270365.23,853617.29,403461.10999999987,0.679
MPLADS-003053,3321207.78,3439678.21,2238035.21,1083172.5699999998,0.6739
MPLADS-003054,10172640.2,10435892.46,8015700.45,2156939.749999999,0.788
MPLADS-003055,1214011.82,1207192.6,1491828.55,0.0,1.2288
MPLADS-003056,443522.15,460435.71,340269.68,103252.47000000003,0.7672
MPLADS-003057,7889332.25,7829608.17,7488457.85,400874.4000000004,0.9492
MPLADS-003058,1211276.07,1166929.65,1011657.61,199618.46000000008,0.8352
MPLADS-003059,1902408.97,1942114.53,1678920.48,223488.49,0.8825
MPLADS-003060,441619.53,451330.09,420278.03,21341.5,0.9517
MPLADS-003061,3137947.19,3189895.87,2105887.14,1032060.0499999998,0.6711
MPLADS-003062,715259.36,725234.44,591701.86,123557.5,0.8273
MPLADS-003063,944745.22,969866.05,787150.12,157595.09999999998,0.8332
MPLADS-003064,1695765.11,1759578.72,1126436.91,569328.2000000002,0.6643
MPLADS-003065,2370534.39,2486679.25,2164273.66,206260.72999999998,0.913
MPLADS-003066,1196288.48,1163277.04,729344.65,466943.82999999996,0.6097
MPLADS-003067,2409578.28,2500220.94,2153441.52,256136.75999999978,0.8937
MPLADS-003068,3366385.41,3241334.4,2504489.28,861896.1300000004,0.744
MPLADS-003069,5842206.4,5850591.02,5717366.47,124839.93000000063,0.9786
MPLADS-003070,962531.81,1001855.24,760842.49,201689.32000000007,0.7905
MPLADS-003071,470071.51,468675.02,441867.22,28204.290000000037,0.94
MPLADS-003072,769363.26,742672.08,719927.43,49435.82999999996,0.9357
MPLADS-003073,908857.38,903292.51,762285.49,146571.89,0.8387
MPLADS-003074,2688805.78,2732067.82,2560485.18,128320.59999999963,0.9523
MPLADS-003075,242007.03,237337.21,215861.5,26145.53,0.892
MPLADS-003076,512443.06,497678.06,447388.12,65054.94,0.873
MPLADS-003077,397869.3,390261.16,501637.55,0.0,1.2608
MPLADS-003078,2856278.47,2783803.21,2856278.47,0.0,1.0
MPLADS-003079,1075648.97,1024510.14,862969.89,212679.07999999996,0.8023
MPLADS-003080,562254.7,554048.29,562254.7,0.0,1.0
MPLADS-003081,1674006.22,1648106.08,1259557.36,414448.85999999987,0.7524
MPLADS-003082,1577634.84,1503435.54,1301502.33,276132.51,0.825
MPLADS-003083,3109847.57,2994654.26,3050716.33,59131.23999999976,0.981
MPLADS-003084,2270811.07,2317581.68,2003511.9,267299.1699999999,0.8823
MPLADS-003085,197702.98,197851.03,145120.96,52582.02000000002,0.734
MPLADS-003086,218986.55,212428.05,178853.31,40133.23999999999,0.8167
MPLADS-003087,758167.42,790970.56,638642.43,119524.98999999999,0.8424
MPLADS-003088,3079627.96,2942037.52,3079627.96,0.0,1.0
MPLADS-003089,477966.88,461008.83,368017.03,109949.84999999998,0.77
MPLADS-003090,2053496.9,2033274.34,2053496.9,0.0,1.0
MPLADS-003091,3164111.28,3121029.71,2146639.91,1017471.3699999996,0.6784
MPLADS-003092,482570.11,475857.94,431360.24,51209.869999999995,0.8939
MPLADS-003093,509239.89,484073.29,491316.16,17923.73000000004,0.9648
MPLADS-003094,827761.13,818753.31,633019.84,194741.29000000004,0.7647
MPLADS-003095,250423.6,243736.6,241245.48,9178.119999999995,0.9633
MPLADS-003096,10924401.89,10671528.45,8016508.33,2907893.5600000005,0.7338
MPLADS-003097,3548993.66,3713143.54,2763965.44,785028.2200000002,0.7788
MPLADS-003098,642398.87,624112.34,576791.55,65607.31999999995,0.8979
MPLADS-003099,245645.56,247661.3,230906.83,14738.73000000001,0.94
MPLADS-003100,2675950.61,2561326.08,2515393.57,160557.04000000004,0.94
MPLADS-003101,3030765.22,3024891.24,2474789.99,555975.23,0.8166
MPLADS-003102,737096.74,724596.51,487855.07,249241.66999999998,0.6619
MPLADS-003103,771202.13,793624.91,501255.99,269946.14,0.65
MPLADS-003104,1828723.47,1843986.0,1214992.38,613731.0900000001,0.6644
MPLADS-003105,968463.51,980867.29,689792.58,278670.93000000005,0.7123
MPLADS-003106,2821604.39,2708613.07,2414185.47,407418.9199999999,0.8556
MPLADS-003107,1639704.18,1574737.33,1498551.94,141152.24,0.9139
MPLADS-003108,669321.68,691487.43,667390.19,1931.490000000107,0.9971
MPLADS-003109,7368234.8,7055850.09,4641572.95,2726661.8499999996,0.6299
MPLADS-003110,2749900.0,2791905.51,1987582.02,762317.98,0.7228
MPLADS-003111,3016196.77,2996134.61,2674504.74,341692.0299999998,0.8867
MPLADS-003112,3969155.56,3941606.3,2891376.69,1077778.87,0.7285
MPLADS-003113,1068108.34,1031370.82,844804.33,223304.01000000013,0.7909
MPLADS-003114,2479969.64,2551114.19,2331171.46,148798.18000000017,0.94
MPLADS-003115,3060801.47,2978913.37,2903046.09,157755.38000000035,0.9485
MPLADS-003116,9506985.63,9511955.01,7575406.02,1931579.6100000013,0.7968
MPLADS-003117,939998.53,919068.91,845265.45,94733.08000000007,0.8992
MPLADS-003118,1164542.41,1115622.24,1147908.71,16633.699999999953,0.9857
MPLADS-003119,2389660.48,2277106.77,2323212.22,66448.25999999978,0.9722
MPLADS-003120,215072.38,205633.88,132684.84,82387.54000000001,0.6169
MPLADS-003121,3141698.18,3033888.22,2865991.75,275706.43000000017,0.9122
MPLADS-003122,855447.28,888479.3,632268.53,223178.75,0.7391
MPLADS-003123,1886183.17,1945199.73,1673699.87,212483.2999999998,0.8873
MPLADS-003124,471715.47,465173.9,286034.19,185681.27999999997,0.6064
MPLADS-003125,2688930.52,2712492.36,1824894.56,864035.96,0.6787
MPLADS-003126,476780.23,496027.68,448173.42,28606.809999999998,0.94
MPLADS-003127,3693506.77,3671094.03,2348313.83,1345192.94,0.6358
MPLADS-003128,458121.06,462297.71,436715.98,21405.080000000016,0.9533
MPLADS-003129,947125.15,928137.44,855077.58,92047.57000000007,0.9028
MPLADS-003130,2894428.13,2956222.06,1942362.92,952065.21,0.6711
MPLADS-003131,1037293.05,1009094.1,771053.56,266239.49,0.7433
MPLADS-003132,2227826.17,2336838.89,2024784.54,203041.6299999999,0.9089
MPLADS-003133,444881.45,434008.39,404299.73,40581.72000000003,0.9088
MPLADS-003134,3103078.93,3081815.44,2085584.55,1017494.3800000001,0.6721
MPLADS-003135,7938414.5,8273626.74,4893046.89,3045367.6100000003,0.6164
MPLADS-003136,2752979.18,2737439.12,2589065.72,163913.45999999996,0.9405
MPLADS-003137,3011465.89,3016690.86,2193199.82,818266.0700000003,0.7283
MPLADS-003138,820533.74,851386.88,528932.36,291601.38,0.6446
MPLADS-003139,199655.7,208422.63,191838.95,7816.75,0.9608
MPLADS-003140,2767326.49,2853925.92,2479103.75,288222.7400000002,0.8958
MPLADS-003141,2512091.55,2572106.19,2361366.06,150725.48999999976,0.94
MPLADS-003142,1339786.36,1391819.7,973719.71,366066.65000000014,0.7268
MPLADS-003143,1863622.15,1819127.2,1293909.58,569712.5699999998,0.6943
MPLADS-003144,3893394.67,3931829.56,2533685.57,1359709.1,0.6508
MPLADS-003145,459026.11,469342.13,425133.67,33892.44,0.9262
MPLADS-003146,2585666.67,2462018.08,2444806.72,140859.94999999972,0.9455
MPLADS-003147,3802249.66,3885343.72,3440309.06,361940.6000000001,0.9048
MPLADS-003148,224713.24,215937.41,158828.06,65885.18,0.7068
MPLADS-003149,602041.19,575008.23,458431.21,143609.97999999992,0.7615
MPLADS-003150,2823789.64,2741261.62,2300318.56,523471.0800000001,0.8146
MPLADS-003151,2505512.57,2502640.34,2331167.59,174344.97999999998,0.9304
MPLADS-003152,2545992.03,2567883.58,1822436.51,723555.5199999998,0.7158
MPLADS-003153,3667234.05,3845227.47,3667234.05,0.0,1.0
MPLADS-003154,834165.48,831570.17,804258.76,29906.719999999972,0.9641
MPLADS-003155,6803156.13,6841008.59,5894933.86,908222.2699999996,0.8665
MPLADS-003156,467768.35,463116.7,415523.61,52244.73999999999,0.8883
MPLADS-003157,187028.28,194520.46,173721.6,13306.679999999993,0.9289
MPLADS-003158,803094.16,842334.65,719645.08,83449.08000000007,0.8961
MPLADS-003159,217949.93,210951.89,210529.41,7420.5199999999895,0.966
MPLADS-003160,755272.23,744701.5,695900.2,59372.03000000003,0.9214
MPLADS-003161,2044645.25,1947697.31,1739435.96,305209.29000000004,0.8507
MPLADS-003162,465743.85,469167.57,324752.56,140991.28999999998,0.6973
MPLADS-003163,1116686.04,1072965.03,805167.48,311518.56000000006,0.721
MPLADS-003164,2487132.4,2369649.04,2171360.11,315772.29000000004,0.873
MPLADS-003165,3921318.24,4068279.1,3427145.69,494172.5500000003,0.874
MPLADS-003166,659276.19,687868.9,457434.02,201842.16999999993,0.6938
MPLADS-003167,433928.03,426979.1,373330.8,60597.23000000004,0.8604
MPLADS-003168,2668330.31,2577357.08,2148558.48,519771.8300000001,0.8052
MPLADS-003169,2412416.35,2393740.77,2382055.19,30361.16000000015,0.9874
MPLADS-003170,212152.23,212362.8,146784.99,65367.24000000002,0.6919
MPLADS-003171,740285.51,722921.06,727225.49,13060.020000000019,0.9824
MPLADS-003172,454647.34,471741.53,418644.05,36003.29000000004,0.9208
MPLADS-003173,4356120.19,4138458.41,2719511.48,1636608.7100000004,0.6243
MPLADS-003174,1307183.45,1294201.7,1105956.43,201227.02000000002,0.8461
MPLADS-003175,516563.74,495086.24,378246.97,138316.77000000002,0.7322
MPLADS-003176,221353.07,229332.67,192593.26,28759.809999999998,0.8701
MPLADS-003177,2330358.16,2284063.5,1730793.95,599564.2100000002,0.7427
MPLADS-003178,3501279.94,3613451.08,2383520.57,1117759.37,0.6808
MPLADS-003179,417446.78,418470.82,389035.5,28411.280000000028,0.9319
MPLADS-003180,860564.0,826877.61,528240.88,332323.12,0.6138
MPLADS-003181,2921541.85,2938861.69,1987366.99,934174.8600000001,0.6802
MPLADS-003182,3356256.4,3329292.55,2981521.58,374734.81999999983,0.8883
MPLADS-003183,2965055.98,2944105.98,2891396.34,73659.64000000013,0.9752
MPLADS-003184,196212.77,186920.39,186088.55,10124.220000000001,0.9484
MPLADS-003185,228739.5,237910.28,330137.01,0.0,1.4433
MPLADS-003186,250799.2,241414.01,238132.07,12667.130000000005,0.9495
MPLADS-003187,814193.93,845941.38,749152.48,65041.45000000007,0.9201
MPLADS-003188,1803796.41,1733260.93,1136321.18,667475.23,0.63
MPLADS-003189,715884.05,702265.51,642706.15,73177.90000000002,0.8978
MPLADS-003190,1768712.66,1779275.28,1095052.83,673659.8299999998,0.6191
MPLADS-003191,456336.4,476541.67,362029.15,94307.25,0.7933
MPLADS-003192,553429.49,556684.57,393148.79,160280.7,0.7104
MPLADS-003193,1332372.57,1302941.68,1243631.22,88741.3500000001,0.9334
MPLADS-003194,453856.98,453202.18,409074.11,44782.869999999995,0.9013
MPLADS-003195,455225.92,454036.72,303242.87,151983.05,0.6661
MPLADS-003196,3552310.6,3707957.75,2637072.28,915238.3200000003,0.7424
MPLADS-003197,2731556.41,2615952.0,2489153.84,242402.5700000003,0.9113
MPLADS-003198,242658.51,242346.4,165814.19,76844.32,0.6833
MPLADS-003199,1592682.33,1648988.89,1439405.81,153276.52000000002,0.9038
MPLADS-003200,1414644.71,1418724.57,1054233.28,360411.42999999993,0.7452
MPLADS-003201,744453.76,757073.31,520658.47,223795.29000000004,0.6994
MPLADS-003202,1246013.58,1239965.25,1194823.74,51189.840000000084,0.9589
MPLADS-003203,439374.93,429670.28,349830.6,89544.33000000002,0.7962
MPLADS-003204,835848.61,868333.83,726716.71,109131.90000000002,0.8694
MPLADS-003205,2269846.77,2220729.68,1387152.83,882693.94,0.6111
MPLADS-003206,787385.13,786538.71,547510.96,239874.17000000004,0.6954
MPLADS-003207,2927885.61,2964727.8,2298501.94,629383.6699999999,0.785
MPLADS-003208,1738415.49,1677132.4,1047861.7,690553.79,0.6028
MPLADS-003209,1351401.73,1331074.42,1133097.0,218304.72999999998,0.8385
MPLADS-003210,823940.38,793634.66,704729.8,119210.57999999996,0.8553
MPLADS-003211,1624847.58,1696413.51,1317907.42,306940.16000000015,0.8111
MPLADS-003212,1992591.16,2030162.46,1720964.72,271626.43999999994,0.8637
MPLADS-003213,505677.38,509467.91,348581.88,157095.5,0.6893
MPLADS-003214,11188692.03,11739239.08,10839766.72,348925.30999999866,0.9688
MPLADS-003215,9821806.18,10269076.3,6752025.6,3069780.58,0.6875
MPLADS-003216,852493.54,884614.14,830501.45,21992.090000000084,0.9742
MPLADS-003217,3090475.92,3125394.82,2894496.1,195979.81999999983,0.9366
MPLADS-003218,2767335.32,2716260.17,3533928.77,0.0,1.277
MPLADS-003219,2142571.79,2081526.03,2142571.79,0.0,1.0
MPLADS-003220,488815.69,473233.52,302601.42,186214.27000000002,0.6191
MPLADS-003221,3009779.52,3092940.06,2101027.1,908752.4199999999,0.6981
MPLADS-003222,1702745.36,1740752.68,1495986.53,206758.83000000007,0.8786
MPLADS-003223,453672.3,454523.75,419448.14,34224.159999999974,0.9246
MPLADS-003224,3195188.84,3113691.08,2225892.69,969296.1499999999,0.6966
MPLADS-003225,3886447.52,3744550.45,3429989.8,456457.7200000002,0.8826
MPLADS-003226,2388033.39,2362508.07,2015792.44,372240.9500000002,0.8441
MPLADS-003227,3490000.97,3435159.07,2645465.28,844535.6900000004,0.758
MPLADS-003228,4001183.44,3850646.53,3124313.25,876870.19,0.7808
MPLADS-003229,9973069.71,9952033.17,9126487.82,846581.8900000006,0.9151
MPLADS-003230,2225868.63,2305301.86,2164577.44,61291.189999999944,0.9725
MPLADS-003231,3572754.78,3636890.94,2824276.94,748477.8399999999,0.7905
MPLADS-003232,2543904.22,2501339.53,1952021.15,591883.0700000003,0.7673
MPLADS-003233,1583132.23,1661970.08,1361507.48,221624.75,0.86
MPLADS-003234,1282702.05,1292327.8,857533.51,425168.54000000004,0.6685
MPLADS-003235,559805.62,541280.05,542011.53,17794.089999999967,0.9682
MPLADS-003236,3987997.11,3956320.63,2661239.74,1326757.3699999996,0.6673
MPLADS-003237,2782744.12,2655175.74,2160292.95,622451.1699999999,0.7763
MPLADS-003238,216015.82,222652.02,184589.09,31426.73000000001,0.8545
MPLADS-003239,1652347.72,1665031.45,1316795.32,335552.3999999999,0.7969
MPLADS-003240,971311.55,992269.56,855189.28,116122.27000000002,0.8804
MPLADS-003241,6785172.93,7062452.27,4335874.34,2449298.59,0.639
MPLADS-003242,9850760.57,10214770.94,8089984.38,1760776.1900000004,0.8213
MPLADS-003243,1726105.39,1735974.53,1715714.66,10390.729999999981,0.994
MPLADS-003244,2652640.41,2534837.79,2469486.37,183154.04000000004,0.931
MPLADS-003245,3009624.54,2902240.68,2034969.51,974655.03,0.6762
MPLADS-003246,2812809.84,2839072.38,1974078.59,838731.2499999998,0.7018
MPLADS-003247,4000729.87,4119286.38,5338856.23,0.0,1.3345
MPLADS-003248,476093.58,483583.07,410299.98,65793.60000000003,0.8618
MPLADS-003249,495985.45,482977.27,305616.35,190369.10000000003,0.6162
MPLADS-003250,568032.03,558361.64,359953.48,208078.55000000005,0.6337
MPLADS-003251,811501.1,837032.33,539327.62,272173.48,0.6646
MPLADS-003252,2701138.07,2825130.05,2676247.83,24890.239999999758,0.9908
MPLADS-003253,1051513.37,1096980.88,835405.11,216108.26000000013,0.7945
MPLADS-003254,1243442.48,1181883.72,1217774.82,25667.659999999916,0.9794
MPLADS-003255,2715215.26,2710519.25,1984333.55,730881.7099999997,0.7308
MPLADS-003256,472153.81,465193.48,414024.35,58129.46000000002,0.8769
MPLADS-003257,3456590.75,3364969.17,2378289.35,1078301.4,0.688
MPLADS-003258,1425712.99,1465954.32,921379.96,504333.03,0.6463
MPLADS-003259,527770.82,507125.71,345190.79,182580.02999999997,0.6541
MPLADS-003260,548176.54,552658.75,432505.33,115671.21000000002,0.789
MPLADS-003261,512048.61,535528.18,448945.18,63103.42999999999,0.8768
MPLADS-003262,203942.56,198189.4,203942.56,0.0,1.0
MPLADS-003263,2644617.82,2673872.55,2243409.89,401207.9299999997,0.8483
MPLADS-003264,2605924.02,2636020.23,2425823.37,180100.6499999999,0.9309
MPLADS-003265,2858032.72,2778443.56,3545001.89,0.0,1.2404
MPLADS-003266,1021423.58,1018882.38,796919.57,224504.01,0.7802
MPLADS-003267,989960.42,962273.84,962322.19,27638.230000000098,0.9721
MPLADS-003268,227950.57,216658.71,153820.33,74130.24000000002,0.6748
MPLADS-003269,3158635.15,3072339.84,2968370.49,190264.65999999968,0.9398
MPLADS-003270,3292300.81,3167851.21,2792270.68,500030.1299999999,0.8481
MPLADS-003271,249925.02,256134.47,236072.73,13852.289999999979,0.9446
MPLADS-003272,727613.28,733852.82,683956.48,43656.80000000005,0.94
MPLADS-003273,3097585.65,3057884.48,4108394.29,0.0,1.3263
MPLADS-003274,4109760.93,3917223.42,3094880.34,1014880.5900000003,0.7531
MPLADS-003275,2656089.76,2650220.76,2496724.37,159365.38999999966,0.94
MPLADS-003276,2763716.83,2890478.55,2439056.77,324660.06000000006,0.8825
MPLADS-003277,509373.44,488412.81,383930.7,125442.73999999999,0.7537
MPLADS-003278,510846.46,515324.63,452180.0,58666.46000000002,0.8852
MPLADS-003279,3501186.83,3580749.78,3257803.4,243383.43000000017,0.9305
MPLADS-003280,3578965.3,3562427.72,3247361.3,331604.0,0.9073
MPLADS-003281,2792132.81,2668285.11,2730857.42,61275.39000000013,0.9781
MPLADS-003282,1804983.65,1879882.16,1268416.71,536566.94,0.7027
MPLADS-003283,1324205.56,1310461.72,1263591.67,60613.89000000013,0.9542
MPLADS-003284,746027.31,715186.02,470523.24,275504.07000000007,0.6307
MPLADS-003285,1572317.42,1550829.73,1508459.26,63858.159999999916,0.9594
MPLADS-003286,3088639.36,2960177.96,1920908.75,1167730.6099999999,0.6219
MPLADS-003287,9802687.62,9443117.41,9495178.17,307509.44999999925,0.9686
MPLADS-003288,650992.66,659307.77,588922.0,62070.66000000003,0.9047
MPLADS-003289,218326.96,214350.28,202123.24,16203.720000000001,0.9258
MPLADS-003290,3213870.77,3096851.24,2146783.39,1067087.38,0.668
MPLADS-003291,1675961.29,1695441.68,1059433.56,616527.73,0.6321
MPLADS-003292,498894.99,503510.67,479113.03,19781.959999999963,0.9603
MPLADS-003293,3390386.28,3552328.78,2778680.85,611705.4299999997,0.8196
MPLADS-003294,205707.75,200783.22,197868.26,7839.489999999991,0.9619
MPLADS-003295,3794341.29,3837947.82,2909270.72,885070.5699999998,0.7667
MPLADS-003296,218531.06,214330.93,169662.31,48868.75,0.7764
MPLADS-003297,3012482.67,2897370.24,2122626.43,889856.2399999998,0.7046
MPLADS-003298,469042.36,492057.61,283842.65,185199.70999999996,0.6052
MPLADS-003299,470555.59,459513.4,399466.08,71089.51000000001,0.8489
MPLADS-003300,491425.59,489097.48,467563.77,23861.820000000007,0.9514
MPLADS-003301,968989.51,1000889.12,813031.52,155957.99,0.8391
MPLADS-003302,10167435.32,10539827.94,7025496.43,3141938.8900000006,0.691
MPLADS-003303,6960403.26,6675339.57,6902026.86,58376.39999999944,0.9916
MPLADS-003304,2680767.65,2787187.61,1701045.88,979721.77,0.6345
MPLADS-003305,468630.76,478604.8,388652.34,79978.41999999998,0.8293
MPLADS-003306,1024878.78,975222.48,736456.37,288422.41000000003,0.7186
MPLADS-003307,529724.9,513347.19,426416.52,103308.38,0.805
MPLADS-003308,1431109.75,1484024.02,957276.42,473833.32999999996,0.6689
MPLADS-003309,561934.24,558622.64,528218.19,33716.05000000005,0.94
MPLADS-003310,2272333.48,2351666.49,1754112.18,518221.30000000005,0.7719
MPLADS-003311,3070134.18,3025276.46,2027092.77,1043041.4100000001,0.6603
MPLADS-003312,489019.28,507656.75,310063.3,178955.98000000004,0.6341
MPLADS-003313,1176306.52,1122021.5,933501.54,242804.97999999998,0.7936
MPLADS-003314,1903510.64,1810648.29,1441838.04,461672.59999999986,0.7575
MPLADS-003315,489874.77,493071.18,300447.3,189427.47000000003,0.6133
MPLADS-003316,231115.75,235936.66,147630.52,83485.23000000001,0.6388
MPLADS-003317,4016447.52,3840858.9,2895685.49,1120762.0299999998,0.721
MPLADS-003318,9657903.13,9800373.3,6262984.02,3394919.1100000013,0.6485
MPLADS-003319,811955.2,817128.65,550978.22,260976.97999999998,0.6786
MPLADS-003320,474846.8,477054.43,375807.17,99039.63,0.7914
MPLADS-003321,3182316.03,3090478.4,2485137.22,697178.8099999996,0.7809
MPLADS-003322,473583.5,462277.94,469107.52,4475.979999999981,0.9905
MPLADS-003323,12135395.13,12361624.62,12100818.92,34576.210000000894,0.9972
MPLADS-003324,512574.32,521662.24,307946.31,204628.01,0.6008
MPLADS-003325,856622.31,814361.02,608864.85,247757.46000000008,0.7108
MPLADS-003326,517181.32,534159.23,414908.92,102272.40000000002,0.8023
MPLADS-003327,1657351.88,1680430.46,1483298.83,174053.0499999998,0.895
MPLADS-003328,543289.15,519340.99,361870.5,181418.65000000002,0.6661
MPLADS-003329,792743.1,762360.42,685013.87,107729.22999999998,0.8641
MPLADS-003330,494330.52,497570.26,327805.27,166525.25,0.6631
MPLADS-003331,995000.21,961500.88,633663.47,361336.74,0.6368
MPLADS-003332,823743.74,790766.28,599534.07,224209.67000000004,0.7278
MPLADS-003333,464755.26,473221.5,284137.64,180617.62,0.6114
MPLADS-003334,1802035.36,1779373.99,1536579.1,265456.26,0.8527
MPLADS-003335,6829055.31,7149749.92,6411210.72,417844.58999999985,0.9388
MPLADS-003336,2716282.31,2705244.88,1963783.4,752498.9100000001,0.723
MPLADS-003337,496498.09,508707.1,483518.75,12979.340000000026,0.9739
MPLADS-003338,737997.1,749832.59,611853.0,126144.09999999998,0.8291
MPLADS-003339,224043.35,226557.86,210600.75,13442.600000000006,0.94
MPLADS-003340,2383664.8,2483916.11,3306195.65,0.0,1.387
MPLADS-003341,1643389.64,1645933.72,1519119.64,124270.0,0.9244
MPLADS-003342,2455981.41,2577741.09,1926205.61,529775.8,0.7843
MPLADS-003343,1780813.24,1807370.16,1552703.86,228109.3799999999,0.8719
MPLADS-003344,802569.17,829689.04,754415.02,48154.15000000002,0.94
MPLADS-003345,491435.22,502181.22,639282.58,0.0,1.3008
MPLADS-003346,3114131.06,3021923.61,3084367.05,29764.010000000242,0.9904
MPLADS-003347,935448.3,956888.48,885747.03,49701.27000000002,0.9469
MPLADS-003348,522908.61,531759.13,394478.13,128430.47999999998,0.7544
MPLADS-003349,3091741.5,3095448.83,2696327.46,395414.04000000004,0.8721
MPLADS-003350,831884.03,836354.81,584881.9,247002.13,0.7031
MPLADS-003351,812917.12,827132.14,646957.71,165959.41000000003,0.7958
MPLADS-003352,2878156.88,2754999.38,2509560.83,368596.0499999998,0.8719
MPLADS-003353,1312382.42,1347980.05,1279936.23,32446.189999999944,0.9753
MPLADS-003354,11913163.51,12349000.64,10749918.15,1163245.3599999994,0.9024
MPLADS-003355,2772785.39,2825122.86,2482359.16,290426.23,0.8953
MPLADS-003356,822811.67,786697.85,549228.08,273583.5900000001,0.6675
MPLADS-003357,3821772.26,3810832.99,2810404.24,1011368.0199999996,0.7354
MPLADS-003358,902521.19,875546.11,606812.4,295708.7899999999,0.6724
MPLADS-003359,3858428.88,3751792.56,3072735.64,785693.2399999998,0.7964
MPLADS-003360,2660928.48,2661431.79,2016832.91,644095.5700000001,0.7579
MPLADS-003361,3105193.58,3086743.19,2023426.65,1081766.9300000002,0.6516
MPLADS-003362,2848675.75,2787444.4,2690531.3,158144.4500000002,0.9445
MPLADS-003363,221654.64,230692.1,216319.04,5335.600000000006,0.9759
MPLADS-003364,212017.57,217956.3,150613.4,61404.17000000001,0.7104
MPLADS-003365,2759388.31,2804663.36,2411533.12,347855.18999999994,0.8739
MPLADS-003366,2439961.23,2342187.42,2150166.71,289794.52,0.8812
MPLADS-003367,1026645.56,1009382.42,699204.34,327441.2200000001,0.6811
MPLADS-003368,3336055.13,3208194.24,2024159.44,1311895.69,0.6068
MPLADS-003369,3761634.68,3885990.58,2578229.24,1183405.44,0.6854
MPLADS-003370,3634507.86,3563167.52,2722824.58,911683.2799999998,0.7492
MPLADS-003371,2655357.08,2587927.8,1806526.29,848830.79,0.6803
MPLADS-003372,2019626.03,2035120.39,1590217.23,429408.80000000005,0.7874
MPLADS-003373,1132320.76,1117238.74,796843.61,335477.15,0.7037
MPLADS-003374,1779373.93,1751377.45,1665952.34,113421.58999999985,0.9363
MPLADS-003375,741661.25,741692.77,611196.94,130464.31000000006,0.8241
MPLADS-003376,538935.93,553901.42,382565.21,156370.72000000003,0.7099
MPLADS-003377,531177.29,522027.98,412107.16,119070.13000000006,0.7758
MPLADS-003378,249721.34,251981.17,192697.81,57023.53,0.7717
MPLADS-003379,785307.05,804398.09,495412.7,289894.35000000003,0.6309
MPLADS-003380,1362251.97,1366778.69,1174508.59,187743.3799999999,0.8622
MPLADS-003381,818332.81,849636.55,507890.11,310442.70000000007,0.6206
MPLADS-003382,518247.98,539738.81,351287.35,166960.63,0.6778
MPLADS-003383,2482670.84,2557144.56,2207227.99,275442.8499999996,0.8891
MPLADS-003384,235443.31,225690.02,174130.97,61312.34,0.7396
MPLADS-003385,3153295.06,3227561.91,2198299.68,954995.3799999999,0.6971
MPLADS-003386,3211443.08,3142330.1,2119739.91,1091703.17,0.6601
MPLADS-003387,2515678.65,2475396.46,1632970.6,882708.0499999998,0.6491
MPLADS-003388,1818654.33,1903578.56,2423832.22,0.0,1.3328
MPLADS-003389,3979197.06,4135393.52,3043274.94,935922.1200000001,0.7648
MPLADS-003390,2533503.9,2447370.65,1987787.94,545715.96,0.7846
MPLADS-003391,2792043.62,2837757.82,2151474.45,640569.1699999999,0.7706
MPLADS-003392,2673792.39,2613699.4,1922385.32,751407.0700000001,0.719
MPLADS-003393,820193.16,802994.31,539277.72,280915.44000000006,0.6575
MPLADS-003394,520777.39,517831.31,520777.39,0.0,1.0
MPLADS-003395,2913610.35,3030538.01,2332687.3,580923.0500000003,0.8006
MPLADS-003396,230931.11,231369.75,145371.64,85559.46999999997,0.6295
MPLADS-003397,3013512.64,3024533.63,2118326.26,895186.3800000004,0.7029
MPLADS-003398,652698.78,682797.56,498049.94,154648.84000000003,0.7631
MPLADS-003399,3555987.59,3459600.73,2696731.93,859255.6599999997,0.7584
MPLADS-003400,795959.36,819402.74,748201.8,47757.55999999994,0.94
MPLADS-003401,505825.77,496589.89,475476.22,30349.550000000047,0.94
MPLADS-003402,2970441.56,2862080.07,2753909.36,216532.2000000002,0.9271
MPLADS-003403,3242008.2,3132166.11,3045369.73,196638.4700000002,0.9393
MPLADS-003404,398294.1,412741.04,332426.63,65867.46999999997,0.8346
MPLADS-003405,3108551.05,3019860.31,2922037.99,186513.0599999996,0.94
MPLADS-003406,2846111.29,2976181.24,2426947.25,419164.04000000004,0.8527
MPLADS-003407,3139570.0,3182016.25,4391921.93,0.0,1.3989
MPLADS-003408,2876601.23,2906134.04,2408503.72,468097.5099999998,0.8373
MPLADS-003409,1536465.4,1582740.03,1237091.6,299373.7999999998,0.8052
MPLADS-003410,812324.05,791542.97,604776.43,207547.62,0.7445
MPLADS-003411,1196847.7,1240099.21,1134119.03,62728.669999999925,0.9476
MPLADS-003412,847183.67,839850.5,794292.22,52891.45000000007,0.9376
MPLADS-003413,767877.2,796310.01,536099.86,231777.33999999997,0.6982
MPLADS-003414,2253388.66,2233910.82,1807121.29,446267.3700000001,0.802
MPLADS-003415,449622.59,466237.78,401483.65,48138.94,0.8929
MPLADS-003416,679202.9,690280.82,637565.41,41637.48999999999,0.9387
MPLADS-003417,3292091.69,3443199.77,2307833.95,984257.7399999998,0.701
MPLADS-003418,196720.12,205086.41,184916.91,11803.209999999992,0.94
MPLADS-003419,572853.05,579663.9,513690.72,59162.330000000075,0.8967
MPLADS-003420,884735.86,911279.45,863403.84,21332.02000000002,0.9759
MPLADS-003421,2830084.56,2753033.29,2136105.42,693979.1400000001,0.7548
MPLADS-003422,1722636.19,1744816.99,1529298.58,193337.60999999987,0.8878
MPLADS-003423,7263939.31,7572792.44,4861274.88,2402664.4299999997,0.6692
MPLADS-003424,433037.35,434343.47,336005.78,97031.56999999995,0.7759
MPLADS-003425,249841.62,256366.04,249841.62,0.0,1.0
MPLADS-003426,230512.19,231194.92,142572.38,87939.81,0.6185
MPLADS-003427,2899891.59,2895809.13,2636953.91,262937.6799999997,0.9093
MPLADS-003428,1205445.87,1183530.41,960506.24,244939.63000000012,0.7968
MPLADS-003429,3398311.37,3512771.14,3294871.77,103439.6000000001,0.9696
MPLADS-003430,1315706.19,1272521.67,795840.17,519866.0199999999,0.6049
MPLADS-003431,1643518.62,1642563.79,1543598.78,99919.84000000008,0.9392
MPLADS-003432,1105541.81,1100437.09,991596.36,113945.45000000007,0.8969
MPLADS-003433,1247284.4,1257071.0,889761.89,357522.5099999999,0.7134
MPLADS-003434,1625300.67,1571821.89,1013821.7,611478.97,0.6238
MPLADS-003435,1638707.87,1665107.19,1171012.04,467695.8300000001,0.7146
MPLADS-003436,6776283.18,6620188.29,5653068.64,1123214.54,0.8342
MPLADS-003437,867911.89,857524.32,590788.01,277123.88,0.6807
MPLADS-003438,1595113.95,1553892.42,1104100.69,491013.26,0.6922
MPLADS-003439,1259416.61,1241850.95,1201581.95,57834.66000000015,0.9541
MPLADS-003440,2765408.78,2644303.46,2314960.97,450447.8099999996,0.8371
MPLADS-003441,3365635.61,3419381.63,2551602.38,814033.23,0.7581
MPLADS-003442,839880.42,810903.36,631045.15,208835.27000000002,0.7514
MPLADS-003443,2165095.19,2098695.31,1302231.66,862863.53,0.6015
MPLADS-003444,451059.98,429277.42,350305.97,100754.01000000001,0.7766
MPLADS-003445,427840.5,421344.93,280843.07,146997.43,0.6564
MPLADS-003446,799410.48,826452.32,610386.44,189024.04000000004,0.7635
MPLADS-003447,440586.92,449086.64,353629.06,86957.85999999999,0.8026
MPLADS-003448,1854551.38,1928621.96,1790909.84,63641.539999999804,0.9657
MPLADS-003449,3645267.76,3772961.73,4895303.2,0.0,1.3429
MPLADS-003450,859691.11,883792.02,556342.96,303348.15,0.6471
MPLADS-003451,450362.1,465104.4,423340.37,27021.72999999998,0.94
MPLADS-003452,3550442.03,3694567.07,2465317.02,1085125.0099999998,0.6944
MPLADS-003453,675907.17,684522.95,606633.37,69273.80000000005,0.8975
MPLADS-003454,2515915.08,2574292.5,1609191.77,906723.31,0.6396
MPLADS-003455,3622684.32,3684864.93,2537439.46,1085244.8599999999,0.7004
MPLADS-003456,958121.25,1002440.74,939170.15,18951.099999999977,0.9802
MPLADS-003457,1238526.03,1252943.53,1199282.48,39243.55000000005,0.9683
MPLADS-003458,420484.14,408499.19,405250.13,15234.01000000001,0.9638
MPLADS-003459,478421.44,469405.35,332782.27,145639.16999999998,0.6956
MPLADS-003460,441098.9,454382.78,441098.9,0.0,1.0
MPLADS-003461,241065.06,251339.49,151878.81,89186.25,0.63
MPLADS-003462,2169930.69,2200840.39,1808374.36,361556.32999999984,0.8334
MPLADS-003463,2013693.09,1922882.69,1298972.46,714720.6300000001,0.6451
MPLADS-003464,198999.21,193424.55,120677.78,78321.43,0.6064
MPLADS-003465,1549268.08,1479873.21,1537001.23,12266.850000000093,0.9921
MPLADS-003466,2610568.94,2525988.9,1809950.87,800618.0699999998,0.6933
MPLADS-003467,231393.93,229700.2,145458.39,85935.53999999998,0.6286
MPLADS-003468,450424.78,448824.29,282025.46,168399.32,0.6261
MPLADS-003469,1214545.99,1234051.43,1010543.53,204002.45999999996,0.832
MPLADS-003470,1023942.65,990186.69,999280.68,24661.969999999972,0.9759
MPLADS-003471,3508833.47,3518596.06,2910128.58,598704.8900000001,0.8294
MPLADS-003472,2995925.57,2868017.21,2995925.57,0.0,1.0
MPLADS-003473,838001.41,832792.03,790482.31,47519.09999999998,0.9433
MPLADS-003474,224953.81,221414.75,179705.26,45248.54999999999,0.7989
MPLADS-003475,3682599.54,3695057.73,3554723.96,127875.58000000007,0.9653
MPLADS-003476,907799.69,938641.69,643945.99,263853.69999999995,0.7093
MPLADS-003477,1937900.58,2028524.28,1637106.16,300794.42000000016,0.8448
MPLADS-003478,2776504.33,2853993.03,2609914.07,166590.26000000024,0.94
MPLADS-003479,480633.93,484618.22,354033.95,126599.97999999998,0.7366
MPLADS-003480,212839.36,206826.85,200348.08,12491.279999999999,0.9413
MPLADS-003481,3256226.99,3206023.66,2805807.08,450419.91000000015,0.8617
MPLADS-003482,1640403.53,1615164.69,1591358.16,49045.37000000011,0.9701
MPLADS-003483,191031.19,182311.27,149570.69,41460.5,0.783
MPLADS-003484,437038.71,446655.77,346259.12,90779.59000000003,0.7923
MPLADS-003485,563818.11,539940.57,497769.09,66049.01999999996,0.8829
MPLADS-003486,399495.85,404619.17,347738.27,51757.57999999996,0.8704
MPLADS-003487,1220589.65,1266595.46,931493.19,289096.45999999996,0.7632
MPLADS-003488,215621.3,218469.29,213991.21,1630.0899999999965,0.9924
MPLADS-003489,3865041.51,4052740.65,3548594.44,316447.06999999983,0.9181
MPLADS-003490,189081.39,187560.59,158162.94,30918.45000000001,0.8365
MPLADS-003491,2863478.4,3004514.23,3505353.47,0.0,1.2242
MPLADS-003492,2654807.78,2780666.1,2525023.74,129784.03999999957,0.9511
MPLADS-003493,716760.44,701944.96,614874.6,101885.83999999997,0.8579
MPLADS-003494,1787888.01,1772952.06,1210878.13,577009.8800000001,0.6773
MPLADS-003495,515519.64,491128.05,325626.77,189892.87,0.6316
MPLADS-003496,819493.26,804934.65,575449.87,244043.39,0.7022
MPLADS-003497,1223565.39,1229156.55,1200204.1,23361.289999999804,0.9809
MPLADS-003498,1444229.96,1428975.55,1087695.08,356534.8799999999,0.7531
MPLADS-003499,648318.94,646465.69,598132.7,50186.23999999999,0.9226
MPLADS-003500,7401699.75,7085891.05,5175092.23,2226607.5199999996,0.6992
MPLADS-003501,498325.44,482187.54,410950.2,87375.23999999999,0.8247
MPLADS-003502,3266954.84,3207983.57,2733812.82,533142.02,0.8368
MPLADS-003503,227152.07,220176.39,138457.6,88694.47,0.6095
MPLADS-003504,455477.43,443842.88,280171.95,175305.47999999998,0.6151
MPLADS-003505,467685.38,444431.23,455581.93,12103.450000000012,0.9741
MPLADS-003506,2240799.54,2138038.99,1465518.77,775280.77,0.654
MPLADS-003507,1782298.83,1724034.01,1127545.22,654753.6100000001,0.6326
MPLADS-003508,729038.27,734335.32,469794.48,259243.79000000004,0.6444
MPLADS-003509,3298178.41,3148411.34,2500530.95,797647.46,0.7582
MPLADS-003510,3213837.39,3194937.39,2619454.96,594382.4300000002,0.8151
MPLADS-003511,509030.98,521025.97,480154.48,28876.5,0.9433
MPLADS-003512,2014368.56,2055758.71,1609579.64,404788.92000000016,0.799
MPLADS-003513,2262395.31,2277222.23,2135831.74,126563.56999999983,0.9441
MPLADS-003514,2980931.19,2982219.98,2022050.5,958880.69,0.6783
MPLADS-003515,9972790.65,9527963.35,8567221.83,1405568.8200000003,0.8591
MPLADS-003516,516704.16,505624.51,339412.68,177291.47999999998,0.6569
MPLADS-003517,3112068.49,3202846.32,2856668.68,255399.81000000006,0.9179
MPLADS-003518,3903481.29,3868675.17,3390568.23,512913.06000000006,0.8686
MPLADS-003519,708361.05,711103.74,440844.27,267516.78,0.6223
MPLADS-003520,785792.96,774377.67,738645.38,47147.57999999996,0.94
MPLADS-003521,2868147.32,2824968.75,2183656.92,684490.3999999999,0.7613
MPLADS-003522,225146.63,230766.0,213988.78,11157.850000000006,0.9504
MPLADS-003523,3585693.21,3635180.73,3585693.21,0.0,1.0
MPLADS-003524,3350667.63,3441539.1,2386677.39,963990.2399999998,0.7123
MPLADS-003525,1742141.38,1707553.98,1664297.87,77843.50999999978,0.9553
MPLADS-003526,212054.5,217945.44,196439.52,15614.98000000001,0.9264
MPLADS-003527,221191.4,230856.47,169534.76,51656.639999999985,0.7665
MPLADS-003528,2322083.39,2289995.77,3294293.99,0.0,1.4187
MPLADS-003529,1958814.51,1871484.99,1754840.17,203974.34000000008,0.8959
MPLADS-003530,196547.38,190422.66,124330.45,72216.93000000001,0.6326
MPLADS-003531,1977427.22,1970319.88,1977092.77,334.44999999995343,0.9998
MPLADS-003532,2810660.42,2873143.93,3538973.47,0.0,1.2591
MPLADS-003533,568357.93,553207.71,750434.09,0.0,1.3204
MPLADS-003534,3328552.45,3196451.74,2445118.64,883433.81,0.7346
MPLADS-003535,2338335.41,2296935.71,1719582.71,618752.7000000002,0.7354
MPLADS-003536,644114.58,653603.24,428390.14,215724.43999999994,0.6651
MPLADS-003537,791724.76,811191.8,968292.07,0.0,1.223
MPLADS-003538,1370207.01,1315788.54,1267012.76,103194.25,0.9247
MPLADS-003539,1736768.18,1773148.3,1270057.79,466710.3899999999,0.7313
MPLADS-003540,781906.38,765859.42,552006.52,229899.86,0.706
MPLADS-003541,3205608.54,3081267.33,2262630.33,942978.21,0.7058
MPLADS-003542,2429031.13,2366335.19,1956141.2,472889.92999999993,0.8053
MPLADS-003543,1917831.82,1859288.27,1859033.63,58798.19000000018,0.9693
MPLADS-003544,3343323.49,3272278.86,2595461.1,747862.3900000001,0.7763
MPLADS-003545,691761.01,675854.19,500619.67,191141.34000000003,0.7237
MPLADS-003546,1364201.64,1389797.36,1282349.54,81852.09999999986,0.94
MPLADS-003547,214816.11,219608.97,136373.54,78442.56999999998,0.6348
MPLADS-003548,460416.91,483274.49,404213.74,56203.169999999984,0.8779
MPLADS-003549,1476279.79,1542478.38,1248468.43,227811.3600000001,0.8457
MPLADS-003550,2636288.28,2749272.08,1585055.65,1051232.63,0.6012
MPLADS-003551,465553.48,477283.82,331126.12,134427.36,0.7113
MPLADS-003552,981779.16,1017680.67,964222.91,17556.25,0.9821
MPLADS-003553,2608984.29,2490450.06,2060661.95,548322.3400000001,0.7898
MPLADS-003554,251406.36,249517.09,236321.98,15084.379999999976,0.94
MPLADS-003555,3507320.77,3471242.46,3123312.43,384008.33999999985,0.8905
MPLADS-003556,446286.21,459158.82,421674.01,24612.20000000001,0.9449
MPLADS-003557,579175.88,555276.18,496774.74,82401.14000000001,0.8577
MPLADS-003558,2048860.05,1948132.13,1950590.92,98269.13000000012,0.952
MPLADS-003559,1001596.77,957036.16,689493.12,312103.65,0.6884
MPLADS-003560,1009611.41,992776.33,859107.91,150503.5,0.8509
MPLADS-003561,1243351.47,1304888.81,909166.5,334184.97,0.7312
MPLADS-003562,12384364.86,12280849.6,10502254.52,1882110.3399999999,0.848
MPLADS-003563,3734412.13,3605398.69,3476766.9,257645.22999999998,0.931
MPLADS-003564,674664.9,669060.21,634185.01,40479.890000000014,0.94
MPLADS-003565,2761228.35,2738959.07,2552355.85,208872.5,0.9244
MPLADS-003566,485450.38,473850.25,450089.24,35361.140000000014,0.9272
MPLADS-003567,562688.21,563099.56,527867.88,34820.32999999996,0.9381
MPLADS-003568,441595.41,424378.15,281167.85,160427.56,0.6367
MPLADS-003569,1915764.8,1933491.88,2569123.82,0.0,1.341
MPLADS-003570,837403.08,803749.83,590892.27,246510.80999999994,0.7056
MPLADS-003571,815312.44,804267.22,815312.44,0.0,1.0
MPLADS-003572,452988.87,460279.13,425809.54,27179.330000000016,0.94
MPLADS-003573,445680.08,427776.34,314341.88,131338.2,0.7053
MPLADS-003574,798928.22,777889.6,741651.71,57276.51000000001,0.9283
MPLADS-003575,1076385.03,1091202.46,703376.32,373008.7100000001,0.6535
MPLADS-003576,2250809.28,2167512.08,1449014.86,801794.4199999997,0.6438
MPLADS-003577,212598.17,203295.02,134205.84,78392.33000000002,0.6313
MPLADS-003578,439907.49,438533.44,432220.06,7687.429999999993,0.9825
MPLADS-003579,501912.46,487536.47,392755.3,109157.16000000003,0.7825
MPLADS-003580,657222.93,683355.87,444690.04,212532.89000000007,0.6766
MPLADS-003581,1890299.43,1828710.22,1357850.18,532449.25,0.7183
MPLADS-003582,242186.36,252869.14,165628.71,76557.65,0.6839
MPLADS-003583,3081533.96,3229985.46,2865976.19,215557.77000000002,0.93
MPLADS-003584,2641521.97,2529076.89,1670325.58,971196.3900000001,0.6323
MPLADS-003585,1101251.62,1060464.59,742697.71,358553.91000000015,0.6744
MPLADS-003586,556225.72,541780.73,528513.94,27711.780000000028,0.9502
MPLADS-003587,407322.32,409508.76,323350.57,83971.75,0.7938
MPLADS-003588,10986096.38,10598524.64,7567041.2,3419055.1800000006,0.6888
MPLADS-003589,1809286.75,1858672.45,1656779.68,152507.07000000007,0.9157
MPLADS-003590,1199336.14,1227069.75,767062.55,432273.58999999985,0.6396
MPLADS-003591,2482731.24,2540694.0,1742138.43,740592.8100000003,0.7017
MPLADS-003592,2386712.92,2312502.38,2021845.01,364867.9099999999,0.8471
MPLADS-003593,3156423.05,3085300.45,2373285.54,783137.5099999998,0.7519
MPLADS-003594,471997.1,453948.76,471997.1,0.0,1.0
MPLADS-003595,1043772.52,1037967.8,854494.71,189277.81000000006,0.8187
MPLADS-003596,384377.17,377805.37,263495.38,120881.78999999998,0.6855
MPLADS-003597,2628665.37,2546194.09,2361538.4,267126.9700000002,0.8984
MPLADS-003598,1841593.13,1879261.03,1636482.99,205110.1399999999,0.8886
MPLADS-003599,2419578.44,2481199.81,2156186.56,263391.8799999999,0.8911
MPLADS-003600,2624548.12,2584738.43,2445302.39,179245.72999999998,0.9317
MPLADS-003601,2598902.38,2637885.94,2470973.83,127928.54999999981,0.9508
MPLADS-003602,3151227.77,3132478.94,2046843.03,1104384.74,0.6495
MPLADS-003603,2729837.37,2854398.98,2603312.13,126525.24000000022,0.9537
MPLADS-003604,206489.74,197487.92,163999.95,42489.78999999998,0.7942
MPLADS-003605,1171295.78,1173863.6,951439.83,219855.95000000007,0.8123
MPLADS-003606,931176.68,953130.25,862731.21,68445.47000000009,0.9265
MPLADS-003607,502858.23,501074.04,306779.85,196078.38,0.6101
MPLADS-003608,5501371.35,5431192.29,4779298.7,722072.6499999994,0.8687
MPLADS-003609,2535342.97,2563390.87,2458055.1,77287.87000000011,0.9695
MPLADS-003610,3542117.52,3646691.69,2734119.77,807997.75,0.7719
MPLADS-003611,421361.66,423463.53,421361.66,0.0,1.0
MPLADS-003612,402046.08,418715.54,503137.29,0.0,1.2514
MPLADS-003613,3184094.35,3041252.47,1913808.33,1270286.02,0.6011
MPLADS-003614,1570074.88,1617131.97,1148464.27,421610.60999999987,0.7315
MPLADS-003615,700639.23,679488.52,492527.97,208111.26,0.703
MPLADS-003616,3204357.33,3160931.09,2633045.76,571311.5700000003,0.8217
MPLADS-003617,1167760.05,1163463.6,828058.16,339701.89,0.7091
MPLADS-003618,1054975.01,1014831.78,1015201.12,39773.890000000014,0.9623
MPLADS-003619,2334881.86,2253339.13,2288770.34,46111.52000000002,0.9803
MPLADS-003620,1906039.13,1898106.44,1245884.87,660154.2599999998,0.6537
MPLADS-003621,1227575.61,1171079.35,935199.28,292376.3300000001,0.7618
MPLADS-003622,1141856.97,1189222.2,1533459.66,0.0,1.343
MPLADS-003623,2357743.43,2247829.26,1934305.29,423438.14000000013,0.8204
MPLADS-003624,1354540.26,1287593.25,1251022.95,103517.31000000006,0.9236
MPLADS-003625,2110028.99,2122298.16,1452245.86,657783.1300000001,0.6883
MPLADS-003626,3105152.31,3012839.95,2812377.12,292775.18999999994,0.9057
MPLADS-003627,777908.14,782115.51,777504.55,403.5899999999674,0.9995
MPLADS-003628,748568.75,743615.64,519481.4,229087.34999999998,0.694
MPLADS-003629,3997940.9,4073861.04,2893038.29,1104902.6099999999,0.7236
MPLADS-003630,932782.81,960934.91,667185.99,265596.82000000007,0.7153
MPLADS-003631,210094.6,211724.79,163057.39,47037.20999999999,0.7761
MPLADS-003632,442646.16,462915.57,442646.16,0.0,1.0
MPLADS-003633,3863979.51,3779585.28,3632140.74,231838.76999999955,0.94
MPLADS-003634,924939.74,910761.57,890203.37,34736.369999999995,0.9624
MPLADS-003635,3081736.48,2946978.15,2896832.29,184904.18999999994,0.94
MPLADS-003636,1605925.61,1526171.81,1368186.11,237739.5,0.852
MPLADS-003637,469648.07,486288.55,333017.71,136630.36,0.7091
MPLADS-003638,1904948.35,1893501.64,1797311.73,107636.62000000011,0.9435
MPLADS-003639,191125.16,189054.12,136643.05,54482.110000000015,0.7149
MPLADS-003640,399454.72,411253.53,259076.14,140378.57999999996,0.6486
MPLADS-003641,207970.78,211530.5,125569.02,82401.76,0.6038
MPLADS-003642,244335.1,252548.28,199271.04,45064.06,0.8156
MPLADS-003643,500172.71,512006.94,467703.03,32469.679999999993,0.9351
MPLADS-003644,3806847.97,3905805.79,3684041.61,122806.36000000034,0.9677
MPLADS-003645,912081.53,922508.19,704191.32,207890.21000000008,0.7721
MPLADS-003646,2721786.13,2626349.26,1879363.31,842422.8199999998,0.6905
MPLADS-003647,8209032.16,7865698.57,7412527.47,796504.6900000004,0.903
MPLADS-003648,1037077.04,1048479.11,871492.29,165584.75,0.8403
MPLADS-003649,1884866.22,1799433.3,1771774.25,113091.96999999997,0.94
MPLADS-003650,4065160.35,4231391.67,3463739.0,601421.3500000001,0.8521
MPLADS-003651,1784760.75,1852877.62,1651962.61,132798.1399999999,0.9256
MPLADS-003652,3287992.61,3219729.49,3173649.61,114343.0,0.9652
MPLADS-003653,2569983.89,2649690.37,2339180.33,230803.56000000006,0.9102
MPLADS-003654,787604.46,762923.27,782608.72,4995.739999999991,0.9937
MPLADS-003655,2233246.17,2245180.61,1592849.04,640397.1299999999,0.7132
MPLADS-003656,1067051.76,1023509.93,1003028.65,64023.109999999986,0.94
MPLADS-003657,3467645.61,3350357.2,3353377.76,114267.8500000001,0.967
MPLADS-003658,858808.44,865817.1,818662.51,40145.929999999935,0.9533
MPLADS-003659,3044704.67,3093333.92,2759232.95,285471.71999999974,0.9062
MPLADS-003660,1710790.83,1716418.53,1334295.76,376495.07000000007,0.7799
MPLADS-003661,461647.77,463666.41,321892.9,139754.87,0.6973
MPLADS-003662,2013838.24,2098851.78,1988287.76,25550.47999999998,0.9873
MPLADS-003663,952345.34,919287.2,611778.7,340566.64,0.6424
MPLADS-003664,786104.79,781635.91,765276.62,20828.170000000042,0.9735
MPLADS-003665,213101.6,222427.56,170825.74,42275.860000000015,0.8016
MPLADS-003666,522261.13,507290.32,334533.76,187727.37,0.6405
MPLADS-003667,3003299.13,2909178.14,2919290.92,84008.20999999996,0.972
MPLADS-003668,775926.55,804386.59,537869.81,238056.74,0.6932
MPLADS-003669,931050.61,976982.15,855602.03,75448.57999999996,0.919
MPLADS-003670,1539700.59,1501606.51,1053032.08,486668.51,0.6839
MPLADS-003671,1968900.84,1951141.02,1294872.7,674028.1400000001,0.6577
MPLADS-003672,2854128.26,2782801.54,2544431.99,309696.26999999955,0.8915
MPLADS-003673,3857047.5,3665897.03,3121508.03,735539.4700000002,0.8093
MPLADS-003674,1866363.78,1852677.4,1432469.05,433894.73,0.7675
MPLADS-003675,3246827.21,3402609.7,3072939.14,173888.06999999983,0.9464
MPLADS-003676,1491180.91,1530883.85,1070936.97,420243.93999999994,0.7182
MPLADS-003677,3642975.41,3650824.48,2745818.75,897156.6600000001,0.7537
MPLADS-003678,473922.63,488596.77,439942.24,33980.390000000014,0.9283
MPLADS-003679,707424.4,719158.07,565861.82,141562.58000000007,0.7999
MPLADS-003680,408436.48,392018.79,383673.16,24763.320000000007,0.9394
MPLADS-003681,474509.03,491679.71,434527.01,39982.02000000002,0.9157
MPLADS-003682,2011466.98,1983885.52,1495659.94,515807.04000000004,0.7436
MPLADS-003683,210763.4,208968.05,175139.68,35623.72,0.831
MPLADS-003684,1619944.35,1659102.46,1102471.0,517473.3500000001,0.6806
MPLADS-003685,3105863.46,2986059.5,2548192.4,557671.06,0.8204
MPLADS-003686,866806.92,886775.64,689133.22,177673.70000000007,0.795
MPLADS-003687,455936.62,449990.93,420904.9,35031.71999999997,0.9232
MPLADS-003688,825499.94,828317.28,601631.8,223868.1399999999,0.7288
MPLADS-003689,568809.62,563049.48,563640.62,5169.0,0.9909
MPLADS-003690,11347192.86,11576588.7,9678240.09,1668952.7699999996,0.8529
MPLADS-003691,640406.24,613295.0,424191.89,216214.34999999998,0.6624
MPLADS-003692,2691005.01,2796822.73,2689354.06,1650.9499999997206,0.9994
MPLADS-003693,685677.03,717100.04,435281.31,250395.72000000003,0.6348
MPLADS-003694,497150.05,515223.73,497150.05,0.0,1.0
MPLADS-003695,228224.86,231443.81,181775.56,46449.29999999999,0.7965
MPLADS-003696,1242546.38,1191600.9,959608.53,282937.84999999986,0.7723
MPLADS-003697,212687.2,221947.72,209025.51,3661.6900000000023,0.9828
MPLADS-003698,208309.41,198642.65,194222.35,14087.059999999998,0.9324
MPLADS-003699,2930636.05,3028910.08,2765465.61,165170.43999999994,0.9436
MPLADS-003700,4528961.48,4745469.34,3207109.37,1321852.1100000003,0.7081
MPLADS-003701,1693493.65,1646554.9,1382235.65,311258.0,0.8162
MPLADS-003702,936095.18,956371.62,914822.32,21272.860000000102,0.9773
MPLADS-003703,6243557.73,6417380.0,4806853.29,1436704.4400000004,0.7699
MPLADS-003704,1621342.71,1663461.25,1101925.72,519416.99,0.6796
MPLADS-003705,1335715.37,1300956.51,1326558.27,9157.100000000093,0.9931
MPLADS-003706,1620911.18,1621618.41,1448234.73,172676.44999999995,0.8935
MPLADS-003707,472416.85,470610.55,376637.45,95779.39999999997,0.7973
MPLADS-003708,1337132.99,1400922.79,1298300.36,38832.62999999989,0.971
MPLADS-003709,2878551.76,3021892.12,2705838.65,172713.10999999987,0.94
MPLADS-003710,2397832.29,2279071.59,1546273.76,851558.53,0.6449
MPLADS-003711,898141.85,910309.63,750259.01,147882.83999999997,0.8353
MPLADS-003712,8549015.16,8700219.29,8455521.01,93494.15000000037,0.9891
MPLADS-003713,1612348.31,1544218.53,1016341.42,596006.89,0.6303
MPLADS-003714,387729.77,405800.88,319881.85,67847.92000000004,0.825
MPLADS-003715,493745.9,510044.05,458951.93,34793.97000000003,0.9295
MPLADS-003716,811353.87,822086.6,716163.98,95189.89000000001,0.8827
MPLADS-003717,1280154.58,1263334.65,1037114.41,243040.17000000004,0.8101
MPLADS-003718,9043265.86,9391358.7,5460436.18,3582829.6799999997,0.6038
MPLADS-003719,239706.23,241099.03,181362.21,58344.02000000002,0.7566
MPLADS-003720,3311759.71,3275013.54,3311759.71,0.0,1.0
MPLADS-003721,1787280.51,1777619.85,1464019.39,323261.1200000001,0.8191
MPLADS-003722,2600183.74,2558626.63,1678394.58,921789.1600000001,0.6455
MPLADS-003723,462081.03,471999.97,377424.64,84656.39000000001,0.8168
MPLADS-003724,831339.71,856124.94,705907.53,125432.17999999993,0.8491
MPLADS-003725,519406.93,501308.66,433751.92,85655.01000000001,0.8351
MPLADS-003726,853470.15,892900.46,1134593.72,0.0,1.3294
MPLADS-003727,1237628.28,1212921.61,1152049.49,85578.79000000004,0.9309
MPLADS-003728,212320.48,218236.09,132497.23,79823.25,0.624
MPLADS-003729,1951790.65,1907072.18,1640636.8,311153.84999999986,0.8406
MPLADS-003730,719017.5,714645.24,575008.21,144009.29000000004,0.7997
MPLADS-003731,1189110.15,1153780.95,999579.23,189530.91999999993,0.8406
MPLADS-003732,2960897.16,2900485.76,2332553.71,628343.4500000002,0.7878
MPLADS-003733,453622.04,436691.06,374217.23,79404.81,0.825
MPLADS-003734,494976.08,472287.17,461866.03,33110.04999999999,0.9331
MPLADS-003735,5377396.6,5624244.91,5177197.78,200198.81999999937,0.9628
MPLADS-003736,2598622.34,2515750.42,2079501.18,519121.1599999999,0.8002
MPLADS-003737,213917.66,204211.08,196780.04,17137.619999999995,0.9199
MPLADS-003738,1152229.99,1178378.5,933824.7,218405.29000000004,0.8104
MPLADS-003739,724233.8,759564.04,508849.35,215384.45000000007,0.7026
MPLADS-003740,2895407.95,2820701.95,2831133.4,64274.55000000028,0.9778
MPLADS-003741,470602.83,480969.52,372229.72,98373.11000000004,0.791
MPLADS-003742,493921.16,469375.13,442530.79,51390.369999999995,0.896
MPLADS-003743,464352.54,442715.77,446622.76,17729.77999999997,0.9618
MPLADS-003744,513510.8,510068.06,448066.88,65443.919999999984,0.8726
MPLADS-003745,1356008.52,1321281.8,879994.5,476014.02,0.649
MPLADS-003746,3145242.81,3006409.44,2006027.77,1139215.04,0.6378
MPLADS-003747,527563.63,546122.26,329754.58,197809.05,0.6251
MPLADS-003748,1227506.93,1242015.97,854718.38,372788.54999999993,0.6963
MPLADS-003749,2646536.44,2600843.19,2331015.32,315521.1200000001,0.8808
MPLADS-003750,1359759.47,1360331.12,939886.98,419872.49,0.6912
MPLADS-003751,3794770.88,3909420.28,3567084.63,227686.25,0.94
MPLADS-003752,882318.33,840051.65,776438.49,105879.83999999997,0.88
MPLADS-003753,1003606.08,1049302.09,675509.6,328096.48,0.6731
MPLADS-003754,968764.89,947539.98,702415.87,266349.02,0.7251
MPLADS-003755,1705031.58,1744594.43,1641140.44,63891.14000000013,0.9625
MPLADS-003756,876497.6,888240.65,688954.08,187543.52000000002,0.786
MPLADS-003757,2232785.84,2229428.72,2098818.69,133967.1499999999,0.94
MPLADS-003758,1138279.67,1165264.69,1089598.19,48681.47999999998,0.9572
MPLADS-003759,239025.57,238434.77,208321.41,30704.160000000003,0.8715
MPLADS-003760,534007.33,542997.16,419906.2,114101.12999999995,0.7863
MPLADS-003761,208196.34,201889.83,198005.75,10190.589999999997,0.9511
MPLADS-003762,449513.72,436573.56,386417.66,63096.06,0.8596
MPLADS-003763,842045.96,810762.53,585557.71,256488.25,0.6954
MPLADS-003764,3082524.46,2997171.25,2897572.99,184951.46999999974,0.94
MPLADS-003765,1751482.06,1758980.16,1376431.41,375050.65000000014,0.7859
MPLADS-003766,649193.58,651966.72,620601.69,28591.890000000014,0.956
MPLADS-003767,2159686.09,2139430.95,1570671.2,589014.8899999999,0.7273
MPLADS-003768,3994800.2,4098626.41,3086543.07,908257.1300000004,0.7726
MPLADS-003769,3460463.84,3347020.26,3208362.7,252101.13999999966,0.9271
MPLADS-003770,190027.96,194796.4,179972.17,10055.789999999979,0.9471
MPLADS-003771,641760.06,667548.15,476876.02,164884.04000000004,0.7431
MPLADS-003772,1582799.51,1554665.64,1406876.18,175923.33000000007,0.8889
MPLADS-003773,3833618.26,3644765.57,2666458.92,1167159.3399999999,0.6955
MPLADS-003774,386285.61,395620.36,332512.33,53773.27999999997,0.8608
MPLADS-003775,2471969.94,2463634.64,2444380.7,27589.239999999758,0.9888
MPLADS-003776,797797.97,836518.18,663191.88,134606.08999999997,0.8313
MPLADS-003777,196987.96,198280.32,170640.52,26347.440000000002,0.8662
MPLADS-003778,2947081.75,2898044.94,2189273.45,757808.2999999998,0.7429
MPLADS-003779,682974.06,693679.24,510643.78,172330.28000000003,0.7477
MPLADS-003780,1849679.49,1827035.83,1738698.72,110980.77000000002,0.94
MPLADS-003781,1318454.64,1298486.08,1622389.97,0.0,1.2305
MPLADS-003782,3140871.98,2989428.29,2147523.05,993348.9300000002,0.6837
MPLADS-003783,3476851.26,3336357.18,2334022.58,1142828.6799999997,0.6713
MPLADS-003784,4021532.77,4029139.15,2912661.44,1108871.33,0.7243
MPLADS-003785,3092455.85,3015382.35,1948968.32,1143487.53,0.6302
MPLADS-003786,1969573.02,2029844.6,1617050.66,352522.3600000001,0.821
MPLADS-003787,3486949.82,3603520.71,3277732.83,209216.98999999976,0.94
MPLADS-003788,3649061.93,3799667.39,2777347.36,871714.5700000003,0.7611
MPLADS-003789,391086.22,382405.51,326919.92,64166.29999999999,0.8359
MPLADS-003790,2168582.94,2157421.39,2038467.96,130114.97999999998,0.94
MPLADS-003791,251253.4,241887.2,197152.56,54100.84,0.7847
MPLADS-003792,3042681.4,3018579.6,2891555.46,151125.93999999994,0.9503
MPLADS-003793,787146.66,748536.1,744336.35,42810.310000000056,0.9456
MPLADS-003794,475234.26,474372.74,646772.39,0.0,1.361
MPLADS-003795,492474.58,491008.73,341709.1,150765.48000000004,0.6939
MPLADS-003796,4507399.71,4374982.4,2874691.69,1632708.02,0.6378
MPLADS-003797,6626962.36,6917791.5,4344623.27,2282339.090000001,0.6556
MPLADS-003798,1278763.94,1256347.23,1202038.1,76725.83999999985,0.94
MPLADS-003799,246012.88,258283.88,162009.14,84003.73999999999,0.6585
MPLADS-003800,440651.88,439947.81,398808.94,41842.94,0.905
MPLADS-003801,919619.25,915607.58,615376.1,304243.15,0.6692
MPLADS-003802,854947.12,843522.21,603720.28,251226.83999999997,0.7061
MPLADS-003803,1662572.76,1709684.59,1632721.45,29851.310000000056,0.982
MPLADS-003804,10168599.37,10387623.44,9242641.99,925957.379999999,0.9089
MPLADS-003805,208983.41,210154.84,200618.54,8364.869999999995,0.96
MPLADS-003806,501928.26,507823.87,443131.15,58797.109999999986,0.8829
MPLADS-003807,439277.18,434173.68,590869.94,0.0,1.3451
MPLADS-003808,1922065.58,1884027.38,1846206.24,75859.34000000008,0.9605
MPLADS-003809,190166.94,192293.03,142198.02,47968.92000000001,0.7478
MPLADS-003810,839074.44,855671.55,707802.63,131271.80999999994,0.8436
MPLADS-003811,2265540.67,2272852.82,2168736.2,96804.46999999974,0.9573
MPLADS-003812,1596494.53,1542747.48,1335228.71,261265.82000000007,0.8364
MPLADS-003813,1262470.46,1297464.34,1241487.93,20982.530000000028,0.9834
MPLADS-003814,222692.44,229715.77,210511.15,12181.290000000008,0.9453
MPLADS-003815,2625719.28,2658346.56,2512817.08,112902.19999999972,0.957
MPLADS-003816,3851009.76,3674125.85,3129769.84,721239.9199999999,0.8127
MPLADS-003817,558990.29,585895.98,477267.64,81722.65000000002,0.8538
MPLADS-003818,2393833.36,2373088.24,2309297.98,84535.37999999989,0.9647
MPLADS-003819,203570.0,212667.77,198510.48,5059.5199999999895,0.9751
MPLADS-003820,1264768.69,1207059.68,1024384.18,240384.5099999999,0.8099
MPLADS-003821,1983842.59,2031092.75,1688085.07,295757.52,0.8509
MPLADS-003822,220379.84,210648.59,178725.08,41654.76000000001,0.811
MPLADS-003823,556248.88,554873.48,486490.08,69758.79999999999,0.8746
MPLADS-003824,9184424.1,9419130.75,6836333.95,2348090.1499999994,0.7443
MPLADS-003825,9524351.63,9827031.44,6445249.03,3079102.6000000006,0.6767
MPLADS-003826,494318.08,484336.61,491733.26,2584.820000000007,0.9948
MPLADS-003827,2420844.92,2515741.76,1962898.95,457945.97,0.8108
MPLADS-003828,207604.91,209365.81,145221.74,62383.17000000001,0.6995
MPLADS-003829,456417.08,438011.99,365168.42,91248.66000000003,0.8001
MPLADS-003830,7784934.72,7402364.24,4728347.8,3056586.92,0.6074
MPLADS-003831,236581.68,233399.89,212083.3,24498.380000000005,0.8964
MPLADS-003832,458603.82,435742.9,302932.08,155671.74,0.6606
MPLADS-003833,1119352.93,1157710.35,921029.48,198323.44999999995,0.8228
MPLADS-003834,1123225.46,1171731.2,888181.04,235044.41999999993,0.7907
MPLADS-003835,3163690.27,3309816.27,4545344.21,0.0,1.4367
MPLADS-003836,2139364.69,2115489.96,1787130.28,352234.4099999999,0.8354
MPLADS-003837,683222.71,708111.46,459085.59,224137.11999999994,0.6719
MPLADS-003838,1655515.98,1581892.86,1479653.31,175862.66999999993,0.8938
MPLADS-003839,3983804.67,4151262.97,3734914.37,248890.2999999998,0.9375
MPLADS-003840,817715.32,820929.31,596096.91,221618.40999999992,0.729
MPLADS-003841,714273.02,690980.11,553696.38,160576.64,0.7752
MPLADS-003842,1790891.3,1750028.32,1363468.21,427423.0900000001,0.7613
MPLADS-003843,1566377.38,1625478.56,1076531.02,489846.35999999987,0.6873
MPLADS-003844,813551.27,844270.07,764738.19,48813.080000000075,0.94
MPLADS-003845,387798.5,389792.29,283761.43,104037.07,0.7317
MPLADS-003846,734783.66,765461.89,493291.69,241491.97000000003,0.6713
MPLADS-003847,2404324.21,2423549.25,2216476.48,187847.72999999998,0.9219
MPLADS-003848,221852.28,230904.04,181202.17,40650.109999999986,0.8168
MPLADS-003849,2671794.37,2692118.53,2511486.71,160307.66000000015,0.94
MPLADS-003850,2245158.76,2345759.72,1580352.01,664806.7499999998,0.7039
MPLADS-003851,895147.6,920058.36,604019.86,291127.74,0.6748
MPLADS-003852,2955676.77,2811295.64,2013299.18,942377.5900000001,0.6812
MPLADS-003853,3835395.67,4026224.79,3835395.67,0.0,1.0
MPLADS-003854,1023059.54,1030773.81,961675.97,61383.570000000065,0.94
MPLADS-003855,474623.14,467984.21,346674.95,127948.19,0.7304
MPLADS-003856,3165655.26,3050239.85,1930690.67,1234964.5899999999,0.6099
MPLADS-003857,850304.35,848348.38,582477.44,267826.91000000003,0.685
MPLADS-003858,5400721.18,5643729.13,3671047.52,1729673.6599999997,0.6797
MPLADS-003859,1129707.74,1177724.36,961268.91,168438.82999999996,0.8509
MPLADS-003860,2298863.76,2402406.01,1833425.85,465437.9099999997,0.7975
MPLADS-003861,209133.76,201885.7,208167.06,966.7000000000116,0.9954
MPLADS-003862,2550115.96,2450330.97,2262723.05,287392.91000000015,0.8873
MPLADS-003863,3653385.02,3754858.92,2339920.82,1313464.2000000002,0.6405
MPLADS-003864,681703.26,706049.91,581755.07,99948.19000000006,0.8534
MPLADS-003865,1315285.39,1312370.12,825953.42,489331.96999999986,0.628
MPLADS-003866,494992.0,488032.36,339079.58,155912.41999999998,0.685
MPLADS-003867,2335688.01,2386485.5,1789425.35,546262.6599999997,0.7661
MPLADS-003868,1982720.4,2049486.82,1880918.24,101802.15999999992,0.9487
MPLADS-003869,901370.33,897615.78,561218.77,340151.55999999994,0.6226
MPLADS-003870,2765702.92,2749038.15,2599760.74,165942.1799999997,0.94
MPLADS-003871,762993.8,767043.43,736396.01,26597.790000000037,0.9651
MPLADS-003872,796829.83,835595.6,598789.44,198040.39,0.7515
MPLADS-003873,646608.58,629604.22,509344.21,137264.36999999994,0.7877
MPLADS-003874,3157516.99,3103286.0,2582915.88,574601.1100000003,0.818
MPLADS-003875,767804.31,757591.7,756836.81,10967.5,0.9857
MPLADS-003876,835390.03,819780.02,692564.13,142825.90000000002,0.829
MPLADS-003877,5772903.17,5887227.06,4072839.21,1700063.96,0.7055
MPLADS-003878,436384.17,441148.87,339202.61,97181.56,0.7773
MPLADS-003879,450381.78,440104.11,320042.31,130339.47000000003,0.7106
MPLADS-003880,415796.46,422699.4,251836.69,163959.77000000002,0.6057
MPLADS-003881,946980.33,931604.0,825088.34,121891.98999999999,0.8713
MPLADS-003882,835780.81,826931.41,785633.96,50146.85000000009,0.94
MPLADS-003883,3035387.32,3070041.02,1973657.44,1061729.88,0.6502
MPLADS-003884,552880.92,541447.6,433978.84,118902.08000000002,0.7849
MPLADS-003885,390503.55,388832.51,244309.98,146193.56999999998,0.6256
MPLADS-003886,2268154.82,2330298.39,1923726.61,344428.20999999973,0.8481
MPLADS-003887,2340708.81,2446338.93,2152310.52,188398.29000000004,0.9195
MPLADS-003888,955738.12,947887.37,867442.63,88295.48999999999,0.9076
MPLADS-003889,1327748.65,1385521.99,906531.9,421216.7499999999,0.6828
MPLADS-003890,723861.84,703101.79,457130.77,266731.06999999995,0.6315
MPLADS-003891,648324.43,669575.26,480302.42,168022.01000000007,0.7408
MPLADS-003892,460169.92,455102.77,450812.42,9357.5,0.9797
MPLADS-003893,493322.14,488147.83,334693.87,158628.27000000002,0.6784
MPLADS-003894,921802.01,921740.16,848294.12,73507.89000000001,0.9203
MPLADS-003895,3203777.79,3113204.12,2360039.54,843738.25,0.7366
MPLADS-003896,2621480.49,2730882.91,2607529.34,13951.150000000373,0.9947
MPLADS-003897,196075.01,201683.52,166675.39,29399.619999999995,0.8501
MPLADS-003898,455115.94,440057.19,386370.67,68745.27000000002,0.8489
MPLADS-003899,489752.55,465902.59,463267.08,26485.469999999972,0.9459
MPLADS-003900,670908.25,664111.43,505702.38,165205.87,0.7538
MPLADS-003901,1897885.5,1928794.13,1152023.34,745862.1599999999,0.607
MPLADS-003902,2029424.3,2043153.76,1825911.55,203512.75,0.8997
MPLADS-003903,650057.25,664827.46,576878.1,73179.15000000002,0.8874
MPLADS-003904,789086.58,805733.22,637518.35,151568.22999999998,0.8079
MPLADS-003905,847271.3,848906.67,628046.7,219224.6000000001,0.7413
MPLADS-003906,485697.75,504960.27,460640.29,25057.46000000002,0.9484
MPLADS-003907,241007.41,249922.47,193246.96,47760.45000000001,0.8018
MPLADS-003908,221032.08,230967.62,200750.32,20281.75999999998,0.9082
MPLADS-003909,2148858.1,2088021.48,1845952.36,302905.74,0.859
MPLADS-003910,1765948.8,1696069.61,1301811.74,464137.06000000006,0.7372
MPLADS-003911,687648.33,671243.23,443832.71,243815.61999999994,0.6454
MPLADS-003912,1019756.57,970919.43,990591.54,29165.02999999991,0.9714
MPLADS-003913,456041.63,448941.4,310079.69,145961.94,0.6799
MPLADS-003914,3841025.2,3998712.42,2424578.04,1416447.1600000001,0.6312
MPLADS-003915,3659512.47,3558576.1,2889688.2,769824.27,0.7896
MPLADS-003916,782962.15,805637.3,488272.78,294689.37,0.6236
MPLADS-003917,497434.3,492095.18,677927.0,0.0,1.3628
MPLADS-003918,1252697.68,1227655.95,1652207.72,0.0,1.3189
MPLADS-003919,971801.41,974990.33,624376.59,347424.82000000007,0.6425
MPLADS-003920,1370370.6,1434375.4,895848.39,474522.2100000001,0.6537
MPLADS-003921,1984628.64,2014108.59,1260308.22,724320.4199999999,0.635
MPLADS-003922,464366.87,456871.23,291709.07,172657.8,0.6282
MPLADS-003923,540522.25,537158.99,391745.1,148777.15000000002,0.7248
MPLADS-003924,1307194.43,1361737.7,809164.25,498030.17999999993,0.619
MPLADS-003925,443087.05,450897.64,417530.94,25556.109999999986,0.9423
MPLADS-003926,2720294.46,2770423.05,1963841.04,756453.4199999999,0.7219
MPLADS-003927,3216180.02,3304917.45,3171297.0,44883.02000000002,0.986
MPLADS-003928,411835.38,417016.17,392212.71,19622.669999999984,0.9524
MPLADS-003929,461961.29,473061.03,322647.64,139313.64999999997,0.6984
MPLADS-003930,783197.58,755162.68,578526.69,204670.89,0.7387
MPLADS-003931,7336204.24,7322138.08,5391224.54,1944979.7000000002,0.7349
MPLADS-003932,1113263.4,1146839.51,940718.36,172545.03999999992,0.845
MPLADS-003933,2491215.9,2584665.23,2093168.64,398047.26,0.8402
MPLADS-003934,9165435.31,8772730.06,7193213.01,1972222.3000000007,0.7848
MPLADS-003935,2401992.97,2370661.81,2359430.25,42562.720000000205,0.9823
MPLADS-003936,849487.95,885100.68,795587.84,53900.109999999986,0.9365
MPLADS-003937,1868510.96,1929903.66,1441407.31,427103.6499999999,0.7714
MPLADS-003938,228027.67,234548.89,161133.48,66894.19,0.7066
MPLADS-003939,496509.21,475395.44,367946.94,128562.27000000002,0.7411
MPLADS-003940,464426.31,467067.57,298486.62,165939.69,0.6427
MPLADS-003941,2857334.57,2971525.6,2218182.0,639152.5699999998,0.7763
MPLADS-003942,515666.0,539275.26,393730.91,121935.09000000003,0.7635
MPLADS-003943,491854.52,509015.22,330756.49,161098.03000000003,0.6725
MPLADS-003944,1896352.64,1981662.11,1251966.48,644386.1599999999,0.6602
MPLADS-003945,2999288.21,2900263.07,2913095.24,86192.96999999974,0.9713
MPLADS-003946,490929.47,485494.1,361630.38,129299.08999999997,0.7366
MPLADS-003947,948766.6,994083.66,592108.52,356658.07999999996,0.6241
MPLADS-003948,1647734.54,1602725.25,1180874.09,466860.44999999995,0.7167
MPLADS-003949,2247051.99,2236435.64,2795633.2,0.0,1.2441
MPLADS-003950,3382583.32,3329017.9,3088575.82,294007.5,0.9131
MPLADS-003951,657757.85,651567.84,579293.55,78464.29999999993,0.8807
MPLADS-003952,2700596.03,2678990.71,1629258.49,1071337.5399999998,0.6033
MPLADS-003953,1056040.39,1049171.91,1052730.13,3310.2600000000093,0.9969
MPLADS-003954,2177572.89,2073700.0,2067653.02,109919.87000000011,0.9495
MPLADS-003955,5018766.62,5137851.66,5012691.62,6075.0,0.9988
MPLADS-003956,1914168.59,1852639.65,1869867.22,44301.37000000011,0.9769
MPLADS-003957,2718944.16,2622493.67,2187815.19,531128.9700000002,0.8047
MPLADS-003958,1134332.39,1133986.74,977494.27,156838.11999999988,0.8617
MPLADS-003959,458382.23,480229.54,418962.53,39419.69999999995,0.914
MPLADS-003960,3383556.42,3464156.47,2600744.07,782812.3500000001,0.7686
MPLADS-003961,11019101.1,11011699.21,8519264.66,2499836.4399999995,0.7731
MPLADS-003962,1274157.42,1271125.84,840631.5,433525.9199999999,0.6598
MPLADS-003963,813374.22,851419.02,702136.54,111237.67999999993,0.8632
MPLADS-003964,1069478.23,1035858.99,954107.49,115370.73999999999,0.8921
MPLADS-003965,8080519.66,8450674.14,5318221.08,2762298.58,0.6582
MPLADS-003966,4004332.18,4095464.51,3223470.36,780861.8200000003,0.805
MPLADS-003967,388236.93,384386.54,352548.35,35688.580000000016,0.9081
MPLADS-003968,406090.29,418004.73,373970.22,32120.070000000007,0.9209
MPLADS-003969,1846336.0,1916035.51,1730067.91,116268.09000000008,0.937
MPLADS-003970,2422974.55,2543259.15,1972826.22,450148.32999999984,0.8142
MPLADS-003971,252486.34,244070.19,216902.39,35583.94999999998,0.8591
MPLADS-003972,208591.35,213950.19,174033.64,34557.70999999999,0.8343
MPLADS-003973,470537.6,477882.97,362985.86,107551.73999999999,0.7714
MPLADS-003974,244541.18,252201.02,224021.34,20519.839999999997,0.9161
MPLADS-003975,2429948.88,2396816.18,1500879.0,929069.8799999999,0.6177
MPLADS-003976,2533995.12,2473904.94,1753803.83,780191.29,0.6921
MPLADS-003977,526086.05,534619.99,437349.19,88736.86000000004,0.8313
MPLADS-003978,816298.03,840654.51,702750.65,113547.38,0.8609
MPLADS-003979,681424.11,665375.75,600723.27,80700.83999999997,0.8816
MPLADS-003980,3120652.65,3276029.1,2234263.48,886389.1699999999,0.716
MPLADS-003981,4386661.88,4521937.17,2679688.35,1706973.5299999998,0.6109
MPLADS-003982,652802.39,621779.5,652802.39,0.0,1.0
MPLADS-003983,1277274.61,1266851.51,1001706.25,275568.3600000001,0.7843
MPLADS-003984,2671376.12,2720752.18,2373190.62,298185.5,0.8884
MPLADS-003985,2825046.44,2707568.53,2439469.17,385577.27,0.8635
MPLADS-003986,2528920.68,2451017.69,1732851.71,796068.9700000002,0.6852
MPLADS-003987,8811305.61,9026707.32,7718335.76,1092969.8499999996,0.876
MPLADS-003988,2914540.02,2992348.24,1900953.67,1013586.3500000001,0.6522
MPLADS-003989,503122.17,505442.86,499192.56,3929.609999999986,0.9922
MPLADS-003990,384349.65,394939.78,531191.42,0.0,1.3821
MPLADS-003991,218189.19,217261.25,172270.03,45919.16,0.7895
MPLADS-003992,1341642.07,1400832.0,810594.96,531047.1100000001,0.6042
MPLADS-003993,1521327.98,1522316.15,1475471.98,45856.0,0.9699
MPLADS-003994,1630921.25,1619075.42,1191187.02,439734.23,0.7304
MPLADS-003995,719989.43,737218.66,560570.35,159419.08000000007,0.7786
MPLADS-003996,2531129.21,2482388.75,1659288.15,871841.06,0.6556
MPLADS-003997,240407.07,234643.36,205552.29,34854.78,0.855
MPLADS-003998,3170428.64,3265656.67,3146182.14,24246.5,0.9924
MPLADS-003999,2563059.53,2608364.02,1568272.22,994787.3099999998,0.6119
MPLADS-004000,447602.46,427649.24,339843.06,107759.40000000002,0.7593
MPLADS-004001,2183661.32,2138562.33,1781833.19,401828.1299999999,0.816
MPLADS-004002,415036.0,409668.9,319825.29,95210.71000000002,0.7706
MPLADS-004003,591435.5,583570.07,495896.27,95539.22999999998,0.8385
MPLADS-004004,3250592.7,3098757.44,2568561.2,682031.5,0.7902
MPLADS-004005,494609.51,472159.98,398194.94,96414.57,0.8051
MPLADS-004006,1027638.14,1009257.41,1001135.27,26502.869999999995,0.9742
MPLADS-004007,2830461.65,2925867.39,2784412.73,46048.919999999925,0.9837
MPLADS-004008,1780867.24,1712011.29,1099352.06,681515.1799999999,0.6173
MPLADS-004009,857477.35,841466.77,770370.75,87106.59999999998,0.8984
MPLADS-004010,854839.94,845111.06,533462.72,321377.22,0.624
MPLADS-004011,2792465.4,2857960.06,2706014.65,86450.75,0.969
MPLADS-004012,478542.15,465745.52,399135.23,79406.92000000004,0.8341
MPLADS-004013,3462927.53,3299237.75,2758488.39,704439.1399999997,0.7966
MPLADS-004014,5955026.15,6220315.84,3642079.81,2312946.3400000003,0.6116
MPLADS-004015,460611.58,438226.19,293472.0,167139.58000000002,0.6371
MPLADS-004016,854290.62,829193.61,789907.69,64382.93000000005,0.9246
MPLADS-004017,557051.94,552166.67,523401.88,33650.05999999994,0.9396
MPLADS-004018,1975590.62,1985533.58,1499686.58,475904.04000000004,0.7591
MPLADS-004019,1078794.46,1074714.43,948074.63,130719.82999999996,0.8788
MPLADS-004020,790941.97,812592.08,1081749.12,0.0,1.3677
MPLADS-004021,817853.8,850306.7,788694.22,29159.580000000075,0.9643
MPLADS-004022,1001142.15,963855.94,881694.76,119447.39000000001,0.8807
MPLADS-004023,207316.68,212567.3,132124.8,75191.88,0.6373
MPLADS-004024,1265185.31,1268597.13,1223631.77,41553.54000000004,0.9672
MPLADS-004025,3281096.86,3312091.02,2681728.0,599368.8599999999,0.8173
MPLADS-004026,3395659.23,3233933.41,4476612.65,0.0,1.3183
MPLADS-004027,523572.87,505038.85,401994.45,121578.41999999998,0.7678
MPLADS-004028,1616544.03,1594303.88,1378449.74,238094.29000000004,0.8527
MPLADS-004029,890842.18,874931.54,792269.14,98573.04000000004,0.8893
MPLADS-004030,3417441.35,3326679.6,2191023.93,1226417.42,0.6411
MPLADS-004031,747789.95,761201.5,454407.1,293382.85,0.6077
MPLADS-004032,2469882.38,2525616.99,1831395.31,638487.0699999998,0.7415
MPLADS-004033,3417992.43,3402985.87,2448658.05,969334.3800000004,0.7164
MPLADS-004034,2359430.08,2413263.17,2073833.05,285597.03,0.879
MPLADS-004035,1305373.1,1263580.48,1204924.03,100449.07000000007,0.923
MPLADS-004036,6317165.27,6509792.37,5657066.47,660098.7999999998,0.8955
MPLADS-004037,806223.88,815490.97,541710.31,264513.56999999995,0.6719
MPLADS-004038,214237.16,205157.44,168310.41,45926.75,0.7856
MPLADS-004039,2778330.43,2804540.51,1906253.09,872077.3400000001,0.6861
MPLADS-004040,1911277.42,1914709.88,1796600.77,114676.6499999999,0.94
MPLADS-004041,818779.47,854234.43,617753.88,201025.58999999997,0.7545
MPLADS-004042,2760041.64,2797895.99,2017902.16,742139.4800000002,0.7311
MPLADS-004043,782332.74,780269.3,735392.78,46939.95999999996,0.94
MPLADS-004044,193496.13,202438.71,170245.16,23250.97,0.8798
MPLADS-004045,925578.88,938111.11,653447.89,272130.99,0.706
MPLADS-004046,3566136.62,3446134.71,2844031.48,722105.1400000001,0.7975
MPLADS-004047,3201590.88,3217962.74,2229525.48,972065.3999999999,0.6964
MPLADS-004048,1680528.43,1668398.3,1457694.72,222833.70999999996,0.8674
MPLADS-004049,845545.47,837463.9,581656.71,263888.76,0.6879
MPLADS-004050,790490.91,780640.77,575145.86,215345.05000000005,0.7276
MPLADS-004051,3579256.51,3723122.07,3081801.54,497454.96999999974,0.861
MPLADS-004052,439737.38,438053.53,290110.88,149626.5,0.6597
MPLADS-004053,3182271.37,3117974.19,2723617.76,458653.61000000034,0.8559
MPLADS-004054,2709649.34,2800351.49,2411737.65,297911.68999999994,0.8901
MPLADS-004055,1136524.08,1091237.92,1054659.97,81864.1100000001,0.928
MPLADS-004056,448170.88,447076.63,382542.4,65628.47999999998,0.8536
MPLADS-004057,1299796.18,1340638.06,947677.55,352118.6299999999,0.7291
MPLADS-004058,11803874.68,11607582.16,8128149.64,3675725.04,0.6886
MPLADS-004059,9952974.53,10259925.66,9235350.73,717623.7999999989,0.9279
MPLADS-004060,2925128.82,3015693.23,2925128.82,0.0,1.0
MPLADS-004061,3054947.5,3094559.03,2713605.07,341342.43000000017,0.8883
MPLADS-004062,1732732.51,1780287.22,1628768.56,103963.94999999995,0.94
MPLADS-004063,1029503.35,1024248.76,958961.25,70542.09999999998,0.9315
MPLADS-004064,2392822.97,2304906.64,1891914.44,500908.53000000026,0.7907
MPLADS-004065,984507.32,1013643.04,702389.36,282117.95999999996,0.7134
MPLADS-004066,481284.97,494189.68,435428.03,45856.939999999944,0.9047
MPLADS-004067,1811789.63,1818301.36,1785239.37,26550.259999999776,0.9853
MPLADS-004068,2337074.14,2244005.45,1826421.85,510652.29000000004,0.7815
MPLADS-004069,1729584.56,1675684.47,1336882.05,392702.51,0.7729
MPLADS-004070,815943.78,834262.06,598093.51,217850.27000000002,0.733
MPLADS-004071,764146.99,730600.24,717657.93,46489.05999999994,0.9392
MPLADS-004072,2133080.98,2113597.52,1740559.14,392521.8400000001,0.816
MPLADS-004073,1856941.12,1764485.1,1438483.33,418457.79000000004,0.7747
MPLADS-004074,3647257.53,3511416.86,3361761.54,285495.98999999976,0.9217
MPLADS-004075,1071000.18,1114387.51,771038.42,299961.7599999999,0.7199
MPLADS-004076,3650371.5,3705343.44,3502879.42,147492.08000000007,0.9596
MPLADS-004077,2984982.85,3073153.65,1976722.0,1008260.8500000001,0.6622
MPLADS-004078,2731621.69,2719164.83,1796085.76,935535.9299999999,0.6575
MPLADS-004079,2644796.21,2756307.6,2534875.68,109920.5299999998,0.9584
MPLADS-004080,4399013.05,4436741.5,3528322.06,870690.9899999998,0.8021
MPLADS-004081,1847454.88,1804971.7,1192770.46,654684.4199999999,0.6456
MPLADS-004082,1024411.95,1025074.76,861252.44,163159.51,0.8407
MPLADS-004083,480581.96,460296.29,430541.58,50040.380000000005,0.8959
MPLADS-004084,3838058.46,3749562.67,5337372.82,0.0,1.3906
MPLADS-004085,707870.25,720925.35,613520.02,94350.22999999998,0.8667
MPLADS-004086,2240185.49,2327118.62,1880417.12,359768.3700000001,0.8394
MPLADS-004087,710746.44,733401.84,529082.73,181663.70999999996,0.7444
MPLADS-004088,712018.26,692988.8,549029.45,162988.81000000006,0.7711
MPLADS-004089,929791.1,931378.0,664618.96,265172.14,0.7148
MPLADS-004090,1054288.18,1062859.9,941212.04,113076.1399999999,0.8927
MPLADS-004091,458903.64,436447.78,454585.14,4318.5,0.9906
MPLADS-004092,430534.3,420122.87,365087.75,65446.54999999999,0.848
MPLADS-004093,229263.61,239221.38,220418.3,8845.309999999998,0.9614
MPLADS-004094,2420903.66,2330638.94,2081495.2,339408.4600000002,0.8598
MPLADS-004095,1029847.58,1024184.35,968056.73,61790.84999999998,0.94
MPLADS-004096,1819463.59,1738852.03,1502999.18,316464.41000000015,0.8261
MPLADS-004097,2932036.04,3007684.76,4218728.65,0.0,1.4388
MPLADS-004098,2139279.03,2174276.14,2035285.34,103993.68999999971,0.9514
MPLADS-004099,1314305.07,1359587.15,1099307.59,214997.47999999998,0.8364
MPLADS-004100,239936.76,237931.26,219405.96,20530.800000000017,0.9144
MPLADS-004101,2397636.37,2408631.32,2350384.9,47251.470000000205,0.9803
MPLADS-004102,2843172.26,2807607.94,2820650.89,22521.369999999646,0.9921
MPLADS-004103,1879288.93,1874498.83,1769673.94,109614.98999999999,0.9417
MPLADS-004104,232722.35,241256.28,218759.01,13963.339999999997,0.94
MPLADS-004105,847338.98,884273.32,604935.46,242403.52000000002,0.7139
MPLADS-004106,2673371.6,2545959.1,2125574.54,547797.06,0.7951
MPLADS-004107,2133566.89,2069050.55,1994475.1,139091.79000000004,0.9348
MPLADS-004108,2059267.91,1974259.45,1982143.94,77123.96999999997,0.9625
MPLADS-004109,13604084.66,13802866.18,13259364.88,344719.77999999933,0.9747
MPLADS-004110,3571859.51,3663390.64,2890955.35,680904.1599999997,0.8094
MPLADS-004111,776520.99,750792.04,739654.16,36866.82999999996,0.9525
MPLADS-004112,429598.56,439365.06,351119.49,78479.07,0.8173
MPLADS-004113,251315.57,257696.4,190472.04,60843.53,0.7579
MPLADS-004114,1351731.35,1394739.34,1247048.27,104683.08000000007,0.9226
MPLADS-004115,1612300.03,1549269.45,1088211.1,524088.92999999993,0.6749
MPLADS-004116,483031.84,505915.49,299801.22,183230.62000000005,0.6207
MPLADS-004117,1028477.4,1077009.47,976237.75,52239.65000000002,0.9492
MPLADS-004118,1206433.73,1207044.81,804633.87,401799.86,0.667
MPLADS-004119,422048.89,431316.71,344027.7,78021.19,0.8151
MPLADS-004120,798975.53,778454.21,530613.93,268361.6,0.6641
MPLADS-004121,9672076.5,9241507.37,6537411.24,3134665.26,0.6759
MPLADS-004122,2510943.67,2550848.36,1920801.44,590142.23,0.765
MPLADS-004123,713487.3,718510.93,444555.96,268931.34,0.6231
MPLADS-004124,2407206.34,2389343.11,2046198.19,361008.1499999999,0.85
MPLADS-004125,712236.12,707985.63,549235.34,163000.78000000003,0.7711
MPLADS-004126,1348873.67,1302771.14,1144259.47,204614.19999999995,0.8483
MPLADS-004127,2377482.32,2479425.08,1612053.26,765429.0599999998,0.6781
MPLADS-004128,448680.81,443806.06,373052.01,75628.79999999999,0.8314
MPLADS-004129,194747.72,192253.55,155370.42,39377.29999999999,0.7978
MPLADS-004130,867383.05,895052.74,568941.77,298441.28,0.6559
MPLADS-004131,694590.36,662205.84,499111.58,195478.77999999997,0.7186
MPLADS-004132,1163826.22,1121250.73,1160193.59,3632.6299999998882,0.9969
MPLADS-004133,1836780.48,1904525.9,1311341.17,525439.31,0.7139
MPLADS-004134,3101043.61,3159910.73,2067813.27,1033230.3399999999,0.6668
MPLADS-004135,187808.26,191139.29,165720.04,22088.22,0.8824
MPLADS-004136,5044864.12,4822089.6,4626299.16,418564.95999999996,0.917
MPLADS-004137,1098974.78,1115916.49,778151.45,320823.3300000001,0.7081
MPLADS-004138,216062.63,212384.59,214924.38,1138.25,0.9947
MPLADS-004139,2036895.88,2118533.51,1275932.34,760963.5399999998,0.6264
MPLADS-004140,1841510.0,1831016.43,1731019.4,110490.6000000001,0.94
MPLADS-004141,658619.47,691202.51,432975.71,225643.75999999995,0.6574
MPLADS-004142,2310823.41,2374832.41,2172174.01,138649.40000000037,0.94
MPLADS-004143,3095422.75,3050351.12,2690683.08,404739.6699999999,0.8692
MPLADS-004144,3992508.04,3990532.72,3812820.54,179687.5,0.955
MPLADS-004145,841643.56,843189.61,760003.68,81639.88,0.903
MPLADS-004146,729300.4,728622.35,687702.59,41597.810000000056,0.943
MPLADS-004147,2764861.49,2898509.58,2598969.8,165891.6900000004,0.94
MPLADS-004148,1532797.96,1550058.55,970422.0,562375.96,0.6331
MPLADS-004149,1033243.4,1071832.41,768417.25,264826.15,0.7437
MPLADS-004150,705228.14,722948.06,501014.12,204214.02000000002,0.7104
MPLADS-004151,697846.95,717874.48,616540.25,81306.69999999995,0.8835
MPLADS-004152,2813819.43,2745898.22,2147203.08,666616.3500000001,0.7631
MPLADS-004153,1328297.47,1379384.34,1256909.65,71387.82000000007,0.9463
MPLADS-004154,2587284.62,2595963.55,2356608.97,230675.6499999999,0.9108
MPLADS-004155,1709197.09,1682583.71,1418738.47,290458.6200000001,0.8301
MPLADS-004156,658506.94,648026.14,489929.75,168577.18999999994,0.744
MPLADS-004157,3064230.83,2972702.12,1894818.65,1169412.1800000002,0.6184
MPLADS-004158,493442.59,480713.1,491497.64,1944.9500000000116,0.9961
MPLADS-004159,2673293.75,2623012.31,2673293.75,0.0,1.0
MPLADS-004160,845187.78,871128.61,591493.61,253694.17000000004,0.6998
MPLADS-004161,2497409.17,2524812.56,2056493.25,440915.9199999999,0.8235
MPLADS-004162,230880.82,234440.13,191886.06,38994.76000000001,0.8311
MPLADS-004163,4749274.72,4816184.21,4265049.6,484225.1200000001,0.898
MPLADS-004164,490067.53,467476.77,306491.1,183576.43000000005,0.6254
MPLADS-004165,188457.24,180930.49,129123.43,59333.81,0.6852
MPLADS-004166,2750871.12,2712304.85,1937846.95,813024.1700000002,0.7044
MPLADS-004167,3641235.0,3459425.78,3328656.09,312578.91000000015,0.9142
MPLADS-004168,2866899.02,2767331.75,2645912.16,220986.85999999987,0.9229
MPLADS-004169,3519407.78,3686079.89,2303473.49,1215934.2899999996,0.6545
MPLADS-004170,1082298.91,1120729.89,795159.91,287138.9999999999,0.7347
MPLADS-004171,1689273.8,1686497.21,1464486.03,224787.77000000002,0.8669
MPLADS-004172,962605.4,945066.46,665417.35,297188.05000000005,0.6913
MPLADS-004173,231225.86,224598.46,217352.31,13873.549999999988,0.94
MPLADS-004174,9265233.74,9370338.06,8181142.13,1084091.6100000003,0.883
MPLADS-004175,2182993.8,2249504.36,1573646.45,609347.3499999999,0.7209
MPLADS-004176,2537955.82,2497421.36,2270415.5,267540.31999999983,0.8946
MPLADS-004177,1525446.17,1460144.5,1036323.19,489122.98,0.6794
MPLADS-004178,2763378.56,2791032.82,1687208.87,1076169.69,0.6106
MPLADS-004179,2400973.63,2517773.92,2331807.8,69165.83000000007,0.9712
MPLADS-004180,911936.23,920014.71,663985.9,247950.32999999996,0.7281
MPLADS-004181,2764221.13,2814810.31,2598367.86,165853.27000000002,0.94
MPLADS-004182,1310467.05,1319298.69,812699.39,497767.66000000003,0.6202
MPLADS-004183,3184602.31,3246332.85,3140738.99,43863.31999999983,0.9862
MPLADS-004184,787494.08,772470.31,587197.21,200296.87,0.7457
MPLADS-004185,813081.47,820142.51,544811.39,268270.07999999996,0.6701
MPLADS-004186,1620091.35,1608761.6,1522885.87,97205.47999999998,0.94
MPLADS-004187,231098.8,225818.02,138802.02,92296.78,0.6006
MPLADS-004188,916675.49,880239.29,840621.26,76054.22999999998,0.917
MPLADS-004189,217603.95,216930.03,185630.01,31973.940000000002,0.8531
MPLADS-004190,239036.19,237071.14,201274.23,37761.95999999999,0.842
MPLADS-004191,2773155.1,2661598.36,1890720.57,882434.53,0.6818
MPLADS-004192,2462622.21,2475092.32,2039501.6,423120.60999999987,0.8282
MPLADS-004193,877129.85,919673.38,701337.83,175792.02000000002,0.7996
MPLADS-004194,2161539.54,2143327.84,2085727.25,75812.29000000004,0.9649
MPLADS-004195,2147052.35,2150655.96,1924591.88,222460.4700000002,0.8964
MPLADS-004196,396759.04,406297.81,380511.47,16247.570000000007,0.959
MPLADS-004197,3433784.34,3434207.43,3382110.14,51674.19999999972,0.985
MPLADS-004198,194206.56,188838.44,183387.43,10819.130000000005,0.9443
MPLADS-004199,215412.54,221579.69,298282.28,0.0,1.3847
MPLADS-004200,2727522.52,2730368.26,2516115.49,211407.0299999998,0.9225
MPLADS-004201,854700.57,886874.79,774519.86,80180.70999999996,0.9062
MPLADS-004202,2443789.51,2364003.57,2443789.51,0.0,1.0
MPLADS-004203,931091.36,917951.65,851916.26,79175.09999999998,0.915
MPLADS-004204,883715.32,856956.64,781259.08,102456.23999999999,0.8841
MPLADS-004205,699768.06,725382.71,638068.72,61699.340000000084,0.9118
MPLADS-004206,2037365.19,1944454.09,1810021.47,227343.71999999997,0.8884
MPLADS-004207,7316799.22,7381625.73,5309805.72,2006993.5,0.7257
MPLADS-004208,2067760.94,2115857.8,1241522.14,826238.8,0.6004
MPLADS-004209,2868864.19,2825249.97,2432855.69,436008.5,0.848
MPLADS-004210,244064.68,247083.58,229159.63,14905.049999999988,0.9389
MPLADS-004211,2483814.57,2566158.33,1782242.3,701572.2699999998,0.7175
MPLADS-004212,918172.78,941949.13,704775.28,213397.5,0.7676
MPLADS-004213,889711.93,902374.72,889711.93,0.0,1.0
MPLADS-004214,1105257.39,1115953.45,1105257.39,0.0,1.0
MPLADS-004215,1772880.46,1844314.89,1347733.28,425147.17999999993,0.7602
MPLADS-004216,1323221.92,1276272.97,1194114.12,129107.79999999981,0.9024
MPLADS-004217,514342.41,523826.15,452263.32,62079.08999999997,0.8793
MPLADS-004218,447414.55,427675.68,384454.51,62960.03999999998,0.8593
MPLADS-004219,3216981.25,3261498.32,2358047.45,858933.7999999998,0.733
MPLADS-004220,1686725.45,1646766.57,1277416.02,409309.42999999993,0.7573
MPLADS-004221,221477.59,211601.18,139582.88,81894.70999999999,0.6302
MPLADS-004222,1190580.14,1170524.94,943302.98,247277.15999999992,0.7923
MPLADS-004223,817926.09,825180.73,633218.07,184708.02000000002,0.7742
MPLADS-004224,196956.62,196914.57,133660.04,63296.57999999999,0.6786
MPLADS-004225,429746.15,433610.15,350181.59,79564.56,0.8149
MPLADS-004226,3858275.81,3969717.25,2931105.92,927169.8900000001,0.7597
MPLADS-004227,2633436.43,2682602.07,2304388.83,329047.6000000001,0.8751
MPLADS-004228,516532.15,518408.44,370329.32,146202.83000000002,0.717
MPLADS-004229,1621504.29,1545353.23,1297340.72,324163.57000000007,0.8001
MPLADS-004230,1628979.05,1678443.69,1157420.4,471558.65000000014,0.7105
MPLADS-004231,1736767.68,1812222.74,1626906.79,109860.8899999999,0.9367
MPLADS-004232,439942.14,456034.14,345820.31,94121.83000000002,0.7861
MPLADS-004233,1605311.19,1600797.52,1319707.93,285603.26,0.8221
MPLADS-004234,756924.9,724436.11,756924.9,0.0,1.0
MPLADS-004235,566104.05,551032.46,550854.54,15249.51000000001,0.9731
MPLADS-004236,1205733.48,1234519.86,1030668.89,175064.58999999997,0.8548
MPLADS-004237,818832.19,790294.35,524195.25,294636.93999999994,0.6402
MPLADS-004238,3528691.99,3620023.92,3488323.61,40368.380000000354,0.9886
MPLADS-004239,489545.34,504986.04,358367.98,131177.36000000004,0.732
MPLADS-004240,2366194.09,2263394.32,2340971.25,25222.83999999985,0.9893
MPLADS-004241,1885045.75,1895249.14,1176544.85,708500.8999999999,0.6241
MPLADS-004242,3447746.4,3421108.02,2222660.42,1225085.98,0.6447
MPLADS-004243,1163462.23,1159488.8,1028776.52,134685.70999999996,0.8842
MPLADS-004244,2397139.73,2334578.88,1441261.93,955877.8,0.6012
MPLADS-004245,468432.28,476978.45,344689.7,123742.58000000002,0.7358
MPLADS-004246,508084.85,529699.0,350134.25,157950.59999999998,0.6891
MPLADS-004247,478535.59,462347.3,332693.55,145842.04000000004,0.6952
MPLADS-004248,2945873.28,2990232.53,4073026.24,0.0,1.3826
MPLADS-004249,2434632.79,2349619.7,3497821.88,0.0,1.4367
MPLADS-004250,387080.12,384518.49,286904.8,100175.32,0.7412
MPLADS-004251,1059465.99,1076011.78,948755.35,110710.64000000001,0.8955
MPLADS-004252,398931.32,409910.13,374995.44,23935.880000000005,0.94
MPLADS-004253,812794.02,828993.99,540414.27,272379.75,0.6649
MPLADS-004254,807762.22,783043.83,716614.96,91147.26000000001,0.8872
MPLADS-004255,1993563.68,1996154.71,1861665.25,131898.42999999993,0.9338
MPLADS-004256,674629.08,652681.65,580368.72,94260.35999999999,0.8603
MPLADS-004257,3822585.33,3806867.12,3822585.33,0.0,1.0
MPLADS-004258,497184.37,498942.5,409839.68,87344.69,0.8243
MPLADS-004259,2389318.0,2283779.63,1522741.99,866576.01,0.6373
MPLADS-004260,1329938.15,1270992.85,831508.14,498430.0099999999,0.6252
MPLADS-004261,536992.65,552816.37,434254.23,102738.42000000004,0.8087
MPLADS-004262,3088075.39,3056627.2,3088075.39,0.0,1.0
MPLADS-004263,1018232.16,1065913.04,750589.14,267643.02,0.7371
MPLADS-004264,3368756.88,3528274.88,3328737.84,40019.04000000004,0.9881
MPLADS-004265,934029.58,956028.33,934029.58,0.0,1.0
MPLADS-004266,473896.65,474250.97,410841.64,63055.01000000001,0.8669
MPLADS-004267,845692.54,884390.45,841197.38,4495.160000000033,0.9947
MPLADS-004268,2450400.6,2466235.02,2340633.07,109767.53000000026,0.9552
MPLADS-004269,3789776.52,3821204.74,3540796.68,248979.83999999985,0.9343
MPLADS-004270,2304674.07,2267774.42,1679363.01,625311.0599999998,0.7287
MPLADS-004271,1076523.11,1096623.34,1058808.49,17714.62000000011,0.9835
MPLADS-004272,480852.05,488262.09,471918.77,8933.27999999997,0.9814
MPLADS-004273,500081.51,491011.1,370762.85,129318.66000000003,0.7414
MPLADS-004274,3799816.26,3691355.7,2803372.17,996444.0899999999,0.7378
MPLADS-004275,826945.34,823927.9,552802.17,274143.1699999999,0.6685
MPLADS-004276,194601.9,186421.86,170562.31,24039.589999999997,0.8765
MPLADS-004277,1721931.37,1755208.1,1616930.89,105000.48000000021,0.939
MPLADS-004278,3339321.03,3249140.54,2045539.56,1293781.4699999997,0.6126
MPLADS-004279,544496.47,521060.46,415018.24,129478.22999999998,0.7622
MPLADS-004280,7440060.21,7650494.9,5642525.13,1797535.08,0.7584
MPLADS-004281,1929876.95,1854379.13,1415624.83,514252.1199999999,0.7335
MPLADS-004282,1914992.98,1971081.03,1800093.4,114899.58000000007,0.94
MPLADS-004283,1051738.5,1066565.96,666684.54,385053.95999999996,0.6339
MPLADS-004284,4695856.68,4480073.69,3631110.2,1064746.4799999995,0.7733
MPLADS-004285,2404063.66,2421660.11,1918645.2,485418.4600000002,0.7981
MPLADS-004286,2544395.7,2591930.78,3169545.4,0.0,1.2457
MPLADS-004287,201137.74,198180.36,134967.75,66169.98999999999,0.671
MPLADS-004288,2918475.07,2997984.66,2394499.58,523975.48999999976,0.8205
MPLADS-004289,2333653.5,2263084.1,1732197.19,601456.31,0.7423
MPLADS-004290,571351.54,573423.72,488191.11,83160.43000000005,0.8544
MPLADS-004291,1811304.67,1832308.32,1095279.18,716025.49,0.6047
MPLADS-004292,461052.99,444282.38,285758.78,175294.20999999996,0.6198
MPLADS-004293,6561321.69,6487587.66,4411164.66,2150157.0300000003,0.6723
MPLADS-004294,2992542.49,3118948.26,1962993.69,1029548.8000000003,0.656
MPLADS-004295,9347330.77,9777600.86,6474078.35,2873252.42,0.6926
MPLADS-004296,2600216.11,2533423.88,2426284.9,173931.20999999996,0.9331
MPLADS-004297,3547467.87,3447904.52,3036977.08,510490.79000000004,0.8561
MPLADS-004298,1754961.71,1826026.17,1053389.38,701572.3300000001,0.6002
MPLADS-004299,1252864.77,1293759.27,1553762.46,0.0,1.2402
MPLADS-004300,198163.88,205633.26,130976.81,67187.07,0.661
MPLADS-004301,508060.11,521931.24,486186.08,21874.02999999997,0.9569
MPLADS-004302,233235.41,242961.07,226820.02,6415.390000000014,0.9725
MPLADS-004303,2521987.55,2459246.04,2475441.24,46546.30999999959,0.9815
MPLADS-004304,8730678.31,8359587.63,7350649.02,1380029.290000001,0.8419
MPLADS-004305,2543149.93,2524659.37,2086907.38,456242.5500000003,0.8206
MPLADS-004306,890302.24,889028.16,872841.91,17460.329999999958,0.9804
MPLADS-004307,3654668.74,3644538.34,4966398.69,0.0,1.3589
MPLADS-004308,506334.25,522382.31,506334.25,0.0,1.0
MPLADS-004309,486243.03,467902.48,457068.45,29174.580000000016,0.94
MPLADS-004310,464863.89,465293.38,388483.34,76380.54999999999,0.8357
MPLADS-004311,470786.6,447906.25,297192.73,173593.87,0.6313
MPLADS-004312,1062135.53,1042808.78,763993.16,298142.37,0.7193
MPLADS-004313,2570889.79,2547545.87,1974453.87,596435.9199999999,0.768
MPLADS-004314,800282.59,812084.68,1105360.59,0.0,1.3812
MPLADS-004315,1950731.44,1933677.79,1189891.11,760840.3299999998,0.61
MPLADS-004316,9287240.27,9533061.29,8176429.22,1110811.0499999998,0.8804
MPLADS-004317,455341.24,464163.93,275876.73,179464.51,0.6059
MPLADS-004318,1172903.44,1191350.36,883371.95,289531.49,0.7531
MPLADS-004319,3185307.6,3141597.29,2711789.85,473517.75,0.8513
MPLADS-004320,1724040.09,1685760.38,1247813.4,476226.6900000002,0.7238
MPLADS-004321,2779931.91,2851592.89,2699921.36,80010.55000000028,0.9712
MPLADS-004322,252556.41,252448.42,326196.07,0.0,1.2916
MPLADS-004323,517097.45,525003.79,394627.4,122470.04999999999,0.7632
MPLADS-004324,1000197.17,1034337.87,817927.94,182269.2300000001,0.8178
MPLADS-004325,1217538.92,1253426.33,1207733.73,9805.189999999944,0.9919
MPLADS-004326,2747464.56,2862053.82,1832832.43,914632.1300000001,0.6671
MPLADS-004327,3089560.78,3117659.33,2904187.13,185373.6499999999,0.94
MPLADS-004328,2676823.3,2759191.16,2547515.27,129308.0299999998,0.9517
MPLADS-004329,3063118.77,3001430.85,2881602.46,181516.31000000006,0.9407
MPLADS-004330,427346.86,412642.81,336778.36,90568.5,0.7881
MPLADS-004331,2515553.25,2635174.22,2007519.41,508033.8400000001,0.798
MPLADS-004332,3967367.03,4160777.64,3653353.06,314013.96999999974,0.9209
MPLADS-004333,1332608.4,1305768.87,981019.19,351589.20999999996,0.7362
MPLADS-004334,2612137.25,2549818.92,2347391.08,264746.1699999999,0.8986
MPLADS-004335,3196025.9,3265507.84,3046612.73,149413.16999999993,0.9533
MPLADS-004336,2598962.81,2560781.78,2364021.61,234941.2000000002,0.9096
MPLADS-004337,215739.73,213098.78,141667.98,74071.75,0.6567
MPLADS-004338,445634.97,424508.86,552754.09,0.0,1.2404
MPLADS-004339,3075058.42,3139788.48,2984321.09,90737.33000000007,0.9705
MPLADS-004340,410929.47,399910.81,286773.2,124156.26999999996,0.6979
MPLADS-004341,493776.7,497874.45,391689.96,102086.73999999999,0.7933
MPLADS-004342,2619575.94,2506906.66,2532728.22,86847.71999999974,0.9668
MPLADS-004343,8263939.26,8652414.33,5067392.0,3196547.26,0.6132
MPLADS-004344,1831376.57,1827831.71,1607425.05,223951.52000000002,0.8777
MPLADS-004345,192351.27,199264.51,133306.79,59044.47999999998,0.693
MPLADS-004346,3151129.04,3297598.11,2973287.12,177841.91999999993,0.9436
MPLADS-004347,510609.07,504543.16,383965.64,126643.43,0.752
MPLADS-004348,1740844.89,1740598.16,1225957.57,514887.31999999983,0.7042
MPLADS-004349,1280171.76,1314425.46,952593.59,327578.17000000004,0.7441
MPLADS-004350,882870.88,864420.7,767742.21,115128.67000000004,0.8696
MPLADS-004351,194039.81,185177.83,134466.86,59572.95000000001,0.693
MPLADS-004352,241818.02,248667.44,227308.94,14509.079999999987,0.94
MPLADS-004353,1106811.86,1125777.19,1092269.18,14542.680000000168,0.9869
MPLADS-004354,2692813.4,2648583.36,2553363.16,139450.23999999976,0.9482
MPLADS-004355,463851.3,467106.27,382756.76,81094.53999999998,0.8252
MPLADS-004356,3801310.7,3966455.88,3548179.3,253131.40000000037,0.9334
MPLADS-004357,2755454.37,2768917.81,1743349.54,1012104.8300000001,0.6327
MPLADS-004358,1179588.93,1170776.82,782973.02,396615.9099999999,0.6638
MPLADS-004359,2264926.25,2273910.26,2200023.99,64902.25999999978,0.9713
MPLADS-004360,487588.33,466125.35,376015.57,111572.76000000001,0.7712
MPLADS-004361,1871651.96,1903959.98,1866831.5,4820.459999999963,0.9974
MPLADS-004362,224240.92,230109.46,137609.33,86631.59000000003,0.6137
MPLADS-004363,3494694.14,3364497.79,2295076.5,1199617.6400000001,0.6567
MPLADS-004364,7006330.63,7131381.58,5463219.08,1543111.5499999998,0.7798
MPLADS-004365,394325.3,380719.47,387555.77,6769.52999999997,0.9828
MPLADS-004366,1603984.09,1572071.92,1276527.16,327456.93000000017,0.7958
MPLADS-004367,2722829.19,2819611.35,3325313.22,0.0,1.2213
MPLADS-004368,2557041.84,2546329.3,2356846.58,200195.25999999978,0.9217
MPLADS-004369,197696.06,204164.77,179796.96,17899.100000000006,0.9095
MPLADS-004370,856517.35,829183.35,805126.31,51391.03999999992,0.94
MPLADS-004371,735925.27,733959.15,479271.52,256653.75,0.6513
MPLADS-004372,471824.1,487186.3,670401.65,0.0,1.4209
MPLADS-004373,1096095.71,1139963.04,840315.46,255780.25,0.7666
MPLADS-004374,1319403.92,1357659.96,1627926.31,0.0,1.2338
MPLADS-004375,215538.42,224685.64,174342.11,41196.31000000003,0.8089
MPLADS-004376,207394.02,213486.65,190980.83,16413.190000000002,0.9209
MPLADS-004377,1316593.53,1259789.08,800037.51,516556.02,0.6077
MPLADS-004378,4247414.97,4411695.36,3852619.48,394795.48999999976,0.9071
MPLADS-004379,11350492.42,11527553.65,11098769.14,251723.27999999933,0.9778
MPLADS-004380,2131870.73,2040339.38,1704659.46,427211.27,0.7996
MPLADS-004381,2311923.39,2269169.61,2260245.65,51677.74000000022,0.9776
MPLADS-004382,393884.59,411239.61,298147.99,95736.60000000003,0.7569
MPLADS-004383,1995712.22,1969137.97,1302240.75,693471.47,0.6525
MPLADS-004384,512395.75,535492.27,469061.01,43334.73999999999,0.9154
MPLADS-004385,3699924.27,3635234.35,3412529.29,287394.98,0.9223
MPLADS-004386,384622.68,387741.83,500586.19,0.0,1.3015
MPLADS-004387,3719603.49,3856126.18,3131481.71,588121.7800000003,0.8419
MPLADS-004388,219960.42,220596.77,202845.24,17115.180000000022,0.9222
MPLADS-004389,405553.54,424569.83,381220.33,24333.209999999963,0.94
MPLADS-004390,774257.65,747455.03,500951.52,273306.13,0.647
MPLADS-004391,2387987.76,2306169.98,2246491.57,141496.18999999994,0.9407
MPLADS-004392,4665971.45,4531762.5,3020177.75,1645793.7000000002,0.6473
MPLADS-004393,242137.47,253436.84,239232.75,2904.720000000001,0.988
MPLADS-004394,966169.43,960504.16,865974.47,100194.96000000008,0.8963
MPLADS-004395,687452.16,664696.09,511199.04,176253.12000000005,0.7436
MPLADS-004396,1810268.17,1899744.85,2357990.63,0.0,1.3026
MPLADS-004397,408540.1,393338.9,271450.98,137089.12,0.6644
MPLADS-004398,9783108.74,9935145.99,7456605.98,2326502.76,0.7622
MPLADS-004399,854453.55,887525.12,705549.99,148903.56000000006,0.8257
MPLADS-004400,2296942.82,2309741.81,1999403.42,297539.3999999999,0.8705
MPLADS-004401,3066668.99,3197749.5,3066668.99,0.0,1.0
MPLADS-004402,2320966.0,2317461.72,2995161.88,0.0,1.2905
MPLADS-004403,881464.78,854328.73,533579.6,347885.18000000005,0.6053
MPLADS-004404,2181301.48,2089237.15,2054958.37,126343.10999999987,0.9421
MPLADS-004405,2523542.94,2622509.77,1556441.12,967101.8199999998,0.6168
MPLADS-004406,1600065.73,1614483.32,1418678.03,181387.69999999995,0.8866
MPLADS-004407,3576933.15,3590221.42,4834343.37,0.0,1.3515
MPLADS-004408,3962037.36,4050654.39,3373120.77,588916.5899999999,0.8514
MPLADS-004409,5511774.48,5556335.8,5190350.29,321424.1900000004,0.9417
MPLADS-004410,547156.9,562588.72,400732.84,146424.06,0.7324
MPLADS-004411,805536.9,825403.43,617736.12,187800.78000000003,0.7669
MPLADS-004412,520634.14,530569.2,693172.44,0.0,1.3314
MPLADS-004413,2697008.94,2652450.11,1850718.72,846290.22,0.6862
MPLADS-004414,558018.12,581062.13,524537.03,33481.08999999997,0.94
MPLADS-004415,2314421.44,2335641.71,2090539.95,223881.49,0.9033
MPLADS-004416,221563.42,230168.2,208269.61,13293.810000000027,0.94
MPLADS-004417,722424.77,750906.86,588606.01,133818.76,0.8148
MPLADS-004418,807255.77,847401.86,548716.11,258539.66000000003,0.6797
MPLADS-004419,418014.44,404251.22,340210.46,77803.97999999998,0.8139
MPLADS-004420,869255.02,908353.13,670397.99,198857.03000000003,0.7712
MPLADS-004421,1890285.45,1929062.56,1743946.35,146339.09999999986,0.9226
MPLADS-004422,201871.0,198288.73,264513.01,0.0,1.3103
MPLADS-004423,3006662.08,3024842.64,2478341.01,528321.0700000003,0.8243
MPLADS-004424,234597.14,226489.03,168206.86,66390.28000000003,0.717
MPLADS-004425,238971.09,250280.87,172563.96,66407.13,0.7221
MPLADS-004426,3103239.94,2999785.84,2438179.55,665060.3900000001,0.7857
MPLADS-004427,504716.24,515623.85,311441.72,193274.52000000002,0.6171
MPLADS-004428,2024045.08,1958783.62,1701605.82,322439.26,0.8407
MPLADS-004429,5901198.78,5775472.09,4471096.93,1430101.8500000006,0.7577
MPLADS-004430,440883.42,449897.14,406250.33,34633.08999999997,0.9214
MPLADS-004431,399869.86,407371.33,282834.9,117034.95999999996,0.7073
MPLADS-004432,1039631.2,1084163.97,993467.89,46163.30999999994,0.9556
MPLADS-004433,2170124.87,2202500.44,2117874.25,52250.62000000011,0.9759
MPLADS-004434,490751.31,492768.84,371669.27,119082.03999999998,0.7573
MPLADS-004435,236542.2,239346.33,153289.12,83253.08000000002,0.648
MPLADS-004436,1768643.87,1784422.56,1529451.36,239192.51,0.8648
MPLADS-004437,944443.68,945863.63,1238562.39,0.0,1.3114
MPLADS-004438,894498.21,929773.0,537108.65,357389.55999999994,0.6005
MPLADS-004439,702764.64,690095.61,571801.75,130962.89000000001,0.8136
MPLADS-004440,1589491.1,1603810.91,1169325.46,420165.64000000013,0.7357
MPLADS-004441,3669291.52,3571534.1,2364561.16,1304730.3599999999,0.6444
MPLADS-004442,1042264.2,1088840.55,738894.76,303369.43999999994,0.7089
MPLADS-004443,3857553.15,3974194.95,3561869.75,295683.3999999999,0.9233
MPLADS-004444,233177.43,222687.81,155126.33,78051.1,0.6653
MPLADS-004445,513874.02,516055.02,336835.81,177038.21000000002,0.6555
MPLADS-004446,3038771.21,3161760.96,2217988.92,820782.29,0.7299
MPLADS-004447,536515.96,560637.57,486614.28,49901.679999999935,0.907
MPLADS-004448,1990552.18,2075107.69,1837489.98,153062.19999999995,0.9231
MPLADS-004449,5454833.35,5567257.86,5220830.37,234002.97999999952,0.9571
MPLADS-004450,1970731.62,2033383.05,1490895.16,479836.4600000002,0.7565
MPLADS-004451,1033419.11,1054257.8,971413.96,62005.15000000002,0.94
MPLADS-004452,733762.19,722417.69,463996.77,269765.4199999999,0.6324
MPLADS-004453,239931.52,229314.83,212367.44,27564.079999999987,0.8851
MPLADS-004454,188631.56,181231.83,164823.22,23808.339999999997,0.8738
MPLADS-004455,1161845.38,1137918.01,958950.47,202894.90999999992,0.8254
MPLADS-004456,452256.39,457417.84,280048.22,172208.17000000004,0.6192
MPLADS-004457,510538.39,504084.57,309232.19,201306.2,0.6057
MPLADS-004458,776503.08,811704.6,600327.16,176175.91999999993,0.7731
MPLADS-004459,237313.14,238997.44,176071.36,61241.78000000003,0.7419
MPLADS-004460,432071.87,442057.54,290857.43,141214.44,0.6732
MPLADS-004461,1924213.1,1923507.28,2426276.09,0.0,1.2609
MPLADS-004462,3941169.15,3797425.07,3279986.21,661182.94,0.8322
MPLADS-004463,2408014.7,2481589.81,1949470.19,458544.51000000024,0.8096
MPLADS-004464,1374563.3,1310467.6,1179827.77,194735.53000000003,0.8583
MPLADS-004465,1265995.23,1251859.61,1061304.27,204690.95999999996,0.8383
MPLADS-004466,1908628.73,1908709.02,1870607.12,38021.60999999987,0.9801
MPLADS-004467,245283.08,238210.94,206929.73,38353.34999999998,0.8436
MPLADS-004468,433496.11,442866.14,322349.5,111146.60999999999,0.7436
MPLADS-004469,567430.56,567464.35,553373.12,14057.44000000006,0.9752
MPLADS-004470,515539.43,522639.98,426086.07,89453.35999999999,0.8265
MPLADS-004471,226926.25,222530.91,207644.1,19282.149999999994,0.915
MPLADS-004472,8139947.99,7921791.9,5163681.87,2976266.12,0.6344
MPLADS-004473,954152.12,919957.21,593780.48,360371.64,0.6223
MPLADS-004474,3997067.48,3927467.57,3736085.25,260982.22999999998,0.9347
MPLADS-004475,3399278.38,3393966.36,2470084.21,929194.1699999999,0.7266
MPLADS-004476,2728240.01,2711997.24,1785249.54,942990.4699999997,0.6544
MPLADS-004477,479655.19,489120.52,345667.94,133987.25,0.7207
MPLADS-004478,821246.89,822872.62,570255.28,250991.61,0.6944
MPLADS-004479,1865152.85,1938224.54,1303882.25,561270.6000000001,0.6991
MPLADS-004480,3136430.09,3272545.76,2993256.57,143173.52000000002,0.9544
MPLADS-004481,466599.96,453022.31,441240.32,25359.640000000014,0.9457
MPLADS-004482,2638372.96,2622084.51,2486030.43,152342.5299999998,0.9423
MPLADS-004483,1808013.76,1829682.25,1432590.05,375423.70999999996,0.7924
MPLADS-004484,1055969.09,1068987.99,666676.58,389292.5100000001,0.6313
MPLADS-004485,804514.45,806043.53,804514.45,0.0,1.0
MPLADS-004486,3167383.38,3169330.64,2586845.92,580537.46,0.8167
MPLADS-004487,1167430.4,1189690.82,774581.72,392848.67999999993,0.6635
MPLADS-004488,3283185.75,3130379.85,2702308.37,580877.3799999999,0.8231
MPLADS-004489,215748.51,222207.47,171365.2,44383.31,0.7943
MPLADS-004490,1910716.38,1988682.84,2745485.51,0.0,1.4369
MPLADS-004491,2843024.29,2830245.21,1932605.34,910418.95,0.6798
MPLADS-004492,436738.76,455102.67,410534.43,26204.330000000016,0.94
MPLADS-004493,780796.71,798553.74,767787.68,13009.029999999912,0.9833
MPLADS-004494,683463.31,659490.18,432183.31,251280.00000000006,0.6323
MPLADS-004495,1721620.72,1723174.65,1650678.22,70942.5,0.9588
MPLADS-004496,395107.23,386430.23,313076.12,82031.10999999999,0.7924
MPLADS-004497,1300189.42,1303273.15,1063154.79,237034.6299999999,0.8177
MPLADS-004498,4557123.4,4657585.78,3832995.6,724127.8000000003,0.8411
MPLADS-004499,3169716.68,3250077.8,2646204.04,523512.64000000013,0.8348
MPLADS-004500,514174.02,532336.07,361233.76,152940.26,0.7026
MPLADS-004501,853725.72,821573.67,577951.42,275774.29999999993,0.677
MPLADS-004502,2047643.69,2011635.22,1789283.76,258359.92999999993,0.8738
MPLADS-004503,1335506.82,1296293.71,881083.72,454423.1000000001,0.6597
MPLADS-004504,569626.85,554535.99,536284.03,33342.81999999995,0.9415
MPLADS-004505,193347.88,186916.62,189991.63,3356.25,0.9826
MPLADS-004506,645354.74,667955.23,596625.78,48728.95999999996,0.9245
MPLADS-004507,2639203.12,2591718.85,2279625.53,359577.5900000003,0.8638
MPLADS-004508,734119.37,768815.43,481510.03,252609.33999999997,0.6559
MPLADS-004509,2540789.93,2532406.11,2388342.53,152447.40000000037,0.94
MPLADS-004510,2715335.71,2623877.9,2010592.05,704743.6599999999,0.7405
MPLADS-004511,2029638.54,2035435.89,1275249.78,754388.76,0.6283
MPLADS-004512,237950.91,249755.89,216660.37,21290.540000000008,0.9105
MPLADS-004513,712622.68,724349.29,712622.68,0.0,1.0
MPLADS-004514,2604526.52,2731651.13,1684127.42,920399.1000000001,0.6466
MPLADS-004515,470786.65,452610.62,284515.86,186270.79000000004,0.6043
MPLADS-004516,210845.32,203888.47,168021.0,42824.32000000001,0.7969
MPLADS-004517,786875.67,775679.08,562653.42,224222.25,0.715
MPLADS-004518,2980072.62,2931148.79,2921354.23,58718.39000000013,0.9803
MPLADS-004519,2616849.67,2583245.56,2578868.57,37981.10000000009,0.9855
MPLADS-004520,214188.72,212400.17,162124.71,52064.01000000001,0.7569
MPLADS-004521,2391590.79,2355146.0,2022122.74,369468.05000000005,0.8455
MPLADS-004522,2408260.44,2523764.03,1528973.63,879286.81,0.6349
MPLADS-004523,2413612.88,2466628.96,2378351.13,35261.75,0.9854
MPLADS-004524,2480768.11,2370406.46,2022621.24,458146.8699999999,0.8153
MPLADS-004525,526846.81,536097.21,521077.24,5769.570000000065,0.989
MPLADS-004526,389894.11,372081.15,243748.33,146145.78,0.6252
MPLADS-004527,3157533.41,3293389.78,2205447.1,952086.31,0.6985
MPLADS-004528,2934592.88,2932104.74,2156496.51,778096.3700000001,0.7349
MPLADS-004529,2283559.09,2388916.33,2146545.54,137013.5499999998,0.94
MPLADS-004530,848690.82,827636.36,537976.54,310714.2799999999,0.6339
MPLADS-004531,2640659.9,2573521.2,1807024.86,833635.0399999998,0.6843
MPLADS-004532,1067043.92,1118974.44,986814.83,80229.08999999997,0.9248
MPLADS-004533,957782.45,923987.08,862312.3,95470.1499999999,0.9003
MPLADS-004534,2678284.26,2786632.71,2372385.23,305899.0299999998,0.8858
MPLADS-004535,1584659.91,1560862.26,1523428.0,61231.909999999916,0.9614
MPLADS-004536,656472.84,639027.13,478253.76,178219.07999999996,0.7285
MPLADS-004537,2649922.25,2756882.58,2500958.16,148964.08999999985,0.9438
MPLADS-004538,237253.82,236098.58,222425.97,14827.850000000006,0.9375
MPLADS-004539,241835.39,242701.08,227325.27,14510.120000000024,0.94
MPLADS-004540,1613911.1,1667649.77,1361338.35,252572.75,0.8435
MPLADS-004541,1270479.33,1207834.68,878649.73,391829.6000000001,0.6916
MPLADS-004542,12925368.63,12692714.36,9842362.35,3083006.280000001,0.7615
MPLADS-004543,1983237.79,1953006.27,1570574.7,412663.0900000001,0.7919
MPLADS-004544,1197316.82,1248671.25,862001.53,335315.29000000004,0.7199
MPLADS-004545,719721.64,737909.52,676538.34,43183.30000000005,0.94
MPLADS-004546,2567279.8,2612667.78,2114888.73,452391.06999999983,0.8238
MPLADS-004547,1869052.57,1929570.26,1867618.17,1434.4000000001397,0.9992
MPLADS-004548,2989137.64,2978089.68,2784017.94,205119.7000000002,0.9314
MPLADS-004549,2793811.19,2740844.54,2183159.33,610651.8599999999,0.7814
MPLADS-004550,2407039.34,2403219.79,1756186.23,650853.1099999999,0.7296
MPLADS-004551,3031085.02,2965158.58,2075103.96,955981.06,0.6846
MPLADS-004552,850221.01,833203.03,669639.81,180581.19999999995,0.7876
MPLADS-004553,2816716.92,2691126.49,1809163.54,1007553.3799999999,0.6423
MPLADS-004554,2026470.94,2044317.26,1464241.13,562229.81,0.7226
MPLADS-004555,1161165.94,1195511.78,804931.97,356233.97,0.6932
MPLADS-004556,765478.7,766666.36,573719.67,191759.0299999999,0.7495
MPLADS-004557,2030042.83,1989590.96,1792046.37,237996.45999999996,0.8828
MPLADS-004558,242834.3,232428.13,239355.18,3479.1199999999953,0.9857
MPLADS-004559,766640.83,757270.52,482244.03,284396.79999999993,0.629
MPLADS-004560,251446.29,259555.56,195309.34,56136.95000000001,0.7767
MPLADS-004561,390660.22,380726.2,347518.37,43141.84999999998,0.8896
MPLADS-004562,3209856.48,3156633.65,2731571.64,478284.83999999985,0.851
MPLADS-004563,557480.5,537629.26,376003.54,181476.96000000002,0.6745
MPLADS-004564,1722414.18,1661661.62,1156671.4,565742.78,0.6715
MPLADS-004565,887544.59,862840.33,811398.3,76146.28999999992,0.9142
MPLADS-004566,775605.5,772674.73,689894.87,85710.63,0.8895
MPLADS-004567,718760.78,746877.84,461499.68,257261.10000000003,0.6421
MPLADS-004568,847937.63,863292.86,611197.73,236739.90000000002,0.7208
MPLADS-004569,3033245.46,2940101.01,2036835.38,996410.0800000001,0.6715
MPLADS-004570,234811.44,233671.17,171136.63,63674.81,0.7288
MPLADS-004571,2628576.91,2618611.6,1902555.48,726021.4300000002,0.7238
MPLADS-004572,243608.39,240975.26,150063.27,93545.12000000002,0.616
MPLADS-004573,854127.9,848345.76,675076.49,179051.41000000003,0.7904
MPLADS-004574,246548.46,240564.91,194215.14,52333.31999999998,0.7877
MPLADS-004575,2562765.86,2462296.59,1539485.09,1023280.7699999998,0.6007
MPLADS-004576,3457336.5,3293547.53,2980137.58,477198.9199999999,0.862
MPLADS-004577,480376.48,490157.57,356782.34,123594.13999999996,0.7427
MPLADS-004578,10365272.56,10149442.47,7960207.03,2405065.5300000003,0.768
MPLADS-004579,3088574.35,3006506.63,2238815.93,849758.4199999999,0.7249
MPLADS-004580,1021994.14,1015453.49,960674.49,61319.65000000002,0.94
MPLADS-004581,2338753.38,2273477.05,1439785.41,898967.97,0.6156
MPLADS-004582,3869559.34,3762284.53,2890586.91,978972.4299999997,0.747
MPLADS-004583,1070357.3,1055297.78,653895.09,416462.2100000001,0.6109
MPLADS-004584,3326568.61,3479338.05,3224451.24,102117.36999999965,0.9693
MPLADS-004585,1561737.04,1577450.87,1220046.26,341690.78,0.7812
MPLADS-004586,467341.84,461777.8,439301.33,28040.51000000001,0.94
MPLADS-004587,3002323.16,3115448.82,1990304.31,1012018.8500000001,0.6629
MPLADS-004588,1149782.41,1189848.34,791600.79,358181.6199999999,0.6885
MPLADS-004589,243999.56,244714.36,178328.05,65671.51000000001,0.7309
MPLADS-004590,1339921.19,1395554.39,943989.94,395931.25,0.7045
MPLADS-004591,466120.86,475433.04,466120.86,0.0,1.0
MPLADS-004592,1029125.37,1074791.34,1029125.37,0.0,1.0
MPLADS-004593,427202.71,422035.02,394875.45,32327.26000000001,0.9243
MPLADS-004594,398178.05,413935.39,331357.19,66820.85999999999,0.8322
MPLADS-004595,2548919.67,2494660.81,2083371.88,465547.79000000004,0.8174
MPLADS-004596,2535765.95,2614555.41,2217090.36,318675.5900000003,0.8743
MPLADS-004597,1749392.87,1760471.85,1501774.82,247618.05000000005,0.8585
MPLADS-004598,684508.2,702846.18,450611.84,233896.35999999993,0.6583
MPLADS-004599,9530673.32,9066563.12,9267379.56,263293.7599999998,0.9724
MPLADS-004600,3536604.29,3530080.19,2449644.44,1086959.85,0.6927
MPLADS-004601,2495781.93,2566519.93,3054926.41,0.0,1.224
MPLADS-004602,549610.27,545989.65,547637.92,1972.3499999999767,0.9964
MPLADS-004603,2921762.87,2906898.32,2520161.93,401600.93999999994,0.8625
MPLADS-004604,405640.94,404477.95,321867.22,83773.72000000003,0.7935
MPLADS-004605,1006704.08,1041095.58,1001715.0,4989.079999999958,0.995
MPLADS-004606,1552647.61,1625369.73,1534612.64,18034.970000000205,0.9884
MPLADS-004607,229267.91,221301.17,205558.17,23709.73999999999,0.8966
MPLADS-004608,2411390.72,2380513.09,1808600.43,602790.2900000003,0.75
MPLADS-004609,213391.04,221052.47,141836.28,71554.76000000001,0.6647
MPLADS-004610,948219.17,948724.59,897578.49,50640.68000000005,0.9466
MPLADS-004611,1003586.01,1038079.58,1003586.01,0.0,1.0
MPLADS-004612,795482.96,815753.43,633720.65,161762.30999999994,0.7966
MPLADS-004613,2305391.3,2362642.58,1431858.99,873532.3099999998,0.6211
MPLADS-004614,2087787.18,2171079.49,1692867.6,394919.57999999984,0.8108
MPLADS-004615,800299.89,811394.47,541581.53,258718.36,0.6767
MPLADS-004616,2500741.48,2376084.03,1528872.76,971868.72,0.6114
MPLADS-004617,1323577.73,1297716.08,1138517.75,185059.97999999998,0.8602
MPLADS-004618,449685.65,468786.13,345496.88,104188.77000000002,0.7683
MPLADS-004619,3872759.73,3880592.95,3590974.46,281785.27,0.9272
MPLADS-004620,3789355.23,3779097.16,3573816.07,215539.16000000015,0.9431
MPLADS-004621,1306442.18,1274963.18,1143851.25,162590.92999999993,0.8755
MPLADS-004622,10902178.01,10379751.7,10297465.21,604712.7999999989,0.9445
MPLADS-004623,1035283.06,1042569.69,765978.23,269304.8300000001,0.7399
MPLADS-004624,560957.89,533890.41,545224.6,15733.290000000037,0.972
MPLADS-004625,680307.23,654591.58,450712.38,229594.84999999998,0.6625
MPLADS-004626,799185.74,804886.63,532916.81,266268.92999999993,0.6668
MPLADS-004627,3698687.28,3699772.51,3475869.58,222817.69999999972,0.9398
MPLADS-004628,1014342.39,978770.76,618951.96,395390.43000000005,0.6102
MPLADS-004629,850482.84,821897.83,672168.69,178314.15000000002,0.7903
MPLADS-004630,894168.98,861215.7,708269.97,185899.01,0.7921
MPLADS-004631,3003014.68,2891268.13,2751301.21,251713.4700000002,0.9162
MPLADS-004632,450923.4,469293.17,270687.39,180236.01,0.6003
MPLADS-004633,4013363.18,4170943.0,2466457.71,1546905.4700000002,0.6146
MPLADS-004634,689571.25,691278.58,607827.09,81744.16000000003,0.8815
MPLADS-004635,459177.79,446811.34,369649.9,89527.88999999996,0.805
MPLADS-004636,189240.12,184033.57,167725.37,21514.75,0.8863
MPLADS-004637,1574284.26,1646895.38,1079656.71,494627.55000000005,0.6858
MPLADS-004638,10582430.01,10331056.06,9803838.51,778591.5,0.9264
MPLADS-004639,845096.25,875083.9,800215.28,44880.96999999997,0.9469
MPLADS-004640,392151.11,390156.54,238242.53,153908.58,0.6075
MPLADS-004641,11545094.38,11133002.55,8049209.41,3495884.9700000007,0.6972
MPLADS-004642,201703.21,197296.56,126096.0,75607.20999999999,0.6252
MPLADS-004643,774651.8,750354.01,709929.21,64722.590000000084,0.9164
MPLADS-004644,235110.87,232181.99,148441.12,86669.75,0.6314
MPLADS-004645,445109.16,431639.3,364701.28,80407.87999999995,0.8194
MPLADS-004646,795668.33,801597.29,533066.94,262601.39,0.67
MPLADS-004647,785150.3,806870.57,682830.93,102319.37,0.8697
MPLADS-004648,728978.97,723645.23,649904.01,79074.95999999996,0.8915
MPLADS-004649,2061681.33,2085869.78,1515120.83,546560.5,0.7349
MPLADS-004650,2462984.73,2422023.63,1768327.63,694657.1000000001,0.718
MPLADS-004651,6993835.31,7111382.18,6273325.7,720509.6099999994,0.897
MPLADS-004652,2729149.82,2725394.23,2107708.53,621441.29,0.7723
MPLADS-004653,3067230.34,3133483.38,3067230.34,0.0,1.0
MPLADS-004654,553532.75,573748.6,369064.94,184467.81,0.6667
MPLADS-004655,4638963.08,4693159.99,4104639.92,534323.1600000001,0.8848
MPLADS-004656,2887994.12,2812078.53,1829884.06,1058110.06,0.6336
MPLADS-004657,2370464.3,2369143.46,1460934.33,909529.9699999997,0.6163
MPLADS-004658,2790770.98,2752695.8,2070728.04,720042.94,0.742
MPLADS-004659,1705742.38,1663496.19,1300150.04,405592.33999999985,0.7622
MPLADS-004660,1564665.21,1520692.37,1000382.92,564282.2899999999,0.6394
MPLADS-004661,3659288.65,3712483.13,2503419.84,1155868.81,0.6841
MPLADS-004662,403071.12,413836.42,347572.0,55499.119999999995,0.8623
MPLADS-004663,476406.15,460338.59,322987.78,153418.37,0.678
MPLADS-004664,2310229.13,2202858.55,1691119.02,619110.1099999999,0.732
MPLADS-004665,6938576.78,6904806.54,5330265.34,1608311.4400000004,0.7682
MPLADS-004666,2497535.19,2430625.76,2173300.02,324235.1699999999,0.8702
MPLADS-004667,219744.63,230412.11,196943.62,22801.01000000001,0.8962
MPLADS-004668,783538.51,756087.03,577868.81,205669.69999999995,0.7375
MPLADS-004669,407352.23,426494.5,545176.14,0.0,1.3383
MPLADS-004670,3704756.38,3735789.64,2686469.49,1018286.8899999997,0.7251
MPLADS-004671,1972609.21,1908122.95,1767308.3,205300.90999999992,0.8959
MPLADS-004672,659659.16,642480.42,591951.25,67707.91000000003,0.8974
MPLADS-004673,229946.89,229061.36,190441.46,39505.43000000002,0.8282
MPLADS-004674,2306905.76,2267486.03,1590327.47,716578.2899999998,0.6894
MPLADS-004675,1104790.62,1091526.65,849202.53,255588.09000000008,0.7687
MPLADS-004676,572887.01,601119.0,347843.17,225043.84000000003,0.6072
MPLADS-004677,417745.0,416202.81,342618.67,75126.33000000002,0.8202
MPLADS-004678,1951930.37,2045885.27,1492418.25,459512.1200000001,0.7646
MPLADS-004679,649755.2,626439.93,623440.38,26314.81999999995,0.9595
MPLADS-004680,2171599.76,2071812.32,1353051.49,818548.2699999998,0.6231
MPLADS-004681,859569.65,821241.54,815585.78,43983.869999999995,0.9488
MPLADS-004682,1017651.52,1010559.54,801098.27,216553.25,0.7872
MPLADS-004683,809428.91,779406.97,548886.77,260542.14,0.6781
MPLADS-004684,2991762.37,3023537.45,1871462.48,1120299.8900000001,0.6255
MPLADS-004685,963183.37,993592.67,630086.04,333097.32999999996,0.6542
MPLADS-004686,511920.75,498744.25,503728.03,8192.719999999972,0.984
MPLADS-004687,224303.37,214106.16,195247.76,29055.609999999986,0.8705
MPLADS-004688,7169550.72,7276659.26,5711841.25,1457709.4699999997,0.7967
MPLADS-004689,2989014.68,3075573.88,2931869.01,57145.67000000039,0.9809
MPLADS-004690,3696719.66,3719600.07,3562489.45,134230.20999999996,0.9637
MPLADS-004691,3103018.31,3244549.36,1908177.63,1194840.6800000002,0.6149
MPLADS-004692,5455193.52,5334676.52,3614997.11,1840196.4099999997,0.6627
MPLADS-004693,1601831.14,1620622.69,1021443.74,580387.3999999999,0.6377
MPLADS-004694,2094019.03,2072685.17,1305176.19,788842.8400000001,0.6233
MPLADS-004695,221281.3,211854.94,174138.08,47143.22,0.787
MPLADS-004696,1567935.41,1635962.26,977783.11,590152.2999999999,0.6236
MPLADS-004697,948722.2,904358.63,844969.84,103752.35999999999,0.8906
MPLADS-004698,1048946.37,1040266.66,654807.17,394139.20000000007,0.6243
MPLADS-004699,205736.31,214035.53,170580.6,35155.70999999999,0.8291
MPLADS-004700,469739.19,488475.45,410118.41,59620.78000000003,0.8731
MPLADS-004701,1178541.97,1152735.51,988609.61,189932.36,0.8388
MPLADS-004702,506458.9,490992.11,463159.47,43299.43000000005,0.9145
MPLADS-004703,795287.5,805969.05,651470.05,143817.44999999995,0.8192
MPLADS-004704,2468700.45,2452589.7,1600007.71,868692.7400000002,0.6481
MPLADS-004705,791865.71,766033.43,639256.65,152609.05999999994,0.8073
MPLADS-004706,425826.51,409642.45,415403.09,10423.419999999984,0.9755
MPLADS-004707,787554.23,758764.04,636796.27,150757.95999999996,0.8086
MPLADS-004708,1713125.77,1747625.97,1548075.71,165050.06000000006,0.9037
MPLADS-004709,197779.89,196864.73,171434.4,26345.49000000002,0.8668
MPLADS-004710,462582.48,465225.29,347894.9,114687.57999999996,0.7521
MPLADS-004711,503973.12,483705.8,319088.67,184884.45,0.6331
MPLADS-004712,523324.78,512669.78,399743.47,123581.31000000006,0.7639
MPLADS-004713,799590.18,798713.43,520778.27,278811.91000000003,0.6513
MPLADS-004714,3250842.99,3263511.98,3132584.98,118258.01000000024,0.9636
MPLADS-004715,7691773.55,7514601.44,5380711.96,2311061.59,0.6995
MPLADS-004716,771271.31,783770.96,751420.21,19851.100000000093,0.9743
MPLADS-004717,3677351.66,3628283.78,3585069.35,92282.31000000006,0.9749
MPLADS-004718,233891.7,244138.32,159039.43,74852.27000000002,0.68
MPLADS-004719,3095297.97,3034071.09,2640760.61,454537.36000000034,0.8532
MPLADS-004720,3170012.85,3072742.6,2568117.92,601894.9300000002,0.8101
MPLADS-004721,734113.25,707739.44,448026.28,286086.97,0.6103
MPLADS-004722,858187.75,869129.43,700039.0,158148.75,0.8157
MPLADS-004723,795534.94,818059.04,610738.11,184796.82999999996,0.7677
MPLADS-004724,850154.36,859486.17,734855.4,115298.95999999996,0.8644
MPLADS-004725,1935032.17,1844027.09,1404965.81,530066.3599999999,0.7261
MPLADS-004726,3140649.99,3119511.2,2128984.95,1011665.04,0.6779
MPLADS-004727,1536892.41,1606070.0,1207682.36,329210.0499999998,0.7858
MPLADS-004728,2861565.2,2857447.77,2333859.06,527706.1400000001,0.8156
MPLADS-004729,2038825.74,1985518.8,1647894.76,390930.98,0.8083
MPLADS-004730,447830.01,455739.92,322920.14,124909.87,0.7211
MPLADS-004731,2959112.44,2850730.75,2719367.14,239745.2999999998,0.919
MPLADS-004732,13351738.65,13905786.93,12068505.31,1283233.3399999999,0.9039
MPLADS-004733,3828585.02,3700041.79,2320586.57,1507998.4500000002,0.6061
MPLADS-004734,3613162.29,3556341.02,4752730.92,0.0,1.3154
MPLADS-004735,4643640.85,4435958.56,2815137.18,1828503.6699999995,0.6062
MPLADS-004736,210327.2,210701.85,210327.2,0.0,1.0
MPLADS-004737,418347.17,406726.64,416670.01,1677.1599999999744,0.996
MPLADS-004738,460575.6,473795.44,336604.92,123970.68,0.7308
MPLADS-004739,1906303.34,1970592.04,1835514.71,70788.63000000012,0.9629
MPLADS-004740,3306606.9,3414462.79,3033719.02,272887.8799999999,0.9175
MPLADS-004741,709419.45,708241.34,531599.05,177820.3999999999,0.7493
MPLADS-004742,2518478.22,2402682.16,1828003.07,690475.1500000001,0.7258
MPLADS-004743,491422.17,481123.54,322023.11,169399.06,0.6553
MPLADS-004744,4107100.27,3959072.64,3305228.77,801871.5,0.8048
MPLADS-004745,3274630.5,3118714.91,3030849.59,243780.91000000015,0.9256
MPLADS-004746,227309.03,218884.81,209194.52,18114.51000000001,0.9203
MPLADS-004747,2757893.33,2694957.34,1993571.51,764321.8200000001,0.7229
MPLADS-004748,518964.21,510272.35,495690.15,23274.059999999998,0.9552
MPLADS-004749,3399801.97,3518699.12,2443336.17,956465.8000000003,0.7187
MPLADS-004750,1763157.72,1846135.61,1313455.91,449701.81000000006,0.7449
MPLADS-004751,224150.01,233751.27,192559.03,31590.98000000001,0.8591
MPLADS-004752,2766969.71,2675200.23,1865654.04,901315.6699999999,0.6743
MPLADS-004753,524615.18,546980.67,433237.64,91377.54000000004,0.8258
MPLADS-004754,3730220.08,3731504.74,2599443.47,1130776.6099999999,0.6969
MPLADS-004755,2140005.83,2153585.48,1438477.96,701527.8700000001,0.6722
MPLADS-004756,2399048.93,2455907.81,2399048.93,0.0,1.0
MPLADS-004757,216257.81,218397.15,293670.83,0.0,1.358
MPLADS-004758,2751470.06,2750714.73,2103771.16,647698.8999999999,0.7646
MPLADS-004759,3821230.34,3660443.54,3807400.14,13830.19999999972,0.9964
MPLADS-004760,214233.6,213950.51,131961.47,82272.13,0.616
MPLADS-004761,1833399.86,1774634.92,1468197.83,365202.03,0.8008
MPLADS-004762,1994672.68,2061763.39,1648602.55,346070.1299999999,0.8265
MPLADS-004763,3523439.06,3614709.82,2330370.82,1193068.2400000002,0.6614
MPLADS-004764,3824242.88,3731988.46,2804325.94,1019916.94,0.7333
MPLADS-004765,2125543.53,2031966.2,1296336.76,829206.7699999998,0.6099
MPLADS-004766,192627.16,190043.2,118531.36,74095.8,0.6153
MPLADS-004767,1235939.33,1179841.45,1068948.29,166991.04000000004,0.8649
MPLADS-004768,483304.92,494456.19,423149.29,60155.630000000005,0.8755
MPLADS-004769,676282.56,642559.92,611041.81,65240.75,0.9035
MPLADS-004770,2577079.63,2508892.95,2033190.3,543889.3299999998,0.789
MPLADS-004771,497101.69,504244.65,455944.8,41156.890000000014,0.9172
MPLADS-004772,2762624.43,2701126.66,2156223.8,606400.6300000004,0.7805
MPLADS-004773,459550.39,470993.71,431977.37,27573.02000000002,0.94
MPLADS-004774,1226275.97,1269824.28,1152699.41,73576.56000000006,0.94
MPLADS-004775,806631.55,831415.11,788541.44,18090.110000000102,0.9776
MPLADS-004776,922875.14,901275.67,881462.37,41412.77000000002,0.9551
MPLADS-004777,512883.23,504821.5,407976.65,104906.57999999996,0.7955
MPLADS-004778,3870850.95,3993353.65,2333382.91,1537468.04,0.6028
MPLADS-004779,548862.48,523825.57,380220.51,168641.96999999997,0.6927
MPLADS-004780,513161.5,506093.1,368890.16,144271.34000000003,0.7189
MPLADS-004781,486660.55,498790.52,457460.92,29199.630000000005,0.94
MPLADS-004782,479606.2,494116.26,331534.44,148071.76,0.6913
MPLADS-004783,952581.43,992423.69,730565.92,222015.51,0.7669
MPLADS-004784,2485824.8,2552040.59,1672775.38,813049.4199999999,0.6729
MPLADS-004785,2550578.77,2562048.24,2397544.04,153034.72999999998,0.94
MPLADS-004786,751223.75,751429.45,624984.96,126238.79000000004,0.832
MPLADS-004787,1690445.72,1665296.67,1423989.28,266456.43999999994,0.8424
MPLADS-004788,3155017.1,3289890.81,2225119.22,929897.8799999999,0.7053
MPLADS-004789,3169323.64,3274942.51,2712506.68,456816.95999999996,0.8559
MPLADS-004790,3407764.12,3333512.03,2189507.39,1218256.73,0.6425
MPLADS-004791,3250949.18,3141388.82,2269050.9,981898.2800000003,0.698
MPLADS-004792,794682.93,817848.08,548886.89,245796.04000000004,0.6907
MPLADS-004793,2424429.53,2428050.69,2385231.96,39197.56999999983,0.9838
MPLADS-004794,2724619.88,2607456.44,2006938.47,717681.4099999999,0.7366
MPLADS-004795,542453.87,558555.19,542453.87,0.0,1.0
MPLADS-004796,2701138.49,2745938.89,1716545.49,984593.0000000002,0.6355
MPLADS-004797,4652129.72,4587839.3,4112584.81,539544.9099999997,0.884
MPLADS-004798,6957655.02,7082088.54,6684397.83,273257.1899999995,0.9607
MPLADS-004799,1714278.65,1659545.06,1229813.97,484464.67999999993,0.7174
MPLADS-004800,653756.72,623640.33,413649.92,240106.8,0.6327
MPLADS-004801,3871631.3,3682181.55,3120056.43,751574.8699999996,0.8059
MPLADS-004802,211297.23,207107.87,166133.85,45163.380000000005,0.7863
MPLADS-004803,234943.52,240040.19,224757.96,10185.559999999998,0.9566
MPLADS-004804,2278913.18,2388553.06,1791292.04,487621.14000000013,0.786
MPLADS-004805,476115.48,497327.05,370593.36,105522.12,0.7784
MPLADS-004806,847461.16,840818.76,522477.54,324983.62000000005,0.6165
MPLADS-004807,724784.04,693063.62,550450.15,174333.89,0.7595
MPLADS-004808,250230.22,249912.35,226128.16,24102.059999999998,0.9037
MPLADS-004809,855651.26,861084.55,521484.67,334166.59,0.6095
MPLADS-004810,2967496.56,3092483.83,2632892.94,334603.6200000001,0.8872
MPLADS-004811,457240.38,445516.82,313835.86,143404.52000000002,0.6864
MPLADS-004812,1025550.34,998986.35,639363.42,386186.9199999999,0.6234
MPLADS-004813,861332.09,867246.13,562455.61,298876.48,0.653
MPLADS-004814,3012836.08,2939068.36,2075185.49,937650.5900000001,0.6888
MPLADS-004815,3134598.26,3165952.46,1909478.83,1225119.4299999997,0.6092
MPLADS-004816,986246.57,981815.4,804959.69,181286.88,0.8162
MPLADS-004817,2486317.56,2426334.44,1724644.76,761672.8,0.6937
MPLADS-004818,11035871.34,10637774.07,7510933.48,3524937.8599999994,0.6806
MPLADS-004819,247811.26,248866.1,232942.58,14868.680000000022,0.94
MPLADS-004820,3063214.28,3087699.85,1941066.32,1122147.9599999997,0.6337
MPLADS-004821,2307964.8,2419988.07,1701555.28,606409.5199999998,0.7373
MPLADS-004822,803227.41,807775.41,782234.24,20993.170000000042,0.9739
MPLADS-004823,1781450.07,1747634.65,1600802.88,180647.19000000018,0.8986
MPLADS-004824,514393.14,527682.41,339150.03,175243.11,0.6593
MPLADS-004825,3629491.13,3780720.99,2233188.93,1396302.1999999997,0.6153
MPLADS-004826,1148794.03,1197030.38,1108630.55,40163.47999999998,0.965
MPLADS-004827,549579.88,530849.21,363128.48,186451.40000000002,0.6607
MPLADS-004828,414573.91,407953.42,408034.22,6539.690000000002,0.9842
MPLADS-004829,1811127.45,1840272.33,1370498.55,440628.8999999999,0.7567
MPLADS-004830,3174193.66,3111670.57,2311212.89,862980.77,0.7281
MPLADS-004831,1847273.02,1778855.44,1669589.98,177683.04000000004,0.9038
MPLADS-004832,860038.67,874511.46,782193.37,77845.30000000005,0.9095
MPLADS-004833,1137632.49,1163823.89,1086605.64,51026.85000000009,0.9551
MPLADS-004834,870862.85,884482.58,529889.83,340973.02,0.6085
MPLADS-004835,448597.42,464461.54,304343.57,144253.84999999998,0.6784
MPLADS-004836,1834433.71,1910100.73,1520533.16,313900.55000000005,0.8289
MPLADS-004837,3581994.77,3646725.74,3506389.61,75605.16000000015,0.9789
MPLADS-004838,451414.11,440742.68,384581.1,66833.01000000001,0.8519
MPLADS-004839,793112.15,793380.23,514372.09,278740.06,0.6485
MPLADS-004840,775363.79,755993.25,681377.66,93986.13,0.8788
MPLADS-004841,233447.96,230947.79,219441.08,14006.880000000005,0.94
MPLADS-004842,189077.8,183975.64,121431.23,67646.56999999999,0.6422
MPLADS-004843,2990247.41,3009644.94,1820672.5,1169574.9100000001,0.6089
MPLADS-004844,9035959.54,8724389.36,7745551.75,1290407.789999999,0.8572
MPLADS-004845,3704391.64,3712463.43,2354135.99,1350255.65,0.6355
MPLADS-004846,395942.49,391176.56,276438.83,119503.65999999997,0.6982
MPLADS-004847,662196.07,633490.17,510457.47,151738.59999999998,0.7709
MPLADS-004848,2421871.49,2358834.16,3403873.58,0.0,1.4055
MPLADS-004849,2637377.11,2637052.44,2000395.91,636981.2,0.7585
MPLADS-004850,10664818.06,11066228.62,9257383.87,1407434.1900000013,0.868
MPLADS-004851,447987.48,444481.9,314218.63,133768.84999999998,0.7014
MPLADS-004852,1927228.41,1976985.53,1580253.58,346974.82999999984,0.82
MPLADS-004853,428527.7,416784.23,389958.55,38569.15000000002,0.91
MPLADS-004854,488551.76,466886.82,297422.77,191128.99,0.6088
MPLADS-004855,224100.19,223258.49,192208.19,31892.0,0.8577
MPLADS-004856,770266.27,795696.9,599728.07,170538.20000000007,0.7786
MPLADS-004857,232468.79,234862.47,228033.64,4435.149999999994,0.9809
MPLADS-004858,1901763.08,1927615.91,1440194.24,461568.8400000001,0.7573
MPLADS-004859,2603101.31,2481537.84,2189557.19,413544.1200000001,0.8411
MPLADS-004860,1025057.7,1033621.7,966301.93,58755.7699999999,0.9427
MPLADS-004861,1436224.85,1438755.2,1142844.62,293380.23,0.7957
MPLADS-004862,731339.67,752640.56,673460.59,57879.080000000075,0.9209
MPLADS-004863,2020265.51,2065404.22,1927890.77,92374.73999999999,0.9543
MPLADS-004864,1225532.74,1187764.19,989787.53,235745.20999999996,0.8076
MPLADS-004865,849805.06,822851.62,831175.0,18630.060000000056,0.9781
MPLADS-004866,2982473.7,3018920.98,2632328.34,350145.36000000034,0.8826
MPLADS-004867,4740008.09,4895701.25,3924729.22,815278.8699999996,0.828
MPLADS-004868,1713881.7,1695274.32,1056585.6,657296.0999999999,0.6165
MPLADS-004869,1257076.73,1259149.47,1181652.13,75424.6000000001,0.94
MPLADS-004870,2002522.79,2099662.4,1459874.85,542647.94,0.729
MPLADS-004871,704255.65,686027.03,662000.31,42255.33999999997,0.94
MPLADS-004872,2514959.09,2569557.07,1881106.49,633852.5999999999,0.748
MPLADS-004873,3141922.66,3150572.65,1930384.19,1211538.4700000002,0.6144
MPLADS-004874,3133772.51,3150897.69,2470318.53,663453.98,0.7883
MPLADS-004875,770421.76,737885.32,543934.48,226487.28000000003,0.706
MPLADS-004876,2517123.18,2461275.27,2231888.93,285234.25,0.8867
MPLADS-004877,497767.11,499411.41,484690.73,13076.380000000005,0.9737
MPLADS-004878,692876.74,717577.92,530447.57,162429.17000000004,0.7656
MPLADS-004879,504287.87,482232.92,355287.77,149000.09999999998,0.7045
MPLADS-004880,641019.42,628328.57,388991.75,252027.67000000004,0.6068
MPLADS-004881,3100751.04,3044242.41,1982787.59,1117963.45,0.6395
MPLADS-004882,1020380.51,1025414.41,1018254.28,2126.2299999999814,0.9979
MPLADS-004883,3477437.37,3486811.33,2245472.56,1231964.81,0.6457
MPLADS-004884,638632.88,618566.12,524592.86,114040.02000000002,0.8214
MPLADS-004885,2129813.96,2198928.88,2088963.29,40850.669999999925,0.9808
MPLADS-004886,389584.7,399658.02,345939.77,43644.92999999999,0.888
MPLADS-004887,2636412.68,2667798.14,2315510.68,320902.0,0.8783
MPLADS-004888,13373851.68,12765806.41,12594686.99,779164.6899999995,0.9417
MPLADS-004889,1730357.24,1652485.07,1088627.46,641729.78,0.6291
MPLADS-004890,2011668.14,2027077.45,1879792.26,131875.8799999999,0.9344
MPLADS-004891,1973339.55,1927432.47,1802152.54,171187.01,0.9133
MPLADS-004892,2597429.49,2481393.46,2263968.75,333460.7400000002,0.8716
MPLADS-004893,480576.64,473581.89,673152.24,0.0,1.4007
MPLADS-004894,2762989.32,2651533.58,2230629.77,532359.5499999998,0.8073
MPLADS-004895,536639.46,538229.72,505037.32,31602.139999999956,0.9411
MPLADS-004896,3134116.08,3060336.15,4439095.42,0.0,1.4164
MPLADS-004897,1967618.31,1899438.62,1757686.45,209931.8600000001,0.8933
MPLADS-004898,204058.27,208744.34,269334.32,0.0,1.3199
MPLADS-004899,784378.58,791559.57,610115.58,174263.0,0.7778
MPLADS-004900,1739187.58,1825162.77,1680653.11,58534.46999999997,0.9663
MPLADS-004901,232017.04,228125.07,193186.41,38830.630000000005,0.8326
MPLADS-004902,1829254.43,1843168.96,1829254.43,0.0,1.0
MPLADS-004903,706371.86,713592.14,480761.45,225610.40999999997,0.6806
MPLADS-004904,859686.89,833388.87,633626.09,226060.80000000005,0.737
MPLADS-004905,1175148.03,1208810.04,926704.85,248443.18000000005,0.7886
MPLADS-004906,2571520.43,2465393.48,2509388.43,62132.0,0.9758
MPLADS-004907,3081623.6,3044925.76,4013840.31,0.0,1.3025
MPLADS-004908,1862021.65,1855597.66,1123557.18,738464.47,0.6034
MPLADS-004909,562426.59,553189.82,356021.17,206405.41999999998,0.633
MPLADS-004910,240566.98,244532.54,170417.16,70149.82,0.7084
MPLADS-004911,570565.98,562007.91,568886.81,1679.1699999999255,0.9971
MPLADS-004912,1987817.91,1916556.35,1250146.08,737671.8299999998,0.6289
MPLADS-004913,2374018.05,2260010.99,1886773.75,487244.2999999998,0.7948
MPLADS-004914,705496.61,694155.28,450366.45,255130.15999999997,0.6384
MPLADS-004915,1119955.89,1100150.27,914912.74,205043.1499999999,0.8169
MPLADS-004916,450316.85,435795.97,304653.16,145663.69,0.6765
MPLADS-004917,232445.0,232863.18,164089.22,68355.78,0.7059
MPLADS-004918,1260595.38,1310326.45,1216416.71,44178.669999999925,0.965
MPLADS-004919,9332480.85,9164144.26,6814999.06,2517481.79,0.7302
MPLADS-004920,1136071.85,1174620.69,730276.28,405795.57000000007,0.6428
MPLADS-004921,2662678.09,2574426.75,2502917.4,159760.68999999994,0.94
MPLADS-004922,1005783.23,973970.12,760268.25,245514.97999999998,0.7559
MPLADS-004923,1955491.83,1875811.56,1553228.86,402262.97,0.7943
MPLADS-004924,1870147.46,1921973.81,1495990.5,374156.95999999996,0.7999
MPLADS-004925,471194.13,448838.7,325110.14,146083.99,0.69
MPLADS-004926,1564551.47,1594641.73,965804.53,598746.94,0.6173
MPLADS-004927,2529199.07,2596391.93,1606446.03,922753.0399999998,0.6352
MPLADS-004928,822819.7,818922.01,578631.98,244187.71999999997,0.7032
MPLADS-004929,3793822.19,3869486.86,2832688.09,961134.1000000001,0.7467
MPLADS-004930,2715770.53,2600255.7,2359950.4,355820.1299999999,0.869
MPLADS-004931,2708339.24,2808861.51,2387905.14,320434.1000000001,0.8817
MPLADS-004932,3643838.96,3729791.98,3143737.82,500101.14000000013,0.8628
MPLADS-004933,561747.39,583664.1,553328.86,8418.530000000028,0.985
MPLADS-004934,2440728.3,2524870.09,2368165.65,72562.6499999999,0.9703
MPLADS-004935,2816918.87,2863842.79,2150807.77,666111.1000000001,0.7635
MPLADS-004936,476256.25,493994.04,446056.29,30199.96000000002,0.9366
MPLADS-004937,213957.08,219937.31,309570.01,0.0,1.4469
MPLADS-004938,7519331.42,7577914.75,6749477.49,769853.9299999997,0.8976
MPLADS-004939,1315643.02,1321204.06,1016694.36,298948.66000000003,0.7728
MPLADS-004940,235713.65,229820.52,233000.18,2713.470000000001,0.9885
MPLADS-004941,1021286.8,1071673.37,694528.46,326758.3400000001,0.6801
MPLADS-004942,1758552.39,1796724.37,1469284.57,289267.81999999983,0.8355
MPLADS-004943,222956.91,230966.96,139552.3,83404.61000000002,0.6259
MPLADS-004944,1336756.33,1327190.86,1261535.03,75221.30000000005,0.9437
MPLADS-004945,2589801.35,2473517.34,2464078.92,125722.43000000017,0.9515
MPLADS-004946,1367280.86,1369612.65,1349626.08,17654.780000000028,0.9871
MPLADS-004947,3056149.61,2978709.42,2301268.28,754881.3300000001,0.753
MPLADS-004948,3917841.08,4099943.28,2676697.43,1241143.65,0.6832
MPLADS-004949,778823.74,814383.37,522781.28,256042.45999999996,0.6712
MPLADS-004950,839505.65,803491.42,1201753.37,0.0,1.4315
MPLADS-004951,806389.43,817759.51,554479.7,251909.7300000001,0.6876
MPLADS-004952,435203.17,455471.44,435203.17,0.0,1.0
MPLADS-004953,824169.09,802148.04,636076.46,188092.63,0.7718
MPLADS-004954,1708540.62,1697842.8,1620438.21,88102.41000000015,0.9484
MPLADS-004955,1996211.21,2074482.2,1760754.24,235456.96999999997,0.882
MPLADS-004956,222283.03,226019.2,204767.88,17515.149999999994,0.9212
MPLADS-004957,547241.54,544229.61,488219.06,59022.48000000004,0.8921
MPLADS-004958,1099953.21,1119593.76,736938.94,363014.27,0.67
MPLADS-004959,3207284.2,3352868.4,2716197.44,491086.76000000024,0.8469
MPLADS-004960,2487846.51,2467026.15,1664537.35,823309.1599999997,0.6691
MPLADS-004961,3674479.33,3572960.89,3665747.89,8731.439999999944,0.9976
MPLADS-004962,701510.63,720442.14,477902.93,223607.7,0.6812
MPLADS-004963,3836172.55,3983469.18,2523860.78,1312311.77,0.6579
MPLADS-004964,1234798.71,1280210.29,848618.0,386180.70999999996,0.6873
MPLADS-004965,558641.16,540533.18,532609.47,26031.69000000006,0.9534
MPLADS-004966,2538828.08,2632113.91,2143091.35,395736.73,0.8441
MPLADS-004967,6649103.45,6418515.88,6563180.02,85923.43000000063,0.9871
MPLADS-004968,2530755.15,2559742.49,1927973.72,602781.4299999999,0.7618
MPLADS-004969,3146483.63,3103358.71,2505263.3,641220.3300000001,0.7962
MPLADS-004970,1578447.69,1579808.66,1502829.25,75618.43999999994,0.9521
MPLADS-004971,1518025.24,1501132.08,1049258.37,468766.8699999999,0.6912
MPLADS-004972,201051.92,192768.33,140689.3,60362.620000000024,0.6998
MPLADS-004973,722525.54,727066.18,571878.7,150646.84000000008,0.7915
MPLADS-004974,2938720.96,2952655.74,2027321.35,911399.6099999999,0.6899
MPLADS-004975,833054.71,873169.9,716869.29,116185.41999999993,0.8605
MPLADS-004976,850024.7,838307.28,821617.04,28407.659999999916,0.9666
MPLADS-004977,1750931.32,1750915.82,1743214.01,7717.310000000056,0.9956
MPLADS-004978,2676040.67,2714873.11,1662362.11,1013678.5599999998,0.6212
MPLADS-004979,838695.49,847242.38,755089.2,83606.29000000004,0.9003
MPLADS-004980,790018.8,771992.78,773876.37,16142.430000000051,0.9796
MPLADS-004981,676399.08,674722.33,539132.73,137266.34999999998,0.7971
MPLADS-004982,11986501.36,11702709.55,8715938.69,3270562.67,0.7271
MPLADS-004983,1317031.16,1256988.05,1099853.54,217177.61999999988,0.8351
MPLADS-004984,2368695.03,2298030.84,1589453.87,779241.1599999997,0.671
MPLADS-004985,189103.93,188281.91,142468.54,46635.389999999985,0.7534
MPLADS-004986,218665.71,220537.47,205545.77,13119.940000000002,0.94
MPLADS-004987,835778.0,828617.91,528577.17,307200.82999999996,0.6324
MPLADS-004988,13222803.69,12724791.85,10566334.84,2656468.8499999996,0.7991
MPLADS-004989,3023960.51,3138763.44,2861571.93,162388.5799999996,0.9463
MPLADS-004990,1302313.82,1252052.35,1073837.09,228476.72999999998,0.8246
MPLADS-004991,1320622.8,1290642.78,939754.34,380868.4600000001,0.7116
MPLADS-004992,491479.79,472881.72,324340.11,167139.68,0.6599
MPLADS-004993,1172704.74,1209431.49,777879.56,394825.17999999993,0.6633
MPLADS-004994,211442.28,214561.04,170203.32,41238.95999999999,0.805
MPLADS-004995,409988.33,404721.47,349137.05,60851.28000000003,0.8516
MPLADS-004996,2917630.65,2869943.97,2199256.76,718373.8900000001,0.7538
MPLADS-004997,1372876.13,1309043.37,1372069.91,806.2199999999721,0.9994
MPLADS-004998,1780743.95,1790575.44,1442812.05,337931.8999999999,0.8102
MPLADS-004999,873581.78,857679.94,686634.7,186947.08000000007,0.786
MPLADS-005000,3339255.81,3413869.87,2989552.78,349703.03000000026,0.8953
MPLADS-005001,936101.95,957717.34,685425.25,250676.69999999995,0.7322
MPLADS-005002,552420.01,548125.14,544602.56,7817.449999999953,0.9858
MPLADS-005003,644577.86,647123.07,460271.37,184306.49,0.7141
MPLADS-005004,2531488.75,2499705.17,1864054.01,667434.74,0.7363
MPLADS-005005,511741.41,496126.29,481036.93,30704.47999999998,0.94
MPLADS-005006,1982285.12,1894312.99,1652476.76,329808.3600000001,0.8336
MPLADS-005007,7756678.54,7718621.18,7382768.72,373909.8200000003,0.9518
MPLADS-005008,12547811.66,12120905.6,9144886.08,3402925.58,0.7288
MPLADS-005009,955439.31,980821.76,661054.79,294384.52,0.6919
MPLADS-005010,1922679.05,1882677.68,1824096.77,98582.28000000003,0.9487
MPLADS-005011,3185988.01,3332049.89,2034197.58,1151790.4299999997,0.6385
MPLADS-005012,1317573.44,1327394.84,872258.71,445314.73,0.662
MPLADS-005013,486005.64,494102.73,328582.06,157423.58000000002,0.6761
MPLADS-005014,973114.02,1003834.53,973114.02,0.0,1.0
MPLADS-005015,407731.05,415006.15,382536.28,25194.76999999996,0.9382
MPLADS-005016,1794291.4,1868891.7,1516031.53,278259.8699999999,0.8449
MPLADS-005017,973564.14,978601.24,1332761.49,0.0,1.369
MPLADS-005018,781940.46,759648.44,542450.04,239490.41999999993,0.6937
MPLADS-005019,2466270.5,2366537.54,1856010.0,610260.5,0.7526
MPLADS-005020,684984.7,673989.9,460193.26,224791.43999999994,0.6718
MPLADS-005021,6777595.7,6766996.87,4089327.49,2688268.21,0.6034
MPLADS-005022,2399378.54,2485172.0,3468538.22,0.0,1.4456
MPLADS-005023,1223493.15,1215267.47,821567.89,401925.2599999999,0.6715
MPLADS-005024,1220621.26,1257488.81,1220621.26,0.0,1.0
MPLADS-005025,573409.96,569009.27,522261.33,51148.62999999995,0.9108
MPLADS-005026,2590619.49,2573008.74,2273451.67,317167.8200000003,0.8776
MPLADS-005027,204261.75,201249.7,160624.89,43636.859999999986,0.7864
MPLADS-005028,3031451.84,2880925.79,2968483.1,62968.73999999976,0.9792
MPLADS-005029,493340.59,500496.28,402113.71,91226.88,0.8151
MPLADS-005030,2980873.11,3110563.92,2370936.47,609936.6399999997,0.7954
MPLADS-005031,551990.79,546878.41,360262.68,191728.11000000004,0.6527
MPLADS-005032,1616888.63,1615803.82,1352800.17,264088.45999999996,0.8367
MPLADS-005033,2554686.67,2538007.62,2192015.12,362671.5499999998,0.858
MPLADS-005034,538457.75,533201.11,439278.34,99179.40999999997,0.8158
MPLADS-005035,766088.08,791050.99,594037.41,172050.66999999993,0.7754
MPLADS-005036,771813.08,792551.53,664856.93,106956.1499999999,0.8614
MPLADS-005037,720076.61,743129.89,499745.3,220331.31,0.694
MPLADS-005038,434291.66,436150.25,266397.14,167894.51999999996,0.6134
MPLADS-005039,503557.62,500283.79,342520.5,161037.12,0.6802
MPLADS-005040,887532.1,899878.64,634639.86,252892.24,0.7151
MPLADS-005041,12783134.47,12316143.37,8640241.64,4142892.83,0.6759
MPLADS-005042,192172.83,185409.86,136848.79,55324.03999999998,0.7121
MPLADS-005043,7010395.25,6734072.16,5498505.7,1511889.5499999998,0.7843
MPLADS-005044,7996574.93,8304943.76,6194875.48,1801699.4499999993,0.7747
MPLADS-005045,797676.79,822548.56,482778.79,314898.00000000006,0.6052
MPLADS-005046,3468520.54,3473269.96,2844311.59,624208.9500000002,0.82
MPLADS-005047,1769855.19,1766103.15,1663663.88,106191.31000000006,0.94
MPLADS-005048,1723903.87,1656816.88,1253131.96,470771.91000000015,0.7269
MPLADS-005049,827731.01,832477.94,646679.51,181051.5,0.7813
MPLADS-005050,1956987.63,1925437.02,1668699.28,288288.34999999986,0.8527
MPLADS-005051,1920212.8,1917715.42,1395485.23,524727.5700000001,0.7267
MPLADS-005052,2646231.18,2549506.07,2397850.52,248380.66000000015,0.9061
MPLADS-005053,560628.62,568490.2,539887.49,20741.130000000005,0.963
MPLADS-005054,2882761.69,2786848.56,2269537.06,613224.6299999999,0.7873
MPLADS-005055,1331190.96,1384601.46,894452.42,436738.5399999999,0.6719
MPLADS-005056,1190063.71,1189135.34,1048381.59,141682.12,0.8809
MPLADS-005057,573603.5,551979.64,466099.35,107504.15000000002,0.8126
MPLADS-005058,584705.92,582412.97,561479.18,23226.73999999999,0.9603
MPLADS-005059,2815277.28,2764880.85,2314021.81,501255.46999999974,0.822
MPLADS-005060,422040.12,408778.4,346188.5,75851.62,0.8203
MPLADS-005061,1542332.75,1494227.02,1449792.78,92539.96999999997,0.94
MPLADS-005062,1615232.41,1603814.89,1463087.32,152145.08999999985,0.9058
MPLADS-005063,2420154.55,2454452.99,1549083.36,871071.1899999997,0.6401
MPLADS-005064,1885919.56,1854564.51,1772764.39,113155.17000000016,0.94
MPLADS-005065,2905342.22,2973898.43,2475694.06,429648.16000000015,0.8521
MPLADS-005066,2835186.76,2959842.04,1751655.03,1083531.7299999997,0.6178
MPLADS-005067,888352.13,898457.41,1126665.3,0.0,1.2683
MPLADS-005068,4179247.37,4236251.44,3932933.51,246313.86000000034,0.9411
MPLADS-005069,1328907.51,1289463.06,873110.86,455796.65,0.657
MPLADS-005070,244500.4,249983.52,175691.78,68808.62,0.7186
MPLADS-005071,883438.08,870447.08,1092250.2,0.0,1.2364
MPLADS-005072,438112.84,426643.13,328250.3,109862.54000000004,0.7492
MPLADS-005073,1645592.01,1623682.74,1197962.26,447629.75,0.728
MPLADS-005074,12101729.8,12652846.61,8260412.44,3841317.3600000003,0.6826
MPLADS-005075,653377.68,621653.29,423233.39,230144.29000000004,0.6478
MPLADS-005076,489230.38,508297.76,429061.51,60168.869999999995,0.877
MPLADS-005077,2160927.62,2172468.53,2140801.88,20125.740000000224,0.9907
MPLADS-005078,1772850.2,1855115.06,1448586.75,324263.44999999995,0.8171
MPLADS-005079,1297591.29,1268419.62,1285351.63,12239.660000000149,0.9906
MPLADS-005080,510128.55,514036.88,427358.88,82769.66999999998,0.8377
MPLADS-005081,885913.2,922135.77,705533.62,180379.57999999996,0.7964
MPLADS-005082,1252507.72,1305974.86,1225090.84,27416.87999999989,0.9781
MPLADS-005083,3804650.54,3896467.32,2883050.33,921600.21,0.7578
MPLADS-005084,875618.36,903907.82,653034.54,222583.81999999995,0.7458
MPLADS-005085,401699.85,404229.42,387406.48,14293.369999999995,0.9644
MPLADS-005086,8547061.02,8611539.53,6354344.67,2192716.3499999996,0.7435
MPLADS-005087,4550998.21,4552567.93,4006889.41,544108.7999999998,0.8804
MPLADS-005088,2287763.98,2177252.02,3268451.92,0.0,1.4287
MPLADS-005089,232043.65,236845.21,224004.27,8039.380000000005,0.9654
MPLADS-005090,1923573.49,1907022.57,1538389.55,385183.93999999994,0.7998
MPLADS-005091,2758828.55,2843338.73,2299959.46,458869.08999999985,0.8337
MPLADS-005092,247716.65,248301.05,162975.02,84741.63,0.6579
MPLADS-005093,1365125.88,1399364.9,867246.56,497879.31999999983,0.6353
MPLADS-005094,2197075.3,2123506.21,1503204.32,693870.9799999997,0.6842
MPLADS-005095,2456553.71,2465799.62,3516178.16,0.0,1.4313
MPLADS-005096,507504.9,503501.84,352343.72,155161.18000000005,0.6943
MPLADS-005097,487029.38,492901.48,385540.16,101489.22000000003,0.7916
MPLADS-005098,2451245.39,2529220.78,3496242.26,0.0,1.4263
MPLADS-005099,217002.81,226288.69,138501.23,78501.57999999999,0.6382
MPLADS-005100,717645.78,729948.76,501216.73,216429.05000000005,0.6984
MPLADS-005101,1003364.86,1008442.2,996051.2,7313.660000000033,0.9927
MPLADS-005102,3304478.94,3282565.34,2053906.56,1250572.38,0.6216
MPLADS-005103,557130.69,579501.26,526217.93,30912.759999999893,0.9445
MPLADS-005104,890784.09,918290.24,1102382.24,0.0,1.2375
MPLADS-005105,2049320.4,2087172.26,1757934.65,291385.75,0.8578
MPLADS-005106,2666512.19,2539566.87,1915999.0,750513.19,0.7185
MPLADS-005107,2641402.83,2767769.08,2521408.23,119994.6000000001,0.9546
MPLADS-005108,802899.87,797169.02,569106.03,233793.83999999997,0.7088
MPLADS-005109,1777546.86,1830620.67,1321766.33,455780.53,0.7436
MPLADS-005110,6155629.29,6148102.24,5739922.3,415706.9900000002,0.9325
MPLADS-005111,761910.96,788900.62,507066.11,254844.84999999998,0.6655
MPLADS-005112,2446951.86,2386005.45,2104267.33,342684.5299999998,0.86
MPLADS-005113,7874816.82,7539680.44,6955612.14,919204.6800000006,0.8833
MPLADS-005114,835014.38,874664.85,537695.91,297318.47,0.6439
MPLADS-005115,417941.78,409713.27,257108.71,160833.07000000004,0.6152
MPLADS-005116,388699.86,370124.43,365377.87,23321.98999999999,0.94
MPLADS-005117,1799694.67,1785933.48,1372004.89,427689.78,0.7624
MPLADS-005118,1195869.44,1148918.42,1113422.02,82447.41999999993,0.9311
MPLADS-005119,3790493.88,3891546.11,2973149.01,817344.8700000001,0.7844
MPLADS-005120,3020852.99,2890175.61,2756945.77,263907.2200000002,0.9126
MPLADS-005121,3865289.27,4043027.41,2844019.22,1021270.0499999998,0.7358
MPLADS-005122,1839593.89,1821634.16,1452267.89,387326.0,0.7895
MPLADS-005123,9781238.78,10099291.08,9455086.46,326152.31999999844,0.9667
MPLADS-005124,5589437.73,5452956.55,3437719.04,2151718.6900000004,0.615
MPLADS-005125,464852.09,467319.34,461305.11,3546.9800000000396,0.9924
MPLADS-005126,523179.72,547641.15,488842.76,34336.95999999996,0.9344
MPLADS-005127,4023071.92,4070960.2,3460861.01,562210.9100000001,0.8603
MPLADS-005128,3685684.42,3704710.09,3549733.88,135950.54000000004,0.9631
MPLADS-005129,1275894.8,1336116.1,1231086.24,44808.560000000056,0.9649
MPLADS-005130,2822222.42,2963183.56,1739147.33,1083075.0899999999,0.6162
MPLADS-005131,507533.05,530739.18,453393.76,54139.28999999998,0.8933
MPLADS-005132,466637.44,457629.91,316995.63,149641.81,0.6793
MPLADS-005133,1311733.81,1259716.63,1263194.38,48539.43000000017,0.963
MPLADS-005134,1326992.26,1315650.28,1100319.78,226672.47999999998,0.8292
MPLADS-005135,2347896.3,2360033.62,1960471.92,387424.3799999999,0.835
MPLADS-005136,2757990.81,2663458.95,1725324.16,1032666.6500000001,0.6256
MPLADS-005137,12584469.31,12868843.9,7961105.69,4623363.62,0.6326
MPLADS-005138,1299842.55,1306299.47,1173366.61,126475.93999999994,0.9027
MPLADS-005139,1261333.46,1263485.21,1185761.88,75571.58000000007,0.9401
MPLADS-005140,905186.85,925572.28,624542.95,280643.9,0.69
MPLADS-005141,551704.51,551913.54,423095.54,128608.97000000003,0.7669
MPLADS-005142,1317305.9,1261388.9,901319.62,415986.2799999999,0.6842
MPLADS-005143,2172321.46,2165208.47,1338788.16,833533.3,0.6163
MPLADS-005144,3395887.24,3471182.72,3252238.79,143648.4500000002,0.9577
MPLADS-005145,878596.15,917395.18,536697.32,341898.8300000001,0.6109
MPLADS-005146,948999.07,995336.09,593418.88,355580.18999999994,0.6253
MPLADS-005147,787132.27,747938.48,731735.05,55397.21999999997,0.9296
MPLADS-005148,1816503.48,1775307.34,1257043.91,559459.5700000001,0.692
MPLADS-005149,241628.92,244465.89,220639.19,20989.73000000001,0.9131
MPLADS-005150,192796.78,201338.38,159631.75,33165.03,0.828
MPLADS-005151,1841998.98,1814210.37,1689229.79,152769.18999999994,0.9171
MPLADS-005152,758348.26,731864.1,650654.78,107693.47999999998,0.858
MPLADS-005153,2208733.46,2129363.11,2076209.45,132524.01,0.94
MPLADS-005154,518260.3,525334.1,661784.03,0.0,1.2769
MPLADS-005155,219919.88,223855.97,168252.33,51667.55000000002,0.7651
MPLADS-005156,2599920.86,2547518.03,2254873.19,345047.6699999999,0.8673
MPLADS-005157,1730667.9,1714864.88,1609676.79,120991.10999999987,0.9301
MPLADS-005158,502563.74,524391.05,312379.33,190184.40999999997,0.6216
MPLADS-005159,810845.62,804300.38,566912.84,243932.78000000003,0.6992
MPLADS-005160,1791192.15,1716154.78,1332255.31,458936.83999999985,0.7438
MPLADS-005161,2942880.63,2891069.74,2484322.09,458558.54000000004,0.8442
MPLADS-005162,3584206.23,3447229.74,2330506.66,1253699.5699999998,0.6502
MPLADS-005163,1322772.25,1358701.56,1076930.65,245841.6000000001,0.8141
MPLADS-005164,466838.3,463008.0,340496.22,126342.08000000002,0.7294
MPLADS-005165,1775378.0,1696710.48,1250419.41,524958.5900000001,0.7043
MPLADS-005166,1215613.08,1206542.83,1059586.84,156026.24,0.8716
MPLADS-005167,460309.18,446148.79,414707.97,45601.21000000002,0.9009
MPLADS-005168,482760.48,470356.75,453794.85,28965.630000000005,0.94
MPLADS-005169,1253332.51,1194088.8,1078402.26,174930.25,0.8604
MPLADS-005170,1052701.65,1009715.19,956117.27,96584.37999999989,0.9083
MPLADS-005171,948480.42,959028.18,613576.47,334903.95000000007,0.6469
MPLADS-005172,3024177.54,2971571.76,3019085.06,5092.479999999981,0.9983
MPLADS-005173,679519.66,678131.58,638748.48,40771.18000000005,0.94
MPLADS-005174,3131002.25,3233745.94,2612847.75,518154.5,0.8345
MPLADS-005175,7740717.21,7433434.22,4929250.13,2811467.08,0.6368
MPLADS-005176,3123437.65,3260591.76,2608856.34,514581.31000000006,0.8353
MPLADS-005177,2509906.14,2483615.59,1875110.94,634795.2000000002,0.7471
MPLADS-005178,429838.83,420164.76,362313.58,67525.25,0.8429
MPLADS-005179,4377581.61,4395127.74,3985564.97,392016.64000000013,0.9104
MPLADS-005180,472661.03,483064.74,453902.45,18758.580000000016,0.9603
MPLADS-005181,857227.82,830477.98,834457.08,22770.73999999999,0.9734
MPLADS-005182,237865.33,235194.53,205468.94,32396.389999999985,0.8638
MPLADS-005183,2856258.07,2934528.36,2415551.13,440706.93999999994,0.8457
MPLADS-005184,1338865.0,1302793.43,1331312.37,7552.629999999888,0.9944
MPLADS-005185,2746747.47,2719448.93,2542384.7,204362.77000000002,0.9256
MPLADS-005186,3132232.8,3070530.54,2805714.74,326518.0599999996,0.8958
MPLADS-005187,1643034.82,1720312.75,1100172.73,542862.0900000001,0.6696
MPLADS-005188,840971.22,825818.12,804395.89,36575.32999999996,0.9565
MPLADS-005189,702096.9,737154.69,695230.51,6866.390000000014,0.9902
MPLADS-005190,725031.77,740831.46,536629.59,188402.18000000005,0.7401
MPLADS-005191,846074.08,870892.63,817714.07,28360.01000000001,0.9665
MPLADS-005192,2004123.59,1971089.67,1206016.35,798107.24,0.6018
MPLADS-005193,417102.39,412173.29,328426.3,88676.09000000003,0.7874
MPLADS-005194,248826.64,244880.65,196162.72,52663.92000000001,0.7884
MPLADS-005195,208096.94,210472.06,131382.53,76714.41,0.6314
MPLADS-005196,568070.28,576657.81,548754.74,19315.540000000037,0.966
MPLADS-005197,1212783.39,1200995.28,1205069.77,7713.619999999879,0.9936
MPLADS-005198,434894.74,424581.8,433341.14,1553.5999999999767,0.9964
MPLADS-005199,571815.81,582030.57,386451.35,185364.46000000008,0.6758
MPLADS-005200,1241007.45,1213201.97,843039.0,397968.44999999995,0.6793
MPLADS-005201,3691082.98,3806743.81,3691082.98,0.0,1.0
MPLADS-005202,449566.1,434628.4,339308.23,110257.87,0.7547
MPLADS-005203,1784818.97,1826772.28,1160168.72,624650.25,0.65
MPLADS-005204,3882383.97,3928305.23,3353306.93,529077.04,0.8637
MPLADS-005205,962765.5,953309.78,877099.79,85665.70999999996,0.911
MPLADS-005206,836143.18,795014.2,678535.19,157607.9900000001,0.8115
MPLADS-005207,3325719.14,3406928.23,2525178.1,800541.04,0.7593
MPLADS-005208,495351.96,475571.91,433390.63,61961.330000000016,0.8749
MPLADS-005209,913729.54,884196.44,886811.28,26918.26000000001,0.9705
MPLADS-005210,223070.76,217776.39,195048.52,28022.24000000002,0.8744
MPLADS-005211,935840.74,942715.46,781760.68,154080.05999999994,0.8354
MPLADS-005212,469855.31,454227.39,322790.13,147065.18,0.687
MPLADS-005213,2587088.8,2513215.82,1679005.22,908083.5799999998,0.649
MPLADS-005214,2853687.43,2744139.33,2682466.18,171221.25,0.94
MPLADS-005215,202258.14,205606.11,169337.9,32920.24000000002,0.8372
MPLADS-005216,2975260.71,3035072.18,2583678.7,391582.0099999998,0.8684
MPLADS-005217,442557.21,464462.54,404323.15,38234.06,0.9136
MPLADS-005218,3524326.65,3636383.1,2393429.11,1130897.54,0.6791
MPLADS-005219,2298966.07,2318186.81,1382160.32,916805.7499999998,0.6012
MPLADS-005220,3170174.36,3098798.63,3150088.81,20085.549999999814,0.9937
MPLADS-005221,2434224.14,2495026.47,1694254.36,739969.78,0.696
MPLADS-005222,3128381.34,2997980.28,3035220.45,93160.88999999966,0.9702
MPLADS-005223,1882276.67,1935455.49,1767569.36,114707.30999999982,0.9391
MPLADS-005224,1972819.36,2042199.42,1508174.47,464644.89000000013,0.7645
MPLADS-005225,700678.21,699826.7,511415.0,189263.20999999996,0.7299
MPLADS-005226,686685.91,717274.64,523227.76,163458.15000000002,0.762
MPLADS-005227,228081.47,234662.13,171489.89,56591.57999999999,0.7519
MPLADS-005228,688821.36,666540.71,643917.74,44903.619999999995,0.9348
MPLADS-005229,2603496.79,2541569.05,2558916.87,44579.919999999925,0.9829
MPLADS-005230,2487330.88,2571390.92,2010272.86,477058.0199999998,0.8082
MPLADS-005231,798145.56,815509.68,565239.28,232906.28000000003,0.7082
MPLADS-005232,548865.33,570238.5,511846.56,37018.76999999996,0.9326
MPLADS-005233,2841772.8,2724211.92,2841772.8,0.0,1.0
MPLADS-005234,3680331.2,3518715.58,3619731.01,60600.19000000041,0.9835
MPLADS-005235,3112475.52,3222772.56,2318602.64,793872.8799999999,0.7449
MPLADS-005236,566135.6,582691.55,769747.76,0.0,1.3597
MPLADS-005237,784510.93,821040.87,685223.83,99287.1000000001,0.8734
MPLADS-005238,8349286.83,8101024.79,5496828.82,2852458.01,0.6584
MPLADS-005239,212247.4,222665.68,264751.24,0.0,1.2474
MPLADS-005240,449325.05,470161.32,432634.9,16690.149999999965,0.9629
MPLADS-005241,387143.13,381930.48,272684.19,114458.94,0.7043
MPLADS-005242,3019201.34,2969886.86,2772530.62,246670.71999999974,0.9183
MPLADS-005243,441976.94,429857.82,367644.36,74332.58000000002,0.8318
MPLADS-005244,2550283.24,2446575.19,2550283.24,0.0,1.0
MPLADS-005245,193671.08,197202.31,167063.85,26607.22999999998,0.8626
MPLADS-005246,245627.92,256940.68,159391.48,86236.44,0.6489
MPLADS-005247,5822187.91,5911888.46,4195020.55,1627167.3600000003,0.7205
MPLADS-005248,1823660.68,1771371.01,1710203.27,113457.40999999992,0.9378
MPLADS-005249,232070.41,228108.21,213085.3,18985.110000000015,0.9182
MPLADS-005250,514716.24,534885.97,407902.93,106813.31,0.7925
MPLADS-005251,3055893.84,3133711.74,2731360.5,324533.33999999985,0.8938
MPLADS-005252,1923185.25,1834985.62,1911813.43,11371.820000000065,0.9941
MPLADS-005253,2690238.3,2581379.26,1962245.79,727992.5099999998,0.7294
MPLADS-005254,1774965.57,1711243.47,1668467.64,106497.93000000017,0.94
MPLADS-005255,227021.52,219921.8,154525.57,72495.94999999998,0.6807
MPLADS-005256,1742514.28,1681450.83,1235011.97,507502.31000000006,0.7088
MPLADS-005257,955117.03,921670.59,596561.35,358555.68000000005,0.6246
MPLADS-005258,819401.56,790175.77,735077.25,84324.31000000006,0.8971
MPLADS-005259,460802.72,448611.59,325186.75,135615.96999999997,0.7057
MPLADS-005260,989028.91,941139.77,669720.67,319308.24,0.6771
MPLADS-005261,206974.7,215589.63,204819.85,2154.850000000006,0.9896
MPLADS-005262,3648961.06,3743806.86,2201303.95,1447657.1099999999,0.6033
MPLADS-005263,981828.37,942367.29,603532.57,378295.80000000005,0.6147
MPLADS-005264,762453.4,743211.97,654900.18,107553.21999999997,0.8589
MPLADS-005265,2680244.15,2769938.83,2120326.33,559917.8199999998,0.7911
MPLADS-005266,767948.86,781420.97,466936.4,301012.45999999996,0.608
MPLADS-005267,218021.59,221081.63,212883.64,5137.9499999999825,0.9764
MPLADS-005268,3107558.85,2996988.37,1999408.2,1108150.6500000001,0.6434
MPLADS-005269,1096635.0,1123412.27,778918.76,317716.24,0.7103
MPLADS-005270,2807427.64,2799761.49,2729959.76,77467.88000000035,0.9724
MPLADS-005271,1376847.71,1423746.81,1004422.01,372425.69999999995,0.7295
MPLADS-005272,1180825.19,1173462.99,730042.26,450782.92999999993,0.6182
MPLADS-005273,1729517.78,1749045.93,1240584.67,488933.1100000001,0.7173
MPLADS-005274,230052.76,226689.51,195769.52,34283.24000000002,0.851
MPLADS-005275,3105599.6,3106995.69,2350935.95,754663.6499999999,0.757
MPLADS-005276,246945.6,245907.41,189518.41,57427.19,0.7675
MPLADS-005277,3026695.74,2964740.14,2977914.88,48780.860000000335,0.9839
MPLADS-005278,460916.63,460149.8,359158.84,101757.78999999998,0.7792
MPLADS-005279,1278944.32,1313101.34,974099.88,304844.44000000006,0.7616
MPLADS-005280,239753.71,236863.0,203340.67,36413.03999999998,0.8481
MPLADS-005281,3118009.55,3121987.6,2152212.76,965796.79,0.6903
MPLADS-005282,666161.89,678452.4,626192.18,39969.70999999996,0.94
MPLADS-005283,661036.0,631624.63,422109.28,238926.71999999997,0.6386
MPLADS-005284,3458845.21,3411592.9,2225585.15,1233260.06,0.6434
MPLADS-005285,198213.71,198515.94,195276.25,2937.459999999992,0.9852
MPLADS-005286,1544525.81,1487055.28,1503699.43,40826.38000000012,0.9736
MPLADS-005287,3350571.1,3486901.15,2851398.58,499172.52,0.851
MPLADS-005288,729747.19,705462.12,693326.78,36420.409999999916,0.9501
MPLADS-005289,467102.95,476903.06,327712.42,139390.53000000003,0.7016
MPLADS-005290,217996.49,222060.53,174576.2,43420.28999999998,0.8008
MPLADS-005291,3174067.75,3134726.02,2983623.69,190444.06000000006,0.94
MPLADS-005292,1145931.29,1112510.87,980720.98,165210.31000000006,0.8558
MPLADS-005293,813604.41,788830.71,658172.2,155432.21000000008,0.809
MPLADS-005294,3393960.9,3418823.32,2217618.88,1176342.02,0.6534
MPLADS-005295,838471.84,846809.09,592525.89,245945.94999999995,0.7067
MPLADS-005296,1553367.81,1512721.79,1121510.16,431857.65000000014,0.722
MPLADS-005297,216847.54,222486.32,161803.08,55044.46000000002,0.7462
MPLADS-005298,2820029.43,2738307.6,2581074.53,238954.90000000037,0.9153
MPLADS-005299,1320504.97,1331347.33,1284686.96,35818.01000000001,0.9729
MPLADS-005300,791211.23,756193.04,638942.42,152268.80999999994,0.8075
MPLADS-005301,1033303.04,984755.41,933711.2,99591.84000000008,0.9036
MPLADS-005302,1920806.75,1979234.09,1757754.22,163052.53000000003,0.9151
MPLADS-005303,817248.97,832072.31,817248.97,0.0,1.0
MPLADS-005304,892610.99,918742.59,800803.16,91807.82999999996,0.8971
MPLADS-005305,2816966.66,2869651.03,2293179.9,523786.76000000024,0.8141
MPLADS-005306,2137977.98,2047968.15,1610765.0,527212.98,0.7534
MPLADS-005307,471359.36,454117.46,459776.34,11583.01999999996,0.9754
MPLADS-005308,3781882.87,3713625.16,3680825.96,101056.91000000015,0.9733
MPLADS-005309,821639.71,789582.5,772341.33,49298.380000000005,0.94
MPLADS-005310,465794.23,451188.09,303022.04,162772.19,0.6505
MPLADS-005311,1987436.87,1962124.43,1380349.73,607087.1400000001,0.6945
MPLADS-005312,190522.81,181539.43,185350.16,5172.649999999994,0.9729
MPLADS-005313,529342.26,534483.72,511244.3,18097.96000000002,0.9658
MPLADS-005314,657643.04,628978.06,475994.36,181648.68000000005,0.7238
MPLADS-005315,1989116.95,1947147.77,1551825.07,437291.8799999999,0.7802
MPLADS-005316,2628361.43,2687889.13,3393324.59,0.0,1.291
MPLADS-005317,2010420.23,2041933.44,1269732.74,740687.49,0.6316
MPLADS-005318,223823.37,230984.8,188509.05,35314.32000000001,0.8422
MPLADS-005319,796390.84,802249.05,737304.9,59085.939999999944,0.9258
MPLADS-005320,3182893.89,3177715.62,1981035.05,1201858.84,0.6224
MPLADS-005321,2531330.0,2639249.53,2330412.17,200917.83000000007,0.9206
MPLADS-005322,3049011.04,3113646.29,2204948.26,844062.7800000003,0.7232
MPLADS-005323,1020823.23,976374.28,870388.65,150434.57999999996,0.8526
MPLADS-005324,2806690.27,2863022.07,2381879.5,424810.77,0.8486
MPLADS-005325,1717700.25,1709311.3,1070311.98,647388.27,0.6231
MPLADS-005326,833869.73,871634.29,735164.87,98704.85999999999,0.8816
MPLADS-005327,243556.5,250755.04,241394.21,2162.290000000008,0.9911
MPLADS-005328,3173655.88,3150977.59,2016664.69,1156991.19,0.6354
MPLADS-005329,843346.94,820440.11,531266.63,312080.30999999994,0.63
MPLADS-005330,3532721.55,3362442.71,2978704.28,554017.27,0.8432
MPLADS-005331,758420.38,776454.42,556351.6,202068.78000000003,0.7336
MPLADS-005332,187550.85,192192.57,177006.89,10543.959999999992,0.9438
MPLADS-005333,249833.47,258677.92,157448.04,92385.43,0.6302
MPLADS-005334,6846869.51,6568639.29,5245735.56,1601133.9500000002,0.7662
MPLADS-005335,3420079.29,3564836.03,2344143.12,1075936.17,0.6854
MPLADS-005336,189785.44,197718.13,178398.31,11387.130000000005,0.94
MPLADS-005337,2176091.98,2103135.95,2092377.56,83714.41999999993,0.9615
MPLADS-005338,785575.32,778917.53,594278.51,191296.80999999994,0.7565
MPLADS-005339,1213545.45,1268940.46,890010.48,323534.97,0.7334
MPLADS-005340,2511144.5,2593847.37,2485508.61,25635.89000000013,0.9898
MPLADS-005341,2759238.16,2792048.1,1767250.08,991988.0800000001,0.6405
MPLADS-005342,844865.04,812620.86,763800.09,81064.95000000007,0.904
MPLADS-005343,727790.45,726248.4,503853.0,223937.44999999995,0.6923
MPLADS-005344,251648.24,259619.04,235688.45,15959.789999999979,0.9366
MPLADS-005345,411133.8,408254.52,351583.63,59550.169999999984,0.8552
MPLADS-005346,451400.24,449397.8,285105.79,166294.45,0.6316
MPLADS-005347,2504896.28,2620685.48,2450124.31,54771.96999999974,0.9781
MPLADS-005348,206041.14,197702.2,130195.59,75845.55000000002,0.6319
MPLADS-005349,3190884.68,3163117.76,2074338.78,1116545.9000000001,0.6501
MPLADS-005350,201214.69,200750.3,193890.3,7324.390000000014,0.9636
MPLADS-005351,753044.57,757214.9,557009.93,196034.6399999999,0.7397
MPLADS-005352,566119.23,589921.25,352022.9,214096.32999999996,0.6218
MPLADS-005353,486053.68,489710.94,416430.32,69623.35999999999,0.8568
MPLADS-005354,570288.37,575461.61,367941.75,202346.62,0.6452
MPLADS-005355,392670.36,379123.88,320469.04,72201.32,0.8161
MPLADS-005356,1819503.8,1853212.7,1610626.86,208876.93999999994,0.8852
MPLADS-005357,908980.35,924755.13,553823.86,355156.49,0.6093
MPLADS-005358,2853378.73,2802116.04,2096314.91,757063.8200000001,0.7347
MPLADS-005359,2968417.5,3049525.46,2232530.66,735886.8399999999,0.7521
MPLADS-005360,992299.07,1020075.85,932761.13,59537.939999999944,0.94
MPLADS-005361,695891.8,694436.67,692514.32,3377.480000000098,0.9951
MPLADS-005362,933977.07,915815.6,933401.66,575.4099999999162,0.9994
MPLADS-005363,531646.74,533617.26,531646.74,0.0,1.0
MPLADS-005364,573593.4,593520.0,526623.0,46970.40000000002,0.9181
MPLADS-005365,3398760.59,3529503.59,2835019.68,563740.9099999997,0.8341
MPLADS-005366,2681660.5,2804223.77,1838242.71,843417.79,0.6855
MPLADS-005367,243445.28,242509.57,237743.55,5701.7300000000105,0.9766
MPLADS-005368,494677.71,490218.52,419409.59,75268.12,0.8478
MPLADS-005369,1173005.06,1187515.42,1102181.79,70823.27000000002,0.9396
MPLADS-005370,1795131.34,1877910.96,1145670.43,649460.9100000001,0.6382
MPLADS-005371,1033597.61,1082821.85,974074.89,59522.71999999997,0.9424
MPLADS-005372,781345.88,787866.05,715341.53,66004.34999999998,0.9155
MPLADS-005373,2986798.01,3060797.31,2229572.7,757225.3099999996,0.7465
MPLADS-005374,838482.02,834135.46,807429.5,31052.52000000002,0.963
MPLADS-005375,1054457.07,1010905.49,1021795.53,32661.540000000037,0.969
MPLADS-005376,5474355.15,5356551.97,4345049.57,1129305.58,0.7937
MPLADS-005377,1069375.18,1093187.99,832533.65,236841.5299999999,0.7785
MPLADS-005378,2747757.87,2675130.28,2243432.03,504325.8400000003,0.8165
MPLADS-005379,446653.65,454366.79,302888.3,143765.35000000003,0.6781
MPLADS-005380,11864341.61,12270713.72,10988792.25,875549.3599999994,0.9262
MPLADS-005381,1601542.49,1546530.55,1505449.94,96092.55000000005,0.94
MPLADS-005382,803814.29,778388.59,615551.04,188263.25,0.7658
MPLADS-005383,974962.14,955169.62,589338.64,385623.5,0.6045
MPLADS-005384,437211.92,448504.72,335559.7,101652.21999999997,0.7675
MPLADS-005385,209175.47,208549.87,132672.07,76503.4,0.6343
MPLADS-005386,1220907.84,1187806.32,1003727.23,217180.6100000001,0.8221
MPLADS-005387,1359918.41,1313679.31,1066237.0,293681.4099999999,0.784
MPLADS-005388,1879930.35,1966924.29,1312814.38,567115.9700000002,0.6983
MPLADS-005389,2374363.84,2389493.1,1874180.26,500183.57999999984,0.7893
MPLADS-005390,675919.38,682008.11,447798.6,228120.78000000003,0.6625
MPLADS-005391,416911.03,433405.46,413582.52,3328.5100000000093,0.992
MPLADS-005392,2643831.06,2550834.63,2174230.98,469600.0800000001,0.8224
MPLADS-005393,443822.46,433527.04,350365.11,93457.35000000003,0.7894
MPLADS-005394,860060.63,823726.06,614932.14,245128.49,0.715
MPLADS-005395,197525.54,189688.47,131904.67,65620.87,0.6678
MPLADS-005396,421840.98,418221.25,331775.11,90065.87,0.7865
MPLADS-005397,782610.38,757483.49,491737.32,290873.06,0.6283
MPLADS-005398,9390415.07,9462274.5,6161037.03,3229378.04,0.6561
MPLADS-005399,2763866.55,2684639.27,2228313.06,535553.4899999998,0.8062
MPLADS-005400,993330.27,1011354.93,1228437.15,0.0,1.2367
MPLADS-005401,2284373.69,2377606.46,1847830.39,436543.30000000005,0.8089
MPLADS-005402,524727.2,543771.22,424260.45,100466.74999999994,0.8085
MPLADS-005403,192976.06,196018.15,183605.88,9370.179999999993,0.9514
MPLADS-005404,751430.43,722558.33,571032.49,180397.94000000006,0.7599
MPLADS-005405,3339077.2,3193781.17,2532217.4,806859.8000000003,0.7584
MPLADS-005406,219492.4,224069.38,217811.75,1680.6499999999942,0.9923
MPLADS-005407,737315.35,762128.78,693076.43,44238.919999999925,0.94
MPLADS-005408,548847.01,566300.44,470407.2,78439.81,0.8571
MPLADS-005409,3641680.92,3717229.79,3066053.84,575627.0800000001,0.8419
MPLADS-005410,428286.16,417240.43,400441.03,27845.129999999946,0.935
MPLADS-005411,3131479.07,3113616.58,3022975.95,108503.11999999965,0.9654
MPLADS-005412,2538312.09,2534964.1,1858911.08,679401.0099999998,0.7323
MPLADS-005413,3533914.77,3681209.12,3076751.86,457162.91000000015,0.8706
MPLADS-005414,199943.53,195014.21,125243.35,74700.18,0.6264
MPLADS-005415,414431.85,416291.79,396288.29,18143.559999999998,0.9562
MPLADS-005416,2850389.2,2872156.14,1986090.5,864298.7000000002,0.6968
MPLADS-005417,852396.61,857555.25,842029.26,10367.349999999977,0.9878
MPLADS-005418,2641945.12,2713029.13,1970098.02,671847.1000000001,0.7457
MPLADS-005419,6923454.63,7024741.17,4939815.57,1983639.0599999996,0.7135
MPLADS-005420,490949.67,495225.37,460325.4,30624.26999999996,0.9376
MPLADS-005421,500821.93,504602.37,451825.31,48996.619999999995,0.9022
MPLADS-005422,1374193.21,1397782.52,1193840.87,180352.33999999985,0.8688
MPLADS-005423,3290045.87,3331773.86,2864169.32,425876.5500000003,0.8706
MPLADS-005424,1003264.76,954732.6,935272.68,67992.07999999996,0.9322
MPLADS-005425,2586128.07,2531862.79,1896131.01,689997.0599999998,0.7332
MPLADS-005426,453706.64,457114.34,374551.99,79154.65000000002,0.8255
MPLADS-005427,441591.9,459699.61,594972.99,0.0,1.3473
MPLADS-005428,673500.14,706265.52,532064.44,141435.70000000007,0.79
MPLADS-005429,2448954.13,2493356.4,1848269.22,600684.9099999999,0.7547
MPLADS-005430,514914.72,505467.64,649658.84,0.0,1.2617
MPLADS-005431,2791116.22,2683146.99,2169260.65,621855.5700000003,0.7772
MPLADS-005432,208312.17,210163.2,187149.07,21163.100000000006,0.8984
MPLADS-005433,524969.27,522081.25,506296.69,18672.580000000016,0.9644
MPLADS-005434,827598.37,857006.95,777942.47,49655.90000000002,0.94
MPLADS-005435,883848.12,840357.79,681673.15,202174.96999999997,0.7713
MPLADS-005436,3233302.87,3385758.92,2159413.23,1073889.6400000001,0.6679
MPLADS-005437,196940.08,205195.2,176494.12,20445.959999999992,0.8962
MPLADS-005438,1581754.18,1600923.34,1410340.16,171414.02000000002,0.8916
MPLADS-005439,2322011.44,2301771.54,1471886.75,850124.69,0.6339
MPLADS-005440,714975.34,708789.76,638998.84,75976.5,0.8937
MPLADS-005441,959488.67,945872.59,831818.39,127670.28000000003,0.8669
MPLADS-005442,2735156.93,2697156.74,1850807.24,884349.6900000002,0.6767
MPLADS-005443,1049020.52,1035305.36,1466081.29,0.0,1.3976
MPLADS-005444,838129.33,846184.36,723982.25,114147.07999999996,0.8638
MPLADS-005445,1299728.46,1281287.31,930458.94,369269.52,0.7159
MPLADS-005446,1017778.24,976005.58,1010590.31,7187.929999999935,0.9929
MPLADS-005447,2943063.57,3017586.44,2766479.76,176583.81000000006,0.94
MPLADS-005448,1347000.7,1379417.83,1347000.7,0.0,1.0
MPLADS-005449,3585903.37,3656868.96,2266856.1,1319047.27,0.6322
MPLADS-005450,2824458.47,2714047.22,1772777.29,1051681.1800000002,0.6277
MPLADS-005451,3068525.81,2968920.99,2819491.01,249034.80000000028,0.9188
MPLADS-005452,1368490.93,1342470.98,926130.76,442360.1699999999,0.6768
MPLADS-005453,493960.85,507466.72,301734.57,192226.27999999997,0.6108
MPLADS-005454,1434578.24,1415471.57,1239342.68,195235.56000000006,0.8639
MPLADS-005455,2864578.94,2900266.6,2611887.62,252691.31999999983,0.9118
MPLADS-005456,2608750.63,2565053.9,1656163.04,952587.5899999999,0.6348
MPLADS-005457,482533.03,486595.82,369907.39,112625.64000000001,0.7666
MPLADS-005458,2434086.17,2551977.73,2214168.62,219917.5499999998,0.9097
MPLADS-005459,2441637.18,2432575.96,3129656.62,0.0,1.2818
MPLADS-005460,495534.39,489689.68,424343.66,71190.73000000004,0.8563
MPLADS-005461,896422.57,910910.59,727811.61,168610.95999999996,0.8119
MPLADS-005462,407879.41,428220.29,374794.5,33084.909999999974,0.9189
MPLADS-005463,695648.47,685360.92,606073.62,89574.84999999998,0.8712
MPLADS-005464,469870.57,458141.74,348682.11,121188.46000000002,0.7421
MPLADS-005465,2781676.08,2794904.15,2781676.08,0.0,1.0
MPLADS-005466,564099.14,549708.96,530253.19,33845.95000000007,0.94
MPLADS-005467,6170013.01,5948197.09,5350093.21,819919.7999999998,0.8671
MPLADS-005468,960579.65,913463.0,614739.66,345839.99,0.64
MPLADS-005469,769709.88,731234.13,747071.34,22638.540000000037,0.9706
MPLADS-005470,439469.4,426832.15,329670.8,109798.60000000003,0.7502
MPLADS-005471,7456958.79,7522227.08,7270797.02,186161.77000000048,0.975
MPLADS-005472,1791940.81,1709356.1,1159887.6,632053.21,0.6473
MPLADS-005473,1173971.55,1152072.82,1112522.63,61448.92000000016,0.9477
MPLADS-005474,2710974.92,2590659.44,2457596.23,253378.68999999994,0.9065
MPLADS-005475,446785.25,454648.41,297849.72,148935.53000000003,0.6667
MPLADS-005476,393130.09,400642.53,310251.35,82878.74000000005,0.7892
MPLADS-005477,3604949.61,3732592.91,2619607.49,985342.1199999996,0.7267
MPLADS-005478,882802.53,904705.93,783950.71,98851.82000000007,0.888
MPLADS-005479,9283071.02,9332966.55,7372966.6,1910104.42,0.7942
MPLADS-005480,1653377.24,1687062.84,1177794.38,475582.8600000001,0.7124
MPLADS-005481,384891.37,365691.76,361797.89,23093.47999999998,0.94
MPLADS-005482,2009856.39,1935250.45,1443140.42,566715.97,0.718
MPLADS-005483,388492.27,382675.75,349453.13,39039.140000000014,0.8995
MPLADS-005484,3101202.98,3161250.68,1904525.4,1196677.58,0.6141
MPLADS-005485,2623957.54,2657512.09,2216428.74,407528.7999999998,0.8447
MPLADS-005486,236837.03,239206.38,216134.23,20702.79999999999,0.9126
MPLADS-005487,2019011.02,1930542.45,1220737.95,798273.0700000001,0.6046
MPLADS-005488,3371373.1,3228860.58,2320126.16,1051246.94,0.6882
MPLADS-005489,1176135.85,1184576.78,1112799.96,63335.89000000013,0.9461
MPLADS-005490,2458574.1,2563981.43,1875171.44,583402.6600000001,0.7627
MPLADS-005491,893501.25,918094.93,834548.53,58952.71999999997,0.934
MPLADS-005492,648360.63,670759.62,421657.16,226703.47000000003,0.6503
MPLADS-005493,544056.8,565397.55,390203.13,153853.67000000004,0.7172
MPLADS-005494,830922.15,828992.4,608515.82,222406.33000000007,0.7323
MPLADS-005495,1341308.03,1313378.14,911598.72,429709.31000000006,0.6796
MPLADS-005496,2614205.3,2735864.65,2218949.89,395255.4099999997,0.8488
MPLADS-005497,466193.07,443485.7,336519.26,129673.81,0.7218
MPLADS-005498,1011321.99,1048707.75,977361.17,33960.81999999995,0.9664
MPLADS-005499,3067192.47,2915249.85,2621375.05,445817.4200000004,0.8546
MPLADS-005500,2354643.17,2413944.57,1759958.64,594684.53,0.7474
MPLADS-005501,3781773.53,3748796.99,2633907.62,1147865.9099999997,0.6965
MPLADS-005502,9715678.74,9232983.46,9499814.16,215864.58000000007,0.9778
MPLADS-005503,1521033.55,1562448.82,1141195.01,379838.54000000004,0.7503
MPLADS-005504,226057.8,228308.5,152012.64,74045.15999999997,0.6725
MPLADS-005505,223877.87,217977.33,210962.62,12915.25,0.9423
MPLADS-005506,2910526.65,2784204.53,2486319.47,424207.1799999997,0.8543
MPLADS-005507,1102002.92,1146733.09,1423430.42,0.0,1.2917
MPLADS-005508,499491.4,523177.73,335570.92,163920.48000000004,0.6718
MPLADS-005509,12827440.03,13021561.12,9888299.23,2939140.799999999,0.7709
MPLADS-005510,2291538.74,2258878.19,1576728.77,714809.9700000002,0.6881
MPLADS-005511,917898.87,914852.55,728400.39,189498.47999999998,0.7936
MPLADS-005512,3749936.38,3851434.22,3096234.65,653701.73,0.8257
MPLADS-005513,3065084.93,3195183.82,2445429.14,619655.79,0.7978
MPLADS-005514,246220.57,241509.48,237019.49,9201.080000000016,0.9626
MPLADS-005515,772402.79,801606.22,767416.39,4986.400000000023,0.9935
MPLADS-005516,929850.43,944272.16,743591.98,186258.45000000007,0.7997
MPLADS-005517,2389370.95,2397335.58,1484310.22,905060.7300000002,0.6212
MPLADS-005518,779987.0,754686.35,758227.74,21759.26000000001,0.9721
MPLADS-005519,512327.32,513092.35,419195.54,93131.78000000003,0.8182
MPLADS-005520,244849.85,255955.85,165027.85,79822.0,0.674
MPLADS-005521,790063.04,760500.67,758995.73,31067.310000000056,0.9607
MPLADS-005522,2616785.08,2491667.87,1737499.53,879285.55,0.664
MPLADS-005523,2999776.54,2901524.23,2944683.5,55093.04000000004,0.9816
MPLADS-005524,511151.9,505503.17,462896.35,48255.55000000005,0.9056
MPLADS-005525,4023817.69,4219709.72,3216503.51,807314.1800000002,0.7994
MPLADS-005526,2296175.31,2290672.31,1686308.52,609866.79,0.7344
MPLADS-005527,2736936.47,2836499.4,2378078.42,358858.0500000003,0.8689
MPLADS-005528,701184.85,711128.42,690041.48,11143.369999999995,0.9841
MPLADS-005529,3718261.97,3896704.58,2483983.81,1234278.1600000001,0.668
MPLADS-005530,3454431.04,3484757.88,3341677.0,112754.04000000004,0.9674
MPLADS-005531,1283627.94,1239652.14,787930.3,495697.6399999999,0.6138
MPLADS-005532,471442.05,451601.61,330749.77,140692.27999999997,0.7016
MPLADS-005533,3795197.69,3728526.99,4960283.07,0.0,1.307
MPLADS-005534,2251828.62,2266997.74,2091957.01,159871.6100000001,0.929
MPLADS-005535,2405430.43,2299292.76,1564439.67,840990.7600000002,0.6504
MPLADS-005536,9013044.79,8683578.09,5657218.08,3355826.709999999,0.6277
MPLADS-005537,229959.41,221840.67,161166.94,68792.47,0.7008
MPLADS-005538,1858390.53,1859714.59,1217933.39,640457.1400000001,0.6554
MPLADS-005539,948089.23,911481.47,907180.74,40908.48999999999,0.9569
MPLADS-005540,1993261.59,2059684.02,1363446.82,629814.77,0.684
MPLADS-005541,998034.63,975235.13,630042.84,367991.79000000004,0.6313
MPLADS-005542,701822.73,725047.85,659713.37,42109.359999999986,0.94
MPLADS-005543,1132714.57,1110805.55,1017922.25,114792.32000000007,0.8987
MPLADS-005544,385703.2,369618.77,352426.52,33276.67999999999,0.9137
MPLADS-005545,1059285.64,1039995.86,959379.24,99906.3999999999,0.9057
MPLADS-005546,2395117.01,2279088.67,1539960.52,855156.4899999998,0.643
MPLADS-005547,2818025.7,2888502.74,2038504.04,779521.6600000001,0.7234
MPLADS-005548,3750292.65,3837503.82,3349684.05,400608.6000000001,0.8932
MPLADS-005549,2043831.31,2082654.77,1744254.06,299577.25,0.8534
MPLADS-005550,1203666.1,1177061.06,1014682.27,188983.83000000007,0.843
MPLADS-005551,866839.67,893165.82,767268.0,99571.67000000004,0.8851
MPLADS-005552,241877.58,252010.9,226128.86,15748.720000000001,0.9349
MPLADS-005553,844467.79,858411.39,534977.22,309490.57000000007,0.6335
MPLADS-005554,649423.31,666495.62,816103.84,0.0,1.2567
MPLADS-005555,807817.06,797626.61,617007.97,190809.09000000008,0.7638
MPLADS-005556,211981.45,202330.66,131392.39,80589.06,0.6198
MPLADS-005557,2202358.21,2203089.11,2931890.17,0.0,1.3313
MPLADS-005558,2050163.9,2108518.92,1264864.84,785299.0599999998,0.617
MPLADS-005559,556463.74,550013.92,535478.3,20985.439999999944,0.9623
MPLADS-005560,2022159.93,2101475.75,1241523.0,780636.9299999999,0.614
MPLADS-005561,770101.89,739426.91,606785.3,163316.58999999997,0.7879
MPLADS-005562,1282645.54,1238271.64,955115.05,327530.49,0.7446
MPLADS-005563,13026686.84,12517444.55,10455984.23,2570702.6099999994,0.8027
MPLADS-005564,1006306.89,993486.0,756337.51,249969.38,0.7516
MPLADS-005565,1313282.67,1312995.97,1282576.55,30706.11999999988,0.9766
MPLADS-005566,3684120.02,3651869.43,3574605.85,109514.16999999993,0.9703
MPLADS-005567,422458.81,433752.38,318349.35,104109.46000000002,0.7536
MPLADS-005568,1577706.13,1652793.0,1577706.13,0.0,1.0
MPLADS-005569,388467.41,383116.83,299732.69,88734.71999999997,0.7716
MPLADS-005570,3005283.65,2934442.24,2716998.21,288285.43999999994,0.9041
MPLADS-005571,854370.81,869876.32,665940.44,188430.3700000001,0.7795
MPLADS-005572,1011270.48,1020405.3,1280350.2,0.0,1.2661
MPLADS-005573,748925.47,779776.88,577869.47,171056.0,0.7716
MPLADS-005574,413423.87,395419.94,249822.78,163601.09,0.6043
MPLADS-005575,1095410.94,1137127.3,691403.92,404007.0199999999,0.6312
MPLADS-005576,225934.28,216901.7,161394.25,64540.03,0.7143
MPLADS-005577,7044249.06,7000082.57,6919996.88,124252.1799999997,0.9824
MPLADS-005578,798309.52,811938.37,720701.42,77608.09999999998,0.9028
MPLADS-005579,232470.62,229176.03,145010.32,87460.29999999999,0.6238
MPLADS-005580,401715.54,419596.06,331227.7,70487.83999999997,0.8245
MPLADS-005581,1861624.46,1791600.52,1834543.62,27080.83999999985,0.9855
MPLADS-005582,1890564.6,1822846.34,1456715.51,433849.0900000001,0.7705
MPLADS-005583,407187.89,422794.78,266141.3,141046.59000000003,0.6536
MPLADS-005584,1174564.29,1132963.23,1048868.87,125695.41999999993,0.893
MPLADS-005585,3760943.58,3900534.44,3592477.05,168466.53000000026,0.9552
MPLADS-005586,454620.53,437868.97,283231.66,171388.87000000005,0.623
MPLADS-005587,1803334.77,1889381.08,1466078.01,337256.76,0.813
MPLADS-005588,490614.62,512094.41,470535.29,20079.330000000016,0.9591
MPLADS-005589,504468.84,517208.23,436082.77,68386.07,0.8644
MPLADS-005590,774899.6,759600.69,515472.26,259427.33999999997,0.6652
MPLADS-005591,541008.46,548172.04,408349.3,132659.15999999997,0.7548
MPLADS-005592,460038.11,474059.54,384788.05,75250.06,0.8364
MPLADS-005593,3083877.27,2938179.83,2846192.68,237684.58999999985,0.9229
MPLADS-005594,2579276.56,2686478.48,2247443.09,331833.4700000002,0.8713
MPLADS-005595,13494344.83,13425395.12,12162929.59,1331415.2400000002,0.9013
MPLADS-005596,779425.52,759047.99,510435.27,268990.25,0.6549
MPLADS-005597,805420.81,802807.28,757095.56,48325.25,0.94
MPLADS-005598,769736.7,778082.89,625874.28,143862.41999999993,0.8131
MPLADS-005599,230898.44,233092.33,205413.21,25485.23000000001,0.8896
MPLADS-005600,247932.34,236016.7,233056.4,14875.940000000002,0.94
MPLADS-005601,811215.33,797674.58,657936.0,153279.32999999996,0.811
MPLADS-005602,498568.72,502771.47,418366.27,80202.44999999995,0.8391
MPLADS-005603,2422895.66,2489559.64,1475056.14,947839.5200000003,0.6088
MPLADS-005604,1644212.47,1618576.37,1185601.91,458610.56000000006,0.7211
MPLADS-005605,1746993.71,1812042.0,1417678.92,329314.79000000004,0.8115
MPLADS-005606,192289.61,200020.52,147964.47,44325.139999999985,0.7695
MPLADS-005607,227340.32,219740.28,189760.54,37579.78,0.8347
MPLADS-005608,440771.84,453911.13,415002.33,25769.51000000001,0.9415
MPLADS-005609,1505393.5,1453547.62,1408265.94,97127.56000000006,0.9355
MPLADS-005610,3681738.24,3716309.3,3316648.49,365089.75,0.9008
MPLADS-005611,3698238.43,3688562.26,3353679.48,344558.9500000002,0.9068
MPLADS-005612,513207.71,494796.41,391904.33,121303.38,0.7636
MPLADS-005613,2257388.89,2156647.27,1517003.16,740385.7300000002,0.672
MPLADS-005614,3598176.49,3456584.16,3122490.7,475685.79000000004,0.8678
MPLADS-005615,3835124.53,3736504.81,3185584.44,649540.0899999999,0.8306
MPLADS-005616,452478.91,462494.85,324778.18,127700.72999999998,0.7178
MPLADS-005617,4578469.26,4623193.53,3352932.45,1225536.8099999996,0.7323
MPLADS-005618,1657417.76,1629328.13,1302573.79,354843.97,0.7859
MPLADS-005619,5446036.44,5496472.32,4264799.52,1181236.9200000009,0.7831
MPLADS-005620,1157143.87,1106431.66,788942.07,368201.80000000016,0.6818
MPLADS-005621,1100863.32,1133326.77,1049286.94,51576.38000000012,0.9531
MPLADS-005622,200502.61,210111.53,126441.29,74061.31999999999,0.6306
MPLADS-005623,3873707.26,3866955.6,2999585.91,874121.3499999996,0.7743
MPLADS-005624,3435624.41,3494607.8,3032645.31,402979.1000000001,0.8827
MPLADS-005625,1616819.9,1563517.44,2254522.52,0.0,1.3944
MPLADS-005626,467739.22,481745.79,282462.44,185276.77999999997,0.6039
MPLADS-005627,202811.37,196726.35,153260.48,49550.889999999985,0.7557
MPLADS-005628,3782111.41,3841351.63,2853182.39,928929.02,0.7544
MPLADS-005629,836921.01,857877.9,668436.91,168484.09999999998,0.7987
MPLADS-005630,190113.25,195509.57,175403.06,14710.190000000002,0.9226
MPLADS-005631,443955.21,436986.5,417317.9,26637.309999999998,0.94
MPLADS-005632,2999572.51,3124053.25,2999572.51,0.0,1.0
MPLADS-005633,2781190.96,2823902.2,3506701.37,0.0,1.2609
MPLADS-005634,1082890.87,1035998.01,666661.45,416229.42000000016,0.6156
MPLADS-005635,1907839.54,1908443.66,1289290.56,618548.98,0.6758
MPLADS-005636,3536283.52,3494454.69,3254471.16,281812.35999999987,0.9203
MPLADS-005637,231327.09,230594.64,188615.11,42711.98000000001,0.8154
MPLADS-005638,405697.75,417056.38,555792.03,0.0,1.37
MPLADS-005639,2396094.72,2412922.19,1940373.78,455720.9400000002,0.8098
MPLADS-005640,1652092.71,1627891.64,1109011.34,543081.3699999999,0.6713
MPLADS-005641,506352.61,490801.96,323040.89,183311.71999999997,0.638
MPLADS-005642,215505.31,208909.11,135976.0,79529.31,0.631
MPLADS-005643,541391.36,542568.44,410764.83,130626.52999999997,0.7587
MPLADS-005644,1264410.88,1238436.61,1090550.07,173860.80999999982,0.8625
MPLADS-005645,500777.91,495756.25,450796.78,49981.12999999995,0.9002
MPLADS-005646,11168248.03,10824300.12,6816410.12,4351837.909999999,0.6103
MPLADS-005647,1320042.27,1335723.02,1276327.21,43715.060000000056,0.9669
MPLADS-005648,2446444.22,2443790.56,1760239.8,686204.4200000002,0.7195
MPLADS-005649,465961.65,474194.0,422673.55,43288.100000000035,0.9071
MPLADS-005650,879176.37,890914.71,542248.49,336927.88,0.6168
MPLADS-005651,2757566.97,2799879.58,1886889.56,870677.4100000001,0.6843
MPLADS-005652,1695608.5,1702563.87,1211468.52,484139.98,0.7145
MPLADS-005653,2530874.42,2491452.59,2439766.62,91107.79999999981,0.964
MPLADS-005654,2552053.8,2657896.42,2238514.59,313539.20999999996,0.8771
MPLADS-005655,883444.59,847769.84,804344.62,79099.96999999997,0.9105
MPLADS-005656,652190.87,638119.52,405017.25,247173.62,0.621
MPLADS-005657,389734.12,405550.29,242834.94,146899.18,0.6231
MPLADS-005658,219086.13,223147.17,135253.32,83832.81,0.6174
MPLADS-005659,1775438.69,1800148.24,1775438.69,0.0,1.0
MPLADS-005660,3691327.29,3577667.69,2823402.5,867924.79,0.7649
MPLADS-005661,3454868.01,3458268.1,3282627.7,172240.3099999996,0.9501
MPLADS-005662,447206.81,428480.98,307401.88,139804.93,0.6874
MPLADS-005663,712284.78,719628.34,464026.3,248258.48000000004,0.6515
MPLADS-005664,849074.78,831767.4,778420.73,70654.05000000005,0.9168
MPLADS-005665,2450722.39,2567694.01,3373235.36,0.0,1.3764
MPLADS-005666,1506720.35,1468719.7,1142781.84,363938.51,0.7585
MPLADS-005667,911702.01,883753.73,695092.79,216609.21999999997,0.7624
MPLADS-005668,2966349.32,3041880.21,2899576.63,66772.68999999994,0.9775
MPLADS-005669,452228.36,433075.15,339892.75,112335.60999999999,0.7516
MPLADS-005670,2127988.85,2124060.83,1874931.36,253057.49,0.8811
MPLADS-005671,2782914.76,2769121.24,2051595.93,731318.8299999998,0.7372
MPLADS-005672,3113684.86,3133700.51,3092864.42,20820.439999999944,0.9933
MPLADS-005673,3015535.81,3092024.32,2123694.54,891841.27,0.7043
MPLADS-005674,3125556.84,3253020.07,3077387.02,48169.81999999983,0.9846
MPLADS-005675,554310.4,564086.97,800666.96,0.0,1.4444
MPLADS-005676,10514435.99,10502030.4,8552017.43,1962418.5600000005,0.8134
MPLADS-005677,774796.71,764249.64,669271.3,105525.40999999992,0.8638
MPLADS-005678,542545.59,553576.59,542545.59,0.0,1.0
MPLADS-005679,2592083.61,2595956.12,3330856.12,0.0,1.285
MPLADS-005680,566711.31,553071.03,566711.31,0.0,1.0
MPLADS-005681,419619.1,400208.04,306171.64,113447.45999999996,0.7296
MPLADS-005682,1767228.88,1745424.63,1254537.21,512691.6699999999,0.7099
MPLADS-005683,2338783.87,2281801.72,2012641.63,326142.2400000002,0.8606
MPLADS-005684,2725733.02,2837028.82,2429739.75,295993.27,0.8914
MPLADS-005685,888400.63,919160.23,714891.08,173509.55000000005,0.8047
MPLADS-005686,188189.74,181596.46,147607.73,40582.00999999998,0.7844
MPLADS-005687,3691648.34,3587151.09,2390403.92,1301244.42,0.6475
MPLADS-005688,1063899.92,1048531.31,688398.58,375501.33999999997,0.6471
MPLADS-005689,3204327.61,3156322.25,4130752.65,0.0,1.2891
MPLADS-005690,476645.65,483664.83,380582.44,96063.21000000002,0.7985
MPLADS-005691,436427.66,414746.69,398616.32,37811.33999999997,0.9134
MPLADS-005692,8633042.18,8277669.34,7354649.57,1278392.6099999994,0.8519
MPLADS-005693,1924378.11,1941569.0,2653819.88,0.0,1.3791
MPLADS-005694,1055020.99,1008670.21,865241.65,189779.33999999997,0.8201
MPLADS-005695,2835862.75,2897572.21,1737630.65,1098232.1,0.6127
MPLADS-005696,520313.69,501194.21,360575.47,159738.22000000003,0.693
MPLADS-005697,1050125.7,1073391.87,770031.83,280093.87,0.7333
MPLADS-005698,788685.87,787166.34,574352.81,214333.05999999994,0.7282
MPLADS-005699,1357161.6,1318831.33,1062178.4,294983.2000000002,0.7826
MPLADS-005700,2066411.87,2123222.67,1593156.69,473255.18000000017,0.771
MPLADS-005701,200535.18,204330.51,187302.56,13232.619999999995,0.934
MPLADS-005702,2308090.99,2313302.4,2210582.8,97508.19000000041,0.9578
MPLADS-005703,2655714.48,2728861.7,1767544.16,888170.3200000001,0.6656
MPLADS-005704,3338966.65,3367207.25,3053066.02,285900.6299999999,0.9144
MPLADS-005705,2919233.05,2878799.46,1778933.12,1140299.9299999997,0.6094
MPLADS-005706,2695823.82,2811237.32,1997431.52,698392.2999999998,0.7409
MPLADS-005707,2623750.18,2621418.74,1638813.69,984936.4900000002,0.6246
MPLADS-005708,2001659.17,1980925.03,1559560.53,442098.6399999999,0.7791
MPLADS-005709,3875169.31,3924430.86,2452697.72,1422471.5899999999,0.6329
MPLADS-005710,2624231.7,2621716.85,2573952.18,50279.52000000002,0.9808
MPLADS-005711,236221.22,246170.51,147615.05,88606.17000000001,0.6249
MPLADS-005712,2765952.43,2883826.11,2101401.57,664550.8600000003,0.7597
MPLADS-005713,2865272.99,2971003.11,2528916.51,336356.48000000045,0.8826
MPLADS-005714,3584479.5,3744277.34,2401291.89,1183187.6099999999,0.6699
MPLADS-005715,477176.05,465975.7,432098.91,45077.140000000014,0.9055
MPLADS-005716,1935737.09,1960808.26,1857987.57,77749.52000000002,0.9598
MPLADS-005717,968314.24,952965.19,868795.12,99519.12,0.8972
MPLADS-005718,1248141.77,1208325.07,810023.01,438118.76,0.649
MPLADS-005719,3184000.49,3028436.45,2832884.77,351115.7200000002,0.8897
MPLADS-005720,217623.17,223995.64,132970.38,84652.79000000001,0.611
MPLADS-005721,3052752.36,3040868.66,2721400.09,331352.27,0.8915
MPLADS-005722,460246.86,464873.25,403869.96,56376.899999999965,0.8775
MPLADS-005723,231153.91,229211.72,152614.76,78539.15,0.6602
MPLADS-005724,1513231.12,1457602.98,1322303.85,190927.27000000002,0.8738
MPLADS-005725,860156.19,900758.75,856618.07,3538.1199999999953,0.9959
MPLADS-005726,2288165.59,2199791.17,2150145.23,138020.35999999987,0.9397
MPLADS-005727,1574680.65,1576099.82,1485641.66,89038.98999999999,0.9435
MPLADS-005728,506775.23,482908.75,343011.25,163763.97999999998,0.6769
MPLADS-005729,2204953.06,2168555.07,2072655.88,132297.18000000017,0.94
MPLADS-005730,529486.64,504853.6,437585.53,91901.10999999999,0.8264
MPLADS-005731,1044290.49,1061237.86,984246.62,60043.869999999995,0.9425
MPLADS-005732,2689425.54,2803672.29,2120617.28,568808.2600000002,0.7885
MPLADS-005733,3719065.63,3851476.42,3164691.16,554374.4699999997,0.8509
MPLADS-005734,2706050.42,2694595.72,3824966.85,0.0,1.4135
MPLADS-005735,229516.85,222097.55,219433.71,10083.140000000014,0.9561
MPLADS-005736,2763034.62,2781416.85,1768079.03,994955.5900000001,0.6399
MPLADS-005737,1865675.19,1952948.57,1507541.35,358133.83999999985,0.808
MPLADS-005738,188547.11,185010.26,155698.33,32848.78,0.8258
MPLADS-005739,502393.56,524674.8,372378.57,130014.98999999999,0.7412
MPLADS-005740,2574137.92,2550909.16,1992628.15,581509.77,0.7741
MPLADS-005741,700895.28,729010.51,668501.86,32393.420000000042,0.9538
MPLADS-005742,686689.77,689380.49,555856.72,130833.05000000005,0.8095
MPLADS-005743,2528781.21,2603081.54,2362641.86,166139.3500000001,0.9343
MPLADS-005744,3906234.38,3769404.17,2492493.75,1413740.63,0.6381
MPLADS-005745,6691856.31,6828889.42,4820720.91,1871135.3999999994,0.7204
MPLADS-005746,1744512.89,1702641.43,1240540.6,503972.2899999998,0.7111
MPLADS-005747,649180.22,634459.28,509137.75,140042.46999999997,0.7843
MPLADS-005748,523517.98,538234.95,492106.9,31411.079999999958,0.94
MPLADS-005749,497736.85,510715.22,384965.81,112771.03999999998,0.7734
MPLADS-005750,1958514.33,1971357.59,1746228.1,212286.22999999998,0.8916
MPLADS-005751,3083727.35,3019618.22,2720589.01,363138.3400000003,0.8822
MPLADS-005752,1347320.87,1316825.13,1266481.62,80839.25,0.94
MPLADS-005753,462357.72,443732.23,343255.92,119101.79999999999,0.7424
MPLADS-005754,2732543.47,2622187.48,1787046.77,945496.7000000002,0.654
MPLADS-005755,205195.35,196139.75,188678.22,16517.130000000005,0.9195
MPLADS-005756,1527780.86,1583508.88,942412.11,585368.7500000001,0.6169
MPLADS-005757,1264386.65,1256314.82,1188523.45,75863.19999999995,0.94
MPLADS-005758,386739.64,397908.2,276815.8,109923.84000000003,0.7158
MPLADS-005759,779462.17,782082.52,627742.88,151719.29000000004,0.8054
MPLADS-005760,1926598.33,1868074.54,1176241.32,750357.01,0.6105
MPLADS-005761,846811.26,822174.4,768818.21,77993.05000000005,0.9079
MPLADS-005762,3628424.89,3763773.98,3471058.51,157366.38000000035,0.9566
MPLADS-005763,1717923.65,1661932.34,1134117.15,583806.5,0.6602
MPLADS-005764,1354851.58,1316188.14,1342098.83,12752.75,0.9906
MPLADS-005765,5735428.16,5605757.45,5217102.55,518325.61000000034,0.9096
MPLADS-005766,3021764.55,3119939.68,2255572.09,766192.46,0.7464
MPLADS-005767,708487.7,731028.67,505607.86,202879.83999999997,0.7136
MPLADS-005768,3580197.92,3548760.21,3251195.35,329002.56999999983,0.9081
MPLADS-005769,4047683.34,4130413.65,3556217.93,491465.4099999997,0.8786
MPLADS-005770,1929697.53,1927443.59,1813915.68,115781.8500000001,0.94
MPLADS-005771,1720504.11,1741422.65,1280142.2,440361.91000000015,0.7441
MPLADS-005772,759755.43,757920.93,688216.11,71539.32000000007,0.9058
MPLADS-005773,987986.12,952757.71,657658.28,330327.83999999997,0.6657
MPLADS-005774,1960256.79,1970703.42,1842641.38,117615.41000000015,0.94
MPLADS-005775,3466541.05,3372679.04,3322356.94,144184.10999999987,0.9584
MPLADS-005776,2876917.36,2830743.07,2062729.55,814187.8099999998,0.717
MPLADS-005777,840981.97,802716.8,834648.23,6333.739999999991,0.9925
MPLADS-005778,3080872.4,2942538.1,2045518.98,1035353.4199999999,0.6639
MPLADS-005779,203546.83,211952.17,141763.1,61783.72999999998,0.6965
MPLADS-005780,2404723.14,2506680.96,2260439.75,144283.39000000013,0.94
MPLADS-005781,815405.62,835954.55,646952.99,168452.63,0.7934
MPLADS-005782,1014939.36,1039020.3,634846.96,380092.4,0.6255
MPLADS-005783,808401.92,822872.67,500206.23,308195.69000000006,0.6188
MPLADS-005784,1983719.87,2077937.37,1745441.88,238277.99000000022,0.8799
MPLADS-005785,444688.7,454537.69,417288.91,27399.790000000037,0.9384
MPLADS-005786,801780.51,832286.28,712461.02,89319.48999999999,0.8886
MPLADS-005787,1795253.01,1734485.92,1424632.47,370620.54000000004,0.7936
MPLADS-005788,876740.43,896349.05,824136.0,52604.43000000005,0.94
MPLADS-005789,717866.39,713976.76,717866.39,0.0,1.0
MPLADS-005790,1877447.29,1969303.99,1518663.71,358783.5800000001,0.8089
MPLADS-005791,3372100.1,3206020.53,2308082.39,1064017.71,0.6845
MPLADS-005792,2840031.92,2872294.0,2427728.38,412303.54000000004,0.8548
MPLADS-005793,201299.75,206898.52,198076.07,3223.679999999993,0.984
MPLADS-005794,1935086.83,1892355.42,1831029.43,104057.40000000014,0.9462
MPLADS-005795,775723.11,796883.95,775723.11,0.0,1.0
MPLADS-005796,3850522.47,3914714.21,2579775.37,1270747.1,0.67
MPLADS-005797,2016807.83,1969054.19,1424601.68,592206.1500000001,0.7064
MPLADS-005798,1045338.49,1088424.76,735295.7,310042.79000000004,0.7034
MPLADS-005799,444723.41,434214.8,304359.94,140363.46999999997,0.6844
MPLADS-005800,3881166.6,3999839.47,2340921.92,1540244.6800000002,0.6031
MPLADS-005801,3910367.83,4007411.93,2728642.31,1181725.52,0.6978
MPLADS-005802,1622389.69,1550786.1,1525046.31,97343.37999999989,0.94
MPLADS-005803,463729.79,458170.13,342985.16,120744.63,0.7396
MPLADS-005804,1683745.67,1643646.23,1057675.87,626069.7999999998,0.6282
MPLADS-005805,462990.83,445012.58,315476.02,147514.81,0.6814
MPLADS-005806,2442411.43,2325612.38,2295866.74,146544.68999999994,0.94
MPLADS-005807,949095.06,902771.27,584119.32,364975.7400000001,0.6154
MPLADS-005808,2270634.54,2214119.93,1424970.06,845664.48,0.6276
MPLADS-005809,400147.24,408303.57,322834.01,77313.22999999998,0.8068
MPLADS-005810,2508299.14,2390498.91,2354640.4,153658.74000000022,0.9387
MPLADS-005811,2837896.87,2752790.96,2734926.03,102970.84000000032,0.9637
MPLADS-005812,393188.44,395346.58,337288.68,55899.76000000001,0.8578
MPLADS-005813,947756.71,955034.48,618277.94,329478.77,0.6524
MPLADS-005814,1354710.45,1370917.73,1031411.05,323299.3999999999,0.7614
MPLADS-005815,411627.47,419263.35,253021.95,158605.51999999996,0.6147
MPLADS-005816,1827378.54,1759077.82,1111218.09,716160.45,0.6081
MPLADS-005817,442739.92,450576.12,416175.52,26564.399999999965,0.94
MPLADS-005818,10605982.17,10250780.88,9957472.74,648509.4299999997,0.9389
MPLADS-005819,568572.6,551668.96,425160.04,143412.56,0.7478
MPLADS-005820,4152441.64,4078782.35,3386615.32,765826.3200000003,0.8156
MPLADS-005821,1251181.61,1230259.21,1176110.71,75070.90000000014,0.94
MPLADS-005822,201220.57,197158.5,136321.67,64898.899999999994,0.6775
MPLADS-005823,932103.66,913542.72,647087.14,285016.52,0.6942
MPLADS-005824,2879742.23,2784052.1,2445254.32,434487.91000000015,0.8491
MPLADS-005825,3076933.35,3185075.95,2285037.19,791896.1600000001,0.7426
MPLADS-005826,3060568.2,3002614.94,2891649.17,168919.03000000026,0.9448
MPLADS-005827,876490.01,871693.79,624169.77,252320.24,0.7121
MPLADS-005828,556492.63,554679.45,452039.05,104453.58000000002,0.8123
MPLADS-005829,4766151.91,4813969.88,4247637.59,518514.3200000003,0.8912
MPLADS-005830,9674293.43,9614521.34,6338562.82,3335730.6099999994,0.6552
MPLADS-005831,2817353.68,2866537.6,1886312.06,931041.6200000001,0.6695
MPLADS-005832,430849.67,449286.59,376443.31,54406.359999999986,0.8737
MPLADS-005833,8262324.48,8016882.07,6275852.79,1986471.6900000004,0.7596
MPLADS-005834,199777.9,207007.34,265059.66,0.0,1.3268
MPLADS-005835,1044348.73,999854.85,714055.34,330293.39,0.6837
MPLADS-005836,204265.03,202007.07,180760.97,23504.059999999998,0.8849
MPLADS-005837,1785177.46,1830614.01,1740591.42,44586.04000000004,0.975
MPLADS-005838,793434.62,779925.13,534551.56,258883.05999999994,0.6737
MPLADS-005839,482580.47,481569.33,593493.86,0.0,1.2298
MPLADS-005840,5374406.14,5162241.05,4639883.93,734522.21,0.8633
MPLADS-005841,208376.39,204035.71,179448.07,28928.320000000007,0.8612
MPLADS-005842,3473355.58,3323885.63,3264954.25,208401.33000000007,0.94
MPLADS-005843,2762582.1,2749814.15,2567162.69,195419.41000000015,0.9293
MPLADS-005844,523501.53,511993.09,488834.66,34666.87000000005,0.9338
MPLADS-005845,3960428.05,3889987.34,3217925.72,742502.3299999996,0.8125
MPLADS-005846,2235977.44,2177975.69,1426897.79,809079.6499999999,0.6382
MPLADS-005847,2753513.31,2859612.92,2300149.22,453364.08999999985,0.8354
MPLADS-005848,224901.86,234847.99,222492.26,2409.5999999999767,0.9893
MPLADS-005849,2042007.67,1979412.7,1454497.89,587509.78,0.7123
MPLADS-005850,1827106.59,1882073.04,1733209.13,93897.4600000002,0.9486
MPLADS-005851,251489.87,243458.23,172667.3,78822.57,0.6866
MPLADS-005852,189945.78,186802.41,129352.25,60593.53,0.681
MPLADS-005853,2404474.45,2294296.23,1468479.41,935995.0400000003,0.6107
MPLADS-005854,1052399.13,1010294.2,989255.18,63143.94999999984,0.94
MPLADS-005855,3632858.72,3611672.72,3632858.72,0.0,1.0
MPLADS-005856,708959.17,692590.25,666421.62,42537.55000000005,0.94
MPLADS-005857,2859406.37,2857037.51,2792600.32,66806.05000000028,0.9766
MPLADS-005858,1838805.36,1802472.78,1334662.79,504142.57000000007,0.7258
MPLADS-005859,220741.51,219196.12,209528.4,11213.110000000015,0.9492
MPLADS-005860,1767869.27,1706434.67,1495094.13,272775.14000000013,0.8457
MPLADS-005861,8007715.95,7793986.39,5569349.76,2438366.1900000004,0.6955
MPLADS-005862,1307305.48,1357632.02,838491.21,468814.27,0.6414
MPLADS-005863,1517497.8,1479515.23,1235506.92,281990.8800000001,0.8142
MPLADS-005864,2838948.96,2719926.41,2668612.02,170336.93999999994,0.94
MPLADS-005865,4003738.57,3854295.83,3799037.95,204700.61999999965,0.9489
MPLADS-005866,1314762.87,1313090.5,1314762.87,0.0,1.0
MPLADS-005867,484882.1,497843.44,315800.16,169081.94,0.6513
MPLADS-005868,435012.87,421247.45,405853.27,29159.599999999977,0.933
MPLADS-005869,1022539.74,1017358.03,748568.32,273971.42000000004,0.7321
MPLADS-005870,770975.54,760541.22,747195.39,23780.150000000023,0.9692
MPLADS-005871,2330852.48,2422423.51,1950965.59,379886.8899999999,0.837
MPLADS-005872,3014583.57,2987224.47,1987892.98,1026690.5899999999,0.6594
MPLADS-005873,2500591.36,2479948.2,1856385.89,644205.47,0.7424
MPLADS-005874,555276.89,541464.43,433893.76,121383.13,0.7814
MPLADS-005875,471926.17,491240.85,391355.67,80570.5,0.8293
MPLADS-005876,3904937.87,3953727.88,3359417.87,545520.0,0.8603
MPLADS-005877,3115720.93,2987322.6,2877005.5,238715.43000000017,0.9234
MPLADS-005878,813730.83,854069.95,746058.81,67672.0199999999,0.9168
MPLADS-005879,512018.06,521275.75,458594.18,53423.880000000005,0.8957
MPLADS-005880,2690277.15,2801867.1,1850214.54,840062.6099999999,0.6877
MPLADS-005881,2517934.15,2534301.14,2281798.38,236135.77000000002,0.9062
MPLADS-005882,650169.82,639361.48,440540.42,209629.39999999997,0.6776
MPLADS-005883,2676149.82,2755471.21,2213875.97,462273.8499999996,0.8273
MPLADS-005884,2998941.97,3058945.17,1862067.5,1136874.4700000002,0.6209
MPLADS-005885,3261388.41,3257272.11,2160488.69,1100899.7200000002,0.6624
MPLADS-005886,243884.17,243898.64,157814.18,86069.99000000002,0.6471
MPLADS-005887,543660.11,523846.73,516119.04,27541.070000000007,0.9493
MPLADS-005888,954447.39,913719.01,897180.55,57266.83999999997,0.94
MPLADS-005889,402305.92,406091.63,377224.14,25081.77999999997,0.9377
MPLADS-005890,742680.35,754835.51,672877.27,69803.07999999996,0.906
MPLADS-005891,4582363.84,4574961.11,3741437.83,840926.0099999998,0.8165
MPLADS-005892,562194.74,565359.06,462938.78,99255.95999999996,0.8234
MPLADS-005893,910643.42,900564.69,826466.49,84176.93000000005,0.9076
MPLADS-005894,3151942.87,3164741.14,2380239.95,771702.9199999999,0.7552
MPLADS-005895,13862064.65,13551245.74,13840912.89,21151.759999999776,0.9985
MPLADS-005896,2315860.0,2395915.27,1814600.64,501259.3600000001,0.7836
MPLADS-005897,747470.42,772655.96,525043.68,222426.74,0.7024
MPLADS-005898,424698.49,420187.1,318327.56,106370.93,0.7495
MPLADS-005899,1245491.38,1273512.18,920476.04,325015.33999999985,0.739
MPLADS-005900,557236.28,572699.88,429699.37,127536.91000000003,0.7711
MPLADS-005901,1943535.46,1931884.31,1912305.68,31229.780000000028,0.9839
MPLADS-005902,524602.01,550744.04,421066.83,103535.18,0.8026
MPLADS-005903,4698312.38,4490922.52,4163014.49,535297.8899999997,0.8861
MPLADS-005904,1630269.61,1581661.77,1535823.0,94446.6100000001,0.9421
MPLADS-005905,1141191.7,1136061.18,787565.26,353626.43999999994,0.6901
MPLADS-005906,1553720.98,1477367.24,1516706.96,37014.02000000002,0.9762
MPLADS-005907,209878.52,216964.4,185051.18,24827.339999999997,0.8817
MPLADS-005908,2657949.52,2759862.18,2121975.43,535974.0899999999,0.7984
MPLADS-005909,1327346.11,1392882.4,1230246.07,97100.04000000004,0.9268
MPLADS-005910,1547205.04,1612551.58,1547205.04,0.0,1.0
MPLADS-005911,4400564.95,4303497.76,2683430.01,1717134.9400000004,0.6098
MPLADS-005912,1316079.95,1324489.18,1053641.58,262438.3699999999,0.8006
MPLADS-005913,507506.78,488940.05,310437.76,197069.02000000002,0.6117
MPLADS-005914,696026.58,692431.72,560511.77,135514.80999999994,0.8053
MPLADS-005915,1718891.25,1720091.72,1671586.24,47305.01000000001,0.9725
MPLADS-005916,538351.1,565138.54,518152.31,20198.78999999998,0.9625
MPLADS-005917,393008.18,388808.82,385500.6,7507.580000000016,0.9809
MPLADS-005918,231773.53,236955.39,155932.47,75841.06,0.6728
MPLADS-005919,2484000.03,2381457.12,1899963.35,584036.6799999997,0.7649
MPLADS-005920,1025640.14,981687.86,675481.2,350158.94000000006,0.6586
MPLADS-005921,567951.77,591438.38,553305.18,14646.589999999967,0.9742
MPLADS-005922,1229809.42,1186637.99,876891.55,352917.8699999999,0.713
MPLADS-005923,3284191.21,3307414.38,4692377.34,0.0,1.4288
MPLADS-005924,564347.2,578340.5,539397.83,24949.369999999995,0.9558
MPLADS-005925,9438318.94,9725984.65,6444070.41,2994248.5299999993,0.6828
MPLADS-005926,3222569.59,3331735.34,3084162.57,138407.02000000002,0.9571
MPLADS-005927,198264.22,194833.62,123784.46,74479.76,0.6243
MPLADS-005928,550048.66,547056.68,371599.97,178448.69000000006,0.6756
MPLADS-005929,457784.55,459400.07,295730.51,162054.03999999998,0.646
MPLADS-005930,2333936.65,2376442.12,1432406.95,901529.7,0.6137
MPLADS-005931,552174.25,528249.85,402649.76,149524.49,0.7292
MPLADS-005932,2718444.09,2812277.83,2398068.41,320375.6799999997,0.8821
MPLADS-005933,3671703.63,3729730.47,2713115.13,958588.5,0.7389
MPLADS-005934,744547.79,759136.56,686217.73,58330.060000000056,0.9217
MPLADS-005935,756133.74,758533.15,681231.26,74902.47999999998,0.9009
MPLADS-005936,783816.68,800244.63,700144.23,83672.45000000007,0.8932
MPLADS-005937,1937100.89,1902458.57,1692260.47,244840.41999999993,0.8736
MPLADS-005938,670886.52,673920.33,597681.62,73204.90000000002,0.8909
MPLADS-005939,1758439.94,1719753.25,1758439.94,0.0,1.0
MPLADS-005940,510980.6,498024.56,374293.91,136686.69,0.7325
MPLADS-005941,2478235.47,2494616.2,2392437.82,85797.65000000037,0.9654
MPLADS-005942,566560.76,560681.12,367274.63,199286.13,0.6483
MPLADS-005943,3545434.89,3680968.38,3315938.83,229496.06000000006,0.9353
MPLADS-005944,2865488.74,2763016.81,2233383.38,632105.3600000003,0.7794
MPLADS-005945,509117.63,521766.91,415126.1,93991.53000000003,0.8154
MPLADS-005946,774618.45,788868.54,690067.16,84551.28999999992,0.8908
MPLADS-005947,2678567.77,2712825.52,2430282.31,248285.45999999996,0.9073
MPLADS-005948,563340.5,549531.22,445234.71,118105.78999999998,0.7903
MPLADS-005949,2988915.9,3135674.08,2864478.0,124437.8999999999,0.9584
MPLADS-005950,3804673.38,3804801.26,3746608.81,58064.56999999983,0.9847
MPLADS-005951,12209960.79,11983835.21,9634557.74,2575403.049999999,0.7891
MPLADS-005952,9444244.83,9206493.54,8677196.41,767048.4199999999,0.9188
MPLADS-005953,536298.89,559434.61,402788.28,133510.61,0.7511
MPLADS-005954,242877.21,232230.42,180799.75,62077.45999999999,0.7444
MPLADS-005955,1033639.97,993699.55,779516.81,254123.15999999992,0.7541
MPLADS-005956,223254.33,219662.6,185040.14,38214.18999999997,0.8288
MPLADS-005957,3330929.4,3319895.16,2211544.87,1119384.5299999998,0.6639
MPLADS-005958,2656027.78,2592631.5,3318372.67,0.0,1.2494
MPLADS-005959,678221.41,674961.17,646078.17,32143.23999999999,0.9526
MPLADS-005960,465502.54,488021.8,381899.4,83603.13999999996,0.8204
MPLADS-005961,1899886.75,1856836.59,1564604.76,335281.99,0.8235
MPLADS-005962,2204916.58,2124251.1,1559765.69,645150.8900000001,0.7074
MPLADS-005963,408755.74,396713.6,395540.3,13215.440000000002,0.9677
MPLADS-005964,1199400.96,1156066.8,798290.25,401110.70999999996,0.6656
MPLADS-005965,872439.08,871992.38,805944.74,66494.33999999997,0.9238
MPLADS-005966,1916608.6,1825044.29,1851948.06,64660.54000000004,0.9663
MPLADS-005967,245814.43,253354.46,225925.86,19888.570000000007,0.9191
MPLADS-005968,1347204.66,1338260.0,1298263.84,48940.81999999983,0.9637
MPLADS-005969,2125496.64,2102700.36,1668385.75,457110.89000000013,0.7849
MPLADS-005970,2558972.67,2665746.94,2297197.55,261775.1200000001,0.8977
MPLADS-005971,1577126.17,1589706.19,1567512.77,9613.399999999907,0.9939
MPLADS-005972,2230534.09,2130026.71,2093861.1,136672.98999999976,0.9387
MPLADS-005973,9252500.99,9104297.02,6139837.55,3112663.4400000004,0.6636
MPLADS-005974,2654414.59,2606421.06,2612219.86,42194.72999999998,0.9841
MPLADS-005975,793754.64,761677.08,793754.64,0.0,1.0
MPLADS-005976,982392.22,943522.71,833424.78,148967.43999999994,0.8484
MPLADS-005977,2139748.93,2195102.26,1644501.33,495247.6000000001,0.7685
MPLADS-005978,850757.99,843950.84,837888.05,12869.939999999944,0.9849
MPLADS-005979,3099264.09,3231979.78,2088384.04,1010880.0499999998,0.6738
MPLADS-005980,766158.32,781305.91,586286.48,179871.83999999997,0.7652
MPLADS-005981,448839.64,447247.58,403902.84,44936.79999999999,0.8999
MPLADS-005982,1706992.51,1770991.87,1637858.82,69133.68999999994,0.9595
MPLADS-005983,3012065.94,3115582.46,2567907.94,444158.0,0.8525
MPLADS-005984,6270044.32,6307165.47,4864508.0,1405536.3200000003,0.7758
MPLADS-005985,2448840.69,2547749.3,1600854.15,847986.54,0.6537
MPLADS-005986,2700917.95,2643713.69,2181234.82,519683.13000000035,0.8076
MPLADS-005987,209257.98,217687.9,171438.08,37819.90000000002,0.8193
MPLADS-005988,3509850.95,3626822.24,2273225.34,1236625.6100000003,0.6477
MPLADS-005989,848682.63,830819.46,680606.48,168076.15000000002,0.802
MPLADS-005990,1595574.85,1652306.41,1138083.28,457491.57000000007,0.7133
MPLADS-005991,492212.03,512402.07,386005.47,106206.56000000006,0.7842
MPLADS-005992,13205013.83,13107544.18,12182442.39,1022571.4399999995,0.9226
MPLADS-005993,661490.41,629002.75,639785.33,21705.080000000075,0.9672
MPLADS-005994,1815766.52,1769763.85,1354380.73,461385.79000000004,0.7459
MPLADS-005995,3077152.3,3128540.14,3077152.3,0.0,1.0
MPLADS-005996,463386.28,453798.64,357486.12,105900.16000000003,0.7715
MPLADS-005997,718440.02,752466.97,443840.85,274599.17000000004,0.6178
MPLADS-005998,246793.4,250421.05,148338.96,98454.44,0.6011
MPLADS-005999,466706.58,480162.3,434785.08,31921.5,0.9316
MPLADS-006000,2514084.71,2627085.41,2484627.16,29457.549999999814,0.9883
MPLADS-006001,2562457.45,2609077.21,2562457.45,0.0,1.0
MPLADS-006002,6004662.13,6219277.67,5625694.61,378967.51999999955,0.9369
MPLADS-006003,426512.6,409589.76,395757.52,30755.079999999958,0.9279
MPLADS-006004,1170199.52,1194279.29,1099987.55,70211.96999999997,0.94
MPLADS-006005,1332111.28,1360441.62,1036651.17,295460.11,0.7782
MPLADS-006006,1451615.15,1495509.85,1201568.55,250046.59999999986,0.8277
MPLADS-006007,2479864.83,2450415.47,2455395.93,24468.899999999907,0.9901
MPLADS-006008,2762358.7,2873121.42,2524115.52,238243.18000000017,0.9138
MPLADS-006009,733997.8,764844.8,555986.94,178010.8600000001,0.7575
MPLADS-006010,2591571.98,2636904.94,2160226.71,431345.27,0.8336
MPLADS-006011,778269.93,784464.19,731573.73,46696.20000000007,0.94
MPLADS-006012,1015926.99,1045169.39,705807.66,310119.32999999996,0.6947
MPLADS-006013,3943221.44,3817796.31,3229249.32,713972.1200000001,0.8189
MPLADS-006014,1306668.23,1367374.12,935271.47,371396.76,0.7158
MPLADS-006015,198578.61,193435.57,196074.07,2504.539999999979,0.9874
MPLADS-006016,1931425.31,1886998.87,1463162.27,468263.04000000004,0.7576
MPLADS-006017,3633383.07,3462978.48,2412045.87,1221337.1999999997,0.6639
MPLADS-006018,764103.99,758895.84,715377.48,48726.51000000001,0.9362
MPLADS-006019,2994388.35,2964085.15,2867071.46,127316.89000000013,0.9575
MPLADS-006020,411069.59,392564.67,366144.27,44925.32000000001,0.8907
MPLADS-006021,2693863.23,2677044.37,2534050.2,159813.0299999998,0.9407
MPLADS-006022,1243817.56,1221516.05,1147079.02,96738.54000000004,0.9222
MPLADS-006023,1789271.76,1804917.21,1660707.05,128564.70999999996,0.9281
MPLADS-006024,780602.27,815101.12,726634.9,53967.369999999995,0.9309
MPLADS-006025,961843.91,997410.13,832623.06,129220.84999999998,0.8657
MPLADS-006026,1873937.05,1903337.74,1325036.67,548900.3800000001,0.7071
MPLADS-006027,406085.09,406637.7,402744.44,3340.6500000000233,0.9918
MPLADS-006028,675069.72,646275.23,446455.43,228614.28999999998,0.6613
MPLADS-006029,967221.01,950905.25,868691.79,98529.21999999997,0.8981
MPLADS-006030,1616530.15,1653516.75,1341085.57,275444.57999999984,0.8296
MPLADS-006031,1391874.37,1375802.63,1246822.22,145052.15000000014,0.8958
MPLADS-006032,2802876.36,2689154.08,3522147.02,0.0,1.2566
MPLADS-006033,2192171.73,2121961.3,1523350.21,668821.52,0.6949
MPLADS-006034,501597.05,482178.63,433856.88,67740.16999999998,0.865
MPLADS-006035,10669217.58,10219562.2,9573063.7,1096153.8800000008,0.8973
MPLADS-006036,3149739.72,3213986.34,2110356.38,1039383.3400000003,0.67
MPLADS-006037,2744846.26,2629333.74,2177446.22,567400.0399999996,0.7933
MPLADS-006038,3846313.83,3769341.27,3406652.38,439661.4500000002,0.8857
MPLADS-006039,506540.88,523964.32,506540.88,0.0,1.0
MPLADS-006040,1436020.85,1387594.79,1353526.09,82494.76000000001,0.9426
MPLADS-006041,199049.56,190866.27,183608.84,15440.720000000001,0.9224
MPLADS-006042,1388762.35,1346410.33,1209826.99,178935.3600000001,0.8712
MPLADS-006043,1957062.17,1943514.72,1618040.19,339021.98,0.8268
MPLADS-006044,641932.89,623772.01,392367.24,249565.65000000002,0.6112
MPLADS-006045,1080347.92,1043539.93,929353.86,150994.05999999994,0.8602
MPLADS-006046,1948265.04,2008561.15,1845776.89,102488.15000000014,0.9474
MPLADS-006047,2330542.76,2318504.89,1412285.43,918257.3299999998,0.606
MPLADS-006048,438745.79,444972.84,571193.49,0.0,1.3019
MPLADS-006049,473167.16,476230.52,310739.67,162427.49,0.6567
MPLADS-006050,3737481.98,3817642.64,3194456.37,543025.6099999999,0.8547
MPLADS-006051,4453388.79,4511595.89,3641494.41,811894.3799999999,0.8177
MPLADS-006052,462534.59,463678.42,601796.7,0.0,1.3011
MPLADS-006053,2833295.23,2730356.12,2730664.2,102631.0299999998,0.9638
MPLADS-006054,3057513.28,3148950.05,2715170.78,342342.5,0.888
MPLADS-006055,2241437.21,2280185.74,1711223.46,530213.75,0.7634
MPLADS-006056,220989.6,228488.78,206009.42,14980.179999999993,0.9322
MPLADS-006057,3529486.11,3670535.44,3262417.01,267069.1000000001,0.9243
MPLADS-006058,3601933.29,3536306.26,2860121.15,741812.1400000001,0.7941
MPLADS-006059,2740086.21,2651794.41,2686821.29,53264.919999999925,0.9806
MPLADS-006060,3214506.11,3358224.59,3021635.74,192870.36999999965,0.94
MPLADS-006061,206452.54,204218.5,137697.1,68755.44,0.667
MPLADS-006062,2693136.07,2678616.22,1905051.4,788084.6699999999,0.7074
MPLADS-006063,463556.62,463709.13,290771.16,172785.46000000002,0.6273
MPLADS-006064,2424195.61,2465544.21,2424195.61,0.0,1.0
MPLADS-006065,9975804.04,9949435.71,6614448.37,3361355.669999999,0.663
MPLADS-006066,2169389.51,2262609.75,1415482.37,753907.1399999997,0.6525
MPLADS-006067,3061752.43,3086787.47,2271971.56,789780.8700000001,0.742
MPLADS-006068,1025944.57,1055201.61,735889.84,290054.73,0.7173
MPLADS-006069,664150.4,672587.78,465645.99,198504.41000000003,0.7011
MPLADS-006070,510967.39,504541.39,408270.68,102696.71000000002,0.799
MPLADS-006071,2469283.93,2462160.23,1744693.22,724590.7100000002,0.7066
MPLADS-006072,526062.5,536378.4,423692.78,102369.71999999997,0.8054
MPLADS-006073,4243785.99,4217887.25,3095534.11,1148251.8800000004,0.7294
MPLADS-006074,836581.36,838603.51,774209.76,62371.59999999998,0.9254
MPLADS-006075,1771119.51,1736350.61,1243118.43,528001.0800000001,0.7019
MPLADS-006076,486942.5,475049.31,368716.57,118225.93,0.7572
MPLADS-006077,406615.03,411524.12,401862.33,4752.700000000012,0.9883
MPLADS-006078,1029659.13,1061083.81,989933.22,39725.91000000003,0.9614
MPLADS-006079,2611591.3,2641225.15,2454895.82,156695.47999999998,0.94
MPLADS-006080,685744.89,715116.25,470307.3,215437.59000000003,0.6858
MPLADS-006081,5589810.86,5675978.33,3856477.06,1733333.8000000003,0.6899
MPLADS-006082,1031534.37,999585.03,705947.46,325586.91000000003,0.6844
MPLADS-006083,851940.34,856376.59,851156.84,783.5,0.9991
MPLADS-006084,1064632.12,1066807.38,981499.36,83132.76000000013,0.9219
MPLADS-006085,245417.99,252469.18,212830.24,32587.75,0.8672
MPLADS-006086,2387227.81,2393431.27,1573601.95,813625.8600000001,0.6592
MPLADS-006087,1568481.29,1569846.49,1343454.27,225027.02000000002,0.8565
MPLADS-006088,11103484.97,11297801.24,11056345.32,47139.65000000037,0.9958
MPLADS-006089,1644099.39,1696616.12,1086139.44,557959.95,0.6606
MPLADS-006090,388921.24,401896.64,369826.74,19094.5,0.9509
MPLADS-006091,1177000.27,1168748.02,1049187.5,127812.77000000002,0.8914
MPLADS-006092,2048197.41,2079844.45,1925305.57,122891.83999999985,0.94
MPLADS-006093,797475.06,784070.94,608818.12,188656.94000000006,0.7634
MPLADS-006094,1145847.77,1189485.57,897628.7,248219.07000000007,0.7834
MPLADS-006095,204022.17,194646.36,187182.66,16839.51000000001,0.9175
MPLADS-006096,2014419.69,2086037.6,1490329.72,524089.97,0.7398
MPLADS-006097,758719.29,743729.3,483220.62,275498.67000000004,0.6369
MPLADS-006098,10822442.1,11166124.09,10534616.13,287825.9699999988,0.9734
MPLADS-006099,939882.98,979468.5,816431.54,123451.43999999994,0.8687
MPLADS-006100,3033993.34,2935143.9,2242949.36,791043.98,0.7393
MPLADS-006101,469821.71,455580.76,365882.36,103939.35000000003,0.7788
MPLADS-006102,2701041.97,2782113.47,2128153.21,572888.7600000002,0.7879
MPLADS-006103,3328930.21,3403289.33,3328930.21,0.0,1.0
MPLADS-006104,2841781.99,2774934.81,2406069.2,435712.79000000004,0.8467
MPLADS-006105,858889.48,821510.72,716573.28,142316.19999999995,0.8343
MPLADS-006106,1798395.12,1717385.98,1539388.86,259006.26,0.856
MPLADS-006107,850413.94,829099.27,683965.26,166448.67999999993,0.8043
MPLADS-006108,194153.22,189832.74,182504.03,11649.190000000002,0.94
MPLADS-006109,403341.14,398684.99,349894.13,53447.01000000001,0.8675
MPLADS-006110,749071.26,774974.9,671038.57,78032.69000000006,0.8958
MPLADS-006111,1164269.1,1131256.62,913550.3,250718.80000000005,0.7847
MPLADS-006112,430286.95,419457.74,414690.97,15595.98000000004,0.9638
MPLADS-006113,2755019.33,2787168.94,1685071.92,1069947.4100000001,0.6116
MPLADS-006114,449912.34,463141.59,362891.41,87020.93000000005,0.8066
MPLADS-006115,1861222.21,1795851.44,1147984.44,713237.77,0.6168
MPLADS-006116,872747.67,861262.04,525068.51,347679.16000000003,0.6016
MPLADS-006117,565201.09,572234.2,390831.02,174370.06999999995,0.6915
MPLADS-006118,4031112.64,3949378.85,2713859.57,1317253.0700000003,0.6732
MPLADS-006119,3380627.84,3341294.78,3244667.39,135960.44999999972,0.9598
MPLADS-006120,3906999.4,4024519.09,3419691.81,487307.58999999985,0.8753
MPLADS-006121,3291231.37,3258976.54,2657451.05,633780.3200000003,0.8074
MPLADS-006122,524978.02,549585.58,462085.56,62892.46000000002,0.8802
MPLADS-006123,724041.01,725140.99,671679.7,52361.310000000056,0.9277
MPLADS-006124,3974596.05,4007118.58,3136681.93,837914.1199999996,0.7892
MPLADS-006125,201528.53,209960.62,192180.75,9347.779999999999,0.9536
MPLADS-006126,11044770.85,10516907.66,8615832.98,2428937.869999999,0.7801
MPLADS-006127,248761.31,237198.04,214048.66,34712.649999999994,0.8605
MPLADS-006128,1031561.7,1022009.14,815776.86,215784.83999999997,0.7908
MPLADS-006129,2233518.86,2125456.13,1593993.75,639525.1099999999,0.7137
MPLADS-006130,1630591.82,1595682.11,1238175.86,392415.95999999996,0.7593
MPLADS-006131,1015051.42,978030.69,935415.06,79636.35999999999,0.9215
MPLADS-006132,443263.05,428307.11,370286.49,72976.56,0.8354
MPLADS-006133,208503.59,210211.24,208503.59,0.0,1.0
MPLADS-006134,718910.74,692581.04,591179.0,127731.73999999999,0.8223
MPLADS-006135,2471333.89,2531897.09,2013599.04,457734.8500000001,0.8148
MPLADS-006136,1210251.82,1184963.02,1055922.57,154329.25,0.8725
MPLADS-006137,1054890.64,1093765.41,1006818.51,48072.12999999989,0.9544
MPLADS-006138,712804.7,704570.9,712804.7,0.0,1.0
MPLADS-006139,542129.42,556270.44,541161.01,968.4100000000326,0.9982
MPLADS-006140,1247184.77,1295574.06,1014020.96,233163.81000000006,0.813
MPLADS-006141,768783.96,767349.57,683489.17,85294.78999999992,0.8891
MPLADS-006142,4542874.52,4579345.65,4065910.61,476963.9099999997,0.895
MPLADS-006143,451241.59,450559.85,295382.24,155859.35000000003,0.6546
MPLADS-006144,1148305.37,1188090.51,757131.41,391173.9600000001,0.6593
MPLADS-006145,1658216.64,1719718.76,1376825.17,281391.47,0.8303
MPLADS-006146,1359813.95,1351028.17,1308316.33,51497.61999999988,0.9621
MPLADS-006147,471773.41,490596.08,329976.69,141796.71999999997,0.6994
MPLADS-006148,2756273.44,2783150.66,1718571.23,1037702.21,0.6235
MPLADS-006149,720725.84,708325.14,435683.08,285042.75999999995,0.6045
MPLADS-006150,6621459.84,6360650.96,6606541.83,14918.009999999776,0.9977
MPLADS-006151,3400089.53,3387351.62,2241693.24,1158396.2899999996,0.6593
MPLADS-006152,1730992.24,1661772.95,1431126.36,299865.8799999999,0.8268
MPLADS-006153,517137.83,495836.38,513919.48,3218.350000000035,0.9938
MPLADS-006154,784807.89,755399.1,660684.78,124123.10999999999,0.8418
MPLADS-006155,413284.56,412385.78,342229.64,71054.91999999998,0.8281
MPLADS-006156,8461321.82,8692778.51,7608906.58,852415.2400000002,0.8993
MPLADS-006157,451764.73,468296.26,401916.02,49848.70999999996,0.8897
MPLADS-006158,208980.74,210259.37,277551.25,0.0,1.3281
MPLADS-006159,2993754.73,2964530.61,2814129.45,179625.2799999998,0.94
MPLADS-006160,1294787.6,1269090.57,985480.05,309307.55000000005,0.7611
MPLADS-006161,3122067.98,3083283.48,2437199.61,684868.3700000001,0.7806
MPLADS-006162,998969.72,957043.93,1226425.02,0.0,1.2277
MPLADS-006163,10968445.04,11199262.07,7222678.78,3745766.259999999,0.6585
MPLADS-006164,3176109.26,3156489.69,2147428.12,1028681.1399999997,0.6761
MPLADS-006165,2808024.06,2810430.29,2441897.2,366126.85999999987,0.8696
MPLADS-006166,525855.36,551441.09,350248.3,175607.06,0.6661
MPLADS-006167,495218.31,495465.35,452613.27,42605.03999999998,0.914
MPLADS-006168,9434073.57,9637008.82,9347421.52,86652.05000000075,0.9908
MPLADS-006169,510052.75,530415.48,508845.13,1207.6199999999953,0.9976
MPLADS-006170,3813799.45,3697205.05,3540901.9,272897.5500000003,0.9284
MPLADS-006171,2511567.96,2520998.4,3064356.98,0.0,1.2201
MPLADS-006172,1182525.08,1126708.3,744971.9,437553.18000000005,0.63
MPLADS-006173,653839.1,632623.91,525799.24,128039.85999999999,0.8042
MPLADS-006174,815055.23,828277.5,547366.54,267688.68999999994,0.6716
MPLADS-006175,856380.84,872254.71,631161.19,225219.65000000002,0.737
MPLADS-006176,1104503.73,1115823.91,772971.51,331532.22,0.6998
MPLADS-006177,3403603.94,3446912.22,4304695.01,0.0,1.2647
MPLADS-006178,2689827.29,2652227.09,1737278.31,952548.98,0.6459
MPLADS-006179,1582599.87,1547207.32,1171369.35,411230.52,0.7402
MPLADS-006180,1733322.52,1752114.46,1720987.02,12335.5,0.9929
MPLADS-006181,938314.8,938155.79,876951.25,61363.55000000005,0.9346
MPLADS-006182,1901361.69,1813585.78,1591702.15,309659.54000000004,0.8371
MPLADS-006183,782852.7,816289.74,730064.93,52787.7699999999,0.9326
MPLADS-006184,1238144.89,1267721.48,745273.42,492871.46999999986,0.6019
MPLADS-006185,2156680.69,2195005.46,2691515.61,0.0,1.248
MPLADS-006186,8084161.62,8099771.28,5257202.67,2826958.95,0.6503
MPLADS-006187,463112.28,482241.95,463112.28,0.0,1.0
MPLADS-006188,198682.91,199630.64,135239.54,63443.369999999995,0.6807
MPLADS-006189,831498.48,835007.1,554286.47,277212.01,0.6666
MPLADS-006190,224433.77,225235.66,158334.66,66099.10999999999,0.7055
MPLADS-006191,3693111.3,3549796.3,3687912.71,5198.589999999851,0.9986
MPLADS-006192,9060459.46,8761496.81,5474948.7,3585510.7600000007,0.6043
MPLADS-006193,2869572.3,3003845.42,2283883.55,585688.75,0.7959
MPLADS-006194,1256638.26,1224660.58,808442.34,448195.92000000004,0.6433
MPLADS-006195,2781574.62,2725382.56,2455223.6,326351.02,0.8827
MPLADS-006196,2790191.97,2741581.54,2079216.11,710975.8600000001,0.7452
MPLADS-006197,6906224.9,6608654.03,6633051.13,273173.7700000005,0.9604
MPLADS-006198,500015.75,487223.66,476477.31,23538.440000000002,0.9529
MPLADS-006199,3589253.6,3670364.86,2865488.83,723764.77,0.7984
MPLADS-006200,13588006.47,13264458.64,13586160.22,1846.25,0.9999
MPLADS-006201,234325.89,233810.6,210154.82,24171.070000000007,0.8968
MPLADS-006202,207123.65,201455.95,269383.58,0.0,1.3006
MPLADS-006203,3170064.3,3186833.97,2705139.21,464925.08999999985,0.8533
MPLADS-006204,1576462.18,1523318.12,1529905.62,46556.55999999982,0.9705
MPLADS-006205,1030772.4,1002795.0,731406.02,299366.38,0.7096
MPLADS-006206,3171314.42,3250659.77,2673993.81,497320.60999999987,0.8432
MPLADS-006207,384529.86,392415.95,293775.23,90754.63,0.764
MPLADS-006208,2599824.92,2561396.61,2447733.55,152091.3700000001,0.9415
MPLADS-006209,3505246.68,3657565.3,3454917.29,50329.39000000013,0.9856
MPLADS-006210,1847085.66,1792691.24,1241939.15,605146.51,0.6724
MPLADS-006211,850879.77,837498.02,690298.51,160581.26,0.8113
MPLADS-006212,479836.02,482315.33,426583.72,53252.30000000005,0.889
MPLADS-006213,2482368.78,2390218.35,2060989.52,421379.2599999998,0.8303
MPLADS-006214,1031345.2,1027203.67,969464.49,61880.70999999996,0.94
MPLADS-006215,679960.9,661750.35,597513.64,82447.26000000001,0.8787
MPLADS-006216,457891.7,455303.54,457891.7,0.0,1.0
MPLADS-006217,3039370.29,2994233.06,3037062.78,2307.510000000242,0.9992
MPLADS-006218,860602.66,847990.67,530586.19,330016.4700000001,0.6165
MPLADS-006219,2489273.51,2475342.97,1636364.53,852908.9799999997,0.6574
MPLADS-006220,489599.64,478859.81,691098.01,0.0,1.4116
MPLADS-006221,446352.85,444215.18,336781.58,109571.26999999996,0.7545
MPLADS-006222,670293.88,688699.9,669921.5,372.38000000000466,0.9994
MPLADS-006223,781082.67,813793.75,519762.8,261319.87000000005,0.6654
MPLADS-006224,2507896.96,2605152.52,2507896.96,0.0,1.0
MPLADS-006225,571257.06,548143.06,505470.87,65786.19000000006,0.8848
MPLADS-006226,3811183.72,3813928.11,3531857.71,279326.01000000024,0.9267
MPLADS-006227,2390988.9,2463674.15,1577732.15,813256.75,0.6599
MPLADS-006228,800963.25,823573.32,760193.08,40770.17000000004,0.9491
MPLADS-006229,3210710.59,3162357.08,2999011.71,211698.8799999999,0.9341
MPLADS-006230,3349916.79,3498458.28,2562005.66,787911.1299999999,0.7648
MPLADS-006231,672107.37,647363.97,852597.88,0.0,1.2685
MPLADS-006232,2595254.89,2547723.36,3557384.47,0.0,1.3707
MPLADS-006233,453414.0,474312.11,333618.13,119795.87,0.7358
MPLADS-006234,4013957.17,3827857.91,3744185.69,269771.48,0.9328
MPLADS-006235,970957.3,958767.59,841715.25,129242.05000000005,0.8669
MPLADS-006236,474722.65,491544.17,336537.4,138185.25,0.7089
MPLADS-006237,12452649.03,12351029.38,12442709.59,9939.439999999478,0.9992
MPLADS-006238,2037442.73,2051323.76,1915196.17,122246.56000000006,0.94
MPLADS-006239,470473.7,491500.82,434002.44,36471.26000000001,0.9225
MPLADS-006240,2852983.58,2833791.93,2216952.14,636031.44,0.7771
MPLADS-006241,226201.35,233801.73,141548.15,84653.20000000001,0.6258
MPLADS-006242,3135038.9,3211911.68,1942402.74,1192636.16,0.6196
MPLADS-006243,3441727.8,3480296.5,2468935.66,972792.1399999997,0.7174
MPLADS-006244,474657.13,468335.54,403224.64,71432.48999999999,0.8495
MPLADS-006245,845274.05,850286.03,821112.34,24161.71000000008,0.9714
MPLADS-006246,1265319.81,1287666.03,1024734.43,240585.38,0.8099
MPLADS-006247,649295.27,653170.52,597370.34,51924.93000000005,0.92
MPLADS-006248,2443961.05,2375459.06,2049120.4,394840.6499999999,0.8384
MPLADS-006249,3002256.55,2906947.16,2195720.69,806535.8599999999,0.7314
MPLADS-006250,1014363.17,993002.58,806826.68,207536.49,0.7954
MPLADS-006251,1165998.42,1162767.44,1068851.12,97147.29999999981,0.9167
MPLADS-006252,514917.4,528437.99,311855.08,203062.32,0.6056
MPLADS-006253,1346020.19,1408520.56,1911393.02,0.0,1.42
MPLADS-006254,490924.77,494146.87,333108.27,157816.5,0.6785
MPLADS-006255,2046977.91,1958066.26,1708290.37,338687.5399999998,0.8345
MPLADS-006256,1556657.77,1503247.32,1204328.43,352329.3400000001,0.7737
MPLADS-006257,3121521.69,3270688.36,2294319.54,827202.1499999999,0.735
MPLADS-006258,1883105.15,1902654.7,1498861.76,384243.3899999999,0.796
MPLADS-006259,1056739.09,1006499.38,728144.26,328594.8300000001,0.689
MPLADS-006260,2126188.88,2127026.53,1697172.93,429015.94999999995,0.7982
MPLADS-006261,832334.68,793558.47,595806.26,236528.42000000004,0.7158
MPLADS-006262,512524.5,513675.77,476054.87,36469.630000000005,0.9288
MPLADS-006263,3250138.13,3410236.65,2428978.12,821160.0099999998,0.7473
MPLADS-006264,3539883.41,3426481.21,3448796.23,91087.18000000017,0.9743
MPLADS-006265,2593224.05,2501022.63,2470429.57,122794.47999999998,0.9526
MPLADS-006266,6647647.79,6971766.15,4756691.45,1890956.3399999999,0.7155
MPLADS-006267,1012147.76,996024.04,951418.89,60728.869999999995,0.94
MPLADS-006268,778197.55,769984.23,657145.52,121052.03000000003,0.8444
MPLADS-006269,4522087.46,4619992.51,3953070.83,569016.6299999999,0.8742
MPLADS-006270,692995.72,698807.56,473249.33,219746.38999999996,0.6829
MPLADS-006271,1027882.37,1059254.87,928218.24,99664.13,0.903
MPLADS-006272,744866.38,777298.22,744191.92,674.4599999999627,0.9991
MPLADS-006273,236682.81,236920.07,210706.34,25976.47,0.8902
MPLADS-006274,8535854.25,8533032.49,6712721.34,1823132.9100000001,0.7864
MPLADS-006275,204392.88,197548.83,127531.31,76861.57,0.624
MPLADS-006276,432090.64,447889.04,301098.24,130992.40000000002,0.6968
MPLADS-006277,2128104.85,2060992.48,1946640.26,181464.59000000008,0.9147
MPLADS-006278,1410496.22,1470700.76,1378151.34,32344.87999999989,0.9771
MPLADS-006279,240080.63,242782.69,188792.61,51288.02000000002,0.7864
MPLADS-006280,3636773.17,3673257.33,3603208.12,33565.049999999814,0.9908
MPLADS-006281,2481293.84,2600838.37,1909562.43,571731.4099999999,0.7696
MPLADS-006282,2875819.11,2944559.59,3746480.97,0.0,1.3028
MPLADS-006283,210261.43,207260.06,210261.43,0.0,1.0
MPLADS-006284,892280.49,889163.85,555516.76,336763.73,0.6226
MPLADS-006285,3178349.98,3322944.96,2091503.63,1086846.35,0.658
MPLADS-006286,1191064.33,1240806.73,1030679.83,160384.50000000012,0.8653
MPLADS-006287,854013.92,843950.04,519829.15,334184.77,0.6087
MPLADS-006288,2400348.52,2378118.71,1835800.79,564547.73,0.7648
MPLADS-006289,782015.35,763768.45,504569.29,277446.06,0.6452
MPLADS-006290,2644585.22,2660720.86,1841294.13,803291.0900000003,0.6963
MPLADS-006291,503592.88,501793.02,315260.6,188332.28000000003,0.626
MPLADS-006292,247234.23,252531.13,234723.43,12510.800000000017,0.9494
MPLADS-006293,1995646.05,2033438.8,1872829.06,122816.98999999999,0.9385
MPLADS-006294,1059209.07,1020201.05,690046.67,369162.4,0.6515
MPLADS-006295,2554844.68,2558302.15,2006915.92,547928.7600000002,0.7855
MPLADS-006296,1622623.23,1659059.92,976118.9,646504.33,0.6016
MPLADS-006297,3160555.43,3285338.4,2982079.69,178475.74000000022,0.9435
MPLADS-006298,8521291.21,8898537.71,6973876.89,1547414.3200000012,0.8184
MPLADS-006299,386431.27,380381.25,274131.43,112299.84000000003,0.7094
MPLADS-006300,1378518.4,1413416.18,1137478.92,241039.47999999998,0.8251
MPLADS-006301,1952270.24,1917630.2,1700025.25,252244.99,0.8708
MPLADS-006302,3481722.66,3530569.43,3272819.3,208903.36000000034,0.94
MPLADS-006303,788376.49,793416.91,614350.48,174026.01,0.7793
MPLADS-006304,774593.18,803444.92,505545.19,269047.99000000005,0.6527
MPLADS-006305,876789.33,843856.2,781216.63,95572.69999999995,0.891
MPLADS-006306,3155585.81,3039286.74,2390524.68,765061.1299999999,0.7576
MPLADS-006307,1714468.67,1786557.32,1036915.22,677553.45,0.6048
MPLADS-006308,769795.61,798682.23,657254.9,112540.70999999996,0.8538
MPLADS-006309,1548563.46,1473559.73,1163739.44,384824.02,0.7515
MPLADS-006310,482894.31,503329.59,620696.58,0.0,1.2854
MPLADS-006311,3681767.15,3823037.97,3144516.43,537250.7199999997,0.8541
MPLADS-006312,2524897.66,2494772.03,2005923.42,518974.2400000002,0.7945
MPLADS-006313,1628657.98,1681540.9,1578136.3,50521.679999999935,0.969
MPLADS-006314,996675.76,1015958.01,989069.38,7606.380000000005,0.9924
MPLADS-006315,2514166.11,2559122.51,2344039.87,170126.23999999976,0.9323
MPLADS-006316,939167.62,896478.58,592880.82,346286.80000000005,0.6313
MPLADS-006317,7839250.31,7610488.14,5024989.17,2814261.1399999997,0.641
MPLADS-006318,2685521.72,2800882.05,1927624.44,757897.2800000003,0.7178
MPLADS-006319,2382349.79,2376935.69,2053071.24,329278.55000000005,0.8618
MPLADS-006320,3685938.17,3681925.41,2481745.89,1204192.2799999998,0.6733
MPLADS-006321,406978.31,396723.97,382148.61,24829.70000000001,0.939
MPLADS-006322,3053230.56,3026515.28,2790230.06,263000.5,0.9139
MPLADS-006323,2721549.41,2605371.72,2444741.76,276807.6500000004,0.8983
MPLADS-006324,1549332.16,1488150.58,1168294.06,381038.09999999986,0.7541
MPLADS-006325,1736780.25,1670860.65,1053779.54,683000.71,0.6067
MPLADS-006326,12488349.48,12743335.26,9845050.05,2643299.4299999997,0.7883
MPLADS-006327,2482268.01,2472450.84,1786719.08,695548.9299999997,0.7198
MPLADS-006328,3773817.33,3780900.73,3503885.25,269932.0800000001,0.9285
MPLADS-006329,1243187.81,1278409.73,749892.13,493295.68000000005,0.6032
MPLADS-006330,950596.95,933801.05,579364.78,371232.1699999999,0.6095
MPLADS-006331,221941.62,215707.76,207045.03,14896.589999999997,0.9329
MPLADS-006332,1014767.41,1029834.01,805215.76,209551.65000000002,0.7935
MPLADS-006333,767743.4,804878.57,495071.0,272672.4,0.6448
MPLADS-006334,2708981.58,2700526.43,1739294.73,969686.8500000001,0.642
MPLADS-006335,2392194.59,2477105.17,3086885.14,0.0,1.2904
MPLADS-006336,2575863.7,2635057.41,2575863.7,0.0,1.0
MPLADS-006337,223809.23,215221.13,193872.52,29936.71000000002,0.8662
MPLADS-006338,743401.25,770726.88,714809.78,28591.469999999972,0.9615
MPLADS-006339,196076.75,190953.78,189504.42,6572.329999999987,0.9665
MPLADS-006340,3280956.29,3388168.76,4451887.75,0.0,1.3569
MPLADS-006341,848401.12,831061.77,723651.24,124749.88,0.853
MPLADS-006342,573777.9,598044.04,471565.02,102212.88,0.8219
MPLADS-006343,1257705.56,1251957.83,1178838.22,78867.34000000008,0.9373
MPLADS-006344,3947643.31,3827424.84,3466047.62,481595.68999999994,0.878
MPLADS-006345,830500.13,861362.89,609588.41,220911.71999999997,0.734
MPLADS-006346,986005.39,1007166.83,897694.64,88310.75,0.9104
MPLADS-006347,2465846.78,2407486.06,2306817.38,159029.3999999999,0.9355
MPLADS-006348,388229.89,378579.78,364936.1,23293.790000000037,0.94
MPLADS-006349,541055.0,520736.33,527170.2,13884.800000000047,0.9743
MPLADS-006350,207246.61,199444.45,291633.88,0.0,1.4072
MPLADS-006351,386439.3,382407.94,272736.27,113703.02999999997,0.7058
MPLADS-006352,782308.24,756209.32,608411.51,173896.72999999998,0.7777
MPLADS-006353,2695450.28,2809129.38,2004914.59,690535.6899999997,0.7438
MPLADS-006354,3986818.45,4070067.1,3666003.21,320815.2400000002,0.9195
MPLADS-006355,555267.33,529977.71,463422.24,91845.08999999997,0.8346
MPLADS-006356,654962.68,626186.98,514646.31,140316.37000000005,0.7858
MPLADS-006357,201393.41,191679.14,179940.05,21453.360000000015,0.8935
MPLADS-006358,487209.61,507452.07,459677.95,27531.659999999974,0.9435
MPLADS-006359,1779402.88,1849362.34,1616928.63,162474.25,0.9087
MPLADS-006360,1710603.52,1634322.7,1702715.41,7888.110000000102,0.9954
MPLADS-006361,477668.06,479840.64,331650.15,146017.90999999997,0.6943
MPLADS-006362,231445.11,239367.39,197189.01,34256.09999999998,0.852
MPLADS-006363,476162.09,463723.65,413037.67,63124.42000000004,0.8674
MPLADS-006364,198908.29,199305.85,157809.65,41098.640000000014,0.7934
MPLADS-006365,461200.38,472669.77,435347.44,25852.940000000002,0.9439
MPLADS-006366,1036287.68,988665.57,681729.96,354557.7200000001,0.6579
MPLADS-006367,2838469.79,2911463.33,2470993.34,367476.4500000002,0.8705
MPLADS-006368,3367809.13,3238647.32,3113460.08,254349.0499999998,0.9245
MPLADS-006369,245625.88,243370.53,158240.14,87385.73999999999,0.6442
MPLADS-006370,502215.09,502722.08,468632.09,33583.0,0.9331
MPLADS-006371,3615536.0,3503457.42,2598209.68,1017326.3199999998,0.7186
MPLADS-006372,528522.85,551284.14,487586.07,40936.77999999997,0.9225
MPLADS-006373,998805.41,1017471.91,634308.31,364497.1,0.6351
MPLADS-006374,705779.0,687035.86,652055.65,53723.34999999998,0.9239
MPLADS-006375,794637.71,819358.88,784930.12,9707.589999999967,0.9878
MPLADS-006376,1210259.39,1168800.15,997780.55,212478.83999999985,0.8244
MPLADS-006377,203112.05,202844.69,164426.31,38685.73999999999,0.8095
MPLADS-006378,1261063.48,1277535.22,1058901.54,202161.93999999994,0.8397
MPLADS-006379,3680434.73,3758103.05,5325132.81,0.0,1.4469
MPLADS-006380,1013988.5,1005989.51,890104.03,123884.46999999997,0.8778
MPLADS-006381,8333322.94,8137492.75,6206997.12,2126325.8200000003,0.7448
MPLADS-006382,1634037.06,1589599.42,1162157.06,471880.0,0.7112
MPLADS-006383,882558.56,865972.4,785065.4,97493.16000000003,0.8895
MPLADS-006384,700563.18,690295.5,518153.5,182409.68000000005,0.7396
MPLADS-006385,6064224.7,5840010.63,5960077.7,104147.0,0.9828
MPLADS-006386,1305091.27,1333701.28,881841.28,423249.99,0.6757
MPLADS-006387,855131.08,854844.08,803823.22,51307.859999999986,0.94
MPLADS-006388,1251699.16,1207772.99,1128160.29,123538.86999999988,0.9013
MPLADS-006389,2503535.98,2622844.66,2029465.88,474070.1000000001,0.8106
MPLADS-006390,1418432.09,1422482.18,1235684.62,182747.46999999997,0.8712
MPLADS-006391,3244156.86,3239559.77,2953311.3,290845.56000000006,0.9103
MPLADS-006392,2773113.65,2786286.62,2119314.52,653799.1299999999,0.7642
MPLADS-006393,9749849.09,9408015.46,8997563.34,752285.75,0.9228
MPLADS-006394,1606325.15,1571627.35,1464980.47,141344.67999999993,0.912
MPLADS-006395,738400.88,769857.15,644328.04,94072.83999999997,0.8726
MPLADS-006396,1847399.51,1918439.83,1407745.94,439653.57000000007,0.762
MPLADS-006397,1001537.41,1031399.14,867496.99,134040.42000000004,0.8662
MPLADS-006398,8238440.89,8136562.37,7684558.95,553881.9399999995,0.9328
MPLADS-006399,3322774.19,3466771.95,2418217.22,904556.9699999997,0.7278
MPLADS-006400,1361935.43,1338581.64,1164203.42,197732.01,0.8548
MPLADS-006401,422100.03,440670.27,335913.0,86187.03000000003,0.7958
MPLADS-006402,11149952.65,11086275.22,10817637.9,332314.75,0.9702
MPLADS-006403,3203538.54,3044210.34,3104169.82,99368.7200000002,0.969
MPLADS-006404,2282174.45,2217942.84,2282174.45,0.0,1.0
MPLADS-006405,516213.71,506457.17,424219.99,91993.72000000003,0.8218
MPLADS-006406,423901.81,430956.49,334624.7,89277.10999999999,0.7894
MPLADS-006407,2525300.85,2582251.36,2525300.85,0.0,1.0
MPLADS-006408,2305799.55,2358747.13,1854033.3,451766.24999999977,0.8041
MPLADS-006409,1929427.81,1959490.26,1208053.88,721373.9300000002,0.6261
MPLADS-006410,2722249.94,2685064.85,2563082.57,159167.3700000001,0.9415
MPLADS-006411,511843.51,519934.39,338632.57,173210.94,0.6616
MPLADS-006412,3757193.66,3934264.7,2837451.1,919742.56,0.7552
MPLADS-006413,3047909.07,3138927.02,2865034.53,182874.54000000004,0.94
MPLADS-006414,2695082.5,2573257.25,2544029.09,151053.41000000015,0.944
MPLADS-006415,199816.45,209746.06,184581.25,15235.200000000012,0.9238
MPLADS-006416,757980.37,793622.13,757980.37,0.0,1.0
MPLADS-006417,3009960.83,3019439.96,2032404.78,977556.05,0.6752
MPLADS-006418,1161161.67,1169136.78,950202.06,210959.60999999987,0.8183
MPLADS-006419,10704408.59,10466362.91,8559976.4,2144432.1899999995,0.7997
MPLADS-006420,191784.36,189511.21,161427.59,30356.76999999999,0.8417
MPLADS-006421,1346388.59,1409527.4,847267.06,499121.53,0.6293
MPLADS-006422,2837451.68,2818266.67,2754405.52,83046.16000000015,0.9707
MPLADS-006423,830528.07,805278.36,1168863.08,0.0,1.4074
MPLADS-006424,1758067.44,1786897.88,1248267.3,509800.1399999999,0.71
MPLADS-006425,3205574.18,3170254.1,3125172.86,80401.3200000003,0.9749
MPLADS-006426,460727.08,453288.08,382062.74,78664.34000000003,0.8293
MPLADS-006427,2528980.79,2439664.79,3269864.11,0.0,1.293
MPLADS-006428,1361708.34,1308816.31,1018828.22,342880.1200000001,0.7482
MPLADS-006429,209321.11,205197.37,192299.26,17021.849999999977,0.9187
MPLADS-006430,383684.11,364950.77,299220.61,84463.5,0.7799
MPLADS-006431,1065260.52,1045748.78,1515842.14,0.0,1.423
MPLADS-006432,565350.51,582815.97,468720.01,96630.5,0.8291
MPLADS-006433,465358.97,483178.28,442063.68,23295.28999999998,0.9499
MPLADS-006434,2464956.35,2446772.96,1544460.29,920496.06,0.6266
MPLADS-006435,3010124.37,3034435.74,1876866.81,1133257.56,0.6235
MPLADS-006436,1861996.94,1797226.53,1750277.12,111719.81999999983,0.94
MPLADS-006437,1596928.63,1569426.14,1464240.63,132688.0,0.9169
MPLADS-006438,904418.93,903309.26,1211394.5,0.0,1.3394
MPLADS-006439,225589.11,215161.2,223718.11,1871.0,0.9917
MPLADS-006440,464288.19,448047.2,462995.65,1292.539999999979,0.9972
MPLADS-006441,567339.41,580237.05,526567.96,40771.45000000007,0.9281
MPLADS-006442,846578.28,860645.62,1067618.75,0.0,1.2611
MPLADS-006443,1350301.18,1357041.04,1156111.15,194190.03000000003,0.8562
MPLADS-006444,2831367.28,2849183.91,2448408.35,382958.9299999997,0.8647
MPLADS-006445,193579.67,202574.45,184103.29,9476.380000000005,0.951
MPLADS-006446,2353155.52,2264594.57,1535300.06,817855.46,0.6524
MPLADS-006447,389540.79,391837.83,279621.83,109918.95999999996,0.7178
MPLADS-006448,2716135.25,2611970.14,1682245.68,1033889.5700000001,0.6194
MPLADS-006449,549796.5,538839.32,516808.71,32987.78999999998,0.94
MPLADS-006450,445938.9,448840.13,337405.2,108533.70000000001,0.7566
MPLADS-006451,1043535.61,1087131.15,802051.79,241483.81999999995,0.7686
MPLADS-006452,518912.49,506456.78,484413.23,34499.26000000001,0.9335
MPLADS-006453,2143538.19,2144118.13,1609148.71,534389.48,0.7507
MPLADS-006454,558740.48,569545.68,340402.25,218338.22999999998,0.6092
MPLADS-006455,473228.63,480661.78,313238.88,159989.75,0.6619
MPLADS-006456,899018.3,870000.43,631970.52,267047.78,0.703
MPLADS-006457,1625720.24,1590486.86,1060989.39,564730.8500000001,0.6526
MPLADS-006458,2901816.31,2776937.88,2452910.62,448905.68999999994,0.8453
MPLADS-006459,2454041.5,2519029.48,2151954.72,302086.7799999998,0.8769
MPLADS-006460,1794993.76,1787212.75,1121982.46,673011.3,0.6251
MPLADS-006461,472789.57,474920.94,383603.94,89185.63,0.8114
MPLADS-006462,2548323.8,2552945.26,1967232.31,581091.4899999998,0.772
MPLADS-006463,1546167.15,1548502.11,1395395.42,150771.72999999998,0.9025
MPLADS-006464,506527.07,495405.01,344821.14,161705.93,0.6808
MPLADS-006465,821924.88,814538.83,620803.33,201121.55000000005,0.7553
MPLADS-006466,219320.6,211816.31,139132.0,80188.6,0.6344
MPLADS-006467,494881.31,502398.77,418776.66,76104.65000000002,0.8462
MPLADS-006468,817849.6,806822.39,767441.05,50408.54999999993,0.9384
MPLADS-006469,225726.26,231548.42,190852.13,34874.130000000005,0.8455
MPLADS-006470,1010330.76,974959.13,775733.35,234597.41000000003,0.7678
MPLADS-006471,435435.99,445976.12,296783.17,138652.82,0.6816
MPLADS-006472,470462.77,485843.59,384162.91,86299.86000000004,0.8166
MPLADS-006473,871707.71,892640.03,856903.96,14803.75,0.983
MPLADS-006474,199940.97,205509.87,181649.92,18291.04999999999,0.9085
MPLADS-006475,502008.32,484105.93,452369.02,49639.29999999999,0.9011
MPLADS-006476,396144.0,398478.83,389981.62,6162.380000000005,0.9844
MPLADS-006477,1923977.79,2019196.88,1719599.22,204378.57000000007,0.8938
MPLADS-006478,468655.13,488318.3,316399.79,152255.34000000003,0.6751
MPLADS-006479,3603570.64,3606874.14,3509057.44,94513.20000000019,0.9738
MPLADS-006480,1243184.41,1198721.89,944924.93,298259.47999999986,0.7601
MPLADS-006481,512712.65,533137.82,384877.42,127835.23000000004,0.7507
MPLADS-006482,394789.02,387419.71,366997.82,27791.20000000001,0.9296
MPLADS-006483,2827901.56,2858716.54,2662708.25,165193.31000000006,0.9416
MPLADS-006484,8699948.77,9085131.64,8199736.53,500212.2399999993,0.9425
MPLADS-006485,10791743.91,10997064.39,8350397.26,2441346.6500000004,0.7738
MPLADS-006486,2632948.62,2561647.01,2203693.62,429255.0,0.837
MPLADS-006487,3587916.99,3469491.38,2693434.27,894482.7200000002,0.7507
MPLADS-006488,533078.92,558766.61,666487.98,0.0,1.2503
MPLADS-006489,1832855.49,1858791.03,1777149.89,55705.60000000009,0.9696
MPLADS-006490,3318317.22,3379935.66,2606306.18,712011.04,0.7854
MPLADS-006491,223024.94,225661.06,213653.42,9371.51999999999,0.958
MPLADS-006492,3139298.03,3131286.54,3137147.03,2151.0,0.9993
MPLADS-006493,3133777.39,3285167.08,2336778.13,796999.2600000002,0.7457
MPLADS-006494,566731.74,594251.13,734026.29,0.0,1.2952
MPLADS-006495,484800.8,498271.12,407340.43,77460.37,0.8402
MPLADS-006496,243219.73,240483.8,228626.55,14593.180000000022,0.94
MPLADS-006497,971071.52,936585.25,616570.7,354500.82000000007,0.6349
MPLADS-006498,5421609.6,5304024.95,3764639.96,1656969.6399999997,0.6944
MPLADS-006499,3051542.51,3096533.56,3049899.23,1643.279999999795,0.9995
MPLADS-006500,816021.24,809469.95,674157.66,141863.57999999996,0.8262
MPLADS-006501,2921175.69,2930464.52,2921175.69,0.0,1.0
MPLADS-006502,1111478.2,1087552.78,776460.93,335017.2699999999,0.6986
MPLADS-006503,1648994.53,1702458.71,1095801.92,553192.6100000001,0.6645
MPLADS-006504,2215204.49,2241358.22,1494334.17,720870.3200000003,0.6746
MPLADS-006505,1174451.51,1122008.85,1043081.06,131370.44999999995,0.8881
MPLADS-006506,433803.77,433038.3,428348.96,5454.809999999998,0.9874
MPLADS-006507,715706.72,749521.17,565928.69,149778.03000000003,0.7907
MPLADS-006508,1966497.99,2004526.31,1859904.94,106593.05000000005,0.9458
MPLADS-006509,406104.87,389490.11,244573.98,161530.88999999998,0.6022
MPLADS-006510,2425807.31,2410437.01,2042305.25,383502.06000000006,0.8419
MPLADS-006511,842940.29,825385.15,753421.6,89518.69000000006,0.8938
MPLADS-006512,658543.75,661589.2,404984.66,253559.09000000003,0.615
MPLADS-006513,5797809.83,5610599.27,4604128.2,1193681.63,0.7941
MPLADS-006514,973869.09,1017963.27,879771.12,94097.96999999997,0.9034
MPLADS-006515,2436069.47,2531149.2,1506793.23,929276.2400000002,0.6185
MPLADS-006516,9176072.9,9332257.45,8427095.63,748977.2699999996,0.9184
MPLADS-006517,1946334.26,2023203.07,1698486.36,247847.8999999999,0.8727
MPLADS-006518,2980183.55,2973159.13,2735584.82,244598.72999999998,0.9179
MPLADS-006519,896382.31,892225.27,843591.66,52790.65000000002,0.9411
MPLADS-006520,1025286.45,1016544.33,675638.96,349647.49,0.659
MPLADS-006521,7974169.1,8295065.48,7506055.13,468113.96999999974,0.9413
MPLADS-006522,439460.59,458250.93,406189.62,33270.97000000003,0.9243
MPLADS-006523,249288.58,248289.26,155248.64,94039.93999999997,0.6228
MPLADS-006524,3035433.57,2908950.21,2841824.58,193608.98999999976,0.9362
MPLADS-006525,694326.67,693979.85,551586.48,142740.19000000006,0.7944
MPLADS-006526,11179769.15,11121646.68,10408307.74,771461.4100000001,0.931
MPLADS-006527,2844359.09,2787873.47,2704037.78,140321.31000000006,0.9507
MPLADS-006528,926546.98,903014.79,758613.69,167933.29000000004,0.8188
MPLADS-006529,2203163.81,2103367.76,2032859.96,170303.8500000001,0.9227
MPLADS-006530,227681.9,228367.07,157139.13,70542.76999999999,0.6902
MPLADS-006531,1088504.21,1090200.39,1066830.63,21673.580000000075,0.9801
MPLADS-006532,743129.85,752928.86,604953.01,138176.83999999997,0.8141
MPLADS-006533,238781.08,231212.35,144688.32,94092.75999999998,0.6059
MPLADS-006534,7445348.3,7681671.08,5860420.64,1584927.6600000001,0.7871
MPLADS-006535,1272217.42,1260211.1,1231261.64,40955.78000000003,0.9678
MPLADS-006536,490633.02,477197.91,438023.25,52609.77000000002,0.8928
MPLADS-006537,3796496.36,3958407.42,3449120.63,347375.73,0.9085
MPLADS-006538,1640398.17,1708976.17,1202925.73,437472.43999999994,0.7333
MPLADS-006539,3413139.9,3271708.94,3022948.88,390191.02,0.8857
MPLADS-006540,1596692.07,1663210.69,1018871.61,577820.4600000001,0.6381
MPLADS-006541,3146595.87,3112634.44,2664563.11,482032.76000000024,0.8468
MPLADS-006542,3529919.88,3390219.83,3196634.65,333285.23,0.9056
MPLADS-006543,3203439.22,3098967.32,2034104.26,1169334.9600000002,0.635
MPLADS-006544,209558.28,202003.33,140621.48,68936.79999999999,0.671
MPLADS-006545,2375380.81,2401836.44,1596334.42,779046.3900000001,0.672
MPLADS-006546,2705319.88,2835635.1,1819064.64,886255.24,0.6724
MPLADS-006547,481605.67,488566.17,335654.26,145951.40999999997,0.6969
MPLADS-006548,1040532.97,1052317.43,788627.02,251905.94999999995,0.7579
MPLADS-006549,738585.29,703550.11,699883.91,38701.380000000005,0.9476
MPLADS-006550,7021375.03,7232457.01,6192527.76,828847.2700000005,0.882
MPLADS-006551,1078568.64,1099726.92,931725.03,146843.60999999987,0.8639
MPLADS-006552,1183334.57,1219634.41,1003544.8,179789.77000000002,0.8481
MPLADS-006553,748685.65,733519.14,661876.16,86809.48999999999,0.8841
MPLADS-006554,798101.54,758350.57,504254.19,293847.35000000003,0.6318
MPLADS-006555,497203.53,509227.05,381807.82,115395.71000000002,0.7679
MPLADS-006556,210387.88,200834.5,155325.5,55062.380000000005,0.7383
MPLADS-006557,1165602.13,1160130.96,831750.84,333851.2899999999,0.7136
MPLADS-006558,447397.0,434803.43,566221.46,0.0,1.2656
MPLADS-006559,520068.75,513678.01,517866.08,2202.6699999999837,0.9958
MPLADS-006560,1759892.43,1796363.59,1738362.99,21529.439999999944,0.9878
MPLADS-006561,1256009.33,1308951.26,1243885.33,12124.0,0.9903
MPLADS-006562,3359021.08,3266185.41,4539965.59,0.0,1.3516
MPLADS-006563,3367268.89,3475501.73,3007481.03,359787.86000000034,0.8932
MPLADS-006564,935918.49,919025.94,916482.76,19435.72999999998,0.9792
MPLADS-006565,196318.51,190499.28,184539.4,11779.110000000015,0.94
MPLADS-006566,899931.02,914770.59,543722.1,356208.92000000004,0.6042
MPLADS-006567,1114976.86,1160833.83,1025595.36,89381.50000000012,0.9198
MPLADS-006568,1589192.65,1568432.38,1152675.92,436516.73,0.7253
MPLADS-006569,438273.14,433167.92,306588.49,131684.65000000002,0.6995
MPLADS-006570,4019377.78,4175222.72,3732020.98,287356.7999999998,0.9285
MPLADS-006571,498692.14,497901.09,410298.96,88393.18,0.8228
MPLADS-006572,2194098.19,2100823.43,1369653.84,824444.3499999999,0.6242
MPLADS-006573,1656477.69,1657982.0,1233967.28,422510.4099999999,0.7449
MPLADS-006574,9016312.12,9020276.16,5753223.32,3263088.799999999,0.6381
MPLADS-006575,859342.56,878585.38,563469.3,295873.26,0.6557
MPLADS-006576,961705.76,990956.69,733001.9,228703.86,0.7622
MPLADS-006577,482785.22,505432.22,456872.34,25912.879999999946,0.9463
MPLADS-006578,3021246.47,2935812.14,3014881.13,6365.340000000317,0.9979
MPLADS-006579,1859320.24,1841544.36,1653131.18,206189.06000000006,0.8891
MPLADS-006580,927777.66,904385.81,910956.1,16821.560000000056,0.9819
MPLADS-006581,1252512.58,1229962.53,764579.2,487933.3800000001,0.6104
MPLADS-006582,3248550.53,3406582.63,2316391.29,932159.2399999998,0.7131
MPLADS-006583,825580.46,821518.5,750541.02,75039.43999999994,0.9091
MPLADS-006584,1809352.81,1749180.27,1294072.87,515279.93999999994,0.7152
MPLADS-006585,757390.43,790397.14,520220.9,237169.53000000003,0.6869
MPLADS-006586,948821.2,976356.02,926021.77,22799.429999999935,0.976
MPLADS-006587,3334340.89,3262646.16,2971446.34,362894.5500000003,0.8912
MPLADS-006588,1511871.54,1565892.4,1006011.58,505859.9600000001,0.6654
MPLADS-006589,701734.48,702192.71,687138.27,14596.209999999963,0.9792
MPLADS-006590,2509781.0,2561744.91,2359194.14,150586.85999999987,0.94
MPLADS-006591,232064.7,231611.06,150867.85,81196.85,0.6501
MPLADS-006592,553650.18,552989.51,481112.07,72538.11000000004,0.869
MPLADS-006593,868712.64,865921.3,785991.82,82720.82000000007,0.9048
MPLADS-006594,207674.61,204009.1,147152.51,60522.09999999998,0.7086
MPLADS-006595,2213710.48,2207861.3,2046197.16,167513.32000000007,0.9243
MPLADS-006596,3148572.12,3210749.62,2959657.79,188914.33000000007,0.94
MPLADS-006597,1796894.48,1708077.53,1477965.84,318928.6399999999,0.8225
MPLADS-006598,1645120.87,1715345.58,1473163.68,171957.19000000018,0.8955
MPLADS-006599,690337.5,722484.33,689823.97,513.5300000000279,0.9993
MPLADS-006600,2769512.36,2907956.18,2754146.91,15365.44999999972,0.9945
MPLADS-006601,1267359.18,1312478.36,1099683.4,167675.78000000003,0.8677
MPLADS-006602,465716.59,486320.49,441782.44,23934.150000000023,0.9486
MPLADS-006603,1582969.78,1624761.14,1149343.78,433626.0,0.7261
MPLADS-006604,3869899.44,3839647.86,3132942.86,736956.5800000001,0.8096
MPLADS-006605,1610421.79,1689553.28,1513796.48,96625.31000000006,0.94
MPLADS-006606,832338.2,846317.48,811772.27,20565.929999999935,0.9753
MPLADS-006607,3148114.33,3077535.95,3002832.43,145281.8999999999,0.9539
MPLADS-006608,462347.52,478162.83,434606.67,27740.850000000035,0.94
MPLADS-006609,2494008.79,2559783.01,1776695.34,717313.45,0.7124
MPLADS-006610,1927788.09,1900729.85,1780702.7,147085.39000000013,0.9237
MPLADS-006611,247635.86,239580.96,163811.4,83824.45999999999,0.6615
MPLADS-006612,863714.4,880164.18,760225.5,103488.90000000002,0.8802
MPLADS-006613,429234.57,445026.47,363623.55,65611.02000000002,0.8471
MPLADS-006614,480176.07,493564.92,329096.88,151079.19,0.6854
MPLADS-006615,250960.81,259632.6,210918.25,40042.56,0.8404
MPLADS-006616,2638735.6,2594557.57,2024951.81,613783.79,0.7674
MPLADS-006617,205338.54,199623.84,127798.91,77539.63,0.6224
MPLADS-006618,3066606.2,3082978.45,2009594.79,1057011.4100000001,0.6553
MPLADS-006619,2702733.05,2585924.1,2133405.81,569327.2399999998,0.7894
MPLADS-006620,1055260.26,1084219.96,1356044.5,0.0,1.285
MPLADS-006621,772402.04,800173.8,663843.52,108558.52000000002,0.8595
MPLADS-006622,677140.68,676144.14,413437.71,263702.97000000003,0.6106
MPLADS-006623,414346.23,425565.39,344006.55,70339.68,0.8302
MPLADS-006624,426135.9,424938.67,426135.9,0.0,1.0
MPLADS-006625,789787.11,803484.44,480333.33,309453.77999999997,0.6082
MPLADS-006626,554080.25,571873.68,544563.9,9516.349999999977,0.9828
MPLADS-006627,496251.87,476719.17,449399.61,46852.26000000001,0.9056
MPLADS-006628,9376341.71,9690694.75,6700885.6,2675456.1100000013,0.7147
MPLADS-006629,2513102.21,2618575.35,1702276.14,810826.0700000001,0.6774
MPLADS-006630,3981881.29,4162678.35,5039275.66,0.0,1.2656
MPLADS-006631,1852588.2,1867735.79,1846593.36,5994.839999999851,0.9968
MPLADS-006632,218223.12,225588.69,205129.73,13093.389999999985,0.94
MPLADS-006633,2521075.4,2411003.29,2349881.64,171193.75999999978,0.9321
MPLADS-006634,812541.52,784517.51,723520.6,89020.92000000004,0.8904
MPLADS-006635,423790.37,420479.39,356085.7,67704.66999999998,0.8402
MPLADS-006636,559919.72,581313.81,395447.4,164472.31999999995,0.7063
MPLADS-006637,2214762.17,2219587.68,2074373.32,140388.84999999986,0.9366
MPLADS-006638,2224049.85,2277420.08,2179212.32,44837.53000000026,0.9798
MPLADS-006639,5171440.67,5192671.27,4214538.91,956901.7599999998,0.815
MPLADS-006640,1724102.82,1762032.34,1306378.41,417724.41000000015,0.7577
MPLADS-006641,2060285.68,2148216.13,1906014.13,154271.55000000005,0.9251
MPLADS-006642,1117490.02,1153006.98,990692.01,126798.01000000001,0.8865
MPLADS-006643,437639.61,424586.93,335024.73,102614.88,0.7655
MPLADS-006644,2734544.69,2752319.64,1705316.11,1029228.5799999998,0.6236
MPLADS-006645,895197.0,907857.16,805271.97,89925.03000000003,0.8995
MPLADS-006646,244208.61,256222.49,189300.19,54908.419999999984,0.7752
MPLADS-006647,205846.88,213133.25,192025.39,13821.48999999999,0.9329
MPLADS-006648,477835.51,490494.14,337216.18,140619.33000000002,0.7057
MPLADS-006649,793377.18,781171.19,696503.14,96874.04000000004,0.8779
MPLADS-006650,478576.49,480799.93,359491.71,119084.77999999997,0.7512
MPLADS-006651,926109.23,884002.76,789567.8,136541.42999999993,0.8526
MPLADS-006652,3589113.07,3561504.97,2605979.47,983133.5999999996,0.7261
MPLADS-006653,248882.13,260924.64,156356.2,92525.93,0.6282
MPLADS-006654,2520783.75,2565023.37,1698820.29,821963.46,0.6739
MPLADS-006655,5947938.25,5990034.65,5381971.17,565967.0800000001,0.9048
MPLADS-006656,512400.47,531409.34,504499.12,7901.349999999977,0.9846
MPLADS-006657,4543419.87,4519880.75,4265888.8,277531.0700000003,0.9389
MPLADS-006658,985704.31,998167.53,679928.01,305776.30000000005,0.6898
MPLADS-006659,2654773.15,2669284.59,3606545.02,0.0,1.3585
MPLADS-006660,512670.2,515371.54,393777.78,118892.41999999998,0.7681
MPLADS-006661,2700726.67,2802373.06,2700726.67,0.0,1.0
MPLADS-006662,1232421.8,1240076.44,1076975.56,155446.24,0.8739
MPLADS-006663,391769.51,380781.27,261017.61,130751.90000000002,0.6663
MPLADS-006664,6478193.57,6178054.18,4179249.4,2298944.1700000004,0.6451
MPLADS-006665,744184.1,780922.31,555566.09,188618.01,0.7465
MPLADS-006666,1140874.31,1133026.41,690582.49,450291.82000000007,0.6053
MPLADS-006667,214298.12,221998.73,154467.29,59830.82999999999,0.7208
MPLADS-006668,460829.69,461116.77,566554.49,0.0,1.2294
MPLADS-006669,2785344.97,2816812.98,2563293.09,222051.88000000035,0.9203
MPLADS-006670,684415.66,673133.82,533013.96,151401.70000000007,0.7788
MPLADS-006671,1714843.73,1632390.44,1396130.68,318713.05000000005,0.8141
MPLADS-006672,2867107.55,2907560.15,4037044.55,0.0,1.4081
MPLADS-006673,10045702.57,9632072.69,9171790.88,873911.6899999995,0.913
MPLADS-006674,1792029.78,1782529.39,1431269.87,360759.9099999999,0.7987
MPLADS-006675,2568766.13,2566241.74,2156377.67,412388.45999999996,0.8395
MPLADS-006676,979519.87,990796.73,791128.01,188391.86,0.8077
MPLADS-006677,493786.69,469870.67,357477.36,136309.33000000002,0.724
MPLADS-006678,3250758.96,3108678.83,2194739.05,1056019.9100000001,0.6751
MPLADS-006679,534907.07,511992.63,443567.51,91339.55999999994,0.8292
MPLADS-006680,1176491.39,1181791.64,860039.03,316452.35999999987,0.731
MPLADS-006681,825265.89,784436.69,517171.98,308093.91000000003,0.6267
MPLADS-006682,491552.87,493970.82,365301.3,126251.57,0.7432
MPLADS-006683,3833789.27,3713409.08,2677873.14,1155916.13,0.6985
MPLADS-006684,193169.58,185340.65,188665.52,4504.059999999998,0.9767
MPLADS-006685,1043876.05,1010608.92,635147.08,408728.9700000001,0.6085
MPLADS-006686,208149.6,206759.03,185914.1,22235.5,0.8932
MPLADS-006687,555686.75,564472.54,464190.93,91495.82,0.8353
MPLADS-006688,2854870.94,2762018.47,2091969.95,762900.99,0.7328
MPLADS-006689,425320.22,420052.51,363683.17,61637.04999999999,0.8551
MPLADS-006690,1097407.03,1080574.63,957157.89,140249.14,0.8722
MPLADS-006691,500830.1,512757.28,343559.4,157270.69999999995,0.686
MPLADS-006692,823182.79,789712.21,591104.01,232078.78000000003,0.7181
MPLADS-006693,1124217.51,1113366.38,1056764.46,67453.05000000005,0.94
MPLADS-006694,1034672.23,1060135.96,927707.88,106964.34999999998,0.8966
MPLADS-006695,772865.87,799583.36,572090.29,200775.57999999996,0.7402
MPLADS-006696,3710299.56,3554780.68,2891482.66,818816.8999999999,0.7793
MPLADS-006697,1630420.51,1675232.28,1607735.7,22684.810000000056,0.9861
MPLADS-006698,2786391.03,2885029.36,2654277.67,132113.35999999987,0.9526
MPLADS-006699,863624.46,893987.06,863624.46,0.0,1.0
MPLADS-006700,2611586.59,2531661.08,1935100.79,676485.7999999998,0.741
MPLADS-006701,1991186.48,1893279.79,2624829.32,0.0,1.3182
MPLADS-006702,1879050.32,1936157.72,1678842.87,200207.44999999995,0.8935
MPLADS-006703,3850334.17,3869669.21,3636047.77,214286.3999999999,0.9443
MPLADS-006704,1313239.28,1340157.81,1111538.7,201700.58000000007,0.8464
MPLADS-006705,2268276.64,2316915.36,2117764.96,150511.68000000017,0.9336
MPLADS-006706,853784.48,829189.65,718273.78,135510.69999999995,0.8413
MPLADS-006707,1378707.03,1398296.27,1221848.99,156858.04000000004,0.8862
MPLADS-006708,486711.37,463093.99,473761.82,12949.549999999988,0.9734
MPLADS-006709,3022111.51,3000898.55,2880367.79,141743.71999999974,0.9531
MPLADS-006710,243155.98,238614.85,171714.91,71441.07,0.7062
MPLADS-006711,3446417.1,3393682.2,3162744.46,283672.64000000013,0.9177
MPLADS-006712,533143.94,511536.44,751359.55,0.0,1.4093
MPLADS-006713,845718.69,855803.51,585236.09,260482.59999999998,0.692
MPLADS-006714,2716918.53,2758917.26,2104902.11,612016.4199999999,0.7747
MPLADS-006715,2407807.73,2457509.05,1848849.57,558958.1599999999,0.7679
MPLADS-006716,404604.54,386095.81,350193.82,54410.71999999997,0.8655
MPLADS-006717,3068399.11,3141627.82,2876819.61,191579.5,0.9376
MPLADS-006718,648719.63,649703.48,540042.91,108676.71999999997,0.8325
MPLADS-006719,2772511.74,2758866.93,2324296.73,448215.01000000024,0.8383
MPLADS-006720,197043.87,203427.44,152280.58,44763.29000000001,0.7728
MPLADS-006721,2825701.07,2744986.02,2018616.05,807085.0199999998,0.7144
MPLADS-006722,2417778.49,2390790.75,1486295.62,931482.8700000001,0.6147
MPLADS-006723,3133750.66,3004985.19,2893662.98,240087.68000000017,0.9234
MPLADS-006724,859782.75,889033.43,824527.15,35255.59999999998,0.959
MPLADS-006725,3208474.66,3138460.43,3052872.59,155602.0700000003,0.9515
MPLADS-006726,3090812.23,2938293.71,2769709.3,321102.93000000017,0.8961
MPLADS-006727,1277393.93,1259804.77,959655.9,317738.0299999999,0.7513
MPLADS-006728,830469.47,848289.64,775613.81,54855.659999999916,0.9339
MPLADS-006729,983059.99,1023542.01,919938.27,63121.71999999997,0.9358
MPLADS-006730,3318014.8,3387920.51,2914844.28,403170.52,0.8785
MPLADS-006731,3130236.73,3240912.43,2942422.53,187814.2000000002,0.94
MPLADS-006732,1773999.32,1820851.02,1704395.22,69604.1000000001,0.9608
MPLADS-006733,1152839.07,1117185.41,1083668.73,69170.34000000008,0.94
MPLADS-006734,193949.09,191416.58,193949.09,0.0,1.0
MPLADS-006735,766668.5,784471.52,712869.56,53798.939999999944,0.9298
MPLADS-006736,396471.1,398989.83,308274.39,88196.70999999996,0.7775
MPLADS-006737,859041.0,900133.8,549027.03,310013.97,0.6391
MPLADS-006738,768476.21,779904.02,584267.44,184208.77000000002,0.7603
MPLADS-006739,392569.64,404246.43,249435.59,143134.05000000002,0.6354
MPLADS-006740,502110.75,477750.33,425508.4,76602.34999999998,0.8474
MPLADS-006741,12525538.28,13086192.02,7854599.87,4670938.409999999,0.6271
MPLADS-006742,2457485.3,2360147.9,1601014.31,856470.9899999998,0.6515
MPLADS-006743,208147.58,215370.91,208147.58,0.0,1.0
MPLADS-006744,2445386.31,2460014.35,1514252.28,931134.03,0.6192
MPLADS-006745,3821599.19,3748216.07,2842528.29,979070.8999999999,0.7438
MPLADS-006746,749181.04,777876.61,552352.87,196828.17000000004,0.7373
MPLADS-006747,3848751.29,3867136.2,2369626.75,1479124.54,0.6157
MPLADS-006748,2162834.11,2245732.6,2121251.95,41582.15999999968,0.9808
MPLADS-006749,795031.05,759331.14,601977.66,193053.39,0.7572
MPLADS-006750,1092912.44,1124507.74,1077057.84,15854.59999999986,0.9855
MPLADS-006751,3300079.95,3244688.24,3229146.15,70933.80000000028,0.9785
MPLADS-006752,3716571.19,3871247.1,3329736.29,386834.8999999999,0.8959
MPLADS-006753,1564278.45,1498322.91,1138353.09,425925.35999999987,0.7277
MPLADS-006754,1332295.03,1389136.95,1009146.85,323148.18000000005,0.7574
MPLADS-006755,2724966.22,2744903.88,2107338.77,617627.4500000002,0.7733
MPLADS-006756,1001978.85,1040806.02,1416748.03,0.0,1.414
MPLADS-006757,4293749.19,4339860.26,4129040.63,164708.56000000052,0.9616
MPLADS-006758,680881.62,671221.04,593100.9,87780.71999999997,0.8711
MPLADS-006759,454861.95,453460.69,454861.95,0.0,1.0
MPLADS-006760,1101898.92,1070470.68,797955.95,303942.97,0.7242
MPLADS-006761,1643445.65,1609623.79,1149290.19,494155.45999999996,0.6993
MPLADS-006762,2227162.92,2238974.61,1722193.0,504969.9199999999,0.7733
MPLADS-006763,2381517.02,2462252.11,1881595.63,499921.39000000013,0.7901
MPLADS-006764,2524219.57,2463955.68,2098587.56,425632.0099999998,0.8314
MPLADS-006765,467549.51,477843.19,393453.41,74096.10000000003,0.8415
MPLADS-006766,481972.04,466435.58,381150.53,100821.50999999995,0.7908
MPLADS-006767,2543367.53,2593577.03,2355957.5,187410.0299999998,0.9263
MPLADS-006768,1960369.19,1951266.57,1798580.09,161789.09999999986,0.9175
MPLADS-006769,3558789.82,3699443.94,2634110.87,924678.9499999997,0.7402
MPLADS-006770,814803.99,853623.26,530930.37,283873.62,0.6516
MPLADS-006771,2240572.65,2337945.13,1674950.46,565622.19,0.7476
MPLADS-006772,2034045.38,1952989.36,1948717.06,85328.31999999983,0.958
MPLADS-006773,2999804.2,2898791.16,2900562.49,99241.70999999996,0.9669
MPLADS-006774,2332799.9,2282590.05,2290404.93,42394.96999999974,0.9818
MPLADS-006775,3808983.99,3911562.53,3120856.43,688127.56,0.8193
MPLADS-006776,967423.81,952360.87,659037.13,308386.68000000005,0.6812
MPLADS-006777,225228.64,221738.0,172249.6,52979.04000000001,0.7648
MPLADS-006778,823793.57,794721.74,620719.93,203073.6399999999,0.7535
MPLADS-006779,1365918.85,1315068.89,1339936.23,25982.62000000011,0.981
MPLADS-006780,439015.51,459679.78,312592.63,126422.88,0.712
MPLADS-006781,1079006.82,1040544.32,1025615.52,53391.30000000005,0.9505
MPLADS-006782,1331518.42,1339721.24,1291152.6,40365.81999999983,0.9697
MPLADS-006783,1938735.04,2033583.93,1366295.67,572439.3700000001,0.7047
MPLADS-006784,470614.45,458182.43,288488.4,182126.05,0.613
MPLADS-006785,1117661.77,1134038.6,815271.66,302390.11,0.7294
MPLADS-006786,3844594.37,3915369.65,3180620.67,663973.7000000002,0.8273
MPLADS-006787,2524767.43,2414001.3,2240728.01,284039.4200000004,0.8875
MPLADS-006788,647530.31,621086.84,470550.22,176980.09000000008,0.7267
MPLADS-006789,1931065.83,2024266.25,1459169.11,471896.72,0.7556
MPLADS-006790,833792.41,868773.29,524976.41,308816.0,0.6296
MPLADS-006791,231851.56,225359.26,203980.8,27870.76000000001,0.8798
MPLADS-006792,2662285.8,2559116.59,2661930.15,355.64999999990687,0.9999
MPLADS-006793,492615.93,477125.21,325800.9,166815.02999999997,0.6614
MPLADS-006794,214692.09,216801.74,157417.86,57274.23000000001,0.7332
MPLADS-006795,427801.88,441574.69,298660.12,129141.76000000001,0.6981
MPLADS-006796,11035503.07,10644974.7,10338087.13,697415.9399999995,0.9368
MPLADS-006797,736184.94,744595.87,503743.86,232441.07999999996,0.6843
MPLADS-006798,2194952.92,2096251.17,2094624.84,100328.07999999984,0.9543
MPLADS-006799,2257898.99,2253242.56,1914144.15,343754.8400000003,0.8478
MPLADS-006800,1027836.65,997391.41,872417.71,155418.94000000006,0.8488
MPLADS-006801,483252.95,505100.27,402536.54,80716.41000000003,0.833
MPLADS-006802,4761261.17,4966516.95,4629965.44,131295.72999999952,0.9724
MPLADS-006803,1903987.9,1964192.09,2603299.09,0.0,1.3673
MPLADS-006804,517108.21,511861.26,472435.91,44672.30000000005,0.9136
MPLADS-006805,2483330.19,2547186.23,1783496.99,699833.2,0.7182
MPLADS-006806,429488.61,424031.01,388837.33,40651.27999999997,0.9053
MPLADS-006807,9066609.4,8705502.34,7015260.28,2051349.12,0.7737
MPLADS-006808,1560950.69,1621833.76,984885.16,576065.5299999999,0.631
MPLADS-006809,2471033.16,2567900.46,1895381.14,575652.0200000003,0.767
MPLADS-006810,196042.52,188639.51,130478.98,65563.54,0.6656
MPLADS-006811,725114.26,719820.95,556304.22,168810.04000000004,0.7672
MPLADS-006812,2551604.3,2473939.78,2285673.12,265931.1799999997,0.8958
MPLADS-006813,217508.46,213192.31,133321.41,84187.04999999999,0.6129
MPLADS-006814,3442922.77,3352953.16,4265054.92,0.0,1.2388
MPLADS-006815,2863875.99,2757307.7,1961037.35,902838.6400000001,0.6847
MPLADS-006816,1295233.02,1358082.63,930986.7,364246.32000000007,0.7188
MPLADS-006817,440243.07,449120.54,421847.88,18395.190000000002,0.9582
MPLADS-006818,1270592.86,1274111.59,928910.09,341682.77000000014,0.7311
MPLADS-006819,2928684.55,2994281.53,2369503.16,559181.3899999997,0.8091
MPLADS-006820,423855.28,410986.27,404572.72,19282.560000000056,0.9545
MPLADS-006821,3316213.24,3178828.49,2833753.72,482459.52,0.8545
MPLADS-006822,447937.97,429273.65,430718.15,17219.81999999995,0.9616
MPLADS-006823,2000675.33,1954985.07,1583659.47,417015.8600000001,0.7916
MPLADS-006824,456365.51,436478.99,355388.17,100977.34000000003,0.7787
MPLADS-006825,192910.81,198165.88,155571.52,37339.29000000001,0.8064
MPLADS-006826,216138.39,221234.36,201164.03,14974.360000000015,0.9307
MPLADS-006827,3946132.26,4035021.35,3394643.22,551489.0399999996,0.8602
MPLADS-006828,1983909.97,2027303.11,1636167.55,347742.4199999999,0.8247
MPLADS-006829,2189345.53,2181929.12,3030465.08,0.0,1.3842
MPLADS-006830,1552427.92,1592050.95,1459282.24,93145.67999999993,0.94
MPLADS-006831,7654816.66,7544236.49,5795684.24,1859132.42,0.7571
MPLADS-006832,9049459.88,9372391.26,5986883.01,3062576.870000001,0.6616
MPLADS-006833,3019444.47,3002652.75,2070531.39,948913.0800000003,0.6857
MPLADS-006834,244124.23,237948.65,160487.91,83636.32,0.6574
MPLADS-006835,1747647.64,1767598.19,2346159.24,0.0,1.3425
MPLADS-006836,223959.92,228380.51,153104.59,70855.33000000002,0.6836
MPLADS-006837,3211917.14,3055367.12,2907103.55,304813.5900000003,0.9051
MPLADS-006838,3383059.11,3309893.81,2305630.91,1077428.1999999997,0.6815
MPLADS-006839,1792564.84,1760558.29,1792564.84,0.0,1.0
MPLADS-006840,486307.34,473388.51,452260.63,34046.71000000002,0.93
MPLADS-006841,672837.65,688546.66,672837.65,0.0,1.0
MPLADS-006842,504018.06,523507.27,413770.91,90247.15000000002,0.8209
MPLADS-006843,3196328.36,3071901.57,2263949.72,932378.6399999997,0.7083
MPLADS-006844,951223.3,990860.73,771187.98,180035.32000000007,0.8107
MPLADS-006845,1140533.73,1156208.27,1080963.1,59570.62999999989,0.9478
MPLADS-006846,799519.85,760174.82,613163.72,186356.13,0.7669
MPLADS-006847,440962.53,459144.14,292726.79,148235.74000000005,0.6638
MPLADS-006848,3137080.24,3259279.6,2756936.76,380143.48000000045,0.8788
MPLADS-006849,3194796.54,3067261.34,2199138.21,995658.3300000001,0.6884
MPLADS-006850,803969.64,843770.72,507171.8,296797.84,0.6308
MPLADS-006851,3772065.7,3748959.97,3545741.76,226323.9400000004,0.94
MPLADS-006852,1542857.91,1548241.34,1193498.44,349359.47,0.7736
MPLADS-006853,3950502.04,4117072.83,3312228.66,638273.3799999999,0.8384
MPLADS-006854,766992.94,758172.81,586133.83,180859.11,0.7642
MPLADS-006855,1752508.5,1736633.0,1591911.58,160596.91999999993,0.9084
MPLADS-006856,9770757.84,9368882.16,6586945.65,3183812.1899999995,0.6741
MPLADS-006857,762483.35,724773.63,526481.38,236001.96999999997,0.6905
MPLADS-006858,1197759.55,1192687.87,1130031.24,67728.31000000006,0.9435
MPLADS-006859,458996.95,455998.9,352835.39,106161.56,0.7687
MPLADS-006860,859499.54,843093.95,807929.57,51569.97000000009,0.94
MPLADS-006861,7125049.45,6930709.04,4926319.5,2198729.95,0.6914
MPLADS-006862,991215.72,958697.51,794057.75,197157.96999999997,0.8011
MPLADS-006863,1691195.94,1647260.41,1659510.69,31685.25,0.9813
MPLADS-006864,2567355.25,2589057.64,3510309.04,0.0,1.3673
MPLADS-006865,711661.28,696299.43,526817.13,184844.15000000002,0.7403
MPLADS-006866,1143953.94,1149171.03,808533.61,335420.32999999996,0.7068
MPLADS-006867,487828.13,504348.87,481525.44,6302.690000000002,0.9871
MPLADS-006868,3722966.49,3537102.67,2842031.77,880934.7200000002,0.7634
MPLADS-006869,523939.88,510871.02,492503.49,31436.390000000014,0.94
MPLADS-006870,1709692.22,1739526.77,1617966.44,91725.78000000003,0.9463
MPLADS-006871,220999.91,212128.65,193891.64,27108.26999999999,0.8773
MPLADS-006872,769745.67,742271.83,474100.7,295644.97000000003,0.6159
MPLADS-006873,504901.15,503091.75,457551.88,47349.27000000002,0.9062
MPLADS-006874,1087047.62,1085995.84,1035528.97,51518.65000000014,0.9526
MPLADS-006875,212353.6,204095.15,160138.32,52215.28,0.7541
MPLADS-006876,2359273.32,2426531.74,1918651.04,440622.2799999998,0.8132
MPLADS-006877,3258443.67,3189276.22,2480263.8,778179.8700000001,0.7612
MPLADS-006878,218089.07,207334.03,190710.24,27378.830000000016,0.8745
MPLADS-006879,551699.23,544410.99,531279.69,20419.540000000037,0.963
MPLADS-006880,3877680.24,4032739.27,2662883.43,1214796.81,0.6867
MPLADS-006881,219712.32,212970.26,147578.4,72133.92000000001,0.6717
MPLADS-006882,749127.33,746489.85,458243.78,290883.54999999993,0.6117
MPLADS-006883,2039860.91,2028168.6,1644809.54,395051.3699999999,0.8063
MPLADS-006884,1088044.13,1059744.48,666789.12,421255.0099999999,0.6128
MPLADS-006885,2889094.16,2918459.81,2631859.15,257235.01000000024,0.911
MPLADS-006886,403785.21,412765.6,263253.98,140531.23000000004,0.652
MPLADS-006887,642182.71,661371.05,529136.79,113045.91999999993,0.824
MPLADS-006888,1969450.2,1990810.41,1809275.82,160174.3799999999,0.9187
MPLADS-006889,674806.4,667168.75,493954.3,180852.10000000003,0.732
MPLADS-006890,6549753.16,6590833.23,4718470.41,1831282.75,0.7204
MPLADS-006891,542610.87,527568.69,495827.45,46783.419999999984,0.9138
MPLADS-006892,897278.68,906698.69,1231489.79,0.0,1.3725
MPLADS-006893,741379.8,721608.91,501970.26,239409.54000000004,0.6771
MPLADS-006894,1233520.13,1193529.93,774028.2,459491.92999999993,0.6275
MPLADS-006895,972885.52,1007083.7,734177.48,238708.04000000004,0.7546
MPLADS-006896,404339.53,424154.38,314664.24,89675.29000000004,0.7782
MPLADS-006897,12439457.76,12607211.05,8826274.2,3613183.5600000005,0.7095
MPLADS-006898,2778132.53,2717342.11,1879410.76,898721.7699999998,0.6765
MPLADS-006899,220560.41,219821.54,151904.42,68655.98999999999,0.6887
MPLADS-006900,454713.27,451414.64,315726.16,138987.11000000004,0.6943
MPLADS-006901,2895902.86,2937363.31,2204377.2,691525.6599999997,0.7612
MPLADS-006902,3307151.01,3423875.3,3143868.51,163282.5,0.9506
MPLADS-006903,808179.1,812147.92,717083.06,91096.03999999992,0.8873
MPLADS-006904,2372946.93,2365328.35,1800232.52,572714.4100000001,0.7586
MPLADS-006905,1253715.17,1228997.74,1253715.17,0.0,1.0
MPLADS-006906,3357326.06,3257346.6,3342924.87,14401.189999999944,0.9957
MPLADS-006907,411519.42,395267.56,262864.98,148654.44,0.6388
MPLADS-006908,3752553.78,3736038.19,2792588.29,959965.4899999998,0.7442
MPLADS-006909,1124727.79,1096109.41,1585136.36,0.0,1.4094
MPLADS-006910,219684.92,230285.83,197659.44,22025.48000000001,0.8997
MPLADS-006911,3891140.63,4011925.08,3195018.64,696121.9899999998,0.8211
MPLADS-006912,434315.48,448101.9,294321.16,139994.32,0.6777
MPLADS-006913,837785.55,825797.21,788454.73,49330.820000000065,0.9411
MPLADS-006914,560873.45,578824.82,393857.03,167016.41999999993,0.7022
MPLADS-006915,509193.74,507280.39,384206.42,124987.32,0.7545
MPLADS-006916,436156.83,445604.26,417156.09,19000.73999999999,0.9564
MPLADS-006917,1020787.78,1039359.78,685140.5,335647.28,0.6712
MPLADS-006918,193380.52,190240.44,142824.2,50556.31999999998,0.7386
MPLADS-006919,2260618.32,2283625.34,2225374.61,35243.70999999996,0.9844
MPLADS-006920,400675.04,401112.58,248660.8,152014.24,0.6206
MPLADS-006921,3311220.47,3446164.04,3281475.97,29744.5,0.991
MPLADS-006922,2964253.7,2947830.43,2394036.55,570217.1500000004,0.8076
MPLADS-006923,218500.47,209280.18,199377.07,19123.399999999994,0.9125
MPLADS-006924,454707.07,452964.99,399712.33,54994.73999999999,0.8791
MPLADS-006925,536160.72,516787.28,375478.85,160681.87,0.7003
MPLADS-006926,476920.68,498796.98,355436.32,121484.35999999999,0.7453
MPLADS-006927,2286352.32,2324855.71,1753250.78,533101.5399999998,0.7668
MPLADS-006928,1936359.58,2028284.38,1477477.47,458882.1100000001,0.763
MPLADS-006929,764295.02,740052.61,498234.02,266061.0,0.6519
MPLADS-006930,476393.19,468086.19,313435.43,162957.76,0.6579
MPLADS-006931,478684.5,457372.55,411009.09,67675.40999999997,0.8586
MPLADS-006932,2547885.92,2560816.32,2034540.36,513345.5599999998,0.7985
MPLADS-006933,3600640.29,3663873.78,2385878.12,1214762.17,0.6626
MPLADS-006934,916924.04,874345.09,916924.04,0.0,1.0
MPLADS-006935,200380.65,208326.98,162383.09,37997.56,0.8104
MPLADS-006936,2485954.22,2477456.14,2472807.21,13147.010000000242,0.9947
MPLADS-006937,771476.91,800707.93,520247.29,251229.62000000005,0.6744
MPLADS-006938,3281510.13,3307443.5,2948881.84,332628.29000000004,0.8986
MPLADS-006939,2139044.72,2116391.64,1731643.11,407401.6100000001,0.8095
MPLADS-006940,464483.67,476985.9,404191.25,60292.419999999984,0.8702
MPLADS-006941,2807255.62,2688342.69,2665915.0,141340.6200000001,0.9497
MPLADS-006942,2124597.55,2085691.52,1305249.89,819347.6599999999,0.6144
MPLADS-006943,2703298.97,2793915.85,2402225.25,301073.7200000002,0.8886
MPLADS-006944,982125.11,1008025.02,620396.9,361728.20999999996,0.6317
MPLADS-006945,1210862.62,1218967.93,1172402.68,38459.94000000018,0.9682
MPLADS-006946,1463273.74,1394778.22,1126218.98,337054.76,0.7697
MPLADS-006947,247107.15,242239.01,232280.72,14826.429999999993,0.94
MPLADS-006948,987866.99,966259.73,1418394.41,0.0,1.4358
MPLADS-006949,507807.35,516830.01,494372.5,13434.849999999977,0.9735
MPLADS-006950,638977.71,620791.59,430761.44,208216.26999999996,0.6741
MPLADS-006951,2411053.94,2385433.34,2082664.61,328389.32999999984,0.8638
MPLADS-006952,3636402.34,3743654.84,2209049.45,1427352.8899999997,0.6075
MPLADS-006953,841013.56,828441.96,652599.68,188413.88,0.776
MPLADS-006954,242918.62,245895.6,234450.06,8468.559999999998,0.9651
MPLADS-006955,232459.43,224444.69,170840.79,61618.639999999985,0.7349
MPLADS-006956,1984055.35,1924341.47,1791062.14,192993.2100000002,0.9027
MPLADS-006957,622299.16,643271.85,471849.98,150449.18000000005,0.7582
MPLADS-006958,506351.04,527341.93,416397.18,89953.85999999999,0.8223
MPLADS-006959,2189472.28,2276815.49,1486541.78,702930.4999999998,0.6789
MPLADS-006960,859172.78,869150.21,708802.9,150369.88,0.825
MPLADS-006961,2378866.6,2365641.63,1568808.56,810058.04,0.6595
MPLADS-006962,1278368.85,1312466.37,1002734.47,275634.3800000001,0.7844
MPLADS-006963,983079.49,997391.72,709869.89,273209.6,0.7221
MPLADS-006964,251463.63,249866.08,242153.08,9310.550000000017,0.963
MPLADS-006965,452282.19,430694.91,320139.68,132142.51,0.7078
MPLADS-006966,1337381.13,1320469.21,1195408.8,141972.32999999984,0.8938
MPLADS-006967,4889686.29,5054986.72,3577360.3,1312325.9900000002,0.7316
MPLADS-006968,3624181.71,3771694.28,3557769.13,66412.58000000007,0.9817
MPLADS-006969,835968.7,800741.57,835968.7,0.0,1.0
MPLADS-006970,2206846.05,2137655.13,1486705.76,720140.2899999998,0.6737
MPLADS-006971,461308.16,478289.26,458949.26,2358.899999999965,0.9949
MPLADS-006972,2467092.39,2364757.32,1605840.28,861252.1100000001,0.6509
MPLADS-006973,10869086.54,11038660.34,6919308.91,3949777.629999999,0.6366
MPLADS-006974,1132738.77,1162880.2,1119082.63,13656.14000000013,0.9879
MPLADS-006975,1225902.76,1246220.65,1141652.38,84250.38000000012,0.9313
MPLADS-006976,833246.61,867813.38,582168.4,251078.20999999996,0.6987
MPLADS-006977,941159.46,896429.34,1254393.77,0.0,1.3328
MPLADS-006978,2554533.17,2642083.41,2279910.64,274622.5299999998,0.8925
MPLADS-006979,397524.3,381650.98,373672.84,23851.459999999963,0.94
MPLADS-006980,756470.24,792390.81,602183.6,154286.64,0.796
MPLADS-006981,2540691.3,2490551.55,1862470.55,678220.7499999998,0.7331
MPLADS-006982,6816885.55,7009387.85,4507372.17,2309513.38,0.6612
MPLADS-006983,2895167.65,2897866.97,1753602.99,1141564.66,0.6057
MPLADS-006984,403204.04,385955.28,315776.66,87427.38,0.7832
MPLADS-006985,547977.66,561382.54,387106.31,160871.35000000003,0.7064
MPLADS-006986,684615.42,700746.51,417373.05,267242.37000000005,0.6096
MPLADS-006987,238598.41,238734.66,196558.01,42040.399999999994,0.8238
MPLADS-006988,9476573.31,9393096.38,8639887.22,836686.0899999999,0.9117
MPLADS-006989,1797651.89,1793608.45,1143481.23,654170.6599999999,0.6361
MPLADS-006990,1664648.9,1584289.5,1637890.22,26758.679999999935,0.9839
MPLADS-006991,234593.05,240304.21,161915.37,72677.68,0.6902
MPLADS-006992,921150.33,924771.09,866111.6,55038.72999999998,0.9403
MPLADS-006993,847811.96,855276.49,593778.92,254033.03999999992,0.7004
MPLADS-006994,2989036.17,2983883.67,2989036.17,0.0,1.0
MPLADS-006995,923698.35,916493.19,662692.95,261005.40000000002,0.7174
MPLADS-006996,9169327.66,9429447.75,8669117.09,500210.5700000003,0.9454
MPLADS-006997,2373816.5,2394499.76,2195808.31,178008.18999999994,0.925
MPLADS-006998,1143133.32,1152605.1,891989.89,251143.43000000005,0.7803
MPLADS-006999,851047.03,847919.97,626557.89,224489.14,0.7362
MPLADS-007000,3558919.66,3619422.03,3488773.19,70146.4700000002,0.9803
MPLADS-007001,3160730.48,3214653.13,2664786.97,495943.5099999998,0.8431
MPLADS-007002,909049.89,909532.27,849330.1,59719.79000000004,0.9343
MPLADS-007003,575088.4,578127.02,511954.04,63134.360000000044,0.8902
MPLADS-007004,2286210.03,2320092.15,2063893.14,222316.8899999999,0.9028
MPLADS-007005,1605396.24,1546168.4,1425026.37,180369.86999999988,0.8876
MPLADS-007006,1314068.25,1372447.86,956826.39,357241.86,0.7281
MPLADS-007007,504713.92,511611.1,399446.71,105267.20999999996,0.7914
MPLADS-007008,1764879.65,1796049.54,1718856.71,46022.939999999944,0.9739
MPLADS-007009,2657443.72,2668974.5,2362713.4,294730.3200000003,0.8891
MPLADS-007010,472224.99,495610.89,314836.1,157388.89,0.6667
MPLADS-007011,509969.02,500184.47,436569.25,73399.77000000002,0.8561
MPLADS-007012,2674864.52,2775319.39,2514372.65,160491.8700000001,0.94
MPLADS-007013,2660655.89,2590103.53,2392154.98,268500.91000000015,0.8991
MPLADS-007014,1611161.11,1620448.8,1562463.94,48697.17000000016,0.9698
MPLADS-007015,829929.55,844754.36,505808.26,324121.29000000004,0.6095
MPLADS-007016,528295.32,510464.59,672074.14,0.0,1.2722
MPLADS-007017,1575839.87,1512698.25,1175867.84,399972.03,0.7462
MPLADS-007018,2597497.66,2702589.82,1606440.72,991056.9400000002,0.6185
MPLADS-007019,443356.41,448214.35,288687.99,154668.41999999998,0.6511
MPLADS-007020,708408.75,729715.03,465553.63,242855.12,0.6572
MPLADS-007021,1294317.28,1331543.13,1131791.43,162525.8500000001,0.8744
MPLADS-007022,238082.84,231716.17,185625.02,52457.82000000001,0.7797
MPLADS-007023,2033177.63,1936757.59,1911186.97,121990.65999999992,0.94
MPLADS-007024,1072404.63,1081761.24,1458525.33,0.0,1.3601
MPLADS-007025,199849.49,200690.64,187858.52,11990.970000000001,0.94
MPLADS-007026,3029316.48,3125188.78,2827504.52,201811.95999999996,0.9334
MPLADS-007027,1752222.53,1755717.82,1411324.57,340897.95999999996,0.8054
MPLADS-007028,3524010.92,3522293.84,2611181.42,912829.5,0.741
MPLADS-007029,1066718.81,1017851.58,799313.41,267405.4,0.7493
MPLADS-007030,772347.55,763798.23,500906.6,271440.95000000007,0.6486
MPLADS-007031,4024188.81,3998182.12,2971001.91,1053186.9,0.7383
MPLADS-007032,238965.1,241661.37,342552.22,0.0,1.4335
MPLADS-007033,917032.25,941996.5,683565.26,233466.99,0.7454
MPLADS-007034,2917704.31,2879391.87,2312812.33,604891.98,0.7927
MPLADS-007035,1376583.31,1437865.93,1135045.09,241538.21999999997,0.8245
MPLADS-007036,3075443.26,3187936.35,2443040.81,632402.4499999997,0.7944
MPLADS-007037,4662802.54,4812999.64,3064331.55,1598470.9900000002,0.6572
MPLADS-007038,237398.44,243521.16,227861.74,9536.700000000012,0.9598
MPLADS-007039,676373.36,669493.56,527364.39,149008.96999999997,0.7797
MPLADS-007040,10241074.15,10439102.35,8862774.22,1378299.9299999997,0.8654
MPLADS-007041,446999.55,464599.52,426037.79,20961.76000000001,0.9531
MPLADS-007042,2754939.45,2823804.53,1911570.0,843369.4500000002,0.6939
MPLADS-007043,1333143.01,1388674.67,1110166.98,222976.03000000003,0.8327
MPLADS-007044,3093821.54,3239363.28,2964037.15,129784.39000000013,0.9581
MPLADS-007045,780666.54,802425.68,761313.71,19352.830000000075,0.9752
MPLADS-007046,2676425.05,2689135.57,2370171.86,306253.18999999994,0.8856
MPLADS-007047,400241.31,390373.46,351274.58,48966.72999999998,0.8777
MPLADS-007048,8565605.95,8441392.28,6094681.79,2470924.159999999,0.7115
MPLADS-007049,810796.01,770767.4,561610.7,249185.31000000006,0.6927
MPLADS-007050,570426.46,578687.32,465735.22,104691.23999999999,0.8165
MPLADS-007051,2632176.79,2751418.43,1957267.85,674908.94,0.7436
MPLADS-007052,3075985.78,3088768.23,2891426.63,184559.1499999999,0.94
MPLADS-007053,633717.58,655972.56,517235.22,116482.35999999999,0.8162
MPLADS-007054,3324362.41,3329139.33,2959533.73,364828.68000000017,0.8903
MPLADS-007055,3726963.57,3745809.33,2443068.21,1283895.3599999999,0.6555
MPLADS-007056,794301.42,817665.52,714380.63,79920.79000000004,0.8994
MPLADS-007057,220035.82,224674.67,178574.64,41461.17999999999,0.8116
MPLADS-007058,810982.5,826359.34,610412.15,200570.34999999998,0.7527
MPLADS-007059,799016.86,809124.07,655426.58,143590.28000000003,0.8203
MPLADS-007060,2723174.69,2823461.29,2082384.73,640789.96,0.7647
MPLADS-007061,3279295.8,3408355.38,2286951.15,992344.6499999999,0.6974
MPLADS-007062,2667454.32,2672940.22,2552926.38,114527.93999999994,0.9571
MPLADS-007063,1826007.09,1856201.52,1491426.89,334580.2000000002,0.8168
MPLADS-007064,190192.76,180973.16,155337.6,34855.16,0.8167
MPLADS-007065,9976206.16,9626870.43,8264580.21,1711625.9500000002,0.8284
MPLADS-007066,812704.88,832834.18,564205.34,248499.54000000004,0.6942
MPLADS-007067,1032961.88,1052478.14,854457.6,178504.28000000003,0.8272
MPLADS-007068,3672444.81,3536673.76,2652407.01,1020037.8000000003,0.7222
MPLADS-007069,780149.31,798605.39,586105.89,194043.42000000004,0.7513
MPLADS-007070,451197.61,429112.88,653178.59,0.0,1.4477
MPLADS-007071,8174242.97,8289618.89,5692037.7,2482205.2699999996,0.6963
MPLADS-007072,2252308.18,2286766.41,1791825.59,460482.5900000001,0.7956
MPLADS-007073,199221.39,190463.03,174787.88,24433.51000000001,0.8774
MPLADS-007074,5449995.44,5297363.02,5176065.77,273929.67000000086,0.9497
MPLADS-007075,2008180.75,1915081.96,1489030.34,519150.4099999999,0.7415
MPLADS-007076,1590245.37,1510922.96,1447313.74,142931.63000000012,0.9101
MPLADS-007077,225151.39,220988.69,172809.46,52341.93000000002,0.7675
MPLADS-007078,776296.2,782446.67,565836.74,210459.45999999996,0.7289
MPLADS-007079,1315326.07,1360480.31,916800.77,398525.30000000005,0.697
MPLADS-007080,3016703.22,3152840.53,2217052.99,799650.23,0.7349
MPLADS-007081,858663.4,892537.45,519008.28,339655.12,0.6044
MPLADS-007082,218525.58,217224.41,192908.04,25617.53999999998,0.8828
MPLADS-007083,2996463.93,3031075.6,2932417.22,64046.70999999996,0.9786
MPLADS-007084,479023.26,471793.21,650513.8,0.0,1.358
MPLADS-007085,986189.05,981585.08,918841.54,67347.51000000001,0.9317
MPLADS-007086,447142.5,426026.73,331340.26,115802.23999999999,0.741
MPLADS-007087,2318959.3,2336846.14,1495106.52,823852.7799999998,0.6447
MPLADS-007088,644261.19,667834.74,605605.52,38655.669999999925,0.94
MPLADS-007089,1289907.2,1301222.01,855919.31,433987.8899999999,0.6636
MPLADS-007090,2620254.06,2554978.27,2278880.03,341374.03000000026,0.8697
MPLADS-007091,13014595.28,13193090.22,12182177.07,832418.209999999,0.936
MPLADS-007092,525841.25,508126.47,345932.82,179908.43,0.6579
MPLADS-007093,732423.74,738100.01,688478.32,43945.42000000004,0.94
MPLADS-007094,2054289.1,2004563.77,1443882.86,610406.24,0.7029
MPLADS-007095,2634166.61,2675256.21,2196888.69,437277.9199999999,0.834
MPLADS-007096,442139.74,441060.48,374709.29,67430.45000000001,0.8475
MPLADS-007097,460193.01,467715.74,432581.43,27611.580000000016,0.94
MPLADS-007098,792511.72,789357.3,602537.11,189974.61,0.7603
MPLADS-007099,516020.05,508872.3,452423.84,63596.20999999996,0.8768
MPLADS-007100,2360530.75,2341096.13,2284718.98,75811.77000000002,0.9679
MPLADS-007101,838944.65,813724.33,788607.97,50336.68000000005,0.94
MPLADS-007102,2832899.01,2697242.7,2196776.45,636122.5599999996,0.7755
MPLADS-007103,1624567.29,1638055.74,1277738.6,346828.68999999994,0.7865
MPLADS-007104,9330263.54,9479993.22,7345398.21,1984865.3299999991,0.7873
MPLADS-007105,227797.8,229552.06,196870.63,30927.169999999984,0.8642
MPLADS-007106,794454.86,830763.44,583204.12,211250.74,0.7341
MPLADS-007107,225209.19,234462.66,174568.89,50640.29999999999,0.7751
MPLADS-007108,386154.93,367114.22,336073.87,50081.06,0.8703
MPLADS-007109,771192.22,759716.89,649783.8,121408.41999999993,0.8426
MPLADS-007110,1119693.93,1142806.55,963300.12,156393.80999999994,0.8603
MPLADS-007111,1108652.05,1054099.4,756805.98,351846.07000000007,0.6826
MPLADS-007112,3060210.94,2972472.46,2346760.14,713450.7999999998,0.7669
MPLADS-007113,511893.28,495503.83,335595.48,176297.80000000005,0.6556
MPLADS-007114,427337.31,448489.07,369006.54,58330.77000000002,0.8635
MPLADS-007115,1986239.9,2021110.23,1373422.96,612816.94,0.6915
MPLADS-007116,3840233.78,3911492.81,2723102.73,1117131.0499999998,0.7091
MPLADS-007117,844345.32,832961.9,746911.45,97433.87,0.8846
MPLADS-007118,1137177.47,1110189.49,1073856.87,63320.59999999986,0.9443
MPLADS-007119,693904.17,706124.78,474579.0,219325.17000000004,0.6839
MPLADS-007120,509139.31,534192.26,504850.83,4288.479999999981,0.9916
MPLADS-007121,812266.51,802923.65,749717.72,62548.79000000004,0.923
MPLADS-007122,212342.15,206886.12,185556.38,26785.76999999999,0.8739
MPLADS-007123,3069977.35,3114273.47,2045016.38,1024960.9700000002,0.6661
MPLADS-007124,207238.1,199447.54,168542.82,38695.28,0.8133
MPLADS-007125,1108778.04,1077678.28,1015573.17,93204.87,0.9159
MPLADS-007126,422519.29,434632.48,289601.61,132917.68,0.6854
MPLADS-007127,3211070.43,3172056.95,3018406.2,192664.22999999998,0.94
MPLADS-007128,2910269.26,2842851.81,2381734.82,528534.44,0.8184
MPLADS-007129,9003067.62,9223440.86,8868601.13,134466.48999999836,0.9851
MPLADS-007130,689312.69,693664.38,564866.08,124446.60999999999,0.8195
MPLADS-007131,1027362.01,1069009.32,814049.53,213312.47999999998,0.7924
MPLADS-007132,4794428.24,4833260.08,3902755.17,891673.0700000003,0.814
MPLADS-007133,2946595.54,3008474.47,2008873.51,937722.03,0.6818
MPLADS-007134,4254886.87,4200757.89,3140375.51,1114511.3600000003,0.7381
MPLADS-007135,772898.41,776421.27,699410.96,73487.45000000007,0.9049
MPLADS-007136,917193.58,912153.7,593731.19,323462.39,0.6473
MPLADS-007137,458194.16,477290.38,453471.47,4722.690000000002,0.9897
MPLADS-007138,2658389.49,2696972.9,2352991.3,305398.1900000004,0.8851
MPLADS-007139,3107308.97,3067601.5,3004680.68,102628.29000000004,0.967
MPLADS-007140,743176.37,777496.12,717548.52,25627.849999999977,0.9655
MPLADS-007141,2871904.12,2920789.83,2473473.54,398430.5800000001,0.8613
MPLADS-007142,479541.49,497182.9,357628.2,121913.28999999998,0.7458
MPLADS-007143,566958.21,569033.85,498600.8,68357.40999999997,0.8794
MPLADS-007144,554608.02,557671.22,447360.22,107247.80000000005,0.8066
MPLADS-007145,430696.37,431410.6,365299.16,65397.21000000002,0.8482
MPLADS-007146,722977.55,748323.93,679598.9,43378.65000000002,0.94
MPLADS-007147,498617.05,523503.69,342054.16,156562.89,0.686
MPLADS-007148,551909.69,530323.71,382309.75,169599.93999999994,0.6927
MPLADS-007149,483936.82,484940.6,425180.73,58756.090000000026,0.8786
MPLADS-007150,2403354.4,2408409.08,2403354.4,0.0,1.0
MPLADS-007151,2509932.95,2523862.5,2428279.08,81653.87000000011,0.9675
MPLADS-007152,10977442.91,11138191.08,7975715.1,3001727.8100000005,0.7266
MPLADS-007153,7630141.28,7699667.14,4615223.91,3014917.37,0.6049
MPLADS-007154,2544045.31,2476380.66,1786104.55,757940.76,0.7021
MPLADS-007155,201926.23,200095.34,169109.5,32816.73000000001,0.8375
MPLADS-007156,2640954.07,2684300.39,2208027.19,432926.8799999999,0.8361
MPLADS-007157,2993645.37,3083010.93,1811838.42,1181806.9500000002,0.6052
MPLADS-007158,3037161.85,2967806.07,2538999.68,498162.1699999999,0.836
MPLADS-007159,840929.0,800747.69,840929.0,0.0,1.0
MPLADS-007160,2130506.82,2108948.75,1682647.89,447858.92999999993,0.7898
MPLADS-007161,2978787.1,3055348.83,2403304.64,575482.46,0.8068
MPLADS-007162,645078.0,670044.85,637619.4,7458.599999999977,0.9884
MPLADS-007163,8399752.37,8642973.4,5484785.38,2914966.9899999993,0.653
MPLADS-007164,384033.65,397418.85,283654.23,100379.42000000004,0.7386
MPLADS-007165,2240007.19,2207810.78,1493048.46,746958.73,0.6665
MPLADS-007166,2498304.01,2425690.54,2348405.77,149898.23999999976,0.94
MPLADS-007167,1355508.35,1347477.09,951910.05,403598.30000000005,0.7023
MPLADS-007168,803401.83,837255.2,755356.16,48045.669999999925,0.9402
MPLADS-007169,829062.74,850775.01,597677.52,231385.21999999997,0.7209
MPLADS-007170,3288425.83,3142958.14,2135366.41,1153059.42,0.6494
MPLADS-007171,473386.29,491447.95,323900.41,149485.88,0.6842
MPLADS-007172,2129967.47,2191991.85,1911436.26,218531.2100000002,0.8974
MPLADS-007173,1009368.25,989463.36,609076.79,400291.45999999996,0.6034
MPLADS-007174,676876.94,663384.95,584711.87,92165.06999999995,0.8638
MPLADS-007175,541663.62,545941.39,493429.64,48233.97999999998,0.911
MPLADS-007176,547441.31,567847.29,463076.56,84364.75000000006,0.8459
MPLADS-007177,3016709.59,3123742.57,2099044.06,917665.5299999998,0.6958
MPLADS-007178,1545383.2,1586961.2,1098311.52,447071.67999999993,0.7107
MPLADS-007179,567322.23,549864.74,427123.96,140198.26999999996,0.7529
MPLADS-007180,3076544.17,3122551.68,3076544.17,0.0,1.0
MPLADS-007181,482639.44,504080.76,357418.43,125221.01000000001,0.7405
MPLADS-007182,3717951.08,3678393.46,2497139.13,1220811.9500000002,0.6716
MPLADS-007183,978625.5,945303.25,792969.06,185656.43999999994,0.8103
MPLADS-007184,3887216.35,3876250.28,2893799.67,993416.6800000002,0.7444
MPLADS-007185,491967.63,487180.2,479442.19,12525.440000000002,0.9745
MPLADS-007186,1890840.58,1874163.1,1267820.51,623020.0700000001,0.6705
MPLADS-007187,3398240.06,3473960.96,2164464.89,1233775.17,0.6369
MPLADS-007188,10118006.59,9894672.38,9617993.69,500012.9000000004,0.9506
MPLADS-007189,571455.82,596511.68,349648.17,221807.64999999997,0.6119
MPLADS-007190,707297.23,725561.58,670058.42,37238.80999999994,0.9474
MPLADS-007191,2563595.93,2441374.62,2304740.92,258855.01000000024,0.899
MPLADS-007192,5161993.61,5194207.59,3284017.18,1877976.4300000002,0.6362
MPLADS-007193,1908884.54,1938878.9,1369099.34,539785.2,0.7172
MPLADS-007194,510192.53,513244.17,356695.28,153497.25,0.6991
MPLADS-007195,1335126.76,1338125.54,1305678.58,29448.179999999935,0.9779
MPLADS-007196,8274735.88,8175866.94,6758489.95,1516245.9299999997,0.8168
MPLADS-007197,3404189.86,3530984.33,3159554.3,244635.56000000006,0.9281
MPLADS-007198,1735511.91,1684837.03,2334335.58,0.0,1.345
MPLADS-007199,2435210.5,2328750.89,2005555.36,429655.1399999999,0.8236
MPLADS-007200,849389.53,843262.35,561079.61,288309.92000000004,0.6606
MPLADS-007201,1053509.98,1055939.62,752660.73,300849.25,0.7144
MPLADS-007202,1697504.56,1729910.91,1134317.81,563186.75,0.6682
MPLADS-007203,3405240.88,3384589.49,3203497.21,201743.66999999993,0.9408
MPLADS-007204,8898320.55,8800292.82,5372910.67,3525409.880000001,0.6038
MPLADS-007205,9871067.35,9659676.66,9590961.9,280105.44999999925,0.9716
MPLADS-007206,1619296.45,1543208.65,1463655.79,155640.65999999992,0.9039
MPLADS-007207,391734.66,379678.59,310805.38,80929.27999999997,0.7934
MPLADS-007208,12003137.25,12218163.26,8231525.8,3771611.45,0.6858
MPLADS-007209,788228.25,785630.41,598475.1,189753.15000000002,0.7593
MPLADS-007210,508563.24,495696.76,321472.99,187090.25,0.6321
MPLADS-007211,223266.81,212158.66,174065.52,49201.29000000001,0.7796
MPLADS-007212,1927899.99,1928769.84,1260313.41,667586.5800000001,0.6537
MPLADS-007213,996760.17,965509.19,655248.51,341511.66000000003,0.6574
MPLADS-007214,1124200.55,1107196.69,898727.45,225473.1000000001,0.7994
MPLADS-007215,189821.41,184169.29,150189.86,39631.55000000002,0.7912
MPLADS-007216,3172242.16,3089056.75,2847430.35,324811.81000000006,0.8976
MPLADS-007217,1883217.86,1839769.73,1833470.4,49747.460000000196,0.9736
MPLADS-007218,2235483.87,2305301.48,1641796.79,593687.0800000001,0.7344
MPLADS-007219,480423.94,498380.99,307978.06,172445.88,0.6411
MPLADS-007220,2677310.62,2698367.53,2132328.92,544981.7000000002,0.7964
MPLADS-007221,1062235.75,1069672.03,998501.6,63734.15000000002,0.94
MPLADS-007222,469916.32,470555.25,357398.68,112517.64000000001,0.7606
MPLADS-007223,1857840.96,1809837.45,1772489.3,85351.65999999992,0.9541
MPLADS-007224,527663.33,534827.13,376707.63,150955.69999999995,0.7139
MPLADS-007225,1255664.69,1275718.27,828067.19,427597.5,0.6595
MPLADS-007226,2670348.57,2565787.43,1785597.24,884751.3299999998,0.6687
MPLADS-007227,462241.52,441375.54,393088.61,69152.91000000003,0.8504
MPLADS-007228,963668.41,947542.75,877238.29,86430.12,0.9103
MPLADS-007229,2743372.55,2758807.82,1804313.15,939059.3999999999,0.6577
MPLADS-007230,920205.19,917467.91,837639.22,82565.96999999997,0.9103
MPLADS-007231,464325.54,463012.22,441453.33,22872.209999999963,0.9507
MPLADS-007232,2166701.85,2203945.18,1699508.44,467193.41000000015,0.7844
MPLADS-007233,2674147.75,2783867.1,2160706.99,513440.7599999998,0.808
MPLADS-007234,3312076.23,3249274.27,3113351.66,198724.56999999983,0.94
MPLADS-007235,1329545.11,1393098.29,912067.7,417477.41000000015,0.686
MPLADS-007236,781912.14,778363.15,734997.41,46914.72999999998,0.94
MPLADS-007237,1327980.27,1262538.47,949757.64,378222.63,0.7152
MPLADS-007238,6369204.7,6204690.45,4290632.65,2078572.0499999998,0.6737
MPLADS-007239,198358.75,193375.0,187063.57,11295.179999999993,0.9431
MPLADS-007240,396929.49,406785.52,302453.07,94476.41999999998,0.762
MPLADS-007241,698743.26,690314.95,656818.66,41924.59999999998,0.94
MPLADS-007242,1832051.55,1913595.98,1444835.8,387215.75,0.7886
MPLADS-007243,1238141.97,1187825.51,1056727.64,181414.33000000007,0.8535
MPLADS-007244,1463352.17,1410182.61,1377437.68,85914.48999999999,0.9413
MPLADS-007245,704471.48,679578.5,865636.23,0.0,1.2288
MPLADS-007246,839042.77,870636.78,641493.08,197549.69000000006,0.7646
MPLADS-007247,7322848.36,7597312.12,4757831.89,2565016.4700000007,0.6497
MPLADS-007248,1262490.27,1234741.08,800423.64,462066.63,0.634
MPLADS-007249,1631526.48,1553824.17,1081148.97,550377.51,0.6627
MPLADS-007250,940606.7,954720.88,791276.49,149330.20999999996,0.8412
MPLADS-007251,2017545.36,1932913.24,1612930.13,404615.2300000002,0.7995
MPLADS-007252,2997257.78,3111954.18,2238487.15,758770.6299999999,0.7468
MPLADS-007253,443217.16,452920.27,364286.23,78930.93,0.8219
MPLADS-007254,3512159.47,3415633.68,2779982.97,732176.5,0.7915
MPLADS-007255,1570419.67,1634953.24,1306711.06,263708.60999999987,0.8321
MPLADS-007256,1638502.45,1691751.83,1056334.12,582168.3299999998,0.6447
MPLADS-007257,537719.95,550092.61,482641.76,55078.189999999944,0.8976
MPLADS-007258,3232056.81,3368269.1,2999944.99,232111.81999999983,0.9282
MPLADS-007259,822995.09,828978.97,820733.31,2261.7799999999115,0.9973
MPLADS-007260,2571017.69,2533733.26,1608798.14,962219.55,0.6257
MPLADS-007261,859483.19,865352.76,715085.75,144397.43999999994,0.832
MPLADS-007262,2336231.43,2295016.74,2336231.43,0.0,1.0
MPLADS-007263,1740244.94,1753231.15,1072214.01,668030.9299999999,0.6161
MPLADS-007264,1196956.22,1217940.56,960567.27,236388.94999999995,0.8025
MPLADS-007265,852416.74,878632.24,603618.18,248798.55999999994,0.7081
MPLADS-007266,479476.09,487656.79,338545.04,140931.05000000005,0.7061
MPLADS-007267,756144.12,766029.28,477878.23,278265.89,0.632
MPLADS-007268,3136704.53,3114869.21,2604586.39,532118.1399999997,0.8304
MPLADS-007269,1202392.06,1214196.61,757568.79,444823.27,0.6301
MPLADS-007270,244433.01,243045.68,236733.73,7699.279999999999,0.9685
MPLADS-007271,801900.29,837779.14,693099.58,108800.71000000008,0.8643
MPLADS-007272,1020085.98,990919.66,659313.0,360772.98,0.6463
MPLADS-007273,545348.77,546041.0,356547.02,188801.75,0.6538
MPLADS-007274,2047167.92,2132344.64,1528036.44,519131.48,0.7464
MPLADS-007275,2237161.06,2186750.86,2024348.16,212812.90000000014,0.9049
MPLADS-007276,430033.26,409941.8,424691.89,5341.369999999995,0.9876
MPLADS-007277,2916191.85,3012684.39,1963581.19,952610.6600000001,0.6733
MPLADS-007278,225572.7,217446.56,225027.56,545.140000000014,0.9976
MPLADS-007279,9771954.09,10208477.6,7103663.76,2668290.33,0.7269
MPLADS-007280,825406.5,836318.85,519494.54,305911.96,0.6294
MPLADS-007281,1898736.99,1954076.79,1585938.73,312798.26,0.8353
MPLADS-007282,2230240.52,2195461.11,1351647.36,878593.1599999999,0.6061
MPLADS-007283,9882876.12,9737995.14,7398674.16,2484201.959999999,0.7486
MPLADS-007284,1700592.26,1714785.08,1107835.48,592756.78,0.6514
MPLADS-007285,825507.76,833111.62,825507.76,0.0,1.0
MPLADS-007286,639521.03,668169.19,458969.45,180551.58000000002,0.7177
MPLADS-007287,2332845.2,2329565.46,2282108.03,50737.17000000039,0.9783
MPLADS-007288,3055734.58,3141503.94,2790296.46,265438.1200000001,0.9131
MPLADS-007289,932138.11,908676.12,872764.34,59373.77000000002,0.9363
MPLADS-007290,686430.96,708128.2,483124.78,203306.17999999993,0.7038
MPLADS-007291,1796253.03,1763683.18,1261273.63,534979.4000000001,0.7022
MPLADS-007292,2989765.26,2875740.36,2494477.64,495287.61999999965,0.8343
MPLADS-007293,2862997.75,2851147.85,2682584.51,180413.24000000022,0.937
MPLADS-007294,397545.25,392903.75,318527.76,79017.48999999999,0.8012
MPLADS-007295,509232.83,495020.39,465375.95,43856.880000000005,0.9139
MPLADS-007296,1234257.55,1260883.88,1052695.77,181561.78000000003,0.8529
MPLADS-007297,3000952.24,2922486.47,3991946.1,0.0,1.3302
MPLADS-007298,2215604.04,2111892.96,1664855.81,550748.23,0.7514
MPLADS-007299,1687337.41,1672552.88,1687337.41,0.0,1.0
MPLADS-007300,1057599.07,1079800.5,1433641.12,0.0,1.3556
MPLADS-007301,190371.37,190782.83,169546.34,20825.03,0.8906
MPLADS-007302,200789.74,198830.36,188742.36,12047.380000000005,0.94
MPLADS-007303,3079947.33,2970132.93,2316130.22,763817.1099999999,0.752
MPLADS-007304,2853072.42,2992385.8,2226957.03,626115.3900000001,0.7805
MPLADS-007305,2188202.24,2096928.1,1422023.19,766179.0500000003,0.6499
MPLADS-007306,2497985.01,2509994.7,2336817.86,161167.1499999999,0.9355
MPLADS-007307,2751783.43,2881654.32,1821996.04,929787.3900000001,0.6621
MPLADS-007308,1263896.95,1213998.63,900113.48,363783.47,0.7122
MPLADS-007309,3693157.73,3776833.75,2577954.14,1115203.5899999999,0.698
MPLADS-007310,515077.31,493339.22,354574.17,160503.14,0.6884
MPLADS-007311,487333.79,487072.4,435074.7,52259.08999999997,0.8928
MPLADS-007312,500940.28,499738.06,314665.63,186274.65000000002,0.6281
MPLADS-007313,789118.51,772939.07,696082.26,93036.25,0.8821
MPLADS-007314,1678347.56,1600957.63,1250064.78,428282.78,0.7448
MPLADS-007315,853249.13,874289.39,753857.73,99391.40000000002,0.8835
MPLADS-007316,1732567.73,1708322.63,1620940.59,111627.1399999999,0.9356
MPLADS-007317,2863707.16,2764832.13,2812245.43,51461.72999999998,0.982
MPLADS-007318,3661925.23,3767593.04,3413500.62,248424.60999999987,0.9322
MPLADS-007319,2318304.38,2433524.35,1903453.69,414850.68999999994,0.8211
MPLADS-007320,2021720.0,1936771.63,1403727.55,617992.45,0.6943
MPLADS-007321,744648.53,730908.63,643747.75,100900.78000000003,0.8645
MPLADS-007322,1157128.21,1172449.18,861873.67,295254.5399999999,0.7448
MPLADS-007323,543039.31,536266.64,350498.78,192540.53000000003,0.6454
MPLADS-007324,1885038.23,1846536.32,1137368.93,747669.3,0.6034
MPLADS-007325,762517.76,767782.93,526593.37,235924.39,0.6906
MPLADS-007326,2768152.2,2821293.53,3577910.08,0.0,1.2925
MPLADS-007327,505113.84,480904.82,382841.64,122272.20000000001,0.7579
MPLADS-007328,235779.57,240791.39,315225.95,0.0,1.337
MPLADS-007329,2645195.07,2606826.37,2584926.74,60268.32999999961,0.9772
MPLADS-007330,672751.31,659415.08,541808.9,130942.41000000003,0.8054
MPLADS-007331,3223246.15,3074259.89,2343697.38,879548.77,0.7271
MPLADS-007332,840398.48,803747.62,766856.26,73542.21999999997,0.9125
MPLADS-007333,3156164.9,3300174.02,2687222.84,468942.06000000006,0.8514
MPLADS-007334,428189.27,443341.61,293054.67,135134.60000000003,0.6844
MPLADS-007335,1089941.74,1073678.17,712485.15,377456.58999999997,0.6537
MPLADS-007336,858461.28,896801.41,738700.92,119760.35999999999,0.8605
MPLADS-007337,2539567.7,2447276.83,3501801.6,0.0,1.3789
MPLADS-007338,3666424.41,3619229.69,3083311.86,583112.5500000003,0.841
MPLADS-007339,1328488.74,1359802.37,979112.6,349376.14,0.737
MPLADS-007340,2892265.12,2866764.18,2718729.21,173535.91000000015,0.94
MPLADS-007341,3228065.79,3367870.46,3215000.02,13065.770000000019,0.996
MPLADS-007342,426700.74,422378.38,397941.12,28759.619999999995,0.9326
MPLADS-007343,1568914.41,1621750.41,2214792.99,0.0,1.4117
MPLADS-007344,430890.84,422547.01,400352.29,30538.550000000047,0.9291
MPLADS-007345,479108.54,497656.12,323495.09,155613.44999999995,0.6752
MPLADS-007346,3431641.04,3448276.63,2156571.57,1275069.4700000002,0.6284
MPLADS-007347,190189.75,188312.62,243633.95,0.0,1.281
MPLADS-007348,1025730.42,1035963.44,681164.9,344565.52,0.6641
MPLADS-007349,3104356.74,3164423.51,2681515.03,422841.7100000004,0.8638
MPLADS-007350,539670.91,527738.65,340827.36,198843.55000000005,0.6315
MPLADS-007351,756434.57,763856.35,967732.86,0.0,1.2793
MPLADS-007352,2442413.01,2372571.87,1920806.97,521606.0399999998,0.7864
MPLADS-007353,202453.1,207671.32,182280.85,20172.25,0.9004
MPLADS-007354,2536307.06,2556520.54,1726623.97,809683.0900000001,0.6808
MPLADS-007355,1034004.72,1067633.52,731601.83,302402.89,0.7075
MPLADS-007356,3921289.94,3877386.08,3222964.77,698325.1699999999,0.8219
MPLADS-007357,1345518.77,1339046.0,870470.76,475048.01,0.6469
MPLADS-007358,6350839.14,6500653.73,4620395.66,1730443.4799999995,0.7275
MPLADS-007359,1973505.4,1938975.76,1649713.14,323792.26,0.8359
MPLADS-007360,1689886.32,1687404.3,1292040.94,397845.3800000001,0.7646
MPLADS-007361,838995.49,798094.74,608390.65,230604.83999999997,0.7251
MPLADS-007362,2417998.67,2520584.62,2017533.89,400464.78,0.8344
MPLADS-007363,6521229.54,6361897.37,4443752.79,2077476.75,0.6814
MPLADS-007364,207439.18,208254.11,193069.43,14369.75,0.9307
MPLADS-007365,441319.64,460639.5,393529.57,47790.07000000001,0.8917
MPLADS-007366,1811723.51,1728024.26,1382366.18,429357.3300000001,0.763
MPLADS-007367,671665.52,648409.26,404185.71,267479.81,0.6018
MPLADS-007368,9760251.07,9444962.93,6744415.5,3015835.5700000003,0.691
MPLADS-007369,761614.71,727488.09,562070.51,199544.19999999995,0.738
MPLADS-007370,915943.85,917265.55,780732.63,135211.21999999997,0.8524
MPLADS-007371,3057797.3,3024359.98,2256770.73,801026.5699999998,0.738
MPLADS-007372,2810639.25,2672017.7,2715337.45,95301.79999999981,0.9661
MPLADS-007373,464086.0,475650.42,382059.01,82026.98999999999,0.8233
MPLADS-007374,2947567.51,3005993.66,2549738.33,397829.1799999997,0.865
MPLADS-007375,391751.19,407430.5,317778.6,73972.59000000003,0.8112
MPLADS-007376,861280.3,842757.25,775756.56,85523.73999999999,0.9007
MPLADS-007377,3887641.77,3921163.72,3258371.92,629269.8500000001,0.8381
MPLADS-007378,3503310.66,3328928.93,2973821.46,529489.2000000002,0.8489
MPLADS-007379,478145.39,480602.16,384278.32,93867.07,0.8037
MPLADS-007380,836002.58,806376.97,709330.46,126672.12,0.8485
MPLADS-007381,1787759.4,1702764.5,1540221.86,247537.5399999998,0.8615
MPLADS-007382,232598.44,235771.64,166996.48,65601.95999999999,0.718
MPLADS-007383,9446682.21,9702460.35,8536691.64,909990.5700000003,0.9037
MPLADS-007384,524991.13,518175.53,514572.51,10418.619999999995,0.9802
MPLADS-007385,213563.29,204074.55,157561.98,56001.31,0.7378
MPLADS-007386,239413.61,235571.96,343271.35,0.0,1.4338
MPLADS-007387,454112.4,455243.92,284635.08,169477.32,0.6268
MPLADS-007388,2200923.89,2187712.01,1992266.69,208657.2000000002,0.9052
MPLADS-007389,1758797.11,1835403.38,1205725.26,553071.8500000001,0.6855
MPLADS-007390,2028206.34,2033619.35,1605913.39,422292.9500000002,0.7918
MPLADS-007391,2643596.85,2543249.25,2310048.69,333548.16000000015,0.8738
MPLADS-007392,2579361.94,2599959.33,1912852.84,666509.0999999999,0.7416
MPLADS-007393,1940534.06,1895602.04,1164747.4,775786.6600000001,0.6002
MPLADS-007394,3312822.29,3219285.74,3223766.34,89055.95000000019,0.9731
MPLADS-007395,2732660.41,2716668.99,1718838.49,1013821.9200000002,0.629
MPLADS-007396,495126.17,516746.75,412927.3,82198.87,0.834
MPLADS-007397,1881576.49,1853191.05,1147737.27,733839.22,0.61
MPLADS-007398,9957927.29,9542853.0,7123400.26,2834527.0299999993,0.7153
MPLADS-007399,2019147.78,2010155.05,1733838.36,285309.4199999999,0.8587
MPLADS-007400,1376611.37,1431173.24,851249.3,525362.0700000001,0.6184
MPLADS-007401,468252.29,478798.3,427406.59,40845.69999999995,0.9128
MPLADS-007402,236925.21,239786.76,222714.46,14210.75,0.94
MPLADS-007403,238727.66,230788.12,173958.73,64768.92999999999,0.7287
MPLADS-007404,2837928.03,2733502.49,2186614.38,651313.6499999999,0.7705
MPLADS-007405,220324.42,210496.26,165279.19,55045.23000000001,0.7502
MPLADS-007406,213095.76,203284.95,156549.1,56546.66,0.7346
MPLADS-007407,753091.72,785876.91,460602.42,292489.3,0.6116
MPLADS-007408,7893328.18,7535456.02,6738197.69,1155130.4899999993,0.8537
MPLADS-007409,2549525.72,2601419.18,1726005.88,823519.8400000003,0.677
MPLADS-007410,3102658.79,3222989.11,2335058.4,767600.3900000001,0.7526
MPLADS-007411,1153285.15,1136575.49,1084088.04,69197.10999999987,0.94
MPLADS-007412,3231064.93,3307530.23,2384513.16,846551.77,0.738
MPLADS-007413,574775.46,547202.35,574775.46,0.0,1.0
MPLADS-007414,2738127.29,2777734.74,2341495.37,396631.9199999999,0.8551
MPLADS-007415,235988.3,234088.23,231290.07,4698.229999999981,0.9801
MPLADS-007416,3218770.32,3063823.5,2662453.77,556316.5499999998,0.8272
MPLADS-007417,435506.16,441277.92,304544.95,130961.20999999996,0.6993
MPLADS-007418,773544.77,808833.06,574011.22,199533.55000000005,0.7421
MPLADS-007419,2510864.99,2584662.19,1907377.77,603487.2200000002,0.7596
MPLADS-007420,205443.8,205723.2,149652.36,55791.44,0.7284
MPLADS-007421,1779016.72,1830224.13,1451396.42,327620.30000000005,0.8158
MPLADS-007422,786502.83,782787.6,1106915.73,0.0,1.4074
MPLADS-007423,899493.83,940300.82,580129.01,319364.81999999995,0.645
MPLADS-007424,2503722.74,2607626.54,1636833.69,866889.0500000003,0.6538
MPLADS-007425,2181253.38,2169759.36,1448775.27,732478.1099999999,0.6642
MPLADS-007426,516993.41,536779.18,443088.55,73904.85999999999,0.857
MPLADS-007427,2688985.53,2647747.07,1890920.03,798065.4999999998,0.7032
MPLADS-007428,2363437.25,2276193.36,2140897.23,222540.02000000002,0.9058
MPLADS-007429,188641.95,193288.12,132741.12,55900.830000000016,0.7037
MPLADS-007430,1868353.89,1873218.27,1839667.37,28686.519999999786,0.9846
MPLADS-007431,239978.8,228676.96,146215.41,93763.38999999998,0.6093
MPLADS-007432,191984.18,187634.1,190174.59,1809.5899999999965,0.9906
MPLADS-007433,558518.46,534108.15,519158.51,39359.94999999995,0.9295
MPLADS-007434,3989018.13,4090308.82,3979152.3,9865.830000000075,0.9975
MPLADS-007435,2596205.34,2653722.64,2063549.64,532655.7,0.7948
MPLADS-007436,452655.78,459430.7,359909.85,92745.93000000005,0.7951
MPLADS-007437,419266.79,407990.3,332921.82,86344.96999999997,0.7941
MPLADS-007438,463628.81,479279.47,375986.96,87641.84999999998,0.811
MPLADS-007439,3577747.77,3474002.44,2149224.18,1428523.5899999999,0.6007
MPLADS-007440,413590.37,433413.53,406817.08,6773.289999999979,0.9836
MPLADS-007441,3096487.46,3087917.54,1877308.41,1219179.05,0.6063
MPLADS-007442,851557.56,809000.91,584988.03,266569.53,0.687
MPLADS-007443,2466738.6,2369221.05,2314433.33,152305.27000000002,0.9383
MPLADS-007444,5841657.87,5875180.73,4491337.43,1350320.4400000004,0.7688
MPLADS-007445,2040186.5,2094275.38,1865743.67,174442.83000000007,0.9145
MPLADS-007446,897951.97,908571.74,665788.94,232163.03000000003,0.7415
MPLADS-007447,1368475.77,1305764.53,1165813.6,202662.16999999993,0.8519
MPLADS-007448,2529346.11,2516202.39,1765310.61,764035.4999999998,0.6979
MPLADS-007449,237242.54,228874.73,144398.74,92843.80000000002,0.6087
MPLADS-007450,1207546.5,1194125.68,900422.82,307123.68000000005,0.7457
MPLADS-007451,2257393.68,2153153.71,1739786.35,517607.3300000001,0.7707
MPLADS-007452,1369963.47,1368205.6,1030683.45,339280.02,0.7523
MPLADS-007453,788220.61,755118.13,755604.79,32615.81999999995,0.9586
MPLADS-007454,9524836.47,9749901.54,6218284.89,3306551.580000001,0.6528
MPLADS-007455,194039.45,188610.85,144079.41,49960.04000000001,0.7425
MPLADS-007456,494207.19,477009.02,332997.27,161209.91999999998,0.6738
MPLADS-007457,735658.3,755133.1,536593.97,199064.33000000007,0.7294
MPLADS-007458,242647.73,234054.27,228088.87,14558.860000000015,0.94
MPLADS-007459,857695.48,841088.51,652930.16,204765.31999999995,0.7613
MPLADS-007460,863435.41,844148.62,710977.28,152458.13,0.8234
MPLADS-007461,8821967.66,8578429.73,6319780.44,2502187.2199999997,0.7164
MPLADS-007462,441666.37,450011.21,412599.47,29066.900000000023,0.9342
MPLADS-007463,237353.62,225950.22,222649.46,14704.160000000003,0.938
MPLADS-007464,388037.22,382734.67,349043.19,38994.02999999997,0.8995
MPLADS-007465,1235477.85,1247785.15,966807.21,268670.64000000013,0.7825
MPLADS-007466,1715476.2,1644551.55,1368809.75,346666.44999999995,0.7979
MPLADS-007467,430616.1,425914.37,378805.81,51810.28999999998,0.8797
MPLADS-007468,3539823.57,3436812.68,3358553.77,181269.7999999998,0.9488
MPLADS-007469,192469.0,190091.85,148033.45,44435.54999999999,0.7691
MPLADS-007470,860806.47,884041.52,572301.56,288504.9099999999,0.6648
MPLADS-007471,3311692.91,3431934.54,3022399.35,289293.56000000006,0.9126
MPLADS-007472,942040.02,960863.73,672651.44,269388.5800000001,0.714
MPLADS-007473,851285.12,834546.09,771209.78,80075.33999999997,0.9059
MPLADS-007474,3458221.79,3548356.68,3166443.18,291778.60999999987,0.9156
MPLADS-007475,901284.89,945593.99,655588.55,245696.33999999997,0.7274
MPLADS-007476,190629.26,194315.96,178389.42,12239.839999999997,0.9358
MPLADS-007477,234603.22,244957.86,200625.67,33977.54999999999,0.8552
MPLADS-007478,494141.85,476172.12,352738.23,141403.62,0.7138
MPLADS-007479,3991950.52,4126516.65,2642108.85,1349841.67,0.6619
MPLADS-007480,936681.52,936108.87,667439.83,269241.69000000006,0.7126
MPLADS-007481,462545.3,448214.58,277899.84,184645.45999999996,0.6008
MPLADS-007482,1927333.31,1831686.04,1492778.87,434554.43999999994,0.7745
MPLADS-007483,1018707.28,971438.47,712713.6,305993.68000000005,0.6996
MPLADS-007484,613189.72,628932.01,605687.72,7502.0,0.9878
MPLADS-007485,3825318.33,3759599.87,2730287.24,1095031.0899999999,0.7137
MPLADS-007486,446542.34,449120.25,440561.79,5980.550000000047,0.9866
MPLADS-007487,9325080.89,9660916.02,6610207.66,2714873.2300000004,0.7089
MPLADS-007488,3169246.62,3012017.06,2886251.82,282994.8000000003,0.9107
MPLADS-007489,1462658.0,1443294.73,951435.56,511222.43999999994,0.6505
MPLADS-007490,448729.01,433773.98,604801.5,0.0,1.3478
MPLADS-007491,1049877.94,1050522.0,833070.75,216807.18999999994,0.7935
MPLADS-007492,2845421.17,2867218.4,2396319.01,449102.16000000015,0.8422
MPLADS-007493,216917.81,211093.48,201472.54,15445.26999999999,0.9288
MPLADS-007494,3523738.14,3590052.32,2201261.13,1322477.0100000002,0.6247
MPLADS-007495,3687958.05,3848920.47,2872856.42,815101.6299999999,0.779
MPLADS-007496,524663.71,515819.91,413492.73,111170.97999999998,0.7881
MPLADS-007497,2321408.77,2290884.68,2220453.4,100955.37000000011,0.9565
MPLADS-007498,822892.69,809223.83,494352.14,328540.54999999993,0.6007
MPLADS-007499,750059.78,771052.98,511748.54,238311.24000000005,0.6823
MPLADS-007500,3219683.31,3302723.74,2129299.43,1090383.88,0.6613
MPLADS-007501,1715936.08,1774131.65,1432214.39,283721.6900000002,0.8347
MPLADS-007502,1824883.33,1914250.25,1494839.29,330044.04000000004,0.8191
MPLADS-007503,570994.59,552838.14,485705.85,85288.73999999999,0.8506
MPLADS-007504,389886.41,396258.05,511906.51,0.0,1.313
MPLADS-007505,447543.39,457654.74,344595.97,102947.42000000004,0.77
MPLADS-007506,2431443.96,2528927.78,1752119.51,679324.45,0.7206
MPLADS-007507,2654966.8,2614664.1,2446932.13,208034.66999999993,0.9216
MPLADS-007508,3389767.47,3451525.78,3186381.42,203386.05000000028,0.94
MPLADS-007509,2668152.93,2702141.62,1972550.63,695602.3000000003,0.7393
MPLADS-007510,786043.18,812371.81,771624.52,14418.660000000033,0.9817
MPLADS-007511,2255652.43,2146138.97,2120313.28,135339.15000000037,0.94
MPLADS-007512,799773.21,834903.17,799773.21,0.0,1.0
MPLADS-007513,861214.08,821611.92,809541.24,51672.83999999997,0.94
MPLADS-007514,1372462.88,1424890.99,1260002.21,112460.66999999993,0.9181
MPLADS-007515,231670.03,239694.25,179636.99,52033.04000000001,0.7754
MPLADS-007516,4615200.66,4712657.2,3604336.95,1010863.71,0.781
MPLADS-007517,2209155.16,2247972.67,2163702.0,45453.16000000015,0.9794
MPLADS-007518,576398.8,601959.85,425189.53,151209.27000000002,0.7377
MPLADS-007519,514858.09,503423.75,503839.09,11019.0,0.9786
MPLADS-007520,1848526.59,1866033.75,1737614.99,110911.6000000001,0.94
MPLADS-007521,543099.29,523882.15,395105.99,147993.30000000005,0.7275
MPLADS-007522,462121.89,443003.55,363054.66,99067.23000000004,0.7856
MPLADS-007523,243551.15,250433.66,148107.85,95443.29999999999,0.6081
MPLADS-007524,1035175.48,1036000.87,981107.01,54068.46999999997,0.9478
MPLADS-007525,2963770.79,3012051.66,2010366.61,953404.1799999999,0.6783
MPLADS-007526,2825904.36,2810003.12,2100424.42,725479.94,0.7433
MPLADS-007527,828360.72,814605.81,778659.08,49701.640000000014,0.94
MPLADS-007528,1698362.26,1656760.62,1582195.16,116167.1000000001,0.9316
MPLADS-007529,740988.6,768124.43,1033324.31,0.0,1.3945
MPLADS-007530,2481856.8,2386921.24,1628807.54,853049.2599999998,0.6563
MPLADS-007531,3186780.56,3191942.89,3108402.5,78378.06000000006,0.9754
MPLADS-007532,1103222.86,1066600.99,774880.09,328342.77000000014,0.7024
MPLADS-007533,859525.39,851965.2,604842.82,254682.57000000007,0.7037
MPLADS-007534,242987.34,235867.26,157270.77,85716.57,0.6472
MPLADS-007535,8407905.32,8309022.64,7449529.64,958375.6800000006,0.886
MPLADS-007536,213541.83,209566.95,170679.84,42861.98999999999,0.7993
MPLADS-007537,3013145.23,2922345.14,2686318.71,326826.52,0.8915
MPLADS-007538,2766646.91,2826669.37,2309430.94,457215.9700000002,0.8347
MPLADS-007539,791218.14,795033.51,659061.83,132156.31000000006,0.833
MPLADS-007540,3562349.49,3385215.36,2722910.43,839439.06,0.7644
MPLADS-007541,3286574.04,3385324.9,3043282.98,243291.06000000006,0.926
MPLADS-007542,787837.81,779779.24,754499.61,33338.20000000007,0.9577
MPLADS-007543,450926.97,435553.92,450926.97,0.0,1.0
MPLADS-007544,193155.37,197269.69,152832.65,40322.72,0.7912
MPLADS-007545,948128.18,988169.24,857498.25,90629.93000000005,0.9044
MPLADS-007546,249852.6,262316.63,181128.65,68723.95000000001,0.7249
MPLADS-007547,3481251.77,3460991.08,2098940.46,1382311.31,0.6029
MPLADS-007548,3898907.76,3747347.35,2528127.73,1370780.0299999998,0.6484
MPLADS-007549,3394746.6,3464998.33,3115573.26,279173.3400000003,0.9178
MPLADS-007550,1228503.53,1212645.13,1189589.0,38914.53000000003,0.9683
MPLADS-007551,1008903.39,964268.02,840784.04,168119.34999999998,0.8334
MPLADS-007552,206346.08,212820.79,180151.34,26194.73999999999,0.8731
MPLADS-007553,242697.04,244832.23,193684.22,49012.82000000001,0.798
MPLADS-007554,563629.05,562763.33,360750.15,202878.90000000002,0.64
MPLADS-007555,760847.34,728958.63,581334.53,179512.80999999994,0.7641
MPLADS-007556,12557760.91,12339234.74,9838931.35,2718829.5600000005,0.7835
MPLADS-007557,205141.66,204318.35,143608.81,61532.850000000006,0.7
MPLADS-007558,3005902.06,2958120.89,1918516.4,1087385.6600000001,0.6382
MPLADS-007559,2666400.56,2668727.01,1741630.19,924770.3700000001,0.6532
MPLADS-007560,1239953.49,1283071.3,1097004.85,142948.6399999999,0.8847
MPLADS-007561,467999.11,449676.21,416829.93,51169.17999999999,0.8907
MPLADS-007562,821287.53,835138.1,730681.41,90606.12,0.8897
MPLADS-007563,3512409.14,3413874.21,2658444.57,853964.5700000003,0.7569
MPLADS-007564,3215640.63,3260072.89,3204464.66,11175.96999999974,0.9965
MPLADS-007565,713977.18,704108.52,570065.99,143911.19000000006,0.7984
MPLADS-007566,3140973.66,3075264.26,1893382.7,1247590.9600000002,0.6028
MPLADS-007567,845694.76,830801.08,536241.64,309453.12,0.6341
MPLADS-007568,940254.19,982234.55,651878.17,288376.0199999999,0.6933
MPLADS-007569,2912854.93,3028299.55,2431081.92,481773.01000000024,0.8346
MPLADS-007570,3163519.31,3089572.63,2371097.28,792422.0300000003,0.7495
MPLADS-007571,2926943.89,2908406.22,2751327.26,175616.63000000035,0.94
MPLADS-007572,454593.52,437452.64,326384.55,128208.97000000003,0.718
MPLADS-007573,1022373.3,982614.34,869802.3,152571.0,0.8508
MPLADS-007574,1294515.32,1298742.62,1172963.23,121552.09000000008,0.9061
MPLADS-007575,2721800.05,2681190.11,2015774.67,706025.3799999999,0.7406
MPLADS-007576,203164.86,207377.28,129350.98,73813.87999999999,0.6367
MPLADS-007577,1484464.75,1519966.2,1435384.04,49080.70999999996,0.9669
MPLADS-007578,2756441.51,2840863.58,2359035.06,397406.4499999997,0.8558
MPLADS-007579,1767024.76,1792949.89,1423572.27,343452.49,0.8056
MPLADS-007580,857995.85,816719.24,566055.75,291940.1,0.6597
MPLADS-007581,510843.9,505963.13,399391.56,111452.34000000003,0.7818
MPLADS-007582,3913830.51,3791020.21,2613150.23,1300680.2799999998,0.6677
MPLADS-007583,1224938.98,1177379.16,964504.5,260434.47999999998,0.7874
MPLADS-007584,3057338.01,2911611.64,2645013.08,412324.9299999997,0.8651
MPLADS-007585,2059129.7,2068920.0,1297295.62,761834.0799999998,0.63
MPLADS-007586,1861143.86,1942541.18,1726246.15,134897.7100000002,0.9275
MPLADS-007587,223250.3,217948.8,137436.85,85813.44999999998,0.6156
MPLADS-007588,1242884.92,1209840.03,794314.33,448570.58999999997,0.6391
MPLADS-007589,193079.67,191089.97,148795.74,44283.93000000002,0.7706
MPLADS-007590,2743808.72,2713988.16,2157140.22,586668.5,0.7862
MPLADS-007591,3059864.63,3162017.6,4321214.42,0.0,1.4122
MPLADS-007592,464234.17,483478.52,464234.17,0.0,1.0
MPLADS-007593,1698904.99,1696752.0,1257945.31,440959.67999999993,0.7404
MPLADS-007594,2170151.02,2129433.63,1675670.58,494480.43999999994,0.7721
MPLADS-007595,493474.39,492663.69,472488.68,20985.71000000002,0.9575
MPLADS-007596,836361.19,835363.85,717298.22,119062.96999999997,0.8576
MPLADS-007597,839105.22,823380.09,535959.69,303145.53,0.6387
MPLADS-007598,1335271.25,1354472.53,1035091.69,300179.56000000006,0.7752
MPLADS-007599,556880.12,568547.19,416556.83,140323.28999999998,0.748
MPLADS-007600,3678077.46,3796143.47,2463841.84,1214235.62,0.6699
MPLADS-007601,473426.71,464280.49,460450.81,12975.900000000023,0.9726
MPLADS-007602,3060089.44,3115552.58,2191389.77,868699.6699999999,0.7161
MPLADS-007603,395132.28,379793.92,242517.06,152615.22000000003,0.6138
MPLADS-007604,476421.37,470158.88,451954.21,24467.159999999974,0.9486
MPLADS-007605,452102.4,464105.98,306889.29,145213.11000000004,0.6788
MPLADS-007606,462207.59,459993.02,326664.2,135543.39,0.7067
MPLADS-007607,1793804.76,1792590.57,1741920.92,51883.840000000084,0.9711
MPLADS-007608,478970.64,460539.91,432212.5,46758.140000000014,0.9024
MPLADS-007609,2128305.33,2073181.46,1282209.4,846095.9300000002,0.6025
MPLADS-007610,1838969.45,1897563.54,1257383.0,581586.45,0.6837
MPLADS-007611,433822.88,417292.24,329546.94,104275.94,0.7596
MPLADS-007612,393768.81,411777.47,298912.49,94856.32,0.7591
MPLADS-007613,187516.72,196021.58,129629.94,57886.78,0.6913
MPLADS-007614,1198566.1,1251715.52,913656.97,284909.1300000001,0.7623
MPLADS-007615,4822781.14,4586558.25,3676486.15,1146294.9899999998,0.7623
MPLADS-007616,834620.79,810197.66,704490.24,130130.55000000005,0.8441
MPLADS-007617,214153.75,216711.19,201304.52,12849.23000000001,0.94
MPLADS-007618,3950262.9,4081905.76,3543503.39,406759.5099999998,0.897
MPLADS-007619,2517572.74,2620722.12,2366518.38,151054.36000000034,0.94
MPLADS-007620,446826.07,435009.47,419835.39,26990.679999999993,0.9396
MPLADS-007621,3300806.32,3297474.58,3102757.94,198048.3799999999,0.94
MPLADS-007622,398231.78,417316.31,369478.68,28753.100000000035,0.9278
MPLADS-007623,7643988.54,7867496.24,6217912.92,1426075.62,0.8134
MPLADS-007624,528993.93,535618.15,364562.7,164431.23000000004,0.6892
MPLADS-007625,11919912.18,11682010.18,8034548.0,3885364.1799999997,0.674
MPLADS-007626,1657477.2,1600528.92,1279119.35,378357.84999999986,0.7717
MPLADS-007627,951505.83,910901.1,1272511.56,0.0,1.3374
MPLADS-007628,2558389.0,2524289.73,2296256.94,262132.06000000006,0.8975
MPLADS-007629,2243418.85,2175417.34,1364298.62,879120.23,0.6081
MPLADS-007630,3027215.79,3143667.45,2423547.79,603668.0,0.8006
MPLADS-007631,467205.52,453728.82,669248.45,0.0,1.4324
MPLADS-007632,212892.38,209890.81,288325.95,0.0,1.3543
MPLADS-007633,1001141.23,975629.62,610637.81,390503.4199999999,0.6099
MPLADS-007634,245767.71,255519.05,172049.15,73718.56,0.7
MPLADS-007635,2355926.74,2355902.8,2184858.78,171067.96000000043,0.9274
MPLADS-007636,1637262.98,1718822.84,1543029.02,94233.95999999996,0.9424
MPLADS-007637,3110069.77,3239813.42,2807993.39,302076.3799999999,0.9029
MPLADS-007638,534016.19,515131.72,503936.89,30079.29999999993,0.9437
MPLADS-007639,12697483.03,12993571.1,8840631.16,3856851.869999999,0.6963
MPLADS-007640,2443714.6,2322638.21,1630764.25,812950.3500000001,0.6673
MPLADS-007641,1194457.31,1153946.05,1020540.47,173916.84000000008,0.8544
MPLADS-007642,2422905.92,2514198.45,1610872.0,812033.9199999999,0.6649
MPLADS-007643,721011.49,754579.49,702602.44,18409.050000000047,0.9745
MPLADS-007644,2314140.26,2342003.69,1453378.48,860761.7799999998,0.628
MPLADS-007645,2045445.78,2146160.29,1290576.84,754868.94,0.631
MPLADS-007646,250824.43,253800.81,243211.83,7612.600000000006,0.9696
MPLADS-007647,715390.07,703801.06,636350.71,79039.35999999999,0.8895
MPLADS-007648,927080.4,957323.14,617663.99,309416.41000000003,0.6662
MPLADS-007649,226143.5,225422.82,181431.09,44712.41,0.8023
MPLADS-007650,1744143.69,1722559.73,1712592.23,31551.459999999963,0.9819
MPLADS-007651,536378.79,542133.32,657464.95,0.0,1.2257
MPLADS-007652,1282260.53,1274328.48,800309.88,481950.65,0.6241
MPLADS-007653,852166.09,874427.88,653368.56,198797.5299999999,0.7667
MPLADS-007654,7184374.38,7167347.0,6784221.11,400153.26999999955,0.9443
MPLADS-007655,3368679.71,3471890.86,2583952.52,784727.19,0.7671
MPLADS-007656,685951.47,672326.18,477767.49,208183.97999999998,0.6965
MPLADS-007657,196526.16,188629.81,166259.16,30267.0,0.846
MPLADS-007658,230152.79,222854.55,156207.36,73945.43000000002,0.6787
MPLADS-007659,2146595.49,2166983.51,1421077.18,725518.3100000003,0.662
MPLADS-007660,1250561.82,1227879.77,1007307.61,243254.21000000008,0.8055
MPLADS-007661,653990.66,653706.07,844467.64,0.0,1.2913
MPLADS-007662,189387.35,184294.99,133034.76,56352.59,0.7024
MPLADS-007663,2806534.38,2823314.55,2000527.84,806006.5399999998,0.7128
MPLADS-007664,885910.37,875514.24,648462.75,237447.62,0.732
MPLADS-007665,3649751.53,3652575.18,2434389.65,1215361.88,0.667
MPLADS-007666,2847574.83,2807089.19,1906280.85,941293.98,0.6694
MPLADS-007667,862873.03,883838.65,579328.35,283544.68000000005,0.6714
MPLADS-007668,2128350.95,2058307.67,1280666.5,847684.4500000002,0.6017
MPLADS-007669,3568225.75,3615107.88,2388377.57,1179848.1800000002,0.6693
MPLADS-007670,1232795.11,1194803.48,817382.6,415412.5100000001,0.663
MPLADS-007671,1726800.1,1779153.99,1281835.08,444965.02,0.7423
MPLADS-007672,722507.63,751863.29,509879.57,212628.06,0.7057
MPLADS-007673,1983652.76,1932518.37,1803630.76,180022.0,0.9092
MPLADS-007674,1346126.52,1393503.9,1045628.8,300497.72,0.7768
MPLADS-007675,9511122.65,9284603.66,7843695.99,1667426.6600000001,0.8247
MPLADS-007676,10877116.14,10376515.8,7650416.47,3226699.670000001,0.7033
MPLADS-007677,2834834.41,2696773.29,2292085.64,542748.77,0.8085
MPLADS-007678,215157.43,214946.85,170884.29,44273.139999999985,0.7942
MPLADS-007679,859174.25,883730.78,697702.97,161471.28000000003,0.8121
MPLADS-007680,1090365.33,1050776.21,976341.61,114023.72000000009,0.8954
MPLADS-007681,3169500.18,3064146.58,1921839.08,1247661.1,0.6064
MPLADS-007682,1811351.16,1892079.16,1259976.99,551374.1699999999,0.6956
MPLADS-007683,2586934.85,2562840.97,2482408.87,104525.97999999998,0.9596
MPLADS-007684,2821815.5,2924513.43,2268739.39,553076.1099999999,0.804
MPLADS-007685,2201052.72,2259579.82,2068989.56,132063.16000000015,0.94
MPLADS-007686,2761923.41,2712777.35,2303095.28,458828.13000000035,0.8339
MPLADS-007687,211204.64,217556.12,132490.98,78713.66,0.6273
MPLADS-007688,830867.38,867147.4,1062247.31,0.0,1.2785
MPLADS-007689,836484.86,828631.78,645023.91,191460.94999999995,0.7711
MPLADS-007690,540303.18,525623.45,455934.79,84368.39000000007,0.8438
MPLADS-007691,722192.81,713996.08,557639.94,164552.8700000001,0.7721
MPLADS-007692,1803374.76,1777502.36,1630471.58,172903.17999999993,0.9041
MPLADS-007693,3595543.66,3584162.72,2867374.58,728169.0800000001,0.7975
MPLADS-007694,2896201.74,2878880.64,2688005.82,208195.9200000004,0.9281
MPLADS-007695,3547137.28,3458109.5,3087416.06,459721.21999999974,0.8704
MPLADS-007696,438406.19,440159.5,354469.71,83936.47999999998,0.8085
MPLADS-007697,2828287.75,2751777.3,2425952.62,402335.1299999999,0.8577
MPLADS-007698,1729394.57,1654722.49,1433943.47,295451.1000000001,0.8292
MPLADS-007699,3132617.29,3010672.42,2776788.35,355828.93999999994,0.8864
MPLADS-007700,521800.68,516617.57,485606.08,36194.59999999998,0.9306
MPLADS-007701,786303.28,812286.54,725701.98,60601.30000000005,0.9229
MPLADS-007702,1265191.79,1261350.03,911602.21,353589.5800000001,0.7205
MPLADS-007703,1776436.94,1708533.47,1409106.04,367330.8999999999,0.7932
MPLADS-007704,3023558.95,2992997.17,2487708.19,535850.7600000002,0.8228
MPLADS-007705,1246833.36,1294369.54,1021274.52,225558.84000000008,0.8191
MPLADS-007706,233994.47,239243.47,195483.0,38511.47,0.8354
MPLADS-007707,680552.8,679668.33,534143.28,146409.52000000002,0.7849
MPLADS-007708,1977423.8,1975096.75,1610973.01,366450.79000000004,0.8147
MPLADS-007709,3220506.64,3323942.08,4260249.07,0.0,1.3229
MPLADS-007710,2320256.3,2369858.98,2181040.92,139215.3799999999,0.94
MPLADS-007711,1343513.63,1295001.82,1234091.45,109422.17999999993,0.9186
MPLADS-007712,1301082.95,1343512.93,1289240.13,11842.820000000065,0.9909
MPLADS-007713,2180239.78,2252225.79,1676800.31,503439.46999999974,0.7691
MPLADS-007714,845491.36,821019.1,747611.69,97879.67000000004,0.8842
MPLADS-007715,832323.25,839777.85,688443.16,143880.08999999997,0.8271
MPLADS-007716,2451011.06,2443741.51,1583099.83,867911.23,0.6459
MPLADS-007717,8208288.91,8395265.29,6768358.29,1439930.62,0.8246
MPLADS-007718,518316.94,524663.83,518316.94,0.0,1.0
MPLADS-007719,243766.46,237191.95,190636.25,53130.20999999999,0.782
MPLADS-007720,506422.43,531674.24,425149.66,81272.77000000002,0.8395
MPLADS-007721,2736115.07,2647058.58,2590875.67,145239.3999999999,0.9469
MPLADS-007722,458804.64,450398.42,431276.36,27528.280000000028,0.94
MPLADS-007723,1733501.57,1768295.73,1621684.1,111817.46999999997,0.9355
MPLADS-007724,3091236.35,3117240.53,2978249.22,112987.12999999989,0.9634
MPLADS-007725,9526100.53,9790472.56,7579175.51,1946925.0199999996,0.7956
MPLADS-007726,3555371.64,3639333.85,3140440.93,414930.70999999996,0.8833
MPLADS-007727,655342.44,664187.17,588385.53,66956.90999999992,0.8978
MPLADS-007728,1744085.6,1821198.9,1176655.56,567430.04,0.6747
MPLADS-007729,485962.2,473073.86,309223.88,176738.32,0.6363
MPLADS-007730,2697595.3,2737420.98,1974889.23,722706.0699999998,0.7321
MPLADS-007731,2429807.76,2521124.2,2388215.0,41592.75999999978,0.9829
MPLADS-007732,2686320.09,2591324.65,2572745.73,113574.35999999987,0.9577
MPLADS-007733,3744466.47,3869372.8,3632655.01,111811.46000000043,0.9701
MPLADS-007734,1901831.79,1809875.62,1681442.65,220389.14000000013,0.8841
MPLADS-007735,207719.15,216086.56,176162.15,31557.0,0.8481
MPLADS-007736,13445773.59,13674139.49,10842644.94,2603128.6500000004,0.8064
MPLADS-007737,1643603.57,1708380.44,1266214.6,377388.97,0.7704
MPLADS-007738,483780.55,478406.46,401604.38,82176.16999999998,0.8301
MPLADS-007739,1838799.58,1779613.81,1761248.76,77550.82000000007,0.9578
MPLADS-007740,531240.33,537570.08,462818.57,68421.75999999995,0.8712
MPLADS-007741,470510.04,476921.94,426895.08,43614.95999999996,0.9073
MPLADS-007742,495389.82,502301.87,425728.97,69660.85000000003,0.8594
MPLADS-007743,1857735.2,1789702.67,1525599.47,332135.73,0.8212
MPLADS-007744,3070232.46,3138897.6,1895042.61,1175189.8499999999,0.6172
MPLADS-007745,2046456.31,2046111.53,1978820.05,67636.26000000001,0.9669
MPLADS-007746,209479.91,200196.41,267707.03,0.0,1.278
MPLADS-007747,545362.98,525002.42,471779.45,73583.52999999997,0.8651
MPLADS-007748,3245173.51,3105116.78,2915261.83,329911.6799999997,0.8983
MPLADS-007749,571257.58,556685.07,473191.5,98066.07999999996,0.8283
MPLADS-007750,7176234.99,7398150.78,4354434.36,2821800.63,0.6068
MPLADS-007751,515518.33,517311.02,416533.26,98985.07,0.808
MPLADS-007752,421023.5,439532.96,338944.54,82078.96000000002,0.805
MPLADS-007753,808344.49,802912.66,687897.37,120447.12,0.851
MPLADS-007754,2854108.8,2926365.86,2207777.88,646330.9199999999,0.7735
MPLADS-007755,807830.13,802954.59,800620.47,7209.660000000033,0.9911
MPLADS-007756,548263.3,564558.1,504181.11,44082.19000000006,0.9196
MPLADS-007757,3574161.62,3476437.15,2529643.38,1044518.2400000002,0.7078
MPLADS-007758,3122087.9,3012755.42,2291251.07,830836.8300000001,0.7339
MPLADS-007759,556699.28,533201.75,446100.76,110598.52000000002,0.8013
MPLADS-007760,1205702.54,1262425.25,1199496.61,6205.929999999935,0.9949
MPLADS-007761,456784.46,477756.56,419412.67,37371.79000000004,0.9182
MPLADS-007762,805042.81,826337.59,599211.47,205831.34000000008,0.7443
MPLADS-007763,848924.11,844793.46,834428.78,14495.329999999958,0.9829
MPLADS-007764,2636955.22,2543950.31,2612668.64,24286.580000000075,0.9908
MPLADS-007765,241564.56,233903.77,161976.35,79588.20999999999,0.6705
MPLADS-007766,3115358.74,3155808.92,2748878.2,366480.54000000004,0.8824
MPLADS-007767,251439.32,261054.7,191276.12,60163.20000000001,0.7607
MPLADS-007768,244432.67,252619.02,229766.71,14665.960000000021,0.94
MPLADS-007769,225906.76,224094.49,177275.43,48631.330000000016,0.7847
MPLADS-007770,2488550.0,2579400.9,1623216.1,865333.8999999999,0.6523
MPLADS-007771,801857.75,796250.16,565675.72,236182.03000000003,0.7055
MPLADS-007772,432975.29,413863.83,351745.71,81229.57999999996,0.8124
MPLADS-007773,247743.63,258685.68,236639.04,11104.589999999997,0.9552
MPLADS-007774,1180480.28,1166248.18,1461446.03,0.0,1.238
MPLADS-007775,5715221.58,5574645.7,3661187.68,2054033.9,0.6406
MPLADS-007776,2768861.17,2679539.76,2510525.44,258335.72999999998,0.9067
MPLADS-007777,1650625.09,1603717.7,1523705.79,126919.30000000005,0.9231
MPLADS-007778,8773016.08,8878717.17,5894697.32,2878318.76,0.6719
MPLADS-007779,3022345.0,3005855.44,2026138.25,996206.75,0.6704
MPLADS-007780,1635047.67,1617971.34,1514572.32,120475.34999999986,0.9263
MPLADS-007781,6648059.66,6447094.87,6076118.65,571941.0099999998,0.914
MPLADS-007782,234115.41,230041.41,169762.2,64353.20999999999,0.7251
MPLADS-007783,653752.42,669426.04,535571.46,118180.96000000008,0.8192
MPLADS-007784,9386754.79,9671075.79,6474188.58,2912566.209999999,0.6897
MPLADS-007785,3746515.02,3751036.84,3266215.24,480299.7799999998,0.8718
MPLADS-007786,4021197.72,4094542.47,2547583.31,1473614.4100000001,0.6335
MPLADS-007787,4749276.63,4632483.07,3883261.49,866015.1399999997,0.8177
MPLADS-007788,1290251.46,1351483.95,889929.54,400321.9199999999,0.6897
MPLADS-007789,2358231.62,2354378.7,2044386.32,313845.30000000005,0.8669
MPLADS-007790,3529487.73,3537226.27,2761293.89,768193.8399999999,0.7823
MPLADS-007791,2714903.03,2809176.33,1834740.13,880162.8999999999,0.6758
MPLADS-007792,1057917.38,1052031.33,708246.7,349670.67999999993,0.6695
MPLADS-007793,507555.08,506405.79,398177.71,109377.37,0.7845
MPLADS-007794,462144.17,476674.72,373745.23,88398.94,0.8087
MPLADS-007795,3762740.38,3893267.28,3536975.96,225764.41999999993,0.94
MPLADS-007796,1336420.5,1391492.73,838532.53,497887.97,0.6274
MPLADS-007797,229942.75,230395.76,332031.8,0.0,1.444
MPLADS-007798,3210331.73,3064772.49,2111423.19,1098908.54,0.6577
MPLADS-007799,2754912.53,2622644.42,2745284.44,9628.089999999851,0.9965
MPLADS-007800,518204.05,535181.64,479466.19,38737.859999999986,0.9252
MPLADS-007801,915761.59,953816.35,696479.21,219282.38,0.7605
MPLADS-007802,222698.02,225841.18,141108.48,81589.53999999998,0.6336
MPLADS-007803,210376.99,210776.45,152274.08,58102.91,0.7238
MPLADS-007804,693017.76,719558.06,946843.32,0.0,1.3663
MPLADS-007805,460102.91,481262.75,397391.6,62711.31,0.8637
MPLADS-007806,1362307.35,1394417.15,1073350.67,288956.68000000017,0.7879
MPLADS-007807,3227984.79,3386908.58,1964850.05,1263134.74,0.6087
MPLADS-007808,761484.44,792616.24,675189.25,86295.18999999994,0.8867
MPLADS-007809,1234669.49,1183563.16,888175.59,346493.9,0.7194
MPLADS-007810,3159687.94,3064858.34,2164664.87,995023.0699999998,0.6851
MPLADS-007811,204686.62,196425.43,124172.97,80513.65,0.6066
MPLADS-007812,2182272.81,2214591.0,1731486.93,450785.8800000001,0.7934
MPLADS-007813,6832733.87,6999432.02,5234316.04,1598417.83,0.7661
MPLADS-007814,1376109.54,1323226.93,1234460.93,141648.6100000001,0.8971
MPLADS-007815,2546108.36,2578408.79,1611347.42,934760.94,0.6329
MPLADS-007816,827617.95,819868.93,627425.43,200192.5199999999,0.7581
MPLADS-007817,3523412.74,3553406.32,2429867.35,1093545.3900000001,0.6896
MPLADS-007818,1112561.01,1156762.33,828854.13,283706.88,0.745
MPLADS-007819,3356309.56,3517310.27,2948181.71,408127.8500000001,0.8784
MPLADS-007820,506630.88,493147.08,405939.66,100691.22000000003,0.8013
MPLADS-007821,2751252.57,2842252.49,1907562.52,843690.0499999998,0.6933
MPLADS-007822,3071257.58,2966559.87,2757372.32,313885.26000000024,0.8978
MPLADS-007823,3233656.86,3280415.64,2377976.44,855680.4199999999,0.7354
MPLADS-007824,2452248.32,2572286.32,2045783.95,406464.3699999999,0.8342
MPLADS-007825,2758083.1,2887603.34,2613770.1,144313.0,0.9477
MPLADS-007826,2999349.53,3060201.51,2267424.79,731924.7399999998,0.756
MPLADS-007827,3163207.45,3266761.75,3016406.28,146801.1700000004,0.9536
MPLADS-007828,2138053.48,2244604.88,1368939.2,769114.28,0.6403
MPLADS-007829,3218829.8,3087809.25,3025700.01,193129.79000000004,0.94
MPLADS-007830,2008466.2,2035065.28,1811137.16,197329.04000000004,0.9018
MPLADS-007831,1957586.32,2051336.92,1935053.85,22532.469999999972,0.9885
MPLADS-007832,972714.82,954647.7,842328.23,130386.58999999997,0.866
MPLADS-007833,2734730.65,2832668.48,2180202.02,554528.6299999999,0.7972
MPLADS-007834,1021547.52,977755.81,763668.26,257879.26,0.7476
MPLADS-007835,3078667.41,3052652.25,2597375.02,481292.39000000013,0.8437
MPLADS-007836,845017.89,871464.92,668622.52,176395.37,0.7913
MPLADS-007837,11502070.35,11775104.51,11156111.36,345958.9900000002,0.9699
MPLADS-007838,491209.57,503463.79,338990.62,152218.95,0.6901
MPLADS-007839,235489.03,244707.32,221359.69,14129.339999999997,0.94
MPLADS-007840,1964713.4,1932758.16,1199940.81,764772.5899999999,0.6107
MPLADS-007841,1318376.6,1279398.84,1192490.69,125885.91000000015,0.9045
MPLADS-007842,414644.2,412021.09,394858.9,19785.29999999999,0.9523
MPLADS-007843,518063.5,536334.03,387272.51,130790.98999999999,0.7475
MPLADS-007844,3553700.46,3519632.37,2163321.39,1390379.0699999998,0.6088
MPLADS-007845,238998.71,235492.09,143741.94,95256.76999999999,0.6014
MPLADS-007846,453328.87,453668.86,385115.71,68213.15999999997,0.8495
MPLADS-007847,214923.32,222895.83,170098.27,44825.05000000002,0.7914
MPLADS-007848,2646814.65,2637855.3,2142051.64,504763.0099999998,0.8093
MPLADS-007849,804083.22,796183.03,585306.79,218776.42999999993,0.7279
MPLADS-007850,442720.42,451067.81,395663.74,47056.67999999999,0.8937
MPLADS-007851,1021215.24,1001387.03,952197.02,69018.21999999997,0.9324
MPLADS-007852,2651900.81,2737238.01,1907161.52,744739.29,0.7192
MPLADS-007853,928914.15,946901.34,673534.67,255379.47999999998,0.7251
MPLADS-007854,188608.06,190918.73,176012.77,12595.290000000008,0.9332
MPLADS-007855,3281378.84,3420082.32,2808215.87,473162.96999999974,0.8558
MPLADS-007856,2616204.43,2621707.65,1628532.9,987671.5300000003,0.6225
MPLADS-007857,7510885.27,7303579.02,6345983.98,1164901.289999999,0.8449
MPLADS-007858,2591325.05,2602675.13,1900895.15,690429.8999999999,0.7336
MPLADS-007859,1560216.25,1549780.04,1271210.31,289005.93999999994,0.8148
MPLADS-007860,440436.7,423320.38,326297.51,114139.19,0.7408
MPLADS-007861,243423.73,251148.97,206260.76,37162.97,0.8473
MPLADS-007862,516051.6,509400.74,345525.15,170526.44999999995,0.6696
MPLADS-007863,2986950.96,2920768.36,1978988.72,1007962.24,0.6625
MPLADS-007864,1289654.02,1286922.94,917335.18,372318.83999999997,0.7113
MPLADS-007865,225556.53,221738.9,207015.46,18541.070000000007,0.9178
MPLADS-007866,1291755.44,1249830.38,778439.18,513316.2599999999,0.6026
MPLADS-007867,567617.0,583971.46,362463.95,205153.05,0.6386
MPLADS-007868,3138320.32,3223403.89,2160400.96,977919.3599999999,0.6884
MPLADS-007869,926479.87,907193.18,1145826.52,0.0,1.2368
MPLADS-007870,813735.94,842792.57,517395.57,296340.36999999994,0.6358
MPLADS-007871,821097.36,783277.84,733599.73,87497.63,0.8934
MPLADS-007872,760027.67,742475.28,691784.96,68242.71000000008,0.9102
MPLADS-007873,233940.31,235226.53,285459.03,0.0,1.2202
MPLADS-007874,2806727.93,2808320.6,2097791.23,708936.7000000002,0.7474
MPLADS-007875,395742.22,384335.83,339998.61,55743.609999999986,0.8591
MPLADS-007876,1841674.23,1927825.21,2648419.46,0.0,1.438
MPLADS-007877,10104128.02,10343037.18,7440095.11,2664032.909999999,0.7363
MPLADS-007878,2457883.82,2575749.29,2350088.64,107795.1799999997,0.9561
MPLADS-007879,2278247.01,2200935.16,1968991.74,309255.2699999998,0.8643
MPLADS-007880,467595.81,464716.42,467595.81,0.0,1.0
MPLADS-007881,1002898.1,992252.13,720399.82,282498.28,0.7183
MPLADS-007882,791480.09,811635.95,1019055.17,0.0,1.2875
MPLADS-007883,2214438.12,2249848.83,2102444.27,111993.8500000001,0.9494
MPLADS-007884,854072.76,875614.73,794281.4,59791.359999999986,0.93
MPLADS-007885,3874613.76,3884234.03,3769310.88,105302.87999999989,0.9728
MPLADS-007886,8812089.03,8805955.24,6712299.53,2099789.499999999,0.7617
MPLADS-007887,3066425.56,3218329.34,2508610.88,557814.6800000002,0.8181
MPLADS-007888,2272137.79,2356135.57,2137328.66,134809.1299999999,0.9407
MPLADS-007889,3743500.72,3683640.88,3671028.06,72472.66000000015,0.9806
MPLADS-007890,612334.55,594986.59,419352.53,192982.02000000002,0.6848
MPLADS-007891,1015082.83,1033885.21,839844.22,175238.61,0.8274
MPLADS-007892,502597.94,510923.07,495073.52,7524.419999999984,0.985
MPLADS-007893,208999.44,201601.19,258840.97,0.0,1.2385
MPLADS-007894,953371.67,974956.87,595884.0,357487.67000000004,0.625
MPLADS-007895,470319.91,459656.88,364050.44,106269.46999999997,0.774
MPLADS-007896,1427676.45,1485440.43,1037724.13,389952.31999999995,0.7269
MPLADS-007897,499488.25,518472.48,458140.47,41347.78000000003,0.9172
MPLADS-007898,1626951.37,1568981.4,1529334.29,97617.08000000007,0.94
MPLADS-007899,3880460.92,3988473.03,3129252.49,751208.4299999997,0.8064
MPLADS-007900,2045553.25,2054312.63,1564606.1,480947.1499999999,0.7649
MPLADS-007901,4105759.46,4008443.23,2528634.97,1577124.4899999998,0.6159
MPLADS-007902,2510446.23,2573146.13,1924974.18,585472.05,0.7668
MPLADS-007903,1042635.81,996841.02,960476.98,82158.83000000007,0.9212
MPLADS-007904,779891.03,772016.77,474342.71,305548.32,0.6082
MPLADS-007905,477530.18,468372.92,437378.1,40152.080000000016,0.9159
MPLADS-007906,1326080.03,1311461.91,1770147.26,0.0,1.3349
MPLADS-007907,2443348.5,2462234.72,2443348.5,0.0,1.0
MPLADS-007908,1585897.93,1581536.28,1512520.7,73377.22999999998,0.9537
MPLADS-007909,775398.36,782149.55,767296.73,8101.630000000005,0.9896
MPLADS-007910,6684201.63,6708638.22,4632261.08,2051940.5499999998,0.693
MPLADS-007911,4740070.7,4627545.75,3891351.5,848719.2000000002,0.8209
MPLADS-007912,771429.29,743470.55,741311.78,30117.51000000001,0.961
MPLADS-007913,3135644.23,3260196.44,2109209.03,1026435.2000000002,0.6727
MPLADS-007914,3165334.75,3124222.18,2429709.37,735625.3799999999,0.7676
MPLADS-007915,3961755.91,3934133.99,3729170.95,232584.95999999996,0.9413
MPLADS-007916,484979.68,506845.69,484979.68,0.0,1.0
MPLADS-007917,9424928.57,9791073.42,9001738.91,423189.66000000015,0.9551
MPLADS-007918,2758449.35,2812085.58,2607561.65,150887.7000000002,0.9453
MPLADS-007919,2643566.03,2703278.59,2121589.76,521976.27,0.8025
MPLADS-007920,3914520.49,4092437.71,3854480.2,60040.29000000004,0.9847
MPLADS-007921,221025.7,223216.72,184274.64,36751.06,0.8337
MPLADS-007922,2899140.5,2845117.33,2725192.07,173948.43000000017,0.94
MPLADS-007923,833487.05,844159.53,509797.84,323689.21,0.6116
MPLADS-007924,3687111.66,3520073.7,2388068.01,1299043.6500000004,0.6477
MPLADS-007925,1003898.59,1018816.27,604288.34,399610.25,0.6019
MPLADS-007926,4000591.29,3908088.28,3223764.02,776827.27,0.8058
MPLADS-007927,706443.03,740812.32,551268.37,155174.66000000003,0.7803
MPLADS-007928,1666530.15,1607545.15,1594724.49,71805.65999999992,0.9569
MPLADS-007929,2567900.73,2691599.03,2279985.13,287915.6000000001,0.8879
MPLADS-007930,1334806.74,1392449.56,846383.79,488422.94999999995,0.6341
MPLADS-007931,201225.72,202320.37,131501.33,69724.39000000001,0.6535
MPLADS-007932,2350928.4,2360013.02,2076068.27,274860.1299999999,0.8831
MPLADS-007933,418708.13,407764.36,323443.6,95264.53000000003,0.7725
MPLADS-007934,515879.57,529161.74,484926.8,30952.77000000002,0.94
MPLADS-007935,3412645.48,3299359.39,3239542.13,173103.3500000001,0.9493
MPLADS-007936,1905052.16,1965416.28,1195642.61,709409.5499999998,0.6276
MPLADS-007937,1772116.95,1685215.92,1521986.51,250130.43999999994,0.8589
MPLADS-007938,1985089.97,1905345.6,1983293.98,1795.9899999999907,0.9991
MPLADS-007939,1743300.49,1732139.76,1358484.38,384816.1100000001,0.7793
MPLADS-007940,3679835.33,3589266.49,3209876.47,469958.85999999987,0.8723
MPLADS-007941,496924.16,514085.53,415351.97,81572.19,0.8358
MPLADS-007942,4066476.67,3978600.47,3800593.24,265883.4299999997,0.9346
MPLADS-007943,1840335.96,1931013.58,1563200.24,277135.72,0.8494
MPLADS-007944,3723672.95,3721641.45,3376125.75,347547.2000000002,0.9067
MPLADS-007945,3376393.24,3238891.15,2459819.93,916573.31,0.7285
MPLADS-007946,428824.91,438656.72,312239.92,116584.98999999999,0.7281
MPLADS-007947,2244212.12,2347299.13,1703144.1,541068.02,0.7589
MPLADS-007948,2452138.61,2451590.86,1561904.5,890234.1099999999,0.637
MPLADS-007949,405380.6,390213.83,277047.9,128332.69999999995,0.6834
MPLADS-007950,487923.23,469558.66,336207.45,151715.77999999997,0.6891
MPLADS-007951,1591711.77,1562991.57,1117751.15,473960.6200000001,0.7022
MPLADS-007952,2875852.18,2927561.55,2146670.88,729181.3000000003,0.7464
MPLADS-007953,1294411.93,1357316.49,960320.78,334091.1499999999,0.7419
MPLADS-007954,7430364.31,7680802.61,5702287.95,1728076.3599999994,0.7674
MPLADS-007955,1204728.58,1148427.5,1069186.9,135541.68000000017,0.8875
MPLADS-007956,1865108.78,1785965.36,1794552.16,70556.62000000011,0.9622
MPLADS-007957,2833375.49,2852037.6,2119122.91,714252.5800000001,0.7479
MPLADS-007958,2746360.85,2846865.05,2581579.2,164781.6499999999,0.94
MPLADS-007959,414165.73,417967.22,413973.37,192.35999999998603,0.9995
MPLADS-007960,1035291.29,1060875.04,822918.11,212373.18000000005,0.7949
MPLADS-007961,468994.97,459979.7,430604.07,38390.899999999965,0.9181
MPLADS-007962,2659446.05,2624010.41,1849942.63,809503.4199999999,0.6956
MPLADS-007963,419334.19,434384.37,350607.57,68726.62,0.8361
MPLADS-007964,830803.32,816618.75,672520.24,158283.07999999996,0.8095
MPLADS-007965,2540453.89,2553616.23,1691631.21,848822.6800000002,0.6659
MPLADS-007966,2676024.59,2655314.59,2357207.58,318817.0099999998,0.8809
MPLADS-007967,811216.16,806243.63,609233.37,201982.79000000004,0.751
MPLADS-007968,6568846.3,6336060.8,5528122.5,1040723.7999999998,0.8416
MPLADS-007969,3796987.8,3867656.31,3199089.74,597898.0599999996,0.8425
MPLADS-007970,9394181.66,9395415.3,8921147.82,473033.83999999985,0.9496
MPLADS-007971,2479591.16,2584334.18,1615153.96,864437.2000000002,0.6514
MPLADS-007972,191669.27,200725.06,162209.72,29459.54999999999,0.8463
MPLADS-007973,223755.44,212889.16,149371.7,74383.73999999999,0.6676
MPLADS-007974,2552288.97,2534302.34,2292018.04,260270.93000000017,0.898
MPLADS-007975,3156569.28,3141701.8,2276216.27,880353.0099999998,0.7211
MPLADS-007976,3228597.9,3371948.68,3038648.09,189949.81000000006,0.9412
MPLADS-007977,982748.02,1003077.58,934449.1,48298.92000000004,0.9509
MPLADS-007978,487958.33,488534.58,378194.88,109763.45000000001,0.7751
MPLADS-007979,842874.02,829165.13,739601.22,103272.80000000005,0.8775
MPLADS-007980,3111855.44,3081203.75,2276026.16,835829.2799999998,0.7314
MPLADS-007981,2964724.44,2887232.14,2542429.24,422295.1999999997,0.8576
MPLADS-007982,2867011.04,2961697.38,2113428.53,753582.5100000002,0.7372
MPLADS-007983,2846259.29,2777876.39,1934100.95,912158.3400000001,0.6795
MPLADS-007984,769641.23,750219.87,690558.53,79082.69999999995,0.8972
MPLADS-007985,3062614.7,2914820.98,2850889.38,211725.3200000003,0.9309
MPLADS-007986,509693.48,533438.18,386049.76,123643.71999999997,0.7574
MPLADS-007987,232178.68,228254.11,160047.7,72130.97999999998,0.6893
MPLADS-007988,2578403.19,2530661.32,1588451.95,989951.24,0.6161
MPLADS-007989,1614619.59,1685262.55,2241266.15,0.0,1.3881
MPLADS-007990,3627712.41,3628119.09,2922065.86,705646.5500000003,0.8055
MPLADS-007991,202754.12,210090.72,192524.35,10229.76999999999,0.9495
MPLADS-007992,3944994.84,3822595.1,3668269.4,276725.43999999994,0.9299
MPLADS-007993,733982.03,716164.02,956725.14,0.0,1.3035
MPLADS-007994,991441.87,1040676.83,670924.21,320517.66000000003,0.6767
MPLADS-007995,545816.26,521026.25,505053.97,40762.29000000004,0.9253
MPLADS-007996,455611.28,434926.63,352209.54,103401.74000000005,0.773
MPLADS-007997,860841.76,898933.8,823345.62,37496.140000000014,0.9564
MPLADS-007998,1936092.11,1913523.0,1819926.58,116165.53000000003,0.94
MPLADS-007999,217491.77,216881.14,178273.89,39217.879999999976,0.8197
MPLADS-008000,190471.0,190677.5,173898.14,16572.859999999986,0.913
MPLADS-008001,871176.2,872467.34,871176.2,0.0,1.0
MPLADS-008002,403748.38,391755.09,247006.4,156741.98,0.6118
MPLADS-008003,504150.98,527303.52,367604.21,136546.76999999996,0.7292
MPLADS-008004,1774866.08,1849540.54,1633632.97,141233.1100000001,0.9204
MPLADS-008005,1077898.81,1120153.61,878228.82,199669.9900000001,0.8148
MPLADS-008006,771486.49,758534.09,665870.54,105615.94999999995,0.8631
MPLADS-008007,721657.84,734375.65,721657.84,0.0,1.0
MPLADS-008008,2708834.72,2830895.12,2138739.05,570095.6700000004,0.7895
MPLADS-008009,2172550.22,2222755.27,1949027.64,223522.5800000003,0.8971
MPLADS-008010,2798195.49,2717008.89,2320237.24,477958.25,0.8292
MPLADS-008011,1576502.65,1528068.85,1413822.44,162680.20999999996,0.8968
MPLADS-008012,805290.92,773442.88,734692.63,70598.29000000004,0.9123
MPLADS-008013,442516.86,448048.73,392908.67,49608.19,0.8879
MPLADS-008014,427070.21,417474.63,388899.47,38170.74000000005,0.9106
MPLADS-008015,7744440.62,8019614.89,7031347.06,713093.5600000005,0.9079
MPLADS-008016,772440.79,743314.25,650428.95,122011.84000000008,0.842
MPLADS-008017,1734560.76,1812842.57,1442369.48,292191.28,0.8315
MPLADS-008018,821595.71,846761.65,807976.54,13619.169999999925,0.9834
MPLADS-008019,810277.66,832784.28,648114.12,162163.54000000004,0.7999
MPLADS-008020,223687.67,233426.73,136095.75,87591.92000000001,0.6084
MPLADS-008021,2041108.64,1941185.5,1493134.13,547974.51,0.7315
MPLADS-008022,460930.12,462654.98,455866.44,5063.679999999993,0.989
MPLADS-008023,247877.54,247811.13,173508.21,74369.33000000002,0.7
MPLADS-008024,964057.27,990099.04,887916.03,76141.23999999999,0.921
MPLADS-008025,813050.52,839603.37,513770.11,299280.41000000003,0.6319
MPLADS-008026,539557.88,519702.38,738846.56,0.0,1.3694
MPLADS-008027,2953879.9,3013002.39,2316393.08,637486.8199999998,0.7842
MPLADS-008028,3094863.63,3120441.72,1894559.56,1200304.0699999998,0.6122
MPLADS-008029,5833876.87,5801079.92,4407818.7,1426058.17,0.7556
MPLADS-008030,835722.66,840736.45,671268.15,164454.51,0.8032
MPLADS-008031,3104174.24,3090603.63,2199890.4,904283.8400000003,0.7087
MPLADS-008032,2067836.43,2081716.41,1254318.04,813518.3899999999,0.6066
MPLADS-008033,2263913.32,2188680.33,2131843.01,132070.31000000006,0.9417
MPLADS-008034,217538.24,215522.68,204485.95,13052.289999999979,0.94
MPLADS-008035,573010.02,588741.05,482762.57,90247.45000000001,0.8425
MPLADS-008036,466444.33,483984.22,411129.51,55314.82000000001,0.8814
MPLADS-008037,710014.12,721634.71,542092.69,167921.43000000005,0.7635
MPLADS-008038,8510329.49,8467874.24,5166230.84,3344098.6500000004,0.6071
MPLADS-008039,3145116.67,3120322.27,2565953.09,579163.5800000001,0.8159
MPLADS-008040,2836236.56,2801018.33,2124314.68,711921.8799999999,0.749
MPLADS-008041,1819366.74,1763099.19,1184736.49,634630.25,0.6512
MPLADS-008042,570364.93,562654.53,463225.07,107139.86000000004,0.8122
MPLADS-008043,491320.69,472242.21,315914.85,175405.84000000003,0.643
MPLADS-008044,3482576.22,3315443.92,2526219.44,956356.7800000003,0.7254
MPLADS-008045,3900033.47,3954124.18,2658666.22,1241367.25,0.6817
MPLADS-008046,3067261.76,3044609.46,3016352.92,50908.83999999985,0.9834
MPLADS-008047,3097410.14,3015836.11,1874410.98,1222999.1600000001,0.6052
MPLADS-008048,3078559.29,2942679.46,4251262.19,0.0,1.3809
MPLADS-008049,196689.12,194428.02,178197.82,18491.29999999999,0.906
MPLADS-008050,3090033.88,3238804.25,2864309.13,225724.75,0.927
MPLADS-008051,3505868.23,3392087.86,2678210.52,827657.71,0.7639
MPLADS-008052,927851.91,940274.28,840838.41,87013.5,0.9062
MPLADS-008053,708216.78,692384.2,698879.42,9337.359999999986,0.9868
MPLADS-008054,252285.84,248259.39,187165.73,65120.109999999986,0.7419
MPLADS-008055,394204.52,392553.32,367112.14,27092.380000000005,0.9313
MPLADS-008056,778030.01,760182.36,745285.9,32744.109999999986,0.9579
MPLADS-008057,1580705.6,1632393.18,2023518.1,0.0,1.2801
MPLADS-008058,436364.57,415820.66,402335.55,34029.02000000002,0.922
MPLADS-008059,701849.68,717676.83,602281.4,99568.28000000003,0.8581
MPLADS-008060,4743512.49,4511015.49,4696623.16,46889.330000000075,0.9901
MPLADS-008061,3901830.64,3841753.72,3092210.09,809620.5500000003,0.7925
MPLADS-008062,481133.31,500382.63,444657.37,36475.94,0.9242
MPLADS-008063,2406649.23,2349452.75,1978084.16,428565.07000000007,0.8219
MPLADS-008064,505980.13,510140.11,418960.0,87020.13,0.828
MPLADS-008065,1196542.46,1168970.39,1508422.0,0.0,1.2607
MPLADS-008066,10280802.15,10785756.59,8395238.76,1885563.3900000006,0.8166
MPLADS-008067,2622159.37,2510465.47,2608187.85,13971.520000000019,0.9947
MPLADS-008068,9109154.09,9231442.16,6132907.54,2976246.55,0.6733
MPLADS-008069,3538970.03,3461431.6,4412036.28,0.0,1.2467
MPLADS-008070,464269.5,470420.41,296531.1,167738.40000000002,0.6387
MPLADS-008071,436968.7,439469.39,341205.17,95763.53000000003,0.7808
MPLADS-008072,811134.49,835462.94,668428.33,142706.16000000003,0.8241
MPLADS-008073,566186.87,559284.95,372375.51,193811.36,0.6577
MPLADS-008074,824234.14,830527.41,717718.2,106515.94000000006,0.8708
MPLADS-008075,234245.86,245311.67,155882.18,78363.68,0.6655
MPLADS-008076,2573704.24,2643167.11,2309355.66,264348.5800000001,0.8973
MPLADS-008077,9619393.26,9363097.19,6055684.72,3563708.54,0.6295
MPLADS-008078,657748.32,648022.81,422110.56,235637.75999999995,0.6418
MPLADS-008079,2443291.79,2414116.62,1534649.28,908642.51,0.6281
MPLADS-008080,229095.26,232512.79,193232.27,35862.99000000002,0.8435
MPLADS-008081,1556299.44,1570705.24,1092406.39,463893.05000000005,0.7019
MPLADS-008082,1056070.06,1020297.1,808421.83,247648.2300000001,0.7655
MPLADS-008083,6597248.21,6826829.62,4603625.43,1993622.7800000003,0.6978
MPLADS-008084,8776527.5,8914132.5,6866407.25,1910120.25,0.7824
MPLADS-008085,3507178.15,3504422.29,3291967.79,215210.35999999987,0.9386
MPLADS-008086,572484.94,596638.74,437617.55,134867.38999999996,0.7644
MPLADS-008087,396973.16,400273.86,274619.09,122354.06999999995,0.6918
MPLADS-008088,192261.64,196124.04,121839.76,70421.88000000002,0.6337
MPLADS-008089,198390.57,190667.42,185890.06,12500.51000000001,0.937
MPLADS-008090,187241.66,196190.84,158674.97,28566.690000000002,0.8474
MPLADS-008091,8778787.93,8349235.51,7996868.44,781919.4899999993,0.9109
MPLADS-008092,420643.09,414592.89,256427.67,164215.42,0.6096
MPLADS-008093,2572243.71,2451941.41,1844233.12,728010.5899999999,0.717
MPLADS-008094,1775062.1,1855940.98,1396599.36,378462.74,0.7868
MPLADS-008095,5461422.02,5645075.4,4618176.25,843245.7699999996,0.8456
MPLADS-008096,825305.51,809409.31,606263.41,219042.09999999998,0.7346
MPLADS-008097,1294854.59,1251567.96,1198319.52,96535.07000000007,0.9254
MPLADS-008098,187094.7,178404.75,152544.55,34550.15000000002,0.8153
MPLADS-008099,1656497.6,1635481.44,1572217.78,84279.82000000007,0.9491
MPLADS-008100,2537424.67,2641352.07,2161197.73,376226.93999999994,0.8517
MPLADS-008101,1000636.13,956562.36,625298.5,375337.63,0.6249
MPLADS-008102,825874.22,813718.69,521232.05,304642.17,0.6311
MPLADS-008103,975789.46,999826.18,885062.94,90726.52000000002,0.907
MPLADS-008104,2847105.8,2832035.09,2036411.72,810694.0799999998,0.7153
MPLADS-008105,201313.93,209438.49,189235.09,12078.839999999997,0.94
MPLADS-008106,3058245.52,3194975.28,2551665.54,506579.98,0.8344
MPLADS-008107,232980.87,236499.87,157745.28,75235.59,0.6771
MPLADS-008108,852979.01,882320.12,677278.62,175700.39,0.794
MPLADS-008109,488373.55,478716.28,416312.38,72061.16999999998,0.8524
MPLADS-008110,1632992.65,1647668.49,1588588.67,44403.97999999998,0.9728
MPLADS-008111,646130.78,639139.73,507434.77,138696.01,0.7853
MPLADS-008112,484208.31,484132.95,305022.94,179185.37,0.6299
MPLADS-008113,2554276.02,2542099.78,1944555.12,609720.8999999999,0.7613
MPLADS-008114,1647022.98,1716639.09,1494599.22,152423.76,0.9075
MPLADS-008115,485225.55,466011.12,393962.84,91262.70999999996,0.8119
MPLADS-008116,1356618.0,1414210.91,1306868.33,49749.669999999925,0.9633
MPLADS-008117,837746.37,806569.66,681634.98,156111.39,0.8137
MPLADS-008118,1127789.64,1155713.86,1055501.47,72288.16999999993,0.9359
MPLADS-008119,457790.27,445707.11,383806.07,73984.20000000001,0.8384
MPLADS-008120,548051.84,543657.36,365763.93,182287.90999999997,0.6674
MPLADS-008121,1863625.12,1815833.24,1812225.39,51399.730000000214,0.9724
MPLADS-008122,512569.47,509828.64,350684.63,161884.83999999997,0.6842
MPLADS-008123,2956937.64,3076770.24,2819586.29,137351.3500000001,0.9535
MPLADS-008124,436423.46,416016.36,342260.16,94163.30000000005,0.7842
MPLADS-008125,2823987.69,2780465.0,1846557.08,977430.6099999999,0.6539
MPLADS-008126,692083.55,690731.78,548301.27,143782.28000000003,0.7922
MPLADS-008127,895076.91,878901.33,792159.0,102917.91000000003,0.885
MPLADS-008128,647318.91,653804.59,474061.46,173257.45,0.7323
MPLADS-008129,997769.16,956842.37,654472.96,343296.20000000007,0.6559
MPLADS-008130,1741984.14,1720574.6,1159201.43,582782.71,0.6654
MPLADS-008131,10650444.26,10159226.14,9596063.14,1054381.1199999992,0.901
MPLADS-008132,1703363.6,1675523.77,1153983.34,549380.26,0.6775
MPLADS-008133,2842220.25,2833946.19,2811329.7,30890.549999999814,0.9891
MPLADS-008134,1110886.26,1112427.2,981132.24,129754.02000000002,0.8832
MPLADS-008135,1368183.41,1423884.73,943388.97,424794.43999999994,0.6895
MPLADS-008136,710700.07,706060.81,458672.52,252027.54999999993,0.6454
MPLADS-008137,480732.74,460123.0,682336.84,0.0,1.4194
MPLADS-008138,1141616.45,1158560.63,1133117.55,8498.899999999907,0.9926
MPLADS-008139,2790787.24,2873111.11,2012911.98,777875.2600000002,0.7213
MPLADS-008140,427867.25,418040.93,331734.53,96132.71999999997,0.7753
MPLADS-008141,2401642.52,2372571.98,2206679.44,194963.08000000007,0.9188
MPLADS-008142,776425.75,765994.21,731792.4,44633.34999999998,0.9425
MPLADS-008143,3410246.99,3358311.28,4533032.29,0.0,1.3292
MPLADS-008144,2580415.76,2515601.26,1572828.95,1007586.8099999998,0.6095
MPLADS-008145,1047668.68,1037016.76,661667.22,386001.4600000001,0.6316
MPLADS-008146,3663211.08,3696582.93,3085098.1,578112.98,0.8422
MPLADS-008147,1801915.24,1815512.89,1544913.94,257001.30000000005,0.8574
MPLADS-008148,441249.39,461587.69,361240.06,80009.33000000002,0.8187
MPLADS-008149,395701.56,388795.6,497326.89,0.0,1.2568
MPLADS-008150,420890.45,438662.54,360314.97,60575.48000000004,0.8561
MPLADS-008151,866492.67,833683.66,1207562.16,0.0,1.3936
MPLADS-008152,2601808.83,2659745.5,1850220.65,751588.1800000002,0.7111
MPLADS-008153,1765539.55,1801204.57,1257014.65,508524.90000000014,0.712
MPLADS-008154,3695235.77,3550825.67,2342503.87,1352731.9,0.6339
MPLADS-008155,1212449.6,1173808.68,1068988.93,143460.67000000016,0.8817
MPLADS-008156,898972.59,893788.9,777325.77,121646.81999999995,0.8647
MPLADS-008157,643706.14,620937.43,618729.36,24976.780000000028,0.9612
MPLADS-008158,479221.61,497240.15,423433.32,55788.28999999998,0.8836
MPLADS-008159,419448.51,422931.8,284103.79,135344.72000000003,0.6773
MPLADS-008160,432431.41,439691.25,339866.34,92565.06999999995,0.7859
MPLADS-008161,908900.15,952926.9,568060.35,340839.80000000005,0.625
MPLADS-008162,6937074.78,7105445.03,5157828.67,1779246.1100000003,0.7435
MPLADS-008163,1861302.48,1893809.34,1380630.71,480671.77,0.7418
MPLADS-008164,1748750.5,1671636.22,1312196.52,436553.98,0.7504
MPLADS-008165,2449230.02,2484314.46,2240095.74,209134.2799999998,0.9146
MPLADS-008166,944518.71,987297.56,700212.87,244305.83999999997,0.7413
MPLADS-008167,734175.41,748535.79,653221.22,80954.19000000006,0.8897
MPLADS-008168,432226.55,418203.33,418726.24,13500.309999999998,0.9688
MPLADS-008169,776099.2,772526.42,627692.69,148406.51,0.8088
MPLADS-008170,827349.95,848894.4,632263.17,195086.7799999999,0.7642
MPLADS-008171,5670660.72,5490777.58,4709675.01,960985.71,0.8305
MPLADS-008172,744871.22,755696.34,940752.59,0.0,1.263
MPLADS-008173,1979378.32,1942753.44,1670737.65,308640.67000000016,0.8441
MPLADS-008174,1827832.53,1815511.81,1598542.53,229290.0,0.8746
MPLADS-008175,544788.2,522983.38,477119.8,67668.39999999997,0.8758
MPLADS-008176,1546444.93,1525020.16,1050562.03,495882.8999999999,0.6793
MPLADS-008177,240396.34,234237.95,175382.48,65013.859999999986,0.7296
MPLADS-008178,1360099.82,1373018.58,1087678.24,272421.5800000001,0.7997
MPLADS-008179,1656291.52,1623284.97,1324876.28,331415.24,0.7999
MPLADS-008180,543698.88,546653.41,410737.74,132961.14,0.7555
MPLADS-008181,2609147.49,2711409.32,2452598.64,156548.8500000001,0.94
MPLADS-008182,1010178.32,1054316.46,965338.57,44839.75,0.9556
MPLADS-008183,1957085.33,1978027.77,1366967.26,590118.0700000001,0.6985
MPLADS-008184,1763646.32,1749852.75,1604815.84,158830.47999999998,0.9099
MPLADS-008185,2856984.25,2751208.97,2309094.4,547889.8500000001,0.8082
MPLADS-008186,875584.64,852804.27,757422.56,118162.07999999996,0.865
MPLADS-008187,849080.49,889434.42,563241.08,285839.41000000003,0.6634
MPLADS-008188,2240071.94,2309867.45,1841071.79,399000.1499999999,0.8219
MPLADS-008189,682310.23,687283.73,468587.25,213722.97999999998,0.6868
MPLADS-008190,2362911.46,2465745.33,1778828.42,584083.04,0.7528
MPLADS-008191,853414.47,848852.25,587130.98,266283.49,0.688
MPLADS-008192,3112613.67,3156822.13,4024097.9,0.0,1.2928
MPLADS-008193,801791.16,800578.29,1121447.34,0.0,1.3987
MPLADS-008194,2791927.58,2758010.46,1874233.69,917693.8900000001,0.6713
MPLADS-008195,515871.58,501329.94,509852.2,6019.380000000005,0.9883
MPLADS-008196,2209974.07,2287357.18,1799182.44,410791.6299999999,0.8141
MPLADS-008197,2831736.58,2961859.42,2697530.0,134206.58000000007,0.9526
MPLADS-008198,2657895.59,2760166.23,1895695.94,762199.6499999999,0.7132
MPLADS-008199,2058607.29,2110583.68,1935090.85,123516.43999999994,0.94
MPLADS-008200,807739.92,781328.57,672016.69,135723.2300000001,0.832
MPLADS-008201,515955.85,519426.93,445880.63,70075.21999999997,0.8642
MPLADS-008202,1376197.97,1353382.26,1325869.16,50328.810000000056,0.9634
MPLADS-008203,188643.82,189042.48,178800.26,9843.559999999998,0.9478
MPLADS-008204,857391.3,868753.46,536738.45,320652.8500000001,0.626
MPLADS-008205,565291.57,573189.24,372856.12,192435.44999999995,0.6596
MPLADS-008206,517093.73,509560.62,486980.08,30113.649999999965,0.9418
MPLADS-008207,750878.8,759729.5,609960.65,140918.15000000002,0.8123
MPLADS-008208,2510456.63,2437047.12,1996465.78,513990.84999999986,0.7953
MPLADS-008209,230611.49,240907.38,187816.39,42795.09999999998,0.8144
MPLADS-008210,2754237.93,2757327.77,1674096.51,1080141.4200000002,0.6078
MPLADS-008211,1630383.94,1572850.2,982312.5,648071.44,0.6025
MPLADS-008212,3185086.24,3102394.34,2740142.71,444943.53000000026,0.8603
MPLADS-008213,474136.86,494370.58,445688.65,28448.209999999963,0.94
MPLADS-008214,2790050.15,2775185.85,1874636.72,915413.4299999999,0.6719
MPLADS-008215,1147241.31,1196372.26,1427249.81,0.0,1.2441
MPLADS-008216,5834086.47,6115276.34,4591097.26,1242989.21,0.7869
MPLADS-008217,3828177.3,3934338.31,3060037.02,768140.2799999998,0.7993
MPLADS-008218,2841778.87,2838320.01,2841778.87,0.0,1.0
MPLADS-008219,3272467.24,3332604.4,2260216.9,1012250.3400000003,0.6907
MPLADS-008220,409524.83,405244.99,257178.24,152346.59000000003,0.628
MPLADS-008221,1750983.49,1805666.43,1435703.4,315280.0900000001,0.8199
MPLADS-008222,4398130.5,4451578.15,3891911.7,506218.7999999998,0.8849
MPLADS-008223,555232.03,560546.13,436067.07,119164.96000000002,0.7854
MPLADS-008224,416849.96,413868.73,382117.54,34732.42000000004,0.9167
MPLADS-008225,1136999.91,1108845.36,832842.57,304157.33999999997,0.7325
MPLADS-008226,502229.05,491792.99,437638.86,64590.19,0.8714
MPLADS-008227,6715478.03,6731308.88,6336103.46,379374.5700000003,0.9435
MPLADS-008228,2435415.16,2526330.26,2036914.8,398500.3600000001,0.8364
MPLADS-008229,794170.37,798643.36,750675.99,43494.380000000005,0.9452
MPLADS-008230,2533385.06,2568978.15,2150750.76,382634.3000000003,0.849
MPLADS-008231,3294988.31,3237185.9,2632089.66,662898.6499999999,0.7988
MPLADS-008232,494195.95,504390.13,453427.33,40768.619999999995,0.9175
MPLADS-008233,968726.55,984353.17,878220.98,90505.57000000007,0.9066
MPLADS-008234,1664798.79,1708243.88,1056320.95,608477.8400000001,0.6345
MPLADS-008235,2573218.21,2502033.36,2573218.21,0.0,1.0
MPLADS-008236,2713726.56,2800633.74,2544414.05,169312.51000000024,0.9376
MPLADS-008237,2629028.03,2616792.8,1786378.47,842649.5599999998,0.6795
MPLADS-008238,555787.44,579405.36,528418.85,27368.589999999967,0.9508
MPLADS-008239,939622.79,944905.71,932255.1,7367.6900000000605,0.9922
MPLADS-008240,826910.09,831197.08,807982.59,18927.5,0.9771
MPLADS-008241,909582.73,939591.63,706662.16,202920.56999999995,0.7769
MPLADS-008242,478915.55,459705.41,467894.52,11021.02999999997,0.977
MPLADS-008243,961972.85,972234.23,904254.48,57718.369999999995,0.94
MPLADS-008244,3058235.78,2938495.1,1886318.69,1171917.0899999999,0.6168
MPLADS-008245,849674.65,867640.15,761844.69,87829.96000000008,0.8966
MPLADS-008246,1508067.55,1548034.97,1281096.59,226970.95999999996,0.8495
MPLADS-008247,9149747.28,8956359.4,7261009.92,1888737.3599999994,0.7936
MPLADS-008248,974186.34,992449.08,913942.79,60243.54999999993,0.9382
MPLADS-008249,2544266.86,2598386.36,2391610.85,152656.00999999978,0.94
MPLADS-008250,242288.64,251637.25,182824.49,59464.15000000002,0.7546
MPLADS-008251,735228.32,720783.99,496883.89,238344.42999999993,0.6758
MPLADS-008252,469679.05,488854.69,383571.95,86107.09999999998,0.8167
MPLADS-008253,665109.04,643364.58,547645.11,117463.93000000005,0.8234
MPLADS-008254,459143.76,457561.26,292503.61,166640.15000000002,0.6371
MPLADS-008255,1599164.38,1668070.36,1511235.8,87928.57999999984,0.945
MPLADS-008256,2810231.92,2793358.05,1693646.5,1116585.42,0.6027
MPLADS-008257,2419072.82,2490945.32,2258793.15,160279.66999999993,0.9337
MPLADS-008258,463432.97,448474.14,300197.02,163235.94999999995,0.6478
MPLADS-008259,1556816.44,1510257.85,1302810.57,254005.86999999988,0.8368
MPLADS-008260,898827.26,909133.48,713573.68,185253.57999999996,0.7939
MPLADS-008261,188848.59,180465.44,140310.28,48538.31,0.743
MPLADS-008262,781194.58,786979.75,598313.78,182880.79999999993,0.7659
MPLADS-008263,2410339.17,2506348.07,2384830.59,25508.580000000075,0.9894
MPLADS-008264,3426596.85,3484806.31,4248725.06,0.0,1.2399
MPLADS-008265,196107.22,200073.37,189684.25,6422.970000000001,0.9672
MPLADS-008266,448024.68,455687.5,390932.82,57091.859999999986,0.8726
MPLADS-008267,1362915.87,1330111.24,997509.07,365406.80000000016,0.7319
MPLADS-008268,3779625.9,3594811.41,3223821.1,555804.7999999998,0.8529
MPLADS-008269,2840742.23,2774399.53,2012287.45,828454.78,0.7084
MPLADS-008270,4119729.31,3988236.88,3961066.55,158662.76000000024,0.9615
MPLADS-008271,3351425.23,3228768.34,2180877.29,1170547.94,0.6507
MPLADS-008272,3803334.86,3826848.63,3194373.42,608961.44,0.8399
MPLADS-008273,1180029.96,1235630.06,911525.55,268504.4099999999,0.7725
MPLADS-008274,2226381.08,2164112.2,1405373.28,821007.8,0.6312
MPLADS-008275,6399852.35,6293183.44,6179128.24,220724.1099999994,0.9655
MPLADS-008276,1609494.7,1581185.27,1456149.25,153345.44999999995,0.9047
MPLADS-008277,13584613.3,13697485.39,10734180.69,2850432.6100000013,0.7902
MPLADS-008278,775258.73,777081.13,1015044.75,0.0,1.3093
MPLADS-008279,3377795.87,3488096.74,2562797.3,814998.5700000003,0.7587
MPLADS-008280,386205.19,404712.4,334899.88,51305.31,0.8672
MPLADS-008281,841081.51,855455.41,679629.18,161452.32999999996,0.808
MPLADS-008282,436782.7,434362.89,427105.82,9676.880000000005,0.9778
MPLADS-008283,2688836.49,2617807.21,2350048.63,338787.86000000034,0.874
MPLADS-008284,789109.24,789365.9,642654.29,146454.94999999995,0.8144
MPLADS-008285,2336198.31,2377080.57,3337244.51,0.0,1.4285
MPLADS-008286,1333174.2,1318027.56,1320155.34,13018.85999999987,0.9902
MPLADS-008287,433632.42,440679.67,366890.29,66742.13,0.8461
MPLADS-008288,1079745.66,1063584.51,1014960.92,64784.739999999874,0.94
MPLADS-008289,3049535.82,3094673.82,2386210.78,663325.04,0.7825
MPLADS-008290,766113.68,785312.49,574745.07,191368.6100000001,0.7502
MPLADS-008291,215366.53,215256.63,151707.99,63658.54000000001,0.7044
MPLADS-008292,1326912.28,1386035.68,903186.56,423725.72,0.6807
MPLADS-008293,197436.9,207143.85,132608.35,64828.54999999999,0.6716
MPLADS-008294,401354.88,408126.44,358753.95,42600.92999999999,0.8939
MPLADS-008295,477802.55,455196.77,383596.52,94206.02999999997,0.8028
MPLADS-008296,497343.12,508027.6,347107.85,150235.27000000002,0.6979
MPLADS-008297,515910.84,526272.13,377753.37,138157.47000000003,0.7322
MPLADS-008298,383998.2,385248.74,232757.48,151240.72,0.6061
MPLADS-008299,237227.3,246032.21,325817.05,0.0,1.3734
MPLADS-008300,487291.72,510865.58,445248.67,42043.04999999999,0.9137
MPLADS-008301,1960514.8,1992841.65,1839603.47,120911.33000000007,0.9383
MPLADS-008302,1281840.78,1282855.79,1152646.75,129194.03000000003,0.8992
MPLADS-008303,777864.22,745553.12,530532.02,247332.19999999995,0.682
MPLADS-008304,436240.09,431530.32,430651.27,5588.820000000007,0.9872
MPLADS-008305,488625.97,468227.75,459308.41,29317.559999999998,0.94
MPLADS-008306,3850287.27,3927342.43,3802551.31,47735.95999999996,0.9876
MPLADS-008307,987644.02,1033822.28,738166.95,249477.07000000007,0.7474
MPLADS-008308,1931810.56,2008558.86,1275694.06,656116.5,0.6604
MPLADS-008309,2403551.14,2334000.08,1713985.15,689565.9900000002,0.7131
MPLADS-008310,215535.3,206205.24,144847.64,70687.65999999997,0.672
MPLADS-008311,494326.01,511792.92,367920.06,126405.95000000001,0.7443
MPLADS-008312,1018406.0,967675.04,636698.36,381707.64,0.6252
MPLADS-008313,2582484.27,2533268.47,1584208.89,998275.3800000001,0.6134
MPLADS-008314,1205706.69,1245326.79,931737.67,273969.0199999999,0.7728
MPLADS-008315,4777677.07,4592582.09,3032264.35,1745412.7200000002,0.6347
MPLADS-008316,3085939.47,2997614.62,2833217.95,252721.52000000002,0.9181
MPLADS-008317,9391153.69,9637080.16,8452124.28,939029.4100000001,0.9
MPLADS-008318,836785.98,850476.25,669531.3,167254.67999999993,0.8001
MPLADS-008319,383296.31,387376.03,328085.7,55210.609999999986,0.856
MPLADS-008320,2415613.31,2524751.41,2415613.31,0.0,1.0
MPLADS-008321,828768.37,834227.18,512651.0,316117.37,0.6186
MPLADS-008322,2970511.98,2870474.33,2781910.38,188601.6000000001,0.9365
MPLADS-008323,1137113.72,1139409.31,992450.57,144663.15000000002,0.8728
MPLADS-008324,1589612.64,1614239.87,1265473.27,324139.3699999999,0.7961
MPLADS-008325,231887.7,229757.15,218185.53,13702.170000000013,0.9409
MPLADS-008326,858907.25,831505.27,807372.81,51534.439999999944,0.94
MPLADS-008327,2367801.55,2415645.13,1480362.31,887439.2399999998,0.6252
MPLADS-008328,3570586.05,3566062.37,2750683.22,819902.8299999996,0.7704
MPLADS-008329,2474223.74,2406100.92,2099294.25,374929.4900000002,0.8485
MPLADS-008330,503692.31,524911.95,392533.35,111158.96000000002,0.7793
MPLADS-008331,962609.3,974957.29,807680.87,154928.43000000005,0.8391
MPLADS-008332,930106.29,909712.43,771420.32,158685.9700000001,0.8294
MPLADS-008333,2060056.73,2079325.5,1692931.09,367125.6399999999,0.8218
MPLADS-008334,1908830.96,1879659.74,1257744.96,651086.0,0.6589
MPLADS-008335,973749.53,930803.75,595584.72,378164.81000000006,0.6116
MPLADS-008336,1366924.37,1304997.22,837531.75,529392.6200000001,0.6127
MPLADS-008337,2554521.14,2547429.06,2178213.15,376307.9900000002,0.8527
MPLADS-008338,2796468.76,2743458.25,1754929.91,1041538.8499999999,0.6276
MPLADS-008339,1129828.5,1073825.45,1629210.31,0.0,1.442
MPLADS-008340,2381924.08,2451428.96,1757209.04,624715.04,0.7377
MPLADS-008341,420938.05,417160.42,282651.66,138286.39,0.6715
MPLADS-008342,742319.19,776718.55,603452.82,138866.37,0.8129
MPLADS-008343,2934658.74,3056594.09,2078548.63,856110.1100000003,0.7083
MPLADS-008344,1878208.94,1926362.37,1793169.53,85039.40999999992,0.9547
MPLADS-008345,1600323.27,1675651.0,1517300.96,83022.31000000006,0.9481
MPLADS-008346,2905328.55,2930673.75,1826444.19,1078884.3599999999,0.6287
MPLADS-008347,1393823.52,1451844.63,879588.36,514235.16000000003,0.6311
MPLADS-008348,9701447.25,10013713.52,8772798.54,928648.7100000009,0.9043
MPLADS-008349,11050903.38,11310301.82,7962497.58,3088405.8000000007,0.7205
MPLADS-008350,202017.51,202926.12,177327.8,24689.71000000002,0.8778
MPLADS-008351,3815392.4,3691413.96,2577756.3,1237636.1,0.6756
MPLADS-008352,471092.68,470471.85,442827.12,28265.559999999998,0.94
MPLADS-008353,882108.32,852059.2,612250.12,269858.19999999995,0.6941
MPLADS-008354,3184114.71,3296950.79,2045453.35,1138661.3599999999,0.6424
MPLADS-008355,2818500.19,2845841.37,1737691.11,1080809.0799999998,0.6165
MPLADS-008356,4165944.15,4058209.49,3592684.61,573259.54,0.8624
MPLADS-008357,1103179.39,1068879.4,904867.07,198312.31999999995,0.8202
MPLADS-008358,460260.64,448720.06,303328.49,156932.15000000002,0.659
MPLADS-008359,475453.75,499094.64,409582.77,65870.97999999998,0.8615
MPLADS-008360,490228.37,471313.24,387578.43,102649.94,0.7906
MPLADS-008361,246833.16,255176.0,171792.72,75040.44,0.696
MPLADS-008362,4521595.92,4658335.71,2948331.11,1573264.81,0.6521
MPLADS-008363,1350359.94,1404106.91,864759.25,485600.68999999994,0.6404
MPLADS-008364,845446.54,808594.9,548578.34,296868.20000000007,0.6489
MPLADS-008365,1946395.49,1933435.9,1835895.76,110499.72999999998,0.9432
MPLADS-008366,203549.22,208877.07,134736.43,68812.79000000001,0.6619
MPLADS-008367,3474278.44,3357731.29,2765795.06,708483.3799999999,0.7961
MPLADS-008368,851195.07,878192.59,809007.89,42187.179999999935,0.9504
MPLADS-008369,2627138.04,2532281.18,1661433.91,965704.1300000001,0.6324
MPLADS-008370,1018569.08,1017175.01,1018569.08,0.0,1.0
MPLADS-008371,3110795.82,3109831.54,2933465.34,177330.47999999998,0.943
MPLADS-008372,2394412.77,2324654.82,2089882.89,304529.8800000001,0.8728
MPLADS-008373,13980349.34,13994468.64,12396737.76,1583611.58,0.8867
MPLADS-008374,632822.72,639077.85,530920.21,101902.51000000001,0.839
MPLADS-008375,1338042.03,1378240.75,1160883.8,177158.22999999998,0.8676
MPLADS-008376,763593.63,750521.92,577713.18,185880.44999999995,0.7566
MPLADS-008377,1961805.32,1888831.89,1220277.62,741527.7,0.622
MPLADS-008378,3406169.18,3551201.93,3079152.23,327016.9500000002,0.904
MPLADS-008379,3402583.76,3545816.18,2922335.39,480248.36999999965,0.8589
MPLADS-008380,510800.02,505041.27,480152.02,30648.0,0.94
MPLADS-008381,3338007.26,3387522.98,2413622.14,924385.1199999996,0.7231
MPLADS-008382,6895391.9,7208295.44,6673187.05,222204.85000000056,0.9678
MPLADS-008383,3534397.67,3395731.37,3459390.76,75006.91000000015,0.9788
MPLADS-008384,827976.33,817020.74,664054.53,163921.79999999993,0.802
MPLADS-008385,851841.56,891602.25,815345.48,36496.080000000075,0.9572
MPLADS-008386,8481543.44,8674116.29,8077408.68,404134.7599999998,0.9524
MPLADS-008387,2667504.55,2633812.9,1917013.65,750490.8999999999,0.7187
MPLADS-008388,9140257.09,9015007.29,5814938.67,3325318.42,0.6362
MPLADS-008389,2950794.49,2890541.9,2196560.75,754233.7400000002,0.7444
MPLADS-008390,1257113.39,1272708.87,1071371.45,185741.93999999994,0.8522
MPLADS-008391,2040446.2,2075668.09,1428632.26,611813.94,0.7002
MPLADS-008392,3520055.98,3545205.37,3308852.62,211203.35999999987,0.94
MPLADS-008393,443854.81,456735.78,405946.79,37908.02000000002,0.9146
MPLADS-008394,3368840.09,3297813.98,4775230.02,0.0,1.4175
MPLADS-008395,467547.87,476233.4,439495.0,28052.869999999995,0.94
MPLADS-008396,1052293.1,1014829.62,931561.15,120731.95000000007,0.8853
MPLADS-008397,509655.75,526465.88,438570.51,71085.23999999999,0.8605
MPLADS-008398,449318.81,469445.92,363018.79,86300.02000000002,0.8079
MPLADS-008399,10787410.52,11292205.41,9148482.53,1638927.9900000002,0.8481
MPLADS-008400,847405.17,879639.23,616521.36,230883.81000000006,0.7275
MPLADS-008401,417001.22,423312.84,560612.19,0.0,1.3444
MPLADS-008402,1133913.17,1132187.93,756686.91,377226.2599999999,0.6673
MPLADS-008403,2515480.1,2548490.63,1660364.93,855115.1700000002,0.6601
MPLADS-008404,445820.44,441236.4,377365.67,68454.77000000002,0.8465
MPLADS-008405,5002364.46,4967161.2,3909724.84,1092639.62,0.7816
MPLADS-008406,524173.24,525121.13,449918.78,74254.45999999996,0.8583
MPLADS-008407,1834924.71,1827338.13,1196506.19,638418.52,0.6521
MPLADS-008408,2698007.15,2822912.33,2536126.72,161880.4299999997,0.94
MPLADS-008409,1920159.68,1988042.83,1654310.82,265848.85999999987,0.8615
MPLADS-008410,1810793.14,1875296.73,1087159.81,723633.3299999998,0.6004
MPLADS-008411,7184636.57,6876230.48,5084909.1,2099727.4700000007,0.7077
MPLADS-008412,217639.18,208918.08,217639.18,0.0,1.0
MPLADS-008413,2692172.45,2591238.83,2475123.86,217048.59000000032,0.9194
MPLADS-008414,2842659.97,2705441.67,2734962.38,107697.59000000032,0.9621
MPLADS-008415,819777.16,836373.18,587922.54,231854.62,0.7172
MPLADS-008416,2643811.91,2746150.44,1928194.35,715617.56,0.7293
MPLADS-008417,490561.27,506878.02,339774.42,150786.85000000003,0.6926
MPLADS-008418,427500.59,438913.7,365668.56,61832.03000000003,0.8554
MPLADS-008419,1718104.62,1686272.89,1273876.3,444228.32000000007,0.7414
MPLADS-008420,1542606.53,1619390.55,1450050.14,92556.39000000013,0.94
MPLADS-008421,1027197.98,1011830.86,1395730.73,0.0,1.3588
MPLADS-008422,2843816.8,2828821.6,1722494.62,1121322.1799999997,0.6057
MPLADS-008423,1842553.33,1821017.31,1420310.54,422242.79000000004,0.7708
MPLADS-008424,907443.16,925697.31,682015.29,225427.87,0.7516
MPLADS-008425,2991325.87,2971576.33,1931925.82,1059400.05,0.6458
MPLADS-008426,187459.1,194039.7,178771.89,8687.209999999992,0.9537
MPLADS-008427,816275.03,811211.92,666241.85,150033.18000000005,0.8162
MPLADS-008428,2984062.18,2851455.77,2805018.45,179043.72999999998,0.94
MPLADS-008429,706753.79,699779.66,483304.92,223448.87000000005,0.6838
MPLADS-008430,770950.54,780755.43,601348.9,169601.64,0.78
MPLADS-008431,2706134.74,2784877.99,2531906.06,174228.68000000017,0.9356
MPLADS-008432,1295155.37,1311526.88,1258594.42,36560.950000000186,0.9718
MPLADS-008433,2330941.46,2294987.74,1928628.66,402312.80000000005,0.8274
MPLADS-008434,765758.41,740734.55,692474.77,73283.64000000001,0.9043
MPLADS-008435,2054824.23,1986768.0,2054824.23,0.0,1.0
MPLADS-008436,1210334.87,1174093.26,935672.75,274662.1200000001,0.7731
MPLADS-008437,424913.7,433235.43,320332.92,104580.78000000003,0.7539
MPLADS-008438,237947.36,234491.37,317432.55,0.0,1.334
MPLADS-008439,1131130.58,1177244.49,844644.53,286486.05000000005,0.7467
MPLADS-008440,425634.52,431849.8,280438.17,145196.35000000003,0.6589
MPLADS-008441,472359.02,461847.27,425206.29,47152.73000000004,0.9002
MPLADS-008442,425950.85,439749.84,375857.91,50092.94,0.8824
MPLADS-008443,2829725.96,2887614.69,2018008.94,811717.02,0.7131
MPLADS-008444,2391320.28,2396763.16,1479497.06,911823.2199999997,0.6187
MPLADS-008445,2760805.16,2631400.45,2752226.28,8578.880000000354,0.9969
MPLADS-008446,1181388.57,1163000.47,761202.8,420185.77,0.6443
MPLADS-008447,1079365.23,1113668.39,1004836.62,74528.60999999999,0.931
MPLADS-008448,704776.72,698736.32,554468.71,150308.01,0.7867
MPLADS-008449,3746714.23,3707153.09,2893326.7,853387.5299999998,0.7722
MPLADS-008450,2568429.42,2608549.27,2552711.22,15718.19999999972,0.9939
MPLADS-008451,2467428.42,2416797.44,2124243.17,343185.25,0.8609
MPLADS-008452,2452214.91,2342060.86,1915849.04,536365.8700000001,0.7813
MPLADS-008453,506304.26,495997.25,399748.46,106555.79999999999,0.7895
MPLADS-008454,2700218.04,2807037.88,1620998.74,1079219.3,0.6003
MPLADS-008455,438367.47,422746.68,405348.1,33019.369999999995,0.9247
MPLADS-008456,2421870.3,2379533.85,1568037.1,853833.1999999997,0.6474
MPLADS-008457,2397671.38,2374124.93,1523976.9,873694.48,0.6356
MPLADS-008458,3825202.71,3655176.81,2706661.67,1118541.04,0.7076
MPLADS-008459,2011186.96,1989040.42,1718739.32,292447.6399999999,0.8546
MPLADS-008460,2713406.16,2779156.48,2225082.98,488323.18000000017,0.82
MPLADS-008461,226297.85,225456.45,219661.14,6636.709999999992,0.9707
MPLADS-008462,393335.11,376864.04,323246.4,70088.70999999996,0.8218
MPLADS-008463,1027710.5,995329.78,889140.86,138569.64,0.8652
MPLADS-008464,231218.51,238338.09,222141.74,9076.770000000019,0.9607
MPLADS-008465,245152.78,236955.89,197997.74,47155.04000000001,0.8077
MPLADS-008466,3104953.84,2954178.59,2428940.57,676013.27,0.7823
MPLADS-008467,202896.03,199198.96,185038.5,17857.53,0.912
MPLADS-008468,445754.96,443026.53,419009.66,26745.300000000047,0.94
MPLADS-008469,1334577.94,1300246.86,854337.61,480240.32999999996,0.6402
MPLADS-008470,766277.33,732573.03,665344.14,100933.18999999994,0.8683
MPLADS-008471,6719934.43,6465901.77,6421811.29,298123.13999999966,0.9556
MPLADS-008472,397052.7,406083.87,271238.89,125813.81,0.6831
MPLADS-008473,430440.16,450353.68,384573.75,45866.409999999974,0.8934
MPLADS-008474,211788.53,215505.85,172770.49,39018.04000000001,0.8158
MPLADS-008475,2815766.3,2686522.63,2276483.77,539282.5299999998,0.8085
MPLADS-008476,1358000.64,1337761.76,1176236.85,181763.7899999998,0.8662
MPLADS-008477,3594405.41,3477181.16,3594405.41,0.0,1.0
MPLADS-008478,851819.61,815221.06,779320.58,72499.03000000003,0.9149
MPLADS-008479,469834.9,455403.67,417127.12,52707.78000000003,0.8878
MPLADS-008480,3205804.16,3234264.65,3191554.8,14249.360000000335,0.9956
MPLADS-008481,848038.12,871644.6,663800.93,184237.18999999994,0.7827
MPLADS-008482,1669727.29,1686486.54,1096415.64,573311.6500000001,0.6566
MPLADS-008483,1267630.34,1275979.19,971275.96,296354.3800000001,0.7662
MPLADS-008484,3309387.08,3382030.16,3252853.58,56533.5,0.9829
MPLADS-008485,648979.91,658248.93,547008.94,101970.97000000009,0.8429
MPLADS-008486,2811964.36,2939510.99,2109548.36,702416.0,0.7502
MPLADS-008487,3029522.69,3138030.94,2853801.54,175721.1499999999,0.942
MPLADS-008488,692979.03,666511.78,462649.13,230329.90000000002,0.6676
MPLADS-008489,562957.84,539887.08,422187.82,140770.01999999996,0.7499
MPLADS-008490,3039886.39,2914961.91,2258762.18,781124.21,0.743
MPLADS-008491,859910.67,882463.79,588429.06,271481.61,0.6843
MPLADS-008492,509413.26,502090.1,355682.14,153731.12,0.6982
MPLADS-008493,433866.87,437124.73,405170.35,28696.52000000002,0.9339
MPLADS-008494,1032586.38,1024357.94,957594.73,74991.65000000002,0.9274
MPLADS-008495,3160212.42,3192070.34,2355841.06,804371.3599999999,0.7455
MPLADS-008496,223213.31,228941.02,194989.16,28224.149999999994,0.8736
MPLADS-008497,208931.56,207080.35,200053.7,8877.859999999986,0.9575
MPLADS-008498,199422.36,197871.11,155176.12,44246.23999999999,0.7781
MPLADS-008499,3832417.85,3860686.19,3392038.42,440379.43000000017,0.8851
MPLADS-008500,239747.2,251295.11,195781.49,43965.71000000002,0.8166
MPLADS-008501,3287250.79,3271560.08,2408897.6,878353.19,0.7328
MPLADS-008502,827017.27,786525.86,604821.84,222195.43000000005,0.7313
MPLADS-008503,431262.81,427846.51,305879.88,125382.93,0.7093
MPLADS-008504,1097053.6,1126909.48,1031230.38,65823.22000000009,0.94
MPLADS-008505,2501135.06,2488322.0,1785597.99,715537.0700000001,0.7139
MPLADS-008506,1229186.5,1256596.72,1018453.27,210733.22999999998,0.8286
MPLADS-008507,193869.51,190758.59,182237.34,11632.170000000013,0.94
MPLADS-008508,1024789.63,1052656.09,981808.53,42981.09999999998,0.9581
MPLADS-008509,939740.03,975743.34,685114.19,254625.84000000008,0.729
MPLADS-008510,449580.07,459985.03,359705.19,89874.88,0.8001
MPLADS-008511,3350973.37,3493174.32,3103720.15,247253.2200000002,0.9262
MPLADS-008512,193488.19,190594.44,183877.71,9610.48000000001,0.9503
MPLADS-008513,196098.96,192069.24,169386.53,26712.429999999993,0.8638
MPLADS-008514,619448.1,640067.95,498394.02,121054.07999999996,0.8046
MPLADS-008515,239860.54,230786.77,213943.19,25917.350000000006,0.8919
MPLADS-008516,189426.47,182739.75,145922.7,43503.76999999999,0.7703
MPLADS-008517,443696.68,459570.48,346814.76,96881.91999999998,0.7816
MPLADS-008518,1290733.05,1241550.13,1865715.05,0.0,1.4455
MPLADS-008519,3232732.92,3376873.41,2902061.42,330671.5,0.8977
MPLADS-008520,886079.75,871023.56,604058.46,282021.29000000004,0.6817
MPLADS-008521,2794308.82,2721622.04,1769448.68,1024860.1399999999,0.6332
MPLADS-008522,3186973.71,3158445.19,2210438.98,976534.73,0.6936
MPLADS-008523,3537165.52,3597440.97,3324935.59,212229.93000000017,0.94
MPLADS-008524,1328735.54,1316450.76,918979.89,409755.65,0.6916
MPLADS-008525,208785.41,211012.9,136202.6,72582.81,0.6524
MPLADS-008526,216561.92,208849.84,137943.53,78618.39000000001,0.637
MPLADS-008527,1867488.52,1805631.48,1623381.41,244107.1100000001,0.8693
MPLADS-008528,1649508.24,1586226.64,1540692.23,108816.01000000001,0.934
MPLADS-008529,523874.22,503250.37,511998.47,11875.75,0.9773
MPLADS-008530,390469.77,398065.77,390469.77,0.0,1.0
MPLADS-008531,953244.62,937659.03,901383.23,51861.390000000014,0.9456
MPLADS-008532,1871755.44,1918722.93,1871755.44,0.0,1.0
MPLADS-008533,876158.02,901315.42,701274.16,174883.86,0.8004
MPLADS-008534,3735307.68,3707761.02,3224545.78,510761.9000000004,0.8633
MPLADS-008535,1271442.91,1321519.29,871954.33,399488.57999999996,0.6858
MPLADS-008536,3707584.15,3779583.36,2896864.57,810719.5800000001,0.7813
MPLADS-008537,444494.84,449295.45,288590.14,155904.7,0.6493
MPLADS-008538,3512140.81,3404204.18,2335022.7,1177118.1099999999,0.6648
MPLADS-008539,712150.31,699379.18,671073.46,41076.85000000009,0.9423
MPLADS-008540,2851337.15,2963715.8,2058893.09,792444.0599999998,0.7221
MPLADS-008541,2146878.92,2151737.45,1506486.24,640392.6799999999,0.7017
MPLADS-008542,3351715.62,3489531.8,2323490.22,1028225.3999999999,0.6932
MPLADS-008543,1655699.02,1664469.31,2031572.63,0.0,1.227
MPLADS-008544,1264469.54,1228160.78,875714.0,388755.54000000004,0.6926
MPLADS-008545,837779.02,856256.83,771617.86,66161.16000000003,0.921
MPLADS-008546,3596858.83,3737160.71,2630792.75,966066.0800000001,0.7314
MPLADS-008547,451819.48,430217.41,424710.31,27109.169999999984,0.94
MPLADS-008548,952021.16,977149.74,832788.33,119232.83000000007,0.8748
MPLADS-008549,858334.96,849309.74,740171.41,118163.54999999993,0.8623
MPLADS-008550,2565664.02,2620635.94,3699181.46,0.0,1.4418
MPLADS-008551,1704036.56,1670681.78,1663561.94,40474.62000000011,0.9762
MPLADS-008552,834310.3,845325.33,683555.35,150754.95000000007,0.8193
MPLADS-008553,923000.8,964968.72,851089.83,71910.97000000009,0.9221
MPLADS-008554,2001462.85,1949314.99,1985683.69,15779.160000000149,0.9921
MPLADS-008555,3481451.03,3507582.55,3118986.58,362464.4499999997,0.8959
MPLADS-008556,2890859.98,2817914.52,2738989.93,151870.0499999998,0.9475
MPLADS-008557,478792.03,500810.22,296748.22,182043.81000000006,0.6198
MPLADS-008558,3514815.74,3627768.12,3246977.16,267838.5800000001,0.9238
MPLADS-008559,246195.68,240276.13,241111.69,5083.989999999991,0.9793
MPLADS-008560,810098.33,800561.4,810098.33,0.0,1.0
MPLADS-008561,252845.18,258284.15,155319.13,97526.04999999999,0.6143
MPLADS-008562,2526732.55,2592734.14,1965902.9,560829.6499999999,0.778
MPLADS-008563,939220.94,929692.21,798751.66,140469.2799999999,0.8504
MPLADS-008564,208160.63,201190.14,155351.9,52808.73000000001,0.7463
MPLADS-008565,3243904.07,3284448.93,2017713.64,1226190.43,0.622
MPLADS-008566,1090841.22,1134994.0,948819.02,142022.19999999995,0.8698
MPLADS-008567,1285952.48,1242936.14,1053994.28,231958.19999999995,0.8196
MPLADS-008568,5426709.44,5304376.19,4686911.97,739797.4700000007,0.8637
MPLADS-008569,1353045.82,1344295.38,1031871.12,321174.70000000007,0.7626
MPLADS-008570,236927.41,228176.41,218800.7,18126.709999999992,0.9235
MPLADS-008571,1665590.04,1620791.55,1193463.5,472126.54000000004,0.7165
MPLADS-008572,214833.83,217082.17,200996.96,13836.869999999995,0.9356
MPLADS-008573,1988309.26,1998169.29,1762628.51,225680.75,0.8865
MPLADS-008574,432785.94,420269.49,296501.81,136284.13,0.6851
MPLADS-008575,792057.37,803757.12,717251.34,74806.03000000003,0.9056
MPLADS-008576,896400.4,925210.62,564843.03,331557.37,0.6301
MPLADS-008577,1690152.33,1744300.58,1426126.83,264025.5,0.8438
MPLADS-008578,981656.61,1009677.48,831615.29,150041.31999999995,0.8472
MPLADS-008579,638089.28,624228.89,436446.45,201642.83000000002,0.684
MPLADS-008580,4153360.44,4279057.06,3762079.49,391280.9499999997,0.9058
MPLADS-008581,395271.14,391388.56,312142.5,83128.64000000001,0.7897
MPLADS-008582,3071172.44,3095938.58,2879268.98,191903.45999999996,0.9375
MPLADS-008583,495885.83,484064.29,432346.9,63538.92999999999,0.8719
MPLADS-008584,819268.73,822508.85,529186.48,290082.25,0.6459
MPLADS-008585,251436.79,259772.57,216328.75,35108.04000000001,0.8604
MPLADS-008586,2626875.55,2557798.15,1996084.76,630790.7899999998,0.7599
MPLADS-008587,675927.71,708597.22,850353.41,0.0,1.2581
MPLADS-008588,492473.76,496157.49,462925.33,29548.429999999993,0.94
MPLADS-008589,6257393.05,5986762.13,4452763.2,1804629.8499999996,0.7116
MPLADS-008590,190129.1,194959.06,172935.55,17193.550000000017,0.9096
MPLADS-008591,1719820.88,1641718.93,1297834.89,421985.99,0.7546
MPLADS-008592,2809067.78,2845318.78,2640523.71,168544.06999999983,0.94
MPLADS-008593,3545111.24,3399657.59,3369472.01,175639.23000000045,0.9505
MPLADS-008594,10945413.35,10915614.86,6588454.35,4356959.0,0.6019
MPLADS-008595,706573.08,683430.54,539742.68,166830.3999999999,0.7639
MPLADS-008596,1146357.31,1199478.64,1094200.71,52156.60000000009,0.9545
MPLADS-008597,3672609.67,3726521.29,3452253.09,220356.58000000007,0.94
MPLADS-008598,238535.11,237292.7,181627.58,56907.53,0.7614
MPLADS-008599,446038.02,426818.67,416784.26,29253.76000000001,0.9344
MPLADS-008600,4592245.04,4507155.89,2883413.89,1708831.15,0.6279
MPLADS-008601,2399765.67,2362209.15,2235008.51,164757.16000000015,0.9313
MPLADS-008602,915323.95,906111.99,884594.0,30729.949999999953,0.9664
MPLADS-008603,2677204.73,2598057.97,2496439.62,180765.10999999987,0.9325
MPLADS-008604,849702.96,807565.62,806262.43,43440.52999999991,0.9489
MPLADS-008605,3512486.62,3595085.82,3301737.42,210749.2000000002,0.94
MPLADS-008606,3697283.78,3513366.42,3697283.78,0.0,1.0
MPLADS-008607,1984634.1,1967693.67,1732271.96,252362.14000000013,0.8728
MPLADS-008608,3092043.94,3166901.26,2348602.11,743441.8300000001,0.7596
MPLADS-008609,835288.33,866707.28,654896.36,180391.96999999997,0.784
MPLADS-008610,1095492.25,1125503.5,866076.94,229415.31000000006,0.7906
MPLADS-008611,482094.58,495309.49,455625.0,26469.580000000016,0.9451
MPLADS-008612,788494.84,806241.58,700899.67,87595.16999999993,0.8889
MPLADS-008613,419008.97,410469.55,251842.6,167166.36999999997,0.601
MPLADS-008614,1319650.61,1314939.5,1194745.39,124905.2200000002,0.9053
MPLADS-008615,1273563.27,1312346.3,1033223.23,240340.04000000004,0.8113
MPLADS-008616,2133949.11,2164368.4,1307075.96,826873.1499999999,0.6125
MPLADS-008617,773955.54,785206.17,593861.78,180093.76,0.7673
MPLADS-008618,1779841.05,1702031.15,1728998.01,50843.04000000004,0.9714
MPLADS-008619,505232.87,505792.55,336611.72,168621.15000000002,0.6663
MPLADS-008620,511362.58,521946.61,345156.55,166206.03000000003,0.675
MPLADS-008621,2056027.36,1984955.8,1865322.09,190705.27000000002,0.9072
MPLADS-008622,1367777.38,1378419.68,1113387.64,254389.74,0.814
MPLADS-008623,2718342.95,2630594.42,1821234.8,897108.1500000001,0.67
MPLADS-008624,2894863.9,2847165.43,2894863.9,0.0,1.0
MPLADS-008625,7137253.36,6906569.99,6929112.46,208140.90000000037,0.9708
MPLADS-008626,700934.9,735093.62,873541.5,0.0,1.2463
MPLADS-008627,3159180.34,3315569.32,2878363.57,280816.77,0.9111
MPLADS-008628,1594501.04,1517516.9,1472232.61,122268.42999999993,0.9233
MPLADS-008629,247727.88,251576.79,160989.8,86738.08000000002,0.6499
MPLADS-008630,402691.34,402800.81,286512.34,116179.0,0.7115
MPLADS-008631,457839.79,450063.39,457839.79,0.0,1.0
MPLADS-008632,930123.28,938940.13,748825.03,181298.25,0.8051
MPLADS-008633,2819079.86,2932727.93,2130652.55,688427.31,0.7558
MPLADS-008634,12398793.66,12032009.64,8912268.98,3486524.6799999997,0.7188
MPLADS-008635,444057.09,428124.67,273368.56,170688.53000000003,0.6156
MPLADS-008636,3615263.78,3475550.01,3473859.15,141404.6299999999,0.9609
MPLADS-008637,1962550.98,1973823.12,1612243.52,350307.45999999996,0.8215
MPLADS-008638,2209733.75,2155464.99,1452996.91,756736.8400000001,0.6575
MPLADS-008639,856457.88,876856.54,748255.09,108202.79000000004,0.8737
MPLADS-008640,822816.11,805900.38,775897.67,46918.439999999944,0.943
MPLADS-008641,1132111.98,1151433.06,1013526.15,118585.82999999996,0.8953
MPLADS-008642,2526616.3,2535386.43,3271921.91,0.0,1.295
MPLADS-008643,234616.42,240085.98,230269.42,4347.0,0.9815
MPLADS-008644,392328.14,379901.81,245493.36,146834.78000000003,0.6257
MPLADS-008645,507282.69,506919.91,476845.73,30436.96000000002,0.94
MPLADS-008646,2062378.58,2122484.61,1759140.0,303238.5800000001,0.853
MPLADS-008647,1015418.6,1056311.68,955792.78,59625.81999999995,0.9413
MPLADS-008648,555828.55,565004.69,532571.12,23257.43000000005,0.9582
MPLADS-008649,240052.0,245724.48,198333.56,41718.44,0.8262
MPLADS-008650,3323835.4,3448858.66,2655726.92,668108.48,0.799
MPLADS-008651,4136108.34,4219337.66,3231221.29,904887.0499999998,0.7812
MPLADS-008652,5407570.09,5215651.75,3382942.26,2024627.83,0.6256
MPLADS-008653,2362149.27,2320119.98,2075600.15,286549.1200000001,0.8787
MPLADS-008654,2618136.97,2558723.09,2227385.18,390751.79000000004,0.8508
MPLADS-008655,786620.94,770621.27,558112.77,228508.16999999993,0.7095
MPLADS-008656,2869161.21,3001376.75,2121822.89,747338.3199999998,0.7395
MPLADS-008657,941940.21,982889.08,639321.57,302618.64,0.6787
MPLADS-008658,512543.14,499156.89,423244.64,89298.5,0.8258
MPLADS-008659,2284663.98,2361911.89,1412111.87,872552.1099999999,0.6181
MPLADS-008660,677955.38,653395.15,603622.68,74332.69999999995,0.8904
MPLADS-008661,921112.9,898051.61,739598.06,181514.83999999997,0.8029
MPLADS-008662,5650831.75,5915603.78,3940503.58,1710328.17,0.6973
MPLADS-008663,696847.85,668231.73,579250.05,117597.79999999993,0.8312
MPLADS-008664,567350.0,593846.24,439483.53,127866.46999999997,0.7746
MPLADS-008665,490988.05,494715.44,678552.86,0.0,1.382
MPLADS-008666,545759.07,558291.23,500672.77,45086.29999999993,0.9174
MPLADS-008667,2599861.86,2643919.35,1764998.44,834863.4199999999,0.6789
MPLADS-008668,874568.3,885700.33,679598.64,194969.66000000003,0.7771
MPLADS-008669,1570726.79,1617248.89,1070362.48,500364.31000000006,0.6814
MPLADS-008670,1655393.42,1709470.69,1592373.88,63019.54000000004,0.9619
MPLADS-008671,3279100.32,3263746.58,2183936.94,1095163.38,0.666
MPLADS-008672,1771175.49,1834644.52,1404540.57,366634.9199999999,0.793
MPLADS-008673,1068727.98,1119858.02,924451.85,144276.13,0.865
MPLADS-008674,488121.04,506424.05,399554.98,88566.06,0.8186
MPLADS-008675,705369.51,682898.37,622179.25,83190.26000000001,0.8821
MPLADS-008676,646954.35,676545.95,496339.47,150614.88,0.7672
MPLADS-008677,209115.87,214350.8,183384.53,25731.339999999997,0.877
MPLADS-008678,210392.86,204912.05,140585.49,69807.37,0.6682
MPLADS-008679,388706.35,388107.53,282009.13,106697.21999999997,0.7255
MPLADS-008680,1106154.99,1051573.66,831009.9,275145.08999999997,0.7513
MPLADS-008681,818771.99,843413.62,703339.15,115432.83999999997,0.859
MPLADS-008682,1314673.42,1340641.0,1127792.14,186881.28000000003,0.8578
MPLADS-008683,774087.85,775347.73,509492.0,264595.85,0.6582
MPLADS-008684,694611.24,698241.36,556034.26,138576.97999999998,0.8005
MPLADS-008685,1813933.88,1848816.11,1705097.85,108836.0299999998,0.94
MPLADS-008686,1579257.43,1657723.98,1340266.0,238991.42999999993,0.8487
MPLADS-008687,1912538.32,1976440.63,1323539.43,588998.8900000001,0.692
MPLADS-008688,3184616.76,3073903.22,2313954.72,870662.0399999996,0.7266
MPLADS-008689,936594.68,948660.4,707199.15,229395.53000000003,0.7551
MPLADS-008690,10427747.21,10798262.69,8322980.7,2104766.5100000007,0.7982
MPLADS-008691,2190873.01,2241871.52,2866139.74,0.0,1.3082
MPLADS-008692,732056.65,746686.26,560888.79,171167.86,0.7662
MPLADS-008693,1379656.81,1406286.62,1379656.81,0.0,1.0
MPLADS-008694,187338.54,191334.78,161236.9,26101.640000000014,0.8607
MPLADS-008695,3953940.58,3888791.6,3461219.32,492721.26000000024,0.8754
MPLADS-008696,2733934.28,2726076.14,2338367.22,395567.0599999996,0.8553
MPLADS-008697,1349600.24,1372934.22,1095876.56,253723.67999999993,0.812
MPLADS-008698,5305839.24,5142604.78,4183990.91,1121848.33,0.7886
MPLADS-008699,2239816.33,2213385.52,1367044.57,872771.76,0.6103
MPLADS-008700,757740.61,776850.47,729965.18,27775.429999999935,0.9633
MPLADS-008701,1165758.24,1130658.46,711675.9,454082.33999999997,0.6105
MPLADS-008702,787546.05,783571.94,578269.91,209276.14,0.7343
MPLADS-008703,1701321.98,1631683.12,1028664.81,672657.1699999999,0.6046
MPLADS-008704,3528432.12,3427827.03,2381763.25,1146668.87,0.675
MPLADS-008705,991170.29,944429.57,973117.55,18052.73999999999,0.9818
MPLADS-008706,6748443.53,6646170.0,4889901.88,1858541.6500000004,0.7246
MPLADS-008707,1236724.09,1206856.64,830261.7,406462.39000000013,0.6713
MPLADS-008708,2260980.02,2332075.96,1862168.56,398811.45999999996,0.8236
MPLADS-008709,458655.33,463046.68,622825.87,0.0,1.3579
MPLADS-008710,570832.99,594298.45,386494.55,184338.44,0.6771
MPLADS-008711,2696420.62,2707731.12,2551145.92,145274.7000000002,0.9461
MPLADS-008712,231470.28,231466.71,207289.16,24181.119999999995,0.8955
MPLADS-008713,1066883.34,1014855.41,778869.05,288014.29000000004,0.73
MPLADS-008714,7943470.5,8223029.31,7098148.07,845322.4299999997,0.8936
MPLADS-008715,2633797.2,2507004.73,1882384.63,751412.5700000003,0.7147
MPLADS-008716,512934.92,500405.44,363715.3,149219.62,0.7091
MPLADS-008717,2007327.09,2039823.39,1798323.36,209003.72999999998,0.8959
MPLADS-008718,2482555.06,2562010.02,1745257.9,737297.1600000001,0.703
MPLADS-008719,2633301.26,2582506.98,2286622.57,346678.68999999994,0.8683
MPLADS-008720,501071.48,509520.29,491239.65,9831.829999999958,0.9804
MPLADS-008721,11059581.29,11479803.18,8720878.0,2338703.289999999,0.7885
MPLADS-008722,481614.05,497245.99,318950.11,162663.94,0.6623
MPLADS-008723,478137.2,466435.98,443055.15,35082.04999999999,0.9266
MPLADS-008724,2532723.4,2431981.91,2025994.58,506728.81999999983,0.7999
MPLADS-008725,509855.29,513462.49,353414.38,156440.90999999997,0.6932
MPLADS-008726,931722.1,931529.97,740240.21,191481.89,0.7945
MPLADS-008727,2803851.72,2741951.34,2709590.77,94260.95000000019,0.9664
MPLADS-008728,3089670.72,2976757.32,2416778.85,672891.8700000001,0.7822
MPLADS-008729,538550.52,514950.74,527622.25,10928.270000000019,0.9797
MPLADS-008730,2391932.04,2317380.07,1664253.28,727678.76,0.6958
MPLADS-008731,3582389.17,3601257.25,3456137.13,126252.04000000004,0.9648
MPLADS-008732,2847675.33,2833752.24,1742930.77,1104744.56,0.6121
MPLADS-008733,1178318.24,1199357.77,814795.42,363522.81999999995,0.6915
MPLADS-008734,3483512.45,3628239.78,3274501.7,209010.75,0.94
MPLADS-008735,387590.31,382437.36,274173.15,113417.15999999997,0.7074
MPLADS-008736,739866.84,774540.2,685610.44,54256.40000000002,0.9267
MPLADS-008737,2552863.51,2475561.65,2063066.01,489797.49999999977,0.8081
MPLADS-008738,2454538.78,2373102.72,1667267.91,787270.8699999999,0.6793
MPLADS-008739,8604256.31,8346560.34,5770482.98,2833773.33,0.6707
MPLADS-008740,2805853.46,2887110.88,2080478.44,725375.02,0.7415
MPLADS-008741,422725.33,437149.52,296249.6,126475.73000000004,0.7008
MPLADS-008742,428018.95,434345.29,344060.39,83958.56,0.8038
MPLADS-008743,3325019.83,3384626.68,3023274.38,301745.4500000002,0.9093
MPLADS-008744,2873637.77,2844173.12,2049421.35,824216.4199999999,0.7132
MPLADS-008745,5698215.96,5463707.85,4521722.75,1176493.21,0.7935
MPLADS-008746,1043661.28,1059200.02,691532.59,352128.69000000006,0.6626
MPLADS-008747,199157.86,191567.29,124843.85,74314.00999999998,0.6269
MPLADS-008748,807182.94,843523.49,628856.05,178326.8899999999,0.7791
MPLADS-008749,2034245.81,2116423.61,2848595.56,0.0,1.4003
MPLADS-008750,3648308.56,3756854.5,2750756.27,897552.29,0.754
MPLADS-008751,1644186.48,1631641.42,1145331.81,498854.6699999999,0.6966
MPLADS-008752,1910075.84,1957122.28,1766941.34,143134.5,0.9251
MPLADS-008753,1575501.22,1509790.42,1531279.19,44222.03000000003,0.9719
MPLADS-008754,1169755.2,1147732.88,1003340.09,166415.11,0.8577
MPLADS-008755,4485096.0,4583443.01,3399958.92,1085137.08,0.7581
MPLADS-008756,1119008.12,1095389.03,872901.81,246106.31000000006,0.7801
MPLADS-008757,978036.96,1009725.88,613834.18,364202.7799999999,0.6276
MPLADS-008758,1629464.92,1687246.96,1126288.88,503176.04000000004,0.6912
MPLADS-008759,798754.3,781435.12,790790.43,7963.869999999995,0.99
MPLADS-008760,3194509.54,3234307.37,2224164.65,970344.8900000001,0.6962
MPLADS-008761,2392995.88,2500488.41,2197388.76,195607.1200000001,0.9183
MPLADS-008762,2063928.08,1996529.23,1940092.4,123835.68000000017,0.94
MPLADS-008763,2424370.09,2363609.74,2152029.56,272340.5299999998,0.8877
MPLADS-008764,738272.63,736087.72,715879.36,22393.27000000002,0.9697
MPLADS-008765,3225711.3,3261880.92,3087019.19,138692.10999999987,0.957
MPLADS-008766,3716576.18,3794234.09,2981075.31,735500.8700000001,0.8021
MPLADS-008767,494006.26,473881.09,318136.25,175870.01,0.644
MPLADS-008768,531521.6,528201.23,424379.4,107142.19999999995,0.7984
MPLADS-008769,3009055.82,3099848.17,2113340.99,895714.8299999996,0.7023
MPLADS-008770,3328963.46,3202897.91,3328963.46,0.0,1.0
MPLADS-008771,837221.54,863166.64,659954.05,177267.49,0.7883
MPLADS-008772,2722341.92,2802511.2,1786282.96,936058.96,0.6562
MPLADS-008773,1817643.51,1895619.58,1515240.68,302402.8300000001,0.8336
MPLADS-008774,675403.14,689459.38,634878.95,40524.19000000006,0.94
MPLADS-008775,500002.53,498255.56,396458.01,103544.52000000002,0.7929
MPLADS-008776,481112.22,488074.76,427043.95,54068.26999999996,0.8876
MPLADS-008777,1150646.11,1196321.02,715224.41,435421.70000000007,0.6216
MPLADS-008778,189161.23,192395.5,173939.21,15222.020000000019,0.9195
MPLADS-008779,3268926.06,3423030.21,1974868.76,1294057.3,0.6041
MPLADS-008780,1132876.63,1144835.87,940923.09,191953.53999999992,0.8306
MPLADS-008781,1083642.22,1047448.61,988366.75,95275.46999999997,0.9121
MPLADS-008782,721517.48,711656.47,459665.4,261852.07999999996,0.6371
MPLADS-008783,3792142.45,3757784.82,3353101.21,439041.2400000002,0.8842
MPLADS-008784,187102.97,183035.13,146589.68,40513.29000000001,0.7835
MPLADS-008785,1030459.78,1050806.68,931886.86,98572.92000000004,0.9043
MPLADS-008786,1898019.32,1943148.97,1267145.58,630873.74,0.6676
MPLADS-008787,1757284.42,1769580.32,1485491.95,271792.47,0.8453
MPLADS-008788,8961151.45,8816681.46,7832975.69,1128175.7599999988,0.8741
MPLADS-008789,1282760.75,1228228.19,917765.46,364995.29000000004,0.7155
MPLADS-008790,223809.16,217315.32,313921.14,0.0,1.4026
MPLADS-008791,801570.85,839831.03,683240.92,118329.92999999993,0.8524
MPLADS-008792,1401109.02,1338869.8,1318482.76,82626.26000000001,0.941
MPLADS-008793,689475.82,680336.29,466676.1,222799.71999999997,0.6769
MPLADS-008794,243786.38,253439.96,165832.34,77954.04000000001,0.6802
MPLADS-008795,493499.6,512676.76,436576.6,56923.0,0.8847
MPLADS-008796,1192547.9,1199653.6,1030956.11,161591.78999999992,0.8645
MPLADS-008797,2595046.78,2486698.28,1739337.03,855709.7499999998,0.6703
MPLADS-008798,2463246.74,2370812.04,2265521.82,197724.9200000004,0.9197
MPLADS-008799,769659.11,766290.54,723479.56,46179.54999999993,0.94
MPLADS-008800,426277.42,424017.6,306967.05,119310.37,0.7201
MPLADS-008801,1067186.77,1046419.59,653154.74,414032.03,0.612
MPLADS-008802,560843.77,580893.72,449960.71,110883.06,0.8023
MPLADS-008803,10157514.55,10519544.8,7697060.75,2460453.8000000007,0.7578
MPLADS-008804,1704717.02,1644534.42,1408737.51,295979.51,0.8264
MPLADS-008805,1602477.58,1560569.66,1523644.48,78833.1000000001,0.9508
MPLADS-008806,678467.53,681068.52,419289.14,259178.39,0.618
MPLADS-008807,3881353.67,3894351.73,2868228.9,1013124.77,0.739
MPLADS-008808,558085.9,539166.84,505118.84,52967.06,0.9051
MPLADS-008809,6056717.57,6182657.59,5700276.65,356440.9199999999,0.9411
MPLADS-008810,1299515.85,1338941.35,798426.42,501089.43000000005,0.6144
MPLADS-008811,1984360.02,1909971.44,1242725.34,741634.6799999999,0.6263
MPLADS-008812,840474.63,804314.45,551998.29,288476.33999999997,0.6568
MPLADS-008813,445676.87,448078.27,303653.85,142023.02000000002,0.6813
MPLADS-008814,849619.09,825716.42,611873.78,237745.30999999994,0.7202
MPLADS-008815,2799308.16,2776304.21,2437771.8,361536.36000000034,0.8708
MPLADS-008816,488563.17,509227.04,305589.58,182973.58999999997,0.6255
MPLADS-008817,1025995.54,1073536.12,757147.9,268847.64,0.738
MPLADS-008818,3164924.99,3260260.31,2975029.49,189895.5,0.94
MPLADS-008819,3900973.63,3910573.38,2381310.03,1519663.6,0.6104
MPLADS-008820,504126.43,479966.23,376714.22,127412.21000000002,0.7473
MPLADS-008821,2779795.62,2658811.35,1797271.28,982524.3400000001,0.6465
MPLADS-008822,1274377.72,1250149.42,1032312.95,242064.77000000002,0.8101
MPLADS-008823,248667.83,242016.95,244122.87,4544.959999999992,0.9817
MPLADS-008824,10933038.16,10795950.17,9893186.22,1039851.9399999995,0.9049
MPLADS-008825,3881298.73,3988371.07,2630178.67,1251120.06,0.6777
MPLADS-008826,802319.4,806409.31,674212.62,128106.78000000003,0.8403
MPLADS-008827,7249375.87,6955233.37,4449235.78,2800140.09,0.6137
MPLADS-008828,840760.55,853142.7,649539.05,191221.5,0.7726
MPLADS-008829,244347.48,239884.94,185275.71,59071.77000000002,0.7582
MPLADS-008830,696371.05,710097.95,645903.38,50467.67000000004,0.9275
MPLADS-008831,2642093.84,2751131.91,2525289.0,116804.83999999985,0.9558
MPLADS-008832,1396851.49,1412634.94,1162997.56,233853.92999999993,0.8326
MPLADS-008833,240191.63,228919.32,174934.19,65257.44,0.7283
MPLADS-008834,7291188.71,7060052.32,6435167.94,856020.7699999996,0.8826
MPLADS-008835,3274640.04,3225405.69,2644625.48,630014.56,0.8076
MPLADS-008836,2414546.47,2436554.98,2066843.4,347703.0700000003,0.856
MPLADS-008837,492565.49,482753.27,296980.22,195585.27000000002,0.6029
MPLADS-008838,2750024.42,2817069.42,2441130.19,308894.23,0.8877
MPLADS-008839,447748.44,451621.57,430185.0,17563.440000000002,0.9608
MPLADS-008840,557118.22,553649.47,358584.76,198533.45999999996,0.6436
MPLADS-008841,1025678.35,1020993.92,831330.64,194347.70999999996,0.8105
MPLADS-008842,457237.49,467070.3,577836.74,0.0,1.2638
MPLADS-008843,2433045.68,2411600.67,2164350.17,268695.51000000024,0.8896
MPLADS-008844,2588841.39,2713560.71,2060411.53,528429.8600000001,0.7959
MPLADS-008845,3720511.7,3578494.7,4836516.96,0.0,1.3
MPLADS-008846,2284702.51,2216259.84,2284702.51,0.0,1.0
MPLADS-008847,1743761.95,1707196.41,1423350.75,320411.19999999995,0.8163
MPLADS-008848,428742.82,435169.45,428742.82,0.0,1.0
MPLADS-008849,187670.79,193277.39,132797.99,54872.80000000002,0.7076
MPLADS-008850,772139.99,756669.41,607475.51,164664.47999999998,0.7867
MPLADS-008851,3056054.13,3037638.43,2544166.61,511887.52,0.8325
MPLADS-008852,2435687.65,2552439.1,1481822.64,953865.01,0.6084
MPLADS-008853,768322.01,761449.19,643551.23,124770.78000000003,0.8376
MPLADS-008854,210106.47,213513.22,141456.3,68650.17000000001,0.6733
MPLADS-008855,1604314.23,1617321.78,1036534.55,567779.6799999999,0.6461
MPLADS-008856,1374987.3,1380588.31,1292488.06,82499.23999999999,0.94
MPLADS-008857,458759.5,441116.08,337961.9,120797.59999999998,0.7367
MPLADS-008858,4006652.78,4021411.41,2755638.86,1251013.92,0.6878
MPLADS-008859,1760435.06,1807525.06,1659134.56,101300.5,0.9425
MPLADS-008860,220421.86,217612.96,201210.9,19210.959999999992,0.9128
MPLADS-008861,533465.97,507113.86,368086.8,165379.16999999998,0.69
MPLADS-008862,203411.23,198388.03,148621.01,54790.22,0.7306
MPLADS-008863,1414981.96,1463940.36,894595.01,520386.94999999995,0.6322
MPLADS-008864,2710628.85,2701395.0,2405852.09,304776.76000000024,0.8876
MPLADS-008865,508622.12,523556.38,463511.69,45110.42999999999,0.9113
MPLADS-008866,2999280.86,3075983.07,2247777.34,751503.52,0.7494
MPLADS-008867,470474.27,481021.2,380554.51,89919.76000000001,0.8089
MPLADS-008868,1106300.6,1083902.66,718448.56,387852.04000000004,0.6494
MPLADS-008869,570736.78,592342.5,384896.28,185840.5,0.6744
MPLADS-008870,2874636.98,2965923.25,2416415.79,458221.18999999994,0.8406
MPLADS-008871,549908.08,548593.82,548444.13,1463.9499999999534,0.9973
MPLADS-008872,248433.49,252294.65,234498.94,13934.549999999988,0.9439
MPLADS-008873,7037203.47,6803804.52,4590335.16,2446868.3099999996,0.6523
MPLADS-008874,462727.61,476277.79,434963.95,27763.659999999974,0.94
MPLADS-008875,722652.13,707459.72,492588.65,230063.47999999998,0.6816
MPLADS-008876,1046613.54,1028592.71,729615.42,316998.12,0.6971
MPLADS-008877,3748873.48,3612834.96,3512735.05,236138.43000000017,0.937
MPLADS-008878,1721798.68,1645411.1,1566297.21,155501.46999999997,0.9097
MPLADS-008879,3682643.47,3862058.93,2226878.48,1455764.9900000002,0.6047
MPLADS-008880,427443.58,416346.66,258509.5,168934.08000000002,0.6048
MPLADS-008881,2838232.05,2948048.61,1972997.26,865234.7899999998,0.6952
MPLADS-008882,225810.2,232726.84,137600.08,88210.12000000002,0.6094
MPLADS-008883,1344581.33,1311305.6,1342845.62,1735.7099999999627,0.9987
MPLADS-008884,800768.78,780589.03,1085486.46,0.0,1.3556
MPLADS-008885,3166436.51,3281166.81,2249224.65,917211.8599999999,0.7103
MPLADS-008886,3923988.08,3768482.83,3555666.53,368321.5500000003,0.9061
MPLADS-008887,3105356.01,2958949.17,2438529.85,666826.1599999997,0.7853
MPLADS-008888,456851.65,474343.57,429440.55,27411.100000000035,0.94
MPLADS-008889,2820771.94,2881451.43,1772424.09,1048347.8499999999,0.6283
MPLADS-008890,3373493.26,3511639.18,3288729.79,84763.46999999974,0.9749
MPLADS-008891,1263276.76,1238868.44,1242633.41,20643.350000000093,0.9837
MPLADS-008892,3568657.72,3580197.47,3096543.64,472114.0800000001,0.8677
MPLADS-008893,439668.04,425715.05,317483.58,122184.45999999996,0.7221
MPLADS-008894,2559642.55,2514168.13,2424902.28,134740.27000000002,0.9474
MPLADS-008895,995978.72,975645.17,737659.11,258319.61,0.7406
MPLADS-008896,2605616.33,2707644.1,2492102.93,113513.3999999999,0.9564
MPLADS-008897,2753640.53,2796148.51,2361464.36,392176.1699999999,0.8576
MPLADS-008898,801486.9,829223.82,712144.15,89342.75,0.8885
MPLADS-008899,391774.12,397762.61,284957.59,106816.52999999997,0.7274
MPLADS-008900,3584285.16,3440323.44,2274113.37,1310171.79,0.6345
MPLADS-008901,7856658.26,7667183.87,4868576.98,2988081.2799999993,0.6197
MPLADS-008902,3020900.94,2896278.77,2580947.72,439953.21999999974,0.8544
MPLADS-008903,1248650.15,1265930.08,951954.35,296695.79999999993,0.7624
MPLADS-008904,796638.47,823176.61,762562.78,34075.689999999944,0.9572
MPLADS-008905,241299.88,248289.89,156066.96,85232.92000000001,0.6468
MPLADS-008906,2751590.98,2689515.26,2551451.61,200139.3700000001,0.9273
MPLADS-008907,1106974.36,1057237.54,1008523.0,98451.3600000001,0.9111
MPLADS-008908,970945.32,988320.39,764628.72,206316.59999999998,0.7875
MPLADS-008909,676631.78,672089.24,528760.41,147871.37,0.7815
MPLADS-008910,2575691.2,2537138.44,3574405.57,0.0,1.3877
MPLADS-008911,2768092.19,2631112.85,2035224.88,732867.31,0.7352
MPLADS-008912,238495.11,235712.45,236270.23,2224.8799999999756,0.9907
MPLADS-008913,234368.31,235516.47,223392.02,10976.290000000008,0.9532
MPLADS-008914,2056940.29,2011621.64,2056940.29,0.0,1.0
MPLADS-008915,757581.58,724481.78,712973.88,44607.69999999995,0.9411
MPLADS-008916,3226969.11,3240947.45,2159716.28,1067252.83,0.6693
MPLADS-008917,2991254.13,2897662.75,2787205.92,204048.20999999996,0.9318
MPLADS-008918,465914.3,488684.33,461811.63,4102.669999999984,0.9912
MPLADS-008919,791676.46,807013.35,592003.71,199672.75,0.7478
MPLADS-008920,2157949.67,2101595.74,1891983.64,265966.03,0.8768
MPLADS-008921,1218297.95,1248429.61,1056331.49,161966.45999999996,0.8671
MPLADS-008922,2399198.21,2329889.74,2348595.58,50602.62999999989,0.9789
MPLADS-008923,471826.13,490056.2,299633.12,172193.01,0.635
MPLADS-008924,442294.94,456615.79,373813.72,68481.22000000003,0.8452
MPLADS-008925,383925.69,401436.18,248501.56,135424.13,0.6473
MPLADS-008926,11985489.08,11589952.22,11582757.02,402732.0600000005,0.9664
MPLADS-008927,6267532.41,6150671.22,6109155.75,158376.66000000015,0.9747
MPLADS-008928,10653276.31,11105065.87,6957721.91,3695554.4000000004,0.6531
MPLADS-008929,453549.33,440145.14,405469.63,48079.70000000001,0.894
MPLADS-008930,385221.93,398152.48,470285.43,0.0,1.2208
MPLADS-008931,2651797.32,2736271.59,1628470.58,1023326.7399999998,0.6141
MPLADS-008932,2589619.43,2483006.35,2581469.77,8149.660000000149,0.9969
MPLADS-008933,2588760.82,2500157.32,2247294.87,341465.9499999997,0.8681
MPLADS-008934,3254679.55,3340239.33,2521567.52,733112.0299999998,0.7748
MPLADS-008935,465948.25,466421.69,341530.41,124417.84000000003,0.733
MPLADS-008936,3683318.91,3864344.77,2958410.8,724908.1100000003,0.8032
MPLADS-008937,817458.58,785198.23,669974.68,147483.8999999999,0.8196
MPLADS-008938,467871.68,475626.32,421401.74,46469.94,0.9007
MPLADS-008939,7926685.32,7534144.65,7412046.92,514638.4000000004,0.9351
MPLADS-008940,1791886.28,1875256.31,1551526.11,240360.16999999993,0.8659
MPLADS-008941,3281296.14,3354492.03,2631322.08,649974.06,0.8019
MPLADS-008942,2703915.51,2628904.05,2101007.21,602908.2999999998,0.777
MPLADS-008943,2630207.05,2620685.51,2378160.28,252046.77000000002,0.9042
MPLADS-008944,704544.17,724622.13,660859.73,43684.44000000006,0.938
MPLADS-008945,2687008.77,2658004.18,3703434.57,0.0,1.3783
MPLADS-008946,1170881.98,1201929.44,1022758.04,148123.93999999994,0.8735
MPLADS-008947,2979568.81,2996882.93,1825190.71,1154378.1,0.6126
MPLADS-008948,802029.64,838440.06,1073663.52,0.0,1.3387
MPLADS-008949,3081097.89,3161588.65,2890241.49,190856.3999999999,0.9381
MPLADS-008950,1845341.5,1797457.67,1381588.83,463752.6699999999,0.7487
MPLADS-008951,1018586.36,999724.61,957471.18,61115.179999999935,0.94
MPLADS-008952,1864360.19,1936722.25,1752498.58,111861.60999999987,0.94
MPLADS-008953,530600.53,540085.21,423443.44,107157.09000000003,0.798
MPLADS-008954,853881.23,812501.46,737140.21,116741.02000000002,0.8633
MPLADS-008955,3979390.35,4155385.8,3048960.03,930430.3200000003,0.7662
MPLADS-008956,3164500.51,3120351.07,2664193.72,500306.7899999996,0.8419
MPLADS-008957,2756835.3,2857196.79,2210144.1,546691.1999999997,0.8017
MPLADS-008958,191387.2,192824.96,246554.5,0.0,1.2882
MPLADS-008959,8789657.97,9005249.85,6772656.91,2017001.0600000005,0.7705
MPLADS-008960,2394436.36,2502445.01,1780074.7,614361.6599999999,0.7434
MPLADS-008961,3178051.09,3114944.32,2980635.33,197415.75999999978,0.9379
MPLADS-008962,2692023.57,2596042.58,2303425.23,388598.33999999985,0.8556
MPLADS-008963,3198014.31,3313040.2,2193091.22,1004923.0899999999,0.6858
MPLADS-008964,3758434.47,3899755.24,2725490.56,1032943.9100000001,0.7252
MPLADS-008965,821141.04,806776.19,663788.34,157352.70000000007,0.8084
MPLADS-008966,2377780.09,2465446.34,1471765.22,906014.8699999999,0.619
MPLADS-008967,2365049.26,2322644.87,2277583.09,87466.16999999993,0.963
MPLADS-008968,188748.97,197843.21,173266.35,15482.619999999995,0.918
MPLADS-008969,535801.94,517684.62,467328.2,68473.73999999993,0.8722
MPLADS-008970,790265.83,793215.6,546794.51,243471.31999999995,0.6919
MPLADS-008971,1822285.1,1755519.53,1612728.67,209556.43000000017,0.885
MPLADS-008972,2616449.96,2567210.07,2459462.96,156987.0,0.94
MPLADS-008973,649698.11,626791.27,481086.94,168611.16999999998,0.7405
MPLADS-008974,11142430.55,11605194.86,10684986.1,457444.4500000011,0.9589
MPLADS-008975,3810351.37,3977286.12,2421264.5,1389086.87,0.6354
MPLADS-008976,445460.2,437114.23,301844.24,143615.96000000002,0.6776
MPLADS-008977,908162.03,934043.68,635867.14,272294.89,0.7002
MPLADS-008978,663499.02,660563.05,450470.43,213028.59000000003,0.6789
MPLADS-008979,3338503.23,3487639.19,2101337.86,1237165.37,0.6294
MPLADS-008980,726551.29,717517.79,608403.16,118148.13,0.8374
MPLADS-008981,1217728.2,1197398.85,767223.01,450505.18999999994,0.63
MPLADS-008982,454105.11,435812.78,656682.36,0.0,1.4461
MPLADS-008983,2432931.35,2455746.22,1632513.47,800417.8800000001,0.671
MPLADS-008984,1937057.64,1996060.26,1426965.14,510092.5,0.7367
MPLADS-008985,427078.01,425703.28,343498.16,83579.85000000003,0.8043
MPLADS-008986,5192594.51,5175211.55,4297214.35,895380.1600000001,0.8276
MPLADS-008987,1014220.14,996622.2,654666.51,359553.63,0.6455
MPLADS-008988,1368287.23,1422310.95,1870138.1,0.0,1.3668
MPLADS-008989,197283.14,190072.94,266154.85,0.0,1.3491
MPLADS-008990,1850732.73,1867912.53,1441647.87,409084.85999999987,0.779
MPLADS-008991,461991.23,460548.48,316401.89,145589.33999999997,0.6849
MPLADS-008992,1892505.63,1942656.81,1642788.47,249717.15999999992,0.868
MPLADS-008993,2429628.39,2387860.07,2316074.09,113554.30000000028,0.9533
MPLADS-008994,10533923.7,10561041.22,10175859.66,358064.0399999991,0.966
MPLADS-008995,516328.99,519275.96,499960.44,16368.549999999988,0.9683
MPLADS-008996,735209.83,719477.44,561364.75,173845.07999999996,0.7635
MPLADS-008997,2400253.0,2405370.98,2046296.88,353956.1200000001,0.8525
MPLADS-008998,434726.81,439225.8,335131.31,99595.5,0.7709
MPLADS-008999,1719163.28,1687003.11,1179349.31,539813.97,0.686
MPLADS-009000,505824.22,488822.95,358536.15,147288.06999999995,0.7088
MPLADS-009001,1162508.21,1150803.86,1086524.94,75983.27000000002,0.9346
MPLADS-009002,2715186.09,2730139.12,2251691.2,463494.88999999966,0.8293
MPLADS-009003,477941.47,454515.47,458769.67,19171.79999999999,0.9599
MPLADS-009004,3592183.06,3703272.81,3184380.59,407802.4700000002,0.8865
MPLADS-009005,8509063.12,8358808.51,5945073.04,2563990.079999999,0.6987
MPLADS-009006,665208.55,634243.39,625296.04,39912.51000000001,0.94
MPLADS-009007,2003550.51,1983824.68,1317602.08,685948.4299999999,0.6576
MPLADS-009008,796449.63,835302.68,618997.44,177452.19000000006,0.7772
MPLADS-009009,3111870.0,3143659.97,3111870.0,0.0,1.0
MPLADS-009010,1205805.45,1158792.94,1096520.6,109284.84999999986,0.9094
MPLADS-009011,384381.04,368798.05,358606.41,25774.630000000005,0.9329
MPLADS-009012,2837643.24,2737741.81,1955486.49,882156.7500000002,0.6891
MPLADS-009013,3971999.41,4029688.39,3733679.45,238319.95999999996,0.94
MPLADS-009014,1191122.24,1156683.82,953801.92,237320.31999999995,0.8008
MPLADS-009015,1711793.39,1690939.63,1657573.99,54219.39999999991,0.9683
MPLADS-009016,1493277.09,1521597.95,1054183.7,439093.39000000013,0.706
MPLADS-009017,949351.78,923827.37,587933.85,361417.93000000005,0.6193
MPLADS-009018,1003337.9,1041380.98,880597.22,122740.68000000005,0.8777
MPLADS-009019,547366.86,572411.44,382962.96,164403.89999999997,0.6996
MPLADS-009020,1350827.6,1307793.65,1241492.5,109335.1000000001,0.9191
MPLADS-009021,2620964.14,2539500.77,1641837.38,979126.7600000002,0.6264
MPLADS-009022,1037717.1,1086337.67,636130.6,401586.5,0.613
MPLADS-009023,542733.5,568298.27,481765.71,60967.78999999998,0.8877
MPLADS-009024,1321059.08,1266124.09,889061.5,431997.5800000001,0.673
MPLADS-009025,2837471.71,2810837.21,2481401.25,356070.45999999996,0.8745
MPLADS-009026,778385.02,784840.38,530516.15,247868.87,0.6816
MPLADS-009027,2663869.85,2564891.11,1637696.28,1026173.5700000001,0.6148
MPLADS-009028,384836.01,366535.28,262689.63,122146.38,0.6826
MPLADS-009029,446762.23,468742.94,442395.79,4366.440000000002,0.9902
MPLADS-009030,2746825.02,2834075.08,2582015.52,164809.5,0.94
MPLADS-009031,1355136.86,1323813.61,1338275.37,16861.48999999999,0.9876
MPLADS-009032,227942.65,228102.85,141269.54,86673.10999999999,0.6198
MPLADS-009033,2528912.01,2542155.17,2311823.37,217088.63999999966,0.9142
MPLADS-009034,767544.13,748588.88,758992.45,8551.680000000051,0.9889
MPLADS-009035,481554.71,484812.36,376965.38,104589.33000000002,0.7828
MPLADS-009036,2631820.25,2602428.81,2062033.68,569786.5700000001,0.7835
MPLADS-009037,1857155.0,1821685.79,1159744.94,697410.06,0.6245
MPLADS-009038,485342.64,475565.4,379770.09,105572.54999999999,0.7825
MPLADS-009039,3513213.99,3513358.95,3223999.88,289214.11000000034,0.9177
MPLADS-009040,3925078.89,3869371.23,3729850.69,195228.2000000002,0.9503
MPLADS-009041,810035.38,813902.64,772847.12,37188.26000000001,0.9541
MPLADS-009042,469750.81,448109.37,377691.94,92058.87,0.804
MPLADS-009043,1862440.34,1830602.43,1783937.91,78502.43000000017,0.9578
MPLADS-009044,3927266.16,3956210.72,2374377.53,1552888.6300000004,0.6046
MPLADS-009045,772297.54,791691.47,520959.33,251338.21000000002,0.6746
MPLADS-009046,427022.74,414570.73,298257.71,128765.02999999997,0.6985
MPLADS-009047,802151.02,826458.86,754021.96,48129.060000000056,0.94
MPLADS-009048,528402.56,524769.32,427061.45,101341.11000000004,0.8082
MPLADS-009049,3834683.81,3659925.84,2755133.96,1079549.85,0.7185
MPLADS-009050,1032907.28,1054274.15,940732.91,92174.37,0.9108
MPLADS-009051,3982943.9,4089377.01,3975242.43,7701.469999999739,0.9981
MPLADS-009052,9114856.11,9113099.13,6613003.31,2501852.8,0.7255
MPLADS-009053,1065652.0,1112337.39,852852.5,212799.5,0.8003
MPLADS-009054,3304431.43,3429158.77,2229092.88,1075338.5500000003,0.6746
MPLADS-009055,8739455.92,8870267.74,7288095.92,1451360.0,0.8339
MPLADS-009056,526767.63,521418.41,403617.29,123150.34000000003,0.7662
MPLADS-009057,428018.59,442609.36,404611.92,23406.670000000042,0.9453
MPLADS-009058,553423.91,536221.75,491201.91,62222.00000000006,0.8876
MPLADS-009059,794048.54,791120.91,626914.78,167133.76,0.7895
MPLADS-009060,202070.48,204566.65,197228.83,4841.650000000023,0.976
MPLADS-009061,1958260.32,1894866.62,1439360.99,518899.3300000001,0.735
MPLADS-009062,12520081.12,12825133.7,9175762.98,3344318.1399999987,0.7329
MPLADS-009063,217945.84,208774.39,148695.23,69250.60999999999,0.6823
MPLADS-009064,1339843.83,1354709.85,1145963.09,193880.74,0.8553
MPLADS-009065,2455880.33,2476611.54,1891011.3,564869.03,0.77
MPLADS-009066,1197418.48,1148497.37,956175.35,241243.13,0.7985
MPLADS-009067,473122.96,477589.72,473122.96,0.0,1.0
MPLADS-009068,2417103.91,2406945.37,2417103.91,0.0,1.0
MPLADS-009069,7488118.68,7290120.04,5608063.89,1880054.79,0.7489
MPLADS-009070,792949.61,823314.14,745372.63,47576.97999999998,0.94
MPLADS-009071,1505007.31,1471524.86,1033719.9,471287.41000000003,0.6869
MPLADS-009072,2708668.22,2777333.33,3916761.7,0.0,1.446
MPLADS-009073,744063.97,737419.71,474186.11,269877.86,0.6373
MPLADS-009074,1769806.17,1798312.53,1663617.8,106188.36999999988,0.94
MPLADS-009075,702307.01,735123.97,1015002.11,0.0,1.4452
MPLADS-009076,2885579.34,2986970.51,1769555.9,1116023.44,0.6132
MPLADS-009077,785004.16,796574.94,560401.58,224602.58000000007,0.7139
MPLADS-009078,1656154.56,1610914.37,1295584.38,360570.18000000017,0.7823
MPLADS-009079,3012260.06,3148680.69,2702680.95,309579.10999999987,0.8972
MPLADS-009080,2746001.26,2845457.12,2271905.94,474095.31999999983,0.8274
MPLADS-009081,572130.56,558277.83,517563.08,54567.48000000004,0.9046
MPLADS-009082,2941548.37,2872774.8,2347031.72,594516.6499999999,0.7979
MPLADS-009083,568575.12,564715.59,451252.96,117322.15999999997,0.7937
MPLADS-009084,1735752.47,1671772.38,1061160.63,674591.8400000001,0.6114
MPLADS-009085,569751.14,554936.22,535566.07,34185.070000000065,0.94
MPLADS-009086,12146850.25,11814060.11,7307082.0,4839768.25,0.6016
MPLADS-009087,2454333.85,2376908.52,2267991.6,186342.25,0.9241
MPLADS-009088,484619.12,462409.73,483076.25,1542.8699999999953,0.9968
MPLADS-009089,421864.68,430933.29,320728.13,101136.54999999999,0.7603
MPLADS-009090,998450.42,954677.09,843872.6,154577.82000000007,0.8452
MPLADS-009091,497558.65,491629.26,330293.1,167265.55000000005,0.6638
MPLADS-009092,2866536.6,2731223.28,2553581.47,312955.1299999999,0.8908
MPLADS-009093,2285248.7,2226498.04,1796985.79,488262.91000000015,0.7863
MPLADS-009094,4016635.03,3911719.57,2839202.88,1177432.15,0.7069
MPLADS-009095,2735599.17,2657937.48,1976767.82,758831.3499999999,0.7226
MPLADS-009096,2972708.94,2854001.82,2565006.4,407702.54000000004,0.8629
MPLADS-009097,1085523.41,1136756.57,717564.11,367959.29999999993,0.661
MPLADS-009098,790869.09,781499.11,646622.14,144246.94999999995,0.8176
MPLADS-009099,384270.34,382881.08,236693.99,147576.35000000003,0.616
MPLADS-009100,1750322.88,1714441.36,1436248.65,314074.23,0.8206
MPLADS-009101,567591.19,542731.31,535408.81,32182.37999999989,0.9433
MPLADS-009102,1307996.83,1299537.45,1271536.12,36460.70999999996,0.9721
MPLADS-009103,217928.25,223256.24,280211.24,0.0,1.2858
MPLADS-009104,2562851.83,2489685.43,1892035.93,670815.9000000001,0.7383
MPLADS-009105,2777564.42,2663677.03,2316574.05,460990.3700000001,0.834
MPLADS-009106,240394.81,244759.62,170863.08,69531.73000000001,0.7108
MPLADS-009107,2376556.66,2322320.64,2017124.82,359431.8400000001,0.8488
MPLADS-009108,472584.96,488778.46,450092.5,22492.46000000002,0.9524
MPLADS-009109,483018.99,469950.49,405881.34,77137.64999999997,0.8403
MPLADS-009110,967697.1,936719.78,644250.88,323446.22,0.6658
MPLADS-009111,2824474.15,2958492.61,2359189.52,465284.6299999999,0.8353
MPLADS-009112,2209751.85,2179357.19,2100901.83,108850.02000000002,0.9507
MPLADS-009113,1314157.52,1299464.86,1055485.44,258672.08000000007,0.8032
MPLADS-009114,3675705.65,3584466.23,2737816.98,937888.6699999999,0.7448
MPLADS-009115,494105.44,498935.8,350823.78,143281.65999999997,0.71
MPLADS-009116,461864.24,442773.54,452260.29,9603.950000000012,0.9792
MPLADS-009117,455682.92,436605.79,335686.79,119996.13,0.7367
MPLADS-009118,857857.17,834884.8,604759.91,253097.26,0.705
MPLADS-009119,2050968.3,1970648.61,1993907.29,57061.01000000001,0.9722
MPLADS-009120,938736.22,944448.84,768679.25,170056.96999999997,0.8188
MPLADS-009121,858563.56,819666.92,660555.78,198007.78000000003,0.7694
MPLADS-009122,507421.0,482156.76,328226.37,179194.63,0.6469
MPLADS-009123,464083.51,457976.88,436238.5,27845.01000000001,0.94
MPLADS-009124,836824.82,860281.76,807492.26,29332.55999999994,0.9649
MPLADS-009125,10082602.62,10466697.31,6080086.34,4002516.2799999993,0.603
MPLADS-009126,1531012.29,1606331.26,1152896.78,378115.51,0.753
MPLADS-009127,9390266.4,8975590.83,8285058.18,1105208.2200000007,0.8823
MPLADS-009128,9764845.08,9386520.22,7521889.31,2242955.7700000005,0.7703
MPLADS-009129,2068829.13,2025503.08,1970767.71,98061.41999999993,0.9526
MPLADS-009130,244370.79,247733.68,213095.53,31275.26000000001,0.872
MPLADS-009131,1965007.84,1936634.29,1488800.78,476207.06000000006,0.7577
MPLADS-009132,3795286.42,3618228.3,3795286.42,0.0,1.0
MPLADS-009133,2616030.25,2512845.01,1678692.01,937338.24,0.6417
MPLADS-009134,3130999.48,3163298.28,2948310.59,182688.89000000013,0.9417
MPLADS-009135,965417.19,1008986.24,907492.16,57925.02999999991,0.94
MPLADS-009136,3281062.15,3145448.36,2241717.9,1039344.25,0.6832
MPLADS-009137,810056.63,784381.72,773812.37,36244.26000000001,0.9553
MPLADS-009138,1925893.06,1872237.16,1918956.49,6936.570000000065,0.9964
MPLADS-009139,1002902.8,997420.0,1311426.19,0.0,1.3076
MPLADS-009140,2999634.21,2997468.28,2617114.01,382520.2000000002,0.8725
MPLADS-009141,776931.76,783247.76,751447.63,25484.130000000005,0.9672
MPLADS-009142,457585.7,442648.32,394845.12,62740.580000000016,0.8629
MPLADS-009143,2962397.5,3078193.05,1882375.94,1080021.56,0.6354
MPLADS-009144,1656940.16,1583738.43,1264551.99,392388.1699999999,0.7632
MPLADS-009145,1936705.44,1852073.27,1540518.63,396186.81000000006,0.7954
MPLADS-009146,2690942.71,2656103.6,2410582.29,280360.4199999999,0.8958
MPLADS-009147,993971.86,973642.85,983487.53,10484.329999999958,0.9895
MPLADS-009148,1629528.98,1580823.49,1143296.27,486232.70999999996,0.7016
MPLADS-009149,506759.75,511945.79,428369.06,78390.69,0.8453
MPLADS-009150,3895085.6,3867019.2,2659091.79,1235993.81,0.6827
MPLADS-009151,3975096.93,3861024.04,5649203.58,0.0,1.4211
MPLADS-009152,3567942.4,3434800.15,3353865.86,214076.54000000004,0.94
MPLADS-009153,529012.12,531633.26,368271.12,160741.0,0.6961
MPLADS-009154,200900.0,196434.8,172063.81,28836.190000000002,0.8565
MPLADS-009155,2686534.55,2639755.46,1837201.35,849333.1999999997,0.6839
MPLADS-009156,1591129.68,1513102.1,1089020.49,502109.18999999994,0.6844
MPLADS-009157,1168870.79,1132352.49,1091175.81,77694.97999999998,0.9335
MPLADS-009158,2807936.15,2896146.25,2073612.59,734323.5599999998,0.7385
MPLADS-009159,3870562.45,3699382.08,3524941.18,345621.27,0.9107
MPLADS-009160,2822630.46,2802690.54,1886766.91,935863.55,0.6684
MPLADS-009161,1071525.12,1050498.82,829118.82,242406.30000000016,0.7738
MPLADS-009162,2742319.35,2845633.42,2319838.33,422481.02,0.8459
MPLADS-009163,491534.51,494744.28,331046.62,160487.89,0.6735
MPLADS-009164,397601.04,378652.05,259049.82,138551.21999999997,0.6515
MPLADS-009165,6205254.48,6450730.88,3954512.3,2250742.1800000006,0.6373
MPLADS-009166,752393.53,768092.37,489525.3,262868.23000000004,0.6506
MPLADS-009167,2811334.12,2790182.58,1737312.52,1074021.6,0.618
MPLADS-009168,1316639.4,1321491.43,1234617.24,82022.15999999992,0.9377
MPLADS-009169,401332.77,409458.15,316845.84,84486.93,0.7895
MPLADS-009170,6503248.52,6425802.13,4076131.41,2427117.1099999994,0.6268
MPLADS-009171,1288128.76,1228098.59,1670815.02,0.0,1.2971
MPLADS-009172,2855977.21,2985166.9,2257944.71,598032.5,0.7906
MPLADS-009173,216830.44,223851.22,204921.55,11908.890000000014,0.9451
MPLADS-009174,491984.66,502210.08,421070.43,70914.22999999998,0.8559
MPLADS-009175,2572886.03,2677912.79,2572886.03,0.0,1.0
MPLADS-009176,808372.25,830242.9,784575.41,23796.839999999967,0.9706
MPLADS-009177,217119.43,211300.31,150773.32,66346.10999999999,0.6944
MPLADS-009178,221642.56,216430.24,144925.57,76716.98999999999,0.6539
MPLADS-009179,1689084.96,1658651.67,1544945.28,144139.67999999993,0.9147
MPLADS-009180,426207.35,423442.53,400634.91,25572.440000000002,0.94
MPLADS-009181,804967.88,821707.67,656567.23,148400.65000000002,0.8156
MPLADS-009182,1419345.64,1414462.57,1287683.66,131661.97999999998,0.9072
MPLADS-009183,2136429.09,2041649.67,1285905.56,850523.5299999998,0.6019
MPLADS-009184,3168814.97,3153402.66,1964986.4,1203828.5700000003,0.6201
MPLADS-009185,1913976.98,1848342.6,1850635.63,63341.35000000009,0.9669
MPLADS-009186,1309654.48,1263746.1,944460.95,365193.53,0.7212
MPLADS-009187,502558.73,514567.33,410308.97,92249.76000000001,0.8164
MPLADS-009188,3491883.6,3346386.05,3437150.69,54732.91000000015,0.9843
MPLADS-009189,11022590.5,11226187.38,10090002.02,932588.4800000004,0.9154
MPLADS-009190,215117.16,208494.04,170326.7,44790.45999999999,0.7918
MPLADS-009191,8016147.78,8378396.5,7431935.62,584212.1600000001,0.9271
MPLADS-009192,195048.68,188494.63,194091.07,957.609999999986,0.9951
MPLADS-009193,3017329.87,2925570.03,2312647.37,704682.5,0.7665
MPLADS-009194,6099326.78,6095893.04,5669917.36,429409.4199999999,0.9296
MPLADS-009195,1019652.82,1058084.67,888582.78,131070.03999999992,0.8715
MPLADS-009196,4018683.4,3935651.75,2678769.92,1339913.48,0.6666
MPLADS-009197,865141.52,875217.98,764343.95,100797.57000000007,0.8835
MPLADS-009198,772385.94,792132.58,1010988.16,0.0,1.3089
MPLADS-009199,856027.18,890138.79,603022.87,253004.31000000006,0.7044
MPLADS-009200,2955744.19,2991721.94,2707884.07,247860.1200000001,0.9161
MPLADS-009201,3948894.96,3858309.3,2558156.49,1390738.4699999997,0.6478
MPLADS-009202,3641790.66,3479684.63,2946330.02,695460.6400000001,0.809
MPLADS-009203,810751.11,791339.01,646491.91,164259.19999999995,0.7974
MPLADS-009204,716617.95,715946.22,598972.08,117645.87,0.8358
MPLADS-009205,2883252.96,2839791.0,2700767.13,182485.83000000007,0.9367
MPLADS-009206,836381.63,856677.54,786198.73,50182.90000000002,0.94
MPLADS-009207,3002695.78,3134211.69,2512829.6,489866.1799999997,0.8369
MPLADS-009208,410232.23,417716.02,265714.78,144517.44999999995,0.6477
MPLADS-009209,773790.4,782613.55,511626.88,262163.52,0.6612
MPLADS-009210,778271.11,750716.08,560956.68,217314.42999999993,0.7208
MPLADS-009211,416423.97,403774.71,323378.72,93045.25,0.7766
MPLADS-009212,224084.1,216523.53,176521.91,47562.19,0.7877
MPLADS-009213,1957543.08,1945534.56,1311404.66,646138.4200000002,0.6699
MPLADS-009214,700271.78,731621.65,698280.56,1991.219999999972,0.9972
MPLADS-009215,433699.5,447027.01,288838.28,144861.21999999997,0.666
MPLADS-009216,2543533.07,2485516.56,2181826.94,361706.1299999999,0.8578
MPLADS-009217,2442660.22,2362050.69,1890496.41,552163.8100000003,0.7739
MPLADS-009218,3791342.21,3684961.49,4693795.59,0.0,1.238
MPLADS-009219,3689495.75,3821365.35,3639539.36,49956.39000000013,0.9865
MPLADS-009220,1192806.15,1187356.02,1155893.08,36913.06999999983,0.9691
MPLADS-009221,10567064.62,10075881.45,10166512.7,400551.9199999999,0.9621
MPLADS-009222,509934.88,529855.41,500294.01,9640.869999999995,0.9811
MPLADS-009223,1989893.09,1977514.5,1761255.01,228638.08000000007,0.8851
MPLADS-009224,765084.83,731719.28,639154.97,125929.85999999999,0.8354
MPLADS-009225,2417707.54,2338712.95,2026204.37,391503.1699999999,0.8381
MPLADS-009226,502670.17,509321.26,419667.32,83002.84999999998,0.8349
MPLADS-009227,458540.69,436918.84,396826.76,61713.92999999999,0.8654
MPLADS-009228,987634.69,962252.55,700154.1,287480.58999999997,0.7089
MPLADS-009229,829571.83,852919.16,744761.14,84810.68999999994,0.8978
MPLADS-009230,677248.17,695568.36,427155.47,250092.70000000007,0.6307
MPLADS-009231,1681453.13,1600724.98,1455653.13,225800.0,0.8657
MPLADS-009232,774278.23,795805.33,702563.95,71714.28000000003,0.9074
MPLADS-009233,2370147.25,2342199.24,2171414.29,198732.95999999996,0.9162
MPLADS-009234,5477084.29,5220828.87,3408380.11,2068704.1800000002,0.6223
MPLADS-009235,451242.94,450431.63,369830.67,81412.27000000002,0.8196
MPLADS-009236,571010.58,579361.87,564080.73,6929.849999999977,0.9879
MPLADS-009237,2423890.76,2381371.83,2188485.89,235404.86999999965,0.9029
MPLADS-009238,198643.47,200577.39,186724.86,11918.610000000015,0.94
MPLADS-009239,401843.98,397031.28,268877.15,132966.82999999996,0.6691
MPLADS-009240,2479753.77,2472324.03,2200660.85,279092.9199999999,0.8875
MPLADS-009241,535070.38,510924.34,357902.02,177168.36,0.6689
MPLADS-009242,480182.54,470146.63,386094.55,94087.98999999999,0.8041
MPLADS-009243,2547122.87,2441965.67,2109568.58,437554.29000000004,0.8282
MPLADS-009244,1292620.41,1326441.04,888079.42,404540.9899999999,0.687
MPLADS-009245,244161.73,241065.81,230153.92,14007.809999999998,0.9426
MPLADS-009246,3671649.96,3560981.5,2321797.68,1349852.2799999998,0.6324
MPLADS-009247,2631918.97,2640672.05,1768092.39,863826.5800000003,0.6718
MPLADS-009248,849573.42,875289.62,799777.38,49796.04000000004,0.9414
MPLADS-009249,1811332.89,1803845.45,1172354.18,638978.71,0.6472
MPLADS-009250,1256075.33,1315278.26,984840.68,271234.65,0.7841
MPLADS-009251,471420.5,450915.64,423933.18,47487.32000000001,0.8993
MPLADS-009252,485401.8,469039.53,359402.18,125999.62,0.7404
MPLADS-009253,188296.66,192721.78,164390.49,23906.170000000013,0.873
MPLADS-009254,191554.78,184096.44,164163.1,27391.679999999993,0.857
MPLADS-009255,1259519.92,1276921.0,1217585.68,41934.23999999999,0.9667
MPLADS-009256,810886.72,794018.31,643115.96,167770.76,0.7931
MPLADS-009257,3289406.31,3263414.84,3289406.31,0.0,1.0
MPLADS-009258,208919.87,204935.44,196386.46,12533.410000000003,0.94
MPLADS-009259,2075372.89,2132706.39,1871940.47,203432.41999999993,0.902
MPLADS-009260,211638.97,220079.58,144735.86,66903.11000000002,0.6839
MPLADS-009261,3042801.84,3108683.24,2160881.24,881920.5999999996,0.7102
MPLADS-009262,4621501.39,4830303.07,4301619.67,319881.71999999974,0.9308
MPLADS-009263,3226444.81,3099727.75,2989930.39,236514.41999999993,0.9267
MPLADS-009264,1156897.01,1107864.75,781466.58,375430.43000000005,0.6755
MPLADS-009265,3571155.96,3403545.17,3014427.15,556728.81,0.8441
MPLADS-009266,214801.88,204288.48,176004.4,38797.48000000001,0.8194
MPLADS-009267,1590385.18,1591916.03,1141848.44,448536.74,0.718
MPLADS-009268,1266862.98,1318223.06,1016574.9,250288.07999999996,0.8024
MPLADS-009269,245974.19,240353.3,201284.66,44689.53,0.8183
MPLADS-009270,685444.86,719234.16,571081.47,114363.39000000001,0.8332
MPLADS-009271,7972468.57,8209580.96,6746484.41,1225984.1600000001,0.8462
MPLADS-009272,409701.22,390761.23,339036.9,70664.31999999995,0.8275
MPLADS-009273,2724068.46,2801105.62,1819604.73,904463.73,0.668
MPLADS-009274,189643.49,181216.67,147209.53,42433.95999999999,0.7762
MPLADS-009275,747458.28,781432.02,705752.06,41706.21999999997,0.9442
MPLADS-009276,6547076.52,6414712.62,6227450.08,319626.4399999995,0.9512
MPLADS-009277,427172.53,436753.68,292608.47,134564.06000000006,0.685
MPLADS-009278,1163003.6,1204807.06,1122682.81,40320.79000000004,0.9653
MPLADS-009279,830334.14,856959.97,780514.09,49820.05000000005,0.94
MPLADS-009280,2767619.85,2841662.34,2302065.4,465554.4500000002,0.8318
MPLADS-009281,395834.27,381247.81,361811.98,34022.29000000004,0.914
MPLADS-009282,2408833.92,2358440.0,1686377.36,722456.5599999998,0.7001
MPLADS-009283,838135.97,831727.68,728448.01,109687.95999999996,0.8691
MPLADS-009284,878968.31,898803.98,593429.05,285539.26,0.6751
MPLADS-009285,1796448.97,1806073.89,2264407.74,0.0,1.2605
MPLADS-009286,478083.11,494005.69,425032.99,53050.119999999995,0.889
MPLADS-009287,2348236.06,2340922.38,2239192.84,109043.2200000002,0.9536
MPLADS-009288,841711.79,863456.29,660716.75,180995.04000000004,0.785
MPLADS-009289,7213272.33,7257458.69,5549978.72,1663293.6100000003,0.7694
MPLADS-009290,659566.51,672597.14,633857.55,25708.959999999963,0.961
MPLADS-009291,770811.86,761934.29,754835.17,15976.689999999944,0.9793
MPLADS-009292,11040788.81,10709604.72,8015719.65,3025069.16,0.726
MPLADS-009293,1819360.12,1837435.13,1496968.98,322391.14000000013,0.8228
MPLADS-009294,188382.89,186872.84,169779.61,18603.280000000028,0.9012
MPLADS-009295,464214.96,463594.44,429055.09,35159.869999999995,0.9243
MPLADS-009296,809124.35,808897.28,808200.98,923.3699999999953,0.9989
MPLADS-009297,472026.12,459107.0,414717.58,57308.53999999998,0.8786
MPLADS-009298,3128822.59,3180950.96,2198572.97,930249.6199999996,0.7027
MPLADS-009299,1568403.29,1509882.98,1287533.34,280869.94999999995,0.8209
MPLADS-009300,2792943.33,2803360.69,2128225.03,664718.3000000003,0.762
MPLADS-009301,2868690.43,2736241.5,2518555.52,350134.91000000015,0.8779
MPLADS-009302,1988837.98,1929809.52,1869507.7,119330.28000000003,0.94
MPLADS-009303,236910.18,242478.21,225540.47,11369.709999999992,0.952
MPLADS-009304,2637237.34,2510879.57,1877426.91,759810.4299999999,0.7119
MPLADS-009305,251713.36,239214.58,186933.06,64780.29999999999,0.7426
MPLADS-009306,1303242.08,1365808.44,1821109.16,0.0,1.3974
MPLADS-009307,707592.06,728085.05,476488.72,231103.34000000008,0.6734
MPLADS-009308,2685253.2,2720379.63,2228870.72,456382.48,0.83
MPLADS-009309,446041.99,447990.94,276159.68,169882.31,0.6191
MPLADS-009310,2294227.25,2205257.8,2069715.91,224511.34000000008,0.9021
MPLADS-009311,3031440.15,2976977.67,2588648.56,442791.58999999985,0.8539
MPLADS-009312,212481.86,219199.89,201940.83,10541.029999999999,0.9504
MPLADS-009313,2269438.05,2215285.27,1625666.23,643771.8199999998,0.7163
MPLADS-009314,531731.24,506924.97,429789.38,101941.85999999999,0.8083
MPLADS-009315,9351941.47,9003012.81,7417030.15,1934911.3200000003,0.7931
MPLADS-009316,1853860.46,1869888.55,1742628.83,111231.62999999989,0.94
MPLADS-009317,1794583.13,1721330.15,1351728.82,442854.3099999998,0.7532
MPLADS-009318,2252570.68,2252093.82,1764882.59,487688.0900000001,0.7835
MPLADS-009319,2053457.01,2102949.11,1533555.53,519901.48,0.7468
MPLADS-009320,395347.47,392084.71,342573.3,52774.169999999984,0.8665
MPLADS-009321,3927405.33,4041370.48,3691761.01,235644.3200000003,0.94
MPLADS-009322,233980.85,229845.51,208654.16,25326.690000000002,0.8918
MPLADS-009323,2736746.86,2773969.27,2288298.56,448448.2999999998,0.8361
MPLADS-009324,4001357.35,3877591.42,3865046.08,136311.27000000002,0.9659
MPLADS-009325,894118.92,930519.07,846900.18,47218.73999999999,0.9472
MPLADS-009326,2206285.59,2191177.74,1870706.6,335578.98999999976,0.8479
MPLADS-009327,861725.15,875653.47,1221692.82,0.0,1.4177
MPLADS-009328,508330.56,486952.22,429581.32,78749.23999999999,0.8451
MPLADS-009329,2252537.39,2265676.78,2181010.63,71526.76000000024,0.9682
MPLADS-009330,1789318.97,1752874.49,1357390.86,431928.10999999987,0.7586
MPLADS-009331,488853.72,481070.56,470256.12,18597.599999999977,0.962
MPLADS-009332,11462891.12,11523939.76,8111434.16,3351456.959999999,0.7076
MPLADS-009333,242507.25,237990.94,158474.02,84033.23000000001,0.6535
MPLADS-009334,1595172.24,1650829.31,996976.45,598195.79,0.625
MPLADS-009335,418240.16,424156.95,348245.58,69994.57999999996,0.8326
MPLADS-009336,1986709.57,1918819.51,1355829.68,630879.8900000001,0.6824
MPLADS-009337,222925.25,214329.83,143521.85,79403.4,0.6438
MPLADS-009338,3805290.75,3888177.05,2960487.98,844802.77,0.778
MPLADS-009339,507186.28,518367.55,360033.72,147152.56000000006,0.7099
MPLADS-009340,226558.43,221553.45,158375.65,68182.78,0.699
MPLADS-009341,3032900.83,3165264.27,2739166.29,293734.54000000004,0.9032
MPLADS-009342,819681.01,784332.61,645906.07,173774.94000000006,0.788
MPLADS-009343,2912116.29,3032797.7,2215849.45,696266.8399999999,0.7609
MPLADS-009344,832957.47,869467.52,707417.76,125539.70999999996,0.8493
MPLADS-009345,1952074.19,2033961.37,1174240.36,777833.8299999998,0.6015
MPLADS-009346,3004993.4,3016581.5,2115133.26,889860.1400000001,0.7039
MPLADS-009347,2400469.55,2402548.96,2263068.28,137401.27000000002,0.9428
MPLADS-009348,518431.09,518013.16,316524.25,201906.84000000003,0.6105
MPLADS-009349,511864.27,489261.8,481152.41,30711.860000000044,0.94
MPLADS-009350,3691774.68,3642344.08,2358573.56,1333201.12,0.6389
MPLADS-009351,797269.46,814640.72,597995.01,199274.44999999995,0.7501
MPLADS-009352,1265047.22,1231086.7,1057264.41,207782.81000000006,0.8358
MPLADS-009353,1038937.04,1024798.01,930015.18,108921.85999999999,0.8952
MPLADS-009354,978346.3,968818.65,648879.8,329466.5,0.6632
MPLADS-009355,1361381.46,1393055.09,847230.19,514151.27,0.6223
MPLADS-009356,2847196.6,2705303.32,1930224.45,916972.1500000001,0.6779
MPLADS-009357,1375595.36,1421205.12,941796.94,433798.42000000016,0.6846
MPLADS-009358,2429698.4,2330393.7,2254435.07,175263.33000000007,0.9279
MPLADS-009359,674048.88,669775.62,554095.13,119953.75,0.822
MPLADS-009360,2464000.1,2527999.91,1814283.42,649716.6800000002,0.7363
MPLADS-009361,2346574.94,2457556.54,1550262.15,796312.79,0.6606
MPLADS-009362,394261.85,412195.1,383364.78,10897.069999999949,0.9724
MPLADS-009363,459076.03,466511.71,300356.85,158719.18000000005,0.6543
MPLADS-009364,2538496.57,2557565.51,1731114.25,807382.3199999998,0.6819
MPLADS-009365,845990.6,833884.87,730218.72,115771.88,0.8632
MPLADS-009366,187020.18,180666.71,179687.74,7332.440000000002,0.9608
MPLADS-009367,1904491.18,1984423.06,1766313.72,138177.45999999996,0.9274
MPLADS-009368,1052848.67,1071276.16,898458.13,154390.53999999992,0.8534
MPLADS-009369,2779811.32,2679578.16,2285911.47,493899.8499999996,0.8223
MPLADS-009370,875522.67,861207.38,756455.75,119066.92000000004,0.864
MPLADS-009371,512554.83,493142.58,497652.45,14902.380000000005,0.9709
MPLADS-009372,2512111.8,2561982.73,2373692.64,138419.15999999968,0.9449
MPLADS-009373,1768097.94,1684373.51,1151370.99,616726.95,0.6512
MPLADS-009374,1255753.44,1265529.52,822544.72,433208.72,0.655
MPLADS-009375,704156.14,680514.04,669154.61,35001.53000000003,0.9503
MPLADS-009376,1660874.66,1669389.86,1087065.59,573809.0699999998,0.6545
MPLADS-009377,2462101.44,2364935.07,2174374.99,287726.4499999997,0.8831
MPLADS-009378,452035.83,448354.11,287686.84,164348.99,0.6364
MPLADS-009379,210382.37,208129.11,200996.42,9385.949999999983,0.9554
MPLADS-009380,450382.84,468895.12,288081.26,162301.58000000002,0.6396
MPLADS-009381,1065586.4,1063793.41,724711.83,340874.56999999995,0.6801
MPLADS-009382,383886.99,393114.68,328034.31,55852.67999999999,0.8545
MPLADS-009383,789188.07,811036.02,491917.79,297270.27999999997,0.6233
MPLADS-009384,3093764.93,3012946.67,2524960.64,568804.29,0.8161
MPLADS-009385,474170.24,486539.0,369539.94,104630.29999999999,0.7793
MPLADS-009386,10044020.87,9690601.63,9855137.48,188883.38999999873,0.9812
MPLADS-009387,218002.49,213861.73,144155.16,73847.32999999999,0.6613
MPLADS-009388,1099134.38,1119166.52,878891.06,220243.31999999983,0.7996
MPLADS-009389,215335.23,217690.38,149373.21,65962.02000000002,0.6937
MPLADS-009390,1555735.78,1522399.39,1462391.63,93344.15000000014,0.94
MPLADS-009391,429075.71,445819.57,297339.65,131736.06,0.693
MPLADS-009392,1638178.23,1678431.37,1430037.98,208140.25,0.8729
MPLADS-009393,2896567.58,3006213.18,2407824.91,488742.6699999999,0.8313
MPLADS-009394,2605823.9,2521967.84,2510640.74,95183.15999999968,0.9635
MPLADS-009395,12387696.16,12684527.96,10785613.04,1602083.120000001,0.8707
MPLADS-009396,3861724.54,4005718.71,3773327.95,88396.58999999985,0.9771
MPLADS-009397,726837.53,701154.46,479179.74,247657.79000000004,0.6593
MPLADS-009398,2738301.07,2676486.87,2349218.44,389082.6299999999,0.8579
MPLADS-009399,697377.77,716904.82,688162.9,9214.869999999995,0.9868
MPLADS-009400,501261.8,497289.78,471186.09,30075.709999999963,0.94
MPLADS-009401,2131034.94,2213382.78,2131034.94,0.0,1.0
MPLADS-009402,894436.96,854848.96,540376.05,354060.9099999999,0.6042
MPLADS-009403,2148170.32,2067091.57,1602303.84,545866.4799999997,0.7459
MPLADS-009404,3388648.8,3394351.68,2555619.73,833029.0699999998,0.7542
MPLADS-009405,3005517.79,2900501.17,3005517.79,0.0,1.0
MPLADS-009406,2879317.92,2991387.58,2706558.84,172759.08000000007,0.94
MPLADS-009407,707515.88,692221.87,625324.71,82191.17000000004,0.8838
MPLADS-009408,3198070.67,3053117.29,2824406.55,373664.1200000001,0.8832
MPLADS-009409,1987384.61,2045334.57,1651676.95,335707.66000000015,0.8311
MPLADS-009410,3344774.74,3493396.21,2697596.05,647178.6900000004,0.8065
MPLADS-009411,2399034.37,2394256.32,1632482.44,766551.9300000002,0.6805
MPLADS-009412,1887599.46,1803811.28,1182785.47,704813.99,0.6266
MPLADS-009413,478094.07,477831.78,329475.44,148618.63,0.6891
MPLADS-009414,2569700.0,2639811.27,2137523.14,432176.85999999987,0.8318
MPLADS-009415,2520051.93,2506348.28,1555393.02,964658.9100000001,0.6172
MPLADS-009416,1776696.46,1767476.61,1670094.67,106601.79000000004,0.94
MPLADS-009417,4543732.08,4335539.79,2985943.39,1557788.69,0.6572
MPLADS-009418,230018.59,228626.35,187412.03,42606.56,0.8148
MPLADS-009419,514859.2,528937.29,487443.89,27415.309999999998,0.9468
MPLADS-009420,2466073.25,2544283.93,2083214.9,382858.3500000001,0.8447
MPLADS-009421,1182219.34,1196135.03,1102088.26,80131.08000000007,0.9322
MPLADS-009422,1348679.79,1359273.03,1135569.54,213110.25,0.842
MPLADS-009423,2840478.92,2902579.92,2752231.39,88247.5299999998,0.9689
MPLADS-009424,670085.83,666392.22,601624.2,68461.63,0.8978
MPLADS-009425,703552.94,672724.15,641938.38,61614.55999999994,0.9124
MPLADS-009426,1688124.99,1733400.75,1320003.88,368121.1100000001,0.7819
MPLADS-009427,229627.57,233520.46,161941.64,67685.93,0.7052
MPLADS-009428,3349310.7,3360700.52,2703694.62,645616.0800000001,0.8072
MPLADS-009429,2456746.9,2558261.41,2171530.89,285216.0099999998,0.8839
MPLADS-009430,2463356.68,2534440.76,1924858.18,538498.5000000002,0.7814
MPLADS-009431,1092944.05,1069505.07,704138.54,388805.51,0.6443
MPLADS-009432,725574.28,733316.44,694191.43,31382.849999999977,0.9567
MPLADS-009433,562113.11,570982.45,372857.16,189255.95,0.6633
MPLADS-009434,860240.54,829639.25,852609.28,7631.260000000009,0.9911
MPLADS-009435,8293751.93,7966312.95,8057717.21,236034.71999999974,0.9715
MPLADS-009436,3796007.7,3676073.2,3796007.7,0.0,1.0
MPLADS-009437,248540.59,240811.58,226785.12,21755.47,0.9125
MPLADS-009438,2989578.63,2910612.01,1867514.88,1122063.75,0.6247
MPLADS-009439,1318871.53,1380412.24,1013534.38,305337.15,0.7685
MPLADS-009440,1953614.9,2031852.85,1953614.9,0.0,1.0
MPLADS-009441,903986.28,907419.43,672326.47,231659.81000000006,0.7437
MPLADS-009442,3478751.59,3636183.67,2373770.32,1104981.27,0.6824
MPLADS-009443,1849621.48,1928968.17,2630808.17,0.0,1.4223
MPLADS-009444,1061810.8,1101717.12,760121.36,301689.44000000006,0.7159
MPLADS-009445,493729.04,490957.62,464105.3,29623.73999999999,0.94
MPLADS-009446,1940893.82,1967623.79,1485374.61,455519.20999999996,0.7653
MPLADS-009447,3037814.06,3189614.39,1987601.27,1050212.79,0.6543
MPLADS-009448,865180.52,857660.25,729997.9,135182.62,0.8438
MPLADS-009449,6822683.85,6654887.01,6504805.69,317878.1599999992,0.9534
MPLADS-009450,1195504.21,1213535.55,1101244.49,94259.71999999997,0.9212
MPLADS-009451,5618323.26,5644498.32,5315004.25,303319.0099999998,0.946
MPLADS-009452,1975861.49,2068736.18,1844560.45,131301.04000000004,0.9335
MPLADS-009453,2544700.95,2473797.99,1569009.13,975691.8200000003,0.6166
MPLADS-009454,3094811.32,3140287.14,2976861.58,117949.73999999976,0.9619
MPLADS-009455,3334634.45,3431127.17,2639876.43,694758.02,0.7917
MPLADS-009456,1962346.35,2043626.66,1724189.97,238156.38000000012,0.8786
MPLADS-009457,465859.29,483580.73,437907.73,27951.559999999998,0.94
MPLADS-009458,231400.47,221582.63,157660.21,73740.26000000001,0.6813
MPLADS-009459,2696973.4,2576942.77,2696973.4,0.0,1.0
MPLADS-009460,235091.41,232618.63,187758.9,47332.51000000001,0.7987
MPLADS-009461,3944414.15,3790442.42,3802790.54,141623.60999999987,0.9641
MPLADS-009462,525585.74,523791.32,368168.57,157417.16999999998,0.7005
MPLADS-009463,426376.28,418953.74,300629.04,125747.24000000005,0.7051
MPLADS-009464,2711220.86,2613892.06,2169550.25,541670.6099999999,0.8002
MPLADS-009465,2479129.44,2592438.18,2091122.96,388006.48,0.8435
MPLADS-009466,226252.62,222112.85,215212.42,11040.199999999983,0.9512
MPLADS-009467,473786.42,458984.93,344455.32,129331.09999999998,0.727
MPLADS-009468,4006755.98,4119594.49,3880328.14,126427.83999999985,0.9684
MPLADS-009469,3420229.84,3315372.53,3351901.65,68328.18999999994,0.98
MPLADS-009470,390859.94,400176.55,296584.64,94275.29999999999,0.7588
MPLADS-009471,832687.01,837000.87,828426.35,4260.660000000033,0.9949
MPLADS-009472,449926.33,439908.17,309103.36,140822.97000000003,0.687
MPLADS-009473,206637.42,207796.74,206637.42,0.0,1.0
MPLADS-009474,2165069.28,2148211.98,1732932.78,432136.49999999977,0.8004
MPLADS-009475,480021.49,463585.62,418413.91,61607.580000000016,0.8717
MPLADS-009476,2491331.73,2562306.33,1784787.47,706544.26,0.7164
MPLADS-009477,516623.88,512435.97,485586.45,31037.429999999993,0.9399
MPLADS-009478,515605.55,531956.16,451916.77,63688.77999999997,0.8765
MPLADS-009479,2516786.04,2460360.58,1801034.89,715751.1500000001,0.7156
MPLADS-009480,1609708.64,1567222.23,1286078.39,323630.25,0.799
MPLADS-009481,189529.66,192005.86,122657.39,66872.27,0.6472
MPLADS-009482,13869437.91,13617818.08,8807727.96,5061709.949999999,0.635
MPLADS-009483,894528.68,938223.24,762305.36,132223.32000000007,0.8522
MPLADS-009484,9330791.98,9693733.48,7963311.54,1367480.4400000004,0.8534
MPLADS-009485,2752134.86,2660837.59,2055512.22,696622.6399999999,0.7469
MPLADS-009486,1087236.63,1041754.02,1002248.6,84988.02999999991,0.9218
MPLADS-009487,3562611.51,3561711.17,3164112.44,398499.06999999983,0.8881
MPLADS-009488,482624.01,492804.93,334581.89,148042.12,0.6933
MPLADS-009489,891822.16,863898.37,857557.25,34264.91000000003,0.9616
MPLADS-009490,1355916.45,1346743.23,870393.39,485523.05999999994,0.6419
MPLADS-009491,443221.93,432185.77,412162.01,31059.919999999984,0.9299
MPLADS-009492,448178.98,443243.43,443665.68,4513.299999999988,0.9899
MPLADS-009493,9417686.95,9531134.0,8501176.45,916510.5,0.9027
MPLADS-009494,2248151.75,2170527.17,2113262.65,134889.1000000001,0.94
MPLADS-009495,437126.37,449239.99,324608.43,112517.94,0.7426
MPLADS-009496,1991545.17,1973258.38,1479749.99,511795.17999999993,0.743
MPLADS-009497,634476.44,665286.12,631320.63,3155.8099999999395,0.995
MPLADS-009498,1854139.93,1946514.43,1175691.12,678448.8099999998,0.6341
MPLADS-009499,445450.05,449271.72,374171.77,71278.27999999997,0.84
MPLADS-009500,998013.17,1039923.12,905735.34,92277.83000000007,0.9075
MPLADS-009501,2680323.3,2663682.36,1951861.18,728462.1199999999,0.7282
MPLADS-009502,895668.41,875124.63,1129395.97,0.0,1.261
MPLADS-009503,252369.8,258804.76,162597.01,89772.78999999998,0.6443
MPLADS-009504,520894.9,503329.68,374624.58,146270.32,0.7192
MPLADS-009505,3665759.41,3537918.15,2801152.47,864606.94,0.7641
MPLADS-009506,3604375.0,3463912.67,2782028.01,822346.9900000002,0.7718
MPLADS-009507,950198.49,940927.73,1332638.03,0.0,1.4025
MPLADS-009508,202579.72,204116.27,201040.84,1538.8800000000047,0.9924
MPLADS-009509,211103.4,211707.01,152977.25,58126.149999999994,0.7247
MPLADS-009510,2279642.8,2303086.42,2055459.38,224183.41999999993,0.9017
MPLADS-009511,204537.92,213157.53,203133.09,1404.8300000000163,0.9931
MPLADS-009512,1762593.41,1713388.25,1110472.27,652121.1399999999,0.63
MPLADS-009513,3636262.54,3553910.5,2415914.17,1220348.37,0.6644
MPLADS-009514,3657769.83,3781999.28,2938479.72,719290.1099999999,0.8034
MPLADS-009515,2517996.2,2537488.28,1866696.54,651299.6600000001,0.7413
MPLADS-009516,3373529.84,3516657.43,2802008.52,571521.3199999998,0.8306
MPLADS-009517,3804248.2,3868816.77,3045474.29,758773.9100000001,0.8005
MPLADS-009518,2507932.39,2477321.93,1846807.12,661125.27,0.7364
MPLADS-009519,1517154.71,1553332.12,1482488.06,34666.64999999991,0.9772
MPLADS-009520,874480.13,869402.29,610333.01,264147.12,0.6979
MPLADS-009521,230845.44,228044.64,170401.02,60444.42000000001,0.7382
MPLADS-009522,918424.26,881650.39,800135.38,118288.88,0.8712
MPLADS-009523,3318102.8,3405702.86,2682879.98,635222.8199999998,0.8086
MPLADS-009524,1153148.63,1122618.69,796261.16,356887.46999999986,0.6905
MPLADS-009525,1100220.59,1143778.61,676664.13,423556.4600000001,0.615
MPLADS-009526,783010.14,790424.73,584249.42,198760.71999999997,0.7462
MPLADS-009527,507339.01,502763.76,410848.94,96490.07,0.8098
MPLADS-009528,3421384.31,3375754.45,3378257.85,43126.45999999996,0.9874
MPLADS-009529,453818.35,450241.28,344480.13,109338.21999999997,0.7591
MPLADS-009530,491275.45,507387.91,377271.3,114004.15000000002,0.7679
MPLADS-009531,475570.28,465811.8,448968.22,26602.060000000056,0.9441
MPLADS-009532,849005.13,855689.57,590984.62,258020.51,0.6961
MPLADS-009533,2432286.04,2469039.43,1863440.6,568845.44,0.7661
MPLADS-009534,1986035.86,1963839.86,1337542.34,648493.52,0.6735
MPLADS-009535,2568105.14,2468556.71,1673207.96,894897.1800000002,0.6515
MPLADS-009536,3935915.97,4103636.44,2705214.12,1230701.85,0.6873
MPLADS-009537,3653566.22,3674670.74,2865380.23,788185.9900000002,0.7843
MPLADS-009538,214498.94,209058.83,203849.06,10649.880000000005,0.9503
MPLADS-009539,2731147.8,2652295.46,1848597.17,882550.6299999999,0.6769
MPLADS-009540,205443.4,197029.33,143202.75,62240.649999999994,0.697
MPLADS-009541,1064364.98,1037036.35,947858.51,116506.46999999997,0.8905
MPLADS-009542,3996805.37,4059722.37,5353594.52,0.0,1.3395
MPLADS-009543,2854938.34,2755583.27,2134364.69,720573.6499999999,0.7476
MPLADS-009544,2686001.84,2658463.47,2453429.36,232572.47999999998,0.9134
MPLADS-009545,1189455.87,1216714.39,728108.39,461347.4800000001,0.6121
MPLADS-009546,771211.96,776426.58,488834.01,282377.94999999995,0.6339
MPLADS-009547,1774765.78,1763175.12,1125404.12,649361.6599999999,0.6341
MPLADS-009548,203488.56,202781.59,144793.66,58694.899999999994,0.7116
MPLADS-009549,480980.02,463228.2,404262.46,76717.56,0.8405
MPLADS-009550,1263195.14,1273988.02,1247622.26,15572.879999999888,0.9877
MPLADS-009551,939255.95,906710.25,735139.83,204116.12,0.7827
MPLADS-009552,2191079.67,2139288.27,1604351.95,586727.72,0.7322
MPLADS-009553,1239152.13,1201237.51,1031189.67,207962.45999999985,0.8322
MPLADS-009554,643316.55,673229.95,534457.21,108859.34000000008,0.8308
MPLADS-009555,660031.11,661192.7,654848.91,5182.199999999953,0.9921
MPLADS-009556,215462.34,214171.24,204585.39,10876.949999999983,0.9495
MPLADS-009557,1366520.69,1312338.67,878983.04,487537.6499999999,0.6432
MPLADS-009558,204547.64,208353.85,274956.72,0.0,1.3442
MPLADS-009559,964875.47,951633.28,633342.46,331533.01,0.6564
MPLADS-009560,3201966.68,3354273.5,2617453.56,584513.1200000001,0.8175
MPLADS-009561,657178.06,652862.24,586835.33,70342.7300000001,0.893
MPLADS-009562,3764717.39,3705336.32,2432156.41,1332560.98,0.646
MPLADS-009563,229454.01,240593.48,215686.77,13767.24000000002,0.94
MPLADS-009564,251503.49,263989.04,158570.02,92933.47,0.6305
MPLADS-009565,673089.86,663891.27,553114.36,119975.5,0.8218
MPLADS-009566,3370201.93,3431901.9,3167989.81,202212.1200000001,0.94
MPLADS-009567,1181018.27,1177814.42,792515.16,388503.11,0.671
MPLADS-009568,1596595.09,1576305.14,1596595.09,0.0,1.0
MPLADS-009569,694322.06,690202.85,652662.74,41659.320000000065,0.94
MPLADS-009570,3212712.75,3277114.6,2626490.11,586222.6400000001,0.8175
MPLADS-009571,1333250.12,1318716.98,854069.5,479180.6200000001,0.6406
MPLADS-009572,1709817.16,1732005.38,1424845.7,284971.45999999996,0.8333
MPLADS-009573,2682186.72,2736221.29,1798923.49,883263.2300000002,0.6707
MPLADS-009574,2430304.71,2444506.35,2401690.81,28613.899999999907,0.9882
MPLADS-009575,497500.83,511606.2,434173.15,63327.67999999999,0.8727
MPLADS-009576,3594016.58,3679581.5,3378375.59,215640.99000000022,0.94
MPLADS-009577,802267.05,797532.7,570200.88,232066.17000000004,0.7107
MPLADS-009578,1036601.59,984777.06,869797.54,166804.04999999993,0.8391
MPLADS-009579,2419760.14,2305533.37,2325548.45,94211.68999999994,0.9611
MPLADS-009580,483517.39,486757.8,389149.0,94368.39000000001,0.8048
MPLADS-009581,3852036.69,4011576.81,3761219.3,90817.39000000013,0.9764
MPLADS-009582,1237011.91,1197239.72,1105272.38,131739.53000000003,0.8935
MPLADS-009583,2432389.94,2355143.79,1961594.73,470795.20999999996,0.8064
MPLADS-009584,2362039.21,2435371.95,1666639.95,695399.26,0.7056
MPLADS-009585,210942.05,218733.88,191056.06,19885.98999999999,0.9057
MPLADS-009586,460589.44,469516.67,407826.37,52763.07000000001,0.8854
MPLADS-009587,9982110.81,9901675.92,6887188.26,3094922.5500000007,0.69
MPLADS-009588,3468644.69,3362417.03,3407848.81,60795.87999999989,0.9825
MPLADS-009589,2392417.02,2458891.75,1716929.46,675487.56,0.7177
MPLADS-009590,4076531.0,3943294.07,2909565.66,1166965.3399999999,0.7137
MPLADS-009591,1082561.9,1047969.71,751326.72,331235.17999999993,0.694
MPLADS-009592,978744.89,1010349.92,869850.66,108894.22999999998,0.8887
MPLADS-009593,523665.38,501464.52,320912.07,202753.31,0.6128
MPLADS-009594,1065930.87,1041344.58,847292.91,218637.96000000008,0.7949
MPLADS-009595,3979276.42,3970938.63,3806296.13,172980.29000000004,0.9565
MPLADS-009596,844796.06,873823.74,616762.64,228033.42000000004,0.7301
MPLADS-009597,231689.02,239835.82,231689.02,0.0,1.0
MPLADS-009598,11907272.0,12090423.38,10993838.31,913433.6899999995,0.9233
MPLADS-009599,921667.79,926188.04,866367.72,55300.070000000065,0.94
MPLADS-009600,740035.29,740756.81,543623.91,196411.38,0.7346
MPLADS-009601,751161.8,719485.38,734282.03,16879.77000000002,0.9775
MPLADS-009602,434084.69,418298.28,341189.07,92895.62,0.786
MPLADS-009603,2746793.51,2690261.71,2426676.57,320116.93999999994,0.8835
MPLADS-009604,2326333.42,2277348.81,2249984.57,76348.8500000001,0.9672
MPLADS-009605,2443153.19,2425596.7,2103799.68,339353.5099999998,0.8611
MPLADS-009606,220674.82,219776.69,148823.2,71851.62,0.6744
MPLADS-009607,209444.39,202388.18,157209.57,52234.82000000001,0.7506
MPLADS-009608,1782217.0,1713654.67,1362431.11,419785.8899999999,0.7645
MPLADS-009609,2437010.12,2420759.17,2402605.51,34404.610000000335,0.9859
MPLADS-009610,2268354.72,2166629.12,1622782.3,645572.4200000002,0.7154
MPLADS-009611,3208956.5,3277809.08,2838963.76,369992.7400000002,0.8847
MPLADS-009612,3570950.75,3577760.84,3466615.06,104335.68999999994,0.9708
MPLADS-009613,2765603.57,2640705.8,1977935.3,787668.2699999998,0.7152
MPLADS-009614,1889981.55,1966481.69,1703690.83,186290.71999999997,0.9014
MPLADS-009615,510486.61,496056.94,410176.39,100310.21999999997,0.8035
MPLADS-009616,462026.39,458229.33,350166.49,111859.90000000002,0.7579
MPLADS-009617,400840.67,398026.57,400229.38,611.289999999979,0.9985
MPLADS-009618,247618.58,255281.34,241478.08,6140.5,0.9752
MPLADS-009619,3363634.14,3280226.97,3191744.84,171889.30000000028,0.9489
MPLADS-009620,2599047.39,2719987.02,2417378.53,181668.86000000034,0.9301
MPLADS-009621,211995.89,203629.97,192046.47,19949.420000000013,0.9059
MPLADS-009622,725970.11,695752.7,436245.03,289725.07999999996,0.6009
MPLADS-009623,2535673.74,2417248.77,1820506.89,715166.8500000003,0.718
MPLADS-009624,464306.86,466388.21,443407.93,20898.929999999993,0.955
MPLADS-009625,509209.58,524388.65,355564.14,153645.44,0.6983
MPLADS-009626,678706.8,678403.55,648006.22,30700.580000000075,0.9548
MPLADS-009627,2023056.68,1953033.28,2814151.01,0.0,1.391
MPLADS-009628,1020736.17,1046310.89,968767.98,51968.19000000006,0.9491
MPLADS-009629,3017794.14,3153709.92,2983897.66,33896.47999999998,0.9888
MPLADS-009630,412208.02,428243.26,269991.69,142216.33000000002,0.655
MPLADS-009631,2438843.36,2379277.1,2320310.19,118533.16999999993,0.9514
MPLADS-009632,420533.74,400282.13,548278.47,0.0,1.3038
MPLADS-009633,782919.61,814642.55,599176.31,183743.29999999993,0.7653
MPLADS-009634,435961.99,448990.44,365380.06,70581.93,0.8381
MPLADS-009635,544151.18,546337.09,480434.67,63716.51000000007,0.8829
MPLADS-009636,2369829.78,2291279.9,1806665.6,563164.1799999997,0.7624
MPLADS-009637,812524.55,795262.61,733108.82,79415.7300000001,0.9023
MPLADS-009638,894696.78,864742.37,778814.11,115882.67000000004,0.8705
MPLADS-009639,3904071.85,3859354.62,3799425.58,104646.27000000002,0.9732
MPLADS-009640,11105809.55,11322986.48,8856012.05,2249797.5,0.7974
MPLADS-009641,7924850.68,7782194.41,4859104.12,3065746.5599999996,0.6131
MPLADS-009642,228736.14,236529.68,174359.3,54376.840000000026,0.7623
MPLADS-009643,2978486.3,2913926.93,2282293.92,696192.3799999999,0.7663
MPLADS-009644,2001181.83,1926897.3,1607961.84,393219.99,0.8035
MPLADS-009645,187601.43,190202.98,180932.88,6668.549999999988,0.9645
MPLADS-009646,3838066.43,3705179.39,3690754.03,147312.40000000037,0.9616
MPLADS-009647,657762.41,685986.53,549642.08,108120.33000000007,0.8356
MPLADS-009648,384329.6,397761.09,361269.82,23059.77999999997,0.94
MPLADS-009649,4024417.61,4170190.59,3106772.13,917645.48,0.772
MPLADS-009650,3788808.51,3736427.91,2387210.6,1401597.9099999997,0.6301
MPLADS-009651,457357.26,470897.49,429915.82,27441.440000000002,0.94
MPLADS-009652,862097.46,895816.66,564275.53,297821.92999999993,0.6545
MPLADS-009653,1274979.35,1263161.03,1079543.43,195435.92000000016,0.8467
MPLADS-009654,2678001.52,2632000.08,2382992.19,295009.3300000001,0.8898
MPLADS-009655,800708.99,806830.35,611214.12,189494.87,0.7633
MPLADS-009656,3951987.5,3839531.5,3140275.6,811711.8999999999,0.7946
MPLADS-009657,3167311.21,3157242.68,1920664.95,1246646.26,0.6064
MPLADS-009658,505391.1,520282.05,400317.14,105073.95999999996,0.7921
MPLADS-009659,1679424.9,1629364.07,1233305.9,446119.0,0.7344
MPLADS-009660,2204974.64,2271110.85,1672552.56,532422.0800000001,0.7585
MPLADS-009661,864350.11,906218.37,739558.33,124791.78000000003,0.8556
MPLADS-009662,1056581.66,1101870.99,902760.37,153821.28999999992,0.8544
MPLADS-009663,1796439.23,1807875.31,1181925.02,614514.21,0.6579
MPLADS-009664,1058764.0,1064229.93,879762.04,179001.95999999996,0.8309
MPLADS-009665,786017.65,767948.17,738856.59,47161.060000000056,0.94
MPLADS-009666,1812639.7,1790787.53,1424064.12,388575.57999999984,0.7856
MPLADS-009667,1575159.33,1498887.42,2082695.19,0.0,1.3222
MPLADS-009668,2633345.51,2715597.34,1949673.05,683672.4599999997,0.7404
MPLADS-009669,475991.87,491381.93,457553.63,18438.23999999999,0.9613
MPLADS-009670,10653482.89,10375871.88,9708483.56,944999.3300000001,0.9113
MPLADS-009671,1401238.35,1470508.38,1226937.68,174300.67000000016,0.8756
MPLADS-009672,3129165.48,3070035.91,2942979.35,186186.1299999999,0.9405
MPLADS-009673,873243.01,830347.76,620596.85,252646.16000000003,0.7107
MPLADS-009674,1215211.96,1237327.28,730248.36,484963.6,0.6009
MPLADS-009675,1966696.42,2008199.14,1808325.46,158370.95999999996,0.9195
MPLADS-009676,211234.9,217926.74,134386.99,76847.91,0.6362
MPLADS-009677,6386490.69,6499239.58,4789262.41,1597228.2800000003,0.7499
MPLADS-009678,432423.68,440382.91,351304.74,81118.94,0.8124
MPLADS-009679,2762729.67,2689318.17,1963823.45,798906.22,0.7108
MPLADS-009680,746036.09,781408.47,594547.81,151488.2799999999,0.7969
MPLADS-009681,236992.21,241142.07,225083.93,11908.279999999999,0.9498
MPLADS-009682,1956747.87,1876762.55,1529584.13,427163.7400000002,0.7817
MPLADS-009683,3615858.45,3723392.43,2225295.45,1390563.0,0.6154
MPLADS-009684,3212900.95,3151490.97,2882193.08,330707.8700000001,0.8971
MPLADS-009685,724714.85,709351.71,656404.66,68310.18999999994,0.9057
MPLADS-009686,2044769.92,2038771.26,1909131.67,135638.25,0.9337
MPLADS-009687,537491.54,511071.03,473080.81,64410.73000000004,0.8802
MPLADS-009688,1027067.93,1034394.61,925787.53,101280.40000000002,0.9014
MPLADS-009689,421855.16,440846.53,398235.91,23619.25,0.944
MPLADS-009690,625378.0,619917.67,421319.16,204058.84000000003,0.6737
MPLADS-009691,1836760.52,1772135.63,1159827.84,676932.6799999999,0.6315
MPLADS-009692,1350657.31,1375924.1,1156645.36,194011.94999999995,0.8564
MPLADS-009693,409765.22,404898.44,333318.06,76447.15999999997,0.8134
MPLADS-009694,1085241.18,1092558.75,816028.32,269212.86,0.7519
MPLADS-009695,3680866.9,3688073.84,3305097.26,375769.64000000013,0.8979
MPLADS-009696,252347.73,259215.42,237206.87,15140.860000000015,0.94
MPLADS-009697,417526.86,420819.99,367151.6,50375.26000000001,0.8793
MPLADS-009698,1165775.08,1174928.46,862150.63,303624.45000000007,0.7396
MPLADS-009699,1734496.35,1783979.16,1241660.27,492836.0800000001,0.7159
MPLADS-009700,3109207.56,3152293.09,2523984.86,585222.7000000002,0.8118
MPLADS-009701,1770807.71,1790296.91,1367502.84,403304.8699999999,0.7722
MPLADS-009702,4312186.05,4172179.11,3530417.36,781768.69,0.8187
MPLADS-009703,9591543.19,9747497.88,6414811.29,3176731.8999999994,0.6688
MPLADS-009704,3234969.13,3110272.13,2884916.78,350052.3500000001,0.8918
MPLADS-009705,3856845.98,3881444.69,3301575.52,555270.46,0.856
MPLADS-009706,9279426.46,8877051.48,6643112.34,2636314.120000001,0.7159
MPLADS-009707,1925210.26,1926152.9,1332107.84,593102.4199999999,0.6919
MPLADS-009708,3153962.77,3011846.54,2956186.02,197776.75,0.9373
MPLADS-009709,426642.21,416874.95,383810.87,42831.340000000026,0.8996
MPLADS-009710,2471398.6,2521858.0,2288834.73,182563.8700000001,0.9261
MPLADS-009711,1778032.34,1837351.03,1619326.74,158705.6000000001,0.9107
MPLADS-009712,801148.28,814847.41,637328.5,163819.78000000003,0.7955
MPLADS-009713,228548.45,223479.29,207112.92,21435.53,0.9062
MPLADS-009714,1050438.86,1067114.21,1050438.86,0.0,1.0
MPLADS-009715,426151.99,429131.78,400582.87,25569.119999999995,0.94
MPLADS-009716,1085011.17,1044220.45,707464.22,377546.94999999995,0.652
MPLADS-009717,211988.55,220883.87,199269.24,12719.309999999998,0.94
MPLADS-009718,2326941.7,2222906.94,3053671.38,0.0,1.3123
MPLADS-009719,241002.31,247989.0,226542.17,14460.139999999985,0.94
MPLADS-009720,3038006.29,3040137.87,2263039.95,774966.3399999999,0.7449
MPLADS-009721,573974.98,598612.53,497304.74,76670.23999999999,0.8664
MPLADS-009722,240338.33,234087.65,167590.03,72748.29999999999,0.6973
MPLADS-009723,3432334.41,3424638.0,3364425.53,67908.88000000035,0.9802
MPLADS-009724,2958434.56,3064864.37,1933596.19,1024838.3700000001,0.6536
MPLADS-009725,1252723.13,1236855.76,911337.07,341386.05999999994,0.7275
MPLADS-009726,3781753.17,3915897.74,3367024.85,414728.31999999983,0.8903
MPLADS-009727,441410.75,419393.32,291529.53,149881.21999999997,0.6604
MPLADS-009728,189235.14,190575.99,177881.03,11354.110000000015,0.94
MPLADS-009729,3036761.58,3185865.3,2265482.81,771278.77,0.746
MPLADS-009730,194837.56,200335.97,173561.11,21276.45000000001,0.8908
MPLADS-009731,1837102.41,1926935.8,1105384.46,731717.95,0.6017
MPLADS-009732,731682.35,703780.87,720642.79,11039.55999999994,0.9849
MPLADS-009733,3424104.72,3377963.37,2284134.98,1139969.7400000002,0.6671
MPLADS-009734,3222208.09,3328309.28,3117341.39,104866.69999999972,0.9675
MPLADS-009735,2391350.59,2490389.32,1628080.34,763270.2499999998,0.6808
MPLADS-009736,1086388.52,1120245.96,946222.78,140165.74,0.871
MPLADS-009737,385669.59,390235.1,372883.19,12786.400000000023,0.9668
MPLADS-009738,2644748.75,2771873.88,1922903.22,721845.53,0.7271
MPLADS-009739,1095368.15,1046845.58,733281.01,362087.1399999999,0.6694
MPLADS-009740,3255193.49,3185287.86,2148034.53,1107158.9600000004,0.6599
MPLADS-009741,1016484.28,972946.23,1009240.6,7243.680000000051,0.9929
MPLADS-009742,3377039.45,3253096.17,2349279.98,1027759.4700000002,0.6957
MPLADS-009743,427324.09,436884.2,427324.09,0.0,1.0
MPLADS-009744,1721937.7,1753808.94,1579164.9,142772.80000000005,0.9171
MPLADS-009745,464724.07,471747.99,281442.01,183282.06,0.6056
MPLADS-009746,431175.98,418605.32,312486.09,118689.88999999996,0.7247
MPLADS-009747,1623435.89,1617049.84,977449.09,645986.7999999999,0.6021
MPLADS-009748,588998.05,572246.24,474304.1,114693.95000000007,0.8053
MPLADS-009749,552559.54,570506.22,484213.69,68345.85000000003,0.8763
MPLADS-009750,3234356.39,3130655.53,2272147.93,962208.46,0.7025
MPLADS-009751,1182598.08,1155529.99,1127363.44,55234.64000000013,0.9533
MPLADS-009752,2029895.59,1930555.53,1270248.74,759646.8500000001,0.6258
MPLADS-009753,3443041.52,3337859.09,2689671.17,753370.3500000001,0.7812
MPLADS-009754,944680.29,967030.4,763471.88,181208.41000000003,0.8082
MPLADS-009755,2299412.83,2353607.77,2247920.22,51492.60999999987,0.9776
MPLADS-009756,1379918.73,1350707.42,858006.62,521912.11,0.6218
MPLADS-009757,541644.92,547702.22,429337.25,112307.67000000004,0.7927
MPLADS-009758,2594981.14,2578606.39,1638404.07,956577.0700000001,0.6314
MPLADS-009759,3914588.83,4069866.5,3543516.32,371072.51000000024,0.9052
MPLADS-009760,498060.18,489994.99,367664.2,130395.97999999998,0.7382
MPLADS-009761,1631053.53,1658926.92,2036632.42,0.0,1.2487
MPLADS-009762,505019.22,500505.45,467321.97,37697.25,0.9254
MPLADS-009763,3044129.59,3129700.15,2861481.81,182647.7799999998,0.94
MPLADS-009764,2799622.45,2833803.87,2362658.13,436964.3200000003,0.8439
MPLADS-009765,3659031.24,3698183.4,3078716.02,580315.2200000002,0.8414
MPLADS-009766,456717.16,476628.22,341646.14,115071.01999999996,0.748
MPLADS-009767,465123.95,465260.86,454449.01,10674.940000000002,0.977
MPLADS-009768,1363101.04,1348976.7,1282151.74,80949.30000000005,0.9406
MPLADS-009769,3654499.22,3656906.64,3435229.27,219269.9500000002,0.94
MPLADS-009770,2571228.57,2688135.4,2383187.25,188041.31999999983,0.9269
MPLADS-009771,1274589.03,1271915.71,868964.98,405624.05000000005,0.6818
MPLADS-009772,2444087.07,2460185.06,2410327.3,33759.77000000002,0.9862
MPLADS-009773,2172022.08,2127282.44,1406840.81,765181.27,0.6477
MPLADS-009774,3890165.63,3904628.71,3130414.42,759751.21,0.8047
MPLADS-009775,1908523.9,1873100.33,1492201.28,416322.6199999999,0.7819
MPLADS-009776,1628037.0,1555377.84,1078831.29,549205.71,0.6627
MPLADS-009777,191188.4,186712.59,127187.08,64001.31999999999,0.6652
MPLADS-009778,2784462.18,2825270.83,2705957.32,78504.86000000034,0.9718
MPLADS-009779,1117444.13,1137024.07,1117444.13,0.0,1.0
MPLADS-009780,537039.34,533666.95,395131.33,141908.00999999995,0.7358
MPLADS-009781,1550470.15,1621473.19,1169622.85,380847.2999999998,0.7544
MPLADS-009782,5537863.84,5653674.39,4823144.39,714719.4500000002,0.8709
MPLADS-009783,412005.76,393916.11,300740.78,111264.97999999998,0.7299
MPLADS-009784,977267.36,956992.62,600075.32,377192.04000000004,0.614
MPLADS-009785,1679812.32,1707493.82,1128477.53,551334.79,0.6718
MPLADS-009786,3807079.02,3663709.58,2437894.3,1369184.7200000002,0.6404
MPLADS-009787,1737588.71,1759393.1,1711412.99,26175.719999999972,0.9849
MPLADS-009788,3284751.01,3180201.56,2279342.77,1005408.2399999998,0.6939
MPLADS-009789,573000.12,565911.77,386905.56,186094.56,0.6752
MPLADS-009790,806775.76,822977.26,783174.4,23601.359999999986,0.9707
MPLADS-009791,3797639.59,3633149.21,3797639.59,0.0,1.0
MPLADS-009792,888496.1,875988.32,819045.4,69450.69999999995,0.9218
MPLADS-009793,10686916.55,10928780.37,10336335.54,350581.01000000164,0.9672
MPLADS-009794,446174.88,462773.88,372475.04,73699.84000000003,0.8348
MPLADS-009795,1780474.41,1767810.67,1404249.59,376224.81999999983,0.7887
MPLADS-009796,874069.53,832943.3,862113.37,11956.160000000033,0.9863
MPLADS-009797,572097.42,568545.25,353871.86,218225.56000000006,0.6186
MPLADS-009798,1234628.86,1272471.24,1193990.46,40638.40000000014,0.9671
MPLADS-009799,683249.39,662500.55,511323.09,171926.3,0.7484
MPLADS-009800,1640570.63,1720827.06,1435893.42,204677.20999999996,0.8752
MPLADS-009801,802386.94,778306.23,774311.12,28075.81999999995,0.965
MPLADS-009802,855592.82,832875.68,804257.25,51335.56999999995,0.94
MPLADS-009803,779086.35,743381.27,582321.15,196765.19999999995,0.7474
MPLADS-009804,2180022.44,2125735.65,2159315.36,20707.080000000075,0.9905
MPLADS-009805,482443.48,478302.77,387720.63,94722.84999999998,0.8037
MPLADS-009806,2938348.97,2987023.38,2285438.46,652910.5100000002,0.7778
MPLADS-009807,2570160.04,2476198.04,2060514.19,509645.8500000001,0.8017
MPLADS-009808,3531477.43,3391149.56,2333822.12,1197655.31,0.6609
MPLADS-009809,3751707.16,3772129.36,3751707.16,0.0,1.0
MPLADS-009810,817702.26,819986.64,602896.43,214805.82999999996,0.7373
MPLADS-009811,2514260.47,2574743.56,2285407.08,228853.39000000013,0.909
MPLADS-009812,676011.81,707699.89,656334.43,19677.380000000005,0.9709
MPLADS-009813,5434401.99,5506272.25,3836517.7,1597884.29,0.706
MPLADS-009814,1027742.11,1031617.51,966077.58,61664.53000000003,0.94
MPLADS-009815,10386802.75,9885381.01,6330741.83,4056060.92,0.6095
MPLADS-009816,973542.39,936955.28,640517.88,333024.51,0.6579
MPLADS-009817,232018.93,226363.98,205109.93,26909.0,0.884
MPLADS-009818,2690918.59,2795824.84,1798246.32,892672.2699999998,0.6683
MPLADS-009819,1215191.03,1240899.03,876155.08,339035.95000000007,0.721
MPLADS-009820,1725550.95,1656265.61,1335355.1,390195.84999999986,0.7739
MPLADS-009821,2862844.68,2932936.55,1918281.4,944563.2800000003,0.6701
MPLADS-009822,3547075.92,3707409.27,2329994.13,1217081.79,0.6569
MPLADS-009823,2725939.7,2679144.41,2580333.31,145606.39000000013,0.9466
MPLADS-009824,2510645.26,2615314.53,2117497.74,393147.51999999955,0.8434
MPLADS-009825,10727596.27,10723986.37,10009690.67,717905.5999999996,0.9331
MPLADS-009826,494556.89,516385.8,426253.43,68303.46000000002,0.8619
MPLADS-009827,822034.02,827685.62,614863.78,207170.24,0.748
MPLADS-009828,941223.81,922756.68,909592.82,31630.990000000107,0.9664
MPLADS-009829,496033.93,518937.2,490818.73,5215.200000000012,0.9895
MPLADS-009830,766854.89,729608.88,720843.6,46011.29000000004,0.94
MPLADS-009831,3460297.78,3493991.74,3378344.98,81952.79999999981,0.9763
MPLADS-009832,443560.91,451272.58,420984.69,22576.219999999972,0.9491
MPLADS-009833,2552519.18,2628681.83,1689826.68,862692.5000000002,0.662
MPLADS-009834,829818.87,816192.76,555619.34,274199.53,0.6696
MPLADS-009835,2717965.83,2816920.72,2045924.52,672041.31,0.7527
MPLADS-009836,3357631.27,3304490.06,2795166.7,562464.5699999998,0.8325
MPLADS-009837,547911.27,537472.46,463751.22,84160.05000000005,0.8464
MPLADS-009838,2836208.47,2718781.38,2681439.52,154768.9500000002,0.9454
MPLADS-009839,1013878.95,1000894.8,919947.92,93931.02999999991,0.9074
MPLADS-009840,499704.25,510129.45,469721.99,29982.26000000001,0.94
MPLADS-009841,485119.58,473324.81,336698.84,148420.74,0.6941
MPLADS-009842,1868656.29,1895018.08,1478096.59,390559.69999999995,0.791
MPLADS-009843,558462.41,532562.86,498868.57,59593.840000000026,0.8933
MPLADS-009844,1118809.58,1082788.56,1026122.07,92687.51000000013,0.9172
MPLADS-009845,226719.4,233550.96,226719.4,0.0,1.0
MPLADS-009846,189792.11,181828.49,178404.58,11387.529999999999,0.94
MPLADS-009847,209381.68,217089.79,188435.27,20946.410000000003,0.9
MPLADS-009848,704015.01,729959.4,585161.53,118853.47999999998,0.8312
MPLADS-009849,193163.18,186830.84,171295.15,21868.03,0.8868
MPLADS-009850,2065612.09,2114065.5,1264518.45,801093.6400000001,0.6122
MPLADS-009851,2790685.52,2707632.36,2504940.67,285744.8500000001,0.8976
MPLADS-009852,2032388.51,2096496.54,1596863.34,435525.1699999999,0.7857
MPLADS-009853,4365530.94,4224115.53,3219293.9,1146237.0400000005,0.7374
MPLADS-009854,837733.78,853350.02,787469.75,50264.03000000003,0.94
MPLADS-009855,2569498.11,2453931.03,1937959.41,631538.7,0.7542
MPLADS-009856,3346723.57,3378966.89,2513780.68,832942.8899999997,0.7511
MPLADS-009857,2463281.21,2408843.72,2315484.34,147796.8700000001,0.94
MPLADS-009858,505993.97,502675.38,381689.07,124304.89999999997,0.7543
MPLADS-009859,967426.4,969955.26,843417.59,124008.81000000006,0.8718
MPLADS-009860,213465.4,217350.92,151386.18,62079.22,0.7092
MPLADS-009861,1781858.78,1846654.31,1224142.51,557716.27,0.687
MPLADS-009862,4527661.74,4425903.18,3198936.6,1328725.1400000001,0.7065
MPLADS-009863,3494956.62,3655601.65,2459721.23,1035235.3900000001,0.7038
MPLADS-009864,2959904.38,3086663.04,2061450.87,898453.5099999998,0.6965
MPLADS-009865,1071291.63,1106166.15,709113.79,362177.83999999985,0.6619
MPLADS-009866,740902.52,733757.24,532297.55,208604.96999999997,0.7184
MPLADS-009867,251697.11,263465.54,242912.8,8784.309999999998,0.9651
MPLADS-009868,3484515.76,3503420.06,3467080.12,17435.639999999665,0.995
MPLADS-009869,440963.75,454190.05,275392.69,165571.06,0.6245
MPLADS-009870,3414410.63,3462993.17,2632750.15,781660.48,0.7711
MPLADS-009871,786139.68,817647.95,484903.98,301235.70000000007,0.6168
MPLADS-009872,1918170.82,1837595.66,1308153.72,610017.1000000001,0.682
MPLADS-009873,412576.28,415783.18,291018.4,121557.88,0.7054
MPLADS-009874,1387507.4,1379551.98,1128786.11,258721.2899999998,0.8135
MPLADS-009875,787165.01,750090.71,543693.27,243471.74,0.6907
MPLADS-009876,188731.57,190586.51,139240.35,49491.22,0.7378
MPLADS-009877,676226.95,664728.58,562659.88,113567.06999999995,0.8321
MPLADS-009878,1029410.1,1076143.71,690803.63,338606.47,0.6711
MPLADS-009879,2617109.37,2579068.56,1992279.08,624830.29,0.7613
MPLADS-009880,522938.89,543099.15,467297.64,55641.25,0.8936
MPLADS-009881,2063984.26,2042264.78,1707072.36,356911.8999999999,0.8271
MPLADS-009882,3311902.92,3220375.51,2792118.84,519784.0800000001,0.8431
MPLADS-009883,207595.58,199145.25,191501.66,16093.919999999984,0.9225
MPLADS-009884,501624.71,524300.72,443962.68,57662.03000000003,0.885
MPLADS-009885,418739.74,435586.36,308486.0,110253.73999999999,0.7367
MPLADS-009886,879081.57,842132.59,843410.46,35671.109999999986,0.9594
MPLADS-009887,1128244.62,1154793.86,836298.7,291945.92000000016,0.7412
MPLADS-009888,779634.69,793453.15,480803.16,298831.52999999997,0.6167
MPLADS-009889,1945562.34,1938664.82,1886737.37,58824.96999999997,0.9698
MPLADS-009890,419970.19,426725.34,263053.26,156916.93,0.6264
MPLADS-009891,1024583.22,1035211.49,1019213.65,5369.569999999949,0.9948
MPLADS-009892,3744142.09,3736612.11,2383814.08,1360328.0099999998,0.6367
MPLADS-009893,1973609.43,2069618.58,1430100.42,543509.01,0.7246
MPLADS-009894,2499252.26,2617845.2,2355690.34,143561.91999999993,0.9426
MPLADS-009895,1942215.96,1904438.79,1511060.88,431155.0800000001,0.778
MPLADS-009896,2687822.15,2593431.09,2396351.45,291470.6999999997,0.8916
MPLADS-009897,199181.04,204048.0,181300.74,17880.300000000017,0.9102
MPLADS-009898,1669404.07,1624306.73,1374721.77,294682.30000000005,0.8235
MPLADS-009899,2523616.2,2527442.27,2405591.38,118024.8200000003,0.9532
MPLADS-009900,2502914.36,2607212.37,1559254.65,943659.71,0.623
MPLADS-009901,3367728.96,3500173.95,2342173.5,1025555.46,0.6955
MPLADS-009902,486473.26,493127.9,451668.46,34804.79999999999,0.9285
MPLADS-009903,201331.26,196815.05,166876.04,34455.22,0.8289
MPLADS-009904,469032.81,470440.28,323212.1,145820.71000000002,0.6891
MPLADS-009905,3105845.96,3072047.38,1905529.77,1200316.19,0.6135
MPLADS-009906,475253.27,462604.26,426163.08,49090.19,0.8967
MPLADS-009907,1491203.26,1453734.86,1333606.56,157596.69999999995,0.8943
MPLADS-009908,1140322.64,1149207.4,959286.09,181036.54999999993,0.8412
MPLADS-009909,3355231.42,3422138.87,2312924.82,1042306.6000000001,0.6893
MPLADS-009910,443960.89,444286.58,387019.8,56941.090000000026,0.8717
MPLADS-009911,7022794.5,7212724.97,5302002.29,1720792.21,0.755
MPLADS-009912,501548.49,490896.73,425629.2,75919.28999999998,0.8486
MPLADS-009913,849596.55,817574.81,550717.65,298878.9,0.6482
MPLADS-009914,6566669.02,6672018.53,5613847.62,952821.3999999994,0.8549
MPLADS-009915,1483562.62,1422761.44,1268378.72,215183.90000000014,0.855
MPLADS-009916,489725.47,503370.86,398385.58,91339.88999999996,0.8135
MPLADS-009917,988474.83,997482.64,745528.79,242946.03999999992,0.7542
MPLADS-009918,1354414.07,1321832.6,1254183.54,100230.53000000003,0.926
MPLADS-009919,448467.89,443215.0,387415.87,61052.02000000002,0.8639
MPLADS-009920,1561958.07,1638786.84,1252568.36,309389.70999999996,0.8019
MPLADS-009921,936371.1,899518.57,750315.07,186056.03000000003,0.8013
MPLADS-009922,836518.18,861900.74,743533.07,92985.1100000001,0.8888
MPLADS-009923,1558813.35,1566963.78,1355557.47,203255.88000000012,0.8696
MPLADS-009924,1737170.28,1775806.43,1671913.27,65257.01000000001,0.9624
MPLADS-009925,233385.66,236903.87,141560.55,91825.11000000002,0.6066
MPLADS-009926,188573.07,187114.9,125862.42,62710.65000000001,0.6674
MPLADS-009927,676482.86,689025.03,839654.0,0.0,1.2412
MPLADS-009928,215613.48,224730.63,176449.28,39164.20000000001,0.8184
MPLADS-009929,1024251.92,1036198.29,897051.9,127200.02000000002,0.8758
MPLADS-009930,1186536.24,1197488.23,1035399.35,151136.89,0.8726
MPLADS-009931,796067.24,795090.45,760267.24,35800.0,0.955
MPLADS-009932,944218.5,902466.62,643965.24,300253.26,0.682
MPLADS-009933,970049.25,975006.02,795555.62,174493.63,0.8201
MPLADS-009934,10332599.25,10580223.0,9679512.44,653086.8100000005,0.9368
MPLADS-009935,12554482.61,12864161.04,9608855.44,2945627.17,0.7654
MPLADS-009936,2362949.12,2352896.72,1439113.27,923835.8500000001,0.609
MPLADS-009937,870754.13,861262.0,631013.75,239740.38,0.7247
MPLADS-009938,2493580.85,2507918.91,2493580.85,0.0,1.0
MPLADS-009939,5640150.2,5358322.23,5585443.85,54706.35000000056,0.9903
MPLADS-009940,242618.08,241431.33,203898.88,38719.19999999998,0.8404
MPLADS-009941,882209.06,854261.5,552943.55,329265.51,0.6268
MPLADS-009942,225290.15,219470.21,157137.01,68153.13999999998,0.6975
MPLADS-009943,2642181.47,2631848.95,2015507.1,626674.3700000001,0.7628
MPLADS-009944,227325.06,223810.32,166460.84,60864.22,0.7323
MPLADS-009945,599552.49,577200.49,581349.44,18203.050000000047,0.9696
MPLADS-009946,1962349.62,1894558.03,1440955.31,521394.31000000006,0.7343
MPLADS-009947,3936316.1,3914646.36,2866844.68,1069471.42,0.7283
MPLADS-009948,1172100.3,1117100.98,948131.77,223968.53000000003,0.8089
MPLADS-009949,217755.9,213500.81,135055.89,82700.00999999998,0.6202
MPLADS-009950,1026121.47,1041751.11,683990.88,342130.58999999997,0.6666
MPLADS-009951,2743541.36,2864767.8,2152827.74,590713.6199999996,0.7847
MPLADS-009952,2723911.47,2813378.18,2314092.8,409818.6700000004,0.8495
MPLADS-009953,2451364.5,2506792.87,2415475.58,35888.919999999925,0.9854
MPLADS-009954,2521741.5,2454484.18,1556252.81,965488.69,0.6171
MPLADS-009955,1367842.65,1361900.29,1226068.7,141773.94999999995,0.8964
MPLADS-009956,3031380.15,2946338.92,2849497.34,181882.81000000006,0.94
MPLADS-009957,653285.72,634105.98,608112.13,45173.58999999997,0.9309
MPLADS-009958,783894.79,793383.13,473281.37,310613.42000000004,0.6038
MPLADS-009959,1922721.46,1898289.1,1345554.82,577166.6399999999,0.6998
MPLADS-009960,1927178.48,1920339.09,1406980.47,520198.01,0.7301
MPLADS-009961,422986.33,431511.35,341975.65,81010.68,0.8085
MPLADS-009962,805585.97,795252.41,553626.97,251959.0,0.6872
MPLADS-009963,3046098.93,3089931.08,1855654.4,1190444.5300000003,0.6092
MPLADS-009964,2972088.01,3073275.71,1808837.55,1163250.4599999997,0.6086
MPLADS-009965,1330712.54,1336915.85,867420.63,463291.91000000003,0.6518
MPLADS-009966,3042184.91,3155664.14,2234226.25,807958.6600000001,0.7344
MPLADS-009967,2756427.25,2745476.6,2204571.33,551855.9199999999,0.7998
MPLADS-009968,249814.91,251163.03,190466.57,59348.34,0.7624
MPLADS-009969,1261581.37,1244422.01,802755.92,458825.45000000007,0.6363
MPLADS-009970,1739746.85,1823209.17,1348953.95,390792.90000000014,0.7754
MPLADS-009971,1562090.61,1492385.72,1209784.73,352305.8800000001,0.7745
MPLADS-009972,1086439.97,1064072.51,769220.36,317219.61,0.708
MPLADS-009973,1018933.76,1002086.0,624484.78,394448.98,0.6129
MPLADS-009974,200087.64,207787.03,150150.21,49937.43000000002,0.7504
MPLADS-009975,414455.07,424604.69,291296.35,123158.72000000003,0.7028
MPLADS-009976,700539.06,686984.16,626597.59,73941.47000000009,0.8945
MPLADS-009977,2153105.44,2251936.47,2070345.31,82760.12999999989,0.9616
MPLADS-009978,396862.32,404539.32,373050.58,23811.73999999999,0.94
MPLADS-009979,1911346.34,1893463.34,2626912.68,0.0,1.3744
MPLADS-009980,738543.92,705397.05,704918.54,33625.380000000005,0.9545
MPLADS-009981,242471.66,233399.33,178843.45,63628.20999999999,0.7376
MPLADS-009982,499158.22,480761.6,310536.06,188622.15999999997,0.6221
MPLADS-009983,3355021.5,3202500.8,2013867.54,1341153.96,0.6003
MPLADS-009984,3097929.17,3028190.68,2501988.19,595940.98,0.8076
MPLADS-009985,209696.77,201475.11,197114.96,12581.809999999998,0.94
MPLADS-009986,439011.01,457134.05,427328.53,11682.479999999981,0.9734
MPLADS-009987,704953.37,711436.98,556567.89,148385.47999999998,0.7895
MPLADS-009988,1895062.77,1986480.51,1492985.96,402076.81000000006,0.7878
MPLADS-009989,488457.89,501086.96,299736.24,188721.65000000002,0.6136
MPLADS-009990,2411216.89,2362875.2,1855356.37,555860.52,0.7695
MPLADS-009991,1652761.4,1734495.32,1433436.35,219325.0499999998,0.8673
MPLADS-009992,8682242.2,8997975.36,8184750.76,497491.4399999995,0.9427
MPLADS-009993,1631294.42,1585820.98,1069895.45,561398.97,0.6559
MPLADS-009994,3145413.09,3211065.18,2828609.98,316803.10999999987,0.8993
MPLADS-009995,1349056.79,1404234.6,1099679.11,249377.67999999993,0.8151
MPLADS-009996,514901.85,509284.99,514901.85,0.0,1.0
MPLADS-009997,1808661.73,1869557.96,1613532.27,195129.45999999996,0.8921
MPLADS-009998,12136619.99,12587969.39,9528484.9,2608135.09,0.7851
MPLADS-009999,7215265.04,7189725.34,4521126.35,2694138.6900000004,0.6266
MPLADS-010000,2566028.21,2684099.86,2377251.98,188776.22999999998,0.9264
