tender_id,project_id,tender_exists,procurement_method,tender_publication_date,tender_duration,bid_count,qualified_bid_count,single_bid_flag,bid_competition_score,tender_type,winning_bid,winning_bid_amount,winning_bid_deviation,winning_bid_vs_lowest_bid,bid_price_similarity,bidder_disqualification_rate,re_tender_count,tender_cancellation_count,tender_bypass_flag,repeated_winner_flag,bid_rotation_score,repeated_loser_score,procurement_compliance_flag
TND-000001,MPLADS-000001,1,Open e-Tender,2022-11-23,28,6,5,0,1.0,Open e-Tender,2607000.0,2607000.0,-0.0218,0.0426,0.9663,0.13,0,0,0,0,0.115,0.407,1
TND-000002,MPLADS-000002,1,Open e-Tender,2023-08-03,28,6,5,0,1.0,Open e-Tender,2441000.0,2441000.0,0.0004,0.0184,0.8882,0.071,0,0,0,1,0.207,0.167,1
TND-000003,MPLADS-000003,1,Open e-Tender,2022-02-02,29,7,6,0,1.0,Open e-Tender,721000.0,721000.0,0.0155,0.0062,0.966,0.116,0,0,0,0,0.13,0.137,1
TND-000004,MPLADS-000004,1,Open e-Tender,2022-06-23,16,7,7,0,1.0,Open e-Tender,11739000.0,11739000.0,-0.0204,0.0086,0.9393,0.105,0,0,0,0,0.346,0.126,1
TND-000005,MPLADS-000005,1,Open e-Tender,2022-05-08,27,6,5,0,1.0,Open e-Tender,2387000.0,2387000.0,0.0084,0.0356,0.8588,0.05,0,0,0,0,0.263,0.418,1
TND-000006,MPLADS-000006,1,Open e-Tender,2023-09-25,21,4,3,0,0.667,Open e-Tender,1189000.0,1189000.0,0.0051,0.0236,0.9172,0.042,0,0,0,0,0.743,0.482,1
TND-000007,MPLADS-000007,1,Open e-Tender,2022-03-05,16,5,5,0,0.833,Open e-Tender,3074000.0,3074000.0,-0.0247,0.0079,0.932,0.084,0,0,0,0,0.1,0.395,1
TND-000008,MPLADS-000008,1,Open e-Tender,2022-05-17,19,6,6,0,1.0,Open e-Tender,3654000.0,3654000.0,-0.058,0.0217,0.9087,0.122,0,0,0,0,0.305,0.265,1
TND-000009,MPLADS-000009,1,Open e-Tender,2023-06-23,20,3,2,0,0.5,Open e-Tender,3697000.0,3697000.0,-0.0569,0.0358,0.9445,0.236,0,0,0,0,0.664,0.394,1
TND-000010,MPLADS-000010,1,Open e-Tender,2022-03-23,18,5,4,0,0.833,Open e-Tender,465000.0,465000.0,-0.0663,0.0123,0.9674,0.127,0,0,0,0,0.537,0.301,1
TND-000011,MPLADS-000011,1,Open e-Tender,2023-01-06,28,6,5,0,1.0,Open e-Tender,473000.0,473000.0,-0.0386,0.0185,0.977,0.006,0,0,0,0,0.196,0.229,1
TND-000012,MPLADS-000012,1,Open e-Tender,2023-11-25,19,7,6,0,1.0,Open e-Tender,16616000.0,16616000.0,0.0153,0.036,0.908,0.189,0,0,0,0,0.625,0.09,1
TND-000013,MPLADS-000013,1,Open e-Tender,2023-01-05,21,5,4,0,0.833,Open e-Tender,1939000.0,1939000.0,-0.0709,0.0221,0.9066,0.146,0,0,0,0,0.439,0.353,1
TND-000014,MPLADS-000014,1,Open e-Tender,2022-07-24,26,4,3,0,0.667,Open e-Tender,925000.0,925000.0,0.0033,0.0031,0.9817,0.057,0,0,0,0,0.364,0.339,1
TND-000015,MPLADS-000015,1,Direct / Single Inquiry,2022-10-16,18,1,1,1,0.167,Single Tender Inquiry,2245000.0,2245000.0,-0.0776,0.0449,0.0,0.182,0,0,0,1,0.669,0.493,0
TND-000016,MPLADS-000016,1,Open e-Tender,2022-10-12,15,5,5,0,0.833,Open e-Tender,14557000.0,14557000.0,-0.058,0.0384,0.941,0.193,0,0,0,0,0.201,0.196,1
TND-000017,MPLADS-000017,1,Direct / Single Inquiry,2023-02-25,20,1,1,1,0.167,Single Tender Inquiry,1956000.0,1956000.0,-0.0412,0.0289,0.0,0.001,0,0,0,0,0.165,0.358,0
TND-000018,MPLADS-000018,1,Open e-Tender,2022-06-09,15,5,5,0,0.833,Open e-Tender,923000.0,923000.0,-0.0788,0.0155,0.8589,0.097,0,0,0,0,0.534,0.146,1
TND-000019,MPLADS-000019,1,Open e-Tender,2022-02-18,25,5,5,0,0.833,Open e-Tender,2188000.0,2188000.0,-0.0327,0.0472,0.9531,0.137,0,0,0,0,0.199,0.206,1
TND-000020,MPLADS-000020,1,Open e-Tender,2022-10-15,14,4,3,0,0.667,Open e-Tender,13050000.0,13050000.0,-0.0699,0.0434,0.9774,0.18,0,0,0,0,0.151,0.5,1
TND-000021,MPLADS-000021,1,Open e-Tender,2022-04-01,29,7,6,0,1.0,Open e-Tender,2536000.0,2536000.0,0.0168,0.0441,0.9615,0.076,0,0,0,1,0.316,0.428,1
TND-000022,MPLADS-000022,1,Open e-Tender,2023-10-26,25,6,6,0,1.0,Open e-Tender,981000.0,981000.0,-0.063,0.0232,0.9669,0.117,0,0,0,1,0.551,0.329,1
TND-000023,MPLADS-000023,1,Open e-Tender,2023-05-12,17,3,2,0,0.5,Open e-Tender,1466000.0,1466000.0,-0.0674,0.0431,0.9171,0.179,0,0,0,0,0.285,0.387,1
TND-000024,MPLADS-000024,1,Open e-Tender,2022-10-20,26,3,2,0,0.5,Open e-Tender,16629000.0,16629000.0,0.0091,0.0178,0.9787,0.003,0,0,0,1,0.305,0.061,1
TND-000025,MPLADS-000025,1,Open e-Tender,2022-10-10,23,5,5,0,0.833,Open e-Tender,14355000.0,14355000.0,-0.0665,0.0467,0.95,0.196,0,0,0,0,0.619,0.265,1
TND-000026,MPLADS-000026,1,Open e-Tender,2023-06-16,14,5,4,0,0.833,Open e-Tender,10798000.0,10798000.0,-0.0255,0.0282,0.8641,0.131,1,0,0,1,0.731,0.494,1
TND-000027,MPLADS-000027,1,Open e-Tender,2023-03-13,24,4,3,0,0.667,Open e-Tender,2560000.0,2560000.0,-0.0259,0.0115,0.9237,0.029,0,0,0,0,0.566,0.325,1
TND-000028,MPLADS-000028,1,Open e-Tender,2022-02-06,22,5,5,0,0.833,Open e-Tender,958000.0,958000.0,0.0074,0.0257,0.8854,0.202,0,0,0,0,0.566,0.301,1
TND-000029,MPLADS-000029,1,Direct / Single Inquiry,2022-09-07,29,1,1,1,0.167,Single Tender Inquiry,2131000.0,2131000.0,-0.0795,0.0391,0.0,0.079,0,0,0,0,0.598,0.263,0
TND-000030,MPLADS-000030,1,Open e-Tender,2022-10-25,16,4,4,0,0.667,Open e-Tender,3804000.0,3804000.0,-0.0008,0.0007,0.9095,0.171,0,0,0,0,0.472,0.385,1
TND-000031,MPLADS-000031,1,Open e-Tender,2022-07-30,26,7,6,0,1.0,Open e-Tender,1073000.0,1073000.0,0.0075,0.0114,0.8623,0.059,0,0,0,1,0.482,0.18,1
TND-000032,MPLADS-000032,1,Open e-Tender,2022-07-01,25,3,3,0,0.5,Open e-Tender,544000.0,544000.0,-0.0748,0.0113,0.9693,0.129,0,0,0,0,0.484,0.318,1
TND-000033,MPLADS-000033,1,Direct / Single Inquiry,2022-06-09,20,1,1,1,0.167,Single Tender Inquiry,9520000.0,9520000.0,0.0112,0.012,0.0,0.189,0,0,0,1,0.367,0.272,0
TND-000034,MPLADS-000034,1,Open e-Tender,2023-02-06,18,6,6,0,1.0,Open e-Tender,2990000.0,2990000.0,-0.0432,0.036,0.9737,0.248,0,0,0,0,0.315,0.401,1
TND-000035,MPLADS-000035,1,Open e-Tender,2022-02-26,28,7,6,0,1.0,Open e-Tender,1490000.0,1490000.0,-0.0106,0.0068,0.9214,0.181,0,0,0,0,0.231,0.492,1
TND-000036,MPLADS-000036,1,Open e-Tender,2023-08-27,16,7,7,0,1.0,Open e-Tender,3461000.0,3461000.0,-0.0006,0.0238,0.8795,0.038,0,0,0,0,0.508,0.292,1
TND-000037,MPLADS-000037,1,Open e-Tender,2022-10-24,17,7,7,0,1.0,Open e-Tender,1989000.0,1989000.0,-0.0274,0.0174,0.8628,0.154,0,0,0,0,0.199,0.353,1
TND-000038,MPLADS-000038,1,Open e-Tender,2023-01-11,18,5,4,0,0.833,Open e-Tender,695000.0,695000.0,-0.0361,0.0059,0.9375,0.097,0,0,0,0,0.741,0.309,1
TND-000039,MPLADS-000039,1,Open e-Tender,2022-07-11,21,6,6,0,1.0,Open e-Tender,2295000.0,2295000.0,-0.0798,0.0223,0.8554,0.158,0,0,0,0,0.502,0.23,1
TND-000040,MPLADS-000040,1,Open e-Tender,2023-06-27,14,5,5,0,0.833,Open e-Tender,1709000.0,1709000.0,0.0023,0.0409,0.8682,0.038,0,0,0,1,0.735,0.414,1
TND-000041,MPLADS-000041,1,Open e-Tender,2022-04-01,21,4,4,0,0.667,Open e-Tender,1724000.0,1724000.0,-0.0491,0.0365,0.9418,0.12,0,0,0,0,0.348,0.226,1
TND-000042,MPLADS-000042,1,Open e-Tender,2023-10-04,29,7,7,0,1.0,Open e-Tender,659000.0,659000.0,-0.003,0.0071,0.8992,0.145,0,0,0,0,0.601,0.152,1
TND-000043,MPLADS-000043,1,Open e-Tender,2022-09-15,17,4,3,0,0.667,Open e-Tender,14390000.0,14390000.0,-0.0218,0.0313,0.9855,0.103,0,0,0,1,0.279,0.305,1
TND-000044,MPLADS-000044,1,Open e-Tender,2023-10-14,14,3,2,0,0.5,Open e-Tender,2481000.0,2481000.0,0.0156,0.0367,0.9523,0.023,0,0,0,0,0.662,0.055,1
TND-000045,MPLADS-000045,1,Open e-Tender,2023-02-14,29,4,4,0,0.667,Open e-Tender,651000.0,651000.0,-0.0015,0.0297,0.9039,0.178,0,0,0,0,0.378,0.386,1
TND-000046,MPLADS-000046,1,Open e-Tender,2023-01-02,15,3,2,0,0.5,Open e-Tender,475000.0,475000.0,-0.0145,0.0363,0.9586,0.095,0,0,0,1,0.612,0.123,1
TND-000047,MPLADS-000047,1,Open e-Tender,2023-08-14,20,5,4,0,0.833,Open e-Tender,1990000.0,1990000.0,-0.0546,0.0494,0.9415,0.173,0,0,0,0,0.462,0.262,1
TND-000048,MPLADS-000048,1,Open e-Tender,2022-08-21,21,3,3,0,0.5,Open e-Tender,3153000.0,3153000.0,-0.0211,0.0152,0.9491,0.134,0,0,0,0,0.174,0.126,1
TND-000049,MPLADS-000049,1,Open e-Tender,2022-09-30,14,4,4,0,0.667,Open e-Tender,2498000.0,2498000.0,-0.0295,0.0249,0.9546,0.096,0,0,0,0,0.322,0.118,1
TND-000050,MPLADS-000050,1,Open e-Tender,2022-04-16,16,7,7,0,1.0,Open e-Tender,3601000.0,3601000.0,0.0025,0.0287,0.9428,0.191,0,0,0,0,0.748,0.45,1
TND-000051,MPLADS-000051,1,Open e-Tender,2023-06-11,14,6,6,0,1.0,Open e-Tender,1500000.0,1500000.0,-0.0602,0.0409,0.8879,0.163,0,0,0,0,0.686,0.15,1
TND-000052,MPLADS-000052,1,Open e-Tender,2022-08-10,17,5,5,0,0.833,Open e-Tender,1993000.0,1993000.0,0.0184,0.0197,0.8993,0.175,0,0,0,0,0.449,0.367,1
TND-000053,MPLADS-000053,1,Open e-Tender,2023-05-01,14,6,5,0,1.0,Open e-Tender,680000.0,680000.0,-0.0621,0.0233,0.9327,0.025,1,0,0,1,0.274,0.327,1
TND-000054,MPLADS-000054,1,Open e-Tender,2023-01-12,14,5,5,0,0.833,Open e-Tender,494000.0,494000.0,-0.0784,0.0048,0.8515,0.005,0,0,0,1,0.356,0.247,1
TND-000055,MPLADS-000055,1,Open e-Tender,2023-10-06,19,5,4,0,0.833,Open e-Tender,16745000.0,16745000.0,-0.0184,0.0345,0.8576,0.136,0,0,0,0,0.479,0.234,1
TND-000056,MPLADS-000056,1,Open e-Tender,2023-02-12,16,3,2,0,0.5,Open e-Tender,1410000.0,1410000.0,-0.0028,0.045,0.9811,0.111,0,0,0,0,0.268,0.163,1
TND-000057,MPLADS-000057,1,Open e-Tender,2023-01-17,14,5,5,0,0.833,Open e-Tender,508000.0,508000.0,-0.0324,0.0104,0.9052,0.072,0,0,0,0,0.271,0.33,1
TND-000058,MPLADS-000058,1,Open e-Tender,2022-07-07,17,3,2,0,0.5,Open e-Tender,1971000.0,1971000.0,-0.0352,0.0158,0.977,0.185,0,0,0,0,0.562,0.463,1
TND-000059,MPLADS-000059,1,Open e-Tender,2023-05-27,24,7,6,0,1.0,Open e-Tender,387000.0,387000.0,-0.0584,0.0103,0.9655,0.083,0,0,0,1,0.515,0.406,1
TND-000060,MPLADS-000060,1,Open e-Tender,2022-05-20,26,5,4,0,0.833,Open e-Tender,3761000.0,3761000.0,-0.0211,0.0384,0.9771,0.021,0,0,0,0,0.296,0.377,1
TND-000061,MPLADS-000061,1,Open e-Tender,2023-01-14,27,3,2,0,0.5,Open e-Tender,4189000.0,4189000.0,-0.0677,0.0104,0.9438,0.055,0,0,0,0,0.582,0.243,1
TND-000062,MPLADS-000062,1,Open e-Tender,2023-04-03,27,3,3,0,0.5,Open e-Tender,2182000.0,2182000.0,0.0041,0.0002,0.989,0.104,0,0,0,0,0.265,0.431,1
TND-000063,MPLADS-000063,1,Open e-Tender,2023-09-07,26,6,6,0,1.0,Open e-Tender,2537000.0,2537000.0,-0.0761,0.0342,0.9395,0.157,0,0,0,0,0.564,0.458,1
TND-000064,MPLADS-000064,1,Open e-Tender,2022-06-19,14,3,2,0,0.5,Open e-Tender,3874000.0,3874000.0,0.0149,0.0456,0.9591,0.092,0,0,0,0,0.711,0.353,1
TND-000065,MPLADS-000065,1,Open e-Tender,2022-02-14,25,5,5,0,0.833,Open e-Tender,12431000.0,12431000.0,-0.0288,0.0233,0.9236,0.148,0,0,0,0,0.685,0.28,1
TND-000066,MPLADS-000066,1,Direct / Single Inquiry,2023-04-25,28,1,1,1,0.167,Single Tender Inquiry,605000.0,605000.0,0.0117,0.0408,0.0,0.041,1,0,0,0,0.433,0.437,0
TND-000067,MPLADS-000067,1,Open e-Tender,2023-07-15,28,3,2,0,0.5,Open e-Tender,2098000.0,2098000.0,-0.0642,0.0156,0.8759,0.246,0,0,0,0,0.291,0.427,1
TND-000068,MPLADS-000068,1,Open e-Tender,2022-04-01,17,5,5,0,0.833,Open e-Tender,1529000.0,1529000.0,-0.062,0.029,0.8742,0.179,0,0,0,1,0.285,0.247,1
TND-000069,MPLADS-000069,1,Open e-Tender,2023-03-31,19,5,4,0,0.833,Open e-Tender,2212000.0,2212000.0,-0.0579,0.0106,0.9666,0.153,0,0,0,0,0.136,0.063,1
TND-000070,MPLADS-000070,1,Open e-Tender,2022-06-15,16,4,4,0,0.667,Open e-Tender,10807000.0,10807000.0,-0.0031,0.0105,0.8992,0.134,1,0,0,0,0.565,0.374,1
TND-000071,MPLADS-000071,1,Open e-Tender,2022-06-17,15,7,7,0,1.0,Open e-Tender,1978000.0,1978000.0,-0.0509,0.0001,0.9349,0.081,0,0,0,0,0.129,0.238,1
TND-000072,MPLADS-000072,1,Open e-Tender,2022-06-05,20,5,5,0,0.833,Open e-Tender,1973000.0,1973000.0,-0.0199,0.0458,0.8853,0.056,0,0,0,1,0.639,0.203,1
TND-000073,MPLADS-000073,1,Open e-Tender,2023-10-02,23,3,2,0,0.5,Open e-Tender,1622000.0,1622000.0,-0.0322,0.0429,0.9088,0.168,0,0,0,0,0.192,0.347,1
TND-000074,MPLADS-000074,1,Open e-Tender,2022-05-12,24,6,6,0,1.0,Open e-Tender,744000.0,744000.0,0.0068,0.0046,0.8753,0.215,0,0,0,0,0.116,0.271,1
TND-000075,MPLADS-000075,1,Open e-Tender,2023-04-15,21,7,7,0,1.0,Open e-Tender,2639000.0,2639000.0,-0.0276,0.0055,0.8812,0.154,0,0,0,1,0.193,0.092,1
TND-000076,MPLADS-000076,1,Open e-Tender,2022-02-15,14,4,4,0,0.667,Open e-Tender,13022000.0,13022000.0,-0.0164,0.0488,0.9559,0.059,0,0,0,0,0.692,0.223,1
TND-000077,MPLADS-000077,1,Open e-Tender,2023-07-11,14,3,2,0,0.5,Open e-Tender,2784000.0,2784000.0,-0.0004,0.0228,0.9668,0.153,0,0,0,0,0.311,0.339,1
TND-000078,MPLADS-000078,1,Open e-Tender,2023-05-12,17,5,4,0,0.833,Open e-Tender,1823000.0,1823000.0,-0.0103,0.0086,0.9,0.019,0,0,0,0,0.126,0.146,1
TND-000079,MPLADS-000079,1,Open e-Tender,2023-07-14,22,4,3,0,0.667,Open e-Tender,525000.0,525000.0,-0.0708,0.0261,0.9544,0.078,0,0,0,1,0.289,0.345,1
TND-000080,MPLADS-000080,1,Open e-Tender,2024-01-04,21,5,4,0,0.833,Open e-Tender,1872000.0,1872000.0,-0.0331,0.0136,0.9158,0.242,1,0,0,0,0.619,0.475,1
TND-000081,MPLADS-000081,1,Open e-Tender,2022-02-22,24,4,4,0,0.667,Open e-Tender,2784000.0,2784000.0,-0.019,0.0224,0.9838,0.044,0,0,0,0,0.109,0.071,1
TND-000082,MPLADS-000082,1,Open e-Tender,2022-09-05,21,5,5,0,0.833,Open e-Tender,1777000.0,1777000.0,-0.0171,0.0419,0.8706,0.23,0,0,0,0,0.185,0.284,1
TND-000083,MPLADS-000083,1,Open e-Tender,2022-07-10,25,5,5,0,0.833,Open e-Tender,9496000.0,9496000.0,-0.0129,0.0116,0.9749,0.125,1,0,0,0,0.591,0.13,1
TND-000084,MPLADS-000084,1,Open e-Tender,2023-01-24,22,6,6,0,1.0,Open e-Tender,1653000.0,1653000.0,-0.0708,0.0257,0.9724,0.185,0,0,0,0,0.171,0.365,1
TND-000085,MPLADS-000085,1,Open e-Tender,2022-08-29,29,4,3,0,0.667,Open e-Tender,2391000.0,2391000.0,-0.0451,0.0171,0.9045,0.166,0,0,0,0,0.685,0.304,1
TND-000086,MPLADS-000086,1,Open e-Tender,2023-07-25,17,7,7,0,1.0,Open e-Tender,12910000.0,12910000.0,-0.0374,0.0041,0.9442,0.113,0,0,0,0,0.534,0.14,1
TND-000087,MPLADS-000087,1,Open e-Tender,2023-03-11,23,5,4,0,0.833,Open e-Tender,1140000.0,1140000.0,-0.0633,0.0125,0.8512,0.188,0,0,0,1,0.501,0.159,1
TND-000088,MPLADS-000088,1,Open e-Tender,2023-03-23,21,7,6,0,1.0,Open e-Tender,13664000.0,13664000.0,-0.0608,0.0246,0.9583,0.119,0,0,0,0,0.135,0.141,1
TND-000089,MPLADS-000089,1,Open e-Tender,2023-10-15,22,7,6,0,1.0,Open e-Tender,2060000.0,2060000.0,-0.0653,0.0242,0.943,0.059,0,0,0,0,0.403,0.154,1
TND-000090,MPLADS-000090,1,Open e-Tender,2023-05-07,23,7,7,0,1.0,Open e-Tender,9825000.0,9825000.0,-0.0104,0.0285,0.9682,0.098,0,0,0,0,0.691,0.431,1
TND-000091,MPLADS-000091,1,Open e-Tender,2023-06-27,14,7,7,0,1.0,Open e-Tender,2286000.0,2286000.0,-0.0627,0.0139,0.8996,0.115,0,0,0,0,0.275,0.249,1
TND-000092,MPLADS-000092,1,Open e-Tender,2023-10-04,29,5,5,0,0.833,Open e-Tender,1820000.0,1820000.0,0.0094,0.0301,0.9856,0.14,0,0,0,0,0.741,0.458,1
TND-000093,MPLADS-000093,1,Open e-Tender,2022-07-12,16,4,4,0,0.667,Open e-Tender,3186000.0,3186000.0,-0.0746,0.0066,0.8585,0.013,0,0,0,1,0.376,0.369,1
TND-000094,MPLADS-000094,1,Open e-Tender,2023-01-04,15,3,3,0,0.5,Open e-Tender,13264000.0,13264000.0,0.0001,0.019,0.855,0.188,0,0,0,0,0.418,0.352,1
TND-000095,MPLADS-000095,1,Open e-Tender,2022-02-08,23,4,3,0,0.667,Open e-Tender,2284000.0,2284000.0,-0.0685,0.0495,0.8794,0.243,0,0,0,0,0.69,0.483,1
TND-000096,MPLADS-000096,1,Open e-Tender,2023-01-07,14,6,5,0,1.0,Open e-Tender,1591000.0,1591000.0,-0.0209,0.032,0.9666,0.04,1,0,0,0,0.698,0.288,1
TND-000097,MPLADS-000097,1,Open e-Tender,2022-09-08,24,3,2,0,0.5,Open e-Tender,10160000.0,10160000.0,0.0072,0.0317,0.9517,0.127,1,0,0,0,0.205,0.144,1
TND-000098,MPLADS-000098,1,Open e-Tender,2022-03-26,24,4,4,0,0.667,Open e-Tender,2757000.0,2757000.0,-0.0265,0.0302,0.943,0.023,0,0,0,0,0.26,0.222,1
TND-000099,MPLADS-000099,1,Open e-Tender,2023-11-13,18,5,4,0,0.833,Open e-Tender,1042000.0,1042000.0,0.001,0.0031,0.9832,0.017,1,0,0,0,0.33,0.343,1
TND-000100,MPLADS-000100,1,Open e-Tender,2023-04-29,27,7,7,0,1.0,Open e-Tender,1718000.0,1718000.0,0.0136,0.0251,0.8663,0.028,0,0,0,0,0.707,0.158,1
TND-000101,MPLADS-000101,1,Open e-Tender,2023-07-13,22,3,3,0,0.5,Open e-Tender,2322000.0,2322000.0,-0.0169,0.0457,0.8804,0.036,0,0,0,1,0.397,0.37,1
TND-000102,MPLADS-000102,1,Open e-Tender,2023-06-27,16,3,3,0,0.5,Open e-Tender,10870000.0,10870000.0,-0.0563,0.0451,0.8812,0.231,0,0,0,0,0.384,0.303,1
TND-000103,MPLADS-000103,1,Open e-Tender,2022-07-13,14,7,6,0,1.0,Open e-Tender,3281000.0,3281000.0,-0.0602,0.0258,0.9735,0.233,0,0,0,1,0.604,0.451,1
TND-000104,MPLADS-000104,1,Open e-Tender,2022-01-22,22,6,5,0,1.0,Open e-Tender,1972000.0,1972000.0,-0.0794,0.037,0.8853,0.108,0,0,0,1,0.359,0.3,1
TND-000105,MPLADS-000105,1,Direct / Single Inquiry,2023-06-24,27,1,1,1,0.167,Single Tender Inquiry,963000.0,963000.0,-0.0123,0.037,0.0,0.183,0,0,0,1,0.666,0.196,0
TND-000106,MPLADS-000106,1,Open e-Tender,2022-07-26,24,5,4,0,0.833,Open e-Tender,570000.0,570000.0,-0.0777,0.0493,0.8664,0.04,0,0,0,0,0.596,0.398,1
TND-000107,MPLADS-000107,1,Open e-Tender,2022-08-31,21,5,5,0,0.833,Open e-Tender,2110000.0,2110000.0,-0.0762,0.003,0.9282,0.057,0,0,0,0,0.737,0.316,1
TND-000108,MPLADS-000108,1,Open e-Tender,2023-06-18,18,6,6,0,1.0,Open e-Tender,1952000.0,1952000.0,-0.0091,0.0231,0.9396,0.191,1,0,0,0,0.253,0.24,1
TND-000109,MPLADS-000109,1,Open e-Tender,2023-10-06,29,5,4,0,0.833,Open e-Tender,595000.0,595000.0,-0.0674,0.0077,0.9626,0.211,0,0,0,1,0.435,0.146,1
TND-000110,MPLADS-000110,1,Open e-Tender,2023-07-21,29,4,4,0,0.667,Open e-Tender,740000.0,740000.0,-0.0225,0.0174,0.9467,0.106,1,0,0,1,0.668,0.111,1
TND-000111,MPLADS-000111,1,Open e-Tender,2023-07-14,19,6,5,0,1.0,Open e-Tender,1479000.0,1479000.0,-0.025,0.0041,0.9349,0.225,0,0,0,0,0.357,0.228,1
TND-000112,MPLADS-000112,1,Open e-Tender,2022-09-02,22,7,6,0,1.0,Open e-Tender,9806000.0,9806000.0,-0.0796,0.0074,0.9503,0.04,0,0,0,1,0.507,0.494,1
TND-000113,MPLADS-000113,1,Open e-Tender,2022-04-23,23,7,7,0,1.0,Open e-Tender,1787000.0,1787000.0,0.0045,0.0109,0.9656,0.048,0,0,0,1,0.59,0.062,1
TND-000114,MPLADS-000114,1,Open e-Tender,2022-04-28,16,5,4,0,0.833,Open e-Tender,649000.0,649000.0,-0.0648,0.0428,0.9429,0.047,0,0,0,0,0.439,0.229,1
TND-000115,MPLADS-000115,1,Open e-Tender,2022-06-05,28,6,6,0,1.0,Open e-Tender,2253000.0,2253000.0,-0.0035,0.0092,0.8879,0.136,0,0,0,0,0.641,0.053,1
TND-000116,MPLADS-000116,1,Open e-Tender,2022-06-11,29,3,3,0,0.5,Open e-Tender,402000.0,402000.0,-0.0171,0.0444,0.9332,0.066,0,0,0,0,0.359,0.389,1
TND-000117,MPLADS-000117,1,Open e-Tender,2023-03-29,26,6,6,0,1.0,Open e-Tender,2146000.0,2146000.0,-0.0101,0.0029,0.8748,0.23,1,0,0,0,0.28,0.325,1
TND-000118,MPLADS-000118,1,Open e-Tender,2022-03-23,21,3,2,0,0.5,Open e-Tender,3745000.0,3745000.0,0.0124,0.0388,0.8803,0.013,0,0,0,0,0.158,0.162,1
TND-000119,MPLADS-000119,1,Open e-Tender,2022-04-16,23,6,5,0,1.0,Open e-Tender,1711000.0,1711000.0,-0.0781,0.0344,0.8524,0.059,0,0,0,0,0.726,0.123,1
TND-000120,MPLADS-000120,1,Open e-Tender,2023-12-19,27,7,7,0,1.0,Open e-Tender,3035000.0,3035000.0,-0.0474,0.0419,0.9213,0.165,0,0,0,0,0.661,0.159,1
TND-000121,MPLADS-000121,1,Open e-Tender,2023-05-26,27,4,3,0,0.667,Open e-Tender,1532000.0,1532000.0,-0.0261,0.002,0.8552,0.081,0,0,0,0,0.706,0.226,1
TND-000122,MPLADS-000122,1,Open e-Tender,2023-08-03,14,5,4,0,0.833,Open e-Tender,2237000.0,2237000.0,-0.0752,0.0425,0.8647,0.005,0,0,0,0,0.256,0.393,1
TND-000123,MPLADS-000123,1,Direct / Single Inquiry,2022-08-26,22,1,1,1,0.167,Single Tender Inquiry,1966000.0,1966000.0,-0.0258,0.006,0.0,0.016,0,0,0,0,0.334,0.172,0
TND-000124,MPLADS-000124,1,Open e-Tender,2023-02-18,26,5,4,0,0.833,Open e-Tender,979000.0,979000.0,-0.0239,0.0106,0.8592,0.063,0,0,0,0,0.473,0.295,1
TND-000125,MPLADS-000125,1,Open e-Tender,2023-09-28,16,7,7,0,1.0,Open e-Tender,2434000.0,2434000.0,-0.0073,0.0078,0.8589,0.182,0,0,0,0,0.443,0.158,1
TND-000126,MPLADS-000126,1,Open e-Tender,2023-04-27,23,6,5,0,1.0,Open e-Tender,386000.0,386000.0,-0.0539,0.0296,0.9794,0.22,0,0,0,0,0.124,0.407,1
TND-000127,MPLADS-000127,1,Open e-Tender,2022-06-13,24,7,6,0,1.0,Open e-Tender,14048000.0,14048000.0,-0.0257,0.0002,0.9493,0.127,0,0,0,0,0.211,0.06,1
TND-000128,MPLADS-000128,1,Open e-Tender,2023-04-04,24,3,3,0,0.5,Open e-Tender,2057000.0,2057000.0,-0.0195,0.0198,0.9266,0.195,1,0,0,0,0.531,0.262,1
TND-000129,MPLADS-000129,1,Open e-Tender,2022-03-25,16,7,6,0,1.0,Open e-Tender,2643000.0,2643000.0,-0.0131,0.0447,0.9108,0.021,0,0,0,1,0.514,0.236,1
TND-000130,MPLADS-000130,1,Direct / Single Inquiry,2023-01-31,25,1,1,1,0.167,Single Tender Inquiry,611000.0,611000.0,0.0049,0.0417,0.0,0.063,0,0,0,0,0.109,0.36,0
TND-000131,MPLADS-000131,1,Open e-Tender,2023-10-22,14,7,7,0,1.0,Open e-Tender,1487000.0,1487000.0,-0.0529,0.0333,0.878,0.109,0,0,0,0,0.261,0.33,1
TND-000132,MPLADS-000132,1,Open e-Tender,2023-05-10,16,5,4,0,0.833,Open e-Tender,2524000.0,2524000.0,0.0036,0.0123,0.9691,0.085,0,0,0,0,0.212,0.389,1
TND-000133,MPLADS-000133,1,Direct / Single Inquiry,2022-01-13,21,1,1,1,0.167,Single Tender Inquiry,1284000.0,1284000.0,-0.0404,0.0455,0.0,0.032,0,0,0,0,0.538,0.412,0
TND-000134,MPLADS-000134,1,Open e-Tender,2023-07-01,15,3,3,0,0.5,Open e-Tender,2167000.0,2167000.0,-0.0091,0.0285,0.9868,0.03,0,0,0,0,0.489,0.49,1
TND-000135,MPLADS-000135,1,Direct / Single Inquiry,2022-12-14,20,1,1,1,0.167,Single Tender Inquiry,1301000.0,1301000.0,-0.0469,0.0287,0.0,0.114,0,0,0,0,0.523,0.078,0
TND-000136,MPLADS-000136,1,Open e-Tender,2022-05-14,22,6,5,0,1.0,Open e-Tender,2003000.0,2003000.0,-0.0258,0.0114,0.9168,0.028,0,0,0,1,0.731,0.322,1
TND-000137,MPLADS-000137,1,Open e-Tender,2022-05-30,28,4,4,0,0.667,Open e-Tender,1350000.0,1350000.0,-0.0446,0.001,0.8946,0.189,1,0,0,0,0.559,0.064,1
TND-000138,MPLADS-000138,1,Open e-Tender,2022-12-16,17,7,6,0,1.0,Open e-Tender,2215000.0,2215000.0,-0.0212,0.0255,0.8744,0.122,0,0,0,0,0.197,0.393,1
TND-000139,MPLADS-000139,1,Open e-Tender,2022-11-17,25,7,7,0,1.0,Open e-Tender,2307000.0,2307000.0,-0.006,0.0286,0.9268,0.002,0,0,0,0,0.571,0.284,1
TND-000140,MPLADS-000140,1,Open e-Tender,2023-01-14,28,4,3,0,0.667,Open e-Tender,2903000.0,2903000.0,-0.0099,0.0176,0.9345,0.177,0,0,0,0,0.555,0.467,1
TND-000141,MPLADS-000141,1,Direct / Single Inquiry,2023-10-14,18,1,1,1,0.167,Single Tender Inquiry,682000.0,682000.0,-0.0683,0.0047,0.0,0.065,0,0,0,0,0.699,0.232,0
TND-000142,MPLADS-000142,1,Open e-Tender,2022-04-16,27,5,4,0,0.833,Open e-Tender,1046000.0,1046000.0,-0.0224,0.0207,0.9225,0.167,0,0,0,0,0.193,0.474,1
TND-000143,MPLADS-000143,1,Open e-Tender,2023-09-15,29,5,5,0,0.833,Open e-Tender,1988000.0,1988000.0,-0.0442,0.0118,0.9516,0.172,0,0,0,0,0.467,0.078,1
TND-000144,MPLADS-000144,1,Open e-Tender,2022-08-27,20,3,3,0,0.5,Open e-Tender,536000.0,536000.0,-0.0463,0.0161,0.8696,0.17,0,0,0,0,0.458,0.22,1
TND-000145,MPLADS-000145,1,Open e-Tender,2023-06-10,27,6,5,0,1.0,Open e-Tender,1770000.0,1770000.0,-0.0565,0.0412,0.973,0.146,0,0,0,0,0.361,0.433,1
TND-000146,MPLADS-000146,1,Open e-Tender,2023-09-29,27,5,4,0,0.833,Open e-Tender,2087000.0,2087000.0,-0.0729,0.0335,0.9266,0.204,0,0,0,0,0.241,0.483,1
TND-000147,MPLADS-000147,1,Open e-Tender,2023-08-15,14,4,3,0,0.667,Open e-Tender,751000.0,751000.0,-0.0322,0.0266,0.8918,0.235,0,0,0,0,0.113,0.301,1
TND-000148,MPLADS-000148,1,Open e-Tender,2022-08-06,29,3,3,0,0.5,Open e-Tender,3472000.0,3472000.0,0.0131,0.0255,0.8714,0.017,0,0,0,0,0.684,0.493,1
TND-000149,MPLADS-000149,1,Open e-Tender,2022-06-17,25,3,3,0,0.5,Open e-Tender,2386000.0,2386000.0,-0.0486,0.0317,0.9707,0.087,0,0,0,0,0.117,0.472,1
TND-000150,MPLADS-000150,1,Open e-Tender,2023-11-19,22,3,3,0,0.5,Open e-Tender,2836000.0,2836000.0,-0.0702,0.0313,0.926,0.216,0,0,0,0,0.588,0.407,1
TND-000151,MPLADS-000151,1,Open e-Tender,2022-04-17,23,3,3,0,0.5,Open e-Tender,606000.0,606000.0,-0.0411,0.0075,0.9834,0.202,0,0,0,0,0.264,0.422,1
TND-000152,MPLADS-000152,1,Open e-Tender,2023-11-04,19,7,7,0,1.0,Open e-Tender,416000.0,416000.0,-0.037,0.0108,0.9504,0.13,0,0,0,1,0.663,0.31,1
TND-000153,MPLADS-000153,1,Open e-Tender,2022-08-10,17,7,7,0,1.0,Open e-Tender,667000.0,667000.0,-0.0104,0.0325,0.9218,0.017,0,0,0,0,0.256,0.336,1
TND-000154,MPLADS-000154,1,Open e-Tender,2023-09-03,17,4,4,0,0.667,Open e-Tender,12319000.0,12319000.0,-0.0359,0.0257,0.851,0.062,0,0,0,1,0.35,0.097,1
TND-000155,MPLADS-000155,1,Open e-Tender,2022-08-02,22,3,2,0,0.5,Open e-Tender,15891000.0,15891000.0,-0.0296,0.0138,0.86,0.097,0,0,0,0,0.308,0.166,1
TND-000156,MPLADS-000156,1,Open e-Tender,2023-02-20,18,6,6,0,1.0,Open e-Tender,12211000.0,12211000.0,-0.0516,0.0483,0.9432,0.188,0,0,0,0,0.715,0.12,1
TND-000157,MPLADS-000157,1,Open e-Tender,2022-01-09,20,4,3,0,0.667,Open e-Tender,14793000.0,14793000.0,-0.0742,0.0297,0.9814,0.154,0,0,0,1,0.396,0.069,1
TND-000158,MPLADS-000158,1,Open e-Tender,2022-03-10,18,5,5,0,0.833,Open e-Tender,2645000.0,2645000.0,-0.0451,0.0458,0.8894,0.198,0,0,0,0,0.554,0.128,1
TND-000159,MPLADS-000159,1,Open e-Tender,2022-12-01,15,3,2,0,0.5,Open e-Tender,1120000.0,1120000.0,-0.0572,0.0153,0.9875,0.021,0,0,0,0,0.105,0.299,1
TND-000160,MPLADS-000160,1,Open e-Tender,2022-09-08,19,3,2,0,0.5,Open e-Tender,1830000.0,1830000.0,0.0105,0.0216,0.8985,0.223,0,0,0,0,0.308,0.106,1
TND-000161,MPLADS-000161,1,Open e-Tender,2022-11-06,15,5,5,0,0.833,Open e-Tender,12016000.0,12016000.0,-0.0397,0.0302,0.8703,0.117,0,0,0,0,0.668,0.111,1
TND-000162,MPLADS-000162,1,Open e-Tender,2023-03-12,20,5,4,0,0.833,Open e-Tender,2429000.0,2429000.0,-0.0045,0.0415,0.9825,0.117,0,0,0,1,0.437,0.462,1
TND-000163,MPLADS-000163,1,Open e-Tender,2023-09-03,20,5,5,0,0.833,Open e-Tender,449000.0,449000.0,-0.078,0.0286,0.9283,0.207,0,0,0,0,0.399,0.401,1
TND-000164,MPLADS-000164,1,Open e-Tender,2022-08-24,19,5,5,0,0.833,Open e-Tender,587000.0,587000.0,-0.0051,0.05,0.9338,0.17,0,0,0,1,0.557,0.47,1
TND-000165,MPLADS-000165,1,Direct / Single Inquiry,2023-03-04,25,1,1,1,0.167,Single Tender Inquiry,2959000.0,2959000.0,-0.0074,0.0238,0.0,0.008,0,0,0,0,0.279,0.188,0
TND-000166,MPLADS-000166,1,Open e-Tender,2023-05-23,28,3,3,0,0.5,Open e-Tender,2012000.0,2012000.0,-0.0074,0.0411,0.9431,0.102,0,0,0,0,0.671,0.295,1
TND-000167,MPLADS-000167,1,Open e-Tender,2023-11-09,17,3,2,0,0.5,Open e-Tender,1403000.0,1403000.0,-0.0764,0.0125,0.9129,0.171,0,0,0,0,0.58,0.389,1
TND-000168,MPLADS-000168,1,Open e-Tender,2022-11-11,23,4,3,0,0.667,Open e-Tender,3301000.0,3301000.0,-0.0495,0.04,0.9101,0.038,0,0,0,0,0.386,0.405,1
TND-000169,MPLADS-000169,1,Open e-Tender,2023-06-09,21,4,3,0,0.667,Open e-Tender,1581000.0,1581000.0,-0.0716,0.0292,0.9513,0.236,0,0,0,0,0.252,0.094,1
TND-000170,MPLADS-000170,1,Open e-Tender,2023-03-03,14,5,5,0,0.833,Open e-Tender,1627000.0,1627000.0,-0.0463,0.0282,0.9266,0.191,0,0,0,1,0.311,0.306,1
TND-000171,MPLADS-000171,1,Open e-Tender,2022-04-15,24,5,4,0,0.833,Open e-Tender,16412000.0,16412000.0,-0.0208,0.0475,0.8606,0.178,0,0,0,1,0.279,0.096,1
TND-000172,MPLADS-000172,1,Open e-Tender,2022-09-10,14,6,6,0,1.0,Open e-Tender,11921000.0,11921000.0,-0.0692,0.0253,0.9121,0.149,1,0,0,1,0.415,0.482,1
TND-000173,MPLADS-000173,1,Open e-Tender,2022-05-30,24,6,5,0,1.0,Open e-Tender,2972000.0,2972000.0,-0.0319,0.0303,0.9027,0.18,0,0,0,0,0.383,0.11,1
TND-000174,MPLADS-000174,1,Open e-Tender,2023-05-15,16,4,4,0,0.667,Open e-Tender,1873000.0,1873000.0,-0.0183,0.0135,0.9376,0.146,0,0,0,0,0.474,0.253,1
TND-000175,MPLADS-000175,1,Open e-Tender,2022-03-30,15,5,4,0,0.833,Open e-Tender,3182000.0,3182000.0,-0.0566,0.0428,0.9541,0.072,0,0,0,0,0.374,0.214,1
TND-000176,MPLADS-000176,1,Open e-Tender,2023-08-29,17,7,6,0,1.0,Open e-Tender,1961000.0,1961000.0,-0.0306,0.0241,0.9805,0.205,0,0,0,0,0.16,0.386,1
TND-000177,MPLADS-000177,1,Open e-Tender,2022-03-14,19,4,3,0,0.667,Open e-Tender,1649000.0,1649000.0,-0.0501,0.043,0.9576,0.003,0,0,0,1,0.121,0.372,1
TND-000178,MPLADS-000178,1,Open e-Tender,2023-11-02,14,4,3,0,0.667,Open e-Tender,1880000.0,1880000.0,-0.0188,0.0022,0.9071,0.208,1,0,0,0,0.702,0.234,1
TND-000179,MPLADS-000179,1,Open e-Tender,2023-06-01,18,6,5,0,1.0,Open e-Tender,1815000.0,1815000.0,-0.0567,0.0314,0.8776,0.008,0,0,0,0,0.14,0.31,1
TND-000180,MPLADS-000180,1,Open e-Tender,2023-10-31,17,7,6,0,1.0,Open e-Tender,2454000.0,2454000.0,-0.0697,0.0107,0.9147,0.009,0,0,0,1,0.268,0.16,1
TND-000181,MPLADS-000181,1,Open e-Tender,2023-10-13,18,6,5,0,1.0,Open e-Tender,1325000.0,1325000.0,0.0122,0.0376,0.8714,0.057,0,0,0,0,0.21,0.372,1
TND-000182,MPLADS-000182,1,Open e-Tender,2022-09-20,23,3,3,0,0.5,Open e-Tender,2845000.0,2845000.0,-0.0539,0.0499,0.883,0.124,0,0,0,0,0.125,0.281,1
TND-000183,MPLADS-000183,1,Open e-Tender,2023-10-24,14,3,3,0,0.5,Open e-Tender,2747000.0,2747000.0,-0.0485,0.0393,0.8993,0.23,0,0,0,0,0.704,0.299,1
TND-000184,MPLADS-000184,1,Open e-Tender,2022-01-22,19,3,3,0,0.5,Open e-Tender,4124000.0,4124000.0,-0.0115,0.0314,0.9338,0.017,1,0,0,0,0.674,0.122,1
TND-000185,MPLADS-000185,1,Open e-Tender,2023-05-23,17,5,5,0,0.833,Open e-Tender,1884000.0,1884000.0,0.0107,0.0034,0.9095,0.142,0,0,0,1,0.395,0.212,1
TND-000186,MPLADS-000186,1,Direct / Single Inquiry,2022-12-13,18,1,1,1,0.167,Single Tender Inquiry,3293000.0,3293000.0,-0.0411,0.0489,0.0,0.049,0,0,0,0,0.195,0.165,0
TND-000187,MPLADS-000187,1,Open e-Tender,2022-12-06,17,4,3,0,0.667,Open e-Tender,1675000.0,1675000.0,-0.0797,0.027,0.9218,0.024,0,0,0,0,0.49,0.343,1
TND-000188,MPLADS-000188,1,Open e-Tender,2023-04-08,15,7,7,0,1.0,Open e-Tender,1751000.0,1751000.0,0.0116,0.0311,0.9492,0.209,1,0,0,0,0.543,0.462,1
TND-000189,MPLADS-000189,1,Open e-Tender,2022-12-04,29,6,5,0,1.0,Open e-Tender,787000.0,787000.0,-0.0484,0.0257,0.8768,0.18,0,0,0,0,0.685,0.218,1
TND-000190,MPLADS-000190,1,Open e-Tender,2022-06-22,26,5,4,0,0.833,Open e-Tender,2578000.0,2578000.0,-0.0659,0.047,0.8651,0.221,1,0,0,0,0.22,0.23,1
TND-000191,MPLADS-000191,1,Open e-Tender,2022-06-06,29,3,3,0,0.5,Open e-Tender,16382000.0,16382000.0,0.0047,0.0311,0.913,0.153,0,0,0,1,0.324,0.256,1
TND-000192,MPLADS-000192,1,Open e-Tender,2022-11-04,23,3,3,0,0.5,Open e-Tender,2399000.0,2399000.0,-0.0196,0.0396,0.9262,0.141,1,0,0,0,0.101,0.467,1
TND-000193,MPLADS-000193,1,Open e-Tender,2023-06-12,21,7,7,0,1.0,Open e-Tender,1135000.0,1135000.0,-0.0105,0.0428,0.9009,0.024,0,0,0,0,0.146,0.209,1
TND-000194,MPLADS-000194,1,Open e-Tender,2022-08-22,28,7,6,0,1.0,Open e-Tender,2138000.0,2138000.0,-0.0193,0.0137,0.87,0.101,0,0,0,1,0.393,0.321,1
TND-000195,MPLADS-000195,1,Open e-Tender,2023-01-17,25,7,6,0,1.0,Open e-Tender,1023000.0,1023000.0,-0.001,0.0083,0.9648,0.05,0,0,0,0,0.154,0.09,1
TND-000196,MPLADS-000196,1,Open e-Tender,2023-01-22,22,5,4,0,0.833,Open e-Tender,3404000.0,3404000.0,-0.0362,0.018,0.9559,0.209,1,0,0,0,0.597,0.197,1
TND-000197,MPLADS-000197,1,Open e-Tender,2022-05-02,16,4,3,0,0.667,Open e-Tender,2347000.0,2347000.0,0.0121,0.0456,0.8739,0.092,0,0,0,0,0.386,0.229,1
TND-000198,MPLADS-000198,1,Open e-Tender,2022-11-08,18,6,5,0,1.0,Open e-Tender,575000.0,575000.0,-0.0605,0.0098,0.8605,0.213,0,0,0,0,0.227,0.375,1
TND-000199,MPLADS-000199,1,Open e-Tender,2023-06-13,14,6,6,0,1.0,Open e-Tender,2169000.0,2169000.0,-0.0619,0.0209,0.9826,0.173,0,0,0,0,0.184,0.403,1
TND-000200,MPLADS-000200,1,Open e-Tender,2023-03-04,20,7,6,0,1.0,Open e-Tender,7911000.0,7911000.0,-0.047,0.0035,0.8829,0.004,0,0,0,1,0.392,0.342,1
TND-000201,MPLADS-000201,1,Open e-Tender,2023-09-03,28,5,5,0,0.833,Open e-Tender,1880000.0,1880000.0,-0.0021,0.0245,0.8846,0.027,0,0,0,1,0.156,0.482,1
TND-000202,MPLADS-000202,1,Open e-Tender,2022-01-25,24,4,4,0,0.667,Open e-Tender,2934000.0,2934000.0,-0.033,0.0038,0.9031,0.133,0,0,0,0,0.283,0.222,1
TND-000203,MPLADS-000203,1,Open e-Tender,2022-11-18,28,5,5,0,0.833,Open e-Tender,684000.0,684000.0,-0.063,0.0051,0.9093,0.245,1,0,0,0,0.261,0.313,1
TND-000204,MPLADS-000204,1,Open e-Tender,2022-10-22,14,5,5,0,0.833,Open e-Tender,14294000.0,14294000.0,-0.0086,0.0255,0.9893,0.102,0,0,0,0,0.435,0.255,1
TND-000205,MPLADS-000205,1,Open e-Tender,2023-12-17,18,5,4,0,0.833,Open e-Tender,2351000.0,2351000.0,0.0103,0.0189,0.8536,0.174,0,0,0,0,0.213,0.327,1
TND-000206,MPLADS-000206,1,Open e-Tender,2022-08-06,27,7,6,0,1.0,Open e-Tender,1819000.0,1819000.0,-0.056,0.0272,0.8848,0.22,1,0,0,0,0.586,0.483,1
TND-000207,MPLADS-000207,1,Open e-Tender,2023-08-08,18,7,6,0,1.0,Open e-Tender,3051000.0,3051000.0,-0.0068,0.0157,0.9485,0.071,0,0,0,0,0.691,0.253,1
TND-000208,MPLADS-000208,1,Open e-Tender,2023-07-31,25,5,4,0,0.833,Open e-Tender,1417000.0,1417000.0,-0.0733,0.0141,0.8574,0.188,0,0,0,1,0.681,0.47,1
TND-000209,MPLADS-000209,1,Open e-Tender,2022-11-22,16,7,7,0,1.0,Open e-Tender,3050000.0,3050000.0,0.0066,0.0221,0.8824,0.188,0,0,0,0,0.202,0.257,1
TND-000210,MPLADS-000210,1,Open e-Tender,2023-10-19,25,3,3,0,0.5,Open e-Tender,1937000.0,1937000.0,-0.0232,0.0111,0.9889,0.103,0,0,0,0,0.527,0.143,1
TND-000211,MPLADS-000211,1,Open e-Tender,2022-04-09,27,6,5,0,1.0,Open e-Tender,2927000.0,2927000.0,0.0111,0.0002,0.9446,0.079,0,0,0,0,0.371,0.063,1
TND-000212,MPLADS-000212,1,Open e-Tender,2023-06-09,26,7,7,0,1.0,Open e-Tender,1793000.0,1793000.0,-0.0573,0.037,0.9861,0.231,0,0,0,0,0.356,0.379,1
TND-000213,MPLADS-000213,1,Open e-Tender,2023-01-24,15,6,5,0,1.0,Open e-Tender,2015000.0,2015000.0,-0.0199,0.0197,0.8545,0.131,0,0,0,1,0.324,0.111,1
TND-000214,MPLADS-000214,1,Open e-Tender,2022-02-28,25,6,5,0,1.0,Open e-Tender,12153000.0,12153000.0,-0.04,0.0091,0.9659,0.031,0,0,0,0,0.513,0.323,1
TND-000215,MPLADS-000215,1,Open e-Tender,2022-05-31,19,7,6,0,1.0,Open e-Tender,2606000.0,2606000.0,-0.0265,0.0027,0.9761,0.232,0,0,0,1,0.472,0.079,1
TND-000216,MPLADS-000216,1,Open e-Tender,2022-05-24,27,3,3,0,0.5,Open e-Tender,15666000.0,15666000.0,-0.0074,0.0119,0.9004,0.16,0,0,0,1,0.625,0.439,1
TND-000217,MPLADS-000217,1,Open e-Tender,2023-12-03,18,5,4,0,0.833,Open e-Tender,461000.0,461000.0,0.0044,0.0274,0.9486,0.077,1,0,0,0,0.203,0.07,1
TND-000218,MPLADS-000218,1,Open e-Tender,2022-04-26,25,6,5,0,1.0,Open e-Tender,475000.0,475000.0,-0.0084,0.0205,0.867,0.023,0,0,0,1,0.656,0.19,1
TND-000219,MPLADS-000219,1,Open e-Tender,2022-11-06,27,6,6,0,1.0,Open e-Tender,2657000.0,2657000.0,-0.0736,0.0122,0.9284,0.152,0,0,0,0,0.465,0.264,1
TND-000220,MPLADS-000220,1,Open e-Tender,2022-12-03,29,7,7,0,1.0,Open e-Tender,1039000.0,1039000.0,-0.0698,0.0494,0.934,0.04,1,0,0,0,0.125,0.087,1
TND-000221,MPLADS-000221,1,Open e-Tender,2023-03-08,20,4,3,0,0.667,Open e-Tender,998000.0,998000.0,0.004,0.0183,0.8959,0.193,0,0,0,0,0.57,0.244,1
TND-000222,MPLADS-000222,1,Open e-Tender,2022-09-10,21,7,7,0,1.0,Open e-Tender,2635000.0,2635000.0,-0.0164,0.0451,0.9822,0.064,0,0,0,0,0.166,0.184,1
TND-000223,MPLADS-000223,1,Open e-Tender,2023-01-31,26,6,5,0,1.0,Open e-Tender,1111000.0,1111000.0,0.0193,0.0475,0.8886,0.031,0,0,0,0,0.562,0.451,1
TND-000224,MPLADS-000224,1,Open e-Tender,2023-08-30,29,7,6,0,1.0,Open e-Tender,2344000.0,2344000.0,-0.0246,0.0263,0.935,0.149,0,0,0,1,0.118,0.309,1
TND-000225,MPLADS-000225,1,Open e-Tender,2023-03-26,15,6,6,0,1.0,Open e-Tender,623000.0,623000.0,-0.0189,0.0136,0.9677,0.064,0,0,0,0,0.644,0.353,1
TND-000226,MPLADS-000226,1,Open e-Tender,2023-11-07,16,7,6,0,1.0,Open e-Tender,3192000.0,3192000.0,-0.0759,0.044,0.9349,0.08,0,0,0,0,0.451,0.165,1
TND-000227,MPLADS-000227,1,Open e-Tender,2022-01-25,28,3,2,0,0.5,Open e-Tender,600000.0,600000.0,-0.0066,0.0108,0.9466,0.168,0,0,0,0,0.22,0.289,1
TND-000228,MPLADS-000228,1,Direct / Single Inquiry,2022-04-18,18,1,1,1,0.167,Single Tender Inquiry,2652000.0,2652000.0,-0.075,0.0027,0.0,0.011,1,0,0,0,0.649,0.113,0
TND-000229,MPLADS-000229,1,Open e-Tender,2022-02-19,18,7,6,0,1.0,Open e-Tender,2074000.0,2074000.0,0.0122,0.0222,0.9687,0.105,0,0,0,0,0.558,0.4,1
TND-000230,MPLADS-000230,1,Open e-Tender,2023-01-15,15,5,4,0,0.833,Open e-Tender,2394000.0,2394000.0,0.0067,0.0038,0.8514,0.116,0,0,0,0,0.38,0.208,1
TND-000231,MPLADS-000231,1,Open e-Tender,2023-03-13,21,5,4,0,0.833,Open e-Tender,943000.0,943000.0,-0.0645,0.0059,0.9437,0.082,0,0,0,0,0.61,0.203,1
TND-000232,MPLADS-000232,1,Open e-Tender,2022-06-20,28,7,6,0,1.0,Open e-Tender,630000.0,630000.0,-0.0735,0.0166,0.9491,0.149,1,0,0,1,0.71,0.149,1
TND-000233,MPLADS-000233,1,Open e-Tender,2023-06-18,23,5,5,0,0.833,Open e-Tender,13406000.0,13406000.0,-0.0782,0.0192,0.9482,0.05,0,0,0,1,0.442,0.163,1
TND-000234,MPLADS-000234,1,Open e-Tender,2022-02-02,24,5,4,0,0.833,Open e-Tender,663000.0,663000.0,-0.0501,0.0458,0.8794,0.211,0,0,0,0,0.705,0.482,1
TND-000235,MPLADS-000235,1,Open e-Tender,2022-02-20,23,6,6,0,1.0,Open e-Tender,753000.0,753000.0,-0.0646,0.0216,0.9843,0.01,0,0,0,1,0.631,0.266,1
TND-000236,MPLADS-000236,1,Open e-Tender,2023-06-17,18,6,5,0,1.0,Open e-Tender,3384000.0,3384000.0,0.0111,0.0464,0.9164,0.173,0,0,0,0,0.412,0.473,1
TND-000237,MPLADS-000237,1,Open e-Tender,2022-12-22,14,6,5,0,1.0,Open e-Tender,1187000.0,1187000.0,-0.0342,0.0083,0.9319,0.047,0,0,0,0,0.401,0.195,1
TND-000238,MPLADS-000238,1,Open e-Tender,2023-10-24,27,7,6,0,1.0,Open e-Tender,1203000.0,1203000.0,-0.0008,0.0131,0.9809,0.234,0,0,0,0,0.251,0.318,1
TND-000239,MPLADS-000239,1,Open e-Tender,2023-02-12,24,6,6,0,1.0,Open e-Tender,2501000.0,2501000.0,-0.0257,0.01,0.9427,0.109,0,0,0,0,0.134,0.057,1
TND-000240,MPLADS-000240,1,Open e-Tender,2023-05-12,29,5,4,0,0.833,Open e-Tender,982000.0,982000.0,-0.0674,0.0111,0.8686,0.202,0,0,0,0,0.252,0.287,1
TND-000241,MPLADS-000241,1,Open e-Tender,2023-09-16,23,6,6,0,1.0,Open e-Tender,2922000.0,2922000.0,-0.0224,0.033,0.9569,0.156,0,0,0,0,0.516,0.455,1
TND-000242,MPLADS-000242,1,Open e-Tender,2022-03-31,14,5,5,0,0.833,Open e-Tender,532000.0,532000.0,0.0057,0.004,0.9286,0.102,0,0,0,0,0.745,0.238,1
TND-000243,MPLADS-000243,1,Open e-Tender,2023-03-19,25,5,4,0,0.833,Open e-Tender,2045000.0,2045000.0,-0.0506,0.0188,0.9285,0.061,0,0,0,0,0.312,0.204,1
TND-000244,MPLADS-000244,1,Open e-Tender,2022-07-20,16,7,6,0,1.0,Open e-Tender,2201000.0,2201000.0,-0.0165,0.0161,0.8953,0.141,0,0,0,1,0.594,0.129,1
TND-000245,MPLADS-000245,1,Open e-Tender,2023-07-10,16,7,7,0,1.0,Open e-Tender,613000.0,613000.0,0.0033,0.0221,0.922,0.036,0,0,0,0,0.251,0.308,1
TND-000246,MPLADS-000246,1,Open e-Tender,2023-12-02,28,5,4,0,0.833,Open e-Tender,2002000.0,2002000.0,-0.0253,0.0289,0.9113,0.014,0,0,0,0,0.269,0.405,1
TND-000247,MPLADS-000247,1,Open e-Tender,2022-09-02,23,7,6,0,1.0,Open e-Tender,11790000.0,11790000.0,-0.0398,0.0134,0.9353,0.086,0,0,0,0,0.749,0.19,1
TND-000248,MPLADS-000248,1,Open e-Tender,2022-11-04,20,3,2,0,0.5,Open e-Tender,2372000.0,2372000.0,-0.0121,0.0365,0.9797,0.092,0,0,0,1,0.311,0.281,1
TND-000249,MPLADS-000249,1,Open e-Tender,2022-10-08,17,5,5,0,0.833,Open e-Tender,1825000.0,1825000.0,-0.0183,0.0413,0.9724,0.041,0,0,0,1,0.39,0.12,1
TND-000250,MPLADS-000250,1,Open e-Tender,2022-01-20,20,4,4,0,0.667,Open e-Tender,645000.0,645000.0,-0.0373,0.0216,0.8752,0.005,0,0,0,0,0.113,0.186,1
TND-000251,MPLADS-000251,1,Open e-Tender,2023-06-01,20,3,2,0,0.5,Open e-Tender,2890000.0,2890000.0,-0.0418,0.0452,0.8955,0.1,0,0,0,1,0.561,0.414,1
TND-000252,MPLADS-000252,1,Open e-Tender,2022-03-12,25,3,3,0,0.5,Open e-Tender,2237000.0,2237000.0,-0.0084,0.0001,0.8622,0.11,0,0,0,0,0.11,0.316,1
TND-000253,MPLADS-000253,1,Open e-Tender,2022-01-29,23,4,4,0,0.667,Open e-Tender,631000.0,631000.0,-0.0217,0.048,0.9351,0.002,0,0,0,0,0.279,0.424,1
TND-000254,MPLADS-000254,1,Open e-Tender,2023-04-17,22,6,5,0,1.0,Open e-Tender,506000.0,506000.0,-0.0681,0.0285,0.9368,0.22,0,0,0,0,0.318,0.28,1
TND-000255,MPLADS-000255,1,Open e-Tender,2022-10-23,26,7,6,0,1.0,Open e-Tender,551000.0,551000.0,0.0166,0.0057,0.9796,0.06,0,0,0,0,0.581,0.064,1
TND-000256,MPLADS-000256,1,Open e-Tender,2022-08-04,24,3,3,0,0.5,Open e-Tender,2844000.0,2844000.0,-0.0555,0.0297,0.9795,0.23,0,0,0,0,0.563,0.481,1
TND-000257,MPLADS-000257,1,Open e-Tender,2022-03-31,14,6,5,0,1.0,Open e-Tender,10960000.0,10960000.0,-0.0177,0.0264,0.8829,0.142,0,0,0,0,0.653,0.282,1
TND-000258,MPLADS-000258,1,Open e-Tender,2023-07-04,27,5,5,0,0.833,Open e-Tender,2088000.0,2088000.0,-0.0522,0.0412,0.8838,0.028,0,0,0,0,0.416,0.393,1
TND-000259,MPLADS-000259,1,Open e-Tender,2022-11-28,14,7,6,0,1.0,Open e-Tender,696000.0,696000.0,-0.0569,0.035,0.8579,0.231,0,0,0,0,0.184,0.116,1
TND-000260,MPLADS-000260,1,Open e-Tender,2022-03-14,29,6,5,0,1.0,Open e-Tender,1940000.0,1940000.0,-0.0744,0.0159,0.874,0.243,0,0,0,0,0.167,0.084,1
TND-000261,MPLADS-000261,1,Open e-Tender,2023-11-26,21,4,3,0,0.667,Open e-Tender,414000.0,414000.0,-0.0259,0.0231,0.8749,0.048,0,0,0,0,0.352,0.278,1
TND-000262,MPLADS-000262,1,Open e-Tender,2023-07-08,24,5,4,0,0.833,Open e-Tender,3304000.0,3304000.0,-0.0445,0.0189,0.9766,0.177,0,0,0,0,0.113,0.302,1
TND-000263,MPLADS-000263,1,Open e-Tender,2023-04-22,22,5,4,0,0.833,Open e-Tender,1067000.0,1067000.0,-0.0387,0.0358,0.8726,0.233,0,0,0,0,0.679,0.494,1
TND-000264,MPLADS-000264,1,Open e-Tender,2022-06-25,22,5,5,0,0.833,Open e-Tender,2887000.0,2887000.0,0.0191,0.0348,0.9126,0.214,0,0,0,1,0.367,0.355,1
TND-000265,MPLADS-000265,1,Open e-Tender,2023-07-01,22,4,4,0,0.667,Open e-Tender,3522000.0,3522000.0,-0.0249,0.0229,0.9054,0.058,1,0,0,1,0.304,0.432,1
TND-000266,MPLADS-000266,1,Open e-Tender,2022-05-16,26,5,4,0,0.833,Open e-Tender,3286000.0,3286000.0,-0.0536,0.0179,0.9824,0.242,0,0,0,1,0.697,0.285,1
TND-000267,MPLADS-000267,1,Open e-Tender,2022-11-04,27,7,6,0,1.0,Open e-Tender,1349000.0,1349000.0,-0.05,0.0134,0.938,0.092,0,0,0,0,0.288,0.441,1
TND-000268,MPLADS-000268,1,Open e-Tender,2022-06-22,15,6,5,0,1.0,Open e-Tender,2726000.0,2726000.0,-0.0632,0.0432,0.892,0.019,0,0,0,0,0.44,0.325,1
TND-000269,MPLADS-000269,1,Open e-Tender,2023-01-08,23,3,2,0,0.5,Open e-Tender,1177000.0,1177000.0,-0.0666,0.0279,0.9161,0.141,0,0,0,0,0.612,0.226,1
TND-000270,MPLADS-000270,1,Open e-Tender,2022-04-21,15,3,3,0,0.5,Open e-Tender,1306000.0,1306000.0,-0.0474,0.0045,0.9387,0.091,0,0,0,0,0.43,0.329,1
TND-000271,MPLADS-000271,1,Open e-Tender,2023-03-26,25,3,3,0,0.5,Open e-Tender,3233000.0,3233000.0,0.0154,0.0275,0.8947,0.182,0,0,0,0,0.494,0.431,1
TND-000272,MPLADS-000272,1,Open e-Tender,2023-01-26,16,6,6,0,1.0,Open e-Tender,2213000.0,2213000.0,-0.0366,0.0159,0.9061,0.071,0,0,0,1,0.113,0.315,1
TND-000273,MPLADS-000273,1,Open e-Tender,2023-04-17,23,7,7,0,1.0,Open e-Tender,743000.0,743000.0,-0.0462,0.0034,0.8709,0.157,0,0,0,0,0.512,0.052,1
TND-000274,MPLADS-000274,1,Open e-Tender,2022-05-22,29,5,5,0,0.833,Open e-Tender,1637000.0,1637000.0,-0.0006,0.0418,0.9036,0.053,0,0,0,0,0.553,0.332,1
TND-000275,MPLADS-000275,1,Open e-Tender,2023-06-11,19,5,5,0,0.833,Open e-Tender,738000.0,738000.0,0.0082,0.0457,0.8941,0.007,1,0,0,0,0.618,0.21,1
TND-000276,MPLADS-000276,1,Open e-Tender,2023-11-08,20,5,4,0,0.833,Open e-Tender,1460000.0,1460000.0,-0.0247,0.0328,0.9026,0.005,0,0,0,0,0.676,0.496,1
TND-000277,MPLADS-000277,1,Open e-Tender,2023-06-29,26,7,7,0,1.0,Open e-Tender,1976000.0,1976000.0,-0.059,0.0475,0.9416,0.043,0,0,0,0,0.467,0.091,1
TND-000278,MPLADS-000278,1,Open e-Tender,2022-04-12,29,7,7,0,1.0,Open e-Tender,1755000.0,1755000.0,0.0063,0.0347,0.9826,0.13,0,0,0,0,0.741,0.059,1
TND-000279,MPLADS-000279,1,Open e-Tender,2023-01-06,22,3,3,0,0.5,Open e-Tender,1403000.0,1403000.0,-0.0147,0.0291,0.9827,0.07,1,0,0,0,0.219,0.176,1
TND-000280,MPLADS-000280,1,Open e-Tender,2022-09-16,26,7,6,0,1.0,Open e-Tender,1603000.0,1603000.0,-0.0074,0.0427,0.9144,0.197,1,0,0,0,0.278,0.472,1
TND-000281,MPLADS-000281,1,Open e-Tender,2022-09-10,24,5,4,0,0.833,Open e-Tender,17001000.0,17001000.0,0.0049,0.0246,0.9591,0.024,0,0,0,1,0.434,0.121,1
TND-000282,MPLADS-000282,1,Open e-Tender,2022-10-23,23,3,2,0,0.5,Open e-Tender,969000.0,969000.0,-0.0736,0.0393,0.8887,0.246,0,0,0,0,0.555,0.128,1
TND-000283,MPLADS-000283,1,Open e-Tender,2023-07-20,26,5,5,0,0.833,Open e-Tender,4259000.0,4259000.0,0.015,0.0209,0.8721,0.081,0,0,0,1,0.296,0.26,1
TND-000284,MPLADS-000284,1,Open e-Tender,2023-06-02,23,5,4,0,0.833,Open e-Tender,3115000.0,3115000.0,-0.0699,0.0481,0.8738,0.005,0,0,0,0,0.588,0.199,1
TND-000285,MPLADS-000285,1,Open e-Tender,2022-03-10,29,5,5,0,0.833,Open e-Tender,1633000.0,1633000.0,-0.0561,0.0417,0.9308,0.196,0,0,0,0,0.729,0.399,1
TND-000286,MPLADS-000286,1,Open e-Tender,2023-05-14,16,3,3,0,0.5,Open e-Tender,3113000.0,3113000.0,-0.0609,0.0405,0.8659,0.09,0,0,0,0,0.309,0.3,1
TND-000287,MPLADS-000287,1,Open e-Tender,2022-07-27,22,6,5,0,1.0,Open e-Tender,2468000.0,2468000.0,-0.0788,0.0059,0.9878,0.086,0,0,0,0,0.638,0.22,1
TND-000288,MPLADS-000288,1,Open e-Tender,2022-10-10,28,5,4,0,0.833,Open e-Tender,11615000.0,11615000.0,-0.0476,0.0098,0.955,0.2,0,0,0,1,0.605,0.101,1
TND-000289,MPLADS-000289,1,Open e-Tender,2022-04-07,15,6,6,0,1.0,Open e-Tender,1810000.0,1810000.0,-0.0377,0.023,0.8508,0.146,0,0,0,0,0.212,0.457,1
TND-000290,MPLADS-000290,1,Open e-Tender,2022-09-27,22,4,4,0,0.667,Open e-Tender,2039000.0,2039000.0,-0.0192,0.0223,0.9177,0.115,0,0,0,1,0.705,0.3,1
TND-000291,MPLADS-000291,1,Open e-Tender,2022-03-22,28,3,3,0,0.5,Open e-Tender,2106000.0,2106000.0,0.0184,0.0275,0.8867,0.122,1,0,0,0,0.426,0.272,1
TND-000292,MPLADS-000292,1,Open e-Tender,2023-11-04,22,4,4,0,0.667,Open e-Tender,2339000.0,2339000.0,-0.0457,0.0281,0.9886,0.013,0,0,0,0,0.723,0.204,1
TND-000293,MPLADS-000293,1,Open e-Tender,2023-10-12,24,4,3,0,0.667,Open e-Tender,1914000.0,1914000.0,0.0005,0.023,0.8617,0.103,0,0,0,0,0.244,0.445,1
TND-000294,MPLADS-000294,1,Open e-Tender,2022-08-14,23,4,4,0,0.667,Open e-Tender,52613000.0,52613000.0,-0.0759,0.0362,0.8926,0.11,0,0,0,0,0.55,0.054,1
TND-000295,MPLADS-000295,1,Open e-Tender,2023-10-14,14,4,4,0,0.667,Open e-Tender,423000.0,423000.0,-0.0117,0.0059,0.8732,0.081,0,0,0,0,0.652,0.371,1
TND-000296,MPLADS-000296,1,Open e-Tender,2022-08-03,26,5,4,0,0.833,Open e-Tender,2149000.0,2149000.0,-0.0156,0.034,0.9693,0.084,0,0,0,0,0.379,0.13,1
TND-000297,MPLADS-000297,1,Open e-Tender,2022-11-04,25,3,3,0,0.5,Open e-Tender,3714000.0,3714000.0,-0.0738,0.0021,0.9532,0.06,0,0,0,0,0.58,0.233,1
TND-000298,MPLADS-000298,1,Open e-Tender,2022-10-24,19,5,4,0,0.833,Open e-Tender,2421000.0,2421000.0,-0.0094,0.0137,0.961,0.198,0,0,0,0,0.532,0.216,1
TND-000299,MPLADS-000299,1,Open e-Tender,2022-08-12,21,5,4,0,0.833,Open e-Tender,12951000.0,12951000.0,-0.0352,0.0494,0.969,0.124,0,0,0,0,0.174,0.088,1
TND-000300,MPLADS-000300,1,Open e-Tender,2022-10-09,22,3,3,0,0.5,Open e-Tender,8253000.0,8253000.0,-0.0606,0.023,0.9846,0.187,0,0,0,0,0.639,0.45,1
TND-000301,MPLADS-000301,1,Open e-Tender,2022-02-22,20,4,4,0,0.667,Open e-Tender,1024000.0,1024000.0,-0.0058,0.0398,0.9481,0.172,0,0,0,0,0.425,0.392,1
TND-000302,MPLADS-000302,1,Open e-Tender,2022-07-04,28,7,6,0,1.0,Open e-Tender,14610000.0,14610000.0,0.0192,0.0437,0.8636,0.099,0,0,0,0,0.307,0.371,1
TND-000303,MPLADS-000303,1,Direct / Single Inquiry,2023-07-07,18,1,1,1,0.167,Single Tender Inquiry,486000.0,486000.0,-0.0299,0.0251,0.0,0.007,0,0,0,0,0.606,0.276,0
TND-000304,MPLADS-000304,1,Open e-Tender,2023-12-19,25,7,6,0,1.0,Open e-Tender,15720000.0,15720000.0,-0.0632,0.0437,0.9368,0.04,0,0,0,0,0.432,0.165,1
TND-000305,MPLADS-000305,1,Open e-Tender,2023-11-09,14,6,6,0,1.0,Open e-Tender,2628000.0,2628000.0,0.0119,0.0037,0.9852,0.201,0,0,0,0,0.638,0.412,1
TND-000306,MPLADS-000306,1,Open e-Tender,2023-01-23,20,4,4,0,0.667,Open e-Tender,7737000.0,7737000.0,-0.0521,0.0062,0.9,0.197,0,0,0,0,0.686,0.162,1
TND-000307,MPLADS-000307,1,Open e-Tender,2022-08-16,16,3,3,0,0.5,Open e-Tender,5028000.0,5028000.0,-0.0588,0.0487,0.9897,0.195,0,0,0,0,0.45,0.208,1
TND-000308,MPLADS-000308,1,Open e-Tender,2023-07-18,23,4,3,0,0.667,Open e-Tender,1778000.0,1778000.0,-0.0792,0.0436,0.9077,0.027,0,0,0,1,0.62,0.201,1
TND-000309,MPLADS-000309,1,Open e-Tender,2023-01-16,24,7,6,0,1.0,Open e-Tender,2712000.0,2712000.0,-0.0066,0.016,0.8524,0.219,0,0,0,0,0.453,0.417,1
TND-000310,MPLADS-000310,1,Open e-Tender,2022-10-25,26,7,7,0,1.0,Open e-Tender,418000.0,418000.0,-0.0256,0.0077,0.8768,0.125,0,0,0,0,0.738,0.068,1
TND-000311,MPLADS-000311,1,Open e-Tender,2022-11-29,25,4,4,0,0.667,Open e-Tender,2167000.0,2167000.0,-0.0664,0.0477,0.8832,0.174,0,0,0,0,0.243,0.41,1
TND-000312,MPLADS-000312,1,Open e-Tender,2023-09-18,27,5,4,0,0.833,Open e-Tender,11516000.0,11516000.0,-0.0079,0.0404,0.8657,0.248,0,0,0,0,0.575,0.484,1
TND-000313,MPLADS-000313,1,Open e-Tender,2023-06-13,15,4,3,0,0.667,Open e-Tender,436000.0,436000.0,0.0,0.0177,0.9162,0.233,0,0,0,0,0.711,0.165,1
TND-000314,MPLADS-000314,1,Direct / Single Inquiry,2023-07-18,28,1,1,1,0.167,Single Tender Inquiry,1337000.0,1337000.0,0.0175,0.019,0.0,0.24,0,0,0,0,0.285,0.439,0
TND-000315,MPLADS-000315,1,Open e-Tender,2022-06-20,19,6,5,0,1.0,Open e-Tender,2078000.0,2078000.0,-0.0317,0.0374,0.9655,0.05,0,0,0,0,0.199,0.091,1
TND-000316,MPLADS-000316,1,Open e-Tender,2023-03-04,15,7,6,0,1.0,Open e-Tender,54110000.0,54110000.0,-0.0637,0.0138,0.9896,0.003,1,0,0,0,0.138,0.332,1
TND-000317,MPLADS-000317,1,Open e-Tender,2023-02-10,28,7,7,0,1.0,Open e-Tender,12281000.0,12281000.0,0.0045,0.0195,0.9634,0.224,1,0,0,1,0.54,0.442,1
TND-000318,MPLADS-000318,1,Open e-Tender,2022-01-10,26,7,6,0,1.0,Open e-Tender,9063000.0,9063000.0,0.0101,0.0073,0.9259,0.093,1,0,0,0,0.268,0.093,1
TND-000319,MPLADS-000319,1,Open e-Tender,2023-04-25,29,6,6,0,1.0,Open e-Tender,1848000.0,1848000.0,-0.032,0.029,0.895,0.053,0,0,0,0,0.313,0.472,1
TND-000320,MPLADS-000320,1,Open e-Tender,2022-05-18,28,7,7,0,1.0,Open e-Tender,648000.0,648000.0,-0.0211,0.0121,0.9673,0.099,0,0,0,0,0.21,0.186,1
TND-000321,MPLADS-000321,1,Open e-Tender,2022-09-09,24,4,4,0,0.667,Open e-Tender,2413000.0,2413000.0,-0.0159,0.0065,0.8846,0.201,0,0,0,1,0.199,0.117,1
TND-000322,MPLADS-000322,1,Open e-Tender,2023-08-11,22,6,6,0,1.0,Open e-Tender,480000.0,480000.0,-0.0062,0.0476,0.9129,0.105,1,0,0,1,0.417,0.171,1
TND-000323,MPLADS-000323,1,Open e-Tender,2023-02-22,17,3,3,0,0.5,Open e-Tender,2497000.0,2497000.0,-0.0103,0.0005,0.987,0.164,0,0,0,0,0.502,0.132,1
TND-000324,MPLADS-000324,1,Open e-Tender,2023-05-12,25,4,3,0,0.667,Open e-Tender,1769000.0,1769000.0,-0.0339,0.004,0.895,0.088,0,0,0,0,0.123,0.186,1
TND-000325,MPLADS-000325,1,Open e-Tender,2023-07-28,20,7,7,0,1.0,Open e-Tender,2245000.0,2245000.0,-0.0348,0.0098,0.8674,0.006,0,0,0,0,0.711,0.13,1
TND-000326,MPLADS-000326,1,Open e-Tender,2022-01-31,26,6,5,0,1.0,Open e-Tender,2284000.0,2284000.0,0.0165,0.0417,0.9235,0.012,0,0,0,1,0.217,0.279,1
TND-000327,MPLADS-000327,1,Open e-Tender,2022-08-31,26,3,3,0,0.5,Open e-Tender,379000.0,379000.0,-0.0307,0.0417,0.9296,0.055,0,0,0,0,0.112,0.338,1
TND-000328,MPLADS-000328,1,Open e-Tender,2022-06-24,28,5,5,0,0.833,Open e-Tender,9879000.0,9879000.0,-0.0085,0.0335,0.9851,0.032,0,0,0,1,0.362,0.267,1
TND-000329,MPLADS-000329,1,Open e-Tender,2022-08-31,25,5,4,0,0.833,Open e-Tender,1961000.0,1961000.0,-0.0662,0.009,0.908,0.019,0,0,0,0,0.306,0.368,1
TND-000330,MPLADS-000330,1,Open e-Tender,2023-03-05,25,4,4,0,0.667,Open e-Tender,1115000.0,1115000.0,-0.0036,0.0361,0.9898,0.189,1,0,0,0,0.314,0.422,1
TND-000331,MPLADS-000331,1,Open e-Tender,2022-02-15,24,6,6,0,1.0,Open e-Tender,457000.0,457000.0,0.0044,0.0425,0.8737,0.193,1,0,0,1,0.507,0.347,1
TND-000332,MPLADS-000332,1,Open e-Tender,2023-04-13,24,3,3,0,0.5,Open e-Tender,1049000.0,1049000.0,-0.0659,0.0052,0.8856,0.06,0,0,0,0,0.15,0.433,1
TND-000333,MPLADS-000333,1,Open e-Tender,2023-08-09,16,3,3,0,0.5,Open e-Tender,2702000.0,2702000.0,-0.0724,0.0173,0.9724,0.239,0,0,0,0,0.689,0.366,1
TND-000334,MPLADS-000334,1,Open e-Tender,2023-07-05,16,3,2,0,0.5,Open e-Tender,1407000.0,1407000.0,0.0166,0.0453,0.8729,0.035,0,0,0,0,0.491,0.42,1
TND-000335,MPLADS-000335,1,Open e-Tender,2023-04-16,18,3,3,0,0.5,Open e-Tender,347000.0,347000.0,-0.0225,0.0069,0.9175,0.126,1,0,0,0,0.108,0.265,1
TND-000336,MPLADS-000336,1,Open e-Tender,2022-11-11,21,4,4,0,0.667,Open e-Tender,417000.0,417000.0,0.0072,0.0446,0.9287,0.194,0,0,0,0,0.211,0.181,1
TND-000337,MPLADS-000337,1,Open e-Tender,2022-01-12,17,5,4,0,0.833,Open e-Tender,2855000.0,2855000.0,0.0106,0.0143,0.9247,0.144,0,0,0,0,0.524,0.126,1
TND-000338,MPLADS-000338,1,Open e-Tender,2022-08-04,22,4,3,0,0.667,Open e-Tender,2004000.0,2004000.0,-0.0309,0.0327,0.8903,0.001,0,0,0,0,0.602,0.359,1
TND-000339,MPLADS-000339,1,Open e-Tender,2022-04-28,20,4,4,0,0.667,Open e-Tender,1696000.0,1696000.0,-0.0656,0.0345,0.9337,0.25,0,0,0,0,0.251,0.448,1
TND-000340,MPLADS-000340,1,Open e-Tender,2023-02-06,29,6,6,0,1.0,Open e-Tender,1241000.0,1241000.0,-0.0327,0.0375,0.9396,0.088,0,0,0,0,0.355,0.112,1
TND-000341,MPLADS-000341,1,Open e-Tender,2023-10-12,23,6,6,0,1.0,Open e-Tender,645000.0,645000.0,-0.0719,0.038,0.9505,0.203,0,0,0,0,0.486,0.476,1
TND-000342,MPLADS-000342,1,Open e-Tender,2022-11-29,18,6,5,0,1.0,Open e-Tender,846000.0,846000.0,-0.043,0.015,0.9361,0.027,0,0,0,0,0.744,0.273,1
TND-000343,MPLADS-000343,1,Open e-Tender,2023-09-04,25,3,3,0,0.5,Open e-Tender,1818000.0,1818000.0,0.0083,0.048,0.9535,0.017,0,0,0,1,0.408,0.182,1
TND-000344,MPLADS-000344,1,Open e-Tender,2023-05-02,20,4,4,0,0.667,Open e-Tender,453000.0,453000.0,0.0067,0.0494,0.9008,0.208,0,0,0,0,0.297,0.292,1
TND-000345,MPLADS-000345,1,Open e-Tender,2022-07-15,26,7,7,0,1.0,Open e-Tender,2083000.0,2083000.0,-0.0202,0.0182,0.9268,0.191,0,0,0,0,0.236,0.401,1
TND-000346,MPLADS-000346,1,Open e-Tender,2023-09-03,19,3,2,0,0.5,Open e-Tender,2047000.0,2047000.0,-0.013,0.006,0.9411,0.076,0,0,0,0,0.544,0.17,1
TND-000347,MPLADS-000347,1,Open e-Tender,2022-07-29,25,7,6,0,1.0,Open e-Tender,1300000.0,1300000.0,-0.0559,0.021,0.9836,0.222,1,0,0,0,0.649,0.346,1
TND-000348,MPLADS-000348,1,Open e-Tender,2022-04-21,27,5,5,0,0.833,Open e-Tender,840000.0,840000.0,-0.0187,0.0168,0.9592,0.033,1,0,0,0,0.593,0.49,1
TND-000349,MPLADS-000349,1,Open e-Tender,2023-08-12,18,3,3,0,0.5,Open e-Tender,2268000.0,2268000.0,-0.0743,0.0093,0.9063,0.083,1,0,0,0,0.669,0.224,1
TND-000350,MPLADS-000350,1,Open e-Tender,2023-09-08,15,6,6,0,1.0,Open e-Tender,3743000.0,3743000.0,-0.0163,0.0179,0.9449,0.049,1,0,0,0,0.107,0.345,1
TND-000351,MPLADS-000351,1,Open e-Tender,2022-02-09,26,3,3,0,0.5,Open e-Tender,2341000.0,2341000.0,-0.0326,0.0383,0.9424,0.143,0,0,0,1,0.362,0.457,1
TND-000352,MPLADS-000352,1,Open e-Tender,2022-03-03,19,7,7,0,1.0,Open e-Tender,2995000.0,2995000.0,-0.0119,0.03,0.8659,0.074,0,0,0,0,0.331,0.138,1
TND-000353,MPLADS-000353,1,Open e-Tender,2022-08-29,29,6,5,0,1.0,Open e-Tender,6514000.0,6514000.0,-0.0114,0.039,0.9077,0.158,0,0,0,0,0.61,0.173,1
TND-000354,MPLADS-000354,1,Open e-Tender,2022-05-07,28,3,2,0,0.5,Open e-Tender,1502000.0,1502000.0,-0.0272,0.0131,0.8619,0.138,0,0,0,0,0.523,0.151,1
TND-000355,MPLADS-000355,1,Open e-Tender,2023-02-07,25,6,5,0,1.0,Open e-Tender,633000.0,633000.0,-0.0786,0.0492,0.9274,0.082,0,0,0,0,0.124,0.207,1
TND-000356,MPLADS-000356,1,Open e-Tender,2023-08-09,16,4,3,0,0.667,Open e-Tender,699000.0,699000.0,-0.049,0.0292,0.8588,0.236,0,0,0,0,0.607,0.318,1
TND-000357,MPLADS-000357,1,Open e-Tender,2023-04-21,15,6,6,0,1.0,Open e-Tender,633000.0,633000.0,-0.0201,0.0399,0.9269,0.149,0,0,0,1,0.197,0.488,1
TND-000358,MPLADS-000358,1,Open e-Tender,2023-08-02,21,3,2,0,0.5,Open e-Tender,2259000.0,2259000.0,0.0135,0.0395,0.8745,0.198,0,0,0,1,0.38,0.137,1
TND-000359,MPLADS-000359,1,Open e-Tender,2022-11-04,18,4,3,0,0.667,Open e-Tender,2788000.0,2788000.0,-0.019,0.0467,0.9096,0.047,0,0,0,0,0.704,0.157,1
TND-000360,MPLADS-000360,1,Open e-Tender,2023-05-20,14,4,4,0,0.667,Open e-Tender,393000.0,393000.0,-0.0507,0.0266,0.9674,0.076,0,0,0,1,0.51,0.296,1
TND-000361,MPLADS-000361,1,Open e-Tender,2022-05-17,18,3,2,0,0.5,Open e-Tender,388000.0,388000.0,-0.0202,0.0339,0.9629,0.132,0,0,0,0,0.181,0.075,1
TND-000362,MPLADS-000362,1,Direct / Single Inquiry,2022-07-11,19,1,1,1,0.167,Single Tender Inquiry,8522000.0,8522000.0,-0.0084,0.0021,0.0,0.243,1,0,0,1,0.639,0.464,0
TND-000363,MPLADS-000363,1,Open e-Tender,2023-06-29,21,4,3,0,0.667,Open e-Tender,1911000.0,1911000.0,0.0122,0.0096,0.9528,0.239,0,0,0,0,0.361,0.179,1
TND-000364,MPLADS-000364,1,Open e-Tender,2022-07-15,24,4,3,0,0.667,Open e-Tender,669000.0,669000.0,-0.0695,0.0048,0.8585,0.101,0,0,0,1,0.627,0.201,1
TND-000365,MPLADS-000365,1,Open e-Tender,2023-08-07,25,4,3,0,0.667,Open e-Tender,3065000.0,3065000.0,-0.017,0.0032,0.8763,0.09,1,0,0,0,0.693,0.415,1
TND-000366,MPLADS-000366,1,Open e-Tender,2022-12-01,29,4,3,0,0.667,Open e-Tender,4217000.0,4217000.0,0.0113,0.0031,0.9107,0.123,0,0,0,0,0.414,0.299,1
TND-000367,MPLADS-000367,1,Open e-Tender,2022-07-26,21,6,5,0,1.0,Open e-Tender,3003000.0,3003000.0,0.007,0.046,0.9341,0.085,0,0,0,0,0.337,0.164,1
TND-000368,MPLADS-000368,1,Open e-Tender,2022-07-19,29,5,5,0,0.833,Open e-Tender,4117000.0,4117000.0,0.0034,0.0027,0.9681,0.056,0,0,0,1,0.427,0.171,1
TND-000369,MPLADS-000369,1,Open e-Tender,2023-06-20,20,6,5,0,1.0,Open e-Tender,13174000.0,13174000.0,0.0135,0.0267,0.9675,0.199,0,0,0,0,0.297,0.225,1
TND-000370,MPLADS-000370,1,Open e-Tender,2022-02-05,26,6,5,0,1.0,Open e-Tender,16741000.0,16741000.0,-0.0212,0.0486,0.965,0.152,0,0,0,0,0.325,0.436,1
TND-000371,MPLADS-000371,1,Open e-Tender,2023-03-19,26,4,4,0,0.667,Open e-Tender,1467000.0,1467000.0,-0.048,0.0162,0.8704,0.034,0,0,0,0,0.269,0.433,1
TND-000372,MPLADS-000372,1,Open e-Tender,2022-03-09,25,6,6,0,1.0,Open e-Tender,477000.0,477000.0,-0.0042,0.0419,0.9068,0.015,1,0,0,0,0.656,0.239,1
TND-000373,MPLADS-000373,1,Open e-Tender,2023-01-21,19,5,4,0,0.833,Open e-Tender,2346000.0,2346000.0,-0.0059,0.036,0.9637,0.089,0,0,0,0,0.573,0.207,1
TND-000374,MPLADS-000374,1,Open e-Tender,2023-05-17,17,4,3,0,0.667,Open e-Tender,514000.0,514000.0,0.0039,0.0124,0.9819,0.128,0,0,0,1,0.437,0.471,1
TND-000375,MPLADS-000375,1,Open e-Tender,2022-02-04,29,7,7,0,1.0,Open e-Tender,1790000.0,1790000.0,-0.0213,0.0097,0.8715,0.011,0,0,0,0,0.481,0.144,1
TND-000376,MPLADS-000376,1,Open e-Tender,2022-06-04,17,3,2,0,0.5,Open e-Tender,740000.0,740000.0,-0.0107,0.025,0.9301,0.019,0,0,0,0,0.56,0.222,1
TND-000377,MPLADS-000377,1,Open e-Tender,2023-04-29,25,4,3,0,0.667,Open e-Tender,2897000.0,2897000.0,-0.0089,0.0429,0.9436,0.194,0,0,0,0,0.354,0.23,1
TND-000378,MPLADS-000378,1,Open e-Tender,2022-11-08,19,6,5,0,1.0,Open e-Tender,371000.0,371000.0,-0.0185,0.034,0.8717,0.205,0,0,0,0,0.164,0.466,1
TND-000379,MPLADS-000379,1,Open e-Tender,2023-10-18,26,4,3,0,0.667,Open e-Tender,10942000.0,10942000.0,0.0125,0.0092,0.8551,0.236,0,0,0,0,0.571,0.121,1
TND-000380,MPLADS-000380,1,Open e-Tender,2022-07-28,19,3,2,0,0.5,Open e-Tender,2198000.0,2198000.0,-0.0201,0.039,0.9449,0.071,0,0,0,0,0.491,0.096,1
TND-000381,MPLADS-000381,1,Open e-Tender,2022-10-03,16,3,2,0,0.5,Open e-Tender,1490000.0,1490000.0,-0.0504,0.0298,0.874,0.238,0,0,0,1,0.119,0.212,1
TND-000382,MPLADS-000382,1,Open e-Tender,2023-11-21,27,5,4,0,0.833,Open e-Tender,3172000.0,3172000.0,-0.0297,0.0295,0.9428,0.248,0,0,0,0,0.596,0.435,1
TND-000383,MPLADS-000383,1,Open e-Tender,2023-07-20,23,4,4,0,0.667,Open e-Tender,519000.0,519000.0,0.0157,0.0456,0.8757,0.051,1,0,0,1,0.254,0.114,1
TND-000384,MPLADS-000384,1,Direct / Single Inquiry,2022-06-23,14,1,1,1,0.167,Single Tender Inquiry,1350000.0,1350000.0,-0.0253,0.0236,0.0,0.058,0,0,0,0,0.105,0.479,0
TND-000385,MPLADS-000385,1,Open e-Tender,2023-08-15,27,3,2,0,0.5,Open e-Tender,10047000.0,10047000.0,-0.0359,0.0185,0.917,0.125,1,0,0,0,0.141,0.361,1
TND-000386,MPLADS-000386,1,Open e-Tender,2022-04-09,18,5,5,0,0.833,Open e-Tender,3038000.0,3038000.0,0.015,0.0425,0.9683,0.043,0,0,0,0,0.252,0.199,1
TND-000387,MPLADS-000387,1,Open e-Tender,2023-03-02,25,4,3,0,0.667,Open e-Tender,1935000.0,1935000.0,-0.0296,0.0197,0.8609,0.189,1,0,0,0,0.176,0.289,1
TND-000388,MPLADS-000388,1,Open e-Tender,2023-03-25,20,6,5,0,1.0,Open e-Tender,3667000.0,3667000.0,-0.006,0.0463,0.9761,0.069,0,0,0,0,0.201,0.07,1
TND-000389,MPLADS-000389,1,Open e-Tender,2023-07-29,20,7,6,0,1.0,Open e-Tender,1951000.0,1951000.0,-0.0718,0.0091,0.9511,0.066,0,0,0,0,0.286,0.403,1
TND-000390,MPLADS-000390,1,Open e-Tender,2023-11-27,19,4,3,0,0.667,Open e-Tender,2157000.0,2157000.0,-0.0319,0.0009,0.8675,0.206,0,0,0,0,0.261,0.425,1
TND-000391,MPLADS-000391,1,Open e-Tender,2022-08-21,29,5,4,0,0.833,Open e-Tender,1030000.0,1030000.0,-0.0516,0.0461,0.9254,0.157,0,0,0,1,0.576,0.455,1
TND-000392,MPLADS-000392,1,Open e-Tender,2022-02-24,22,4,3,0,0.667,Open e-Tender,1197000.0,1197000.0,-0.026,0.0379,0.8873,0.184,0,0,0,0,0.59,0.065,1
TND-000393,MPLADS-000393,1,Open e-Tender,2022-06-07,26,5,5,0,0.833,Open e-Tender,1351000.0,1351000.0,-0.0153,0.0066,0.9742,0.204,0,0,0,0,0.726,0.434,1
TND-000394,MPLADS-000394,1,Open e-Tender,2022-07-04,26,4,4,0,0.667,Open e-Tender,2530000.0,2530000.0,0.0124,0.0337,0.9509,0.091,0,0,0,1,0.114,0.095,1
TND-000395,MPLADS-000395,1,Open e-Tender,2022-10-05,15,5,5,0,0.833,Open e-Tender,583000.0,583000.0,-0.0364,0.0152,0.9125,0.07,0,0,0,0,0.713,0.412,1
TND-000396,MPLADS-000396,1,Open e-Tender,2023-06-03,21,3,2,0,0.5,Open e-Tender,1887000.0,1887000.0,-0.0745,0.0188,0.9787,0.081,0,0,0,0,0.579,0.324,1
TND-000397,MPLADS-000397,1,Open e-Tender,2023-01-12,20,6,5,0,1.0,Open e-Tender,1485000.0,1485000.0,-0.004,0.0021,0.8958,0.127,0,0,0,0,0.682,0.319,1
TND-000398,MPLADS-000398,1,Open e-Tender,2022-05-12,14,3,2,0,0.5,Open e-Tender,4176000.0,4176000.0,0.0195,0.0002,0.9687,0.014,0,0,0,0,0.687,0.294,1
TND-000399,MPLADS-000399,1,Open e-Tender,2023-06-03,18,5,4,0,0.833,Open e-Tender,2486000.0,2486000.0,0.0176,0.0254,0.932,0.145,0,0,0,1,0.254,0.067,1
TND-000400,MPLADS-000400,1,Open e-Tender,2023-01-27,17,7,7,0,1.0,Open e-Tender,526000.0,526000.0,-0.0223,0.0459,0.887,0.214,0,0,0,0,0.502,0.458,1
TND-000401,MPLADS-000401,1,Open e-Tender,2022-07-19,14,7,7,0,1.0,Open e-Tender,976000.0,976000.0,-0.0422,0.0129,0.9538,0.223,0,0,0,0,0.504,0.348,1
TND-000402,MPLADS-000402,1,Direct / Single Inquiry,2023-05-03,20,1,1,1,0.167,Single Tender Inquiry,931000.0,931000.0,-0.0075,0.0013,0.0,0.022,0,0,0,0,0.507,0.078,0
TND-000403,MPLADS-000403,1,Open e-Tender,2023-04-15,25,7,7,0,1.0,Open e-Tender,15202000.0,15202000.0,-0.0492,0.0473,0.9475,0.16,0,0,0,0,0.602,0.074,1
TND-000404,MPLADS-000404,1,Open e-Tender,2023-06-11,27,7,7,0,1.0,Open e-Tender,2314000.0,2314000.0,0.0074,0.0497,0.8952,0.155,0,0,0,1,0.437,0.466,1
TND-000405,MPLADS-000405,1,Open e-Tender,2022-12-25,20,3,2,0,0.5,Open e-Tender,2818000.0,2818000.0,-0.0515,0.0496,0.936,0.107,0,0,0,0,0.422,0.346,1
TND-000406,MPLADS-000406,1,Direct / Single Inquiry,2022-12-02,25,1,1,1,0.167,Single Tender Inquiry,3646000.0,3646000.0,0.0179,0.0247,0.0,0.067,0,0,0,0,0.38,0.269,0
TND-000407,MPLADS-000407,1,Open e-Tender,2023-03-22,28,7,6,0,1.0,Open e-Tender,3698000.0,3698000.0,-0.0513,0.0197,0.9088,0.213,0,0,0,0,0.688,0.227,1
TND-000408,MPLADS-000408,1,Open e-Tender,2022-12-17,29,3,2,0,0.5,Open e-Tender,805000.0,805000.0,-0.0768,0.0244,0.8767,0.086,0,0,0,0,0.361,0.418,1
TND-000409,MPLADS-000409,1,Direct / Single Inquiry,2022-07-13,23,1,1,1,0.167,Single Tender Inquiry,873000.0,873000.0,-0.0011,0.0362,0.0,0.145,0,0,0,0,0.287,0.105,0
TND-000410,MPLADS-000410,1,Open e-Tender,2022-12-09,21,4,3,0,0.667,Open e-Tender,965000.0,965000.0,-0.0213,0.0028,0.9405,0.232,0,0,0,1,0.137,0.205,1
TND-000411,MPLADS-000411,1,Direct / Single Inquiry,2023-11-29,21,1,1,1,0.167,Single Tender Inquiry,10126000.0,10126000.0,-0.0221,0.0131,0.0,0.23,0,0,0,0,0.261,0.278,0
TND-000412,MPLADS-000412,1,Open e-Tender,2023-05-05,24,3,3,0,0.5,Open e-Tender,2461000.0,2461000.0,-0.066,0.0178,0.8815,0.118,0,0,0,0,0.357,0.483,1
TND-000413,MPLADS-000413,1,Open e-Tender,2023-01-25,24,3,3,0,0.5,Open e-Tender,700000.0,700000.0,-0.0515,0.0447,0.9444,0.124,0,0,0,0,0.164,0.47,1
TND-000414,MPLADS-000414,1,Open e-Tender,2023-10-27,25,6,5,0,1.0,Open e-Tender,1918000.0,1918000.0,-0.0062,0.0413,0.9268,0.057,0,0,0,0,0.534,0.479,1
TND-000415,MPLADS-000415,1,Open e-Tender,2023-12-21,22,7,7,0,1.0,Open e-Tender,633000.0,633000.0,-0.0276,0.0248,0.892,0.019,0,0,0,0,0.33,0.143,1
TND-000416,MPLADS-000416,1,Open e-Tender,2023-05-23,17,6,6,0,1.0,Open e-Tender,1200000.0,1200000.0,0.0144,0.0207,0.9676,0.076,0,0,0,0,0.314,0.202,1
TND-000417,MPLADS-000417,1,Open e-Tender,2022-05-20,29,3,3,0,0.5,Open e-Tender,1547000.0,1547000.0,-0.0462,0.0348,0.8967,0.086,0,0,0,0,0.439,0.081,1
TND-000418,MPLADS-000418,1,Open e-Tender,2022-10-26,29,6,6,0,1.0,Open e-Tender,642000.0,642000.0,0.011,0.0159,0.8513,0.204,0,0,0,0,0.473,0.198,1
TND-000419,MPLADS-000419,1,Open e-Tender,2022-11-26,28,6,6,0,1.0,Open e-Tender,3952000.0,3952000.0,-0.062,0.0259,0.9355,0.205,0,0,0,1,0.542,0.406,1
TND-000420,MPLADS-000420,1,Open e-Tender,2022-06-25,19,4,3,0,0.667,Open e-Tender,2556000.0,2556000.0,-0.0369,0.0097,0.9523,0.011,0,0,0,0,0.17,0.337,1
TND-000421,MPLADS-000421,1,Open e-Tender,2022-03-04,24,7,6,0,1.0,Open e-Tender,889000.0,889000.0,-0.0502,0.0354,0.976,0.189,0,0,0,0,0.477,0.278,1
TND-000422,MPLADS-000422,1,Open e-Tender,2023-02-20,19,5,5,0,0.833,Open e-Tender,2003000.0,2003000.0,-0.0494,0.0001,0.9094,0.091,0,0,0,0,0.634,0.349,1
TND-000423,MPLADS-000423,1,Open e-Tender,2023-12-10,17,6,6,0,1.0,Open e-Tender,1624000.0,1624000.0,0.015,0.0265,0.9632,0.196,1,0,0,0,0.528,0.479,1
TND-000424,MPLADS-000424,1,Open e-Tender,2022-12-02,18,4,4,0,0.667,Open e-Tender,2973000.0,2973000.0,-0.0767,0.0213,0.969,0.149,1,0,0,0,0.407,0.19,1
TND-000425,MPLADS-000425,1,Open e-Tender,2023-06-10,15,4,4,0,0.667,Open e-Tender,1395000.0,1395000.0,0.019,0.0476,0.9447,0.027,0,0,0,0,0.223,0.134,1
TND-000426,MPLADS-000426,1,Open e-Tender,2022-10-27,20,4,4,0,0.667,Open e-Tender,1777000.0,1777000.0,-0.0603,0.0276,0.9762,0.055,0,0,0,0,0.727,0.121,1
TND-000427,MPLADS-000427,1,Open e-Tender,2023-03-04,29,6,5,0,1.0,Open e-Tender,2761000.0,2761000.0,-0.0288,0.0345,0.98,0.112,0,0,0,1,0.142,0.06,1
TND-000428,MPLADS-000428,1,Open e-Tender,2023-10-07,29,3,2,0,0.5,Open e-Tender,1657000.0,1657000.0,-0.0681,0.0273,0.8705,0.154,0,0,0,0,0.197,0.497,1
TND-000429,MPLADS-000429,1,Open e-Tender,2022-08-18,19,6,6,0,1.0,Open e-Tender,1464000.0,1464000.0,-0.0014,0.0372,0.8705,0.221,0,0,0,0,0.322,0.212,1
TND-000430,MPLADS-000430,1,Open e-Tender,2022-06-08,25,5,5,0,0.833,Open e-Tender,755000.0,755000.0,-0.0245,0.0259,0.869,0.089,0,0,0,0,0.207,0.171,1
TND-000431,MPLADS-000431,1,Open e-Tender,2022-09-16,24,6,5,0,1.0,Open e-Tender,1026000.0,1026000.0,-0.021,0.0048,0.9445,0.16,0,0,0,0,0.523,0.345,1
TND-000432,MPLADS-000432,1,Open e-Tender,2023-07-29,25,4,4,0,0.667,Open e-Tender,951000.0,951000.0,-0.0374,0.0245,0.9232,0.061,0,0,0,0,0.165,0.244,1
TND-000433,MPLADS-000433,1,Open e-Tender,2022-08-04,14,5,5,0,0.833,Open e-Tender,1832000.0,1832000.0,-0.0448,0.0496,0.9699,0.139,0,0,0,0,0.573,0.202,1
TND-000434,MPLADS-000434,1,Open e-Tender,2023-10-04,22,6,6,0,1.0,Open e-Tender,3485000.0,3485000.0,0.0178,0.0118,0.969,0.149,0,0,0,0,0.748,0.064,1
TND-000435,MPLADS-000435,1,Open e-Tender,2022-05-23,24,5,4,0,0.833,Open e-Tender,2207000.0,2207000.0,-0.0588,0.0133,0.8867,0.075,1,0,0,0,0.514,0.272,1
TND-000436,MPLADS-000436,1,Open e-Tender,2023-07-29,14,4,4,0,0.667,Open e-Tender,644000.0,644000.0,-0.072,0.019,0.8696,0.118,0,0,0,0,0.353,0.073,1
TND-000437,MPLADS-000437,1,Open e-Tender,2023-09-15,14,4,3,0,0.667,Open e-Tender,10319000.0,10319000.0,-0.0514,0.0011,0.9882,0.081,0,0,0,1,0.131,0.1,1
TND-000438,MPLADS-000438,1,Open e-Tender,2023-01-20,18,3,2,0,0.5,Open e-Tender,3543000.0,3543000.0,0.0006,0.0373,0.9594,0.22,0,0,0,0,0.576,0.322,1
TND-000439,MPLADS-000439,1,Direct / Single Inquiry,2023-05-15,23,1,1,1,0.167,Single Tender Inquiry,2194000.0,2194000.0,-0.0719,0.0224,0.0,0.211,0,0,0,0,0.205,0.309,0
TND-000440,MPLADS-000440,1,Open e-Tender,2023-01-22,24,6,6,0,1.0,Open e-Tender,778000.0,778000.0,-0.0263,0.0203,0.8865,0.042,1,0,0,0,0.549,0.454,1
TND-000441,MPLADS-000441,1,Open e-Tender,2022-02-25,28,7,6,0,1.0,Open e-Tender,3808000.0,3808000.0,0.0125,0.0119,0.9621,0.123,1,0,0,0,0.277,0.104,1
TND-000442,MPLADS-000442,1,Open e-Tender,2022-05-06,26,3,3,0,0.5,Open e-Tender,2095000.0,2095000.0,-0.0332,0.0197,0.949,0.166,0,0,0,0,0.444,0.219,1
TND-000443,MPLADS-000443,1,Open e-Tender,2022-01-15,20,3,3,0,0.5,Open e-Tender,473000.0,473000.0,-0.0798,0.0494,0.921,0.168,1,0,0,0,0.395,0.374,1
TND-000444,MPLADS-000444,1,Open e-Tender,2022-04-12,23,7,6,0,1.0,Open e-Tender,1861000.0,1861000.0,-0.0658,0.0468,0.8554,0.124,0,0,0,0,0.657,0.404,1
TND-000445,MPLADS-000445,1,Open e-Tender,2022-05-05,20,6,6,0,1.0,Open e-Tender,649000.0,649000.0,0.0015,0.0384,0.8855,0.242,0,0,0,1,0.399,0.439,1
TND-000446,MPLADS-000446,1,Open e-Tender,2022-04-28,28,6,6,0,1.0,Open e-Tender,8706000.0,8706000.0,-0.0332,0.0151,0.9189,0.108,0,0,0,0,0.236,0.488,1
TND-000447,MPLADS-000447,1,Open e-Tender,2023-08-26,26,7,6,0,1.0,Open e-Tender,1400000.0,1400000.0,0.0116,0.0358,0.9693,0.219,0,0,0,0,0.42,0.058,1
TND-000448,MPLADS-000448,1,Open e-Tender,2022-02-07,15,4,3,0,0.667,Open e-Tender,798000.0,798000.0,-0.0678,0.0256,0.9504,0.021,0,0,0,0,0.214,0.112,1
TND-000449,MPLADS-000449,1,Open e-Tender,2022-11-11,15,5,4,0,0.833,Open e-Tender,737000.0,737000.0,-0.0225,0.0152,0.9751,0.064,0,0,0,0,0.166,0.272,1
TND-000450,MPLADS-000450,1,Open e-Tender,2022-02-12,21,5,5,0,0.833,Open e-Tender,4052000.0,4052000.0,0.0148,0.035,0.9619,0.22,0,0,0,0,0.668,0.271,1
TND-000451,MPLADS-000451,1,Open e-Tender,2022-08-18,18,7,6,0,1.0,Open e-Tender,2936000.0,2936000.0,-0.032,0.0084,0.9512,0.059,0,0,0,0,0.617,0.384,1
TND-000452,MPLADS-000452,1,Open e-Tender,2022-02-27,22,4,3,0,0.667,Open e-Tender,2729000.0,2729000.0,-0.0208,0.0219,0.9188,0.066,0,0,0,0,0.557,0.444,1
TND-000453,MPLADS-000453,1,Open e-Tender,2023-02-14,22,3,3,0,0.5,Open e-Tender,629000.0,629000.0,-0.0382,0.0323,0.9101,0.237,0,0,0,0,0.413,0.404,1
TND-000454,MPLADS-000454,1,Open e-Tender,2023-01-15,25,3,3,0,0.5,Open e-Tender,3020000.0,3020000.0,0.0199,0.0465,0.9713,0.132,1,0,0,0,0.166,0.269,1
TND-000455,MPLADS-000455,1,Open e-Tender,2023-12-17,16,5,5,0,0.833,Open e-Tender,13750000.0,13750000.0,0.0054,0.0094,0.8867,0.183,0,0,0,0,0.104,0.162,1
TND-000456,MPLADS-000456,1,Open e-Tender,2022-04-17,27,5,5,0,0.833,Open e-Tender,633000.0,633000.0,-0.0566,0.0056,0.9794,0.23,0,0,0,1,0.22,0.341,1
TND-000457,MPLADS-000457,1,Open e-Tender,2022-02-17,20,7,7,0,1.0,Open e-Tender,11690000.0,11690000.0,-0.0292,0.0301,0.9049,0.141,0,0,0,1,0.16,0.426,1
TND-000458,MPLADS-000458,1,Open e-Tender,2023-05-16,20,3,3,0,0.5,Open e-Tender,3094000.0,3094000.0,-0.0764,0.0061,0.8598,0.243,0,0,0,0,0.647,0.3,1
TND-000459,MPLADS-000459,1,Open e-Tender,2022-02-08,19,4,4,0,0.667,Open e-Tender,1959000.0,1959000.0,-0.0663,0.0152,0.9122,0.172,0,0,0,0,0.204,0.325,1
TND-000460,MPLADS-000460,1,Open e-Tender,2022-10-27,15,4,3,0,0.667,Open e-Tender,1784000.0,1784000.0,-0.0278,0.0287,0.9018,0.012,0,0,0,1,0.68,0.238,1
TND-000461,MPLADS-000461,1,Direct / Single Inquiry,2023-11-15,25,1,1,1,0.167,Single Tender Inquiry,1556000.0,1556000.0,-0.0371,0.0055,0.0,0.195,0,0,0,0,0.561,0.097,0
TND-000462,MPLADS-000462,1,Open e-Tender,2023-11-26,19,5,5,0,0.833,Open e-Tender,13219000.0,13219000.0,-0.037,0.0241,0.8685,0.177,1,0,0,0,0.701,0.378,1
TND-000463,MPLADS-000463,1,Open e-Tender,2022-05-30,18,4,3,0,0.667,Open e-Tender,440000.0,440000.0,0.0046,0.022,0.9153,0.209,0,0,0,1,0.104,0.273,1
TND-000464,MPLADS-000464,1,Open e-Tender,2022-05-29,24,4,3,0,0.667,Open e-Tender,464000.0,464000.0,-0.0607,0.0213,0.8727,0.175,0,0,0,1,0.707,0.452,1
TND-000465,MPLADS-000465,1,Open e-Tender,2022-12-28,25,4,3,0,0.667,Open e-Tender,1403000.0,1403000.0,-0.0377,0.0204,0.9198,0.131,0,0,0,0,0.344,0.385,1
TND-000466,MPLADS-000466,1,Open e-Tender,2023-11-13,15,5,4,0,0.833,Open e-Tender,2482000.0,2482000.0,-0.035,0.022,0.938,0.09,1,0,0,0,0.476,0.274,1
TND-000467,MPLADS-000467,1,Open e-Tender,2023-12-02,23,6,6,0,1.0,Open e-Tender,2227000.0,2227000.0,0.0169,0.0257,0.9858,0.219,0,0,0,0,0.266,0.497,1
TND-000468,MPLADS-000468,1,Open e-Tender,2023-10-30,14,4,4,0,0.667,Open e-Tender,2906000.0,2906000.0,-0.0072,0.0048,0.9508,0.12,0,0,0,0,0.386,0.331,1
TND-000469,MPLADS-000469,1,Open e-Tender,2022-01-25,16,4,4,0,0.667,Open e-Tender,2726000.0,2726000.0,0.0085,0.004,0.8606,0.214,0,0,0,0,0.198,0.309,1
TND-000470,MPLADS-000470,1,Open e-Tender,2023-08-07,23,5,5,0,0.833,Open e-Tender,1994000.0,1994000.0,-0.0344,0.0053,0.9176,0.125,0,0,0,0,0.336,0.255,1
TND-000471,MPLADS-000471,1,Open e-Tender,2023-05-07,23,3,3,0,0.5,Open e-Tender,2683000.0,2683000.0,-0.0092,0.0185,0.9543,0.221,0,0,0,0,0.487,0.263,1
TND-000472,MPLADS-000472,1,Open e-Tender,2023-12-02,18,7,6,0,1.0,Open e-Tender,9977000.0,9977000.0,-0.0781,0.0162,0.8784,0.24,1,0,0,0,0.681,0.446,1
TND-000473,MPLADS-000473,1,Open e-Tender,2022-03-05,27,3,3,0,0.5,Open e-Tender,6840000.0,6840000.0,0.0059,0.0319,0.9072,0.125,0,0,0,0,0.508,0.415,1
TND-000474,MPLADS-000474,1,Open e-Tender,2022-09-08,24,4,3,0,0.667,Open e-Tender,1308000.0,1308000.0,-0.0576,0.0115,0.9556,0.049,1,0,0,1,0.75,0.153,1
TND-000475,MPLADS-000475,1,Open e-Tender,2023-01-08,21,4,4,0,0.667,Open e-Tender,9191000.0,9191000.0,-0.0015,0.0294,0.9488,0.044,0,0,0,0,0.144,0.077,1
TND-000476,MPLADS-000476,1,Open e-Tender,2022-03-03,25,3,2,0,0.5,Open e-Tender,1594000.0,1594000.0,0.0127,0.0274,0.9196,0.049,0,0,0,0,0.564,0.253,1
TND-000477,MPLADS-000477,1,Open e-Tender,2022-04-23,17,7,7,0,1.0,Open e-Tender,379000.0,379000.0,0.0026,0.0266,0.9548,0.013,0,0,0,0,0.488,0.143,1
TND-000478,MPLADS-000478,1,Open e-Tender,2022-10-25,15,5,4,0,0.833,Open e-Tender,4125000.0,4125000.0,0.0032,0.0295,0.8509,0.221,0,0,0,0,0.671,0.133,1
TND-000479,MPLADS-000479,1,Open e-Tender,2022-12-15,16,7,7,0,1.0,Open e-Tender,1915000.0,1915000.0,-0.0576,0.0278,0.9075,0.133,0,0,0,0,0.41,0.324,1
TND-000480,MPLADS-000480,1,Open e-Tender,2023-04-11,28,6,6,0,1.0,Open e-Tender,3813000.0,3813000.0,-0.068,0.0183,0.8796,0.131,0,0,0,0,0.647,0.12,1
TND-000481,MPLADS-000481,1,Open e-Tender,2023-01-28,22,4,4,0,0.667,Open e-Tender,1180000.0,1180000.0,0.0017,0.043,0.8741,0.1,0,0,0,1,0.574,0.143,1
TND-000482,MPLADS-000482,1,Open e-Tender,2023-04-26,21,3,2,0,0.5,Open e-Tender,592000.0,592000.0,0.0051,0.034,0.9357,0.249,0,0,0,0,0.171,0.127,1
TND-000483,MPLADS-000483,1,Open e-Tender,2023-10-08,23,3,3,0,0.5,Open e-Tender,13320000.0,13320000.0,-0.021,0.0375,0.8531,0.163,0,0,0,0,0.287,0.097,1
TND-000484,MPLADS-000484,1,Open e-Tender,2023-11-03,21,6,6,0,1.0,Open e-Tender,2311000.0,2311000.0,-0.0435,0.0193,0.9121,0.188,0,0,0,0,0.444,0.346,1
TND-000485,MPLADS-000485,1,Open e-Tender,2023-11-04,18,7,6,0,1.0,Open e-Tender,963000.0,963000.0,-0.0427,0.0446,0.953,0.016,0,0,0,0,0.66,0.198,1
TND-000486,MPLADS-000486,1,Open e-Tender,2022-05-22,28,7,6,0,1.0,Open e-Tender,971000.0,971000.0,-0.0271,0.0399,0.8878,0.209,0,0,0,0,0.47,0.323,1
TND-000487,MPLADS-000487,1,Open e-Tender,2022-06-05,27,3,2,0,0.5,Open e-Tender,1960000.0,1960000.0,-0.0263,0.0362,0.9103,0.135,0,0,0,0,0.145,0.296,1
TND-000488,MPLADS-000488,1,Open e-Tender,2023-07-25,21,3,2,0,0.5,Open e-Tender,3000000.0,3000000.0,-0.0313,0.0185,0.8501,0.157,0,0,0,0,0.111,0.289,1
TND-000489,MPLADS-000489,1,Open e-Tender,2023-04-20,28,6,6,0,1.0,Open e-Tender,11918000.0,11918000.0,-0.0269,0.0232,0.8925,0.042,0,0,0,0,0.596,0.212,1
TND-000490,MPLADS-000490,1,Open e-Tender,2022-09-17,22,6,5,0,1.0,Open e-Tender,1757000.0,1757000.0,-0.0228,0.0347,0.9627,0.143,1,0,0,0,0.31,0.376,1
TND-000491,MPLADS-000491,1,Open e-Tender,2022-01-14,18,5,4,0,0.833,Open e-Tender,8507000.0,8507000.0,-0.0251,0.0019,0.856,0.068,0,0,0,1,0.676,0.187,1
TND-000492,MPLADS-000492,1,Open e-Tender,2023-12-07,20,6,6,0,1.0,Open e-Tender,498000.0,498000.0,0.0061,0.0279,0.949,0.188,0,0,0,0,0.503,0.167,1
TND-000493,MPLADS-000493,1,Open e-Tender,2023-03-01,19,3,3,0,0.5,Open e-Tender,432000.0,432000.0,-0.0442,0.009,0.8975,0.114,0,0,0,0,0.581,0.068,1
TND-000494,MPLADS-000494,1,Open e-Tender,2022-04-05,24,3,2,0,0.5,Open e-Tender,715000.0,715000.0,-0.0138,0.04,0.8726,0.041,0,0,0,0,0.332,0.192,1
TND-000495,MPLADS-000495,1,Open e-Tender,2023-06-09,15,3,2,0,0.5,Open e-Tender,942000.0,942000.0,0.0064,0.012,0.8736,0.004,0,0,0,1,0.523,0.297,1
TND-000496,MPLADS-000496,1,Open e-Tender,2022-09-28,24,4,4,0,0.667,Open e-Tender,430000.0,430000.0,-0.0359,0.0208,0.9503,0.016,0,0,0,1,0.186,0.415,1
TND-000497,MPLADS-000497,1,Open e-Tender,2022-07-27,25,7,7,0,1.0,Open e-Tender,2147000.0,2147000.0,0.0014,0.0326,0.8801,0.058,0,0,0,0,0.338,0.085,1
TND-000498,MPLADS-000498,1,Open e-Tender,2022-03-07,22,7,6,0,1.0,Open e-Tender,655000.0,655000.0,-0.0466,0.0026,0.9671,0.188,0,0,0,0,0.541,0.055,1
TND-000499,MPLADS-000499,1,Direct / Single Inquiry,2022-08-16,28,1,1,1,0.167,Single Tender Inquiry,2135000.0,2135000.0,-0.0313,0.0092,0.0,0.124,0,0,0,0,0.256,0.441,0
TND-000500,MPLADS-000500,1,Open e-Tender,2022-08-29,26,3,2,0,0.5,Open e-Tender,2369000.0,2369000.0,-0.0186,0.0399,0.9843,0.13,0,0,0,0,0.153,0.467,1
TND-000501,MPLADS-000501,1,Open e-Tender,2023-09-22,27,5,5,0,0.833,Open e-Tender,1623000.0,1623000.0,0.0043,0.0289,0.934,0.23,0,0,0,0,0.728,0.26,1
TND-000502,MPLADS-000502,1,Open e-Tender,2023-05-15,15,5,5,0,0.833,Open e-Tender,803000.0,803000.0,-0.0111,0.0229,0.9364,0.197,0,0,0,0,0.32,0.282,1
TND-000503,MPLADS-000503,1,Open e-Tender,2022-06-10,26,3,2,0,0.5,Open e-Tender,1622000.0,1622000.0,-0.0694,0.014,0.9642,0.111,0,0,0,0,0.501,0.096,1
TND-000504,MPLADS-000504,1,Open e-Tender,2022-12-07,29,3,3,0,0.5,Open e-Tender,1281000.0,1281000.0,-0.0325,0.0465,0.9032,0.027,0,0,0,0,0.327,0.348,1
TND-000505,MPLADS-000505,1,Open e-Tender,2022-02-28,18,5,4,0,0.833,Open e-Tender,1083000.0,1083000.0,0.0084,0.0148,0.9235,0.059,1,0,0,0,0.668,0.231,1
TND-000506,MPLADS-000506,1,Open e-Tender,2023-07-17,14,5,5,0,0.833,Open e-Tender,2726000.0,2726000.0,-0.0699,0.0398,0.8518,0.064,0,0,0,0,0.586,0.189,1
TND-000507,MPLADS-000507,1,Open e-Tender,2023-10-04,17,6,6,0,1.0,Open e-Tender,1902000.0,1902000.0,-0.0021,0.0386,0.9392,0.067,0,0,0,0,0.437,0.393,1
TND-000508,MPLADS-000508,1,Open e-Tender,2022-05-20,17,4,3,0,0.667,Open e-Tender,43835000.0,43835000.0,-0.0064,0.0113,0.962,0.235,0,0,0,0,0.106,0.37,1
TND-000509,MPLADS-000509,1,Open e-Tender,2023-10-31,22,5,5,0,0.833,Open e-Tender,1501000.0,1501000.0,-0.0619,0.0148,0.969,0.173,1,0,0,1,0.614,0.33,1
TND-000510,MPLADS-000510,1,Open e-Tender,2023-10-21,23,4,4,0,0.667,Open e-Tender,2568000.0,2568000.0,-0.0736,0.0433,0.8599,0.125,0,0,0,0,0.709,0.305,1
TND-000511,MPLADS-000511,1,Open e-Tender,2023-08-22,25,5,4,0,0.833,Open e-Tender,1364000.0,1364000.0,-0.058,0.0135,0.8556,0.187,0,0,0,0,0.502,0.184,1
TND-000512,MPLADS-000512,1,Open e-Tender,2023-03-02,18,7,6,0,1.0,Open e-Tender,344000.0,344000.0,-0.0227,0.0058,0.8933,0.015,0,0,0,0,0.307,0.229,1
TND-000513,MPLADS-000513,1,Open e-Tender,2022-09-10,18,4,3,0,0.667,Open e-Tender,1929000.0,1929000.0,-0.0567,0.0181,0.919,0.215,1,0,0,0,0.483,0.427,1
TND-000514,MPLADS-000514,1,Open e-Tender,2022-04-28,29,4,4,0,0.667,Open e-Tender,1689000.0,1689000.0,0.0132,0.034,0.9119,0.104,1,0,0,1,0.518,0.077,1
TND-000515,MPLADS-000515,1,Open e-Tender,2023-11-03,29,4,3,0,0.667,Open e-Tender,12460000.0,12460000.0,-0.0214,0.0361,0.9193,0.118,0,0,0,0,0.521,0.115,1
TND-000516,MPLADS-000516,1,Open e-Tender,2022-11-01,27,5,5,0,0.833,Open e-Tender,12361000.0,12361000.0,-0.0158,0.0181,0.9254,0.001,0,0,0,0,0.153,0.392,1
TND-000517,MPLADS-000517,1,Open e-Tender,2022-05-28,27,4,3,0,0.667,Open e-Tender,2256000.0,2256000.0,0.0067,0.0158,0.9845,0.004,0,0,0,0,0.601,0.215,1
TND-000518,MPLADS-000518,1,Open e-Tender,2023-04-21,23,5,5,0,0.833,Open e-Tender,602000.0,602000.0,-0.046,0.0493,0.8985,0.16,0,0,0,0,0.3,0.153,1
TND-000519,MPLADS-000519,1,Open e-Tender,2022-12-13,20,4,3,0,0.667,Open e-Tender,891000.0,891000.0,-0.0601,0.0095,0.9245,0.186,0,0,0,0,0.525,0.487,1
TND-000520,MPLADS-000520,1,Open e-Tender,2022-07-10,27,6,5,0,1.0,Open e-Tender,2837000.0,2837000.0,0.0172,0.0392,0.8759,0.097,0,0,0,0,0.617,0.106,1
TND-000521,MPLADS-000521,1,Open e-Tender,2023-09-05,20,5,5,0,0.833,Open e-Tender,2127000.0,2127000.0,-0.0397,0.0498,0.9137,0.208,0,0,0,1,0.433,0.306,1
TND-000522,MPLADS-000522,1,Open e-Tender,2022-07-28,19,4,3,0,0.667,Open e-Tender,1617000.0,1617000.0,-0.0025,0.0368,0.8999,0.097,0,0,0,0,0.472,0.449,1
TND-000523,MPLADS-000523,1,Open e-Tender,2022-02-28,25,4,4,0,0.667,Open e-Tender,797000.0,797000.0,0.0063,0.0168,0.8512,0.1,0,0,0,1,0.246,0.428,1
TND-000524,MPLADS-000524,1,Open e-Tender,2022-03-03,15,5,4,0,0.833,Open e-Tender,8649000.0,8649000.0,0.0064,0.0284,0.8974,0.167,0,0,0,1,0.474,0.238,1
TND-000525,MPLADS-000525,1,Open e-Tender,2023-08-25,14,6,5,0,1.0,Open e-Tender,2031000.0,2031000.0,0.0079,0.0353,0.8757,0.021,0,0,0,1,0.196,0.373,1
TND-000526,MPLADS-000526,1,Open e-Tender,2023-11-10,24,6,6,0,1.0,Open e-Tender,2375000.0,2375000.0,-0.0762,0.0205,0.919,0.037,0,0,0,1,0.147,0.305,1
TND-000527,MPLADS-000527,1,Open e-Tender,2023-04-13,19,6,6,0,1.0,Open e-Tender,12259000.0,12259000.0,-0.0701,0.0073,0.8618,0.196,0,0,0,0,0.446,0.476,1
TND-000528,MPLADS-000528,1,Open e-Tender,2022-04-15,28,7,6,0,1.0,Open e-Tender,11173000.0,11173000.0,-0.0665,0.0277,0.8694,0.04,0,0,0,1,0.111,0.133,1
TND-000529,MPLADS-000529,1,Open e-Tender,2022-11-15,28,3,2,0,0.5,Open e-Tender,4131000.0,4131000.0,-0.0024,0.0294,0.8973,0.01,0,0,0,0,0.184,0.353,1
TND-000530,MPLADS-000530,1,Open e-Tender,2023-07-19,17,7,7,0,1.0,Open e-Tender,2253000.0,2253000.0,0.019,0.0346,0.9104,0.076,0,0,0,0,0.375,0.355,1
TND-000531,MPLADS-000531,1,Open e-Tender,2022-04-20,21,5,5,0,0.833,Open e-Tender,906000.0,906000.0,-0.0269,0.0022,0.9154,0.113,0,0,0,0,0.445,0.102,1
TND-000532,MPLADS-000532,1,Open e-Tender,2022-07-08,24,6,5,0,1.0,Open e-Tender,3134000.0,3134000.0,-0.0422,0.0017,0.9365,0.094,0,0,0,0,0.368,0.464,1
TND-000533,MPLADS-000533,1,Open e-Tender,2022-01-14,24,6,5,0,1.0,Open e-Tender,938000.0,938000.0,0.0,0.0334,0.8988,0.128,0,0,0,0,0.683,0.432,1
TND-000534,MPLADS-000534,1,Open e-Tender,2023-05-23,17,6,5,0,1.0,Open e-Tender,1457000.0,1457000.0,-0.0483,0.0155,0.8562,0.009,0,0,0,0,0.351,0.179,1
TND-000535,MPLADS-000535,1,Open e-Tender,2021-12-31,26,3,2,0,0.5,Open e-Tender,2767000.0,2767000.0,-0.0153,0.0019,0.9405,0.122,0,0,0,0,0.713,0.051,1
TND-000536,MPLADS-000536,1,Open e-Tender,2023-04-19,18,5,4,0,0.833,Open e-Tender,1367000.0,1367000.0,-0.0701,0.0326,0.937,0.127,0,0,0,0,0.206,0.294,1
TND-000537,MPLADS-000537,1,Open e-Tender,2023-07-13,17,4,3,0,0.667,Open e-Tender,3318000.0,3318000.0,-0.068,0.0245,0.943,0.196,0,0,0,0,0.597,0.291,1
TND-000538,MPLADS-000538,1,Open e-Tender,2023-05-23,16,7,7,0,1.0,Open e-Tender,10098000.0,10098000.0,0.0119,0.0123,0.9205,0.064,0,0,0,0,0.215,0.053,1
TND-000539,MPLADS-000539,1,Open e-Tender,2022-08-02,23,4,4,0,0.667,Open e-Tender,1702000.0,1702000.0,0.0101,0.0013,0.8848,0.221,0,0,0,0,0.34,0.222,1
TND-000540,MPLADS-000540,1,Open e-Tender,2022-06-15,23,6,6,0,1.0,Open e-Tender,1665000.0,1665000.0,-0.0054,0.0075,0.9827,0.169,0,0,0,0,0.319,0.25,1
TND-000541,MPLADS-000541,1,Open e-Tender,2022-09-19,23,3,2,0,0.5,Open e-Tender,2882000.0,2882000.0,0.0159,0.0234,0.9564,0.079,0,0,0,0,0.385,0.309,1
TND-000542,MPLADS-000542,1,Direct / Single Inquiry,2023-04-25,23,1,1,1,0.167,Single Tender Inquiry,10987000.0,10987000.0,-0.0155,0.0112,0.0,0.056,0,0,0,0,0.337,0.254,0
TND-000543,MPLADS-000543,1,Open e-Tender,2023-03-27,21,4,3,0,0.667,Open e-Tender,1227000.0,1227000.0,-0.0781,0.0134,0.9439,0.136,0,0,0,1,0.537,0.286,1
TND-000544,MPLADS-000544,1,Open e-Tender,2023-09-01,27,3,2,0,0.5,Open e-Tender,612000.0,612000.0,0.0116,0.0495,0.9307,0.244,0,0,0,0,0.112,0.397,1
TND-000545,MPLADS-000545,1,Open e-Tender,2022-10-31,18,4,4,0,0.667,Open e-Tender,1696000.0,1696000.0,-0.0712,0.0376,0.8874,0.14,0,0,0,0,0.595,0.438,1
TND-000546,MPLADS-000546,1,Open e-Tender,2023-07-25,22,5,5,0,0.833,Open e-Tender,1282000.0,1282000.0,-0.0433,0.0274,0.9272,0.051,0,0,0,0,0.637,0.112,1
TND-000547,MPLADS-000547,1,Open e-Tender,2022-07-18,28,5,5,0,0.833,Open e-Tender,525000.0,525000.0,-0.0455,0.0388,0.9056,0.208,0,0,0,1,0.133,0.117,1
TND-000548,MPLADS-000548,1,Open e-Tender,2022-07-17,23,4,3,0,0.667,Open e-Tender,2453000.0,2453000.0,0.0174,0.0439,0.8955,0.137,0,0,0,1,0.452,0.088,1
TND-000549,MPLADS-000549,1,Open e-Tender,2022-11-26,14,6,5,0,1.0,Open e-Tender,863000.0,863000.0,-0.0137,0.0164,0.9032,0.06,0,0,0,0,0.205,0.221,1
TND-000550,MPLADS-000550,1,Open e-Tender,2023-08-24,14,3,2,0,0.5,Open e-Tender,1394000.0,1394000.0,-0.0127,0.0211,0.9084,0.176,0,0,0,0,0.582,0.134,1
TND-000551,MPLADS-000551,1,Open e-Tender,2023-10-14,26,6,6,0,1.0,Open e-Tender,2091000.0,2091000.0,0.0024,0.0233,0.9156,0.068,0,0,0,0,0.208,0.11,1
TND-000552,MPLADS-000552,1,Open e-Tender,2022-06-06,18,6,5,0,1.0,Open e-Tender,1440000.0,1440000.0,0.0091,0.0391,0.9479,0.192,0,0,0,1,0.667,0.253,1
TND-000553,MPLADS-000553,1,Open e-Tender,2022-08-29,29,6,5,0,1.0,Open e-Tender,9415000.0,9415000.0,-0.0753,0.0157,0.9006,0.016,0,0,0,0,0.522,0.331,1
TND-000554,MPLADS-000554,1,Open e-Tender,2022-09-01,21,4,4,0,0.667,Open e-Tender,586000.0,586000.0,-0.0184,0.0331,0.9345,0.1,0,0,0,0,0.222,0.337,1
TND-000555,MPLADS-000555,1,Open e-Tender,2023-03-25,16,4,4,0,0.667,Open e-Tender,7420000.0,7420000.0,-0.0297,0.0274,0.9086,0.099,0,0,0,1,0.292,0.461,1
TND-000556,MPLADS-000556,1,Open e-Tender,2022-05-13,25,4,3,0,0.667,Open e-Tender,2788000.0,2788000.0,-0.0635,0.0429,0.9016,0.129,0,0,0,0,0.179,0.457,1
TND-000557,MPLADS-000557,1,Open e-Tender,2022-02-14,17,5,5,0,0.833,Open e-Tender,2952000.0,2952000.0,-0.0781,0.0282,0.973,0.162,0,0,0,0,0.327,0.105,1
TND-000558,MPLADS-000558,1,Open e-Tender,2023-02-10,18,5,4,0,0.833,Open e-Tender,2729000.0,2729000.0,-0.0625,0.02,0.9391,0.005,0,0,0,0,0.235,0.119,1
TND-000559,MPLADS-000559,1,Open e-Tender,2022-10-30,21,7,7,0,1.0,Open e-Tender,1491000.0,1491000.0,-0.0106,0.0333,0.9891,0.119,0,0,0,0,0.182,0.482,1
TND-000560,MPLADS-000560,1,Open e-Tender,2023-03-03,14,3,2,0,0.5,Open e-Tender,349000.0,349000.0,-0.0359,0.0079,0.9863,0.192,0,0,0,0,0.222,0.45,1
TND-000561,MPLADS-000561,1,Open e-Tender,2023-01-31,29,3,3,0,0.5,Open e-Tender,1499000.0,1499000.0,-0.0701,0.0152,0.9736,0.131,0,0,0,1,0.593,0.121,1
TND-000562,MPLADS-000562,1,Open e-Tender,2023-07-03,15,5,4,0,0.833,Open e-Tender,10867000.0,10867000.0,-0.0393,0.0477,0.9291,0.199,0,0,0,0,0.392,0.236,1
TND-000563,MPLADS-000563,1,Open e-Tender,2023-06-18,20,5,5,0,0.833,Open e-Tender,1117000.0,1117000.0,-0.0245,0.0353,0.8912,0.072,0,0,0,0,0.353,0.075,1
TND-000564,MPLADS-000564,1,Open e-Tender,2023-06-11,20,7,7,0,1.0,Open e-Tender,2446000.0,2446000.0,-0.0196,0.0274,0.8988,0.227,0,0,0,0,0.238,0.452,1
TND-000565,MPLADS-000565,1,Open e-Tender,2023-01-03,14,6,5,0,1.0,Open e-Tender,1310000.0,1310000.0,-0.0473,0.0439,0.9775,0.118,0,0,0,0,0.248,0.319,1
TND-000566,MPLADS-000566,1,Open e-Tender,2022-07-11,19,3,3,0,0.5,Open e-Tender,565000.0,565000.0,-0.0088,0.0386,0.8544,0.135,1,0,0,0,0.474,0.215,1
TND-000567,MPLADS-000567,1,Open e-Tender,2022-04-06,27,7,6,0,1.0,Open e-Tender,694000.0,694000.0,0.0,0.0136,0.928,0.018,0,0,0,0,0.114,0.084,1
TND-000568,MPLADS-000568,1,Open e-Tender,2023-03-25,18,4,3,0,0.667,Open e-Tender,11350000.0,11350000.0,-0.0561,0.0314,0.933,0.056,0,0,0,1,0.322,0.313,1
TND-000569,MPLADS-000569,1,Open e-Tender,2022-01-18,20,6,6,0,1.0,Open e-Tender,1285000.0,1285000.0,0.0023,0.0484,0.9466,0.085,0,0,0,0,0.525,0.5,1
TND-000570,MPLADS-000570,1,Direct / Single Inquiry,2023-05-25,28,1,1,1,0.167,Single Tender Inquiry,1698000.0,1698000.0,-0.0208,0.014,0.0,0.233,0,0,0,0,0.679,0.16,0
TND-000571,MPLADS-000571,1,Open e-Tender,2023-06-07,19,3,2,0,0.5,Open e-Tender,824000.0,824000.0,-0.0363,0.0099,0.888,0.103,0,0,0,0,0.627,0.093,1
TND-000572,MPLADS-000572,1,Open e-Tender,2023-05-05,20,7,6,0,1.0,Open e-Tender,1432000.0,1432000.0,-0.0719,0.0431,0.9446,0.088,0,0,0,1,0.574,0.342,1
TND-000573,MPLADS-000573,1,Open e-Tender,2022-06-04,14,6,5,0,1.0,Open e-Tender,562000.0,562000.0,-0.0602,0.0318,0.9205,0.24,0,0,0,0,0.549,0.26,1
TND-000574,MPLADS-000574,1,Open e-Tender,2022-04-24,19,5,5,0,0.833,Open e-Tender,3133000.0,3133000.0,-0.0706,0.0421,0.9443,0.168,0,0,0,0,0.528,0.381,1
TND-000575,MPLADS-000575,1,Open e-Tender,2023-05-16,17,6,6,0,1.0,Open e-Tender,2376000.0,2376000.0,-0.0616,0.0045,0.9407,0.053,0,0,0,0,0.735,0.298,1
TND-000576,MPLADS-000576,1,Open e-Tender,2023-03-09,23,4,3,0,0.667,Open e-Tender,2018000.0,2018000.0,-0.0349,0.0224,0.9616,0.094,0,0,0,0,0.744,0.145,1
TND-000577,MPLADS-000577,1,Open e-Tender,2023-08-10,25,6,5,0,1.0,Open e-Tender,633000.0,633000.0,-0.0094,0.0201,0.9212,0.004,0,0,0,1,0.257,0.497,1
TND-000578,MPLADS-000578,1,Open e-Tender,2022-03-07,15,6,6,0,1.0,Open e-Tender,512000.0,512000.0,-0.0285,0.0256,0.9158,0.143,0,0,0,0,0.717,0.323,1
TND-000579,MPLADS-000579,1,Open e-Tender,2022-12-21,27,5,5,0,0.833,Open e-Tender,1154000.0,1154000.0,-0.0587,0.0218,0.9732,0.245,0,0,0,1,0.126,0.195,1
TND-000580,MPLADS-000580,1,Open e-Tender,2022-11-23,16,7,6,0,1.0,Open e-Tender,679000.0,679000.0,0.0015,0.0407,0.9234,0.245,0,0,0,0,0.35,0.168,1
TND-000581,MPLADS-000581,1,Open e-Tender,2023-05-23,19,6,6,0,1.0,Open e-Tender,7825000.0,7825000.0,-0.0055,0.0089,0.8697,0.244,0,0,0,0,0.504,0.076,1
TND-000582,MPLADS-000582,1,Open e-Tender,2022-10-22,22,3,2,0,0.5,Open e-Tender,10471000.0,10471000.0,-0.0515,0.0476,0.8743,0.057,0,0,0,0,0.382,0.382,1
TND-000583,MPLADS-000583,1,Open e-Tender,2022-10-16,18,6,6,0,1.0,Open e-Tender,2199000.0,2199000.0,-0.0745,0.0154,0.9599,0.155,0,0,0,0,0.144,0.451,1
TND-000584,MPLADS-000584,1,Open e-Tender,2023-09-23,25,7,7,0,1.0,Open e-Tender,2139000.0,2139000.0,-0.0014,0.0483,0.9259,0.193,1,0,0,0,0.404,0.342,1
TND-000585,MPLADS-000585,1,Open e-Tender,2023-02-28,23,5,5,0,0.833,Open e-Tender,2307000.0,2307000.0,-0.0208,0.0488,0.9676,0.168,0,0,0,0,0.161,0.194,1
TND-000586,MPLADS-000586,1,Open e-Tender,2022-07-03,28,5,4,0,0.833,Open e-Tender,1580000.0,1580000.0,-0.0436,0.0239,0.9682,0.001,1,0,0,0,0.187,0.354,1
TND-000587,MPLADS-000587,1,Open e-Tender,2023-06-18,23,4,4,0,0.667,Open e-Tender,2454000.0,2454000.0,0.0016,0.0459,0.9558,0.158,0,0,0,0,0.265,0.476,1
TND-000588,MPLADS-000588,1,Open e-Tender,2023-01-09,27,4,4,0,0.667,Open e-Tender,1354000.0,1354000.0,-0.0623,0.0225,0.9521,0.139,0,0,0,0,0.228,0.205,1
TND-000589,MPLADS-000589,1,Open e-Tender,2022-04-30,17,5,5,0,0.833,Open e-Tender,2599000.0,2599000.0,-0.0617,0.0016,0.985,0.236,0,0,0,0,0.477,0.242,1
TND-000590,MPLADS-000590,1,Open e-Tender,2023-04-04,25,7,7,0,1.0,Open e-Tender,1665000.0,1665000.0,-0.0486,0.0102,0.9612,0.086,0,0,0,0,0.535,0.487,1
TND-000591,MPLADS-000591,1,Open e-Tender,2023-03-16,18,3,2,0,0.5,Open e-Tender,1314000.0,1314000.0,0.0046,0.0058,0.9874,0.22,1,0,0,0,0.715,0.114,1
TND-000592,MPLADS-000592,1,Open e-Tender,2022-06-03,25,5,5,0,0.833,Open e-Tender,3291000.0,3291000.0,-0.0538,0.0346,0.953,0.133,0,0,0,0,0.627,0.394,1
TND-000593,MPLADS-000593,1,Open e-Tender,2023-09-06,23,3,3,0,0.5,Open e-Tender,1006000.0,1006000.0,0.0131,0.0247,0.9173,0.126,0,0,0,1,0.112,0.15,1
TND-000594,MPLADS-000594,1,Open e-Tender,2022-03-16,21,4,4,0,0.667,Open e-Tender,2851000.0,2851000.0,-0.0487,0.0013,0.9421,0.242,1,0,0,1,0.418,0.443,1
TND-000595,MPLADS-000595,1,Open e-Tender,2022-11-24,26,6,6,0,1.0,Open e-Tender,1885000.0,1885000.0,0.0016,0.0116,0.8599,0.077,0,0,0,0,0.169,0.343,1
TND-000596,MPLADS-000596,1,Open e-Tender,2023-08-05,21,3,2,0,0.5,Open e-Tender,9874000.0,9874000.0,-0.0321,0.0269,0.8603,0.243,0,0,0,0,0.13,0.295,1
TND-000597,MPLADS-000597,1,Open e-Tender,2022-07-26,27,7,7,0,1.0,Open e-Tender,1814000.0,1814000.0,-0.0422,0.0256,0.9443,0.198,0,0,0,1,0.432,0.319,1
TND-000598,MPLADS-000598,1,Open e-Tender,2023-05-21,14,6,5,0,1.0,Open e-Tender,2406000.0,2406000.0,-0.0074,0.0407,0.8528,0.121,0,0,0,0,0.467,0.061,1
TND-000599,MPLADS-000599,1,Open e-Tender,2022-10-10,14,5,5,0,0.833,Open e-Tender,3496000.0,3496000.0,-0.0665,0.0437,0.9804,0.13,1,0,0,1,0.527,0.342,1
TND-000600,MPLADS-000600,1,Open e-Tender,2022-04-17,22,3,3,0,0.5,Open e-Tender,2186000.0,2186000.0,-0.0064,0.0333,0.9712,0.228,0,0,0,1,0.518,0.114,1
TND-000601,MPLADS-000601,1,Open e-Tender,2023-07-26,19,7,6,0,1.0,Open e-Tender,3138000.0,3138000.0,-0.0497,0.0285,0.9095,0.08,0,0,0,0,0.708,0.054,1
TND-000602,MPLADS-000602,1,Open e-Tender,2022-08-03,21,7,6,0,1.0,Open e-Tender,1573000.0,1573000.0,-0.0063,0.0389,0.8666,0.24,0,0,0,0,0.361,0.054,1
TND-000603,MPLADS-000603,1,Open e-Tender,2023-07-16,27,6,5,0,1.0,Open e-Tender,2697000.0,2697000.0,-0.058,0.0269,0.9045,0.059,0,0,0,0,0.326,0.431,1
TND-000604,MPLADS-000604,1,Open e-Tender,2023-04-24,15,5,4,0,0.833,Open e-Tender,2032000.0,2032000.0,0.0191,0.0391,0.8587,0.048,0,0,0,0,0.255,0.062,1
TND-000605,MPLADS-000605,1,Open e-Tender,2022-07-23,16,3,2,0,0.5,Open e-Tender,3283000.0,3283000.0,-0.0476,0.0158,0.8925,0.247,1,0,0,0,0.253,0.131,1
TND-000606,MPLADS-000606,1,Open e-Tender,2022-05-23,19,7,7,0,1.0,Open e-Tender,1704000.0,1704000.0,-0.0663,0.0301,0.9806,0.038,0,0,0,0,0.457,0.407,1
TND-000607,MPLADS-000607,1,Direct / Single Inquiry,2022-06-14,19,1,1,1,0.167,Single Tender Inquiry,2342000.0,2342000.0,-0.0769,0.0474,0.0,0.019,0,0,0,1,0.33,0.105,0
TND-000608,MPLADS-000608,1,Open e-Tender,2022-02-23,22,4,3,0,0.667,Open e-Tender,1867000.0,1867000.0,-0.0064,0.0124,0.8811,0.228,0,0,0,0,0.555,0.177,1
TND-000609,MPLADS-000609,1,Open e-Tender,2023-06-22,27,4,4,0,0.667,Open e-Tender,1473000.0,1473000.0,-0.0101,0.0172,0.8741,0.2,0,0,0,0,0.426,0.36,1
TND-000610,MPLADS-000610,1,Open e-Tender,2022-03-25,18,3,3,0,0.5,Open e-Tender,3387000.0,3387000.0,-0.0211,0.0227,0.8973,0.179,0,0,0,0,0.477,0.496,1
TND-000611,MPLADS-000611,1,Open e-Tender,2023-11-11,19,3,3,0,0.5,Open e-Tender,2146000.0,2146000.0,0.008,0.0213,0.9049,0.051,0,0,0,0,0.484,0.301,1
TND-000612,MPLADS-000612,1,Open e-Tender,2022-03-20,22,3,3,0,0.5,Open e-Tender,2143000.0,2143000.0,-0.0005,0.0161,0.9126,0.124,0,0,0,0,0.119,0.269,1
TND-000613,MPLADS-000613,1,Open e-Tender,2022-05-18,14,6,5,0,1.0,Open e-Tender,2918000.0,2918000.0,-0.0244,0.0318,0.9424,0.249,0,0,0,0,0.656,0.16,1
TND-000614,MPLADS-000614,1,Open e-Tender,2022-05-15,29,7,7,0,1.0,Open e-Tender,3171000.0,3171000.0,0.0022,0.0447,0.9202,0.108,0,0,0,0,0.745,0.379,1
TND-000615,MPLADS-000615,1,Open e-Tender,2022-07-14,27,5,5,0,0.833,Open e-Tender,2613000.0,2613000.0,-0.0143,0.0246,0.8994,0.038,1,0,0,0,0.617,0.389,1
TND-000616,MPLADS-000616,1,Open e-Tender,2023-06-30,21,5,4,0,0.833,Open e-Tender,1360000.0,1360000.0,-0.0209,0.0364,0.8878,0.182,0,0,0,0,0.305,0.328,1
TND-000617,MPLADS-000617,1,Open e-Tender,2022-05-03,28,5,5,0,0.833,Open e-Tender,2378000.0,2378000.0,-0.0008,0.0392,0.9682,0.051,0,0,0,0,0.516,0.126,1
TND-000618,MPLADS-000618,1,Open e-Tender,2022-03-21,22,4,3,0,0.667,Open e-Tender,2071000.0,2071000.0,-0.0595,0.047,0.9204,0.155,0,0,0,0,0.102,0.428,1
TND-000619,MPLADS-000619,1,Open e-Tender,2023-03-25,27,6,6,0,1.0,Open e-Tender,3219000.0,3219000.0,-0.0234,0.0329,0.9031,0.134,1,0,0,1,0.721,0.306,1
TND-000620,MPLADS-000620,1,Open e-Tender,2023-06-26,27,7,6,0,1.0,Open e-Tender,1391000.0,1391000.0,0.0007,0.0221,0.8679,0.006,0,0,0,1,0.679,0.405,1
TND-000621,MPLADS-000621,1,Open e-Tender,2023-11-15,18,4,3,0,0.667,Open e-Tender,587000.0,587000.0,-0.0668,0.0438,0.9534,0.194,0,0,0,0,0.741,0.17,1
TND-000622,MPLADS-000622,1,Open e-Tender,2023-03-07,25,6,6,0,1.0,Open e-Tender,2291000.0,2291000.0,-0.0698,0.0188,0.8805,0.097,0,0,0,0,0.478,0.317,1
TND-000623,MPLADS-000623,1,Open e-Tender,2022-06-16,29,7,7,0,1.0,Open e-Tender,2136000.0,2136000.0,-0.0152,0.0044,0.9851,0.216,0,0,0,0,0.58,0.059,1
TND-000624,MPLADS-000624,1,Open e-Tender,2023-07-27,28,5,4,0,0.833,Open e-Tender,2788000.0,2788000.0,-0.06,0.049,0.8801,0.248,0,0,0,0,0.742,0.489,1
TND-000625,MPLADS-000625,1,Open e-Tender,2022-12-14,14,4,4,0,0.667,Open e-Tender,3366000.0,3366000.0,0.0129,0.0395,0.967,0.165,0,0,0,0,0.166,0.368,1
TND-000626,MPLADS-000626,1,Open e-Tender,2022-08-05,22,7,7,0,1.0,Open e-Tender,9866000.0,9866000.0,-0.0727,0.0373,0.9568,0.024,1,0,0,1,0.675,0.137,1
TND-000627,MPLADS-000627,1,Open e-Tender,2023-01-16,20,5,5,0,0.833,Open e-Tender,1544000.0,1544000.0,-0.0374,0.0212,0.9177,0.046,0,0,0,1,0.608,0.475,1
TND-000628,MPLADS-000628,1,Open e-Tender,2023-02-14,15,4,4,0,0.667,Open e-Tender,1486000.0,1486000.0,-0.0607,0.0371,0.9136,0.084,0,0,0,0,0.263,0.14,1
TND-000629,MPLADS-000629,1,Open e-Tender,2022-08-18,25,7,6,0,1.0,Open e-Tender,2218000.0,2218000.0,-0.0402,0.0293,0.8994,0.02,1,0,0,0,0.379,0.222,1
TND-000630,MPLADS-000630,1,Open e-Tender,2023-12-30,24,5,4,0,0.833,Open e-Tender,2828000.0,2828000.0,-0.0245,0.0253,0.9754,0.059,0,0,0,0,0.25,0.086,1
TND-000631,MPLADS-000631,1,Open e-Tender,2022-05-04,28,3,2,0,0.5,Open e-Tender,2443000.0,2443000.0,0.0141,0.0205,0.9419,0.107,0,0,0,0,0.452,0.434,1
TND-000632,MPLADS-000632,1,Open e-Tender,2023-01-06,16,4,3,0,0.667,Open e-Tender,956000.0,956000.0,-0.0104,0.023,0.9246,0.223,0,0,0,0,0.186,0.467,1
TND-000633,MPLADS-000633,1,Open e-Tender,2022-04-23,19,7,6,0,1.0,Open e-Tender,10434000.0,10434000.0,0.0094,0.0206,0.9502,0.172,0,0,0,0,0.279,0.498,1
TND-000634,MPLADS-000634,1,Open e-Tender,2023-09-12,24,4,4,0,0.667,Open e-Tender,510000.0,510000.0,-0.0485,0.0279,0.8998,0.15,0,0,0,0,0.668,0.122,1
TND-000635,MPLADS-000635,1,Open e-Tender,2023-06-03,26,7,7,0,1.0,Open e-Tender,2335000.0,2335000.0,-0.0089,0.0398,0.8966,0.112,1,0,0,0,0.516,0.108,1
TND-000636,MPLADS-000636,1,Open e-Tender,2023-09-29,25,7,7,0,1.0,Open e-Tender,2981000.0,2981000.0,-0.0635,0.0241,0.9042,0.104,0,0,0,0,0.348,0.122,1
TND-000637,MPLADS-000637,1,Open e-Tender,2022-09-06,15,6,5,0,1.0,Open e-Tender,3884000.0,3884000.0,-0.0443,0.0241,0.9695,0.236,0,0,0,0,0.341,0.364,1
TND-000638,MPLADS-000638,1,Open e-Tender,2023-02-23,23,3,2,0,0.5,Open e-Tender,1970000.0,1970000.0,0.017,0.0235,0.9174,0.084,0,0,0,0,0.69,0.17,1
TND-000639,MPLADS-000639,1,Open e-Tender,2023-07-21,17,6,6,0,1.0,Open e-Tender,15364000.0,15364000.0,-0.0439,0.0213,0.9271,0.171,0,0,0,0,0.485,0.352,1
TND-000640,MPLADS-000640,1,Open e-Tender,2023-07-26,19,7,6,0,1.0,Open e-Tender,1201000.0,1201000.0,-0.079,0.0476,0.9684,0.209,0,0,0,0,0.485,0.185,1
TND-000641,MPLADS-000641,1,Open e-Tender,2022-05-04,18,4,3,0,0.667,Open e-Tender,10580000.0,10580000.0,-0.0339,0.0304,0.8614,0.141,0,0,0,0,0.606,0.093,1
TND-000642,MPLADS-000642,1,Open e-Tender,2023-03-30,29,6,5,0,1.0,Open e-Tender,10817000.0,10817000.0,-0.056,0.0053,0.951,0.198,1,0,0,0,0.162,0.394,1
TND-000643,MPLADS-000643,1,Open e-Tender,2022-11-24,18,3,3,0,0.5,Open e-Tender,10856000.0,10856000.0,-0.0288,0.0447,0.8866,0.103,1,0,0,0,0.601,0.262,1
TND-000644,MPLADS-000644,1,Direct / Single Inquiry,2022-10-31,20,1,1,1,0.167,Single Tender Inquiry,842000.0,842000.0,-0.0757,0.0006,0.0,0.024,0,0,0,0,0.235,0.414,0
TND-000645,MPLADS-000645,1,Open e-Tender,2022-12-21,16,5,4,0,0.833,Open e-Tender,2644000.0,2644000.0,-0.0038,0.0418,0.9526,0.037,0,0,0,0,0.187,0.22,1
TND-000646,MPLADS-000646,1,Open e-Tender,2023-08-02,29,4,4,0,0.667,Open e-Tender,2329000.0,2329000.0,0.0126,0.002,0.8731,0.061,0,0,0,1,0.297,0.434,1
TND-000647,MPLADS-000647,1,Open e-Tender,2023-09-05,23,5,5,0,0.833,Open e-Tender,2372000.0,2372000.0,-0.0326,0.0392,0.9801,0.06,1,0,0,0,0.602,0.283,1
TND-000648,MPLADS-000648,1,Open e-Tender,2023-01-09,18,5,4,0,0.833,Open e-Tender,1526000.0,1526000.0,-0.0403,0.0171,0.9742,0.104,0,0,0,0,0.563,0.258,1
TND-000649,MPLADS-000649,1,Open e-Tender,2023-11-25,15,5,5,0,0.833,Open e-Tender,2555000.0,2555000.0,-0.0736,0.0358,0.8909,0.235,0,0,0,0,0.502,0.2,1
TND-000650,MPLADS-000650,1,Open e-Tender,2023-04-14,18,3,3,0,0.5,Open e-Tender,1009000.0,1009000.0,-0.0472,0.0418,0.8868,0.202,0,0,0,0,0.402,0.295,1
TND-000651,MPLADS-000651,1,Open e-Tender,2022-09-30,15,4,3,0,0.667,Open e-Tender,1951000.0,1951000.0,-0.0579,0.0305,0.894,0.088,0,0,0,0,0.74,0.116,1
TND-000652,MPLADS-000652,1,Open e-Tender,2023-01-05,20,7,7,0,1.0,Open e-Tender,3147000.0,3147000.0,-0.0063,0.0189,0.8519,0.156,0,0,0,0,0.676,0.439,1
TND-000653,MPLADS-000653,1,Open e-Tender,2022-02-25,24,7,6,0,1.0,Open e-Tender,1148000.0,1148000.0,-0.0629,0.0337,0.9654,0.216,0,0,0,0,0.643,0.362,1
TND-000654,MPLADS-000654,1,Open e-Tender,2023-10-21,15,5,4,0,0.833,Open e-Tender,1794000.0,1794000.0,-0.0105,0.0083,0.9019,0.144,0,0,0,1,0.489,0.068,1
TND-000655,MPLADS-000655,1,Open e-Tender,2023-11-06,16,6,6,0,1.0,Open e-Tender,1972000.0,1972000.0,-0.0314,0.0298,0.9762,0.153,0,0,0,0,0.156,0.148,1
TND-000656,MPLADS-000656,1,Open e-Tender,2022-07-23,19,7,7,0,1.0,Open e-Tender,1572000.0,1572000.0,-0.0775,0.0029,0.8874,0.001,0,0,0,0,0.597,0.146,1
TND-000657,MPLADS-000657,1,Open e-Tender,2023-01-20,15,3,2,0,0.5,Open e-Tender,384000.0,384000.0,0.0,0.0348,0.9606,0.208,0,0,0,0,0.525,0.251,1
TND-000658,MPLADS-000658,1,Open e-Tender,2022-03-30,22,3,3,0,0.5,Open e-Tender,413000.0,413000.0,-0.0781,0.0477,0.9582,0.043,0,0,0,0,0.389,0.296,1
TND-000659,MPLADS-000659,1,Open e-Tender,2023-12-02,23,6,5,0,1.0,Open e-Tender,1517000.0,1517000.0,0.006,0.0491,0.9292,0.067,0,0,0,1,0.587,0.211,1
TND-000660,MPLADS-000660,1,Open e-Tender,2022-04-17,20,6,6,0,1.0,Open e-Tender,568000.0,568000.0,-0.019,0.0239,0.8908,0.007,0,0,0,1,0.345,0.273,1
TND-000661,MPLADS-000661,1,Open e-Tender,2023-09-13,18,4,3,0,0.667,Open e-Tender,1578000.0,1578000.0,-0.0646,0.0301,0.8697,0.243,0,0,0,0,0.265,0.416,1
TND-000662,MPLADS-000662,1,Open e-Tender,2023-10-04,27,5,4,0,0.833,Open e-Tender,2226000.0,2226000.0,-0.0058,0.017,0.9638,0.036,1,0,0,0,0.551,0.188,1
TND-000663,MPLADS-000663,1,Open e-Tender,2023-02-03,26,6,6,0,1.0,Open e-Tender,1655000.0,1655000.0,-0.0054,0.0168,0.9288,0.175,1,0,0,0,0.224,0.099,1
TND-000664,MPLADS-000664,1,Open e-Tender,2023-05-31,28,3,3,0,0.5,Open e-Tender,2105000.0,2105000.0,-0.0401,0.0211,0.9609,0.04,1,0,0,0,0.589,0.338,1
TND-000665,MPLADS-000665,1,Open e-Tender,2023-09-03,16,3,2,0,0.5,Open e-Tender,942000.0,942000.0,0.0195,0.0072,0.9826,0.224,1,0,0,0,0.326,0.22,1
TND-000666,MPLADS-000666,1,Open e-Tender,2023-04-14,27,6,5,0,1.0,Open e-Tender,14714000.0,14714000.0,-0.0085,0.0262,0.9063,0.065,0,0,0,0,0.625,0.296,1
TND-000667,MPLADS-000667,1,Open e-Tender,2022-09-16,14,6,6,0,1.0,Open e-Tender,3059000.0,3059000.0,-0.0772,0.0185,0.9648,0.161,0,0,0,0,0.175,0.071,1
TND-000668,MPLADS-000668,1,Direct / Single Inquiry,2022-03-23,20,1,1,1,0.167,Single Tender Inquiry,1058000.0,1058000.0,-0.0511,0.0145,0.0,0.13,0,0,0,0,0.103,0.415,0
TND-000669,MPLADS-000669,1,Open e-Tender,2023-07-21,24,5,5,0,0.833,Open e-Tender,1485000.0,1485000.0,-0.0288,0.0232,0.9276,0.05,0,0,0,0,0.278,0.416,1
TND-000670,MPLADS-000670,1,Open e-Tender,2023-09-19,16,3,2,0,0.5,Open e-Tender,1646000.0,1646000.0,-0.0589,0.0276,0.9057,0.109,0,0,0,0,0.716,0.424,1
TND-000671,MPLADS-000671,1,Open e-Tender,2023-03-09,28,7,6,0,1.0,Open e-Tender,1084000.0,1084000.0,0.0131,0.0401,0.9879,0.075,0,0,0,0,0.734,0.205,1
TND-000672,MPLADS-000672,1,Open e-Tender,2022-04-30,23,5,5,0,0.833,Open e-Tender,645000.0,645000.0,-0.0301,0.044,0.9554,0.047,0,0,0,0,0.511,0.312,1
TND-000673,MPLADS-000673,1,Open e-Tender,2022-09-10,14,4,3,0,0.667,Open e-Tender,1766000.0,1766000.0,0.0057,0.0201,0.988,0.107,0,0,0,0,0.386,0.359,1
TND-000674,MPLADS-000674,1,Open e-Tender,2023-05-18,24,5,5,0,0.833,Open e-Tender,646000.0,646000.0,-0.0638,0.0427,0.9403,0.159,0,0,0,0,0.124,0.146,1
TND-000675,MPLADS-000675,1,Open e-Tender,2023-01-17,17,7,7,0,1.0,Open e-Tender,2582000.0,2582000.0,-0.0692,0.0294,0.9454,0.122,0,0,0,1,0.313,0.324,1
TND-000676,MPLADS-000676,1,Open e-Tender,2023-09-29,21,7,6,0,1.0,Open e-Tender,14656000.0,14656000.0,-0.0674,0.0381,0.9219,0.112,0,0,0,0,0.494,0.417,1
TND-000677,MPLADS-000677,1,Open e-Tender,2022-10-06,26,5,4,0,0.833,Open e-Tender,3381000.0,3381000.0,-0.0489,0.0286,0.8529,0.049,0,0,0,1,0.653,0.404,1
TND-000678,MPLADS-000678,1,Open e-Tender,2023-09-30,18,7,6,0,1.0,Open e-Tender,2286000.0,2286000.0,-0.0764,0.0412,0.8662,0.043,0,0,0,0,0.5,0.241,1
TND-000679,MPLADS-000679,1,Open e-Tender,2023-07-17,27,6,6,0,1.0,Open e-Tender,13141000.0,13141000.0,-0.0347,0.0451,0.8688,0.026,1,0,0,0,0.73,0.37,1
TND-000680,MPLADS-000680,1,Open e-Tender,2022-03-27,18,5,5,0,0.833,Open e-Tender,2200000.0,2200000.0,-0.0745,0.0137,0.9034,0.087,1,0,0,1,0.679,0.475,1
TND-000681,MPLADS-000681,1,Open e-Tender,2022-07-30,21,4,3,0,0.667,Open e-Tender,7572000.0,7572000.0,-0.0327,0.0168,0.9425,0.219,0,0,0,0,0.644,0.164,1
TND-000682,MPLADS-000682,1,Open e-Tender,2023-01-23,18,3,3,0,0.5,Open e-Tender,3872000.0,3872000.0,0.0123,0.0174,0.9172,0.21,1,0,0,0,0.353,0.133,1
TND-000683,MPLADS-000683,1,Open e-Tender,2023-01-26,23,5,5,0,0.833,Open e-Tender,1681000.0,1681000.0,-0.0708,0.0389,0.9812,0.1,0,0,0,0,0.663,0.459,1
TND-000684,MPLADS-000684,1,Open e-Tender,2023-06-06,15,5,5,0,0.833,Open e-Tender,11699000.0,11699000.0,-0.0718,0.0444,0.8507,0.113,0,0,0,0,0.392,0.458,1
TND-000685,MPLADS-000685,1,Open e-Tender,2023-02-26,17,4,3,0,0.667,Open e-Tender,3085000.0,3085000.0,0.0198,0.0319,0.9685,0.151,0,0,0,0,0.235,0.433,1
TND-000686,MPLADS-000686,1,Open e-Tender,2022-08-29,27,5,5,0,0.833,Open e-Tender,647000.0,647000.0,-0.0046,0.0231,0.9263,0.183,0,0,0,1,0.424,0.264,1
TND-000687,MPLADS-000687,1,Open e-Tender,2022-04-23,19,7,7,0,1.0,Open e-Tender,3195000.0,3195000.0,0.0146,0.0398,0.9342,0.171,0,0,0,0,0.431,0.164,1
TND-000688,MPLADS-000688,1,Open e-Tender,2023-05-13,26,5,5,0,0.833,Open e-Tender,921000.0,921000.0,-0.0631,0.033,0.9524,0.248,0,0,0,1,0.628,0.5,1
TND-000689,MPLADS-000689,1,Open e-Tender,2022-03-19,27,4,4,0,0.667,Open e-Tender,3901000.0,3901000.0,-0.0154,0.0083,0.9632,0.144,0,0,0,0,0.342,0.303,1
TND-000690,MPLADS-000690,1,Open e-Tender,2022-06-20,29,6,5,0,1.0,Open e-Tender,1400000.0,1400000.0,-0.0476,0.011,0.9196,0.1,0,0,0,0,0.659,0.433,1
TND-000691,MPLADS-000691,1,Open e-Tender,2023-05-18,16,6,6,0,1.0,Open e-Tender,1945000.0,1945000.0,-0.0622,0.015,0.9523,0.238,0,0,0,0,0.127,0.051,1
TND-000692,MPLADS-000692,1,Open e-Tender,2022-12-16,21,4,3,0,0.667,Open e-Tender,1304000.0,1304000.0,-0.0619,0.0472,0.8903,0.201,0,0,0,0,0.403,0.245,1
TND-000693,MPLADS-000693,1,Open e-Tender,2022-03-25,22,5,5,0,0.833,Open e-Tender,2853000.0,2853000.0,-0.0737,0.0126,0.9514,0.085,0,0,0,0,0.329,0.153,1
TND-000694,MPLADS-000694,1,Open e-Tender,2023-08-15,14,3,2,0,0.5,Open e-Tender,595000.0,595000.0,0.0188,0.0184,0.8812,0.053,0,0,0,0,0.518,0.117,1
TND-000695,MPLADS-000695,1,Open e-Tender,2022-08-24,22,7,6,0,1.0,Open e-Tender,1804000.0,1804000.0,-0.0185,0.0013,0.9219,0.102,1,0,0,0,0.348,0.058,1
TND-000696,MPLADS-000696,1,Open e-Tender,2023-01-20,21,5,4,0,0.833,Open e-Tender,1816000.0,1816000.0,0.005,0.0046,0.8617,0.143,0,0,0,1,0.38,0.335,1
TND-000697,MPLADS-000697,1,Open e-Tender,2023-05-06,27,4,4,0,0.667,Open e-Tender,1007000.0,1007000.0,-0.077,0.0126,0.8545,0.223,0,0,0,0,0.365,0.308,1
TND-000698,MPLADS-000698,1,Open e-Tender,2023-07-22,18,7,7,0,1.0,Open e-Tender,2630000.0,2630000.0,-0.0391,0.0403,0.9875,0.052,0,0,0,0,0.497,0.483,1
TND-000699,MPLADS-000699,1,Open e-Tender,2023-09-26,21,6,5,0,1.0,Open e-Tender,1948000.0,1948000.0,-0.0644,0.0254,0.9139,0.193,0,0,0,1,0.365,0.177,1
TND-000700,MPLADS-000700,1,Open e-Tender,2022-01-07,28,3,3,0,0.5,Open e-Tender,2237000.0,2237000.0,-0.0287,0.0009,0.9531,0.029,0,0,0,1,0.403,0.416,1
TND-000701,MPLADS-000701,1,Open e-Tender,2022-06-26,21,6,5,0,1.0,Open e-Tender,968000.0,968000.0,0.0168,0.0355,0.889,0.192,0,0,0,0,0.529,0.271,1
TND-000702,MPLADS-000702,1,Open e-Tender,2023-12-25,23,4,4,0,0.667,Open e-Tender,2429000.0,2429000.0,-0.0008,0.006,0.8689,0.114,0,0,0,0,0.155,0.161,1
TND-000703,MPLADS-000703,1,Open e-Tender,2023-03-07,23,7,6,0,1.0,Open e-Tender,1578000.0,1578000.0,0.0045,0.0337,0.9404,0.052,0,0,0,0,0.345,0.357,1
TND-000704,MPLADS-000704,1,Direct / Single Inquiry,2022-04-25,26,1,1,1,0.167,Single Tender Inquiry,3674000.0,3674000.0,-0.0382,0.016,0.0,0.042,1,0,0,0,0.581,0.377,0
TND-000705,MPLADS-000705,1,Open e-Tender,2023-03-08,20,7,7,0,1.0,Open e-Tender,11460000.0,11460000.0,0.0151,0.0316,0.8773,0.112,0,0,0,0,0.239,0.45,1
TND-000706,MPLADS-000706,1,Open e-Tender,2022-08-26,15,5,4,0,0.833,Open e-Tender,1863000.0,1863000.0,-0.0786,0.0436,0.8997,0.201,0,0,0,0,0.674,0.262,1
TND-000707,MPLADS-000707,1,Open e-Tender,2022-06-23,24,5,4,0,0.833,Open e-Tender,2393000.0,2393000.0,-0.0362,0.0481,0.881,0.184,0,0,0,0,0.229,0.218,1
TND-000708,MPLADS-000708,1,Open e-Tender,2022-11-30,29,3,3,0,0.5,Open e-Tender,816000.0,816000.0,-0.0073,0.0445,0.9206,0.094,0,0,0,0,0.523,0.069,1
TND-000709,MPLADS-000709,1,Open e-Tender,2022-10-12,25,6,6,0,1.0,Open e-Tender,404000.0,404000.0,-0.0734,0.0479,0.8996,0.038,0,0,0,0,0.696,0.258,1
TND-000710,MPLADS-000710,1,Open e-Tender,2023-06-15,27,3,2,0,0.5,Open e-Tender,386000.0,386000.0,-0.0446,0.0073,0.9433,0.047,1,0,0,1,0.298,0.402,1
TND-000711,MPLADS-000711,1,Open e-Tender,2022-09-01,26,6,5,0,1.0,Open e-Tender,44999000.0,44999000.0,-0.0735,0.0329,0.949,0.243,0,0,0,1,0.424,0.233,1
TND-000712,MPLADS-000712,1,Direct / Single Inquiry,2023-04-27,26,1,1,1,0.167,Single Tender Inquiry,1816000.0,1816000.0,0.0157,0.0052,0.0,0.177,0,0,0,0,0.709,0.14,0
TND-000713,MPLADS-000713,1,Open e-Tender,2023-04-06,21,4,3,0,0.667,Open e-Tender,3500000.0,3500000.0,0.0086,0.0417,0.8569,0.11,0,0,0,1,0.465,0.388,1
TND-000714,MPLADS-000714,1,Open e-Tender,2022-05-16,23,3,2,0,0.5,Open e-Tender,750000.0,750000.0,-0.0347,0.0391,0.8961,0.15,0,0,0,1,0.122,0.456,1
TND-000715,MPLADS-000715,1,Open e-Tender,2023-03-27,26,3,3,0,0.5,Open e-Tender,2351000.0,2351000.0,-0.0392,0.0149,0.8953,0.215,1,0,0,0,0.114,0.409,1
TND-000716,MPLADS-000716,1,Open e-Tender,2022-07-04,28,4,4,0,0.667,Open e-Tender,838000.0,838000.0,-0.0658,0.0301,0.862,0.018,0,0,0,0,0.28,0.067,1
TND-000717,MPLADS-000717,1,Open e-Tender,2022-09-20,14,5,4,0,0.833,Open e-Tender,13517000.0,13517000.0,-0.0049,0.0,0.9656,0.091,0,0,0,0,0.461,0.315,1
TND-000718,MPLADS-000718,1,Open e-Tender,2023-12-15,14,6,6,0,1.0,Open e-Tender,2147000.0,2147000.0,0.0023,0.0338,0.9441,0.046,0,0,0,0,0.461,0.266,1
TND-000719,MPLADS-000719,1,Open e-Tender,2022-02-23,29,7,6,0,1.0,Open e-Tender,411000.0,411000.0,-0.0397,0.0311,0.9477,0.055,0,0,0,0,0.589,0.132,1
TND-000720,MPLADS-000720,1,Open e-Tender,2022-01-23,15,7,7,0,1.0,Open e-Tender,3014000.0,3014000.0,-0.0561,0.0486,0.9186,0.138,0,0,0,1,0.213,0.103,1
TND-000721,MPLADS-000721,1,Open e-Tender,2022-08-12,18,3,2,0,0.5,Open e-Tender,957000.0,957000.0,-0.0727,0.0479,0.9816,0.064,0,0,0,0,0.509,0.15,1
TND-000722,MPLADS-000722,1,Open e-Tender,2022-05-16,23,5,4,0,0.833,Open e-Tender,2880000.0,2880000.0,0.0017,0.0263,0.8817,0.18,0,0,0,0,0.643,0.208,1
TND-000723,MPLADS-000723,1,Open e-Tender,2022-12-27,20,3,3,0,0.5,Open e-Tender,863000.0,863000.0,-0.0336,0.0078,0.9062,0.141,0,0,0,0,0.241,0.432,1
TND-000724,MPLADS-000724,1,Open e-Tender,2022-03-20,24,7,7,0,1.0,Open e-Tender,2050000.0,2050000.0,-0.0357,0.0046,0.9888,0.033,0,0,0,0,0.609,0.186,1
TND-000725,MPLADS-000725,1,Open e-Tender,2022-08-06,17,3,3,0,0.5,Open e-Tender,9050000.0,9050000.0,-0.0764,0.0084,0.9048,0.123,0,0,0,0,0.719,0.18,1
TND-000726,MPLADS-000726,1,Open e-Tender,2023-04-22,17,5,5,0,0.833,Open e-Tender,11264000.0,11264000.0,-0.0539,0.0427,0.8863,0.068,0,0,0,0,0.235,0.36,1
TND-000727,MPLADS-000727,1,Direct / Single Inquiry,2023-02-14,15,1,1,1,0.167,Single Tender Inquiry,1348000.0,1348000.0,-0.0645,0.0315,0.0,0.051,0,0,0,0,0.412,0.173,0
TND-000728,MPLADS-000728,1,Open e-Tender,2022-08-07,26,6,5,0,1.0,Open e-Tender,1719000.0,1719000.0,-0.0718,0.018,0.8582,0.028,0,0,0,0,0.569,0.394,1
TND-000729,MPLADS-000729,1,Open e-Tender,2023-08-01,29,5,4,0,0.833,Open e-Tender,1588000.0,1588000.0,-0.0642,0.0474,0.9037,0.106,0,0,0,1,0.259,0.361,1
TND-000730,MPLADS-000730,1,Open e-Tender,2022-05-12,21,6,6,0,1.0,Open e-Tender,2132000.0,2132000.0,-0.0726,0.0011,0.9315,0.141,0,0,0,1,0.683,0.058,1
TND-000731,MPLADS-000731,1,Open e-Tender,2022-02-16,26,7,7,0,1.0,Open e-Tender,977000.0,977000.0,-0.0792,0.0451,0.8772,0.138,1,0,0,0,0.705,0.073,1
TND-000732,MPLADS-000732,1,Open e-Tender,2022-10-30,21,3,3,0,0.5,Open e-Tender,750000.0,750000.0,-0.0695,0.041,0.9143,0.098,0,0,0,0,0.464,0.051,1
TND-000733,MPLADS-000733,1,Open e-Tender,2023-04-23,15,6,6,0,1.0,Open e-Tender,660000.0,660000.0,-0.0743,0.0154,0.9263,0.218,0,0,0,0,0.547,0.094,1
TND-000734,MPLADS-000734,1,Open e-Tender,2022-08-02,27,4,3,0,0.667,Open e-Tender,1011000.0,1011000.0,-0.0613,0.0135,0.8877,0.207,0,0,0,0,0.344,0.382,1
TND-000735,MPLADS-000735,1,Open e-Tender,2022-02-25,26,4,3,0,0.667,Open e-Tender,768000.0,768000.0,-0.0577,0.0086,0.9085,0.151,0,0,0,0,0.704,0.44,1
TND-000736,MPLADS-000736,1,Open e-Tender,2023-03-26,28,6,5,0,1.0,Open e-Tender,488000.0,488000.0,-0.0615,0.0017,0.9804,0.097,0,0,0,1,0.501,0.206,1
TND-000737,MPLADS-000737,1,Open e-Tender,2023-07-19,25,7,7,0,1.0,Open e-Tender,2461000.0,2461000.0,0.0086,0.0103,0.9366,0.202,0,0,0,0,0.523,0.343,1
TND-000738,MPLADS-000738,1,Open e-Tender,2022-06-25,28,5,5,0,0.833,Open e-Tender,2091000.0,2091000.0,-0.0611,0.0275,0.9502,0.127,0,0,0,1,0.242,0.433,1
TND-000739,MPLADS-000739,1,Open e-Tender,2023-01-20,18,4,3,0,0.667,Open e-Tender,1591000.0,1591000.0,-0.0456,0.0044,0.9833,0.139,0,0,0,0,0.332,0.15,1
TND-000740,MPLADS-000740,1,Open e-Tender,2023-12-18,16,5,5,0,0.833,Open e-Tender,2462000.0,2462000.0,-0.08,0.0098,0.8846,0.197,0,0,0,0,0.31,0.186,1
TND-000741,MPLADS-000741,1,Open e-Tender,2023-09-15,14,5,5,0,0.833,Open e-Tender,14606000.0,14606000.0,-0.0205,0.0312,0.8763,0.096,0,0,0,0,0.686,0.301,1
TND-000742,MPLADS-000742,1,Open e-Tender,2022-01-25,19,6,5,0,1.0,Open e-Tender,1662000.0,1662000.0,-0.0365,0.0377,0.9721,0.022,0,0,0,0,0.399,0.332,1
TND-000743,MPLADS-000743,1,Open e-Tender,2022-03-29,22,4,3,0,0.667,Open e-Tender,951000.0,951000.0,0.0171,0.0325,0.8656,0.242,0,0,0,0,0.705,0.334,1
TND-000744,MPLADS-000744,1,Open e-Tender,2023-10-10,19,7,7,0,1.0,Open e-Tender,1923000.0,1923000.0,-0.0768,0.0086,0.9796,0.186,0,0,0,1,0.746,0.228,1
TND-000745,MPLADS-000745,1,Open e-Tender,2023-04-26,23,4,4,0,0.667,Open e-Tender,354000.0,354000.0,-0.0585,0.0351,0.9893,0.156,0,0,0,0,0.562,0.109,1
TND-000746,MPLADS-000746,1,Open e-Tender,2023-02-17,14,5,5,0,0.833,Open e-Tender,17150000.0,17150000.0,-0.0279,0.0094,0.9502,0.034,1,0,0,1,0.297,0.411,1
TND-000747,MPLADS-000747,1,Open e-Tender,2022-02-17,15,5,4,0,0.833,Open e-Tender,991000.0,991000.0,-0.0139,0.043,0.8839,0.205,1,0,0,0,0.192,0.072,1
TND-000748,MPLADS-000748,1,Open e-Tender,2022-07-23,19,6,5,0,1.0,Open e-Tender,2366000.0,2366000.0,-0.0398,0.0288,0.923,0.214,0,0,0,0,0.314,0.145,1
TND-000749,MPLADS-000749,1,Open e-Tender,2022-08-31,18,7,6,0,1.0,Open e-Tender,374000.0,374000.0,-0.026,0.0294,0.8692,0.179,0,0,0,0,0.363,0.228,1
TND-000750,MPLADS-000750,1,Open e-Tender,2023-04-15,16,4,3,0,0.667,Open e-Tender,1423000.0,1423000.0,0.0,0.009,0.9655,0.002,1,0,0,0,0.256,0.053,1
TND-000751,MPLADS-000751,1,Open e-Tender,2023-05-30,25,4,4,0,0.667,Open e-Tender,984000.0,984000.0,-0.0557,0.0302,0.9594,0.035,0,0,0,0,0.723,0.064,1
TND-000752,MPLADS-000752,1,Open e-Tender,2022-03-25,21,7,6,0,1.0,Open e-Tender,708000.0,708000.0,0.0187,0.0366,0.8501,0.042,0,0,0,0,0.232,0.134,1
TND-000753,MPLADS-000753,1,Direct / Single Inquiry,2022-07-05,14,1,1,1,0.167,Single Tender Inquiry,2404000.0,2404000.0,-0.0392,0.0019,0.0,0.06,0,0,0,0,0.583,0.072,0
TND-000754,MPLADS-000754,1,Open e-Tender,2023-09-07,22,3,2,0,0.5,Open e-Tender,9900000.0,9900000.0,-0.0331,0.0182,0.871,0.056,0,0,0,0,0.332,0.228,1
TND-000755,MPLADS-000755,1,Open e-Tender,2022-11-18,14,6,6,0,1.0,Open e-Tender,3517000.0,3517000.0,-0.0241,0.0272,0.8822,0.185,0,0,0,1,0.431,0.212,1
TND-000756,MPLADS-000756,1,Open e-Tender,2022-07-24,23,3,3,0,0.5,Open e-Tender,1077000.0,1077000.0,0.018,0.0019,0.8501,0.104,0,0,0,0,0.726,0.32,1
TND-000757,MPLADS-000757,1,Open e-Tender,2023-04-12,16,4,4,0,0.667,Open e-Tender,3711000.0,3711000.0,-0.0229,0.032,0.8833,0.094,0,0,0,0,0.649,0.235,1
TND-000758,MPLADS-000758,1,Open e-Tender,2023-08-30,21,4,3,0,0.667,Open e-Tender,1017000.0,1017000.0,0.0119,0.0196,0.8671,0.167,1,0,0,0,0.553,0.411,1
TND-000759,MPLADS-000759,1,Open e-Tender,2022-12-29,16,7,7,0,1.0,Open e-Tender,1918000.0,1918000.0,-0.0467,0.0003,0.9308,0.034,0,0,0,0,0.485,0.347,1
TND-000760,MPLADS-000760,1,Open e-Tender,2022-03-12,20,3,3,0,0.5,Open e-Tender,2815000.0,2815000.0,-0.0657,0.0091,0.8606,0.087,1,0,0,0,0.723,0.461,1
TND-000761,MPLADS-000761,1,Open e-Tender,2023-07-28,16,3,2,0,0.5,Open e-Tender,1548000.0,1548000.0,-0.0165,0.0232,0.953,0.092,0,0,0,1,0.179,0.493,1
TND-000762,MPLADS-000762,1,Open e-Tender,2023-08-19,29,3,2,0,0.5,Open e-Tender,10231000.0,10231000.0,-0.0666,0.0231,0.9544,0.206,0,0,0,0,0.633,0.277,1
TND-000763,MPLADS-000763,1,Open e-Tender,2022-02-06,17,6,5,0,1.0,Open e-Tender,692000.0,692000.0,-0.0156,0.0392,0.9015,0.073,0,0,0,1,0.687,0.16,1
TND-000764,MPLADS-000764,1,Open e-Tender,2023-04-20,25,5,5,0,0.833,Open e-Tender,1008000.0,1008000.0,-0.0684,0.0335,0.8525,0.199,0,0,0,0,0.669,0.234,1
TND-000765,MPLADS-000765,1,Direct / Single Inquiry,2022-12-28,28,1,1,1,0.167,Single Tender Inquiry,634000.0,634000.0,-0.0306,0.0268,0.0,0.173,0,0,0,0,0.213,0.339,0
TND-000766,MPLADS-000766,1,Open e-Tender,2023-12-04,24,5,5,0,0.833,Open e-Tender,2600000.0,2600000.0,-0.0573,0.0168,0.9752,0.123,0,0,0,0,0.722,0.065,1
TND-000767,MPLADS-000767,1,Open e-Tender,2023-11-04,22,4,4,0,0.667,Open e-Tender,2904000.0,2904000.0,-0.0447,0.0298,0.963,0.236,0,0,0,0,0.202,0.207,1
TND-000768,MPLADS-000768,1,Open e-Tender,2023-03-19,18,7,6,0,1.0,Open e-Tender,1713000.0,1713000.0,-0.011,0.0156,0.9713,0.219,0,0,0,0,0.713,0.174,1
TND-000769,MPLADS-000769,1,Open e-Tender,2023-11-19,25,5,5,0,0.833,Open e-Tender,2211000.0,2211000.0,-0.0076,0.0488,0.9104,0.016,0,0,0,0,0.614,0.133,1
TND-000770,MPLADS-000770,1,Open e-Tender,2023-01-09,20,4,3,0,0.667,Open e-Tender,3516000.0,3516000.0,0.0159,0.0153,0.8776,0.194,0,0,0,0,0.736,0.446,1
TND-000771,MPLADS-000771,1,Open e-Tender,2023-04-04,24,5,4,0,0.833,Open e-Tender,1137000.0,1137000.0,0.0143,0.0366,0.9872,0.057,0,0,0,0,0.31,0.279,1
TND-000772,MPLADS-000772,1,Open e-Tender,2023-03-12,28,3,2,0,0.5,Open e-Tender,2585000.0,2585000.0,-0.0358,0.0457,0.9156,0.103,0,0,0,0,0.33,0.264,1
TND-000773,MPLADS-000773,1,Open e-Tender,2023-09-17,18,5,4,0,0.833,Open e-Tender,388000.0,388000.0,-0.0324,0.0084,0.9187,0.138,0,0,0,1,0.379,0.177,1
TND-000774,MPLADS-000774,1,Open e-Tender,2023-06-17,17,7,6,0,1.0,Open e-Tender,1960000.0,1960000.0,-0.0481,0.0185,0.9175,0.16,0,0,0,1,0.253,0.128,1
TND-000775,MPLADS-000775,1,Open e-Tender,2023-03-02,26,7,6,0,1.0,Open e-Tender,2588000.0,2588000.0,-0.0171,0.0202,0.9278,0.171,0,0,0,0,0.283,0.126,1
TND-000776,MPLADS-000776,1,Open e-Tender,2022-03-30,14,7,7,0,1.0,Open e-Tender,15120000.0,15120000.0,-0.0066,0.0389,0.9118,0.011,1,0,0,0,0.15,0.238,1
TND-000777,MPLADS-000777,1,Open e-Tender,2022-12-25,29,3,2,0,0.5,Open e-Tender,2053000.0,2053000.0,-0.033,0.0029,0.9163,0.086,1,0,0,0,0.509,0.255,1
TND-000778,MPLADS-000778,1,Direct / Single Inquiry,2022-11-21,29,1,1,1,0.167,Single Tender Inquiry,568000.0,568000.0,-0.047,0.0122,0.0,0.109,0,0,0,0,0.576,0.054,0
TND-000779,MPLADS-000779,1,Open e-Tender,2023-01-30,25,6,6,0,1.0,Open e-Tender,594000.0,594000.0,-0.0198,0.0089,0.8545,0.009,0,0,0,0,0.268,0.057,1
TND-000780,MPLADS-000780,1,Open e-Tender,2023-08-25,25,7,6,0,1.0,Open e-Tender,1560000.0,1560000.0,-0.0274,0.0041,0.9433,0.19,1,0,0,0,0.152,0.475,1
TND-000781,MPLADS-000781,1,Open e-Tender,2022-04-20,23,3,2,0,0.5,Open e-Tender,1236000.0,1236000.0,-0.0419,0.0087,0.9721,0.09,0,0,0,1,0.301,0.221,1
TND-000782,MPLADS-000782,1,Open e-Tender,2022-05-05,28,5,5,0,0.833,Open e-Tender,619000.0,619000.0,-0.0159,0.0041,0.9084,0.129,0,0,0,0,0.145,0.247,1
TND-000783,MPLADS-000783,1,Direct / Single Inquiry,2022-04-02,16,1,1,1,0.167,Single Tender Inquiry,1159000.0,1159000.0,-0.0145,0.0298,0.0,0.095,1,0,0,0,0.205,0.09,0
TND-000784,MPLADS-000784,1,Open e-Tender,2022-01-29,17,5,4,0,0.833,Open e-Tender,886000.0,886000.0,-0.0101,0.0052,0.9869,0.078,1,0,0,0,0.65,0.394,1
TND-000785,MPLADS-000785,1,Open e-Tender,2023-03-02,14,7,6,0,1.0,Open e-Tender,1080000.0,1080000.0,-0.0666,0.0323,0.8787,0.175,0,0,0,0,0.302,0.145,1
TND-000786,MPLADS-000786,1,Open e-Tender,2023-07-20,22,4,4,0,0.667,Open e-Tender,1243000.0,1243000.0,-0.0786,0.0167,0.8905,0.067,0,0,0,0,0.656,0.498,1
TND-000787,MPLADS-000787,1,Open e-Tender,2023-10-28,19,6,6,0,1.0,Open e-Tender,526000.0,526000.0,-0.0205,0.0078,0.973,0.117,0,0,0,0,0.341,0.488,1
TND-000788,MPLADS-000788,1,Open e-Tender,2022-04-11,21,5,4,0,0.833,Open e-Tender,14876000.0,14876000.0,-0.0731,0.0032,0.9525,0.216,0,0,0,0,0.251,0.375,1
TND-000789,MPLADS-000789,1,Open e-Tender,2023-12-18,14,6,5,0,1.0,Open e-Tender,1449000.0,1449000.0,0.0098,0.0448,0.8689,0.18,0,0,0,0,0.711,0.208,1
TND-000790,MPLADS-000790,1,Open e-Tender,2023-10-01,14,5,4,0,0.833,Open e-Tender,452000.0,452000.0,0.0135,0.0235,0.9385,0.152,0,0,0,0,0.637,0.262,1
TND-000791,MPLADS-000791,1,Open e-Tender,2023-10-26,15,3,2,0,0.5,Open e-Tender,434000.0,434000.0,-0.0647,0.0096,0.9701,0.021,0,0,0,0,0.164,0.078,1
TND-000792,MPLADS-000792,1,Open e-Tender,2023-06-01,27,4,4,0,0.667,Open e-Tender,15776000.0,15776000.0,-0.0392,0.0453,0.9438,0.008,1,0,0,1,0.439,0.159,1
TND-000793,MPLADS-000793,1,Open e-Tender,2022-12-10,29,6,5,0,1.0,Open e-Tender,1550000.0,1550000.0,0.0058,0.0441,0.9726,0.02,0,0,0,0,0.692,0.29,1
TND-000794,MPLADS-000794,1,Open e-Tender,2022-05-23,29,3,3,0,0.5,Open e-Tender,1795000.0,1795000.0,-0.0132,0.0264,0.9508,0.241,0,0,0,0,0.144,0.246,1
TND-000795,MPLADS-000795,1,Open e-Tender,2022-05-15,20,7,6,0,1.0,Open e-Tender,609000.0,609000.0,-0.0455,0.0169,0.9027,0.215,0,0,0,1,0.589,0.242,1
TND-000796,MPLADS-000796,1,Open e-Tender,2022-05-24,28,6,6,0,1.0,Open e-Tender,1568000.0,1568000.0,-0.0771,0.042,0.9014,0.165,0,0,0,0,0.146,0.406,1
TND-000797,MPLADS-000797,1,Open e-Tender,2023-01-04,22,7,7,0,1.0,Open e-Tender,15287000.0,15287000.0,-0.0301,0.0132,0.8958,0.134,0,0,0,0,0.5,0.352,1
TND-000798,MPLADS-000798,1,Open e-Tender,2023-10-14,25,3,3,0,0.5,Open e-Tender,2430000.0,2430000.0,-0.0292,0.0099,0.9747,0.036,0,0,0,1,0.384,0.406,1
TND-000799,MPLADS-000799,1,Open e-Tender,2023-09-02,26,7,7,0,1.0,Open e-Tender,636000.0,636000.0,-0.0715,0.0322,0.939,0.048,0,0,0,1,0.349,0.263,1
TND-000800,MPLADS-000800,1,Open e-Tender,2023-02-17,22,4,4,0,0.667,Open e-Tender,10708000.0,10708000.0,-0.0509,0.0208,0.9795,0.223,0,0,0,0,0.144,0.196,1
TND-000801,MPLADS-000801,1,Open e-Tender,2022-02-26,15,6,6,0,1.0,Open e-Tender,2973000.0,2973000.0,-0.0422,0.0331,0.9717,0.049,0,0,0,1,0.633,0.164,1
TND-000802,MPLADS-000802,1,Open e-Tender,2023-05-11,28,3,2,0,0.5,Open e-Tender,10179000.0,10179000.0,-0.0706,0.041,0.9262,0.1,0,0,0,0,0.652,0.111,1
TND-000803,MPLADS-000803,1,Open e-Tender,2023-04-09,28,7,6,0,1.0,Open e-Tender,1839000.0,1839000.0,-0.0472,0.0316,0.8549,0.01,0,0,0,1,0.235,0.119,1
TND-000804,MPLADS-000804,1,Open e-Tender,2022-03-26,25,3,3,0,0.5,Open e-Tender,12787000.0,12787000.0,-0.0012,0.0181,0.8564,0.095,0,0,0,0,0.153,0.403,1
TND-000805,MPLADS-000805,1,Open e-Tender,2022-08-05,16,6,5,0,1.0,Open e-Tender,3363000.0,3363000.0,-0.0336,0.0357,0.9748,0.154,1,0,0,0,0.697,0.442,1
TND-000806,MPLADS-000806,1,Open e-Tender,2022-09-09,16,5,4,0,0.833,Open e-Tender,540000.0,540000.0,-0.0235,0.0483,0.9507,0.152,0,0,0,0,0.101,0.499,1
TND-000807,MPLADS-000807,1,Open e-Tender,2022-06-28,19,7,7,0,1.0,Open e-Tender,2099000.0,2099000.0,-0.0099,0.0013,0.8533,0.191,0,0,0,0,0.231,0.15,1
TND-000808,MPLADS-000808,1,Open e-Tender,2023-04-09,19,6,5,0,1.0,Open e-Tender,2678000.0,2678000.0,-0.0294,0.0355,0.8564,0.04,0,0,0,0,0.297,0.227,1
TND-000809,MPLADS-000809,1,Open e-Tender,2022-12-22,19,6,6,0,1.0,Open e-Tender,1979000.0,1979000.0,-0.028,0.0391,0.9228,0.161,0,0,0,0,0.443,0.286,1
TND-000810,MPLADS-000810,1,Open e-Tender,2022-12-21,18,7,7,0,1.0,Open e-Tender,1461000.0,1461000.0,-0.0068,0.0319,0.9372,0.212,0,0,0,0,0.204,0.419,1
TND-000811,MPLADS-000811,1,Open e-Tender,2022-12-02,19,6,6,0,1.0,Open e-Tender,1800000.0,1800000.0,-0.0094,0.0042,0.8567,0.114,0,0,0,0,0.454,0.437,1
TND-000812,MPLADS-000812,1,Open e-Tender,2022-12-16,26,4,3,0,0.667,Open e-Tender,3102000.0,3102000.0,-0.0396,0.0297,0.8928,0.016,0,0,0,0,0.647,0.219,1
TND-000813,MPLADS-000813,1,Open e-Tender,2022-10-28,19,6,5,0,1.0,Open e-Tender,3233000.0,3233000.0,-0.0438,0.0124,0.9572,0.029,0,0,0,1,0.646,0.442,1
TND-000814,MPLADS-000814,1,Open e-Tender,2022-03-25,15,6,6,0,1.0,Open e-Tender,3320000.0,3320000.0,-0.0151,0.0008,0.9855,0.24,0,0,0,1,0.113,0.138,1
TND-000815,MPLADS-000815,1,Open e-Tender,2023-11-03,29,6,5,0,1.0,Open e-Tender,1473000.0,1473000.0,-0.0398,0.0224,0.8888,0.152,1,0,0,0,0.552,0.058,1
TND-000816,MPLADS-000816,1,Open e-Tender,2023-05-08,29,4,3,0,0.667,Open e-Tender,1384000.0,1384000.0,0.0154,0.0391,0.92,0.211,0,0,0,0,0.618,0.464,1
TND-000817,MPLADS-000817,1,Open e-Tender,2023-01-12,27,4,3,0,0.667,Open e-Tender,1255000.0,1255000.0,-0.0507,0.0474,0.9548,0.201,0,0,0,0,0.324,0.268,1
TND-000818,MPLADS-000818,1,Open e-Tender,2023-03-27,18,6,6,0,1.0,Open e-Tender,837000.0,837000.0,-0.0574,0.0317,0.9519,0.18,0,0,0,1,0.56,0.289,1
TND-000819,MPLADS-000819,1,Open e-Tender,2022-08-15,14,6,6,0,1.0,Open e-Tender,14714000.0,14714000.0,-0.0144,0.0389,0.9087,0.147,0,0,0,0,0.203,0.081,1
TND-000820,MPLADS-000820,1,Open e-Tender,2022-02-11,25,6,6,0,1.0,Open e-Tender,3505000.0,3505000.0,-0.0135,0.0015,0.9309,0.101,0,0,0,0,0.381,0.324,1
TND-000821,MPLADS-000821,1,Open e-Tender,2022-07-31,15,6,5,0,1.0,Open e-Tender,68294000.0,68294000.0,-0.0311,0.0039,0.8797,0.0,0,0,0,0,0.519,0.058,1
TND-000822,MPLADS-000822,1,Open e-Tender,2022-11-18,25,3,3,0,0.5,Open e-Tender,1481000.0,1481000.0,-0.0615,0.0406,0.9371,0.042,0,0,0,0,0.288,0.159,1
TND-000823,MPLADS-000823,1,Open e-Tender,2023-10-06,19,7,6,0,1.0,Open e-Tender,1818000.0,1818000.0,-0.0739,0.0164,0.9737,0.125,0,0,0,1,0.114,0.494,1
TND-000824,MPLADS-000824,1,Open e-Tender,2022-09-13,26,7,7,0,1.0,Open e-Tender,1437000.0,1437000.0,0.0049,0.0219,0.8639,0.037,0,0,0,0,0.379,0.05,1
TND-000825,MPLADS-000825,1,Open e-Tender,2022-08-11,24,5,5,0,0.833,Open e-Tender,624000.0,624000.0,-0.0645,0.0088,0.9745,0.054,0,0,0,0,0.541,0.11,1
TND-000826,MPLADS-000826,1,Open e-Tender,2023-08-13,19,3,3,0,0.5,Open e-Tender,427000.0,427000.0,-0.0636,0.0159,0.8741,0.208,0,0,0,1,0.475,0.237,1
TND-000827,MPLADS-000827,1,Open e-Tender,2023-02-05,26,3,2,0,0.5,Open e-Tender,2368000.0,2368000.0,-0.0331,0.0491,0.9476,0.168,0,0,0,0,0.612,0.212,1
TND-000828,MPLADS-000828,1,Open e-Tender,2022-01-30,17,4,4,0,0.667,Open e-Tender,13765000.0,13765000.0,-0.0679,0.0036,0.8922,0.019,0,0,0,0,0.682,0.179,1
TND-000829,MPLADS-000829,1,Open e-Tender,2023-05-28,26,3,3,0,0.5,Open e-Tender,644000.0,644000.0,-0.0473,0.026,0.9484,0.123,0,0,0,0,0.703,0.096,1
TND-000830,MPLADS-000830,1,Open e-Tender,2022-09-17,27,4,3,0,0.667,Open e-Tender,1305000.0,1305000.0,-0.0283,0.0012,0.9716,0.01,0,0,0,0,0.137,0.427,1
TND-000831,MPLADS-000831,1,Open e-Tender,2023-07-30,18,3,2,0,0.5,Open e-Tender,16178000.0,16178000.0,-0.0317,0.0365,0.908,0.009,1,0,0,0,0.188,0.471,1
TND-000832,MPLADS-000832,1,Open e-Tender,2023-10-25,23,7,6,0,1.0,Open e-Tender,3337000.0,3337000.0,0.0137,0.0456,0.8704,0.067,0,0,0,0,0.35,0.259,1
TND-000833,MPLADS-000833,1,Open e-Tender,2022-05-23,24,7,7,0,1.0,Open e-Tender,1251000.0,1251000.0,-0.0173,0.0363,0.9308,0.227,0,0,0,0,0.471,0.233,1
TND-000834,MPLADS-000834,1,Open e-Tender,2023-12-12,23,6,6,0,1.0,Open e-Tender,2642000.0,2642000.0,-0.0211,0.0089,0.8998,0.062,1,0,0,0,0.213,0.108,1
TND-000835,MPLADS-000835,1,Open e-Tender,2023-02-07,26,7,6,0,1.0,Open e-Tender,2836000.0,2836000.0,-0.0187,0.0228,0.8757,0.243,0,0,0,1,0.495,0.475,1
TND-000836,MPLADS-000836,1,Open e-Tender,2022-03-30,26,5,5,0,0.833,Open e-Tender,660000.0,660000.0,0.0076,0.0287,0.9478,0.075,0,0,0,0,0.142,0.213,1
TND-000837,MPLADS-000837,1,Open e-Tender,2023-01-24,23,6,6,0,1.0,Open e-Tender,645000.0,645000.0,-0.0416,0.0307,0.9243,0.046,0,0,0,0,0.455,0.36,1
TND-000838,MPLADS-000838,1,Open e-Tender,2023-07-18,15,5,4,0,0.833,Open e-Tender,714000.0,714000.0,-0.039,0.0402,0.8979,0.22,0,0,0,0,0.541,0.487,1
TND-000839,MPLADS-000839,1,Open e-Tender,2023-11-23,27,5,5,0,0.833,Open e-Tender,13434000.0,13434000.0,-0.0543,0.0342,0.9775,0.032,0,0,0,0,0.75,0.297,1
TND-000840,MPLADS-000840,1,Open e-Tender,2022-08-08,29,7,7,0,1.0,Open e-Tender,2058000.0,2058000.0,-0.041,0.0108,0.913,0.104,1,0,0,1,0.188,0.33,1
TND-000841,MPLADS-000841,1,Open e-Tender,2023-10-21,25,3,2,0,0.5,Open e-Tender,3251000.0,3251000.0,-0.024,0.0281,0.9634,0.213,0,0,0,0,0.366,0.072,1
TND-000842,MPLADS-000842,1,Open e-Tender,2022-02-22,24,5,5,0,0.833,Open e-Tender,15245000.0,15245000.0,-0.0542,0.0339,0.9319,0.233,0,0,0,0,0.392,0.434,1
TND-000843,MPLADS-000843,1,Open e-Tender,2023-03-12,26,6,5,0,1.0,Open e-Tender,1064000.0,1064000.0,-0.0354,0.0125,0.8987,0.176,0,0,0,0,0.534,0.065,1
TND-000844,MPLADS-000844,1,Open e-Tender,2022-01-05,26,4,4,0,0.667,Open e-Tender,360000.0,360000.0,0.0028,0.0372,0.8911,0.052,0,0,0,0,0.629,0.495,1
TND-000845,MPLADS-000845,1,Open e-Tender,2022-04-02,22,6,5,0,1.0,Open e-Tender,1074000.0,1074000.0,-0.0065,0.0223,0.9739,0.099,0,0,0,0,0.625,0.246,1
TND-000846,MPLADS-000846,1,Open e-Tender,2023-05-23,23,5,5,0,0.833,Open e-Tender,2495000.0,2495000.0,-0.0004,0.0123,0.9004,0.068,0,0,0,0,0.206,0.339,1
TND-000847,MPLADS-000847,1,Open e-Tender,2023-08-15,26,4,3,0,0.667,Open e-Tender,1129000.0,1129000.0,-0.0473,0.0202,0.9062,0.24,0,0,0,1,0.363,0.26,1
TND-000848,MPLADS-000848,1,Open e-Tender,2023-09-18,20,6,5,0,1.0,Open e-Tender,1698000.0,1698000.0,-0.0297,0.003,0.9443,0.123,0,0,0,1,0.431,0.288,1
TND-000849,MPLADS-000849,1,Open e-Tender,2023-07-11,14,3,3,0,0.5,Open e-Tender,1758000.0,1758000.0,-0.0456,0.0277,0.9588,0.04,0,0,0,0,0.481,0.351,1
TND-000850,MPLADS-000850,1,Open e-Tender,2023-04-17,28,6,6,0,1.0,Open e-Tender,652000.0,652000.0,0.0172,0.0005,0.9869,0.195,0,0,0,0,0.68,0.459,1
TND-000851,MPLADS-000851,1,Open e-Tender,2022-03-20,19,7,6,0,1.0,Open e-Tender,501000.0,501000.0,-0.0384,0.0137,0.854,0.033,0,0,0,0,0.206,0.083,1
TND-000852,MPLADS-000852,1,Open e-Tender,2023-02-24,27,3,3,0,0.5,Open e-Tender,2747000.0,2747000.0,-0.0375,0.0385,0.8895,0.197,1,0,0,0,0.661,0.241,1
TND-000853,MPLADS-000853,1,Open e-Tender,2022-04-25,16,7,6,0,1.0,Open e-Tender,10707000.0,10707000.0,0.0008,0.0384,0.9006,0.161,1,0,0,0,0.112,0.118,1
TND-000854,MPLADS-000854,1,Open e-Tender,2023-04-14,22,4,4,0,0.667,Open e-Tender,8812000.0,8812000.0,-0.0016,0.021,0.8877,0.071,0,0,0,1,0.642,0.094,1
TND-000855,MPLADS-000855,1,Open e-Tender,2023-03-14,21,4,4,0,0.667,Open e-Tender,613000.0,613000.0,-0.0726,0.0091,0.9713,0.06,0,0,0,0,0.13,0.373,1
TND-000856,MPLADS-000856,1,Direct / Single Inquiry,2022-12-19,20,1,1,1,0.167,Single Tender Inquiry,815000.0,815000.0,0.0149,0.0064,0.0,0.182,0,0,0,0,0.664,0.229,0
TND-000857,MPLADS-000857,1,Open e-Tender,2022-12-16,27,5,4,0,0.833,Open e-Tender,2333000.0,2333000.0,-0.0013,0.0135,0.9515,0.184,0,0,0,0,0.239,0.229,1
TND-000858,MPLADS-000858,1,Open e-Tender,2023-04-26,19,6,6,0,1.0,Open e-Tender,9235000.0,9235000.0,-0.0308,0.0017,0.9138,0.074,0,0,0,0,0.451,0.055,1
TND-000859,MPLADS-000859,1,Open e-Tender,2022-08-01,27,3,2,0,0.5,Open e-Tender,984000.0,984000.0,-0.0437,0.0315,0.9603,0.009,0,0,0,0,0.312,0.362,1
TND-000860,MPLADS-000860,1,Open e-Tender,2023-01-03,27,6,5,0,1.0,Open e-Tender,2544000.0,2544000.0,0.002,0.0134,0.9419,0.136,0,0,0,0,0.489,0.147,1
TND-000861,MPLADS-000861,1,Open e-Tender,2023-09-01,15,4,4,0,0.667,Open e-Tender,571000.0,571000.0,0.0,0.0064,0.9597,0.21,0,0,0,0,0.475,0.077,1
TND-000862,MPLADS-000862,1,Open e-Tender,2022-09-01,24,5,4,0,0.833,Open e-Tender,2191000.0,2191000.0,0.0158,0.0083,0.9002,0.132,0,0,0,0,0.697,0.284,1
TND-000863,MPLADS-000863,1,Direct / Single Inquiry,2023-05-30,21,1,1,1,0.167,Single Tender Inquiry,9549000.0,9549000.0,-0.0635,0.0321,0.0,0.096,0,0,0,0,0.569,0.208,0
TND-000864,MPLADS-000864,1,Open e-Tender,2023-03-25,15,5,5,0,0.833,Open e-Tender,9030000.0,9030000.0,-0.0352,0.0401,0.8893,0.038,0,0,0,0,0.106,0.42,1
TND-000865,MPLADS-000865,1,Open e-Tender,2023-12-04,24,6,5,0,1.0,Open e-Tender,14360000.0,14360000.0,-0.0031,0.0162,0.9213,0.226,0,0,0,0,0.553,0.15,1
TND-000866,MPLADS-000866,1,Direct / Single Inquiry,2023-08-27,18,1,1,1,0.167,Single Tender Inquiry,755000.0,755000.0,-0.0781,0.0446,0.0,0.053,0,0,0,1,0.709,0.202,0
TND-000867,MPLADS-000867,1,Direct / Single Inquiry,2022-06-18,22,1,1,1,0.167,Single Tender Inquiry,498000.0,498000.0,-0.0158,0.0067,0.0,0.237,0,0,0,0,0.141,0.066,0
TND-000868,MPLADS-000868,1,Open e-Tender,2022-01-20,25,4,3,0,0.667,Open e-Tender,1653000.0,1653000.0,-0.0345,0.0337,0.9221,0.239,0,0,0,1,0.182,0.071,1
TND-000869,MPLADS-000869,1,Open e-Tender,2023-05-03,24,5,4,0,0.833,Open e-Tender,2282000.0,2282000.0,-0.0601,0.0001,0.8803,0.007,0,0,0,0,0.72,0.414,1
TND-000870,MPLADS-000870,1,Open e-Tender,2023-01-21,17,6,5,0,1.0,Open e-Tender,2807000.0,2807000.0,-0.0757,0.0312,0.8643,0.166,0,0,0,1,0.293,0.075,1
TND-000871,MPLADS-000871,1,Open e-Tender,2022-03-22,26,5,4,0,0.833,Open e-Tender,1051000.0,1051000.0,-0.0549,0.011,0.8551,0.186,0,0,0,0,0.502,0.397,1
TND-000872,MPLADS-000872,1,Open e-Tender,2022-11-18,21,3,3,0,0.5,Open e-Tender,1673000.0,1673000.0,0.0164,0.0338,0.933,0.054,0,0,0,0,0.374,0.486,1
TND-000873,MPLADS-000873,1,Open e-Tender,2023-08-31,14,4,4,0,0.667,Open e-Tender,951000.0,951000.0,-0.0094,0.0295,0.8932,0.126,0,0,0,0,0.365,0.303,1
TND-000874,MPLADS-000874,1,Open e-Tender,2022-11-11,14,6,6,0,1.0,Open e-Tender,1967000.0,1967000.0,-0.0372,0.0053,0.9026,0.042,0,0,0,0,0.589,0.306,1
TND-000875,MPLADS-000875,1,Open e-Tender,2022-08-02,29,6,5,0,1.0,Open e-Tender,2943000.0,2943000.0,-0.0395,0.0051,0.925,0.117,0,0,0,0,0.517,0.351,1
TND-000876,MPLADS-000876,1,Open e-Tender,2023-08-14,18,6,5,0,1.0,Open e-Tender,434000.0,434000.0,0.0117,0.0194,0.9563,0.152,0,0,0,0,0.596,0.353,1
TND-000877,MPLADS-000877,1,Open e-Tender,2023-05-16,26,7,6,0,1.0,Open e-Tender,1718000.0,1718000.0,-0.0529,0.0487,0.8565,0.136,0,0,0,0,0.587,0.169,1
TND-000878,MPLADS-000878,1,Open e-Tender,2023-07-22,18,4,4,0,0.667,Open e-Tender,2646000.0,2646000.0,-0.0193,0.0058,0.984,0.126,0,0,0,0,0.65,0.445,1
TND-000879,MPLADS-000879,1,Open e-Tender,2022-08-14,14,6,6,0,1.0,Open e-Tender,1827000.0,1827000.0,-0.064,0.0341,0.9302,0.018,0,0,0,0,0.323,0.107,1
TND-000880,MPLADS-000880,1,Open e-Tender,2023-11-02,20,5,5,0,0.833,Open e-Tender,2375000.0,2375000.0,-0.0038,0.0195,0.9591,0.097,0,0,0,0,0.625,0.278,1
TND-000881,MPLADS-000881,1,Open e-Tender,2023-02-17,14,7,6,0,1.0,Open e-Tender,1225000.0,1225000.0,-0.067,0.0399,0.8972,0.028,0,0,0,0,0.614,0.18,1
TND-000882,MPLADS-000882,1,Direct / Single Inquiry,2023-01-16,14,1,1,1,0.167,Single Tender Inquiry,601000.0,601000.0,0.0,0.014,0.0,0.019,0,0,0,0,0.229,0.214,0
TND-000883,MPLADS-000883,1,Direct / Single Inquiry,2023-12-16,18,1,1,1,0.167,Single Tender Inquiry,2051000.0,2051000.0,-0.0298,0.0486,0.0,0.112,0,0,0,0,0.641,0.31,0
TND-000884,MPLADS-000884,1,Open e-Tender,2023-01-19,28,3,2,0,0.5,Open e-Tender,50347000.0,50347000.0,-0.0738,0.0401,0.9247,0.201,0,0,0,0,0.131,0.21,1
TND-000885,MPLADS-000885,1,Open e-Tender,2023-12-07,21,7,7,0,1.0,Open e-Tender,2720000.0,2720000.0,0.0022,0.0226,0.899,0.047,0,0,0,0,0.314,0.095,1
TND-000886,MPLADS-000886,1,Open e-Tender,2023-04-03,20,6,5,0,1.0,Open e-Tender,2423000.0,2423000.0,-0.0053,0.0137,0.9201,0.072,0,0,0,0,0.56,0.191,1
TND-000887,MPLADS-000887,1,Open e-Tender,2023-11-16,18,5,5,0,0.833,Open e-Tender,1919000.0,1919000.0,-0.0381,0.0176,0.9424,0.149,0,0,0,0,0.38,0.136,1
TND-000888,MPLADS-000888,1,Open e-Tender,2023-01-13,26,5,5,0,0.833,Open e-Tender,2519000.0,2519000.0,0.0145,0.0378,0.8934,0.108,0,0,0,0,0.344,0.411,1
TND-000889,MPLADS-000889,1,Open e-Tender,2022-08-23,27,4,3,0,0.667,Open e-Tender,2140000.0,2140000.0,-0.0728,0.0262,0.9277,0.052,0,0,0,0,0.243,0.427,1
TND-000890,MPLADS-000890,1,Open e-Tender,2023-11-12,19,7,7,0,1.0,Open e-Tender,1944000.0,1944000.0,-0.0152,0.0054,0.8571,0.065,0,0,0,0,0.367,0.136,1
TND-000891,MPLADS-000891,1,Open e-Tender,2022-10-30,21,4,4,0,0.667,Open e-Tender,1725000.0,1725000.0,-0.0548,0.035,0.8741,0.065,0,0,0,0,0.603,0.2,1
TND-000892,MPLADS-000892,1,Open e-Tender,2022-08-06,29,4,4,0,0.667,Open e-Tender,8766000.0,8766000.0,-0.0741,0.0336,0.9357,0.087,0,0,0,0,0.64,0.116,1
TND-000893,MPLADS-000893,1,Open e-Tender,2023-05-20,18,5,4,0,0.833,Open e-Tender,3375000.0,3375000.0,0.0172,0.0318,0.8795,0.124,0,0,0,0,0.292,0.148,1
TND-000894,MPLADS-000894,1,Open e-Tender,2022-07-26,16,6,5,0,1.0,Open e-Tender,8659000.0,8659000.0,-0.04,0.0098,0.9385,0.029,0,0,0,0,0.685,0.213,1
TND-000895,MPLADS-000895,1,Open e-Tender,2023-01-21,21,5,4,0,0.833,Open e-Tender,2259000.0,2259000.0,-0.0246,0.0497,0.9814,0.026,1,0,0,1,0.606,0.387,1
TND-000896,MPLADS-000896,1,Open e-Tender,2022-02-22,26,7,7,0,1.0,Open e-Tender,10848000.0,10848000.0,0.0162,0.0135,0.9254,0.077,0,0,0,0,0.587,0.186,1
TND-000897,MPLADS-000897,1,Open e-Tender,2023-08-16,25,7,7,0,1.0,Open e-Tender,1661000.0,1661000.0,-0.0206,0.0365,0.8931,0.061,0,0,0,1,0.478,0.489,1
TND-000898,MPLADS-000898,1,Open e-Tender,2023-01-21,28,5,5,0,0.833,Open e-Tender,2741000.0,2741000.0,-0.0453,0.0239,0.9009,0.091,0,0,0,0,0.36,0.098,1
TND-000899,MPLADS-000899,1,Open e-Tender,2022-08-27,24,3,3,0,0.5,Open e-Tender,10532000.0,10532000.0,0.0121,0.0432,0.9151,0.064,1,0,0,1,0.624,0.41,1
TND-000900,MPLADS-000900,1,Open e-Tender,2023-12-06,17,7,7,0,1.0,Open e-Tender,1348000.0,1348000.0,-0.0419,0.0378,0.8557,0.01,0,0,0,0,0.206,0.352,1
TND-000901,MPLADS-000901,1,Open e-Tender,2023-04-27,16,7,6,0,1.0,Open e-Tender,1911000.0,1911000.0,0.0187,0.005,0.9817,0.121,0,0,0,0,0.705,0.475,1
TND-000902,MPLADS-000902,1,Open e-Tender,2022-08-09,24,3,2,0,0.5,Open e-Tender,2881000.0,2881000.0,0.0116,0.0388,0.9691,0.212,1,0,0,0,0.327,0.1,1
TND-000903,MPLADS-000903,1,Open e-Tender,2023-07-16,25,6,5,0,1.0,Open e-Tender,1568000.0,1568000.0,-0.0321,0.003,0.9234,0.188,0,0,0,0,0.699,0.302,1
TND-000904,MPLADS-000904,1,Open e-Tender,2022-08-25,29,7,6,0,1.0,Open e-Tender,2542000.0,2542000.0,-0.0458,0.0202,0.9434,0.095,0,0,0,0,0.37,0.239,1
TND-000905,MPLADS-000905,1,Open e-Tender,2022-12-27,23,6,5,0,1.0,Open e-Tender,2134000.0,2134000.0,-0.0632,0.0332,0.8677,0.134,0,0,0,0,0.466,0.205,1
TND-000906,MPLADS-000906,1,Open e-Tender,2023-01-16,25,7,7,0,1.0,Open e-Tender,2129000.0,2129000.0,-0.0739,0.0495,0.941,0.033,1,0,0,0,0.553,0.319,1
TND-000907,MPLADS-000907,1,Open e-Tender,2022-05-29,18,3,3,0,0.5,Open e-Tender,3417000.0,3417000.0,-0.0104,0.0099,0.9816,0.122,0,0,0,0,0.732,0.177,1
TND-000908,MPLADS-000908,1,Open e-Tender,2023-04-06,28,3,3,0,0.5,Open e-Tender,3347000.0,3347000.0,-0.0018,0.0073,0.9457,0.069,0,0,0,0,0.62,0.149,1
TND-000909,MPLADS-000909,1,Open e-Tender,2023-03-11,14,7,6,0,1.0,Open e-Tender,1669000.0,1669000.0,-0.0624,0.0372,0.8569,0.141,0,0,0,0,0.363,0.303,1
TND-000910,MPLADS-000910,1,Open e-Tender,2022-08-28,16,7,6,0,1.0,Open e-Tender,1246000.0,1246000.0,-0.0296,0.0165,0.9393,0.092,0,0,0,1,0.398,0.066,1
TND-000911,MPLADS-000911,1,Direct / Single Inquiry,2022-12-26,19,1,1,1,0.167,Single Tender Inquiry,3788000.0,3788000.0,-0.0339,0.045,0.0,0.053,0,0,0,1,0.177,0.138,0
TND-000912,MPLADS-000912,1,Open e-Tender,2022-08-19,19,7,6,0,1.0,Open e-Tender,568000.0,568000.0,-0.0035,0.0056,0.9373,0.039,0,0,0,0,0.654,0.284,1
TND-000913,MPLADS-000913,1,Open e-Tender,2022-05-04,21,4,3,0,0.667,Open e-Tender,2029000.0,2029000.0,-0.0501,0.0332,0.9726,0.096,0,0,0,0,0.271,0.292,1
TND-000914,MPLADS-000914,1,Open e-Tender,2022-12-24,16,7,6,0,1.0,Open e-Tender,9759000.0,9759000.0,0.0033,0.0104,0.8598,0.039,0,0,0,0,0.533,0.101,1
TND-000915,MPLADS-000915,1,Open e-Tender,2023-09-14,23,6,6,0,1.0,Open e-Tender,2140000.0,2140000.0,-0.0564,0.0191,0.8968,0.237,0,0,0,0,0.504,0.378,1
TND-000916,MPLADS-000916,1,Open e-Tender,2023-12-11,28,4,3,0,0.667,Open e-Tender,2444000.0,2444000.0,-0.0682,0.0368,0.9007,0.166,0,0,0,1,0.587,0.475,1
TND-000917,MPLADS-000917,1,Open e-Tender,2022-04-27,18,6,6,0,1.0,Open e-Tender,2251000.0,2251000.0,-0.0196,0.0354,0.9162,0.113,0,0,0,0,0.174,0.218,1
TND-000918,MPLADS-000918,1,Open e-Tender,2023-06-18,16,7,7,0,1.0,Open e-Tender,1768000.0,1768000.0,-0.0286,0.0143,0.9404,0.011,1,0,0,0,0.169,0.375,1
TND-000919,MPLADS-000919,1,Open e-Tender,2022-09-21,25,5,5,0,0.833,Open e-Tender,4387000.0,4387000.0,-0.0214,0.0462,0.8964,0.001,0,0,0,1,0.542,0.113,1
TND-000920,MPLADS-000920,1,Open e-Tender,2023-06-26,14,4,4,0,0.667,Open e-Tender,556000.0,556000.0,-0.0718,0.0261,0.9215,0.189,1,0,0,0,0.413,0.316,1
TND-000921,MPLADS-000921,1,Open e-Tender,2022-03-26,19,4,3,0,0.667,Open e-Tender,2299000.0,2299000.0,-0.0437,0.0237,0.85,0.201,1,0,0,0,0.649,0.052,1
TND-000922,MPLADS-000922,1,Direct / Single Inquiry,2023-08-31,29,1,1,1,0.167,Single Tender Inquiry,3767000.0,3767000.0,-0.0238,0.0023,0.0,0.137,1,0,0,0,0.387,0.398,0
TND-000923,MPLADS-000923,1,Open e-Tender,2023-10-05,25,5,5,0,0.833,Open e-Tender,1907000.0,1907000.0,0.0037,0.028,0.9385,0.099,0,0,0,0,0.108,0.414,1
TND-000924,MPLADS-000924,1,Open e-Tender,2022-05-18,24,7,6,0,1.0,Open e-Tender,8709000.0,8709000.0,-0.0473,0.0385,0.9031,0.083,0,0,0,0,0.746,0.314,1
TND-000925,MPLADS-000925,1,Open e-Tender,2023-02-06,15,4,4,0,0.667,Open e-Tender,10564000.0,10564000.0,-0.0441,0.039,0.9397,0.217,0,0,0,1,0.396,0.29,1
TND-000926,MPLADS-000926,1,Direct / Single Inquiry,2023-01-12,24,1,1,1,0.167,Single Tender Inquiry,2210000.0,2210000.0,-0.0264,0.0431,0.0,0.241,1,0,0,1,0.258,0.183,0
TND-000927,MPLADS-000927,1,Open e-Tender,2023-05-18,18,5,4,0,0.833,Open e-Tender,462000.0,462000.0,-0.0778,0.0415,0.8993,0.177,0,0,0,1,0.686,0.295,1
TND-000928,MPLADS-000928,1,Open e-Tender,2023-06-30,16,4,4,0,0.667,Open e-Tender,2767000.0,2767000.0,-0.0752,0.0015,0.9336,0.245,0,0,0,0,0.596,0.097,1
TND-000929,MPLADS-000929,1,Open e-Tender,2022-07-06,24,3,2,0,0.5,Open e-Tender,2432000.0,2432000.0,-0.0237,0.0012,0.9794,0.004,1,0,0,1,0.367,0.402,1
TND-000930,MPLADS-000930,1,Open e-Tender,2022-01-28,22,5,5,0,0.833,Open e-Tender,1318000.0,1318000.0,-0.0491,0.0181,0.9172,0.016,0,0,0,1,0.344,0.09,1
TND-000931,MPLADS-000931,1,Open e-Tender,2023-08-06,19,6,6,0,1.0,Open e-Tender,3605000.0,3605000.0,-0.0112,0.0233,0.873,0.196,0,0,0,0,0.361,0.169,1
TND-000932,MPLADS-000932,1,Open e-Tender,2022-08-22,27,5,4,0,0.833,Open e-Tender,2532000.0,2532000.0,-0.0783,0.0012,0.8981,0.097,0,0,0,0,0.18,0.427,1
TND-000933,MPLADS-000933,1,Open e-Tender,2023-02-23,27,5,4,0,0.833,Open e-Tender,632000.0,632000.0,-0.0262,0.022,0.8709,0.01,1,0,0,0,0.475,0.313,1
TND-000934,MPLADS-000934,1,Open e-Tender,2022-09-18,24,5,5,0,0.833,Open e-Tender,529000.0,529000.0,-0.0434,0.0182,0.8929,0.223,1,0,0,0,0.3,0.14,1
TND-000935,MPLADS-000935,1,Open e-Tender,2023-10-13,28,3,3,0,0.5,Open e-Tender,1075000.0,1075000.0,-0.0725,0.0273,0.9742,0.032,0,0,0,0,0.314,0.063,1
TND-000936,MPLADS-000936,1,Open e-Tender,2023-12-05,24,5,4,0,0.833,Open e-Tender,1332000.0,1332000.0,-0.017,0.0115,0.9108,0.022,0,0,0,0,0.547,0.409,1
TND-000937,MPLADS-000937,1,Open e-Tender,2023-06-06,25,7,6,0,1.0,Open e-Tender,2733000.0,2733000.0,-0.0305,0.0402,0.8564,0.212,0,0,0,1,0.236,0.437,1
TND-000938,MPLADS-000938,1,Open e-Tender,2023-03-03,27,7,6,0,1.0,Open e-Tender,1007000.0,1007000.0,-0.0509,0.0478,0.8894,0.118,0,0,0,1,0.251,0.445,1
TND-000939,MPLADS-000939,1,Open e-Tender,2023-01-17,24,6,5,0,1.0,Open e-Tender,1466000.0,1466000.0,-0.0041,0.0074,0.9159,0.223,0,0,0,0,0.584,0.069,1
TND-000940,MPLADS-000940,1,Open e-Tender,2023-09-18,29,7,7,0,1.0,Open e-Tender,1206000.0,1206000.0,-0.0481,0.0192,0.8602,0.019,0,0,0,0,0.238,0.331,1
TND-000941,MPLADS-000941,1,Open e-Tender,2022-10-13,20,6,5,0,1.0,Open e-Tender,3077000.0,3077000.0,-0.0593,0.05,0.962,0.12,0,0,0,0,0.185,0.115,1
TND-000942,MPLADS-000942,1,Open e-Tender,2023-09-30,18,5,4,0,0.833,Open e-Tender,8924000.0,8924000.0,-0.0762,0.0012,0.9375,0.154,0,0,0,0,0.344,0.331,1
TND-000943,MPLADS-000943,1,Open e-Tender,2022-10-19,25,3,2,0,0.5,Open e-Tender,13051000.0,13051000.0,-0.0263,0.0266,0.9714,0.084,0,0,0,0,0.27,0.378,1
TND-000944,MPLADS-000944,1,Open e-Tender,2023-10-27,26,5,5,0,0.833,Open e-Tender,558000.0,558000.0,0.0054,0.0498,0.8808,0.236,0,0,0,0,0.186,0.066,1
TND-000945,MPLADS-000945,1,Open e-Tender,2022-02-12,16,7,7,0,1.0,Open e-Tender,2177000.0,2177000.0,-0.0009,0.0217,0.8876,0.014,0,0,0,0,0.668,0.166,1
TND-000946,MPLADS-000946,1,Open e-Tender,2023-03-06,22,5,5,0,0.833,Open e-Tender,12988000.0,12988000.0,0.0036,0.0001,0.9565,0.151,0,0,0,0,0.619,0.113,1
TND-000947,MPLADS-000947,1,Open e-Tender,2023-03-02,25,3,3,0,0.5,Open e-Tender,2284000.0,2284000.0,-0.0746,0.0165,0.9482,0.183,0,0,0,0,0.647,0.279,1
TND-000948,MPLADS-000948,1,Open e-Tender,2022-04-19,25,5,4,0,0.833,Open e-Tender,534000.0,534000.0,-0.0291,0.0347,0.8871,0.221,0,0,0,0,0.389,0.204,1
TND-000949,MPLADS-000949,1,Open e-Tender,2023-02-06,20,7,7,0,1.0,Open e-Tender,2433000.0,2433000.0,0.0188,0.0203,0.9494,0.223,0,0,0,0,0.247,0.352,1
TND-000950,MPLADS-000950,1,Open e-Tender,2022-10-12,22,5,4,0,0.833,Open e-Tender,497000.0,497000.0,-0.0312,0.0218,0.9591,0.032,0,0,0,0,0.193,0.468,1
TND-000951,MPLADS-000951,1,Open e-Tender,2023-09-19,26,7,6,0,1.0,Open e-Tender,2649000.0,2649000.0,-0.0656,0.0015,0.9365,0.143,0,0,0,0,0.749,0.428,1
TND-000952,MPLADS-000952,1,Direct / Single Inquiry,2022-05-31,28,1,1,1,0.167,Single Tender Inquiry,606000.0,606000.0,-0.0016,0.0048,0.0,0.157,0,0,0,1,0.378,0.353,0
TND-000953,MPLADS-000953,1,Open e-Tender,2022-05-17,20,4,3,0,0.667,Open e-Tender,1358000.0,1358000.0,0.0157,0.0265,0.9602,0.106,0,0,0,0,0.116,0.396,1
TND-000954,MPLADS-000954,1,Open e-Tender,2022-08-03,26,7,7,0,1.0,Open e-Tender,1894000.0,1894000.0,-0.0492,0.03,0.8557,0.166,0,0,0,0,0.511,0.248,1
TND-000955,MPLADS-000955,1,Open e-Tender,2022-01-10,14,7,7,0,1.0,Open e-Tender,2363000.0,2363000.0,-0.0207,0.0348,0.9146,0.068,0,0,0,1,0.129,0.247,1
TND-000956,MPLADS-000956,1,Open e-Tender,2023-04-14,18,3,2,0,0.5,Open e-Tender,1149000.0,1149000.0,-0.0504,0.0225,0.8961,0.171,0,0,0,0,0.19,0.455,1
TND-000957,MPLADS-000957,1,Open e-Tender,2023-09-04,23,7,7,0,1.0,Open e-Tender,9402000.0,9402000.0,-0.0752,0.043,0.8969,0.113,0,0,0,0,0.178,0.251,1
TND-000958,MPLADS-000958,1,Open e-Tender,2022-12-25,26,3,3,0,0.5,Open e-Tender,680000.0,680000.0,-0.0058,0.0269,0.9329,0.07,0,0,0,0,0.45,0.304,1
TND-000959,MPLADS-000959,1,Open e-Tender,2022-03-06,18,6,6,0,1.0,Open e-Tender,2869000.0,2869000.0,-0.0437,0.0219,0.9783,0.102,0,0,0,0,0.167,0.322,1
TND-000960,MPLADS-000960,1,Open e-Tender,2022-01-23,29,7,6,0,1.0,Open e-Tender,2412000.0,2412000.0,-0.0278,0.0187,0.9803,0.049,1,0,0,0,0.599,0.145,1
TND-000961,MPLADS-000961,1,Open e-Tender,2023-05-29,21,3,3,0,0.5,Open e-Tender,2696000.0,2696000.0,-0.0232,0.0146,0.8617,0.23,1,0,0,0,0.337,0.266,1
TND-000962,MPLADS-000962,1,Open e-Tender,2022-06-02,27,7,6,0,1.0,Open e-Tender,2769000.0,2769000.0,-0.0167,0.0135,0.8571,0.222,0,0,0,0,0.167,0.46,1
TND-000963,MPLADS-000963,1,Open e-Tender,2023-09-14,25,5,5,0,0.833,Open e-Tender,1622000.0,1622000.0,-0.0481,0.01,0.9233,0.115,0,0,0,0,0.238,0.239,1
TND-000964,MPLADS-000964,1,Open e-Tender,2022-05-07,21,3,3,0,0.5,Open e-Tender,725000.0,725000.0,-0.0681,0.021,0.8815,0.235,0,0,0,1,0.414,0.302,1
TND-000965,MPLADS-000965,1,Open e-Tender,2022-10-31,17,7,6,0,1.0,Open e-Tender,10320000.0,10320000.0,-0.0532,0.0088,0.9466,0.167,1,0,0,0,0.577,0.283,1
TND-000966,MPLADS-000966,1,Open e-Tender,2022-03-22,29,6,5,0,1.0,Open e-Tender,509000.0,509000.0,0.018,0.0223,0.9643,0.219,0,0,0,0,0.395,0.245,1
TND-000967,MPLADS-000967,1,Open e-Tender,2022-11-20,23,5,4,0,0.833,Open e-Tender,14963000.0,14963000.0,0.0014,0.0214,0.9004,0.144,0,0,0,0,0.276,0.485,1
TND-000968,MPLADS-000968,1,Open e-Tender,2022-06-27,18,5,4,0,0.833,Open e-Tender,662000.0,662000.0,-0.0045,0.0335,0.9641,0.128,0,0,0,0,0.618,0.258,1
TND-000969,MPLADS-000969,1,Open e-Tender,2022-11-04,24,5,4,0,0.833,Open e-Tender,720000.0,720000.0,-0.0137,0.0356,0.8822,0.245,0,0,0,1,0.636,0.31,1
TND-000970,MPLADS-000970,1,Open e-Tender,2023-10-19,28,5,4,0,0.833,Open e-Tender,2737000.0,2737000.0,0.0059,0.008,0.9122,0.086,1,0,0,0,0.36,0.442,1
TND-000971,MPLADS-000971,1,Open e-Tender,2022-11-27,17,5,4,0,0.833,Open e-Tender,960000.0,960000.0,-0.0041,0.0011,0.8756,0.044,0,0,0,0,0.259,0.282,1
TND-000972,MPLADS-000972,1,Open e-Tender,2023-07-27,28,7,7,0,1.0,Open e-Tender,1117000.0,1117000.0,-0.0791,0.0181,0.9254,0.118,0,0,0,0,0.364,0.176,1
TND-000973,MPLADS-000973,1,Open e-Tender,2023-04-05,24,5,4,0,0.833,Open e-Tender,938000.0,938000.0,0.0021,0.0277,0.8785,0.216,0,0,0,0,0.732,0.346,1
TND-000974,MPLADS-000974,1,Open e-Tender,2022-11-08,20,4,3,0,0.667,Open e-Tender,1255000.0,1255000.0,-0.0711,0.0146,0.9382,0.106,0,0,0,0,0.54,0.2,1
TND-000975,MPLADS-000975,1,Open e-Tender,2022-04-14,23,6,6,0,1.0,Open e-Tender,593000.0,593000.0,0.0085,0.0308,0.903,0.24,0,0,0,0,0.169,0.376,1
TND-000976,MPLADS-000976,1,Open e-Tender,2022-02-08,22,4,3,0,0.667,Open e-Tender,429000.0,429000.0,-0.036,0.0461,0.9651,0.088,0,0,0,0,0.725,0.484,1
TND-000977,MPLADS-000977,1,Open e-Tender,2022-10-28,20,4,4,0,0.667,Open e-Tender,9788000.0,9788000.0,0.0133,0.0184,0.8654,0.003,0,0,0,0,0.708,0.186,1
TND-000978,MPLADS-000978,1,Open e-Tender,2023-08-10,24,3,3,0,0.5,Open e-Tender,412000.0,412000.0,0.0148,0.0096,0.9204,0.121,0,0,0,0,0.193,0.477,1
TND-000979,MPLADS-000979,1,Open e-Tender,2022-10-25,19,4,4,0,0.667,Open e-Tender,2809000.0,2809000.0,-0.0723,0.0033,0.9446,0.151,0,0,0,0,0.662,0.366,1
TND-000980,MPLADS-000980,1,Open e-Tender,2023-08-24,15,4,4,0,0.667,Open e-Tender,2059000.0,2059000.0,-0.0342,0.0403,0.9169,0.064,1,0,0,0,0.512,0.162,1
TND-000981,MPLADS-000981,1,Open e-Tender,2023-04-24,25,5,4,0,0.833,Open e-Tender,2533000.0,2533000.0,0.0032,0.0165,0.934,0.0,0,0,0,1,0.499,0.435,1
TND-000982,MPLADS-000982,1,Open e-Tender,2023-06-08,26,6,6,0,1.0,Open e-Tender,2291000.0,2291000.0,-0.0341,0.048,0.9794,0.081,0,0,0,1,0.215,0.334,1
TND-000983,MPLADS-000983,1,Open e-Tender,2022-06-05,17,5,4,0,0.833,Open e-Tender,1043000.0,1043000.0,-0.0621,0.0267,0.8749,0.163,0,0,0,0,0.595,0.428,1
TND-000984,MPLADS-000984,1,Direct / Single Inquiry,2023-04-29,21,1,1,1,0.167,Single Tender Inquiry,1532000.0,1532000.0,-0.0782,0.0311,0.0,0.194,0,0,0,0,0.616,0.431,0
TND-000985,MPLADS-000985,1,Open e-Tender,2022-03-19,23,6,5,0,1.0,Open e-Tender,1924000.0,1924000.0,-0.0442,0.0374,0.8563,0.163,1,0,0,0,0.41,0.231,1
TND-000986,MPLADS-000986,1,Direct / Single Inquiry,2022-09-06,27,1,1,1,0.167,Single Tender Inquiry,726000.0,726000.0,-0.0522,0.0271,0.0,0.227,0,0,0,1,0.268,0.187,0
TND-000987,MPLADS-000987,1,Open e-Tender,2022-08-21,26,4,4,0,0.667,Open e-Tender,8817000.0,8817000.0,-0.0228,0.0303,0.9397,0.081,0,0,0,0,0.405,0.263,1
TND-000988,MPLADS-000988,1,Open e-Tender,2023-11-16,19,6,6,0,1.0,Open e-Tender,663000.0,663000.0,-0.0104,0.0024,0.9513,0.202,0,0,0,0,0.602,0.234,1
TND-000989,MPLADS-000989,1,Open e-Tender,2022-07-23,14,4,3,0,0.667,Open e-Tender,1605000.0,1605000.0,-0.0441,0.022,0.936,0.019,0,0,0,1,0.544,0.362,1
TND-000990,MPLADS-000990,1,Open e-Tender,2023-03-28,22,7,7,0,1.0,Open e-Tender,2746000.0,2746000.0,-0.0704,0.0352,0.9089,0.239,0,0,0,0,0.252,0.366,1
TND-000991,MPLADS-000991,1,Open e-Tender,2022-01-27,23,4,3,0,0.667,Open e-Tender,14329000.0,14329000.0,-0.0353,0.0333,0.9869,0.081,0,0,0,1,0.186,0.169,1
TND-000992,MPLADS-000992,1,Open e-Tender,2022-10-30,22,6,6,0,1.0,Open e-Tender,3474000.0,3474000.0,-0.0052,0.041,0.9179,0.084,0,0,0,0,0.369,0.146,1
TND-000993,MPLADS-000993,1,Open e-Tender,2023-12-06,27,7,7,0,1.0,Open e-Tender,2632000.0,2632000.0,-0.015,0.0374,0.8862,0.24,0,0,0,0,0.494,0.314,1
TND-000994,MPLADS-000994,1,Direct / Single Inquiry,2023-01-22,27,1,1,1,0.167,Single Tender Inquiry,2838000.0,2838000.0,-0.0425,0.0144,0.0,0.166,0,0,0,0,0.697,0.328,0
TND-000995,MPLADS-000995,1,Open e-Tender,2023-09-28,23,5,4,0,0.833,Open e-Tender,1116000.0,1116000.0,0.0054,0.0285,0.8585,0.028,0,0,0,0,0.577,0.418,1
TND-000996,MPLADS-000996,1,Open e-Tender,2023-10-02,18,6,5,0,1.0,Open e-Tender,1779000.0,1779000.0,-0.073,0.0317,0.8881,0.05,0,0,0,0,0.723,0.44,1
TND-000997,MPLADS-000997,1,Direct / Single Inquiry,2023-01-02,16,1,1,1,0.167,Single Tender Inquiry,1060000.0,1060000.0,-0.0158,0.0339,0.0,0.033,0,0,0,0,0.242,0.117,0
TND-000998,MPLADS-000998,1,Open e-Tender,2022-02-23,18,5,4,0,0.833,Open e-Tender,14831000.0,14831000.0,0.0178,0.0255,0.9279,0.129,0,0,0,0,0.313,0.13,1
TND-000999,MPLADS-000999,1,Open e-Tender,2023-06-26,17,4,3,0,0.667,Open e-Tender,10297000.0,10297000.0,-0.008,0.0359,0.883,0.067,0,0,0,0,0.588,0.17,1
TND-001000,MPLADS-001000,1,Open e-Tender,2022-04-25,29,3,3,0,0.5,Open e-Tender,1256000.0,1256000.0,-0.0079,0.0449,0.896,0.047,0,0,0,0,0.673,0.09,1
TND-001001,MPLADS-001001,1,Open e-Tender,2023-09-25,29,5,5,0,0.833,Open e-Tender,1281000.0,1281000.0,-0.0724,0.035,0.8608,0.172,0,0,0,0,0.553,0.053,1
TND-001002,MPLADS-001002,1,Open e-Tender,2022-06-13,21,5,4,0,0.833,Open e-Tender,3060000.0,3060000.0,-0.0719,0.0419,0.857,0.225,0,0,0,0,0.705,0.347,1
TND-001003,MPLADS-001003,1,Open e-Tender,2022-08-17,21,3,2,0,0.5,Open e-Tender,929000.0,929000.0,-0.0252,0.0341,0.9734,0.032,0,0,0,0,0.588,0.429,1
TND-001004,MPLADS-001004,1,Open e-Tender,2023-06-13,18,4,3,0,0.667,Open e-Tender,3618000.0,3618000.0,0.0039,0.0439,0.9523,0.055,0,0,0,0,0.11,0.119,1
TND-001005,MPLADS-001005,1,Open e-Tender,2023-01-26,27,3,2,0,0.5,Open e-Tender,12612000.0,12612000.0,-0.0537,0.0059,0.9391,0.21,0,0,0,1,0.531,0.433,1
TND-001006,MPLADS-001006,1,Open e-Tender,2023-06-05,29,4,3,0,0.667,Open e-Tender,2352000.0,2352000.0,-0.0678,0.0187,0.9654,0.124,0,0,0,0,0.679,0.469,1
TND-001007,MPLADS-001007,1,Open e-Tender,2022-06-01,26,3,3,0,0.5,Open e-Tender,3807000.0,3807000.0,-0.06,0.0419,0.8945,0.172,0,0,0,0,0.654,0.416,1
TND-001008,MPLADS-001008,1,Open e-Tender,2023-02-23,16,6,6,0,1.0,Open e-Tender,441000.0,441000.0,-0.0434,0.0429,0.9056,0.228,0,0,0,0,0.663,0.238,1
TND-001009,MPLADS-001009,1,Open e-Tender,2023-12-29,25,3,3,0,0.5,Open e-Tender,1121000.0,1121000.0,-0.0261,0.0213,0.8793,0.118,1,0,0,0,0.573,0.346,1
TND-001010,MPLADS-001010,1,Open e-Tender,2022-07-19,19,5,4,0,0.833,Open e-Tender,1525000.0,1525000.0,-0.0439,0.0491,0.9196,0.064,0,0,0,1,0.104,0.219,1
TND-001011,MPLADS-001011,1,Open e-Tender,2022-11-22,27,5,5,0,0.833,Open e-Tender,727000.0,727000.0,-0.0396,0.044,0.8686,0.104,0,0,0,0,0.125,0.376,1
TND-001012,MPLADS-001012,1,Open e-Tender,2023-06-01,27,3,3,0,0.5,Open e-Tender,1100000.0,1100000.0,-0.041,0.0265,0.9671,0.186,1,0,0,0,0.7,0.102,1
TND-001013,MPLADS-001013,1,Open e-Tender,2022-03-07,24,5,5,0,0.833,Open e-Tender,438000.0,438000.0,-0.0437,0.0499,0.9508,0.131,1,0,0,0,0.175,0.336,1
TND-001014,MPLADS-001014,1,Open e-Tender,2022-06-10,19,7,7,0,1.0,Open e-Tender,1570000.0,1570000.0,-0.0013,0.039,0.8651,0.147,0,0,0,0,0.708,0.391,1
TND-001015,MPLADS-001015,1,Open e-Tender,2022-05-16,14,3,3,0,0.5,Open e-Tender,11445000.0,11445000.0,-0.0274,0.0359,0.8788,0.202,0,0,0,1,0.322,0.059,1
TND-001016,MPLADS-001016,1,Open e-Tender,2023-12-06,19,5,5,0,0.833,Open e-Tender,1721000.0,1721000.0,0.0,0.0304,0.9654,0.058,0,0,0,1,0.28,0.25,1
TND-001017,MPLADS-001017,1,Open e-Tender,2022-12-23,23,7,7,0,1.0,Open e-Tender,3482000.0,3482000.0,0.0172,0.0396,0.978,0.157,0,0,0,0,0.647,0.056,1
TND-001018,MPLADS-001018,1,Open e-Tender,2023-12-12,25,7,7,0,1.0,Open e-Tender,2817000.0,2817000.0,-0.0215,0.0445,0.9067,0.073,0,0,0,0,0.295,0.34,1
TND-001019,MPLADS-001019,1,Open e-Tender,2023-10-15,17,4,4,0,0.667,Open e-Tender,1975000.0,1975000.0,-0.06,0.0057,0.8796,0.1,0,0,0,0,0.124,0.4,1
TND-001020,MPLADS-001020,1,Open e-Tender,2023-03-24,20,4,3,0,0.667,Open e-Tender,5905000.0,5905000.0,0.0065,0.0361,0.9076,0.163,0,0,0,0,0.47,0.463,1
TND-001021,MPLADS-001021,1,Open e-Tender,2022-02-14,22,7,6,0,1.0,Open e-Tender,12970000.0,12970000.0,0.0122,0.0031,0.9814,0.113,0,0,0,0,0.102,0.064,1
TND-001022,MPLADS-001022,1,Open e-Tender,2022-12-31,29,6,6,0,1.0,Open e-Tender,12888000.0,12888000.0,-0.0091,0.036,0.8537,0.122,0,0,0,0,0.304,0.373,1
TND-001023,MPLADS-001023,1,Open e-Tender,2022-12-13,20,4,3,0,0.667,Open e-Tender,1309000.0,1309000.0,-0.015,0.0372,0.8942,0.073,0,0,0,0,0.299,0.13,1
TND-001024,MPLADS-001024,1,Open e-Tender,2023-06-14,26,6,5,0,1.0,Open e-Tender,1826000.0,1826000.0,-0.0389,0.0131,0.9112,0.13,0,0,0,0,0.355,0.207,1
TND-001025,MPLADS-001025,1,Direct / Single Inquiry,2022-06-21,28,1,1,1,0.167,Single Tender Inquiry,1783000.0,1783000.0,-0.0465,0.022,0.0,0.15,0,0,0,0,0.624,0.236,0
TND-001026,MPLADS-001026,1,Open e-Tender,2022-04-30,18,5,4,0,0.833,Open e-Tender,3607000.0,3607000.0,0.0172,0.0334,0.9102,0.028,0,0,0,0,0.171,0.181,1
TND-001027,MPLADS-001027,1,Open e-Tender,2023-04-25,28,3,3,0,0.5,Open e-Tender,3945000.0,3945000.0,0.0168,0.0049,0.9664,0.212,1,0,0,1,0.386,0.448,1
TND-001028,MPLADS-001028,1,Open e-Tender,2023-10-06,22,4,3,0,0.667,Open e-Tender,2110000.0,2110000.0,-0.0729,0.0138,0.935,0.174,0,0,0,0,0.133,0.395,1
TND-001029,MPLADS-001029,1,Open e-Tender,2022-04-27,21,4,3,0,0.667,Open e-Tender,3014000.0,3014000.0,0.007,0.0333,0.8703,0.06,0,0,0,0,0.461,0.143,1
TND-001030,MPLADS-001030,1,Direct / Single Inquiry,2022-01-02,19,1,1,1,0.167,Single Tender Inquiry,15064000.0,15064000.0,0.0161,0.0184,0.0,0.026,0,0,0,0,0.74,0.49,0
TND-001031,MPLADS-001031,1,Open e-Tender,2022-11-24,26,6,5,0,1.0,Open e-Tender,2122000.0,2122000.0,-0.0552,0.0127,0.9645,0.089,0,0,0,0,0.432,0.098,1
TND-001032,MPLADS-001032,1,Open e-Tender,2022-08-27,23,6,6,0,1.0,Open e-Tender,11291000.0,11291000.0,-0.0338,0.0255,0.9758,0.087,0,0,0,0,0.391,0.11,1
TND-001033,MPLADS-001033,1,Open e-Tender,2023-11-19,16,7,7,0,1.0,Open e-Tender,444000.0,444000.0,-0.0533,0.0233,0.8984,0.137,0,0,0,0,0.107,0.352,1
TND-001034,MPLADS-001034,1,Open e-Tender,2023-06-04,21,6,5,0,1.0,Open e-Tender,1010000.0,1010000.0,-0.0156,0.0416,0.943,0.11,0,0,0,0,0.699,0.335,1
TND-001035,MPLADS-001035,1,Open e-Tender,2023-07-18,15,4,4,0,0.667,Open e-Tender,2544000.0,2544000.0,0.018,0.0117,0.9458,0.229,0,0,0,0,0.621,0.335,1
TND-001036,MPLADS-001036,1,Open e-Tender,2023-07-23,27,4,3,0,0.667,Open e-Tender,641000.0,641000.0,-0.0504,0.016,0.9064,0.17,1,0,0,0,0.614,0.181,1
TND-001037,MPLADS-001037,1,Open e-Tender,2023-01-04,19,5,4,0,0.833,Open e-Tender,2981000.0,2981000.0,-0.0136,0.0011,0.9114,0.042,0,0,0,0,0.207,0.079,1
TND-001038,MPLADS-001038,1,Open e-Tender,2022-11-21,19,3,2,0,0.5,Open e-Tender,13251000.0,13251000.0,-0.0652,0.0042,0.9055,0.141,0,0,0,0,0.18,0.273,1
TND-001039,MPLADS-001039,1,Open e-Tender,2023-09-11,27,6,5,0,1.0,Open e-Tender,2163000.0,2163000.0,-0.0331,0.0262,0.9707,0.17,0,0,0,0,0.568,0.194,1
TND-001040,MPLADS-001040,1,Open e-Tender,2022-10-01,19,7,7,0,1.0,Open e-Tender,559000.0,559000.0,-0.0776,0.0111,0.9616,0.205,0,0,0,1,0.167,0.279,1
TND-001041,MPLADS-001041,1,Open e-Tender,2023-02-24,21,7,6,0,1.0,Open e-Tender,723000.0,723000.0,-0.0014,0.0034,0.9493,0.058,0,0,0,0,0.231,0.403,1
TND-001042,MPLADS-001042,1,Open e-Tender,2023-05-05,22,6,6,0,1.0,Open e-Tender,1257000.0,1257000.0,-0.0133,0.0439,0.9036,0.19,0,0,0,0,0.2,0.105,1
TND-001043,MPLADS-001043,1,Open e-Tender,2023-02-09,27,5,5,0,0.833,Open e-Tender,3934000.0,3934000.0,0.0031,0.0026,0.8976,0.025,0,0,0,0,0.544,0.458,1
TND-001044,MPLADS-001044,1,Open e-Tender,2023-03-02,22,4,3,0,0.667,Open e-Tender,1590000.0,1590000.0,-0.0346,0.026,0.8869,0.126,0,0,0,1,0.254,0.247,1
TND-001045,MPLADS-001045,1,Open e-Tender,2022-03-09,15,4,3,0,0.667,Open e-Tender,597000.0,597000.0,-0.0132,0.0196,0.8932,0.243,1,0,0,0,0.113,0.217,1
TND-001046,MPLADS-001046,1,Open e-Tender,2023-04-01,28,4,3,0,0.667,Open e-Tender,2807000.0,2807000.0,-0.0699,0.0486,0.9617,0.117,0,0,0,0,0.382,0.311,1
TND-001047,MPLADS-001047,1,Open e-Tender,2023-07-19,22,5,5,0,0.833,Open e-Tender,12572000.0,12572000.0,-0.0137,0.0402,0.9866,0.083,0,0,0,1,0.391,0.197,1
TND-001048,MPLADS-001048,1,Open e-Tender,2023-06-03,17,5,4,0,0.833,Open e-Tender,640000.0,640000.0,0.0,0.0001,0.8674,0.172,0,0,0,0,0.639,0.196,1
TND-001049,MPLADS-001049,1,Open e-Tender,2023-08-28,26,3,3,0,0.5,Open e-Tender,980000.0,980000.0,-0.0763,0.0083,0.8964,0.186,1,0,0,0,0.73,0.409,1
TND-001050,MPLADS-001050,1,Open e-Tender,2023-10-23,29,3,2,0,0.5,Open e-Tender,2972000.0,2972000.0,0.001,0.01,0.9155,0.11,0,0,0,1,0.204,0.142,1
TND-001051,MPLADS-001051,1,Open e-Tender,2023-03-23,15,5,5,0,0.833,Open e-Tender,14902000.0,14902000.0,-0.0614,0.0117,0.9444,0.128,0,0,0,0,0.353,0.463,1
TND-001052,MPLADS-001052,1,Direct / Single Inquiry,2022-04-24,14,1,1,1,0.167,Single Tender Inquiry,3656000.0,3656000.0,-0.0796,0.0391,0.0,0.116,0,0,0,0,0.725,0.084,0
TND-001053,MPLADS-001053,1,Open e-Tender,2023-04-02,22,5,5,0,0.833,Open e-Tender,2687000.0,2687000.0,-0.0502,0.0163,0.976,0.242,0,0,0,0,0.741,0.076,1
TND-001054,MPLADS-001054,1,Open e-Tender,2023-07-29,19,6,5,0,1.0,Open e-Tender,2103000.0,2103000.0,-0.0691,0.0068,0.889,0.085,0,0,0,0,0.727,0.493,1
TND-001055,MPLADS-001055,1,Open e-Tender,2023-07-31,26,5,5,0,0.833,Open e-Tender,2043000.0,2043000.0,-0.0239,0.0346,0.8611,0.098,0,0,0,0,0.318,0.286,1
TND-001056,MPLADS-001056,1,Open e-Tender,2022-08-17,23,3,3,0,0.5,Open e-Tender,9624000.0,9624000.0,-0.0102,0.0052,0.8951,0.249,0,0,0,0,0.164,0.225,1
TND-001057,MPLADS-001057,1,Open e-Tender,2023-09-17,15,6,6,0,1.0,Open e-Tender,2226000.0,2226000.0,0.0104,0.049,0.9306,0.233,1,0,0,0,0.483,0.311,1
TND-001058,MPLADS-001058,1,Open e-Tender,2022-10-09,23,7,6,0,1.0,Open e-Tender,2072000.0,2072000.0,-0.0376,0.0017,0.9653,0.146,0,0,0,0,0.74,0.474,1
TND-001059,MPLADS-001059,1,Open e-Tender,2023-03-29,16,6,5,0,1.0,Open e-Tender,2554000.0,2554000.0,-0.0796,0.0333,0.9473,0.17,0,0,0,0,0.41,0.393,1
TND-001060,MPLADS-001060,1,Open e-Tender,2023-03-07,18,6,6,0,1.0,Open e-Tender,589000.0,589000.0,0.0138,0.0118,0.8769,0.173,0,0,0,0,0.43,0.186,1
TND-001061,MPLADS-001061,1,Open e-Tender,2022-06-28,23,3,3,0,0.5,Open e-Tender,922000.0,922000.0,-0.0346,0.0061,0.9897,0.169,0,0,0,0,0.341,0.442,1
TND-001062,MPLADS-001062,1,Open e-Tender,2022-10-19,14,7,7,0,1.0,Open e-Tender,2006000.0,2006000.0,-0.0295,0.0101,0.9825,0.024,0,0,0,1,0.203,0.38,1
TND-001063,MPLADS-001063,1,Open e-Tender,2023-03-23,26,3,3,0,0.5,Open e-Tender,2665000.0,2665000.0,-0.075,0.047,0.9577,0.08,0,0,0,0,0.6,0.226,1
TND-001064,MPLADS-001064,1,Open e-Tender,2022-02-08,28,5,4,0,0.833,Open e-Tender,3403000.0,3403000.0,-0.009,0.0089,0.9783,0.179,0,0,0,1,0.293,0.265,1
TND-001065,MPLADS-001065,1,Open e-Tender,2023-05-29,22,4,4,0,0.667,Open e-Tender,2049000.0,2049000.0,0.0015,0.0302,0.9429,0.057,0,0,0,1,0.227,0.208,1
TND-001066,MPLADS-001066,1,Open e-Tender,2022-02-21,15,7,6,0,1.0,Open e-Tender,3181000.0,3181000.0,-0.0419,0.0485,0.9661,0.063,0,0,0,0,0.216,0.405,1
TND-001067,MPLADS-001067,1,Open e-Tender,2022-06-13,18,6,6,0,1.0,Open e-Tender,8471000.0,8471000.0,-0.0787,0.0384,0.942,0.049,0,0,0,0,0.477,0.432,1
TND-001068,MPLADS-001068,1,Open e-Tender,2023-01-18,27,6,6,0,1.0,Open e-Tender,775000.0,775000.0,-0.0349,0.0494,0.978,0.216,0,0,0,0,0.187,0.082,1
TND-001069,MPLADS-001069,1,Open e-Tender,2023-12-13,21,4,4,0,0.667,Open e-Tender,645000.0,645000.0,-0.0652,0.0362,0.9539,0.075,0,0,0,0,0.465,0.358,1
TND-001070,MPLADS-001070,1,Open e-Tender,2022-03-22,22,7,7,0,1.0,Open e-Tender,2495000.0,2495000.0,-0.0588,0.0117,0.9398,0.204,0,0,0,1,0.4,0.079,1
TND-001071,MPLADS-001071,1,Open e-Tender,2022-07-14,15,4,3,0,0.667,Open e-Tender,1452000.0,1452000.0,-0.0403,0.0359,0.8756,0.141,0,0,0,0,0.493,0.441,1
TND-001072,MPLADS-001072,1,Open e-Tender,2023-06-13,17,7,6,0,1.0,Open e-Tender,1829000.0,1829000.0,-0.0193,0.0314,0.9056,0.043,0,0,0,0,0.621,0.493,1
TND-001073,MPLADS-001073,1,Open e-Tender,2023-02-23,28,7,6,0,1.0,Open e-Tender,709000.0,709000.0,-0.0634,0.0156,0.9275,0.055,1,0,0,0,0.495,0.111,1
TND-001074,MPLADS-001074,1,Open e-Tender,2023-09-30,22,7,7,0,1.0,Open e-Tender,732000.0,732000.0,-0.0054,0.0386,0.9292,0.17,0,0,0,0,0.679,0.263,1
TND-001075,MPLADS-001075,1,Open e-Tender,2023-04-25,26,6,5,0,1.0,Open e-Tender,2451000.0,2451000.0,-0.0008,0.0076,0.9043,0.188,0,0,0,1,0.333,0.227,1
TND-001076,MPLADS-001076,1,Open e-Tender,2023-02-16,16,4,3,0,0.667,Open e-Tender,2256000.0,2256000.0,-0.0627,0.021,0.863,0.208,0,0,0,1,0.603,0.061,1
TND-001077,MPLADS-001077,1,Open e-Tender,2022-02-12,15,5,5,0,0.833,Open e-Tender,1071000.0,1071000.0,0.0075,0.0097,0.9223,0.233,0,0,0,0,0.373,0.44,1
TND-001078,MPLADS-001078,1,Open e-Tender,2023-12-21,22,6,5,0,1.0,Open e-Tender,8769000.0,8769000.0,-0.0164,0.028,0.8554,0.147,0,0,0,1,0.217,0.44,1
TND-001079,MPLADS-001079,1,Open e-Tender,2023-02-13,26,7,7,0,1.0,Open e-Tender,426000.0,426000.0,0.0143,0.0378,0.914,0.206,0,0,0,0,0.377,0.207,1
TND-001080,MPLADS-001080,1,Open e-Tender,2022-05-20,21,5,5,0,0.833,Open e-Tender,2369000.0,2369000.0,-0.01,0.0349,0.9049,0.214,0,0,0,0,0.716,0.238,1
TND-001081,MPLADS-001081,1,Open e-Tender,2023-08-20,15,4,3,0,0.667,Open e-Tender,2262000.0,2262000.0,-0.0208,0.0241,0.9823,0.02,0,0,0,0,0.72,0.118,1
TND-001082,MPLADS-001082,1,Open e-Tender,2023-09-06,27,5,4,0,0.833,Open e-Tender,1851000.0,1851000.0,0.0076,0.008,0.9552,0.101,0,0,0,0,0.57,0.15,1
TND-001083,MPLADS-001083,1,Open e-Tender,2022-06-09,26,5,4,0,0.833,Open e-Tender,3117000.0,3117000.0,0.0173,0.0066,0.9362,0.134,0,0,0,0,0.246,0.1,1
TND-001084,MPLADS-001084,1,Open e-Tender,2023-02-18,17,3,2,0,0.5,Open e-Tender,3003000.0,3003000.0,-0.0063,0.0263,0.929,0.106,0,0,0,0,0.304,0.455,1
TND-001085,MPLADS-001085,1,Open e-Tender,2022-09-04,21,7,7,0,1.0,Open e-Tender,963000.0,963000.0,0.001,0.0076,0.9263,0.116,0,0,0,0,0.444,0.477,1
TND-001086,MPLADS-001086,1,Open e-Tender,2022-10-21,22,3,2,0,0.5,Open e-Tender,719000.0,719000.0,-0.0204,0.0316,0.9494,0.209,1,0,0,0,0.31,0.287,1
TND-001087,MPLADS-001087,1,Open e-Tender,2023-07-15,27,5,5,0,0.833,Open e-Tender,2357000.0,2357000.0,-0.0122,0.0189,0.8891,0.241,1,0,0,0,0.327,0.343,1
TND-001088,MPLADS-001088,1,Open e-Tender,2022-01-27,27,7,7,0,1.0,Open e-Tender,634000.0,634000.0,-0.0731,0.0299,0.8818,0.097,0,0,0,0,0.118,0.347,1
TND-001089,MPLADS-001089,1,Open e-Tender,2023-03-03,22,7,6,0,1.0,Open e-Tender,2625000.0,2625000.0,-0.0011,0.033,0.9507,0.245,0,0,0,0,0.708,0.478,1
TND-001090,MPLADS-001090,1,Open e-Tender,2022-02-10,28,6,6,0,1.0,Open e-Tender,2619000.0,2619000.0,-0.0636,0.0447,0.8566,0.061,0,0,0,0,0.714,0.422,1
TND-001091,MPLADS-001091,1,Open e-Tender,2023-05-18,24,3,3,0,0.5,Open e-Tender,802000.0,802000.0,-0.0243,0.0046,0.9455,0.076,0,0,0,1,0.719,0.425,1
TND-001092,MPLADS-001092,1,Open e-Tender,2022-07-29,26,6,5,0,1.0,Open e-Tender,1975000.0,1975000.0,-0.0055,0.0381,0.8679,0.128,1,0,0,0,0.123,0.283,1
TND-001093,MPLADS-001093,1,Open e-Tender,2022-01-22,26,6,6,0,1.0,Open e-Tender,1887000.0,1887000.0,0.0107,0.0121,0.896,0.22,0,0,0,0,0.145,0.405,1
TND-001094,MPLADS-001094,1,Open e-Tender,2022-09-24,25,6,5,0,1.0,Open e-Tender,2050000.0,2050000.0,-0.0243,0.0104,0.937,0.084,0,0,0,0,0.35,0.329,1
TND-001095,MPLADS-001095,1,Open e-Tender,2023-11-29,18,6,6,0,1.0,Open e-Tender,8626000.0,8626000.0,-0.0494,0.0265,0.9323,0.032,0,0,0,1,0.674,0.494,1
TND-001096,MPLADS-001096,1,Open e-Tender,2022-12-06,20,6,6,0,1.0,Open e-Tender,1366000.0,1366000.0,-0.0714,0.0335,0.9788,0.19,0,0,0,1,0.232,0.436,1
TND-001097,MPLADS-001097,1,Open e-Tender,2023-10-11,16,6,6,0,1.0,Open e-Tender,8428000.0,8428000.0,-0.0344,0.0058,0.9188,0.206,0,0,0,0,0.459,0.215,1
TND-001098,MPLADS-001098,1,Open e-Tender,2023-09-27,24,7,7,0,1.0,Open e-Tender,2148000.0,2148000.0,-0.021,0.0224,0.9545,0.004,1,0,0,0,0.714,0.169,1
TND-001099,MPLADS-001099,1,Open e-Tender,2022-07-29,16,4,3,0,0.667,Open e-Tender,2736000.0,2736000.0,-0.0444,0.0492,0.9012,0.05,1,0,0,0,0.353,0.158,1
TND-001100,MPLADS-001100,1,Open e-Tender,2023-04-11,28,4,3,0,0.667,Open e-Tender,441000.0,441000.0,-0.0178,0.0039,0.9752,0.101,0,0,0,1,0.1,0.316,1
TND-001101,MPLADS-001101,1,Open e-Tender,2023-06-28,27,6,6,0,1.0,Open e-Tender,2298000.0,2298000.0,0.0128,0.0454,0.9296,0.174,0,0,0,0,0.746,0.351,1
TND-001102,MPLADS-001102,1,Open e-Tender,2023-12-06,22,6,5,0,1.0,Open e-Tender,1886000.0,1886000.0,0.0195,0.0041,0.9155,0.168,0,0,0,0,0.737,0.268,1
TND-001103,MPLADS-001103,1,Open e-Tender,2023-05-30,28,5,5,0,0.833,Open e-Tender,13110000.0,13110000.0,-0.006,0.0106,0.9513,0.109,0,0,0,1,0.637,0.148,1
TND-001104,MPLADS-001104,1,Open e-Tender,2023-08-29,26,3,2,0,0.5,Open e-Tender,2557000.0,2557000.0,0.0191,0.0253,0.9355,0.123,0,0,0,1,0.504,0.49,1
TND-001105,MPLADS-001105,1,Open e-Tender,2022-11-05,23,6,6,0,1.0,Open e-Tender,10874000.0,10874000.0,-0.0757,0.0274,0.9085,0.148,1,0,0,1,0.521,0.087,1
TND-001106,MPLADS-001106,1,Open e-Tender,2022-10-28,26,4,4,0,0.667,Open e-Tender,1994000.0,1994000.0,-0.0283,0.0095,0.9804,0.112,0,0,0,0,0.502,0.181,1
TND-001107,MPLADS-001107,1,Open e-Tender,2022-03-23,21,3,2,0,0.5,Open e-Tender,13116000.0,13116000.0,-0.0011,0.0226,0.8889,0.075,0,0,0,1,0.559,0.228,1
TND-001108,MPLADS-001108,1,Open e-Tender,2023-04-04,28,5,4,0,0.833,Open e-Tender,11343000.0,11343000.0,-0.0787,0.0324,0.9331,0.128,0,0,0,0,0.444,0.278,1
TND-001109,MPLADS-001109,1,Open e-Tender,2023-08-24,24,4,3,0,0.667,Open e-Tender,872000.0,872000.0,-0.0034,0.0335,0.8903,0.125,0,0,0,0,0.181,0.444,1
TND-001110,MPLADS-001110,1,Open e-Tender,2023-04-13,19,6,5,0,1.0,Open e-Tender,893000.0,893000.0,-0.0078,0.0168,0.8585,0.046,0,0,0,0,0.577,0.424,1
TND-001111,MPLADS-001111,1,Open e-Tender,2023-07-06,19,3,2,0,0.5,Open e-Tender,11176000.0,11176000.0,0.015,0.0029,0.9375,0.122,0,0,0,0,0.637,0.25,1
TND-001112,MPLADS-001112,1,Open e-Tender,2022-12-10,15,5,5,0,0.833,Open e-Tender,2197000.0,2197000.0,-0.024,0.0404,0.9246,0.064,0,0,0,0,0.233,0.271,1
TND-001113,MPLADS-001113,1,Open e-Tender,2022-09-10,29,4,3,0,0.667,Open e-Tender,1440000.0,1440000.0,-0.052,0.0451,0.9742,0.218,1,0,0,0,0.528,0.069,1
TND-001114,MPLADS-001114,1,Direct / Single Inquiry,2023-10-28,19,1,1,1,0.167,Single Tender Inquiry,1917000.0,1917000.0,-0.0249,0.0059,0.0,0.037,0,0,0,0,0.523,0.181,0
TND-001115,MPLADS-001115,1,Open e-Tender,2022-04-29,25,6,6,0,1.0,Open e-Tender,2302000.0,2302000.0,-0.0596,0.003,0.9858,0.063,0,0,0,0,0.705,0.294,1
TND-001116,MPLADS-001116,1,Open e-Tender,2023-04-21,20,3,2,0,0.5,Open e-Tender,1713000.0,1713000.0,-0.0731,0.0144,0.8822,0.166,0,0,0,0,0.265,0.267,1
TND-001117,MPLADS-001117,1,Open e-Tender,2022-08-06,16,7,6,0,1.0,Open e-Tender,638000.0,638000.0,-0.0078,0.0211,0.9065,0.147,0,0,0,0,0.383,0.491,1
TND-001118,MPLADS-001118,1,Open e-Tender,2022-01-26,16,5,5,0,0.833,Open e-Tender,13481000.0,13481000.0,-0.0613,0.0386,0.9298,0.089,0,0,0,1,0.139,0.235,1
TND-001119,MPLADS-001119,1,Open e-Tender,2023-09-29,15,4,3,0,0.667,Open e-Tender,2751000.0,2751000.0,-0.0374,0.047,0.913,0.196,0,0,0,0,0.575,0.172,1
TND-001120,MPLADS-001120,1,Open e-Tender,2023-11-20,28,5,5,0,0.833,Open e-Tender,1434000.0,1434000.0,-0.0578,0.0049,0.8831,0.16,0,0,0,0,0.186,0.357,1
TND-001121,MPLADS-001121,1,Open e-Tender,2022-01-17,23,3,3,0,0.5,Open e-Tender,15487000.0,15487000.0,-0.0412,0.0362,0.9134,0.012,0,0,0,1,0.175,0.3,1
TND-001122,MPLADS-001122,1,Open e-Tender,2023-03-18,17,7,6,0,1.0,Open e-Tender,2857000.0,2857000.0,-0.0148,0.0437,0.9706,0.213,0,0,0,0,0.267,0.329,1
TND-001123,MPLADS-001123,1,Open e-Tender,2022-12-01,16,3,3,0,0.5,Open e-Tender,3330000.0,3330000.0,-0.0356,0.0039,0.9319,0.188,0,0,0,1,0.455,0.116,1
TND-001124,MPLADS-001124,1,Open e-Tender,2022-11-24,18,3,3,0,0.5,Open e-Tender,9569000.0,9569000.0,-0.0647,0.0013,0.9294,0.042,0,0,0,0,0.725,0.397,1
TND-001125,MPLADS-001125,1,Open e-Tender,2022-06-18,14,4,4,0,0.667,Open e-Tender,2890000.0,2890000.0,-0.0116,0.0428,0.8896,0.082,0,0,0,1,0.529,0.062,1
TND-001126,MPLADS-001126,1,Open e-Tender,2022-06-06,15,3,2,0,0.5,Open e-Tender,8639000.0,8639000.0,-0.0246,0.0196,0.9873,0.151,0,0,0,0,0.583,0.484,1
TND-001127,MPLADS-001127,1,Open e-Tender,2023-04-27,19,6,6,0,1.0,Open e-Tender,414000.0,414000.0,-0.0282,0.0347,0.9496,0.094,0,0,0,0,0.3,0.196,1
TND-001128,MPLADS-001128,1,Open e-Tender,2023-04-30,28,7,6,0,1.0,Open e-Tender,3335000.0,3335000.0,-0.0104,0.0257,0.9565,0.165,1,0,0,0,0.478,0.433,1
TND-001129,MPLADS-001129,1,Open e-Tender,2022-06-04,22,7,7,0,1.0,Open e-Tender,8511000.0,8511000.0,-0.0461,0.028,0.9016,0.245,0,0,0,0,0.229,0.492,1
TND-001130,MPLADS-001130,1,Open e-Tender,2022-10-22,19,4,4,0,0.667,Open e-Tender,3384000.0,3384000.0,-0.005,0.0029,0.8742,0.025,0,0,0,0,0.743,0.082,1
TND-001131,MPLADS-001131,1,Open e-Tender,2022-03-07,22,3,3,0,0.5,Open e-Tender,745000.0,745000.0,-0.0664,0.0205,0.9886,0.081,0,0,0,0,0.726,0.471,1
TND-001132,MPLADS-001132,1,Open e-Tender,2022-12-12,21,5,4,0,0.833,Open e-Tender,1332000.0,1332000.0,0.0145,0.0365,0.8933,0.102,0,0,0,0,0.121,0.097,1
TND-001133,MPLADS-001133,1,Open e-Tender,2023-10-06,23,6,6,0,1.0,Open e-Tender,2008000.0,2008000.0,0.0183,0.0378,0.9853,0.235,0,0,0,0,0.272,0.219,1
TND-001134,MPLADS-001134,1,Open e-Tender,2022-09-10,20,5,5,0,0.833,Open e-Tender,3459000.0,3459000.0,-0.0365,0.0347,0.9133,0.235,0,0,0,0,0.438,0.44,1
TND-001135,MPLADS-001135,1,Open e-Tender,2023-06-17,23,5,4,0,0.833,Open e-Tender,853000.0,853000.0,-0.0285,0.0203,0.8939,0.012,0,0,0,0,0.451,0.403,1
TND-001136,MPLADS-001136,1,Open e-Tender,2022-12-26,20,6,6,0,1.0,Open e-Tender,2562000.0,2562000.0,-0.039,0.0086,0.9485,0.002,0,0,0,0,0.308,0.11,1
TND-001137,MPLADS-001137,1,Open e-Tender,2023-11-29,22,3,3,0,0.5,Open e-Tender,881000.0,881000.0,0.0185,0.0304,0.9485,0.239,1,0,0,0,0.562,0.177,1
TND-001138,MPLADS-001138,1,Direct / Single Inquiry,2023-10-21,26,1,1,1,0.167,Single Tender Inquiry,9563000.0,9563000.0,0.011,0.0366,0.0,0.059,0,0,0,1,0.547,0.458,0
TND-001139,MPLADS-001139,1,Open e-Tender,2023-10-23,22,5,5,0,0.833,Open e-Tender,2080000.0,2080000.0,-0.0109,0.0045,0.8533,0.127,1,0,0,0,0.734,0.366,1
TND-001140,MPLADS-001140,1,Open e-Tender,2022-04-17,29,5,4,0,0.833,Open e-Tender,2575000.0,2575000.0,-0.0338,0.0305,0.9449,0.177,0,0,0,0,0.613,0.229,1
TND-001141,MPLADS-001141,1,Open e-Tender,2023-06-01,24,4,4,0,0.667,Open e-Tender,2700000.0,2700000.0,-0.0426,0.0327,0.9053,0.154,0,0,0,0,0.193,0.246,1
TND-001142,MPLADS-001142,1,Open e-Tender,2022-05-27,14,4,3,0,0.667,Open e-Tender,1326000.0,1326000.0,-0.0792,0.0123,0.8744,0.038,0,0,0,1,0.387,0.141,1
TND-001143,MPLADS-001143,1,Open e-Tender,2023-09-23,17,7,7,0,1.0,Open e-Tender,1437000.0,1437000.0,-0.0144,0.0132,0.8917,0.102,0,0,0,0,0.287,0.463,1
TND-001144,MPLADS-001144,1,Open e-Tender,2023-06-16,19,4,4,0,0.667,Open e-Tender,2049000.0,2049000.0,-0.033,0.0352,0.8738,0.05,0,0,0,0,0.325,0.089,1
TND-001145,MPLADS-001145,1,Open e-Tender,2022-02-25,20,5,5,0,0.833,Open e-Tender,1334000.0,1334000.0,-0.0658,0.0305,0.9712,0.103,0,0,0,0,0.682,0.119,1
TND-001146,MPLADS-001146,1,Open e-Tender,2022-11-08,22,5,4,0,0.833,Open e-Tender,2113000.0,2113000.0,0.0134,0.0313,0.8551,0.168,0,0,0,1,0.407,0.129,1
TND-001147,MPLADS-001147,1,Open e-Tender,2023-11-30,26,4,4,0,0.667,Open e-Tender,2830000.0,2830000.0,0.0136,0.0064,0.9148,0.085,1,0,0,0,0.466,0.484,1
TND-001148,MPLADS-001148,1,Open e-Tender,2023-01-21,20,5,4,0,0.833,Open e-Tender,1626000.0,1626000.0,-0.0091,0.0178,0.9636,0.144,0,0,0,1,0.234,0.068,1
TND-001149,MPLADS-001149,1,Open e-Tender,2023-03-14,18,3,3,0,0.5,Open e-Tender,11419000.0,11419000.0,-0.0341,0.0189,0.9069,0.17,1,0,0,1,0.392,0.229,1
TND-001150,MPLADS-001150,1,Open e-Tender,2023-10-18,15,5,4,0,0.833,Open e-Tender,1728000.0,1728000.0,-0.0745,0.0391,0.8898,0.127,0,0,0,0,0.531,0.243,1
TND-001151,MPLADS-001151,1,Open e-Tender,2023-01-23,20,7,7,0,1.0,Open e-Tender,3800000.0,3800000.0,-0.0654,0.0447,0.8756,0.236,0,0,0,1,0.588,0.088,1
TND-001152,MPLADS-001152,1,Open e-Tender,2022-11-23,22,3,3,0,0.5,Open e-Tender,2257000.0,2257000.0,-0.0375,0.0401,0.9341,0.035,0,0,0,1,0.509,0.361,1
TND-001153,MPLADS-001153,1,Open e-Tender,2023-05-08,15,7,6,0,1.0,Open e-Tender,1461000.0,1461000.0,-0.026,0.0157,0.9592,0.089,0,0,0,0,0.413,0.346,1
TND-001154,MPLADS-001154,1,Open e-Tender,2023-06-09,18,5,5,0,0.833,Open e-Tender,2336000.0,2336000.0,-0.0693,0.002,0.9645,0.23,0,0,0,0,0.332,0.086,1
TND-001155,MPLADS-001155,1,Open e-Tender,2023-04-17,27,5,5,0,0.833,Open e-Tender,3854000.0,3854000.0,-0.047,0.0151,0.8881,0.118,0,0,0,0,0.208,0.381,1
TND-001156,MPLADS-001156,1,Open e-Tender,2022-09-28,28,7,6,0,1.0,Open e-Tender,2164000.0,2164000.0,-0.0538,0.0119,0.9447,0.19,0,0,0,0,0.303,0.254,1
TND-001157,MPLADS-001157,1,Open e-Tender,2022-06-22,22,5,4,0,0.833,Open e-Tender,754000.0,754000.0,-0.061,0.0173,0.8999,0.091,0,0,0,0,0.196,0.124,1
TND-001158,MPLADS-001158,1,Open e-Tender,2022-03-06,22,6,6,0,1.0,Open e-Tender,2175000.0,2175000.0,0.0121,0.0312,0.9025,0.186,0,0,0,1,0.576,0.344,1
TND-001159,MPLADS-001159,1,Open e-Tender,2023-06-27,16,5,5,0,0.833,Open e-Tender,514000.0,514000.0,-0.0096,0.0398,0.9748,0.038,0,0,0,0,0.254,0.136,1
TND-001160,MPLADS-001160,1,Open e-Tender,2023-06-04,24,6,6,0,1.0,Open e-Tender,3190000.0,3190000.0,-0.0127,0.0283,0.8798,0.216,0,0,0,0,0.549,0.075,1
TND-001161,MPLADS-001161,1,Open e-Tender,2023-08-25,24,6,5,0,1.0,Open e-Tender,2364000.0,2364000.0,-0.0623,0.0183,0.8662,0.011,1,0,0,1,0.525,0.091,1
TND-001162,MPLADS-001162,1,Open e-Tender,2023-05-31,22,5,4,0,0.833,Open e-Tender,12040000.0,12040000.0,-0.0416,0.0369,0.978,0.078,0,0,0,0,0.711,0.354,1
TND-001163,MPLADS-001163,1,Open e-Tender,2023-03-29,26,6,5,0,1.0,Open e-Tender,2979000.0,2979000.0,-0.0037,0.022,0.9291,0.104,0,0,0,0,0.577,0.25,1
TND-001164,MPLADS-001164,1,Direct / Single Inquiry,2022-08-08,23,1,1,1,0.167,Single Tender Inquiry,1610000.0,1610000.0,0.0171,0.0022,0.0,0.163,0,0,0,0,0.41,0.417,0
TND-001165,MPLADS-001165,1,Open e-Tender,2023-05-03,15,6,6,0,1.0,Open e-Tender,1728000.0,1728000.0,-0.0416,0.0155,0.9161,0.005,1,0,0,1,0.211,0.291,1
TND-001166,MPLADS-001166,1,Open e-Tender,2022-01-11,29,5,4,0,0.833,Open e-Tender,595000.0,595000.0,-0.0198,0.04,0.8758,0.208,1,0,0,0,0.612,0.351,1
TND-001167,MPLADS-001167,1,Open e-Tender,2023-03-09,14,4,4,0,0.667,Open e-Tender,11966000.0,11966000.0,-0.0346,0.0026,0.9112,0.015,0,0,0,1,0.14,0.094,1
TND-001168,MPLADS-001168,1,Open e-Tender,2023-12-04,23,6,5,0,1.0,Open e-Tender,2252000.0,2252000.0,-0.0621,0.0359,0.8653,0.162,0,0,0,0,0.187,0.063,1
TND-001169,MPLADS-001169,1,Open e-Tender,2022-03-15,27,7,6,0,1.0,Open e-Tender,2433000.0,2433000.0,-0.0731,0.0412,0.873,0.16,1,0,0,0,0.419,0.345,1
TND-001170,MPLADS-001170,1,Open e-Tender,2022-06-23,28,5,5,0,0.833,Open e-Tender,348000.0,348000.0,-0.067,0.0299,0.8846,0.1,0,0,0,0,0.107,0.081,1
TND-001171,MPLADS-001171,1,Open e-Tender,2022-01-22,14,6,5,0,1.0,Open e-Tender,2144000.0,2144000.0,-0.0138,0.0026,0.913,0.117,0,0,0,0,0.605,0.146,1
TND-001172,MPLADS-001172,1,Open e-Tender,2022-06-26,20,6,6,0,1.0,Open e-Tender,1154000.0,1154000.0,-0.0086,0.0001,0.9348,0.002,1,0,0,0,0.314,0.201,1
TND-001173,MPLADS-001173,1,Open e-Tender,2022-07-18,14,5,4,0,0.833,Open e-Tender,2282000.0,2282000.0,-0.0185,0.0005,0.8823,0.198,1,0,0,0,0.123,0.388,1
TND-001174,MPLADS-001174,1,Open e-Tender,2022-05-10,16,5,5,0,0.833,Open e-Tender,16842000.0,16842000.0,0.0071,0.01,0.8559,0.173,0,0,0,0,0.546,0.065,1
TND-001175,MPLADS-001175,1,Open e-Tender,2023-03-18,24,4,3,0,0.667,Open e-Tender,1730000.0,1730000.0,0.0135,0.0402,0.9546,0.137,0,0,0,0,0.602,0.347,1
TND-001176,MPLADS-001176,1,Open e-Tender,2022-05-12,15,4,3,0,0.667,Open e-Tender,15885000.0,15885000.0,0.0016,0.0068,0.968,0.061,0,0,0,0,0.197,0.179,1
TND-001177,MPLADS-001177,1,Open e-Tender,2023-05-14,23,6,6,0,1.0,Open e-Tender,10866000.0,10866000.0,-0.0709,0.0394,0.8592,0.165,0,0,0,0,0.401,0.051,1
TND-001178,MPLADS-001178,1,Open e-Tender,2023-04-10,17,6,5,0,1.0,Open e-Tender,1907000.0,1907000.0,0.016,0.033,0.937,0.139,0,0,0,1,0.463,0.462,1
TND-001179,MPLADS-001179,1,Open e-Tender,2023-01-11,21,6,5,0,1.0,Open e-Tender,2634000.0,2634000.0,0.0027,0.0432,0.8896,0.063,0,0,0,0,0.552,0.133,1
TND-001180,MPLADS-001180,1,Open e-Tender,2023-06-21,25,6,5,0,1.0,Open e-Tender,1162000.0,1162000.0,0.0104,0.0053,0.9158,0.013,1,0,0,0,0.596,0.163,1
TND-001181,MPLADS-001181,1,Open e-Tender,2022-06-28,14,4,3,0,0.667,Open e-Tender,1778000.0,1778000.0,-0.0662,0.0137,0.8516,0.197,0,0,0,0,0.422,0.081,1
TND-001182,MPLADS-001182,1,Open e-Tender,2022-05-08,29,6,6,0,1.0,Open e-Tender,13156000.0,13156000.0,-0.0601,0.0227,0.8658,0.02,0,0,0,0,0.718,0.304,1
TND-001183,MPLADS-001183,1,Open e-Tender,2023-06-15,15,7,7,0,1.0,Open e-Tender,1389000.0,1389000.0,-0.0368,0.0199,0.9033,0.237,0,0,0,0,0.432,0.094,1
TND-001184,MPLADS-001184,1,Open e-Tender,2022-04-21,26,7,6,0,1.0,Open e-Tender,1582000.0,1582000.0,-0.0721,0.004,0.9593,0.2,0,0,0,0,0.658,0.348,1
TND-001185,MPLADS-001185,1,Open e-Tender,2023-08-29,29,5,4,0,0.833,Open e-Tender,689000.0,689000.0,0.0015,0.017,0.9341,0.041,0,0,0,1,0.572,0.185,1
TND-001186,MPLADS-001186,1,Open e-Tender,2022-04-21,22,7,7,0,1.0,Open e-Tender,3405000.0,3405000.0,-0.0142,0.0183,0.9395,0.119,0,0,0,0,0.502,0.058,1
TND-001187,MPLADS-001187,1,Open e-Tender,2023-03-30,24,5,4,0,0.833,Open e-Tender,2409000.0,2409000.0,-0.0437,0.0272,0.989,0.171,0,0,0,0,0.24,0.126,1
TND-001188,MPLADS-001188,1,Open e-Tender,2023-05-15,27,7,6,0,1.0,Open e-Tender,498000.0,498000.0,-0.0532,0.0102,0.8862,0.139,0,0,0,0,0.336,0.432,1
TND-001189,MPLADS-001189,1,Open e-Tender,2022-04-18,24,4,4,0,0.667,Open e-Tender,1914000.0,1914000.0,-0.0078,0.0443,0.973,0.038,0,0,0,0,0.278,0.426,1
TND-001190,MPLADS-001190,1,Open e-Tender,2023-06-24,20,5,4,0,0.833,Open e-Tender,1808000.0,1808000.0,0.0146,0.0122,0.9721,0.067,0,0,0,0,0.338,0.136,1
TND-001191,MPLADS-001191,1,Open e-Tender,2023-03-17,25,7,6,0,1.0,Open e-Tender,935000.0,935000.0,-0.0331,0.0063,0.8789,0.114,0,0,0,0,0.686,0.46,1
TND-001192,MPLADS-001192,1,Open e-Tender,2023-08-10,18,7,7,0,1.0,Open e-Tender,1739000.0,1739000.0,-0.0147,0.0056,0.9382,0.049,0,0,0,0,0.182,0.051,1
TND-001193,MPLADS-001193,1,Direct / Single Inquiry,2023-03-21,29,1,1,1,0.167,Single Tender Inquiry,1357000.0,1357000.0,-0.045,0.034,0.0,0.132,0,0,0,0,0.633,0.104,0
TND-001194,MPLADS-001194,1,Open e-Tender,2023-09-15,21,3,3,0,0.5,Open e-Tender,12218000.0,12218000.0,-0.0288,0.0023,0.9363,0.067,0,0,0,0,0.663,0.252,1
TND-001195,MPLADS-001195,1,Open e-Tender,2023-03-27,29,7,6,0,1.0,Open e-Tender,1386000.0,1386000.0,-0.0156,0.0329,0.9215,0.091,0,0,0,0,0.492,0.182,1
TND-001196,MPLADS-001196,1,Open e-Tender,2022-12-23,18,4,4,0,0.667,Open e-Tender,9333000.0,9333000.0,0.0119,0.0254,0.9794,0.046,0,0,0,0,0.485,0.228,1
TND-001197,MPLADS-001197,1,Open e-Tender,2022-01-10,24,7,7,0,1.0,Open e-Tender,2316000.0,2316000.0,-0.0398,0.0465,0.8702,0.178,0,0,0,0,0.515,0.222,1
TND-001198,MPLADS-001198,1,Open e-Tender,2023-08-10,20,6,5,0,1.0,Open e-Tender,1483000.0,1483000.0,-0.0578,0.0193,0.9557,0.116,0,0,0,1,0.308,0.335,1
TND-001199,MPLADS-001199,1,Open e-Tender,2023-03-15,19,6,5,0,1.0,Open e-Tender,433000.0,433000.0,-0.0204,0.0265,0.949,0.061,0,0,0,0,0.238,0.062,1
TND-001200,MPLADS-001200,1,Open e-Tender,2022-03-11,17,3,3,0,0.5,Open e-Tender,4029000.0,4029000.0,-0.032,0.0027,0.8518,0.104,0,0,0,0,0.488,0.269,1
TND-001201,MPLADS-001201,1,Open e-Tender,2022-04-02,25,3,2,0,0.5,Open e-Tender,2595000.0,2595000.0,-0.0645,0.01,0.8581,0.205,0,0,0,0,0.61,0.098,1
TND-001202,MPLADS-001202,1,Open e-Tender,2022-03-11,24,6,5,0,1.0,Open e-Tender,1892000.0,1892000.0,-0.0512,0.0495,0.9015,0.156,0,0,0,0,0.267,0.138,1
TND-001203,MPLADS-001203,1,Open e-Tender,2023-08-15,28,6,6,0,1.0,Open e-Tender,3164000.0,3164000.0,-0.0501,0.0276,0.8876,0.142,0,0,0,0,0.342,0.341,1
TND-001204,MPLADS-001204,1,Open e-Tender,2023-06-03,21,7,6,0,1.0,Open e-Tender,1514000.0,1514000.0,-0.0301,0.0246,0.8968,0.122,0,0,0,0,0.625,0.493,1
TND-001205,MPLADS-001205,1,Open e-Tender,2023-02-19,25,4,4,0,0.667,Open e-Tender,15199000.0,15199000.0,-0.0485,0.0213,0.9362,0.25,0,0,0,0,0.648,0.369,1
TND-001206,MPLADS-001206,1,Open e-Tender,2022-10-31,29,3,2,0,0.5,Open e-Tender,650000.0,650000.0,-0.0525,0.0452,0.9769,0.196,0,0,0,0,0.746,0.191,1
TND-001207,MPLADS-001207,1,Open e-Tender,2023-10-29,27,3,3,0,0.5,Open e-Tender,1793000.0,1793000.0,-0.0011,0.0128,0.9563,0.104,0,0,0,1,0.746,0.213,1
TND-001208,MPLADS-001208,1,Open e-Tender,2022-12-05,21,5,4,0,0.833,Open e-Tender,1252000.0,1252000.0,-0.0726,0.0386,0.9571,0.114,0,0,0,0,0.713,0.36,1
TND-001209,MPLADS-001209,1,Open e-Tender,2023-11-29,23,7,7,0,1.0,Open e-Tender,2575000.0,2575000.0,-0.037,0.019,0.9815,0.051,0,0,0,1,0.129,0.33,1
TND-001210,MPLADS-001210,1,Open e-Tender,2022-10-22,14,6,5,0,1.0,Open e-Tender,463000.0,463000.0,-0.0191,0.0436,0.853,0.184,0,0,0,0,0.384,0.106,1
TND-001211,MPLADS-001211,1,Open e-Tender,2023-04-03,21,4,4,0,0.667,Open e-Tender,1363000.0,1363000.0,-0.0455,0.0339,0.8875,0.248,0,0,0,0,0.545,0.102,1
TND-001212,MPLADS-001212,1,Open e-Tender,2023-02-17,18,7,7,0,1.0,Open e-Tender,2971000.0,2971000.0,-0.0348,0.0369,0.9656,0.063,0,0,0,1,0.503,0.464,1
TND-001213,MPLADS-001213,1,Open e-Tender,2022-03-25,27,6,5,0,1.0,Open e-Tender,2539000.0,2539000.0,-0.0444,0.017,0.8609,0.009,0,0,0,0,0.555,0.223,1
TND-001214,MPLADS-001214,1,Open e-Tender,2022-12-21,29,6,5,0,1.0,Open e-Tender,1559000.0,1559000.0,-0.0038,0.0495,0.9698,0.196,0,0,0,0,0.693,0.148,1
TND-001215,MPLADS-001215,1,Open e-Tender,2022-05-28,14,7,6,0,1.0,Open e-Tender,8763000.0,8763000.0,-0.028,0.0404,0.9259,0.214,0,0,0,0,0.735,0.299,1
TND-001216,MPLADS-001216,1,Open e-Tender,2023-12-20,22,7,6,0,1.0,Open e-Tender,2614000.0,2614000.0,-0.0076,0.0126,0.909,0.007,0,0,0,0,0.56,0.38,1
TND-001217,MPLADS-001217,1,Open e-Tender,2022-11-01,24,6,5,0,1.0,Open e-Tender,985000.0,985000.0,-0.0286,0.0323,0.9297,0.046,0,0,0,1,0.448,0.46,1
TND-001218,MPLADS-001218,1,Open e-Tender,2022-11-12,19,3,2,0,0.5,Open e-Tender,440000.0,440000.0,-0.0658,0.0285,0.9226,0.225,0,0,0,1,0.508,0.273,1
TND-001219,MPLADS-001219,1,Direct / Single Inquiry,2022-09-16,26,1,1,1,0.167,Single Tender Inquiry,12884000.0,12884000.0,-0.0369,0.0059,0.0,0.181,0,0,0,0,0.345,0.156,0
TND-001220,MPLADS-001220,1,Direct / Single Inquiry,2022-03-31,26,1,1,1,0.167,Single Tender Inquiry,2506000.0,2506000.0,-0.0234,0.0085,0.0,0.155,0,0,0,1,0.508,0.261,0
TND-001221,MPLADS-001221,1,Open e-Tender,2022-10-12,16,4,3,0,0.667,Open e-Tender,9051000.0,9051000.0,-0.0234,0.0433,0.8704,0.079,0,0,0,0,0.187,0.136,1
TND-001222,MPLADS-001222,1,Open e-Tender,2022-02-15,22,5,5,0,0.833,Open e-Tender,2048000.0,2048000.0,-0.0303,0.0469,0.8636,0.203,0,0,0,0,0.453,0.405,1
TND-001223,MPLADS-001223,1,Open e-Tender,2022-06-25,21,5,4,0,0.833,Open e-Tender,66419000.0,66419000.0,-0.049,0.0022,0.8583,0.104,0,0,0,0,0.509,0.43,1
TND-001224,MPLADS-001224,1,Open e-Tender,2023-04-20,19,7,7,0,1.0,Open e-Tender,13199000.0,13199000.0,-0.0429,0.018,0.859,0.24,0,0,0,0,0.564,0.396,1
TND-001225,MPLADS-001225,1,Open e-Tender,2022-04-03,17,3,3,0,0.5,Open e-Tender,2249000.0,2249000.0,-0.0737,0.0331,0.9721,0.166,1,0,0,0,0.509,0.056,1
TND-001226,MPLADS-001226,1,Open e-Tender,2022-09-12,15,7,6,0,1.0,Open e-Tender,447000.0,447000.0,0.0045,0.0499,0.8918,0.093,0,0,0,0,0.351,0.105,1
TND-001227,MPLADS-001227,1,Open e-Tender,2023-02-07,16,7,6,0,1.0,Open e-Tender,2261000.0,2261000.0,-0.0524,0.0138,0.9141,0.137,0,0,0,1,0.144,0.217,1
TND-001228,MPLADS-001228,1,Open e-Tender,2023-05-08,24,4,4,0,0.667,Open e-Tender,1771000.0,1771000.0,-0.0494,0.0218,0.9181,0.129,0,0,0,0,0.651,0.419,1
TND-001229,MPLADS-001229,1,Open e-Tender,2023-04-09,29,6,6,0,1.0,Open e-Tender,877000.0,877000.0,-0.0011,0.0108,0.8511,0.054,0,0,0,0,0.127,0.486,1
TND-001230,MPLADS-001230,1,Open e-Tender,2023-06-16,25,6,5,0,1.0,Open e-Tender,2762000.0,2762000.0,-0.0068,0.036,0.9625,0.225,0,0,0,0,0.608,0.092,1
TND-001231,MPLADS-001231,1,Open e-Tender,2023-05-14,20,4,4,0,0.667,Open e-Tender,991000.0,991000.0,0.0175,0.0039,0.9558,0.119,0,0,0,1,0.245,0.449,1
TND-001232,MPLADS-001232,1,Open e-Tender,2023-01-03,16,4,3,0,0.667,Open e-Tender,548000.0,548000.0,-0.0436,0.0345,0.8851,0.088,0,0,0,0,0.614,0.341,1
TND-001233,MPLADS-001233,1,Open e-Tender,2023-07-19,16,4,4,0,0.667,Open e-Tender,780000.0,780000.0,-0.0625,0.0335,0.9185,0.052,0,0,0,0,0.617,0.184,1
TND-001234,MPLADS-001234,1,Open e-Tender,2023-09-12,16,6,6,0,1.0,Open e-Tender,847000.0,847000.0,-0.0276,0.0176,0.9873,0.202,0,0,0,1,0.242,0.403,1
TND-001235,MPLADS-001235,1,Open e-Tender,2023-02-07,17,7,6,0,1.0,Open e-Tender,1070000.0,1070000.0,-0.0299,0.0049,0.9208,0.038,0,0,0,0,0.301,0.419,1
TND-001236,MPLADS-001236,1,Open e-Tender,2023-09-09,18,7,6,0,1.0,Open e-Tender,14269000.0,14269000.0,-0.0653,0.0306,0.9361,0.039,0,0,0,0,0.407,0.438,1
TND-001237,MPLADS-001237,1,Open e-Tender,2022-09-20,19,6,6,0,1.0,Open e-Tender,345000.0,345000.0,-0.0309,0.0175,0.9388,0.245,0,0,0,0,0.232,0.368,1
TND-001238,MPLADS-001238,1,Open e-Tender,2022-08-01,22,5,5,0,0.833,Open e-Tender,1376000.0,1376000.0,-0.0734,0.0282,0.9858,0.043,0,0,0,0,0.723,0.121,1
TND-001239,MPLADS-001239,1,Open e-Tender,2023-08-05,14,7,6,0,1.0,Open e-Tender,642000.0,642000.0,-0.0093,0.0452,0.8998,0.151,0,0,0,0,0.442,0.276,1
TND-001240,MPLADS-001240,1,Open e-Tender,2022-04-29,25,6,6,0,1.0,Open e-Tender,629000.0,629000.0,-0.0063,0.0413,0.9719,0.158,0,0,0,0,0.102,0.238,1
TND-001241,MPLADS-001241,1,Open e-Tender,2023-01-07,18,6,6,0,1.0,Open e-Tender,1012000.0,1012000.0,-0.0165,0.0459,0.9309,0.153,0,0,0,0,0.155,0.218,1
TND-001242,MPLADS-001242,1,Open e-Tender,2023-05-24,20,6,6,0,1.0,Open e-Tender,3018000.0,3018000.0,0.0033,0.0428,0.9587,0.189,0,0,0,0,0.645,0.209,1
TND-001243,MPLADS-001243,1,Open e-Tender,2023-06-12,24,3,2,0,0.5,Open e-Tender,2641000.0,2641000.0,-0.0743,0.0484,0.9069,0.209,0,0,0,0,0.255,0.063,1
TND-001244,MPLADS-001244,1,Open e-Tender,2022-07-04,18,4,3,0,0.667,Open e-Tender,2499000.0,2499000.0,-0.0103,0.0028,0.8891,0.136,0,0,0,0,0.465,0.413,1
TND-001245,MPLADS-001245,1,Open e-Tender,2022-12-03,14,4,3,0,0.667,Open e-Tender,2699000.0,2699000.0,0.0116,0.0334,0.9815,0.016,0,0,0,0,0.502,0.213,1
TND-001246,MPLADS-001246,1,Open e-Tender,2022-02-12,27,5,5,0,0.833,Open e-Tender,2339000.0,2339000.0,0.0034,0.008,0.9053,0.137,0,0,0,1,0.101,0.165,1
TND-001247,MPLADS-001247,1,Open e-Tender,2023-02-07,20,7,6,0,1.0,Open e-Tender,7939000.0,7939000.0,-0.0553,0.021,0.9765,0.242,0,0,0,0,0.569,0.093,1
TND-001248,MPLADS-001248,1,Open e-Tender,2023-08-18,15,7,7,0,1.0,Open e-Tender,866000.0,866000.0,-0.0484,0.0453,0.9346,0.175,1,0,0,0,0.141,0.268,1
TND-001249,MPLADS-001249,1,Open e-Tender,2023-01-26,27,3,3,0,0.5,Open e-Tender,468000.0,468000.0,-0.0147,0.0122,0.8691,0.193,0,0,0,0,0.416,0.363,1
TND-001250,MPLADS-001250,1,Open e-Tender,2023-03-02,23,7,7,0,1.0,Open e-Tender,539000.0,539000.0,0.0,0.0301,0.912,0.104,0,0,0,0,0.214,0.176,1
TND-001251,MPLADS-001251,1,Open e-Tender,2023-07-16,24,7,6,0,1.0,Open e-Tender,5844000.0,5844000.0,-0.0348,0.0357,0.8662,0.053,0,0,0,0,0.382,0.393,1
TND-001252,MPLADS-001252,1,Open e-Tender,2022-12-09,18,7,7,0,1.0,Open e-Tender,2196000.0,2196000.0,-0.0639,0.0329,0.9466,0.159,0,0,0,0,0.349,0.193,1
TND-001253,MPLADS-001253,1,Open e-Tender,2022-06-19,25,7,7,0,1.0,Open e-Tender,2012000.0,2012000.0,-0.0518,0.0499,0.9899,0.151,1,0,0,0,0.426,0.366,1
TND-001254,MPLADS-001254,1,Open e-Tender,2022-06-16,25,3,3,0,0.5,Open e-Tender,636000.0,636000.0,-0.0016,0.0039,0.9232,0.09,0,0,0,0,0.408,0.137,1
TND-001255,MPLADS-001255,1,Open e-Tender,2022-06-14,23,3,2,0,0.5,Open e-Tender,2371000.0,2371000.0,-0.0535,0.0031,0.9395,0.076,0,0,0,0,0.486,0.353,1
TND-001256,MPLADS-001256,1,Open e-Tender,2023-05-14,29,6,6,0,1.0,Open e-Tender,13873000.0,13873000.0,-0.0006,0.0311,0.9457,0.073,0,0,0,0,0.442,0.494,1
TND-001257,MPLADS-001257,1,Open e-Tender,2022-07-03,17,7,7,0,1.0,Open e-Tender,3014000.0,3014000.0,-0.0233,0.0415,0.925,0.217,0,0,0,0,0.344,0.48,1
TND-001258,MPLADS-001258,1,Open e-Tender,2022-05-07,20,3,3,0,0.5,Open e-Tender,15630000.0,15630000.0,-0.0279,0.0327,0.8868,0.1,1,0,0,1,0.232,0.069,1
TND-001259,MPLADS-001259,1,Open e-Tender,2022-03-27,17,5,5,0,0.833,Open e-Tender,779000.0,779000.0,-0.0347,0.012,0.9183,0.074,0,0,0,0,0.573,0.144,1
TND-001260,MPLADS-001260,1,Open e-Tender,2022-09-07,29,3,2,0,0.5,Open e-Tender,9597000.0,9597000.0,-0.0156,0.0127,0.9125,0.193,0,0,0,0,0.732,0.28,1
TND-001261,MPLADS-001261,1,Open e-Tender,2023-10-08,22,7,7,0,1.0,Open e-Tender,1050000.0,1050000.0,-0.0214,0.0225,0.9038,0.065,0,0,0,0,0.136,0.191,1
TND-001262,MPLADS-001262,1,Open e-Tender,2023-03-04,27,7,7,0,1.0,Open e-Tender,13142000.0,13142000.0,-0.0368,0.0492,0.9004,0.157,0,0,0,0,0.444,0.354,1
TND-001263,MPLADS-001263,1,Open e-Tender,2022-08-06,20,7,7,0,1.0,Open e-Tender,13011000.0,13011000.0,-0.0369,0.0276,0.9399,0.203,0,0,0,0,0.692,0.418,1
TND-001264,MPLADS-001264,1,Open e-Tender,2023-08-29,16,4,3,0,0.667,Open e-Tender,3218000.0,3218000.0,-0.0588,0.0066,0.853,0.181,0,0,0,0,0.744,0.45,1
TND-001265,MPLADS-001265,1,Open e-Tender,2022-03-06,14,3,3,0,0.5,Open e-Tender,584000.0,584000.0,-0.025,0.0379,0.8963,0.081,0,0,0,0,0.236,0.358,1
TND-001266,MPLADS-001266,1,Open e-Tender,2023-09-11,25,3,3,0,0.5,Open e-Tender,2031000.0,2031000.0,-0.0203,0.0404,0.9782,0.185,0,0,0,0,0.18,0.091,1
TND-001267,MPLADS-001267,1,Direct / Single Inquiry,2022-12-31,19,1,1,1,0.167,Single Tender Inquiry,2026000.0,2026000.0,-0.047,0.0179,0.0,0.171,0,0,0,0,0.218,0.146,0
TND-001268,MPLADS-001268,1,Open e-Tender,2022-11-19,26,4,3,0,0.667,Open e-Tender,344000.0,344000.0,-0.0627,0.0324,0.8787,0.018,0,0,0,0,0.24,0.406,1
TND-001269,MPLADS-001269,1,Open e-Tender,2023-08-31,16,4,4,0,0.667,Open e-Tender,399000.0,399000.0,-0.0432,0.0379,0.9636,0.219,0,0,0,0,0.325,0.221,1
TND-001270,MPLADS-001270,1,Open e-Tender,2023-06-16,17,6,6,0,1.0,Open e-Tender,655000.0,655000.0,-0.0548,0.0274,0.9119,0.202,0,0,0,0,0.575,0.488,1
TND-001271,MPLADS-001271,1,Open e-Tender,2022-07-12,17,6,5,0,1.0,Open e-Tender,3576000.0,3576000.0,-0.0724,0.0043,0.9603,0.169,0,0,0,0,0.458,0.187,1
TND-001272,MPLADS-001272,1,Direct / Single Inquiry,2023-02-21,28,1,1,1,0.167,Single Tender Inquiry,710000.0,710000.0,-0.0571,0.037,0.0,0.227,0,0,0,0,0.378,0.09,0
TND-001273,MPLADS-001273,1,Open e-Tender,2023-05-13,20,7,7,0,1.0,Open e-Tender,1792000.0,1792000.0,-0.0386,0.0438,0.9067,0.008,0,0,0,1,0.709,0.281,1
TND-001274,MPLADS-001274,1,Open e-Tender,2023-10-09,19,7,7,0,1.0,Open e-Tender,2047000.0,2047000.0,-0.0597,0.0291,0.8705,0.093,0,0,0,1,0.676,0.334,1
TND-001275,MPLADS-001275,1,Open e-Tender,2022-12-05,14,6,5,0,1.0,Open e-Tender,1567000.0,1567000.0,-0.0038,0.0359,0.9555,0.037,0,0,0,0,0.452,0.435,1
TND-001276,MPLADS-001276,1,Direct / Single Inquiry,2022-11-26,21,1,1,1,0.167,Single Tender Inquiry,2953000.0,2953000.0,-0.012,0.0367,0.0,0.124,0,0,0,0,0.657,0.368,0
TND-001277,MPLADS-001277,1,Open e-Tender,2022-10-06,23,5,4,0,0.833,Open e-Tender,15017000.0,15017000.0,0.0087,0.0451,0.9578,0.089,0,0,0,0,0.317,0.301,1
TND-001278,MPLADS-001278,1,Direct / Single Inquiry,2022-01-29,26,1,1,1,0.167,Single Tender Inquiry,1956000.0,1956000.0,-0.0031,0.0438,0.0,0.12,0,0,0,0,0.61,0.352,0
TND-001279,MPLADS-001279,1,Open e-Tender,2023-05-20,21,4,4,0,0.667,Open e-Tender,713000.0,713000.0,-0.0643,0.0412,0.9288,0.114,0,0,0,0,0.58,0.22,1
TND-001280,MPLADS-001280,1,Open e-Tender,2022-10-22,26,3,2,0,0.5,Open e-Tender,711000.0,711000.0,-0.0042,0.0452,0.9684,0.01,0,0,0,0,0.45,0.396,1
TND-001281,MPLADS-001281,1,Open e-Tender,2023-09-18,16,7,7,0,1.0,Open e-Tender,589000.0,589000.0,-0.0485,0.0384,0.9366,0.127,0,0,0,0,0.624,0.21,1
TND-001282,MPLADS-001282,1,Open e-Tender,2023-09-15,14,7,6,0,1.0,Open e-Tender,2090000.0,2090000.0,-0.022,0.0464,0.868,0.241,0,0,0,0,0.242,0.343,1
TND-001283,MPLADS-001283,1,Open e-Tender,2022-09-04,17,6,6,0,1.0,Open e-Tender,1697000.0,1697000.0,-0.0139,0.0231,0.893,0.028,1,0,0,0,0.42,0.286,1
TND-001284,MPLADS-001284,1,Open e-Tender,2023-04-22,21,7,6,0,1.0,Open e-Tender,9333000.0,9333000.0,0.004,0.0277,0.9439,0.133,0,0,0,0,0.659,0.155,1
TND-001285,MPLADS-001285,1,Open e-Tender,2022-03-11,17,3,2,0,0.5,Open e-Tender,466000.0,466000.0,-0.0085,0.0108,0.9374,0.038,0,0,0,0,0.485,0.461,1
TND-001286,MPLADS-001286,1,Open e-Tender,2022-06-14,22,7,7,0,1.0,Open e-Tender,1642000.0,1642000.0,-0.0569,0.0212,0.8638,0.0,1,0,0,0,0.221,0.117,1
TND-001287,MPLADS-001287,1,Open e-Tender,2023-06-02,29,3,2,0,0.5,Open e-Tender,843000.0,843000.0,-0.0299,0.0496,0.8719,0.062,0,0,0,0,0.478,0.22,1
TND-001288,MPLADS-001288,1,Open e-Tender,2023-07-20,27,3,2,0,0.5,Open e-Tender,1896000.0,1896000.0,-0.0242,0.046,0.903,0.149,0,0,0,0,0.234,0.201,1
TND-001289,MPLADS-001289,1,Open e-Tender,2022-01-26,18,7,7,0,1.0,Open e-Tender,1868000.0,1868000.0,-0.0158,0.045,0.8589,0.177,0,0,0,0,0.692,0.17,1
TND-001290,MPLADS-001290,1,Direct / Single Inquiry,2022-12-08,20,1,1,1,0.167,Single Tender Inquiry,595000.0,595000.0,-0.0246,0.0255,0.0,0.155,0,0,0,1,0.215,0.118,0
TND-001291,MPLADS-001291,1,Open e-Tender,2023-01-10,15,3,2,0,0.5,Open e-Tender,2017000.0,2017000.0,-0.028,0.0173,0.979,0.111,0,0,0,0,0.649,0.13,1
TND-001292,MPLADS-001292,1,Open e-Tender,2023-09-03,20,6,6,0,1.0,Open e-Tender,1860000.0,1860000.0,-0.076,0.0173,0.9651,0.215,0,0,0,0,0.378,0.322,1
TND-001293,MPLADS-001293,1,Open e-Tender,2023-08-06,18,7,7,0,1.0,Open e-Tender,15043000.0,15043000.0,0.0055,0.0096,0.9773,0.166,0,0,0,0,0.451,0.067,1
TND-001294,MPLADS-001294,1,Open e-Tender,2023-01-24,18,7,7,0,1.0,Open e-Tender,1511000.0,1511000.0,-0.0245,0.0261,0.8774,0.06,0,0,0,1,0.197,0.16,1
TND-001295,MPLADS-001295,1,Open e-Tender,2022-02-12,16,4,4,0,0.667,Open e-Tender,1391000.0,1391000.0,-0.028,0.009,0.936,0.011,0,0,0,0,0.392,0.213,1
TND-001296,MPLADS-001296,1,Open e-Tender,2022-05-12,15,4,4,0,0.667,Open e-Tender,598000.0,598000.0,-0.0612,0.0141,0.9036,0.096,0,0,0,0,0.499,0.325,1
TND-001297,MPLADS-001297,1,Open e-Tender,2022-05-07,24,3,3,0,0.5,Open e-Tender,3049000.0,3049000.0,-0.0171,0.0007,0.9377,0.229,0,0,0,0,0.216,0.445,1
TND-001298,MPLADS-001298,1,Open e-Tender,2023-02-04,19,7,6,0,1.0,Open e-Tender,3220000.0,3220000.0,0.0006,0.0168,0.9609,0.202,0,0,0,0,0.273,0.183,1
TND-001299,MPLADS-001299,1,Open e-Tender,2022-11-06,16,7,7,0,1.0,Open e-Tender,678000.0,678000.0,-0.0801,0.0357,0.9238,0.096,0,0,0,1,0.705,0.425,1
TND-001300,MPLADS-001300,1,Open e-Tender,2023-09-21,20,7,6,0,1.0,Open e-Tender,522000.0,522000.0,-0.0169,0.0359,0.9827,0.181,1,0,0,0,0.508,0.32,1
TND-001301,MPLADS-001301,1,Open e-Tender,2022-05-30,25,7,6,0,1.0,Open e-Tender,3230000.0,3230000.0,-0.0756,0.0214,0.9778,0.035,0,0,0,0,0.169,0.328,1
TND-001302,MPLADS-001302,1,Open e-Tender,2023-02-06,29,6,6,0,1.0,Open e-Tender,3041000.0,3041000.0,-0.0401,0.0389,0.9001,0.035,0,0,0,0,0.602,0.083,1
TND-001303,MPLADS-001303,1,Open e-Tender,2023-09-02,29,3,2,0,0.5,Open e-Tender,449000.0,449000.0,-0.0365,0.0275,0.9389,0.209,0,0,0,0,0.646,0.076,1
TND-001304,MPLADS-001304,1,Open e-Tender,2023-02-02,29,3,2,0,0.5,Open e-Tender,1499000.0,1499000.0,-0.073,0.014,0.9048,0.051,1,0,0,0,0.291,0.213,1
TND-001305,MPLADS-001305,1,Open e-Tender,2022-10-17,17,7,7,0,1.0,Open e-Tender,9205000.0,9205000.0,-0.0476,0.0022,0.8638,0.163,0,0,0,0,0.484,0.286,1
TND-001306,MPLADS-001306,1,Open e-Tender,2022-05-15,17,4,3,0,0.667,Open e-Tender,10881000.0,10881000.0,-0.0343,0.0346,0.8737,0.078,0,0,0,1,0.374,0.241,1
TND-001307,MPLADS-001307,1,Open e-Tender,2023-05-03,15,7,7,0,1.0,Open e-Tender,2899000.0,2899000.0,-0.0239,0.0137,0.8828,0.043,0,0,0,1,0.554,0.448,1
TND-001308,MPLADS-001308,1,Open e-Tender,2023-12-09,18,4,3,0,0.667,Open e-Tender,1854000.0,1854000.0,-0.0651,0.0381,0.8574,0.112,0,0,0,0,0.634,0.052,1
TND-001309,MPLADS-001309,1,Open e-Tender,2023-01-03,22,6,6,0,1.0,Open e-Tender,587000.0,587000.0,-0.0217,0.0431,0.9692,0.062,0,0,0,0,0.552,0.347,1
TND-001310,MPLADS-001310,1,Open e-Tender,2022-06-09,20,7,7,0,1.0,Open e-Tender,1737000.0,1737000.0,-0.0192,0.0187,0.9083,0.207,0,0,0,1,0.18,0.104,1
TND-001311,MPLADS-001311,1,Open e-Tender,2023-12-09,18,6,6,0,1.0,Open e-Tender,8964000.0,8964000.0,-0.0797,0.0383,0.9459,0.081,0,0,0,0,0.468,0.419,1
TND-001312,MPLADS-001312,1,Open e-Tender,2023-08-01,25,6,5,0,1.0,Open e-Tender,1785000.0,1785000.0,0.0062,0.0018,0.892,0.016,0,0,0,0,0.537,0.425,1
TND-001313,MPLADS-001313,1,Direct / Single Inquiry,2023-11-30,19,1,1,1,0.167,Single Tender Inquiry,3095000.0,3095000.0,-0.045,0.0092,0.0,0.033,0,0,0,1,0.501,0.123,0
TND-001314,MPLADS-001314,1,Open e-Tender,2023-08-13,19,4,4,0,0.667,Open e-Tender,6338000.0,6338000.0,-0.0393,0.0254,0.8829,0.0,0,0,0,1,0.521,0.167,1
TND-001315,MPLADS-001315,1,Direct / Single Inquiry,2022-10-21,22,1,1,1,0.167,Single Tender Inquiry,3892000.0,3892000.0,-0.051,0.04,0.0,0.059,0,0,0,0,0.19,0.297,0
TND-001316,MPLADS-001316,1,Open e-Tender,2022-07-04,20,7,6,0,1.0,Open e-Tender,14066000.0,14066000.0,-0.0012,0.0401,0.948,0.12,0,0,0,0,0.247,0.341,1
TND-001317,MPLADS-001317,1,Open e-Tender,2022-07-05,23,4,4,0,0.667,Open e-Tender,10374000.0,10374000.0,-0.0164,0.0439,0.9408,0.227,0,0,0,0,0.445,0.162,1
TND-001318,MPLADS-001318,1,Open e-Tender,2023-01-31,14,6,6,0,1.0,Open e-Tender,3171000.0,3171000.0,-0.0335,0.0143,0.9061,0.102,0,0,0,0,0.708,0.285,1
TND-001319,MPLADS-001319,1,Direct / Single Inquiry,2023-09-09,22,1,1,1,0.167,Single Tender Inquiry,3145000.0,3145000.0,-0.0153,0.0136,0.0,0.128,0,0,0,0,0.204,0.499,0
TND-001320,MPLADS-001320,1,Open e-Tender,2023-03-19,22,7,6,0,1.0,Open e-Tender,2756000.0,2756000.0,-0.0326,0.0339,0.9629,0.104,0,0,0,1,0.365,0.472,1
TND-001321,MPLADS-001321,1,Open e-Tender,2023-09-21,28,7,6,0,1.0,Open e-Tender,630000.0,630000.0,-0.0323,0.0333,0.8515,0.114,0,0,0,0,0.2,0.357,1
TND-001322,MPLADS-001322,1,Open e-Tender,2023-07-13,28,6,5,0,1.0,Open e-Tender,3317000.0,3317000.0,-0.0307,0.037,0.8765,0.186,0,0,0,0,0.142,0.485,1
TND-001323,MPLADS-001323,1,Open e-Tender,2022-04-13,19,4,3,0,0.667,Open e-Tender,532000.0,532000.0,-0.0567,0.0393,0.951,0.05,0,0,0,1,0.595,0.384,1
TND-001324,MPLADS-001324,1,Open e-Tender,2022-10-26,17,3,3,0,0.5,Open e-Tender,10418000.0,10418000.0,-0.0264,0.0204,0.8842,0.244,0,0,0,1,0.159,0.435,1
TND-001325,MPLADS-001325,1,Open e-Tender,2022-02-28,25,4,4,0,0.667,Open e-Tender,2623000.0,2623000.0,-0.0699,0.0113,0.9364,0.119,0,0,0,0,0.688,0.38,1
TND-001326,MPLADS-001326,1,Open e-Tender,2023-04-01,23,5,4,0,0.833,Open e-Tender,358000.0,358000.0,-0.0504,0.0055,0.9132,0.195,0,0,0,0,0.411,0.152,1
TND-001327,MPLADS-001327,1,Open e-Tender,2022-09-06,24,5,5,0,0.833,Open e-Tender,548000.0,548000.0,-0.0648,0.0402,0.9223,0.019,0,0,0,1,0.427,0.2,1
TND-001328,MPLADS-001328,1,Open e-Tender,2023-06-24,18,7,6,0,1.0,Open e-Tender,1463000.0,1463000.0,-0.0494,0.0277,0.8688,0.021,0,0,0,0,0.122,0.129,1
TND-001329,MPLADS-001329,1,Open e-Tender,2023-10-20,20,5,5,0,0.833,Open e-Tender,14730000.0,14730000.0,-0.0638,0.0253,0.8705,0.117,1,0,0,0,0.413,0.446,1
TND-001330,MPLADS-001330,1,Open e-Tender,2022-07-15,21,5,5,0,0.833,Open e-Tender,2112000.0,2112000.0,-0.0024,0.0428,0.9372,0.066,0,0,0,0,0.596,0.197,1
TND-001331,MPLADS-001331,1,Open e-Tender,2023-07-27,28,4,3,0,0.667,Open e-Tender,10860000.0,10860000.0,-0.0358,0.022,0.931,0.061,0,0,0,0,0.567,0.334,1
TND-001332,MPLADS-001332,1,Open e-Tender,2023-07-17,20,6,5,0,1.0,Open e-Tender,2205000.0,2205000.0,0.0059,0.0273,0.9127,0.232,0,0,0,0,0.63,0.301,1
TND-001333,MPLADS-001333,1,Open e-Tender,2022-09-05,27,7,7,0,1.0,Open e-Tender,609000.0,609000.0,-0.0146,0.0251,0.9106,0.015,0,0,0,0,0.68,0.247,1
TND-001334,MPLADS-001334,1,Open e-Tender,2022-06-22,29,3,2,0,0.5,Open e-Tender,2891000.0,2891000.0,0.0165,0.0133,0.8548,0.088,0,0,0,0,0.338,0.185,1
TND-001335,MPLADS-001335,1,Open e-Tender,2022-11-28,28,4,3,0,0.667,Open e-Tender,890000.0,890000.0,-0.0471,0.0158,0.9581,0.16,0,0,0,0,0.674,0.196,1
TND-001336,MPLADS-001336,1,Direct / Single Inquiry,2023-07-04,26,1,1,1,0.167,Single Tender Inquiry,3513000.0,3513000.0,-0.0755,0.0166,0.0,0.142,0,0,0,0,0.265,0.485,0
TND-001337,MPLADS-001337,1,Open e-Tender,2023-11-06,27,3,3,0,0.5,Open e-Tender,1551000.0,1551000.0,-0.0239,0.0263,0.8559,0.156,0,0,0,0,0.426,0.065,1
TND-001338,MPLADS-001338,1,Open e-Tender,2022-11-19,21,4,4,0,0.667,Open e-Tender,1614000.0,1614000.0,-0.0019,0.0265,0.8989,0.14,1,0,0,1,0.681,0.137,1
TND-001339,MPLADS-001339,1,Open e-Tender,2022-09-28,25,4,3,0,0.667,Open e-Tender,678000.0,678000.0,-0.0088,0.0148,0.9324,0.01,0,0,0,0,0.265,0.113,1
TND-001340,MPLADS-001340,1,Open e-Tender,2023-04-12,28,3,2,0,0.5,Open e-Tender,3921000.0,3921000.0,-0.0088,0.026,0.8843,0.209,0,0,0,0,0.404,0.132,1
TND-001341,MPLADS-001341,1,Direct / Single Inquiry,2022-04-28,17,1,1,1,0.167,Single Tender Inquiry,1365000.0,1365000.0,-0.0488,0.0046,0.0,0.089,0,0,0,0,0.384,0.214,0
TND-001342,MPLADS-001342,1,Open e-Tender,2022-02-13,17,7,7,0,1.0,Open e-Tender,2137000.0,2137000.0,0.0071,0.047,0.8713,0.104,0,0,0,0,0.161,0.143,1
TND-001343,MPLADS-001343,1,Open e-Tender,2022-08-17,21,4,3,0,0.667,Open e-Tender,1001000.0,1001000.0,-0.0521,0.0294,0.9641,0.048,0,0,0,0,0.24,0.369,1
TND-001344,MPLADS-001344,1,Open e-Tender,2023-05-25,25,3,3,0,0.5,Open e-Tender,617000.0,617000.0,-0.0283,0.015,0.9423,0.11,0,0,0,0,0.704,0.104,1
TND-001345,MPLADS-001345,1,Direct / Single Inquiry,2022-07-21,29,1,1,1,0.167,Single Tender Inquiry,1188000.0,1188000.0,-0.0302,0.0409,0.0,0.003,0,0,0,0,0.375,0.08,0
TND-001346,MPLADS-001346,1,Open e-Tender,2022-11-26,25,3,3,0,0.5,Open e-Tender,1091000.0,1091000.0,-0.0224,0.015,0.9404,0.14,0,0,0,1,0.133,0.11,1
TND-001347,MPLADS-001347,1,Open e-Tender,2022-12-16,23,5,4,0,0.833,Open e-Tender,9191000.0,9191000.0,-0.0029,0.0029,0.9373,0.165,0,0,0,0,0.215,0.12,1
TND-001348,MPLADS-001348,1,Open e-Tender,2022-03-08,22,5,4,0,0.833,Open e-Tender,1835000.0,1835000.0,-0.0699,0.0316,0.862,0.157,0,0,0,0,0.339,0.494,1
TND-001349,MPLADS-001349,1,Open e-Tender,2023-05-22,20,6,6,0,1.0,Open e-Tender,13021000.0,13021000.0,-0.0358,0.0006,0.9091,0.09,0,0,0,0,0.335,0.289,1
TND-001350,MPLADS-001350,1,Open e-Tender,2022-06-22,19,5,4,0,0.833,Open e-Tender,1640000.0,1640000.0,-0.0465,0.0217,0.9777,0.117,0,0,0,0,0.668,0.09,1
TND-001351,MPLADS-001351,1,Open e-Tender,2023-07-25,24,4,3,0,0.667,Open e-Tender,2988000.0,2988000.0,-0.0122,0.0483,0.9446,0.095,1,0,0,0,0.444,0.473,1
TND-001352,MPLADS-001352,1,Open e-Tender,2023-01-05,14,3,2,0,0.5,Open e-Tender,1716000.0,1716000.0,-0.0278,0.0144,0.9592,0.177,0,0,0,0,0.651,0.143,1
TND-001353,MPLADS-001353,1,Open e-Tender,2022-04-15,26,4,3,0,0.667,Open e-Tender,2206000.0,2206000.0,-0.0601,0.0489,0.8795,0.118,0,0,0,0,0.412,0.323,1
TND-001354,MPLADS-001354,1,Open e-Tender,2023-04-01,24,3,2,0,0.5,Open e-Tender,656000.0,656000.0,-0.0209,0.0386,0.8721,0.16,0,0,0,1,0.403,0.217,1
TND-001355,MPLADS-001355,1,Open e-Tender,2023-06-02,23,3,2,0,0.5,Open e-Tender,53053000.0,53053000.0,-0.0588,0.0475,0.8615,0.237,0,0,0,0,0.464,0.169,1
TND-001356,MPLADS-001356,1,Open e-Tender,2022-05-12,19,7,7,0,1.0,Open e-Tender,1543000.0,1543000.0,-0.0216,0.0028,0.9667,0.042,0,0,0,0,0.257,0.471,1
TND-001357,MPLADS-001357,1,Open e-Tender,2023-11-28,14,4,3,0,0.667,Open e-Tender,1315000.0,1315000.0,0.0015,0.033,0.9292,0.033,0,0,0,0,0.555,0.381,1
TND-001358,MPLADS-001358,1,Open e-Tender,2023-01-16,18,5,5,0,0.833,Open e-Tender,457000.0,457000.0,0.0044,0.0186,0.9361,0.048,0,0,0,0,0.122,0.452,1
TND-001359,MPLADS-001359,1,Open e-Tender,2022-05-15,17,3,3,0,0.5,Open e-Tender,2415000.0,2415000.0,-0.0511,0.0091,0.9266,0.036,0,0,0,0,0.41,0.42,1
TND-001360,MPLADS-001360,1,Open e-Tender,2022-09-22,28,6,5,0,1.0,Open e-Tender,341000.0,341000.0,-0.0632,0.0165,0.9195,0.097,1,0,0,0,0.174,0.369,1
TND-001361,MPLADS-001361,1,Open e-Tender,2023-11-06,29,5,4,0,0.833,Open e-Tender,2452000.0,2452000.0,-0.0544,0.0071,0.9064,0.149,0,0,0,0,0.51,0.178,1
TND-001362,MPLADS-001362,1,Open e-Tender,2022-09-16,24,6,6,0,1.0,Open e-Tender,1760000.0,1760000.0,-0.0522,0.0411,0.8686,0.062,0,0,0,0,0.366,0.426,1
TND-001363,MPLADS-001363,1,Open e-Tender,2023-07-29,29,7,6,0,1.0,Open e-Tender,2119000.0,2119000.0,0.0148,0.0453,0.9734,0.221,0,0,0,0,0.516,0.432,1
TND-001364,MPLADS-001364,1,Open e-Tender,2023-09-24,19,4,4,0,0.667,Open e-Tender,1832000.0,1832000.0,0.006,0.0422,0.8649,0.122,0,0,0,0,0.268,0.218,1
TND-001365,MPLADS-001365,1,Open e-Tender,2023-04-07,23,5,5,0,0.833,Open e-Tender,955000.0,955000.0,0.0084,0.0463,0.9572,0.037,0,0,0,1,0.343,0.059,1
TND-001366,MPLADS-001366,1,Open e-Tender,2023-05-29,29,6,5,0,1.0,Open e-Tender,3765000.0,3765000.0,-0.0314,0.0162,0.937,0.105,0,0,0,0,0.261,0.228,1
TND-001367,MPLADS-001367,1,Open e-Tender,2022-01-03,20,4,3,0,0.667,Open e-Tender,2285000.0,2285000.0,-0.0375,0.0021,0.8764,0.226,0,0,0,0,0.653,0.072,1
TND-001368,MPLADS-001368,1,Open e-Tender,2022-11-16,20,6,6,0,1.0,Open e-Tender,3624000.0,3624000.0,-0.0779,0.0341,0.91,0.198,0,0,0,0,0.581,0.298,1
TND-001369,MPLADS-001369,1,Open e-Tender,2022-03-19,29,3,2,0,0.5,Open e-Tender,2633000.0,2633000.0,-0.0532,0.0296,0.9607,0.145,1,0,0,1,0.208,0.377,1
TND-001370,MPLADS-001370,1,Open e-Tender,2022-12-17,28,7,7,0,1.0,Open e-Tender,394000.0,394000.0,-0.0751,0.0409,0.911,0.177,1,0,0,0,0.685,0.388,1
TND-001371,MPLADS-001371,1,Open e-Tender,2022-03-13,20,3,3,0,0.5,Open e-Tender,3856000.0,3856000.0,-0.0123,0.029,0.9495,0.125,1,0,0,0,0.147,0.132,1
TND-001372,MPLADS-001372,1,Open e-Tender,2023-01-19,17,5,4,0,0.833,Open e-Tender,1675000.0,1675000.0,-0.0478,0.0281,0.9593,0.042,0,0,0,0,0.601,0.139,1
TND-001373,MPLADS-001373,1,Open e-Tender,2022-06-19,29,3,3,0,0.5,Open e-Tender,748000.0,748000.0,-0.0483,0.0225,0.9306,0.115,0,0,0,0,0.581,0.495,1
TND-001374,MPLADS-001374,1,Open e-Tender,2022-12-19,28,7,7,0,1.0,Open e-Tender,15722000.0,15722000.0,0.0162,0.0168,0.969,0.147,1,0,0,0,0.226,0.081,1
TND-001375,MPLADS-001375,1,Open e-Tender,2022-03-25,14,7,7,0,1.0,Open e-Tender,548000.0,548000.0,-0.0519,0.0187,0.8744,0.248,0,0,0,0,0.293,0.168,1
TND-001376,MPLADS-001376,1,Open e-Tender,2022-02-24,16,5,4,0,0.833,Open e-Tender,2848000.0,2848000.0,-0.057,0.007,0.9654,0.174,0,0,0,0,0.216,0.213,1
TND-001377,MPLADS-001377,1,Open e-Tender,2022-08-08,25,5,4,0,0.833,Open e-Tender,2390000.0,2390000.0,-0.0245,0.0479,0.8853,0.023,0,0,0,0,0.287,0.246,1
TND-001378,MPLADS-001378,1,Open e-Tender,2022-11-17,28,7,7,0,1.0,Open e-Tender,1118000.0,1118000.0,0.0036,0.0102,0.9562,0.229,0,0,0,1,0.185,0.469,1
TND-001379,MPLADS-001379,1,Open e-Tender,2023-02-02,23,5,5,0,0.833,Open e-Tender,576000.0,576000.0,-0.0619,0.0142,0.9233,0.166,0,0,0,1,0.518,0.322,1
TND-001380,MPLADS-001380,1,Open e-Tender,2023-06-05,26,7,7,0,1.0,Open e-Tender,752000.0,752000.0,0.0176,0.0181,0.9828,0.07,0,0,0,0,0.464,0.109,1
TND-001381,MPLADS-001381,1,Open e-Tender,2023-08-18,29,6,6,0,1.0,Open e-Tender,1560000.0,1560000.0,-0.0608,0.0258,0.9654,0.246,0,0,0,0,0.29,0.257,1
TND-001382,MPLADS-001382,1,Open e-Tender,2022-08-05,15,6,6,0,1.0,Open e-Tender,2739000.0,2739000.0,0.0175,0.046,0.8793,0.019,1,0,0,0,0.462,0.449,1
TND-001383,MPLADS-001383,1,Open e-Tender,2022-02-24,27,5,4,0,0.833,Open e-Tender,2975000.0,2975000.0,-0.0747,0.0382,0.8974,0.06,0,0,0,0,0.628,0.286,1
TND-001384,MPLADS-001384,1,Open e-Tender,2023-02-25,14,3,3,0,0.5,Open e-Tender,3502000.0,3502000.0,-0.0074,0.0474,0.8663,0.116,0,0,0,1,0.355,0.411,1
TND-001385,MPLADS-001385,1,Open e-Tender,2023-12-30,20,4,3,0,0.667,Open e-Tender,2995000.0,2995000.0,-0.0498,0.0292,0.9456,0.082,0,0,0,1,0.358,0.092,1
TND-001386,MPLADS-001386,1,Open e-Tender,2023-07-19,21,7,6,0,1.0,Open e-Tender,478000.0,478000.0,0.0149,0.0079,0.9424,0.095,0,0,0,1,0.735,0.17,1
TND-001387,MPLADS-001387,1,Open e-Tender,2022-10-17,29,7,7,0,1.0,Open e-Tender,1783000.0,1783000.0,-0.0083,0.0189,0.9111,0.017,0,0,0,0,0.112,0.316,1
TND-001388,MPLADS-001388,1,Open e-Tender,2023-03-07,27,3,2,0,0.5,Open e-Tender,2730000.0,2730000.0,-0.0589,0.023,0.8946,0.18,0,0,0,0,0.304,0.133,1
TND-001389,MPLADS-001389,1,Open e-Tender,2023-04-12,21,3,3,0,0.5,Open e-Tender,2821000.0,2821000.0,-0.0119,0.0392,0.9879,0.046,0,0,0,1,0.416,0.177,1
TND-001390,MPLADS-001390,1,Open e-Tender,2023-07-22,15,3,3,0,0.5,Open e-Tender,696000.0,696000.0,-0.0708,0.0254,0.8631,0.235,0,0,0,0,0.572,0.278,1
TND-001391,MPLADS-001391,1,Open e-Tender,2023-10-30,16,3,3,0,0.5,Open e-Tender,10344000.0,10344000.0,-0.0315,0.0076,0.8509,0.25,0,0,0,0,0.369,0.483,1
TND-001392,MPLADS-001392,1,Open e-Tender,2022-05-26,27,4,3,0,0.667,Open e-Tender,668000.0,668000.0,-0.0578,0.0091,0.8873,0.156,0,0,0,1,0.52,0.127,1
TND-001393,MPLADS-001393,1,Open e-Tender,2023-08-01,24,7,6,0,1.0,Open e-Tender,14295000.0,14295000.0,0.006,0.0016,0.9077,0.107,0,0,0,0,0.453,0.101,1
TND-001394,MPLADS-001394,1,Open e-Tender,2023-03-11,24,6,5,0,1.0,Open e-Tender,11734000.0,11734000.0,-0.069,0.0429,0.96,0.134,0,0,0,0,0.729,0.498,1
TND-001395,MPLADS-001395,1,Open e-Tender,2022-11-03,20,4,3,0,0.667,Open e-Tender,1590000.0,1590000.0,0.0121,0.0327,0.8827,0.192,1,0,0,0,0.299,0.071,1
TND-001396,MPLADS-001396,1,Open e-Tender,2022-05-15,20,3,2,0,0.5,Open e-Tender,331000.0,331000.0,-0.0702,0.0215,0.9215,0.161,0,0,0,0,0.245,0.464,1
TND-001397,MPLADS-001397,1,Direct / Single Inquiry,2022-08-26,18,1,1,1,0.167,Single Tender Inquiry,1795000.0,1795000.0,0.0176,0.0355,0.0,0.165,0,0,0,0,0.227,0.202,0
TND-001398,MPLADS-001398,1,Open e-Tender,2022-10-17,15,6,5,0,1.0,Open e-Tender,9312000.0,9312000.0,-0.0511,0.0121,0.8602,0.106,0,0,0,0,0.693,0.252,1
TND-001399,MPLADS-001399,1,Open e-Tender,2022-02-15,25,4,3,0,0.667,Open e-Tender,1790000.0,1790000.0,-0.011,0.0025,0.9749,0.027,0,0,0,0,0.359,0.052,1
TND-001400,MPLADS-001400,1,Open e-Tender,2023-02-15,21,3,3,0,0.5,Open e-Tender,3222000.0,3222000.0,0.0059,0.0483,0.8858,0.214,0,0,0,0,0.642,0.241,1
TND-001401,MPLADS-001401,1,Open e-Tender,2023-09-16,24,4,3,0,0.667,Open e-Tender,7043000.0,7043000.0,-0.0272,0.0421,0.9264,0.07,0,0,0,0,0.661,0.111,1
TND-001402,MPLADS-001402,1,Open e-Tender,2022-11-17,23,7,7,0,1.0,Open e-Tender,2978000.0,2978000.0,-0.0073,0.0063,0.9392,0.087,0,0,0,0,0.53,0.178,1
TND-001403,MPLADS-001403,1,Open e-Tender,2023-10-27,24,7,7,0,1.0,Open e-Tender,483000.0,483000.0,0.0063,0.0049,0.9613,0.176,0,0,0,1,0.603,0.212,1
TND-001404,MPLADS-001404,1,Open e-Tender,2023-05-23,16,3,2,0,0.5,Open e-Tender,597000.0,597000.0,0.0153,0.0238,0.9058,0.064,0,0,0,1,0.553,0.269,1
TND-001405,MPLADS-001405,1,Direct / Single Inquiry,2023-10-16,14,1,1,1,0.167,Single Tender Inquiry,1857000.0,1857000.0,-0.0262,0.0253,0.0,0.048,1,0,0,0,0.521,0.246,0
TND-001406,MPLADS-001406,1,Open e-Tender,2023-02-06,18,7,6,0,1.0,Open e-Tender,351000.0,351000.0,-0.0539,0.018,0.9072,0.076,0,0,0,1,0.516,0.396,1
TND-001407,MPLADS-001407,1,Open e-Tender,2023-01-22,29,5,4,0,0.833,Open e-Tender,426000.0,426000.0,-0.0184,0.0487,0.9443,0.058,0,0,0,0,0.368,0.446,1
TND-001408,MPLADS-001408,1,Direct / Single Inquiry,2022-05-25,24,1,1,1,0.167,Single Tender Inquiry,12030000.0,12030000.0,-0.0776,0.0364,0.0,0.058,0,0,0,0,0.223,0.195,0
TND-001409,MPLADS-001409,1,Open e-Tender,2023-12-09,29,3,2,0,0.5,Open e-Tender,2310000.0,2310000.0,-0.0237,0.0268,0.9629,0.199,0,0,0,0,0.71,0.235,1
TND-001410,MPLADS-001410,1,Open e-Tender,2023-11-23,29,7,7,0,1.0,Open e-Tender,954000.0,954000.0,-0.0545,0.0353,0.9765,0.142,0,0,0,0,0.292,0.417,1
TND-001411,MPLADS-001411,1,Open e-Tender,2022-06-13,29,3,3,0,0.5,Open e-Tender,1736000.0,1736000.0,-0.0108,0.0377,0.861,0.08,0,0,0,0,0.149,0.31,1
TND-001412,MPLADS-001412,1,Direct / Single Inquiry,2023-07-27,19,1,1,1,0.167,Single Tender Inquiry,600000.0,600000.0,-0.0228,0.0056,0.0,0.137,0,0,0,1,0.399,0.052,0
TND-001413,MPLADS-001413,1,Open e-Tender,2022-10-31,26,3,2,0,0.5,Open e-Tender,739000.0,739000.0,-0.0027,0.0453,0.9629,0.174,0,0,0,0,0.484,0.263,1
TND-001414,MPLADS-001414,1,Open e-Tender,2023-09-18,23,6,6,0,1.0,Open e-Tender,727000.0,727000.0,-0.0751,0.0218,0.9422,0.138,0,0,0,0,0.733,0.474,1
TND-001415,MPLADS-001415,1,Open e-Tender,2022-02-04,18,6,5,0,1.0,Open e-Tender,2149000.0,2149000.0,-0.0661,0.0006,0.9694,0.237,0,0,0,0,0.56,0.44,1
TND-001416,MPLADS-001416,1,Open e-Tender,2023-01-03,19,6,5,0,1.0,Open e-Tender,361000.0,361000.0,-0.0599,0.0226,0.9578,0.053,0,0,0,0,0.305,0.455,1
TND-001417,MPLADS-001417,1,Direct / Single Inquiry,2022-06-18,16,1,1,1,0.167,Single Tender Inquiry,620000.0,620000.0,-0.0462,0.022,0.0,0.217,0,0,0,0,0.269,0.207,0
TND-001418,MPLADS-001418,1,Open e-Tender,2023-06-18,21,3,3,0,0.5,Open e-Tender,1631000.0,1631000.0,-0.0801,0.0292,0.9531,0.157,0,0,0,0,0.532,0.273,1
TND-001419,MPLADS-001419,1,Open e-Tender,2022-06-03,29,7,7,0,1.0,Open e-Tender,1443000.0,1443000.0,0.0148,0.032,0.9894,0.211,0,0,0,0,0.265,0.281,1
TND-001420,MPLADS-001420,1,Open e-Tender,2023-04-16,14,5,5,0,0.833,Open e-Tender,428000.0,428000.0,-0.0317,0.0227,0.9121,0.093,0,0,0,0,0.674,0.288,1
TND-001421,MPLADS-001421,1,Open e-Tender,2022-06-30,16,7,6,0,1.0,Open e-Tender,432000.0,432000.0,-0.0609,0.0468,0.9851,0.019,0,0,0,0,0.18,0.144,1
TND-001422,MPLADS-001422,1,Open e-Tender,2023-11-04,24,3,2,0,0.5,Open e-Tender,1734000.0,1734000.0,-0.0383,0.0133,0.8868,0.196,1,0,0,0,0.112,0.197,1
TND-001423,MPLADS-001423,1,Open e-Tender,2023-11-04,15,3,2,0,0.5,Open e-Tender,4101000.0,4101000.0,-0.0024,0.0331,0.9355,0.18,0,0,0,0,0.232,0.34,1
TND-001424,MPLADS-001424,1,Open e-Tender,2022-09-21,25,4,3,0,0.667,Open e-Tender,353000.0,353000.0,-0.0434,0.0493,0.8945,0.213,0,0,0,0,0.413,0.366,1
TND-001425,MPLADS-001425,1,Open e-Tender,2023-08-19,15,3,2,0,0.5,Open e-Tender,1410000.0,1410000.0,-0.0063,0.0306,0.8627,0.032,0,0,0,0,0.224,0.424,1
TND-001426,MPLADS-001426,1,Open e-Tender,2022-11-01,19,7,6,0,1.0,Open e-Tender,1815000.0,1815000.0,-0.0507,0.0337,0.9614,0.011,1,0,0,0,0.621,0.242,1
TND-001427,MPLADS-001427,1,Open e-Tender,2023-09-12,28,3,3,0,0.5,Open e-Tender,1079000.0,1079000.0,0.0019,0.0247,0.9837,0.144,1,0,0,1,0.367,0.296,1
TND-001428,MPLADS-001428,1,Open e-Tender,2023-05-03,14,4,3,0,0.667,Open e-Tender,2585000.0,2585000.0,0.0086,0.029,0.8937,0.095,0,0,0,0,0.372,0.178,1
TND-001429,MPLADS-001429,1,Open e-Tender,2022-01-20,29,4,4,0,0.667,Open e-Tender,784000.0,784000.0,-0.0678,0.0368,0.9771,0.223,0,0,0,0,0.166,0.203,1
TND-001430,MPLADS-001430,1,Open e-Tender,2022-09-04,15,3,2,0,0.5,Open e-Tender,553000.0,553000.0,-0.0281,0.0407,0.9876,0.107,0,0,0,0,0.637,0.141,1
TND-001431,MPLADS-001431,1,Open e-Tender,2022-12-18,17,4,4,0,0.667,Open e-Tender,2419000.0,2419000.0,0.0096,0.0147,0.9726,0.242,0,0,0,0,0.647,0.394,1
TND-001432,MPLADS-001432,1,Open e-Tender,2023-02-05,14,7,6,0,1.0,Open e-Tender,1050000.0,1050000.0,-0.0393,0.0212,0.9876,0.011,0,0,0,0,0.417,0.089,1
TND-001433,MPLADS-001433,1,Open e-Tender,2023-06-15,16,5,5,0,0.833,Open e-Tender,1311000.0,1311000.0,-0.015,0.0229,0.8967,0.003,0,0,0,0,0.434,0.218,1
TND-001434,MPLADS-001434,1,Direct / Single Inquiry,2022-07-02,14,1,1,1,0.167,Single Tender Inquiry,688000.0,688000.0,-0.0337,0.0177,0.0,0.06,0,0,0,0,0.666,0.414,0
TND-001435,MPLADS-001435,1,Open e-Tender,2022-09-13,22,5,5,0,0.833,Open e-Tender,749000.0,749000.0,-0.0787,0.005,0.8979,0.02,1,0,0,0,0.716,0.496,1
TND-001436,MPLADS-001436,1,Open e-Tender,2023-08-14,16,6,5,0,1.0,Open e-Tender,1286000.0,1286000.0,-0.053,0.0238,0.8547,0.203,1,0,0,0,0.533,0.232,1
TND-001437,MPLADS-001437,1,Open e-Tender,2022-10-06,18,4,3,0,0.667,Open e-Tender,2719000.0,2719000.0,-0.0723,0.0132,0.9714,0.044,0,0,0,0,0.703,0.306,1
TND-001438,MPLADS-001438,1,Open e-Tender,2023-08-18,19,3,2,0,0.5,Open e-Tender,15149000.0,15149000.0,-0.0461,0.0402,0.8752,0.228,0,0,0,0,0.425,0.108,1
TND-001439,MPLADS-001439,1,Open e-Tender,2023-12-17,23,7,7,0,1.0,Open e-Tender,2086000.0,2086000.0,-0.0146,0.0175,0.9813,0.2,0,0,0,0,0.654,0.389,1
TND-001440,MPLADS-001440,1,Open e-Tender,2023-10-10,22,5,5,0,0.833,Open e-Tender,2484000.0,2484000.0,-0.0672,0.0457,0.884,0.078,1,0,0,0,0.367,0.427,1
TND-001441,MPLADS-001441,1,Open e-Tender,2023-04-01,29,5,4,0,0.833,Open e-Tender,1685000.0,1685000.0,0.0144,0.0024,0.8994,0.08,1,0,0,0,0.336,0.404,1
TND-001442,MPLADS-001442,1,Open e-Tender,2023-05-31,25,7,7,0,1.0,Open e-Tender,1645000.0,1645000.0,-0.0578,0.0479,0.8728,0.076,0,0,0,0,0.422,0.274,1
TND-001443,MPLADS-001443,1,Open e-Tender,2023-06-17,14,6,5,0,1.0,Open e-Tender,550000.0,550000.0,0.0148,0.009,0.9191,0.024,0,0,0,1,0.732,0.194,1
TND-001444,MPLADS-001444,1,Open e-Tender,2022-09-05,19,4,3,0,0.667,Open e-Tender,10200000.0,10200000.0,-0.0664,0.0453,0.9551,0.07,0,0,0,1,0.101,0.476,1
TND-001445,MPLADS-001445,1,Open e-Tender,2023-02-09,15,6,6,0,1.0,Open e-Tender,1359000.0,1359000.0,-0.0749,0.0184,0.8645,0.01,0,0,0,1,0.498,0.187,1
TND-001446,MPLADS-001446,1,Open e-Tender,2023-11-15,19,5,5,0,0.833,Open e-Tender,2118000.0,2118000.0,-0.0779,0.0431,0.8746,0.149,0,0,0,1,0.408,0.356,1
TND-001447,MPLADS-001447,1,Open e-Tender,2022-08-04,25,3,3,0,0.5,Open e-Tender,1020000.0,1020000.0,-0.0078,0.0166,0.9384,0.181,0,0,0,0,0.321,0.173,1
TND-001448,MPLADS-001448,1,Open e-Tender,2023-02-13,20,6,5,0,1.0,Open e-Tender,10406000.0,10406000.0,-0.0502,0.0156,0.9244,0.128,0,0,0,0,0.252,0.492,1
TND-001449,MPLADS-001449,1,Open e-Tender,2023-04-19,16,5,4,0,0.833,Open e-Tender,2322000.0,2322000.0,-0.0546,0.0463,0.9735,0.066,0,0,0,1,0.245,0.182,1
TND-001450,MPLADS-001450,1,Open e-Tender,2023-07-22,19,5,4,0,0.833,Open e-Tender,1867000.0,1867000.0,-0.0316,0.02,0.8688,0.079,0,0,0,0,0.459,0.236,1
TND-001451,MPLADS-001451,1,Open e-Tender,2022-06-18,22,6,6,0,1.0,Open e-Tender,2011000.0,2011000.0,-0.0801,0.0462,0.8959,0.225,1,0,0,0,0.374,0.192,1
TND-001452,MPLADS-001452,1,Open e-Tender,2022-04-19,17,4,3,0,0.667,Open e-Tender,2319000.0,2319000.0,-0.0668,0.0399,0.906,0.046,0,0,0,0,0.284,0.176,1
TND-001453,MPLADS-001453,1,Open e-Tender,2023-03-20,26,7,7,0,1.0,Open e-Tender,2824000.0,2824000.0,-0.0789,0.0199,0.9302,0.204,0,0,0,0,0.128,0.307,1
TND-001454,MPLADS-001454,1,Open e-Tender,2023-08-05,22,4,3,0,0.667,Open e-Tender,787000.0,787000.0,-0.015,0.0181,0.885,0.242,0,0,0,0,0.332,0.323,1
TND-001455,MPLADS-001455,1,Open e-Tender,2022-07-31,25,6,6,0,1.0,Open e-Tender,445000.0,445000.0,-0.0512,0.0182,0.893,0.169,1,0,0,0,0.541,0.126,1
TND-001456,MPLADS-001456,1,Open e-Tender,2022-07-18,22,6,5,0,1.0,Open e-Tender,14291000.0,14291000.0,0.0166,0.0353,0.8621,0.236,0,0,0,0,0.442,0.162,1
TND-001457,MPLADS-001457,1,Open e-Tender,2023-12-10,25,6,5,0,1.0,Open e-Tender,3405000.0,3405000.0,-0.047,0.0017,0.9415,0.197,0,0,0,1,0.38,0.41,1
TND-001458,MPLADS-001458,1,Open e-Tender,2023-09-11,17,4,4,0,0.667,Open e-Tender,2599000.0,2599000.0,-0.042,0.0385,0.8741,0.031,0,0,0,0,0.159,0.252,1
TND-001459,MPLADS-001459,1,Open e-Tender,2023-05-30,29,3,3,0,0.5,Open e-Tender,1842000.0,1842000.0,-0.029,0.0043,0.976,0.057,0,0,0,0,0.638,0.272,1
TND-001460,MPLADS-001460,1,Open e-Tender,2023-04-05,19,4,3,0,0.667,Open e-Tender,387000.0,387000.0,-0.0373,0.0028,0.8908,0.102,0,0,0,0,0.492,0.463,1
TND-001461,MPLADS-001461,1,Open e-Tender,2023-09-22,22,3,3,0,0.5,Open e-Tender,1173000.0,1173000.0,-0.0249,0.0181,0.8598,0.092,0,0,0,0,0.635,0.059,1
TND-001462,MPLADS-001462,1,Open e-Tender,2023-11-16,14,5,4,0,0.833,Open e-Tender,1801000.0,1801000.0,-0.0395,0.0193,0.8987,0.071,0,0,0,0,0.483,0.389,1
TND-001463,MPLADS-001463,1,Open e-Tender,2023-02-12,28,3,3,0,0.5,Open e-Tender,2675000.0,2675000.0,-0.0686,0.0008,0.867,0.073,0,0,0,0,0.666,0.294,1
TND-001464,MPLADS-001464,1,Open e-Tender,2023-07-30,28,4,3,0,0.667,Open e-Tender,1110000.0,1110000.0,-0.0585,0.0458,0.9856,0.11,0,0,0,1,0.529,0.072,1
TND-001465,MPLADS-001465,1,Direct / Single Inquiry,2022-01-16,25,1,1,1,0.167,Single Tender Inquiry,9529000.0,9529000.0,0.01,0.0338,0.0,0.058,1,0,0,0,0.392,0.241,0
TND-001466,MPLADS-001466,1,Open e-Tender,2023-03-01,19,3,3,0,0.5,Open e-Tender,1518000.0,1518000.0,0.0113,0.0488,0.8953,0.082,0,0,0,0,0.519,0.396,1
TND-001467,MPLADS-001467,1,Open e-Tender,2022-03-12,28,3,2,0,0.5,Open e-Tender,1554000.0,1554000.0,-0.0378,0.0465,0.9188,0.021,1,0,0,0,0.52,0.496,1
TND-001468,MPLADS-001468,1,Open e-Tender,2023-08-21,22,5,5,0,0.833,Open e-Tender,3138000.0,3138000.0,-0.0776,0.0219,0.9598,0.101,0,0,0,0,0.66,0.156,1
TND-001469,MPLADS-001469,1,Direct / Single Inquiry,2023-05-19,14,1,1,1,0.167,Single Tender Inquiry,16555000.0,16555000.0,-0.0029,0.0367,0.0,0.064,1,0,0,0,0.342,0.433,0
TND-001470,MPLADS-001470,1,Open e-Tender,2022-08-16,24,4,4,0,0.667,Open e-Tender,554000.0,554000.0,-0.0382,0.0215,0.8568,0.178,0,0,0,0,0.428,0.234,1
TND-001471,MPLADS-001471,1,Open e-Tender,2022-02-09,18,5,4,0,0.833,Open e-Tender,563000.0,563000.0,-0.0617,0.0291,0.9129,0.223,0,0,0,0,0.144,0.083,1
TND-001472,MPLADS-001472,1,Open e-Tender,2023-04-20,15,5,4,0,0.833,Open e-Tender,3725000.0,3725000.0,-0.0787,0.0042,0.9763,0.014,0,0,0,1,0.567,0.27,1
TND-001473,MPLADS-001473,1,Open e-Tender,2023-10-03,20,5,4,0,0.833,Open e-Tender,3452000.0,3452000.0,-0.0341,0.0157,0.9001,0.223,1,0,0,0,0.304,0.176,1
TND-001474,MPLADS-001474,1,Open e-Tender,2023-05-11,29,5,4,0,0.833,Open e-Tender,850000.0,850000.0,-0.0185,0.0094,0.9497,0.019,0,0,0,0,0.243,0.297,1
TND-001475,MPLADS-001475,1,Open e-Tender,2023-11-15,14,4,4,0,0.667,Open e-Tender,1909000.0,1909000.0,-0.0319,0.0269,0.9492,0.228,0,0,0,0,0.378,0.157,1
TND-001476,MPLADS-001476,1,Open e-Tender,2022-06-08,16,6,5,0,1.0,Open e-Tender,2312000.0,2312000.0,-0.0636,0.0216,0.8511,0.014,0,0,0,0,0.501,0.415,1
TND-001477,MPLADS-001477,1,Open e-Tender,2023-02-22,17,5,5,0,0.833,Open e-Tender,2527000.0,2527000.0,-0.0723,0.0144,0.9157,0.222,0,0,0,0,0.724,0.43,1
TND-001478,MPLADS-001478,1,Open e-Tender,2022-12-12,27,5,4,0,0.833,Open e-Tender,8319000.0,8319000.0,-0.0208,0.0444,0.8953,0.153,0,0,0,0,0.109,0.286,1
TND-001479,MPLADS-001479,1,Open e-Tender,2023-11-01,28,6,6,0,1.0,Open e-Tender,1696000.0,1696000.0,0.0168,0.0101,0.9357,0.155,0,0,0,0,0.342,0.091,1
TND-001480,MPLADS-001480,1,Open e-Tender,2022-09-21,24,6,5,0,1.0,Open e-Tender,2280000.0,2280000.0,-0.0575,0.0481,0.9513,0.063,0,0,0,0,0.265,0.166,1
TND-001481,MPLADS-001481,1,Open e-Tender,2022-11-03,27,7,6,0,1.0,Open e-Tender,2743000.0,2743000.0,-0.0699,0.0321,0.972,0.077,0,0,0,0,0.276,0.071,1
TND-001482,MPLADS-001482,1,Open e-Tender,2023-01-03,25,4,4,0,0.667,Open e-Tender,2871000.0,2871000.0,-0.0235,0.0149,0.9362,0.127,0,0,0,0,0.262,0.408,1
TND-001483,MPLADS-001483,1,Open e-Tender,2023-12-03,19,6,5,0,1.0,Open e-Tender,1906000.0,1906000.0,0.0176,0.045,0.9773,0.069,0,0,0,0,0.705,0.077,1
TND-001484,MPLADS-001484,1,Open e-Tender,2022-05-05,25,3,2,0,0.5,Open e-Tender,1843000.0,1843000.0,-0.0534,0.0074,0.95,0.003,0,0,0,0,0.46,0.41,1
TND-001485,MPLADS-001485,1,Open e-Tender,2023-07-16,22,5,5,0,0.833,Open e-Tender,873000.0,873000.0,-0.03,0.047,0.8879,0.215,0,0,0,0,0.531,0.412,1
TND-001486,MPLADS-001486,1,Open e-Tender,2023-04-20,27,3,3,0,0.5,Open e-Tender,2367000.0,2367000.0,-0.0588,0.0055,0.9278,0.01,0,0,0,0,0.536,0.166,1
TND-001487,MPLADS-001487,1,Open e-Tender,2022-11-13,24,5,4,0,0.833,Open e-Tender,455000.0,455000.0,-0.0541,0.0285,0.9225,0.186,1,0,0,0,0.33,0.28,1
TND-001488,MPLADS-001488,1,Open e-Tender,2023-10-17,24,4,3,0,0.667,Open e-Tender,1333000.0,1333000.0,-0.0619,0.0242,0.9207,0.138,0,0,0,0,0.69,0.438,1
TND-001489,MPLADS-001489,1,Open e-Tender,2023-09-07,24,5,4,0,0.833,Open e-Tender,1496000.0,1496000.0,-0.004,0.0136,0.9599,0.072,1,0,0,1,0.376,0.491,1
TND-001490,MPLADS-001490,1,Open e-Tender,2023-03-01,27,7,6,0,1.0,Open e-Tender,2699000.0,2699000.0,-0.0225,0.0249,0.9169,0.188,1,0,0,1,0.706,0.369,1
TND-001491,MPLADS-001491,1,Open e-Tender,2023-07-29,20,4,3,0,0.667,Open e-Tender,504000.0,504000.0,-0.0718,0.001,0.9606,0.101,0,0,0,0,0.327,0.099,1
TND-001492,MPLADS-001492,1,Open e-Tender,2023-08-02,25,4,4,0,0.667,Open e-Tender,2441000.0,2441000.0,-0.0252,0.0395,0.9851,0.162,0,0,0,0,0.663,0.094,1
TND-001493,MPLADS-001493,1,Open e-Tender,2022-07-24,19,6,6,0,1.0,Open e-Tender,3090000.0,3090000.0,0.0036,0.0167,0.9219,0.026,0,0,0,0,0.736,0.484,1
TND-001494,MPLADS-001494,1,Open e-Tender,2022-07-07,15,4,4,0,0.667,Open e-Tender,3688000.0,3688000.0,-0.0325,0.0417,0.9266,0.024,0,0,0,0,0.316,0.137,1
TND-001495,MPLADS-001495,1,Open e-Tender,2022-09-05,24,6,5,0,1.0,Open e-Tender,12240000.0,12240000.0,-0.0126,0.0038,0.9868,0.159,0,0,0,0,0.681,0.231,1
TND-001496,MPLADS-001496,1,Open e-Tender,2023-08-14,24,6,6,0,1.0,Open e-Tender,629000.0,629000.0,-0.0172,0.0099,0.9616,0.021,0,0,0,0,0.242,0.444,1
TND-001497,MPLADS-001497,1,Open e-Tender,2022-02-07,15,5,5,0,0.833,Open e-Tender,3650000.0,3650000.0,-0.0313,0.0152,0.9037,0.077,0,0,0,0,0.445,0.399,1
TND-001498,MPLADS-001498,1,Open e-Tender,2022-09-17,24,5,5,0,0.833,Open e-Tender,566000.0,566000.0,0.0053,0.0271,0.8884,0.001,0,0,0,0,0.52,0.106,1
TND-001499,MPLADS-001499,1,Open e-Tender,2022-06-17,22,6,5,0,1.0,Open e-Tender,15142000.0,15142000.0,-0.0383,0.045,0.9043,0.202,0,0,0,0,0.131,0.433,1
TND-001500,MPLADS-001500,1,Open e-Tender,2022-03-02,14,4,4,0,0.667,Open e-Tender,1576000.0,1576000.0,-0.0248,0.0213,0.8758,0.206,0,0,0,0,0.45,0.111,1
TND-001501,MPLADS-001501,1,Open e-Tender,2023-10-08,25,3,2,0,0.5,Open e-Tender,8560000.0,8560000.0,0.0043,0.0392,0.8717,0.171,0,0,0,0,0.127,0.197,1
TND-001502,MPLADS-001502,1,Open e-Tender,2022-04-23,18,7,6,0,1.0,Open e-Tender,3299000.0,3299000.0,-0.0764,0.0382,0.9252,0.035,0,0,0,1,0.2,0.419,1
TND-001503,MPLADS-001503,1,Open e-Tender,2022-05-03,20,5,4,0,0.833,Open e-Tender,1636000.0,1636000.0,-0.0109,0.0476,0.885,0.049,0,0,0,1,0.277,0.491,1
TND-001504,MPLADS-001504,1,Open e-Tender,2022-07-03,28,4,4,0,0.667,Open e-Tender,1822000.0,1822000.0,-0.0076,0.006,0.8998,0.157,0,0,0,1,0.185,0.278,1
TND-001505,MPLADS-001505,1,Open e-Tender,2023-01-21,29,3,3,0,0.5,Open e-Tender,1872000.0,1872000.0,-0.0106,0.0251,0.9392,0.118,0,0,0,0,0.118,0.246,1
TND-001506,MPLADS-001506,1,Open e-Tender,2022-06-18,25,6,6,0,1.0,Open e-Tender,1700000.0,1700000.0,-0.0196,0.0014,0.8962,0.197,0,0,0,0,0.211,0.298,1
TND-001507,MPLADS-001507,1,Open e-Tender,2022-08-03,29,5,4,0,0.833,Open e-Tender,1947000.0,1947000.0,0.0062,0.0003,0.8773,0.202,1,0,0,0,0.111,0.31,1
TND-001508,MPLADS-001508,1,Open e-Tender,2022-02-05,20,6,6,0,1.0,Open e-Tender,3117000.0,3117000.0,0.0039,0.047,0.8847,0.085,0,0,0,0,0.443,0.283,1
TND-001509,MPLADS-001509,1,Open e-Tender,2022-11-10,18,5,4,0,0.833,Open e-Tender,2374000.0,2374000.0,-0.0129,0.0062,0.8598,0.069,0,0,0,1,0.321,0.423,1
TND-001510,MPLADS-001510,1,Open e-Tender,2023-10-20,20,3,2,0,0.5,Open e-Tender,1609000.0,1609000.0,0.0088,0.0356,0.9054,0.163,0,0,0,1,0.32,0.159,1
TND-001511,MPLADS-001511,1,Open e-Tender,2022-05-10,26,5,5,0,0.833,Open e-Tender,10330000.0,10330000.0,-0.0269,0.0084,0.8977,0.236,0,0,0,0,0.595,0.424,1
TND-001512,MPLADS-001512,1,Direct / Single Inquiry,2023-05-19,29,1,1,1,0.167,Single Tender Inquiry,955000.0,955000.0,0.0084,0.0496,0.0,0.028,0,0,0,0,0.301,0.467,0
TND-001513,MPLADS-001513,1,Open e-Tender,2022-01-24,24,4,3,0,0.667,Open e-Tender,647000.0,647000.0,0.0125,0.036,0.886,0.174,1,0,0,0,0.549,0.482,1
TND-001514,MPLADS-001514,1,Open e-Tender,2023-11-21,26,4,4,0,0.667,Open e-Tender,3232000.0,3232000.0,-0.008,0.0214,0.9568,0.097,0,0,0,1,0.632,0.397,1
TND-001515,MPLADS-001515,1,Open e-Tender,2023-08-10,28,7,7,0,1.0,Open e-Tender,3304000.0,3304000.0,-0.0489,0.0007,0.8868,0.171,0,0,0,0,0.526,0.491,1
TND-001516,MPLADS-001516,1,Open e-Tender,2023-04-08,29,4,3,0,0.667,Open e-Tender,1843000.0,1843000.0,-0.0645,0.0051,0.8573,0.155,0,0,0,0,0.357,0.28,1
TND-001517,MPLADS-001517,1,Open e-Tender,2023-04-13,16,5,4,0,0.833,Open e-Tender,3429000.0,3429000.0,-0.0569,0.02,0.917,0.068,1,0,0,0,0.551,0.198,1
TND-001518,MPLADS-001518,1,Open e-Tender,2023-07-23,14,6,6,0,1.0,Open e-Tender,2002000.0,2002000.0,-0.031,0.0165,0.9652,0.084,0,0,0,0,0.105,0.461,1
TND-001519,MPLADS-001519,1,Open e-Tender,2023-09-03,14,5,5,0,0.833,Open e-Tender,12144000.0,12144000.0,-0.0539,0.0168,0.9315,0.087,0,0,0,0,0.308,0.433,1
TND-001520,MPLADS-001520,1,Open e-Tender,2023-01-07,16,4,3,0,0.667,Open e-Tender,2248000.0,2248000.0,0.0163,0.0138,0.9272,0.138,0,0,0,0,0.175,0.43,1
TND-001521,MPLADS-001521,1,Open e-Tender,2022-06-11,23,6,5,0,1.0,Open e-Tender,16263000.0,16263000.0,-0.023,0.035,0.9332,0.192,0,0,0,0,0.664,0.275,1
TND-001522,MPLADS-001522,1,Open e-Tender,2023-01-10,19,4,4,0,0.667,Open e-Tender,1996000.0,1996000.0,-0.0268,0.0368,0.8717,0.075,0,0,0,1,0.667,0.242,1
TND-001523,MPLADS-001523,1,Open e-Tender,2023-07-08,20,4,3,0,0.667,Open e-Tender,377000.0,377000.0,-0.0258,0.0287,0.8505,0.149,0,0,0,0,0.691,0.289,1
TND-001524,MPLADS-001524,1,Open e-Tender,2022-04-20,29,5,4,0,0.833,Open e-Tender,1546000.0,1546000.0,-0.0567,0.0312,0.8825,0.202,0,0,0,0,0.657,0.16,1
TND-001525,MPLADS-001525,1,Open e-Tender,2022-06-04,22,7,7,0,1.0,Open e-Tender,3324000.0,3324000.0,-0.0396,0.0269,0.8503,0.248,0,0,0,0,0.374,0.342,1
TND-001526,MPLADS-001526,1,Open e-Tender,2023-11-05,27,7,7,0,1.0,Open e-Tender,16736000.0,16736000.0,0.0152,0.002,0.8732,0.192,0,0,0,0,0.72,0.38,1
TND-001527,MPLADS-001527,1,Direct / Single Inquiry,2022-10-26,24,1,1,1,0.167,Single Tender Inquiry,12792000.0,12792000.0,-0.0179,0.0117,0.0,0.052,0,0,0,0,0.447,0.364,0
TND-001528,MPLADS-001528,1,Open e-Tender,2023-02-07,26,5,4,0,0.833,Open e-Tender,13099000.0,13099000.0,-0.0241,0.0027,0.8824,0.065,0,0,0,0,0.231,0.324,1
TND-001529,MPLADS-001529,1,Open e-Tender,2022-04-30,21,5,4,0,0.833,Open e-Tender,2291000.0,2291000.0,0.0106,0.039,0.9571,0.098,0,0,0,0,0.284,0.192,1
TND-001530,MPLADS-001530,1,Open e-Tender,2022-09-16,24,6,6,0,1.0,Open e-Tender,692000.0,692000.0,-0.0029,0.0481,0.9006,0.039,1,0,0,0,0.263,0.351,1
TND-001531,MPLADS-001531,1,Open e-Tender,2023-10-28,15,3,2,0,0.5,Open e-Tender,3336000.0,3336000.0,-0.0174,0.0066,0.9709,0.108,0,0,0,0,0.608,0.22,1
TND-001532,MPLADS-001532,1,Open e-Tender,2023-11-07,25,6,6,0,1.0,Open e-Tender,2830000.0,2830000.0,-0.0211,0.0132,0.9855,0.048,0,0,0,0,0.344,0.271,1
TND-001533,MPLADS-001533,1,Open e-Tender,2023-02-10,28,3,2,0,0.5,Open e-Tender,3009000.0,3009000.0,-0.0556,0.0064,0.9441,0.104,1,0,0,0,0.516,0.393,1
TND-001534,MPLADS-001534,1,Open e-Tender,2023-07-02,28,5,5,0,0.833,Open e-Tender,655000.0,655000.0,0.0015,0.0049,0.9614,0.231,0,0,0,0,0.442,0.395,1
TND-001535,MPLADS-001535,1,Open e-Tender,2022-02-19,27,7,7,0,1.0,Open e-Tender,3123000.0,3123000.0,0.0051,0.0123,0.93,0.064,0,0,0,0,0.372,0.481,1
TND-001536,MPLADS-001536,1,Open e-Tender,2022-10-28,17,4,3,0,0.667,Open e-Tender,1796000.0,1796000.0,-0.0567,0.0472,0.9625,0.088,0,0,0,0,0.542,0.195,1
TND-001537,MPLADS-001537,1,Open e-Tender,2023-04-14,24,5,5,0,0.833,Open e-Tender,2077000.0,2077000.0,-0.0034,0.0067,0.8731,0.2,0,0,0,0,0.184,0.343,1
TND-001538,MPLADS-001538,1,Open e-Tender,2022-07-06,17,5,4,0,0.833,Open e-Tender,583000.0,583000.0,-0.0551,0.0239,0.9898,0.066,0,0,0,0,0.386,0.221,1
TND-001539,MPLADS-001539,1,Open e-Tender,2022-10-29,28,3,2,0,0.5,Open e-Tender,10204000.0,10204000.0,-0.0084,0.0138,0.862,0.052,0,0,0,0,0.572,0.396,1
TND-001540,MPLADS-001540,1,Open e-Tender,2022-12-19,23,3,2,0,0.5,Open e-Tender,449000.0,449000.0,0.0135,0.043,0.9634,0.183,1,0,0,1,0.613,0.109,1
TND-001541,MPLADS-001541,1,Open e-Tender,2022-09-25,18,4,3,0,0.667,Open e-Tender,2539000.0,2539000.0,-0.0331,0.0007,0.9269,0.061,0,0,0,0,0.742,0.155,1
TND-001542,MPLADS-001542,1,Open e-Tender,2022-09-27,20,4,3,0,0.667,Open e-Tender,2716000.0,2716000.0,-0.0338,0.0249,0.9152,0.134,0,0,0,0,0.54,0.114,1
TND-001543,MPLADS-001543,1,Open e-Tender,2023-01-18,16,6,5,0,1.0,Open e-Tender,3150000.0,3150000.0,-0.0472,0.0372,0.8991,0.165,0,0,0,0,0.331,0.336,1
TND-001544,MPLADS-001544,1,Open e-Tender,2022-04-19,23,4,3,0,0.667,Open e-Tender,10380000.0,10380000.0,-0.0163,0.0227,0.8568,0.09,0,0,0,1,0.319,0.498,1
TND-001545,MPLADS-001545,1,Open e-Tender,2022-12-22,22,4,4,0,0.667,Open e-Tender,1924000.0,1924000.0,-0.0108,0.0026,0.877,0.046,0,0,0,0,0.143,0.058,1
TND-001546,MPLADS-001546,1,Open e-Tender,2023-11-25,25,3,3,0,0.5,Open e-Tender,1661000.0,1661000.0,-0.0421,0.0399,0.9438,0.159,0,0,0,0,0.439,0.473,1
TND-001547,MPLADS-001547,1,Open e-Tender,2022-07-16,22,6,6,0,1.0,Open e-Tender,1979000.0,1979000.0,-0.01,0.0323,0.8826,0.241,0,0,0,0,0.362,0.253,1
TND-001548,MPLADS-001548,1,Open e-Tender,2023-02-24,17,5,4,0,0.833,Open e-Tender,2390000.0,2390000.0,-0.0017,0.0296,0.9245,0.005,0,0,0,0,0.621,0.377,1
TND-001549,MPLADS-001549,1,Open e-Tender,2023-01-10,25,5,4,0,0.833,Open e-Tender,2827000.0,2827000.0,-0.044,0.0437,0.8952,0.178,0,0,0,0,0.254,0.415,1
TND-001550,MPLADS-001550,1,Open e-Tender,2023-07-27,29,5,4,0,0.833,Open e-Tender,2587000.0,2587000.0,-0.0489,0.0213,0.913,0.123,0,0,0,0,0.353,0.414,1
TND-001551,MPLADS-001551,1,Open e-Tender,2022-10-23,17,4,4,0,0.667,Open e-Tender,1862000.0,1862000.0,-0.0262,0.0177,0.8603,0.191,0,0,0,1,0.399,0.086,1
TND-001552,MPLADS-001552,1,Open e-Tender,2022-09-24,18,3,2,0,0.5,Open e-Tender,571000.0,571000.0,-0.0052,0.0054,0.8712,0.138,0,0,0,0,0.567,0.42,1
TND-001553,MPLADS-001553,1,Open e-Tender,2023-09-16,22,4,4,0,0.667,Open e-Tender,10542000.0,10542000.0,-0.059,0.0086,0.9014,0.033,0,0,0,0,0.282,0.167,1
TND-001554,MPLADS-001554,1,Open e-Tender,2023-09-16,17,4,3,0,0.667,Open e-Tender,40615000.0,40615000.0,-0.0795,0.0183,0.8747,0.14,0,0,0,0,0.397,0.399,1
TND-001555,MPLADS-001555,1,Open e-Tender,2022-04-29,27,6,6,0,1.0,Open e-Tender,448000.0,448000.0,0.009,0.0063,0.9883,0.243,0,0,0,1,0.515,0.287,1
TND-001556,MPLADS-001556,1,Open e-Tender,2023-01-04,17,4,3,0,0.667,Open e-Tender,501000.0,501000.0,-0.0253,0.0398,0.9622,0.141,0,0,0,0,0.642,0.289,1
TND-001557,MPLADS-001557,1,Open e-Tender,2022-11-16,28,3,3,0,0.5,Open e-Tender,1774000.0,1774000.0,-0.0619,0.0256,0.9722,0.022,0,0,0,1,0.682,0.336,1
TND-001558,MPLADS-001558,1,Open e-Tender,2023-06-08,18,3,2,0,0.5,Open e-Tender,2496000.0,2496000.0,-0.0687,0.0203,0.9117,0.08,0,0,0,0,0.157,0.269,1
TND-001559,MPLADS-001559,1,Open e-Tender,2022-04-06,16,3,3,0,0.5,Open e-Tender,13295000.0,13295000.0,-0.0587,0.0267,0.9177,0.085,0,0,0,0,0.453,0.099,1
TND-001560,MPLADS-001560,1,Open e-Tender,2023-09-17,24,6,5,0,1.0,Open e-Tender,901000.0,901000.0,-0.0575,0.027,0.9854,0.247,0,0,0,0,0.745,0.472,1
TND-001561,MPLADS-001561,1,Open e-Tender,2023-09-04,27,7,6,0,1.0,Open e-Tender,1686000.0,1686000.0,-0.0644,0.0395,0.883,0.086,0,0,0,0,0.605,0.056,1
TND-001562,MPLADS-001562,1,Open e-Tender,2024-01-02,27,4,3,0,0.667,Open e-Tender,728000.0,728000.0,-0.0594,0.0095,0.8526,0.191,1,0,0,0,0.537,0.325,1
TND-001563,MPLADS-001563,1,Open e-Tender,2022-07-01,17,4,4,0,0.667,Open e-Tender,401000.0,401000.0,0.0204,0.0025,0.9612,0.05,0,0,0,1,0.22,0.426,1
TND-001564,MPLADS-001564,1,Open e-Tender,2023-01-08,28,4,3,0,0.667,Open e-Tender,2001000.0,2001000.0,-0.0162,0.0293,0.9004,0.094,0,0,0,0,0.584,0.15,1
TND-001565,MPLADS-001565,1,Open e-Tender,2022-04-20,29,3,2,0,0.5,Open e-Tender,9750000.0,9750000.0,-0.0742,0.0051,0.8926,0.169,0,0,0,0,0.293,0.165,1
TND-001566,MPLADS-001566,1,Open e-Tender,2022-03-26,27,3,2,0,0.5,Open e-Tender,813000.0,813000.0,-0.0469,0.0436,0.8969,0.063,0,0,0,0,0.223,0.315,1
TND-001567,MPLADS-001567,1,Open e-Tender,2023-06-06,21,5,4,0,0.833,Open e-Tender,10194000.0,10194000.0,-0.0264,0.0073,0.9058,0.13,0,0,0,1,0.624,0.183,1
TND-001568,MPLADS-001568,1,Open e-Tender,2023-06-01,20,3,2,0,0.5,Open e-Tender,12141000.0,12141000.0,-0.0347,0.0226,0.9206,0.028,0,0,0,0,0.174,0.397,1
TND-001569,MPLADS-001569,1,Direct / Single Inquiry,2022-02-12,17,1,1,1,0.167,Single Tender Inquiry,3924000.0,3924000.0,-0.061,0.0423,0.0,0.107,0,0,0,0,0.381,0.163,0
TND-001570,MPLADS-001570,1,Open e-Tender,2022-09-02,25,7,7,0,1.0,Open e-Tender,2039000.0,2039000.0,-0.0578,0.0419,0.8565,0.149,1,0,0,0,0.264,0.097,1
TND-001571,MPLADS-001571,1,Open e-Tender,2022-07-13,16,4,3,0,0.667,Open e-Tender,3385000.0,3385000.0,-0.0137,0.0039,0.9029,0.008,0,0,0,0,0.587,0.407,1
TND-001572,MPLADS-001572,1,Open e-Tender,2023-11-14,24,4,4,0,0.667,Open e-Tender,817000.0,817000.0,-0.0577,0.0297,0.8923,0.06,0,0,0,0,0.698,0.305,1
TND-001573,MPLADS-001573,1,Open e-Tender,2023-10-22,17,7,7,0,1.0,Open e-Tender,2132000.0,2132000.0,-0.0152,0.0103,0.8623,0.05,0,0,0,0,0.482,0.215,1
TND-001574,MPLADS-001574,1,Open e-Tender,2022-02-25,19,3,2,0,0.5,Open e-Tender,1582000.0,1582000.0,-0.0533,0.0466,0.9677,0.097,0,0,0,0,0.257,0.194,1
TND-001575,MPLADS-001575,1,Open e-Tender,2022-03-19,18,6,5,0,1.0,Open e-Tender,1234000.0,1234000.0,0.0123,0.0125,0.8799,0.043,0,0,0,1,0.264,0.212,1
TND-001576,MPLADS-001576,1,Open e-Tender,2023-01-29,29,4,3,0,0.667,Open e-Tender,1526000.0,1526000.0,-0.051,0.0251,0.8507,0.186,0,0,0,0,0.393,0.123,1
TND-001577,MPLADS-001577,1,Open e-Tender,2022-09-06,14,3,3,0,0.5,Open e-Tender,1950000.0,1950000.0,-0.0465,0.0179,0.8886,0.125,0,0,0,0,0.176,0.445,1
TND-001578,MPLADS-001578,1,Open e-Tender,2022-08-04,21,4,3,0,0.667,Open e-Tender,1831000.0,1831000.0,-0.0108,0.0156,0.9762,0.173,0,0,0,0,0.405,0.353,1
TND-001579,MPLADS-001579,1,Open e-Tender,2022-11-02,21,7,7,0,1.0,Open e-Tender,1559000.0,1559000.0,-0.0511,0.0082,0.8961,0.185,0,0,0,0,0.402,0.488,1
TND-001580,MPLADS-001580,1,Open e-Tender,2022-08-17,17,4,4,0,0.667,Open e-Tender,1808000.0,1808000.0,-0.0539,0.0311,0.871,0.208,0,0,0,0,0.339,0.462,1
TND-001581,MPLADS-001581,1,Open e-Tender,2023-06-16,14,3,2,0,0.5,Open e-Tender,6292000.0,6292000.0,-0.0545,0.044,0.9502,0.213,0,0,0,1,0.57,0.416,1
TND-001582,MPLADS-001582,1,Open e-Tender,2022-06-12,25,4,4,0,0.667,Open e-Tender,2444000.0,2444000.0,0.0066,0.0208,0.8699,0.17,0,0,0,0,0.517,0.249,1
TND-001583,MPLADS-001583,1,Open e-Tender,2022-11-24,15,3,2,0,0.5,Open e-Tender,674000.0,674000.0,-0.0344,0.0486,0.9554,0.145,0,0,0,0,0.253,0.13,1
TND-001584,MPLADS-001584,1,Open e-Tender,2023-03-07,24,7,7,0,1.0,Open e-Tender,2150000.0,2150000.0,-0.006,0.0132,0.8962,0.24,0,0,0,0,0.725,0.414,1
TND-001585,MPLADS-001585,1,Open e-Tender,2022-10-15,15,3,3,0,0.5,Open e-Tender,862000.0,862000.0,-0.0454,0.0146,0.8789,0.157,0,0,0,0,0.105,0.319,1
TND-001586,MPLADS-001586,1,Direct / Single Inquiry,2022-07-13,21,1,1,1,0.167,Single Tender Inquiry,953000.0,953000.0,-0.0774,0.0168,0.0,0.069,0,0,0,0,0.112,0.169,0
TND-001587,MPLADS-001587,1,Open e-Tender,2022-02-17,24,6,5,0,1.0,Open e-Tender,11415000.0,11415000.0,-0.0735,0.0174,0.9503,0.134,0,0,0,0,0.427,0.251,1
TND-001588,MPLADS-001588,1,Open e-Tender,2022-08-12,19,3,2,0,0.5,Open e-Tender,3536000.0,3536000.0,0.0109,0.0418,0.8944,0.153,0,0,0,0,0.382,0.233,1
TND-001589,MPLADS-001589,1,Open e-Tender,2023-02-28,16,4,4,0,0.667,Open e-Tender,1698000.0,1698000.0,0.0047,0.0311,0.879,0.065,0,0,0,0,0.379,0.181,1
TND-001590,MPLADS-001590,1,Open e-Tender,2022-08-20,19,3,3,0,0.5,Open e-Tender,1502000.0,1502000.0,-0.0215,0.0416,0.8866,0.157,0,0,0,0,0.661,0.319,1
TND-001591,MPLADS-001591,1,Open e-Tender,2022-07-14,27,5,5,0,0.833,Open e-Tender,615000.0,615000.0,0.0132,0.0434,0.9093,0.189,1,0,0,0,0.424,0.334,1
TND-001592,MPLADS-001592,1,Open e-Tender,2022-08-17,14,7,7,0,1.0,Open e-Tender,1511000.0,1511000.0,-0.0798,0.015,0.9473,0.211,0,0,0,0,0.169,0.378,1
TND-001593,MPLADS-001593,1,Open e-Tender,2023-03-26,24,7,7,0,1.0,Open e-Tender,2060000.0,2060000.0,-0.0228,0.0252,0.9279,0.011,0,0,0,0,0.385,0.247,1
TND-001594,MPLADS-001594,1,Open e-Tender,2023-02-16,16,7,7,0,1.0,Open e-Tender,2223000.0,2223000.0,0.0063,0.0168,0.9753,0.067,0,0,0,0,0.452,0.492,1
TND-001595,MPLADS-001595,1,Direct / Single Inquiry,2022-05-01,25,1,1,1,0.167,Single Tender Inquiry,2442000.0,2442000.0,-0.0683,0.0458,0.0,0.143,0,0,0,0,0.279,0.499,0
TND-001596,MPLADS-001596,1,Open e-Tender,2022-03-03,17,7,7,0,1.0,Open e-Tender,1383000.0,1383000.0,-0.0514,0.0206,0.9632,0.023,0,0,0,0,0.654,0.126,1
TND-001597,MPLADS-001597,1,Open e-Tender,2023-07-10,29,6,5,0,1.0,Open e-Tender,1833000.0,1833000.0,-0.0493,0.0278,0.8862,0.238,0,0,0,0,0.494,0.12,1
TND-001598,MPLADS-001598,1,Open e-Tender,2023-10-19,24,5,5,0,0.833,Open e-Tender,1758000.0,1758000.0,-0.0217,0.0455,0.9534,0.184,0,0,0,1,0.169,0.252,1
TND-001599,MPLADS-001599,1,Open e-Tender,2023-03-12,20,7,7,0,1.0,Open e-Tender,3004000.0,3004000.0,-0.0294,0.0255,0.9373,0.092,0,0,0,0,0.41,0.49,1
TND-001600,MPLADS-001600,1,Open e-Tender,2022-09-24,17,7,6,0,1.0,Open e-Tender,1325000.0,1325000.0,-0.0676,0.0272,0.9148,0.223,0,0,0,0,0.214,0.13,1
TND-001601,MPLADS-001601,1,Open e-Tender,2023-06-01,20,5,5,0,0.833,Open e-Tender,1081000.0,1081000.0,-0.0314,0.0318,0.8604,0.017,0,0,0,1,0.448,0.386,1
TND-001602,MPLADS-001602,1,Open e-Tender,2022-08-08,24,3,3,0,0.5,Open e-Tender,3567000.0,3567000.0,-0.0785,0.0044,0.9788,0.087,0,0,0,0,0.338,0.142,1
TND-001603,MPLADS-001603,1,Open e-Tender,2023-08-27,18,6,6,0,1.0,Open e-Tender,11947000.0,11947000.0,-0.0716,0.0074,0.8944,0.126,1,0,0,1,0.132,0.172,1
TND-001604,MPLADS-001604,1,Open e-Tender,2023-05-23,26,5,4,0,0.833,Open e-Tender,1992000.0,1992000.0,0.0148,0.0023,0.9456,0.223,0,0,0,0,0.704,0.278,1
TND-001605,MPLADS-001605,1,Open e-Tender,2022-11-29,22,5,4,0,0.833,Open e-Tender,1050000.0,1050000.0,-0.0541,0.0039,0.9533,0.066,0,0,0,1,0.105,0.202,1
TND-001606,MPLADS-001606,1,Open e-Tender,2023-05-29,21,5,5,0,0.833,Open e-Tender,2164000.0,2164000.0,-0.0708,0.0482,0.921,0.134,0,0,0,0,0.486,0.197,1
TND-001607,MPLADS-001607,1,Direct / Single Inquiry,2022-12-15,29,1,1,1,0.167,Single Tender Inquiry,2171000.0,2171000.0,-0.039,0.0245,0.0,0.239,1,0,0,0,0.707,0.391,0
TND-001608,MPLADS-001608,1,Open e-Tender,2022-02-06,18,5,5,0,0.833,Open e-Tender,1916000.0,1916000.0,-0.0472,0.0176,0.9157,0.181,0,0,0,0,0.174,0.294,1
TND-001609,MPLADS-001609,1,Open e-Tender,2023-04-19,14,3,3,0,0.5,Open e-Tender,1781000.0,1781000.0,0.0039,0.0057,0.9857,0.112,0,0,0,0,0.205,0.189,1
TND-001610,MPLADS-001610,1,Open e-Tender,2022-04-14,29,5,4,0,0.833,Open e-Tender,2423000.0,2423000.0,0.0075,0.0422,0.8921,0.033,0,0,0,0,0.453,0.255,1
TND-001611,MPLADS-001611,1,Open e-Tender,2022-09-25,22,5,5,0,0.833,Open e-Tender,14404000.0,14404000.0,-0.0065,0.041,0.8672,0.061,0,0,0,0,0.159,0.244,1
TND-001612,MPLADS-001612,1,Open e-Tender,2023-05-18,28,6,5,0,1.0,Open e-Tender,2332000.0,2332000.0,-0.0623,0.0093,0.9063,0.029,0,0,0,0,0.522,0.197,1
TND-001613,MPLADS-001613,1,Open e-Tender,2022-11-27,14,5,5,0,0.833,Open e-Tender,2184000.0,2184000.0,-0.0032,0.0285,0.9655,0.228,0,0,0,0,0.473,0.449,1
TND-001614,MPLADS-001614,1,Open e-Tender,2022-02-24,14,5,4,0,0.833,Open e-Tender,1180000.0,1180000.0,-0.0767,0.0455,0.8981,0.186,1,0,0,0,0.603,0.05,1
TND-001615,MPLADS-001615,1,Open e-Tender,2023-07-02,28,3,2,0,0.5,Open e-Tender,593000.0,593000.0,-0.0602,0.0091,0.9853,0.233,0,0,0,0,0.375,0.393,1
TND-001616,MPLADS-001616,1,Open e-Tender,2023-11-03,17,6,5,0,1.0,Open e-Tender,14468000.0,14468000.0,0.0066,0.0095,0.9597,0.217,0,0,0,0,0.193,0.148,1
TND-001617,MPLADS-001617,1,Open e-Tender,2023-10-10,21,7,7,0,1.0,Open e-Tender,683000.0,683000.0,0.0,0.024,0.9326,0.199,0,0,0,0,0.478,0.125,1
TND-001618,MPLADS-001618,1,Open e-Tender,2022-01-16,18,4,3,0,0.667,Open e-Tender,2164000.0,2164000.0,-0.0525,0.0051,0.9857,0.202,0,0,0,0,0.237,0.201,1
TND-001619,MPLADS-001619,1,Open e-Tender,2023-04-20,29,5,4,0,0.833,Open e-Tender,659000.0,659000.0,-0.0237,0.0179,0.9295,0.002,0,0,0,0,0.27,0.191,1
TND-001620,MPLADS-001620,1,Direct / Single Inquiry,2023-02-23,29,1,1,1,0.167,Single Tender Inquiry,14485000.0,14485000.0,-0.0329,0.0052,0.0,0.228,0,0,0,0,0.665,0.45,0
TND-001621,MPLADS-001621,1,Open e-Tender,2022-09-30,25,3,3,0,0.5,Open e-Tender,8308000.0,8308000.0,-0.0335,0.0071,0.9302,0.152,1,0,0,0,0.274,0.27,1
TND-001622,MPLADS-001622,1,Open e-Tender,2022-10-22,14,5,4,0,0.833,Open e-Tender,1468000.0,1468000.0,-0.0167,0.0116,0.8716,0.058,0,0,0,0,0.455,0.412,1
TND-001623,MPLADS-001623,1,Open e-Tender,2022-03-12,18,6,5,0,1.0,Open e-Tender,1847000.0,1847000.0,-0.0742,0.0176,0.9076,0.054,0,0,0,1,0.28,0.24,1
TND-001624,MPLADS-001624,1,Open e-Tender,2023-11-05,16,5,5,0,0.833,Open e-Tender,3515000.0,3515000.0,0.0112,0.0262,0.9211,0.136,0,0,0,0,0.321,0.213,1
TND-001625,MPLADS-001625,1,Open e-Tender,2022-09-17,27,6,6,0,1.0,Open e-Tender,1680000.0,1680000.0,0.0054,0.0313,0.9394,0.024,0,0,0,0,0.245,0.412,1
TND-001626,MPLADS-001626,1,Open e-Tender,2023-10-02,18,3,3,0,0.5,Open e-Tender,2324000.0,2324000.0,-0.0102,0.0166,0.9279,0.134,0,0,0,0,0.421,0.352,1
TND-001627,MPLADS-001627,1,Direct / Single Inquiry,2022-10-08,22,1,1,1,0.167,Single Tender Inquiry,455000.0,455000.0,-0.0441,0.0029,0.0,0.083,0,0,0,1,0.331,0.296,0
TND-001628,MPLADS-001628,1,Open e-Tender,2022-05-12,17,4,4,0,0.667,Open e-Tender,12464000.0,12464000.0,-0.0466,0.0143,0.8866,0.231,1,0,0,0,0.261,0.095,1
TND-001629,MPLADS-001629,1,Open e-Tender,2023-02-17,28,5,4,0,0.833,Open e-Tender,482000.0,482000.0,-0.0784,0.0129,0.8522,0.165,0,0,0,0,0.21,0.305,1
TND-001630,MPLADS-001630,1,Direct / Single Inquiry,2022-05-28,18,1,1,1,0.167,Single Tender Inquiry,1695000.0,1695000.0,-0.027,0.012,0.0,0.237,1,0,0,1,0.741,0.208,0
TND-001631,MPLADS-001631,1,Open e-Tender,2022-02-13,24,7,6,0,1.0,Open e-Tender,679000.0,679000.0,-0.03,0.0311,0.9191,0.108,0,0,0,1,0.543,0.295,1
TND-001632,MPLADS-001632,1,Open e-Tender,2023-01-10,26,7,6,0,1.0,Open e-Tender,11099000.0,11099000.0,-0.036,0.0174,0.8815,0.089,0,0,0,1,0.21,0.18,1
TND-001633,MPLADS-001633,1,Open e-Tender,2023-06-23,18,4,4,0,0.667,Open e-Tender,2358000.0,2358000.0,0.0168,0.0056,0.8696,0.17,0,0,0,0,0.326,0.092,1
TND-001634,MPLADS-001634,1,Open e-Tender,2023-01-30,23,3,2,0,0.5,Open e-Tender,1039000.0,1039000.0,0.0068,0.0182,0.9362,0.108,0,0,0,0,0.33,0.429,1
TND-001635,MPLADS-001635,1,Open e-Tender,2023-09-12,21,3,2,0,0.5,Open e-Tender,3987000.0,3987000.0,-0.0469,0.0006,0.9022,0.049,0,0,0,0,0.552,0.406,1
TND-001636,MPLADS-001636,1,Open e-Tender,2023-09-07,26,5,4,0,0.833,Open e-Tender,490000.0,490000.0,0.0082,0.0273,0.9571,0.134,0,0,0,0,0.745,0.318,1
TND-001637,MPLADS-001637,1,Open e-Tender,2022-11-09,23,5,4,0,0.833,Open e-Tender,2669000.0,2669000.0,-0.0162,0.0008,0.9174,0.198,1,0,0,0,0.257,0.207,1
TND-001638,MPLADS-001638,1,Open e-Tender,2022-03-16,17,3,2,0,0.5,Open e-Tender,11790000.0,11790000.0,0.0084,0.0011,0.9441,0.219,0,0,0,0,0.582,0.184,1
TND-001639,MPLADS-001639,1,Open e-Tender,2023-12-10,14,5,5,0,0.833,Open e-Tender,700000.0,700000.0,0.0101,0.0254,0.8652,0.038,0,0,0,0,0.11,0.204,1
TND-001640,MPLADS-001640,1,Open e-Tender,2022-03-30,16,4,3,0,0.667,Open e-Tender,3083000.0,3083000.0,-0.0163,0.0372,0.8847,0.023,0,0,0,1,0.56,0.054,1
TND-001641,MPLADS-001641,1,Open e-Tender,2023-12-15,27,3,3,0,0.5,Open e-Tender,2763000.0,2763000.0,-0.0086,0.0143,0.8621,0.109,1,0,0,1,0.698,0.364,1
TND-001642,MPLADS-001642,1,Open e-Tender,2023-07-06,20,6,6,0,1.0,Open e-Tender,2242000.0,2242000.0,-0.0027,0.0278,0.9262,0.023,0,0,0,0,0.56,0.063,1
TND-001643,MPLADS-001643,1,Open e-Tender,2023-12-10,26,3,3,0,0.5,Open e-Tender,416000.0,416000.0,0.0024,0.0136,0.9173,0.02,1,0,0,0,0.211,0.482,1
TND-001644,MPLADS-001644,1,Open e-Tender,2022-01-30,17,4,3,0,0.667,Open e-Tender,1498000.0,1498000.0,-0.0501,0.0071,0.886,0.036,1,0,0,0,0.71,0.484,1
TND-001645,MPLADS-001645,1,Open e-Tender,2023-05-30,16,5,4,0,0.833,Open e-Tender,3488000.0,3488000.0,-0.0454,0.015,0.8955,0.15,0,0,0,0,0.266,0.137,1
TND-001646,MPLADS-001646,1,Open e-Tender,2022-01-30,15,6,6,0,1.0,Open e-Tender,2537000.0,2537000.0,-0.0357,0.0185,0.8882,0.112,0,0,0,0,0.243,0.126,1
TND-001647,MPLADS-001647,1,Open e-Tender,2022-03-29,25,6,6,0,1.0,Open e-Tender,585000.0,585000.0,0.0156,0.0346,0.887,0.247,0,0,0,0,0.75,0.389,1
TND-001648,MPLADS-001648,1,Open e-Tender,2023-01-02,17,3,3,0,0.5,Open e-Tender,3763000.0,3763000.0,-0.0254,0.0479,0.9408,0.127,0,0,0,0,0.458,0.276,1
TND-001649,MPLADS-001649,1,Open e-Tender,2022-07-23,25,5,4,0,0.833,Open e-Tender,3662000.0,3662000.0,-0.0393,0.0046,0.9811,0.001,1,0,0,1,0.115,0.171,1
TND-001650,MPLADS-001650,1,Open e-Tender,2022-12-30,23,4,4,0,0.667,Open e-Tender,1422000.0,1422000.0,-0.0021,0.0425,0.9172,0.196,0,0,0,0,0.262,0.112,1
TND-001651,MPLADS-001651,1,Open e-Tender,2023-07-31,17,3,3,0,0.5,Open e-Tender,11476000.0,11476000.0,0.0136,0.0017,0.9747,0.189,0,0,0,0,0.37,0.478,1
TND-001652,MPLADS-001652,1,Open e-Tender,2022-12-19,15,6,5,0,1.0,Open e-Tender,3622000.0,3622000.0,-0.0326,0.0376,0.904,0.129,1,0,0,1,0.387,0.135,1
TND-001653,MPLADS-001653,1,Open e-Tender,2023-11-29,19,7,6,0,1.0,Open e-Tender,2186000.0,2186000.0,-0.021,0.0188,0.9696,0.233,0,0,0,1,0.126,0.174,1
TND-001654,MPLADS-001654,1,Open e-Tender,2022-04-30,24,7,6,0,1.0,Open e-Tender,1694000.0,1694000.0,0.0193,0.0488,0.8901,0.119,0,0,0,0,0.246,0.1,1
TND-001655,MPLADS-001655,1,Open e-Tender,2023-08-15,21,4,4,0,0.667,Open e-Tender,1636000.0,1636000.0,-0.0209,0.0398,0.9175,0.059,0,0,0,1,0.631,0.451,1
TND-001656,MPLADS-001656,1,Open e-Tender,2022-03-06,18,6,6,0,1.0,Open e-Tender,543000.0,543000.0,-0.0423,0.0293,0.9529,0.161,0,0,0,0,0.387,0.109,1
TND-001657,MPLADS-001657,1,Open e-Tender,2023-08-25,16,6,6,0,1.0,Open e-Tender,1996000.0,1996000.0,0.0081,0.0148,0.8757,0.092,0,0,0,0,0.398,0.408,1
TND-001658,MPLADS-001658,1,Open e-Tender,2022-06-26,21,3,3,0,0.5,Open e-Tender,1466000.0,1466000.0,-0.0692,0.0411,0.8995,0.133,0,0,0,0,0.176,0.363,1
TND-001659,MPLADS-001659,1,Open e-Tender,2023-01-10,25,4,3,0,0.667,Open e-Tender,1687000.0,1687000.0,0.0181,0.0326,0.9758,0.187,0,0,0,1,0.249,0.406,1
TND-001660,MPLADS-001660,1,Open e-Tender,2022-10-16,15,4,4,0,0.667,Open e-Tender,2837000.0,2837000.0,0.0107,0.0166,0.9773,0.204,0,0,0,1,0.364,0.209,1
TND-001661,MPLADS-001661,1,Open e-Tender,2022-02-26,17,3,2,0,0.5,Open e-Tender,2844000.0,2844000.0,-0.0094,0.0306,0.9517,0.125,0,0,0,0,0.526,0.478,1
TND-001662,MPLADS-001662,1,Open e-Tender,2022-02-19,28,7,7,0,1.0,Open e-Tender,3244000.0,3244000.0,-0.0734,0.0034,0.9008,0.153,0,0,0,0,0.666,0.354,1
TND-001663,MPLADS-001663,1,Open e-Tender,2022-02-22,18,4,3,0,0.667,Open e-Tender,1545000.0,1545000.0,-0.0726,0.019,0.9441,0.002,0,0,0,0,0.411,0.086,1
TND-001664,MPLADS-001664,1,Open e-Tender,2023-02-14,23,5,5,0,0.833,Open e-Tender,9825000.0,9825000.0,-0.0736,0.0345,0.9329,0.07,0,0,0,1,0.471,0.254,1
TND-001665,MPLADS-001665,1,Open e-Tender,2023-06-14,22,3,2,0,0.5,Open e-Tender,601000.0,601000.0,-0.0353,0.0172,0.9451,0.083,0,0,0,0,0.184,0.053,1
TND-001666,MPLADS-001666,1,Open e-Tender,2023-11-26,23,5,4,0,0.833,Open e-Tender,2547000.0,2547000.0,0.0143,0.0353,0.8942,0.226,0,0,0,0,0.53,0.279,1
TND-001667,MPLADS-001667,1,Open e-Tender,2022-07-25,15,4,3,0,0.667,Open e-Tender,896000.0,896000.0,-0.0303,0.0426,0.9321,0.04,0,0,0,0,0.106,0.471,1
TND-001668,MPLADS-001668,1,Open e-Tender,2023-08-15,26,4,4,0,0.667,Open e-Tender,1070000.0,1070000.0,-0.0378,0.0111,0.8853,0.084,0,0,0,0,0.339,0.15,1
TND-001669,MPLADS-001669,1,Open e-Tender,2022-09-01,17,5,5,0,0.833,Open e-Tender,9876000.0,9876000.0,-0.0518,0.0349,0.8693,0.189,0,0,0,0,0.625,0.289,1
TND-001670,MPLADS-001670,1,Open e-Tender,2023-11-11,24,3,3,0,0.5,Open e-Tender,1174000.0,1174000.0,-0.0051,0.0484,0.9145,0.153,0,0,0,0,0.277,0.473,1
TND-001671,MPLADS-001671,1,Open e-Tender,2023-04-25,19,4,3,0,0.667,Open e-Tender,1263000.0,1263000.0,-0.0774,0.0272,0.9651,0.045,0,0,0,1,0.393,0.052,1
TND-001672,MPLADS-001672,1,Open e-Tender,2022-10-30,20,6,6,0,1.0,Open e-Tender,2488000.0,2488000.0,-0.054,0.029,0.9078,0.198,1,0,0,0,0.123,0.263,1
TND-001673,MPLADS-001673,1,Direct / Single Inquiry,2023-10-09,20,1,1,1,0.167,Single Tender Inquiry,1368000.0,1368000.0,0.0074,0.0479,0.0,0.058,0,0,0,0,0.566,0.169,0
TND-001674,MPLADS-001674,1,Open e-Tender,2022-08-19,14,5,5,0,0.833,Open e-Tender,12426000.0,12426000.0,0.0145,0.0039,0.9312,0.019,0,0,0,1,0.477,0.161,1
TND-001675,MPLADS-001675,1,Open e-Tender,2023-04-24,15,4,3,0,0.667,Open e-Tender,2646000.0,2646000.0,-0.0167,0.0403,0.9381,0.009,0,0,0,0,0.454,0.432,1
TND-001676,MPLADS-001676,1,Open e-Tender,2023-05-15,23,4,4,0,0.667,Open e-Tender,2977000.0,2977000.0,-0.0133,0.0007,0.9466,0.247,1,0,0,1,0.516,0.17,1
TND-001677,MPLADS-001677,1,Open e-Tender,2022-02-03,22,5,4,0,0.833,Open e-Tender,571000.0,571000.0,-0.0172,0.0269,0.8867,0.183,1,0,0,0,0.348,0.433,1
TND-001678,MPLADS-001678,1,Open e-Tender,2023-08-01,14,6,6,0,1.0,Open e-Tender,543000.0,543000.0,-0.0507,0.0321,0.9317,0.179,0,0,0,0,0.25,0.105,1
TND-001679,MPLADS-001679,1,Open e-Tender,2023-09-27,29,4,3,0,0.667,Open e-Tender,1885000.0,1885000.0,-0.0537,0.0187,0.9673,0.177,0,0,0,1,0.297,0.213,1
TND-001680,MPLADS-001680,1,Open e-Tender,2023-11-25,27,5,4,0,0.833,Open e-Tender,2168000.0,2168000.0,-0.0491,0.0321,0.9873,0.231,0,0,0,1,0.227,0.21,1
TND-001681,MPLADS-001681,1,Open e-Tender,2023-11-01,26,4,3,0,0.667,Open e-Tender,2435000.0,2435000.0,-0.0425,0.0019,0.8761,0.188,0,0,0,0,0.749,0.278,1
TND-001682,MPLADS-001682,1,Open e-Tender,2023-08-13,20,3,3,0,0.5,Open e-Tender,653000.0,653000.0,-0.0015,0.0113,0.9011,0.001,0,0,0,0,0.608,0.248,1
TND-001683,MPLADS-001683,1,Open e-Tender,2023-08-19,15,7,6,0,1.0,Open e-Tender,15477000.0,15477000.0,-0.0506,0.0265,0.8721,0.168,0,0,0,0,0.629,0.112,1
TND-001684,MPLADS-001684,1,Open e-Tender,2022-02-07,21,7,7,0,1.0,Open e-Tender,3668000.0,3668000.0,-0.049,0.0261,0.9809,0.001,0,0,0,0,0.418,0.315,1
TND-001685,MPLADS-001685,1,Open e-Tender,2023-04-24,27,3,3,0,0.5,Open e-Tender,2433000.0,2433000.0,-0.0349,0.0198,0.9622,0.002,0,0,0,1,0.228,0.34,1
TND-001686,MPLADS-001686,1,Open e-Tender,2022-10-04,20,4,4,0,0.667,Open e-Tender,784000.0,784000.0,-0.0554,0.0153,0.955,0.148,0,0,0,0,0.13,0.143,1
TND-001687,MPLADS-001687,1,Open e-Tender,2022-11-02,27,3,2,0,0.5,Open e-Tender,724000.0,724000.0,0.0084,0.0439,0.9132,0.106,0,0,0,1,0.302,0.255,1
TND-001688,MPLADS-001688,1,Open e-Tender,2023-06-04,27,5,5,0,0.833,Open e-Tender,12186000.0,12186000.0,0.0077,0.0371,0.8843,0.194,0,0,0,0,0.274,0.496,1
TND-001689,MPLADS-001689,1,Open e-Tender,2023-08-08,14,7,7,0,1.0,Open e-Tender,2764000.0,2764000.0,0.0033,0.0114,0.9589,0.227,0,0,0,0,0.573,0.305,1
TND-001690,MPLADS-001690,1,Open e-Tender,2023-04-22,21,3,3,0,0.5,Open e-Tender,1225000.0,1225000.0,0.0082,0.0421,0.9817,0.16,0,0,0,0,0.687,0.374,1
TND-001691,MPLADS-001691,1,Open e-Tender,2023-10-04,22,4,4,0,0.667,Open e-Tender,14553000.0,14553000.0,0.0069,0.0491,0.9585,0.11,1,0,0,0,0.472,0.482,1
TND-001692,MPLADS-001692,1,Open e-Tender,2022-10-06,23,5,5,0,0.833,Open e-Tender,1796000.0,1796000.0,-0.0532,0.0135,0.9018,0.187,0,0,0,1,0.184,0.435,1
TND-001693,MPLADS-001693,1,Open e-Tender,2022-04-08,20,5,4,0,0.833,Open e-Tender,2545000.0,2545000.0,-0.0234,0.0343,0.9199,0.0,0,0,0,0,0.265,0.384,1
TND-001694,MPLADS-001694,1,Open e-Tender,2022-03-10,29,3,3,0,0.5,Open e-Tender,2341000.0,2341000.0,-0.0602,0.0026,0.9698,0.058,1,0,0,0,0.259,0.466,1
TND-001695,MPLADS-001695,1,Open e-Tender,2023-07-02,26,6,5,0,1.0,Open e-Tender,659000.0,659000.0,-0.0532,0.018,0.8804,0.227,0,0,0,0,0.193,0.064,1
TND-001696,MPLADS-001696,1,Open e-Tender,2022-08-25,21,4,4,0,0.667,Open e-Tender,821000.0,821000.0,-0.0341,0.0398,0.881,0.121,0,0,0,0,0.476,0.434,1
TND-001697,MPLADS-001697,1,Open e-Tender,2023-08-15,16,7,7,0,1.0,Open e-Tender,1680000.0,1680000.0,-0.0438,0.0016,0.9539,0.166,0,0,0,0,0.603,0.182,1
TND-001698,MPLADS-001698,1,Open e-Tender,2022-08-25,23,4,4,0,0.667,Open e-Tender,537000.0,537000.0,0.0019,0.0346,0.8999,0.081,0,0,0,1,0.387,0.289,1
TND-001699,MPLADS-001699,1,Open e-Tender,2023-09-18,17,4,3,0,0.667,Open e-Tender,3548000.0,3548000.0,-0.0237,0.0142,0.9058,0.149,0,0,0,0,0.688,0.078,1
TND-001700,MPLADS-001700,1,Open e-Tender,2022-01-31,20,5,5,0,0.833,Open e-Tender,1928000.0,1928000.0,0.0105,0.045,0.9409,0.138,0,0,0,1,0.35,0.142,1
TND-001701,MPLADS-001701,1,Open e-Tender,2022-12-29,25,6,5,0,1.0,Open e-Tender,3035000.0,3035000.0,0.0107,0.0148,0.9877,0.086,0,0,0,0,0.725,0.341,1
TND-001702,MPLADS-001702,1,Open e-Tender,2022-06-03,16,7,7,0,1.0,Open e-Tender,1854000.0,1854000.0,-0.0594,0.0468,0.927,0.154,0,0,0,0,0.727,0.463,1
TND-001703,MPLADS-001703,1,Open e-Tender,2022-02-03,21,5,4,0,0.833,Open e-Tender,2054000.0,2054000.0,-0.02,0.0143,0.9738,0.054,0,0,0,0,0.45,0.053,1
TND-001704,MPLADS-001704,1,Open e-Tender,2023-05-31,22,5,5,0,0.833,Open e-Tender,1531000.0,1531000.0,-0.0322,0.0465,0.8864,0.073,0,0,0,0,0.417,0.079,1
TND-001705,MPLADS-001705,1,Open e-Tender,2022-07-25,15,5,4,0,0.833,Open e-Tender,3835000.0,3835000.0,-0.0451,0.0096,0.9458,0.188,0,0,0,1,0.693,0.062,1
TND-001706,MPLADS-001706,1,Open e-Tender,2022-09-18,19,7,6,0,1.0,Open e-Tender,14155000.0,14155000.0,0.005,0.0401,0.9339,0.047,0,0,0,0,0.15,0.496,1
TND-001707,MPLADS-001707,1,Open e-Tender,2023-03-14,20,4,3,0,0.667,Open e-Tender,2343000.0,2343000.0,0.0064,0.0496,0.9502,0.162,0,0,0,1,0.121,0.387,1
TND-001708,MPLADS-001708,1,Open e-Tender,2023-05-18,24,6,6,0,1.0,Open e-Tender,497000.0,497000.0,-0.0675,0.0039,0.9073,0.192,0,0,0,0,0.398,0.081,1
TND-001709,MPLADS-001709,1,Open e-Tender,2022-03-17,26,5,5,0,0.833,Open e-Tender,15021000.0,15021000.0,-0.0131,0.0074,0.866,0.076,0,0,0,1,0.35,0.056,1
TND-001710,MPLADS-001710,1,Open e-Tender,2022-08-09,21,4,3,0,0.667,Open e-Tender,1467000.0,1467000.0,-0.038,0.0116,0.9644,0.044,0,0,0,1,0.507,0.173,1
TND-001711,MPLADS-001711,1,Direct / Single Inquiry,2023-07-26,25,1,1,1,0.167,Single Tender Inquiry,553000.0,553000.0,-0.0563,0.0379,0.0,0.245,0,0,0,0,0.491,0.153,0
TND-001712,MPLADS-001712,1,Open e-Tender,2023-11-04,29,7,6,0,1.0,Open e-Tender,997000.0,997000.0,-0.0413,0.0378,0.9195,0.043,0,0,0,0,0.692,0.156,1
TND-001713,MPLADS-001713,1,Open e-Tender,2023-02-27,24,3,3,0,0.5,Open e-Tender,1393000.0,1393000.0,0.0131,0.0138,0.8669,0.046,0,0,0,1,0.731,0.296,1
TND-001714,MPLADS-001714,1,Open e-Tender,2023-02-13,23,3,2,0,0.5,Open e-Tender,2196000.0,2196000.0,-0.0691,0.0285,0.9002,0.187,0,0,0,1,0.698,0.155,1
TND-001715,MPLADS-001715,1,Open e-Tender,2023-01-09,28,7,6,0,1.0,Open e-Tender,3141000.0,3141000.0,-0.0502,0.0004,0.8921,0.028,0,0,0,0,0.61,0.351,1
TND-001716,MPLADS-001716,1,Open e-Tender,2022-07-18,20,5,4,0,0.833,Open e-Tender,2303000.0,2303000.0,0.0013,0.0136,0.8778,0.146,0,0,0,1,0.621,0.487,1
TND-001717,MPLADS-001717,1,Open e-Tender,2023-05-03,24,6,5,0,1.0,Open e-Tender,14759000.0,14759000.0,-0.0754,0.0214,0.9727,0.088,0,0,0,1,0.573,0.385,1
TND-001718,MPLADS-001718,1,Open e-Tender,2023-04-06,28,6,6,0,1.0,Open e-Tender,1838000.0,1838000.0,0.0077,0.0379,0.9634,0.175,0,0,0,0,0.567,0.325,1
TND-001719,MPLADS-001719,1,Open e-Tender,2023-06-23,20,3,2,0,0.5,Open e-Tender,1684000.0,1684000.0,-0.0405,0.0408,0.8547,0.064,0,0,0,0,0.523,0.329,1
TND-001720,MPLADS-001720,1,Open e-Tender,2022-10-23,19,7,6,0,1.0,Open e-Tender,950000.0,950000.0,-0.0236,0.0424,0.9117,0.205,0,0,0,0,0.244,0.132,1
TND-001721,MPLADS-001721,1,Open e-Tender,2022-03-07,26,5,4,0,0.833,Open e-Tender,1738000.0,1738000.0,-0.0636,0.0397,0.8737,0.089,0,0,0,0,0.157,0.163,1
TND-001722,MPLADS-001722,1,Open e-Tender,2023-05-25,21,6,5,0,1.0,Open e-Tender,2217000.0,2217000.0,-0.0689,0.0019,0.9781,0.232,0,0,0,0,0.226,0.48,1
TND-001723,MPLADS-001723,1,Open e-Tender,2023-11-16,24,4,4,0,0.667,Open e-Tender,12717000.0,12717000.0,-0.0534,0.0013,0.9598,0.075,0,0,0,0,0.242,0.141,1
TND-001724,MPLADS-001724,1,Open e-Tender,2022-08-26,17,4,4,0,0.667,Open e-Tender,2703000.0,2703000.0,-0.0055,0.0258,0.9272,0.205,1,0,0,0,0.701,0.311,1
TND-001725,MPLADS-001725,1,Open e-Tender,2023-03-21,22,7,7,0,1.0,Open e-Tender,14789000.0,14789000.0,-0.05,0.0107,0.8693,0.224,0,0,0,1,0.485,0.216,1
TND-001726,MPLADS-001726,1,Open e-Tender,2022-11-17,20,4,3,0,0.667,Open e-Tender,1629000.0,1629000.0,-0.0485,0.0285,0.976,0.009,0,0,0,1,0.361,0.393,1
TND-001727,MPLADS-001727,1,Open e-Tender,2022-06-01,17,4,4,0,0.667,Open e-Tender,986000.0,986000.0,-0.016,0.0361,0.897,0.216,0,0,0,0,0.151,0.2,1
TND-001728,MPLADS-001728,1,Open e-Tender,2022-10-02,16,7,6,0,1.0,Open e-Tender,2255000.0,2255000.0,-0.0053,0.0087,0.9285,0.095,0,0,0,0,0.425,0.162,1
TND-001729,MPLADS-001729,1,Direct / Single Inquiry,2023-04-14,29,1,1,1,0.167,Single Tender Inquiry,3245000.0,3245000.0,-0.0167,0.0289,0.0,0.23,0,0,0,0,0.294,0.095,0
TND-001730,MPLADS-001730,1,Direct / Single Inquiry,2023-05-14,17,1,1,1,0.167,Single Tender Inquiry,2086000.0,2086000.0,0.0014,0.0478,0.0,0.242,0,0,0,1,0.336,0.324,0
TND-001731,MPLADS-001731,1,Open e-Tender,2023-07-12,15,6,6,0,1.0,Open e-Tender,16055000.0,16055000.0,-0.018,0.0358,0.8861,0.179,0,0,0,1,0.335,0.437,1
TND-001732,MPLADS-001732,1,Open e-Tender,2023-10-09,24,7,6,0,1.0,Open e-Tender,411000.0,411000.0,0.0173,0.0313,0.9768,0.186,0,0,0,0,0.495,0.477,1
TND-001733,MPLADS-001733,1,Open e-Tender,2023-02-26,27,3,2,0,0.5,Open e-Tender,1908000.0,1908000.0,-0.0498,0.0417,0.9309,0.132,0,0,0,1,0.714,0.471,1
TND-001734,MPLADS-001734,1,Open e-Tender,2022-03-10,21,6,6,0,1.0,Open e-Tender,2514000.0,2514000.0,-0.0346,0.05,0.9469,0.029,0,0,0,0,0.527,0.197,1
TND-001735,MPLADS-001735,1,Open e-Tender,2023-02-15,24,4,4,0,0.667,Open e-Tender,56351000.0,56351000.0,-0.0252,0.0328,0.9105,0.184,0,0,0,0,0.675,0.238,1
TND-001736,MPLADS-001736,1,Open e-Tender,2023-10-13,15,7,7,0,1.0,Open e-Tender,14007000.0,14007000.0,-0.0666,0.0001,0.9537,0.127,0,0,0,0,0.746,0.152,1
TND-001737,MPLADS-001737,1,Open e-Tender,2023-05-13,20,4,4,0,0.667,Open e-Tender,13952000.0,13952000.0,-0.0754,0.0152,0.894,0.033,0,0,0,0,0.325,0.309,1
TND-001738,MPLADS-001738,1,Open e-Tender,2023-04-30,27,6,6,0,1.0,Open e-Tender,2344000.0,2344000.0,0.0039,0.0199,0.975,0.227,0,0,0,1,0.19,0.051,1
TND-001739,MPLADS-001739,1,Open e-Tender,2023-06-13,17,5,5,0,0.833,Open e-Tender,575000.0,575000.0,0.0159,0.0201,0.9719,0.177,0,0,0,0,0.131,0.34,1
TND-001740,MPLADS-001740,1,Open e-Tender,2022-04-20,23,6,5,0,1.0,Open e-Tender,2257000.0,2257000.0,-0.0229,0.0217,0.9772,0.079,0,0,0,1,0.212,0.056,1
TND-001741,MPLADS-001741,1,Open e-Tender,2022-08-11,27,4,3,0,0.667,Open e-Tender,11679000.0,11679000.0,-0.0799,0.0209,0.9294,0.193,0,0,0,0,0.313,0.09,1
TND-001742,MPLADS-001742,1,Open e-Tender,2023-06-04,24,4,3,0,0.667,Open e-Tender,2125000.0,2125000.0,-0.018,0.0179,0.8557,0.104,0,0,0,0,0.518,0.333,1
TND-001743,MPLADS-001743,1,Open e-Tender,2022-01-05,24,4,3,0,0.667,Open e-Tender,3240000.0,3240000.0,-0.0107,0.0206,0.9145,0.236,1,0,0,0,0.73,0.121,1
TND-001744,MPLADS-001744,1,Open e-Tender,2023-05-12,24,3,3,0,0.5,Open e-Tender,3794000.0,3794000.0,-0.0424,0.0268,0.9081,0.153,0,0,0,0,0.241,0.313,1
TND-001745,MPLADS-001745,1,Open e-Tender,2023-08-19,24,5,5,0,0.833,Open e-Tender,2465000.0,2465000.0,-0.0599,0.0498,0.969,0.03,0,0,0,1,0.431,0.308,1
TND-001746,MPLADS-001746,1,Open e-Tender,2022-12-10,28,4,4,0,0.667,Open e-Tender,2143000.0,2143000.0,-0.0079,0.0358,0.8713,0.067,0,0,0,0,0.112,0.127,1
TND-001747,MPLADS-001747,1,Open e-Tender,2022-07-08,26,4,3,0,0.667,Open e-Tender,1443000.0,1443000.0,-0.0648,0.0461,0.8834,0.007,0,0,0,0,0.443,0.484,1
TND-001748,MPLADS-001748,1,Direct / Single Inquiry,2023-03-01,24,1,1,1,0.167,Single Tender Inquiry,2250000.0,2250000.0,0.0131,0.0004,0.0,0.15,0,0,0,0,0.115,0.287,0
TND-001749,MPLADS-001749,1,Open e-Tender,2022-09-13,24,6,6,0,1.0,Open e-Tender,1839000.0,1839000.0,-0.0326,0.0414,0.9163,0.105,0,0,0,0,0.566,0.462,1
TND-001750,MPLADS-001750,1,Open e-Tender,2023-01-01,24,6,6,0,1.0,Open e-Tender,3301000.0,3301000.0,0.0173,0.0142,0.9438,0.125,0,0,0,0,0.315,0.193,1
TND-001751,MPLADS-001751,1,Open e-Tender,2022-08-24,26,7,7,0,1.0,Open e-Tender,12264000.0,12264000.0,-0.0419,0.0441,0.8509,0.2,0,0,0,1,0.372,0.335,1
TND-001752,MPLADS-001752,1,Open e-Tender,2023-02-24,22,6,5,0,1.0,Open e-Tender,2663000.0,2663000.0,-0.0022,0.014,0.8812,0.219,1,0,0,0,0.206,0.095,1
TND-001753,MPLADS-001753,1,Open e-Tender,2022-09-18,15,6,5,0,1.0,Open e-Tender,574000.0,574000.0,-0.0528,0.0029,0.9723,0.176,0,0,0,0,0.724,0.305,1
TND-001754,MPLADS-001754,1,Open e-Tender,2023-12-02,23,7,6,0,1.0,Open e-Tender,2538000.0,2538000.0,-0.0368,0.0361,0.9808,0.049,0,0,0,0,0.302,0.182,1
TND-001755,MPLADS-001755,1,Open e-Tender,2022-12-01,21,6,5,0,1.0,Open e-Tender,1490000.0,1490000.0,-0.0249,0.0172,0.9352,0.022,0,0,0,0,0.49,0.076,1
TND-001756,MPLADS-001756,1,Open e-Tender,2023-05-23,15,7,6,0,1.0,Open e-Tender,3437000.0,3437000.0,-0.0614,0.0223,0.8807,0.033,0,0,0,0,0.266,0.327,1
TND-001757,MPLADS-001757,1,Open e-Tender,2022-06-03,27,4,3,0,0.667,Open e-Tender,2549000.0,2549000.0,-0.0604,0.0431,0.9383,0.144,1,0,0,0,0.567,0.104,1
TND-001758,MPLADS-001758,1,Open e-Tender,2022-12-21,27,3,2,0,0.5,Open e-Tender,1296000.0,1296000.0,0.0086,0.012,0.9791,0.097,0,0,0,0,0.626,0.245,1
TND-001759,MPLADS-001759,1,Open e-Tender,2023-12-30,25,5,5,0,0.833,Open e-Tender,1213000.0,1213000.0,-0.0082,0.0286,0.8762,0.061,0,0,0,0,0.676,0.385,1
TND-001760,MPLADS-001760,1,Open e-Tender,2023-03-01,14,3,2,0,0.5,Open e-Tender,1867000.0,1867000.0,-0.0599,0.0411,0.8517,0.135,0,0,0,0,0.554,0.491,1
TND-001761,MPLADS-001761,1,Open e-Tender,2023-01-10,23,7,7,0,1.0,Open e-Tender,1848000.0,1848000.0,-0.0175,0.0399,0.8666,0.188,0,0,0,0,0.288,0.127,1
TND-001762,MPLADS-001762,1,Open e-Tender,2022-01-14,29,4,3,0,0.667,Open e-Tender,1693000.0,1693000.0,0.0138,0.0103,0.9844,0.11,0,0,0,0,0.246,0.271,1
TND-001763,MPLADS-001763,1,Open e-Tender,2023-01-16,21,3,3,0,0.5,Open e-Tender,561000.0,561000.0,-0.0071,0.0343,0.9391,0.104,0,0,0,0,0.748,0.054,1
TND-001764,MPLADS-001764,1,Open e-Tender,2023-12-12,29,7,6,0,1.0,Open e-Tender,14444000.0,14444000.0,-0.0034,0.0235,0.9824,0.009,0,0,0,0,0.108,0.392,1
TND-001765,MPLADS-001765,1,Open e-Tender,2022-03-07,25,5,5,0,0.833,Open e-Tender,2290000.0,2290000.0,0.0048,0.0241,0.9123,0.164,0,0,0,0,0.253,0.277,1
TND-001766,MPLADS-001766,1,Open e-Tender,2022-10-27,16,4,3,0,0.667,Open e-Tender,1676000.0,1676000.0,-0.0531,0.0165,0.891,0.167,0,0,0,1,0.135,0.201,1
TND-001767,MPLADS-001767,1,Open e-Tender,2023-04-15,24,4,4,0,0.667,Open e-Tender,1006000.0,1006000.0,-0.0668,0.0136,0.9738,0.036,0,0,0,0,0.405,0.286,1
TND-001768,MPLADS-001768,1,Open e-Tender,2023-03-06,19,6,6,0,1.0,Open e-Tender,14670000.0,14670000.0,-0.0326,0.0085,0.8862,0.241,0,0,0,0,0.738,0.111,1
TND-001769,MPLADS-001769,1,Open e-Tender,2022-05-03,27,4,3,0,0.667,Open e-Tender,596000.0,596000.0,-0.0599,0.0136,0.9569,0.099,0,0,0,1,0.338,0.306,1
TND-001770,MPLADS-001770,1,Open e-Tender,2022-02-08,15,3,2,0,0.5,Open e-Tender,4111000.0,4111000.0,0.0061,0.0141,0.9062,0.057,0,0,0,1,0.681,0.203,1
TND-001771,MPLADS-001771,1,Open e-Tender,2022-10-20,26,6,6,0,1.0,Open e-Tender,645000.0,645000.0,-0.0301,0.0319,0.986,0.072,0,0,0,1,0.414,0.213,1
TND-001772,MPLADS-001772,1,Open e-Tender,2023-08-21,26,4,3,0,0.667,Open e-Tender,2388000.0,2388000.0,-0.0602,0.0121,0.862,0.103,0,0,0,1,0.571,0.326,1
TND-001773,MPLADS-001773,1,Open e-Tender,2023-04-06,28,6,5,0,1.0,Open e-Tender,2141000.0,2141000.0,-0.0188,0.0205,0.8824,0.142,1,0,0,1,0.698,0.356,1
TND-001774,MPLADS-001774,1,Open e-Tender,2023-05-29,18,7,6,0,1.0,Open e-Tender,2015000.0,2015000.0,-0.0689,0.0479,0.9626,0.075,0,0,0,0,0.437,0.443,1
TND-001775,MPLADS-001775,1,Open e-Tender,2022-06-12,14,4,4,0,0.667,Open e-Tender,2513000.0,2513000.0,-0.0445,0.0296,0.9835,0.001,0,0,0,0,0.509,0.491,1
TND-001776,MPLADS-001776,1,Open e-Tender,2023-03-15,21,5,5,0,0.833,Open e-Tender,3077000.0,3077000.0,-0.001,0.0458,0.9481,0.095,0,0,0,0,0.199,0.071,1
TND-001777,MPLADS-001777,1,Open e-Tender,2022-03-17,15,6,6,0,1.0,Open e-Tender,2748000.0,2748000.0,-0.0707,0.0056,0.8633,0.022,0,0,0,0,0.669,0.101,1
TND-001778,MPLADS-001778,1,Open e-Tender,2022-07-28,27,4,4,0,0.667,Open e-Tender,1863000.0,1863000.0,-0.0407,0.026,0.8559,0.164,0,0,0,0,0.125,0.35,1
TND-001779,MPLADS-001779,1,Open e-Tender,2023-03-28,27,4,4,0,0.667,Open e-Tender,13524000.0,13524000.0,-0.0685,0.0007,0.9238,0.069,1,0,0,0,0.457,0.455,1
TND-001780,MPLADS-001780,1,Open e-Tender,2023-04-01,14,7,7,0,1.0,Open e-Tender,1205000.0,1205000.0,0.0075,0.033,0.9044,0.107,0,0,0,0,0.373,0.411,1
TND-001781,MPLADS-001781,1,Open e-Tender,2023-05-10,18,6,6,0,1.0,Open e-Tender,651000.0,651000.0,-0.0647,0.0089,0.8714,0.0,0,0,0,0,0.568,0.118,1
TND-001782,MPLADS-001782,1,Open e-Tender,2023-01-01,15,6,5,0,1.0,Open e-Tender,8702000.0,8702000.0,-0.0374,0.0089,0.8813,0.241,0,0,0,0,0.121,0.487,1
TND-001783,MPLADS-001783,1,Open e-Tender,2022-03-11,21,5,5,0,0.833,Open e-Tender,1939000.0,1939000.0,-0.061,0.0124,0.9555,0.075,0,0,0,0,0.141,0.451,1
TND-001784,MPLADS-001784,1,Open e-Tender,2023-08-10,27,7,6,0,1.0,Open e-Tender,2450000.0,2450000.0,-0.0617,0.0228,0.9272,0.09,0,0,0,0,0.263,0.219,1
TND-001785,MPLADS-001785,1,Open e-Tender,2023-08-01,29,6,5,0,1.0,Open e-Tender,1632000.0,1632000.0,-0.0583,0.0236,0.9319,0.006,0,0,0,1,0.509,0.09,1
TND-001786,MPLADS-001786,1,Open e-Tender,2023-02-07,27,7,6,0,1.0,Open e-Tender,7853000.0,7853000.0,-0.0335,0.0078,0.8805,0.15,0,0,0,1,0.464,0.349,1
TND-001787,MPLADS-001787,1,Open e-Tender,2023-02-14,23,3,3,0,0.5,Open e-Tender,11768000.0,11768000.0,-0.064,0.0285,0.8754,0.231,0,0,0,0,0.56,0.44,1
TND-001788,MPLADS-001788,1,Open e-Tender,2023-08-18,28,4,3,0,0.667,Open e-Tender,2700000.0,2700000.0,-0.0459,0.0239,0.8502,0.215,0,0,0,0,0.561,0.332,1
TND-001789,MPLADS-001789,1,Open e-Tender,2023-09-07,24,3,3,0,0.5,Open e-Tender,2615000.0,2615000.0,-0.0597,0.0354,0.9674,0.147,0,0,0,1,0.135,0.167,1
TND-001790,MPLADS-001790,1,Direct / Single Inquiry,2022-07-31,27,1,1,1,0.167,Single Tender Inquiry,3942000.0,3942000.0,-0.0028,0.031,0.0,0.16,0,0,0,0,0.394,0.198,0
TND-001791,MPLADS-001791,1,Open e-Tender,2023-07-10,15,3,3,0,0.5,Open e-Tender,8922000.0,8922000.0,-0.0317,0.0244,0.8859,0.209,0,0,0,0,0.147,0.486,1
TND-001792,MPLADS-001792,1,Open e-Tender,2022-10-20,23,7,7,0,1.0,Open e-Tender,2457000.0,2457000.0,-0.0742,0.0051,0.9672,0.007,0,0,0,0,0.225,0.302,1
TND-001793,MPLADS-001793,1,Open e-Tender,2023-10-20,29,5,5,0,0.833,Open e-Tender,2083000.0,2083000.0,0.0,0.0418,0.9397,0.215,1,0,0,0,0.563,0.086,1
TND-001794,MPLADS-001794,1,Open e-Tender,2023-07-26,18,4,3,0,0.667,Open e-Tender,13118000.0,13118000.0,-0.0789,0.0454,0.9721,0.094,1,0,0,1,0.142,0.295,1
TND-001795,MPLADS-001795,1,Open e-Tender,2023-03-20,29,4,4,0,0.667,Open e-Tender,15610000.0,15610000.0,-0.047,0.027,0.8968,0.181,1,0,0,1,0.104,0.052,1
TND-001796,MPLADS-001796,1,Open e-Tender,2023-01-09,18,5,5,0,0.833,Open e-Tender,621000.0,621000.0,0.018,0.0382,0.9899,0.045,0,0,0,0,0.524,0.19,1
TND-001797,MPLADS-001797,1,Open e-Tender,2023-01-24,17,3,2,0,0.5,Open e-Tender,1816000.0,1816000.0,-0.061,0.0244,0.8592,0.245,0,0,0,1,0.252,0.152,1
TND-001798,MPLADS-001798,1,Open e-Tender,2022-05-09,21,5,5,0,0.833,Open e-Tender,12188000.0,12188000.0,-0.0342,0.0119,0.9879,0.156,0,0,0,0,0.354,0.213,1
TND-001799,MPLADS-001799,1,Open e-Tender,2023-01-22,17,7,6,0,1.0,Open e-Tender,2826000.0,2826000.0,-0.063,0.0124,0.9433,0.249,0,0,0,0,0.211,0.139,1
TND-001800,MPLADS-001800,1,Open e-Tender,2022-07-16,25,3,3,0,0.5,Open e-Tender,15872000.0,15872000.0,-0.0357,0.0374,0.9009,0.151,0,0,0,0,0.139,0.292,1
TND-001801,MPLADS-001801,1,Open e-Tender,2023-06-24,18,6,5,0,1.0,Open e-Tender,2416000.0,2416000.0,-0.0367,0.0497,0.8661,0.162,0,0,0,0,0.139,0.176,1
TND-001802,MPLADS-001802,1,Open e-Tender,2022-03-25,24,6,5,0,1.0,Open e-Tender,3551000.0,3551000.0,0.016,0.0471,0.8753,0.055,0,0,0,0,0.124,0.454,1
TND-001803,MPLADS-001803,1,Open e-Tender,2022-10-29,17,7,7,0,1.0,Open e-Tender,3242000.0,3242000.0,-0.0597,0.0183,0.9128,0.168,0,0,0,1,0.134,0.222,1
TND-001804,MPLADS-001804,1,Open e-Tender,2023-04-06,14,4,4,0,0.667,Open e-Tender,2166000.0,2166000.0,-0.0644,0.0065,0.9846,0.143,1,0,0,0,0.419,0.09,1
TND-001805,MPLADS-001805,1,Open e-Tender,2022-08-27,27,3,2,0,0.5,Open e-Tender,413000.0,413000.0,0.0123,0.0104,0.958,0.223,0,0,0,0,0.262,0.08,1
TND-001806,MPLADS-001806,1,Open e-Tender,2022-12-01,27,6,6,0,1.0,Open e-Tender,847000.0,847000.0,-0.0783,0.0045,0.9481,0.174,0,0,0,0,0.33,0.341,1
TND-001807,MPLADS-001807,1,Open e-Tender,2023-11-21,17,3,3,0,0.5,Open e-Tender,1651000.0,1651000.0,-0.0418,0.0321,0.8829,0.112,0,0,0,0,0.631,0.06,1
TND-001808,MPLADS-001808,1,Open e-Tender,2023-11-20,16,4,4,0,0.667,Open e-Tender,2226000.0,2226000.0,0.0091,0.0394,0.9428,0.049,1,0,0,0,0.485,0.228,1
TND-001809,MPLADS-001809,1,Open e-Tender,2022-03-28,27,3,2,0,0.5,Open e-Tender,2899000.0,2899000.0,-0.0401,0.0295,0.9126,0.158,0,0,0,0,0.29,0.122,1
TND-001810,MPLADS-001810,1,Open e-Tender,2022-11-16,25,5,5,0,0.833,Open e-Tender,868000.0,868000.0,-0.0269,0.0091,0.9381,0.214,0,0,0,0,0.239,0.338,1
TND-001811,MPLADS-001811,1,Direct / Single Inquiry,2023-07-01,24,1,1,1,0.167,Single Tender Inquiry,2573000.0,2573000.0,-0.0127,0.0076,0.0,0.086,1,0,0,0,0.292,0.403,0
TND-001812,MPLADS-001812,1,Open e-Tender,2022-12-25,24,3,2,0,0.5,Open e-Tender,517000.0,517000.0,0.0,0.0405,0.9485,0.122,0,0,0,0,0.598,0.495,1
TND-001813,MPLADS-001813,1,Direct / Single Inquiry,2022-01-20,23,1,1,1,0.167,Single Tender Inquiry,2390000.0,2390000.0,-0.0304,0.0497,0.0,0.245,0,0,0,0,0.687,0.23,0
TND-001814,MPLADS-001814,1,Open e-Tender,2023-02-27,25,6,5,0,1.0,Open e-Tender,1968000.0,1968000.0,0.0181,0.0316,0.8507,0.159,0,0,0,0,0.553,0.051,1
TND-001815,MPLADS-001815,1,Open e-Tender,2022-12-24,23,5,4,0,0.833,Open e-Tender,1994000.0,1994000.0,-0.0743,0.0267,0.8744,0.041,0,0,0,0,0.421,0.403,1
TND-001816,MPLADS-001816,1,Open e-Tender,2022-04-08,24,7,7,0,1.0,Open e-Tender,2307000.0,2307000.0,-0.0311,0.0066,0.9694,0.031,0,0,0,0,0.115,0.385,1
TND-001817,MPLADS-001817,1,Open e-Tender,2023-01-22,18,3,2,0,0.5,Open e-Tender,15836000.0,15836000.0,-0.0243,0.0303,0.9143,0.084,0,0,0,0,0.622,0.463,1
TND-001818,MPLADS-001818,1,Open e-Tender,2022-09-28,23,6,5,0,1.0,Open e-Tender,1666000.0,1666000.0,-0.0308,0.0409,0.9238,0.085,0,0,0,0,0.437,0.112,1
TND-001819,MPLADS-001819,1,Open e-Tender,2022-05-23,14,6,6,0,1.0,Open e-Tender,2504000.0,2504000.0,-0.0726,0.0276,0.8576,0.18,0,0,0,1,0.64,0.456,1
TND-001820,MPLADS-001820,1,Open e-Tender,2023-03-27,26,5,5,0,0.833,Open e-Tender,1436000.0,1436000.0,-0.0349,0.0026,0.8794,0.146,0,0,0,0,0.259,0.124,1
TND-001821,MPLADS-001821,1,Open e-Tender,2022-09-11,25,7,7,0,1.0,Open e-Tender,425000.0,425000.0,0.0024,0.0051,0.975,0.008,0,0,0,0,0.389,0.165,1
TND-001822,MPLADS-001822,1,Open e-Tender,2023-03-06,18,5,5,0,0.833,Open e-Tender,1807000.0,1807000.0,0.0011,0.0286,0.964,0.126,0,0,0,0,0.633,0.263,1
TND-001823,MPLADS-001823,1,Open e-Tender,2022-04-15,24,5,5,0,0.833,Open e-Tender,3070000.0,3070000.0,-0.0337,0.0032,0.9865,0.203,0,0,0,0,0.219,0.284,1
TND-001824,MPLADS-001824,1,Open e-Tender,2023-04-10,27,6,6,0,1.0,Open e-Tender,3130000.0,3130000.0,-0.0228,0.0374,0.9335,0.142,0,0,0,1,0.251,0.359,1
TND-001825,MPLADS-001825,1,Open e-Tender,2022-08-05,15,7,6,0,1.0,Open e-Tender,2115000.0,2115000.0,-0.0752,0.0086,0.9146,0.229,0,0,0,0,0.456,0.205,1
TND-001826,MPLADS-001826,1,Direct / Single Inquiry,2023-11-01,14,1,1,1,0.167,Single Tender Inquiry,2314000.0,2314000.0,-0.0597,0.0044,0.0,0.002,1,0,0,0,0.24,0.431,0
TND-001827,MPLADS-001827,1,Open e-Tender,2023-09-10,18,4,3,0,0.667,Open e-Tender,3694000.0,3694000.0,-0.033,0.0435,0.9421,0.133,0,0,0,0,0.304,0.352,1
TND-001828,MPLADS-001828,1,Open e-Tender,2023-10-05,19,7,6,0,1.0,Open e-Tender,414000.0,414000.0,0.0049,0.0234,0.9182,0.228,0,0,0,0,0.218,0.372,1
TND-001829,MPLADS-001829,1,Direct / Single Inquiry,2022-11-02,20,1,1,1,0.167,Single Tender Inquiry,1197000.0,1197000.0,-0.0401,0.0027,0.0,0.233,0,0,0,0,0.391,0.114,0
TND-001830,MPLADS-001830,1,Open e-Tender,2023-03-24,28,7,6,0,1.0,Open e-Tender,1851000.0,1851000.0,0.0182,0.0076,0.9059,0.234,0,0,0,1,0.701,0.243,1
TND-001831,MPLADS-001831,1,Open e-Tender,2022-03-18,29,3,2,0,0.5,Open e-Tender,2451000.0,2451000.0,0.0191,0.0077,0.8843,0.163,0,0,0,1,0.295,0.339,1
TND-001832,MPLADS-001832,1,Open e-Tender,2022-06-25,15,5,4,0,0.833,Open e-Tender,1664000.0,1664000.0,-0.0393,0.023,0.9657,0.205,0,0,0,0,0.505,0.407,1
TND-001833,MPLADS-001833,1,Open e-Tender,2022-10-02,17,3,2,0,0.5,Open e-Tender,2504000.0,2504000.0,-0.034,0.0248,0.9344,0.092,0,0,0,0,0.266,0.369,1
TND-001834,MPLADS-001834,1,Open e-Tender,2022-05-25,27,5,5,0,0.833,Open e-Tender,2627000.0,2627000.0,-0.0381,0.0364,0.9461,0.159,0,0,0,1,0.352,0.294,1
TND-001835,MPLADS-001835,1,Open e-Tender,2023-01-29,27,4,4,0,0.667,Open e-Tender,758000.0,758000.0,0.0093,0.0436,0.9347,0.161,0,0,0,0,0.145,0.304,1
TND-001836,MPLADS-001836,1,Open e-Tender,2023-11-11,18,5,4,0,0.833,Open e-Tender,1927000.0,1927000.0,-0.0655,0.0222,0.9859,0.108,0,0,0,1,0.494,0.191,1
TND-001837,MPLADS-001837,1,Open e-Tender,2023-04-11,24,4,3,0,0.667,Open e-Tender,3638000.0,3638000.0,0.0185,0.0091,0.9409,0.129,0,0,0,1,0.647,0.226,1
TND-001838,MPLADS-001838,1,Open e-Tender,2022-12-04,28,6,6,0,1.0,Open e-Tender,9787000.0,9787000.0,-0.0461,0.0481,0.8644,0.155,0,0,0,0,0.6,0.079,1
TND-001839,MPLADS-001839,1,Open e-Tender,2022-08-18,27,7,7,0,1.0,Open e-Tender,2719000.0,2719000.0,-0.0163,0.0333,0.9858,0.128,0,0,0,0,0.299,0.175,1
TND-001840,MPLADS-001840,1,Open e-Tender,2022-09-03,19,6,6,0,1.0,Open e-Tender,770000.0,770000.0,-0.0039,0.0482,0.9256,0.248,0,0,0,0,0.164,0.385,1
TND-001841,MPLADS-001841,1,Open e-Tender,2023-04-12,15,6,5,0,1.0,Open e-Tender,2544000.0,2544000.0,-0.0193,0.0228,0.9198,0.025,0,0,0,1,0.104,0.236,1
TND-001842,MPLADS-001842,1,Open e-Tender,2022-06-19,16,4,3,0,0.667,Open e-Tender,885000.0,885000.0,-0.0167,0.0074,0.8866,0.078,1,0,0,0,0.702,0.195,1
TND-001843,MPLADS-001843,1,Open e-Tender,2022-05-14,18,5,4,0,0.833,Open e-Tender,2113000.0,2113000.0,0.0091,0.0441,0.8827,0.109,0,0,0,0,0.569,0.41,1
TND-001844,MPLADS-001844,1,Open e-Tender,2023-09-07,17,7,7,0,1.0,Open e-Tender,2312000.0,2312000.0,-0.0077,0.0042,0.879,0.221,0,0,0,0,0.23,0.16,1
TND-001845,MPLADS-001845,1,Open e-Tender,2022-10-31,18,4,4,0,0.667,Open e-Tender,3839000.0,3839000.0,-0.0507,0.0389,0.8611,0.136,0,0,0,0,0.568,0.361,1
TND-001846,MPLADS-001846,1,Open e-Tender,2022-06-16,14,3,2,0,0.5,Open e-Tender,12286000.0,12286000.0,0.0118,0.0186,0.8811,0.13,0,0,0,1,0.563,0.06,1
TND-001847,MPLADS-001847,1,Open e-Tender,2022-12-16,19,5,5,0,0.833,Open e-Tender,452000.0,452000.0,-0.0484,0.0023,0.8829,0.122,0,0,0,0,0.742,0.471,1
TND-001848,MPLADS-001848,1,Open e-Tender,2022-06-23,27,5,5,0,0.833,Open e-Tender,13946000.0,13946000.0,-0.0613,0.0046,0.9179,0.137,0,0,0,0,0.352,0.119,1
TND-001849,MPLADS-001849,1,Open e-Tender,2022-08-17,16,5,5,0,0.833,Open e-Tender,698000.0,698000.0,-0.0631,0.0007,0.9209,0.023,0,0,0,0,0.281,0.151,1
TND-001850,MPLADS-001850,1,Direct / Single Inquiry,2022-03-10,15,1,1,1,0.167,Single Tender Inquiry,14559000.0,14559000.0,-0.0729,0.0419,0.0,0.141,0,0,0,0,0.555,0.271,0
TND-001851,MPLADS-001851,1,Open e-Tender,2022-12-08,24,7,7,0,1.0,Open e-Tender,1387000.0,1387000.0,-0.0328,0.0297,0.971,0.191,0,0,0,0,0.517,0.217,1
TND-001852,MPLADS-001852,1,Open e-Tender,2022-01-20,28,4,3,0,0.667,Open e-Tender,876000.0,876000.0,-0.0478,0.038,0.8782,0.153,0,0,0,0,0.148,0.226,1
TND-001853,MPLADS-001853,1,Open e-Tender,2023-09-16,25,6,6,0,1.0,Open e-Tender,1895000.0,1895000.0,0.0128,0.0421,0.9893,0.202,0,0,0,0,0.393,0.209,1
TND-001854,MPLADS-001854,1,Open e-Tender,2023-04-03,26,5,4,0,0.833,Open e-Tender,2210000.0,2210000.0,0.0073,0.0276,0.9334,0.178,0,0,0,0,0.544,0.07,1
TND-001855,MPLADS-001855,1,Open e-Tender,2023-03-12,15,7,6,0,1.0,Open e-Tender,875000.0,875000.0,-0.0672,0.0106,0.8915,0.199,0,0,0,1,0.708,0.287,1
TND-001856,MPLADS-001856,1,Open e-Tender,2023-06-14,19,6,5,0,1.0,Open e-Tender,1771000.0,1771000.0,-0.021,0.0309,0.9224,0.186,1,0,0,0,0.113,0.083,1
TND-001857,MPLADS-001857,1,Open e-Tender,2022-10-21,17,7,6,0,1.0,Open e-Tender,550000.0,550000.0,0.0185,0.0028,0.9126,0.061,0,0,0,0,0.555,0.407,1
TND-001858,MPLADS-001858,1,Open e-Tender,2023-06-24,21,6,5,0,1.0,Open e-Tender,1594000.0,1594000.0,-0.0546,0.0301,0.9637,0.084,0,0,0,0,0.373,0.42,1
TND-001859,MPLADS-001859,1,Open e-Tender,2023-04-21,20,4,3,0,0.667,Open e-Tender,1542000.0,1542000.0,-0.0134,0.0047,0.9038,0.094,0,0,0,0,0.24,0.115,1
TND-001860,MPLADS-001860,1,Open e-Tender,2022-11-09,22,5,4,0,0.833,Open e-Tender,3666000.0,3666000.0,-0.0081,0.0081,0.9823,0.212,0,0,0,1,0.427,0.146,1
TND-001861,MPLADS-001861,1,Open e-Tender,2022-07-06,29,6,6,0,1.0,Open e-Tender,671000.0,671000.0,-0.0469,0.0047,0.9433,0.104,0,0,0,0,0.269,0.344,1
TND-001862,MPLADS-001862,1,Open e-Tender,2022-04-22,24,5,5,0,0.833,Open e-Tender,2504000.0,2504000.0,-0.0767,0.0269,0.9504,0.1,0,0,0,0,0.612,0.197,1
TND-001863,MPLADS-001863,1,Open e-Tender,2022-05-25,26,3,2,0,0.5,Open e-Tender,3770000.0,3770000.0,-0.071,0.0389,0.966,0.015,1,0,0,0,0.254,0.067,1
TND-001864,MPLADS-001864,1,Open e-Tender,2022-02-18,26,4,4,0,0.667,Open e-Tender,743000.0,743000.0,-0.0689,0.0396,0.8977,0.226,0,0,0,0,0.289,0.474,1
TND-001865,MPLADS-001865,1,Open e-Tender,2022-11-08,29,6,6,0,1.0,Open e-Tender,832000.0,832000.0,-0.0246,0.0426,0.9148,0.021,1,0,0,0,0.287,0.455,1
TND-001866,MPLADS-001866,1,Open e-Tender,2022-08-31,26,5,5,0,0.833,Open e-Tender,2042000.0,2042000.0,-0.0092,0.0418,0.9055,0.13,0,0,0,1,0.4,0.481,1
TND-001867,MPLADS-001867,1,Open e-Tender,2023-05-01,18,3,2,0,0.5,Open e-Tender,2096000.0,2096000.0,0.017,0.0356,0.9323,0.097,0,0,0,0,0.564,0.267,1
TND-001868,MPLADS-001868,1,Open e-Tender,2022-12-19,20,4,4,0,0.667,Open e-Tender,10297000.0,10297000.0,-0.0672,0.0338,0.912,0.247,0,0,0,0,0.273,0.327,1
TND-001869,MPLADS-001869,1,Open e-Tender,2023-12-03,14,6,5,0,1.0,Open e-Tender,1784000.0,1784000.0,-0.0116,0.0067,0.8607,0.245,0,0,0,1,0.443,0.172,1
TND-001870,MPLADS-001870,1,Open e-Tender,2023-10-11,21,5,4,0,0.833,Open e-Tender,948000.0,948000.0,-0.0796,0.0483,0.943,0.194,0,0,0,0,0.459,0.444,1
TND-001871,MPLADS-001871,1,Open e-Tender,2022-03-23,14,3,2,0,0.5,Open e-Tender,1801000.0,1801000.0,-0.0142,0.0467,0.9236,0.026,0,0,0,0,0.66,0.41,1
TND-001872,MPLADS-001872,1,Open e-Tender,2023-10-16,22,4,3,0,0.667,Open e-Tender,1686000.0,1686000.0,0.0193,0.0474,0.891,0.104,0,0,0,0,0.48,0.456,1
TND-001873,MPLADS-001873,1,Open e-Tender,2022-10-11,17,5,4,0,0.833,Open e-Tender,2490000.0,2490000.0,-0.0103,0.0349,0.8933,0.035,0,0,0,0,0.566,0.261,1
TND-001874,MPLADS-001874,1,Open e-Tender,2023-07-31,24,6,6,0,1.0,Open e-Tender,701000.0,701000.0,-0.0371,0.0091,0.9296,0.044,0,0,0,0,0.215,0.407,1
TND-001875,MPLADS-001875,1,Open e-Tender,2023-07-22,19,6,6,0,1.0,Open e-Tender,1686000.0,1686000.0,-0.01,0.0307,0.9874,0.149,0,0,0,0,0.396,0.077,1
TND-001876,MPLADS-001876,1,Open e-Tender,2023-02-08,28,7,7,0,1.0,Open e-Tender,1222000.0,1222000.0,0.0074,0.0439,0.8863,0.232,0,0,0,0,0.226,0.466,1
TND-001877,MPLADS-001877,1,Open e-Tender,2022-01-27,16,6,5,0,1.0,Open e-Tender,1866000.0,1866000.0,-0.0357,0.021,0.9603,0.22,0,0,0,0,0.107,0.385,1
TND-001878,MPLADS-001878,1,Open e-Tender,2023-08-29,28,4,4,0,0.667,Open e-Tender,2065000.0,2065000.0,-0.0096,0.0253,0.9507,0.24,0,0,0,0,0.625,0.207,1
TND-001879,MPLADS-001879,1,Open e-Tender,2023-02-12,23,4,4,0,0.667,Open e-Tender,8477000.0,8477000.0,-0.0552,0.0484,0.9346,0.092,0,0,0,0,0.626,0.491,1
TND-001880,MPLADS-001880,1,Open e-Tender,2022-12-15,17,5,4,0,0.833,Open e-Tender,1579000.0,1579000.0,-0.0528,0.0003,0.903,0.031,0,0,0,0,0.502,0.309,1
TND-001881,MPLADS-001881,1,Open e-Tender,2022-06-11,25,7,6,0,1.0,Open e-Tender,1584000.0,1584000.0,0.0051,0.0292,0.9509,0.052,1,0,0,0,0.445,0.338,1
TND-001882,MPLADS-001882,1,Open e-Tender,2023-04-09,29,5,5,0,0.833,Open e-Tender,1651000.0,1651000.0,-0.0782,0.0488,0.9619,0.013,0,0,0,0,0.443,0.494,1
TND-001883,MPLADS-001883,1,Open e-Tender,2023-03-01,29,4,3,0,0.667,Open e-Tender,1888000.0,1888000.0,-0.0288,0.0256,0.8723,0.149,0,0,0,0,0.53,0.227,1
TND-001884,MPLADS-001884,1,Open e-Tender,2023-08-28,28,4,3,0,0.667,Open e-Tender,3226000.0,3226000.0,-0.0622,0.0121,0.8541,0.042,0,0,0,0,0.564,0.285,1
TND-001885,MPLADS-001885,1,Open e-Tender,2022-04-12,22,6,6,0,1.0,Open e-Tender,9096000.0,9096000.0,-0.0043,0.0112,0.9506,0.118,0,0,0,0,0.199,0.206,1
TND-001886,MPLADS-001886,1,Open e-Tender,2023-08-11,17,5,5,0,0.833,Open e-Tender,2026000.0,2026000.0,-0.0297,0.0453,0.8907,0.173,0,0,0,1,0.216,0.117,1
TND-001887,MPLADS-001887,1,Open e-Tender,2022-07-29,14,3,2,0,0.5,Open e-Tender,15949000.0,15949000.0,-0.0435,0.0464,0.9289,0.003,0,0,0,0,0.594,0.461,1
TND-001888,MPLADS-001888,1,Open e-Tender,2023-09-08,29,7,7,0,1.0,Open e-Tender,1479000.0,1479000.0,-0.0094,0.0143,0.9306,0.09,0,0,0,0,0.52,0.446,1
TND-001889,MPLADS-001889,1,Open e-Tender,2023-06-05,24,4,3,0,0.667,Open e-Tender,556000.0,556000.0,-0.0576,0.0277,0.9481,0.211,0,0,0,0,0.105,0.162,1
TND-001890,MPLADS-001890,1,Open e-Tender,2023-05-27,23,6,5,0,1.0,Open e-Tender,2464000.0,2464000.0,-0.0785,0.0112,0.8734,0.132,0,0,0,0,0.35,0.179,1
TND-001891,MPLADS-001891,1,Open e-Tender,2023-08-01,27,4,4,0,0.667,Open e-Tender,1756000.0,1756000.0,-0.0157,0.0378,0.8938,0.183,0,0,0,1,0.37,0.226,1
TND-001892,MPLADS-001892,1,Open e-Tender,2022-08-05,24,3,3,0,0.5,Open e-Tender,2331000.0,2331000.0,-0.0605,0.0316,0.8824,0.075,0,0,0,0,0.132,0.496,1
TND-001893,MPLADS-001893,1,Open e-Tender,2023-02-21,29,6,5,0,1.0,Open e-Tender,409000.0,409000.0,-0.0308,0.0273,0.9251,0.07,0,0,0,0,0.41,0.23,1
TND-001894,MPLADS-001894,1,Open e-Tender,2022-06-24,25,3,3,0,0.5,Open e-Tender,9285000.0,9285000.0,-0.0241,0.0217,0.8982,0.247,0,0,0,0,0.35,0.377,1
TND-001895,MPLADS-001895,1,Direct / Single Inquiry,2023-10-26,29,1,1,1,0.167,Single Tender Inquiry,703000.0,703000.0,-0.0236,0.0056,0.0,0.039,0,0,0,0,0.353,0.192,0
TND-001896,MPLADS-001896,1,Open e-Tender,2022-02-24,24,3,3,0,0.5,Open e-Tender,847000.0,847000.0,-0.0094,0.0482,0.9416,0.238,0,0,0,0,0.177,0.253,1
TND-001897,MPLADS-001897,1,Open e-Tender,2023-04-18,17,7,7,0,1.0,Open e-Tender,12173000.0,12173000.0,-0.0675,0.0277,0.8627,0.087,0,0,0,0,0.567,0.161,1
TND-001898,MPLADS-001898,1,Open e-Tender,2023-09-21,21,3,3,0,0.5,Open e-Tender,1685000.0,1685000.0,0.0181,0.0419,0.9613,0.139,0,0,0,1,0.639,0.407,1
TND-001899,MPLADS-001899,1,Open e-Tender,2023-02-02,20,7,6,0,1.0,Open e-Tender,489000.0,489000.0,-0.056,0.0195,0.9012,0.004,0,0,0,0,0.358,0.433,1
TND-001900,MPLADS-001900,1,Open e-Tender,2023-03-04,16,4,3,0,0.667,Open e-Tender,11959000.0,11959000.0,-0.0441,0.0465,0.877,0.132,1,0,0,0,0.19,0.32,1
TND-001901,MPLADS-001901,1,Open e-Tender,2023-04-22,24,3,3,0,0.5,Open e-Tender,2295000.0,2295000.0,-0.0188,0.0208,0.9575,0.221,1,0,0,1,0.185,0.162,1
TND-001902,MPLADS-001902,1,Open e-Tender,2023-07-13,24,3,2,0,0.5,Open e-Tender,2956000.0,2956000.0,-0.0324,0.0272,0.8609,0.112,0,0,0,0,0.683,0.234,1
TND-001903,MPLADS-001903,1,Open e-Tender,2023-03-14,20,4,4,0,0.667,Open e-Tender,1488000.0,1488000.0,0.0061,0.0282,0.9887,0.244,0,0,0,0,0.262,0.132,1
TND-001904,MPLADS-001904,1,Open e-Tender,2022-01-29,24,7,7,0,1.0,Open e-Tender,8173000.0,8173000.0,-0.0634,0.0356,0.9017,0.231,0,0,0,0,0.563,0.19,1
TND-001905,MPLADS-001905,1,Open e-Tender,2023-11-16,19,6,6,0,1.0,Open e-Tender,1303000.0,1303000.0,-0.0482,0.0407,0.8639,0.153,0,0,0,0,0.599,0.455,1
TND-001906,MPLADS-001906,1,Open e-Tender,2023-09-21,25,7,7,0,1.0,Open e-Tender,8738000.0,8738000.0,-0.0462,0.0396,0.8518,0.147,0,0,0,0,0.685,0.342,1
TND-001907,MPLADS-001907,1,Open e-Tender,2022-08-30,18,4,3,0,0.667,Open e-Tender,980000.0,980000.0,0.0124,0.0155,0.9807,0.126,0,0,0,0,0.35,0.445,1
TND-001908,MPLADS-001908,1,Open e-Tender,2023-01-03,19,7,6,0,1.0,Open e-Tender,1095000.0,1095000.0,-0.0197,0.0324,0.9529,0.219,0,0,0,0,0.53,0.467,1
TND-001909,MPLADS-001909,1,Open e-Tender,2023-10-29,25,7,7,0,1.0,Open e-Tender,1358000.0,1358000.0,-0.0237,0.039,0.9598,0.01,0,0,0,1,0.175,0.076,1
TND-001910,MPLADS-001910,1,Open e-Tender,2022-02-06,24,7,6,0,1.0,Open e-Tender,677000.0,677000.0,-0.0015,0.0165,0.8808,0.081,0,0,0,0,0.266,0.444,1
TND-001911,MPLADS-001911,1,Open e-Tender,2023-03-24,14,4,3,0,0.667,Open e-Tender,759000.0,759000.0,-0.0294,0.0403,0.9257,0.196,0,0,0,1,0.244,0.196,1
TND-001912,MPLADS-001912,1,Open e-Tender,2023-04-28,23,4,4,0,0.667,Open e-Tender,8822000.0,8822000.0,-0.0701,0.0042,0.8904,0.195,0,0,0,0,0.459,0.105,1
TND-001913,MPLADS-001913,1,Open e-Tender,2022-01-20,25,3,3,0,0.5,Open e-Tender,2091000.0,2091000.0,-0.0057,0.0328,0.9229,0.153,0,0,0,1,0.641,0.432,1
TND-001914,MPLADS-001914,1,Open e-Tender,2023-02-14,24,3,2,0,0.5,Open e-Tender,2787000.0,2787000.0,-0.0366,0.0015,0.8985,0.054,1,0,0,0,0.457,0.241,1
TND-001915,MPLADS-001915,1,Open e-Tender,2023-10-08,27,3,3,0,0.5,Open e-Tender,926000.0,926000.0,-0.058,0.0182,0.8771,0.02,0,0,0,1,0.466,0.063,1
TND-001916,MPLADS-001916,1,Open e-Tender,2023-03-19,23,6,6,0,1.0,Open e-Tender,1949000.0,1949000.0,-0.0603,0.0198,0.8628,0.021,0,0,0,0,0.317,0.488,1
TND-001917,MPLADS-001917,1,Open e-Tender,2023-10-22,25,6,5,0,1.0,Open e-Tender,2656000.0,2656000.0,-0.0093,0.0294,0.9528,0.077,0,0,0,0,0.624,0.122,1
TND-001918,MPLADS-001918,1,Open e-Tender,2022-03-26,20,3,2,0,0.5,Open e-Tender,2428000.0,2428000.0,-0.0315,0.0316,0.864,0.199,0,0,0,0,0.55,0.258,1
TND-001919,MPLADS-001919,1,Open e-Tender,2022-09-07,21,4,3,0,0.667,Open e-Tender,1579000.0,1579000.0,-0.0235,0.03,0.9832,0.077,0,0,0,0,0.469,0.116,1
TND-001920,MPLADS-001920,1,Open e-Tender,2022-01-22,26,6,5,0,1.0,Open e-Tender,546000.0,546000.0,-0.0197,0.0263,0.9888,0.187,0,0,0,0,0.24,0.422,1
TND-001921,MPLADS-001921,1,Open e-Tender,2022-09-11,19,5,5,0,0.833,Open e-Tender,2651000.0,2651000.0,-0.0433,0.009,0.9426,0.005,0,0,0,1,0.122,0.221,1
TND-001922,MPLADS-001922,1,Open e-Tender,2023-01-15,25,3,2,0,0.5,Open e-Tender,948000.0,948000.0,-0.0376,0.0232,0.9308,0.121,1,0,0,1,0.327,0.298,1
TND-001923,MPLADS-001923,1,Open e-Tender,2023-01-06,27,3,2,0,0.5,Open e-Tender,1575000.0,1575000.0,-0.0063,0.0275,0.9057,0.053,0,0,0,0,0.516,0.198,1
TND-001924,MPLADS-001924,1,Open e-Tender,2022-11-25,18,3,3,0,0.5,Open e-Tender,57573000.0,57573000.0,-0.0073,0.0002,0.924,0.138,0,0,0,0,0.582,0.444,1
TND-001925,MPLADS-001925,1,Open e-Tender,2022-09-19,23,3,3,0,0.5,Open e-Tender,969000.0,969000.0,-0.0377,0.0162,0.9631,0.199,0,0,0,0,0.47,0.099,1
TND-001926,MPLADS-001926,1,Open e-Tender,2022-04-28,14,6,5,0,1.0,Open e-Tender,3996000.0,3996000.0,-0.0345,0.014,0.8862,0.04,0,0,0,0,0.218,0.459,1
TND-001927,MPLADS-001927,1,Open e-Tender,2023-01-21,26,3,3,0,0.5,Open e-Tender,580000.0,580000.0,-0.0445,0.0293,0.918,0.096,0,0,0,0,0.128,0.112,1
TND-001928,MPLADS-001928,1,Open e-Tender,2023-10-13,17,3,2,0,0.5,Open e-Tender,3115000.0,3115000.0,-0.0353,0.0398,0.8815,0.048,0,0,0,1,0.262,0.185,1
TND-001929,MPLADS-001929,1,Open e-Tender,2022-04-30,17,7,7,0,1.0,Open e-Tender,2321000.0,2321000.0,-0.0345,0.0399,0.972,0.233,1,0,0,0,0.331,0.264,1
TND-001930,MPLADS-001930,1,Open e-Tender,2023-11-14,29,6,6,0,1.0,Open e-Tender,981000.0,981000.0,-0.0754,0.0404,0.9492,0.244,0,0,0,0,0.75,0.367,1
TND-001931,MPLADS-001931,1,Open e-Tender,2022-10-13,17,6,5,0,1.0,Open e-Tender,2880000.0,2880000.0,-0.0355,0.0246,0.9019,0.065,0,0,0,0,0.701,0.473,1
TND-001932,MPLADS-001932,1,Open e-Tender,2022-06-21,14,6,6,0,1.0,Open e-Tender,13770000.0,13770000.0,-0.0783,0.0204,0.8888,0.127,0,0,0,0,0.646,0.266,1
TND-001933,MPLADS-001933,1,Open e-Tender,2022-02-19,15,6,6,0,1.0,Open e-Tender,439000.0,439000.0,0.0,0.0213,0.9438,0.067,0,0,0,0,0.336,0.277,1
TND-001934,MPLADS-001934,1,Open e-Tender,2022-07-21,22,4,4,0,0.667,Open e-Tender,3318000.0,3318000.0,-0.0438,0.04,0.9267,0.032,0,0,0,0,0.443,0.145,1
TND-001935,MPLADS-001935,1,Open e-Tender,2023-12-01,29,6,5,0,1.0,Open e-Tender,2003000.0,2003000.0,-0.0521,0.0134,0.9844,0.228,0,0,0,0,0.39,0.095,1
TND-001936,MPLADS-001936,1,Open e-Tender,2022-09-10,21,3,2,0,0.5,Open e-Tender,1937000.0,1937000.0,-0.0533,0.0157,0.9361,0.225,0,0,0,1,0.204,0.412,1
TND-001937,MPLADS-001937,1,Open e-Tender,2022-10-03,26,3,2,0,0.5,Open e-Tender,1383000.0,1383000.0,-0.0755,0.0181,0.9615,0.171,0,0,0,0,0.574,0.429,1
TND-001938,MPLADS-001938,1,Open e-Tender,2023-12-15,28,7,7,0,1.0,Open e-Tender,1079000.0,1079000.0,0.0075,0.0108,0.9295,0.056,0,0,0,0,0.114,0.321,1
TND-001939,MPLADS-001939,1,Open e-Tender,2022-12-28,26,4,3,0,0.667,Open e-Tender,935000.0,935000.0,-0.0064,0.0147,0.9731,0.005,0,0,0,1,0.167,0.157,1
TND-001940,MPLADS-001940,1,Open e-Tender,2022-04-29,23,7,6,0,1.0,Open e-Tender,2002000.0,2002000.0,0.0116,0.0331,0.8625,0.078,0,0,0,0,0.348,0.423,1
TND-001941,MPLADS-001941,1,Open e-Tender,2023-04-28,28,6,5,0,1.0,Open e-Tender,1741000.0,1741000.0,-0.0429,0.0094,0.931,0.056,0,0,0,0,0.64,0.231,1
TND-001942,MPLADS-001942,1,Open e-Tender,2022-03-07,27,6,5,0,1.0,Open e-Tender,1191000.0,1191000.0,0.0051,0.0082,0.9885,0.117,0,0,0,0,0.289,0.255,1
TND-001943,MPLADS-001943,1,Open e-Tender,2022-08-08,28,6,5,0,1.0,Open e-Tender,2608000.0,2608000.0,0.0058,0.039,0.8518,0.102,1,0,0,0,0.493,0.424,1
TND-001944,MPLADS-001944,1,Open e-Tender,2022-06-20,29,6,6,0,1.0,Open e-Tender,3156000.0,3156000.0,-0.0289,0.027,0.8904,0.056,0,0,0,0,0.167,0.427,1
TND-001945,MPLADS-001945,1,Open e-Tender,2023-02-03,14,5,4,0,0.833,Open e-Tender,2671000.0,2671000.0,0.014,0.0124,0.8699,0.192,0,0,0,0,0.358,0.482,1
TND-001946,MPLADS-001946,1,Open e-Tender,2023-11-18,17,4,3,0,0.667,Open e-Tender,797000.0,797000.0,-0.0601,0.0332,0.8981,0.088,0,0,0,0,0.732,0.185,1
TND-001947,MPLADS-001947,1,Direct / Single Inquiry,2022-12-09,27,1,1,1,0.167,Single Tender Inquiry,2335000.0,2335000.0,-0.0399,0.0441,0.0,0.004,1,0,0,0,0.705,0.406,0
TND-001948,MPLADS-001948,1,Open e-Tender,2023-03-17,16,4,3,0,0.667,Open e-Tender,946000.0,946000.0,-0.0287,0.0227,0.958,0.05,0,0,0,0,0.338,0.372,1
TND-001949,MPLADS-001949,1,Open e-Tender,2022-03-02,14,7,7,0,1.0,Open e-Tender,544000.0,544000.0,-0.0621,0.036,0.9263,0.114,1,0,0,0,0.546,0.131,1
TND-001950,MPLADS-001950,1,Open e-Tender,2023-02-25,27,4,4,0,0.667,Open e-Tender,705000.0,705000.0,-0.0486,0.0279,0.9835,0.246,0,0,0,1,0.13,0.497,1
TND-001951,MPLADS-001951,1,Open e-Tender,2022-09-21,19,3,2,0,0.5,Open e-Tender,655000.0,655000.0,-0.0722,0.0021,0.8888,0.195,0,0,0,0,0.551,0.49,1
TND-001952,MPLADS-001952,1,Open e-Tender,2023-05-02,14,7,6,0,1.0,Open e-Tender,2605000.0,2605000.0,-0.0633,0.016,0.9257,0.033,0,0,0,0,0.481,0.305,1
TND-001953,MPLADS-001953,1,Direct / Single Inquiry,2022-07-30,23,1,1,1,0.167,Single Tender Inquiry,1887000.0,1887000.0,-0.0343,0.019,0.0,0.01,0,0,0,0,0.486,0.231,0
TND-001954,MPLADS-001954,1,Open e-Tender,2022-03-15,14,6,6,0,1.0,Open e-Tender,13595000.0,13595000.0,-0.0204,0.0043,0.8642,0.127,0,0,0,0,0.518,0.469,1
TND-001955,MPLADS-001955,1,Open e-Tender,2023-01-30,22,3,2,0,0.5,Open e-Tender,614000.0,614000.0,-0.0081,0.0482,0.9142,0.178,0,0,0,0,0.643,0.106,1
TND-001956,MPLADS-001956,1,Open e-Tender,2023-05-26,23,5,5,0,0.833,Open e-Tender,12087000.0,12087000.0,-0.0702,0.0283,0.9768,0.183,0,0,0,0,0.278,0.094,1
TND-001957,MPLADS-001957,1,Open e-Tender,2022-12-10,20,6,5,0,1.0,Open e-Tender,487000.0,487000.0,-0.002,0.0352,0.9442,0.197,0,0,0,0,0.177,0.164,1
TND-001958,MPLADS-001958,1,Open e-Tender,2021-12-31,25,6,6,0,1.0,Open e-Tender,3016000.0,3016000.0,-0.015,0.0289,0.9299,0.06,0,0,0,1,0.306,0.488,1
TND-001959,MPLADS-001959,1,Open e-Tender,2022-06-26,15,5,5,0,0.833,Open e-Tender,16239000.0,16239000.0,0.0129,0.0336,0.938,0.088,0,0,0,0,0.282,0.079,1
TND-001960,MPLADS-001960,1,Open e-Tender,2023-07-23,25,4,4,0,0.667,Open e-Tender,827000.0,827000.0,0.016,0.0312,0.9325,0.028,0,0,0,0,0.161,0.08,1
TND-001961,MPLADS-001961,1,Open e-Tender,2023-08-20,23,7,7,0,1.0,Open e-Tender,2828000.0,2828000.0,-0.0679,0.0432,0.9331,0.077,0,0,0,0,0.59,0.146,1
TND-001962,MPLADS-001962,1,Open e-Tender,2023-09-17,18,5,5,0,0.833,Open e-Tender,9438000.0,9438000.0,-0.0178,0.024,0.8665,0.242,1,0,0,0,0.437,0.309,1
TND-001963,MPLADS-001963,1,Open e-Tender,2022-08-28,29,5,4,0,0.833,Open e-Tender,3270000.0,3270000.0,-0.0486,0.0488,0.879,0.018,0,0,0,0,0.499,0.311,1
TND-001964,MPLADS-001964,1,Open e-Tender,2022-07-02,29,6,6,0,1.0,Open e-Tender,741000.0,741000.0,-0.0159,0.033,0.8537,0.196,0,0,0,0,0.104,0.138,1
TND-001965,MPLADS-001965,1,Open e-Tender,2022-08-31,28,5,5,0,0.833,Open e-Tender,3008000.0,3008000.0,-0.0368,0.006,0.8706,0.065,0,0,0,1,0.466,0.387,1
TND-001966,MPLADS-001966,1,Open e-Tender,2022-04-04,20,7,7,0,1.0,Open e-Tender,1562000.0,1562000.0,-0.0663,0.0316,0.9018,0.079,0,0,0,0,0.745,0.44,1
TND-001967,MPLADS-001967,1,Open e-Tender,2022-02-25,24,6,5,0,1.0,Open e-Tender,11507000.0,11507000.0,-0.0556,0.0226,0.9277,0.074,0,0,0,0,0.546,0.283,1
TND-001968,MPLADS-001968,1,Open e-Tender,2023-08-27,29,5,5,0,0.833,Open e-Tender,1797000.0,1797000.0,-0.0055,0.0121,0.906,0.233,0,0,0,0,0.603,0.207,1
TND-001969,MPLADS-001969,1,Open e-Tender,2023-06-15,18,7,6,0,1.0,Open e-Tender,3306000.0,3306000.0,-0.0362,0.0243,0.8935,0.143,0,0,0,0,0.702,0.283,1
TND-001970,MPLADS-001970,1,Open e-Tender,2022-10-24,16,7,6,0,1.0,Open e-Tender,2555000.0,2555000.0,-0.0498,0.0047,0.9358,0.007,0,0,0,0,0.533,0.395,1
TND-001971,MPLADS-001971,1,Open e-Tender,2022-09-12,19,6,5,0,1.0,Open e-Tender,1418000.0,1418000.0,-0.0241,0.0416,0.8722,0.15,1,0,0,0,0.361,0.215,1
TND-001972,MPLADS-001972,1,Open e-Tender,2023-04-24,26,6,6,0,1.0,Open e-Tender,3032000.0,3032000.0,-0.0795,0.0321,0.9725,0.095,0,0,0,0,0.582,0.34,1
TND-001973,MPLADS-001973,1,Direct / Single Inquiry,2023-10-16,17,1,1,1,0.167,Single Tender Inquiry,14341000.0,14341000.0,-0.0262,0.0139,0.0,0.08,0,0,0,0,0.433,0.429,0
TND-001974,MPLADS-001974,1,Open e-Tender,2022-08-04,16,5,5,0,0.833,Open e-Tender,1648000.0,1648000.0,0.0055,0.0011,0.9418,0.196,0,0,0,1,0.305,0.366,1
TND-001975,MPLADS-001975,1,Open e-Tender,2023-06-09,27,3,2,0,0.5,Open e-Tender,68164000.0,68164000.0,0.0114,0.0154,0.9029,0.068,0,0,0,0,0.208,0.394,1
TND-001976,MPLADS-001976,1,Open e-Tender,2023-04-22,29,6,6,0,1.0,Open e-Tender,3106000.0,3106000.0,0.0137,0.0082,0.868,0.25,0,0,0,0,0.126,0.342,1
TND-001977,MPLADS-001977,1,Open e-Tender,2023-06-24,14,5,4,0,0.833,Open e-Tender,1010000.0,1010000.0,-0.0708,0.0043,0.8789,0.095,1,0,0,0,0.744,0.226,1
TND-001978,MPLADS-001978,1,Open e-Tender,2022-03-01,27,6,6,0,1.0,Open e-Tender,3089000.0,3089000.0,-0.0115,0.046,0.8551,0.193,0,0,0,0,0.139,0.285,1
TND-001979,MPLADS-001979,1,Open e-Tender,2023-01-07,14,7,6,0,1.0,Open e-Tender,2696000.0,2696000.0,-0.0691,0.0228,0.8946,0.173,0,0,0,0,0.57,0.405,1
TND-001980,MPLADS-001980,1,Open e-Tender,2022-05-27,16,7,7,0,1.0,Open e-Tender,629000.0,629000.0,-0.0584,0.0387,0.9844,0.075,0,0,0,0,0.316,0.339,1
TND-001981,MPLADS-001981,1,Open e-Tender,2022-02-08,28,6,5,0,1.0,Open e-Tender,11684000.0,11684000.0,-0.0387,0.0216,0.8533,0.088,0,0,0,0,0.286,0.486,1
TND-001982,MPLADS-001982,1,Open e-Tender,2022-10-21,22,7,6,0,1.0,Open e-Tender,13520000.0,13520000.0,-0.0765,0.0221,0.9397,0.132,0,0,0,0,0.175,0.155,1
TND-001983,MPLADS-001983,1,Open e-Tender,2023-06-04,15,3,3,0,0.5,Open e-Tender,1478000.0,1478000.0,-0.0604,0.0166,0.8546,0.124,0,0,0,0,0.661,0.103,1
TND-001984,MPLADS-001984,1,Open e-Tender,2022-10-13,17,4,4,0,0.667,Open e-Tender,575000.0,575000.0,-0.0336,0.0243,0.8807,0.209,0,0,0,0,0.418,0.339,1
TND-001985,MPLADS-001985,1,Open e-Tender,2023-09-28,29,4,4,0,0.667,Open e-Tender,2101000.0,2101000.0,0.0033,0.0226,0.9855,0.133,0,0,0,0,0.584,0.111,1
TND-001986,MPLADS-001986,1,Open e-Tender,2023-11-04,19,4,3,0,0.667,Open e-Tender,689000.0,689000.0,-0.0086,0.0274,0.975,0.234,1,0,0,0,0.144,0.405,1
TND-001987,MPLADS-001987,1,Open e-Tender,2023-06-26,29,4,4,0,0.667,Open e-Tender,1316000.0,1316000.0,-0.0706,0.0396,0.9518,0.002,0,0,0,0,0.732,0.422,1
TND-001988,MPLADS-001988,1,Open e-Tender,2023-08-24,18,7,7,0,1.0,Open e-Tender,407000.0,407000.0,-0.0446,0.013,0.9376,0.117,0,0,0,0,0.447,0.062,1
TND-001989,MPLADS-001989,1,Open e-Tender,2022-12-19,26,6,6,0,1.0,Open e-Tender,5635000.0,5635000.0,-0.0605,0.0376,0.8667,0.238,0,0,0,1,0.687,0.345,1
TND-001990,MPLADS-001990,1,Open e-Tender,2022-03-30,28,3,2,0,0.5,Open e-Tender,1646000.0,1646000.0,-0.0557,0.0422,0.8922,0.087,0,0,0,0,0.331,0.098,1
TND-001991,MPLADS-001991,1,Direct / Single Inquiry,2022-03-11,26,1,1,1,0.167,Single Tender Inquiry,539000.0,539000.0,-0.0019,0.05,0.0,0.074,0,0,0,0,0.509,0.214,0
TND-001992,MPLADS-001992,1,Open e-Tender,2023-07-21,24,4,4,0,0.667,Open e-Tender,563000.0,563000.0,-0.0088,0.0289,0.8693,0.221,0,0,0,0,0.119,0.254,1
TND-001993,MPLADS-001993,1,Open e-Tender,2023-07-03,22,4,3,0,0.667,Open e-Tender,2336000.0,2336000.0,-0.0139,0.0362,0.9769,0.18,0,0,0,0,0.155,0.423,1
TND-001994,MPLADS-001994,1,Open e-Tender,2023-03-04,27,4,3,0,0.667,Open e-Tender,4078000.0,4078000.0,0.001,0.0194,0.9431,0.16,0,0,0,0,0.714,0.476,1
TND-001995,MPLADS-001995,1,Open e-Tender,2022-11-11,23,3,3,0,0.5,Open e-Tender,883000.0,883000.0,-0.0536,0.0081,0.9813,0.102,0,0,0,0,0.436,0.238,1
TND-001996,MPLADS-001996,1,Open e-Tender,2023-09-12,28,6,6,0,1.0,Open e-Tender,997000.0,997000.0,-0.0532,0.0246,0.9721,0.245,0,0,0,1,0.453,0.288,1
TND-001997,MPLADS-001997,1,Open e-Tender,2023-02-16,22,6,6,0,1.0,Open e-Tender,1634000.0,1634000.0,-0.028,0.0185,0.8729,0.124,0,0,0,0,0.535,0.265,1
TND-001998,MPLADS-001998,1,Open e-Tender,2023-05-13,20,3,2,0,0.5,Open e-Tender,11392000.0,11392000.0,-0.0351,0.0436,0.8996,0.097,0,0,0,0,0.453,0.473,1
TND-001999,MPLADS-001999,1,Open e-Tender,2023-09-06,27,3,2,0,0.5,Open e-Tender,10016000.0,10016000.0,-0.0368,0.0258,0.9467,0.219,0,0,0,0,0.362,0.466,1
TND-002000,MPLADS-002000,1,Open e-Tender,2023-11-10,14,5,5,0,0.833,Open e-Tender,834000.0,834000.0,0.0036,0.0327,0.9388,0.196,0,0,0,0,0.219,0.138,1
TND-002001,MPLADS-002001,1,Open e-Tender,2023-05-06,16,3,2,0,0.5,Open e-Tender,710000.0,710000.0,-0.0755,0.0439,0.9586,0.011,0,0,0,0,0.654,0.229,1
TND-002002,MPLADS-002002,1,Open e-Tender,2022-06-08,19,3,3,0,0.5,Open e-Tender,9779000.0,9779000.0,-0.0452,0.0485,0.9109,0.247,0,0,0,0,0.439,0.295,1
TND-002003,MPLADS-002003,1,Open e-Tender,2022-11-19,21,5,4,0,0.833,Open e-Tender,12740000.0,12740000.0,-0.0095,0.0357,0.8808,0.015,0,0,0,0,0.704,0.368,1
TND-002004,MPLADS-002004,1,Direct / Single Inquiry,2023-07-28,22,1,1,1,0.167,Single Tender Inquiry,2963000.0,2963000.0,-0.0677,0.0162,0.0,0.038,0,0,0,0,0.635,0.116,0
TND-002005,MPLADS-002005,1,Open e-Tender,2022-02-14,23,3,2,0,0.5,Open e-Tender,497000.0,497000.0,-0.0442,0.0257,0.8775,0.171,0,0,0,0,0.68,0.279,1
TND-002006,MPLADS-002006,1,Open e-Tender,2023-02-10,19,6,6,0,1.0,Open e-Tender,1041000.0,1041000.0,-0.0379,0.0088,0.9075,0.075,0,0,0,1,0.103,0.397,1
TND-002007,MPLADS-002007,1,Open e-Tender,2022-08-10,15,7,7,0,1.0,Open e-Tender,2617000.0,2617000.0,-0.048,0.0322,0.9197,0.202,0,0,0,1,0.599,0.497,1
TND-002008,MPLADS-002008,1,Open e-Tender,2022-09-22,26,7,7,0,1.0,Open e-Tender,12286000.0,12286000.0,-0.0269,0.0251,0.8981,0.066,1,0,0,0,0.65,0.109,1
TND-002009,MPLADS-002009,1,Open e-Tender,2022-09-01,28,7,7,0,1.0,Open e-Tender,9354000.0,9354000.0,-0.0044,0.0339,0.9648,0.027,1,0,0,1,0.61,0.081,1
TND-002010,MPLADS-002010,1,Open e-Tender,2022-06-02,15,6,5,0,1.0,Open e-Tender,629000.0,629000.0,-0.0202,0.0067,0.9839,0.221,0,0,0,0,0.511,0.227,1
TND-002011,MPLADS-002011,1,Open e-Tender,2023-02-14,24,5,4,0,0.833,Open e-Tender,2884000.0,2884000.0,-0.0578,0.0011,0.8746,0.135,0,0,0,0,0.742,0.171,1
TND-002012,MPLADS-002012,1,Open e-Tender,2023-01-04,14,4,3,0,0.667,Open e-Tender,327000.0,327000.0,-0.071,0.0255,0.9082,0.005,0,0,0,0,0.599,0.123,1
TND-002013,MPLADS-002013,1,Direct / Single Inquiry,2023-11-25,16,1,1,1,0.167,Single Tender Inquiry,3051000.0,3051000.0,0.0106,0.0124,0.0,0.007,0,0,0,0,0.336,0.199,0
TND-002014,MPLADS-002014,1,Direct / Single Inquiry,2023-10-20,16,1,1,1,0.167,Single Tender Inquiry,3407000.0,3407000.0,-0.0096,0.0464,0.0,0.115,0,0,0,0,0.154,0.443,0
TND-002015,MPLADS-002015,1,Direct / Single Inquiry,2022-04-09,15,1,1,1,0.167,Single Tender Inquiry,1203000.0,1203000.0,0.0101,0.0116,0.0,0.137,0,0,0,0,0.478,0.387,0
TND-002016,MPLADS-002016,1,Open e-Tender,2023-01-31,19,3,3,0,0.5,Open e-Tender,1808000.0,1808000.0,-0.0414,0.0366,0.8881,0.04,0,0,0,0,0.1,0.071,1
TND-002017,MPLADS-002017,1,Open e-Tender,2023-03-18,25,5,4,0,0.833,Open e-Tender,3344000.0,3344000.0,-0.0344,0.0256,0.9322,0.205,0,0,0,1,0.21,0.36,1
TND-002018,MPLADS-002018,1,Open e-Tender,2022-10-17,14,6,6,0,1.0,Open e-Tender,4038000.0,4038000.0,-0.031,0.0125,0.9202,0.051,0,0,0,0,0.3,0.321,1
TND-002019,MPLADS-002019,1,Open e-Tender,2023-07-11,15,4,4,0,0.667,Open e-Tender,2237000.0,2237000.0,-0.004,0.0477,0.8922,0.033,0,0,0,0,0.258,0.07,1
TND-002020,MPLADS-002020,1,Open e-Tender,2022-05-26,14,3,2,0,0.5,Open e-Tender,3367000.0,3367000.0,-0.0117,0.0316,0.9049,0.044,0,0,0,0,0.363,0.257,1
TND-002021,MPLADS-002021,1,Open e-Tender,2022-04-05,26,6,5,0,1.0,Open e-Tender,1587000.0,1587000.0,-0.0698,0.0342,0.9687,0.246,0,0,0,0,0.114,0.165,1
TND-002022,MPLADS-002022,1,Direct / Single Inquiry,2023-08-21,17,1,1,1,0.167,Single Tender Inquiry,2668000.0,2668000.0,-0.0137,0.0106,0.0,0.159,0,0,0,0,0.652,0.328,0
TND-002023,MPLADS-002023,1,Open e-Tender,2022-08-31,24,4,4,0,0.667,Open e-Tender,978000.0,978000.0,-0.0431,0.0497,0.8717,0.208,0,0,0,0,0.135,0.392,1
TND-002024,MPLADS-002024,1,Open e-Tender,2023-02-03,27,7,6,0,1.0,Open e-Tender,1603000.0,1603000.0,-0.0384,0.044,0.9298,0.059,0,0,0,0,0.103,0.494,1
TND-002025,MPLADS-002025,1,Open e-Tender,2022-11-03,28,3,3,0,0.5,Open e-Tender,1861000.0,1861000.0,0.0197,0.0472,0.9725,0.081,0,0,0,0,0.313,0.388,1
TND-002026,MPLADS-002026,1,Open e-Tender,2023-01-06,28,4,3,0,0.667,Open e-Tender,2818000.0,2818000.0,-0.0515,0.0186,0.9323,0.02,0,0,0,1,0.388,0.441,1
TND-002027,MPLADS-002027,1,Open e-Tender,2022-02-05,22,3,3,0,0.5,Open e-Tender,2619000.0,2619000.0,-0.0706,0.0449,0.939,0.105,0,0,0,0,0.563,0.279,1
TND-002028,MPLADS-002028,1,Open e-Tender,2023-06-24,16,4,4,0,0.667,Open e-Tender,16026000.0,16026000.0,-0.0006,0.0493,0.8778,0.029,0,0,0,1,0.361,0.178,1
TND-002029,MPLADS-002029,1,Open e-Tender,2023-06-20,28,6,5,0,1.0,Open e-Tender,3159000.0,3159000.0,0.0022,0.0038,0.9721,0.206,0,0,0,0,0.131,0.224,1
TND-002030,MPLADS-002030,1,Open e-Tender,2023-06-18,18,3,2,0,0.5,Open e-Tender,709000.0,709000.0,0.0,0.0299,0.8515,0.218,0,0,0,0,0.54,0.412,1
TND-002031,MPLADS-002031,1,Open e-Tender,2022-01-12,23,3,3,0,0.5,Open e-Tender,1650000.0,1650000.0,-0.049,0.0139,0.9899,0.214,0,0,0,0,0.581,0.237,1
TND-002032,MPLADS-002032,1,Open e-Tender,2022-11-10,29,5,4,0,0.833,Open e-Tender,1611000.0,1611000.0,-0.0752,0.0362,0.8622,0.122,0,0,0,1,0.488,0.211,1
TND-002033,MPLADS-002033,1,Open e-Tender,2023-07-19,26,4,4,0,0.667,Open e-Tender,2268000.0,2268000.0,-0.0526,0.032,0.9324,0.053,0,0,0,0,0.496,0.324,1
TND-002034,MPLADS-002034,1,Open e-Tender,2023-07-28,21,7,6,0,1.0,Open e-Tender,2539000.0,2539000.0,-0.0645,0.0002,0.9845,0.1,0,0,0,0,0.497,0.477,1
TND-002035,MPLADS-002035,1,Open e-Tender,2023-02-17,23,3,3,0,0.5,Open e-Tender,7916000.0,7916000.0,-0.0258,0.0411,0.9601,0.036,0,0,0,0,0.622,0.25,1
TND-002036,MPLADS-002036,1,Open e-Tender,2023-03-21,29,3,2,0,0.5,Open e-Tender,13771000.0,13771000.0,-0.0737,0.0187,0.9503,0.144,0,0,0,0,0.154,0.197,1
TND-002037,MPLADS-002037,1,Open e-Tender,2023-11-15,14,5,4,0,0.833,Open e-Tender,2218000.0,2218000.0,-0.034,0.0045,0.9417,0.038,0,0,0,0,0.487,0.428,1
TND-002038,MPLADS-002038,1,Open e-Tender,2023-11-21,29,3,3,0,0.5,Open e-Tender,1340000.0,1340000.0,-0.0089,0.048,0.9578,0.053,0,0,0,0,0.128,0.299,1
TND-002039,MPLADS-002039,1,Open e-Tender,2022-08-29,15,4,4,0,0.667,Open e-Tender,1778000.0,1778000.0,0.0011,0.0017,0.955,0.207,1,0,0,1,0.421,0.09,1
TND-002040,MPLADS-002040,1,Open e-Tender,2022-07-02,26,4,3,0,0.667,Open e-Tender,3787000.0,3787000.0,-0.0386,0.0399,0.9075,0.061,0,0,0,0,0.331,0.29,1
TND-002041,MPLADS-002041,1,Open e-Tender,2023-07-30,25,3,3,0,0.5,Open e-Tender,12682000.0,12682000.0,-0.0561,0.0422,0.9629,0.147,0,0,0,0,0.554,0.069,1
TND-002042,MPLADS-002042,1,Open e-Tender,2023-10-06,20,4,3,0,0.667,Open e-Tender,3289000.0,3289000.0,-0.0114,0.0472,0.9424,0.072,0,0,0,0,0.152,0.407,1
TND-002043,MPLADS-002043,1,Open e-Tender,2023-04-24,26,3,2,0,0.5,Open e-Tender,2526000.0,2526000.0,-0.0036,0.0136,0.9677,0.05,0,0,0,0,0.51,0.437,1
TND-002044,MPLADS-002044,1,Open e-Tender,2022-02-18,29,5,4,0,0.833,Open e-Tender,2917000.0,2917000.0,0.0017,0.0379,0.9725,0.113,1,0,0,0,0.58,0.448,1
TND-002045,MPLADS-002045,1,Open e-Tender,2023-09-03,14,4,3,0,0.667,Open e-Tender,3332000.0,3332000.0,-0.0384,0.0205,0.9554,0.057,0,0,0,0,0.156,0.487,1
TND-002046,MPLADS-002046,1,Open e-Tender,2022-07-17,22,5,4,0,0.833,Open e-Tender,2368000.0,2368000.0,-0.0017,0.0108,0.8528,0.052,0,0,0,0,0.614,0.276,1
TND-002047,MPLADS-002047,1,Open e-Tender,2023-04-03,15,4,4,0,0.667,Open e-Tender,3027000.0,3027000.0,0.0175,0.0074,0.8821,0.214,0,0,0,0,0.21,0.491,1
TND-002048,MPLADS-002048,1,Open e-Tender,2023-09-21,27,5,5,0,0.833,Open e-Tender,1741000.0,1741000.0,0.0193,0.0451,0.8672,0.016,0,0,0,0,0.408,0.376,1
TND-002049,MPLADS-002049,1,Open e-Tender,2022-11-08,28,7,7,0,1.0,Open e-Tender,2753000.0,2753000.0,-0.0272,0.0188,0.8579,0.11,0,0,0,1,0.141,0.314,1
TND-002050,MPLADS-002050,1,Open e-Tender,2023-08-06,22,6,5,0,1.0,Open e-Tender,2455000.0,2455000.0,-0.0587,0.0072,0.9005,0.115,0,0,0,1,0.294,0.428,1
TND-002051,MPLADS-002051,1,Open e-Tender,2022-12-16,26,5,4,0,0.833,Open e-Tender,972000.0,972000.0,-0.0795,0.0379,0.8944,0.202,0,0,0,0,0.712,0.454,1
TND-002052,MPLADS-002052,1,Open e-Tender,2022-02-06,23,3,3,0,0.5,Open e-Tender,678000.0,678000.0,-0.0188,0.0052,0.9213,0.083,1,0,0,0,0.359,0.453,1
TND-002053,MPLADS-002053,1,Open e-Tender,2022-12-19,15,7,7,0,1.0,Open e-Tender,619000.0,619000.0,-0.0692,0.0419,0.9639,0.216,0,0,0,0,0.651,0.332,1
TND-002054,MPLADS-002054,1,Open e-Tender,2022-12-24,25,6,6,0,1.0,Open e-Tender,815000.0,815000.0,0.0087,0.0406,0.9669,0.076,0,0,0,0,0.578,0.234,1
TND-002055,MPLADS-002055,1,Open e-Tender,2022-02-21,29,3,2,0,0.5,Open e-Tender,638000.0,638000.0,-0.0713,0.0052,0.963,0.016,0,0,0,0,0.491,0.104,1
TND-002056,MPLADS-002056,1,Open e-Tender,2023-09-07,15,3,2,0,0.5,Open e-Tender,2872000.0,2872000.0,-0.0639,0.0118,0.9561,0.184,0,0,0,0,0.567,0.499,1
TND-002057,MPLADS-002057,1,Open e-Tender,2023-03-16,15,4,3,0,0.667,Open e-Tender,2849000.0,2849000.0,-0.0622,0.0191,0.9295,0.096,0,0,0,0,0.147,0.403,1
TND-002058,MPLADS-002058,1,Open e-Tender,2023-05-12,17,6,5,0,1.0,Open e-Tender,1790000.0,1790000.0,-0.0623,0.0235,0.8621,0.105,0,0,0,0,0.217,0.364,1
TND-002059,MPLADS-002059,1,Open e-Tender,2023-10-20,19,6,5,0,1.0,Open e-Tender,4064000.0,4064000.0,-0.0238,0.0247,0.8854,0.178,0,0,0,1,0.718,0.433,1
TND-002060,MPLADS-002060,1,Open e-Tender,2023-10-22,25,3,3,0,0.5,Open e-Tender,1030000.0,1030000.0,-0.0265,0.0095,0.8673,0.045,0,0,0,0,0.585,0.338,1
TND-002061,MPLADS-002061,1,Open e-Tender,2023-03-17,24,7,7,0,1.0,Open e-Tender,3049000.0,3049000.0,-0.0693,0.0388,0.8651,0.146,0,0,0,0,0.748,0.275,1
TND-002062,MPLADS-002062,1,Open e-Tender,2022-10-06,20,6,6,0,1.0,Open e-Tender,470000.0,470000.0,-0.0784,0.0315,0.9677,0.089,0,0,0,0,0.341,0.455,1
TND-002063,MPLADS-002063,1,Direct / Single Inquiry,2022-03-29,26,1,1,1,0.167,Single Tender Inquiry,3153000.0,3153000.0,-0.0054,0.0114,0.0,0.217,0,0,0,1,0.731,0.391,0
TND-002064,MPLADS-002064,1,Open e-Tender,2023-08-09,17,5,5,0,0.833,Open e-Tender,2021000.0,2021000.0,-0.0237,0.0139,0.8997,0.01,0,0,0,1,0.675,0.463,1
TND-002065,MPLADS-002065,1,Open e-Tender,2022-08-26,19,4,4,0,0.667,Open e-Tender,3649000.0,3649000.0,-0.0483,0.035,0.8672,0.015,0,0,0,0,0.556,0.265,1
TND-002066,MPLADS-002066,1,Open e-Tender,2022-10-01,20,6,6,0,1.0,Open e-Tender,1959000.0,1959000.0,-0.0402,0.0213,0.9777,0.188,0,0,0,0,0.132,0.186,1
TND-002067,MPLADS-002067,1,Open e-Tender,2022-01-01,24,7,7,0,1.0,Open e-Tender,1630000.0,1630000.0,-0.0222,0.0344,0.9281,0.092,0,0,0,0,0.23,0.152,1
TND-002068,MPLADS-002068,1,Open e-Tender,2022-06-15,26,4,4,0,0.667,Open e-Tender,1646000.0,1646000.0,-0.0507,0.0068,0.8968,0.097,0,0,0,0,0.639,0.338,1
TND-002069,MPLADS-002069,1,Open e-Tender,2022-11-30,14,4,3,0,0.667,Open e-Tender,1051000.0,1051000.0,-0.0402,0.0306,0.8741,0.229,0,0,0,0,0.489,0.229,1
TND-002070,MPLADS-002070,1,Open e-Tender,2023-02-19,21,6,5,0,1.0,Open e-Tender,3001000.0,3001000.0,-0.0689,0.0431,0.9887,0.237,0,0,0,0,0.182,0.363,1
TND-002071,MPLADS-002071,1,Open e-Tender,2022-01-26,25,6,6,0,1.0,Open e-Tender,1258000.0,1258000.0,-0.036,0.0025,0.9556,0.179,0,0,0,1,0.113,0.421,1
TND-002072,MPLADS-002072,1,Open e-Tender,2023-09-20,24,5,5,0,0.833,Open e-Tender,1283000.0,1283000.0,-0.0085,0.0393,0.8698,0.067,0,0,0,0,0.668,0.431,1
TND-002073,MPLADS-002073,1,Open e-Tender,2022-12-20,18,4,4,0,0.667,Open e-Tender,3282000.0,3282000.0,-0.0617,0.0172,0.9088,0.131,0,0,0,0,0.72,0.385,1
TND-002074,MPLADS-002074,1,Open e-Tender,2022-02-17,26,6,5,0,1.0,Open e-Tender,1565000.0,1565000.0,-0.031,0.0309,0.952,0.0,1,0,0,1,0.271,0.167,1
TND-002075,MPLADS-002075,1,Open e-Tender,2022-02-23,19,3,2,0,0.5,Open e-Tender,795000.0,795000.0,-0.0603,0.0461,0.9818,0.15,0,0,0,0,0.444,0.43,1
TND-002076,MPLADS-002076,1,Direct / Single Inquiry,2023-02-20,22,1,1,1,0.167,Single Tender Inquiry,1222000.0,1222000.0,-0.0169,0.0254,0.0,0.152,0,0,0,0,0.59,0.451,0
TND-002077,MPLADS-002077,1,Open e-Tender,2022-12-27,14,5,4,0,0.833,Open e-Tender,1545000.0,1545000.0,-0.009,0.0036,0.923,0.02,0,0,0,0,0.619,0.359,1
TND-002078,MPLADS-002078,1,Open e-Tender,2022-03-22,24,6,6,0,1.0,Open e-Tender,1256000.0,1256000.0,-0.0449,0.0421,0.9069,0.214,0,0,0,0,0.266,0.094,1
TND-002079,MPLADS-002079,1,Open e-Tender,2022-06-25,14,7,6,0,1.0,Open e-Tender,9362000.0,9362000.0,-0.0507,0.0203,0.968,0.211,0,0,0,0,0.487,0.314,1
TND-002080,MPLADS-002080,1,Open e-Tender,2022-10-06,22,3,2,0,0.5,Open e-Tender,1343000.0,1343000.0,-0.068,0.0411,0.9522,0.053,0,0,0,0,0.325,0.191,1
TND-002081,MPLADS-002081,1,Open e-Tender,2023-07-17,20,3,2,0,0.5,Open e-Tender,12369000.0,12369000.0,0.0152,0.0344,0.8996,0.154,0,0,0,1,0.533,0.131,1
TND-002082,MPLADS-002082,1,Open e-Tender,2022-02-22,18,4,3,0,0.667,Open e-Tender,1108000.0,1108000.0,0.0036,0.0499,0.8923,0.027,0,0,0,0,0.471,0.109,1
TND-002083,MPLADS-002083,1,Direct / Single Inquiry,2022-08-20,17,1,1,1,0.167,Single Tender Inquiry,730000.0,730000.0,-0.0041,0.0428,0.0,0.2,0,0,0,0,0.715,0.176,0
TND-002084,MPLADS-002084,1,Open e-Tender,2023-11-20,29,7,7,0,1.0,Open e-Tender,2059000.0,2059000.0,-0.0787,0.0308,0.9309,0.107,0,0,0,0,0.145,0.306,1
TND-002085,MPLADS-002085,1,Open e-Tender,2023-12-18,29,6,6,0,1.0,Open e-Tender,2077000.0,2077000.0,-0.0005,0.0461,0.98,0.031,0,0,0,0,0.144,0.38,1
TND-002086,MPLADS-002086,1,Open e-Tender,2022-03-28,27,4,3,0,0.667,Open e-Tender,3883000.0,3883000.0,-0.0403,0.0015,0.9294,0.131,0,0,0,0,0.164,0.325,1
TND-002087,MPLADS-002087,1,Open e-Tender,2023-03-12,27,3,2,0,0.5,Open e-Tender,3061000.0,3061000.0,-0.0437,0.0322,0.876,0.118,0,0,0,0,0.234,0.074,1
TND-002088,MPLADS-002088,1,Direct / Single Inquiry,2023-01-14,17,1,1,1,0.167,Single Tender Inquiry,8497000.0,8497000.0,-0.0649,0.0368,0.0,0.175,0,0,0,1,0.254,0.121,0
TND-002089,MPLADS-002089,1,Open e-Tender,2022-06-22,15,5,5,0,0.833,Open e-Tender,562000.0,562000.0,-0.014,0.03,0.9873,0.221,0,0,0,0,0.479,0.114,1
TND-002090,MPLADS-002090,1,Open e-Tender,2022-07-06,28,4,3,0,0.667,Open e-Tender,488000.0,488000.0,0.0021,0.0071,0.8513,0.106,0,0,0,0,0.502,0.275,1
TND-002091,MPLADS-002091,1,Open e-Tender,2022-07-23,23,4,4,0,0.667,Open e-Tender,729000.0,729000.0,-0.0202,0.0219,0.9656,0.001,0,0,0,0,0.709,0.306,1
TND-002092,MPLADS-002092,1,Open e-Tender,2022-03-26,19,7,7,0,1.0,Open e-Tender,1819000.0,1819000.0,-0.058,0.0112,0.8897,0.092,0,0,0,0,0.471,0.106,1
TND-002093,MPLADS-002093,1,Open e-Tender,2023-03-26,27,5,5,0,0.833,Open e-Tender,1927000.0,1927000.0,-0.0228,0.0362,0.9254,0.226,0,0,0,0,0.73,0.309,1
TND-002094,MPLADS-002094,1,Open e-Tender,2022-11-29,14,6,5,0,1.0,Open e-Tender,2691000.0,2691000.0,0.0185,0.0153,0.9178,0.166,0,0,0,0,0.389,0.251,1
TND-002095,MPLADS-002095,1,Direct / Single Inquiry,2023-09-09,15,1,1,1,0.167,Single Tender Inquiry,2821000.0,2821000.0,-0.0218,0.0194,0.0,0.045,0,0,0,0,0.149,0.302,0
TND-002096,MPLADS-002096,1,Open e-Tender,2022-07-27,19,7,7,0,1.0,Open e-Tender,468000.0,468000.0,-0.0085,0.0479,0.9461,0.249,0,0,0,0,0.546,0.243,1
TND-002097,MPLADS-002097,1,Open e-Tender,2022-10-20,23,4,4,0,0.667,Open e-Tender,2078000.0,2078000.0,0.0053,0.0074,0.9402,0.083,0,0,0,1,0.453,0.491,1
TND-002098,MPLADS-002098,1,Open e-Tender,2023-06-27,25,4,4,0,0.667,Open e-Tender,1898000.0,1898000.0,-0.0472,0.0138,0.8528,0.015,0,0,0,1,0.352,0.184,1
TND-002099,MPLADS-002099,1,Open e-Tender,2023-08-26,14,6,5,0,1.0,Open e-Tender,908000.0,908000.0,-0.0782,0.0396,0.8613,0.028,0,0,0,0,0.115,0.373,1
TND-002100,MPLADS-002100,1,Open e-Tender,2022-11-30,27,4,4,0,0.667,Open e-Tender,561000.0,561000.0,-0.0209,0.0249,0.8683,0.142,0,0,0,0,0.66,0.131,1
TND-002101,MPLADS-002101,1,Open e-Tender,2023-01-18,28,4,3,0,0.667,Open e-Tender,12753000.0,12753000.0,-0.0288,0.0111,0.9585,0.037,0,0,0,0,0.419,0.359,1
TND-002102,MPLADS-002102,1,Open e-Tender,2022-08-08,19,4,4,0,0.667,Open e-Tender,2636000.0,2636000.0,-0.0646,0.039,0.9725,0.118,1,0,0,0,0.23,0.246,1
TND-002103,MPLADS-002103,1,Open e-Tender,2023-03-14,20,5,5,0,0.833,Open e-Tender,3681000.0,3681000.0,0.0016,0.0383,0.8936,0.114,0,0,0,1,0.605,0.164,1
TND-002104,MPLADS-002104,1,Open e-Tender,2022-10-25,29,6,6,0,1.0,Open e-Tender,9095000.0,9095000.0,-0.0606,0.0032,0.9412,0.221,0,0,0,0,0.364,0.377,1
TND-002105,MPLADS-002105,1,Open e-Tender,2023-09-08,22,3,3,0,0.5,Open e-Tender,14565000.0,14565000.0,-0.0474,0.0087,0.9375,0.246,0,0,0,0,0.556,0.333,1
TND-002106,MPLADS-002106,1,Open e-Tender,2022-07-08,29,6,5,0,1.0,Open e-Tender,2623000.0,2623000.0,-0.0176,0.0483,0.9668,0.136,0,0,0,0,0.305,0.449,1
TND-002107,MPLADS-002107,1,Open e-Tender,2023-08-14,29,7,7,0,1.0,Open e-Tender,12534000.0,12534000.0,-0.0684,0.0139,0.8884,0.237,0,0,0,1,0.363,0.372,1
TND-002108,MPLADS-002108,1,Open e-Tender,2023-07-16,17,3,2,0,0.5,Open e-Tender,2416000.0,2416000.0,-0.0049,0.0473,0.9001,0.229,0,0,0,0,0.375,0.077,1
TND-002109,MPLADS-002109,1,Open e-Tender,2022-06-17,24,6,5,0,1.0,Open e-Tender,2232000.0,2232000.0,-0.0346,0.0214,0.8702,0.066,0,0,0,0,0.267,0.273,1
TND-002110,MPLADS-002110,1,Open e-Tender,2022-07-03,19,6,6,0,1.0,Open e-Tender,1755000.0,1755000.0,-0.0174,0.0497,0.8834,0.077,0,0,0,0,0.324,0.42,1
TND-002111,MPLADS-002111,1,Open e-Tender,2023-10-25,25,5,5,0,0.833,Open e-Tender,697000.0,697000.0,-0.0504,0.0158,0.903,0.071,0,0,0,0,0.548,0.158,1
TND-002112,MPLADS-002112,1,Direct / Single Inquiry,2023-04-02,27,1,1,1,0.167,Single Tender Inquiry,553000.0,553000.0,-0.0706,0.0456,0.0,0.186,0,0,0,0,0.483,0.448,0
TND-002113,MPLADS-002113,1,Open e-Tender,2023-08-02,25,6,6,0,1.0,Open e-Tender,886000.0,886000.0,-0.0023,0.0118,0.9593,0.061,0,0,0,0,0.363,0.058,1
TND-002114,MPLADS-002114,1,Open e-Tender,2022-12-30,16,6,6,0,1.0,Open e-Tender,544000.0,544000.0,-0.0073,0.0258,0.9313,0.081,0,0,0,1,0.351,0.213,1
TND-002115,MPLADS-002115,1,Open e-Tender,2022-06-01,15,5,5,0,0.833,Open e-Tender,15217000.0,15217000.0,0.0181,0.0434,0.9536,0.056,0,0,0,0,0.421,0.148,1
TND-002116,MPLADS-002116,1,Open e-Tender,2022-06-30,23,4,4,0,0.667,Open e-Tender,3074000.0,3074000.0,-0.0394,0.0074,0.9101,0.154,0,0,0,0,0.178,0.378,1
TND-002117,MPLADS-002117,1,Open e-Tender,2022-10-05,26,5,5,0,0.833,Open e-Tender,1719000.0,1719000.0,-0.0678,0.017,0.8757,0.039,0,0,0,0,0.449,0.386,1
TND-002118,MPLADS-002118,1,Open e-Tender,2023-09-03,14,7,6,0,1.0,Open e-Tender,2269000.0,2269000.0,-0.0139,0.0297,0.9191,0.223,0,0,0,0,0.617,0.068,1
TND-002119,MPLADS-002119,1,Open e-Tender,2022-05-24,15,5,5,0,0.833,Open e-Tender,16034000.0,16034000.0,-0.0109,0.0091,0.9126,0.144,0,0,0,0,0.612,0.488,1
TND-002120,MPLADS-002120,1,Open e-Tender,2022-07-23,19,7,6,0,1.0,Open e-Tender,1727000.0,1727000.0,0.0105,0.0448,0.9313,0.132,0,0,0,0,0.148,0.465,1
TND-002121,MPLADS-002121,1,Open e-Tender,2022-10-07,27,3,2,0,0.5,Open e-Tender,3855000.0,3855000.0,0.0016,0.0253,0.882,0.222,0,0,0,0,0.416,0.323,1
TND-002122,MPLADS-002122,1,Open e-Tender,2023-03-05,25,5,5,0,0.833,Open e-Tender,1512000.0,1512000.0,-0.0556,0.0312,0.8982,0.031,0,0,0,0,0.546,0.191,1
TND-002123,MPLADS-002123,1,Open e-Tender,2023-07-10,26,3,3,0,0.5,Open e-Tender,3231000.0,3231000.0,-0.0149,0.0128,0.9409,0.136,0,0,0,0,0.129,0.374,1
TND-002124,MPLADS-002124,1,Open e-Tender,2023-02-01,27,6,6,0,1.0,Open e-Tender,2169000.0,2169000.0,-0.061,0.0093,0.8722,0.056,0,0,0,0,0.241,0.346,1
TND-002125,MPLADS-002125,1,Open e-Tender,2022-11-07,15,7,7,0,1.0,Open e-Tender,1369000.0,1369000.0,-0.0591,0.0243,0.8861,0.232,0,0,0,0,0.369,0.09,1
TND-002126,MPLADS-002126,1,Open e-Tender,2023-07-13,24,5,4,0,0.833,Open e-Tender,1410000.0,1410000.0,-0.0063,0.0166,0.8618,0.096,0,0,0,0,0.595,0.154,1
TND-002127,MPLADS-002127,1,Direct / Single Inquiry,2022-07-27,23,1,1,1,0.167,Single Tender Inquiry,447000.0,447000.0,-0.0154,0.0467,0.0,0.035,0,0,0,1,0.232,0.417,0
TND-002128,MPLADS-002128,1,Open e-Tender,2023-05-17,27,3,3,0,0.5,Open e-Tender,2194000.0,2194000.0,-0.0309,0.0296,0.9691,0.178,0,0,0,0,0.143,0.487,1
TND-002129,MPLADS-002129,1,Open e-Tender,2022-01-15,29,6,5,0,1.0,Open e-Tender,502000.0,502000.0,0.004,0.0228,0.9821,0.018,1,0,0,1,0.139,0.088,1
TND-002130,MPLADS-002130,1,Open e-Tender,2023-03-02,16,7,7,0,1.0,Open e-Tender,821000.0,821000.0,-0.0097,0.0069,0.894,0.168,0,0,0,0,0.407,0.373,1
TND-002131,MPLADS-002131,1,Open e-Tender,2023-01-13,29,7,6,0,1.0,Open e-Tender,1001000.0,1001000.0,0.0091,0.0446,0.9369,0.239,0,0,0,0,0.718,0.279,1
TND-002132,MPLADS-002132,1,Open e-Tender,2023-09-25,23,4,3,0,0.667,Open e-Tender,8700000.0,8700000.0,-0.0011,0.0087,0.8922,0.078,0,0,0,0,0.642,0.127,1
TND-002133,MPLADS-002133,1,Open e-Tender,2023-01-20,25,3,2,0,0.5,Open e-Tender,1535000.0,1535000.0,-0.0358,0.0326,0.9047,0.156,0,0,0,0,0.64,0.055,1
TND-002134,MPLADS-002134,1,Open e-Tender,2023-04-26,22,6,5,0,1.0,Open e-Tender,12219000.0,12219000.0,-0.0563,0.027,0.8671,0.115,0,0,0,0,0.612,0.371,1
TND-002135,MPLADS-002135,1,Open e-Tender,2023-10-01,19,6,5,0,1.0,Open e-Tender,1652000.0,1652000.0,0.0,0.0298,0.9604,0.198,0,0,0,1,0.178,0.245,1
TND-002136,MPLADS-002136,1,Open e-Tender,2022-05-12,28,7,6,0,1.0,Open e-Tender,1333000.0,1333000.0,-0.0737,0.0095,0.9834,0.246,0,0,0,0,0.264,0.328,1
TND-002137,MPLADS-002137,1,Open e-Tender,2022-09-06,29,3,2,0,0.5,Open e-Tender,12732000.0,12732000.0,-0.0211,0.0487,0.9131,0.023,0,0,0,0,0.697,0.374,1
TND-002138,MPLADS-002138,1,Open e-Tender,2022-12-12,22,5,5,0,0.833,Open e-Tender,4674000.0,4674000.0,-0.0116,0.0196,0.8993,0.226,0,0,0,0,0.476,0.29,1
TND-002139,MPLADS-002139,1,Direct / Single Inquiry,2022-04-01,21,1,1,1,0.167,Single Tender Inquiry,415000.0,415000.0,-0.0716,0.0013,0.0,0.006,0,0,0,0,0.122,0.133,0
TND-002140,MPLADS-002140,1,Open e-Tender,2022-10-25,25,3,2,0,0.5,Open e-Tender,3194000.0,3194000.0,-0.0133,0.0457,0.86,0.133,0,0,0,0,0.273,0.086,1
TND-002141,MPLADS-002141,1,Open e-Tender,2023-07-06,29,5,5,0,0.833,Open e-Tender,757000.0,757000.0,0.0202,0.0367,0.9153,0.216,0,0,0,0,0.25,0.219,1
TND-002142,MPLADS-002142,1,Open e-Tender,2022-11-30,26,3,2,0,0.5,Open e-Tender,2312000.0,2312000.0,-0.049,0.0064,0.9778,0.113,1,0,0,0,0.401,0.058,1
TND-002143,MPLADS-002143,1,Open e-Tender,2023-08-15,22,5,5,0,0.833,Open e-Tender,14581000.0,14581000.0,-0.0429,0.0139,0.9318,0.11,1,0,0,0,0.141,0.27,1
TND-002144,MPLADS-002144,1,Open e-Tender,2023-05-29,17,6,5,0,1.0,Open e-Tender,1401000.0,1401000.0,0.0021,0.0257,0.896,0.041,0,0,0,1,0.446,0.365,1
TND-002145,MPLADS-002145,1,Open e-Tender,2023-08-14,28,7,7,0,1.0,Open e-Tender,2265000.0,2265000.0,-0.0725,0.0479,0.96,0.119,0,0,0,0,0.228,0.255,1
TND-002146,MPLADS-002146,1,Open e-Tender,2022-05-26,29,6,6,0,1.0,Open e-Tender,875000.0,875000.0,-0.0642,0.0436,0.9305,0.157,0,0,0,0,0.166,0.056,1
TND-002147,MPLADS-002147,1,Open e-Tender,2022-03-06,23,3,2,0,0.5,Open e-Tender,1552000.0,1552000.0,-0.0645,0.0409,0.9051,0.207,0,0,0,0,0.234,0.247,1
TND-002148,MPLADS-002148,1,Open e-Tender,2023-02-08,21,7,6,0,1.0,Open e-Tender,1933000.0,1933000.0,-0.0369,0.0147,0.989,0.109,0,0,0,0,0.239,0.123,1
TND-002149,MPLADS-002149,1,Open e-Tender,2023-06-15,18,5,5,0,0.833,Open e-Tender,1248000.0,1248000.0,-0.0142,0.0465,0.9764,0.033,0,0,0,1,0.483,0.438,1
TND-002150,MPLADS-002150,1,Open e-Tender,2022-06-30,29,3,2,0,0.5,Open e-Tender,15070000.0,15070000.0,-0.0042,0.0343,0.9694,0.004,0,0,0,0,0.661,0.227,1
TND-002151,MPLADS-002151,1,Open e-Tender,2022-02-20,26,7,6,0,1.0,Open e-Tender,4615000.0,4615000.0,-0.0172,0.0302,0.9789,0.209,0,0,0,0,0.296,0.142,1
TND-002152,MPLADS-002152,1,Open e-Tender,2023-11-26,26,7,7,0,1.0,Open e-Tender,9441000.0,9441000.0,-0.0589,0.02,0.8941,0.039,0,0,0,0,0.43,0.46,1
TND-002153,MPLADS-002153,1,Open e-Tender,2023-07-11,21,5,5,0,0.833,Open e-Tender,9006000.0,9006000.0,-0.0064,0.0285,0.9817,0.099,0,0,0,1,0.602,0.492,1
TND-002154,MPLADS-002154,1,Open e-Tender,2023-01-24,21,5,4,0,0.833,Open e-Tender,1999000.0,1999000.0,-0.0282,0.0227,0.9412,0.227,0,0,0,0,0.187,0.272,1
TND-002155,MPLADS-002155,1,Open e-Tender,2022-10-08,20,5,5,0,0.833,Open e-Tender,663000.0,663000.0,-0.0447,0.0239,0.9699,0.176,0,0,0,0,0.626,0.478,1
TND-002156,MPLADS-002156,1,Open e-Tender,2023-06-02,22,3,3,0,0.5,Open e-Tender,11236000.0,11236000.0,-0.0748,0.0456,0.8696,0.22,0,0,0,0,0.517,0.294,1
TND-002157,MPLADS-002157,1,Open e-Tender,2023-11-17,27,4,4,0,0.667,Open e-Tender,12603000.0,12603000.0,-0.0609,0.0399,0.9247,0.156,1,0,0,0,0.229,0.484,1
TND-002158,MPLADS-002158,1,Open e-Tender,2022-09-09,26,3,3,0,0.5,Open e-Tender,2965000.0,2965000.0,-0.0339,0.0216,0.9675,0.234,0,0,0,0,0.656,0.415,1
TND-002159,MPLADS-002159,1,Open e-Tender,2023-12-11,15,5,5,0,0.833,Open e-Tender,636000.0,636000.0,0.0127,0.007,0.8732,0.189,0,0,0,0,0.455,0.347,1
TND-002160,MPLADS-002160,1,Open e-Tender,2022-07-17,24,7,6,0,1.0,Open e-Tender,1870000.0,1870000.0,-0.0532,0.0313,0.9604,0.029,0,0,0,0,0.251,0.301,1
TND-002161,MPLADS-002161,1,Open e-Tender,2022-02-13,15,4,4,0,0.667,Open e-Tender,2416000.0,2416000.0,0.0134,0.0297,0.9017,0.14,0,0,0,0,0.498,0.366,1
TND-002162,MPLADS-002162,1,Open e-Tender,2023-05-14,18,5,5,0,0.833,Open e-Tender,10124000.0,10124000.0,-0.0743,0.0082,0.9479,0.076,0,0,0,0,0.601,0.425,1
TND-002163,MPLADS-002163,1,Open e-Tender,2023-09-09,23,6,6,0,1.0,Open e-Tender,2472000.0,2472000.0,0.0173,0.0001,0.9048,0.04,1,0,0,0,0.647,0.27,1
TND-002164,MPLADS-002164,1,Open e-Tender,2023-12-14,17,3,2,0,0.5,Open e-Tender,5549000.0,5549000.0,-0.0373,0.0373,0.9401,0.239,0,0,0,0,0.213,0.078,1
TND-002165,MPLADS-002165,1,Open e-Tender,2022-06-08,20,6,6,0,1.0,Open e-Tender,1081000.0,1081000.0,-0.0526,0.0472,0.8848,0.069,0,0,0,0,0.462,0.382,1
TND-002166,MPLADS-002166,1,Open e-Tender,2022-07-05,21,6,5,0,1.0,Open e-Tender,1901000.0,1901000.0,-0.0672,0.022,0.9151,0.147,0,0,0,0,0.28,0.491,1
TND-002167,MPLADS-002167,1,Open e-Tender,2022-04-26,19,6,6,0,1.0,Open e-Tender,1615000.0,1615000.0,0.0176,0.0361,0.95,0.217,0,0,0,0,0.409,0.188,1
TND-002168,MPLADS-002168,1,Open e-Tender,2022-04-24,24,7,6,0,1.0,Open e-Tender,2473000.0,2473000.0,-0.0068,0.002,0.9277,0.097,0,0,0,0,0.562,0.288,1
TND-002169,MPLADS-002169,1,Open e-Tender,2023-01-19,19,6,6,0,1.0,Open e-Tender,431000.0,431000.0,-0.0115,0.0276,0.9638,0.156,0,0,0,0,0.485,0.288,1
TND-002170,MPLADS-002170,1,Open e-Tender,2022-01-19,21,5,5,0,0.833,Open e-Tender,14686000.0,14686000.0,-0.0768,0.0403,0.9848,0.029,0,0,0,0,0.59,0.249,1
TND-002171,MPLADS-002171,1,Open e-Tender,2023-07-05,23,3,3,0,0.5,Open e-Tender,556000.0,556000.0,-0.0414,0.004,0.9018,0.087,0,0,0,0,0.505,0.161,1
TND-002172,MPLADS-002172,1,Open e-Tender,2022-06-26,25,4,3,0,0.667,Open e-Tender,1369000.0,1369000.0,0.0096,0.0366,0.9065,0.031,0,0,0,0,0.685,0.441,1
TND-002173,MPLADS-002173,1,Open e-Tender,2023-06-23,27,5,4,0,0.833,Open e-Tender,3523000.0,3523000.0,-0.0623,0.0216,0.957,0.186,0,0,0,0,0.634,0.432,1
TND-002174,MPLADS-002174,1,Open e-Tender,2023-07-17,26,7,6,0,1.0,Open e-Tender,1569000.0,1569000.0,0.0149,0.0035,0.9707,0.196,0,0,0,1,0.736,0.096,1
TND-002175,MPLADS-002175,1,Open e-Tender,2023-01-07,18,7,7,0,1.0,Open e-Tender,1168000.0,1168000.0,-0.0127,0.0098,0.9851,0.198,0,0,0,0,0.599,0.327,1
TND-002176,MPLADS-002176,1,Open e-Tender,2022-06-07,28,4,4,0,0.667,Open e-Tender,8689000.0,8689000.0,-0.0123,0.0047,0.8619,0.127,0,0,0,0,0.744,0.424,1
TND-002177,MPLADS-002177,1,Direct / Single Inquiry,2023-11-10,19,1,1,1,0.167,Single Tender Inquiry,1873000.0,1873000.0,-0.0069,0.0083,0.0,0.137,0,0,0,1,0.667,0.089,0
TND-002178,MPLADS-002178,1,Open e-Tender,2023-12-05,21,3,2,0,0.5,Open e-Tender,2079000.0,2079000.0,-0.0366,0.0094,0.9355,0.021,0,0,0,0,0.742,0.105,1
TND-002179,MPLADS-002179,1,Open e-Tender,2023-10-29,29,6,6,0,1.0,Open e-Tender,2075000.0,2075000.0,-0.0691,0.0386,0.9614,0.065,0,0,0,0,0.37,0.41,1
TND-002180,MPLADS-002180,1,Open e-Tender,2022-02-19,20,7,7,0,1.0,Open e-Tender,590000.0,590000.0,-0.059,0.0153,0.8538,0.144,0,0,0,0,0.187,0.276,1
TND-002181,MPLADS-002181,1,Open e-Tender,2023-06-16,22,4,3,0,0.667,Open e-Tender,2287000.0,2287000.0,-0.0197,0.0317,0.9883,0.144,1,0,0,0,0.65,0.304,1
TND-002182,MPLADS-002182,1,Open e-Tender,2022-11-08,28,5,5,0,0.833,Open e-Tender,2121000.0,2121000.0,-0.0337,0.0228,0.9881,0.182,0,0,0,1,0.409,0.128,1
TND-002183,MPLADS-002183,1,Open e-Tender,2023-01-05,14,3,3,0,0.5,Open e-Tender,2036000.0,2036000.0,0.018,0.0409,0.986,0.049,0,0,0,0,0.22,0.33,1
TND-002184,MPLADS-002184,1,Open e-Tender,2023-04-01,22,5,4,0,0.833,Open e-Tender,2326000.0,2326000.0,-0.0239,0.0374,0.8799,0.249,0,0,0,0,0.165,0.344,1
TND-002185,MPLADS-002185,1,Open e-Tender,2023-08-17,23,6,6,0,1.0,Open e-Tender,3338000.0,3338000.0,-0.0089,0.0178,0.9191,0.113,0,0,0,1,0.241,0.274,1
TND-002186,MPLADS-002186,1,Open e-Tender,2023-06-08,17,7,6,0,1.0,Open e-Tender,540000.0,540000.0,-0.0018,0.0217,0.9455,0.206,1,0,0,0,0.4,0.365,1
TND-002187,MPLADS-002187,1,Open e-Tender,2022-06-03,22,3,2,0,0.5,Open e-Tender,2396000.0,2396000.0,-0.0046,0.0342,0.8816,0.117,0,0,0,0,0.558,0.169,1
TND-002188,MPLADS-002188,1,Open e-Tender,2023-07-10,27,5,5,0,0.833,Open e-Tender,3130000.0,3130000.0,-0.064,0.0046,0.893,0.237,1,0,0,0,0.415,0.216,1
TND-002189,MPLADS-002189,1,Open e-Tender,2023-05-05,23,5,4,0,0.833,Open e-Tender,539000.0,539000.0,-0.056,0.0266,0.8779,0.149,0,0,0,0,0.704,0.14,1
TND-002190,MPLADS-002190,1,Open e-Tender,2023-04-10,16,4,3,0,0.667,Open e-Tender,11741000.0,11741000.0,-0.007,0.0373,0.9513,0.015,0,0,0,0,0.744,0.061,1
TND-002191,MPLADS-002191,1,Open e-Tender,2022-09-13,18,7,7,0,1.0,Open e-Tender,8863000.0,8863000.0,-0.0392,0.0285,0.9623,0.089,0,0,0,1,0.244,0.264,1
TND-002192,MPLADS-002192,1,Open e-Tender,2022-12-09,26,3,2,0,0.5,Open e-Tender,1336000.0,1336000.0,-0.0498,0.0274,0.9578,0.205,0,0,0,0,0.731,0.43,1
TND-002193,MPLADS-002193,1,Open e-Tender,2023-03-31,24,3,3,0,0.5,Open e-Tender,2566000.0,2566000.0,-0.071,0.0038,0.9709,0.024,0,0,0,1,0.184,0.23,1
TND-002194,MPLADS-002194,1,Open e-Tender,2023-01-09,25,7,7,0,1.0,Open e-Tender,4198000.0,4198000.0,-0.0681,0.0027,0.9796,0.033,0,0,0,0,0.415,0.415,1
TND-002195,MPLADS-002195,1,Open e-Tender,2022-12-26,23,5,4,0,0.833,Open e-Tender,8524000.0,8524000.0,-0.0329,0.0488,0.9283,0.141,1,0,0,0,0.713,0.208,1
TND-002196,MPLADS-002196,1,Open e-Tender,2023-06-14,20,7,7,0,1.0,Open e-Tender,2048000.0,2048000.0,-0.0257,0.029,0.9198,0.182,1,0,0,0,0.193,0.354,1
TND-002197,MPLADS-002197,1,Open e-Tender,2022-11-30,14,4,3,0,0.667,Open e-Tender,2714000.0,2714000.0,-0.0576,0.0013,0.9137,0.196,0,0,0,0,0.611,0.294,1
TND-002198,MPLADS-002198,1,Open e-Tender,2023-12-18,23,7,6,0,1.0,Open e-Tender,1906000.0,1906000.0,-0.0315,0.0398,0.9788,0.086,0,0,0,0,0.118,0.46,1
TND-002199,MPLADS-002199,1,Open e-Tender,2023-11-19,19,4,3,0,0.667,Open e-Tender,400000.0,400000.0,-0.0676,0.0097,0.8559,0.064,0,0,0,0,0.672,0.174,1
TND-002200,MPLADS-002200,1,Open e-Tender,2022-03-15,24,3,2,0,0.5,Open e-Tender,1921000.0,1921000.0,-0.0773,0.0465,0.88,0.133,0,0,0,0,0.443,0.126,1
TND-002201,MPLADS-002201,1,Open e-Tender,2023-02-19,20,6,6,0,1.0,Open e-Tender,12870000.0,12870000.0,-0.0372,0.0323,0.8726,0.169,0,0,0,0,0.678,0.156,1
TND-002202,MPLADS-002202,1,Open e-Tender,2022-12-08,25,5,4,0,0.833,Open e-Tender,1760000.0,1760000.0,-0.0085,0.0013,0.853,0.176,0,0,0,1,0.497,0.26,1
TND-002203,MPLADS-002203,1,Open e-Tender,2023-02-14,18,6,5,0,1.0,Open e-Tender,15434000.0,15434000.0,-0.0793,0.0255,0.9074,0.04,0,0,0,0,0.59,0.266,1
TND-002204,MPLADS-002204,1,Open e-Tender,2022-07-26,16,6,6,0,1.0,Open e-Tender,1351000.0,1351000.0,-0.0493,0.024,0.9019,0.065,0,0,0,0,0.375,0.46,1
TND-002205,MPLADS-002205,1,Open e-Tender,2023-07-24,19,5,5,0,0.833,Open e-Tender,2177000.0,2177000.0,-0.0149,0.0258,0.971,0.242,0,0,0,0,0.244,0.271,1
TND-002206,MPLADS-002206,1,Open e-Tender,2022-01-18,19,4,4,0,0.667,Open e-Tender,1892000.0,1892000.0,0.015,0.0495,0.8761,0.081,0,0,0,0,0.311,0.163,1
TND-002207,MPLADS-002207,1,Open e-Tender,2023-02-04,18,7,6,0,1.0,Open e-Tender,827000.0,827000.0,-0.0384,0.0178,0.8709,0.154,0,0,0,0,0.138,0.168,1
TND-002208,MPLADS-002208,1,Open e-Tender,2023-07-15,23,3,2,0,0.5,Open e-Tender,3293000.0,3293000.0,-0.0518,0.0119,0.8774,0.065,1,0,0,0,0.741,0.362,1
TND-002209,MPLADS-002209,1,Open e-Tender,2022-09-08,21,7,6,0,1.0,Open e-Tender,1549000.0,1549000.0,-0.0301,0.031,0.9211,0.105,0,0,0,0,0.16,0.06,1
TND-002210,MPLADS-002210,1,Open e-Tender,2023-04-25,21,3,3,0,0.5,Open e-Tender,11411000.0,11411000.0,0.0005,0.0437,0.8635,0.099,0,0,0,0,0.356,0.24,1
TND-002211,MPLADS-002211,1,Open e-Tender,2022-03-18,14,4,3,0,0.667,Open e-Tender,12972000.0,12972000.0,-0.0574,0.0063,0.9286,0.152,0,0,0,0,0.634,0.08,1
TND-002212,MPLADS-002212,1,Open e-Tender,2022-09-05,25,3,2,0,0.5,Open e-Tender,2982000.0,2982000.0,-0.0356,0.0237,0.8518,0.168,0,0,0,0,0.692,0.24,1
TND-002213,MPLADS-002213,1,Open e-Tender,2023-03-24,23,7,7,0,1.0,Open e-Tender,15595000.0,15595000.0,-0.0038,0.0328,0.9113,0.019,0,0,0,0,0.383,0.215,1
TND-002214,MPLADS-002214,1,Open e-Tender,2022-12-14,14,3,2,0,0.5,Open e-Tender,1687000.0,1687000.0,-0.0442,0.0376,0.9121,0.012,0,0,0,0,0.538,0.184,1
TND-002215,MPLADS-002215,1,Open e-Tender,2022-02-20,21,7,6,0,1.0,Open e-Tender,2817000.0,2817000.0,-0.0195,0.0471,0.8665,0.078,0,0,0,0,0.171,0.299,1
TND-002216,MPLADS-002216,1,Open e-Tender,2023-03-15,26,7,6,0,1.0,Open e-Tender,646000.0,646000.0,-0.0542,0.0356,0.9855,0.23,0,0,0,0,0.345,0.354,1
TND-002217,MPLADS-002217,1,Open e-Tender,2022-09-12,21,3,2,0,0.5,Open e-Tender,358000.0,358000.0,-0.0604,0.0401,0.9771,0.04,0,0,0,0,0.147,0.34,1
TND-002218,MPLADS-002218,1,Open e-Tender,2023-12-12,23,4,4,0,0.667,Open e-Tender,2046000.0,2046000.0,-0.0363,0.0077,0.9328,0.243,0,0,0,1,0.385,0.306,1
TND-002219,MPLADS-002219,1,Open e-Tender,2022-08-20,19,5,4,0,0.833,Open e-Tender,10917000.0,10917000.0,0.0199,0.0425,0.97,0.243,0,0,0,0,0.611,0.4,1
TND-002220,MPLADS-002220,1,Open e-Tender,2023-09-18,18,7,7,0,1.0,Open e-Tender,2368000.0,2368000.0,-0.0121,0.0167,0.9621,0.219,0,0,0,0,0.104,0.185,1
TND-002221,MPLADS-002221,1,Open e-Tender,2023-05-02,23,6,5,0,1.0,Open e-Tender,2030000.0,2030000.0,-0.0268,0.0136,0.8668,0.061,0,0,0,1,0.432,0.052,1
TND-002222,MPLADS-002222,1,Open e-Tender,2023-08-31,17,7,6,0,1.0,Open e-Tender,2285000.0,2285000.0,-0.0475,0.0363,0.9658,0.237,1,0,0,0,0.635,0.224,1
TND-002223,MPLADS-002223,1,Open e-Tender,2023-02-28,24,5,4,0,0.833,Open e-Tender,2237000.0,2237000.0,-0.0613,0.0359,0.9557,0.215,1,0,0,0,0.569,0.481,1
TND-002224,MPLADS-002224,1,Open e-Tender,2023-08-07,25,3,2,0,0.5,Open e-Tender,3038000.0,3038000.0,-0.0594,0.024,0.8715,0.091,0,0,0,1,0.18,0.358,1
TND-002225,MPLADS-002225,1,Open e-Tender,2022-05-02,17,6,6,0,1.0,Open e-Tender,2954000.0,2954000.0,-0.0312,0.0217,0.9389,0.122,0,0,0,0,0.744,0.223,1
TND-002226,MPLADS-002226,1,Open e-Tender,2023-09-05,20,7,6,0,1.0,Open e-Tender,1989000.0,1989000.0,-0.0173,0.0435,0.9288,0.215,0,0,0,0,0.715,0.11,1
TND-002227,MPLADS-002227,1,Open e-Tender,2023-10-31,14,7,6,0,1.0,Open e-Tender,12875000.0,12875000.0,-0.0016,0.0396,0.893,0.134,0,0,0,1,0.281,0.377,1
TND-002228,MPLADS-002228,1,Direct / Single Inquiry,2023-03-02,15,1,1,1,0.167,Single Tender Inquiry,1094000.0,1094000.0,0.0186,0.0073,0.0,0.167,0,0,0,0,0.47,0.095,0
TND-002229,MPLADS-002229,1,Open e-Tender,2023-03-29,19,4,4,0,0.667,Open e-Tender,561000.0,561000.0,0.0163,0.0304,0.885,0.133,0,0,0,0,0.532,0.203,1
TND-002230,MPLADS-002230,1,Open e-Tender,2022-06-23,26,6,5,0,1.0,Open e-Tender,1829000.0,1829000.0,0.0099,0.0401,0.9545,0.008,0,0,0,0,0.702,0.364,1
TND-002231,MPLADS-002231,1,Open e-Tender,2023-06-04,24,5,4,0,0.833,Open e-Tender,16500000.0,16500000.0,0.0013,0.0454,0.9571,0.023,0,0,0,0,0.514,0.215,1
TND-002232,MPLADS-002232,1,Open e-Tender,2023-11-29,23,4,4,0,0.667,Open e-Tender,2767000.0,2767000.0,-0.0452,0.005,0.8785,0.108,0,0,0,0,0.594,0.358,1
TND-002233,MPLADS-002233,1,Open e-Tender,2022-08-19,18,6,6,0,1.0,Open e-Tender,1752000.0,1752000.0,-0.0358,0.0264,0.9423,0.123,0,0,0,0,0.559,0.403,1
TND-002234,MPLADS-002234,1,Open e-Tender,2023-02-22,22,3,2,0,0.5,Open e-Tender,783000.0,783000.0,-0.0139,0.0325,0.9635,0.089,0,0,0,0,0.309,0.249,1
TND-002235,MPLADS-002235,1,Open e-Tender,2022-04-13,18,3,2,0,0.5,Open e-Tender,9024000.0,9024000.0,0.0127,0.0266,0.8716,0.233,0,0,0,0,0.125,0.078,1
TND-002236,MPLADS-002236,1,Open e-Tender,2022-09-30,22,3,3,0,0.5,Open e-Tender,1935000.0,1935000.0,-0.0634,0.0181,0.9565,0.054,0,0,0,0,0.473,0.116,1
TND-002237,MPLADS-002237,1,Open e-Tender,2022-04-07,17,4,4,0,0.667,Open e-Tender,2093000.0,2093000.0,0.019,0.034,0.8676,0.133,0,0,0,0,0.403,0.063,1
TND-002238,MPLADS-002238,1,Open e-Tender,2022-04-07,29,7,7,0,1.0,Open e-Tender,3395000.0,3395000.0,-0.021,0.0008,0.8836,0.248,0,0,0,0,0.156,0.085,1
TND-002239,MPLADS-002239,1,Open e-Tender,2022-03-30,20,7,7,0,1.0,Open e-Tender,2862000.0,2862000.0,-0.0536,0.0345,0.8752,0.016,0,0,0,0,0.102,0.345,1
TND-002240,MPLADS-002240,1,Open e-Tender,2022-09-12,15,5,4,0,0.833,Open e-Tender,2427000.0,2427000.0,-0.0284,0.049,0.8931,0.045,0,0,0,0,0.182,0.438,1
TND-002241,MPLADS-002241,1,Open e-Tender,2023-03-29,14,7,7,0,1.0,Open e-Tender,1500000.0,1500000.0,-0.0145,0.0027,0.9569,0.046,0,0,0,0,0.589,0.239,1
TND-002242,MPLADS-002242,1,Open e-Tender,2022-10-14,20,7,6,0,1.0,Open e-Tender,1026000.0,1026000.0,0.0088,0.0068,0.9728,0.026,0,0,0,0,0.234,0.248,1
TND-002243,MPLADS-002243,1,Open e-Tender,2022-08-09,24,6,5,0,1.0,Open e-Tender,1045000.0,1045000.0,-0.0465,0.0224,0.8689,0.153,0,0,0,0,0.744,0.218,1
TND-002244,MPLADS-002244,1,Open e-Tender,2022-05-18,27,6,5,0,1.0,Open e-Tender,1709000.0,1709000.0,-0.0767,0.03,0.8907,0.029,0,0,0,1,0.258,0.245,1
TND-002245,MPLADS-002245,1,Open e-Tender,2022-12-30,29,4,4,0,0.667,Open e-Tender,2473000.0,2473000.0,-0.0411,0.021,0.8958,0.052,0,0,0,0,0.456,0.085,1
TND-002246,MPLADS-002246,1,Open e-Tender,2022-06-20,29,4,3,0,0.667,Open e-Tender,868000.0,868000.0,0.0105,0.0174,0.9008,0.213,0,0,0,0,0.183,0.115,1
TND-002247,MPLADS-002247,1,Open e-Tender,2023-01-09,14,4,3,0,0.667,Open e-Tender,1721000.0,1721000.0,-0.0304,0.0008,0.9524,0.181,0,0,0,0,0.123,0.45,1
TND-002248,MPLADS-002248,1,Open e-Tender,2022-05-05,20,6,6,0,1.0,Open e-Tender,2905000.0,2905000.0,-0.0179,0.0385,0.9759,0.191,0,0,0,1,0.21,0.309,1
TND-002249,MPLADS-002249,1,Open e-Tender,2023-07-12,21,6,5,0,1.0,Open e-Tender,456000.0,456000.0,-0.0769,0.0209,0.9512,0.07,0,0,0,0,0.113,0.268,1
TND-002250,MPLADS-002250,1,Direct / Single Inquiry,2023-07-22,24,1,1,1,0.167,Single Tender Inquiry,539000.0,539000.0,-0.0443,0.0347,0.0,0.155,0,0,0,0,0.734,0.051,0
TND-002251,MPLADS-002251,1,Open e-Tender,2022-05-22,21,3,3,0,0.5,Open e-Tender,1107000.0,1107000.0,-0.0514,0.0119,0.9277,0.133,1,0,0,0,0.468,0.205,1
TND-002252,MPLADS-002252,1,Open e-Tender,2022-09-30,25,7,6,0,1.0,Open e-Tender,637000.0,637000.0,-0.0768,0.0397,0.8823,0.1,0,0,0,0,0.499,0.267,1
TND-002253,MPLADS-002253,1,Open e-Tender,2023-11-19,27,6,6,0,1.0,Open e-Tender,3258000.0,3258000.0,-0.0524,0.0317,0.8643,0.079,0,0,0,0,0.643,0.444,1
TND-002254,MPLADS-002254,1,Direct / Single Inquiry,2022-04-30,27,1,1,1,0.167,Single Tender Inquiry,611000.0,611000.0,-0.06,0.0088,0.0,0.067,0,0,0,0,0.325,0.456,0
TND-002255,MPLADS-002255,1,Open e-Tender,2023-04-20,14,6,6,0,1.0,Open e-Tender,654000.0,654000.0,-0.0076,0.0495,0.9469,0.009,1,0,0,0,0.564,0.401,1
TND-002256,MPLADS-002256,1,Open e-Tender,2023-04-06,20,7,7,0,1.0,Open e-Tender,572000.0,572000.0,-0.0419,0.0362,0.8966,0.057,0,0,0,0,0.315,0.387,1
TND-002257,MPLADS-002257,1,Open e-Tender,2023-10-18,29,5,5,0,0.833,Open e-Tender,2377000.0,2377000.0,-0.0274,0.0231,0.9244,0.225,1,0,0,0,0.652,0.267,1
TND-002258,MPLADS-002258,1,Open e-Tender,2022-10-22,17,3,2,0,0.5,Open e-Tender,2130000.0,2130000.0,0.0061,0.0186,0.8502,0.194,0,0,0,0,0.142,0.056,1
TND-002259,MPLADS-002259,1,Open e-Tender,2023-06-07,26,4,3,0,0.667,Open e-Tender,3081000.0,3081000.0,0.0158,0.0116,0.9489,0.102,0,0,0,0,0.634,0.316,1
TND-002260,MPLADS-002260,1,Open e-Tender,2023-11-08,24,3,3,0,0.5,Open e-Tender,2628000.0,2628000.0,-0.0098,0.0028,0.8584,0.101,0,0,0,0,0.548,0.302,1
TND-002261,MPLADS-002261,1,Open e-Tender,2022-09-23,23,3,2,0,0.5,Open e-Tender,2492000.0,2492000.0,-0.0154,0.0176,0.9145,0.106,0,0,0,1,0.412,0.069,1
TND-002262,MPLADS-002262,1,Open e-Tender,2022-06-09,20,5,4,0,0.833,Open e-Tender,6820000.0,6820000.0,-0.0658,0.041,0.8563,0.117,0,0,0,0,0.727,0.476,1
TND-002263,MPLADS-002263,1,Open e-Tender,2023-04-10,14,4,4,0,0.667,Open e-Tender,1994000.0,1994000.0,-0.0367,0.011,0.9627,0.14,1,0,0,0,0.724,0.312,1
TND-002264,MPLADS-002264,1,Direct / Single Inquiry,2022-07-26,19,1,1,1,0.167,Single Tender Inquiry,1485000.0,1485000.0,0.0075,0.0167,0.0,0.13,0,0,0,0,0.675,0.365,0
TND-002265,MPLADS-002265,1,Open e-Tender,2023-04-07,22,7,6,0,1.0,Open e-Tender,796000.0,796000.0,-0.0558,0.0158,0.8887,0.07,0,0,0,0,0.603,0.141,1
TND-002266,MPLADS-002266,1,Open e-Tender,2023-02-25,21,4,4,0,0.667,Open e-Tender,2590000.0,2590000.0,-0.0252,0.0092,0.8602,0.191,1,0,0,0,0.442,0.456,1
TND-002267,MPLADS-002267,1,Open e-Tender,2023-01-09,26,4,3,0,0.667,Open e-Tender,1977000.0,1977000.0,-0.0617,0.028,0.9149,0.114,0,0,0,0,0.263,0.064,1
TND-002268,MPLADS-002268,1,Open e-Tender,2023-10-07,21,7,7,0,1.0,Open e-Tender,1456000.0,1456000.0,0.0153,0.0459,0.8779,0.101,0,0,0,0,0.428,0.277,1
TND-002269,MPLADS-002269,1,Open e-Tender,2022-08-24,26,4,4,0,0.667,Open e-Tender,1076000.0,1076000.0,-0.0055,0.0026,0.917,0.164,0,0,0,1,0.499,0.413,1
TND-002270,MPLADS-002270,1,Open e-Tender,2023-06-28,15,3,3,0,0.5,Open e-Tender,846000.0,846000.0,-0.0375,0.0025,0.9732,0.144,0,0,0,0,0.42,0.098,1
TND-002271,MPLADS-002271,1,Open e-Tender,2023-04-06,18,4,3,0,0.667,Open e-Tender,2853000.0,2853000.0,-0.0021,0.0057,0.8647,0.0,0,0,0,0,0.614,0.429,1
TND-002272,MPLADS-002272,1,Open e-Tender,2023-02-02,24,3,3,0,0.5,Open e-Tender,555000.0,555000.0,0.0091,0.0444,0.9379,0.065,0,0,0,1,0.661,0.099,1
TND-002273,MPLADS-002273,1,Open e-Tender,2022-05-21,28,7,6,0,1.0,Open e-Tender,436000.0,436000.0,0.0093,0.0119,0.973,0.017,0,0,0,1,0.471,0.453,1
TND-002274,MPLADS-002274,1,Open e-Tender,2022-11-26,28,6,5,0,1.0,Open e-Tender,415000.0,415000.0,-0.0072,0.0387,0.9297,0.068,0,0,0,0,0.123,0.452,1
TND-002275,MPLADS-002275,1,Direct / Single Inquiry,2023-05-21,27,1,1,1,0.167,Single Tender Inquiry,1731000.0,1731000.0,-0.0142,0.0145,0.0,0.175,0,0,0,0,0.236,0.216,0
TND-002276,MPLADS-002276,1,Open e-Tender,2022-10-02,16,4,3,0,0.667,Open e-Tender,2036000.0,2036000.0,-0.08,0.043,0.9503,0.195,1,0,0,0,0.495,0.485,1
TND-002277,MPLADS-002277,1,Open e-Tender,2023-05-27,21,3,2,0,0.5,Open e-Tender,1499000.0,1499000.0,0.004,0.0285,0.9863,0.177,0,0,0,1,0.647,0.196,1
TND-002278,MPLADS-002278,1,Open e-Tender,2023-05-17,25,4,3,0,0.667,Open e-Tender,1913000.0,1913000.0,0.017,0.0159,0.9362,0.183,0,0,0,1,0.26,0.451,1
TND-002279,MPLADS-002279,1,Open e-Tender,2022-06-09,22,6,6,0,1.0,Open e-Tender,1499000.0,1499000.0,-0.0489,0.0403,0.9509,0.07,0,0,0,0,0.192,0.266,1
TND-002280,MPLADS-002280,1,Open e-Tender,2023-10-29,25,6,5,0,1.0,Open e-Tender,825000.0,825000.0,0.011,0.0285,0.9736,0.233,0,0,0,1,0.486,0.256,1
TND-002281,MPLADS-002281,1,Open e-Tender,2023-08-23,27,4,4,0,0.667,Open e-Tender,1899000.0,1899000.0,-0.0356,0.0272,0.9142,0.202,0,0,0,0,0.434,0.452,1
TND-002282,MPLADS-002282,1,Open e-Tender,2023-11-09,17,4,3,0,0.667,Open e-Tender,2312000.0,2312000.0,-0.0415,0.0246,0.8761,0.006,0,0,0,0,0.694,0.457,1
TND-002283,MPLADS-002283,1,Open e-Tender,2023-08-02,17,5,5,0,0.833,Open e-Tender,1915000.0,1915000.0,-0.0617,0.0469,0.9317,0.107,0,0,0,0,0.522,0.238,1
TND-002284,MPLADS-002284,1,Direct / Single Inquiry,2022-12-24,16,1,1,1,0.167,Single Tender Inquiry,1840000.0,1840000.0,-0.0782,0.0129,0.0,0.196,0,0,0,0,0.58,0.413,0
TND-002285,MPLADS-002285,1,Open e-Tender,2022-07-20,21,4,3,0,0.667,Open e-Tender,2956000.0,2956000.0,-0.0507,0.049,0.9783,0.133,0,0,0,0,0.361,0.081,1
TND-002286,MPLADS-002286,1,Open e-Tender,2023-04-29,21,7,7,0,1.0,Open e-Tender,1537000.0,1537000.0,-0.0173,0.048,0.9306,0.236,0,0,0,1,0.565,0.236,1
TND-002287,MPLADS-002287,1,Open e-Tender,2022-11-20,27,3,2,0,0.5,Open e-Tender,1684000.0,1684000.0,-0.0327,0.0329,0.9687,0.181,0,0,0,0,0.612,0.067,1
TND-002288,MPLADS-002288,1,Open e-Tender,2022-03-23,19,6,5,0,1.0,Open e-Tender,3647000.0,3647000.0,-0.0162,0.0036,0.9639,0.154,0,0,0,0,0.522,0.363,1
TND-002289,MPLADS-002289,1,Open e-Tender,2022-05-08,17,6,5,0,1.0,Open e-Tender,857000.0,857000.0,0.0118,0.0497,0.853,0.245,1,0,0,0,0.42,0.239,1
TND-002290,MPLADS-002290,1,Open e-Tender,2022-12-04,14,6,6,0,1.0,Open e-Tender,1106000.0,1106000.0,0.011,0.0423,0.9249,0.079,0,0,0,0,0.576,0.393,1
TND-002291,MPLADS-002291,1,Open e-Tender,2023-05-27,22,5,5,0,0.833,Open e-Tender,2133000.0,2133000.0,-0.0005,0.0321,0.858,0.106,0,0,0,0,0.606,0.189,1
TND-002292,MPLADS-002292,1,Open e-Tender,2022-02-07,26,5,5,0,0.833,Open e-Tender,3165000.0,3165000.0,-0.0312,0.0053,0.8877,0.145,0,0,0,0,0.681,0.211,1
TND-002293,MPLADS-002293,1,Open e-Tender,2022-07-07,28,6,6,0,1.0,Open e-Tender,2435000.0,2435000.0,0.0033,0.0201,0.9896,0.111,0,0,0,0,0.473,0.16,1
TND-002294,MPLADS-002294,1,Open e-Tender,2022-11-15,18,3,3,0,0.5,Open e-Tender,12246000.0,12246000.0,-0.016,0.0276,0.9448,0.228,0,0,0,0,0.693,0.259,1
TND-002295,MPLADS-002295,1,Open e-Tender,2023-10-26,19,3,3,0,0.5,Open e-Tender,2495000.0,2495000.0,0.0142,0.016,0.8605,0.184,0,0,0,0,0.378,0.333,1
TND-002296,MPLADS-002296,1,Open e-Tender,2023-01-11,29,5,5,0,0.833,Open e-Tender,369000.0,369000.0,-0.0682,0.0361,0.9495,0.232,0,0,0,0,0.532,0.2,1
TND-002297,MPLADS-002297,1,Open e-Tender,2022-07-29,26,6,6,0,1.0,Open e-Tender,617000.0,617000.0,-0.0522,0.0292,0.8649,0.076,0,0,0,0,0.671,0.228,1
TND-002298,MPLADS-002298,1,Open e-Tender,2022-07-03,21,5,5,0,0.833,Open e-Tender,2859000.0,2859000.0,-0.0406,0.0268,0.9426,0.111,1,0,0,0,0.276,0.342,1
TND-002299,MPLADS-002299,1,Direct / Single Inquiry,2023-03-08,15,1,1,1,0.167,Single Tender Inquiry,1927000.0,1927000.0,0.0089,0.0074,0.0,0.221,0,0,0,0,0.596,0.21,0
TND-002300,MPLADS-002300,1,Open e-Tender,2023-03-11,24,4,4,0,0.667,Open e-Tender,1849000.0,1849000.0,-0.0107,0.0442,0.9633,0.141,0,0,0,0,0.626,0.441,1
TND-002301,MPLADS-002301,1,Open e-Tender,2022-11-03,14,3,3,0,0.5,Open e-Tender,2765000.0,2765000.0,0.0173,0.0254,0.9608,0.031,0,0,0,0,0.437,0.489,1
TND-002302,MPLADS-002302,1,Open e-Tender,2023-03-23,25,6,5,0,1.0,Open e-Tender,664000.0,664000.0,-0.0235,0.0055,0.9526,0.084,1,0,0,0,0.306,0.336,1
TND-002303,MPLADS-002303,1,Open e-Tender,2023-07-21,16,6,6,0,1.0,Open e-Tender,3249000.0,3249000.0,-0.0555,0.0368,0.8835,0.002,0,0,0,0,0.45,0.424,1
TND-002304,MPLADS-002304,1,Open e-Tender,2023-10-16,25,7,7,0,1.0,Open e-Tender,1503000.0,1503000.0,-0.0589,0.0191,0.9149,0.091,0,0,0,0,0.213,0.296,1
TND-002305,MPLADS-002305,1,Open e-Tender,2023-09-08,14,7,7,0,1.0,Open e-Tender,436000.0,436000.0,-0.0802,0.0157,0.9578,0.008,0,0,0,0,0.505,0.352,1
TND-002306,MPLADS-002306,1,Open e-Tender,2023-04-20,25,5,4,0,0.833,Open e-Tender,6143000.0,6143000.0,-0.0761,0.0083,0.9827,0.021,0,0,0,0,0.338,0.387,1
TND-002307,MPLADS-002307,1,Open e-Tender,2023-01-05,22,7,7,0,1.0,Open e-Tender,1846000.0,1846000.0,-0.0485,0.0166,0.904,0.01,0,0,0,0,0.597,0.147,1
TND-002308,MPLADS-002308,1,Open e-Tender,2023-05-06,14,5,4,0,0.833,Open e-Tender,3406000.0,3406000.0,-0.0792,0.0277,0.8974,0.026,0,0,0,0,0.486,0.235,1
TND-002309,MPLADS-002309,1,Open e-Tender,2023-11-23,22,4,3,0,0.667,Open e-Tender,707000.0,707000.0,0.0114,0.0261,0.8655,0.13,0,0,0,0,0.477,0.408,1
TND-002310,MPLADS-002310,1,Direct / Single Inquiry,2023-10-21,24,1,1,1,0.167,Single Tender Inquiry,2212000.0,2212000.0,-0.0049,0.0027,0.0,0.236,0,0,0,0,0.71,0.145,0
TND-002311,MPLADS-002311,1,Open e-Tender,2023-10-20,22,3,3,0,0.5,Open e-Tender,65723000.0,65723000.0,-0.0642,0.0196,0.8914,0.099,0,0,0,0,0.497,0.228,1
TND-002312,MPLADS-002312,1,Open e-Tender,2023-09-28,20,5,4,0,0.833,Open e-Tender,13071000.0,13071000.0,0.0028,0.0098,0.8989,0.207,0,0,0,0,0.244,0.139,1
TND-002313,MPLADS-002313,1,Open e-Tender,2022-04-19,16,4,3,0,0.667,Open e-Tender,3927000.0,3927000.0,-0.0121,0.041,0.9179,0.159,0,0,0,0,0.38,0.305,1
TND-002314,MPLADS-002314,1,Open e-Tender,2023-12-20,21,5,4,0,0.833,Open e-Tender,3582000.0,3582000.0,-0.0237,0.0014,0.9259,0.19,0,0,0,0,0.304,0.485,1
TND-002315,MPLADS-002315,1,Open e-Tender,2023-03-31,19,7,6,0,1.0,Open e-Tender,672000.0,672000.0,-0.0074,0.018,0.8956,0.17,0,0,0,0,0.389,0.439,1
TND-002316,MPLADS-002316,1,Open e-Tender,2022-12-19,18,3,3,0,0.5,Open e-Tender,1715000.0,1715000.0,-0.0745,0.0439,0.9007,0.047,0,0,0,0,0.396,0.437,1
TND-002317,MPLADS-002317,1,Open e-Tender,2022-03-22,14,7,7,0,1.0,Open e-Tender,638000.0,638000.0,-0.0506,0.0418,0.8998,0.048,0,0,0,1,0.542,0.217,1
TND-002318,MPLADS-002318,1,Open e-Tender,2023-03-16,14,6,5,0,1.0,Open e-Tender,1570000.0,1570000.0,-0.0781,0.0421,0.9259,0.106,0,0,0,0,0.436,0.128,1
TND-002319,MPLADS-002319,1,Direct / Single Inquiry,2023-05-08,29,1,1,1,0.167,Single Tender Inquiry,2778000.0,2778000.0,0.0058,0.0277,0.0,0.186,0,0,0,0,0.166,0.358,0
TND-002320,MPLADS-002320,1,Open e-Tender,2023-11-08,26,3,2,0,0.5,Open e-Tender,2046000.0,2046000.0,-0.0024,0.0409,0.9554,0.035,0,0,0,0,0.389,0.069,1
TND-002321,MPLADS-002321,1,Open e-Tender,2022-05-10,14,4,4,0,0.667,Open e-Tender,2061000.0,2061000.0,0.001,0.0002,0.9197,0.197,0,0,0,0,0.707,0.068,1
TND-002322,MPLADS-002322,1,Open e-Tender,2023-07-23,17,4,4,0,0.667,Open e-Tender,1243000.0,1243000.0,-0.0394,0.0311,0.9134,0.062,0,0,0,0,0.161,0.232,1
TND-002323,MPLADS-002323,1,Open e-Tender,2023-08-08,23,5,5,0,0.833,Open e-Tender,1375000.0,1375000.0,-0.0276,0.0363,0.919,0.207,0,0,0,0,0.197,0.481,1
TND-002324,MPLADS-002324,1,Open e-Tender,2022-11-14,29,6,6,0,1.0,Open e-Tender,1236000.0,1236000.0,-0.0419,0.0186,0.9263,0.171,0,0,0,0,0.322,0.165,1
TND-002325,MPLADS-002325,1,Direct / Single Inquiry,2022-08-05,21,1,1,1,0.167,Single Tender Inquiry,2951000.0,2951000.0,-0.052,0.0467,0.0,0.083,0,0,0,0,0.658,0.153,0
TND-002326,MPLADS-002326,1,Open e-Tender,2023-05-19,29,5,5,0,0.833,Open e-Tender,2062000.0,2062000.0,-0.0724,0.0031,0.9038,0.13,1,0,0,0,0.731,0.222,1
TND-002327,MPLADS-002327,1,Open e-Tender,2022-07-03,28,6,6,0,1.0,Open e-Tender,2367000.0,2367000.0,-0.0596,0.0482,0.902,0.225,0,0,0,0,0.68,0.422,1
TND-002328,MPLADS-002328,1,Open e-Tender,2022-04-30,22,3,3,0,0.5,Open e-Tender,1775000.0,1775000.0,-0.0144,0.0139,0.9428,0.187,0,0,0,0,0.681,0.454,1
TND-002329,MPLADS-002329,1,Open e-Tender,2023-10-15,22,5,5,0,0.833,Open e-Tender,2557000.0,2557000.0,-0.0466,0.0099,0.8719,0.145,0,0,0,0,0.653,0.096,1
TND-002330,MPLADS-002330,1,Open e-Tender,2022-11-06,19,3,3,0,0.5,Open e-Tender,14966000.0,14966000.0,-0.0796,0.0383,0.9532,0.016,0,0,0,0,0.555,0.277,1
TND-002331,MPLADS-002331,1,Open e-Tender,2023-05-19,19,7,7,0,1.0,Open e-Tender,573000.0,573000.0,-0.0434,0.0339,0.9264,0.13,0,0,0,1,0.11,0.286,1
TND-002332,MPLADS-002332,1,Open e-Tender,2022-01-20,14,5,5,0,0.833,Open e-Tender,1277000.0,1277000.0,-0.0499,0.0227,0.9534,0.101,0,0,0,1,0.118,0.129,1
TND-002333,MPLADS-002333,1,Open e-Tender,2023-03-24,29,4,3,0,0.667,Open e-Tender,2192000.0,2192000.0,0.0009,0.0096,0.8677,0.141,0,0,0,1,0.597,0.087,1
TND-002334,MPLADS-002334,1,Open e-Tender,2023-03-24,19,5,4,0,0.833,Open e-Tender,12246000.0,12246000.0,-0.0704,0.0454,0.9406,0.097,1,0,0,0,0.324,0.298,1
TND-002335,MPLADS-002335,1,Open e-Tender,2023-04-28,22,7,7,0,1.0,Open e-Tender,1542000.0,1542000.0,-0.0128,0.0367,0.9693,0.078,0,0,0,0,0.257,0.159,1
TND-002336,MPLADS-002336,1,Open e-Tender,2022-10-04,22,4,4,0,0.667,Open e-Tender,1057000.0,1057000.0,0.0076,0.0353,0.9827,0.061,0,0,0,0,0.724,0.386,1
TND-002337,MPLADS-002337,1,Direct / Single Inquiry,2022-11-15,16,1,1,1,0.167,Single Tender Inquiry,926000.0,926000.0,-0.0786,0.0445,0.0,0.154,1,0,0,1,0.14,0.143,0
TND-002338,MPLADS-002338,1,Open e-Tender,2022-05-06,18,6,5,0,1.0,Open e-Tender,1301000.0,1301000.0,-0.0136,0.0422,0.8978,0.113,0,0,0,0,0.312,0.234,1
TND-002339,MPLADS-002339,1,Open e-Tender,2022-05-31,29,6,5,0,1.0,Open e-Tender,2452000.0,2452000.0,-0.0105,0.0149,0.9235,0.007,0,0,0,0,0.35,0.319,1
TND-002340,MPLADS-002340,1,Open e-Tender,2022-02-11,18,6,6,0,1.0,Open e-Tender,3965000.0,3965000.0,-0.0173,0.0057,0.8728,0.203,0,0,0,1,0.696,0.257,1
TND-002341,MPLADS-002341,1,Open e-Tender,2023-11-07,18,6,5,0,1.0,Open e-Tender,1439000.0,1439000.0,0.0184,0.0254,0.8572,0.202,0,0,0,1,0.466,0.192,1
TND-002342,MPLADS-002342,1,Open e-Tender,2023-06-06,28,5,4,0,0.833,Open e-Tender,458000.0,458000.0,-0.0255,0.0176,0.9532,0.015,0,0,0,0,0.113,0.199,1
TND-002343,MPLADS-002343,1,Open e-Tender,2023-03-13,14,3,3,0,0.5,Open e-Tender,987000.0,987000.0,0.0154,0.0314,0.9485,0.077,0,0,0,0,0.428,0.258,1
TND-002344,MPLADS-002344,1,Open e-Tender,2023-02-06,20,4,3,0,0.667,Open e-Tender,1801000.0,1801000.0,-0.0501,0.0351,0.9386,0.002,0,0,0,0,0.508,0.293,1
TND-002345,MPLADS-002345,1,Direct / Single Inquiry,2023-05-02,14,1,1,1,0.167,Single Tender Inquiry,988000.0,988000.0,-0.0644,0.0114,0.0,0.128,0,0,0,0,0.657,0.094,0
TND-002346,MPLADS-002346,1,Open e-Tender,2023-08-18,17,5,4,0,0.833,Open e-Tender,1477000.0,1477000.0,-0.004,0.0409,0.9281,0.044,1,0,0,0,0.684,0.2,1
TND-002347,MPLADS-002347,1,Open e-Tender,2023-06-26,28,5,5,0,0.833,Open e-Tender,381000.0,381000.0,-0.0379,0.001,0.9074,0.025,1,0,0,0,0.348,0.352,1
TND-002348,MPLADS-002348,1,Open e-Tender,2022-03-18,28,7,6,0,1.0,Open e-Tender,6827000.0,6827000.0,0.0087,0.0089,0.8854,0.152,0,0,0,0,0.292,0.103,1
TND-002349,MPLADS-002349,1,Open e-Tender,2023-03-14,25,6,5,0,1.0,Open e-Tender,636000.0,636000.0,0.016,0.0127,0.9519,0.027,1,0,0,0,0.689,0.365,1
TND-002350,MPLADS-002350,1,Open e-Tender,2023-02-09,21,6,6,0,1.0,Open e-Tender,14082000.0,14082000.0,-0.0579,0.0312,0.8643,0.053,0,0,0,0,0.365,0.161,1
TND-002351,MPLADS-002351,1,Open e-Tender,2022-04-28,19,6,6,0,1.0,Open e-Tender,3784000.0,3784000.0,-0.0182,0.0376,0.8808,0.236,0,0,0,0,0.235,0.435,1
TND-002352,MPLADS-002352,1,Open e-Tender,2022-07-25,22,4,3,0,0.667,Open e-Tender,54076000.0,54076000.0,-0.0324,0.0355,0.8902,0.168,0,0,0,0,0.477,0.256,1
TND-002353,MPLADS-002353,1,Open e-Tender,2022-08-16,24,4,4,0,0.667,Open e-Tender,1201000.0,1201000.0,-0.0252,0.0493,0.903,0.006,0,0,0,0,0.435,0.066,1
TND-002354,MPLADS-002354,1,Open e-Tender,2022-11-15,28,6,6,0,1.0,Open e-Tender,1818000.0,1818000.0,-0.0639,0.0187,0.969,0.192,0,0,0,0,0.632,0.41,1
TND-002355,MPLADS-002355,1,Open e-Tender,2023-07-06,21,6,5,0,1.0,Open e-Tender,1072000.0,1072000.0,0.0142,0.042,0.9762,0.117,0,0,0,0,0.449,0.122,1
TND-002356,MPLADS-002356,1,Open e-Tender,2023-04-16,17,4,4,0,0.667,Open e-Tender,3457000.0,3457000.0,-0.0779,0.0231,0.8846,0.073,0,0,0,0,0.176,0.151,1
TND-002357,MPLADS-002357,1,Open e-Tender,2023-01-23,19,3,3,0,0.5,Open e-Tender,1968000.0,1968000.0,-0.0566,0.0101,0.9141,0.152,0,0,0,1,0.136,0.167,1
TND-002358,MPLADS-002358,1,Open e-Tender,2022-06-24,20,6,6,0,1.0,Open e-Tender,2636000.0,2636000.0,-0.0435,0.0086,0.9184,0.204,1,0,0,1,0.32,0.189,1
TND-002359,MPLADS-002359,1,Open e-Tender,2022-10-24,29,5,5,0,0.833,Open e-Tender,3445000.0,3445000.0,-0.0003,0.0409,0.9537,0.141,0,0,0,0,0.441,0.076,1
TND-002360,MPLADS-002360,1,Open e-Tender,2022-05-25,29,7,6,0,1.0,Open e-Tender,622000.0,622000.0,0.0097,0.0036,0.9492,0.179,0,0,0,0,0.74,0.159,1
TND-002361,MPLADS-002361,1,Open e-Tender,2022-04-07,22,3,3,0,0.5,Open e-Tender,2909000.0,2909000.0,-0.0205,0.0351,0.9468,0.181,0,0,0,0,0.104,0.217,1
TND-002362,MPLADS-002362,1,Open e-Tender,2022-01-24,21,3,2,0,0.5,Open e-Tender,9398000.0,9398000.0,0.0109,0.0309,0.9084,0.208,0,0,0,0,0.259,0.376,1
TND-002363,MPLADS-002363,1,Open e-Tender,2022-04-11,27,7,7,0,1.0,Open e-Tender,2772000.0,2772000.0,-0.005,0.0093,0.9013,0.147,0,0,0,1,0.541,0.276,1
TND-002364,MPLADS-002364,1,Open e-Tender,2023-11-27,15,5,4,0,0.833,Open e-Tender,3625000.0,3625000.0,-0.0486,0.0055,0.9158,0.024,0,0,0,1,0.505,0.351,1
TND-002365,MPLADS-002365,1,Open e-Tender,2023-01-17,22,3,2,0,0.5,Open e-Tender,1910000.0,1910000.0,-0.0245,0.0156,0.8599,0.24,0,0,0,0,0.43,0.17,1
TND-002366,MPLADS-002366,1,Open e-Tender,2023-06-24,27,5,5,0,0.833,Open e-Tender,16159000.0,16159000.0,0.0141,0.003,0.9249,0.166,0,0,0,1,0.431,0.227,1
TND-002367,MPLADS-002367,1,Open e-Tender,2023-09-02,22,4,4,0,0.667,Open e-Tender,1599000.0,1599000.0,-0.0747,0.0204,0.914,0.016,0,0,0,0,0.307,0.299,1
TND-002368,MPLADS-002368,1,Open e-Tender,2023-11-11,29,6,5,0,1.0,Open e-Tender,2197000.0,2197000.0,-0.0631,0.0445,0.9382,0.131,0,0,0,0,0.167,0.136,1
TND-002369,MPLADS-002369,1,Open e-Tender,2022-09-15,22,4,3,0,0.667,Open e-Tender,1809000.0,1809000.0,-0.0439,0.0404,0.8922,0.137,0,0,0,0,0.444,0.409,1
TND-002370,MPLADS-002370,1,Open e-Tender,2023-05-17,27,3,2,0,0.5,Open e-Tender,2725000.0,2725000.0,-0.06,0.0279,0.8597,0.016,0,0,0,0,0.452,0.4,1
TND-002371,MPLADS-002371,1,Open e-Tender,2023-03-30,16,6,5,0,1.0,Open e-Tender,11144000.0,11144000.0,-0.0597,0.015,0.9213,0.193,1,0,0,1,0.646,0.148,1
TND-002372,MPLADS-002372,1,Open e-Tender,2022-04-24,28,3,3,0,0.5,Open e-Tender,13497000.0,13497000.0,-0.0129,0.01,0.8762,0.214,0,0,0,0,0.629,0.078,1
TND-002373,MPLADS-002373,1,Open e-Tender,2022-09-28,19,3,2,0,0.5,Open e-Tender,1799000.0,1799000.0,-0.0028,0.0386,0.9449,0.012,0,0,0,0,0.15,0.143,1
TND-002374,MPLADS-002374,1,Open e-Tender,2023-10-03,18,3,3,0,0.5,Open e-Tender,3006000.0,3006000.0,0.0037,0.0465,0.8972,0.135,0,0,0,0,0.145,0.075,1
TND-002375,MPLADS-002375,1,Direct / Single Inquiry,2022-11-16,23,1,1,1,0.167,Single Tender Inquiry,2348000.0,2348000.0,-0.0694,0.0266,0.0,0.104,0,0,0,0,0.643,0.44,0
TND-002376,MPLADS-002376,1,Open e-Tender,2023-12-07,28,4,4,0,0.667,Open e-Tender,10532000.0,10532000.0,-0.0685,0.0107,0.9751,0.059,0,0,0,1,0.221,0.239,1
TND-002377,MPLADS-002377,1,Open e-Tender,2023-01-22,18,5,5,0,0.833,Open e-Tender,1690000.0,1690000.0,-0.0376,0.0091,0.8796,0.03,0,0,0,1,0.419,0.438,1
TND-002378,MPLADS-002378,1,Open e-Tender,2023-09-28,25,3,3,0,0.5,Open e-Tender,2164000.0,2164000.0,0.0169,0.025,0.9417,0.055,0,0,0,0,0.512,0.377,1
TND-002379,MPLADS-002379,1,Open e-Tender,2022-10-04,29,6,5,0,1.0,Open e-Tender,15570000.0,15570000.0,-0.0568,0.0422,0.9669,0.064,0,0,0,0,0.465,0.089,1
TND-002380,MPLADS-002380,1,Open e-Tender,2023-05-21,24,6,6,0,1.0,Open e-Tender,1115000.0,1115000.0,-0.0313,0.0458,0.9381,0.114,0,0,0,0,0.332,0.404,1
TND-002381,MPLADS-002381,1,Open e-Tender,2023-09-05,29,5,5,0,0.833,Open e-Tender,2153000.0,2153000.0,0.0194,0.0411,0.9236,0.033,0,0,0,1,0.127,0.212,1
TND-002382,MPLADS-002382,1,Open e-Tender,2022-11-04,16,5,4,0,0.833,Open e-Tender,681000.0,681000.0,0.0195,0.0305,0.9396,0.113,0,0,0,0,0.257,0.194,1
TND-002383,MPLADS-002383,1,Open e-Tender,2023-01-17,18,5,4,0,0.833,Open e-Tender,1212000.0,1212000.0,-0.0106,0.028,0.9646,0.144,0,0,0,0,0.261,0.108,1
TND-002384,MPLADS-002384,1,Open e-Tender,2022-11-09,18,4,3,0,0.667,Open e-Tender,831000.0,831000.0,-0.0269,0.023,0.8693,0.15,0,0,0,1,0.294,0.303,1
TND-002385,MPLADS-002385,1,Open e-Tender,2023-09-06,26,5,5,0,0.833,Open e-Tender,1666000.0,1666000.0,-0.0072,0.0331,0.9315,0.189,0,0,0,0,0.61,0.22,1
TND-002386,MPLADS-002386,1,Open e-Tender,2023-11-28,22,5,5,0,0.833,Open e-Tender,1529000.0,1529000.0,-0.0426,0.0425,0.9316,0.2,0,0,0,1,0.448,0.139,1
TND-002387,MPLADS-002387,1,Open e-Tender,2022-05-24,21,6,6,0,1.0,Open e-Tender,3630000.0,3630000.0,-0.0632,0.0355,0.8821,0.041,1,0,0,1,0.282,0.203,1
TND-002388,MPLADS-002388,1,Open e-Tender,2023-05-26,24,4,3,0,0.667,Open e-Tender,2371000.0,2371000.0,-0.0267,0.0311,0.9363,0.0,1,0,0,1,0.131,0.451,1
TND-002389,MPLADS-002389,1,Open e-Tender,2023-04-02,28,6,5,0,1.0,Open e-Tender,2616000.0,2616000.0,-0.0143,0.0442,0.9111,0.027,0,0,0,0,0.477,0.11,1
TND-002390,MPLADS-002390,1,Open e-Tender,2022-03-11,20,6,6,0,1.0,Open e-Tender,1682000.0,1682000.0,-0.0572,0.0065,0.9505,0.2,0,0,0,0,0.254,0.104,1
TND-002391,MPLADS-002391,1,Open e-Tender,2022-11-06,25,4,4,0,0.667,Open e-Tender,1974000.0,1974000.0,-0.0333,0.0237,0.8734,0.044,0,0,0,0,0.498,0.194,1
TND-002392,MPLADS-002392,1,Open e-Tender,2022-02-11,29,5,4,0,0.833,Open e-Tender,2839000.0,2839000.0,-0.0317,0.007,0.9831,0.009,1,0,0,1,0.363,0.162,1
TND-002393,MPLADS-002393,1,Open e-Tender,2022-02-09,26,3,3,0,0.5,Open e-Tender,12871000.0,12871000.0,-0.0597,0.0347,0.9206,0.021,0,0,0,0,0.586,0.351,1
TND-002394,MPLADS-002394,1,Open e-Tender,2023-06-01,16,5,4,0,0.833,Open e-Tender,3174000.0,3174000.0,0.0013,0.0382,0.9528,0.134,1,0,0,1,0.68,0.214,1
TND-002395,MPLADS-002395,1,Open e-Tender,2022-03-12,16,6,5,0,1.0,Open e-Tender,3168000.0,3168000.0,-0.0729,0.0445,0.9417,0.148,0,0,0,0,0.418,0.405,1
TND-002396,MPLADS-002396,1,Open e-Tender,2022-01-23,23,6,5,0,1.0,Open e-Tender,2497000.0,2497000.0,-0.0355,0.0467,0.9511,0.172,1,0,0,0,0.44,0.356,1
TND-002397,MPLADS-002397,1,Open e-Tender,2023-11-06,27,6,5,0,1.0,Open e-Tender,2463000.0,2463000.0,0.0074,0.0299,0.8747,0.158,0,0,0,0,0.717,0.277,1
TND-002398,MPLADS-002398,1,Open e-Tender,2022-05-08,16,5,4,0,0.833,Open e-Tender,935000.0,935000.0,-0.0527,0.0262,0.9113,0.038,0,0,0,0,0.576,0.495,1
TND-002399,MPLADS-002399,1,Open e-Tender,2022-05-27,17,3,3,0,0.5,Open e-Tender,2023000.0,2023000.0,-0.0788,0.0017,0.9859,0.098,0,0,0,0,0.388,0.497,1
TND-002400,MPLADS-002400,1,Open e-Tender,2022-02-03,27,7,7,0,1.0,Open e-Tender,9768000.0,9768000.0,-0.0524,0.0155,0.9511,0.13,0,0,0,0,0.333,0.398,1
TND-002401,MPLADS-002401,1,Open e-Tender,2022-04-09,23,5,5,0,0.833,Open e-Tender,603000.0,603000.0,-0.0593,0.0397,0.9863,0.09,0,0,0,1,0.399,0.213,1
TND-002402,MPLADS-002402,1,Open e-Tender,2023-06-07,22,7,6,0,1.0,Open e-Tender,1376000.0,1376000.0,-0.0627,0.0382,0.891,0.243,1,0,0,0,0.181,0.127,1
TND-002403,MPLADS-002403,1,Open e-Tender,2022-12-11,28,4,4,0,0.667,Open e-Tender,1312000.0,1312000.0,-0.0655,0.0384,0.9815,0.066,1,0,0,0,0.389,0.072,1
TND-002404,MPLADS-002404,1,Open e-Tender,2023-01-12,16,4,4,0,0.667,Open e-Tender,580000.0,580000.0,-0.0017,0.0004,0.8615,0.202,1,0,0,0,0.363,0.333,1
TND-002405,MPLADS-002405,1,Open e-Tender,2022-02-17,29,5,5,0,0.833,Open e-Tender,10012000.0,10012000.0,-0.0505,0.0148,0.8983,0.242,0,0,0,0,0.5,0.228,1
TND-002406,MPLADS-002406,1,Open e-Tender,2023-01-04,29,6,5,0,1.0,Open e-Tender,1876000.0,1876000.0,-0.0409,0.0257,0.927,0.133,0,0,0,0,0.621,0.182,1
TND-002407,MPLADS-002407,1,Open e-Tender,2023-02-26,19,7,7,0,1.0,Open e-Tender,865000.0,865000.0,-0.0148,0.0164,0.9651,0.232,0,0,0,0,0.564,0.406,1
TND-002408,MPLADS-002408,1,Open e-Tender,2022-09-06,26,5,4,0,0.833,Open e-Tender,2733000.0,2733000.0,-0.0685,0.0041,0.9104,0.092,0,0,0,0,0.405,0.164,1
TND-002409,MPLADS-002409,1,Open e-Tender,2022-05-29,20,5,5,0,0.833,Open e-Tender,2296000.0,2296000.0,0.011,0.0499,0.9011,0.157,0,0,0,0,0.156,0.353,1
TND-002410,MPLADS-002410,1,Open e-Tender,2023-05-08,29,6,6,0,1.0,Open e-Tender,2455000.0,2455000.0,-0.0764,0.0077,0.8802,0.248,0,0,0,0,0.228,0.262,1
TND-002411,MPLADS-002411,1,Open e-Tender,2022-01-25,15,4,4,0,0.667,Open e-Tender,1404000.0,1404000.0,-0.0475,0.0489,0.956,0.008,0,0,0,0,0.665,0.33,1
TND-002412,MPLADS-002412,1,Direct / Single Inquiry,2023-06-20,19,1,1,1,0.167,Single Tender Inquiry,12693000.0,12693000.0,-0.0192,0.0105,0.0,0.238,0,0,0,1,0.746,0.472,0
TND-002413,MPLADS-002413,1,Open e-Tender,2023-09-15,25,4,3,0,0.667,Open e-Tender,3333000.0,3333000.0,-0.0206,0.0479,0.8696,0.091,0,0,0,0,0.422,0.394,1
TND-002414,MPLADS-002414,1,Open e-Tender,2023-04-28,20,4,3,0,0.667,Open e-Tender,8686000.0,8686000.0,0.0003,0.0389,0.9895,0.192,0,0,0,0,0.739,0.303,1
TND-002415,MPLADS-002415,1,Open e-Tender,2023-03-08,27,6,6,0,1.0,Open e-Tender,2420000.0,2420000.0,0.0096,0.0266,0.8839,0.227,0,0,0,0,0.111,0.26,1
TND-002416,MPLADS-002416,1,Open e-Tender,2021-12-27,17,5,4,0,0.833,Open e-Tender,8965000.0,8965000.0,-0.0377,0.01,0.8962,0.065,0,0,0,1,0.666,0.497,1
TND-002417,MPLADS-002417,1,Open e-Tender,2023-08-24,18,6,5,0,1.0,Open e-Tender,2891000.0,2891000.0,0.001,0.0146,0.8716,0.039,0,0,0,0,0.352,0.119,1
TND-002418,MPLADS-002418,1,Open e-Tender,2023-07-05,19,4,3,0,0.667,Open e-Tender,2177000.0,2177000.0,0.0149,0.0089,0.9659,0.075,0,0,0,0,0.257,0.273,1
TND-002419,MPLADS-002419,1,Open e-Tender,2023-08-22,28,3,2,0,0.5,Open e-Tender,1259000.0,1259000.0,-0.0156,0.0073,0.9568,0.113,0,0,0,1,0.588,0.347,1
TND-002420,MPLADS-002420,1,Direct / Single Inquiry,2023-06-28,26,1,1,1,0.167,Single Tender Inquiry,2627000.0,2627000.0,0.0186,0.0396,0.0,0.106,0,0,0,1,0.448,0.117,0
TND-002421,MPLADS-002421,1,Open e-Tender,2023-12-07,18,3,3,0,0.5,Open e-Tender,2371000.0,2371000.0,-0.0539,0.0433,0.9767,0.239,0,0,0,0,0.681,0.494,1
TND-002422,MPLADS-002422,1,Open e-Tender,2022-06-21,28,3,2,0,0.5,Open e-Tender,2319000.0,2319000.0,-0.0585,0.0342,0.9558,0.041,1,0,0,0,0.486,0.218,1
TND-002423,MPLADS-002423,1,Open e-Tender,2023-09-14,15,7,7,0,1.0,Open e-Tender,1623000.0,1623000.0,-0.0773,0.0066,0.9211,0.202,0,0,0,0,0.213,0.142,1
TND-002424,MPLADS-002424,1,Open e-Tender,2022-09-15,22,7,6,0,1.0,Open e-Tender,10794000.0,10794000.0,-0.0069,0.0147,0.862,0.166,0,0,0,0,0.637,0.151,1
TND-002425,MPLADS-002425,1,Open e-Tender,2023-05-19,16,4,3,0,0.667,Open e-Tender,1739000.0,1739000.0,-0.0656,0.0099,0.881,0.0,1,0,0,0,0.368,0.138,1
TND-002426,MPLADS-002426,1,Open e-Tender,2023-08-01,23,3,2,0,0.5,Open e-Tender,9979000.0,9979000.0,-0.0775,0.0067,0.8821,0.021,0,0,0,1,0.163,0.207,1
TND-002427,MPLADS-002427,1,Open e-Tender,2023-02-14,29,3,2,0,0.5,Open e-Tender,11793000.0,11793000.0,0.0053,0.0458,0.9032,0.089,0,0,0,0,0.228,0.167,1
TND-002428,MPLADS-002428,1,Open e-Tender,2022-10-30,21,5,5,0,0.833,Open e-Tender,8585000.0,8585000.0,-0.066,0.0011,0.8559,0.246,0,0,0,0,0.587,0.272,1
TND-002429,MPLADS-002429,1,Open e-Tender,2023-09-20,28,3,3,0,0.5,Open e-Tender,2321000.0,2321000.0,-0.0476,0.0235,0.9065,0.009,0,0,0,0,0.535,0.414,1
TND-002430,MPLADS-002430,1,Open e-Tender,2022-09-26,29,3,2,0,0.5,Open e-Tender,645000.0,645000.0,-0.0402,0.0132,0.8721,0.133,0,0,0,1,0.435,0.48,1
TND-002431,MPLADS-002431,1,Open e-Tender,2023-05-25,22,6,6,0,1.0,Open e-Tender,8668000.0,8668000.0,-0.0618,0.0262,0.9476,0.168,0,0,0,0,0.702,0.495,1
TND-002432,MPLADS-002432,1,Open e-Tender,2023-03-11,21,3,3,0,0.5,Open e-Tender,14988000.0,14988000.0,-0.0384,0.0352,0.9706,0.011,0,0,0,0,0.56,0.301,1
TND-002433,MPLADS-002433,1,Open e-Tender,2023-05-11,28,7,7,0,1.0,Open e-Tender,3513000.0,3513000.0,0.0063,0.0128,0.9749,0.111,0,0,0,1,0.108,0.201,1
TND-002434,MPLADS-002434,1,Open e-Tender,2023-10-19,27,4,4,0,0.667,Open e-Tender,625000.0,625000.0,0.0163,0.0413,0.8889,0.045,1,0,0,0,0.396,0.258,1
TND-002435,MPLADS-002435,1,Open e-Tender,2023-04-29,18,3,3,0,0.5,Open e-Tender,1945000.0,1945000.0,-0.0512,0.0118,0.859,0.205,1,0,0,0,0.692,0.272,1
TND-002436,MPLADS-002436,1,Open e-Tender,2023-07-26,21,6,5,0,1.0,Open e-Tender,15315000.0,15315000.0,-0.0011,0.0434,0.8763,0.102,1,0,0,0,0.613,0.132,1
TND-002437,MPLADS-002437,1,Open e-Tender,2022-12-16,14,3,2,0,0.5,Open e-Tender,2234000.0,2234000.0,-0.0354,0.0489,0.8649,0.044,0,0,0,1,0.504,0.363,1
TND-002438,MPLADS-002438,1,Open e-Tender,2022-06-07,28,7,7,0,1.0,Open e-Tender,1643000.0,1643000.0,0.0199,0.0066,0.8756,0.083,0,0,0,0,0.279,0.237,1
TND-002439,MPLADS-002439,1,Open e-Tender,2023-10-13,22,5,5,0,0.833,Open e-Tender,787000.0,787000.0,-0.032,0.0031,0.9178,0.168,0,0,0,0,0.259,0.292,1
TND-002440,MPLADS-002440,1,Open e-Tender,2022-09-12,20,6,5,0,1.0,Open e-Tender,1110000.0,1110000.0,-0.008,0.018,0.8687,0.179,0,0,0,0,0.196,0.292,1
TND-002441,MPLADS-002441,1,Open e-Tender,2023-09-16,18,4,3,0,0.667,Open e-Tender,3479000.0,3479000.0,-0.0293,0.0391,0.8844,0.144,0,0,0,1,0.488,0.101,1
TND-002442,MPLADS-002442,1,Open e-Tender,2023-05-25,17,6,5,0,1.0,Open e-Tender,824000.0,824000.0,-0.0237,0.0163,0.9497,0.173,1,0,0,1,0.72,0.273,1
TND-002443,MPLADS-002443,1,Open e-Tender,2023-05-02,18,6,6,0,1.0,Open e-Tender,880000.0,880000.0,-0.0276,0.0331,0.9801,0.03,0,0,0,1,0.618,0.48,1
TND-002444,MPLADS-002444,1,Open e-Tender,2022-10-20,25,3,2,0,0.5,Open e-Tender,533000.0,533000.0,-0.0763,0.0088,0.9114,0.062,0,0,0,1,0.425,0.494,1
TND-002445,MPLADS-002445,1,Open e-Tender,2022-04-08,15,6,5,0,1.0,Open e-Tender,2297000.0,2297000.0,0.007,0.0198,0.9535,0.016,0,0,0,0,0.522,0.402,1
TND-002446,MPLADS-002446,1,Open e-Tender,2023-11-04,16,7,7,0,1.0,Open e-Tender,350000.0,350000.0,0.0,0.0253,0.9474,0.192,1,0,0,0,0.735,0.06,1
TND-002447,MPLADS-002447,1,Open e-Tender,2022-03-25,23,4,3,0,0.667,Open e-Tender,2253000.0,2253000.0,-0.0632,0.0469,0.9525,0.221,0,0,0,0,0.56,0.076,1
TND-002448,MPLADS-002448,1,Open e-Tender,2022-06-15,17,5,4,0,0.833,Open e-Tender,8098000.0,8098000.0,-0.0441,0.0331,0.9479,0.142,0,0,0,0,0.193,0.114,1
TND-002449,MPLADS-002449,1,Open e-Tender,2022-08-04,17,4,4,0,0.667,Open e-Tender,1606000.0,1606000.0,-0.0446,0.0203,0.9031,0.121,0,0,0,0,0.563,0.311,1
TND-002450,MPLADS-002450,1,Open e-Tender,2022-09-24,29,6,5,0,1.0,Open e-Tender,3509000.0,3509000.0,-0.0475,0.0315,0.94,0.205,0,0,0,1,0.404,0.46,1
TND-002451,MPLADS-002451,1,Open e-Tender,2023-01-10,27,4,4,0,0.667,Open e-Tender,2857000.0,2857000.0,0.0032,0.0348,0.8704,0.049,0,0,0,1,0.476,0.11,1
TND-002452,MPLADS-002452,1,Open e-Tender,2023-09-15,25,6,6,0,1.0,Open e-Tender,2329000.0,2329000.0,0.0161,0.0072,0.9856,0.005,0,0,0,0,0.688,0.211,1
TND-002453,MPLADS-002453,1,Open e-Tender,2023-03-29,14,4,3,0,0.667,Open e-Tender,615000.0,615000.0,-0.0738,0.0092,0.9239,0.222,0,0,0,0,0.421,0.445,1
TND-002454,MPLADS-002454,1,Open e-Tender,2023-04-07,20,5,5,0,0.833,Open e-Tender,2172000.0,2172000.0,-0.0738,0.0023,0.9597,0.021,0,0,0,0,0.427,0.39,1
TND-002455,MPLADS-002455,1,Open e-Tender,2022-10-17,24,5,5,0,0.833,Open e-Tender,3978000.0,3978000.0,0.0179,0.0271,0.852,0.124,0,0,0,1,0.718,0.488,1
TND-002456,MPLADS-002456,1,Open e-Tender,2023-06-23,24,6,6,0,1.0,Open e-Tender,2123000.0,2123000.0,-0.0693,0.0299,0.8773,0.246,0,0,0,0,0.734,0.488,1
TND-002457,MPLADS-002457,1,Open e-Tender,2023-02-10,28,5,5,0,0.833,Open e-Tender,1967000.0,1967000.0,-0.0121,0.0258,0.9879,0.202,0,0,0,0,0.664,0.081,1
TND-002458,MPLADS-002458,1,Open e-Tender,2022-04-29,14,3,2,0,0.5,Open e-Tender,13948000.0,13948000.0,-0.0717,0.0235,0.9199,0.132,0,0,0,0,0.425,0.324,1
TND-002459,MPLADS-002459,1,Open e-Tender,2022-04-26,28,3,3,0,0.5,Open e-Tender,550000.0,550000.0,-0.0036,0.008,0.8973,0.166,0,0,0,0,0.531,0.083,1
TND-002460,MPLADS-002460,1,Open e-Tender,2023-03-28,21,5,5,0,0.833,Open e-Tender,494000.0,494000.0,-0.0276,0.047,0.8729,0.117,0,0,0,0,0.505,0.393,1
TND-002461,MPLADS-002461,1,Open e-Tender,2022-11-24,26,6,6,0,1.0,Open e-Tender,8468000.0,8468000.0,-0.007,0.0282,0.8859,0.13,0,0,0,0,0.26,0.439,1
TND-002462,MPLADS-002462,1,Open e-Tender,2022-03-21,14,6,5,0,1.0,Open e-Tender,3044000.0,3044000.0,-0.033,0.0425,0.9143,0.156,0,0,0,0,0.346,0.16,1
TND-002463,MPLADS-002463,1,Open e-Tender,2022-12-21,16,4,4,0,0.667,Open e-Tender,2010000.0,2010000.0,-0.0089,0.0242,0.9716,0.196,0,0,0,1,0.464,0.167,1
TND-002464,MPLADS-002464,1,Direct / Single Inquiry,2022-07-06,28,1,1,1,0.167,Single Tender Inquiry,933000.0,933000.0,-0.0623,0.0497,0.0,0.091,0,0,0,1,0.687,0.491,0
TND-002465,MPLADS-002465,1,Open e-Tender,2023-01-11,15,4,3,0,0.667,Open e-Tender,12579000.0,12579000.0,-0.0239,0.0421,0.9113,0.186,0,0,0,1,0.214,0.377,1
TND-002466,MPLADS-002466,1,Open e-Tender,2023-04-05,29,7,7,0,1.0,Open e-Tender,9049000.0,9049000.0,-0.0511,0.0218,0.9493,0.169,0,0,0,0,0.627,0.493,1
TND-002467,MPLADS-002467,1,Open e-Tender,2022-11-26,20,7,7,0,1.0,Open e-Tender,826000.0,826000.0,-0.0495,0.0132,0.8618,0.07,0,0,0,0,0.519,0.305,1
TND-002468,MPLADS-002468,1,Open e-Tender,2022-07-05,23,3,2,0,0.5,Open e-Tender,2464000.0,2464000.0,0.0103,0.0166,0.9569,0.068,0,0,0,0,0.475,0.383,1
TND-002469,MPLADS-002469,1,Open e-Tender,2023-10-02,14,3,3,0,0.5,Open e-Tender,13573000.0,13573000.0,0.0164,0.0205,0.9123,0.213,0,0,0,0,0.203,0.372,1
TND-002470,MPLADS-002470,1,Open e-Tender,2023-09-30,15,7,6,0,1.0,Open e-Tender,575000.0,575000.0,-0.0238,0.0211,0.9898,0.067,0,0,0,0,0.611,0.095,1
TND-002471,MPLADS-002471,1,Open e-Tender,2022-01-06,18,6,5,0,1.0,Open e-Tender,543000.0,543000.0,-0.0304,0.0473,0.885,0.23,0,0,0,1,0.468,0.393,1
TND-002472,MPLADS-002472,1,Open e-Tender,2023-07-14,19,7,6,0,1.0,Open e-Tender,379000.0,379000.0,-0.0665,0.0135,0.8841,0.078,0,0,0,0,0.496,0.498,1
TND-002473,MPLADS-002473,1,Open e-Tender,2022-11-12,18,3,2,0,0.5,Open e-Tender,2954000.0,2954000.0,0.0193,0.0253,0.9852,0.191,0,0,0,1,0.368,0.294,1
TND-002474,MPLADS-002474,1,Open e-Tender,2023-09-26,24,3,2,0,0.5,Open e-Tender,9682000.0,9682000.0,-0.0114,0.0313,0.9428,0.202,0,0,0,0,0.335,0.104,1
TND-002475,MPLADS-002475,1,Open e-Tender,2022-12-31,29,5,5,0,0.833,Open e-Tender,1295000.0,1295000.0,-0.027,0.0446,0.9355,0.181,0,0,0,0,0.503,0.082,1
TND-002476,MPLADS-002476,1,Open e-Tender,2023-07-17,26,5,5,0,0.833,Open e-Tender,5818000.0,5818000.0,-0.0663,0.0469,0.9051,0.204,0,0,0,1,0.646,0.066,1
TND-002477,MPLADS-002477,1,Open e-Tender,2023-09-23,16,7,6,0,1.0,Open e-Tender,1690000.0,1690000.0,0.0018,0.0195,0.9731,0.234,0,0,0,0,0.34,0.368,1
TND-002478,MPLADS-002478,1,Open e-Tender,2022-05-28,25,5,4,0,0.833,Open e-Tender,1587000.0,1587000.0,-0.0204,0.0215,0.9262,0.082,0,0,0,0,0.601,0.075,1
TND-002479,MPLADS-002479,1,Open e-Tender,2023-01-21,18,3,2,0,0.5,Open e-Tender,1569000.0,1569000.0,-0.0218,0.0478,0.9899,0.03,0,0,0,0,0.292,0.404,1
TND-002480,MPLADS-002480,1,Open e-Tender,2022-12-04,29,6,5,0,1.0,Open e-Tender,747000.0,747000.0,0.0027,0.028,0.8948,0.064,0,0,0,0,0.528,0.452,1
TND-002481,MPLADS-002481,1,Open e-Tender,2023-10-24,14,7,6,0,1.0,Open e-Tender,2427000.0,2427000.0,-0.0273,0.0117,0.9708,0.05,0,0,0,0,0.149,0.116,1
TND-002482,MPLADS-002482,1,Open e-Tender,2022-02-03,21,5,5,0,0.833,Open e-Tender,1376000.0,1376000.0,-0.0517,0.0031,0.9524,0.089,0,0,0,1,0.123,0.147,1
TND-002483,MPLADS-002483,1,Open e-Tender,2022-06-07,18,3,3,0,0.5,Open e-Tender,7941000.0,7941000.0,0.0016,0.0316,0.975,0.011,0,0,0,0,0.249,0.131,1
TND-002484,MPLADS-002484,1,Open e-Tender,2023-07-20,28,3,3,0,0.5,Open e-Tender,2047000.0,2047000.0,-0.0483,0.0383,0.8814,0.028,1,0,0,0,0.543,0.115,1
TND-002485,MPLADS-002485,1,Open e-Tender,2023-06-27,15,7,7,0,1.0,Open e-Tender,2640000.0,2640000.0,-0.074,0.0459,0.8839,0.175,0,0,0,0,0.567,0.496,1
TND-002486,MPLADS-002486,1,Open e-Tender,2023-12-07,27,3,2,0,0.5,Open e-Tender,634000.0,634000.0,-0.0186,0.0073,0.8504,0.085,0,0,0,1,0.73,0.374,1
TND-002487,MPLADS-002487,1,Open e-Tender,2022-03-10,20,4,4,0,0.667,Open e-Tender,560000.0,560000.0,-0.0244,0.0003,0.8658,0.197,0,0,0,0,0.535,0.411,1
TND-002488,MPLADS-002488,1,Open e-Tender,2023-07-24,27,6,6,0,1.0,Open e-Tender,593000.0,593000.0,-0.0691,0.037,0.9445,0.049,0,0,0,0,0.353,0.293,1
TND-002489,MPLADS-002489,1,Open e-Tender,2023-10-03,16,3,3,0,0.5,Open e-Tender,434000.0,434000.0,-0.0482,0.036,0.9679,0.005,0,0,0,1,0.18,0.136,1
TND-002490,MPLADS-002490,1,Open e-Tender,2022-10-19,15,3,3,0,0.5,Open e-Tender,495000.0,495000.0,0.0185,0.0337,0.9486,0.079,0,0,0,0,0.123,0.467,1
TND-002491,MPLADS-002491,1,Open e-Tender,2022-09-07,27,4,4,0,0.667,Open e-Tender,2857000.0,2857000.0,-0.0155,0.0394,0.9726,0.226,0,0,0,0,0.167,0.492,1
TND-002492,MPLADS-002492,1,Direct / Single Inquiry,2023-03-03,26,1,1,1,0.167,Single Tender Inquiry,1005000.0,1005000.0,-0.0429,0.0222,0.0,0.032,0,0,0,0,0.571,0.075,0
TND-002493,MPLADS-002493,1,Direct / Single Inquiry,2022-03-05,24,1,1,1,0.167,Single Tender Inquiry,8889000.0,8889000.0,-0.0605,0.0195,0.0,0.155,0,0,0,0,0.442,0.2,0
TND-002494,MPLADS-002494,1,Open e-Tender,2022-10-27,14,6,5,0,1.0,Open e-Tender,1880000.0,1880000.0,-0.0239,0.0175,0.8902,0.154,0,0,0,0,0.552,0.438,1
TND-002495,MPLADS-002495,1,Open e-Tender,2022-05-18,27,5,5,0,0.833,Open e-Tender,1940000.0,1940000.0,-0.0771,0.0355,0.9137,0.034,0,0,0,0,0.103,0.082,1
TND-002496,MPLADS-002496,1,Open e-Tender,2023-03-20,18,4,3,0,0.667,Open e-Tender,1848000.0,1848000.0,-0.0685,0.0412,0.9305,0.112,0,0,0,1,0.293,0.065,1
TND-002497,MPLADS-002497,1,Open e-Tender,2023-08-12,27,5,5,0,0.833,Open e-Tender,1763000.0,1763000.0,-0.045,0.0134,0.9113,0.241,1,0,0,0,0.639,0.281,1
TND-002498,MPLADS-002498,1,Open e-Tender,2022-07-30,26,6,6,0,1.0,Open e-Tender,2206000.0,2206000.0,-0.0295,0.0422,0.9117,0.198,0,0,0,0,0.504,0.436,1
TND-002499,MPLADS-002499,1,Direct / Single Inquiry,2022-03-16,22,1,1,1,0.167,Single Tender Inquiry,1967000.0,1967000.0,-0.0456,0.0144,0.0,0.016,1,0,0,0,0.68,0.243,0
TND-002500,MPLADS-002500,1,Open e-Tender,2023-11-15,17,5,4,0,0.833,Open e-Tender,2234000.0,2234000.0,-0.0546,0.0267,0.963,0.142,1,0,0,0,0.146,0.188,1
TND-002501,MPLADS-002501,1,Open e-Tender,2023-11-23,28,3,3,0,0.5,Open e-Tender,1792000.0,1792000.0,-0.0105,0.0025,0.9823,0.173,0,0,0,0,0.701,0.225,1
TND-002502,MPLADS-002502,1,Open e-Tender,2023-12-07,28,7,7,0,1.0,Open e-Tender,2627000.0,2627000.0,-0.073,0.0069,0.9582,0.006,0,0,0,0,0.513,0.362,1
TND-002503,MPLADS-002503,1,Open e-Tender,2023-09-16,16,7,6,0,1.0,Open e-Tender,1693000.0,1693000.0,0.015,0.013,0.8735,0.016,1,0,0,1,0.604,0.362,1
TND-002504,MPLADS-002504,1,Open e-Tender,2022-12-01,17,6,5,0,1.0,Open e-Tender,2564000.0,2564000.0,-0.049,0.0149,0.869,0.134,0,0,0,0,0.589,0.28,1
TND-002505,MPLADS-002505,1,Open e-Tender,2023-03-16,18,3,3,0,0.5,Open e-Tender,1807000.0,1807000.0,-0.0652,0.0326,0.867,0.243,0,0,0,0,0.193,0.104,1
TND-002506,MPLADS-002506,1,Open e-Tender,2022-06-21,22,5,4,0,0.833,Open e-Tender,6694000.0,6694000.0,-0.0419,0.031,0.9055,0.16,0,0,0,0,0.293,0.145,1
TND-002507,MPLADS-002507,1,Open e-Tender,2023-01-25,15,4,3,0,0.667,Open e-Tender,1299000.0,1299000.0,0.0172,0.0198,0.983,0.064,0,0,0,0,0.191,0.491,1
TND-002508,MPLADS-002508,1,Open e-Tender,2023-10-24,27,6,5,0,1.0,Open e-Tender,1782000.0,1782000.0,0.0177,0.0175,0.8783,0.08,0,0,0,0,0.74,0.357,1
TND-002509,MPLADS-002509,1,Open e-Tender,2023-06-09,29,4,4,0,0.667,Open e-Tender,1439000.0,1439000.0,0.0184,0.0036,0.9723,0.026,0,0,0,1,0.344,0.47,1
TND-002510,MPLADS-002510,1,Open e-Tender,2023-08-29,17,6,5,0,1.0,Open e-Tender,2044000.0,2044000.0,-0.0248,0.0479,0.9348,0.235,0,0,0,1,0.22,0.427,1
TND-002511,MPLADS-002511,1,Open e-Tender,2023-01-14,26,6,6,0,1.0,Open e-Tender,3031000.0,3031000.0,-0.0708,0.0273,0.9321,0.242,0,0,0,1,0.368,0.342,1
TND-002512,MPLADS-002512,1,Open e-Tender,2022-03-06,20,3,3,0,0.5,Open e-Tender,13336000.0,13336000.0,-0.0762,0.0027,0.9651,0.062,0,0,0,0,0.14,0.11,1
TND-002513,MPLADS-002513,1,Direct / Single Inquiry,2022-01-17,26,1,1,1,0.167,Single Tender Inquiry,2349000.0,2349000.0,0.0169,0.0365,0.0,0.119,0,0,0,0,0.387,0.478,0
TND-002514,MPLADS-002514,1,Open e-Tender,2022-11-18,17,7,7,0,1.0,Open e-Tender,2260000.0,2260000.0,-0.0275,0.0067,0.9631,0.028,0,0,0,0,0.3,0.42,1
TND-002515,MPLADS-002515,1,Direct / Single Inquiry,2022-06-15,26,1,1,1,0.167,Single Tender Inquiry,656000.0,656000.0,-0.0324,0.0443,0.0,0.146,0,0,0,0,0.662,0.427,0
TND-002516,MPLADS-002516,1,Open e-Tender,2023-11-06,26,3,3,0,0.5,Open e-Tender,644000.0,644000.0,-0.0374,0.0398,0.8536,0.048,0,0,0,0,0.55,0.259,1
TND-002517,MPLADS-002517,1,Open e-Tender,2022-02-14,15,3,3,0,0.5,Open e-Tender,1329000.0,1329000.0,-0.0249,0.0316,0.8528,0.194,0,0,0,1,0.326,0.214,1
TND-002518,MPLADS-002518,1,Open e-Tender,2022-05-03,26,6,5,0,1.0,Open e-Tender,2616000.0,2616000.0,-0.0453,0.0341,0.9256,0.238,0,0,0,0,0.439,0.296,1
TND-002519,MPLADS-002519,1,Open e-Tender,2023-10-25,27,5,4,0,0.833,Open e-Tender,1780000.0,1780000.0,-0.0705,0.0001,0.9424,0.126,0,0,0,0,0.535,0.339,1
TND-002520,MPLADS-002520,1,Open e-Tender,2023-05-24,18,6,6,0,1.0,Open e-Tender,1942000.0,1942000.0,0.0057,0.0499,0.9385,0.249,0,0,0,0,0.692,0.167,1
TND-002521,MPLADS-002521,1,Open e-Tender,2022-12-10,24,5,4,0,0.833,Open e-Tender,1601000.0,1601000.0,-0.074,0.0119,0.965,0.201,0,0,0,0,0.7,0.414,1
TND-002522,MPLADS-002522,1,Open e-Tender,2023-07-28,22,7,7,0,1.0,Open e-Tender,3096000.0,3096000.0,-0.078,0.0308,0.8918,0.169,0,0,0,0,0.741,0.307,1
TND-002523,MPLADS-002523,1,Open e-Tender,2023-09-03,20,5,4,0,0.833,Open e-Tender,1743000.0,1743000.0,-0.0669,0.0384,0.9397,0.065,0,0,0,0,0.466,0.257,1
TND-002524,MPLADS-002524,1,Open e-Tender,2022-11-29,17,5,5,0,0.833,Open e-Tender,1974000.0,1974000.0,-0.0213,0.0428,0.9153,0.073,0,0,0,1,0.313,0.071,1
TND-002525,MPLADS-002525,1,Open e-Tender,2023-06-27,18,6,5,0,1.0,Open e-Tender,556000.0,556000.0,-0.0381,0.0263,0.9501,0.112,0,0,0,0,0.583,0.439,1
TND-002526,MPLADS-002526,1,Open e-Tender,2022-08-11,14,6,5,0,1.0,Open e-Tender,1779000.0,1779000.0,-0.0647,0.0274,0.9532,0.025,0,0,0,1,0.256,0.127,1
TND-002527,MPLADS-002527,1,Open e-Tender,2023-12-03,28,5,4,0,0.833,Open e-Tender,1118000.0,1118000.0,0.0127,0.044,0.8954,0.034,0,0,0,0,0.417,0.497,1
TND-002528,MPLADS-002528,1,Open e-Tender,2022-09-07,15,5,4,0,0.833,Open e-Tender,1991000.0,1991000.0,0.0005,0.041,0.9302,0.189,0,0,0,0,0.587,0.337,1
TND-002529,MPLADS-002529,1,Open e-Tender,2023-09-08,17,4,4,0,0.667,Open e-Tender,2215000.0,2215000.0,-0.074,0.0446,0.9191,0.015,0,0,0,0,0.252,0.361,1
TND-002530,MPLADS-002530,1,Open e-Tender,2022-07-07,21,7,7,0,1.0,Open e-Tender,8656000.0,8656000.0,-0.0113,0.0038,0.8835,0.013,1,0,0,0,0.428,0.185,1
TND-002531,MPLADS-002531,1,Open e-Tender,2022-05-14,27,6,6,0,1.0,Open e-Tender,1946000.0,1946000.0,-0.0667,0.0015,0.8943,0.229,0,0,0,0,0.54,0.11,1
TND-002532,MPLADS-002532,1,Open e-Tender,2022-05-19,14,5,5,0,0.833,Open e-Tender,710000.0,710000.0,-0.0731,0.0492,0.8608,0.166,0,0,0,0,0.343,0.068,1
TND-002533,MPLADS-002533,1,Open e-Tender,2022-11-21,14,3,3,0,0.5,Open e-Tender,1864000.0,1864000.0,-0.0256,0.006,0.9368,0.066,0,0,0,0,0.254,0.193,1
TND-002534,MPLADS-002534,1,Open e-Tender,2022-07-27,26,7,7,0,1.0,Open e-Tender,436000.0,436000.0,-0.0563,0.0147,0.8621,0.098,0,0,0,0,0.676,0.432,1
TND-002535,MPLADS-002535,1,Open e-Tender,2023-01-05,15,6,5,0,1.0,Open e-Tender,2011000.0,2011000.0,-0.0171,0.039,0.9737,0.037,0,0,0,0,0.714,0.442,1
TND-002536,MPLADS-002536,1,Open e-Tender,2023-08-03,25,4,3,0,0.667,Open e-Tender,1892000.0,1892000.0,-0.061,0.0108,0.8679,0.194,0,0,0,0,0.262,0.481,1
TND-002537,MPLADS-002537,1,Open e-Tender,2023-01-07,19,6,5,0,1.0,Open e-Tender,2126000.0,2126000.0,-0.0148,0.0051,0.9828,0.019,0,0,0,0,0.335,0.471,1
TND-002538,MPLADS-002538,1,Open e-Tender,2023-03-14,20,5,4,0,0.833,Open e-Tender,2346000.0,2346000.0,0.0034,0.0235,0.8987,0.232,0,0,0,0,0.22,0.41,1
TND-002539,MPLADS-002539,1,Open e-Tender,2023-11-06,16,6,5,0,1.0,Open e-Tender,1739000.0,1739000.0,-0.0063,0.0359,0.9288,0.02,0,0,0,0,0.259,0.15,1
TND-002540,MPLADS-002540,1,Open e-Tender,2023-05-12,26,4,3,0,0.667,Open e-Tender,1766000.0,1766000.0,-0.0334,0.0439,0.8537,0.088,0,0,0,0,0.152,0.169,1
TND-002541,MPLADS-002541,1,Open e-Tender,2023-10-20,26,5,4,0,0.833,Open e-Tender,8158000.0,8158000.0,-0.0698,0.0369,0.8975,0.159,0,0,0,1,0.538,0.298,1
TND-002542,MPLADS-002542,1,Open e-Tender,2022-10-04,21,7,6,0,1.0,Open e-Tender,568000.0,568000.0,-0.0307,0.0293,0.9827,0.084,1,0,0,0,0.121,0.193,1
TND-002543,MPLADS-002543,1,Open e-Tender,2022-12-10,19,7,7,0,1.0,Open e-Tender,1661000.0,1661000.0,-0.0476,0.0047,0.9171,0.177,1,0,0,0,0.421,0.164,1
TND-002544,MPLADS-002544,1,Open e-Tender,2023-08-10,14,7,7,0,1.0,Open e-Tender,430000.0,430000.0,-0.0753,0.0235,0.9169,0.114,0,0,0,0,0.36,0.185,1
TND-002545,MPLADS-002545,1,Open e-Tender,2023-05-27,16,7,6,0,1.0,Open e-Tender,1688000.0,1688000.0,-0.0586,0.0332,0.8558,0.146,0,0,0,1,0.173,0.371,1
TND-002546,MPLADS-002546,1,Direct / Single Inquiry,2023-06-26,29,1,1,1,0.167,Single Tender Inquiry,2170000.0,2170000.0,-0.005,0.0053,0.0,0.037,0,0,0,0,0.465,0.191,0
TND-002547,MPLADS-002547,1,Open e-Tender,2022-12-23,29,6,5,0,1.0,Open e-Tender,637000.0,637000.0,0.0,0.0174,0.9741,0.178,0,0,0,0,0.699,0.169,1
TND-002548,MPLADS-002548,1,Open e-Tender,2022-07-08,17,5,4,0,0.833,Open e-Tender,1782000.0,1782000.0,-0.0541,0.0196,0.9196,0.211,0,0,0,0,0.622,0.109,1
TND-002549,MPLADS-002549,1,Open e-Tender,2023-04-15,17,4,3,0,0.667,Open e-Tender,12925000.0,12925000.0,-0.0656,0.0199,0.986,0.248,0,0,0,0,0.521,0.493,1
TND-002550,MPLADS-002550,1,Open e-Tender,2022-05-30,18,5,4,0,0.833,Open e-Tender,14456000.0,14456000.0,-0.0562,0.0492,0.8983,0.163,0,0,0,0,0.331,0.197,1
TND-002551,MPLADS-002551,1,Open e-Tender,2022-04-30,27,4,4,0,0.667,Open e-Tender,3204000.0,3204000.0,-0.0056,0.0467,0.9406,0.221,0,0,0,0,0.269,0.469,1
TND-002552,MPLADS-002552,1,Open e-Tender,2022-05-27,16,5,5,0,0.833,Open e-Tender,10532000.0,10532000.0,0.0143,0.0422,0.8564,0.058,0,0,0,0,0.126,0.488,1
TND-002553,MPLADS-002553,1,Open e-Tender,2023-09-16,18,4,3,0,0.667,Open e-Tender,1658000.0,1658000.0,-0.0281,0.0082,0.9554,0.155,0,0,0,0,0.498,0.243,1
TND-002554,MPLADS-002554,1,Open e-Tender,2022-08-06,26,6,5,0,1.0,Open e-Tender,886000.0,886000.0,-0.0253,0.0091,0.9529,0.134,0,0,0,0,0.694,0.294,1
TND-002555,MPLADS-002555,1,Open e-Tender,2022-02-14,17,7,7,0,1.0,Open e-Tender,3775000.0,3775000.0,-0.0081,0.0454,0.8753,0.215,0,0,0,0,0.268,0.379,1
TND-002556,MPLADS-002556,1,Open e-Tender,2022-01-28,20,3,3,0,0.5,Open e-Tender,1790000.0,1790000.0,-0.0474,0.0062,0.8945,0.148,0,0,0,0,0.492,0.103,1
TND-002557,MPLADS-002557,1,Open e-Tender,2023-01-02,28,3,2,0,0.5,Open e-Tender,1794000.0,1794000.0,-0.0695,0.0145,0.9648,0.147,0,0,0,0,0.514,0.14,1
TND-002558,MPLADS-002558,1,Open e-Tender,2023-02-15,24,7,7,0,1.0,Open e-Tender,10283000.0,10283000.0,-0.0249,0.0395,0.8627,0.16,0,0,0,0,0.456,0.412,1
TND-002559,MPLADS-002559,1,Open e-Tender,2022-02-05,29,6,6,0,1.0,Open e-Tender,391000.0,391000.0,-0.0225,0.0101,0.9106,0.123,1,0,0,0,0.406,0.08,1
TND-002560,MPLADS-002560,1,Open e-Tender,2023-07-13,16,5,4,0,0.833,Open e-Tender,1926000.0,1926000.0,0.0121,0.0306,0.9845,0.078,0,0,0,0,0.167,0.45,1
TND-002561,MPLADS-002561,1,Direct / Single Inquiry,2022-02-10,17,1,1,1,0.167,Single Tender Inquiry,751000.0,751000.0,-0.0506,0.0438,0.0,0.165,0,0,0,0,0.298,0.201,0
TND-002562,MPLADS-002562,1,Open e-Tender,2023-10-03,24,5,4,0,0.833,Open e-Tender,2211000.0,2211000.0,-0.0445,0.0448,0.9538,0.156,0,0,0,0,0.452,0.063,1
TND-002563,MPLADS-002563,1,Open e-Tender,2023-07-09,17,5,5,0,0.833,Open e-Tender,838000.0,838000.0,-0.0679,0.0004,0.9667,0.223,0,0,0,1,0.194,0.196,1
TND-002564,MPLADS-002564,1,Open e-Tender,2022-10-22,24,7,7,0,1.0,Open e-Tender,2426000.0,2426000.0,0.0017,0.0174,0.9681,0.173,0,0,0,0,0.179,0.167,1
TND-002565,MPLADS-002565,1,Open e-Tender,2023-08-21,14,5,5,0,0.833,Open e-Tender,1984000.0,1984000.0,-0.0742,0.0486,0.9756,0.143,0,0,0,0,0.574,0.362,1
TND-002566,MPLADS-002566,1,Open e-Tender,2022-07-18,27,4,3,0,0.667,Open e-Tender,1646000.0,1646000.0,-0.0084,0.0346,0.8558,0.036,0,0,0,0,0.66,0.393,1
TND-002567,MPLADS-002567,1,Open e-Tender,2022-04-18,19,3,3,0,0.5,Open e-Tender,644000.0,644000.0,-0.0431,0.042,0.9054,0.183,0,0,0,0,0.222,0.36,1
TND-002568,MPLADS-002568,1,Open e-Tender,2022-08-04,25,7,6,0,1.0,Open e-Tender,12623000.0,12623000.0,-0.0606,0.0284,0.8827,0.143,0,0,0,0,0.708,0.184,1
TND-002569,MPLADS-002569,1,Open e-Tender,2023-07-02,14,6,5,0,1.0,Open e-Tender,12092000.0,12092000.0,-0.0588,0.0275,0.9159,0.204,1,0,0,0,0.17,0.46,1
TND-002570,MPLADS-002570,1,Open e-Tender,2022-12-06,16,5,4,0,0.833,Open e-Tender,11526000.0,11526000.0,-0.0084,0.0202,0.936,0.064,0,0,0,0,0.113,0.404,1
TND-002571,MPLADS-002571,1,Open e-Tender,2022-08-15,18,6,6,0,1.0,Open e-Tender,1868000.0,1868000.0,-0.0665,0.0196,0.8744,0.145,0,0,0,0,0.29,0.2,1
TND-002572,MPLADS-002572,1,Open e-Tender,2023-07-23,27,3,2,0,0.5,Open e-Tender,1462000.0,1462000.0,-0.0664,0.0205,0.9036,0.14,0,0,0,0,0.475,0.305,1
TND-002573,MPLADS-002573,1,Direct / Single Inquiry,2023-07-13,20,1,1,1,0.167,Single Tender Inquiry,1170000.0,1170000.0,-0.0465,0.0474,0.0,0.11,0,0,0,0,0.537,0.387,0
TND-002574,MPLADS-002574,1,Open e-Tender,2022-03-24,19,5,4,0,0.833,Open e-Tender,3117000.0,3117000.0,-0.0064,0.0064,0.8937,0.152,0,0,0,0,0.125,0.448,1
TND-002575,MPLADS-002575,1,Open e-Tender,2023-08-18,26,4,4,0,0.667,Open e-Tender,2481000.0,2481000.0,-0.0413,0.0006,0.9243,0.109,0,0,0,0,0.719,0.284,1
TND-002576,MPLADS-002576,1,Open e-Tender,2022-04-06,19,5,5,0,0.833,Open e-Tender,1920000.0,1920000.0,0.0084,0.0014,0.9548,0.022,0,0,0,0,0.626,0.49,1
TND-002577,MPLADS-002577,1,Open e-Tender,2023-11-04,27,7,6,0,1.0,Open e-Tender,1049000.0,1049000.0,-0.0367,0.0228,0.9804,0.169,0,0,0,1,0.421,0.261,1
TND-002578,MPLADS-002578,1,Open e-Tender,2023-11-04,14,5,4,0,0.833,Open e-Tender,558000.0,558000.0,0.0072,0.0072,0.9181,0.012,0,0,0,0,0.522,0.18,1
TND-002579,MPLADS-002579,1,Open e-Tender,2023-01-01,21,4,4,0,0.667,Open e-Tender,553000.0,553000.0,0.0018,0.026,0.9136,0.099,0,0,0,0,0.517,0.155,1
TND-002580,MPLADS-002580,1,Open e-Tender,2023-05-12,18,3,3,0,0.5,Open e-Tender,2971000.0,2971000.0,0.0037,0.0192,0.9083,0.158,1,0,0,0,0.269,0.086,1
TND-002581,MPLADS-002581,1,Open e-Tender,2023-05-23,19,5,5,0,0.833,Open e-Tender,2935000.0,2935000.0,-0.0508,0.0197,0.9406,0.151,0,0,0,0,0.434,0.382,1
TND-002582,MPLADS-002582,1,Open e-Tender,2023-09-09,16,5,5,0,0.833,Open e-Tender,11933000.0,11933000.0,-0.0004,0.0435,0.8983,0.024,1,0,0,0,0.186,0.346,1
TND-002583,MPLADS-002583,1,Open e-Tender,2023-09-12,14,7,7,0,1.0,Open e-Tender,444000.0,444000.0,-0.0633,0.0003,0.8537,0.164,0,0,0,0,0.448,0.493,1
TND-002584,MPLADS-002584,1,Open e-Tender,2022-07-02,24,5,5,0,0.833,Open e-Tender,2937000.0,2937000.0,-0.0197,0.0019,0.9051,0.116,0,0,0,0,0.719,0.275,1
TND-002585,MPLADS-002585,1,Open e-Tender,2022-05-08,26,6,6,0,1.0,Open e-Tender,2701000.0,2701000.0,-0.0343,0.0271,0.8805,0.121,0,0,0,0,0.379,0.348,1
TND-002586,MPLADS-002586,1,Open e-Tender,2023-12-25,17,4,3,0,0.667,Open e-Tender,1319000.0,1319000.0,-0.0711,0.0063,0.9606,0.151,0,0,0,1,0.364,0.37,1
TND-002587,MPLADS-002587,1,Open e-Tender,2022-09-25,17,7,6,0,1.0,Open e-Tender,1688000.0,1688000.0,0.0036,0.0168,0.9047,0.07,0,0,0,0,0.124,0.348,1
TND-002588,MPLADS-002588,1,Direct / Single Inquiry,2022-06-27,27,1,1,1,0.167,Single Tender Inquiry,568000.0,568000.0,-0.0533,0.0331,0.0,0.198,0,0,0,0,0.167,0.455,0
TND-002589,MPLADS-002589,1,Open e-Tender,2023-04-27,25,4,4,0,0.667,Open e-Tender,3653000.0,3653000.0,0.0016,0.0019,0.9704,0.174,0,0,0,0,0.709,0.314,1
TND-002590,MPLADS-002590,1,Open e-Tender,2022-06-25,17,7,6,0,1.0,Open e-Tender,898000.0,898000.0,-0.0587,0.0034,0.9571,0.061,0,0,0,0,0.147,0.066,1
TND-002591,MPLADS-002591,1,Open e-Tender,2023-05-03,26,7,7,0,1.0,Open e-Tender,1632000.0,1632000.0,-0.0332,0.0109,0.867,0.242,0,0,0,0,0.66,0.283,1
TND-002592,MPLADS-002592,1,Open e-Tender,2023-03-05,24,3,3,0,0.5,Open e-Tender,438000.0,438000.0,-0.074,0.027,0.9567,0.127,0,0,0,0,0.586,0.384,1
TND-002593,MPLADS-002593,1,Open e-Tender,2023-05-22,18,7,6,0,1.0,Open e-Tender,1306000.0,1306000.0,-0.0151,0.0173,0.8599,0.034,0,0,0,1,0.126,0.098,1
TND-002594,MPLADS-002594,1,Open e-Tender,2023-03-22,27,4,4,0,0.667,Open e-Tender,12893000.0,12893000.0,-0.0688,0.0004,0.9581,0.102,0,0,0,0,0.32,0.389,1
TND-002595,MPLADS-002595,1,Open e-Tender,2023-06-17,27,5,4,0,0.833,Open e-Tender,1034000.0,1034000.0,-0.001,0.0144,0.8908,0.208,0,0,0,0,0.609,0.336,1
TND-002596,MPLADS-002596,1,Open e-Tender,2022-02-20,23,5,5,0,0.833,Open e-Tender,2208000.0,2208000.0,-0.0396,0.0122,0.905,0.093,0,0,0,0,0.575,0.172,1
TND-002597,MPLADS-002597,1,Open e-Tender,2022-02-15,24,3,2,0,0.5,Open e-Tender,1675000.0,1675000.0,-0.013,0.0467,0.9301,0.07,0,0,0,1,0.212,0.277,1
TND-002598,MPLADS-002598,1,Open e-Tender,2023-07-30,23,4,4,0,0.667,Open e-Tender,347000.0,347000.0,-0.017,0.0428,0.9863,0.074,0,0,0,0,0.258,0.334,1
TND-002599,MPLADS-002599,1,Open e-Tender,2022-10-14,19,6,5,0,1.0,Open e-Tender,716000.0,716000.0,-0.0441,0.005,0.8652,0.075,1,0,0,0,0.557,0.393,1
TND-002600,MPLADS-002600,1,Open e-Tender,2023-01-28,22,3,3,0,0.5,Open e-Tender,15116000.0,15116000.0,-0.0714,0.0202,0.9573,0.142,0,0,0,0,0.135,0.439,1
TND-002601,MPLADS-002601,1,Open e-Tender,2022-10-03,28,7,6,0,1.0,Open e-Tender,1987000.0,1987000.0,0.0051,0.0041,0.936,0.107,1,0,0,1,0.392,0.485,1
TND-002602,MPLADS-002602,1,Open e-Tender,2023-10-08,18,6,5,0,1.0,Open e-Tender,2891000.0,2891000.0,-0.0187,0.0261,0.9806,0.164,0,0,0,0,0.544,0.415,1
TND-002603,MPLADS-002603,1,Open e-Tender,2023-01-28,20,4,4,0,0.667,Open e-Tender,2306000.0,2306000.0,-0.0331,0.0487,0.8512,0.117,0,0,0,0,0.404,0.222,1
TND-002604,MPLADS-002604,1,Direct / Single Inquiry,2023-08-03,14,1,1,1,0.167,Single Tender Inquiry,2979000.0,2979000.0,-0.0676,0.0069,0.0,0.011,0,0,0,0,0.217,0.405,0
TND-002605,MPLADS-002605,1,Open e-Tender,2022-04-22,28,5,4,0,0.833,Open e-Tender,2222000.0,2222000.0,-0.0757,0.0401,0.8997,0.095,0,0,0,1,0.127,0.114,1
TND-002606,MPLADS-002606,1,Open e-Tender,2022-06-29,18,6,6,0,1.0,Open e-Tender,10182000.0,10182000.0,-0.0403,0.0095,0.9139,0.199,0,0,0,0,0.29,0.437,1
TND-002607,MPLADS-002607,1,Open e-Tender,2022-10-28,26,7,6,0,1.0,Open e-Tender,1167000.0,1167000.0,-0.0259,0.0116,0.9219,0.131,0,0,0,0,0.153,0.324,1
TND-002608,MPLADS-002608,1,Open e-Tender,2023-01-29,15,5,4,0,0.833,Open e-Tender,3284000.0,3284000.0,0.004,0.0409,0.8529,0.22,1,0,0,0,0.444,0.323,1
TND-002609,MPLADS-002609,1,Open e-Tender,2022-09-21,25,3,2,0,0.5,Open e-Tender,867000.0,867000.0,-0.0313,0.0056,0.8559,0.119,1,0,0,0,0.487,0.092,1
TND-002610,MPLADS-002610,1,Open e-Tender,2022-04-06,15,6,6,0,1.0,Open e-Tender,13214000.0,13214000.0,-0.0232,0.0375,0.8665,0.041,0,0,0,0,0.582,0.084,1
TND-002611,MPLADS-002611,1,Open e-Tender,2022-06-09,15,3,2,0,0.5,Open e-Tender,550000.0,550000.0,-0.0108,0.0465,0.9342,0.049,0,0,0,0,0.229,0.137,1
TND-002612,MPLADS-002612,1,Open e-Tender,2023-09-24,14,3,3,0,0.5,Open e-Tender,3746000.0,3746000.0,-0.0132,0.0481,0.924,0.141,0,0,0,1,0.319,0.053,1
TND-002613,MPLADS-002613,1,Open e-Tender,2022-07-30,15,5,4,0,0.833,Open e-Tender,1896000.0,1896000.0,-0.0099,0.0025,0.8784,0.199,0,0,0,0,0.517,0.401,1
TND-002614,MPLADS-002614,1,Open e-Tender,2022-01-15,27,3,2,0,0.5,Open e-Tender,6923000.0,6923000.0,0.0074,0.0001,0.9893,0.109,0,0,0,0,0.165,0.179,1
TND-002615,MPLADS-002615,1,Open e-Tender,2022-09-14,17,6,5,0,1.0,Open e-Tender,1815000.0,1815000.0,-0.0157,0.0213,0.9702,0.233,0,0,0,0,0.725,0.318,1
TND-002616,MPLADS-002616,1,Open e-Tender,2022-07-03,19,5,5,0,0.833,Open e-Tender,1768000.0,1768000.0,-0.0039,0.0441,0.8847,0.058,0,0,0,0,0.287,0.376,1
TND-002617,MPLADS-002617,1,Open e-Tender,2022-11-05,14,6,5,0,1.0,Open e-Tender,1003000.0,1003000.0,-0.0781,0.0125,0.9881,0.076,0,0,0,0,0.104,0.115,1
TND-002618,MPLADS-002618,1,Open e-Tender,2023-01-12,29,3,2,0,0.5,Open e-Tender,357000.0,357000.0,-0.0727,0.0228,0.9086,0.156,0,0,0,1,0.519,0.356,1
TND-002619,MPLADS-002619,1,Open e-Tender,2023-09-30,19,5,5,0,0.833,Open e-Tender,704000.0,704000.0,0.0028,0.0385,0.9474,0.208,0,0,0,1,0.109,0.136,1
TND-002620,MPLADS-002620,1,Open e-Tender,2022-10-05,19,3,3,0,0.5,Open e-Tender,686000.0,686000.0,-0.0297,0.0476,0.9594,0.08,0,0,0,1,0.739,0.131,1
TND-002621,MPLADS-002621,1,Open e-Tender,2022-05-02,19,6,5,0,1.0,Open e-Tender,12006000.0,12006000.0,-0.0245,0.0392,0.9751,0.083,0,0,0,0,0.523,0.141,1
TND-002622,MPLADS-002622,1,Open e-Tender,2023-12-01,20,6,5,0,1.0,Open e-Tender,1454000.0,1454000.0,-0.0255,0.0318,0.9672,0.172,0,0,0,0,0.251,0.308,1
TND-002623,MPLADS-002623,1,Open e-Tender,2022-05-17,21,6,5,0,1.0,Open e-Tender,15207000.0,15207000.0,-0.0223,0.0124,0.9,0.027,0,0,0,0,0.497,0.398,1
TND-002624,MPLADS-002624,1,Open e-Tender,2022-06-11,16,3,3,0,0.5,Open e-Tender,3774000.0,3774000.0,-0.0764,0.0399,0.8511,0.089,0,0,0,0,0.258,0.231,1
TND-002625,MPLADS-002625,1,Open e-Tender,2022-11-13,27,5,4,0,0.833,Open e-Tender,9759000.0,9759000.0,0.0061,0.0318,0.9369,0.147,0,0,0,0,0.55,0.353,1
TND-002626,MPLADS-002626,1,Open e-Tender,2022-06-19,27,7,6,0,1.0,Open e-Tender,4494000.0,4494000.0,0.0126,0.0001,0.9876,0.005,0,0,0,1,0.384,0.357,1
TND-002627,MPLADS-002627,1,Open e-Tender,2022-12-25,25,3,3,0,0.5,Open e-Tender,2532000.0,2532000.0,-0.0566,0.0292,0.8756,0.081,0,0,0,1,0.356,0.463,1
TND-002628,MPLADS-002628,1,Open e-Tender,2023-07-24,23,7,6,0,1.0,Open e-Tender,1652000.0,1652000.0,-0.0167,0.027,0.9158,0.136,0,0,0,0,0.353,0.349,1
TND-002629,MPLADS-002629,1,Open e-Tender,2022-09-01,20,6,6,0,1.0,Open e-Tender,1663000.0,1663000.0,-0.0235,0.0177,0.8879,0.036,0,0,0,0,0.221,0.271,1
TND-002630,MPLADS-002630,1,Open e-Tender,2022-01-10,20,4,3,0,0.667,Open e-Tender,1855000.0,1855000.0,-0.0584,0.0401,0.8898,0.122,0,0,0,0,0.675,0.289,1
TND-002631,MPLADS-002631,1,Open e-Tender,2022-07-01,16,4,3,0,0.667,Open e-Tender,4112000.0,4112000.0,0.0148,0.0343,0.8755,0.216,0,0,0,1,0.549,0.088,1
TND-002632,MPLADS-002632,1,Open e-Tender,2023-04-26,15,5,4,0,0.833,Open e-Tender,1081000.0,1081000.0,-0.0322,0.008,0.8928,0.091,0,0,0,0,0.47,0.334,1
TND-002633,MPLADS-002633,1,Open e-Tender,2022-06-22,20,4,3,0,0.667,Open e-Tender,3965000.0,3965000.0,0.0185,0.0113,0.9899,0.181,0,0,0,0,0.229,0.364,1
TND-002634,MPLADS-002634,1,Open e-Tender,2022-07-07,26,5,5,0,0.833,Open e-Tender,866000.0,866000.0,-0.0302,0.0196,0.8637,0.133,0,0,0,0,0.445,0.192,1
TND-002635,MPLADS-002635,1,Open e-Tender,2023-05-02,24,5,5,0,0.833,Open e-Tender,2360000.0,2360000.0,-0.0445,0.0386,0.8998,0.233,0,0,0,0,0.594,0.281,1
TND-002636,MPLADS-002636,1,Open e-Tender,2023-03-30,27,6,5,0,1.0,Open e-Tender,949000.0,949000.0,0.0042,0.0464,0.9606,0.043,0,0,0,0,0.416,0.357,1
TND-002637,MPLADS-002637,1,Open e-Tender,2022-02-19,21,7,6,0,1.0,Open e-Tender,2306000.0,2306000.0,-0.0717,0.0016,0.9368,0.214,0,0,0,0,0.714,0.441,1
TND-002638,MPLADS-002638,1,Open e-Tender,2023-08-07,28,6,5,0,1.0,Open e-Tender,2024000.0,2024000.0,-0.0643,0.0439,0.9183,0.088,0,0,0,0,0.105,0.148,1
TND-002639,MPLADS-002639,1,Open e-Tender,2022-04-03,26,4,3,0,0.667,Open e-Tender,552000.0,552000.0,0.0055,0.0057,0.9745,0.023,0,0,0,0,0.209,0.296,1
TND-002640,MPLADS-002640,1,Open e-Tender,2022-11-06,15,5,5,0,0.833,Open e-Tender,1018000.0,1018000.0,-0.0703,0.0454,0.9803,0.07,0,0,0,0,0.325,0.423,1
TND-002641,MPLADS-002641,1,Open e-Tender,2022-02-13,28,5,5,0,0.833,Open e-Tender,941000.0,941000.0,-0.0167,0.023,0.9001,0.231,0,0,0,0,0.26,0.273,1
TND-002642,MPLADS-002642,1,Open e-Tender,2022-07-23,17,7,6,0,1.0,Open e-Tender,2346000.0,2346000.0,-0.0253,0.0365,0.9021,0.13,0,0,0,0,0.264,0.274,1
TND-002643,MPLADS-002643,1,Open e-Tender,2022-02-03,14,6,6,0,1.0,Open e-Tender,4435000.0,4435000.0,-0.0632,0.0311,0.9556,0.135,0,0,0,0,0.71,0.291,1
TND-002644,MPLADS-002644,1,Open e-Tender,2023-10-13,17,3,3,0,0.5,Open e-Tender,2194000.0,2194000.0,-0.0758,0.0332,0.8718,0.089,0,0,0,0,0.597,0.48,1
TND-002645,MPLADS-002645,1,Open e-Tender,2023-08-24,16,3,3,0,0.5,Open e-Tender,9131000.0,9131000.0,-0.0762,0.0232,0.888,0.2,0,0,0,0,0.572,0.136,1
TND-002646,MPLADS-002646,1,Open e-Tender,2022-12-14,29,6,6,0,1.0,Open e-Tender,2769000.0,2769000.0,-0.0488,0.0184,0.9536,0.233,1,0,0,0,0.744,0.415,1
TND-002647,MPLADS-002647,1,Direct / Single Inquiry,2022-05-20,19,1,1,1,0.167,Single Tender Inquiry,3572000.0,3572000.0,-0.0717,0.0193,0.0,0.159,0,0,0,1,0.156,0.05,0
TND-002648,MPLADS-002648,1,Open e-Tender,2022-12-11,21,3,2,0,0.5,Open e-Tender,586000.0,586000.0,-0.0409,0.0481,0.9844,0.14,0,0,0,0,0.228,0.199,1
TND-002649,MPLADS-002649,1,Open e-Tender,2023-08-14,20,6,6,0,1.0,Open e-Tender,1517000.0,1517000.0,-0.0219,0.0149,0.9625,0.118,0,0,0,0,0.338,0.095,1
TND-002650,MPLADS-002650,1,Open e-Tender,2023-12-11,14,3,3,0,0.5,Open e-Tender,1505000.0,1505000.0,-0.0303,0.0222,0.97,0.197,0,0,0,0,0.516,0.385,1
TND-002651,MPLADS-002651,1,Open e-Tender,2023-03-31,18,7,6,0,1.0,Open e-Tender,2781000.0,2781000.0,-0.0142,0.0251,0.9089,0.14,0,0,0,0,0.391,0.124,1
TND-002652,MPLADS-002652,1,Open e-Tender,2023-09-30,22,3,3,0,0.5,Open e-Tender,2564000.0,2564000.0,-0.044,0.0399,0.9276,0.158,0,0,0,0,0.253,0.118,1
TND-002653,MPLADS-002653,1,Open e-Tender,2023-03-13,24,7,7,0,1.0,Open e-Tender,5610000.0,5610000.0,-0.0163,0.0212,0.9245,0.205,0,0,0,0,0.154,0.5,1
TND-002654,MPLADS-002654,1,Open e-Tender,2023-08-25,28,5,5,0,0.833,Open e-Tender,816000.0,816000.0,-0.0621,0.0264,0.8671,0.11,0,0,0,0,0.675,0.137,1
TND-002655,MPLADS-002655,1,Open e-Tender,2022-06-20,18,6,5,0,1.0,Open e-Tender,2605000.0,2605000.0,-0.066,0.0317,0.9648,0.082,0,0,0,0,0.246,0.469,1
TND-002656,MPLADS-002656,1,Open e-Tender,2023-07-15,24,3,2,0,0.5,Open e-Tender,3655000.0,3655000.0,0.0198,0.0158,0.9526,0.123,0,0,0,0,0.295,0.11,1
TND-002657,MPLADS-002657,1,Open e-Tender,2022-07-21,23,5,4,0,0.833,Open e-Tender,693000.0,693000.0,-0.0156,0.0294,0.9128,0.026,0,0,0,0,0.329,0.293,1
TND-002658,MPLADS-002658,1,Open e-Tender,2022-06-16,16,5,5,0,0.833,Open e-Tender,1950000.0,1950000.0,-0.0589,0.0082,0.948,0.2,0,0,0,0,0.468,0.178,1
TND-002659,MPLADS-002659,1,Open e-Tender,2022-01-08,25,5,4,0,0.833,Open e-Tender,1122000.0,1122000.0,0.0018,0.0071,0.869,0.171,0,0,0,0,0.421,0.435,1
TND-002660,MPLADS-002660,1,Open e-Tender,2023-03-03,19,3,3,0,0.5,Open e-Tender,1734000.0,1734000.0,-0.0148,0.0149,0.8865,0.056,0,0,0,1,0.474,0.159,1
TND-002661,MPLADS-002661,1,Open e-Tender,2022-05-27,26,4,3,0,0.667,Open e-Tender,3037000.0,3037000.0,-0.0254,0.0042,0.8632,0.121,0,0,0,1,0.35,0.171,1
TND-002662,MPLADS-002662,1,Open e-Tender,2022-08-15,26,6,5,0,1.0,Open e-Tender,1935000.0,1935000.0,-0.0501,0.0187,0.8767,0.081,1,0,0,0,0.592,0.175,1
TND-002663,MPLADS-002663,1,Open e-Tender,2022-03-14,14,3,3,0,0.5,Open e-Tender,2802000.0,2802000.0,-0.013,0.0237,0.9436,0.246,0,0,0,0,0.478,0.207,1
TND-002664,MPLADS-002664,1,Open e-Tender,2023-06-17,17,7,7,0,1.0,Open e-Tender,60019000.0,60019000.0,-0.006,0.0125,0.9652,0.15,0,0,0,1,0.561,0.332,1
TND-002665,MPLADS-002665,1,Open e-Tender,2022-04-04,21,4,3,0,0.667,Open e-Tender,16388000.0,16388000.0,-0.0199,0.0457,0.8614,0.179,0,0,0,1,0.136,0.491,1
TND-002666,MPLADS-002666,1,Open e-Tender,2022-07-26,28,5,4,0,0.833,Open e-Tender,597000.0,597000.0,-0.0213,0.0383,0.9062,0.186,1,0,0,0,0.222,0.102,1
TND-002667,MPLADS-002667,1,Open e-Tender,2022-01-27,27,4,3,0,0.667,Open e-Tender,13762000.0,13762000.0,0.0138,0.0384,0.9899,0.0,0,0,0,0,0.438,0.097,1
TND-002668,MPLADS-002668,1,Open e-Tender,2022-12-30,18,7,7,0,1.0,Open e-Tender,3893000.0,3893000.0,0.0191,0.013,0.9018,0.134,1,0,0,0,0.749,0.317,1
TND-002669,MPLADS-002669,1,Open e-Tender,2022-01-23,26,3,2,0,0.5,Open e-Tender,687000.0,687000.0,-0.0143,0.0385,0.8636,0.242,0,0,0,1,0.696,0.167,1
TND-002670,MPLADS-002670,1,Open e-Tender,2023-07-28,25,7,7,0,1.0,Open e-Tender,9004000.0,9004000.0,-0.0483,0.0343,0.9876,0.001,0,0,0,0,0.261,0.053,1
TND-002671,MPLADS-002671,1,Open e-Tender,2022-10-12,23,7,7,0,1.0,Open e-Tender,15364000.0,15364000.0,-0.0199,0.0299,0.8558,0.134,1,0,0,0,0.351,0.405,1
TND-002672,MPLADS-002672,1,Open e-Tender,2023-09-26,17,4,3,0,0.667,Open e-Tender,934000.0,934000.0,-0.0271,0.0143,0.9572,0.184,0,0,0,0,0.656,0.322,1
TND-002673,MPLADS-002673,1,Open e-Tender,2022-12-20,14,7,6,0,1.0,Open e-Tender,2437000.0,2437000.0,0.0045,0.0316,0.928,0.046,0,0,0,0,0.427,0.303,1
TND-002674,MPLADS-002674,1,Open e-Tender,2022-09-24,20,3,2,0,0.5,Open e-Tender,1727000.0,1727000.0,-0.0092,0.0007,0.9836,0.124,0,0,0,0,0.311,0.376,1
TND-002675,MPLADS-002675,1,Open e-Tender,2022-09-22,14,7,6,0,1.0,Open e-Tender,564000.0,564000.0,0.0018,0.0394,0.987,0.243,0,0,0,0,0.102,0.368,1
TND-002676,MPLADS-002676,1,Open e-Tender,2023-02-23,29,5,5,0,0.833,Open e-Tender,2086000.0,2086000.0,-0.0717,0.0146,0.9661,0.13,0,0,0,0,0.29,0.294,1
TND-002677,MPLADS-002677,1,Open e-Tender,2022-03-03,29,4,4,0,0.667,Open e-Tender,1825000.0,1825000.0,0.0105,0.0108,0.8704,0.029,0,0,0,0,0.572,0.294,1
TND-002678,MPLADS-002678,1,Direct / Single Inquiry,2023-08-15,15,1,1,1,0.167,Single Tender Inquiry,482000.0,482000.0,-0.0549,0.0408,0.0,0.052,0,0,0,0,0.594,0.263,0
TND-002679,MPLADS-002679,1,Open e-Tender,2022-02-08,17,5,4,0,0.833,Open e-Tender,1895000.0,1895000.0,-0.0327,0.0443,0.9336,0.02,1,0,0,0,0.619,0.235,1
TND-002680,MPLADS-002680,1,Open e-Tender,2023-03-09,17,4,4,0,0.667,Open e-Tender,1324000.0,1324000.0,-0.0617,0.0128,0.9431,0.198,0,0,0,0,0.729,0.467,1
TND-002681,MPLADS-002681,1,Open e-Tender,2022-06-02,16,4,4,0,0.667,Open e-Tender,2111000.0,2111000.0,0.0159,0.0217,0.9707,0.199,0,0,0,0,0.661,0.274,1
TND-002682,MPLADS-002682,1,Open e-Tender,2022-12-26,25,7,7,0,1.0,Open e-Tender,1883000.0,1883000.0,-0.0368,0.0006,0.921,0.032,0,0,0,1,0.113,0.348,1
TND-002683,MPLADS-002683,1,Direct / Single Inquiry,2022-10-19,19,1,1,1,0.167,Single Tender Inquiry,1952000.0,1952000.0,0.0193,0.0384,0.0,0.068,0,0,0,0,0.4,0.124,0
TND-002684,MPLADS-002684,1,Open e-Tender,2023-03-03,24,6,5,0,1.0,Open e-Tender,2138000.0,2138000.0,-0.0477,0.0247,0.9691,0.078,0,0,0,0,0.336,0.42,1
TND-002685,MPLADS-002685,1,Open e-Tender,2023-11-22,24,4,4,0,0.667,Open e-Tender,2656000.0,2656000.0,-0.0082,0.0434,0.946,0.016,0,0,0,0,0.422,0.247,1
TND-002686,MPLADS-002686,1,Open e-Tender,2023-05-02,25,5,5,0,0.833,Open e-Tender,3973000.0,3973000.0,-0.0248,0.009,0.9649,0.083,0,0,0,0,0.651,0.263,1
TND-002687,MPLADS-002687,1,Open e-Tender,2023-02-10,22,4,4,0,0.667,Open e-Tender,1098000.0,1098000.0,-0.0292,0.0067,0.8543,0.152,1,0,0,0,0.166,0.083,1
TND-002688,MPLADS-002688,1,Open e-Tender,2022-05-14,27,6,6,0,1.0,Open e-Tender,1917000.0,1917000.0,-0.0036,0.0088,0.8936,0.238,0,0,0,0,0.199,0.441,1
TND-002689,MPLADS-002689,1,Open e-Tender,2023-09-02,25,3,3,0,0.5,Open e-Tender,3433000.0,3433000.0,0.0103,0.0007,0.901,0.09,0,0,0,0,0.2,0.236,1
TND-002690,MPLADS-002690,1,Direct / Single Inquiry,2022-12-26,27,1,1,1,0.167,Single Tender Inquiry,587000.0,587000.0,-0.0756,0.0006,0.0,0.025,0,0,0,0,0.103,0.094,0
TND-002691,MPLADS-002691,1,Open e-Tender,2022-03-17,18,3,2,0,0.5,Open e-Tender,2223000.0,2223000.0,-0.0347,0.0248,0.9762,0.081,1,0,0,1,0.51,0.058,1
TND-002692,MPLADS-002692,1,Open e-Tender,2023-05-17,26,6,6,0,1.0,Open e-Tender,1799000.0,1799000.0,0.0198,0.0165,0.9589,0.123,0,0,0,0,0.547,0.088,1
TND-002693,MPLADS-002693,1,Direct / Single Inquiry,2022-03-16,16,1,1,1,0.167,Single Tender Inquiry,1840000.0,1840000.0,0.0,0.0491,0.0,0.147,0,0,0,0,0.15,0.37,0
TND-002694,MPLADS-002694,1,Open e-Tender,2023-01-31,16,7,7,0,1.0,Open e-Tender,3760000.0,3760000.0,-0.0013,0.017,0.9782,0.139,0,0,0,1,0.167,0.499,1
TND-002695,MPLADS-002695,1,Open e-Tender,2023-10-08,18,7,7,0,1.0,Open e-Tender,12838000.0,12838000.0,-0.039,0.0048,0.916,0.197,0,0,0,0,0.382,0.478,1
TND-002696,MPLADS-002696,1,Open e-Tender,2022-06-04,19,6,6,0,1.0,Open e-Tender,2982000.0,2982000.0,0.0061,0.0401,0.8801,0.014,0,0,0,0,0.745,0.472,1
TND-002697,MPLADS-002697,1,Open e-Tender,2023-01-24,22,7,6,0,1.0,Open e-Tender,2851000.0,2851000.0,-0.0563,0.0018,0.9033,0.052,0,0,0,0,0.33,0.086,1
TND-002698,MPLADS-002698,1,Open e-Tender,2022-02-07,18,6,6,0,1.0,Open e-Tender,2027000.0,2027000.0,-0.043,0.0213,0.9173,0.126,0,0,0,0,0.287,0.06,1
TND-002699,MPLADS-002699,1,Open e-Tender,2023-08-15,27,6,6,0,1.0,Open e-Tender,2235000.0,2235000.0,-0.0215,0.0394,0.9444,0.214,0,0,0,0,0.402,0.348,1
TND-002700,MPLADS-002700,1,Open e-Tender,2022-06-12,25,7,7,0,1.0,Open e-Tender,1766000.0,1766000.0,-0.0449,0.0385,0.9724,0.157,0,0,0,0,0.412,0.411,1
TND-002701,MPLADS-002701,1,Open e-Tender,2022-03-29,17,4,4,0,0.667,Open e-Tender,636000.0,636000.0,-0.032,0.0269,0.9769,0.027,0,0,0,1,0.572,0.342,1
TND-002702,MPLADS-002702,1,Open e-Tender,2022-05-29,14,4,3,0,0.667,Open e-Tender,1048000.0,1048000.0,-0.0447,0.0315,0.9175,0.194,0,0,0,0,0.125,0.452,1
TND-002703,MPLADS-002703,1,Open e-Tender,2022-12-03,22,6,6,0,1.0,Open e-Tender,2166000.0,2166000.0,-0.0252,0.0438,0.9152,0.196,0,0,0,0,0.621,0.067,1
TND-002704,MPLADS-002704,1,Open e-Tender,2022-08-17,26,5,5,0,0.833,Open e-Tender,2263000.0,2263000.0,-0.0075,0.0271,0.8767,0.123,0,0,0,0,0.195,0.235,1
TND-002705,MPLADS-002705,1,Open e-Tender,2022-05-22,25,5,5,0,0.833,Open e-Tender,719000.0,719000.0,-0.0439,0.0382,0.8686,0.235,0,0,0,0,0.297,0.343,1
TND-002706,MPLADS-002706,1,Open e-Tender,2023-03-22,20,7,7,0,1.0,Open e-Tender,3297000.0,3297000.0,-0.0225,0.0272,0.9573,0.071,0,0,0,0,0.379,0.379,1
TND-002707,MPLADS-002707,1,Open e-Tender,2022-03-24,23,4,4,0,0.667,Open e-Tender,1989000.0,1989000.0,-0.0714,0.0395,0.9789,0.1,0,0,0,0,0.692,0.227,1
TND-002708,MPLADS-002708,1,Open e-Tender,2022-11-12,17,3,2,0,0.5,Open e-Tender,3016000.0,3016000.0,-0.037,0.0013,0.8534,0.164,1,0,0,0,0.477,0.071,1
TND-002709,MPLADS-002709,1,Direct / Single Inquiry,2022-03-23,20,1,1,1,0.167,Single Tender Inquiry,3482000.0,3482000.0,-0.0729,0.0187,0.0,0.155,0,0,0,0,0.548,0.32,0
TND-002710,MPLADS-002710,1,Open e-Tender,2023-10-24,14,3,2,0,0.5,Open e-Tender,2005000.0,2005000.0,-0.0079,0.017,0.931,0.15,0,0,0,0,0.555,0.476,1
TND-002711,MPLADS-002711,1,Open e-Tender,2022-06-12,26,3,2,0,0.5,Open e-Tender,2424000.0,2424000.0,-0.055,0.0352,0.9826,0.045,0,0,0,0,0.388,0.184,1
TND-002712,MPLADS-002712,1,Open e-Tender,2023-09-02,17,4,3,0,0.667,Open e-Tender,3076000.0,3076000.0,-0.0588,0.0284,0.929,0.092,0,0,0,0,0.54,0.279,1
TND-002713,MPLADS-002713,1,Open e-Tender,2022-01-09,29,5,5,0,0.833,Open e-Tender,2121000.0,2121000.0,-0.0217,0.0377,0.9148,0.191,0,0,0,0,0.432,0.496,1
TND-002714,MPLADS-002714,1,Open e-Tender,2022-06-11,23,3,2,0,0.5,Open e-Tender,1487000.0,1487000.0,-0.0474,0.0492,0.86,0.039,0,0,0,0,0.186,0.472,1
TND-002715,MPLADS-002715,1,Open e-Tender,2022-04-12,16,4,3,0,0.667,Open e-Tender,1728000.0,1728000.0,0.0129,0.0137,0.8772,0.204,0,0,0,0,0.474,0.225,1
TND-002716,MPLADS-002716,1,Open e-Tender,2023-06-25,25,4,3,0,0.667,Open e-Tender,1877000.0,1877000.0,0.0168,0.034,0.977,0.037,0,0,0,0,0.747,0.301,1
TND-002717,MPLADS-002717,1,Open e-Tender,2023-04-16,28,7,6,0,1.0,Open e-Tender,2274000.0,2274000.0,-0.0013,0.0215,0.9131,0.067,0,0,0,1,0.747,0.199,1
TND-002718,MPLADS-002718,1,Open e-Tender,2022-01-28,21,3,3,0,0.5,Open e-Tender,2409000.0,2409000.0,-0.0512,0.0049,0.871,0.081,0,0,0,0,0.228,0.449,1
TND-002719,MPLADS-002719,1,Open e-Tender,2022-12-25,26,3,3,0,0.5,Open e-Tender,9553000.0,9553000.0,-0.0181,0.024,0.9698,0.139,0,0,0,0,0.554,0.202,1
TND-002720,MPLADS-002720,1,Open e-Tender,2023-09-09,17,3,2,0,0.5,Open e-Tender,9426000.0,9426000.0,-0.0732,0.0236,0.9569,0.23,0,0,0,0,0.177,0.145,1
TND-002721,MPLADS-002721,1,Open e-Tender,2022-12-27,14,6,5,0,1.0,Open e-Tender,3296000.0,3296000.0,-0.0331,0.0256,0.9444,0.174,0,0,0,0,0.693,0.354,1
TND-002722,MPLADS-002722,1,Open e-Tender,2022-05-01,20,3,2,0,0.5,Open e-Tender,2886000.0,2886000.0,-0.0494,0.0186,0.9199,0.152,1,0,0,0,0.244,0.496,1
TND-002723,MPLADS-002723,1,Open e-Tender,2022-07-14,23,3,2,0,0.5,Open e-Tender,10969000.0,10969000.0,-0.0383,0.0063,0.8959,0.115,0,0,0,0,0.375,0.237,1
TND-002724,MPLADS-002724,1,Open e-Tender,2023-10-02,29,3,3,0,0.5,Open e-Tender,9919000.0,9919000.0,-0.0728,0.0283,0.9473,0.028,0,0,0,0,0.449,0.275,1
TND-002725,MPLADS-002725,1,Open e-Tender,2023-05-21,14,6,5,0,1.0,Open e-Tender,1960000.0,1960000.0,-0.0508,0.0118,0.8856,0.049,0,0,0,0,0.198,0.27,1
TND-002726,MPLADS-002726,1,Open e-Tender,2023-06-16,15,4,4,0,0.667,Open e-Tender,1976000.0,1976000.0,-0.0159,0.041,0.8629,0.089,1,0,0,0,0.312,0.278,1
TND-002727,MPLADS-002727,1,Open e-Tender,2023-04-18,18,4,3,0,0.667,Open e-Tender,1152000.0,1152000.0,0.0009,0.0144,0.9289,0.039,0,0,0,0,0.259,0.203,1
TND-002728,MPLADS-002728,1,Direct / Single Inquiry,2022-05-04,28,1,1,1,0.167,Single Tender Inquiry,3001000.0,3001000.0,-0.0151,0.043,0.0,0.037,0,0,0,0,0.309,0.12,0
TND-002729,MPLADS-002729,1,Open e-Tender,2022-08-31,19,6,6,0,1.0,Open e-Tender,2381000.0,2381000.0,-0.0395,0.0473,0.9669,0.192,0,0,0,0,0.214,0.36,1
TND-002730,MPLADS-002730,1,Open e-Tender,2022-02-01,26,5,4,0,0.833,Open e-Tender,11272000.0,11272000.0,0.0111,0.0205,0.9008,0.079,0,0,0,0,0.436,0.342,1
TND-002731,MPLADS-002731,1,Open e-Tender,2023-02-04,24,5,4,0,0.833,Open e-Tender,8932000.0,8932000.0,-0.0168,0.0092,0.9556,0.205,0,0,0,0,0.241,0.081,1
TND-002732,MPLADS-002732,1,Open e-Tender,2023-08-17,19,4,3,0,0.667,Open e-Tender,10985000.0,10985000.0,-0.0716,0.009,0.9782,0.191,0,0,0,1,0.698,0.317,1
TND-002733,MPLADS-002733,1,Open e-Tender,2022-11-12,14,4,3,0,0.667,Open e-Tender,1467000.0,1467000.0,-0.0656,0.0458,0.9551,0.164,0,0,0,0,0.736,0.103,1
TND-002734,MPLADS-002734,1,Open e-Tender,2023-01-07,21,5,4,0,0.833,Open e-Tender,660000.0,660000.0,-0.0294,0.0188,0.8918,0.059,0,0,0,0,0.606,0.19,1
TND-002735,MPLADS-002735,1,Open e-Tender,2023-04-02,20,6,6,0,1.0,Open e-Tender,1326000.0,1326000.0,-0.0038,0.0369,0.9069,0.198,0,0,0,1,0.256,0.059,1
TND-002736,MPLADS-002736,1,Open e-Tender,2022-11-19,29,4,3,0,0.667,Open e-Tender,43178000.0,43178000.0,-0.0227,0.0007,0.8596,0.007,0,0,0,0,0.319,0.324,1
TND-002737,MPLADS-002737,1,Open e-Tender,2023-01-28,28,4,3,0,0.667,Open e-Tender,632000.0,632000.0,0.0177,0.0299,0.9525,0.166,0,0,0,0,0.595,0.494,1
TND-002738,MPLADS-002738,1,Open e-Tender,2023-10-17,18,4,3,0,0.667,Open e-Tender,2287000.0,2287000.0,-0.0411,0.0471,0.9498,0.105,0,0,0,0,0.233,0.12,1
TND-002739,MPLADS-002739,1,Open e-Tender,2023-05-05,26,4,4,0,0.667,Open e-Tender,66018000.0,66018000.0,-0.0735,0.0162,0.9684,0.246,0,0,0,1,0.59,0.243,1
TND-002740,MPLADS-002740,1,Open e-Tender,2022-05-22,26,7,6,0,1.0,Open e-Tender,14699000.0,14699000.0,0.0146,0.0038,0.926,0.153,0,0,0,0,0.394,0.426,1
TND-002741,MPLADS-002741,1,Open e-Tender,2023-10-21,15,6,5,0,1.0,Open e-Tender,651000.0,651000.0,0.0188,0.0339,0.8661,0.152,0,0,0,0,0.551,0.282,1
TND-002742,MPLADS-002742,1,Open e-Tender,2022-07-22,27,7,7,0,1.0,Open e-Tender,1116000.0,1116000.0,0.0054,0.0385,0.9731,0.224,0,0,0,1,0.632,0.186,1
TND-002743,MPLADS-002743,1,Open e-Tender,2023-02-13,14,5,4,0,0.833,Open e-Tender,6088000.0,6088000.0,-0.0708,0.0422,0.979,0.051,1,0,0,0,0.325,0.232,1
TND-002744,MPLADS-002744,1,Open e-Tender,2022-10-23,21,6,6,0,1.0,Open e-Tender,2297000.0,2297000.0,-0.0742,0.0313,0.9179,0.228,1,0,0,1,0.221,0.212,1
TND-002745,MPLADS-002745,1,Open e-Tender,2022-08-11,18,6,6,0,1.0,Open e-Tender,9396000.0,9396000.0,0.0111,0.0336,0.9894,0.227,1,0,0,0,0.363,0.135,1
TND-002746,MPLADS-002746,1,Open e-Tender,2022-06-18,17,4,3,0,0.667,Open e-Tender,1023000.0,1023000.0,-0.0439,0.0404,0.8996,0.082,1,0,0,0,0.577,0.339,1
TND-002747,MPLADS-002747,1,Open e-Tender,2023-04-22,15,4,4,0,0.667,Open e-Tender,658000.0,658000.0,-0.056,0.0375,0.8696,0.172,0,0,0,0,0.247,0.061,1
TND-002748,MPLADS-002748,1,Open e-Tender,2022-07-19,28,3,2,0,0.5,Open e-Tender,2227000.0,2227000.0,-0.0326,0.0267,0.9693,0.106,1,0,0,0,0.454,0.445,1
TND-002749,MPLADS-002749,1,Open e-Tender,2023-06-12,19,4,4,0,0.667,Open e-Tender,10389000.0,10389000.0,-0.0101,0.0225,0.9453,0.138,0,0,0,0,0.136,0.301,1
TND-002750,MPLADS-002750,1,Open e-Tender,2022-04-18,16,6,6,0,1.0,Open e-Tender,3134000.0,3134000.0,0.0035,0.04,0.962,0.144,0,0,0,0,0.636,0.059,1
TND-002751,MPLADS-002751,1,Open e-Tender,2023-06-25,27,3,2,0,0.5,Open e-Tender,428000.0,428000.0,-0.0183,0.0431,0.9614,0.112,0,0,0,0,0.106,0.078,1
TND-002752,MPLADS-002752,1,Direct / Single Inquiry,2022-10-02,28,1,1,1,0.167,Single Tender Inquiry,2315000.0,2315000.0,0.014,0.0407,0.0,0.044,0,0,0,0,0.582,0.31,0
TND-002753,MPLADS-002753,1,Open e-Tender,2022-02-26,15,3,2,0,0.5,Open e-Tender,665000.0,665000.0,-0.0362,0.0241,0.9159,0.06,0,0,0,0,0.108,0.497,1
TND-002754,MPLADS-002754,1,Open e-Tender,2022-10-28,16,7,6,0,1.0,Open e-Tender,1414000.0,1414000.0,-0.0667,0.001,0.8999,0.072,0,0,0,0,0.571,0.3,1
TND-002755,MPLADS-002755,1,Open e-Tender,2022-06-25,15,4,4,0,0.667,Open e-Tender,454000.0,454000.0,-0.0402,0.0061,0.9597,0.2,0,0,0,0,0.388,0.112,1
TND-002756,MPLADS-002756,1,Open e-Tender,2022-08-05,14,3,2,0,0.5,Open e-Tender,4248000.0,4248000.0,0.0141,0.0288,0.9756,0.235,0,0,0,1,0.43,0.469,1
TND-002757,MPLADS-002757,1,Open e-Tender,2023-10-27,16,5,5,0,0.833,Open e-Tender,3081000.0,3081000.0,-0.0384,0.0168,0.8697,0.112,0,0,0,0,0.633,0.433,1
TND-002758,MPLADS-002758,1,Open e-Tender,2022-04-18,16,4,3,0,0.667,Open e-Tender,2901000.0,2901000.0,-0.0265,0.0081,0.9156,0.08,0,0,0,0,0.346,0.487,1
TND-002759,MPLADS-002759,1,Direct / Single Inquiry,2022-05-19,26,1,1,1,0.167,Single Tender Inquiry,16733000.0,16733000.0,0.0058,0.0188,0.0,0.137,0,0,0,0,0.301,0.169,0
TND-002760,MPLADS-002760,1,Open e-Tender,2023-11-08,15,5,5,0,0.833,Open e-Tender,1808000.0,1808000.0,-0.0253,0.0492,0.8543,0.008,0,0,0,0,0.128,0.054,1
TND-002761,MPLADS-002761,1,Open e-Tender,2023-06-28,14,7,6,0,1.0,Open e-Tender,2357000.0,2357000.0,-0.0187,0.0345,0.8904,0.093,1,0,0,0,0.467,0.273,1
TND-002762,MPLADS-002762,1,Open e-Tender,2022-03-25,24,7,7,0,1.0,Open e-Tender,847000.0,847000.0,-0.0578,0.0127,0.9089,0.12,1,0,0,0,0.232,0.286,1
TND-002763,MPLADS-002763,1,Open e-Tender,2022-05-24,25,4,4,0,0.667,Open e-Tender,1246000.0,1246000.0,-0.075,0.0128,0.8786,0.122,0,0,0,0,0.373,0.184,1
TND-002764,MPLADS-002764,1,Open e-Tender,2023-10-14,24,5,5,0,0.833,Open e-Tender,1846000.0,1846000.0,0.0022,0.0046,0.9549,0.076,0,0,0,0,0.225,0.314,1
TND-002765,MPLADS-002765,1,Open e-Tender,2023-09-27,18,6,5,0,1.0,Open e-Tender,1969000.0,1969000.0,-0.0324,0.029,0.9262,0.194,0,0,0,0,0.566,0.195,1
TND-002766,MPLADS-002766,1,Open e-Tender,2022-10-08,24,3,2,0,0.5,Open e-Tender,2877000.0,2877000.0,0.0081,0.0184,0.8593,0.107,0,0,0,0,0.175,0.104,1
TND-002767,MPLADS-002767,1,Open e-Tender,2023-01-14,29,6,5,0,1.0,Open e-Tender,8172000.0,8172000.0,-0.034,0.0251,0.8934,0.079,1,0,0,0,0.678,0.24,1
TND-002768,MPLADS-002768,1,Open e-Tender,2022-04-06,23,5,4,0,0.833,Open e-Tender,2010000.0,2010000.0,-0.0776,0.0413,0.91,0.171,0,0,0,1,0.705,0.303,1
TND-002769,MPLADS-002769,1,Open e-Tender,2023-03-17,16,4,3,0,0.667,Open e-Tender,3785000.0,3785000.0,-0.0327,0.0045,0.9367,0.203,0,0,0,1,0.33,0.123,1
TND-002770,MPLADS-002770,1,Open e-Tender,2023-03-23,27,6,5,0,1.0,Open e-Tender,12651000.0,12651000.0,0.0029,0.0312,0.9721,0.047,0,0,0,1,0.588,0.22,1
TND-002771,MPLADS-002771,1,Open e-Tender,2023-01-13,20,7,6,0,1.0,Open e-Tender,2536000.0,2536000.0,-0.0437,0.0099,0.9188,0.012,1,0,0,0,0.675,0.127,1
TND-002772,MPLADS-002772,1,Open e-Tender,2023-06-07,23,5,4,0,0.833,Open e-Tender,1784000.0,1784000.0,-0.0521,0.0407,0.8793,0.232,1,0,0,0,0.686,0.057,1
TND-002773,MPLADS-002773,1,Open e-Tender,2022-07-13,15,7,6,0,1.0,Open e-Tender,61078000.0,61078000.0,-0.0528,0.0366,0.8632,0.187,0,0,0,0,0.467,0.357,1
TND-002774,MPLADS-002774,1,Open e-Tender,2023-03-19,15,4,4,0,0.667,Open e-Tender,972000.0,972000.0,-0.0517,0.0038,0.8687,0.126,0,0,0,0,0.49,0.42,1
TND-002775,MPLADS-002775,1,Open e-Tender,2023-08-07,28,4,3,0,0.667,Open e-Tender,1238000.0,1238000.0,0.0016,0.0496,0.8864,0.004,0,0,0,0,0.457,0.324,1
TND-002776,MPLADS-002776,1,Open e-Tender,2022-12-08,24,5,5,0,0.833,Open e-Tender,3728000.0,3728000.0,-0.0241,0.0341,0.9509,0.189,0,0,0,0,0.409,0.054,1
TND-002777,MPLADS-002777,1,Open e-Tender,2022-04-11,17,4,3,0,0.667,Open e-Tender,828000.0,828000.0,-0.0012,0.0302,0.9755,0.037,0,0,0,0,0.687,0.118,1
TND-002778,MPLADS-002778,1,Open e-Tender,2023-01-31,27,7,6,0,1.0,Open e-Tender,2887000.0,2887000.0,0.013,0.0041,0.9651,0.135,0,0,0,0,0.354,0.141,1
TND-002779,MPLADS-002779,1,Open e-Tender,2023-09-11,17,5,5,0,0.833,Open e-Tender,752000.0,752000.0,-0.0396,0.032,0.9345,0.04,0,0,0,0,0.479,0.29,1
TND-002780,MPLADS-002780,1,Open e-Tender,2022-11-20,24,6,5,0,1.0,Open e-Tender,1811000.0,1811000.0,-0.0398,0.001,0.8758,0.16,0,0,0,0,0.221,0.059,1
TND-002781,MPLADS-002781,1,Open e-Tender,2023-05-20,25,3,3,0,0.5,Open e-Tender,996000.0,996000.0,-0.0311,0.0257,0.9119,0.012,0,0,0,0,0.602,0.363,1
TND-002782,MPLADS-002782,1,Open e-Tender,2022-06-06,27,6,6,0,1.0,Open e-Tender,2712000.0,2712000.0,-0.0276,0.0486,0.8564,0.057,0,0,0,0,0.646,0.115,1
TND-002783,MPLADS-002783,1,Open e-Tender,2022-03-04,21,6,6,0,1.0,Open e-Tender,9345000.0,9345000.0,-0.0563,0.0427,0.869,0.023,0,0,0,0,0.634,0.076,1
TND-002784,MPLADS-002784,1,Open e-Tender,2022-08-20,26,6,6,0,1.0,Open e-Tender,9147000.0,9147000.0,0.0018,0.0273,0.8546,0.035,0,0,0,0,0.538,0.125,1
TND-002785,MPLADS-002785,1,Open e-Tender,2023-07-30,27,6,5,0,1.0,Open e-Tender,12677000.0,12677000.0,0.0057,0.0387,0.9654,0.117,0,0,0,0,0.1,0.453,1
TND-002786,MPLADS-002786,1,Open e-Tender,2023-01-27,28,3,2,0,0.5,Open e-Tender,1315000.0,1315000.0,0.0123,0.0091,0.9056,0.142,0,0,0,0,0.392,0.3,1
TND-002787,MPLADS-002787,1,Open e-Tender,2022-09-18,23,7,7,0,1.0,Open e-Tender,3837000.0,3837000.0,-0.0103,0.0322,0.9791,0.073,0,0,0,1,0.689,0.432,1
TND-002788,MPLADS-002788,1,Open e-Tender,2023-11-03,19,5,4,0,0.833,Open e-Tender,3767000.0,3767000.0,0.0083,0.0179,0.9154,0.228,1,0,0,0,0.38,0.197,1
TND-002789,MPLADS-002789,1,Open e-Tender,2022-04-25,18,4,4,0,0.667,Open e-Tender,16146000.0,16146000.0,0.0176,0.0465,0.8727,0.181,0,0,0,0,0.707,0.239,1
TND-002790,MPLADS-002790,1,Open e-Tender,2022-06-04,22,4,4,0,0.667,Open e-Tender,1788000.0,1788000.0,-0.0372,0.0304,0.9618,0.153,0,0,0,0,0.296,0.365,1
TND-002791,MPLADS-002791,1,Open e-Tender,2023-02-26,25,5,5,0,0.833,Open e-Tender,3241000.0,3241000.0,-0.0291,0.0055,0.961,0.215,0,0,0,0,0.15,0.305,1
TND-002792,MPLADS-002792,1,Open e-Tender,2022-04-28,17,6,5,0,1.0,Open e-Tender,1933000.0,1933000.0,-0.0369,0.0137,0.8994,0.097,0,0,0,0,0.35,0.326,1
TND-002793,MPLADS-002793,1,Open e-Tender,2023-01-31,22,7,6,0,1.0,Open e-Tender,16810000.0,16810000.0,0.0053,0.0056,0.9095,0.089,0,0,0,0,0.596,0.223,1
TND-002794,MPLADS-002794,1,Open e-Tender,2022-06-20,29,6,5,0,1.0,Open e-Tender,509000.0,509000.0,-0.0193,0.0455,0.9751,0.091,0,0,0,0,0.552,0.484,1
TND-002795,MPLADS-002795,1,Open e-Tender,2023-12-12,25,3,3,0,0.5,Open e-Tender,8480000.0,8480000.0,-0.0001,0.0009,0.9876,0.178,0,0,0,1,0.582,0.209,1
TND-002796,MPLADS-002796,1,Open e-Tender,2022-09-29,22,3,3,0,0.5,Open e-Tender,1940000.0,1940000.0,-0.0569,0.0295,0.876,0.143,0,0,0,0,0.525,0.317,1
TND-002797,MPLADS-002797,1,Open e-Tender,2022-02-09,21,7,7,0,1.0,Open e-Tender,3252000.0,3252000.0,-0.0263,0.0103,0.8679,0.013,1,0,0,0,0.425,0.197,1
TND-002798,MPLADS-002798,1,Open e-Tender,2022-12-13,28,4,4,0,0.667,Open e-Tender,548000.0,548000.0,-0.042,0.0186,0.9468,0.051,0,0,0,1,0.36,0.14,1
TND-002799,MPLADS-002799,1,Open e-Tender,2022-03-28,25,5,5,0,0.833,Open e-Tender,5159000.0,5159000.0,-0.0741,0.0108,0.9636,0.075,0,0,0,0,0.654,0.227,1
TND-002800,MPLADS-002800,1,Open e-Tender,2022-09-14,26,6,5,0,1.0,Open e-Tender,1722000.0,1722000.0,-0.0353,0.0368,0.9372,0.155,1,0,0,0,0.254,0.06,1
TND-002801,MPLADS-002801,1,Open e-Tender,2022-09-21,29,3,3,0,0.5,Open e-Tender,3209000.0,3209000.0,-0.0565,0.0032,0.9028,0.06,0,0,0,0,0.512,0.251,1
TND-002802,MPLADS-002802,1,Open e-Tender,2022-06-23,25,3,3,0,0.5,Open e-Tender,2473000.0,2473000.0,-0.0514,0.0071,0.8683,0.191,1,0,0,1,0.313,0.432,1
TND-002803,MPLADS-002803,1,Open e-Tender,2023-06-30,18,3,2,0,0.5,Open e-Tender,3119000.0,3119000.0,0.0081,0.0025,0.8557,0.196,0,0,0,0,0.473,0.442,1
TND-002804,MPLADS-002804,1,Open e-Tender,2023-01-24,14,5,4,0,0.833,Open e-Tender,648000.0,648000.0,0.0031,0.0396,0.9627,0.155,0,0,0,0,0.548,0.256,1
TND-002805,MPLADS-002805,1,Open e-Tender,2023-07-28,22,6,5,0,1.0,Open e-Tender,680000.0,680000.0,-0.0409,0.0432,0.8885,0.16,0,0,0,0,0.585,0.433,1
TND-002806,MPLADS-002806,1,Open e-Tender,2023-11-05,29,6,6,0,1.0,Open e-Tender,1499000.0,1499000.0,-0.026,0.034,0.8698,0.055,1,0,0,0,0.295,0.149,1
TND-002807,MPLADS-002807,1,Open e-Tender,2022-04-11,15,7,6,0,1.0,Open e-Tender,11789000.0,11789000.0,-0.0254,0.0439,0.9824,0.244,0,0,0,0,0.494,0.432,1
TND-002808,MPLADS-002808,1,Open e-Tender,2023-03-03,19,4,4,0,0.667,Open e-Tender,43023000.0,43023000.0,-0.007,0.0172,0.9678,0.047,0,0,0,1,0.656,0.256,1
TND-002809,MPLADS-002809,1,Open e-Tender,2023-07-23,24,6,5,0,1.0,Open e-Tender,7656000.0,7656000.0,-0.0548,0.01,0.8551,0.203,0,0,0,0,0.448,0.49,1
TND-002810,MPLADS-002810,1,Open e-Tender,2022-08-03,29,5,5,0,0.833,Open e-Tender,2788000.0,2788000.0,-0.0481,0.0322,0.9624,0.164,0,0,0,0,0.237,0.334,1
TND-002811,MPLADS-002811,1,Open e-Tender,2023-01-09,15,5,4,0,0.833,Open e-Tender,3455000.0,3455000.0,-0.0677,0.0223,0.8514,0.198,0,0,0,0,0.143,0.446,1
TND-002812,MPLADS-002812,1,Open e-Tender,2023-12-14,26,5,4,0,0.833,Open e-Tender,1966000.0,1966000.0,-0.0643,0.0378,0.9399,0.068,0,0,0,1,0.29,0.194,1
TND-002813,MPLADS-002813,1,Open e-Tender,2022-12-03,24,3,2,0,0.5,Open e-Tender,1834000.0,1834000.0,-0.0775,0.0242,0.9475,0.012,0,0,0,0,0.402,0.49,1
TND-002814,MPLADS-002814,1,Open e-Tender,2023-11-21,20,7,7,0,1.0,Open e-Tender,1767000.0,1767000.0,-0.0376,0.0034,0.9478,0.096,0,0,0,1,0.188,0.277,1
TND-002815,MPLADS-002815,1,Direct / Single Inquiry,2023-03-09,22,1,1,1,0.167,Single Tender Inquiry,514000.0,514000.0,-0.0265,0.0459,0.0,0.241,1,0,0,0,0.211,0.105,0
TND-002816,MPLADS-002816,1,Open e-Tender,2023-12-30,27,4,4,0,0.667,Open e-Tender,3776000.0,3776000.0,-0.0756,0.0003,0.966,0.165,0,0,0,0,0.623,0.493,1
TND-002817,MPLADS-002817,1,Open e-Tender,2023-09-29,23,3,3,0,0.5,Open e-Tender,1861000.0,1861000.0,-0.0148,0.0279,0.9368,0.179,0,0,0,1,0.409,0.338,1
TND-002818,MPLADS-002818,1,Direct / Single Inquiry,2023-10-26,29,1,1,1,0.167,Single Tender Inquiry,376000.0,376000.0,-0.0647,0.0261,0.0,0.178,0,0,0,0,0.672,0.236,0
TND-002819,MPLADS-002819,1,Open e-Tender,2023-08-18,29,5,4,0,0.833,Open e-Tender,1177000.0,1177000.0,-0.0392,0.0034,0.9041,0.212,0,0,0,0,0.464,0.398,1
TND-002820,MPLADS-002820,1,Open e-Tender,2022-04-11,14,3,2,0,0.5,Open e-Tender,446000.0,446000.0,-0.0067,0.0275,0.9649,0.037,0,0,0,1,0.748,0.068,1
TND-002821,MPLADS-002821,1,Open e-Tender,2023-10-15,28,6,6,0,1.0,Open e-Tender,693000.0,693000.0,0.0043,0.0417,0.9048,0.037,0,0,0,0,0.635,0.093,1
TND-002822,MPLADS-002822,1,Open e-Tender,2022-05-22,25,3,2,0,0.5,Open e-Tender,1308000.0,1308000.0,-0.0549,0.0226,0.881,0.053,0,0,0,0,0.565,0.344,1
TND-002823,MPLADS-002823,1,Open e-Tender,2023-12-19,25,5,5,0,0.833,Open e-Tender,2106000.0,2106000.0,-0.0357,0.0296,0.9498,0.074,1,0,0,0,0.622,0.09,1
TND-002824,MPLADS-002824,1,Open e-Tender,2023-04-15,15,3,2,0,0.5,Open e-Tender,1058000.0,1058000.0,0.0,0.0217,0.8839,0.057,1,0,0,0,0.601,0.295,1
TND-002825,MPLADS-002825,1,Open e-Tender,2023-09-28,27,4,4,0,0.667,Open e-Tender,1056000.0,1056000.0,-0.0435,0.0294,0.9472,0.164,0,0,0,0,0.62,0.199,1
TND-002826,MPLADS-002826,1,Open e-Tender,2023-07-03,24,6,6,0,1.0,Open e-Tender,2266000.0,2266000.0,-0.0199,0.0334,0.894,0.046,0,0,0,0,0.695,0.368,1
TND-002827,MPLADS-002827,1,Open e-Tender,2022-03-15,23,6,5,0,1.0,Open e-Tender,2872000.0,2872000.0,-0.0709,0.0002,0.8851,0.053,0,0,0,0,0.6,0.264,1
TND-002828,MPLADS-002828,1,Open e-Tender,2023-05-24,20,7,6,0,1.0,Open e-Tender,532000.0,532000.0,-0.0764,0.0105,0.8934,0.19,0,0,0,0,0.71,0.22,1
TND-002829,MPLADS-002829,1,Open e-Tender,2023-02-09,22,5,5,0,0.833,Open e-Tender,1103000.0,1103000.0,-0.0491,0.0142,0.9262,0.054,0,0,0,1,0.565,0.301,1
TND-002830,MPLADS-002830,1,Open e-Tender,2022-03-07,24,6,6,0,1.0,Open e-Tender,3875000.0,3875000.0,-0.0411,0.0208,0.9741,0.002,0,0,0,0,0.382,0.13,1
TND-002831,MPLADS-002831,1,Open e-Tender,2023-03-12,20,7,6,0,1.0,Open e-Tender,11886000.0,11886000.0,-0.0701,0.0143,0.9031,0.016,0,0,0,0,0.434,0.158,1
TND-002832,MPLADS-002832,1,Open e-Tender,2022-03-15,27,4,4,0,0.667,Open e-Tender,2104000.0,2104000.0,-0.0678,0.0105,0.9436,0.042,0,0,0,0,0.222,0.385,1
TND-002833,MPLADS-002833,1,Open e-Tender,2022-07-24,22,5,5,0,0.833,Open e-Tender,1800000.0,1800000.0,0.0107,0.0277,0.9011,0.03,1,0,0,0,0.61,0.339,1
TND-002834,MPLADS-002834,1,Open e-Tender,2022-05-09,17,5,4,0,0.833,Open e-Tender,7527000.0,7527000.0,-0.0122,0.0003,0.9389,0.047,0,0,0,0,0.135,0.068,1
TND-002835,MPLADS-002835,1,Direct / Single Inquiry,2022-05-30,21,1,1,1,0.167,Single Tender Inquiry,1014000.0,1014000.0,-0.0315,0.0444,0.0,0.007,0,0,0,0,0.523,0.467,0
TND-002836,MPLADS-002836,1,Open e-Tender,2023-11-21,14,5,4,0,0.833,Open e-Tender,550000.0,550000.0,-0.0517,0.0127,0.9164,0.063,0,0,0,0,0.724,0.201,1
TND-002837,MPLADS-002837,1,Open e-Tender,2022-12-17,16,7,6,0,1.0,Open e-Tender,1416000.0,1416000.0,-0.0348,0.0457,0.9897,0.173,0,0,0,0,0.534,0.16,1
TND-002838,MPLADS-002838,1,Open e-Tender,2023-05-01,29,4,4,0,0.667,Open e-Tender,2315000.0,2315000.0,0.0105,0.0188,0.9806,0.052,0,0,0,0,0.536,0.466,1
TND-002839,MPLADS-002839,1,Open e-Tender,2023-01-01,23,3,2,0,0.5,Open e-Tender,639000.0,639000.0,-0.042,0.0303,0.9559,0.17,0,0,0,0,0.27,0.184,1
TND-002840,MPLADS-002840,1,Open e-Tender,2023-02-04,15,4,4,0,0.667,Open e-Tender,3176000.0,3176000.0,-0.0468,0.0447,0.9364,0.13,0,0,0,0,0.705,0.372,1
TND-002841,MPLADS-002841,1,Open e-Tender,2023-05-06,19,3,3,0,0.5,Open e-Tender,783000.0,783000.0,-0.0799,0.0393,0.9614,0.046,0,0,0,1,0.16,0.082,1
TND-002842,MPLADS-002842,1,Open e-Tender,2022-04-04,22,5,4,0,0.833,Open e-Tender,1356000.0,1356000.0,-0.0661,0.0332,0.9596,0.102,1,0,0,0,0.611,0.099,1
TND-002843,MPLADS-002843,1,Open e-Tender,2023-01-17,21,6,6,0,1.0,Open e-Tender,2883000.0,2883000.0,0.0021,0.0341,0.9303,0.016,0,0,0,0,0.632,0.076,1
TND-002844,MPLADS-002844,1,Open e-Tender,2022-06-15,29,6,6,0,1.0,Open e-Tender,2451000.0,2451000.0,-0.0251,0.027,0.9748,0.026,0,0,0,0,0.348,0.088,1
TND-002845,MPLADS-002845,1,Open e-Tender,2022-12-03,19,6,5,0,1.0,Open e-Tender,8204000.0,8204000.0,-0.0505,0.0407,0.9518,0.13,0,0,0,1,0.396,0.198,1
TND-002846,MPLADS-002846,1,Open e-Tender,2023-08-18,24,3,3,0,0.5,Open e-Tender,2216000.0,2216000.0,-0.0782,0.0213,0.8787,0.152,0,0,0,0,0.615,0.357,1
TND-002847,MPLADS-002847,1,Open e-Tender,2023-10-25,17,7,6,0,1.0,Open e-Tender,1813000.0,1813000.0,-0.0237,0.0397,0.9735,0.115,0,0,0,0,0.558,0.358,1
TND-002848,MPLADS-002848,1,Open e-Tender,2022-08-25,14,6,6,0,1.0,Open e-Tender,2509000.0,2509000.0,0.004,0.0316,0.9638,0.055,0,0,0,0,0.684,0.32,1
TND-002849,MPLADS-002849,1,Open e-Tender,2023-05-12,24,7,6,0,1.0,Open e-Tender,1311000.0,1311000.0,-0.0135,0.0308,0.948,0.226,0,0,0,0,0.588,0.234,1
TND-002850,MPLADS-002850,1,Open e-Tender,2023-02-14,29,5,4,0,0.833,Open e-Tender,1855000.0,1855000.0,-0.0794,0.0222,0.9353,0.175,0,0,0,0,0.132,0.281,1
TND-002851,MPLADS-002851,1,Open e-Tender,2023-04-23,28,3,3,0,0.5,Open e-Tender,2014000.0,2014000.0,-0.0228,0.0051,0.9144,0.026,1,0,0,0,0.286,0.201,1
TND-002852,MPLADS-002852,1,Open e-Tender,2023-07-15,14,5,4,0,0.833,Open e-Tender,2477000.0,2477000.0,-0.0542,0.0461,0.8626,0.13,1,0,0,0,0.625,0.257,1
TND-002853,MPLADS-002853,1,Open e-Tender,2022-05-01,24,3,2,0,0.5,Open e-Tender,1865000.0,1865000.0,0.0103,0.004,0.919,0.074,0,0,0,0,0.37,0.219,1
TND-002854,MPLADS-002854,1,Open e-Tender,2023-04-24,28,3,2,0,0.5,Open e-Tender,534000.0,534000.0,-0.0326,0.0279,0.9516,0.055,1,0,0,0,0.624,0.232,1
TND-002855,MPLADS-002855,1,Open e-Tender,2022-03-30,26,3,3,0,0.5,Open e-Tender,2070000.0,2070000.0,-0.0483,0.0462,0.9005,0.236,0,0,0,0,0.588,0.368,1
TND-002856,MPLADS-002856,1,Open e-Tender,2022-02-02,29,4,4,0,0.667,Open e-Tender,2550000.0,2550000.0,-0.0741,0.045,0.9146,0.113,0,0,0,0,0.588,0.429,1
TND-002857,MPLADS-002857,1,Open e-Tender,2023-07-14,16,6,6,0,1.0,Open e-Tender,650000.0,650000.0,-0.0552,0.0019,0.9331,0.095,0,0,0,0,0.547,0.485,1
TND-002858,MPLADS-002858,1,Open e-Tender,2023-07-04,25,3,3,0,0.5,Open e-Tender,1560000.0,1560000.0,-0.0347,0.0131,0.914,0.092,0,0,0,0,0.616,0.122,1
TND-002859,MPLADS-002859,1,Open e-Tender,2022-09-17,22,4,3,0,0.667,Open e-Tender,2263000.0,2263000.0,-0.0178,0.023,0.9528,0.169,0,0,0,0,0.503,0.421,1
TND-002860,MPLADS-002860,1,Open e-Tender,2023-05-12,27,4,4,0,0.667,Open e-Tender,1826000.0,1826000.0,-0.0022,0.0081,0.8796,0.066,0,0,0,0,0.235,0.132,1
TND-002861,MPLADS-002861,1,Open e-Tender,2023-04-25,15,6,5,0,1.0,Open e-Tender,1357000.0,1357000.0,-0.0737,0.0485,0.9724,0.123,0,0,0,1,0.519,0.216,1
TND-002862,MPLADS-002862,1,Open e-Tender,2023-10-05,26,6,6,0,1.0,Open e-Tender,1122000.0,1122000.0,-0.0524,0.003,0.9366,0.083,1,0,0,1,0.405,0.095,1
TND-002863,MPLADS-002863,1,Open e-Tender,2023-04-19,20,3,3,0,0.5,Open e-Tender,3337000.0,3337000.0,0.0009,0.0458,0.9152,0.12,0,0,0,0,0.16,0.498,1
TND-002864,MPLADS-002864,1,Open e-Tender,2023-02-21,28,4,4,0,0.667,Open e-Tender,2283000.0,2283000.0,0.0066,0.0355,0.903,0.192,0,0,0,0,0.315,0.06,1
TND-002865,MPLADS-002865,1,Open e-Tender,2023-04-09,26,3,2,0,0.5,Open e-Tender,11758000.0,11758000.0,-0.0704,0.0106,0.8897,0.192,0,0,0,0,0.397,0.468,1
TND-002866,MPLADS-002866,1,Open e-Tender,2022-02-11,27,6,5,0,1.0,Open e-Tender,1726000.0,1726000.0,0.0141,0.0062,0.9557,0.223,0,0,0,0,0.581,0.119,1
TND-002867,MPLADS-002867,1,Open e-Tender,2023-01-30,26,3,2,0,0.5,Open e-Tender,3483000.0,3483000.0,-0.0074,0.036,0.9496,0.102,0,0,0,0,0.29,0.055,1
TND-002868,MPLADS-002868,1,Open e-Tender,2023-11-05,24,4,4,0,0.667,Open e-Tender,503000.0,503000.0,-0.004,0.0335,0.9493,0.143,0,0,0,0,0.719,0.087,1
TND-002869,MPLADS-002869,1,Open e-Tender,2022-03-14,16,4,4,0,0.667,Open e-Tender,1578000.0,1578000.0,-0.0384,0.0294,0.9219,0.14,0,0,0,0,0.392,0.283,1
TND-002870,MPLADS-002870,1,Open e-Tender,2022-05-01,20,7,7,0,1.0,Open e-Tender,14820000.0,14820000.0,-0.0685,0.0069,0.8847,0.185,0,0,0,1,0.4,0.104,1
TND-002871,MPLADS-002871,1,Open e-Tender,2022-01-01,14,7,7,0,1.0,Open e-Tender,2250000.0,2250000.0,0.0135,0.0048,0.8538,0.004,0,0,0,0,0.727,0.141,1
TND-002872,MPLADS-002872,1,Open e-Tender,2022-04-30,28,7,7,0,1.0,Open e-Tender,14080000.0,14080000.0,-0.0304,0.0227,0.8514,0.249,0,0,0,0,0.734,0.189,1
TND-002873,MPLADS-002873,1,Open e-Tender,2022-06-06,25,6,6,0,1.0,Open e-Tender,3301000.0,3301000.0,-0.0512,0.0305,0.8871,0.227,0,0,0,0,0.457,0.206,1
TND-002874,MPLADS-002874,1,Open e-Tender,2022-09-02,17,5,4,0,0.833,Open e-Tender,2332000.0,2332000.0,-0.0489,0.0324,0.8559,0.08,0,0,0,0,0.481,0.219,1
TND-002875,MPLADS-002875,1,Open e-Tender,2022-04-28,18,3,3,0,0.5,Open e-Tender,8695000.0,8695000.0,-0.0745,0.0022,0.8596,0.191,0,0,0,0,0.294,0.24,1
TND-002876,MPLADS-002876,1,Open e-Tender,2023-12-08,22,3,3,0,0.5,Open e-Tender,10494000.0,10494000.0,-0.0535,0.0044,0.943,0.067,0,0,0,0,0.453,0.446,1
TND-002877,MPLADS-002877,1,Direct / Single Inquiry,2023-09-12,22,1,1,1,0.167,Single Tender Inquiry,3167000.0,3167000.0,-0.0291,0.0424,0.0,0.222,0,0,0,1,0.287,0.288,0
TND-002878,MPLADS-002878,1,Open e-Tender,2022-10-01,22,7,7,0,1.0,Open e-Tender,1371000.0,1371000.0,-0.027,0.0441,0.9199,0.034,0,0,0,0,0.387,0.326,1
TND-002879,MPLADS-002879,1,Open e-Tender,2024-01-03,20,5,4,0,0.833,Open e-Tender,12591000.0,12591000.0,-0.0215,0.0218,0.976,0.009,0,0,0,0,0.633,0.325,1
TND-002880,MPLADS-002880,1,Open e-Tender,2023-06-11,22,6,6,0,1.0,Open e-Tender,1004000.0,1004000.0,-0.0492,0.0107,0.8881,0.152,0,0,0,0,0.443,0.401,1
TND-002881,MPLADS-002881,1,Open e-Tender,2023-09-23,14,7,6,0,1.0,Open e-Tender,930000.0,930000.0,-0.0252,0.0382,0.9157,0.177,0,0,0,0,0.158,0.322,1
TND-002882,MPLADS-002882,1,Open e-Tender,2022-04-23,26,3,3,0,0.5,Open e-Tender,1138000.0,1138000.0,-0.0249,0.0458,0.8609,0.079,1,0,0,0,0.106,0.098,1
TND-002883,MPLADS-002883,1,Open e-Tender,2023-01-28,22,6,5,0,1.0,Open e-Tender,2627000.0,2627000.0,-0.0588,0.0218,0.8868,0.118,0,0,0,1,0.621,0.068,1
TND-002884,MPLADS-002884,1,Open e-Tender,2022-02-18,20,4,4,0,0.667,Open e-Tender,2673000.0,2673000.0,-0.014,0.0102,0.8864,0.177,0,0,0,1,0.741,0.087,1
TND-002885,MPLADS-002885,1,Open e-Tender,2023-04-10,24,7,7,0,1.0,Open e-Tender,3035000.0,3035000.0,-0.0222,0.0248,0.8973,0.084,0,0,0,0,0.615,0.068,1
TND-002886,MPLADS-002886,1,Open e-Tender,2023-11-27,19,6,5,0,1.0,Open e-Tender,1984000.0,1984000.0,0.0107,0.0236,0.9008,0.017,0,0,0,0,0.687,0.071,1
TND-002887,MPLADS-002887,1,Open e-Tender,2023-01-25,28,5,4,0,0.833,Open e-Tender,1674000.0,1674000.0,-0.0199,0.0027,0.9356,0.175,0,0,0,0,0.67,0.276,1
TND-002888,MPLADS-002888,1,Open e-Tender,2022-06-11,24,5,4,0,0.833,Open e-Tender,1930000.0,1930000.0,-0.0645,0.0014,0.9793,0.205,0,0,0,1,0.156,0.452,1
TND-002889,MPLADS-002889,1,Open e-Tender,2022-03-25,17,3,2,0,0.5,Open e-Tender,863000.0,863000.0,-0.0171,0.022,0.9746,0.199,0,0,0,0,0.515,0.302,1
TND-002890,MPLADS-002890,1,Open e-Tender,2023-04-27,22,3,3,0,0.5,Open e-Tender,2620000.0,2620000.0,-0.0346,0.0039,0.9836,0.218,0,0,0,0,0.689,0.13,1
TND-002891,MPLADS-002891,1,Open e-Tender,2023-07-06,23,3,3,0,0.5,Open e-Tender,3054000.0,3054000.0,-0.0498,0.0219,0.881,0.233,1,0,0,0,0.216,0.399,1
TND-002892,MPLADS-002892,1,Open e-Tender,2022-03-18,28,4,3,0,0.667,Open e-Tender,2503000.0,2503000.0,-0.0268,0.0254,0.9561,0.009,0,0,0,0,0.349,0.264,1
TND-002893,MPLADS-002893,1,Open e-Tender,2022-02-14,27,4,4,0,0.667,Open e-Tender,948000.0,948000.0,-0.0287,0.0188,0.8743,0.185,0,0,0,1,0.674,0.361,1
TND-002894,MPLADS-002894,1,Open e-Tender,2023-11-23,28,3,3,0,0.5,Open e-Tender,676000.0,676000.0,-0.0357,0.024,0.8877,0.112,0,0,0,0,0.706,0.455,1
TND-002895,MPLADS-002895,1,Open e-Tender,2023-09-22,21,4,4,0,0.667,Open e-Tender,466000.0,466000.0,-0.021,0.0404,0.9103,0.179,0,0,0,0,0.336,0.195,1
TND-002896,MPLADS-002896,1,Open e-Tender,2023-10-15,18,3,3,0,0.5,Open e-Tender,1702000.0,1702000.0,-0.0555,0.0275,0.8665,0.012,0,0,0,0,0.373,0.272,1
TND-002897,MPLADS-002897,1,Open e-Tender,2022-04-02,25,6,5,0,1.0,Open e-Tender,2110000.0,2110000.0,-0.0774,0.0446,0.8554,0.014,0,0,0,0,0.261,0.234,1
TND-002898,MPLADS-002898,1,Open e-Tender,2023-01-05,26,6,6,0,1.0,Open e-Tender,15926000.0,15926000.0,-0.0134,0.0204,0.9305,0.177,0,0,0,1,0.297,0.058,1
TND-002899,MPLADS-002899,1,Open e-Tender,2023-10-03,14,7,6,0,1.0,Open e-Tender,498000.0,498000.0,-0.0726,0.0478,0.8806,0.24,0,0,0,0,0.131,0.123,1
TND-002900,MPLADS-002900,1,Open e-Tender,2023-01-03,15,6,5,0,1.0,Open e-Tender,2300000.0,2300000.0,-0.0279,0.0112,0.8654,0.125,0,0,0,0,0.561,0.291,1
TND-002901,MPLADS-002901,1,Open e-Tender,2023-01-22,21,6,6,0,1.0,Open e-Tender,4062000.0,4062000.0,-0.0186,0.0229,0.9645,0.157,0,0,0,0,0.547,0.259,1
TND-002902,MPLADS-002902,1,Open e-Tender,2022-04-12,22,3,3,0,0.5,Open e-Tender,2526000.0,2526000.0,0.006,0.0169,0.9275,0.145,0,0,0,0,0.457,0.08,1
TND-002903,MPLADS-002903,1,Open e-Tender,2023-06-16,15,3,2,0,0.5,Open e-Tender,611000.0,611000.0,0.0099,0.0428,0.9673,0.032,0,0,0,0,0.203,0.351,1
TND-002904,MPLADS-002904,1,Open e-Tender,2022-10-04,22,4,3,0,0.667,Open e-Tender,358000.0,358000.0,-0.011,0.0357,0.9134,0.004,1,0,0,1,0.304,0.064,1
TND-002905,MPLADS-002905,1,Open e-Tender,2023-09-03,17,6,5,0,1.0,Open e-Tender,1526000.0,1526000.0,-0.0218,0.0258,0.9073,0.163,0,0,0,0,0.286,0.465,1
TND-002906,MPLADS-002906,1,Open e-Tender,2022-12-22,16,7,6,0,1.0,Open e-Tender,614000.0,614000.0,-0.0192,0.0384,0.9597,0.107,0,0,0,0,0.536,0.215,1
TND-002907,MPLADS-002907,1,Open e-Tender,2023-09-22,24,4,3,0,0.667,Open e-Tender,2164000.0,2164000.0,-0.0064,0.0065,0.8944,0.249,1,0,0,0,0.424,0.068,1
TND-002908,MPLADS-002908,1,Open e-Tender,2022-04-15,28,4,3,0,0.667,Open e-Tender,612000.0,612000.0,0.0132,0.0484,0.8717,0.209,0,0,0,0,0.395,0.335,1
TND-002909,MPLADS-002909,1,Open e-Tender,2022-02-15,29,7,6,0,1.0,Open e-Tender,1838000.0,1838000.0,-0.0608,0.0009,0.865,0.113,0,0,0,0,0.521,0.286,1
TND-002910,MPLADS-002910,1,Open e-Tender,2022-05-19,21,7,6,0,1.0,Open e-Tender,1820000.0,1820000.0,-0.0775,0.0177,0.8969,0.035,0,0,0,0,0.395,0.317,1
TND-002911,MPLADS-002911,1,Open e-Tender,2023-04-26,19,3,2,0,0.5,Open e-Tender,1492000.0,1492000.0,-0.0086,0.0427,0.9771,0.148,0,0,0,0,0.705,0.054,1
TND-002912,MPLADS-002912,1,Open e-Tender,2023-10-19,28,6,6,0,1.0,Open e-Tender,1296000.0,1296000.0,-0.0526,0.0364,0.9228,0.184,0,0,0,1,0.265,0.335,1
TND-002913,MPLADS-002913,1,Open e-Tender,2022-03-15,25,7,7,0,1.0,Open e-Tender,2572000.0,2572000.0,-0.0016,0.0358,0.9463,0.099,0,0,0,1,0.16,0.388,1
TND-002914,MPLADS-002914,1,Open e-Tender,2023-10-02,18,4,3,0,0.667,Open e-Tender,1588000.0,1588000.0,-0.067,0.0291,0.9357,0.177,0,0,0,1,0.327,0.293,1
TND-002915,MPLADS-002915,1,Open e-Tender,2022-10-26,25,7,6,0,1.0,Open e-Tender,383000.0,383000.0,-0.0154,0.0143,0.9585,0.062,0,0,0,0,0.509,0.154,1
TND-002916,MPLADS-002916,1,Direct / Single Inquiry,2023-09-27,15,1,1,1,0.167,Single Tender Inquiry,2711000.0,2711000.0,-0.0431,0.0211,0.0,0.076,0,0,0,0,0.104,0.32,0
TND-002917,MPLADS-002917,1,Open e-Tender,2023-01-31,16,5,5,0,0.833,Open e-Tender,3329000.0,3329000.0,-0.0342,0.0399,0.8668,0.099,0,0,0,0,0.146,0.303,1
TND-002918,MPLADS-002918,1,Open e-Tender,2022-12-23,14,4,4,0,0.667,Open e-Tender,814000.0,814000.0,-0.0061,0.0109,0.908,0.106,1,0,0,1,0.523,0.208,1
TND-002919,MPLADS-002919,1,Open e-Tender,2023-01-11,22,7,6,0,1.0,Open e-Tender,2273000.0,2273000.0,0.0111,0.0299,0.8772,0.098,0,0,0,0,0.678,0.378,1
TND-002920,MPLADS-002920,1,Open e-Tender,2022-08-20,19,6,5,0,1.0,Open e-Tender,2752000.0,2752000.0,0.0073,0.0033,0.9284,0.041,0,0,0,0,0.715,0.129,1
TND-002921,MPLADS-002921,1,Open e-Tender,2022-08-19,20,3,2,0,0.5,Open e-Tender,3262000.0,3262000.0,-0.0437,0.0058,0.8709,0.16,1,0,0,0,0.652,0.145,1
TND-002922,MPLADS-002922,1,Open e-Tender,2023-01-14,23,4,3,0,0.667,Open e-Tender,890000.0,890000.0,-0.01,0.0223,0.9679,0.083,1,0,0,0,0.742,0.414,1
TND-002923,MPLADS-002923,1,Open e-Tender,2023-02-05,14,6,5,0,1.0,Open e-Tender,1566000.0,1566000.0,-0.0038,0.0042,0.8903,0.143,0,0,0,0,0.249,0.136,1
TND-002924,MPLADS-002924,1,Open e-Tender,2023-07-07,27,4,3,0,0.667,Open e-Tender,2180000.0,2180000.0,-0.0193,0.0111,0.9536,0.208,0,0,0,0,0.387,0.086,1
TND-002925,MPLADS-002925,1,Open e-Tender,2023-05-24,25,7,6,0,1.0,Open e-Tender,488000.0,488000.0,-0.0298,0.0233,0.8774,0.056,0,0,0,0,0.223,0.204,1
TND-002926,MPLADS-002926,1,Open e-Tender,2022-06-15,19,7,6,0,1.0,Open e-Tender,1980000.0,1980000.0,-0.0232,0.0197,0.9166,0.233,0,0,0,0,0.313,0.106,1
TND-002927,MPLADS-002927,1,Open e-Tender,2022-01-19,14,3,2,0,0.5,Open e-Tender,1553000.0,1553000.0,0.0045,0.032,0.9053,0.085,0,0,0,0,0.186,0.412,1
TND-002928,MPLADS-002928,1,Open e-Tender,2023-10-17,19,5,5,0,0.833,Open e-Tender,2605000.0,2605000.0,0.0054,0.0335,0.8669,0.105,0,0,0,0,0.584,0.358,1
TND-002929,MPLADS-002929,1,Open e-Tender,2023-08-17,16,5,4,0,0.833,Open e-Tender,13488000.0,13488000.0,-0.0515,0.0461,0.916,0.09,0,0,0,0,0.468,0.195,1
TND-002930,MPLADS-002930,1,Open e-Tender,2022-12-09,19,6,5,0,1.0,Open e-Tender,14126000.0,14126000.0,-0.0183,0.0213,0.9125,0.213,0,0,0,0,0.186,0.222,1
TND-002931,MPLADS-002931,1,Direct / Single Inquiry,2022-09-14,24,1,1,1,0.167,Single Tender Inquiry,1553000.0,1553000.0,-0.0739,0.0228,0.0,0.174,0,0,0,1,0.291,0.221,0
TND-002932,MPLADS-002932,1,Open e-Tender,2023-03-29,19,6,5,0,1.0,Open e-Tender,2303000.0,2303000.0,0.0154,0.0203,0.8942,0.101,0,0,0,0,0.194,0.472,1
TND-002933,MPLADS-002933,1,Open e-Tender,2022-03-11,29,7,6,0,1.0,Open e-Tender,2079000.0,2079000.0,-0.0285,0.0443,0.9277,0.241,0,0,0,0,0.749,0.198,1
TND-002934,MPLADS-002934,1,Open e-Tender,2022-08-05,27,5,5,0,0.833,Open e-Tender,2114000.0,2114000.0,-0.0426,0.0208,0.9207,0.042,0,0,0,0,0.266,0.06,1
TND-002935,MPLADS-002935,1,Open e-Tender,2023-04-28,27,7,7,0,1.0,Open e-Tender,2373000.0,2373000.0,-0.0576,0.0175,0.8575,0.132,0,0,0,0,0.597,0.199,1
TND-002936,MPLADS-002936,1,Open e-Tender,2023-05-02,19,4,4,0,0.667,Open e-Tender,1012000.0,1012000.0,-0.0344,0.0083,0.8637,0.09,0,0,0,0,0.393,0.141,1
TND-002937,MPLADS-002937,1,Open e-Tender,2023-06-23,28,6,6,0,1.0,Open e-Tender,897000.0,897000.0,-0.0365,0.005,0.9238,0.133,0,0,0,0,0.313,0.105,1
TND-002938,MPLADS-002938,1,Open e-Tender,2023-07-05,25,6,5,0,1.0,Open e-Tender,1727000.0,1727000.0,0.0147,0.041,0.9155,0.167,0,0,0,0,0.583,0.354,1
TND-002939,MPLADS-002939,1,Open e-Tender,2022-05-12,17,7,6,0,1.0,Open e-Tender,2045000.0,2045000.0,0.0174,0.0171,0.8534,0.179,0,0,0,0,0.312,0.096,1
TND-002940,MPLADS-002940,1,Direct / Single Inquiry,2022-11-03,29,1,1,1,0.167,Single Tender Inquiry,3384000.0,3384000.0,-0.0348,0.0484,0.0,0.191,0,0,0,0,0.458,0.071,0
TND-002941,MPLADS-002941,1,Open e-Tender,2023-06-12,17,4,3,0,0.667,Open e-Tender,10511000.0,10511000.0,-0.006,0.0167,0.8803,0.243,0,0,0,0,0.249,0.109,1
TND-002942,MPLADS-002942,1,Open e-Tender,2022-10-07,24,4,4,0,0.667,Open e-Tender,3366000.0,3366000.0,0.0191,0.0411,0.8844,0.134,0,0,0,0,0.123,0.265,1
TND-002943,MPLADS-002943,1,Open e-Tender,2022-02-05,17,4,3,0,0.667,Open e-Tender,844000.0,844000.0,-0.0106,0.0266,0.9398,0.093,0,0,0,0,0.183,0.358,1
TND-002944,MPLADS-002944,1,Open e-Tender,2023-06-20,26,7,7,0,1.0,Open e-Tender,2145000.0,2145000.0,-0.0786,0.0029,0.981,0.206,1,0,0,0,0.232,0.307,1
TND-002945,MPLADS-002945,1,Open e-Tender,2022-06-03,26,5,4,0,0.833,Open e-Tender,2713000.0,2713000.0,0.0004,0.02,0.961,0.038,0,0,0,0,0.583,0.491,1
TND-002946,MPLADS-002946,1,Open e-Tender,2023-06-26,25,6,6,0,1.0,Open e-Tender,2860000.0,2860000.0,0.011,0.025,0.9079,0.073,0,0,0,1,0.365,0.161,1
TND-002947,MPLADS-002947,1,Open e-Tender,2022-10-17,28,7,7,0,1.0,Open e-Tender,3300000.0,3300000.0,-0.0681,0.0016,0.9096,0.044,0,0,0,0,0.115,0.318,1
TND-002948,MPLADS-002948,1,Open e-Tender,2023-03-30,21,7,6,0,1.0,Open e-Tender,1821000.0,1821000.0,0.0134,0.0339,0.8616,0.121,0,0,0,0,0.2,0.383,1
TND-002949,MPLADS-002949,1,Open e-Tender,2022-02-11,25,4,3,0,0.667,Open e-Tender,1843000.0,1843000.0,0.0077,0.0207,0.9504,0.095,0,0,0,0,0.472,0.058,1
TND-002950,MPLADS-002950,1,Open e-Tender,2022-02-04,25,4,3,0,0.667,Open e-Tender,836000.0,836000.0,-0.0575,0.0307,0.8601,0.058,0,0,0,1,0.444,0.397,1
TND-002951,MPLADS-002951,1,Open e-Tender,2023-02-06,26,3,3,0,0.5,Open e-Tender,2855000.0,2855000.0,-0.0426,0.0216,0.8766,0.123,0,0,0,0,0.385,0.078,1
TND-002952,MPLADS-002952,1,Open e-Tender,2022-09-25,20,4,3,0,0.667,Open e-Tender,10377000.0,10377000.0,-0.0757,0.0122,0.8936,0.034,0,0,0,0,0.7,0.386,1
TND-002953,MPLADS-002953,1,Open e-Tender,2023-09-17,21,4,4,0,0.667,Open e-Tender,3453000.0,3453000.0,-0.0652,0.0107,0.8873,0.114,1,0,0,0,0.562,0.205,1
TND-002954,MPLADS-002954,1,Open e-Tender,2023-02-21,21,3,3,0,0.5,Open e-Tender,608000.0,608000.0,0.015,0.0232,0.9881,0.028,1,0,0,0,0.749,0.354,1
TND-002955,MPLADS-002955,1,Open e-Tender,2023-04-28,20,4,3,0,0.667,Open e-Tender,1705000.0,1705000.0,-0.0029,0.0083,0.9352,0.11,0,0,0,0,0.633,0.105,1
TND-002956,MPLADS-002956,1,Open e-Tender,2023-05-01,26,3,2,0,0.5,Open e-Tender,3421000.0,3421000.0,-0.0038,0.0442,0.9856,0.197,0,0,0,0,0.354,0.321,1
TND-002957,MPLADS-002957,1,Open e-Tender,2022-10-29,26,6,5,0,1.0,Open e-Tender,7072000.0,7072000.0,-0.0589,0.0184,0.8863,0.233,0,0,0,0,0.728,0.391,1
TND-002958,MPLADS-002958,1,Open e-Tender,2022-06-12,26,5,4,0,0.833,Open e-Tender,68070000.0,68070000.0,-0.0234,0.0408,0.8569,0.132,0,0,0,0,0.245,0.446,1
TND-002959,MPLADS-002959,1,Open e-Tender,2023-09-26,24,3,3,0,0.5,Open e-Tender,2896000.0,2896000.0,-0.0014,0.0014,0.8672,0.182,0,0,0,0,0.393,0.292,1
TND-002960,MPLADS-002960,1,Open e-Tender,2023-01-14,29,6,5,0,1.0,Open e-Tender,1062000.0,1062000.0,-0.0239,0.0114,0.899,0.168,0,0,0,0,0.729,0.118,1
TND-002961,MPLADS-002961,1,Open e-Tender,2023-02-25,28,5,4,0,0.833,Open e-Tender,514000.0,514000.0,-0.0172,0.0498,0.8895,0.217,0,0,0,0,0.585,0.198,1
TND-002962,MPLADS-002962,1,Open e-Tender,2022-05-05,16,7,7,0,1.0,Open e-Tender,2173000.0,2173000.0,-0.0225,0.0347,0.8683,0.163,0,0,0,0,0.195,0.397,1
TND-002963,MPLADS-002963,1,Open e-Tender,2023-07-07,26,7,7,0,1.0,Open e-Tender,3501000.0,3501000.0,-0.0538,0.0197,0.9707,0.098,0,0,0,0,0.297,0.182,1
TND-002964,MPLADS-002964,1,Open e-Tender,2022-04-07,26,4,3,0,0.667,Open e-Tender,640000.0,640000.0,0.0095,0.0336,0.9059,0.243,0,0,0,0,0.51,0.305,1
TND-002965,MPLADS-002965,1,Open e-Tender,2023-10-04,14,3,3,0,0.5,Open e-Tender,2654000.0,2654000.0,-0.0638,0.0009,0.8981,0.008,0,0,0,0,0.173,0.232,1
TND-002966,MPLADS-002966,1,Open e-Tender,2022-12-10,29,3,3,0,0.5,Open e-Tender,550000.0,550000.0,-0.0598,0.0012,0.9166,0.095,0,0,0,0,0.704,0.358,1
TND-002967,MPLADS-002967,1,Open e-Tender,2022-09-04,26,3,3,0,0.5,Open e-Tender,1390000.0,1390000.0,-0.0614,0.0023,0.9561,0.11,0,0,0,0,0.572,0.317,1
TND-002968,MPLADS-002968,1,Open e-Tender,2023-08-14,24,5,5,0,0.833,Open e-Tender,3001000.0,3001000.0,-0.0164,0.0116,0.9331,0.163,0,0,0,0,0.117,0.402,1
TND-002969,MPLADS-002969,1,Open e-Tender,2023-02-14,14,3,2,0,0.5,Open e-Tender,11393000.0,11393000.0,-0.0194,0.032,0.9468,0.033,0,0,0,0,0.142,0.197,1
TND-002970,MPLADS-002970,1,Open e-Tender,2022-11-15,29,4,4,0,0.667,Open e-Tender,1043000.0,1043000.0,-0.0587,0.0368,0.9278,0.021,0,0,0,0,0.258,0.397,1
TND-002971,MPLADS-002971,1,Open e-Tender,2022-08-07,29,7,7,0,1.0,Open e-Tender,14173000.0,14173000.0,-0.034,0.0107,0.9317,0.163,0,0,0,0,0.582,0.359,1
TND-002972,MPLADS-002972,1,Open e-Tender,2022-12-04,18,7,7,0,1.0,Open e-Tender,1549000.0,1549000.0,-0.0618,0.0077,0.9256,0.174,0,0,0,1,0.462,0.486,1
TND-002973,MPLADS-002973,1,Open e-Tender,2023-12-12,14,3,3,0,0.5,Open e-Tender,3013000.0,3013000.0,-0.0271,0.0423,0.8732,0.01,0,0,0,0,0.532,0.07,1
TND-002974,MPLADS-002974,1,Direct / Single Inquiry,2023-01-05,25,1,1,1,0.167,Single Tender Inquiry,356000.0,356000.0,-0.03,0.0314,0.0,0.019,0,0,0,0,0.338,0.141,0
TND-002975,MPLADS-002975,1,Open e-Tender,2022-03-05,27,5,5,0,0.833,Open e-Tender,976000.0,976000.0,-0.0515,0.0074,0.966,0.108,0,0,0,0,0.427,0.096,1
TND-002976,MPLADS-002976,1,Open e-Tender,2023-04-24,24,4,3,0,0.667,Open e-Tender,1868000.0,1868000.0,0.0,0.0046,0.8562,0.116,0,0,0,0,0.68,0.2,1
TND-002977,MPLADS-002977,1,Open e-Tender,2022-08-10,17,7,6,0,1.0,Open e-Tender,57731000.0,57731000.0,-0.0605,0.0316,0.9158,0.18,0,0,0,0,0.571,0.475,1
TND-002978,MPLADS-002978,1,Open e-Tender,2023-11-27,14,5,4,0,0.833,Open e-Tender,2150000.0,2150000.0,0.019,0.011,0.9388,0.226,0,0,0,0,0.749,0.461,1
TND-002979,MPLADS-002979,1,Open e-Tender,2023-06-30,22,6,5,0,1.0,Open e-Tender,1022000.0,1022000.0,-0.0368,0.0427,0.9854,0.071,0,0,0,0,0.449,0.446,1
TND-002980,MPLADS-002980,1,Open e-Tender,2023-05-23,23,3,3,0,0.5,Open e-Tender,2303000.0,2303000.0,-0.0107,0.0297,0.8801,0.101,0,0,0,0,0.731,0.38,1
TND-002981,MPLADS-002981,1,Open e-Tender,2022-07-02,28,4,4,0,0.667,Open e-Tender,9764000.0,9764000.0,-0.0665,0.0193,0.8696,0.01,0,0,0,0,0.359,0.194,1
TND-002982,MPLADS-002982,1,Open e-Tender,2022-04-25,18,4,3,0,0.667,Open e-Tender,1867000.0,1867000.0,-0.0508,0.0277,0.9125,0.175,0,0,0,0,0.541,0.411,1
TND-002983,MPLADS-002983,1,Open e-Tender,2022-03-21,26,3,3,0,0.5,Open e-Tender,1560000.0,1560000.0,-0.0714,0.018,0.9068,0.134,0,0,0,0,0.5,0.47,1
TND-002984,MPLADS-002984,1,Open e-Tender,2023-06-06,28,5,5,0,0.833,Open e-Tender,566000.0,566000.0,-0.0191,0.0454,0.9686,0.172,1,0,0,0,0.319,0.427,1
TND-002985,MPLADS-002985,1,Open e-Tender,2022-09-29,22,4,4,0,0.667,Open e-Tender,2221000.0,2221000.0,0.0142,0.0494,0.8716,0.097,0,0,0,0,0.642,0.123,1
TND-002986,MPLADS-002986,1,Direct / Single Inquiry,2022-02-10,22,1,1,1,0.167,Single Tender Inquiry,1939000.0,1939000.0,-0.078,0.0113,0.0,0.136,0,0,0,0,0.362,0.481,0
TND-002987,MPLADS-002987,1,Open e-Tender,2022-08-13,22,5,4,0,0.833,Open e-Tender,2080000.0,2080000.0,-0.0463,0.0452,0.9871,0.069,0,0,0,0,0.37,0.212,1
TND-002988,MPLADS-002988,1,Open e-Tender,2023-11-18,23,7,6,0,1.0,Open e-Tender,389000.0,389000.0,0.0052,0.0257,0.8803,0.052,0,0,0,0,0.675,0.483,1
TND-002989,MPLADS-002989,1,Open e-Tender,2023-10-12,24,5,5,0,0.833,Open e-Tender,1779000.0,1779000.0,-0.0622,0.0336,0.8585,0.213,0,0,0,0,0.127,0.136,1
TND-002990,MPLADS-002990,1,Direct / Single Inquiry,2023-01-03,20,1,1,1,0.167,Single Tender Inquiry,2117000.0,2117000.0,-0.0686,0.0059,0.0,0.151,0,0,0,1,0.205,0.475,0
TND-002991,MPLADS-002991,1,Open e-Tender,2022-02-12,22,3,2,0,0.5,Open e-Tender,11694000.0,11694000.0,0.0051,0.0078,0.8841,0.028,0,0,0,0,0.664,0.319,1
TND-002992,MPLADS-002992,1,Open e-Tender,2023-08-31,23,7,7,0,1.0,Open e-Tender,661000.0,661000.0,-0.0392,0.0139,0.8956,0.238,0,0,0,1,0.702,0.462,1
TND-002993,MPLADS-002993,1,Open e-Tender,2022-12-30,28,6,5,0,1.0,Open e-Tender,775000.0,775000.0,-0.0629,0.0437,0.9744,0.16,0,0,0,0,0.485,0.055,1
TND-002994,MPLADS-002994,1,Open e-Tender,2022-05-15,24,3,3,0,0.5,Open e-Tender,598000.0,598000.0,-0.0261,0.0481,0.9253,0.212,0,0,0,0,0.281,0.055,1
TND-002995,MPLADS-002995,1,Open e-Tender,2022-02-08,25,6,5,0,1.0,Open e-Tender,2322000.0,2322000.0,-0.0244,0.0198,0.873,0.043,0,0,0,0,0.369,0.289,1
TND-002996,MPLADS-002996,1,Open e-Tender,2023-01-02,23,6,6,0,1.0,Open e-Tender,14478000.0,14478000.0,-0.012,0.0284,0.8771,0.035,0,0,0,0,0.4,0.458,1
TND-002997,MPLADS-002997,1,Open e-Tender,2023-04-28,29,6,5,0,1.0,Open e-Tender,1372000.0,1372000.0,-0.0122,0.0355,0.8506,0.092,0,0,0,0,0.223,0.414,1
TND-002998,MPLADS-002998,1,Open e-Tender,2023-04-21,18,4,4,0,0.667,Open e-Tender,1941000.0,1941000.0,-0.0499,0.0453,0.8779,0.087,0,0,0,0,0.337,0.174,1
TND-002999,MPLADS-002999,1,Open e-Tender,2023-01-21,20,3,2,0,0.5,Open e-Tender,3177000.0,3177000.0,-0.0738,0.0482,0.9499,0.224,0,0,0,1,0.13,0.307,1
TND-003000,MPLADS-003000,1,Open e-Tender,2022-10-07,19,6,5,0,1.0,Open e-Tender,1721000.0,1721000.0,-0.0402,0.0093,0.9006,0.094,0,0,0,0,0.576,0.27,1
TND-003001,MPLADS-003001,1,Open e-Tender,2022-11-06,27,6,5,0,1.0,Open e-Tender,422000.0,422000.0,-0.0365,0.0031,0.8682,0.063,0,0,0,0,0.289,0.369,1
TND-003002,MPLADS-003002,1,Open e-Tender,2022-12-20,19,3,2,0,0.5,Open e-Tender,1977000.0,1977000.0,-0.004,0.0217,0.8882,0.08,0,0,0,0,0.318,0.249,1
TND-003003,MPLADS-003003,1,Direct / Single Inquiry,2022-06-28,20,1,1,1,0.167,Single Tender Inquiry,15510000.0,15510000.0,-0.0375,0.0125,0.0,0.212,0,0,0,0,0.331,0.25,0
TND-003004,MPLADS-003004,1,Open e-Tender,2022-06-17,14,7,7,0,1.0,Open e-Tender,556000.0,556000.0,-0.028,0.0188,0.8793,0.128,0,0,0,0,0.246,0.295,1
TND-003005,MPLADS-003005,1,Open e-Tender,2023-12-22,15,4,4,0,0.667,Open e-Tender,3097000.0,3097000.0,0.0085,0.0429,0.9896,0.127,0,0,0,0,0.162,0.402,1
TND-003006,MPLADS-003006,1,Open e-Tender,2022-11-03,29,6,5,0,1.0,Open e-Tender,10165000.0,10165000.0,0.0071,0.0335,0.9584,0.215,0,0,0,0,0.572,0.408,1
TND-003007,MPLADS-003007,1,Open e-Tender,2022-10-12,19,6,6,0,1.0,Open e-Tender,874000.0,874000.0,-0.0332,0.0163,0.9071,0.109,0,0,0,0,0.196,0.439,1
TND-003008,MPLADS-003008,1,Open e-Tender,2023-02-27,23,7,6,0,1.0,Open e-Tender,2281000.0,2281000.0,0.0071,0.0301,0.9681,0.14,0,0,0,1,0.448,0.428,1
TND-003009,MPLADS-003009,1,Open e-Tender,2023-08-10,27,7,7,0,1.0,Open e-Tender,1128000.0,1128000.0,-0.0392,0.0132,0.9331,0.052,1,0,0,0,0.284,0.293,1
TND-003010,MPLADS-003010,1,Open e-Tender,2022-07-11,18,6,6,0,1.0,Open e-Tender,1680000.0,1680000.0,-0.0562,0.0398,0.9643,0.144,0,0,0,0,0.228,0.347,1
TND-003011,MPLADS-003011,1,Open e-Tender,2022-08-02,29,3,3,0,0.5,Open e-Tender,2164000.0,2164000.0,-0.0132,0.0397,0.8685,0.193,0,0,0,1,0.593,0.449,1
TND-003012,MPLADS-003012,1,Open e-Tender,2022-10-08,22,4,3,0,0.667,Open e-Tender,1794000.0,1794000.0,-0.0381,0.0318,0.8761,0.184,0,0,0,0,0.725,0.098,1
TND-003013,MPLADS-003013,1,Open e-Tender,2022-11-16,24,7,7,0,1.0,Open e-Tender,1450000.0,1450000.0,0.0126,0.0494,0.8622,0.047,0,0,0,0,0.586,0.079,1
TND-003014,MPLADS-003014,1,Open e-Tender,2022-06-17,23,7,6,0,1.0,Open e-Tender,2807000.0,2807000.0,-0.0331,0.0153,0.9157,0.191,0,0,0,0,0.411,0.065,1
TND-003015,MPLADS-003015,1,Open e-Tender,2023-02-25,23,3,2,0,0.5,Open e-Tender,1564000.0,1564000.0,0.0026,0.0426,0.9786,0.042,0,0,0,1,0.27,0.434,1
TND-003016,MPLADS-003016,1,Open e-Tender,2023-08-24,27,7,7,0,1.0,Open e-Tender,1056000.0,1056000.0,-0.024,0.0018,0.9705,0.198,0,0,0,0,0.547,0.336,1
TND-003017,MPLADS-003017,1,Open e-Tender,2022-10-16,21,7,7,0,1.0,Open e-Tender,611000.0,611000.0,-0.0742,0.0404,0.8742,0.176,1,0,0,0,0.176,0.113,1
TND-003018,MPLADS-003018,1,Open e-Tender,2022-05-11,29,3,2,0,0.5,Open e-Tender,981000.0,981000.0,0.0113,0.0033,0.935,0.018,0,0,0,1,0.112,0.453,1
TND-003019,MPLADS-003019,1,Open e-Tender,2023-12-09,22,4,3,0,0.667,Open e-Tender,3293000.0,3293000.0,-0.0537,0.0133,0.9451,0.03,0,0,0,1,0.153,0.39,1
TND-003020,MPLADS-003020,1,Open e-Tender,2023-05-24,26,6,6,0,1.0,Open e-Tender,7458000.0,7458000.0,-0.0151,0.0134,0.9652,0.188,0,0,0,0,0.634,0.387,1
TND-003021,MPLADS-003021,1,Open e-Tender,2023-05-30,23,4,3,0,0.667,Open e-Tender,2724000.0,2724000.0,-0.0371,0.0192,0.9696,0.165,0,0,0,0,0.501,0.156,1
TND-003022,MPLADS-003022,1,Open e-Tender,2023-12-06,28,6,6,0,1.0,Open e-Tender,1233000.0,1233000.0,-0.0427,0.0295,0.8657,0.199,0,0,0,1,0.434,0.177,1
TND-003023,MPLADS-003023,1,Open e-Tender,2023-01-12,24,3,2,0,0.5,Open e-Tender,3794000.0,3794000.0,-0.0316,0.0316,0.915,0.09,0,0,0,0,0.416,0.198,1
TND-003024,MPLADS-003024,1,Open e-Tender,2023-07-03,16,3,2,0,0.5,Open e-Tender,2196000.0,2196000.0,-0.0381,0.0219,0.9006,0.107,0,0,0,0,0.572,0.402,1
TND-003025,MPLADS-003025,1,Open e-Tender,2023-06-02,19,6,5,0,1.0,Open e-Tender,2909000.0,2909000.0,-0.0658,0.0232,0.9507,0.118,0,0,0,0,0.198,0.302,1
TND-003026,MPLADS-003026,1,Open e-Tender,2023-03-21,17,7,7,0,1.0,Open e-Tender,2280000.0,2280000.0,-0.0318,0.0111,0.8848,0.005,0,0,0,0,0.461,0.471,1
TND-003027,MPLADS-003027,1,Open e-Tender,2023-06-19,25,5,5,0,0.833,Open e-Tender,991000.0,991000.0,-0.0198,0.0149,0.9684,0.042,0,0,0,1,0.619,0.298,1
TND-003028,MPLADS-003028,1,Open e-Tender,2023-03-19,23,6,5,0,1.0,Open e-Tender,1964000.0,1964000.0,-0.0234,0.0451,0.9193,0.143,0,0,0,0,0.608,0.278,1
TND-003029,MPLADS-003029,1,Open e-Tender,2023-02-04,17,7,7,0,1.0,Open e-Tender,2274000.0,2274000.0,-0.0509,0.0219,0.9418,0.102,0,0,0,0,0.357,0.472,1
TND-003030,MPLADS-003030,1,Open e-Tender,2023-09-16,26,7,6,0,1.0,Open e-Tender,609000.0,609000.0,-0.0349,0.0113,0.9537,0.136,0,0,0,0,0.504,0.088,1
TND-003031,MPLADS-003031,1,Open e-Tender,2022-06-19,27,5,5,0,0.833,Open e-Tender,2071000.0,2071000.0,0.0098,0.0458,0.9658,0.025,0,0,0,0,0.247,0.459,1
TND-003032,MPLADS-003032,1,Open e-Tender,2023-03-11,27,3,2,0,0.5,Open e-Tender,2519000.0,2519000.0,-0.0141,0.0493,0.8974,0.119,0,0,0,0,0.233,0.277,1
TND-003033,MPLADS-003033,1,Open e-Tender,2022-04-10,20,4,3,0,0.667,Open e-Tender,3817000.0,3817000.0,-0.0223,0.0349,0.9385,0.187,0,0,0,0,0.264,0.2,1
TND-003034,MPLADS-003034,1,Open e-Tender,2023-12-23,26,6,6,0,1.0,Open e-Tender,3947000.0,3947000.0,0.0008,0.0038,0.9167,0.147,0,0,0,0,0.386,0.311,1
TND-003035,MPLADS-003035,1,Open e-Tender,2022-11-22,25,3,2,0,0.5,Open e-Tender,16056000.0,16056000.0,-0.0231,0.0057,0.911,0.117,0,0,0,0,0.226,0.129,1
TND-003036,MPLADS-003036,1,Open e-Tender,2022-08-06,14,5,5,0,0.833,Open e-Tender,3480000.0,3480000.0,-0.0054,0.0366,0.9786,0.052,0,0,0,0,0.617,0.061,1
TND-003037,MPLADS-003037,1,Open e-Tender,2023-01-15,29,6,6,0,1.0,Open e-Tender,1609000.0,1609000.0,-0.0546,0.0381,0.963,0.084,0,0,0,1,0.386,0.307,1
TND-003038,MPLADS-003038,1,Open e-Tender,2022-07-02,25,7,7,0,1.0,Open e-Tender,9370000.0,9370000.0,-0.0406,0.0334,0.8565,0.181,0,0,0,0,0.724,0.22,1
TND-003039,MPLADS-003039,1,Open e-Tender,2022-02-07,19,6,6,0,1.0,Open e-Tender,1679000.0,1679000.0,0.0012,0.0244,0.9818,0.106,0,0,0,0,0.329,0.16,1
TND-003040,MPLADS-003040,1,Open e-Tender,2023-01-09,22,6,5,0,1.0,Open e-Tender,1393000.0,1393000.0,-0.0204,0.0399,0.8807,0.067,0,0,0,0,0.537,0.282,1
TND-003041,MPLADS-003041,1,Open e-Tender,2022-02-27,27,6,5,0,1.0,Open e-Tender,1786000.0,1786000.0,-0.0703,0.0018,0.9032,0.146,0,0,0,1,0.668,0.41,1
TND-003042,MPLADS-003042,1,Open e-Tender,2023-02-17,18,5,4,0,0.833,Open e-Tender,3920000.0,3920000.0,-0.0254,0.0256,0.8837,0.153,1,0,0,0,0.633,0.229,1
TND-003043,MPLADS-003043,1,Open e-Tender,2022-12-31,18,5,4,0,0.833,Open e-Tender,1859000.0,1859000.0,0.0103,0.0105,0.9438,0.075,0,0,0,0,0.32,0.188,1
TND-003044,MPLADS-003044,1,Open e-Tender,2022-12-10,17,3,2,0,0.5,Open e-Tender,3271000.0,3271000.0,-0.0294,0.0148,0.8589,0.178,0,0,0,1,0.701,0.268,1
TND-003045,MPLADS-003045,1,Open e-Tender,2022-02-17,24,5,5,0,0.833,Open e-Tender,2918000.0,2918000.0,0.001,0.0241,0.9639,0.146,0,0,0,0,0.438,0.211,1
TND-003046,MPLADS-003046,1,Open e-Tender,2023-04-04,18,5,5,0,0.833,Open e-Tender,12463000.0,12463000.0,-0.036,0.0332,0.9835,0.012,0,0,0,0,0.296,0.087,1
TND-003047,MPLADS-003047,1,Open e-Tender,2023-02-13,27,6,6,0,1.0,Open e-Tender,3412000.0,3412000.0,-0.0265,0.049,0.9046,0.209,0,0,0,0,0.432,0.087,1
TND-003048,MPLADS-003048,1,Open e-Tender,2023-09-08,19,5,4,0,0.833,Open e-Tender,1538000.0,1538000.0,-0.0026,0.001,0.8982,0.032,0,0,0,0,0.196,0.054,1
TND-003049,MPLADS-003049,1,Open e-Tender,2022-03-20,21,5,4,0,0.833,Open e-Tender,2211000.0,2211000.0,0.0087,0.0052,0.9838,0.138,0,0,0,0,0.491,0.29,1
TND-003050,MPLADS-003050,1,Open e-Tender,2022-05-30,14,5,4,0,0.833,Open e-Tender,1452000.0,1452000.0,-0.0626,0.0174,0.9831,0.159,1,0,0,1,0.574,0.086,1
TND-003051,MPLADS-003051,1,Open e-Tender,2023-08-05,15,5,4,0,0.833,Open e-Tender,2465000.0,2465000.0,0.0008,0.0477,0.8859,0.026,0,0,0,0,0.143,0.381,1
TND-003052,MPLADS-003052,1,Open e-Tender,2023-05-05,22,4,3,0,0.667,Open e-Tender,3544000.0,3544000.0,-0.0317,0.0076,0.9149,0.0,1,0,0,0,0.496,0.42,1
TND-003053,MPLADS-003053,1,Open e-Tender,2022-04-07,15,7,7,0,1.0,Open e-Tender,3531000.0,3531000.0,-0.0778,0.0224,0.8702,0.046,0,0,0,0,0.17,0.153,1
TND-003054,MPLADS-003054,1,Open e-Tender,2023-03-04,22,6,5,0,1.0,Open e-Tender,499000.0,499000.0,-0.0495,0.0003,0.8917,0.232,1,0,0,0,0.387,0.291,1
TND-003055,MPLADS-003055,1,Open e-Tender,2022-06-17,29,7,7,0,1.0,Open e-Tender,2844000.0,2844000.0,-0.0548,0.0426,0.8907,0.206,0,0,0,0,0.444,0.108,1
TND-003056,MPLADS-003056,1,Open e-Tender,2022-02-19,25,6,5,0,1.0,Open e-Tender,2435000.0,2435000.0,-0.0158,0.0071,0.9527,0.101,0,0,0,0,0.108,0.299,1
TND-003057,MPLADS-003057,1,Open e-Tender,2023-10-08,23,7,7,0,1.0,Open e-Tender,2122000.0,2122000.0,-0.0038,0.0375,0.9183,0.153,0,0,0,0,0.415,0.151,1
TND-003058,MPLADS-003058,1,Open e-Tender,2023-07-29,15,7,7,0,1.0,Open e-Tender,1877000.0,1877000.0,-0.0568,0.0472,0.9484,0.094,0,0,0,0,0.611,0.188,1
TND-003059,MPLADS-003059,1,Open e-Tender,2023-10-07,15,7,6,0,1.0,Open e-Tender,2363000.0,2363000.0,-0.0092,0.0211,0.9134,0.036,0,0,0,0,0.414,0.454,1
TND-003060,MPLADS-003060,1,Open e-Tender,2023-02-26,17,6,5,0,1.0,Open e-Tender,2986000.0,2986000.0,-0.0126,0.0143,0.9135,0.135,0,0,0,0,0.151,0.169,1
TND-003061,MPLADS-003061,1,Open e-Tender,2022-06-23,21,6,5,0,1.0,Open e-Tender,692000.0,692000.0,0.0132,0.0406,0.9751,0.238,0,0,0,1,0.192,0.415,1
TND-003062,MPLADS-003062,1,Open e-Tender,2022-07-22,28,3,3,0,0.5,Open e-Tender,526000.0,526000.0,-0.0707,0.025,0.9259,0.036,0,0,0,0,0.722,0.113,1
TND-003063,MPLADS-003063,1,Open e-Tender,2023-12-09,23,6,6,0,1.0,Open e-Tender,14544000.0,14544000.0,-0.0244,0.0186,0.8855,0.073,0,0,0,1,0.24,0.223,1
TND-003064,MPLADS-003064,1,Open e-Tender,2023-10-24,26,3,2,0,0.5,Open e-Tender,1717000.0,1717000.0,0.0106,0.0125,0.9309,0.044,0,0,0,0,0.601,0.106,1
TND-003065,MPLADS-003065,1,Open e-Tender,2022-04-20,19,6,5,0,1.0,Open e-Tender,9028000.0,9028000.0,-0.0699,0.0272,0.8788,0.009,1,0,0,0,0.142,0.175,1
TND-003066,MPLADS-003066,1,Open e-Tender,2023-10-28,18,3,3,0,0.5,Open e-Tender,948000.0,948000.0,-0.0247,0.0331,0.9021,0.154,0,0,0,0,0.502,0.091,1
TND-003067,MPLADS-003067,1,Direct / Single Inquiry,2022-03-21,29,1,1,1,0.167,Single Tender Inquiry,652000.0,652000.0,-0.0454,0.0324,0.0,0.127,0,0,0,0,0.261,0.066,0
TND-003068,MPLADS-003068,1,Open e-Tender,2023-01-27,20,5,4,0,0.833,Open e-Tender,1864000.0,1864000.0,-0.074,0.0395,0.9147,0.052,1,0,0,1,0.386,0.24,1
TND-003069,MPLADS-003069,1,Open e-Tender,2022-02-04,21,3,2,0,0.5,Open e-Tender,2000000.0,2000000.0,-0.0089,0.0219,0.9295,0.08,0,0,0,0,0.519,0.196,1
TND-003070,MPLADS-003070,1,Open e-Tender,2023-07-14,26,5,4,0,0.833,Open e-Tender,1316000.0,1316000.0,0.0131,0.0482,0.8798,0.245,0,0,0,0,0.262,0.39,1
TND-003071,MPLADS-003071,1,Open e-Tender,2022-05-20,29,4,4,0,0.667,Open e-Tender,853000.0,853000.0,-0.0688,0.0045,0.9465,0.248,0,0,0,0,0.616,0.406,1
TND-003072,MPLADS-003072,1,Open e-Tender,2023-08-06,18,5,5,0,0.833,Open e-Tender,468000.0,468000.0,0.0108,0.0037,0.8998,0.109,0,0,0,1,0.346,0.216,1
TND-003073,MPLADS-003073,1,Open e-Tender,2022-04-05,27,5,5,0,0.833,Open e-Tender,350000.0,350000.0,-0.0223,0.0073,0.9076,0.232,0,0,0,0,0.187,0.115,1
TND-003074,MPLADS-003074,1,Open e-Tender,2023-11-18,23,7,7,0,1.0,Open e-Tender,4210000.0,4210000.0,0.0048,0.0497,0.8519,0.155,0,0,0,1,0.342,0.478,1
TND-003075,MPLADS-003075,1,Open e-Tender,2023-09-11,24,4,4,0,0.667,Open e-Tender,1662000.0,1662000.0,0.0079,0.0413,0.9276,0.102,0,0,0,0,0.335,0.41,1
TND-003076,MPLADS-003076,1,Open e-Tender,2022-11-29,29,6,6,0,1.0,Open e-Tender,999000.0,999000.0,-0.0468,0.0219,0.9373,0.063,0,0,0,0,0.743,0.305,1
TND-003077,MPLADS-003077,1,Open e-Tender,2023-03-05,25,3,2,0,0.5,Open e-Tender,451000.0,451000.0,-0.0404,0.034,0.9422,0.066,0,0,0,1,0.337,0.462,1
TND-003078,MPLADS-003078,1,Open e-Tender,2023-08-10,27,7,7,0,1.0,Open e-Tender,1656000.0,1656000.0,0.0061,0.0351,0.9176,0.101,0,0,0,1,0.6,0.465,1
TND-003079,MPLADS-003079,1,Open e-Tender,2023-01-26,25,6,6,0,1.0,Open e-Tender,1222000.0,1222000.0,-0.0483,0.0015,0.9126,0.182,0,0,0,0,0.483,0.132,1
TND-003080,MPLADS-003080,1,Open e-Tender,2022-06-11,17,3,3,0,0.5,Open e-Tender,4391000.0,4391000.0,-0.045,0.0396,0.8972,0.225,0,0,0,0,0.709,0.062,1
TND-003081,MPLADS-003081,1,Direct / Single Inquiry,2022-04-20,14,1,1,1,0.167,Single Tender Inquiry,614000.0,614000.0,-0.064,0.0246,0.0,0.156,0,0,0,0,0.248,0.5,0
TND-003082,MPLADS-003082,1,Open e-Tender,2022-11-18,19,3,2,0,0.5,Open e-Tender,590000.0,590000.0,-0.0117,0.0127,0.9673,0.204,0,0,0,1,0.264,0.431,1
TND-003083,MPLADS-003083,1,Open e-Tender,2022-04-20,23,5,4,0,0.833,Open e-Tender,1747000.0,1747000.0,-0.0158,0.0468,0.8889,0.043,0,0,0,1,0.704,0.059,1
TND-003084,MPLADS-003084,1,Open e-Tender,2023-06-22,25,5,4,0,0.833,Open e-Tender,2574000.0,2574000.0,-0.0582,0.0151,0.9162,0.162,0,0,0,0,0.558,0.253,1
TND-003085,MPLADS-003085,1,Open e-Tender,2023-08-31,25,7,7,0,1.0,Open e-Tender,535000.0,535000.0,-0.0744,0.0054,0.9528,0.237,0,0,0,1,0.561,0.442,1
TND-003086,MPLADS-003086,1,Open e-Tender,2022-07-27,22,4,3,0,0.667,Open e-Tender,10766000.0,10766000.0,-0.0115,0.0112,0.9086,0.186,0,0,0,1,0.296,0.132,1
TND-003087,MPLADS-003087,1,Open e-Tender,2023-06-16,28,3,3,0,0.5,Open e-Tender,12046000.0,12046000.0,-0.0554,0.0399,0.929,0.177,0,0,0,1,0.563,0.052,1
TND-003088,MPLADS-003088,1,Open e-Tender,2023-04-17,27,4,3,0,0.667,Open e-Tender,482000.0,482000.0,-0.036,0.0015,0.949,0.236,0,0,0,0,0.634,0.33,1
TND-003089,MPLADS-003089,1,Open e-Tender,2023-11-27,14,4,4,0,0.667,Open e-Tender,12495000.0,12495000.0,-0.0551,0.0282,0.8543,0.09,0,0,0,1,0.669,0.109,1
TND-003090,MPLADS-003090,1,Open e-Tender,2023-03-11,21,4,4,0,0.667,Open e-Tender,2601000.0,2601000.0,-0.0687,0.0361,0.9579,0.111,1,0,0,0,0.619,0.343,1
TND-003091,MPLADS-003091,1,Open e-Tender,2022-12-18,16,7,7,0,1.0,Open e-Tender,3176000.0,3176000.0,-0.0344,0.0223,0.8872,0.196,0,0,0,1,0.517,0.208,1
TND-003092,MPLADS-003092,1,Open e-Tender,2023-09-20,19,5,5,0,0.833,Open e-Tender,45543000.0,45543000.0,-0.0158,0.006,0.9694,0.056,0,0,0,1,0.665,0.242,1
TND-003093,MPLADS-003093,1,Open e-Tender,2022-06-30,20,7,7,0,1.0,Open e-Tender,2362000.0,2362000.0,-0.003,0.048,0.9688,0.065,0,0,0,0,0.658,0.49,1
TND-003094,MPLADS-003094,1,Open e-Tender,2023-05-28,26,3,2,0,0.5,Open e-Tender,2063000.0,2063000.0,0.0113,0.0288,0.9877,0.017,0,0,0,0,0.191,0.194,1
TND-003095,MPLADS-003095,1,Open e-Tender,2022-09-17,20,7,7,0,1.0,Open e-Tender,3308000.0,3308000.0,0.0175,0.0312,0.9745,0.015,0,0,0,0,0.161,0.326,1
TND-003096,MPLADS-003096,1,Open e-Tender,2023-12-06,27,6,6,0,1.0,Open e-Tender,2739000.0,2739000.0,-0.0671,0.0165,0.9825,0.175,0,0,0,1,0.705,0.136,1
TND-003097,MPLADS-003097,1,Open e-Tender,2022-09-03,17,3,2,0,0.5,Open e-Tender,401000.0,401000.0,-0.0475,0.0332,0.8563,0.155,1,0,0,0,0.569,0.402,1
TND-003098,MPLADS-003098,1,Open e-Tender,2023-10-23,19,6,5,0,1.0,Open e-Tender,1440000.0,1440000.0,-0.0698,0.0169,0.9695,0.116,0,0,0,1,0.35,0.212,1
TND-003099,MPLADS-003099,1,Open e-Tender,2023-05-21,27,6,6,0,1.0,Open e-Tender,2556000.0,2556000.0,-0.0606,0.027,0.9274,0.093,0,0,0,0,0.388,0.245,1
TND-003100,MPLADS-003100,1,Open e-Tender,2023-03-10,21,3,2,0,0.5,Open e-Tender,3715000.0,3715000.0,-0.0348,0.0253,0.9052,0.207,0,0,0,0,0.353,0.411,1
TND-003101,MPLADS-003101,1,Open e-Tender,2023-02-25,22,6,5,0,1.0,Open e-Tender,2308000.0,2308000.0,-0.006,0.0229,0.8955,0.086,0,0,0,0,0.189,0.118,1
TND-003102,MPLADS-003102,1,Open e-Tender,2023-01-02,14,7,7,0,1.0,Open e-Tender,1635000.0,1635000.0,-0.0439,0.0474,0.9458,0.003,0,0,0,0,0.57,0.163,1
TND-003103,MPLADS-003103,1,Open e-Tender,2022-08-30,17,6,6,0,1.0,Open e-Tender,5692000.0,5692000.0,0.0049,0.0313,0.9515,0.027,1,0,0,1,0.642,0.25,1
TND-003104,MPLADS-003104,1,Open e-Tender,2023-10-03,16,3,2,0,0.5,Open e-Tender,1134000.0,1134000.0,-0.019,0.0202,0.9285,0.078,1,0,0,1,0.379,0.328,1
TND-003105,MPLADS-003105,1,Open e-Tender,2023-11-12,20,5,5,0,0.833,Open e-Tender,3684000.0,3684000.0,-0.0267,0.0204,0.8928,0.092,0,0,0,0,0.67,0.402,1
TND-003106,MPLADS-003106,1,Open e-Tender,2023-09-02,24,3,3,0,0.5,Open e-Tender,1416000.0,1416000.0,-0.0248,0.0437,0.9455,0.043,0,0,0,0,0.344,0.11,1
TND-003107,MPLADS-003107,1,Open e-Tender,2023-05-16,22,5,4,0,0.833,Open e-Tender,484000.0,484000.0,-0.0547,0.0086,0.9299,0.137,0,0,0,0,0.277,0.425,1
TND-003108,MPLADS-003108,1,Open e-Tender,2022-07-17,15,7,7,0,1.0,Open e-Tender,2193000.0,2193000.0,0.0073,0.0141,0.8585,0.172,1,0,0,1,0.52,0.474,1
TND-003109,MPLADS-003109,1,Open e-Tender,2023-07-28,16,5,4,0,0.833,Open e-Tender,915000.0,915000.0,-0.0748,0.0403,0.859,0.242,0,0,0,0,0.611,0.364,1
TND-003110,MPLADS-003110,1,Open e-Tender,2022-07-07,27,4,3,0,0.667,Open e-Tender,1600000.0,1600000.0,-0.0019,0.0043,0.9714,0.087,0,0,0,0,0.458,0.386,1
TND-003111,MPLADS-003111,1,Open e-Tender,2022-04-29,21,3,3,0,0.5,Open e-Tender,10010000.0,10010000.0,-0.009,0.046,0.9611,0.179,0,0,0,0,0.616,0.47,1
TND-003112,MPLADS-003112,1,Open e-Tender,2022-11-05,28,7,6,0,1.0,Open e-Tender,1829000.0,1829000.0,0.0077,0.0119,0.9822,0.022,0,0,0,0,0.421,0.438,1
TND-003113,MPLADS-003113,1,Open e-Tender,2023-04-12,16,4,4,0,0.667,Open e-Tender,2185000.0,2185000.0,-0.0578,0.0466,0.9225,0.058,0,0,0,1,0.491,0.159,1
TND-003114,MPLADS-003114,1,Open e-Tender,2023-02-07,18,7,7,0,1.0,Open e-Tender,2183000.0,2183000.0,-0.0438,0.0397,0.9776,0.201,0,0,0,0,0.637,0.082,1
TND-003115,MPLADS-003115,1,Open e-Tender,2022-03-22,25,3,2,0,0.5,Open e-Tender,2754000.0,2754000.0,-0.0333,0.0439,0.9765,0.237,0,0,0,0,0.199,0.364,1
TND-003116,MPLADS-003116,1,Open e-Tender,2022-10-05,27,3,2,0,0.5,Open e-Tender,543000.0,543000.0,-0.0557,0.0314,0.9216,0.015,1,0,0,0,0.187,0.171,1
TND-003117,MPLADS-003117,1,Open e-Tender,2022-03-16,27,5,4,0,0.833,Open e-Tender,599000.0,599000.0,-0.0196,0.044,0.8963,0.008,0,0,0,1,0.229,0.238,1
TND-003118,MPLADS-003118,1,Open e-Tender,2023-03-16,29,4,4,0,0.667,Open e-Tender,9588000.0,9588000.0,-0.0693,0.0199,0.8857,0.233,0,0,0,0,0.385,0.302,1
TND-003119,MPLADS-003119,1,Open e-Tender,2022-04-01,16,4,4,0,0.667,Open e-Tender,636000.0,636000.0,-0.0606,0.0197,0.8619,0.177,0,0,0,0,0.309,0.248,1
TND-003120,MPLADS-003120,1,Open e-Tender,2022-12-30,26,6,5,0,1.0,Open e-Tender,2436000.0,2436000.0,-0.0425,0.0366,0.9822,0.004,0,0,0,0,0.36,0.433,1
TND-003121,MPLADS-003121,1,Open e-Tender,2022-01-02,15,3,3,0,0.5,Open e-Tender,1687000.0,1687000.0,-0.0299,0.0002,0.9616,0.126,0,0,0,1,0.15,0.413,1
TND-003122,MPLADS-003122,1,Open e-Tender,2022-01-29,21,7,7,0,1.0,Open e-Tender,1086000.0,1086000.0,0.0131,0.0198,0.88,0.064,0,0,0,0,0.29,0.221,1
TND-003123,MPLADS-003123,1,Open e-Tender,2023-12-16,28,3,2,0,0.5,Open e-Tender,8703000.0,8703000.0,-0.0627,0.0087,0.9815,0.013,0,0,0,0,0.229,0.313,1
TND-003124,MPLADS-003124,1,Direct / Single Inquiry,2023-11-05,19,1,1,1,0.167,Single Tender Inquiry,358000.0,358000.0,0.0199,0.0162,0.0,0.213,0,0,0,0,0.14,0.29,0
TND-003125,MPLADS-003125,1,Open e-Tender,2023-04-15,20,7,7,0,1.0,Open e-Tender,4174000.0,4174000.0,-0.001,0.0301,0.8511,0.159,0,0,0,0,0.4,0.293,1
TND-003126,MPLADS-003126,1,Open e-Tender,2023-02-26,16,3,3,0,0.5,Open e-Tender,1784000.0,1784000.0,0.0045,0.0232,0.8527,0.082,0,0,0,0,0.386,0.411,1
TND-003127,MPLADS-003127,1,Open e-Tender,2023-03-26,16,7,7,0,1.0,Open e-Tender,2546000.0,2546000.0,-0.0215,0.0013,0.9607,0.158,0,0,0,0,0.236,0.233,1
TND-003128,MPLADS-003128,1,Open e-Tender,2023-11-13,16,4,4,0,0.667,Open e-Tender,2398000.0,2398000.0,-0.0435,0.0198,0.9228,0.221,0,0,0,0,0.253,0.091,1
TND-003129,MPLADS-003129,1,Open e-Tender,2022-10-09,25,3,3,0,0.5,Open e-Tender,501000.0,501000.0,-0.0365,0.0094,0.9245,0.159,1,0,0,0,0.552,0.056,1
TND-003130,MPLADS-003130,1,Open e-Tender,2022-04-23,26,6,6,0,1.0,Open e-Tender,15209000.0,15209000.0,-0.0094,0.0249,0.8701,0.178,0,0,0,0,0.333,0.456,1
TND-003131,MPLADS-003131,1,Open e-Tender,2023-03-25,20,7,7,0,1.0,Open e-Tender,892000.0,892000.0,-0.0315,0.0079,0.97,0.223,0,0,0,0,0.154,0.39,1
TND-003132,MPLADS-003132,1,Open e-Tender,2023-05-16,23,4,4,0,0.667,Open e-Tender,1083000.0,1083000.0,0.0,0.0195,0.8767,0.225,0,0,0,0,0.169,0.173,1
TND-003133,MPLADS-003133,1,Open e-Tender,2023-02-11,23,4,4,0,0.667,Open e-Tender,1973000.0,1973000.0,-0.0514,0.0075,0.937,0.17,1,0,0,0,0.154,0.127,1
TND-003134,MPLADS-003134,1,Open e-Tender,2023-05-02,25,3,2,0,0.5,Open e-Tender,848000.0,848000.0,-0.0567,0.0366,0.8755,0.044,0,0,0,0,0.14,0.075,1
TND-003135,MPLADS-003135,1,Open e-Tender,2023-07-14,15,5,4,0,0.833,Open e-Tender,596000.0,596000.0,0.0085,0.0436,0.9528,0.213,0,0,0,0,0.418,0.122,1
TND-003136,MPLADS-003136,1,Open e-Tender,2022-09-02,15,5,4,0,0.833,Open e-Tender,2952000.0,2952000.0,-0.0611,0.0204,0.9699,0.134,0,0,0,1,0.609,0.383,1
TND-003137,MPLADS-003137,1,Open e-Tender,2022-04-01,26,7,6,0,1.0,Open e-Tender,2893000.0,2893000.0,-0.0017,0.0396,0.9239,0.121,0,0,0,0,0.61,0.443,1
TND-003138,MPLADS-003138,1,Open e-Tender,2023-04-29,17,7,7,0,1.0,Open e-Tender,3127000.0,3127000.0,-0.0685,0.0274,0.9389,0.046,0,0,0,1,0.713,0.415,1
TND-003139,MPLADS-003139,1,Open e-Tender,2023-10-24,20,4,4,0,0.667,Open e-Tender,2572000.0,2572000.0,-0.0414,0.0254,0.8801,0.226,0,0,0,0,0.317,0.354,1
TND-003140,MPLADS-003140,1,Open e-Tender,2023-04-03,20,7,6,0,1.0,Open e-Tender,8354000.0,8354000.0,-0.0322,0.0478,0.895,0.173,0,0,0,0,0.488,0.398,1
TND-003141,MPLADS-003141,1,Open e-Tender,2022-03-05,19,4,3,0,0.667,Open e-Tender,2206000.0,2206000.0,-0.005,0.0117,0.9728,0.147,0,0,0,0,0.515,0.246,1
TND-003142,MPLADS-003142,1,Open e-Tender,2022-04-26,22,4,4,0,0.667,Open e-Tender,14906000.0,14906000.0,0.0001,0.0486,0.9215,0.078,0,0,0,1,0.671,0.116,1
TND-003143,MPLADS-003143,1,Open e-Tender,2023-06-12,25,7,7,0,1.0,Open e-Tender,798000.0,798000.0,-0.0489,0.0015,0.896,0.092,1,0,0,0,0.321,0.132,1
TND-003144,MPLADS-003144,1,Open e-Tender,2023-05-29,18,5,4,0,0.833,Open e-Tender,880000.0,880000.0,-0.0698,0.0203,0.932,0.044,0,0,0,0,0.673,0.255,1
TND-003145,MPLADS-003145,1,Open e-Tender,2022-12-21,18,5,4,0,0.833,Open e-Tender,544000.0,544000.0,-0.0216,0.0411,0.9464,0.187,0,0,0,1,0.663,0.342,1
TND-003146,MPLADS-003146,1,Direct / Single Inquiry,2023-09-28,25,1,1,1,0.167,Single Tender Inquiry,11855000.0,11855000.0,-0.0122,0.0297,0.0,0.066,0,0,0,0,0.349,0.266,0
TND-003147,MPLADS-003147,1,Open e-Tender,2022-09-03,26,6,5,0,1.0,Open e-Tender,2517000.0,2517000.0,-0.0608,0.023,0.982,0.205,0,0,0,1,0.476,0.181,1
TND-003148,MPLADS-003148,1,Open e-Tender,2023-03-20,18,7,6,0,1.0,Open e-Tender,1600000.0,1600000.0,-0.0757,0.0002,0.9646,0.148,0,0,0,0,0.194,0.426,1
TND-003149,MPLADS-003149,1,Open e-Tender,2022-02-02,27,5,4,0,0.833,Open e-Tender,7832000.0,7832000.0,-0.0596,0.0082,0.967,0.106,0,0,0,1,0.597,0.427,1
TND-003150,MPLADS-003150,1,Open e-Tender,2022-09-17,15,6,6,0,1.0,Open e-Tender,3381000.0,3381000.0,0.0147,0.0038,0.8569,0.157,0,0,0,0,0.436,0.306,1
TND-003151,MPLADS-003151,1,Open e-Tender,2023-09-20,25,6,5,0,1.0,Open e-Tender,1726000.0,1726000.0,-0.0475,0.0134,0.8904,0.141,0,0,0,0,0.446,0.111,1
TND-003152,MPLADS-003152,1,Open e-Tender,2022-11-01,29,3,3,0,0.5,Open e-Tender,1094000.0,1094000.0,0.0055,0.0098,0.908,0.105,0,0,0,0,0.235,0.297,1
TND-003153,MPLADS-003153,1,Open e-Tender,2023-12-21,23,7,6,0,1.0,Open e-Tender,2366000.0,2366000.0,0.0042,0.0049,0.9258,0.02,0,0,0,0,0.282,0.098,1
TND-003154,MPLADS-003154,1,Open e-Tender,2022-01-08,21,6,6,0,1.0,Open e-Tender,2769000.0,2769000.0,-0.0315,0.0268,0.8862,0.024,0,0,0,0,0.229,0.15,1
TND-003155,MPLADS-003155,1,Open e-Tender,2023-09-22,20,7,7,0,1.0,Open e-Tender,8491000.0,8491000.0,-0.0547,0.0249,0.8732,0.226,1,0,0,0,0.733,0.263,1
TND-003156,MPLADS-003156,1,Open e-Tender,2023-05-19,22,6,5,0,1.0,Open e-Tender,1114000.0,1114000.0,-0.0296,0.0325,0.8725,0.207,1,0,0,1,0.667,0.241,1
TND-003157,MPLADS-003157,1,Open e-Tender,2023-06-15,22,5,4,0,0.833,Open e-Tender,1916000.0,1916000.0,-0.0449,0.0082,0.9789,0.241,0,0,0,0,0.633,0.234,1
TND-003158,MPLADS-003158,1,Open e-Tender,2022-03-27,18,5,5,0,0.833,Open e-Tender,1420000.0,1420000.0,-0.0495,0.0124,0.9302,0.238,0,0,0,1,0.26,0.158,1
TND-003159,MPLADS-003159,1,Open e-Tender,2023-01-19,15,3,2,0,0.5,Open e-Tender,862000.0,862000.0,-0.0046,0.0225,0.9064,0.105,0,0,0,0,0.346,0.464,1
TND-003160,MPLADS-003160,1,Open e-Tender,2023-06-01,27,3,2,0,0.5,Open e-Tender,1861000.0,1861000.0,0.0175,0.0433,0.9379,0.226,0,0,0,0,0.651,0.059,1
TND-003161,MPLADS-003161,1,Open e-Tender,2023-01-18,19,6,6,0,1.0,Open e-Tender,588000.0,588000.0,-0.0547,0.0219,0.867,0.002,0,0,0,0,0.277,0.372,1
TND-003162,MPLADS-003162,1,Open e-Tender,2022-03-05,29,6,6,0,1.0,Open e-Tender,2897000.0,2897000.0,-0.0404,0.0469,0.9761,0.001,0,0,0,0,0.258,0.172,1
TND-003163,MPLADS-003163,1,Open e-Tender,2022-10-01,16,6,5,0,1.0,Open e-Tender,425000.0,425000.0,0.0143,0.0447,0.8918,0.225,0,0,0,0,0.629,0.173,1
TND-003164,MPLADS-003164,1,Open e-Tender,2023-02-28,27,3,2,0,0.5,Open e-Tender,534000.0,534000.0,0.0038,0.0122,0.9183,0.071,0,0,0,0,0.172,0.061,1
TND-003165,MPLADS-003165,1,Open e-Tender,2023-11-26,19,7,7,0,1.0,Open e-Tender,3353000.0,3353000.0,-0.0326,0.003,0.9089,0.172,0,0,0,0,0.68,0.146,1
TND-003166,MPLADS-003166,1,Open e-Tender,2023-05-03,20,5,5,0,0.833,Open e-Tender,2371000.0,2371000.0,-0.0267,0.0245,0.9705,0.027,0,0,0,0,0.343,0.287,1
TND-003167,MPLADS-003167,1,Open e-Tender,2023-04-26,26,6,6,0,1.0,Open e-Tender,349000.0,349000.0,-0.0542,0.0081,0.9445,0.194,0,0,0,0,0.164,0.414,1
TND-003168,MPLADS-003168,1,Open e-Tender,2023-04-27,15,4,4,0,0.667,Open e-Tender,2473000.0,2473000.0,-0.0759,0.0462,0.8854,0.24,1,0,0,1,0.434,0.25,1
TND-003169,MPLADS-003169,1,Open e-Tender,2023-08-19,16,5,5,0,0.833,Open e-Tender,355000.0,355000.0,-0.0457,0.0356,0.9763,0.212,0,0,0,1,0.283,0.369,1
TND-003170,MPLADS-003170,1,Open e-Tender,2022-08-27,27,4,4,0,0.667,Open e-Tender,1472000.0,1472000.0,-0.0404,0.0494,0.8724,0.093,1,0,0,0,0.655,0.287,1
TND-003171,MPLADS-003171,1,Open e-Tender,2022-03-15,18,7,7,0,1.0,Open e-Tender,1464000.0,1464000.0,0.0131,0.0372,0.8796,0.232,0,0,0,0,0.588,0.338,1
TND-003172,MPLADS-003172,1,Open e-Tender,2022-04-08,21,5,5,0,0.833,Open e-Tender,2751000.0,2751000.0,-0.0569,0.0156,0.9113,0.231,0,0,0,0,0.175,0.116,1
TND-003173,MPLADS-003173,1,Open e-Tender,2022-03-31,29,5,5,0,0.833,Open e-Tender,553000.0,553000.0,-0.0195,0.016,0.9029,0.208,0,0,0,0,0.628,0.305,1
TND-003174,MPLADS-003174,1,Open e-Tender,2023-06-14,23,7,7,0,1.0,Open e-Tender,667000.0,667000.0,0.0106,0.0096,0.9468,0.187,0,0,0,1,0.509,0.446,1
TND-003175,MPLADS-003175,1,Open e-Tender,2022-09-13,20,4,3,0,0.667,Open e-Tender,2065000.0,2065000.0,-0.0246,0.0385,0.9065,0.124,1,0,0,0,0.698,0.474,1
TND-003176,MPLADS-003176,1,Open e-Tender,2023-02-10,16,5,5,0,0.833,Open e-Tender,2234000.0,2234000.0,0.0009,0.009,0.9697,0.125,0,0,0,0,0.339,0.259,1
TND-003177,MPLADS-003177,1,Open e-Tender,2023-01-10,28,5,4,0,0.833,Open e-Tender,1503000.0,1503000.0,-0.039,0.0128,0.852,0.152,0,0,0,0,0.408,0.244,1
TND-003178,MPLADS-003178,1,Open e-Tender,2022-06-07,16,6,5,0,1.0,Open e-Tender,924000.0,924000.0,-0.0562,0.0435,0.9331,0.138,0,0,0,0,0.663,0.32,1
TND-003179,MPLADS-003179,1,Open e-Tender,2023-05-05,15,7,6,0,1.0,Open e-Tender,1884000.0,1884000.0,-0.0289,0.0312,0.9593,0.227,0,0,0,0,0.743,0.466,1
TND-003180,MPLADS-003180,1,Open e-Tender,2023-11-17,23,6,5,0,1.0,Open e-Tender,2845000.0,2845000.0,-0.051,0.0287,0.9169,0.179,0,0,0,0,0.61,0.111,1
TND-003181,MPLADS-003181,1,Open e-Tender,2023-11-11,25,6,5,0,1.0,Open e-Tender,467000.0,467000.0,-0.0168,0.02,0.8641,0.047,0,0,0,1,0.2,0.247,1
TND-003182,MPLADS-003182,1,Open e-Tender,2023-05-30,21,4,4,0,0.667,Open e-Tender,1990000.0,1990000.0,-0.056,0.0094,0.8928,0.094,0,0,0,0,0.361,0.204,1
TND-003183,MPLADS-003183,1,Open e-Tender,2023-08-27,29,5,5,0,0.833,Open e-Tender,1743000.0,1743000.0,0.0023,0.0379,0.9298,0.164,0,0,0,0,0.502,0.321,1
TND-003184,MPLADS-003184,1,Open e-Tender,2022-12-17,18,5,5,0,0.833,Open e-Tender,3118000.0,3118000.0,-0.0397,0.0372,0.9847,0.227,1,0,0,0,0.304,0.28,1
TND-003185,MPLADS-003185,1,Open e-Tender,2022-11-20,18,5,5,0,0.833,Open e-Tender,739000.0,739000.0,-0.0465,0.0015,0.9838,0.027,0,0,0,0,0.701,0.436,1
TND-003186,MPLADS-003186,1,Open e-Tender,2024-01-04,26,4,4,0,0.667,Open e-Tender,15681000.0,15681000.0,0.0045,0.0417,0.8919,0.111,1,0,0,0,0.415,0.212,1
TND-003187,MPLADS-003187,1,Open e-Tender,2023-03-12,15,3,2,0,0.5,Open e-Tender,1921000.0,1921000.0,-0.0381,0.0168,0.9886,0.079,0,0,0,0,0.604,0.298,1
TND-003188,MPLADS-003188,1,Open e-Tender,2022-08-22,20,6,5,0,1.0,Open e-Tender,2521000.0,2521000.0,0.0194,0.0136,0.9075,0.073,0,0,0,0,0.14,0.252,1
TND-003189,MPLADS-003189,1,Open e-Tender,2022-12-01,24,3,2,0,0.5,Open e-Tender,2726000.0,2726000.0,-0.0668,0.0304,0.884,0.056,0,0,0,0,0.562,0.174,1
TND-003190,MPLADS-003190,1,Open e-Tender,2023-10-12,23,3,2,0,0.5,Open e-Tender,1886000.0,1886000.0,-0.0705,0.0005,0.9383,0.072,0,0,0,0,0.725,0.302,1
TND-003191,MPLADS-003191,1,Open e-Tender,2022-02-09,18,3,2,0,0.5,Open e-Tender,11293000.0,11293000.0,-0.0377,0.045,0.9811,0.024,0,0,0,1,0.213,0.093,1
TND-003192,MPLADS-003192,1,Open e-Tender,2022-09-03,26,6,6,0,1.0,Open e-Tender,2196000.0,2196000.0,-0.0108,0.0183,0.8524,0.151,0,0,0,0,0.103,0.17,1
TND-003193,MPLADS-003193,1,Open e-Tender,2022-10-04,14,6,5,0,1.0,Open e-Tender,1483000.0,1483000.0,-0.0708,0.033,0.979,0.001,0,0,0,0,0.72,0.406,1
TND-003194,MPLADS-003194,1,Open e-Tender,2022-12-08,29,4,3,0,0.667,Open e-Tender,584000.0,584000.0,-0.0535,0.0229,0.981,0.166,0,0,0,0,0.724,0.29,1
TND-003195,MPLADS-003195,1,Open e-Tender,2023-10-05,22,4,4,0,0.667,Open e-Tender,1314000.0,1314000.0,-0.0402,0.0354,0.852,0.054,0,0,0,0,0.169,0.311,1
TND-003196,MPLADS-003196,1,Open e-Tender,2022-10-30,17,3,2,0,0.5,Open e-Tender,15847000.0,15847000.0,-0.0459,0.01,0.8548,0.009,1,0,0,0,0.548,0.465,1
TND-003197,MPLADS-003197,1,Open e-Tender,2023-02-09,15,7,7,0,1.0,Open e-Tender,876000.0,876000.0,0.0069,0.0218,0.9135,0.173,0,0,0,0,0.634,0.125,1
TND-003198,MPLADS-003198,1,Open e-Tender,2022-07-18,16,6,5,0,1.0,Open e-Tender,625000.0,625000.0,-0.0473,0.0058,0.886,0.081,0,0,0,0,0.572,0.067,1
TND-003199,MPLADS-003199,1,Open e-Tender,2022-02-10,20,7,6,0,1.0,Open e-Tender,2014000.0,2014000.0,0.0192,0.0037,0.9828,0.066,0,0,0,0,0.471,0.063,1
TND-003200,MPLADS-003200,1,Open e-Tender,2023-03-18,29,6,5,0,1.0,Open e-Tender,835000.0,835000.0,-0.0291,0.0312,0.9805,0.228,0,0,0,0,0.571,0.271,1
TND-003201,MPLADS-003201,1,Open e-Tender,2022-11-19,26,6,5,0,1.0,Open e-Tender,3580000.0,3580000.0,0.0067,0.0332,0.8751,0.088,0,0,0,1,0.641,0.086,1
TND-003202,MPLADS-003202,1,Open e-Tender,2023-06-21,29,5,4,0,0.833,Open e-Tender,2520000.0,2520000.0,-0.0206,0.0394,0.9277,0.031,0,0,0,1,0.104,0.432,1
TND-003203,MPLADS-003203,1,Open e-Tender,2023-02-22,18,7,7,0,1.0,Open e-Tender,609000.0,609000.0,0.0016,0.0121,0.9385,0.026,1,0,0,1,0.394,0.316,1
TND-003204,MPLADS-003204,1,Open e-Tender,2022-07-30,16,3,2,0,0.5,Open e-Tender,346000.0,346000.0,-0.0442,0.0439,0.9354,0.14,0,0,0,0,0.525,0.368,1
TND-003205,MPLADS-003205,1,Open e-Tender,2022-01-28,24,7,7,0,1.0,Open e-Tender,520000.0,520000.0,-0.0731,0.0214,0.9184,0.026,0,0,0,1,0.545,0.239,1
TND-003206,MPLADS-003206,1,Open e-Tender,2022-09-26,25,7,6,0,1.0,Open e-Tender,2006000.0,2006000.0,-0.0781,0.0099,0.8828,0.166,0,0,0,0,0.303,0.142,1
TND-003207,MPLADS-003207,1,Open e-Tender,2023-05-18,20,4,4,0,0.667,Open e-Tender,9073000.0,9073000.0,-0.0546,0.0123,0.8678,0.189,1,0,0,0,0.509,0.458,1
TND-003208,MPLADS-003208,1,Open e-Tender,2022-02-11,27,6,5,0,1.0,Open e-Tender,755000.0,755000.0,-0.022,0.0159,0.8739,0.237,1,0,0,0,0.309,0.383,1
TND-003209,MPLADS-003209,1,Open e-Tender,2023-11-27,24,5,4,0,0.833,Open e-Tender,1937000.0,1937000.0,-0.0358,0.0153,0.9433,0.002,0,0,0,0,0.414,0.108,1
TND-003210,MPLADS-003210,1,Open e-Tender,2023-09-27,24,6,6,0,1.0,Open e-Tender,465000.0,465000.0,0.0131,0.0215,0.8968,0.152,0,0,0,0,0.336,0.05,1
TND-003211,MPLADS-003211,1,Open e-Tender,2023-07-25,28,7,7,0,1.0,Open e-Tender,666000.0,666000.0,-0.0417,0.0039,0.9393,0.199,0,0,0,0,0.36,0.053,1
TND-003212,MPLADS-003212,1,Open e-Tender,2023-01-01,16,4,4,0,0.667,Open e-Tender,1157000.0,1157000.0,-0.0509,0.0443,0.8561,0.05,0,0,0,0,0.425,0.377,1
TND-003213,MPLADS-003213,1,Open e-Tender,2023-07-27,26,5,5,0,0.833,Open e-Tender,2667000.0,2667000.0,0.0011,0.021,0.9215,0.108,0,0,0,1,0.374,0.298,1
TND-003214,MPLADS-003214,1,Open e-Tender,2023-07-27,27,4,3,0,0.667,Open e-Tender,2260000.0,2260000.0,-0.0229,0.006,0.8557,0.164,0,0,0,0,0.369,0.104,1
TND-003215,MPLADS-003215,1,Open e-Tender,2022-05-21,20,6,6,0,1.0,Open e-Tender,3416000.0,3416000.0,-0.011,0.0016,0.9338,0.065,1,0,0,1,0.404,0.445,1
TND-003216,MPLADS-003216,1,Open e-Tender,2022-12-06,26,7,7,0,1.0,Open e-Tender,9373000.0,9373000.0,-0.0241,0.0065,0.9577,0.246,0,0,0,1,0.703,0.441,1
TND-003217,MPLADS-003217,1,Open e-Tender,2022-06-09,24,6,6,0,1.0,Open e-Tender,2119000.0,2119000.0,-0.007,0.0053,0.9058,0.122,0,0,0,0,0.178,0.126,1
TND-003218,MPLADS-003218,1,Open e-Tender,2022-08-28,22,5,5,0,0.833,Open e-Tender,2178000.0,2178000.0,-0.0567,0.0341,0.9168,0.186,0,0,0,0,0.418,0.175,1
TND-003219,MPLADS-003219,1,Open e-Tender,2023-02-03,24,4,4,0,0.667,Open e-Tender,3237000.0,3237000.0,0.0047,0.028,0.9324,0.143,1,0,0,0,0.509,0.085,1
TND-003220,MPLADS-003220,1,Open e-Tender,2023-05-09,16,4,3,0,0.667,Open e-Tender,1867000.0,1867000.0,-0.0306,0.0277,0.8766,0.123,1,0,0,0,0.326,0.171,1
TND-003221,MPLADS-003221,1,Open e-Tender,2023-12-11,20,7,6,0,1.0,Open e-Tender,14312000.0,14312000.0,-0.0085,0.049,0.9849,0.188,0,0,0,0,0.185,0.36,1
TND-003222,MPLADS-003222,1,Open e-Tender,2022-04-24,19,7,7,0,1.0,Open e-Tender,1687000.0,1687000.0,-0.0415,0.0093,0.854,0.14,0,0,0,0,0.115,0.165,1
TND-003223,MPLADS-003223,1,Open e-Tender,2022-03-01,22,6,5,0,1.0,Open e-Tender,527000.0,527000.0,-0.0539,0.0213,0.9564,0.076,1,0,0,0,0.646,0.245,1
TND-003224,MPLADS-003224,1,Open e-Tender,2023-02-01,18,4,4,0,0.667,Open e-Tender,3859000.0,3859000.0,-0.0072,0.0419,0.9471,0.006,0,0,0,0,0.378,0.227,1
TND-003225,MPLADS-003225,1,Open e-Tender,2023-04-27,18,4,4,0,0.667,Open e-Tender,1722000.0,1722000.0,-0.0772,0.016,0.9072,0.225,0,0,0,0,0.666,0.269,1
TND-003226,MPLADS-003226,1,Open e-Tender,2023-02-24,26,7,7,0,1.0,Open e-Tender,536000.0,536000.0,-0.0613,0.0429,0.9158,0.045,1,0,0,0,0.11,0.398,1
TND-003227,MPLADS-003227,1,Open e-Tender,2022-06-14,25,4,3,0,0.667,Open e-Tender,9497000.0,9497000.0,-0.0386,0.0153,0.9111,0.141,0,0,0,1,0.234,0.322,1
TND-003228,MPLADS-003228,1,Open e-Tender,2022-07-11,27,4,3,0,0.667,Open e-Tender,2043000.0,2043000.0,-0.0359,0.0344,0.9735,0.215,0,0,0,0,0.525,0.264,1
TND-003229,MPLADS-003229,1,Open e-Tender,2022-06-12,21,6,5,0,1.0,Open e-Tender,1601000.0,1601000.0,-0.0794,0.021,0.9324,0.066,0,0,0,0,0.668,0.396,1
TND-003230,MPLADS-003230,1,Open e-Tender,2022-06-11,14,4,4,0,0.667,Open e-Tender,8052000.0,8052000.0,-0.0713,0.0299,0.9271,0.204,0,0,0,0,0.577,0.085,1
TND-003231,MPLADS-003231,1,Open e-Tender,2022-01-24,28,6,5,0,1.0,Open e-Tender,11773000.0,11773000.0,-0.0357,0.0387,0.857,0.121,1,0,0,0,0.286,0.077,1
TND-003232,MPLADS-003232,1,Open e-Tender,2023-02-08,17,3,3,0,0.5,Open e-Tender,1189000.0,1189000.0,-0.0411,0.0018,0.9677,0.153,0,0,0,1,0.387,0.097,1
TND-003233,MPLADS-003233,1,Open e-Tender,2023-06-18,18,4,3,0,0.667,Open e-Tender,61121000.0,61121000.0,-0.0557,0.0257,0.9465,0.161,0,0,0,1,0.505,0.329,1
TND-003234,MPLADS-003234,1,Open e-Tender,2023-12-19,20,4,3,0,0.667,Open e-Tender,1688000.0,1688000.0,-0.0622,0.0294,0.9728,0.012,0,0,0,1,0.309,0.495,1
TND-003235,MPLADS-003235,1,Open e-Tender,2023-09-13,18,3,3,0,0.5,Open e-Tender,2717000.0,2717000.0,0.0067,0.0059,0.9042,0.078,0,0,0,1,0.256,0.288,1
TND-003236,MPLADS-003236,1,Open e-Tender,2023-10-08,23,3,3,0,0.5,Open e-Tender,13638000.0,13638000.0,-0.022,0.0276,0.9399,0.046,0,0,0,0,0.336,0.119,1
TND-003237,MPLADS-003237,1,Open e-Tender,2023-06-10,28,7,7,0,1.0,Open e-Tender,732000.0,732000.0,-0.0567,0.0464,0.9381,0.138,0,0,0,1,0.232,0.103,1
TND-003238,MPLADS-003238,1,Open e-Tender,2023-01-11,27,7,7,0,1.0,Open e-Tender,10303000.0,10303000.0,-0.0326,0.0416,0.9697,0.147,0,0,0,0,0.522,0.203,1
TND-003239,MPLADS-003239,1,Open e-Tender,2022-08-03,21,3,3,0,0.5,Open e-Tender,2370000.0,2370000.0,-0.0243,0.0354,0.9448,0.053,0,0,0,0,0.721,0.102,1
TND-003240,MPLADS-003240,1,Open e-Tender,2023-07-11,22,3,2,0,0.5,Open e-Tender,1746000.0,1746000.0,0.0163,0.0388,0.9411,0.051,0,0,0,0,0.367,0.351,1
TND-003241,MPLADS-003241,1,Open e-Tender,2022-12-25,18,6,6,0,1.0,Open e-Tender,2054000.0,2054000.0,-0.0595,0.0286,0.9855,0.198,0,0,0,1,0.336,0.339,1
TND-003242,MPLADS-003242,1,Open e-Tender,2023-05-06,21,4,4,0,0.667,Open e-Tender,1128000.0,1128000.0,0.0135,0.0056,0.8622,0.242,0,0,0,0,0.193,0.241,1
TND-003243,MPLADS-003243,1,Open e-Tender,2022-12-28,29,3,3,0,0.5,Open e-Tender,2326000.0,2326000.0,-0.0606,0.0223,0.8986,0.141,0,0,0,0,0.632,0.472,1
TND-003244,MPLADS-003244,1,Open e-Tender,2022-07-27,26,7,7,0,1.0,Open e-Tender,3098000.0,3098000.0,-0.0236,0.0119,0.899,0.17,0,0,0,0,0.443,0.485,1
TND-003245,MPLADS-003245,1,Open e-Tender,2023-08-26,29,3,3,0,0.5,Open e-Tender,399000.0,399000.0,-0.0316,0.0292,0.9777,0.186,0,0,0,0,0.51,0.305,1
TND-003246,MPLADS-003246,1,Open e-Tender,2023-03-11,14,5,5,0,0.833,Open e-Tender,630000.0,630000.0,-0.0653,0.0474,0.945,0.021,0,0,0,0,0.672,0.462,1
TND-003247,MPLADS-003247,1,Open e-Tender,2023-01-06,22,3,2,0,0.5,Open e-Tender,1935000.0,1935000.0,-0.0737,0.0307,0.882,0.225,0,0,0,0,0.43,0.313,1
TND-003248,MPLADS-003248,1,Open e-Tender,2022-08-26,27,5,5,0,0.833,Open e-Tender,801000.0,801000.0,-0.0599,0.011,0.9563,0.03,1,0,0,0,0.167,0.431,1
TND-003249,MPLADS-003249,1,Open e-Tender,2022-04-30,22,4,3,0,0.667,Open e-Tender,503000.0,503000.0,-0.0214,0.0424,0.9743,0.07,0,0,0,0,0.548,0.138,1
TND-003250,MPLADS-003250,1,Open e-Tender,2023-06-10,19,4,3,0,0.667,Open e-Tender,559000.0,559000.0,-0.0244,0.038,0.865,0.117,0,0,0,0,0.527,0.173,1
TND-003251,MPLADS-003251,1,Open e-Tender,2022-06-28,20,7,6,0,1.0,Open e-Tender,1544000.0,1544000.0,-0.0446,0.0364,0.9092,0.182,0,0,0,0,0.691,0.34,1
TND-003252,MPLADS-003252,1,Open e-Tender,2023-11-14,21,7,7,0,1.0,Open e-Tender,15246000.0,15246000.0,0.0123,0.0403,0.8692,0.054,0,0,0,0,0.13,0.457,1
TND-003253,MPLADS-003253,1,Open e-Tender,2022-05-02,25,6,6,0,1.0,Open e-Tender,1724000.0,1724000.0,0.0088,0.0294,0.9851,0.119,0,0,0,0,0.689,0.079,1
TND-003254,MPLADS-003254,1,Open e-Tender,2023-10-27,20,3,2,0,0.5,Open e-Tender,2323000.0,2323000.0,-0.0361,0.014,0.8895,0.086,0,0,0,0,0.73,0.169,1
TND-003255,MPLADS-003255,1,Open e-Tender,2023-07-05,27,3,3,0,0.5,Open e-Tender,2643000.0,2643000.0,-0.0713,0.026,0.8618,0.225,0,0,0,0,0.226,0.073,1
TND-003256,MPLADS-003256,1,Open e-Tender,2023-07-14,25,5,5,0,0.833,Open e-Tender,3368000.0,3368000.0,-0.0166,0.0015,0.8517,0.174,0,0,0,0,0.402,0.299,1
TND-003257,MPLADS-003257,1,Open e-Tender,2023-11-23,15,4,4,0,0.667,Open e-Tender,2395000.0,2395000.0,-0.0681,0.0241,0.9719,0.055,0,0,0,1,0.316,0.396,1
TND-003258,MPLADS-003258,1,Open e-Tender,2023-03-01,27,4,3,0,0.667,Open e-Tender,2485000.0,2485000.0,-0.0759,0.028,0.9206,0.023,0,0,0,0,0.676,0.391,1
TND-003259,MPLADS-003259,1,Open e-Tender,2023-07-03,18,7,7,0,1.0,Open e-Tender,1483000.0,1483000.0,-0.004,0.0231,0.9577,0.159,0,0,0,0,0.529,0.461,1
TND-003260,MPLADS-003260,1,Open e-Tender,2022-02-10,23,4,3,0,0.667,Open e-Tender,1881000.0,1881000.0,-0.0147,0.0016,0.8557,0.19,0,0,0,0,0.654,0.391,1
TND-003261,MPLADS-003261,1,Open e-Tender,2022-09-28,22,3,2,0,0.5,Open e-Tender,591000.0,591000.0,0.019,0.0402,0.8825,0.076,0,0,0,0,0.58,0.197,1
TND-003262,MPLADS-003262,1,Open e-Tender,2022-04-13,21,4,3,0,0.667,Open e-Tender,550000.0,550000.0,0.0036,0.0145,0.9564,0.02,0,0,0,0,0.436,0.207,1
TND-003263,MPLADS-003263,1,Open e-Tender,2022-12-06,24,4,3,0,0.667,Open e-Tender,1757000.0,1757000.0,-0.0146,0.0346,0.9762,0.024,0,0,0,0,0.285,0.439,1
TND-003264,MPLADS-003264,1,Open e-Tender,2023-10-14,19,5,5,0,0.833,Open e-Tender,12113000.0,12113000.0,0.0068,0.0229,0.9253,0.064,0,0,0,0,0.339,0.153,1
TND-003265,MPLADS-003265,1,Direct / Single Inquiry,2023-09-04,14,1,1,1,0.167,Single Tender Inquiry,2319000.0,2319000.0,0.0052,0.0036,0.0,0.077,0,0,0,0,0.4,0.125,0
TND-003266,MPLADS-003266,1,Open e-Tender,2022-12-27,22,6,5,0,1.0,Open e-Tender,1617000.0,1617000.0,0.0189,0.026,0.92,0.003,0,0,0,0,0.145,0.41,1
TND-003267,MPLADS-003267,1,Open e-Tender,2022-12-04,17,6,5,0,1.0,Open e-Tender,2676000.0,2676000.0,-0.0795,0.0,0.8596,0.069,0,0,0,1,0.147,0.081,1
TND-003268,MPLADS-003268,1,Open e-Tender,2022-03-27,22,4,4,0,0.667,Open e-Tender,1845000.0,1845000.0,0.0016,0.0094,0.8909,0.002,0,0,0,0,0.149,0.485,1
TND-003269,MPLADS-003269,1,Open e-Tender,2022-02-04,17,4,4,0,0.667,Open e-Tender,3989000.0,3989000.0,-0.0491,0.0132,0.8634,0.028,0,0,0,0,0.697,0.48,1
TND-003270,MPLADS-003270,1,Open e-Tender,2022-11-11,15,6,6,0,1.0,Open e-Tender,1292000.0,1292000.0,-0.0738,0.0113,0.983,0.055,0,0,0,1,0.532,0.239,1
TND-003271,MPLADS-003271,1,Open e-Tender,2022-03-20,25,6,6,0,1.0,Open e-Tender,3418000.0,3418000.0,-0.0015,0.045,0.9509,0.13,1,0,0,0,0.469,0.269,1
TND-003272,MPLADS-003272,1,Open e-Tender,2022-04-14,15,3,3,0,0.5,Open e-Tender,2092000.0,2092000.0,0.0024,0.018,0.8562,0.186,0,0,0,0,0.164,0.393,1
TND-003273,MPLADS-003273,1,Open e-Tender,2023-01-07,29,3,2,0,0.5,Open e-Tender,14550000.0,14550000.0,0.009,0.0373,0.9012,0.25,0,0,0,0,0.347,0.243,1
TND-003274,MPLADS-003274,1,Open e-Tender,2023-03-09,22,5,4,0,0.833,Open e-Tender,3164000.0,3164000.0,-0.0294,0.0139,0.8645,0.098,0,0,0,0,0.592,0.419,1
TND-003275,MPLADS-003275,1,Open e-Tender,2023-03-14,17,7,7,0,1.0,Open e-Tender,2630000.0,2630000.0,-0.0187,0.0493,0.8809,0.133,0,0,0,0,0.45,0.438,1
TND-003276,MPLADS-003276,1,Open e-Tender,2022-07-01,15,4,3,0,0.667,Open e-Tender,14549000.0,14549000.0,-0.0796,0.0043,0.9818,0.185,0,0,0,0,0.104,0.463,1
TND-003277,MPLADS-003277,1,Open e-Tender,2022-03-07,15,5,5,0,0.833,Open e-Tender,1047000.0,1047000.0,-0.0019,0.0465,0.8827,0.017,0,0,0,0,0.267,0.163,1
TND-003278,MPLADS-003278,1,Open e-Tender,2023-03-27,29,3,2,0,0.5,Open e-Tender,785000.0,785000.0,-0.0743,0.0342,0.876,0.222,0,0,0,1,0.117,0.058,1
TND-003279,MPLADS-003279,1,Open e-Tender,2023-02-28,25,6,5,0,1.0,Open e-Tender,1939000.0,1939000.0,-0.0453,0.0016,0.9885,0.147,1,0,0,0,0.223,0.15,1
TND-003280,MPLADS-003280,1,Open e-Tender,2023-05-05,27,7,7,0,1.0,Open e-Tender,16313000.0,16313000.0,-0.0083,0.0319,0.9466,0.081,0,0,0,1,0.331,0.232,1
TND-003281,MPLADS-003281,1,Open e-Tender,2023-07-05,25,7,7,0,1.0,Open e-Tender,1111000.0,1111000.0,0.0165,0.0415,0.9203,0.044,0,0,0,0,0.535,0.347,1
TND-003282,MPLADS-003282,1,Direct / Single Inquiry,2022-07-20,19,1,1,1,0.167,Single Tender Inquiry,1507000.0,1507000.0,0.0128,0.0325,0.0,0.219,0,0,0,1,0.7,0.418,0
TND-003283,MPLADS-003283,1,Open e-Tender,2023-01-08,19,5,5,0,0.833,Open e-Tender,1790000.0,1790000.0,0.0017,0.024,0.8758,0.127,0,0,0,0,0.649,0.454,1
TND-003284,MPLADS-003284,1,Open e-Tender,2022-07-06,24,5,5,0,0.833,Open e-Tender,3864000.0,3864000.0,-0.01,0.0189,0.8557,0.106,0,0,0,0,0.277,0.133,1
TND-003285,MPLADS-003285,1,Open e-Tender,2023-10-17,19,4,4,0,0.667,Open e-Tender,1390000.0,1390000.0,-0.0232,0.036,0.9368,0.056,0,0,0,0,0.455,0.15,1
TND-003286,MPLADS-003286,1,Open e-Tender,2023-04-06,25,3,2,0,0.5,Open e-Tender,14028000.0,14028000.0,-0.0208,0.0407,0.98,0.206,0,0,0,0,0.394,0.195,1
TND-003287,MPLADS-003287,1,Open e-Tender,2023-10-06,14,7,6,0,1.0,Open e-Tender,983000.0,983000.0,-0.0306,0.043,0.9348,0.247,0,0,0,0,0.253,0.101,1
TND-003288,MPLADS-003288,1,Open e-Tender,2022-06-16,26,4,4,0,0.667,Open e-Tender,2549000.0,2549000.0,0.0008,0.0268,0.911,0.243,0,0,0,0,0.72,0.168,1
TND-003289,MPLADS-003289,1,Open e-Tender,2022-06-19,24,3,2,0,0.5,Open e-Tender,10491000.0,10491000.0,-0.0063,0.0086,0.9704,0.167,0,0,0,1,0.422,0.121,1
TND-003290,MPLADS-003290,1,Open e-Tender,2023-08-31,27,3,2,0,0.5,Open e-Tender,17456000.0,17456000.0,-0.0011,0.0286,0.965,0.205,0,0,0,0,0.221,0.486,1
TND-003291,MPLADS-003291,1,Open e-Tender,2023-05-22,15,4,3,0,0.667,Open e-Tender,376000.0,376000.0,-0.0309,0.002,0.937,0.204,0,0,0,0,0.434,0.109,1
TND-003292,MPLADS-003292,1,Open e-Tender,2022-09-04,15,6,6,0,1.0,Open e-Tender,2074000.0,2074000.0,-0.0416,0.048,0.9378,0.037,0,0,0,0,0.481,0.283,1
TND-003293,MPLADS-003293,1,Open e-Tender,2023-05-12,23,7,7,0,1.0,Open e-Tender,344000.0,344000.0,-0.0364,0.0397,0.9165,0.01,0,0,0,0,0.553,0.098,1
TND-003294,MPLADS-003294,1,Open e-Tender,2023-05-15,17,3,2,0,0.5,Open e-Tender,1785000.0,1785000.0,-0.064,0.024,0.9711,0.18,0,0,0,1,0.731,0.453,1
TND-003295,MPLADS-003295,1,Open e-Tender,2022-05-15,19,5,4,0,0.833,Open e-Tender,1619000.0,1619000.0,-0.0701,0.0473,0.8699,0.006,1,0,0,0,0.535,0.337,1
TND-003296,MPLADS-003296,1,Open e-Tender,2023-03-15,16,5,5,0,0.833,Open e-Tender,871000.0,871000.0,0.0093,0.0433,0.9263,0.034,0,0,0,0,0.417,0.348,1
TND-003297,MPLADS-003297,1,Open e-Tender,2022-07-23,21,5,4,0,0.833,Open e-Tender,9836000.0,9836000.0,0.0166,0.0257,0.9335,0.209,0,0,0,0,0.542,0.227,1
TND-003298,MPLADS-003298,1,Open e-Tender,2023-11-24,29,7,7,0,1.0,Open e-Tender,540000.0,540000.0,-0.0235,0.0136,0.8835,0.18,0,0,0,0,0.705,0.378,1
TND-003299,MPLADS-003299,1,Open e-Tender,2022-08-28,15,4,4,0,0.667,Open e-Tender,1492000.0,1492000.0,-0.01,0.0461,0.9051,0.209,0,0,0,1,0.634,0.195,1
TND-003300,MPLADS-003300,1,Open e-Tender,2023-10-29,18,3,2,0,0.5,Open e-Tender,3860000.0,3860000.0,-0.0069,0.0038,0.8706,0.14,0,0,0,0,0.246,0.223,1
TND-003301,MPLADS-003301,1,Open e-Tender,2022-05-10,16,3,3,0,0.5,Open e-Tender,2073000.0,2073000.0,0.0097,0.0464,0.9112,0.079,0,0,0,0,0.54,0.29,1
TND-003302,MPLADS-003302,1,Direct / Single Inquiry,2022-07-25,15,1,1,1,0.167,Single Tender Inquiry,1760000.0,1760000.0,-0.0228,0.0047,0.0,0.011,0,0,0,0,0.369,0.418,0
TND-003303,MPLADS-003303,1,Open e-Tender,2022-02-13,20,5,5,0,0.833,Open e-Tender,12949000.0,12949000.0,-0.0074,0.0406,0.8727,0.04,0,0,0,0,0.103,0.248,1
TND-003304,MPLADS-003304,1,Open e-Tender,2023-11-28,15,6,5,0,1.0,Open e-Tender,3756000.0,3756000.0,-0.0491,0.0012,0.8794,0.071,0,0,0,1,0.298,0.297,1
TND-003305,MPLADS-003305,1,Open e-Tender,2022-01-30,15,4,3,0,0.667,Open e-Tender,15946000.0,15946000.0,-0.0157,0.0075,0.9669,0.164,0,0,0,0,0.617,0.339,1
TND-003306,MPLADS-003306,1,Open e-Tender,2022-02-25,23,6,6,0,1.0,Open e-Tender,2949000.0,2949000.0,-0.0723,0.0012,0.8679,0.242,0,0,0,0,0.234,0.289,1
TND-003307,MPLADS-003307,1,Open e-Tender,2022-06-28,27,5,5,0,0.833,Open e-Tender,840000.0,840000.0,-0.0175,0.0004,0.9771,0.197,1,0,0,0,0.5,0.401,1
TND-003308,MPLADS-003308,1,Open e-Tender,2022-08-06,29,7,6,0,1.0,Open e-Tender,9421000.0,9421000.0,-0.0749,0.0058,0.8588,0.044,0,0,0,0,0.736,0.5,1
TND-003309,MPLADS-003309,1,Open e-Tender,2023-07-16,23,4,4,0,0.667,Open e-Tender,8746000.0,8746000.0,-0.067,0.0274,0.8644,0.017,0,0,0,0,0.11,0.442,1
TND-003310,MPLADS-003310,1,Open e-Tender,2023-11-25,14,4,3,0,0.667,Open e-Tender,1932000.0,1932000.0,-0.0072,0.0403,0.932,0.144,0,0,0,1,0.198,0.092,1
TND-003311,MPLADS-003311,1,Open e-Tender,2023-06-01,28,4,4,0,0.667,Open e-Tender,1695000.0,1695000.0,-0.063,0.0235,0.9399,0.177,0,0,0,0,0.738,0.154,1
TND-003312,MPLADS-003312,1,Open e-Tender,2023-10-23,25,7,6,0,1.0,Open e-Tender,16736000.0,16736000.0,0.0186,0.0064,0.9529,0.188,0,0,0,1,0.645,0.08,1
TND-003313,MPLADS-003313,1,Open e-Tender,2023-05-16,23,6,6,0,1.0,Open e-Tender,1619000.0,1619000.0,-0.0593,0.0185,0.8549,0.067,1,0,0,0,0.502,0.399,1
TND-003314,MPLADS-003314,1,Open e-Tender,2023-03-05,24,6,6,0,1.0,Open e-Tender,2162000.0,2162000.0,-0.0274,0.0209,0.8718,0.196,0,0,0,0,0.544,0.076,1
TND-003315,MPLADS-003315,1,Open e-Tender,2022-06-13,16,4,4,0,0.667,Open e-Tender,658000.0,658000.0,0.0186,0.0329,0.982,0.046,0,0,0,0,0.151,0.304,1
TND-003316,MPLADS-003316,1,Open e-Tender,2023-01-07,15,6,5,0,1.0,Open e-Tender,3018000.0,3018000.0,-0.0105,0.0169,0.9293,0.202,0,0,0,0,0.218,0.36,1
TND-003317,MPLADS-003317,1,Open e-Tender,2023-01-14,15,3,2,0,0.5,Open e-Tender,2523000.0,2523000.0,0.0044,0.0139,0.9813,0.176,0,0,0,1,0.336,0.493,1
TND-003318,MPLADS-003318,1,Open e-Tender,2023-08-20,20,5,4,0,0.833,Open e-Tender,13898000.0,13898000.0,-0.0798,0.0346,0.8985,0.137,0,0,0,0,0.128,0.392,1
TND-003319,MPLADS-003319,1,Open e-Tender,2023-03-04,19,7,6,0,1.0,Open e-Tender,1753000.0,1753000.0,-0.0626,0.0493,0.9343,0.126,0,0,0,1,0.215,0.106,1
TND-003320,MPLADS-003320,1,Open e-Tender,2023-02-24,23,7,7,0,1.0,Open e-Tender,3731000.0,3731000.0,-0.0233,0.0291,0.9505,0.158,0,0,0,0,0.132,0.057,1
TND-003321,MPLADS-003321,1,Open e-Tender,2022-10-07,23,3,3,0,0.5,Open e-Tender,2910000.0,2910000.0,0.0171,0.0175,0.9096,0.035,1,0,0,0,0.388,0.299,1
TND-003322,MPLADS-003322,1,Open e-Tender,2023-10-25,20,6,6,0,1.0,Open e-Tender,2150000.0,2150000.0,-0.0032,0.0266,0.9162,0.197,1,0,0,0,0.626,0.445,1
TND-003323,MPLADS-003323,1,Open e-Tender,2022-09-17,23,4,3,0,0.667,Open e-Tender,42550000.0,42550000.0,0.0109,0.011,0.8665,0.244,0,0,0,0,0.555,0.312,1
TND-003324,MPLADS-003324,1,Open e-Tender,2023-05-25,28,5,5,0,0.833,Open e-Tender,1711000.0,1711000.0,-0.0599,0.0273,0.8805,0.106,0,0,0,0,0.524,0.489,1
TND-003325,MPLADS-003325,1,Open e-Tender,2023-03-15,22,4,4,0,0.667,Open e-Tender,1520000.0,1520000.0,-0.05,0.0268,0.9712,0.129,1,0,0,1,0.292,0.441,1
TND-003326,MPLADS-003326,1,Open e-Tender,2022-07-24,27,7,7,0,1.0,Open e-Tender,3007000.0,3007000.0,-0.0079,0.0117,0.868,0.035,0,0,0,0,0.555,0.429,1
TND-003327,MPLADS-003327,1,Open e-Tender,2023-03-13,20,4,4,0,0.667,Open e-Tender,10221000.0,10221000.0,-0.0333,0.0198,0.9889,0.082,0,0,0,0,0.585,0.083,1
TND-003328,MPLADS-003328,1,Open e-Tender,2023-09-02,29,3,2,0,0.5,Open e-Tender,2047000.0,2047000.0,-0.0536,0.0225,0.8698,0.235,0,0,0,0,0.352,0.387,1
TND-003329,MPLADS-003329,1,Open e-Tender,2023-03-29,18,6,6,0,1.0,Open e-Tender,550000.0,550000.0,-0.0196,0.0217,0.9096,0.055,0,0,0,1,0.605,0.157,1
TND-003330,MPLADS-003330,1,Open e-Tender,2022-09-19,24,5,4,0,0.833,Open e-Tender,350000.0,350000.0,-0.0411,0.0052,0.9444,0.078,0,0,0,0,0.741,0.211,1
TND-003331,MPLADS-003331,1,Open e-Tender,2023-06-18,26,4,3,0,0.667,Open e-Tender,408000.0,408000.0,-0.0169,0.037,0.942,0.236,0,0,0,0,0.183,0.163,1
TND-003332,MPLADS-003332,1,Open e-Tender,2022-09-27,23,7,7,0,1.0,Open e-Tender,13773000.0,13773000.0,-0.0527,0.0142,0.9589,0.133,0,0,0,0,0.36,0.097,1
TND-003333,MPLADS-003333,1,Open e-Tender,2023-01-29,29,7,7,0,1.0,Open e-Tender,1820000.0,1820000.0,-0.0466,0.0271,0.9223,0.18,0,0,0,0,0.27,0.478,1
TND-003334,MPLADS-003334,1,Open e-Tender,2023-11-30,20,5,5,0,0.833,Open e-Tender,13519000.0,13519000.0,-0.0242,0.001,0.8804,0.083,0,0,0,0,0.532,0.103,1
TND-003335,MPLADS-003335,1,Open e-Tender,2022-10-21,22,4,3,0,0.667,Open e-Tender,2919000.0,2919000.0,-0.037,0.031,0.9848,0.126,0,0,0,0,0.504,0.493,1
TND-003336,MPLADS-003336,1,Open e-Tender,2022-03-15,14,6,6,0,1.0,Open e-Tender,1425000.0,1425000.0,-0.0588,0.0404,0.8554,0.072,1,0,0,0,0.655,0.19,1
TND-003337,MPLADS-003337,1,Direct / Single Inquiry,2023-07-21,26,1,1,1,0.167,Single Tender Inquiry,2851000.0,2851000.0,-0.0128,0.0198,0.0,0.231,0,0,0,0,0.263,0.25,0
TND-003338,MPLADS-003338,1,Open e-Tender,2023-01-07,15,4,4,0,0.667,Open e-Tender,2062000.0,2062000.0,-0.0087,0.0446,0.9561,0.001,0,0,0,0,0.655,0.268,1
TND-003339,MPLADS-003339,1,Open e-Tender,2023-07-24,16,6,6,0,1.0,Open e-Tender,13263000.0,13263000.0,-0.0205,0.0221,0.9171,0.177,0,0,0,0,0.315,0.081,1
TND-003340,MPLADS-003340,1,Open e-Tender,2023-02-13,14,3,3,0,0.5,Open e-Tender,3691000.0,3691000.0,-0.0348,0.0266,0.9625,0.129,0,0,0,1,0.513,0.111,1
TND-003341,MPLADS-003341,1,Open e-Tender,2022-02-24,29,7,7,0,1.0,Open e-Tender,1715000.0,1715000.0,-0.0679,0.0186,0.9278,0.031,0,0,0,0,0.687,0.074,1
TND-003342,MPLADS-003342,1,Open e-Tender,2022-11-05,22,5,5,0,0.833,Open e-Tender,10694000.0,10694000.0,-0.0214,0.0163,0.8811,0.194,0,0,0,1,0.546,0.474,1
TND-003343,MPLADS-003343,1,Direct / Single Inquiry,2023-11-09,23,1,1,1,0.167,Single Tender Inquiry,1867000.0,1867000.0,-0.0396,0.0046,0.0,0.127,0,0,0,1,0.242,0.247,0
TND-003344,MPLADS-003344,1,Open e-Tender,2023-02-06,26,3,2,0,0.5,Open e-Tender,562000.0,562000.0,0.0108,0.0149,0.9279,0.124,1,0,0,0,0.187,0.495,1
TND-003345,MPLADS-003345,1,Open e-Tender,2023-09-28,26,3,2,0,0.5,Open e-Tender,2318000.0,2318000.0,-0.0322,0.0165,0.9462,0.204,0,0,0,0,0.613,0.138,1
TND-003346,MPLADS-003346,1,Open e-Tender,2022-04-09,23,7,6,0,1.0,Open e-Tender,430000.0,430000.0,0.0118,0.0223,0.9184,0.157,0,0,0,0,0.601,0.242,1
TND-003347,MPLADS-003347,1,Open e-Tender,2022-10-10,28,4,4,0,0.667,Open e-Tender,1704000.0,1704000.0,0.0167,0.0083,0.9226,0.192,0,0,0,1,0.466,0.484,1
TND-003348,MPLADS-003348,1,Open e-Tender,2023-01-07,29,4,4,0,0.667,Open e-Tender,583000.0,583000.0,-0.0235,0.0447,0.9057,0.163,0,0,0,0,0.383,0.123,1
TND-003349,MPLADS-003349,1,Open e-Tender,2022-01-17,14,5,5,0,0.833,Open e-Tender,2708000.0,2708000.0,-0.0726,0.0325,0.8983,0.001,0,0,0,0,0.101,0.426,1
TND-003350,MPLADS-003350,1,Open e-Tender,2023-10-16,19,6,6,0,1.0,Open e-Tender,1459000.0,1459000.0,-0.0647,0.0061,0.8815,0.242,0,0,0,0,0.638,0.464,1
TND-003351,MPLADS-003351,1,Open e-Tender,2023-09-12,25,7,7,0,1.0,Open e-Tender,2019000.0,2019000.0,-0.0472,0.0346,0.9295,0.044,0,0,0,0,0.413,0.29,1
TND-003352,MPLADS-003352,1,Direct / Single Inquiry,2023-04-26,18,1,1,1,0.167,Single Tender Inquiry,8305000.0,8305000.0,-0.0449,0.046,0.0,0.195,0,0,0,0,0.71,0.449,0
TND-003353,MPLADS-003353,1,Open e-Tender,2022-03-08,27,3,2,0,0.5,Open e-Tender,2394000.0,2394000.0,-0.0148,0.0367,0.961,0.064,0,0,0,0,0.412,0.275,1
TND-003354,MPLADS-003354,1,Open e-Tender,2023-05-27,29,3,3,0,0.5,Open e-Tender,2338000.0,2338000.0,-0.0457,0.0064,0.9566,0.135,0,0,0,0,0.624,0.343,1
TND-003355,MPLADS-003355,1,Open e-Tender,2022-12-25,23,5,4,0,0.833,Open e-Tender,2088000.0,2088000.0,0.0146,0.009,0.922,0.24,0,0,0,0,0.323,0.43,1
TND-003356,MPLADS-003356,1,Open e-Tender,2022-07-14,16,7,6,0,1.0,Open e-Tender,11574000.0,11574000.0,-0.0019,0.013,0.8529,0.097,0,0,0,0,0.212,0.125,1
TND-003357,MPLADS-003357,1,Open e-Tender,2023-05-26,23,6,6,0,1.0,Open e-Tender,710000.0,710000.0,-0.0483,0.0473,0.8587,0.129,0,0,0,1,0.264,0.348,1
TND-003358,MPLADS-003358,1,Open e-Tender,2022-03-05,20,5,4,0,0.833,Open e-Tender,3066000.0,3066000.0,-0.0023,0.0453,0.8616,0.139,0,0,0,1,0.329,0.295,1
TND-003359,MPLADS-003359,1,Open e-Tender,2022-02-05,19,3,3,0,0.5,Open e-Tender,1356000.0,1356000.0,-0.0342,0.0459,0.9085,0.216,0,0,0,0,0.417,0.051,1
TND-003360,MPLADS-003360,1,Open e-Tender,2022-11-15,25,5,5,0,0.833,Open e-Tender,1743000.0,1743000.0,-0.0063,0.0302,0.8628,0.073,1,0,0,1,0.459,0.126,1
TND-003361,MPLADS-003361,1,Open e-Tender,2023-09-04,16,4,4,0,0.667,Open e-Tender,422000.0,422000.0,-0.0601,0.0187,0.9323,0.119,0,0,0,1,0.22,0.382,1
TND-003362,MPLADS-003362,1,Open e-Tender,2023-11-16,20,5,4,0,0.833,Open e-Tender,1678000.0,1678000.0,-0.0641,0.0381,0.8501,0.034,0,0,0,0,0.22,0.267,1
TND-003363,MPLADS-003363,1,Open e-Tender,2023-09-21,21,3,3,0,0.5,Open e-Tender,2142000.0,2142000.0,-0.039,0.0239,0.9012,0.203,0,0,0,1,0.121,0.242,1
TND-003364,MPLADS-003364,1,Open e-Tender,2023-09-10,24,4,3,0,0.667,Open e-Tender,1828000.0,1828000.0,-0.0364,0.0161,0.9771,0.181,0,0,0,0,0.599,0.142,1
TND-003365,MPLADS-003365,1,Open e-Tender,2023-07-23,21,7,7,0,1.0,Open e-Tender,2054000.0,2054000.0,-0.0087,0.0158,0.8564,0.095,0,0,0,0,0.276,0.36,1
TND-003366,MPLADS-003366,1,Open e-Tender,2023-03-27,26,7,6,0,1.0,Open e-Tender,407000.0,407000.0,-0.0686,0.0395,0.9342,0.146,0,0,0,0,0.306,0.374,1
TND-003367,MPLADS-003367,1,Direct / Single Inquiry,2022-09-24,25,1,1,1,0.167,Single Tender Inquiry,3822000.0,3822000.0,-0.0341,0.0352,0.0,0.182,0,0,0,0,0.676,0.253,0
TND-003368,MPLADS-003368,1,Open e-Tender,2023-07-08,21,4,3,0,0.667,Open e-Tender,653000.0,653000.0,0.0187,0.0324,0.8524,0.229,1,0,0,0,0.322,0.067,1
TND-003369,MPLADS-003369,1,Open e-Tender,2022-01-24,15,5,4,0,0.833,Open e-Tender,638000.0,638000.0,0.0192,0.0465,0.8921,0.104,0,0,0,0,0.232,0.095,1
TND-003370,MPLADS-003370,1,Open e-Tender,2023-02-01,20,7,6,0,1.0,Open e-Tender,2948000.0,2948000.0,-0.0315,0.0093,0.9677,0.07,0,0,0,0,0.163,0.149,1
TND-003371,MPLADS-003371,1,Open e-Tender,2022-03-19,20,4,4,0,0.667,Open e-Tender,9425000.0,9425000.0,-0.0299,0.0288,0.9827,0.217,0,0,0,1,0.287,0.346,1
TND-003372,MPLADS-003372,1,Open e-Tender,2022-07-25,23,6,6,0,1.0,Open e-Tender,2774000.0,2774000.0,-0.0418,0.0027,0.8572,0.242,0,0,0,0,0.197,0.165,1
TND-003373,MPLADS-003373,1,Open e-Tender,2023-12-13,14,3,3,0,0.5,Open e-Tender,2255000.0,2255000.0,-0.0693,0.0052,0.8677,0.149,0,0,0,0,0.165,0.323,1
TND-003374,MPLADS-003374,1,Direct / Single Inquiry,2022-07-11,16,1,1,1,0.167,Single Tender Inquiry,1782000.0,1782000.0,0.0171,0.0452,0.0,0.113,0,0,0,1,0.276,0.462,0
TND-003375,MPLADS-003375,1,Open e-Tender,2023-02-10,23,5,4,0,0.833,Open e-Tender,2543000.0,2543000.0,0.0111,0.0342,0.8631,0.204,0,0,0,1,0.437,0.395,1
TND-003376,MPLADS-003376,1,Open e-Tender,2022-04-06,24,6,5,0,1.0,Open e-Tender,2358000.0,2358000.0,-0.0617,0.0141,0.9233,0.091,0,0,0,0,0.321,0.335,1
TND-003377,MPLADS-003377,1,Open e-Tender,2023-06-14,29,3,2,0,0.5,Open e-Tender,640000.0,640000.0,-0.0093,0.0075,0.8772,0.17,0,0,0,0,0.69,0.25,1
TND-003378,MPLADS-003378,1,Open e-Tender,2023-04-24,22,6,6,0,1.0,Open e-Tender,2923000.0,2923000.0,-0.0454,0.0422,0.9351,0.162,1,0,0,1,0.247,0.143,1
TND-003379,MPLADS-003379,1,Open e-Tender,2023-10-28,22,5,5,0,0.833,Open e-Tender,2198000.0,2198000.0,-0.0722,0.0355,0.9082,0.005,0,0,0,0,0.492,0.152,1
TND-003380,MPLADS-003380,1,Open e-Tender,2023-05-18,23,7,6,0,1.0,Open e-Tender,1209000.0,1209000.0,-0.0635,0.0206,0.907,0.149,0,0,0,1,0.127,0.199,1
TND-003381,MPLADS-003381,1,Open e-Tender,2023-06-20,27,3,2,0,0.5,Open e-Tender,7150000.0,7150000.0,-0.0422,0.0202,0.8959,0.181,0,0,0,0,0.737,0.27,1
TND-003382,MPLADS-003382,1,Open e-Tender,2022-12-01,14,7,6,0,1.0,Open e-Tender,614000.0,614000.0,-0.0144,0.0022,0.975,0.218,1,0,0,0,0.734,0.265,1
TND-003383,MPLADS-003383,1,Open e-Tender,2022-03-14,21,4,4,0,0.667,Open e-Tender,666000.0,666000.0,-0.0445,0.0256,0.9323,0.059,0,0,0,0,0.546,0.16,1
TND-003384,MPLADS-003384,1,Open e-Tender,2023-07-26,17,4,3,0,0.667,Open e-Tender,12290000.0,12290000.0,0.0193,0.021,0.9603,0.067,0,0,0,0,0.262,0.248,1
TND-003385,MPLADS-003385,1,Open e-Tender,2023-03-28,14,3,2,0,0.5,Open e-Tender,1999000.0,1999000.0,-0.0476,0.0377,0.9314,0.175,0,0,0,1,0.5,0.426,1
TND-003386,MPLADS-003386,1,Open e-Tender,2022-08-07,24,6,6,0,1.0,Open e-Tender,2400000.0,2400000.0,0.0169,0.0139,0.8947,0.134,0,0,0,0,0.343,0.467,1
TND-003387,MPLADS-003387,1,Open e-Tender,2023-12-15,25,3,3,0,0.5,Open e-Tender,1575000.0,1575000.0,-0.0558,0.0364,0.876,0.206,0,0,0,0,0.162,0.452,1
TND-003388,MPLADS-003388,1,Open e-Tender,2022-10-13,17,7,6,0,1.0,Open e-Tender,2645000.0,2645000.0,-0.0657,0.0035,0.8694,0.107,0,0,0,0,0.159,0.311,1
TND-003389,MPLADS-003389,1,Open e-Tender,2023-02-02,23,3,3,0,0.5,Open e-Tender,2189000.0,2189000.0,-0.076,0.018,0.8808,0.047,0,0,0,0,0.204,0.34,1
TND-003390,MPLADS-003390,1,Open e-Tender,2023-05-11,21,6,5,0,1.0,Open e-Tender,1895000.0,1895000.0,0.0058,0.0469,0.9044,0.058,1,0,0,0,0.538,0.165,1
TND-003391,MPLADS-003391,1,Open e-Tender,2023-10-24,19,7,6,0,1.0,Open e-Tender,979000.0,979000.0,-0.0161,0.0223,0.8613,0.012,0,0,0,1,0.543,0.077,1
TND-003392,MPLADS-003392,1,Open e-Tender,2022-12-13,14,3,3,0,0.5,Open e-Tender,1438000.0,1438000.0,-0.0224,0.0475,0.8505,0.209,0,0,0,0,0.463,0.435,1
TND-003393,MPLADS-003393,1,Open e-Tender,2022-04-01,18,6,5,0,1.0,Open e-Tender,2710000.0,2710000.0,-0.0528,0.049,0.8744,0.228,0,0,0,0,0.591,0.186,1
TND-003394,MPLADS-003394,1,Open e-Tender,2023-06-11,26,4,4,0,0.667,Open e-Tender,1375000.0,1375000.0,0.0066,0.0093,0.8707,0.215,0,0,0,1,0.107,0.347,1
TND-003395,MPLADS-003395,1,Open e-Tender,2023-12-02,15,6,6,0,1.0,Open e-Tender,406000.0,406000.0,-0.0425,0.0325,0.9444,0.005,1,0,0,1,0.399,0.101,1
TND-003396,MPLADS-003396,1,Open e-Tender,2023-09-19,22,3,2,0,0.5,Open e-Tender,1243000.0,1243000.0,0.0032,0.0343,0.906,0.249,0,0,0,0,0.708,0.313,1
TND-003397,MPLADS-003397,1,Open e-Tender,2022-01-28,22,4,4,0,0.667,Open e-Tender,3651000.0,3651000.0,-0.0259,0.0462,0.9477,0.141,0,0,0,0,0.659,0.425,1
TND-003398,MPLADS-003398,1,Open e-Tender,2022-08-06,20,6,6,0,1.0,Open e-Tender,45559000.0,45559000.0,0.0151,0.0213,0.9205,0.17,0,0,0,1,0.434,0.436,1
TND-003399,MPLADS-003399,1,Open e-Tender,2023-10-13,29,6,6,0,1.0,Open e-Tender,986000.0,986000.0,-0.061,0.0274,0.8596,0.121,0,0,0,0,0.714,0.419,1
TND-003400,MPLADS-003400,1,Open e-Tender,2023-05-07,24,4,4,0,0.667,Open e-Tender,646000.0,646000.0,-0.0678,0.0135,0.8726,0.008,0,0,0,0,0.12,0.132,1
TND-003401,MPLADS-003401,1,Open e-Tender,2022-04-05,25,5,4,0,0.833,Open e-Tender,483000.0,483000.0,-0.0062,0.0225,0.9296,0.224,0,0,0,0,0.175,0.369,1
TND-003402,MPLADS-003402,1,Open e-Tender,2023-07-12,20,4,4,0,0.667,Open e-Tender,59561000.0,59561000.0,-0.0259,0.0008,0.9525,0.152,0,0,0,0,0.634,0.145,1
TND-003403,MPLADS-003403,1,Open e-Tender,2023-03-04,23,3,3,0,0.5,Open e-Tender,1206000.0,1206000.0,-0.0421,0.041,0.9515,0.105,0,0,0,0,0.492,0.215,1
TND-003404,MPLADS-003404,1,Open e-Tender,2023-04-27,22,3,3,0,0.5,Open e-Tender,2083000.0,2083000.0,-0.0767,0.0423,0.8833,0.147,0,0,0,0,0.269,0.122,1
TND-003405,MPLADS-003405,1,Open e-Tender,2022-02-28,25,3,3,0,0.5,Open e-Tender,2765000.0,2765000.0,-0.0429,0.0117,0.8928,0.032,0,0,0,0,0.254,0.077,1
TND-003406,MPLADS-003406,1,Open e-Tender,2023-10-09,15,3,3,0,0.5,Open e-Tender,1663000.0,1663000.0,-0.0761,0.0217,0.8608,0.111,0,0,0,0,0.684,0.223,1
TND-003407,MPLADS-003407,1,Open e-Tender,2022-10-19,20,4,4,0,0.667,Open e-Tender,1942000.0,1942000.0,-0.0699,0.0126,0.861,0.054,0,0,0,0,0.132,0.223,1
TND-003408,MPLADS-003408,1,Open e-Tender,2023-02-12,17,5,4,0,0.833,Open e-Tender,1732000.0,1732000.0,-0.0023,0.0428,0.9507,0.06,0,0,0,0,0.281,0.266,1
TND-003409,MPLADS-003409,1,Open e-Tender,2023-06-08,25,3,3,0,0.5,Open e-Tender,2332000.0,2332000.0,-0.0009,0.0128,0.9427,0.029,0,0,0,0,0.342,0.073,1
TND-003410,MPLADS-003410,1,Open e-Tender,2022-04-10,23,6,6,0,1.0,Open e-Tender,3298000.0,3298000.0,-0.0482,0.0375,0.9732,0.003,0,0,0,0,0.649,0.354,1
TND-003411,MPLADS-003411,1,Open e-Tender,2022-12-20,14,3,2,0,0.5,Open e-Tender,2950000.0,2950000.0,-0.0353,0.0196,0.9487,0.225,0,0,0,0,0.308,0.155,1
TND-003412,MPLADS-003412,1,Open e-Tender,2023-05-02,25,3,3,0,0.5,Open e-Tender,2387000.0,2387000.0,-0.0193,0.0084,0.9001,0.212,0,0,0,0,0.372,0.134,1
TND-003413,MPLADS-003413,1,Open e-Tender,2022-07-29,24,3,3,0,0.5,Open e-Tender,2842000.0,2842000.0,-0.0224,0.0113,0.9044,0.171,0,0,0,0,0.583,0.319,1
TND-003414,MPLADS-003414,1,Open e-Tender,2022-06-04,22,6,6,0,1.0,Open e-Tender,1848000.0,1848000.0,-0.045,0.0202,0.9825,0.178,0,0,0,1,0.499,0.291,1
TND-003415,MPLADS-003415,1,Open e-Tender,2023-12-03,29,7,6,0,1.0,Open e-Tender,1477000.0,1477000.0,0.0137,0.03,0.9866,0.121,0,0,0,0,0.438,0.336,1
TND-003416,MPLADS-003416,1,Open e-Tender,2022-04-25,29,7,7,0,1.0,Open e-Tender,462000.0,462000.0,0.0154,0.0018,0.8744,0.022,0,0,0,0,0.332,0.124,1
TND-003417,MPLADS-003417,1,Open e-Tender,2023-02-09,29,4,3,0,0.667,Open e-Tender,10897000.0,10897000.0,0.0092,0.0138,0.9107,0.093,0,0,0,0,0.205,0.189,1
TND-003418,MPLADS-003418,1,Open e-Tender,2022-09-28,20,6,6,0,1.0,Open e-Tender,3172000.0,3172000.0,-0.0684,0.0237,0.8906,0.121,0,0,0,1,0.215,0.23,1
TND-003419,MPLADS-003419,1,Open e-Tender,2023-12-05,14,5,5,0,0.833,Open e-Tender,2144000.0,2144000.0,-0.0255,0.0243,0.9464,0.027,0,0,0,1,0.158,0.26,1
TND-003420,MPLADS-003420,1,Open e-Tender,2023-10-01,21,7,6,0,1.0,Open e-Tender,8309000.0,8309000.0,-0.0562,0.027,0.8644,0.211,1,0,0,1,0.686,0.439,1
TND-003421,MPLADS-003421,1,Open e-Tender,2023-03-21,29,4,4,0,0.667,Open e-Tender,558000.0,558000.0,-0.0731,0.0275,0.886,0.201,1,0,0,1,0.342,0.469,1
TND-003422,MPLADS-003422,1,Open e-Tender,2022-03-04,14,5,5,0,0.833,Open e-Tender,840000.0,840000.0,-0.0667,0.0021,0.8716,0.079,0,0,0,1,0.423,0.349,1
TND-003423,MPLADS-003423,1,Open e-Tender,2022-11-08,27,4,4,0,0.667,Open e-Tender,14393000.0,14393000.0,-0.0177,0.0104,0.9049,0.135,0,0,0,0,0.202,0.432,1
TND-003424,MPLADS-003424,1,Open e-Tender,2023-10-27,19,5,5,0,0.833,Open e-Tender,1936000.0,1936000.0,0.0179,0.0071,0.9568,0.153,0,0,0,0,0.627,0.443,1
TND-003425,MPLADS-003425,1,Open e-Tender,2023-08-05,21,7,6,0,1.0,Open e-Tender,66895000.0,66895000.0,-0.0347,0.042,0.9146,0.097,0,0,0,1,0.222,0.499,1
TND-003426,MPLADS-003426,1,Open e-Tender,2023-10-04,16,3,2,0,0.5,Open e-Tender,2981000.0,2981000.0,-0.0197,0.0064,0.889,0.225,1,0,0,1,0.249,0.381,1
TND-003427,MPLADS-003427,1,Open e-Tender,2023-05-23,24,4,4,0,0.667,Open e-Tender,2102000.0,2102000.0,-0.0331,0.0246,0.9273,0.066,0,0,0,0,0.207,0.479,1
TND-003428,MPLADS-003428,1,Open e-Tender,2022-02-21,14,7,7,0,1.0,Open e-Tender,1936000.0,1936000.0,-0.0798,0.0101,0.8845,0.213,0,0,0,0,0.521,0.093,1
TND-003429,MPLADS-003429,1,Open e-Tender,2022-03-18,18,3,3,0,0.5,Open e-Tender,2988000.0,2988000.0,-0.0264,0.0465,0.8623,0.107,0,0,0,1,0.673,0.103,1
TND-003430,MPLADS-003430,1,Open e-Tender,2023-08-17,28,6,6,0,1.0,Open e-Tender,2576000.0,2576000.0,-0.037,0.0007,0.9602,0.106,0,0,0,0,0.481,0.095,1
TND-003431,MPLADS-003431,1,Open e-Tender,2023-01-26,14,7,6,0,1.0,Open e-Tender,15592000.0,15592000.0,-0.0591,0.013,0.8846,0.123,0,0,0,1,0.249,0.234,1
TND-003432,MPLADS-003432,1,Open e-Tender,2022-02-12,20,6,6,0,1.0,Open e-Tender,1581000.0,1581000.0,-0.0174,0.013,0.9496,0.145,0,0,0,0,0.492,0.456,1
TND-003433,MPLADS-003433,1,Open e-Tender,2023-04-14,18,7,6,0,1.0,Open e-Tender,1458000.0,1458000.0,-0.0606,0.0333,0.9831,0.074,0,0,0,0,0.655,0.057,1
TND-003434,MPLADS-003434,1,Open e-Tender,2023-11-10,20,6,6,0,1.0,Open e-Tender,2790000.0,2790000.0,-0.0641,0.0116,0.9813,0.064,0,0,0,0,0.635,0.167,1
TND-003435,MPLADS-003435,1,Open e-Tender,2022-11-25,29,5,5,0,0.833,Open e-Tender,2171000.0,2171000.0,-0.0172,0.0116,0.8957,0.13,0,0,0,0,0.347,0.272,1
TND-003436,MPLADS-003436,1,Open e-Tender,2023-01-25,17,7,7,0,1.0,Open e-Tender,599000.0,599000.0,-0.0597,0.0299,0.8693,0.235,0,0,0,0,0.33,0.116,1
TND-003437,MPLADS-003437,1,Open e-Tender,2023-05-20,28,5,4,0,0.833,Open e-Tender,624000.0,624000.0,-0.0687,0.0036,0.8724,0.189,0,0,0,1,0.609,0.185,1
TND-003438,MPLADS-003438,1,Open e-Tender,2022-06-13,14,4,3,0,0.667,Open e-Tender,969000.0,969000.0,-0.0453,0.0458,0.982,0.031,1,0,0,0,0.111,0.14,1
TND-003439,MPLADS-003439,1,Open e-Tender,2023-06-23,18,6,5,0,1.0,Open e-Tender,13675000.0,13675000.0,0.0032,0.0247,0.9479,0.229,0,0,0,1,0.5,0.346,1
TND-003440,MPLADS-003440,1,Direct / Single Inquiry,2023-09-05,26,1,1,1,0.167,Single Tender Inquiry,357000.0,357000.0,-0.0429,0.0341,0.0,0.189,0,0,0,0,0.607,0.316,0
TND-003441,MPLADS-003441,1,Open e-Tender,2022-10-27,19,6,5,0,1.0,Open e-Tender,1477000.0,1477000.0,-0.0067,0.0496,0.8793,0.121,0,0,0,0,0.713,0.105,1
TND-003442,MPLADS-003442,1,Open e-Tender,2023-03-14,28,4,4,0,0.667,Open e-Tender,2093000.0,2093000.0,0.0092,0.0314,0.8636,0.217,1,0,0,0,0.387,0.243,1
TND-003443,MPLADS-003443,1,Open e-Tender,2023-05-08,20,6,6,0,1.0,Open e-Tender,886000.0,886000.0,0.0091,0.0482,0.9433,0.082,0,0,0,0,0.131,0.328,1
TND-003444,MPLADS-003444,1,Open e-Tender,2023-07-29,18,7,7,0,1.0,Open e-Tender,2324000.0,2324000.0,0.0126,0.0015,0.9635,0.121,0,0,0,0,0.359,0.491,1
TND-003445,MPLADS-003445,1,Open e-Tender,2023-09-18,22,4,4,0,0.667,Open e-Tender,948000.0,948000.0,-0.0491,0.0277,0.9817,0.108,0,0,0,0,0.295,0.406,1
TND-003446,MPLADS-003446,1,Open e-Tender,2022-06-06,16,4,3,0,0.667,Open e-Tender,12868000.0,12868000.0,-0.0526,0.0064,0.8597,0.181,0,0,0,0,0.458,0.483,1
TND-003447,MPLADS-003447,1,Open e-Tender,2022-01-17,20,7,6,0,1.0,Open e-Tender,3088000.0,3088000.0,-0.0528,0.0388,0.8726,0.208,0,0,0,0,0.56,0.211,1
TND-003448,MPLADS-003448,1,Open e-Tender,2022-12-07,15,7,7,0,1.0,Open e-Tender,2730000.0,2730000.0,-0.0233,0.0166,0.8977,0.007,0,0,0,1,0.39,0.375,1
TND-003449,MPLADS-003449,1,Open e-Tender,2023-04-22,18,5,4,0,0.833,Open e-Tender,2307000.0,2307000.0,0.0159,0.0214,0.9148,0.083,0,0,0,0,0.547,0.458,1
TND-003450,MPLADS-003450,1,Open e-Tender,2023-06-16,28,5,4,0,0.833,Open e-Tender,10751000.0,10751000.0,-0.0136,0.0442,0.9604,0.016,0,0,0,0,0.317,0.08,1
TND-003451,MPLADS-003451,1,Open e-Tender,2023-08-01,28,4,4,0,0.667,Open e-Tender,2667000.0,2667000.0,0.0045,0.003,0.8618,0.157,0,0,0,0,0.731,0.378,1
TND-003452,MPLADS-003452,1,Open e-Tender,2022-09-14,25,5,5,0,0.833,Open e-Tender,2430000.0,2430000.0,-0.0338,0.0316,0.8824,0.005,0,0,0,0,0.435,0.234,1
TND-003453,MPLADS-003453,1,Direct / Single Inquiry,2023-01-04,19,1,1,1,0.167,Single Tender Inquiry,1859000.0,1859000.0,0.0065,0.0085,0.0,0.047,0,0,0,1,0.387,0.457,0
TND-003454,MPLADS-003454,1,Open e-Tender,2022-01-03,25,7,7,0,1.0,Open e-Tender,790000.0,790000.0,-0.0629,0.0145,0.8854,0.043,0,0,0,0,0.578,0.468,1
TND-003455,MPLADS-003455,1,Open e-Tender,2022-08-19,15,7,7,0,1.0,Open e-Tender,1624000.0,1624000.0,-0.0762,0.0083,0.9364,0.13,0,0,0,0,0.533,0.182,1
TND-003456,MPLADS-003456,1,Open e-Tender,2023-12-04,25,7,7,0,1.0,Open e-Tender,3067000.0,3067000.0,-0.058,0.0381,0.9228,0.056,0,0,0,0,0.238,0.35,1
TND-003457,MPLADS-003457,1,Open e-Tender,2022-11-06,27,7,6,0,1.0,Open e-Tender,474000.0,474000.0,-0.0125,0.0118,0.9708,0.006,0,0,0,0,0.519,0.435,1
TND-003458,MPLADS-003458,1,Open e-Tender,2023-06-17,28,7,7,0,1.0,Open e-Tender,2906000.0,2906000.0,0.0104,0.0445,0.9654,0.102,0,0,0,0,0.58,0.204,1
TND-003459,MPLADS-003459,1,Open e-Tender,2022-06-13,23,4,3,0,0.667,Open e-Tender,939000.0,939000.0,-0.0198,0.0465,0.9872,0.17,0,0,0,0,0.523,0.324,1
TND-003460,MPLADS-003460,1,Open e-Tender,2023-11-05,16,7,6,0,1.0,Open e-Tender,615000.0,615000.0,0.0099,0.0166,0.9758,0.133,0,0,0,0,0.407,0.314,1
TND-003461,MPLADS-003461,1,Open e-Tender,2023-12-15,14,5,5,0,0.833,Open e-Tender,1255000.0,1255000.0,-0.0758,0.0126,0.9711,0.15,1,0,0,0,0.421,0.058,1
TND-003462,MPLADS-003462,1,Open e-Tender,2022-05-28,29,4,3,0,0.667,Open e-Tender,1336000.0,1336000.0,-0.0212,0.0449,0.9217,0.193,0,0,0,0,0.133,0.363,1
TND-003463,MPLADS-003463,1,Open e-Tender,2022-12-24,24,7,6,0,1.0,Open e-Tender,1879000.0,1879000.0,-0.0524,0.0476,0.9881,0.079,0,0,0,1,0.3,0.291,1
TND-003464,MPLADS-003464,1,Open e-Tender,2022-07-29,23,5,4,0,0.833,Open e-Tender,3308000.0,3308000.0,-0.0483,0.0074,0.9773,0.085,0,0,0,0,0.204,0.489,1
TND-003465,MPLADS-003465,1,Open e-Tender,2023-12-07,25,3,3,0,0.5,Open e-Tender,2908000.0,2908000.0,-0.0332,0.0422,0.962,0.043,0,0,0,0,0.459,0.115,1
TND-003466,MPLADS-003466,1,Open e-Tender,2023-07-04,26,6,6,0,1.0,Open e-Tender,2237000.0,2237000.0,0.0068,0.034,0.9787,0.01,0,0,0,0,0.303,0.074,1
TND-003467,MPLADS-003467,1,Open e-Tender,2022-12-03,16,7,6,0,1.0,Open e-Tender,10785000.0,10785000.0,-0.0473,0.0083,0.8916,0.047,0,0,0,0,0.554,0.159,1
TND-003468,MPLADS-003468,1,Open e-Tender,2023-05-17,14,6,5,0,1.0,Open e-Tender,12040000.0,12040000.0,-0.063,0.0219,0.8589,0.158,0,0,0,0,0.519,0.366,1
TND-003469,MPLADS-003469,1,Open e-Tender,2022-08-09,26,3,2,0,0.5,Open e-Tender,15922000.0,15922000.0,-0.0266,0.0238,0.9809,0.203,0,0,0,0,0.716,0.423,1
TND-003470,MPLADS-003470,1,Open e-Tender,2022-05-14,24,4,4,0,0.667,Open e-Tender,4022000.0,4022000.0,-0.0067,0.0103,0.9344,0.052,1,0,0,0,0.264,0.312,1
TND-003471,MPLADS-003471,1,Open e-Tender,2022-07-27,15,4,3,0,0.667,Open e-Tender,2233000.0,2233000.0,-0.0715,0.0081,0.8652,0.193,0,0,0,1,0.112,0.078,1
TND-003472,MPLADS-003472,1,Open e-Tender,2022-02-06,26,4,4,0,0.667,Open e-Tender,785000.0,785000.0,-0.0599,0.0482,0.8696,0.115,1,0,0,1,0.36,0.337,1
TND-003473,MPLADS-003473,1,Open e-Tender,2023-09-09,29,5,5,0,0.833,Open e-Tender,2127000.0,2127000.0,-0.0576,0.0268,0.8846,0.219,0,0,0,0,0.527,0.119,1
TND-003474,MPLADS-003474,1,Open e-Tender,2023-05-30,29,6,5,0,1.0,Open e-Tender,1842000.0,1842000.0,-0.0592,0.0472,0.9499,0.063,0,0,0,0,0.739,0.151,1
TND-003475,MPLADS-003475,1,Open e-Tender,2022-04-18,16,4,3,0,0.667,Open e-Tender,2717000.0,2717000.0,-0.0689,0.008,0.977,0.168,1,0,0,0,0.206,0.155,1
TND-003476,MPLADS-003476,1,Open e-Tender,2022-07-01,14,3,3,0,0.5,Open e-Tender,631000.0,631000.0,-0.041,0.0019,0.8858,0.045,0,0,0,0,0.109,0.06,1
TND-003477,MPLADS-003477,1,Direct / Single Inquiry,2022-11-22,22,1,1,1,0.167,Single Tender Inquiry,994000.0,994000.0,-0.0596,0.022,0.0,0.133,0,0,0,0,0.547,0.358,0
TND-003478,MPLADS-003478,1,Open e-Tender,2023-11-23,21,7,7,0,1.0,Open e-Tender,553000.0,553000.0,-0.0643,0.0169,0.8864,0.076,0,0,0,0,0.721,0.389,1
TND-003479,MPLADS-003479,1,Open e-Tender,2022-07-20,27,7,6,0,1.0,Open e-Tender,1043000.0,1043000.0,-0.0466,0.0201,0.9284,0.021,0,0,0,0,0.145,0.062,1
TND-003480,MPLADS-003480,1,Open e-Tender,2022-08-09,26,5,4,0,0.833,Open e-Tender,2613000.0,2613000.0,0.0148,0.0187,0.8665,0.059,0,0,0,0,0.194,0.441,1
TND-003481,MPLADS-003481,1,Open e-Tender,2023-05-25,23,3,3,0,0.5,Open e-Tender,925000.0,925000.0,0.0033,0.0088,0.8574,0.15,0,0,0,0,0.241,0.374,1
TND-003482,MPLADS-003482,1,Open e-Tender,2022-02-20,15,5,4,0,0.833,Open e-Tender,2036000.0,2036000.0,-0.0464,0.0497,0.9624,0.019,0,0,0,0,0.469,0.109,1
TND-003483,MPLADS-003483,1,Open e-Tender,2022-11-24,26,3,2,0,0.5,Open e-Tender,2235000.0,2235000.0,-0.066,0.0005,0.8862,0.249,0,0,0,1,0.563,0.414,1
TND-003484,MPLADS-003484,1,Open e-Tender,2023-09-24,17,3,2,0,0.5,Open e-Tender,2788000.0,2788000.0,-0.0262,0.0098,0.9359,0.026,0,0,0,0,0.167,0.279,1
TND-003485,MPLADS-003485,1,Open e-Tender,2022-03-03,21,3,3,0,0.5,Open e-Tender,1615000.0,1615000.0,-0.0134,0.0156,0.895,0.193,0,0,0,0,0.532,0.099,1
TND-003486,MPLADS-003486,1,Open e-Tender,2023-05-04,14,7,6,0,1.0,Open e-Tender,571000.0,571000.0,-0.0387,0.0072,0.8842,0.084,0,0,0,0,0.735,0.451,1
TND-003487,MPLADS-003487,1,Open e-Tender,2022-03-30,28,7,6,0,1.0,Open e-Tender,4014000.0,4014000.0,0.0083,0.0311,0.8845,0.052,0,0,0,0,0.118,0.378,1
TND-003488,MPLADS-003488,1,Open e-Tender,2022-08-18,18,4,3,0,0.667,Open e-Tender,2202000.0,2202000.0,-0.0578,0.0333,0.885,0.171,1,0,0,0,0.618,0.273,1
TND-003489,MPLADS-003489,1,Open e-Tender,2022-11-23,22,6,6,0,1.0,Open e-Tender,2044000.0,2044000.0,-0.0426,0.0163,0.9757,0.188,1,0,0,0,0.505,0.388,1
TND-003490,MPLADS-003490,1,Open e-Tender,2023-07-22,18,7,7,0,1.0,Open e-Tender,1576000.0,1576000.0,-0.0466,0.0344,0.8761,0.101,0,0,0,0,0.249,0.396,1
TND-003491,MPLADS-003491,1,Open e-Tender,2022-07-05,19,3,3,0,0.5,Open e-Tender,1569000.0,1569000.0,-0.0392,0.0281,0.8695,0.163,0,0,0,0,0.279,0.494,1
TND-003492,MPLADS-003492,1,Open e-Tender,2022-11-22,25,6,5,0,1.0,Open e-Tender,1497000.0,1497000.0,-0.0585,0.0364,0.9745,0.005,0,0,0,0,0.598,0.406,1
TND-003493,MPLADS-003493,1,Open e-Tender,2023-07-13,29,4,3,0,0.667,Open e-Tender,598000.0,598000.0,0.017,0.0489,0.8711,0.214,1,0,0,0,0.664,0.468,1
TND-003494,MPLADS-003494,1,Open e-Tender,2023-01-06,14,3,2,0,0.5,Open e-Tender,970000.0,970000.0,-0.0779,0.0158,0.8599,0.133,0,0,0,0,0.297,0.416,1
TND-003495,MPLADS-003495,1,Open e-Tender,2023-09-10,29,5,5,0,0.833,Open e-Tender,14123000.0,14123000.0,-0.0657,0.0014,0.8589,0.203,0,0,0,0,0.512,0.12,1
TND-003496,MPLADS-003496,1,Open e-Tender,2022-11-20,18,5,5,0,0.833,Open e-Tender,1794000.0,1794000.0,-0.0568,0.0093,0.925,0.168,0,0,0,0,0.628,0.431,1
TND-003497,MPLADS-003497,1,Open e-Tender,2023-09-21,23,3,3,0,0.5,Open e-Tender,1148000.0,1148000.0,0.0132,0.0,0.9047,0.215,0,0,0,0,0.714,0.272,1
TND-003498,MPLADS-003498,1,Open e-Tender,2023-01-26,23,7,7,0,1.0,Open e-Tender,1692000.0,1692000.0,-0.0123,0.0009,0.8781,0.248,0,0,0,1,0.5,0.116,1
TND-003499,MPLADS-003499,1,Open e-Tender,2023-03-13,26,3,2,0,0.5,Open e-Tender,1130000.0,1130000.0,0.018,0.0329,0.9677,0.056,0,0,0,0,0.7,0.351,1
TND-003500,MPLADS-003500,1,Open e-Tender,2023-04-25,27,7,7,0,1.0,Open e-Tender,16164000.0,16164000.0,0.011,0.0163,0.8653,0.218,0,0,0,1,0.612,0.366,1
TND-003501,MPLADS-003501,1,Open e-Tender,2022-04-24,15,3,3,0,0.5,Open e-Tender,3364000.0,3364000.0,-0.0204,0.0412,0.958,0.074,0,0,0,0,0.13,0.235,1
TND-003502,MPLADS-003502,1,Open e-Tender,2023-06-29,25,6,6,0,1.0,Open e-Tender,2950000.0,2950000.0,-0.0462,0.0416,0.9893,0.18,0,0,0,0,0.307,0.477,1
TND-003503,MPLADS-003503,1,Open e-Tender,2023-05-20,27,4,3,0,0.667,Open e-Tender,2709000.0,2709000.0,-0.0213,0.0217,0.9328,0.222,0,0,0,1,0.275,0.365,1
TND-003504,MPLADS-003504,1,Open e-Tender,2023-08-06,23,3,3,0,0.5,Open e-Tender,10444000.0,10444000.0,-0.0111,0.0388,0.9102,0.177,0,0,0,0,0.417,0.126,1
TND-003505,MPLADS-003505,1,Open e-Tender,2022-06-27,23,5,5,0,0.833,Open e-Tender,1210000.0,1210000.0,-0.021,0.049,0.9872,0.082,0,0,0,1,0.117,0.142,1
TND-003506,MPLADS-003506,1,Open e-Tender,2022-05-30,16,4,4,0,0.667,Open e-Tender,806000.0,806000.0,-0.066,0.0359,0.9466,0.027,0,0,0,0,0.423,0.436,1
TND-003507,MPLADS-003507,1,Open e-Tender,2022-04-06,21,5,4,0,0.833,Open e-Tender,661000.0,661000.0,-0.0015,0.0434,0.9093,0.122,0,0,0,1,0.611,0.362,1
TND-003508,MPLADS-003508,1,Open e-Tender,2022-05-31,19,5,4,0,0.833,Open e-Tender,3161000.0,3161000.0,-0.0168,0.012,0.961,0.066,0,0,0,0,0.421,0.113,1
TND-003509,MPLADS-003509,1,Open e-Tender,2022-06-05,14,6,6,0,1.0,Open e-Tender,1775000.0,1775000.0,-0.015,0.0368,0.958,0.073,0,0,0,0,0.541,0.064,1
TND-003510,MPLADS-003510,1,Open e-Tender,2022-10-31,25,4,3,0,0.667,Open e-Tender,9182000.0,9182000.0,-0.055,0.0361,0.8847,0.016,0,0,0,0,0.1,0.223,1
TND-003511,MPLADS-003511,1,Open e-Tender,2023-10-01,18,5,4,0,0.833,Open e-Tender,1886000.0,1886000.0,-0.0177,0.0499,0.967,0.222,0,0,0,0,0.39,0.252,1
TND-003512,MPLADS-003512,1,Open e-Tender,2022-03-18,25,4,3,0,0.667,Open e-Tender,3423000.0,3423000.0,0.0151,0.0335,0.9068,0.045,0,0,0,0,0.388,0.346,1
TND-003513,MPLADS-003513,1,Open e-Tender,2023-07-01,29,7,6,0,1.0,Open e-Tender,3805000.0,3805000.0,-0.0367,0.038,0.9472,0.103,0,0,0,1,0.153,0.116,1
TND-003514,MPLADS-003514,1,Open e-Tender,2023-04-24,22,4,3,0,0.667,Open e-Tender,9318000.0,9318000.0,-0.0392,0.0236,0.968,0.162,0,0,0,0,0.412,0.359,1
TND-003515,MPLADS-003515,1,Open e-Tender,2023-08-14,18,4,3,0,0.667,Open e-Tender,1451000.0,1451000.0,-0.0529,0.0475,0.9219,0.142,0,0,0,0,0.67,0.074,1
TND-003516,MPLADS-003516,1,Open e-Tender,2023-10-03,19,6,6,0,1.0,Open e-Tender,1742000.0,1742000.0,-0.013,0.0037,0.9046,0.203,0,0,0,1,0.499,0.185,1
TND-003517,MPLADS-003517,1,Open e-Tender,2023-10-25,21,4,4,0,0.667,Open e-Tender,8441000.0,8441000.0,-0.0153,0.0084,0.9169,0.042,0,0,0,0,0.55,0.255,1
TND-003518,MPLADS-003518,1,Open e-Tender,2023-11-29,17,5,5,0,0.833,Open e-Tender,3611000.0,3611000.0,-0.0163,0.001,0.8567,0.111,0,0,0,0,0.46,0.131,1
TND-003519,MPLADS-003519,1,Open e-Tender,2023-01-28,14,4,3,0,0.667,Open e-Tender,345000.0,345000.0,-0.0726,0.0336,0.9436,0.128,0,0,0,0,0.647,0.166,1
TND-003520,MPLADS-003520,1,Open e-Tender,2023-10-07,26,5,4,0,0.833,Open e-Tender,2748000.0,2748000.0,-0.0666,0.0279,0.9612,0.061,0,0,0,0,0.647,0.181,1
TND-003521,MPLADS-003521,1,Open e-Tender,2022-08-22,18,3,3,0,0.5,Open e-Tender,2704000.0,2704000.0,-0.0532,0.0461,0.9687,0.01,0,0,0,0,0.726,0.336,1
TND-003522,MPLADS-003522,1,Open e-Tender,2023-07-02,27,3,3,0,0.5,Open e-Tender,11119000.0,11119000.0,0.0071,0.0123,0.9376,0.096,0,0,0,0,0.255,0.337,1
TND-003523,MPLADS-003523,1,Open e-Tender,2022-05-08,26,4,3,0,0.667,Open e-Tender,1588000.0,1588000.0,-0.0703,0.0322,0.8779,0.156,0,0,0,0,0.724,0.473,1
TND-003524,MPLADS-003524,1,Open e-Tender,2023-09-09,18,3,2,0,0.5,Open e-Tender,3803000.0,3803000.0,-0.072,0.0088,0.9797,0.065,0,0,0,0,0.449,0.069,1
TND-003525,MPLADS-003525,1,Open e-Tender,2022-03-26,28,3,3,0,0.5,Open e-Tender,1933000.0,1933000.0,-0.0397,0.0496,0.9265,0.204,0,0,0,0,0.629,0.301,1
TND-003526,MPLADS-003526,1,Open e-Tender,2022-12-25,26,4,4,0,0.667,Open e-Tender,1144000.0,1144000.0,-0.0577,0.0142,0.8838,0.215,0,0,0,0,0.435,0.309,1
TND-003527,MPLADS-003527,1,Open e-Tender,2023-11-25,18,6,6,0,1.0,Open e-Tender,692000.0,692000.0,-0.0184,0.0079,0.9767,0.182,0,0,0,0,0.679,0.364,1
TND-003528,MPLADS-003528,1,Open e-Tender,2022-03-22,24,5,4,0,0.833,Open e-Tender,644000.0,644000.0,-0.0272,0.0497,0.9446,0.054,1,0,0,0,0.664,0.206,1
TND-003529,MPLADS-003529,1,Open e-Tender,2022-10-28,25,5,4,0,0.833,Open e-Tender,2344000.0,2344000.0,-0.0217,0.0341,0.8613,0.123,0,0,0,0,0.602,0.169,1
TND-003530,MPLADS-003530,1,Open e-Tender,2022-02-02,21,5,4,0,0.833,Open e-Tender,13620000.0,13620000.0,-0.0528,0.0142,0.8574,0.057,0,0,0,0,0.256,0.311,1
TND-003531,MPLADS-003531,1,Open e-Tender,2022-12-08,21,3,2,0,0.5,Open e-Tender,785000.0,785000.0,-0.045,0.0114,0.8596,0.144,0,0,0,0,0.273,0.331,1
TND-003532,MPLADS-003532,1,Direct / Single Inquiry,2023-11-23,16,1,1,1,0.167,Single Tender Inquiry,640000.0,640000.0,-0.0139,0.0123,0.0,0.127,1,0,0,0,0.63,0.059,0
TND-003533,MPLADS-003533,1,Open e-Tender,2022-11-05,14,3,3,0,0.5,Open e-Tender,615000.0,615000.0,-0.0223,0.0088,0.9407,0.246,0,0,0,0,0.27,0.343,1
TND-003534,MPLADS-003534,1,Open e-Tender,2023-05-11,21,5,4,0,0.833,Open e-Tender,449000.0,449000.0,0.0,0.005,0.9267,0.064,0,0,0,0,0.732,0.054,1
TND-003535,MPLADS-003535,1,Open e-Tender,2023-12-05,20,3,3,0,0.5,Open e-Tender,2782000.0,2782000.0,-0.0482,0.0206,0.8947,0.072,0,0,0,0,0.283,0.161,1
TND-003536,MPLADS-003536,1,Open e-Tender,2023-01-15,14,5,5,0,0.833,Open e-Tender,1605000.0,1605000.0,-0.0019,0.0409,0.9755,0.015,0,0,0,0,0.678,0.353,1
TND-003537,MPLADS-003537,1,Open e-Tender,2023-07-28,23,5,5,0,0.833,Open e-Tender,3284000.0,3284000.0,-0.022,0.0427,0.8632,0.23,0,0,0,0,0.662,0.171,1
TND-003538,MPLADS-003538,1,Direct / Single Inquiry,2023-08-14,20,1,1,1,0.167,Single Tender Inquiry,428000.0,428000.0,-0.0655,0.0092,0.0,0.22,1,0,0,1,0.192,0.209,0
TND-003539,MPLADS-003539,1,Open e-Tender,2023-03-08,24,5,4,0,0.833,Open e-Tender,10146000.0,10146000.0,-0.0398,0.0105,0.8817,0.046,0,0,0,0,0.7,0.322,1
TND-003540,MPLADS-003540,1,Open e-Tender,2022-08-24,22,6,6,0,1.0,Open e-Tender,2750000.0,2750000.0,-0.0248,0.0309,0.9416,0.047,0,0,0,0,0.705,0.213,1
TND-003541,MPLADS-003541,1,Open e-Tender,2023-01-21,28,6,6,0,1.0,Open e-Tender,449000.0,449000.0,-0.0154,0.0411,0.8661,0.197,0,0,0,0,0.65,0.345,1
TND-003542,MPLADS-003542,1,Open e-Tender,2023-01-15,19,5,4,0,0.833,Open e-Tender,1887000.0,1887000.0,-0.0202,0.0498,0.8827,0.029,0,0,0,1,0.329,0.206,1
TND-003543,MPLADS-003543,1,Open e-Tender,2023-01-05,24,3,2,0,0.5,Open e-Tender,11516000.0,11516000.0,-0.0553,0.0157,0.8948,0.08,0,0,0,0,0.521,0.208,1
TND-003544,MPLADS-003544,1,Open e-Tender,2023-07-08,23,3,3,0,0.5,Open e-Tender,2020000.0,2020000.0,-0.0789,0.01,0.9,0.23,0,0,0,1,0.413,0.075,1
TND-003545,MPLADS-003545,1,Open e-Tender,2022-12-29,16,7,7,0,1.0,Open e-Tender,702000.0,702000.0,0.0086,0.0316,0.8778,0.074,0,0,0,0,0.659,0.152,1
TND-003546,MPLADS-003546,1,Open e-Tender,2022-03-04,21,3,2,0,0.5,Open e-Tender,869000.0,869000.0,-0.0366,0.0153,0.8539,0.231,0,0,0,0,0.361,0.068,1
TND-003547,MPLADS-003547,1,Open e-Tender,2023-05-08,26,7,6,0,1.0,Open e-Tender,1713000.0,1713000.0,-0.0289,0.0218,0.9245,0.101,0,0,0,0,0.377,0.494,1
TND-003548,MPLADS-003548,1,Open e-Tender,2022-04-28,15,6,5,0,1.0,Open e-Tender,3001000.0,3001000.0,-0.0619,0.0315,0.8708,0.177,0,0,0,0,0.7,0.1,1
TND-003549,MPLADS-003549,1,Open e-Tender,2023-05-12,29,5,5,0,0.833,Open e-Tender,577000.0,577000.0,-0.0753,0.0201,0.9827,0.03,0,0,0,1,0.212,0.319,1
TND-003550,MPLADS-003550,1,Open e-Tender,2022-07-13,24,5,5,0,0.833,Open e-Tender,2891000.0,2891000.0,-0.0592,0.0176,0.8788,0.105,0,0,0,0,0.554,0.384,1
TND-003551,MPLADS-003551,1,Direct / Single Inquiry,2022-04-12,14,1,1,1,0.167,Single Tender Inquiry,368000.0,368000.0,-0.0491,0.0146,0.0,0.168,0,0,0,0,0.501,0.183,0
TND-003552,MPLADS-003552,1,Open e-Tender,2023-05-17,25,4,4,0,0.667,Open e-Tender,518000.0,518000.0,-0.0058,0.0442,0.8997,0.233,0,0,0,0,0.248,0.109,1
TND-003553,MPLADS-003553,1,Open e-Tender,2022-01-04,19,4,3,0,0.667,Open e-Tender,1974000.0,1974000.0,-0.0233,0.0303,0.9186,0.182,0,0,0,1,0.386,0.284,1
TND-003554,MPLADS-003554,1,Open e-Tender,2022-03-19,24,3,3,0,0.5,Open e-Tender,1460000.0,1460000.0,0.016,0.0462,0.8677,0.161,1,0,0,0,0.436,0.225,1
TND-003555,MPLADS-003555,1,Open e-Tender,2023-10-07,21,6,6,0,1.0,Open e-Tender,3152000.0,3152000.0,-0.0622,0.0444,0.9282,0.086,1,0,0,0,0.274,0.177,1
TND-003556,MPLADS-003556,1,Open e-Tender,2022-07-25,16,4,4,0,0.667,Open e-Tender,1492000.0,1492000.0,-0.008,0.0085,0.9134,0.21,0,0,0,0,0.495,0.236,1
TND-003557,MPLADS-003557,1,Open e-Tender,2022-07-25,25,7,6,0,1.0,Open e-Tender,659000.0,659000.0,-0.0251,0.0065,0.8835,0.25,0,0,0,0,0.547,0.052,1
TND-003558,MPLADS-003558,1,Open e-Tender,2023-05-17,18,7,6,0,1.0,Open e-Tender,1912000.0,1912000.0,0.0074,0.0356,0.9344,0.127,1,0,0,0,0.373,0.145,1
TND-003559,MPLADS-003559,1,Open e-Tender,2023-11-11,17,3,2,0,0.5,Open e-Tender,2352000.0,2352000.0,-0.0478,0.0332,0.8835,0.124,0,0,0,1,0.263,0.381,1
TND-003560,MPLADS-003560,1,Open e-Tender,2022-03-23,22,4,3,0,0.667,Open e-Tender,1828000.0,1828000.0,0.0011,0.0064,0.9284,0.061,0,0,0,0,0.444,0.122,1
TND-003561,MPLADS-003561,1,Open e-Tender,2023-01-06,27,3,3,0,0.5,Open e-Tender,10931000.0,10931000.0,-0.0211,0.013,0.901,0.096,0,0,0,0,0.57,0.211,1
TND-003562,MPLADS-003562,1,Open e-Tender,2023-01-21,21,6,6,0,1.0,Open e-Tender,2131000.0,2131000.0,-0.0783,0.0197,0.9125,0.244,0,0,0,0,0.311,0.09,1
TND-003563,MPLADS-003563,1,Open e-Tender,2023-03-28,25,6,6,0,1.0,Open e-Tender,1509000.0,1509000.0,0.0107,0.0454,0.8743,0.035,0,0,0,0,0.666,0.149,1
TND-003564,MPLADS-003564,1,Open e-Tender,2023-10-08,29,6,5,0,1.0,Open e-Tender,2200000.0,2200000.0,-0.0244,0.0241,0.8756,0.056,0,0,0,0,0.585,0.139,1
TND-003565,MPLADS-003565,1,Open e-Tender,2022-03-20,23,7,6,0,1.0,Open e-Tender,10175000.0,10175000.0,0.0108,0.0144,0.9357,0.077,0,0,0,0,0.596,0.058,1
TND-003566,MPLADS-003566,1,Open e-Tender,2023-04-16,14,5,5,0,0.833,Open e-Tender,16302000.0,16302000.0,0.0057,0.0059,0.9251,0.193,0,0,0,0,0.511,0.435,1
TND-003567,MPLADS-003567,1,Open e-Tender,2023-12-03,16,6,6,0,1.0,Open e-Tender,1395000.0,1395000.0,-0.0252,0.0475,0.9424,0.026,0,0,0,0,0.499,0.24,1
TND-003568,MPLADS-003568,1,Open e-Tender,2023-02-09,29,4,4,0,0.667,Open e-Tender,559000.0,559000.0,0.009,0.028,0.9614,0.02,1,0,0,0,0.505,0.243,1
TND-003569,MPLADS-003569,1,Open e-Tender,2022-03-16,22,6,5,0,1.0,Open e-Tender,11177000.0,11177000.0,-0.0738,0.0412,0.96,0.066,1,0,0,1,0.374,0.134,1
TND-003570,MPLADS-003570,1,Open e-Tender,2023-07-21,19,6,6,0,1.0,Open e-Tender,1930000.0,1930000.0,-0.0067,0.012,0.9808,0.078,0,0,0,0,0.435,0.479,1
TND-003571,MPLADS-003571,1,Open e-Tender,2023-09-20,25,5,5,0,0.833,Open e-Tender,388000.0,388000.0,-0.0718,0.0013,0.9384,0.094,0,0,0,0,0.667,0.476,1
TND-003572,MPLADS-003572,1,Direct / Single Inquiry,2023-09-20,14,1,1,1,0.167,Single Tender Inquiry,1031000.0,1031000.0,-0.0661,0.0306,0.0,0.162,0,0,0,0,0.681,0.28,0
TND-003573,MPLADS-003573,1,Open e-Tender,2022-03-11,16,7,7,0,1.0,Open e-Tender,994000.0,994000.0,-0.0387,0.0059,0.9301,0.067,0,0,0,1,0.376,0.055,1
TND-003574,MPLADS-003574,1,Open e-Tender,2022-03-26,20,4,3,0,0.667,Open e-Tender,1186000.0,1186000.0,-0.0617,0.041,0.952,0.068,0,0,0,0,0.199,0.29,1
TND-003575,MPLADS-003575,1,Open e-Tender,2022-12-12,20,3,3,0,0.5,Open e-Tender,2414000.0,2414000.0,-0.0398,0.0372,0.9684,0.063,1,0,0,0,0.287,0.444,1
TND-003576,MPLADS-003576,1,Open e-Tender,2023-10-05,20,6,5,0,1.0,Open e-Tender,1643000.0,1643000.0,-0.0712,0.0211,0.9195,0.149,0,0,0,0,0.563,0.322,1
TND-003577,MPLADS-003577,1,Open e-Tender,2022-09-30,29,5,5,0,0.833,Open e-Tender,12151000.0,12151000.0,-0.0166,0.025,0.9599,0.1,0,0,0,0,0.694,0.492,1
TND-003578,MPLADS-003578,1,Open e-Tender,2023-08-16,20,6,6,0,1.0,Open e-Tender,2712000.0,2712000.0,-0.0537,0.0142,0.8807,0.121,0,0,0,0,0.29,0.229,1
TND-003579,MPLADS-003579,1,Open e-Tender,2022-07-03,29,6,5,0,1.0,Open e-Tender,3550000.0,3550000.0,-0.0228,0.0158,0.9184,0.046,0,0,0,0,0.661,0.421,1
TND-003580,MPLADS-003580,1,Open e-Tender,2022-07-02,15,4,3,0,0.667,Open e-Tender,2246000.0,2246000.0,0.0081,0.0214,0.8847,0.027,0,0,0,0,0.256,0.483,1
TND-003581,MPLADS-003581,1,Open e-Tender,2022-10-17,20,6,6,0,1.0,Open e-Tender,1714000.0,1714000.0,-0.0654,0.03,0.9275,0.063,1,0,0,0,0.533,0.233,1
TND-003582,MPLADS-003582,1,Open e-Tender,2023-10-20,15,3,2,0,0.5,Open e-Tender,3051000.0,3051000.0,0.0043,0.0129,0.9777,0.009,1,0,0,0,0.289,0.454,1
TND-003583,MPLADS-003583,1,Open e-Tender,2023-04-02,18,4,3,0,0.667,Open e-Tender,3485000.0,3485000.0,-0.0057,0.0014,0.942,0.221,0,0,0,0,0.59,0.206,1
TND-003584,MPLADS-003584,1,Open e-Tender,2023-07-23,17,3,3,0,0.5,Open e-Tender,2162000.0,2162000.0,-0.0092,0.0301,0.8645,0.101,0,0,0,0,0.443,0.143,1
TND-003585,MPLADS-003585,1,Open e-Tender,2023-05-25,27,6,6,0,1.0,Open e-Tender,913000.0,913000.0,-0.074,0.0169,0.9096,0.156,1,0,0,0,0.568,0.349,1
TND-003586,MPLADS-003586,1,Open e-Tender,2023-06-04,15,7,7,0,1.0,Open e-Tender,706000.0,706000.0,-0.0771,0.0044,0.931,0.15,0,0,0,1,0.702,0.232,1
TND-003587,MPLADS-003587,1,Open e-Tender,2022-06-08,28,6,5,0,1.0,Open e-Tender,11968000.0,11968000.0,-0.0494,0.0443,0.9357,0.152,0,0,0,0,0.399,0.085,1
TND-003588,MPLADS-003588,1,Open e-Tender,2023-01-07,29,3,2,0,0.5,Open e-Tender,3479000.0,3479000.0,0.0093,0.0247,0.9238,0.023,0,0,0,0,0.638,0.188,1
TND-003589,MPLADS-003589,1,Open e-Tender,2022-06-13,24,4,4,0,0.667,Open e-Tender,501000.0,501000.0,-0.067,0.0342,0.9532,0.239,0,0,0,0,0.467,0.128,1
TND-003590,MPLADS-003590,1,Open e-Tender,2022-05-15,14,7,6,0,1.0,Open e-Tender,2575000.0,2575000.0,-0.0194,0.0317,0.9874,0.132,0,0,0,0,0.144,0.389,1
TND-003591,MPLADS-003591,1,Open e-Tender,2022-04-05,29,3,3,0,0.5,Open e-Tender,8773000.0,8773000.0,-0.0058,0.0199,0.8947,0.04,0,0,0,0,0.422,0.324,1
TND-003592,MPLADS-003592,1,Open e-Tender,2022-07-09,18,5,5,0,0.833,Open e-Tender,1784000.0,1784000.0,-0.0556,0.0173,0.9713,0.075,0,0,0,0,0.73,0.394,1
TND-003593,MPLADS-003593,1,Open e-Tender,2023-05-10,19,5,4,0,0.833,Open e-Tender,13798000.0,13798000.0,-0.02,0.0371,0.8569,0.143,0,0,0,0,0.745,0.067,1
TND-003594,MPLADS-003594,1,Open e-Tender,2022-04-16,14,4,3,0,0.667,Open e-Tender,1664000.0,1664000.0,-0.0551,0.0335,0.8766,0.109,0,0,0,1,0.301,0.163,1
TND-003595,MPLADS-003595,1,Open e-Tender,2022-04-22,19,3,2,0,0.5,Open e-Tender,860000.0,860000.0,-0.0293,0.0073,0.8731,0.076,0,0,0,0,0.357,0.108,1
TND-003596,MPLADS-003596,1,Open e-Tender,2023-05-13,18,4,3,0,0.667,Open e-Tender,14277000.0,14277000.0,0.0023,0.0315,0.9568,0.214,0,0,0,0,0.501,0.054,1
TND-003597,MPLADS-003597,1,Open e-Tender,2022-12-22,24,7,7,0,1.0,Open e-Tender,1639000.0,1639000.0,-0.0073,0.0315,0.9359,0.212,0,0,0,1,0.43,0.482,1
TND-003598,MPLADS-003598,1,Open e-Tender,2022-09-24,17,7,6,0,1.0,Open e-Tender,785000.0,785000.0,-0.0344,0.0029,0.8734,0.007,1,0,0,0,0.72,0.465,1
TND-003599,MPLADS-003599,1,Open e-Tender,2022-08-22,21,4,3,0,0.667,Open e-Tender,965000.0,965000.0,-0.0021,0.001,0.9814,0.167,1,0,0,0,0.556,0.195,1
TND-003600,MPLADS-003600,1,Open e-Tender,2022-02-24,26,3,2,0,0.5,Open e-Tender,690000.0,690000.0,0.0132,0.0336,0.8607,0.247,1,0,0,0,0.14,0.422,1
TND-003601,MPLADS-003601,1,Open e-Tender,2022-05-10,20,7,7,0,1.0,Open e-Tender,3719000.0,3719000.0,-0.073,0.0058,0.9529,0.078,1,0,0,0,0.562,0.139,1
TND-003602,MPLADS-003602,1,Open e-Tender,2022-09-20,17,4,3,0,0.667,Open e-Tender,2492000.0,2492000.0,-0.0084,0.0326,0.9753,0.206,0,0,0,0,0.143,0.491,1
TND-003603,MPLADS-003603,1,Open e-Tender,2022-03-21,23,5,4,0,0.833,Open e-Tender,1462000.0,1462000.0,-0.0568,0.0111,0.867,0.117,0,0,0,0,0.733,0.322,1
TND-003604,MPLADS-003604,1,Open e-Tender,2022-06-06,26,6,6,0,1.0,Open e-Tender,3790000.0,3790000.0,0.0126,0.0142,0.9474,0.189,0,0,0,1,0.428,0.328,1
TND-003605,MPLADS-003605,1,Open e-Tender,2022-04-05,27,5,5,0,0.833,Open e-Tender,544000.0,544000.0,-0.0621,0.0095,0.8623,0.035,0,0,0,0,0.282,0.424,1
TND-003606,MPLADS-003606,1,Open e-Tender,2022-05-24,24,4,4,0,0.667,Open e-Tender,65139000.0,65139000.0,-0.0277,0.004,0.959,0.113,1,0,0,0,0.638,0.435,1
TND-003607,MPLADS-003607,1,Open e-Tender,2023-01-26,17,5,4,0,0.833,Open e-Tender,2983000.0,2983000.0,-0.021,0.0488,0.9568,0.079,0,0,0,0,0.657,0.306,1
TND-003608,MPLADS-003608,1,Direct / Single Inquiry,2023-07-25,20,1,1,1,0.167,Single Tender Inquiry,453000.0,453000.0,-0.0736,0.044,0.0,0.145,0,0,0,1,0.427,0.228,0
TND-003609,MPLADS-003609,1,Open e-Tender,2023-02-28,18,7,7,0,1.0,Open e-Tender,2478000.0,2478000.0,-0.0709,0.0052,0.8608,0.125,0,0,0,0,0.596,0.255,1
TND-003610,MPLADS-003610,1,Open e-Tender,2022-02-23,18,5,4,0,0.833,Open e-Tender,606000.0,606000.0,0.0066,0.0286,0.8961,0.211,0,0,0,0,0.645,0.222,1
TND-003611,MPLADS-003611,1,Open e-Tender,2023-04-28,21,5,4,0,0.833,Open e-Tender,2778000.0,2778000.0,-0.0103,0.0187,0.9405,0.106,0,0,0,0,0.286,0.182,1
TND-003612,MPLADS-003612,1,Open e-Tender,2022-04-28,17,6,6,0,1.0,Open e-Tender,1725000.0,1725000.0,0.0105,0.018,0.9791,0.216,0,0,0,0,0.391,0.341,1
TND-003613,MPLADS-003613,1,Open e-Tender,2022-12-17,27,6,5,0,1.0,Open e-Tender,2439000.0,2439000.0,-0.0379,0.0282,0.9779,0.002,0,0,0,0,0.379,0.499,1
TND-003614,MPLADS-003614,1,Open e-Tender,2023-02-08,22,7,6,0,1.0,Open e-Tender,760000.0,760000.0,-0.0026,0.0035,0.946,0.088,0,0,0,0,0.517,0.336,1
TND-003615,MPLADS-003615,1,Open e-Tender,2022-05-14,17,7,6,0,1.0,Open e-Tender,638000.0,638000.0,-0.0478,0.0464,0.9039,0.024,0,0,0,0,0.381,0.393,1
TND-003616,MPLADS-003616,1,Open e-Tender,2022-10-23,24,3,2,0,0.5,Open e-Tender,10465000.0,10465000.0,-0.0705,0.0199,0.8652,0.069,0,0,0,0,0.395,0.404,1
TND-003617,MPLADS-003617,1,Open e-Tender,2022-04-24,29,7,7,0,1.0,Open e-Tender,15694000.0,15694000.0,-0.017,0.01,0.9587,0.205,0,0,0,0,0.405,0.066,1
TND-003618,MPLADS-003618,1,Open e-Tender,2023-04-03,27,3,2,0,0.5,Open e-Tender,2792000.0,2792000.0,-0.0014,0.0321,0.8587,0.167,0,0,0,0,0.58,0.363,1
TND-003619,MPLADS-003619,1,Open e-Tender,2022-10-16,18,7,6,0,1.0,Open e-Tender,2527000.0,2527000.0,-0.0351,0.0138,0.9132,0.055,0,0,0,0,0.271,0.319,1
TND-003620,MPLADS-003620,1,Open e-Tender,2023-01-13,25,5,5,0,0.833,Open e-Tender,11208000.0,11208000.0,-0.0655,0.0371,0.8594,0.148,0,0,0,0,0.668,0.19,1
TND-003621,MPLADS-003621,1,Direct / Single Inquiry,2022-08-27,27,1,1,1,0.167,Single Tender Inquiry,704000.0,704000.0,0.0129,0.0164,0.0,0.209,1,0,0,0,0.369,0.237,0
TND-003622,MPLADS-003622,1,Open e-Tender,2022-01-07,27,7,6,0,1.0,Open e-Tender,1420000.0,1420000.0,-0.022,0.03,0.9778,0.096,0,0,0,1,0.402,0.062,1
TND-003623,MPLADS-003623,1,Open e-Tender,2022-04-25,15,6,6,0,1.0,Open e-Tender,2777000.0,2777000.0,-0.059,0.0377,0.9876,0.071,0,0,0,0,0.339,0.125,1
TND-003624,MPLADS-003624,1,Open e-Tender,2023-01-06,26,3,3,0,0.5,Open e-Tender,1664000.0,1664000.0,-0.0297,0.0131,0.9192,0.002,0,0,0,0,0.328,0.325,1
TND-003625,MPLADS-003625,1,Open e-Tender,2023-04-28,27,7,6,0,1.0,Open e-Tender,1109000.0,1109000.0,0.0156,0.0315,0.9389,0.066,0,0,0,0,0.195,0.111,1
TND-003626,MPLADS-003626,1,Open e-Tender,2022-02-23,28,3,2,0,0.5,Open e-Tender,1777000.0,1777000.0,-0.0745,0.0408,0.8919,0.175,0,0,0,0,0.215,0.147,1
TND-003627,MPLADS-003627,1,Open e-Tender,2023-12-25,22,6,6,0,1.0,Open e-Tender,1156000.0,1156000.0,-0.073,0.0237,0.9779,0.158,0,0,0,0,0.542,0.417,1
TND-003628,MPLADS-003628,1,Open e-Tender,2023-06-10,24,4,4,0,0.667,Open e-Tender,2394000.0,2394000.0,-0.0604,0.0227,0.8808,0.009,0,0,0,1,0.247,0.453,1
TND-003629,MPLADS-003629,1,Open e-Tender,2022-10-25,27,7,6,0,1.0,Open e-Tender,913000.0,913000.0,0.0055,0.0437,0.8557,0.157,0,0,0,0,0.114,0.409,1
TND-003630,MPLADS-003630,1,Open e-Tender,2023-09-06,26,3,3,0,0.5,Open e-Tender,2504000.0,2504000.0,0.0052,0.0426,0.8579,0.034,0,0,0,0,0.553,0.05,1
TND-003631,MPLADS-003631,1,Open e-Tender,2023-06-20,27,7,7,0,1.0,Open e-Tender,2026000.0,2026000.0,-0.0638,0.0111,0.9499,0.24,1,0,0,0,0.368,0.382,1
TND-003632,MPLADS-003632,1,Open e-Tender,2023-07-11,14,3,2,0,0.5,Open e-Tender,1029000.0,1029000.0,-0.0428,0.0408,0.8767,0.064,0,0,0,0,0.453,0.156,1
TND-003633,MPLADS-003633,1,Open e-Tender,2023-06-17,19,3,2,0,0.5,Open e-Tender,1492000.0,1492000.0,-0.0652,0.0126,0.9254,0.019,1,0,0,0,0.286,0.318,1
TND-003634,MPLADS-003634,1,Open e-Tender,2023-04-30,19,3,2,0,0.5,Open e-Tender,1048000.0,1048000.0,-0.0359,0.0169,0.9114,0.073,1,0,0,0,0.72,0.413,1
TND-003635,MPLADS-003635,1,Open e-Tender,2022-03-10,23,5,5,0,0.833,Open e-Tender,672000.0,672000.0,0.0151,0.0058,0.9478,0.095,0,0,0,0,0.264,0.352,1
TND-003636,MPLADS-003636,1,Open e-Tender,2023-12-20,15,3,3,0,0.5,Open e-Tender,1067000.0,1067000.0,0.0,0.0042,0.8665,0.198,0,0,0,0,0.544,0.38,1
TND-003637,MPLADS-003637,1,Open e-Tender,2022-03-23,17,4,4,0,0.667,Open e-Tender,11052000.0,11052000.0,-0.0087,0.0281,0.9771,0.082,0,0,0,0,0.665,0.273,1
TND-003638,MPLADS-003638,1,Open e-Tender,2023-12-19,21,5,4,0,0.833,Open e-Tender,438000.0,438000.0,-0.0179,0.012,0.9471,0.119,0,0,0,1,0.746,0.258,1
TND-003639,MPLADS-003639,1,Open e-Tender,2022-05-09,24,5,4,0,0.833,Open e-Tender,592000.0,592000.0,-0.0182,0.0408,0.8738,0.249,0,0,0,0,0.552,0.268,1
TND-003640,MPLADS-003640,1,Open e-Tender,2022-11-03,15,7,7,0,1.0,Open e-Tender,3259000.0,3259000.0,-0.0327,0.0028,0.9549,0.187,1,0,0,0,0.725,0.052,1
TND-003641,MPLADS-003641,1,Open e-Tender,2023-07-03,24,6,5,0,1.0,Open e-Tender,1889000.0,1889000.0,-0.0115,0.0148,0.9189,0.184,0,0,0,1,0.42,0.264,1
TND-003642,MPLADS-003642,1,Open e-Tender,2023-10-15,28,4,4,0,0.667,Open e-Tender,2209000.0,2209000.0,-0.0753,0.0276,0.9858,0.049,0,0,0,1,0.673,0.165,1
TND-003643,MPLADS-003643,1,Open e-Tender,2022-06-12,29,7,7,0,1.0,Open e-Tender,3550000.0,3550000.0,-0.0658,0.0221,0.9165,0.199,0,0,0,0,0.594,0.099,1
TND-003644,MPLADS-003644,1,Open e-Tender,2023-10-14,26,7,7,0,1.0,Open e-Tender,2958000.0,2958000.0,-0.0283,0.0096,0.8861,0.065,1,0,0,0,0.574,0.42,1
TND-003645,MPLADS-003645,1,Open e-Tender,2022-09-02,26,3,2,0,0.5,Open e-Tender,1757000.0,1757000.0,-0.0173,0.0233,0.8903,0.219,1,0,0,0,0.365,0.403,1
TND-003646,MPLADS-003646,1,Open e-Tender,2023-04-05,23,7,6,0,1.0,Open e-Tender,2172000.0,2172000.0,-0.0465,0.0336,0.9776,0.183,0,0,0,0,0.604,0.132,1
TND-003647,MPLADS-003647,1,Open e-Tender,2022-11-11,21,6,5,0,1.0,Open e-Tender,561000.0,561000.0,-0.0209,0.0398,0.8505,0.077,0,0,0,0,0.103,0.081,1
TND-003648,MPLADS-003648,1,Open e-Tender,2022-08-20,22,5,4,0,0.833,Open e-Tender,2424000.0,2424000.0,-0.0174,0.0359,0.8762,0.167,0,0,0,0,0.127,0.281,1
TND-003649,MPLADS-003649,1,Open e-Tender,2022-04-07,27,3,2,0,0.5,Open e-Tender,3269000.0,3269000.0,0.0018,0.0154,0.8551,0.076,0,0,0,0,0.472,0.094,1
TND-003650,MPLADS-003650,1,Open e-Tender,2023-06-11,24,7,7,0,1.0,Open e-Tender,1499000.0,1499000.0,-0.0525,0.0058,0.8845,0.164,0,0,0,0,0.263,0.106,1
TND-003651,MPLADS-003651,1,Open e-Tender,2022-03-04,14,6,6,0,1.0,Open e-Tender,2597000.0,2597000.0,0.0113,0.0439,0.8657,0.242,0,0,0,0,0.6,0.472,1
TND-003652,MPLADS-003652,1,Open e-Tender,2023-07-26,22,6,5,0,1.0,Open e-Tender,15908000.0,15908000.0,-0.0173,0.0304,0.8931,0.093,0,0,0,1,0.489,0.299,1
TND-003653,MPLADS-003653,1,Open e-Tender,2023-01-01,19,4,4,0,0.667,Open e-Tender,578000.0,578000.0,0.0158,0.0073,0.8583,0.124,0,0,0,1,0.514,0.236,1
TND-003654,MPLADS-003654,1,Open e-Tender,2022-09-29,25,3,2,0,0.5,Open e-Tender,16416000.0,16416000.0,-0.0164,0.0082,0.9856,0.172,0,0,0,0,0.71,0.269,1
TND-003655,MPLADS-003655,1,Open e-Tender,2022-03-31,19,5,5,0,0.833,Open e-Tender,2062000.0,2062000.0,-0.0232,0.0422,0.8626,0.243,0,0,0,0,0.711,0.212,1
TND-003656,MPLADS-003656,1,Open e-Tender,2022-03-11,28,5,4,0,0.833,Open e-Tender,7264000.0,7264000.0,-0.0705,0.046,0.8986,0.117,0,0,0,1,0.433,0.087,1
TND-003657,MPLADS-003657,1,Open e-Tender,2023-04-26,14,5,4,0,0.833,Open e-Tender,3154000.0,3154000.0,0.0128,0.0138,0.9675,0.226,1,0,0,0,0.211,0.244,1
TND-003658,MPLADS-003658,1,Open e-Tender,2023-05-31,17,4,4,0,0.667,Open e-Tender,9587000.0,9587000.0,-0.071,0.0462,0.8875,0.174,0,0,0,0,0.525,0.282,1
TND-003659,MPLADS-003659,1,Open e-Tender,2022-09-28,18,4,3,0,0.667,Open e-Tender,584000.0,584000.0,-0.0715,0.0287,0.8617,0.219,0,0,0,0,0.212,0.488,1
TND-003660,MPLADS-003660,1,Open e-Tender,2022-05-16,15,5,5,0,0.833,Open e-Tender,3282000.0,3282000.0,0.0117,0.0159,0.9865,0.228,0,0,0,0,0.218,0.297,1
TND-003661,MPLADS-003661,1,Open e-Tender,2023-12-23,20,6,6,0,1.0,Open e-Tender,1667000.0,1667000.0,-0.0414,0.0013,0.9525,0.008,0,0,0,0,0.284,0.131,1
TND-003662,MPLADS-003662,1,Open e-Tender,2023-04-17,27,6,5,0,1.0,Open e-Tender,8010000.0,8010000.0,-0.065,0.0065,0.9788,0.22,0,0,0,1,0.309,0.408,1
TND-003663,MPLADS-003663,1,Open e-Tender,2023-06-30,27,4,3,0,0.667,Open e-Tender,2791000.0,2791000.0,0.0018,0.0491,0.9085,0.178,1,0,0,0,0.427,0.218,1
TND-003664,MPLADS-003664,1,Open e-Tender,2022-09-28,22,3,3,0,0.5,Open e-Tender,3084000.0,3084000.0,-0.0758,0.037,0.9749,0.246,0,0,0,0,0.227,0.174,1
TND-003665,MPLADS-003665,1,Open e-Tender,2022-06-09,14,6,5,0,1.0,Open e-Tender,15638000.0,15638000.0,-0.0368,0.0055,0.9874,0.098,0,0,0,1,0.444,0.071,1
TND-003666,MPLADS-003666,1,Open e-Tender,2023-06-02,25,7,7,0,1.0,Open e-Tender,2562000.0,2562000.0,-0.0408,0.0032,0.9364,0.129,0,0,0,1,0.685,0.436,1
TND-003667,MPLADS-003667,1,Open e-Tender,2023-07-08,27,4,3,0,0.667,Open e-Tender,1994000.0,1994000.0,-0.0482,0.0125,0.9854,0.183,1,0,0,0,0.463,0.429,1
TND-003668,MPLADS-003668,1,Open e-Tender,2023-02-08,18,4,4,0,0.667,Open e-Tender,2359000.0,2359000.0,-0.0034,0.0287,0.9538,0.134,0,0,0,0,0.552,0.21,1
TND-003669,MPLADS-003669,1,Open e-Tender,2022-02-09,21,5,5,0,0.833,Open e-Tender,3623000.0,3623000.0,-0.0476,0.0152,0.942,0.222,0,0,0,1,0.499,0.223,1
TND-003670,MPLADS-003670,1,Open e-Tender,2023-09-05,29,7,7,0,1.0,Open e-Tender,14618000.0,14618000.0,-0.0066,0.0059,0.9622,0.092,0,0,0,0,0.327,0.465,1
TND-003671,MPLADS-003671,1,Open e-Tender,2022-09-17,27,5,4,0,0.833,Open e-Tender,10212000.0,10212000.0,-0.0679,0.0325,0.8782,0.14,0,0,0,1,0.467,0.392,1
TND-003672,MPLADS-003672,1,Open e-Tender,2023-09-25,17,6,5,0,1.0,Open e-Tender,894000.0,894000.0,0.0136,0.0135,0.9108,0.097,0,0,0,0,0.418,0.464,1
TND-003673,MPLADS-003673,1,Open e-Tender,2023-10-21,22,7,7,0,1.0,Open e-Tender,8970000.0,8970000.0,-0.0594,0.0266,0.9123,0.212,0,0,0,0,0.292,0.282,1
TND-003674,MPLADS-003674,1,Open e-Tender,2023-08-24,15,6,5,0,1.0,Open e-Tender,1040000.0,1040000.0,-0.037,0.0007,0.9797,0.077,0,0,0,0,0.438,0.468,1
TND-003675,MPLADS-003675,1,Open e-Tender,2022-05-24,15,5,4,0,0.833,Open e-Tender,10024000.0,10024000.0,0.006,0.0228,0.921,0.115,0,0,0,1,0.304,0.382,1
TND-003676,MPLADS-003676,1,Open e-Tender,2023-01-16,29,5,4,0,0.833,Open e-Tender,640000.0,640000.0,-0.0765,0.0079,0.9883,0.173,0,0,0,0,0.458,0.118,1
TND-003677,MPLADS-003677,1,Open e-Tender,2022-01-21,20,7,7,0,1.0,Open e-Tender,8886000.0,8886000.0,-0.0094,0.0248,0.88,0.244,0,0,0,0,0.381,0.327,1
TND-003678,MPLADS-003678,1,Open e-Tender,2022-05-28,15,3,2,0,0.5,Open e-Tender,2381000.0,2381000.0,-0.0674,0.0353,0.9055,0.238,0,0,0,0,0.218,0.227,1
TND-003679,MPLADS-003679,1,Open e-Tender,2022-07-18,18,5,4,0,0.833,Open e-Tender,12688000.0,12688000.0,-0.0151,0.043,0.9835,0.069,0,0,0,0,0.181,0.195,1
TND-003680,MPLADS-003680,1,Open e-Tender,2023-06-28,19,6,5,0,1.0,Open e-Tender,2727000.0,2727000.0,-0.0102,0.0347,0.8772,0.056,0,0,0,0,0.326,0.185,1
TND-003681,MPLADS-003681,1,Open e-Tender,2022-09-13,24,6,5,0,1.0,Open e-Tender,767000.0,767000.0,0.0159,0.0409,0.9116,0.177,0,0,0,0,0.54,0.273,1
TND-003682,MPLADS-003682,1,Open e-Tender,2022-09-01,24,4,4,0,0.667,Open e-Tender,3255000.0,3255000.0,-0.0344,0.0402,0.8575,0.108,0,0,0,0,0.196,0.483,1
TND-003683,MPLADS-003683,1,Open e-Tender,2022-04-29,23,7,6,0,1.0,Open e-Tender,623000.0,623000.0,0.0,0.0361,0.9299,0.223,0,0,0,1,0.307,0.459,1
TND-003684,MPLADS-003684,1,Open e-Tender,2023-09-11,27,4,4,0,0.667,Open e-Tender,1144000.0,1144000.0,-0.0289,0.0011,0.8968,0.217,0,0,0,0,0.449,0.167,1
TND-003685,MPLADS-003685,1,Open e-Tender,2023-07-26,29,3,3,0,0.5,Open e-Tender,1593000.0,1593000.0,-0.0695,0.0314,0.9815,0.131,0,0,0,0,0.728,0.303,1
TND-003686,MPLADS-003686,1,Open e-Tender,2023-12-07,24,5,4,0,0.833,Open e-Tender,3235000.0,3235000.0,0.0031,0.0388,0.9023,0.138,1,0,0,0,0.212,0.348,1
TND-003687,MPLADS-003687,1,Direct / Single Inquiry,2022-05-01,17,1,1,1,0.167,Single Tender Inquiry,1063000.0,1063000.0,0.0105,0.0187,0.0,0.158,0,0,0,0,0.376,0.413,0
TND-003688,MPLADS-003688,1,Open e-Tender,2023-01-28,20,6,6,0,1.0,Open e-Tender,1647000.0,1647000.0,-0.0469,0.0149,0.8883,0.054,0,0,0,1,0.668,0.416,1
TND-003689,MPLADS-003689,1,Open e-Tender,2022-01-18,25,5,5,0,0.833,Open e-Tender,635000.0,635000.0,-0.0393,0.0306,0.8912,0.126,0,0,0,0,0.356,0.239,1
TND-003690,MPLADS-003690,1,Open e-Tender,2022-10-22,23,6,5,0,1.0,Open e-Tender,709000.0,709000.0,-0.018,0.0204,0.9366,0.048,0,0,0,0,0.512,0.165,1
TND-003691,MPLADS-003691,1,Open e-Tender,2022-02-07,22,7,7,0,1.0,Open e-Tender,1237000.0,1237000.0,-0.0748,0.0037,0.9891,0.005,0,0,0,0,0.123,0.36,1
TND-003692,MPLADS-003692,1,Open e-Tender,2023-11-25,27,6,5,0,1.0,Open e-Tender,1328000.0,1328000.0,0.0008,0.0354,0.8737,0.214,0,0,0,0,0.455,0.142,1
TND-003693,MPLADS-003693,1,Open e-Tender,2023-02-17,23,7,6,0,1.0,Open e-Tender,691000.0,691000.0,0.0177,0.0316,0.9632,0.022,0,0,0,0,0.725,0.096,1
TND-003694,MPLADS-003694,1,Open e-Tender,2023-11-08,20,4,3,0,0.667,Open e-Tender,1777000.0,1777000.0,-0.0215,0.0004,0.9003,0.152,0,0,0,0,0.489,0.381,1
TND-003695,MPLADS-003695,1,Open e-Tender,2023-07-28,16,5,4,0,0.833,Open e-Tender,437000.0,437000.0,0.0,0.0035,0.8501,0.195,0,0,0,0,0.444,0.226,1
TND-003696,MPLADS-003696,1,Direct / Single Inquiry,2023-05-18,21,1,1,1,0.167,Single Tender Inquiry,1295000.0,1295000.0,-0.0285,0.0085,0.0,0.136,0,0,0,0,0.288,0.303,0
TND-003697,MPLADS-003697,1,Open e-Tender,2023-02-01,19,4,4,0,0.667,Open e-Tender,15094000.0,15094000.0,-0.0025,0.003,0.8538,0.243,0,0,0,1,0.375,0.219,1
TND-003698,MPLADS-003698,1,Open e-Tender,2022-03-09,14,4,4,0,0.667,Open e-Tender,1690000.0,1690000.0,-0.0585,0.0233,0.9203,0.177,0,0,0,0,0.426,0.483,1
TND-003699,MPLADS-003699,1,Open e-Tender,2023-06-19,17,7,6,0,1.0,Open e-Tender,1762000.0,1762000.0,-0.0702,0.0205,0.9577,0.175,0,0,0,0,0.478,0.266,1
TND-003700,MPLADS-003700,1,Open e-Tender,2022-04-13,16,4,4,0,0.667,Open e-Tender,1489000.0,1489000.0,-0.0492,0.0473,0.9634,0.14,1,0,0,0,0.393,0.278,1
TND-003701,MPLADS-003701,1,Open e-Tender,2022-12-25,19,4,3,0,0.667,Open e-Tender,8536000.0,8536000.0,0.0096,0.029,0.8635,0.245,0,0,0,1,0.403,0.089,1
TND-003702,MPLADS-003702,1,Open e-Tender,2022-12-13,23,5,5,0,0.833,Open e-Tender,2422000.0,2422000.0,-0.0434,0.0481,0.8604,0.204,0,0,0,0,0.342,0.134,1
TND-003703,MPLADS-003703,1,Open e-Tender,2023-08-31,14,5,5,0,0.833,Open e-Tender,2989000.0,2989000.0,-0.0755,0.0009,0.8685,0.162,0,0,0,0,0.349,0.268,1
TND-003704,MPLADS-003704,1,Open e-Tender,2023-07-12,29,5,4,0,0.833,Open e-Tender,2609000.0,2609000.0,-0.0265,0.0062,0.8763,0.004,1,0,0,0,0.24,0.176,1
TND-003705,MPLADS-003705,1,Open e-Tender,2022-12-17,19,3,2,0,0.5,Open e-Tender,1744000.0,1744000.0,0.0035,0.0046,0.8877,0.14,0,0,0,0,0.66,0.093,1
TND-003706,MPLADS-003706,1,Open e-Tender,2023-07-09,27,4,3,0,0.667,Open e-Tender,577000.0,577000.0,-0.0154,0.0316,0.9531,0.223,0,0,0,0,0.274,0.124,1
TND-003707,MPLADS-003707,1,Open e-Tender,2022-09-28,19,4,4,0,0.667,Open e-Tender,11127000.0,11127000.0,-0.0019,0.0055,0.9847,0.088,0,0,0,0,0.165,0.425,1
TND-003708,MPLADS-003708,1,Open e-Tender,2023-03-01,15,5,5,0,0.833,Open e-Tender,2291000.0,2291000.0,-0.0255,0.0252,0.9565,0.096,0,0,0,1,0.623,0.451,1
TND-003709,MPLADS-003709,1,Open e-Tender,2022-08-24,27,7,6,0,1.0,Open e-Tender,3581000.0,3581000.0,-0.0181,0.0383,0.8813,0.107,0,0,0,0,0.725,0.367,1
TND-003710,MPLADS-003710,1,Open e-Tender,2022-03-24,26,7,7,0,1.0,Open e-Tender,3347000.0,3347000.0,-0.0268,0.0196,0.8631,0.139,0,0,0,0,0.382,0.367,1
TND-003711,MPLADS-003711,1,Open e-Tender,2022-07-15,16,7,7,0,1.0,Open e-Tender,13092000.0,13092000.0,-0.0526,0.0415,0.8603,0.101,0,0,0,0,0.658,0.153,1
TND-003712,MPLADS-003712,1,Open e-Tender,2023-03-21,17,7,6,0,1.0,Open e-Tender,3889000.0,3889000.0,0.0143,0.0455,0.9292,0.046,0,0,0,0,0.326,0.07,1
TND-003713,MPLADS-003713,1,Open e-Tender,2022-07-02,27,3,2,0,0.5,Open e-Tender,2185000.0,2185000.0,-0.0718,0.0144,0.9371,0.234,1,0,0,0,0.214,0.252,1
TND-003714,MPLADS-003714,1,Open e-Tender,2023-08-10,27,7,6,0,1.0,Open e-Tender,2976000.0,2976000.0,-0.0366,0.0106,0.9718,0.093,0,0,0,0,0.366,0.254,1
TND-003715,MPLADS-003715,1,Open e-Tender,2023-07-05,20,6,6,0,1.0,Open e-Tender,629000.0,629000.0,-0.047,0.0274,0.863,0.144,0,0,0,0,0.689,0.36,1
TND-003716,MPLADS-003716,1,Open e-Tender,2022-02-18,14,6,6,0,1.0,Open e-Tender,10775000.0,10775000.0,-0.0116,0.021,0.8984,0.083,0,0,0,0,0.27,0.278,1
TND-003717,MPLADS-003717,1,Open e-Tender,2023-05-22,22,6,6,0,1.0,Open e-Tender,3148000.0,3148000.0,-0.0461,0.037,0.871,0.234,1,0,0,0,0.119,0.318,1
TND-003718,MPLADS-003718,1,Open e-Tender,2023-09-18,22,4,4,0,0.667,Open e-Tender,12462000.0,12462000.0,-0.0428,0.046,0.8854,0.031,0,0,0,0,0.24,0.186,1
TND-003719,MPLADS-003719,1,Open e-Tender,2022-10-19,25,7,6,0,1.0,Open e-Tender,718000.0,718000.0,-0.0151,0.0157,0.9247,0.213,1,0,0,1,0.492,0.387,1
TND-003720,MPLADS-003720,1,Open e-Tender,2023-02-09,18,3,3,0,0.5,Open e-Tender,2201000.0,2201000.0,-0.0562,0.0383,0.8723,0.226,0,0,0,0,0.419,0.209,1
TND-003721,MPLADS-003721,1,Open e-Tender,2022-02-09,22,5,5,0,0.833,Open e-Tender,1986000.0,1986000.0,-0.0202,0.0379,0.9628,0.054,0,0,0,0,0.507,0.487,1
TND-003722,MPLADS-003722,1,Open e-Tender,2022-03-12,27,3,2,0,0.5,Open e-Tender,584000.0,584000.0,-0.0504,0.0499,0.9514,0.188,0,0,0,0,0.723,0.082,1
TND-003723,MPLADS-003723,1,Open e-Tender,2023-06-21,22,5,4,0,0.833,Open e-Tender,3515000.0,3515000.0,-0.0745,0.0008,0.9214,0.075,0,0,0,0,0.239,0.344,1
TND-003724,MPLADS-003724,1,Open e-Tender,2023-03-16,17,3,3,0,0.5,Open e-Tender,766000.0,766000.0,0.02,0.0303,0.9609,0.029,0,0,0,0,0.608,0.246,1
TND-003725,MPLADS-003725,1,Open e-Tender,2023-11-15,27,5,5,0,0.833,Open e-Tender,990000.0,990000.0,0.0123,0.0021,0.8783,0.015,0,0,0,0,0.542,0.271,1
TND-003726,MPLADS-003726,1,Open e-Tender,2023-02-19,15,4,3,0,0.667,Open e-Tender,506000.0,506000.0,-0.0542,0.01,0.9009,0.166,0,0,0,0,0.408,0.141,1
TND-003727,MPLADS-003727,1,Open e-Tender,2022-02-01,26,5,5,0,0.833,Open e-Tender,2519000.0,2519000.0,0.0,0.0364,0.8826,0.078,0,0,0,0,0.236,0.147,1
TND-003728,MPLADS-003728,1,Open e-Tender,2022-04-08,21,7,7,0,1.0,Open e-Tender,643000.0,643000.0,-0.0474,0.0155,0.9486,0.236,0,0,0,0,0.154,0.458,1
TND-003729,MPLADS-003729,1,Open e-Tender,2023-06-08,16,7,7,0,1.0,Open e-Tender,1064000.0,1064000.0,-0.031,0.0091,0.9854,0.202,0,0,0,0,0.431,0.145,1
TND-003730,MPLADS-003730,1,Open e-Tender,2023-07-15,20,6,5,0,1.0,Open e-Tender,2409000.0,2409000.0,-0.0656,0.0353,0.9001,0.181,0,0,0,0,0.268,0.179,1
TND-003731,MPLADS-003731,1,Open e-Tender,2022-12-22,22,6,5,0,1.0,Open e-Tender,1313000.0,1313000.0,-0.0641,0.0226,0.8501,0.188,0,0,0,1,0.164,0.28,1
TND-003732,MPLADS-003732,1,Open e-Tender,2023-01-19,25,3,3,0,0.5,Open e-Tender,3475000.0,3475000.0,-0.0003,0.0002,0.8933,0.009,0,0,0,0,0.212,0.12,1
TND-003733,MPLADS-003733,1,Open e-Tender,2022-10-27,25,4,4,0,0.667,Open e-Tender,1264000.0,1264000.0,-0.0232,0.0343,0.9666,0.116,0,0,0,0,0.425,0.416,1
TND-003734,MPLADS-003734,1,Open e-Tender,2022-05-30,27,3,2,0,0.5,Open e-Tender,6352000.0,6352000.0,-0.0178,0.0064,0.9438,0.035,0,0,0,0,0.251,0.346,1
TND-003735,MPLADS-003735,1,Open e-Tender,2023-03-14,28,4,4,0,0.667,Open e-Tender,1968000.0,1968000.0,-0.0101,0.0396,0.878,0.142,0,0,0,0,0.424,0.299,1
TND-003736,MPLADS-003736,1,Open e-Tender,2022-04-26,19,5,5,0,0.833,Open e-Tender,3885000.0,3885000.0,0.0175,0.0147,0.8506,0.136,0,0,0,0,0.429,0.369,1
TND-003737,MPLADS-003737,1,Open e-Tender,2023-08-17,14,5,5,0,0.833,Open e-Tender,1852000.0,1852000.0,-0.0712,0.0289,0.8856,0.126,0,0,0,1,0.541,0.408,1
TND-003738,MPLADS-003738,1,Open e-Tender,2022-05-16,24,5,4,0,0.833,Open e-Tender,960000.0,960000.0,-0.0661,0.0094,0.9521,0.015,0,0,0,0,0.363,0.096,1
TND-003739,MPLADS-003739,1,Open e-Tender,2022-10-22,19,3,3,0,0.5,Open e-Tender,1765000.0,1765000.0,-0.0444,0.0485,0.986,0.009,0,0,0,0,0.483,0.406,1
TND-003740,MPLADS-003740,1,Open e-Tender,2022-03-23,27,5,4,0,0.833,Open e-Tender,13314000.0,13314000.0,-0.0042,0.036,0.8549,0.135,0,0,0,0,0.53,0.199,1
TND-003741,MPLADS-003741,1,Open e-Tender,2023-02-28,24,3,2,0,0.5,Open e-Tender,461000.0,461000.0,0.0154,0.0026,0.9381,0.064,0,0,0,0,0.531,0.226,1
TND-003742,MPLADS-003742,1,Open e-Tender,2023-06-14,15,7,6,0,1.0,Open e-Tender,1773000.0,1773000.0,0.0034,0.0243,0.9183,0.137,0,0,0,0,0.459,0.231,1
TND-003743,MPLADS-003743,1,Direct / Single Inquiry,2022-09-26,21,1,1,1,0.167,Single Tender Inquiry,2762000.0,2762000.0,-0.0004,0.0177,0.0,0.092,0,0,0,0,0.5,0.403,0
TND-003744,MPLADS-003744,1,Open e-Tender,2023-08-12,18,4,4,0,0.667,Open e-Tender,2968000.0,2968000.0,0.0109,0.0225,0.8775,0.204,1,0,0,0,0.176,0.331,1
TND-003745,MPLADS-003745,1,Open e-Tender,2023-08-09,18,3,3,0,0.5,Open e-Tender,1014000.0,1014000.0,-0.0714,0.0348,0.9308,0.214,0,0,0,0,0.655,0.092,1
TND-003746,MPLADS-003746,1,Open e-Tender,2022-03-04,16,5,4,0,0.833,Open e-Tender,1901000.0,1901000.0,0.0026,0.0,0.9071,0.142,0,0,0,0,0.448,0.248,1
TND-003747,MPLADS-003747,1,Open e-Tender,2022-08-17,22,4,4,0,0.667,Open e-Tender,1707000.0,1707000.0,-0.049,0.027,0.8681,0.188,0,0,0,0,0.627,0.166,1
TND-003748,MPLADS-003748,1,Open e-Tender,2023-03-06,16,7,6,0,1.0,Open e-Tender,13493000.0,13493000.0,0.0164,0.02,0.9644,0.121,0,0,0,0,0.358,0.127,1
TND-003749,MPLADS-003749,1,Direct / Single Inquiry,2023-10-13,25,1,1,1,0.167,Single Tender Inquiry,2515000.0,2515000.0,-0.0581,0.0045,0.0,0.09,0,0,0,0,0.739,0.357,0
TND-003750,MPLADS-003750,1,Open e-Tender,2023-04-17,18,4,4,0,0.667,Open e-Tender,1893000.0,1893000.0,-0.0766,0.0078,0.9233,0.025,1,0,0,0,0.167,0.075,1
TND-003751,MPLADS-003751,1,Open e-Tender,2022-02-24,21,4,3,0,0.667,Open e-Tender,874000.0,874000.0,-0.0224,0.0407,0.8936,0.15,1,0,0,0,0.478,0.496,1
TND-003752,MPLADS-003752,1,Open e-Tender,2022-02-06,19,3,3,0,0.5,Open e-Tender,3895000.0,3895000.0,0.0104,0.009,0.8817,0.09,0,0,0,1,0.728,0.193,1
TND-003753,MPLADS-003753,1,Open e-Tender,2022-05-18,18,3,2,0,0.5,Open e-Tender,4010000.0,4010000.0,-0.0181,0.0195,0.9656,0.178,0,0,0,1,0.466,0.477,1
TND-003754,MPLADS-003754,1,Open e-Tender,2023-02-27,23,5,4,0,0.833,Open e-Tender,1679000.0,1679000.0,-0.0455,0.0215,0.96,0.147,0,0,0,0,0.417,0.269,1
TND-003755,MPLADS-003755,1,Open e-Tender,2023-03-10,27,3,3,0,0.5,Open e-Tender,642000.0,642000.0,-0.0655,0.0074,0.9715,0.236,0,0,0,0,0.706,0.164,1
TND-003756,MPLADS-003756,1,Open e-Tender,2022-01-30,27,4,4,0,0.667,Open e-Tender,3248000.0,3248000.0,-0.0752,0.0281,0.9671,0.007,0,0,0,1,0.605,0.254,1
TND-003757,MPLADS-003757,1,Open e-Tender,2023-05-04,24,5,4,0,0.833,Open e-Tender,345000.0,345000.0,-0.0574,0.0231,0.9663,0.164,0,0,0,0,0.141,0.13,1
TND-003758,MPLADS-003758,1,Open e-Tender,2023-04-09,27,5,4,0,0.833,Open e-Tender,2380000.0,2380000.0,-0.0589,0.0101,0.9825,0.164,0,0,0,1,0.704,0.19,1
TND-003759,MPLADS-003759,1,Open e-Tender,2022-02-04,17,3,3,0,0.5,Open e-Tender,412000.0,412000.0,0.0073,0.042,0.9588,0.161,0,0,0,0,0.193,0.376,1
TND-003760,MPLADS-003760,1,Open e-Tender,2023-11-24,14,5,5,0,0.833,Open e-Tender,2497000.0,2497000.0,0.015,0.0413,0.9493,0.193,0,0,0,0,0.553,0.185,1
TND-003761,MPLADS-003761,1,Open e-Tender,2022-10-03,25,5,5,0,0.833,Open e-Tender,537000.0,537000.0,-0.0645,0.0419,0.9576,0.027,0,0,0,0,0.33,0.422,1
TND-003762,MPLADS-003762,1,Direct / Single Inquiry,2023-02-03,19,1,1,1,0.167,Single Tender Inquiry,2623000.0,2623000.0,-0.051,0.0196,0.0,0.173,1,0,0,1,0.442,0.438,0
TND-003763,MPLADS-003763,1,Open e-Tender,2023-02-25,25,3,3,0,0.5,Open e-Tender,3084000.0,3084000.0,-0.041,0.019,0.9003,0.158,0,0,0,1,0.628,0.235,1
TND-003764,MPLADS-003764,1,Open e-Tender,2022-11-02,14,4,3,0,0.667,Open e-Tender,3178000.0,3178000.0,-0.0329,0.0286,0.8514,0.086,0,0,0,0,0.491,0.165,1
TND-003765,MPLADS-003765,1,Open e-Tender,2023-01-11,14,6,6,0,1.0,Open e-Tender,2426000.0,2426000.0,-0.0315,0.0373,0.9536,0.009,0,0,0,0,0.396,0.176,1
TND-003766,MPLADS-003766,1,Open e-Tender,2023-07-21,22,6,5,0,1.0,Open e-Tender,2121000.0,2121000.0,-0.0623,0.0361,0.8505,0.233,0,0,0,0,0.39,0.239,1
TND-003767,MPLADS-003767,1,Open e-Tender,2023-02-09,19,4,3,0,0.667,Open e-Tender,2189000.0,2189000.0,-0.0284,0.0054,0.9646,0.196,0,0,0,0,0.529,0.46,1
TND-003768,MPLADS-003768,1,Open e-Tender,2023-09-07,26,5,5,0,0.833,Open e-Tender,1931000.0,1931000.0,-0.0143,0.0373,0.989,0.025,0,0,0,0,0.109,0.37,1
TND-003769,MPLADS-003769,1,Direct / Single Inquiry,2022-04-06,18,1,1,1,0.167,Single Tender Inquiry,1962000.0,1962000.0,-0.0214,0.0402,0.0,0.091,1,0,0,0,0.308,0.433,0
TND-003770,MPLADS-003770,1,Open e-Tender,2022-09-23,29,4,4,0,0.667,Open e-Tender,11783000.0,11783000.0,-0.0024,0.0249,0.9225,0.179,0,0,0,0,0.543,0.291,1
TND-003771,MPLADS-003771,1,Open e-Tender,2022-09-23,20,7,7,0,1.0,Open e-Tender,657000.0,657000.0,-0.0281,0.0396,0.9663,0.038,0,0,0,0,0.514,0.187,1
TND-003772,MPLADS-003772,1,Open e-Tender,2023-10-15,16,4,3,0,0.667,Open e-Tender,13013000.0,13013000.0,-0.0659,0.0489,0.9079,0.009,0,0,0,0,0.709,0.439,1
TND-003773,MPLADS-003773,1,Open e-Tender,2022-06-15,22,7,7,0,1.0,Open e-Tender,754000.0,754000.0,0.008,0.003,0.8908,0.03,0,0,0,0,0.559,0.442,1
TND-003774,MPLADS-003774,1,Open e-Tender,2022-12-18,17,7,6,0,1.0,Open e-Tender,1915000.0,1915000.0,0.001,0.0436,0.8814,0.12,0,0,0,0,0.687,0.385,1
TND-003775,MPLADS-003775,1,Open e-Tender,2023-10-13,19,7,7,0,1.0,Open e-Tender,2688000.0,2688000.0,0.0067,0.0264,0.8675,0.07,0,0,0,0,0.406,0.451,1
TND-003776,MPLADS-003776,1,Open e-Tender,2023-04-19,22,3,2,0,0.5,Open e-Tender,1984000.0,1984000.0,-0.0794,0.0031,0.9782,0.115,0,0,0,0,0.451,0.222,1
TND-003777,MPLADS-003777,1,Open e-Tender,2023-04-18,17,5,5,0,0.833,Open e-Tender,3295000.0,3295000.0,-0.0639,0.0061,0.9838,0.11,0,0,0,1,0.135,0.252,1
TND-003778,MPLADS-003778,1,Open e-Tender,2022-10-23,29,5,4,0,0.833,Open e-Tender,2412000.0,2412000.0,-0.0519,0.0343,0.8522,0.247,0,0,0,0,0.697,0.444,1
TND-003779,MPLADS-003779,1,Open e-Tender,2023-08-22,19,6,5,0,1.0,Open e-Tender,2107000.0,2107000.0,0.0033,0.0225,0.9443,0.189,0,0,0,1,0.525,0.176,1
TND-003780,MPLADS-003780,1,Open e-Tender,2023-01-10,19,7,6,0,1.0,Open e-Tender,2924000.0,2924000.0,-0.0247,0.0403,0.9178,0.027,0,0,0,0,0.661,0.202,1
TND-003781,MPLADS-003781,1,Open e-Tender,2022-03-27,25,4,4,0,0.667,Open e-Tender,14156000.0,14156000.0,-0.0736,0.033,0.8838,0.077,0,0,0,0,0.173,0.285,1
TND-003782,MPLADS-003782,1,Open e-Tender,2023-05-25,15,7,7,0,1.0,Open e-Tender,2451000.0,2451000.0,0.0066,0.0358,0.979,0.088,0,0,0,0,0.58,0.123,1
TND-003783,MPLADS-003783,1,Open e-Tender,2023-05-20,22,6,6,0,1.0,Open e-Tender,619000.0,619000.0,-0.0016,0.0335,0.9255,0.013,0,0,0,0,0.674,0.449,1
TND-003784,MPLADS-003784,1,Open e-Tender,2022-04-27,22,3,3,0,0.5,Open e-Tender,708000.0,708000.0,-0.0635,0.0359,0.9798,0.097,0,0,0,0,0.598,0.245,1
TND-003785,MPLADS-003785,1,Open e-Tender,2023-08-05,24,3,2,0,0.5,Open e-Tender,411000.0,411000.0,-0.0307,0.0037,0.9623,0.248,0,0,0,0,0.426,0.189,1
TND-003786,MPLADS-003786,1,Open e-Tender,2023-12-09,14,6,5,0,1.0,Open e-Tender,3335000.0,3335000.0,-0.0422,0.0313,0.872,0.181,0,0,0,0,0.102,0.185,1
TND-003787,MPLADS-003787,1,Open e-Tender,2023-08-29,29,4,3,0,0.667,Open e-Tender,15068000.0,15068000.0,-0.0628,0.0149,0.8806,0.006,0,0,0,0,0.136,0.217,1
TND-003788,MPLADS-003788,1,Open e-Tender,2023-06-09,23,6,5,0,1.0,Open e-Tender,2714000.0,2714000.0,-0.0237,0.0351,0.9698,0.153,0,0,0,0,0.567,0.189,1
TND-003789,MPLADS-003789,1,Open e-Tender,2022-11-03,26,3,3,0,0.5,Open e-Tender,48012000.0,48012000.0,-0.0728,0.0039,0.9767,0.101,0,0,0,0,0.659,0.085,1
TND-003790,MPLADS-003790,1,Open e-Tender,2023-04-18,19,5,4,0,0.833,Open e-Tender,360000.0,360000.0,-0.0746,0.0425,0.9311,0.087,1,0,0,0,0.578,0.407,1
TND-003791,MPLADS-003791,1,Open e-Tender,2023-01-01,28,3,2,0,0.5,Open e-Tender,1662000.0,1662000.0,-0.0736,0.0339,0.871,0.111,0,0,0,0,0.118,0.151,1
TND-003792,MPLADS-003792,1,Open e-Tender,2023-07-25,15,7,6,0,1.0,Open e-Tender,2528000.0,2528000.0,-0.0613,0.0476,0.9654,0.161,0,0,0,0,0.609,0.221,1
TND-003793,MPLADS-003793,1,Open e-Tender,2023-04-30,15,5,4,0,0.833,Open e-Tender,3556000.0,3556000.0,-0.0324,0.0035,0.9721,0.141,0,0,0,0,0.648,0.259,1
TND-003794,MPLADS-003794,1,Open e-Tender,2022-06-17,16,4,3,0,0.667,Open e-Tender,1698000.0,1698000.0,-0.0325,0.017,0.9319,0.218,1,0,0,0,0.729,0.204,1
TND-003795,MPLADS-003795,1,Open e-Tender,2022-10-01,14,3,3,0,0.5,Open e-Tender,503000.0,503000.0,0.0121,0.0236,0.8868,0.051,0,0,0,0,0.108,0.157,1
TND-003796,MPLADS-003796,1,Open e-Tender,2023-09-21,23,4,3,0,0.667,Open e-Tender,1652000.0,1652000.0,-0.0646,0.0213,0.9568,0.175,0,0,0,0,0.63,0.072,1
TND-003797,MPLADS-003797,1,Open e-Tender,2023-06-25,23,7,7,0,1.0,Open e-Tender,9116000.0,9116000.0,0.0027,0.0362,0.8934,0.089,0,0,0,0,0.499,0.429,1
TND-003798,MPLADS-003798,1,Open e-Tender,2023-09-17,29,5,4,0,0.833,Open e-Tender,648000.0,648000.0,-0.0703,0.0036,0.8949,0.018,1,0,0,0,0.633,0.452,1
TND-003799,MPLADS-003799,1,Open e-Tender,2022-06-01,22,6,6,0,1.0,Open e-Tender,16071000.0,16071000.0,-0.0238,0.0299,0.9135,0.042,1,0,0,1,0.349,0.155,1
TND-003800,MPLADS-003800,1,Direct / Single Inquiry,2023-09-18,20,1,1,1,0.167,Single Tender Inquiry,2751000.0,2751000.0,-0.0296,0.0091,0.0,0.222,0,0,0,0,0.545,0.199,0
TND-003801,MPLADS-003801,1,Open e-Tender,2022-06-16,27,7,7,0,1.0,Open e-Tender,2688000.0,2688000.0,-0.067,0.0418,0.8508,0.094,0,0,0,0,0.146,0.214,1
TND-003802,MPLADS-003802,1,Open e-Tender,2022-10-14,14,4,4,0,0.667,Open e-Tender,3078000.0,3078000.0,0.0082,0.0172,0.9249,0.008,0,0,0,1,0.734,0.497,1
TND-003803,MPLADS-003803,1,Open e-Tender,2022-11-15,28,5,5,0,0.833,Open e-Tender,1652000.0,1652000.0,-0.0766,0.0056,0.9565,0.014,1,0,0,0,0.292,0.283,1
TND-003804,MPLADS-003804,1,Open e-Tender,2023-09-03,19,5,4,0,0.833,Open e-Tender,619000.0,619000.0,-0.0096,0.002,0.8618,0.073,0,0,0,1,0.456,0.276,1
TND-003805,MPLADS-003805,1,Open e-Tender,2023-07-06,21,6,6,0,1.0,Open e-Tender,722000.0,722000.0,0.0169,0.0186,0.9403,0.176,0,0,0,0,0.4,0.272,1
TND-003806,MPLADS-003806,1,Open e-Tender,2022-02-17,23,3,3,0,0.5,Open e-Tender,1242000.0,1242000.0,-0.0335,0.0475,0.9282,0.173,0,0,0,0,0.749,0.115,1
TND-003807,MPLADS-003807,1,Open e-Tender,2022-06-16,19,6,6,0,1.0,Open e-Tender,2354000.0,2354000.0,-0.022,0.0032,0.9886,0.228,1,0,0,0,0.464,0.195,1
TND-003808,MPLADS-003808,1,Open e-Tender,2022-02-12,18,4,4,0,0.667,Open e-Tender,748000.0,748000.0,-0.0298,0.0495,0.8643,0.25,0,0,0,0,0.657,0.209,1
TND-003809,MPLADS-003809,1,Open e-Tender,2023-09-08,14,4,3,0,0.667,Open e-Tender,427000.0,427000.0,-0.0093,0.0371,0.9359,0.125,0,0,0,0,0.576,0.183,1
TND-003810,MPLADS-003810,1,Open e-Tender,2023-07-24,22,6,6,0,1.0,Open e-Tender,733000.0,733000.0,-0.0662,0.0003,0.8765,0.223,0,0,0,0,0.184,0.347,1
TND-003811,MPLADS-003811,1,Open e-Tender,2023-07-24,19,5,5,0,0.833,Open e-Tender,2262000.0,2262000.0,-0.0105,0.0464,0.8614,0.085,0,0,0,0,0.12,0.312,1
TND-003812,MPLADS-003812,1,Open e-Tender,2023-04-21,23,3,3,0,0.5,Open e-Tender,829000.0,829000.0,-0.0189,0.0263,0.9542,0.112,1,0,0,0,0.247,0.349,1
TND-003813,MPLADS-003813,1,Open e-Tender,2022-06-02,22,6,6,0,1.0,Open e-Tender,1950000.0,1950000.0,-0.0332,0.0037,0.9308,0.111,0,0,0,0,0.566,0.37,1
TND-003814,MPLADS-003814,1,Open e-Tender,2022-04-29,22,6,6,0,1.0,Open e-Tender,2535000.0,2535000.0,0.0016,0.0116,0.9331,0.056,0,0,0,0,0.4,0.417,1
TND-003815,MPLADS-003815,1,Direct / Single Inquiry,2022-08-15,17,1,1,1,0.167,Single Tender Inquiry,9104000.0,9104000.0,-0.0612,0.0395,0.0,0.163,0,0,0,0,0.265,0.227,0
TND-003816,MPLADS-003816,1,Open e-Tender,2022-08-23,29,3,3,0,0.5,Open e-Tender,1397000.0,1397000.0,0.0087,0.0041,0.9837,0.178,0,0,0,0,0.479,0.066,1
TND-003817,MPLADS-003817,1,Open e-Tender,2023-10-25,21,6,5,0,1.0,Open e-Tender,2022000.0,2022000.0,-0.0759,0.0383,0.9081,0.116,0,0,0,0,0.356,0.344,1
TND-003818,MPLADS-003818,1,Open e-Tender,2023-09-27,18,4,3,0,0.667,Open e-Tender,1555000.0,1555000.0,-0.0478,0.0011,0.9858,0.109,1,0,0,0,0.606,0.308,1
TND-003819,MPLADS-003819,1,Open e-Tender,2022-10-30,17,3,2,0,0.5,Open e-Tender,1746000.0,1746000.0,-0.0163,0.0029,0.8946,0.102,0,0,0,0,0.175,0.084,1
TND-003820,MPLADS-003820,1,Open e-Tender,2023-12-21,21,5,5,0,0.833,Open e-Tender,1541000.0,1541000.0,0.0,0.0215,0.8914,0.172,0,0,0,0,0.127,0.26,1
TND-003821,MPLADS-003821,1,Open e-Tender,2023-06-03,21,7,7,0,1.0,Open e-Tender,2992000.0,2992000.0,-0.0017,0.0351,0.8512,0.087,0,0,0,0,0.341,0.463,1
TND-003822,MPLADS-003822,1,Open e-Tender,2022-06-22,21,3,3,0,0.5,Open e-Tender,1354000.0,1354000.0,0.0196,0.0457,0.928,0.091,1,0,0,0,0.516,0.419,1
TND-003823,MPLADS-003823,1,Open e-Tender,2023-07-06,27,7,7,0,1.0,Open e-Tender,508000.0,508000.0,-0.0696,0.0432,0.9766,0.123,0,0,0,1,0.257,0.44,1
TND-003824,MPLADS-003824,1,Direct / Single Inquiry,2022-05-02,28,1,1,1,0.167,Single Tender Inquiry,645000.0,645000.0,-0.0501,0.0208,0.0,0.24,0,0,0,0,0.709,0.383,0
TND-003825,MPLADS-003825,1,Direct / Single Inquiry,2022-10-17,23,1,1,1,0.167,Single Tender Inquiry,1691000.0,1691000.0,0.0132,0.0358,0.0,0.127,0,0,0,0,0.219,0.318,0
TND-003826,MPLADS-003826,1,Open e-Tender,2023-04-25,19,6,6,0,1.0,Open e-Tender,2787000.0,2787000.0,0.0164,0.0058,0.902,0.166,0,0,0,1,0.564,0.147,1
TND-003827,MPLADS-003827,1,Open e-Tender,2023-01-18,16,4,4,0,0.667,Open e-Tender,15316000.0,15316000.0,-0.0698,0.0136,0.9305,0.209,0,0,0,0,0.213,0.488,1
TND-003828,MPLADS-003828,1,Open e-Tender,2023-08-17,28,7,6,0,1.0,Open e-Tender,657000.0,657000.0,-0.072,0.0413,0.988,0.194,0,0,0,0,0.289,0.473,1
TND-003829,MPLADS-003829,1,Open e-Tender,2022-03-10,24,4,3,0,0.667,Open e-Tender,529000.0,529000.0,0.0076,0.0233,0.979,0.108,0,0,0,0,0.532,0.16,1
TND-003830,MPLADS-003830,1,Open e-Tender,2023-03-06,21,6,5,0,1.0,Open e-Tender,2839000.0,2839000.0,0.0172,0.0075,0.9221,0.224,0,0,0,0,0.613,0.173,1
TND-003831,MPLADS-003831,1,Open e-Tender,2022-04-28,29,6,6,0,1.0,Open e-Tender,1467000.0,1467000.0,-0.0291,0.0022,0.8992,0.07,1,0,0,0,0.193,0.232,1
TND-003832,MPLADS-003832,1,Open e-Tender,2023-06-18,23,6,5,0,1.0,Open e-Tender,1543000.0,1543000.0,-0.0153,0.0044,0.9719,0.106,0,0,0,0,0.216,0.277,1
TND-003833,MPLADS-003833,1,Open e-Tender,2022-05-19,28,3,2,0,0.5,Open e-Tender,1337000.0,1337000.0,0.0191,0.0148,0.8915,0.137,1,0,0,0,0.601,0.39,1
TND-003834,MPLADS-003834,1,Open e-Tender,2022-10-30,22,3,3,0,0.5,Open e-Tender,2217000.0,2217000.0,-0.0481,0.0191,0.9039,0.001,0,0,0,0,0.684,0.26,1
TND-003835,MPLADS-003835,1,Open e-Tender,2022-11-09,28,6,5,0,1.0,Open e-Tender,953000.0,953000.0,-0.0266,0.0441,0.8777,0.151,0,0,0,0,0.301,0.069,1
TND-003836,MPLADS-003836,1,Direct / Single Inquiry,2022-08-29,25,1,1,1,0.167,Single Tender Inquiry,707000.0,707000.0,-0.051,0.002,0.0,0.029,1,0,0,0,0.36,0.051,0
TND-003837,MPLADS-003837,1,Open e-Tender,2022-06-02,22,4,3,0,0.667,Open e-Tender,14526000.0,14526000.0,-0.0507,0.0275,0.8557,0.249,0,0,0,0,0.173,0.162,1
TND-003838,MPLADS-003838,1,Open e-Tender,2022-03-25,29,4,3,0,0.667,Open e-Tender,2047000.0,2047000.0,-0.0187,0.0062,0.8991,0.189,0,0,0,0,0.147,0.062,1
TND-003839,MPLADS-003839,1,Open e-Tender,2022-06-17,28,3,2,0,0.5,Open e-Tender,520000.0,520000.0,-0.058,0.0437,0.9536,0.205,0,0,0,0,0.448,0.465,1
TND-003840,MPLADS-003840,1,Open e-Tender,2022-09-03,28,3,3,0,0.5,Open e-Tender,1913000.0,1913000.0,-0.0284,0.0359,0.8753,0.102,0,0,0,0,0.295,0.325,1
TND-003841,MPLADS-003841,1,Open e-Tender,2022-07-20,15,6,5,0,1.0,Open e-Tender,13868000.0,13868000.0,-0.0068,0.0195,0.918,0.087,0,0,0,0,0.448,0.097,1
TND-003842,MPLADS-003842,1,Open e-Tender,2023-07-13,26,7,7,0,1.0,Open e-Tender,2273000.0,2273000.0,-0.0203,0.0498,0.9539,0.247,0,0,0,0,0.618,0.411,1
TND-003843,MPLADS-003843,1,Open e-Tender,2022-05-29,24,4,4,0,0.667,Open e-Tender,2652000.0,2652000.0,0.0061,0.0305,0.9149,0.054,0,0,0,0,0.555,0.084,1
TND-003844,MPLADS-003844,1,Open e-Tender,2022-05-20,18,6,5,0,1.0,Open e-Tender,2213000.0,2213000.0,-0.0143,0.0356,0.9893,0.076,0,0,0,0,0.685,0.363,1
TND-003845,MPLADS-003845,1,Open e-Tender,2022-06-04,24,7,6,0,1.0,Open e-Tender,1984000.0,1984000.0,-0.0776,0.0215,0.8558,0.096,0,0,0,1,0.501,0.453,1
TND-003846,MPLADS-003846,1,Open e-Tender,2022-10-27,25,5,4,0,0.833,Open e-Tender,1355000.0,1355000.0,-0.0167,0.0141,0.9004,0.194,0,0,0,0,0.359,0.23,1
TND-003847,MPLADS-003847,1,Open e-Tender,2023-01-13,22,7,6,0,1.0,Open e-Tender,8276000.0,8276000.0,-0.0245,0.0173,0.9869,0.164,0,0,0,0,0.707,0.179,1
TND-003848,MPLADS-003848,1,Direct / Single Inquiry,2022-02-07,27,1,1,1,0.167,Single Tender Inquiry,1822000.0,1822000.0,-0.0405,0.029,0.0,0.155,0,0,0,0,0.466,0.376,0
TND-003849,MPLADS-003849,1,Open e-Tender,2022-09-08,28,6,5,0,1.0,Open e-Tender,2310000.0,2310000.0,-0.061,0.0081,0.9214,0.072,0,0,0,1,0.447,0.315,1
TND-003850,MPLADS-003850,1,Open e-Tender,2023-07-27,15,7,6,0,1.0,Open e-Tender,1413000.0,1413000.0,-0.0063,0.0283,0.9226,0.006,1,0,0,0,0.4,0.292,1
TND-003851,MPLADS-003851,1,Open e-Tender,2023-02-27,18,3,2,0,0.5,Open e-Tender,1801000.0,1801000.0,0.0164,0.0075,0.9016,0.177,0,0,0,0,0.464,0.093,1
TND-003852,MPLADS-003852,1,Open e-Tender,2022-01-10,28,4,3,0,0.667,Open e-Tender,1453000.0,1453000.0,-0.0371,0.0383,0.8962,0.12,0,0,0,1,0.454,0.401,1
TND-003853,MPLADS-003853,1,Direct / Single Inquiry,2023-03-19,20,1,1,1,0.167,Single Tender Inquiry,2385000.0,2385000.0,0.0089,0.0415,0.0,0.206,0,0,0,0,0.252,0.472,0
TND-003854,MPLADS-003854,1,Open e-Tender,2022-11-21,16,7,6,0,1.0,Open e-Tender,1588000.0,1588000.0,-0.0542,0.0347,0.8825,0.227,0,0,0,0,0.421,0.169,1
TND-003855,MPLADS-003855,1,Open e-Tender,2022-08-14,21,7,6,0,1.0,Open e-Tender,2827000.0,2827000.0,-0.0761,0.032,0.9615,0.174,1,0,0,0,0.715,0.21,1
TND-003856,MPLADS-003856,1,Open e-Tender,2022-02-01,29,5,4,0,0.833,Open e-Tender,12851000.0,12851000.0,-0.0021,0.0284,0.9545,0.216,0,0,0,1,0.291,0.28,1
TND-003857,MPLADS-003857,1,Open e-Tender,2022-01-30,17,6,5,0,1.0,Open e-Tender,2716000.0,2716000.0,-0.0705,0.0431,0.9232,0.234,0,0,0,0,0.584,0.155,1
TND-003858,MPLADS-003858,1,Open e-Tender,2022-02-15,23,4,3,0,0.667,Open e-Tender,12218000.0,12218000.0,-0.0607,0.0019,0.8639,0.232,0,0,0,0,0.519,0.383,1
TND-003859,MPLADS-003859,1,Open e-Tender,2023-01-20,21,3,2,0,0.5,Open e-Tender,1858000.0,1858000.0,-0.0747,0.0161,0.9078,0.06,0,0,0,0,0.451,0.063,1
TND-003860,MPLADS-003860,1,Open e-Tender,2023-08-23,19,3,2,0,0.5,Open e-Tender,627000.0,627000.0,-0.0752,0.0169,0.9711,0.16,1,0,0,0,0.208,0.32,1
TND-003861,MPLADS-003861,1,Open e-Tender,2023-05-04,17,3,2,0,0.5,Open e-Tender,9977000.0,9977000.0,-0.0409,0.026,0.8781,0.157,0,0,0,1,0.138,0.374,1
TND-003862,MPLADS-003862,1,Open e-Tender,2023-11-03,26,6,5,0,1.0,Open e-Tender,451000.0,451000.0,-0.0301,0.0018,0.923,0.232,0,0,0,1,0.394,0.175,1
TND-003863,MPLADS-003863,1,Open e-Tender,2023-12-24,23,7,7,0,1.0,Open e-Tender,10858000.0,10858000.0,-0.0192,0.0172,0.8571,0.215,0,0,0,0,0.204,0.344,1
TND-003864,MPLADS-003864,1,Open e-Tender,2022-09-15,18,3,3,0,0.5,Open e-Tender,1789000.0,1789000.0,-0.0524,0.0333,0.8521,0.217,0,0,0,0,0.391,0.222,1
TND-003865,MPLADS-003865,1,Open e-Tender,2023-05-15,22,4,4,0,0.667,Open e-Tender,1821000.0,1821000.0,-0.0065,0.0029,0.8967,0.037,0,0,0,0,0.296,0.288,1
TND-003866,MPLADS-003866,1,Open e-Tender,2022-11-21,15,6,6,0,1.0,Open e-Tender,508000.0,508000.0,-0.0155,0.0041,0.8898,0.037,0,0,0,0,0.322,0.371,1
TND-003867,MPLADS-003867,1,Open e-Tender,2022-05-17,15,5,5,0,0.833,Open e-Tender,1969000.0,1969000.0,-0.002,0.0486,0.9014,0.219,0,0,0,0,0.546,0.226,1
TND-003868,MPLADS-003868,1,Open e-Tender,2022-02-01,25,5,4,0,0.833,Open e-Tender,3715000.0,3715000.0,-0.0628,0.0333,0.9188,0.086,0,0,0,0,0.628,0.497,1
TND-003869,MPLADS-003869,1,Open e-Tender,2022-11-12,26,3,3,0,0.5,Open e-Tender,1971000.0,1971000.0,-0.0155,0.0162,0.9837,0.101,0,0,0,0,0.125,0.496,1
TND-003870,MPLADS-003870,1,Open e-Tender,2023-06-24,15,5,4,0,0.833,Open e-Tender,2566000.0,2566000.0,-0.0642,0.0295,0.9499,0.199,1,0,0,0,0.447,0.402,1
TND-003871,MPLADS-003871,1,Direct / Single Inquiry,2023-05-09,25,1,1,1,0.167,Single Tender Inquiry,585000.0,585000.0,-0.0282,0.0407,0.0,0.219,0,0,0,0,0.645,0.358,0
TND-003872,MPLADS-003872,1,Open e-Tender,2023-06-14,27,7,7,0,1.0,Open e-Tender,2216000.0,2216000.0,-0.0419,0.0036,0.9473,0.136,0,0,0,1,0.73,0.471,1
TND-003873,MPLADS-003873,1,Open e-Tender,2022-04-09,23,3,2,0,0.5,Open e-Tender,3446000.0,3446000.0,-0.0095,0.0095,0.9166,0.0,0,0,0,0,0.526,0.312,1
TND-003874,MPLADS-003874,1,Open e-Tender,2023-05-01,17,6,5,0,1.0,Open e-Tender,1466000.0,1466000.0,-0.0088,0.0216,0.8972,0.023,0,0,0,0,0.696,0.499,1
TND-003875,MPLADS-003875,1,Open e-Tender,2023-11-02,25,7,7,0,1.0,Open e-Tender,14038000.0,14038000.0,0.0179,0.0332,0.8606,0.181,0,0,0,1,0.303,0.473,1
TND-003876,MPLADS-003876,1,Open e-Tender,2023-07-13,27,6,5,0,1.0,Open e-Tender,10472000.0,10472000.0,-0.048,0.0348,0.9328,0.106,0,0,0,0,0.464,0.257,1
TND-003877,MPLADS-003877,1,Open e-Tender,2022-12-11,28,5,5,0,0.833,Open e-Tender,3293000.0,3293000.0,-0.0161,0.032,0.9091,0.031,0,0,0,0,0.191,0.187,1
TND-003878,MPLADS-003878,1,Direct / Single Inquiry,2022-06-29,24,1,1,1,0.167,Single Tender Inquiry,3545000.0,3545000.0,-0.0288,0.0431,0.0,0.184,0,0,0,0,0.745,0.083,0
TND-003879,MPLADS-003879,1,Open e-Tender,2023-08-14,26,6,6,0,1.0,Open e-Tender,8326000.0,8326000.0,-0.0221,0.0296,0.8981,0.197,0,0,0,0,0.553,0.156,1
TND-003880,MPLADS-003880,1,Open e-Tender,2023-11-18,19,7,7,0,1.0,Open e-Tender,13373000.0,13373000.0,-0.0207,0.0478,0.8855,0.153,0,0,0,0,0.717,0.287,1
TND-003881,MPLADS-003881,1,Open e-Tender,2023-01-18,24,5,5,0,0.833,Open e-Tender,3666000.0,3666000.0,-0.0728,0.0384,0.8561,0.063,0,0,0,0,0.227,0.487,1
TND-003882,MPLADS-003882,1,Open e-Tender,2022-04-02,20,3,3,0,0.5,Open e-Tender,1414000.0,1414000.0,-0.0091,0.0102,0.9661,0.144,0,0,0,0,0.388,0.164,1
TND-003883,MPLADS-003883,1,Open e-Tender,2023-07-04,28,5,5,0,0.833,Open e-Tender,1709000.0,1709000.0,-0.0383,0.0466,0.9819,0.123,0,0,0,0,0.641,0.49,1
TND-003884,MPLADS-003884,1,Open e-Tender,2023-01-06,22,3,3,0,0.5,Open e-Tender,612000.0,612000.0,-0.0423,0.0036,0.9058,0.24,0,0,0,1,0.179,0.143,1
TND-003885,MPLADS-003885,1,Open e-Tender,2022-10-20,21,7,7,0,1.0,Open e-Tender,4060000.0,4060000.0,0.0094,0.044,0.9811,0.241,1,0,0,1,0.316,0.379,1
TND-003886,MPLADS-003886,1,Open e-Tender,2023-06-07,17,4,4,0,0.667,Open e-Tender,1020000.0,1020000.0,-0.0192,0.0313,0.883,0.089,0,0,0,1,0.67,0.421,1
TND-003887,MPLADS-003887,1,Open e-Tender,2023-02-05,18,7,6,0,1.0,Open e-Tender,1988000.0,1988000.0,0.0025,0.0244,0.9846,0.214,0,0,0,1,0.643,0.309,1
TND-003888,MPLADS-003888,1,Open e-Tender,2022-06-20,15,5,4,0,0.833,Open e-Tender,1074000.0,1074000.0,-0.0628,0.0429,0.8775,0.073,0,0,0,0,0.627,0.124,1
TND-003889,MPLADS-003889,1,Open e-Tender,2023-09-04,29,7,7,0,1.0,Open e-Tender,14036000.0,14036000.0,-0.0684,0.0066,0.8944,0.032,0,0,0,0,0.738,0.296,1
TND-003890,MPLADS-003890,1,Open e-Tender,2022-08-04,28,7,7,0,1.0,Open e-Tender,2482000.0,2482000.0,-0.0461,0.0135,0.8921,0.201,1,0,0,0,0.493,0.494,1
TND-003891,MPLADS-003891,1,Open e-Tender,2023-10-30,15,4,3,0,0.667,Open e-Tender,2013000.0,2013000.0,-0.0228,0.0221,0.8957,0.222,0,0,0,0,0.431,0.395,1
TND-003892,MPLADS-003892,1,Open e-Tender,2023-11-17,28,3,2,0,0.5,Open e-Tender,851000.0,851000.0,-0.0638,0.0413,0.9525,0.056,0,0,0,0,0.602,0.423,1
TND-003893,MPLADS-003893,1,Open e-Tender,2022-06-26,24,7,6,0,1.0,Open e-Tender,3130000.0,3130000.0,-0.0789,0.0329,0.9247,0.002,1,0,0,0,0.338,0.212,1
TND-003894,MPLADS-003894,1,Open e-Tender,2023-11-07,27,7,7,0,1.0,Open e-Tender,1256000.0,1256000.0,-0.0324,0.0314,0.8535,0.07,0,0,0,1,0.544,0.476,1
TND-003895,MPLADS-003895,1,Direct / Single Inquiry,2022-07-06,25,1,1,1,0.167,Single Tender Inquiry,653000.0,653000.0,-0.0604,0.0225,0.0,0.201,0,0,0,1,0.651,0.463,0
TND-003896,MPLADS-003896,1,Open e-Tender,2023-09-19,17,7,6,0,1.0,Open e-Tender,1616000.0,1616000.0,-0.0025,0.0005,0.9738,0.01,0,0,0,0,0.499,0.226,1
TND-003897,MPLADS-003897,1,Open e-Tender,2022-05-27,26,3,2,0,0.5,Open e-Tender,2354000.0,2354000.0,-0.0614,0.0303,0.8861,0.051,0,0,0,0,0.548,0.409,1
TND-003898,MPLADS-003898,1,Open e-Tender,2023-08-02,26,7,7,0,1.0,Open e-Tender,3020000.0,3020000.0,0.011,0.0422,0.9046,0.068,0,0,0,0,0.548,0.353,1
TND-003899,MPLADS-003899,1,Open e-Tender,2023-03-02,23,5,5,0,0.833,Open e-Tender,2077000.0,2077000.0,-0.0468,0.0298,0.9303,0.07,0,0,0,0,0.367,0.122,1
TND-003900,MPLADS-003900,1,Open e-Tender,2022-12-05,29,5,5,0,0.833,Open e-Tender,14178000.0,14178000.0,-0.0385,0.0157,0.9725,0.035,0,0,0,0,0.615,0.261,1
TND-003901,MPLADS-003901,1,Open e-Tender,2023-05-16,20,6,5,0,1.0,Open e-Tender,2200000.0,2200000.0,-0.0214,0.0204,0.9282,0.101,0,0,0,0,0.346,0.204,1
TND-003902,MPLADS-003902,1,Open e-Tender,2022-12-10,14,7,6,0,1.0,Open e-Tender,2025000.0,2025000.0,-0.0603,0.0024,0.9073,0.096,0,0,0,0,0.157,0.119,1
TND-003903,MPLADS-003903,1,Open e-Tender,2023-06-24,26,5,4,0,0.833,Open e-Tender,12760000.0,12760000.0,0.0099,0.0139,0.9406,0.087,1,0,0,0,0.503,0.052,1
TND-003904,MPLADS-003904,1,Open e-Tender,2023-06-12,27,7,7,0,1.0,Open e-Tender,2099000.0,2099000.0,-0.0127,0.0202,0.8651,0.07,0,0,0,0,0.488,0.131,1
TND-003905,MPLADS-003905,1,Open e-Tender,2023-06-21,27,3,3,0,0.5,Open e-Tender,617000.0,617000.0,0.0098,0.0248,0.9221,0.214,0,0,0,0,0.537,0.189,1
TND-003906,MPLADS-003906,1,Direct / Single Inquiry,2022-01-08,28,1,1,1,0.167,Single Tender Inquiry,2749000.0,2749000.0,-0.0666,0.0233,0.0,0.206,0,0,0,0,0.158,0.349,0
TND-003907,MPLADS-003907,1,Open e-Tender,2022-10-14,14,6,5,0,1.0,Open e-Tender,542000.0,542000.0,-0.0719,0.0389,0.925,0.2,0,0,0,1,0.536,0.447,1
TND-003908,MPLADS-003908,1,Open e-Tender,2023-07-25,25,5,4,0,0.833,Open e-Tender,2735000.0,2735000.0,-0.0229,0.0261,0.9733,0.142,0,0,0,1,0.718,0.432,1
TND-003909,MPLADS-003909,1,Open e-Tender,2023-11-29,22,5,4,0,0.833,Open e-Tender,3464000.0,3464000.0,0.0129,0.0454,0.9426,0.041,0,0,0,0,0.146,0.142,1
TND-003910,MPLADS-003910,1,Open e-Tender,2023-07-06,29,5,4,0,0.833,Open e-Tender,10523000.0,10523000.0,-0.004,0.0443,0.9617,0.055,0,0,0,0,0.289,0.496,1
TND-003911,MPLADS-003911,1,Open e-Tender,2022-08-03,27,4,4,0,0.667,Open e-Tender,754000.0,754000.0,0.008,0.0192,0.9054,0.201,0,0,0,0,0.225,0.125,1
TND-003912,MPLADS-003912,1,Open e-Tender,2023-06-28,20,6,5,0,1.0,Open e-Tender,2742000.0,2742000.0,0.0099,0.0255,0.9545,0.158,0,0,0,0,0.368,0.471,1
TND-003913,MPLADS-003913,1,Open e-Tender,2022-02-23,16,6,5,0,1.0,Open e-Tender,634000.0,634000.0,0.0112,0.0044,0.8825,0.124,0,0,0,0,0.111,0.243,1
TND-003914,MPLADS-003914,1,Open e-Tender,2023-04-18,14,6,6,0,1.0,Open e-Tender,2114000.0,2114000.0,-0.0744,0.0402,0.9107,0.157,1,0,0,0,0.295,0.375,1
TND-003915,MPLADS-003915,1,Open e-Tender,2023-10-30,29,3,2,0,0.5,Open e-Tender,10188000.0,10188000.0,-0.0144,0.0201,0.8745,0.069,0,0,0,0,0.509,0.22,1
TND-003916,MPLADS-003916,1,Open e-Tender,2022-07-20,28,5,4,0,0.833,Open e-Tender,9566000.0,9566000.0,-0.0403,0.0147,0.8926,0.243,0,0,0,0,0.376,0.07,1
TND-003917,MPLADS-003917,1,Open e-Tender,2023-11-07,17,6,6,0,1.0,Open e-Tender,2401000.0,2401000.0,-0.0365,0.0432,0.966,0.165,0,0,0,0,0.461,0.057,1
TND-003918,MPLADS-003918,1,Open e-Tender,2023-07-19,20,7,7,0,1.0,Open e-Tender,3142000.0,3142000.0,-0.0751,0.0424,0.9614,0.179,0,0,0,0,0.137,0.273,1
TND-003919,MPLADS-003919,1,Open e-Tender,2023-04-03,15,5,5,0,0.833,Open e-Tender,8532000.0,8532000.0,-0.0411,0.0012,0.8936,0.072,0,0,0,0,0.381,0.406,1
TND-003920,MPLADS-003920,1,Open e-Tender,2023-07-05,29,6,6,0,1.0,Open e-Tender,871000.0,871000.0,-0.0322,0.0133,0.9502,0.248,0,0,0,1,0.119,0.053,1
TND-003921,MPLADS-003921,1,Open e-Tender,2023-07-06,20,5,4,0,0.833,Open e-Tender,12896000.0,12896000.0,-0.0388,0.0026,0.8666,0.231,0,0,0,0,0.68,0.191,1
TND-003922,MPLADS-003922,1,Open e-Tender,2023-03-29,22,4,4,0,0.667,Open e-Tender,1955000.0,1955000.0,-0.0298,0.0344,0.9751,0.116,0,0,0,0,0.507,0.323,1
TND-003923,MPLADS-003923,1,Open e-Tender,2023-08-06,21,7,7,0,1.0,Open e-Tender,2671000.0,2671000.0,-0.0122,0.0284,0.9534,0.097,1,0,0,0,0.464,0.059,1
TND-003924,MPLADS-003924,1,Open e-Tender,2023-08-14,23,7,6,0,1.0,Open e-Tender,2476000.0,2476000.0,-0.0343,0.0138,0.8971,0.166,0,0,0,0,0.547,0.225,1
TND-003925,MPLADS-003925,1,Open e-Tender,2023-08-13,18,3,3,0,0.5,Open e-Tender,1732000.0,1732000.0,-0.0473,0.0245,0.9653,0.244,0,0,0,0,0.227,0.156,1
TND-003926,MPLADS-003926,1,Open e-Tender,2023-02-01,22,7,6,0,1.0,Open e-Tender,15662000.0,15662000.0,-0.0564,0.0395,0.9375,0.177,1,0,0,0,0.7,0.215,1
TND-003927,MPLADS-003927,1,Open e-Tender,2022-09-14,22,3,2,0,0.5,Open e-Tender,3153000.0,3153000.0,-0.0178,0.0092,0.9613,0.041,0,0,0,0,0.5,0.472,1
TND-003928,MPLADS-003928,1,Open e-Tender,2022-04-21,19,6,5,0,1.0,Open e-Tender,62287000.0,62287000.0,-0.0053,0.0354,0.9736,0.082,1,0,0,0,0.198,0.06,1
TND-003929,MPLADS-003929,1,Open e-Tender,2023-09-22,22,3,3,0,0.5,Open e-Tender,10163000.0,10163000.0,-0.0786,0.0338,0.9647,0.105,0,0,0,1,0.269,0.169,1
TND-003930,MPLADS-003930,1,Direct / Single Inquiry,2023-02-06,22,1,1,1,0.167,Single Tender Inquiry,3712000.0,3712000.0,-0.0224,0.0385,0.0,0.203,0,0,0,0,0.141,0.414,0
TND-003931,MPLADS-003931,1,Open e-Tender,2023-09-02,14,7,6,0,1.0,Open e-Tender,2367000.0,2367000.0,-0.0323,0.0012,0.8803,0.075,1,0,0,0,0.504,0.129,1
TND-003932,MPLADS-003932,1,Open e-Tender,2023-09-18,15,6,5,0,1.0,Open e-Tender,2567000.0,2567000.0,-0.0659,0.0402,0.9756,0.063,0,0,0,0,0.272,0.287,1
TND-003933,MPLADS-003933,1,Open e-Tender,2023-03-31,28,7,6,0,1.0,Open e-Tender,1061000.0,1061000.0,-0.0158,0.0499,0.8661,0.189,0,0,0,0,0.13,0.198,1
TND-003934,MPLADS-003934,1,Open e-Tender,2022-02-26,18,5,5,0,0.833,Open e-Tender,1961000.0,1961000.0,-0.0306,0.0433,0.9054,0.119,0,0,0,1,0.504,0.294,1
TND-003935,MPLADS-003935,1,Open e-Tender,2023-05-29,29,7,6,0,1.0,Open e-Tender,2569000.0,2569000.0,-0.0425,0.0461,0.9106,0.218,0,0,0,0,0.474,0.359,1
TND-003936,MPLADS-003936,1,Open e-Tender,2023-03-19,26,3,2,0,0.5,Open e-Tender,1402000.0,1402000.0,-0.0456,0.0467,0.8602,0.142,0,0,0,0,0.67,0.165,1
TND-003937,MPLADS-003937,1,Open e-Tender,2023-03-09,22,6,5,0,1.0,Open e-Tender,2888000.0,2888000.0,-0.072,0.0177,0.9638,0.071,0,0,0,0,0.128,0.4,1
TND-003938,MPLADS-003938,1,Open e-Tender,2023-07-12,20,4,4,0,0.667,Open e-Tender,14110000.0,14110000.0,0.0179,0.0342,0.9081,0.211,0,0,0,1,0.14,0.223,1
TND-003939,MPLADS-003939,1,Open e-Tender,2022-06-19,17,4,4,0,0.667,Open e-Tender,515000.0,515000.0,0.0178,0.038,0.9561,0.071,0,0,0,0,0.189,0.492,1
TND-003940,MPLADS-003940,1,Direct / Single Inquiry,2022-10-05,26,1,1,1,0.167,Single Tender Inquiry,1336000.0,1336000.0,-0.0748,0.0372,0.0,0.191,1,0,0,0,0.465,0.342,0
TND-003941,MPLADS-003941,1,Open e-Tender,2023-06-12,27,6,5,0,1.0,Open e-Tender,1986000.0,1986000.0,-0.0193,0.0015,0.9084,0.154,0,0,0,0,0.297,0.479,1
TND-003942,MPLADS-003942,1,Open e-Tender,2023-02-20,19,3,2,0,0.5,Open e-Tender,15028000.0,15028000.0,-0.0626,0.0452,0.8604,0.061,0,0,0,0,0.704,0.143,1
TND-003943,MPLADS-003943,1,Direct / Single Inquiry,2023-11-13,21,1,1,1,0.167,Single Tender Inquiry,1942000.0,1942000.0,0.0078,0.0184,0.0,0.018,0,0,0,0,0.28,0.412,0
TND-003944,MPLADS-003944,1,Open e-Tender,2022-10-30,26,7,7,0,1.0,Open e-Tender,532000.0,532000.0,-0.0397,0.0334,0.8501,0.082,0,0,0,1,0.115,0.21,1
TND-003945,MPLADS-003945,1,Direct / Single Inquiry,2022-06-10,19,1,1,1,0.167,Single Tender Inquiry,2152000.0,2152000.0,0.0151,0.0102,0.0,0.074,1,0,0,0,0.528,0.38,0
TND-003946,MPLADS-003946,1,Open e-Tender,2023-01-28,26,4,4,0,0.667,Open e-Tender,2446000.0,2446000.0,-0.027,0.022,0.9198,0.217,0,0,0,1,0.687,0.25,1
TND-003947,MPLADS-003947,1,Open e-Tender,2023-02-24,21,7,6,0,1.0,Open e-Tender,397000.0,397000.0,-0.0317,0.0452,0.979,0.065,0,0,0,0,0.222,0.171,1
TND-003948,MPLADS-003948,1,Open e-Tender,2022-11-18,16,4,4,0,0.667,Open e-Tender,2590000.0,2590000.0,-0.0429,0.0099,0.9346,0.059,0,0,0,0,0.396,0.479,1
TND-003949,MPLADS-003949,1,Open e-Tender,2023-02-05,20,4,4,0,0.667,Open e-Tender,15618000.0,15618000.0,-0.0057,0.0138,0.9705,0.093,1,0,0,0,0.694,0.12,1
TND-003950,MPLADS-003950,1,Open e-Tender,2022-03-29,21,3,2,0,0.5,Open e-Tender,3069000.0,3069000.0,-0.0352,0.0467,0.9008,0.005,0,0,0,0,0.744,0.491,1
TND-003951,MPLADS-003951,1,Open e-Tender,2022-04-15,28,5,5,0,0.833,Open e-Tender,3820000.0,3820000.0,-0.0132,0.0441,0.8953,0.202,0,0,0,1,0.239,0.319,1
TND-003952,MPLADS-003952,1,Open e-Tender,2023-03-31,18,6,6,0,1.0,Open e-Tender,3019000.0,3019000.0,-0.0506,0.0228,0.9839,0.069,0,0,0,1,0.103,0.128,1
TND-003953,MPLADS-003953,1,Open e-Tender,2023-10-25,18,7,6,0,1.0,Open e-Tender,3284000.0,3284000.0,-0.0481,0.0256,0.9175,0.005,0,0,0,0,0.49,0.176,1
TND-003954,MPLADS-003954,1,Open e-Tender,2022-12-17,15,3,3,0,0.5,Open e-Tender,2058000.0,2058000.0,-0.0191,0.0173,0.8982,0.191,0,0,0,0,0.682,0.402,1
TND-003955,MPLADS-003955,1,Open e-Tender,2023-07-10,25,3,2,0,0.5,Open e-Tender,1922000.0,1922000.0,0.0191,0.0106,0.8988,0.239,0,0,0,0,0.707,0.069,1
TND-003956,MPLADS-003956,1,Open e-Tender,2023-09-21,17,5,4,0,0.833,Open e-Tender,1745000.0,1745000.0,-0.0147,0.0448,0.9195,0.104,1,0,0,0,0.151,0.12,1
TND-003957,MPLADS-003957,1,Open e-Tender,2022-06-13,19,6,6,0,1.0,Open e-Tender,12571000.0,12571000.0,-0.0644,0.0417,0.9489,0.149,0,0,0,1,0.416,0.193,1
TND-003958,MPLADS-003958,1,Direct / Single Inquiry,2022-02-16,28,1,1,1,0.167,Single Tender Inquiry,2839000.0,2839000.0,0.0085,0.0393,0.0,0.227,1,0,0,0,0.324,0.155,0
TND-003959,MPLADS-003959,1,Open e-Tender,2022-04-02,27,4,4,0,0.667,Open e-Tender,1848000.0,1848000.0,-0.0634,0.0309,0.9189,0.057,0,0,0,0,0.369,0.051,1
TND-003960,MPLADS-003960,1,Open e-Tender,2022-07-17,18,5,4,0,0.833,Open e-Tender,44283000.0,44283000.0,-0.0213,0.0074,0.9868,0.085,0,0,0,0,0.624,0.464,1
TND-003961,MPLADS-003961,1,Open e-Tender,2022-06-11,21,5,5,0,0.833,Open e-Tender,2793000.0,2793000.0,-0.0021,0.0443,0.952,0.142,1,0,0,0,0.314,0.17,1
TND-003962,MPLADS-003962,1,Open e-Tender,2022-07-19,29,7,6,0,1.0,Open e-Tender,14027000.0,14027000.0,0.0011,0.0391,0.9873,0.187,0,0,0,0,0.448,0.184,1
TND-003963,MPLADS-003963,1,Open e-Tender,2023-02-21,25,7,7,0,1.0,Open e-Tender,630000.0,630000.0,0.0194,0.0434,0.9158,0.107,0,0,0,1,0.588,0.422,1
TND-003964,MPLADS-003964,1,Open e-Tender,2023-05-04,26,3,2,0,0.5,Open e-Tender,2052000.0,2052000.0,-0.0034,0.0441,0.9354,0.054,0,0,0,0,0.36,0.184,1
TND-003965,MPLADS-003965,1,Open e-Tender,2023-06-20,20,6,6,0,1.0,Open e-Tender,12298000.0,12298000.0,-0.0128,0.0389,0.8993,0.135,0,0,0,0,0.728,0.255,1
TND-003966,MPLADS-003966,1,Open e-Tender,2023-02-18,27,4,4,0,0.667,Open e-Tender,536000.0,536000.0,-0.0678,0.044,0.8563,0.142,0,0,0,1,0.343,0.264,1
TND-003967,MPLADS-003967,1,Open e-Tender,2022-07-15,26,4,3,0,0.667,Open e-Tender,1898000.0,1898000.0,-0.0737,0.0485,0.9254,0.054,0,0,0,0,0.121,0.127,1
TND-003968,MPLADS-003968,1,Open e-Tender,2023-03-31,24,6,6,0,1.0,Open e-Tender,2111000.0,2111000.0,0.0134,0.0247,0.9203,0.177,0,0,0,1,0.262,0.098,1
TND-003969,MPLADS-003969,1,Open e-Tender,2023-05-23,22,7,6,0,1.0,Open e-Tender,2418000.0,2418000.0,0.019,0.0199,0.932,0.117,0,0,0,0,0.523,0.271,1
TND-003970,MPLADS-003970,1,Direct / Single Inquiry,2023-06-22,15,1,1,1,0.167,Single Tender Inquiry,1279000.0,1279000.0,-0.0455,0.0477,0.0,0.017,1,0,0,0,0.238,0.365,0
TND-003971,MPLADS-003971,1,Open e-Tender,2023-09-08,15,3,3,0,0.5,Open e-Tender,915000.0,915000.0,-0.0635,0.025,0.9724,0.185,0,0,0,0,0.698,0.309,1
TND-003972,MPLADS-003972,1,Open e-Tender,2022-04-04,23,6,6,0,1.0,Open e-Tender,1969000.0,1969000.0,-0.0334,0.0142,0.9255,0.045,0,0,0,1,0.413,0.304,1
TND-003973,MPLADS-003973,1,Open e-Tender,2023-07-24,27,6,6,0,1.0,Open e-Tender,12416000.0,12416000.0,0.0072,0.0386,0.9527,0.23,0,0,0,0,0.305,0.477,1
TND-003974,MPLADS-003974,1,Open e-Tender,2022-05-22,26,5,4,0,0.833,Open e-Tender,642000.0,642000.0,-0.0432,0.0213,0.9852,0.14,1,0,0,0,0.464,0.425,1
TND-003975,MPLADS-003975,1,Open e-Tender,2023-01-07,21,6,5,0,1.0,Open e-Tender,1271000.0,1271000.0,0.0047,0.0391,0.8615,0.101,0,0,0,0,0.595,0.226,1
TND-003976,MPLADS-003976,1,Open e-Tender,2022-01-21,28,5,5,0,0.833,Open e-Tender,2234000.0,2234000.0,-0.0558,0.0366,0.9708,0.181,0,0,0,1,0.235,0.094,1
TND-003977,MPLADS-003977,1,Open e-Tender,2023-10-10,29,6,6,0,1.0,Open e-Tender,410000.0,410000.0,-0.0682,0.011,0.9302,0.118,0,0,0,0,0.556,0.406,1
TND-003978,MPLADS-003978,1,Open e-Tender,2022-10-21,27,4,4,0,0.667,Open e-Tender,1946000.0,1946000.0,-0.0747,0.0257,0.8812,0.126,0,0,0,0,0.546,0.089,1
TND-003979,MPLADS-003979,1,Open e-Tender,2022-07-09,18,5,4,0,0.833,Open e-Tender,2534000.0,2534000.0,-0.0171,0.0305,0.9074,0.144,0,0,0,1,0.231,0.132,1
TND-003980,MPLADS-003980,1,Open e-Tender,2022-06-24,18,7,6,0,1.0,Open e-Tender,2092000.0,2092000.0,-0.0542,0.0274,0.8987,0.051,1,0,0,0,0.485,0.233,1
TND-003981,MPLADS-003981,1,Open e-Tender,2022-02-03,21,6,5,0,1.0,Open e-Tender,2342000.0,2342000.0,-0.0059,0.0401,0.912,0.018,0,0,0,0,0.104,0.289,1
TND-003982,MPLADS-003982,1,Open e-Tender,2022-10-23,26,5,4,0,0.833,Open e-Tender,2857000.0,2857000.0,-0.0712,0.034,0.8701,0.045,0,0,0,0,0.453,0.312,1
TND-003983,MPLADS-003983,1,Open e-Tender,2023-01-19,26,3,2,0,0.5,Open e-Tender,16780000.0,16780000.0,-0.0176,0.0088,0.8591,0.08,0,0,0,0,0.141,0.424,1
TND-003984,MPLADS-003984,1,Open e-Tender,2023-01-15,19,4,4,0,0.667,Open e-Tender,388000.0,388000.0,-0.0324,0.0197,0.8802,0.21,0,0,0,1,0.57,0.122,1
TND-003985,MPLADS-003985,1,Open e-Tender,2022-08-04,28,5,4,0,0.833,Open e-Tender,2168000.0,2168000.0,-0.0055,0.0072,0.9683,0.082,0,0,0,0,0.474,0.357,1
TND-003986,MPLADS-003986,1,Open e-Tender,2023-04-07,28,3,3,0,0.5,Open e-Tender,14168000.0,14168000.0,-0.0514,0.0268,0.9781,0.035,0,0,0,1,0.114,0.452,1
TND-003987,MPLADS-003987,1,Open e-Tender,2023-04-03,20,3,2,0,0.5,Open e-Tender,5734000.0,5734000.0,-0.0527,0.0264,0.9268,0.226,0,0,0,0,0.623,0.367,1
TND-003988,MPLADS-003988,1,Open e-Tender,2022-06-15,24,4,4,0,0.667,Open e-Tender,11672000.0,11672000.0,-0.0233,0.0099,0.9292,0.155,0,0,0,0,0.529,0.229,1
TND-003989,MPLADS-003989,1,Open e-Tender,2023-06-30,16,6,5,0,1.0,Open e-Tender,662000.0,662000.0,-0.0075,0.0104,0.9179,0.189,0,0,0,0,0.401,0.314,1
TND-003990,MPLADS-003990,1,Open e-Tender,2023-05-13,20,7,7,0,1.0,Open e-Tender,2652000.0,2652000.0,-0.0296,0.0178,0.9173,0.134,0,0,0,1,0.394,0.114,1
TND-003991,MPLADS-003991,1,Open e-Tender,2022-12-07,26,3,3,0,0.5,Open e-Tender,1561000.0,1561000.0,-0.0412,0.0054,0.8641,0.055,1,0,0,0,0.476,0.33,1
TND-003992,MPLADS-003992,1,Open e-Tender,2022-10-17,25,5,4,0,0.833,Open e-Tender,3346000.0,3346000.0,-0.0321,0.0309,0.9244,0.218,0,0,0,0,0.516,0.292,1
TND-003993,MPLADS-003993,1,Open e-Tender,2023-01-08,15,7,6,0,1.0,Open e-Tender,3025000.0,3025000.0,-0.0412,0.0455,0.9748,0.015,0,0,0,0,0.34,0.206,1
TND-003994,MPLADS-003994,1,Open e-Tender,2023-02-26,25,6,5,0,1.0,Open e-Tender,2107000.0,2107000.0,-0.0159,0.0218,0.98,0.087,0,0,0,0,0.565,0.183,1
TND-003995,MPLADS-003995,1,Open e-Tender,2022-12-21,23,6,5,0,1.0,Open e-Tender,2406000.0,2406000.0,-0.0616,0.0302,0.9228,0.124,0,0,0,1,0.105,0.231,1
TND-003996,MPLADS-003996,1,Open e-Tender,2022-02-15,24,6,6,0,1.0,Open e-Tender,2551000.0,2551000.0,-0.0363,0.0034,0.9566,0.226,0,0,0,0,0.683,0.159,1
TND-003997,MPLADS-003997,1,Open e-Tender,2022-11-07,25,5,5,0,0.833,Open e-Tender,1563000.0,1563000.0,-0.0618,0.0476,0.8508,0.011,0,0,0,0,0.332,0.304,1
TND-003998,MPLADS-003998,1,Open e-Tender,2023-09-06,17,5,5,0,0.833,Open e-Tender,542000.0,542000.0,-0.0751,0.0496,0.8903,0.143,0,0,0,0,0.385,0.163,1
TND-003999,MPLADS-003999,1,Open e-Tender,2022-07-23,17,6,5,0,1.0,Open e-Tender,2549000.0,2549000.0,-0.0249,0.0035,0.9155,0.228,0,0,0,0,0.641,0.398,1
TND-004000,MPLADS-004000,1,Open e-Tender,2022-09-10,22,4,3,0,0.667,Open e-Tender,8572000.0,8572000.0,-0.0442,0.003,0.9652,0.164,0,0,0,0,0.152,0.175,1
TND-004001,MPLADS-004001,1,Open e-Tender,2023-01-06,24,3,3,0,0.5,Open e-Tender,2815000.0,2815000.0,-0.0499,0.0323,0.9048,0.13,0,0,0,1,0.444,0.399,1
TND-004002,MPLADS-004002,1,Open e-Tender,2022-10-25,28,3,2,0,0.5,Open e-Tender,457000.0,457000.0,-0.0044,0.0168,0.8806,0.127,1,0,0,0,0.133,0.155,1
TND-004003,MPLADS-004003,1,Open e-Tender,2022-08-05,24,5,4,0,0.833,Open e-Tender,3218000.0,3218000.0,-0.0348,0.0115,0.9466,0.053,1,0,0,0,0.384,0.303,1
TND-004004,MPLADS-004004,1,Open e-Tender,2022-08-16,26,3,3,0,0.5,Open e-Tender,1691000.0,1691000.0,0.0059,0.0103,0.8529,0.213,0,0,0,0,0.542,0.198,1
TND-004005,MPLADS-004005,1,Open e-Tender,2023-10-12,27,5,5,0,0.833,Open e-Tender,2371000.0,2371000.0,-0.0662,0.0048,0.8626,0.04,1,0,0,0,0.672,0.327,1
TND-004006,MPLADS-004006,1,Open e-Tender,2024-01-02,19,6,6,0,1.0,Open e-Tender,3494000.0,3494000.0,-0.0138,0.0468,0.886,0.153,0,0,0,0,0.366,0.16,1
TND-004007,MPLADS-004007,1,Open e-Tender,2023-07-12,22,4,3,0,0.667,Open e-Tender,1234000.0,1234000.0,-0.0276,0.0261,0.9876,0.087,0,0,0,0,0.193,0.437,1
TND-004008,MPLADS-004008,1,Open e-Tender,2022-01-31,16,3,2,0,0.5,Open e-Tender,2382000.0,2382000.0,-0.0266,0.018,0.9293,0.102,0,0,0,0,0.176,0.281,1
TND-004009,MPLADS-004009,1,Open e-Tender,2023-03-13,15,6,6,0,1.0,Open e-Tender,1820000.0,1820000.0,-0.0471,0.0213,0.8754,0.243,0,0,0,1,0.476,0.099,1
TND-004010,MPLADS-004010,1,Open e-Tender,2023-06-24,29,7,6,0,1.0,Open e-Tender,557000.0,557000.0,-0.0363,0.0382,0.8874,0.105,0,0,0,0,0.22,0.073,1
TND-004011,MPLADS-004011,1,Open e-Tender,2023-03-26,20,3,3,0,0.5,Open e-Tender,10016000.0,10016000.0,-0.0057,0.0232,0.962,0.114,0,0,0,0,0.276,0.34,1
TND-004012,MPLADS-004012,1,Open e-Tender,2022-12-30,20,5,5,0,0.833,Open e-Tender,3017000.0,3017000.0,-0.0425,0.0426,0.8504,0.004,0,0,0,0,0.205,0.223,1
TND-004013,MPLADS-004013,1,Open e-Tender,2023-01-25,25,5,5,0,0.833,Open e-Tender,1691000.0,1691000.0,0.015,0.0063,0.9123,0.155,0,0,0,0,0.244,0.494,1
TND-004014,MPLADS-004014,1,Open e-Tender,2022-10-06,27,6,6,0,1.0,Open e-Tender,1539000.0,1539000.0,-0.069,0.0304,0.8685,0.085,1,0,0,1,0.21,0.427,1
TND-004015,MPLADS-004015,1,Open e-Tender,2022-07-18,25,7,6,0,1.0,Open e-Tender,1176000.0,1176000.0,-0.0109,0.0383,0.9343,0.007,0,0,0,0,0.211,0.172,1
TND-004016,MPLADS-004016,1,Open e-Tender,2022-12-10,14,6,6,0,1.0,Open e-Tender,2733000.0,2733000.0,0.0183,0.0302,0.9461,0.246,0,0,0,0,0.177,0.241,1
TND-004017,MPLADS-004017,1,Open e-Tender,2023-06-12,22,7,7,0,1.0,Open e-Tender,606000.0,606000.0,0.0134,0.0148,0.8869,0.237,0,0,0,0,0.22,0.224,1
TND-004018,MPLADS-004018,1,Open e-Tender,2022-02-22,18,6,5,0,1.0,Open e-Tender,2460000.0,2460000.0,-0.0004,0.0414,0.9309,0.203,0,0,0,1,0.355,0.168,1
TND-004019,MPLADS-004019,1,Direct / Single Inquiry,2022-06-28,23,1,1,1,0.167,Single Tender Inquiry,15818000.0,15818000.0,-0.0337,0.0199,0.0,0.244,0,0,0,1,0.426,0.087,0
TND-004020,MPLADS-004020,1,Open e-Tender,2023-01-10,24,6,6,0,1.0,Open e-Tender,672000.0,672000.0,0.0182,0.0371,0.9402,0.142,0,0,0,0,0.348,0.355,1
TND-004021,MPLADS-004021,1,Open e-Tender,2022-06-02,27,6,6,0,1.0,Open e-Tender,1062000.0,1062000.0,-0.0701,0.0357,0.9846,0.21,0,0,0,0,0.555,0.103,1
TND-004022,MPLADS-004022,1,Open e-Tender,2023-04-20,27,5,4,0,0.833,Open e-Tender,1705000.0,1705000.0,0.0,0.0467,0.8703,0.208,0,0,0,0,0.496,0.117,1
TND-004023,MPLADS-004023,1,Open e-Tender,2023-01-21,14,6,6,0,1.0,Open e-Tender,2035000.0,2035000.0,-0.0415,0.0365,0.902,0.236,0,0,0,1,0.172,0.112,1
TND-004024,MPLADS-004024,1,Open e-Tender,2023-11-25,23,3,3,0,0.5,Open e-Tender,2263000.0,2263000.0,0.0125,0.013,0.9405,0.079,0,0,0,1,0.619,0.315,1
TND-004025,MPLADS-004025,1,Open e-Tender,2023-01-29,27,5,5,0,0.833,Open e-Tender,2277000.0,2277000.0,-0.052,0.0349,0.9893,0.132,0,0,0,1,0.638,0.092,1
TND-004026,MPLADS-004026,1,Direct / Single Inquiry,2023-05-05,14,1,1,1,0.167,Single Tender Inquiry,1689000.0,1689000.0,-0.0041,0.0137,0.0,0.201,0,0,0,1,0.575,0.378,0
TND-004027,MPLADS-004027,1,Open e-Tender,2022-07-03,29,6,6,0,1.0,Open e-Tender,47942000.0,47942000.0,-0.0799,0.0477,0.8566,0.04,0,0,0,0,0.731,0.254,1
TND-004028,MPLADS-004028,1,Open e-Tender,2022-09-10,17,7,6,0,1.0,Open e-Tender,11591000.0,11591000.0,-0.0205,0.0071,0.9706,0.023,0,0,0,1,0.617,0.231,1
TND-004029,MPLADS-004029,1,Open e-Tender,2022-06-30,28,5,4,0,0.833,Open e-Tender,763000.0,763000.0,-0.0785,0.0299,0.9141,0.049,0,0,0,0,0.249,0.321,1
TND-004030,MPLADS-004030,1,Open e-Tender,2023-12-09,16,7,7,0,1.0,Open e-Tender,13333000.0,13333000.0,-0.0373,0.023,0.9311,0.032,0,0,0,0,0.39,0.339,1
TND-004031,MPLADS-004031,1,Open e-Tender,2022-12-28,19,3,2,0,0.5,Open e-Tender,565000.0,565000.0,-0.0504,0.0315,0.8582,0.037,0,0,0,0,0.244,0.356,1
TND-004032,MPLADS-004032,1,Open e-Tender,2022-11-30,18,5,4,0,0.833,Open e-Tender,457000.0,457000.0,-0.0654,0.0236,0.8922,0.078,0,0,0,0,0.377,0.277,1
TND-004033,MPLADS-004033,1,Open e-Tender,2023-12-04,29,3,2,0,0.5,Open e-Tender,2982000.0,2982000.0,0.0143,0.0082,0.8648,0.1,1,0,0,0,0.582,0.174,1
TND-004034,MPLADS-004034,1,Open e-Tender,2022-07-03,28,4,3,0,0.667,Open e-Tender,2421000.0,2421000.0,0.013,0.0025,0.9135,0.174,0,0,0,1,0.147,0.143,1
TND-004035,MPLADS-004035,1,Open e-Tender,2022-03-02,21,6,6,0,1.0,Open e-Tender,1865000.0,1865000.0,-0.067,0.0016,0.9617,0.116,0,0,0,1,0.734,0.22,1
TND-004036,MPLADS-004036,1,Open e-Tender,2023-03-11,25,3,2,0,0.5,Open e-Tender,1692000.0,1692000.0,0.015,0.0294,0.9053,0.086,1,0,0,0,0.395,0.251,1
TND-004037,MPLADS-004037,1,Open e-Tender,2023-08-18,16,5,4,0,0.833,Open e-Tender,1179000.0,1179000.0,-0.0328,0.0421,0.9448,0.235,0,0,0,0,0.726,0.193,1
TND-004038,MPLADS-004038,1,Open e-Tender,2022-03-13,16,6,6,0,1.0,Open e-Tender,2165000.0,2165000.0,-0.0339,0.0436,0.9192,0.084,0,0,0,0,0.554,0.065,1
TND-004039,MPLADS-004039,1,Open e-Tender,2022-04-07,16,6,6,0,1.0,Open e-Tender,2424000.0,2424000.0,-0.0158,0.0487,0.9219,0.095,0,0,0,0,0.374,0.054,1
TND-004040,MPLADS-004040,1,Open e-Tender,2023-03-23,18,6,5,0,1.0,Open e-Tender,1687000.0,1687000.0,-0.036,0.0196,0.8827,0.223,0,0,0,0,0.209,0.415,1
TND-004041,MPLADS-004041,1,Open e-Tender,2022-07-30,28,7,7,0,1.0,Open e-Tender,2305000.0,2305000.0,0.0159,0.0053,0.9067,0.189,0,0,0,0,0.346,0.281,1
TND-004042,MPLADS-004042,1,Open e-Tender,2022-09-17,23,3,3,0,0.5,Open e-Tender,857000.0,857000.0,0.019,0.0206,0.9265,0.045,0,0,0,0,0.371,0.202,1
TND-004043,MPLADS-004043,1,Open e-Tender,2022-10-16,14,3,3,0,0.5,Open e-Tender,468000.0,468000.0,-0.041,0.0096,0.9641,0.192,0,0,0,0,0.496,0.421,1
TND-004044,MPLADS-004044,1,Open e-Tender,2022-11-24,14,7,7,0,1.0,Open e-Tender,1855000.0,1855000.0,-0.0227,0.0384,0.8588,0.11,0,0,0,1,0.534,0.153,1
TND-004045,MPLADS-004045,1,Open e-Tender,2022-02-07,21,4,4,0,0.667,Open e-Tender,7550000.0,7550000.0,-0.0798,0.0376,0.8512,0.229,0,0,0,0,0.348,0.262,1
TND-004046,MPLADS-004046,1,Open e-Tender,2022-11-26,25,4,3,0,0.667,Open e-Tender,1115000.0,1115000.0,-0.0669,0.0058,0.9052,0.106,0,0,0,0,0.539,0.263,1
TND-004047,MPLADS-004047,1,Open e-Tender,2022-08-24,24,6,5,0,1.0,Open e-Tender,2495000.0,2495000.0,-0.008,0.0311,0.9043,0.003,0,0,0,0,0.267,0.102,1
TND-004048,MPLADS-004048,1,Open e-Tender,2023-08-31,21,4,4,0,0.667,Open e-Tender,349000.0,349000.0,-0.0438,0.0495,0.9038,0.048,0,0,0,1,0.377,0.09,1
TND-004049,MPLADS-004049,1,Open e-Tender,2022-07-03,16,6,5,0,1.0,Open e-Tender,1471000.0,1471000.0,0.0103,0.0265,0.8732,0.133,0,0,0,0,0.345,0.267,1
TND-004050,MPLADS-004050,1,Open e-Tender,2023-10-19,22,3,2,0,0.5,Open e-Tender,2467000.0,2467000.0,-0.0004,0.0006,0.9848,0.133,0,0,0,0,0.135,0.414,1
TND-004051,MPLADS-004051,1,Open e-Tender,2022-10-11,16,5,5,0,0.833,Open e-Tender,8013000.0,8013000.0,-0.0471,0.0006,0.8915,0.216,0,0,0,0,0.273,0.103,1
TND-004052,MPLADS-004052,1,Open e-Tender,2022-11-17,17,4,4,0,0.667,Open e-Tender,1923000.0,1923000.0,-0.0651,0.0043,0.9627,0.081,0,0,0,0,0.268,0.373,1
TND-004053,MPLADS-004053,1,Open e-Tender,2022-09-13,23,6,6,0,1.0,Open e-Tender,3447000.0,3447000.0,-0.0137,0.02,0.9242,0.009,0,0,0,0,0.364,0.321,1
TND-004054,MPLADS-004054,1,Open e-Tender,2023-11-24,16,7,7,0,1.0,Open e-Tender,713000.0,713000.0,0.0186,0.0343,0.8864,0.179,0,0,0,1,0.102,0.351,1
TND-004055,MPLADS-004055,1,Direct / Single Inquiry,2022-06-02,25,1,1,1,0.167,Single Tender Inquiry,2609000.0,2609000.0,-0.0695,0.0307,0.0,0.072,0,0,0,0,0.285,0.188,0
TND-004056,MPLADS-004056,1,Open e-Tender,2023-03-25,29,7,6,0,1.0,Open e-Tender,340000.0,340000.0,-0.0685,0.0496,0.9442,0.182,0,0,0,0,0.449,0.072,1
TND-004057,MPLADS-004057,1,Open e-Tender,2023-08-07,15,6,5,0,1.0,Open e-Tender,14206000.0,14206000.0,-0.0205,0.0492,0.8841,0.091,0,0,0,1,0.591,0.371,1
TND-004058,MPLADS-004058,1,Open e-Tender,2022-06-16,14,6,5,0,1.0,Open e-Tender,580000.0,580000.0,-0.0068,0.0124,0.8823,0.053,0,0,0,0,0.331,0.102,1
TND-004059,MPLADS-004059,1,Open e-Tender,2022-09-09,24,3,2,0,0.5,Open e-Tender,608000.0,608000.0,-0.0114,0.0044,0.8902,0.05,0,0,0,0,0.328,0.07,1
TND-004060,MPLADS-004060,1,Open e-Tender,2023-10-10,25,6,6,0,1.0,Open e-Tender,2417000.0,2417000.0,-0.0215,0.0194,0.975,0.241,0,0,0,0,0.342,0.196,1
TND-004061,MPLADS-004061,1,Open e-Tender,2023-08-27,16,6,5,0,1.0,Open e-Tender,1474000.0,1474000.0,-0.029,0.0171,0.9847,0.245,0,0,0,0,0.296,0.346,1
TND-004062,MPLADS-004062,1,Open e-Tender,2023-03-13,15,6,5,0,1.0,Open e-Tender,15274000.0,15274000.0,0.0048,0.0433,0.9131,0.191,0,0,0,1,0.193,0.469,1
TND-004063,MPLADS-004063,1,Open e-Tender,2023-01-30,16,5,4,0,0.833,Open e-Tender,15074000.0,15074000.0,-0.0685,0.0282,0.8667,0.247,0,0,0,1,0.622,0.167,1
TND-004064,MPLADS-004064,1,Open e-Tender,2022-03-03,20,3,3,0,0.5,Open e-Tender,10484000.0,10484000.0,-0.0648,0.0198,0.9465,0.079,1,0,0,0,0.122,0.289,1
TND-004065,MPLADS-004065,1,Open e-Tender,2023-02-28,14,5,5,0,0.833,Open e-Tender,904000.0,904000.0,-0.0352,0.0196,0.9597,0.248,0,0,0,0,0.445,0.466,1
TND-004066,MPLADS-004066,1,Open e-Tender,2022-12-13,15,7,7,0,1.0,Open e-Tender,2768000.0,2768000.0,-0.0365,0.0124,0.9471,0.126,0,0,0,0,0.103,0.059,1
TND-004067,MPLADS-004067,1,Open e-Tender,2023-03-31,14,6,6,0,1.0,Open e-Tender,10371000.0,10371000.0,-0.0245,0.0085,0.9192,0.001,0,0,0,0,0.123,0.241,1
TND-004068,MPLADS-004068,1,Open e-Tender,2022-07-25,26,5,4,0,0.833,Open e-Tender,570000.0,570000.0,-0.024,0.0077,0.8983,0.157,0,0,0,0,0.471,0.208,1
TND-004069,MPLADS-004069,1,Open e-Tender,2023-07-23,25,4,3,0,0.667,Open e-Tender,525000.0,525000.0,-0.0506,0.0186,0.9146,0.082,0,0,0,0,0.703,0.293,1
TND-004070,MPLADS-004070,1,Open e-Tender,2022-06-12,27,3,3,0,0.5,Open e-Tender,1020000.0,1020000.0,-0.0423,0.0225,0.936,0.001,1,0,0,0,0.323,0.488,1
TND-004071,MPLADS-004071,1,Open e-Tender,2022-10-31,29,6,5,0,1.0,Open e-Tender,1005000.0,1005000.0,-0.0456,0.0013,0.9174,0.214,0,0,0,0,0.466,0.405,1
TND-004072,MPLADS-004072,1,Open e-Tender,2022-02-12,19,5,5,0,0.833,Open e-Tender,1005000.0,1005000.0,-0.0447,0.0306,0.9631,0.204,0,0,0,0,0.47,0.171,1
TND-004073,MPLADS-004073,1,Open e-Tender,2023-02-02,18,5,4,0,0.833,Open e-Tender,1627000.0,1627000.0,-0.035,0.0069,0.918,0.171,0,0,0,0,0.723,0.244,1
TND-004074,MPLADS-004074,1,Open e-Tender,2023-05-17,15,7,7,0,1.0,Open e-Tender,2289000.0,2289000.0,-0.0498,0.0071,0.929,0.202,0,0,0,0,0.277,0.472,1
TND-004075,MPLADS-004075,1,Open e-Tender,2022-10-10,25,6,5,0,1.0,Open e-Tender,2683000.0,2683000.0,-0.0476,0.0287,0.864,0.096,0,0,0,0,0.535,0.104,1
TND-004076,MPLADS-004076,1,Open e-Tender,2023-04-08,17,5,4,0,0.833,Open e-Tender,1702000.0,1702000.0,-0.0518,0.04,0.9526,0.226,0,0,0,0,0.607,0.24,1
TND-004077,MPLADS-004077,1,Open e-Tender,2023-05-13,25,5,4,0,0.833,Open e-Tender,13162000.0,13162000.0,-0.0357,0.0092,0.8693,0.194,0,0,0,1,0.243,0.075,1
TND-004078,MPLADS-004078,1,Open e-Tender,2023-06-01,29,3,3,0,0.5,Open e-Tender,1282000.0,1282000.0,-0.0397,0.0113,0.935,0.153,0,0,0,0,0.521,0.466,1
TND-004079,MPLADS-004079,1,Open e-Tender,2022-05-20,14,7,6,0,1.0,Open e-Tender,839000.0,839000.0,-0.0433,0.0488,0.9367,0.141,0,0,0,0,0.495,0.455,1
TND-004080,MPLADS-004080,1,Open e-Tender,2022-02-11,29,5,5,0,0.833,Open e-Tender,9613000.0,9613000.0,-0.0381,0.0334,0.8656,0.092,0,0,0,0,0.631,0.216,1
TND-004081,MPLADS-004081,1,Open e-Tender,2022-03-20,21,7,7,0,1.0,Open e-Tender,3143000.0,3143000.0,-0.0612,0.0183,0.9528,0.079,0,0,0,0,0.431,0.173,1
TND-004082,MPLADS-004082,1,Open e-Tender,2022-08-25,16,4,4,0,0.667,Open e-Tender,1416000.0,1416000.0,-0.0328,0.017,0.8516,0.061,0,0,0,0,0.127,0.4,1
TND-004083,MPLADS-004083,1,Open e-Tender,2022-03-08,21,7,7,0,1.0,Open e-Tender,1028000.0,1028000.0,-0.041,0.0292,0.9713,0.064,0,0,0,0,0.552,0.314,1
TND-004084,MPLADS-004084,1,Direct / Single Inquiry,2022-02-19,18,1,1,1,0.167,Single Tender Inquiry,2295000.0,2295000.0,-0.0345,0.0087,0.0,0.17,0,0,0,0,0.486,0.343,0
TND-004085,MPLADS-004085,1,Open e-Tender,2022-02-23,17,5,4,0,0.833,Open e-Tender,8858000.0,8858000.0,-0.0349,0.0105,0.9126,0.028,0,0,0,0,0.75,0.298,1
TND-004086,MPLADS-004086,1,Open e-Tender,2022-12-11,28,4,3,0,0.667,Open e-Tender,1554000.0,1554000.0,0.0,0.0401,0.9808,0.044,0,0,0,0,0.12,0.18,1
TND-004087,MPLADS-004087,1,Open e-Tender,2022-01-25,21,3,3,0,0.5,Open e-Tender,3315000.0,3315000.0,-0.0184,0.0418,0.9832,0.0,0,0,0,1,0.474,0.131,1
TND-004088,MPLADS-004088,1,Open e-Tender,2022-06-15,19,3,3,0,0.5,Open e-Tender,2070000.0,2070000.0,-0.05,0.0106,0.9829,0.085,1,0,0,0,0.324,0.477,1
TND-004089,MPLADS-004089,1,Open e-Tender,2022-08-04,24,5,5,0,0.833,Open e-Tender,1406000.0,1406000.0,-0.0256,0.039,0.9176,0.175,0,0,0,1,0.638,0.424,1
TND-004090,MPLADS-004090,1,Open e-Tender,2022-06-28,16,7,6,0,1.0,Open e-Tender,1574000.0,1574000.0,-0.0211,0.0146,0.9699,0.028,0,0,0,0,0.619,0.481,1
TND-004091,MPLADS-004091,1,Open e-Tender,2023-04-24,23,7,7,0,1.0,Open e-Tender,604000.0,604000.0,-0.0736,0.023,0.985,0.158,0,0,0,0,0.5,0.128,1
TND-004092,MPLADS-004092,1,Open e-Tender,2022-12-30,17,4,4,0,0.667,Open e-Tender,16373000.0,16373000.0,-0.0114,0.0358,0.8758,0.129,0,0,0,0,0.498,0.342,1
TND-004093,MPLADS-004093,1,Open e-Tender,2022-08-26,22,3,2,0,0.5,Open e-Tender,1549000.0,1549000.0,0.0045,0.0317,0.893,0.104,0,0,0,0,0.665,0.347,1
TND-004094,MPLADS-004094,1,Open e-Tender,2023-03-25,14,5,4,0,0.833,Open e-Tender,1020000.0,1020000.0,-0.0676,0.0203,0.9109,0.242,0,0,0,0,0.415,0.354,1
TND-004095,MPLADS-004095,1,Open e-Tender,2022-12-14,16,4,3,0,0.667,Open e-Tender,585000.0,585000.0,-0.0503,0.0479,0.976,0.094,0,0,0,0,0.483,0.335,1
TND-004096,MPLADS-004096,1,Open e-Tender,2022-06-02,26,5,5,0,0.833,Open e-Tender,14687000.0,14687000.0,-0.0567,0.0444,0.9468,0.227,0,0,0,0,0.416,0.201,1
TND-004097,MPLADS-004097,1,Open e-Tender,2023-12-22,28,7,6,0,1.0,Open e-Tender,1847000.0,1847000.0,-0.0165,0.0145,0.9271,0.041,0,0,0,0,0.418,0.488,1
TND-004098,MPLADS-004098,1,Direct / Single Inquiry,2022-08-05,17,1,1,1,0.167,Single Tender Inquiry,13370000.0,13370000.0,-0.0256,0.0467,0.0,0.212,0,0,0,0,0.375,0.45,0
TND-004099,MPLADS-004099,1,Open e-Tender,2022-11-15,25,3,3,0,0.5,Open e-Tender,2867000.0,2867000.0,-0.0288,0.0009,0.9144,0.037,0,0,0,0,0.166,0.284,1
TND-004100,MPLADS-004100,1,Open e-Tender,2022-09-19,18,5,5,0,0.833,Open e-Tender,2695000.0,2695000.0,0.006,0.0248,0.8704,0.137,0,0,0,0,0.235,0.294,1
TND-004101,MPLADS-004101,1,Open e-Tender,2023-07-01,19,5,4,0,0.833,Open e-Tender,2950000.0,2950000.0,0.0144,0.0422,0.9312,0.213,0,0,0,0,0.298,0.288,1
TND-004102,MPLADS-004102,1,Open e-Tender,2023-05-01,16,7,6,0,1.0,Open e-Tender,3097000.0,3097000.0,-0.0761,0.0265,0.9341,0.203,0,0,0,0,0.31,0.12,1
TND-004103,MPLADS-004103,1,Open e-Tender,2023-08-06,23,5,4,0,0.833,Open e-Tender,2318000.0,2318000.0,-0.0281,0.0398,0.888,0.045,0,0,0,1,0.716,0.324,1
TND-004104,MPLADS-004104,1,Open e-Tender,2023-01-04,26,5,4,0,0.833,Open e-Tender,8957000.0,8957000.0,-0.0223,0.0219,0.9044,0.237,0,0,0,0,0.592,0.311,1
TND-004105,MPLADS-004105,1,Open e-Tender,2022-10-26,23,3,3,0,0.5,Open e-Tender,9925000.0,9925000.0,-0.0597,0.0157,0.9684,0.011,0,0,0,0,0.176,0.103,1
TND-004106,MPLADS-004106,1,Open e-Tender,2022-10-07,27,4,4,0,0.667,Open e-Tender,529000.0,529000.0,-0.0204,0.0373,0.872,0.108,0,0,0,0,0.382,0.153,1
TND-004107,MPLADS-004107,1,Open e-Tender,2022-10-17,21,5,5,0,0.833,Open e-Tender,821000.0,821000.0,-0.0203,0.0321,0.9813,0.028,0,0,0,0,0.502,0.13,1
TND-004108,MPLADS-004108,1,Open e-Tender,2023-06-03,22,3,2,0,0.5,Open e-Tender,8745000.0,8745000.0,0.0192,0.0452,0.8913,0.08,1,0,0,0,0.63,0.333,1
TND-004109,MPLADS-004109,1,Open e-Tender,2022-09-25,28,5,5,0,0.833,Open e-Tender,2062000.0,2062000.0,-0.0471,0.0252,0.9439,0.137,0,0,0,0,0.201,0.44,1
TND-004110,MPLADS-004110,1,Open e-Tender,2022-05-20,28,3,3,0,0.5,Open e-Tender,988000.0,988000.0,-0.0688,0.0037,0.972,0.221,0,0,0,0,0.289,0.242,1
TND-004111,MPLADS-004111,1,Open e-Tender,2023-08-30,28,7,7,0,1.0,Open e-Tender,3441000.0,3441000.0,0.0199,0.0108,0.9025,0.199,0,0,0,0,0.438,0.331,1
TND-004112,MPLADS-004112,1,Open e-Tender,2022-12-29,14,5,4,0,0.833,Open e-Tender,3271000.0,3271000.0,-0.0535,0.0048,0.9832,0.173,0,0,0,0,0.492,0.442,1
TND-004113,MPLADS-004113,1,Open e-Tender,2023-09-08,19,5,4,0,0.833,Open e-Tender,630000.0,630000.0,-0.0063,0.0039,0.988,0.006,0,0,0,0,0.438,0.187,1
TND-004114,MPLADS-004114,1,Direct / Single Inquiry,2022-09-29,28,1,1,1,0.167,Single Tender Inquiry,967000.0,967000.0,-0.0051,0.0011,0.0,0.072,1,0,0,0,0.541,0.195,0
TND-004115,MPLADS-004115,1,Open e-Tender,2022-06-24,19,4,4,0,0.667,Open e-Tender,3433000.0,3433000.0,-0.0166,0.0371,0.8866,0.086,0,0,0,0,0.469,0.205,1
TND-004116,MPLADS-004116,1,Open e-Tender,2023-07-20,17,6,6,0,1.0,Open e-Tender,3530000.0,3530000.0,-0.0732,0.0246,0.9385,0.243,0,0,0,0,0.411,0.427,1
TND-004117,MPLADS-004117,1,Open e-Tender,2023-08-09,29,7,7,0,1.0,Open e-Tender,3197000.0,3197000.0,-0.0633,0.0017,0.9175,0.09,1,0,0,0,0.249,0.177,1
TND-004118,MPLADS-004118,1,Direct / Single Inquiry,2022-02-07,20,1,1,1,0.167,Single Tender Inquiry,2129000.0,2129000.0,-0.0211,0.047,0.0,0.127,0,0,0,0,0.729,0.212,0
TND-004119,MPLADS-004119,1,Open e-Tender,2022-10-03,16,7,6,0,1.0,Open e-Tender,3223000.0,3223000.0,-0.0272,0.0336,0.8617,0.074,1,0,0,0,0.673,0.456,1
TND-004120,MPLADS-004120,1,Open e-Tender,2023-10-30,23,3,2,0,0.5,Open e-Tender,8538000.0,8538000.0,-0.0082,0.0059,0.9089,0.05,0,0,0,1,0.677,0.49,1
TND-004121,MPLADS-004121,1,Open e-Tender,2023-09-24,26,7,6,0,1.0,Open e-Tender,3057000.0,3057000.0,0.0086,0.0026,0.88,0.229,0,0,0,0,0.406,0.447,1
TND-004122,MPLADS-004122,1,Open e-Tender,2022-04-30,25,4,3,0,0.667,Open e-Tender,1516000.0,1516000.0,-0.0784,0.0407,0.8833,0.047,0,0,0,0,0.31,0.153,1
TND-004123,MPLADS-004123,1,Open e-Tender,2023-10-30,15,5,4,0,0.833,Open e-Tender,328000.0,328000.0,-0.0734,0.0412,0.9005,0.238,0,0,0,0,0.134,0.439,1
TND-004124,MPLADS-004124,1,Open e-Tender,2022-10-30,29,5,4,0,0.833,Open e-Tender,2998000.0,2998000.0,-0.019,0.0239,0.975,0.146,0,0,0,0,0.25,0.377,1
TND-004125,MPLADS-004125,1,Open e-Tender,2023-03-25,28,7,7,0,1.0,Open e-Tender,3735000.0,3735000.0,-0.045,0.0331,0.9379,0.202,1,0,0,0,0.37,0.399,1
TND-004126,MPLADS-004126,1,Open e-Tender,2023-05-26,15,4,3,0,0.667,Open e-Tender,1502000.0,1502000.0,-0.0164,0.0281,0.9764,0.153,0,0,0,0,0.383,0.217,1
TND-004127,MPLADS-004127,1,Open e-Tender,2022-03-25,14,3,3,0,0.5,Open e-Tender,364000.0,364000.0,-0.0643,0.007,0.9875,0.12,1,0,0,1,0.372,0.259,1
TND-004128,MPLADS-004128,1,Open e-Tender,2022-09-14,24,3,3,0,0.5,Open e-Tender,2802000.0,2802000.0,-0.0304,0.0101,0.9167,0.249,0,0,0,0,0.511,0.06,1
TND-004129,MPLADS-004129,1,Open e-Tender,2023-08-04,23,6,6,0,1.0,Open e-Tender,12903000.0,12903000.0,-0.0695,0.0137,0.9869,0.183,0,0,0,1,0.651,0.362,1
TND-004130,MPLADS-004130,1,Open e-Tender,2023-07-07,21,7,7,0,1.0,Open e-Tender,2603000.0,2603000.0,0.0027,0.0193,0.8655,0.016,0,0,0,0,0.137,0.203,1
TND-004131,MPLADS-004131,1,Open e-Tender,2023-02-18,17,4,4,0,0.667,Open e-Tender,389000.0,389000.0,-0.0466,0.0338,0.8691,0.207,0,0,0,0,0.118,0.359,1
TND-004132,MPLADS-004132,1,Open e-Tender,2023-07-21,27,3,2,0,0.5,Open e-Tender,1555000.0,1555000.0,-0.0058,0.0488,0.8887,0.101,0,0,0,0,0.61,0.292,1
TND-004133,MPLADS-004133,1,Direct / Single Inquiry,2022-01-22,14,1,1,1,0.167,Single Tender Inquiry,13292000.0,13292000.0,-0.0604,0.0446,0.0,0.228,0,0,0,0,0.706,0.492,0
TND-004134,MPLADS-004134,1,Open e-Tender,2023-11-07,15,6,5,0,1.0,Open e-Tender,2022000.0,2022000.0,-0.0222,0.0077,0.8642,0.019,0,0,0,0,0.161,0.183,1
TND-004135,MPLADS-004135,1,Direct / Single Inquiry,2023-01-07,27,1,1,1,0.167,Single Tender Inquiry,3892000.0,3892000.0,-0.0026,0.008,0.0,0.187,1,0,0,0,0.434,0.169,0
TND-004136,MPLADS-004136,1,Open e-Tender,2023-06-25,24,7,7,0,1.0,Open e-Tender,2462000.0,2462000.0,-0.066,0.0411,0.8929,0.222,0,0,0,0,0.668,0.185,1
TND-004137,MPLADS-004137,1,Open e-Tender,2022-07-15,25,5,5,0,0.833,Open e-Tender,3125000.0,3125000.0,-0.0458,0.0315,0.8554,0.16,0,0,0,1,0.143,0.08,1
TND-004138,MPLADS-004138,1,Open e-Tender,2022-09-22,14,5,5,0,0.833,Open e-Tender,10920000.0,10920000.0,0.0193,0.0155,0.9833,0.192,1,0,0,0,0.568,0.393,1
TND-004139,MPLADS-004139,1,Open e-Tender,2023-02-04,18,5,4,0,0.833,Open e-Tender,1764000.0,1764000.0,-0.0062,0.0278,0.9005,0.247,0,0,0,1,0.306,0.366,1
TND-004140,MPLADS-004140,1,Open e-Tender,2023-08-12,21,7,7,0,1.0,Open e-Tender,12653000.0,12653000.0,-0.0623,0.0147,0.985,0.121,0,0,0,1,0.211,0.182,1
TND-004141,MPLADS-004141,1,Open e-Tender,2023-05-09,14,5,4,0,0.833,Open e-Tender,2168000.0,2168000.0,-0.0055,0.022,0.8545,0.25,0,0,0,0,0.106,0.397,1
TND-004142,MPLADS-004142,1,Direct / Single Inquiry,2022-03-26,18,1,1,1,0.167,Single Tender Inquiry,1429000.0,1429000.0,-0.0441,0.0367,0.0,0.114,0,0,0,0,0.15,0.337,0
TND-004143,MPLADS-004143,1,Open e-Tender,2022-09-15,17,3,2,0,0.5,Open e-Tender,1560000.0,1560000.0,-0.0292,0.0471,0.8967,0.081,0,0,0,0,0.153,0.452,1
TND-004144,MPLADS-004144,1,Open e-Tender,2023-12-02,18,7,7,0,1.0,Open e-Tender,1506000.0,1506000.0,-0.0265,0.0052,0.8802,0.113,0,0,0,0,0.113,0.093,1
TND-004145,MPLADS-004145,1,Open e-Tender,2022-08-16,28,7,6,0,1.0,Open e-Tender,11183000.0,11183000.0,-0.0091,0.018,0.906,0.116,1,0,0,0,0.171,0.293,1
TND-004146,MPLADS-004146,1,Open e-Tender,2023-11-24,27,4,3,0,0.667,Open e-Tender,488000.0,488000.0,-0.0356,0.0241,0.9052,0.145,0,0,0,0,0.376,0.423,1
TND-004147,MPLADS-004147,1,Open e-Tender,2023-11-01,18,7,6,0,1.0,Open e-Tender,645000.0,645000.0,0.0126,0.0418,0.9101,0.186,0,0,0,0,0.348,0.401,1
TND-004148,MPLADS-004148,1,Open e-Tender,2022-09-30,26,5,5,0,0.833,Open e-Tender,3320000.0,3320000.0,0.019,0.0118,0.8766,0.176,0,0,0,0,0.607,0.18,1
TND-004149,MPLADS-004149,1,Open e-Tender,2023-08-07,26,3,2,0,0.5,Open e-Tender,707000.0,707000.0,0.0014,0.0499,0.8776,0.234,0,0,0,1,0.518,0.318,1
TND-004150,MPLADS-004150,1,Open e-Tender,2023-10-04,16,3,2,0,0.5,Open e-Tender,4433000.0,4433000.0,-0.0317,0.0273,0.8606,0.224,0,0,0,0,0.247,0.114,1
TND-004151,MPLADS-004151,1,Open e-Tender,2022-05-10,16,5,4,0,0.833,Open e-Tender,1838000.0,1838000.0,-0.0208,0.016,0.9055,0.185,0,0,0,1,0.322,0.404,1
TND-004152,MPLADS-004152,1,Open e-Tender,2023-10-17,18,5,5,0,0.833,Open e-Tender,1251000.0,1251000.0,-0.0317,0.0425,0.967,0.23,0,0,0,0,0.202,0.471,1
TND-004153,MPLADS-004153,1,Open e-Tender,2023-03-18,21,4,4,0,0.667,Open e-Tender,587000.0,587000.0,-0.0377,0.0334,0.8532,0.131,0,0,0,1,0.748,0.467,1
TND-004154,MPLADS-004154,1,Open e-Tender,2023-03-16,27,4,3,0,0.667,Open e-Tender,839000.0,839000.0,-0.0024,0.0424,0.9594,0.03,0,0,0,0,0.378,0.435,1
TND-004155,MPLADS-004155,1,Open e-Tender,2023-07-02,22,6,6,0,1.0,Open e-Tender,1289000.0,1289000.0,0.011,0.0127,0.9883,0.157,0,0,0,0,0.704,0.467,1
TND-004156,MPLADS-004156,1,Open e-Tender,2022-03-23,24,7,7,0,1.0,Open e-Tender,2415000.0,2415000.0,0.0143,0.0036,0.8654,0.046,0,0,0,0,0.133,0.093,1
TND-004157,MPLADS-004157,1,Open e-Tender,2023-07-25,17,6,5,0,1.0,Open e-Tender,3069000.0,3069000.0,-0.0692,0.0129,0.9616,0.25,0,0,0,0,0.229,0.135,1
TND-004158,MPLADS-004158,1,Open e-Tender,2023-10-04,16,3,2,0,0.5,Open e-Tender,708000.0,708000.0,-0.0367,0.0489,0.9867,0.08,0,0,0,0,0.5,0.377,1
TND-004159,MPLADS-004159,1,Open e-Tender,2022-06-28,25,7,7,0,1.0,Open e-Tender,2110000.0,2110000.0,0.0198,0.0241,0.9696,0.038,0,0,0,1,0.458,0.133,1
TND-004160,MPLADS-004160,1,Open e-Tender,2022-05-04,21,3,2,0,0.5,Open e-Tender,3203000.0,3203000.0,-0.019,0.0386,0.9125,0.213,0,0,0,1,0.378,0.209,1
TND-004161,MPLADS-004161,1,Open e-Tender,2022-10-04,28,4,3,0,0.667,Open e-Tender,423000.0,423000.0,-0.0683,0.0414,0.9706,0.225,0,0,0,0,0.219,0.383,1
TND-004162,MPLADS-004162,1,Open e-Tender,2023-08-31,24,6,5,0,1.0,Open e-Tender,731000.0,731000.0,-0.0688,0.0125,0.9799,0.243,0,0,0,0,0.425,0.192,1
TND-004163,MPLADS-004163,1,Open e-Tender,2023-10-23,23,3,3,0,0.5,Open e-Tender,3495000.0,3495000.0,-0.0246,0.0099,0.8503,0.119,0,0,0,1,0.275,0.412,1
TND-004164,MPLADS-004164,1,Open e-Tender,2023-03-16,16,5,4,0,0.833,Open e-Tender,1541000.0,1541000.0,-0.0772,0.031,0.9623,0.041,0,0,0,0,0.172,0.101,1
TND-004165,MPLADS-004165,1,Open e-Tender,2023-01-17,25,3,2,0,0.5,Open e-Tender,2970000.0,2970000.0,-0.0472,0.0155,0.9281,0.106,0,0,0,0,0.714,0.156,1
TND-004166,MPLADS-004166,1,Direct / Single Inquiry,2023-02-15,26,1,1,1,0.167,Single Tender Inquiry,3445000.0,3445000.0,-0.0075,0.0497,0.0,0.015,0,0,0,0,0.435,0.382,0
TND-004167,MPLADS-004167,1,Open e-Tender,2022-04-16,17,6,6,0,1.0,Open e-Tender,2195000.0,2195000.0,-0.0122,0.0419,0.8772,0.064,0,0,0,1,0.517,0.322,1
TND-004168,MPLADS-004168,1,Open e-Tender,2023-06-21,23,5,4,0,0.833,Open e-Tender,589000.0,589000.0,-0.0754,0.0213,0.8914,0.147,0,0,0,0,0.444,0.374,1
TND-004169,MPLADS-004169,1,Direct / Single Inquiry,2023-12-24,29,1,1,1,0.167,Single Tender Inquiry,2909000.0,2909000.0,0.0094,0.02,0.0,0.063,0,0,0,0,0.532,0.206,0
TND-004170,MPLADS-004170,1,Open e-Tender,2023-06-20,27,7,6,0,1.0,Open e-Tender,2493000.0,2493000.0,-0.0135,0.0376,0.9891,0.093,1,0,0,0,0.117,0.424,1
TND-004171,MPLADS-004171,1,Open e-Tender,2022-09-08,25,5,4,0,0.833,Open e-Tender,3816000.0,3816000.0,-0.0106,0.0148,0.9184,0.05,0,0,0,1,0.321,0.402,1
TND-004172,MPLADS-004172,1,Open e-Tender,2022-05-04,28,7,7,0,1.0,Open e-Tender,1600000.0,1600000.0,-0.025,0.0022,0.8802,0.091,0,0,0,1,0.122,0.468,1
TND-004173,MPLADS-004173,1,Open e-Tender,2022-11-19,22,6,6,0,1.0,Open e-Tender,2144000.0,2144000.0,-0.0092,0.0122,0.9561,0.082,0,0,0,0,0.496,0.245,1
TND-004174,MPLADS-004174,1,Open e-Tender,2022-11-14,16,7,6,0,1.0,Open e-Tender,373000.0,373000.0,-0.0509,0.0107,0.8759,0.01,0,0,0,0,0.198,0.238,1
TND-004175,MPLADS-004175,1,Open e-Tender,2022-12-06,18,7,6,0,1.0,Open e-Tender,2638000.0,2638000.0,-0.0701,0.034,0.8507,0.082,0,0,0,0,0.196,0.089,1
TND-004176,MPLADS-004176,1,Open e-Tender,2022-03-13,14,4,3,0,0.667,Open e-Tender,2859000.0,2859000.0,-0.046,0.0012,0.852,0.029,0,0,0,0,0.235,0.354,1
TND-004177,MPLADS-004177,1,Open e-Tender,2023-03-24,16,5,4,0,0.833,Open e-Tender,10431000.0,10431000.0,-0.0522,0.0404,0.8553,0.168,0,0,0,0,0.186,0.117,1
TND-004178,MPLADS-004178,1,Open e-Tender,2023-09-25,22,3,3,0,0.5,Open e-Tender,1051000.0,1051000.0,-0.0214,0.0372,0.9443,0.095,0,0,0,0,0.59,0.439,1
TND-004179,MPLADS-004179,1,Open e-Tender,2023-09-19,21,3,2,0,0.5,Open e-Tender,2860000.0,2860000.0,-0.0229,0.0315,0.932,0.247,0,0,0,1,0.347,0.401,1
TND-004180,MPLADS-004180,1,Open e-Tender,2022-08-27,18,7,7,0,1.0,Open e-Tender,1531000.0,1531000.0,0.0173,0.0472,0.8517,0.137,0,0,0,0,0.189,0.333,1
TND-004181,MPLADS-004181,1,Open e-Tender,2022-08-01,25,5,4,0,0.833,Open e-Tender,2286000.0,2286000.0,-0.0793,0.0094,0.8949,0.207,0,0,0,0,0.33,0.488,1
TND-004182,MPLADS-004182,1,Open e-Tender,2022-09-24,22,4,3,0,0.667,Open e-Tender,2486000.0,2486000.0,-0.0486,0.0264,0.9304,0.217,0,0,0,1,0.34,0.233,1
TND-004183,MPLADS-004183,1,Open e-Tender,2022-12-16,15,5,5,0,0.833,Open e-Tender,3873000.0,3873000.0,-0.011,0.0266,0.8956,0.027,0,0,0,0,0.372,0.385,1
TND-004184,MPLADS-004184,1,Open e-Tender,2023-04-03,17,4,3,0,0.667,Open e-Tender,2971000.0,2971000.0,-0.0237,0.0124,0.9785,0.04,0,0,0,1,0.27,0.334,1
TND-004185,MPLADS-004185,1,Open e-Tender,2022-03-29,26,5,4,0,0.833,Open e-Tender,1992000.0,1992000.0,-0.0795,0.0469,0.9621,0.245,1,0,0,1,0.331,0.169,1
TND-004186,MPLADS-004186,1,Open e-Tender,2022-12-06,14,3,2,0,0.5,Open e-Tender,689000.0,689000.0,0.0162,0.0037,0.8525,0.119,0,0,0,0,0.499,0.097,1
TND-004187,MPLADS-004187,1,Open e-Tender,2022-03-03,23,7,7,0,1.0,Open e-Tender,385000.0,385000.0,-0.0587,0.0086,0.9531,0.065,0,0,0,0,0.282,0.153,1
TND-004188,MPLADS-004188,1,Open e-Tender,2022-08-03,18,5,5,0,0.833,Open e-Tender,3609000.0,3609000.0,0.0056,0.0099,0.8726,0.028,1,0,0,0,0.524,0.4,1
TND-004189,MPLADS-004189,1,Open e-Tender,2023-01-14,20,4,4,0,0.667,Open e-Tender,3173000.0,3173000.0,-0.0306,0.0384,0.855,0.131,0,0,0,0,0.209,0.473,1
TND-004190,MPLADS-004190,1,Open e-Tender,2022-09-07,14,6,5,0,1.0,Open e-Tender,2952000.0,2952000.0,-0.0054,0.0207,0.9155,0.009,0,0,0,0,0.223,0.234,1
TND-004191,MPLADS-004191,1,Open e-Tender,2022-02-15,23,6,5,0,1.0,Open e-Tender,1642000.0,1642000.0,-0.0481,0.0018,0.9291,0.011,0,0,0,0,0.608,0.055,1
TND-004192,MPLADS-004192,1,Open e-Tender,2022-12-15,19,4,4,0,0.667,Open e-Tender,3061000.0,3061000.0,-0.0584,0.0127,0.8935,0.217,0,0,0,0,0.283,0.214,1
TND-004193,MPLADS-004193,1,Open e-Tender,2023-01-18,23,3,3,0,0.5,Open e-Tender,1274000.0,1274000.0,0.0039,0.034,0.963,0.018,0,0,0,0,0.663,0.267,1
TND-004194,MPLADS-004194,1,Open e-Tender,2023-07-11,28,3,2,0,0.5,Open e-Tender,12012000.0,12012000.0,-0.0413,0.0139,0.8841,0.221,0,0,0,1,0.238,0.454,1
TND-004195,MPLADS-004195,1,Open e-Tender,2022-07-19,17,3,3,0,0.5,Open e-Tender,3711000.0,3711000.0,-0.0531,0.0096,0.8854,0.055,1,0,0,1,0.632,0.135,1
TND-004196,MPLADS-004196,1,Open e-Tender,2023-10-21,16,5,5,0,0.833,Open e-Tender,2901000.0,2901000.0,-0.0372,0.0007,0.9163,0.192,0,0,0,0,0.1,0.335,1
TND-004197,MPLADS-004197,1,Open e-Tender,2022-07-07,16,5,5,0,0.833,Open e-Tender,815000.0,815000.0,-0.0675,0.0065,0.9774,0.151,0,0,0,0,0.159,0.468,1
TND-004198,MPLADS-004198,1,Open e-Tender,2023-09-22,28,4,4,0,0.667,Open e-Tender,2636000.0,2636000.0,-0.0109,0.0098,0.9345,0.181,1,0,0,0,0.242,0.233,1
TND-004199,MPLADS-004199,1,Open e-Tender,2023-05-24,20,7,6,0,1.0,Open e-Tender,743000.0,743000.0,-0.0107,0.0211,0.9804,0.237,0,0,0,0,0.2,0.385,1
TND-004200,MPLADS-004200,1,Open e-Tender,2022-04-07,24,5,4,0,0.833,Open e-Tender,659000.0,659000.0,-0.0323,0.0233,0.9273,0.173,0,0,0,1,0.601,0.077,1
TND-004201,MPLADS-004201,1,Open e-Tender,2022-11-12,14,5,4,0,0.833,Open e-Tender,7942000.0,7942000.0,-0.0468,0.0401,0.9403,0.24,0,0,0,0,0.303,0.148,1
TND-004202,MPLADS-004202,1,Open e-Tender,2023-04-21,15,5,4,0,0.833,Open e-Tender,503000.0,503000.0,-0.0327,0.0044,0.8512,0.031,0,0,0,0,0.573,0.328,1
TND-004203,MPLADS-004203,1,Open e-Tender,2023-06-24,25,5,5,0,0.833,Open e-Tender,6401000.0,6401000.0,-0.0012,0.0084,0.9702,0.024,0,0,0,0,0.118,0.434,1
TND-004204,MPLADS-004204,1,Open e-Tender,2022-12-31,22,5,5,0,0.833,Open e-Tender,2237000.0,2237000.0,-0.0128,0.0138,0.8969,0.149,0,0,0,0,0.388,0.213,1
TND-004205,MPLADS-004205,1,Open e-Tender,2023-08-02,22,3,3,0,0.5,Open e-Tender,2186000.0,2186000.0,-0.0549,0.0026,0.8923,0.21,1,0,0,0,0.741,0.106,1
TND-004206,MPLADS-004206,1,Open e-Tender,2022-11-03,20,7,7,0,1.0,Open e-Tender,1082000.0,1082000.0,-0.072,0.0278,0.9767,0.134,1,0,0,0,0.238,0.427,1
TND-004207,MPLADS-004207,1,Open e-Tender,2022-11-26,29,5,4,0,0.833,Open e-Tender,1427000.0,1427000.0,-0.0226,0.0102,0.8928,0.004,0,0,0,0,0.609,0.074,1
TND-004208,MPLADS-004208,1,Open e-Tender,2022-09-01,17,6,5,0,1.0,Open e-Tender,1389000.0,1389000.0,-0.0678,0.0212,0.8664,0.068,0,0,0,0,0.578,0.051,1
TND-004209,MPLADS-004209,1,Open e-Tender,2023-08-21,19,5,4,0,0.833,Open e-Tender,2424000.0,2424000.0,-0.0623,0.0211,0.9041,0.202,0,0,0,0,0.521,0.284,1
TND-004210,MPLADS-004210,1,Open e-Tender,2022-07-23,15,3,3,0,0.5,Open e-Tender,68540000.0,68540000.0,0.0057,0.005,0.9221,0.02,0,0,0,0,0.673,0.477,1
TND-004211,MPLADS-004211,1,Open e-Tender,2023-08-10,29,3,2,0,0.5,Open e-Tender,2322000.0,2322000.0,-0.0592,0.0499,0.9144,0.145,0,0,0,0,0.348,0.342,1
TND-004212,MPLADS-004212,1,Open e-Tender,2023-01-24,22,4,3,0,0.667,Open e-Tender,3574000.0,3574000.0,-0.0482,0.031,0.9042,0.007,0,0,0,0,0.542,0.249,1
TND-004213,MPLADS-004213,1,Open e-Tender,2023-03-29,20,6,6,0,1.0,Open e-Tender,427000.0,427000.0,0.0118,0.0083,0.8717,0.206,0,0,0,0,0.41,0.453,1
TND-004214,MPLADS-004214,1,Open e-Tender,2022-08-30,19,7,7,0,1.0,Open e-Tender,651000.0,651000.0,-0.0579,0.0424,0.959,0.139,0,0,0,0,0.371,0.438,1
TND-004215,MPLADS-004215,1,Open e-Tender,2022-07-30,22,7,6,0,1.0,Open e-Tender,3251000.0,3251000.0,-0.0009,0.0087,0.864,0.096,0,0,0,0,0.326,0.346,1
TND-004216,MPLADS-004216,1,Open e-Tender,2022-11-22,22,4,3,0,0.667,Open e-Tender,1052000.0,1052000.0,-0.0428,0.0165,0.9775,0.037,0,0,0,1,0.553,0.456,1
TND-004217,MPLADS-004217,1,Open e-Tender,2023-06-28,19,7,7,0,1.0,Open e-Tender,2131000.0,2131000.0,0.0128,0.0163,0.9302,0.187,0,0,0,0,0.267,0.063,1
TND-004218,MPLADS-004218,1,Open e-Tender,2022-05-01,18,7,7,0,1.0,Open e-Tender,8465000.0,8465000.0,-0.0137,0.0054,0.9282,0.057,0,0,0,0,0.351,0.075,1
TND-004219,MPLADS-004219,1,Open e-Tender,2023-08-30,28,3,3,0,0.5,Open e-Tender,2779000.0,2779000.0,-0.0384,0.028,0.9046,0.165,0,0,0,1,0.151,0.198,1
TND-004220,MPLADS-004220,1,Open e-Tender,2023-01-05,23,5,4,0,0.833,Open e-Tender,1755000.0,1755000.0,-0.0017,0.0225,0.9615,0.075,0,0,0,0,0.253,0.142,1
TND-004221,MPLADS-004221,1,Open e-Tender,2022-04-08,25,6,6,0,1.0,Open e-Tender,2872000.0,2872000.0,-0.0188,0.0458,0.9301,0.021,0,0,0,0,0.666,0.417,1
TND-004222,MPLADS-004222,1,Open e-Tender,2022-04-23,28,3,3,0,0.5,Open e-Tender,587000.0,587000.0,0.0156,0.0338,0.8622,0.041,0,0,0,0,0.526,0.402,1
TND-004223,MPLADS-004223,1,Open e-Tender,2022-03-27,17,6,5,0,1.0,Open e-Tender,2768000.0,2768000.0,-0.0636,0.001,0.977,0.001,0,0,0,0,0.251,0.344,1
TND-004224,MPLADS-004224,1,Open e-Tender,2023-09-01,29,6,6,0,1.0,Open e-Tender,14738000.0,14738000.0,0.0064,0.0204,0.9719,0.222,0,0,0,0,0.217,0.448,1
TND-004225,MPLADS-004225,1,Open e-Tender,2023-05-15,15,4,4,0,0.667,Open e-Tender,1960000.0,1960000.0,0.0,0.0479,0.9213,0.221,0,0,0,0,0.308,0.302,1
TND-004226,MPLADS-004226,1,Open e-Tender,2023-09-23,19,3,2,0,0.5,Open e-Tender,1801000.0,1801000.0,0.0039,0.0113,0.8953,0.245,0,0,0,0,0.498,0.102,1
TND-004227,MPLADS-004227,1,Open e-Tender,2022-06-17,23,6,6,0,1.0,Open e-Tender,13328000.0,13328000.0,0.0032,0.0125,0.9024,0.07,0,0,0,0,0.62,0.233,1
TND-004228,MPLADS-004228,1,Open e-Tender,2022-09-28,18,4,4,0,0.667,Open e-Tender,11967000.0,11967000.0,-0.079,0.0035,0.8772,0.192,0,0,0,0,0.35,0.212,1
TND-004229,MPLADS-004229,1,Open e-Tender,2022-08-06,28,6,5,0,1.0,Open e-Tender,2889000.0,2889000.0,-0.0723,0.0143,0.8828,0.233,0,0,0,0,0.274,0.48,1
TND-004230,MPLADS-004230,1,Open e-Tender,2022-10-31,21,7,6,0,1.0,Open e-Tender,1152000.0,1152000.0,-0.0052,0.0439,0.8735,0.19,0,0,0,0,0.665,0.224,1
TND-004231,MPLADS-004231,1,Open e-Tender,2022-04-07,20,7,6,0,1.0,Open e-Tender,2093000.0,2093000.0,-0.0188,0.0031,0.9676,0.083,0,0,0,0,0.691,0.248,1
TND-004232,MPLADS-004232,1,Open e-Tender,2022-01-23,23,7,6,0,1.0,Open e-Tender,10360000.0,10360000.0,-0.006,0.0087,0.8884,0.172,0,0,0,0,0.682,0.18,1
TND-004233,MPLADS-004233,1,Open e-Tender,2023-04-19,29,6,5,0,1.0,Open e-Tender,3566000.0,3566000.0,-0.0606,0.0106,0.9292,0.157,1,0,0,1,0.158,0.355,1
TND-004234,MPLADS-004234,1,Open e-Tender,2023-06-11,21,7,6,0,1.0,Open e-Tender,2883000.0,2883000.0,0.0148,0.0337,0.9692,0.05,0,0,0,0,0.148,0.267,1
TND-004235,MPLADS-004235,1,Open e-Tender,2022-12-13,29,7,6,0,1.0,Open e-Tender,2540000.0,2540000.0,-0.0723,0.0116,0.9661,0.072,0,0,0,0,0.33,0.274,1
TND-004236,MPLADS-004236,1,Open e-Tender,2022-06-05,25,6,5,0,1.0,Open e-Tender,1020000.0,1020000.0,-0.0116,0.0108,0.9713,0.208,1,0,0,0,0.635,0.266,1
TND-004237,MPLADS-004237,1,Open e-Tender,2022-09-02,20,5,5,0,0.833,Open e-Tender,594000.0,594000.0,0.0,0.0468,0.8976,0.187,1,0,0,0,0.737,0.073,1
TND-004238,MPLADS-004238,1,Open e-Tender,2022-07-04,21,3,3,0,0.5,Open e-Tender,1829000.0,1829000.0,0.0155,0.0172,0.9482,0.022,0,0,0,0,0.354,0.408,1
TND-004239,MPLADS-004239,1,Open e-Tender,2023-06-04,22,3,2,0,0.5,Open e-Tender,2149000.0,2149000.0,-0.0218,0.0484,0.9249,0.014,0,0,0,0,0.679,0.32,1
TND-004240,MPLADS-004240,1,Open e-Tender,2023-03-23,21,6,5,0,1.0,Open e-Tender,911000.0,911000.0,-0.0608,0.0403,0.9665,0.228,0,0,0,0,0.131,0.447,1
TND-004241,MPLADS-004241,1,Open e-Tender,2023-02-24,24,5,5,0,0.833,Open e-Tender,2957000.0,2957000.0,-0.0107,0.0253,0.8781,0.002,0,0,0,0,0.718,0.188,1
TND-004242,MPLADS-004242,1,Open e-Tender,2023-07-19,19,7,6,0,1.0,Open e-Tender,2501000.0,2501000.0,-0.0392,0.0436,0.8599,0.005,0,0,0,0,0.486,0.167,1
TND-004243,MPLADS-004243,1,Open e-Tender,2023-10-14,25,7,7,0,1.0,Open e-Tender,789000.0,789000.0,-0.0674,0.0124,0.944,0.194,0,0,0,0,0.705,0.068,1
TND-004244,MPLADS-004244,1,Open e-Tender,2022-10-13,15,7,7,0,1.0,Open e-Tender,1567000.0,1567000.0,-0.0151,0.0411,0.9894,0.165,0,0,0,1,0.18,0.397,1
TND-004245,MPLADS-004245,1,Open e-Tender,2022-05-26,19,7,7,0,1.0,Open e-Tender,501000.0,501000.0,-0.0529,0.0407,0.9402,0.231,1,0,0,0,0.669,0.296,1
TND-004246,MPLADS-004246,1,Open e-Tender,2022-01-05,28,4,3,0,0.667,Open e-Tender,1061000.0,1061000.0,-0.075,0.0239,0.8958,0.232,0,0,0,0,0.674,0.124,1
TND-004247,MPLADS-004247,1,Open e-Tender,2022-01-11,15,6,5,0,1.0,Open e-Tender,3877000.0,3877000.0,0.012,0.0124,0.8983,0.2,0,0,0,0,0.123,0.491,1
TND-004248,MPLADS-004248,1,Open e-Tender,2023-05-30,24,6,6,0,1.0,Open e-Tender,1512000.0,1512000.0,-0.0308,0.0367,0.8763,0.07,0,0,0,0,0.549,0.114,1
TND-004249,MPLADS-004249,1,Open e-Tender,2023-01-01,20,7,7,0,1.0,Open e-Tender,13352000.0,13352000.0,-0.0726,0.0445,0.9625,0.117,1,0,0,0,0.339,0.293,1
TND-004250,MPLADS-004250,1,Open e-Tender,2023-01-21,17,5,4,0,0.833,Open e-Tender,12007000.0,12007000.0,-0.0019,0.0427,0.8582,0.086,0,0,0,1,0.308,0.312,1
TND-004251,MPLADS-004251,1,Direct / Single Inquiry,2022-12-26,16,1,1,1,0.167,Single Tender Inquiry,13761000.0,13761000.0,-0.0716,0.0216,0.0,0.187,1,0,0,1,0.53,0.457,0
TND-004252,MPLADS-004252,1,Open e-Tender,2022-11-22,23,7,7,0,1.0,Open e-Tender,600000.0,600000.0,-0.0551,0.0165,0.9504,0.015,0,0,0,0,0.229,0.464,1
TND-004253,MPLADS-004253,1,Open e-Tender,2022-06-21,25,7,6,0,1.0,Open e-Tender,595000.0,595000.0,-0.0294,0.0228,0.9229,0.089,0,0,0,0,0.551,0.462,1
TND-004254,MPLADS-004254,1,Open e-Tender,2022-02-09,17,7,6,0,1.0,Open e-Tender,2176000.0,2176000.0,-0.0539,0.0382,0.8986,0.095,0,0,0,0,0.417,0.063,1
TND-004255,MPLADS-004255,1,Open e-Tender,2023-01-19,19,7,6,0,1.0,Open e-Tender,3319000.0,3319000.0,0.0,0.0146,0.8655,0.121,0,0,0,1,0.66,0.09,1
TND-004256,MPLADS-004256,1,Open e-Tender,2023-03-22,17,5,4,0,0.833,Open e-Tender,1676000.0,1676000.0,-0.0725,0.0068,0.949,0.049,0,0,0,1,0.395,0.082,1
TND-004257,MPLADS-004257,1,Open e-Tender,2022-01-28,14,7,7,0,1.0,Open e-Tender,8583000.0,8583000.0,0.0002,0.0159,0.8987,0.149,0,0,0,0,0.477,0.228,1
TND-004258,MPLADS-004258,1,Open e-Tender,2024-01-01,21,4,3,0,0.667,Open e-Tender,944000.0,944000.0,-0.0653,0.0026,0.9519,0.058,0,0,0,0,0.16,0.187,1
TND-004259,MPLADS-004259,1,Open e-Tender,2023-10-18,23,3,2,0,0.5,Open e-Tender,1591000.0,1591000.0,-0.0025,0.0216,0.9796,0.067,0,0,0,0,0.74,0.103,1
TND-004260,MPLADS-004260,1,Direct / Single Inquiry,2023-06-13,25,1,1,1,0.167,Single Tender Inquiry,1568000.0,1568000.0,-0.0433,0.0266,0.0,0.195,0,0,0,0,0.442,0.175,0
TND-004261,MPLADS-004261,1,Open e-Tender,2022-11-23,26,6,5,0,1.0,Open e-Tender,2361000.0,2361000.0,-0.0025,0.0381,0.8711,0.229,0,0,0,0,0.628,0.445,1
TND-004262,MPLADS-004262,1,Open e-Tender,2023-05-07,16,3,2,0,0.5,Open e-Tender,1548000.0,1548000.0,-0.014,0.0098,0.8971,0.221,0,0,0,0,0.568,0.47,1
TND-004263,MPLADS-004263,1,Open e-Tender,2023-08-29,19,5,4,0,0.833,Open e-Tender,1994000.0,1994000.0,-0.0386,0.0307,0.9752,0.05,0,0,0,1,0.481,0.219,1
TND-004264,MPLADS-004264,1,Open e-Tender,2022-05-09,14,6,6,0,1.0,Open e-Tender,3695000.0,3695000.0,0.0146,0.0401,0.924,0.079,0,0,0,0,0.714,0.363,1
TND-004265,MPLADS-004265,1,Open e-Tender,2022-05-05,22,7,7,0,1.0,Open e-Tender,594000.0,594000.0,-0.0116,0.0269,0.8727,0.217,0,0,0,1,0.189,0.265,1
TND-004266,MPLADS-004266,1,Open e-Tender,2022-02-10,19,6,6,0,1.0,Open e-Tender,2105000.0,2105000.0,-0.0061,0.004,0.9893,0.222,0,0,0,0,0.139,0.345,1
TND-004267,MPLADS-004267,1,Open e-Tender,2022-06-05,29,7,7,0,1.0,Open e-Tender,368000.0,368000.0,0.011,0.0199,0.9053,0.105,0,0,0,0,0.55,0.148,1
TND-004268,MPLADS-004268,1,Open e-Tender,2023-12-19,24,4,4,0,0.667,Open e-Tender,694000.0,694000.0,-0.0014,0.0072,0.9699,0.162,0,0,0,0,0.474,0.073,1
TND-004269,MPLADS-004269,1,Open e-Tender,2023-07-31,29,6,5,0,1.0,Open e-Tender,1341000.0,1341000.0,-0.07,0.0197,0.8688,0.214,0,0,0,0,0.188,0.117,1
TND-004270,MPLADS-004270,1,Open e-Tender,2023-12-26,15,4,3,0,0.667,Open e-Tender,3343000.0,3343000.0,-0.0188,0.0239,0.9743,0.149,1,0,0,0,0.619,0.22,1
TND-004271,MPLADS-004271,1,Direct / Single Inquiry,2022-06-14,15,1,1,1,0.167,Single Tender Inquiry,12222000.0,12222000.0,-0.0423,0.049,0.0,0.144,0,0,0,0,0.521,0.081,0
TND-004272,MPLADS-004272,1,Open e-Tender,2022-01-15,19,5,4,0,0.833,Open e-Tender,1079000.0,1079000.0,-0.0314,0.0402,0.9892,0.097,0,0,0,0,0.376,0.154,1
TND-004273,MPLADS-004273,1,Open e-Tender,2022-11-26,23,7,6,0,1.0,Open e-Tender,1139000.0,1139000.0,-0.077,0.0012,0.9371,0.141,0,0,0,0,0.686,0.466,1
TND-004274,MPLADS-004274,1,Open e-Tender,2023-01-16,26,4,4,0,0.667,Open e-Tender,749000.0,749000.0,-0.0531,0.0067,0.9115,0.163,0,0,0,1,0.719,0.096,1
TND-004275,MPLADS-004275,1,Open e-Tender,2022-02-02,29,6,6,0,1.0,Open e-Tender,2075000.0,2075000.0,-0.0786,0.0256,0.8995,0.008,0,0,0,0,0.347,0.469,1
TND-004276,MPLADS-004276,1,Direct / Single Inquiry,2023-10-05,27,1,1,1,0.167,Single Tender Inquiry,2089000.0,2089000.0,-0.0378,0.0482,0.0,0.17,0,0,0,0,0.609,0.177,0
TND-004277,MPLADS-004277,1,Open e-Tender,2022-02-26,23,3,2,0,0.5,Open e-Tender,1822000.0,1822000.0,-0.0718,0.0101,0.8555,0.1,0,0,0,0,0.263,0.067,1
TND-004278,MPLADS-004278,1,Open e-Tender,2023-08-28,18,3,2,0,0.5,Open e-Tender,6002000.0,6002000.0,-0.0739,0.0261,0.9755,0.021,0,0,0,1,0.278,0.41,1
TND-004279,MPLADS-004279,1,Open e-Tender,2023-09-11,22,4,4,0,0.667,Open e-Tender,395000.0,395000.0,-0.0505,0.0075,0.8733,0.107,0,0,0,0,0.283,0.055,1
TND-004280,MPLADS-004280,1,Open e-Tender,2022-10-08,15,3,3,0,0.5,Open e-Tender,2275000.0,2275000.0,-0.0521,0.023,0.8702,0.242,0,0,0,0,0.238,0.114,1
TND-004281,MPLADS-004281,1,Open e-Tender,2022-03-31,22,6,6,0,1.0,Open e-Tender,9985000.0,9985000.0,-0.0692,0.048,0.8631,0.203,1,0,0,1,0.468,0.374,1
TND-004282,MPLADS-004282,1,Open e-Tender,2022-06-16,24,6,6,0,1.0,Open e-Tender,1045000.0,1045000.0,-0.0395,0.0321,0.9733,0.041,0,0,0,1,0.216,0.447,1
TND-004283,MPLADS-004283,1,Open e-Tender,2022-04-11,29,3,3,0,0.5,Open e-Tender,1668000.0,1668000.0,-0.0403,0.0258,0.8587,0.043,0,0,0,0,0.219,0.253,1
TND-004284,MPLADS-004284,1,Open e-Tender,2023-09-16,24,3,3,0,0.5,Open e-Tender,1750000.0,1750000.0,-0.0256,0.0132,0.9561,0.171,0,0,0,0,0.294,0.112,1
TND-004285,MPLADS-004285,1,Open e-Tender,2022-09-10,26,5,4,0,0.833,Open e-Tender,2055000.0,2055000.0,-0.0005,0.007,0.8891,0.059,0,0,0,1,0.57,0.058,1
TND-004286,MPLADS-004286,1,Open e-Tender,2022-11-03,21,4,3,0,0.667,Open e-Tender,392000.0,392000.0,-0.0733,0.0174,0.9111,0.019,0,0,0,0,0.163,0.45,1
TND-004287,MPLADS-004287,1,Open e-Tender,2023-09-21,21,3,2,0,0.5,Open e-Tender,9637000.0,9637000.0,-0.0609,0.0317,0.9447,0.096,0,0,0,0,0.194,0.451,1
TND-004288,MPLADS-004288,1,Open e-Tender,2022-12-01,14,6,5,0,1.0,Open e-Tender,1806000.0,1806000.0,0.0078,0.0443,0.9796,0.106,0,0,0,0,0.652,0.117,1
TND-004289,MPLADS-004289,1,Open e-Tender,2023-11-05,27,6,5,0,1.0,Open e-Tender,1606000.0,1606000.0,-0.0592,0.0,0.9644,0.17,0,0,0,1,0.53,0.102,1
TND-004290,MPLADS-004290,1,Open e-Tender,2023-05-05,27,4,4,0,0.667,Open e-Tender,1658000.0,1658000.0,-0.0531,0.0082,0.8506,0.078,0,0,0,0,0.403,0.489,1
TND-004291,MPLADS-004291,1,Open e-Tender,2023-12-04,29,7,7,0,1.0,Open e-Tender,1739000.0,1739000.0,-0.0334,0.0014,0.9707,0.221,0,0,0,0,0.716,0.177,1
TND-004292,MPLADS-004292,1,Open e-Tender,2023-04-27,18,3,3,0,0.5,Open e-Tender,1749000.0,1749000.0,-0.0213,0.0064,0.959,0.192,0,0,0,0,0.639,0.341,1
TND-004293,MPLADS-004293,1,Direct / Single Inquiry,2022-04-19,27,1,1,1,0.167,Single Tender Inquiry,1654000.0,1654000.0,-0.0744,0.0396,0.0,0.25,0,0,0,1,0.158,0.084,0
TND-004294,MPLADS-004294,1,Open e-Tender,2022-03-13,23,7,7,0,1.0,Open e-Tender,11740000.0,11740000.0,-0.0022,0.047,0.931,0.048,0,0,0,0,0.604,0.264,1
TND-004295,MPLADS-004295,1,Open e-Tender,2023-01-13,22,3,3,0,0.5,Open e-Tender,1213000.0,1213000.0,-0.0186,0.0343,0.874,0.243,0,0,0,0,0.685,0.259,1
TND-004296,MPLADS-004296,1,Open e-Tender,2023-09-09,29,5,5,0,0.833,Open e-Tender,594000.0,594000.0,-0.0182,0.0137,0.9424,0.022,0,0,0,1,0.46,0.295,1
TND-004297,MPLADS-004297,1,Open e-Tender,2022-04-24,22,6,5,0,1.0,Open e-Tender,519000.0,519000.0,-0.0019,0.0273,0.9181,0.056,0,0,0,0,0.169,0.292,1
TND-004298,MPLADS-004298,1,Open e-Tender,2022-08-04,15,3,3,0,0.5,Open e-Tender,12982000.0,12982000.0,-0.0132,0.008,0.8851,0.145,1,0,0,0,0.589,0.443,1
TND-004299,MPLADS-004299,1,Open e-Tender,2022-02-25,16,6,6,0,1.0,Open e-Tender,1135000.0,1135000.0,-0.0349,0.0223,0.8814,0.135,1,0,0,0,0.596,0.111,1
TND-004300,MPLADS-004300,1,Open e-Tender,2023-04-26,27,6,6,0,1.0,Open e-Tender,1112000.0,1112000.0,0.0183,0.03,0.879,0.167,0,0,0,0,0.302,0.462,1
TND-004301,MPLADS-004301,1,Open e-Tender,2023-03-05,24,6,5,0,1.0,Open e-Tender,2667000.0,2667000.0,0.0145,0.0497,0.9016,0.088,0,0,0,0,0.466,0.443,1
TND-004302,MPLADS-004302,1,Open e-Tender,2022-12-24,17,4,4,0,0.667,Open e-Tender,716000.0,716000.0,-0.0749,0.0066,0.9522,0.228,0,0,0,0,0.527,0.169,1
TND-004303,MPLADS-004303,1,Open e-Tender,2022-04-27,23,5,5,0,0.833,Open e-Tender,12542000.0,12542000.0,-0.012,0.042,0.955,0.11,0,0,0,0,0.522,0.134,1
TND-004304,MPLADS-004304,1,Open e-Tender,2023-03-03,28,4,4,0,0.667,Open e-Tender,1338000.0,1338000.0,-0.0747,0.0001,0.9769,0.156,0,0,0,0,0.75,0.265,1
TND-004305,MPLADS-004305,1,Open e-Tender,2022-04-30,27,3,2,0,0.5,Open e-Tender,1537000.0,1537000.0,0.0105,0.0051,0.8552,0.049,1,0,0,0,0.52,0.44,1
TND-004306,MPLADS-004306,1,Open e-Tender,2022-12-05,17,7,7,0,1.0,Open e-Tender,2933000.0,2933000.0,-0.0368,0.0403,0.9818,0.114,0,0,0,0,0.315,0.309,1
TND-004307,MPLADS-004307,1,Open e-Tender,2023-06-22,28,4,4,0,0.667,Open e-Tender,3113000.0,3113000.0,-0.064,0.0154,0.894,0.167,0,0,0,1,0.247,0.369,1
TND-004308,MPLADS-004308,1,Open e-Tender,2023-01-12,19,4,3,0,0.667,Open e-Tender,2904000.0,2904000.0,0.0055,0.044,0.8884,0.156,0,0,0,0,0.626,0.427,1
TND-004309,MPLADS-004309,1,Open e-Tender,2023-07-28,18,5,5,0,0.833,Open e-Tender,401000.0,401000.0,-0.0696,0.0101,0.9308,0.23,0,0,0,0,0.685,0.062,1
TND-004310,MPLADS-004310,1,Open e-Tender,2022-10-20,17,7,6,0,1.0,Open e-Tender,2069000.0,2069000.0,-0.0417,0.021,0.9736,0.114,1,0,0,0,0.264,0.118,1
TND-004311,MPLADS-004311,1,Direct / Single Inquiry,2023-08-01,15,1,1,1,0.167,Single Tender Inquiry,2511000.0,2511000.0,-0.002,0.0291,0.0,0.222,1,0,0,0,0.62,0.374,0
TND-004312,MPLADS-004312,1,Open e-Tender,2022-02-26,17,3,3,0,0.5,Open e-Tender,724000.0,724000.0,-0.0573,0.0453,0.9772,0.039,0,0,0,0,0.56,0.377,1
TND-004313,MPLADS-004313,1,Open e-Tender,2023-05-28,20,4,4,0,0.667,Open e-Tender,3253000.0,3253000.0,0.0084,0.0201,0.9615,0.192,0,0,0,1,0.609,0.38,1
TND-004314,MPLADS-004314,1,Open e-Tender,2023-05-28,22,3,3,0,0.5,Open e-Tender,14049000.0,14049000.0,-0.0632,0.0114,0.9488,0.234,0,0,0,0,0.287,0.144,1
TND-004315,MPLADS-004315,1,Open e-Tender,2022-06-05,22,6,6,0,1.0,Open e-Tender,16946000.0,16946000.0,0.0144,0.0111,0.889,0.194,0,0,0,0,0.635,0.194,1
TND-004316,MPLADS-004316,1,Open e-Tender,2022-08-19,14,6,6,0,1.0,Open e-Tender,13988000.0,13988000.0,-0.0724,0.0104,0.9807,0.106,0,0,0,0,0.418,0.406,1
TND-004317,MPLADS-004317,1,Open e-Tender,2022-08-27,24,6,6,0,1.0,Open e-Tender,2202000.0,2202000.0,-0.0537,0.0218,0.905,0.217,0,0,0,0,0.683,0.223,1
TND-004318,MPLADS-004318,1,Direct / Single Inquiry,2022-04-17,20,1,1,1,0.167,Single Tender Inquiry,2378000.0,2378000.0,-0.0515,0.0097,0.0,0.08,0,0,0,0,0.18,0.142,0
TND-004319,MPLADS-004319,1,Open e-Tender,2023-10-04,26,7,6,0,1.0,Open e-Tender,2235000.0,2235000.0,-0.0354,0.0244,0.8665,0.01,0,0,0,0,0.498,0.212,1
TND-004320,MPLADS-004320,1,Open e-Tender,2023-08-19,15,6,5,0,1.0,Open e-Tender,1947000.0,1947000.0,-0.0516,0.0042,0.915,0.05,0,0,0,0,0.4,0.241,1
TND-004321,MPLADS-004321,1,Open e-Tender,2022-06-09,14,7,6,0,1.0,Open e-Tender,890000.0,890000.0,-0.0273,0.0368,0.8688,0.244,0,0,0,0,0.243,0.218,1
TND-004322,MPLADS-004322,1,Direct / Single Inquiry,2023-06-16,22,1,1,1,0.167,Single Tender Inquiry,656000.0,656000.0,-0.0465,0.0155,0.0,0.13,0,0,0,0,0.55,0.346,0
TND-004323,MPLADS-004323,1,Open e-Tender,2022-07-03,23,3,3,0,0.5,Open e-Tender,1849000.0,1849000.0,-0.0096,0.0141,0.986,0.072,0,0,0,0,0.692,0.292,1
TND-004324,MPLADS-004324,1,Open e-Tender,2022-01-23,18,7,7,0,1.0,Open e-Tender,9095000.0,9095000.0,-0.0742,0.0118,0.8824,0.09,0,0,0,0,0.684,0.286,1
TND-004325,MPLADS-004325,1,Open e-Tender,2022-05-28,20,4,3,0,0.667,Open e-Tender,1111000.0,1111000.0,-0.0757,0.0441,0.9657,0.211,0,0,0,1,0.7,0.358,1
TND-004326,MPLADS-004326,1,Open e-Tender,2022-07-18,24,3,2,0,0.5,Open e-Tender,1705000.0,1705000.0,-0.048,0.0214,0.8862,0.095,0,0,0,1,0.606,0.351,1
TND-004327,MPLADS-004327,1,Open e-Tender,2022-05-06,29,3,2,0,0.5,Open e-Tender,9071000.0,9071000.0,0.0013,0.0196,0.9831,0.174,0,0,0,1,0.411,0.102,1
TND-004328,MPLADS-004328,1,Open e-Tender,2022-06-05,29,5,4,0,0.833,Open e-Tender,15145000.0,15145000.0,-0.059,0.0254,0.9587,0.097,0,0,0,0,0.477,0.114,1
TND-004329,MPLADS-004329,1,Open e-Tender,2022-08-20,23,7,6,0,1.0,Open e-Tender,9640000.0,9640000.0,-0.0367,0.0173,0.8569,0.207,0,0,0,0,0.401,0.232,1
TND-004330,MPLADS-004330,1,Open e-Tender,2023-10-06,26,6,5,0,1.0,Open e-Tender,613000.0,613000.0,-0.0613,0.0487,0.9422,0.029,0,0,0,0,0.312,0.137,1
TND-004331,MPLADS-004331,1,Open e-Tender,2022-04-24,26,4,3,0,0.667,Open e-Tender,2053000.0,2053000.0,-0.027,0.011,0.8979,0.067,0,0,0,0,0.167,0.325,1
TND-004332,MPLADS-004332,1,Open e-Tender,2022-07-19,22,4,3,0,0.667,Open e-Tender,3377000.0,3377000.0,0.0036,0.0286,0.8902,0.152,0,0,0,1,0.354,0.312,1
TND-004333,MPLADS-004333,1,Open e-Tender,2023-05-17,15,7,7,0,1.0,Open e-Tender,10762000.0,10762000.0,-0.0446,0.0427,0.9893,0.231,0,0,0,0,0.727,0.496,1
TND-004334,MPLADS-004334,1,Open e-Tender,2022-03-30,16,7,7,0,1.0,Open e-Tender,1836000.0,1836000.0,-0.0049,0.0106,0.8821,0.051,0,0,0,0,0.723,0.139,1
TND-004335,MPLADS-004335,1,Open e-Tender,2023-02-15,29,3,3,0,0.5,Open e-Tender,64764000.0,64764000.0,-0.0178,0.0004,0.8652,0.219,0,0,0,1,0.465,0.357,1
TND-004336,MPLADS-004336,1,Open e-Tender,2023-07-11,19,3,3,0,0.5,Open e-Tender,2496000.0,2496000.0,-0.0385,0.0089,0.8566,0.01,0,0,0,0,0.112,0.172,1
TND-004337,MPLADS-004337,1,Open e-Tender,2023-05-08,28,6,6,0,1.0,Open e-Tender,2738000.0,2738000.0,0.0018,0.0253,0.9434,0.213,0,0,0,0,0.354,0.245,1
TND-004338,MPLADS-004338,1,Open e-Tender,2022-03-03,23,3,3,0,0.5,Open e-Tender,1492000.0,1492000.0,-0.0545,0.0315,0.9483,0.155,0,0,0,0,0.627,0.455,1
TND-004339,MPLADS-004339,1,Open e-Tender,2023-11-05,17,6,6,0,1.0,Open e-Tender,1643000.0,1643000.0,-0.067,0.0245,0.9828,0.18,0,0,0,0,0.22,0.5,1
TND-004340,MPLADS-004340,1,Direct / Single Inquiry,2023-02-07,25,1,1,1,0.167,Single Tender Inquiry,916000.0,916000.0,-0.0468,0.0282,0.0,0.054,0,0,0,0,0.473,0.344,0
TND-004341,MPLADS-004341,1,Open e-Tender,2023-08-16,14,5,4,0,0.833,Open e-Tender,483000.0,483000.0,-0.0566,0.0138,0.9242,0.029,0,0,0,0,0.4,0.409,1
TND-004342,MPLADS-004342,1,Open e-Tender,2023-07-22,19,7,7,0,1.0,Open e-Tender,2509000.0,2509000.0,-0.0036,0.0117,0.9469,0.05,0,0,0,0,0.255,0.353,1
TND-004343,MPLADS-004343,1,Open e-Tender,2023-04-21,28,4,4,0,0.667,Open e-Tender,1390000.0,1390000.0,0.0168,0.0178,0.9308,0.012,1,0,0,0,0.524,0.056,1
TND-004344,MPLADS-004344,1,Open e-Tender,2023-04-18,23,5,4,0,0.833,Open e-Tender,16404000.0,16404000.0,0.0126,0.0147,0.9276,0.083,0,0,0,0,0.226,0.187,1
TND-004345,MPLADS-004345,1,Direct / Single Inquiry,2023-10-28,23,1,1,1,0.167,Single Tender Inquiry,14235000.0,14235000.0,-0.0643,0.0379,0.0,0.159,0,0,0,1,0.317,0.163,0
TND-004346,MPLADS-004346,1,Open e-Tender,2022-05-24,17,6,5,0,1.0,Open e-Tender,2268000.0,2268000.0,-0.0186,0.0296,0.9554,0.195,0,0,0,0,0.292,0.44,1
TND-004347,MPLADS-004347,1,Open e-Tender,2023-08-24,25,5,4,0,0.833,Open e-Tender,3785000.0,3785000.0,-0.075,0.0364,0.931,0.128,0,0,0,0,0.114,0.086,1
TND-004348,MPLADS-004348,1,Open e-Tender,2023-05-18,16,5,4,0,0.833,Open e-Tender,7818000.0,7818000.0,-0.0793,0.0036,0.8579,0.018,1,0,0,0,0.205,0.165,1
TND-004349,MPLADS-004349,1,Open e-Tender,2023-05-03,20,5,5,0,0.833,Open e-Tender,1985000.0,1985000.0,0.004,0.0237,0.9638,0.076,1,0,0,1,0.629,0.347,1
TND-004350,MPLADS-004350,1,Open e-Tender,2022-08-21,17,6,6,0,1.0,Open e-Tender,9400000.0,9400000.0,-0.0509,0.0475,0.9581,0.24,0,0,0,0,0.706,0.245,1
TND-004351,MPLADS-004351,1,Direct / Single Inquiry,2022-05-26,27,1,1,1,0.167,Single Tender Inquiry,1514000.0,1514000.0,-0.0117,0.0238,0.0,0.006,0,0,0,0,0.713,0.409,0
TND-004352,MPLADS-004352,1,Open e-Tender,2023-04-20,16,3,2,0,0.5,Open e-Tender,1410000.0,1410000.0,-0.0035,0.0496,0.9663,0.195,0,0,0,0,0.14,0.391,1
TND-004353,MPLADS-004353,1,Open e-Tender,2022-10-25,28,5,5,0,0.833,Open e-Tender,1978000.0,1978000.0,-0.0389,0.0297,0.9551,0.075,0,0,0,0,0.168,0.422,1
TND-004354,MPLADS-004354,1,Open e-Tender,2022-03-09,24,4,4,0,0.667,Open e-Tender,552000.0,552000.0,0.0166,0.0357,0.9286,0.131,1,0,0,0,0.37,0.341,1
TND-004355,MPLADS-004355,1,Open e-Tender,2022-04-17,16,7,6,0,1.0,Open e-Tender,13580000.0,13580000.0,-0.0537,0.0384,0.9273,0.081,0,0,0,0,0.327,0.107,1
TND-004356,MPLADS-004356,1,Open e-Tender,2023-06-11,27,3,2,0,0.5,Open e-Tender,1055000.0,1055000.0,-0.0312,0.0322,0.9597,0.132,0,0,0,0,0.712,0.33,1
TND-004357,MPLADS-004357,1,Open e-Tender,2023-12-11,27,4,3,0,0.667,Open e-Tender,605000.0,605000.0,-0.062,0.0469,0.96,0.019,0,0,0,1,0.245,0.156,1
TND-004358,MPLADS-004358,1,Open e-Tender,2023-04-09,15,7,7,0,1.0,Open e-Tender,402000.0,402000.0,-0.078,0.0409,0.9885,0.045,0,0,0,0,0.472,0.403,1
TND-004359,MPLADS-004359,1,Open e-Tender,2022-11-09,17,4,4,0,0.667,Open e-Tender,2932000.0,2932000.0,-0.0578,0.0421,0.9252,0.138,1,0,0,1,0.647,0.49,1
TND-004360,MPLADS-004360,1,Open e-Tender,2023-11-15,29,5,5,0,0.833,Open e-Tender,329000.0,329000.0,-0.0784,0.0399,0.9771,0.162,0,0,0,0,0.508,0.141,1
TND-004361,MPLADS-004361,1,Open e-Tender,2022-03-29,19,3,2,0,0.5,Open e-Tender,10690000.0,10690000.0,-0.0319,0.0162,0.9523,0.133,0,0,0,0,0.433,0.089,1
TND-004362,MPLADS-004362,1,Open e-Tender,2022-07-21,27,5,5,0,0.833,Open e-Tender,1602000.0,1602000.0,-0.0413,0.0244,0.9472,0.178,1,0,0,0,0.499,0.385,1
TND-004363,MPLADS-004363,1,Open e-Tender,2023-06-26,25,6,6,0,1.0,Open e-Tender,2494000.0,2494000.0,-0.0488,0.0403,0.8785,0.151,0,0,0,0,0.691,0.264,1
TND-004364,MPLADS-004364,1,Open e-Tender,2023-05-22,29,4,3,0,0.667,Open e-Tender,1701000.0,1701000.0,-0.0247,0.0407,0.9117,0.174,0,0,0,0,0.134,0.495,1
TND-004365,MPLADS-004365,1,Open e-Tender,2023-03-20,26,3,3,0,0.5,Open e-Tender,605000.0,605000.0,-0.0131,0.0121,0.975,0.248,0,0,0,0,0.157,0.125,1
TND-004366,MPLADS-004366,1,Open e-Tender,2023-04-07,16,5,5,0,0.833,Open e-Tender,1983000.0,1983000.0,-0.0212,0.0186,0.8756,0.086,0,0,0,0,0.386,0.099,1
TND-004367,MPLADS-004367,1,Open e-Tender,2022-06-12,29,6,5,0,1.0,Open e-Tender,2557000.0,2557000.0,-0.0671,0.0051,0.8948,0.13,0,0,0,0,0.537,0.496,1
TND-004368,MPLADS-004368,1,Open e-Tender,2023-08-10,18,5,4,0,0.833,Open e-Tender,8627000.0,8627000.0,-0.072,0.0269,0.9307,0.031,0,0,0,1,0.651,0.327,1
TND-004369,MPLADS-004369,1,Open e-Tender,2022-10-22,18,4,4,0,0.667,Open e-Tender,724000.0,724000.0,-0.0634,0.0247,0.9626,0.032,0,0,0,0,0.477,0.428,1
TND-004370,MPLADS-004370,1,Open e-Tender,2022-09-30,20,7,6,0,1.0,Open e-Tender,348000.0,348000.0,-0.0543,0.0457,0.9494,0.026,0,0,0,0,0.583,0.49,1
TND-004371,MPLADS-004371,1,Open e-Tender,2023-03-03,17,5,5,0,0.833,Open e-Tender,1885000.0,1885000.0,-0.0068,0.0029,0.921,0.119,0,0,0,0,0.435,0.207,1
TND-004372,MPLADS-004372,1,Open e-Tender,2022-11-09,22,4,4,0,0.667,Open e-Tender,14040000.0,14040000.0,-0.0257,0.014,0.8674,0.194,0,0,0,0,0.693,0.2,1
TND-004373,MPLADS-004373,1,Open e-Tender,2023-04-27,24,7,6,0,1.0,Open e-Tender,2334000.0,2334000.0,-0.0539,0.0189,0.9417,0.239,0,0,0,1,0.305,0.248,1
TND-004374,MPLADS-004374,1,Open e-Tender,2022-09-25,24,6,5,0,1.0,Open e-Tender,10951000.0,10951000.0,-0.0268,0.0476,0.8841,0.207,0,0,0,0,0.602,0.156,1
TND-004375,MPLADS-004375,1,Open e-Tender,2023-05-04,27,5,4,0,0.833,Open e-Tender,2740000.0,2740000.0,-0.004,0.0106,0.937,0.006,0,0,0,1,0.24,0.125,1
TND-004376,MPLADS-004376,1,Open e-Tender,2023-10-15,20,5,5,0,0.833,Open e-Tender,2353000.0,2353000.0,-0.0427,0.0209,0.9511,0.184,0,0,0,0,0.308,0.463,1
TND-004377,MPLADS-004377,1,Open e-Tender,2022-08-19,19,4,4,0,0.667,Open e-Tender,468000.0,468000.0,-0.023,0.0227,0.9202,0.112,0,0,0,0,0.62,0.299,1
TND-004378,MPLADS-004378,1,Open e-Tender,2022-06-27,16,4,3,0,0.667,Open e-Tender,604000.0,604000.0,0.0168,0.0232,0.9701,0.015,0,0,0,1,0.145,0.486,1
TND-004379,MPLADS-004379,1,Open e-Tender,2022-11-29,26,6,6,0,1.0,Open e-Tender,10822000.0,10822000.0,-0.0132,0.0268,0.8832,0.23,0,0,0,0,0.275,0.353,1
TND-004380,MPLADS-004380,1,Open e-Tender,2022-02-21,14,4,3,0,0.667,Open e-Tender,2221000.0,2221000.0,-0.0447,0.0466,0.9837,0.246,0,0,0,0,0.369,0.149,1
TND-004381,MPLADS-004381,1,Open e-Tender,2023-06-05,26,5,4,0,0.833,Open e-Tender,1061000.0,1061000.0,-0.0203,0.0088,0.9356,0.192,1,0,0,0,0.621,0.16,1
TND-004382,MPLADS-004382,1,Open e-Tender,2022-02-16,28,4,4,0,0.667,Open e-Tender,710000.0,710000.0,0.0071,0.0338,0.8505,0.023,0,0,0,1,0.414,0.358,1
TND-004383,MPLADS-004383,1,Open e-Tender,2022-07-28,16,6,6,0,1.0,Open e-Tender,3166000.0,3166000.0,-0.0718,0.0126,0.9379,0.034,0,0,0,0,0.129,0.211,1
TND-004384,MPLADS-004384,1,Open e-Tender,2022-10-23,15,4,3,0,0.667,Open e-Tender,1373000.0,1373000.0,0.0059,0.0426,0.8881,0.115,0,0,0,0,0.521,0.074,1
TND-004385,MPLADS-004385,1,Open e-Tender,2022-09-15,28,6,6,0,1.0,Open e-Tender,3365000.0,3365000.0,-0.0167,0.048,0.9135,0.092,0,0,0,0,0.179,0.215,1
TND-004386,MPLADS-004386,1,Open e-Tender,2022-03-13,29,4,4,0,0.667,Open e-Tender,3285000.0,3285000.0,-0.0423,0.0482,0.8503,0.013,0,0,0,0,0.422,0.101,1
TND-004387,MPLADS-004387,1,Open e-Tender,2023-01-31,28,3,3,0,0.5,Open e-Tender,12278000.0,12278000.0,0.0028,0.0269,0.9055,0.037,0,0,0,0,0.47,0.228,1
TND-004388,MPLADS-004388,1,Open e-Tender,2022-07-01,29,5,4,0,0.833,Open e-Tender,2864000.0,2864000.0,0.0003,0.0479,0.8818,0.221,1,0,0,0,0.59,0.455,1
TND-004389,MPLADS-004389,1,Open e-Tender,2022-05-27,14,5,5,0,0.833,Open e-Tender,1167000.0,1167000.0,-0.0604,0.0098,0.9196,0.072,0,0,0,0,0.213,0.12,1
TND-004390,MPLADS-004390,1,Open e-Tender,2022-04-25,18,3,3,0,0.5,Open e-Tender,2192000.0,2192000.0,-0.0201,0.0268,0.8632,0.227,0,0,0,0,0.33,0.398,1
TND-004391,MPLADS-004391,1,Open e-Tender,2022-08-22,25,6,6,0,1.0,Open e-Tender,1623000.0,1623000.0,-0.0752,0.0366,0.9541,0.164,0,0,0,0,0.243,0.406,1
TND-004392,MPLADS-004392,1,Open e-Tender,2023-04-22,28,4,4,0,0.667,Open e-Tender,2961000.0,2961000.0,0.002,0.0221,0.8544,0.24,1,0,0,0,0.579,0.166,1
TND-004393,MPLADS-004393,1,Open e-Tender,2023-06-15,28,6,6,0,1.0,Open e-Tender,2377000.0,2377000.0,0.0098,0.0344,0.9821,0.222,0,0,0,0,0.537,0.156,1
TND-004394,MPLADS-004394,1,Open e-Tender,2023-03-07,19,7,6,0,1.0,Open e-Tender,2460000.0,2460000.0,-0.0372,0.0073,0.9483,0.104,0,0,0,0,0.398,0.294,1
TND-004395,MPLADS-004395,1,Open e-Tender,2023-05-12,19,5,4,0,0.833,Open e-Tender,1817000.0,1817000.0,-0.0447,0.0239,0.8932,0.188,0,0,0,1,0.114,0.103,1
TND-004396,MPLADS-004396,1,Direct / Single Inquiry,2023-05-07,15,1,1,1,0.167,Single Tender Inquiry,2418000.0,2418000.0,-0.0621,0.0182,0.0,0.032,0,0,0,0,0.519,0.243,0
TND-004397,MPLADS-004397,1,Open e-Tender,2023-08-08,16,3,3,0,0.5,Open e-Tender,1220000.0,1220000.0,-0.0498,0.0307,0.8532,0.198,0,0,0,0,0.56,0.245,1
TND-004398,MPLADS-004398,1,Open e-Tender,2023-05-13,29,5,5,0,0.833,Open e-Tender,2717000.0,2717000.0,-0.043,0.0054,0.8974,0.133,0,0,0,1,0.507,0.29,1
TND-004399,MPLADS-004399,1,Open e-Tender,2022-03-23,20,6,6,0,1.0,Open e-Tender,3606000.0,3606000.0,-0.0083,0.0479,0.8842,0.106,0,0,0,0,0.137,0.422,1
TND-004400,MPLADS-004400,1,Open e-Tender,2023-08-09,15,6,6,0,1.0,Open e-Tender,2752000.0,2752000.0,-0.079,0.0288,0.8836,0.082,0,0,0,0,0.141,0.291,1
TND-004401,MPLADS-004401,1,Open e-Tender,2023-04-09,21,6,6,0,1.0,Open e-Tender,2165000.0,2165000.0,-0.0348,0.009,0.8714,0.172,0,0,0,0,0.173,0.077,1
TND-004402,MPLADS-004402,1,Open e-Tender,2023-07-29,14,7,7,0,1.0,Open e-Tender,607000.0,607000.0,-0.056,0.0402,0.8836,0.051,0,0,0,0,0.204,0.369,1
TND-004403,MPLADS-004403,1,Open e-Tender,2022-11-25,20,7,6,0,1.0,Open e-Tender,1400000.0,1400000.0,-0.0271,0.0476,0.8959,0.157,0,0,0,0,0.53,0.45,1
TND-004404,MPLADS-004404,1,Open e-Tender,2022-09-22,15,4,3,0,0.667,Open e-Tender,1754000.0,1754000.0,-0.0163,0.0358,0.8666,0.077,0,0,0,1,0.168,0.128,1
TND-004405,MPLADS-004405,1,Open e-Tender,2022-01-06,21,4,4,0,0.667,Open e-Tender,14120000.0,14120000.0,-0.0186,0.0022,0.9488,0.16,0,0,0,1,0.286,0.331,1
TND-004406,MPLADS-004406,1,Open e-Tender,2022-02-14,22,3,3,0,0.5,Open e-Tender,8630000.0,8630000.0,-0.0339,0.0252,0.8603,0.062,0,0,0,0,0.729,0.491,1
TND-004407,MPLADS-004407,1,Open e-Tender,2022-11-16,29,6,5,0,1.0,Open e-Tender,10872000.0,10872000.0,-0.0026,0.0391,0.8857,0.054,0,0,0,0,0.191,0.478,1
TND-004408,MPLADS-004408,1,Open e-Tender,2022-03-01,20,6,5,0,1.0,Open e-Tender,940000.0,940000.0,-0.0279,0.0415,0.9862,0.22,0,0,0,0,0.211,0.377,1
TND-004409,MPLADS-004409,1,Open e-Tender,2023-01-09,25,5,5,0,0.833,Open e-Tender,2337000.0,2337000.0,-0.0038,0.0071,0.973,0.121,0,0,0,0,0.196,0.214,1
TND-004410,MPLADS-004410,1,Open e-Tender,2022-09-03,25,7,6,0,1.0,Open e-Tender,1778000.0,1778000.0,-0.0568,0.0342,0.885,0.013,0,0,0,0,0.136,0.382,1
TND-004411,MPLADS-004411,1,Open e-Tender,2023-09-10,28,6,5,0,1.0,Open e-Tender,1784000.0,1784000.0,-0.0294,0.0254,0.9238,0.143,0,0,0,0,0.403,0.245,1
TND-004412,MPLADS-004412,1,Open e-Tender,2022-04-23,22,7,7,0,1.0,Open e-Tender,2364000.0,2364000.0,-0.0794,0.0032,0.9814,0.043,0,0,0,0,0.117,0.136,1
TND-004413,MPLADS-004413,1,Open e-Tender,2022-07-13,22,5,4,0,0.833,Open e-Tender,2629000.0,2629000.0,-0.0335,0.0081,0.9536,0.065,0,0,0,0,0.517,0.459,1
TND-004414,MPLADS-004414,1,Open e-Tender,2022-07-27,24,3,2,0,0.5,Open e-Tender,1001000.0,1001000.0,-0.0636,0.0099,0.9068,0.231,0,0,0,0,0.729,0.052,1
TND-004415,MPLADS-004415,1,Open e-Tender,2022-07-10,29,3,3,0,0.5,Open e-Tender,2353000.0,2353000.0,-0.0637,0.0451,0.8788,0.072,0,0,0,1,0.595,0.213,1
TND-004416,MPLADS-004416,1,Direct / Single Inquiry,2023-06-25,25,1,1,1,0.167,Single Tender Inquiry,2534000.0,2534000.0,0.0036,0.0473,0.0,0.009,0,0,0,0,0.571,0.391,0
TND-004417,MPLADS-004417,1,Open e-Tender,2022-07-19,14,3,2,0,0.5,Open e-Tender,890000.0,890000.0,0.0137,0.0053,0.8523,0.003,0,0,0,0,0.395,0.495,1
TND-004418,MPLADS-004418,1,Open e-Tender,2023-05-14,20,5,5,0,0.833,Open e-Tender,2009000.0,2009000.0,-0.0537,0.0106,0.9543,0.022,0,0,0,1,0.404,0.193,1
TND-004419,MPLADS-004419,1,Open e-Tender,2023-11-14,15,7,7,0,1.0,Open e-Tender,3305000.0,3305000.0,-0.0376,0.001,0.9798,0.127,0,0,0,0,0.153,0.172,1
TND-004420,MPLADS-004420,1,Open e-Tender,2022-09-21,20,3,2,0,0.5,Open e-Tender,1628000.0,1628000.0,-0.0474,0.0464,0.8705,0.115,0,0,0,1,0.103,0.103,1
TND-004421,MPLADS-004421,1,Open e-Tender,2023-09-12,29,6,6,0,1.0,Open e-Tender,611000.0,611000.0,-0.0498,0.0184,0.952,0.105,0,0,0,0,0.685,0.362,1
TND-004422,MPLADS-004422,1,Open e-Tender,2022-01-31,15,5,4,0,0.833,Open e-Tender,1808000.0,1808000.0,-0.0306,0.0444,0.9832,0.066,0,0,0,0,0.504,0.14,1
TND-004423,MPLADS-004423,1,Open e-Tender,2023-10-05,24,6,6,0,1.0,Open e-Tender,3956000.0,3956000.0,0.017,0.0236,0.9424,0.164,1,0,0,1,0.358,0.263,1
TND-004424,MPLADS-004424,1,Direct / Single Inquiry,2022-09-10,25,1,1,1,0.167,Single Tender Inquiry,1848000.0,1848000.0,-0.0538,0.0457,0.0,0.074,0,0,0,0,0.448,0.399,0
TND-004425,MPLADS-004425,1,Open e-Tender,2023-08-06,22,6,5,0,1.0,Open e-Tender,2971000.0,2971000.0,0.014,0.013,0.8844,0.086,0,0,0,0,0.695,0.227,1
TND-004426,MPLADS-004426,1,Open e-Tender,2023-12-03,22,3,2,0,0.5,Open e-Tender,2291000.0,2291000.0,-0.0556,0.0127,0.9709,0.026,0,0,0,1,0.569,0.131,1
TND-004427,MPLADS-004427,1,Open e-Tender,2023-08-05,18,4,4,0,0.667,Open e-Tender,1917000.0,1917000.0,-0.0415,0.0452,0.9685,0.235,0,0,0,0,0.385,0.41,1
TND-004428,MPLADS-004428,1,Open e-Tender,2023-10-22,28,5,4,0,0.833,Open e-Tender,1624000.0,1624000.0,-0.0246,0.0498,0.9474,0.204,0,0,0,0,0.296,0.447,1
TND-004429,MPLADS-004429,1,Open e-Tender,2022-07-20,23,3,2,0,0.5,Open e-Tender,458000.0,458000.0,-0.0398,0.033,0.8825,0.233,0,0,0,0,0.336,0.225,1
TND-004430,MPLADS-004430,1,Open e-Tender,2023-08-09,14,4,3,0,0.667,Open e-Tender,7851000.0,7851000.0,-0.0768,0.0008,0.9047,0.24,0,0,0,0,0.568,0.368,1
TND-004431,MPLADS-004431,1,Open e-Tender,2022-11-07,29,6,5,0,1.0,Open e-Tender,339000.0,339000.0,-0.0609,0.0462,0.8748,0.066,0,0,0,1,0.614,0.414,1
TND-004432,MPLADS-004432,1,Open e-Tender,2023-04-04,19,5,5,0,0.833,Open e-Tender,1403000.0,1403000.0,-0.0482,0.0256,0.9766,0.16,0,0,0,0,0.152,0.095,1
TND-004433,MPLADS-004433,1,Open e-Tender,2022-11-24,17,3,3,0,0.5,Open e-Tender,1988000.0,1988000.0,-0.0302,0.0317,0.942,0.246,0,0,0,0,0.185,0.058,1
TND-004434,MPLADS-004434,1,Open e-Tender,2022-01-30,20,4,3,0,0.667,Open e-Tender,1751000.0,1751000.0,0.0006,0.049,0.9252,0.14,0,0,0,1,0.23,0.499,1
TND-004435,MPLADS-004435,1,Direct / Single Inquiry,2023-06-15,23,1,1,1,0.167,Single Tender Inquiry,440000.0,440000.0,-0.0265,0.0419,0.0,0.138,0,0,0,0,0.333,0.27,0
TND-004436,MPLADS-004436,1,Open e-Tender,2023-12-11,25,3,2,0,0.5,Open e-Tender,1705000.0,1705000.0,0.0059,0.0081,0.92,0.168,0,0,0,0,0.372,0.139,1
TND-004437,MPLADS-004437,1,Open e-Tender,2022-02-05,24,6,5,0,1.0,Open e-Tender,944000.0,944000.0,-0.0318,0.0491,0.9063,0.04,0,0,0,0,0.576,0.195,1
TND-004438,MPLADS-004438,1,Open e-Tender,2022-04-29,27,4,4,0,0.667,Open e-Tender,2389000.0,2389000.0,-0.0587,0.0252,0.8777,0.056,0,0,0,0,0.421,0.206,1
TND-004439,MPLADS-004439,1,Direct / Single Inquiry,2022-06-02,15,1,1,1,0.167,Single Tender Inquiry,14561000.0,14561000.0,-0.0474,0.04,0.0,0.081,0,0,0,0,0.614,0.336,0
TND-004440,MPLADS-004440,1,Open e-Tender,2022-07-04,29,3,3,0,0.5,Open e-Tender,1635000.0,1635000.0,-0.07,0.0284,0.8624,0.025,1,0,0,1,0.365,0.222,1
TND-004441,MPLADS-004441,1,Open e-Tender,2022-04-12,15,5,4,0,0.833,Open e-Tender,2529000.0,2529000.0,-0.0692,0.014,0.8981,0.013,0,0,0,0,0.748,0.33,1
TND-004442,MPLADS-004442,1,Open e-Tender,2023-05-22,24,4,4,0,0.667,Open e-Tender,1987000.0,1987000.0,0.0143,0.0453,0.9645,0.208,0,0,0,0,0.285,0.407,1
TND-004443,MPLADS-004443,1,Open e-Tender,2023-09-02,25,7,7,0,1.0,Open e-Tender,1388000.0,1388000.0,0.0168,0.0429,0.8889,0.076,0,0,0,1,0.181,0.087,1
TND-004444,MPLADS-004444,1,Open e-Tender,2023-02-16,16,5,4,0,0.833,Open e-Tender,2491000.0,2491000.0,-0.0239,0.0076,0.8996,0.156,0,0,0,1,0.58,0.352,1
TND-004445,MPLADS-004445,1,Open e-Tender,2023-08-21,28,4,4,0,0.667,Open e-Tender,2567000.0,2567000.0,-0.0716,0.0117,0.8824,0.21,1,0,0,0,0.553,0.291,1
TND-004446,MPLADS-004446,1,Open e-Tender,2022-12-17,26,7,7,0,1.0,Open e-Tender,1335000.0,1335000.0,-0.027,0.0439,0.8666,0.07,0,0,0,0,0.694,0.438,1
TND-004447,MPLADS-004447,1,Open e-Tender,2022-05-14,22,3,3,0,0.5,Open e-Tender,3780000.0,3780000.0,-0.055,0.0067,0.9343,0.24,0,0,0,1,0.238,0.446,1
TND-004448,MPLADS-004448,1,Open e-Tender,2022-08-28,26,6,6,0,1.0,Open e-Tender,465000.0,465000.0,-0.0231,0.0307,0.9116,0.031,0,0,0,0,0.105,0.19,1
TND-004449,MPLADS-004449,1,Open e-Tender,2022-11-29,28,6,5,0,1.0,Open e-Tender,525000.0,525000.0,-0.0806,0.0433,0.8937,0.016,1,0,0,1,0.269,0.193,1
TND-004450,MPLADS-004450,1,Open e-Tender,2023-04-08,27,3,2,0,0.5,Open e-Tender,893000.0,893000.0,-0.0698,0.025,0.9422,0.231,0,0,0,0,0.108,0.104,1
TND-004451,MPLADS-004451,1,Open e-Tender,2022-09-11,18,5,4,0,0.833,Open e-Tender,1700000.0,1700000.0,-0.0761,0.0197,0.8746,0.165,0,0,0,0,0.5,0.271,1
TND-004452,MPLADS-004452,1,Open e-Tender,2022-07-24,26,5,5,0,0.833,Open e-Tender,2671000.0,2671000.0,-0.0364,0.0125,0.9772,0.199,0,0,0,0,0.511,0.077,1
TND-004453,MPLADS-004453,1,Open e-Tender,2023-05-18,22,7,7,0,1.0,Open e-Tender,2736000.0,2736000.0,-0.04,0.0156,0.8609,0.119,0,0,0,0,0.296,0.398,1
TND-004454,MPLADS-004454,1,Open e-Tender,2022-05-26,24,6,6,0,1.0,Open e-Tender,2662000.0,2662000.0,0.0034,0.0189,0.9261,0.15,1,0,0,0,0.676,0.127,1
TND-004455,MPLADS-004455,1,Open e-Tender,2022-07-29,17,5,4,0,0.833,Open e-Tender,2375000.0,2375000.0,-0.0059,0.0211,0.9422,0.039,0,0,0,0,0.102,0.113,1
TND-004456,MPLADS-004456,1,Open e-Tender,2022-02-20,22,3,2,0,0.5,Open e-Tender,4708000.0,4708000.0,-0.0023,0.0325,0.9294,0.192,0,0,0,0,0.673,0.104,1
TND-004457,MPLADS-004457,1,Open e-Tender,2022-10-15,16,5,5,0,0.833,Open e-Tender,3889000.0,3889000.0,0.0181,0.022,0.9713,0.223,0,0,0,0,0.486,0.259,1
TND-004458,MPLADS-004458,1,Open e-Tender,2022-06-07,17,7,7,0,1.0,Open e-Tender,13909000.0,13909000.0,-0.0273,0.0071,0.902,0.057,0,0,0,0,0.497,0.25,1
TND-004459,MPLADS-004459,1,Open e-Tender,2023-07-03,23,4,3,0,0.667,Open e-Tender,1742000.0,1742000.0,-0.0675,0.0023,0.9266,0.08,0,0,0,0,0.456,0.179,1
TND-004460,MPLADS-004460,1,Open e-Tender,2023-12-17,17,5,5,0,0.833,Open e-Tender,10929000.0,10929000.0,0.0093,0.0136,0.9572,0.085,0,0,0,0,0.522,0.342,1
TND-004461,MPLADS-004461,1,Open e-Tender,2022-12-18,20,7,6,0,1.0,Open e-Tender,2596000.0,2596000.0,-0.0665,0.0094,0.857,0.161,0,0,0,1,0.458,0.469,1
TND-004462,MPLADS-004462,1,Open e-Tender,2022-04-04,15,4,3,0,0.667,Open e-Tender,3269000.0,3269000.0,-0.0439,0.0063,0.8622,0.206,0,0,0,1,0.512,0.25,1
TND-004463,MPLADS-004463,1,Open e-Tender,2022-08-17,19,7,6,0,1.0,Open e-Tender,2909000.0,2909000.0,-0.0601,0.0321,0.8798,0.098,0,0,0,1,0.673,0.052,1
TND-004464,MPLADS-004464,1,Open e-Tender,2023-11-19,17,6,6,0,1.0,Open e-Tender,1554000.0,1554000.0,0.0,0.0011,0.9223,0.136,0,0,0,0,0.735,0.381,1
TND-004465,MPLADS-004465,1,Open e-Tender,2022-11-24,26,3,2,0,0.5,Open e-Tender,1600000.0,1600000.0,0.0191,0.0019,0.9175,0.161,0,0,0,0,0.318,0.333,1
TND-004466,MPLADS-004466,1,Open e-Tender,2022-04-16,18,6,5,0,1.0,Open e-Tender,654000.0,654000.0,-0.0411,0.0373,0.9614,0.214,0,0,0,0,0.215,0.34,1
TND-004467,MPLADS-004467,1,Open e-Tender,2022-02-09,15,6,5,0,1.0,Open e-Tender,13388000.0,13388000.0,-0.0724,0.0403,0.9179,0.012,0,0,0,0,0.644,0.255,1
TND-004468,MPLADS-004468,1,Direct / Single Inquiry,2023-04-29,24,1,1,1,0.167,Single Tender Inquiry,10849000.0,10849000.0,-0.0617,0.0189,0.0,0.243,0,0,0,0,0.396,0.478,0
TND-004469,MPLADS-004469,1,Open e-Tender,2023-12-08,23,6,5,0,1.0,Open e-Tender,3682000.0,3682000.0,-0.0262,0.0247,0.864,0.249,0,0,0,0,0.581,0.338,1
TND-004470,MPLADS-004470,1,Open e-Tender,2023-07-23,16,5,5,0,0.833,Open e-Tender,2177000.0,2177000.0,-0.0677,0.0433,0.979,0.116,0,0,0,0,0.514,0.372,1
TND-004471,MPLADS-004471,1,Open e-Tender,2022-04-19,29,5,5,0,0.833,Open e-Tender,1701000.0,1701000.0,-0.0406,0.0127,0.8703,0.1,0,0,0,0,0.447,0.296,1
TND-004472,MPLADS-004472,1,Open e-Tender,2023-05-03,23,5,5,0,0.833,Open e-Tender,1826000.0,1826000.0,0.0184,0.0458,0.8861,0.156,1,0,0,0,0.737,0.265,1
TND-004473,MPLADS-004473,1,Open e-Tender,2022-03-01,28,4,4,0,0.667,Open e-Tender,668000.0,668000.0,-0.0498,0.0284,0.8764,0.211,0,0,0,0,0.599,0.448,1
TND-004474,MPLADS-004474,1,Open e-Tender,2022-03-25,23,6,6,0,1.0,Open e-Tender,11786000.0,11786000.0,-0.0795,0.0403,0.8824,0.13,0,0,0,1,0.328,0.409,1
TND-004475,MPLADS-004475,1,Open e-Tender,2023-01-09,28,5,5,0,0.833,Open e-Tender,8813000.0,8813000.0,0.0012,0.0,0.8809,0.007,0,0,0,1,0.305,0.47,1
TND-004476,MPLADS-004476,1,Open e-Tender,2023-09-03,23,5,5,0,0.833,Open e-Tender,390000.0,390000.0,-0.067,0.0426,0.9376,0.179,0,0,0,0,0.557,0.388,1
TND-004477,MPLADS-004477,1,Open e-Tender,2023-07-22,22,5,4,0,0.833,Open e-Tender,1084000.0,1084000.0,-0.0109,0.0272,0.8665,0.016,0,0,0,0,0.244,0.163,1
TND-004478,MPLADS-004478,1,Open e-Tender,2022-04-24,20,6,5,0,1.0,Open e-Tender,3123000.0,3123000.0,0.0193,0.0457,0.8567,0.208,0,0,0,0,0.464,0.251,1
TND-004479,MPLADS-004479,1,Open e-Tender,2022-06-12,22,4,3,0,0.667,Open e-Tender,2349000.0,2349000.0,-0.0524,0.0029,0.9814,0.139,1,0,0,0,0.689,0.35,1
TND-004480,MPLADS-004480,1,Open e-Tender,2022-10-30,21,4,4,0,0.667,Open e-Tender,9796000.0,9796000.0,-0.0128,0.0167,0.9633,0.24,1,0,0,0,0.385,0.407,1
TND-004481,MPLADS-004481,1,Open e-Tender,2022-04-15,22,4,4,0,0.667,Open e-Tender,1019000.0,1019000.0,-0.0432,0.0278,0.8669,0.009,0,0,0,0,0.121,0.053,1
TND-004482,MPLADS-004482,1,Open e-Tender,2023-08-27,19,7,7,0,1.0,Open e-Tender,1231000.0,1231000.0,-0.0737,0.024,0.9336,0.243,0,0,0,1,0.2,0.224,1
TND-004483,MPLADS-004483,1,Direct / Single Inquiry,2023-11-12,28,1,1,1,0.167,Single Tender Inquiry,3919000.0,3919000.0,-0.0554,0.0023,0.0,0.009,0,0,0,0,0.399,0.356,0
TND-004484,MPLADS-004484,1,Open e-Tender,2023-07-26,26,4,4,0,0.667,Open e-Tender,12896000.0,12896000.0,0.0185,0.0052,0.8909,0.119,0,0,0,0,0.208,0.427,1
TND-004485,MPLADS-004485,1,Open e-Tender,2023-07-30,21,4,4,0,0.667,Open e-Tender,1766000.0,1766000.0,-0.0666,0.0057,0.9139,0.14,0,0,0,0,0.349,0.083,1
TND-004486,MPLADS-004486,1,Open e-Tender,2022-02-08,21,7,7,0,1.0,Open e-Tender,898000.0,898000.0,-0.0537,0.0315,0.9383,0.248,0,0,0,1,0.146,0.4,1
TND-004487,MPLADS-004487,1,Open e-Tender,2022-12-28,22,7,6,0,1.0,Open e-Tender,9727000.0,9727000.0,-0.0217,0.0181,0.9136,0.131,0,0,0,0,0.141,0.131,1
TND-004488,MPLADS-004488,1,Open e-Tender,2023-06-05,23,6,5,0,1.0,Open e-Tender,1243000.0,1243000.0,-0.0438,0.0477,0.9775,0.07,0,0,0,0,0.645,0.347,1
TND-004489,MPLADS-004489,1,Open e-Tender,2022-10-30,14,4,3,0,0.667,Open e-Tender,3084000.0,3084000.0,-0.0437,0.043,0.8635,0.144,1,0,0,0,0.211,0.46,1
TND-004490,MPLADS-004490,1,Open e-Tender,2023-08-30,18,7,6,0,1.0,Open e-Tender,3125000.0,3125000.0,-0.0616,0.0455,0.8799,0.008,1,0,0,1,0.444,0.127,1
TND-004491,MPLADS-004491,1,Open e-Tender,2023-11-22,28,3,3,0,0.5,Open e-Tender,10018000.0,10018000.0,-0.0591,0.0162,0.878,0.157,0,0,0,0,0.139,0.306,1
TND-004492,MPLADS-004492,1,Open e-Tender,2022-01-31,14,4,3,0,0.667,Open e-Tender,2406000.0,2406000.0,-0.0528,0.0155,0.9418,0.232,0,0,0,0,0.495,0.338,1
TND-004493,MPLADS-004493,1,Open e-Tender,2023-04-14,15,7,7,0,1.0,Open e-Tender,711000.0,711000.0,-0.0742,0.0077,0.9613,0.004,0,0,0,0,0.415,0.437,1
TND-004494,MPLADS-004494,1,Open e-Tender,2023-04-27,23,6,5,0,1.0,Open e-Tender,2233000.0,2233000.0,-0.0154,0.0437,0.9538,0.038,0,0,0,0,0.556,0.281,1
TND-004495,MPLADS-004495,1,Open e-Tender,2023-09-10,18,5,4,0,0.833,Open e-Tender,9717000.0,9717000.0,-0.0594,0.0293,0.987,0.054,0,0,0,0,0.695,0.266,1
TND-004496,MPLADS-004496,1,Open e-Tender,2022-12-02,26,4,3,0,0.667,Open e-Tender,1908000.0,1908000.0,-0.0412,0.0403,0.9077,0.19,0,0,0,0,0.24,0.27,1
TND-004497,MPLADS-004497,1,Open e-Tender,2023-11-23,27,5,4,0,0.833,Open e-Tender,961000.0,961000.0,-0.0532,0.0049,0.9695,0.131,0,0,0,1,0.389,0.191,1
TND-004498,MPLADS-004498,1,Open e-Tender,2022-05-20,24,4,3,0,0.667,Open e-Tender,6625000.0,6625000.0,-0.0519,0.0277,0.9751,0.153,0,0,0,0,0.452,0.168,1
TND-004499,MPLADS-004499,1,Open e-Tender,2023-03-01,17,7,6,0,1.0,Open e-Tender,1835000.0,1835000.0,-0.0367,0.0496,0.9772,0.234,0,0,0,0,0.292,0.095,1
TND-004500,MPLADS-004500,1,Open e-Tender,2023-07-02,14,3,3,0,0.5,Open e-Tender,1398000.0,1398000.0,-0.0477,0.0265,0.8727,0.025,0,0,0,0,0.342,0.369,1
TND-004501,MPLADS-004501,1,Open e-Tender,2022-12-10,16,4,3,0,0.667,Open e-Tender,2728000.0,2728000.0,-0.0285,0.0254,0.8518,0.19,0,0,0,0,0.159,0.499,1
TND-004502,MPLADS-004502,1,Open e-Tender,2023-03-26,29,7,7,0,1.0,Open e-Tender,1252000.0,1252000.0,-0.0636,0.0255,0.9171,0.006,1,0,0,1,0.408,0.473,1
TND-004503,MPLADS-004503,1,Open e-Tender,2022-04-09,20,4,4,0,0.667,Open e-Tender,2170000.0,2170000.0,-0.0014,0.0404,0.9667,0.032,0,0,0,0,0.479,0.149,1
TND-004504,MPLADS-004504,1,Open e-Tender,2023-09-20,22,7,7,0,1.0,Open e-Tender,461000.0,461000.0,-0.0086,0.0352,0.936,0.108,0,0,0,0,0.442,0.397,1
TND-004505,MPLADS-004505,1,Open e-Tender,2023-06-24,19,7,6,0,1.0,Open e-Tender,719000.0,719000.0,0.0028,0.0479,0.9189,0.211,0,0,0,1,0.103,0.218,1
TND-004506,MPLADS-004506,1,Open e-Tender,2022-07-16,24,7,6,0,1.0,Open e-Tender,922000.0,922000.0,-0.0436,0.0312,0.9755,0.109,0,0,0,0,0.715,0.3,1
TND-004507,MPLADS-004507,1,Open e-Tender,2023-01-31,29,7,7,0,1.0,Open e-Tender,2220000.0,2220000.0,-0.0484,0.0197,0.9107,0.142,0,0,0,0,0.115,0.489,1
TND-004508,MPLADS-004508,1,Open e-Tender,2022-03-10,23,5,5,0,0.833,Open e-Tender,953000.0,953000.0,-0.0629,0.0416,0.915,0.063,1,0,0,0,0.473,0.202,1
TND-004509,MPLADS-004509,1,Open e-Tender,2022-06-29,21,7,7,0,1.0,Open e-Tender,8545000.0,8545000.0,-0.0094,0.0442,0.9182,0.086,0,0,0,0,0.335,0.383,1
TND-004510,MPLADS-004510,1,Open e-Tender,2023-12-10,25,5,5,0,0.833,Open e-Tender,565000.0,565000.0,-0.0583,0.031,0.8968,0.003,0,0,0,0,0.168,0.457,1
TND-004511,MPLADS-004511,1,Open e-Tender,2022-02-25,14,7,7,0,1.0,Open e-Tender,11201000.0,11201000.0,0.018,0.0323,0.8519,0.024,0,0,0,0,0.602,0.102,1
TND-004512,MPLADS-004512,1,Open e-Tender,2022-05-15,25,6,6,0,1.0,Open e-Tender,2007000.0,2007000.0,-0.0128,0.0171,0.8824,0.232,0,0,0,0,0.307,0.276,1
TND-004513,MPLADS-004513,1,Open e-Tender,2022-01-16,29,5,4,0,0.833,Open e-Tender,412000.0,412000.0,-0.055,0.0464,0.8757,0.029,0,0,0,0,0.226,0.093,1
TND-004514,MPLADS-004514,1,Open e-Tender,2023-09-12,23,6,5,0,1.0,Open e-Tender,3508000.0,3508000.0,-0.069,0.047,0.9058,0.104,0,0,0,0,0.107,0.46,1
TND-004515,MPLADS-004515,1,Open e-Tender,2022-04-22,27,5,5,0,0.833,Open e-Tender,14313000.0,14313000.0,-0.0179,0.0304,0.9671,0.067,0,0,0,0,0.392,0.108,1
TND-004516,MPLADS-004516,1,Open e-Tender,2022-11-22,23,4,3,0,0.667,Open e-Tender,623000.0,623000.0,-0.022,0.0138,0.9477,0.115,0,0,0,0,0.514,0.452,1
TND-004517,MPLADS-004517,1,Open e-Tender,2023-05-30,17,4,3,0,0.667,Open e-Tender,1961000.0,1961000.0,-0.0504,0.0086,0.9024,0.047,0,0,0,0,0.549,0.356,1
TND-004518,MPLADS-004518,1,Open e-Tender,2022-10-22,16,4,3,0,0.667,Open e-Tender,2591000.0,2591000.0,-0.0464,0.036,0.9837,0.182,0,0,0,0,0.298,0.375,1
TND-004519,MPLADS-004519,1,Open e-Tender,2022-10-30,24,4,4,0,0.667,Open e-Tender,2315000.0,2315000.0,-0.0758,0.0096,0.8539,0.062,0,0,0,0,0.661,0.144,1
TND-004520,MPLADS-004520,1,Open e-Tender,2023-07-11,20,5,5,0,0.833,Open e-Tender,3842000.0,3842000.0,-0.0417,0.0287,0.9798,0.138,0,0,0,0,0.207,0.47,1
TND-004521,MPLADS-004521,1,Open e-Tender,2023-08-24,14,3,3,0,0.5,Open e-Tender,2776000.0,2776000.0,0.0183,0.02,0.9184,0.169,0,0,0,0,0.345,0.289,1
TND-004522,MPLADS-004522,1,Open e-Tender,2023-06-01,15,4,3,0,0.667,Open e-Tender,15469000.0,15469000.0,-0.0104,0.049,0.9566,0.028,0,0,0,0,0.446,0.311,1
TND-004523,MPLADS-004523,1,Open e-Tender,2023-05-20,18,4,3,0,0.667,Open e-Tender,1767000.0,1767000.0,0.0155,0.046,0.9615,0.051,0,0,0,0,0.409,0.065,1
TND-004524,MPLADS-004524,1,Open e-Tender,2023-06-09,22,4,4,0,0.667,Open e-Tender,10395000.0,10395000.0,-0.0409,0.0082,0.9814,0.226,0,0,0,0,0.71,0.423,1
TND-004525,MPLADS-004525,1,Open e-Tender,2023-01-23,23,4,3,0,0.667,Open e-Tender,2471000.0,2471000.0,-0.0404,0.0355,0.979,0.012,0,0,0,0,0.453,0.288,1
TND-004526,MPLADS-004526,1,Open e-Tender,2022-11-30,29,3,3,0,0.5,Open e-Tender,3097000.0,3097000.0,-0.0646,0.0112,0.9515,0.072,0,0,0,0,0.727,0.48,1
TND-004527,MPLADS-004527,1,Open e-Tender,2023-05-04,21,7,7,0,1.0,Open e-Tender,2360000.0,2360000.0,-0.0356,0.0111,0.9738,0.127,1,0,0,1,0.747,0.432,1
TND-004528,MPLADS-004528,1,Open e-Tender,2023-05-21,21,5,5,0,0.833,Open e-Tender,666000.0,666000.0,-0.0659,0.0287,0.9343,0.218,0,0,0,0,0.645,0.19,1
TND-004529,MPLADS-004529,1,Open e-Tender,2022-11-11,15,6,6,0,1.0,Open e-Tender,499000.0,499000.0,0.0081,0.0104,0.8578,0.04,0,0,0,0,0.671,0.296,1
TND-004530,MPLADS-004530,1,Open e-Tender,2022-04-25,25,6,5,0,1.0,Open e-Tender,3879000.0,3879000.0,-0.0147,0.0189,0.877,0.043,0,0,0,0,0.669,0.245,1
TND-004531,MPLADS-004531,1,Open e-Tender,2023-05-27,28,6,6,0,1.0,Open e-Tender,460000.0,460000.0,-0.0192,0.036,0.8666,0.17,0,0,0,0,0.173,0.461,1
TND-004532,MPLADS-004532,1,Open e-Tender,2022-12-18,16,4,3,0,0.667,Open e-Tender,614000.0,614000.0,-0.064,0.0028,0.9745,0.185,0,0,0,0,0.373,0.107,1
TND-004533,MPLADS-004533,1,Open e-Tender,2023-09-24,29,4,3,0,0.667,Open e-Tender,10105000.0,10105000.0,-0.0581,0.0062,0.9142,0.026,0,0,0,0,0.426,0.178,1
TND-004534,MPLADS-004534,1,Open e-Tender,2022-08-10,16,5,5,0,0.833,Open e-Tender,1010000.0,1010000.0,0.011,0.0442,0.9884,0.092,0,0,0,0,0.693,0.161,1
TND-004535,MPLADS-004535,1,Open e-Tender,2022-07-05,22,4,4,0,0.667,Open e-Tender,1724000.0,1724000.0,-0.0726,0.0003,0.8936,0.239,0,0,0,1,0.663,0.22,1
TND-004536,MPLADS-004536,1,Open e-Tender,2023-01-02,28,6,5,0,1.0,Open e-Tender,11465000.0,11465000.0,0.0064,0.035,0.9805,0.117,0,0,0,0,0.353,0.257,1
TND-004537,MPLADS-004537,1,Open e-Tender,2023-03-06,26,7,7,0,1.0,Open e-Tender,10265000.0,10265000.0,-0.0351,0.0036,0.9155,0.017,0,0,0,0,0.253,0.209,1
TND-004538,MPLADS-004538,1,Open e-Tender,2022-07-09,17,3,3,0,0.5,Open e-Tender,1451000.0,1451000.0,-0.0288,0.0232,0.9854,0.141,0,0,0,0,0.597,0.399,1
TND-004539,MPLADS-004539,1,Open e-Tender,2023-02-25,19,6,5,0,1.0,Open e-Tender,1465000.0,1465000.0,-0.0567,0.0457,0.8578,0.085,0,0,0,0,0.656,0.32,1
TND-004540,MPLADS-004540,1,Open e-Tender,2022-02-11,22,5,5,0,0.833,Open e-Tender,1254000.0,1254000.0,-0.0656,0.0301,0.9053,0.214,0,0,0,1,0.533,0.339,1
TND-004541,MPLADS-004541,1,Open e-Tender,2022-04-12,19,7,7,0,1.0,Open e-Tender,10796000.0,10796000.0,-0.016,0.025,0.9802,0.008,0,0,0,0,0.494,0.304,1
TND-004542,MPLADS-004542,1,Open e-Tender,2022-11-11,23,7,7,0,1.0,Open e-Tender,3007000.0,3007000.0,-0.0713,0.0007,0.9426,0.081,0,0,0,0,0.387,0.263,1
TND-004543,MPLADS-004543,1,Open e-Tender,2022-01-29,28,3,3,0,0.5,Open e-Tender,1097000.0,1097000.0,0.0186,0.043,0.886,0.24,0,0,0,0,0.388,0.442,1
TND-004544,MPLADS-004544,1,Open e-Tender,2022-10-30,19,3,3,0,0.5,Open e-Tender,2616000.0,2616000.0,-0.0354,0.0288,0.9134,0.062,0,0,0,0,0.46,0.165,1
TND-004545,MPLADS-004545,1,Open e-Tender,2022-03-27,23,4,4,0,0.667,Open e-Tender,2678000.0,2678000.0,-0.0439,0.0182,0.9339,0.083,0,0,0,0,0.134,0.178,1
TND-004546,MPLADS-004546,1,Open e-Tender,2023-03-31,20,6,6,0,1.0,Open e-Tender,15481000.0,15481000.0,-0.0433,0.0132,0.9108,0.201,1,0,0,1,0.283,0.299,1
TND-004547,MPLADS-004547,1,Open e-Tender,2023-06-19,14,5,5,0,0.833,Open e-Tender,1727000.0,1727000.0,-0.0437,0.0297,0.9583,0.177,0,0,0,0,0.108,0.37,1
TND-004548,MPLADS-004548,1,Open e-Tender,2022-12-08,26,6,6,0,1.0,Open e-Tender,771000.0,771000.0,-0.0013,0.046,0.8679,0.09,0,0,0,0,0.545,0.128,1
TND-004549,MPLADS-004549,1,Open e-Tender,2023-06-24,27,5,4,0,0.833,Open e-Tender,766000.0,766000.0,0.0173,0.0007,0.9558,0.068,0,0,0,1,0.182,0.289,1
TND-004550,MPLADS-004550,1,Open e-Tender,2023-11-27,28,5,4,0,0.833,Open e-Tender,3086000.0,3086000.0,0.0165,0.0289,0.9003,0.16,0,0,0,0,0.561,0.093,1
TND-004551,MPLADS-004551,1,Open e-Tender,2023-07-25,25,3,3,0,0.5,Open e-Tender,991000.0,991000.0,-0.0425,0.0236,0.8698,0.163,0,0,0,0,0.132,0.475,1
TND-004552,MPLADS-004552,1,Open e-Tender,2023-08-04,19,4,4,0,0.667,Open e-Tender,15938000.0,15938000.0,-0.0275,0.046,0.8856,0.12,0,0,0,0,0.101,0.252,1
TND-004553,MPLADS-004553,1,Open e-Tender,2022-05-04,25,5,5,0,0.833,Open e-Tender,10429000.0,10429000.0,0.0107,0.0446,0.9009,0.076,0,0,0,0,0.62,0.368,1
TND-004554,MPLADS-004554,1,Open e-Tender,2023-04-10,14,6,5,0,1.0,Open e-Tender,6256000.0,6256000.0,-0.0059,0.038,0.8512,0.215,1,0,0,0,0.308,0.194,1
TND-004555,MPLADS-004555,1,Open e-Tender,2023-03-20,24,6,5,0,1.0,Open e-Tender,2071000.0,2071000.0,-0.0213,0.0046,0.9657,0.118,1,0,0,0,0.465,0.453,1
TND-004556,MPLADS-004556,1,Open e-Tender,2022-03-27,19,5,5,0,0.833,Open e-Tender,2128000.0,2128000.0,0.0081,0.037,0.8521,0.065,0,0,0,0,0.487,0.296,1
TND-004557,MPLADS-004557,1,Open e-Tender,2022-06-18,28,7,6,0,1.0,Open e-Tender,2240000.0,2240000.0,-0.0022,0.0066,0.9191,0.077,0,0,0,0,0.586,0.415,1
TND-004558,MPLADS-004558,1,Open e-Tender,2022-09-10,24,4,4,0,0.667,Open e-Tender,2647000.0,2647000.0,-0.0451,0.0407,0.8887,0.121,0,0,0,0,0.395,0.149,1
TND-004559,MPLADS-004559,1,Open e-Tender,2022-12-06,25,7,7,0,1.0,Open e-Tender,1742000.0,1742000.0,-0.0533,0.0212,0.9693,0.225,0,0,0,0,0.182,0.256,1
TND-004560,MPLADS-004560,1,Open e-Tender,2022-05-05,22,7,7,0,1.0,Open e-Tender,11089000.0,11089000.0,-0.0683,0.0051,0.8786,0.007,0,0,0,0,0.228,0.179,1
TND-004561,MPLADS-004561,1,Open e-Tender,2022-09-29,15,3,2,0,0.5,Open e-Tender,2130000.0,2130000.0,0.0133,0.0429,0.8786,0.023,0,0,0,0,0.102,0.072,1
TND-004562,MPLADS-004562,1,Open e-Tender,2022-09-14,24,3,2,0,0.5,Open e-Tender,2560000.0,2560000.0,-0.0674,0.0107,0.9744,0.038,0,0,0,0,0.289,0.343,1
TND-004563,MPLADS-004563,1,Open e-Tender,2022-07-20,17,7,6,0,1.0,Open e-Tender,933000.0,933000.0,-0.0011,0.0028,0.9807,0.131,0,0,0,0,0.61,0.144,1
TND-004564,MPLADS-004564,1,Open e-Tender,2023-04-27,29,3,2,0,0.5,Open e-Tender,9120000.0,9120000.0,0.0146,0.0353,0.9146,0.233,0,0,0,0,0.338,0.09,1
TND-004565,MPLADS-004565,1,Open e-Tender,2023-11-12,14,5,4,0,0.833,Open e-Tender,1272000.0,1272000.0,-0.0647,0.0048,0.9898,0.175,1,0,0,0,0.422,0.395,1
TND-004566,MPLADS-004566,1,Open e-Tender,2023-08-01,16,7,7,0,1.0,Open e-Tender,3133000.0,3133000.0,-0.0255,0.0339,0.9695,0.029,0,0,0,0,0.227,0.292,1
TND-004567,MPLADS-004567,1,Open e-Tender,2022-10-31,25,7,6,0,1.0,Open e-Tender,3018000.0,3018000.0,0.0148,0.0021,0.9713,0.094,0,0,0,0,0.658,0.236,1
TND-004568,MPLADS-004568,1,Open e-Tender,2023-03-22,27,4,3,0,0.667,Open e-Tender,10287000.0,10287000.0,-0.0415,0.0155,0.8519,0.002,0,0,0,1,0.103,0.378,1
TND-004569,MPLADS-004569,1,Open e-Tender,2023-09-18,17,7,7,0,1.0,Open e-Tender,423000.0,423000.0,0.0144,0.0242,0.9502,0.126,0,0,0,1,0.449,0.088,1
TND-004570,MPLADS-004570,1,Open e-Tender,2023-03-04,17,5,4,0,0.833,Open e-Tender,1217000.0,1217000.0,-0.0379,0.0454,0.9157,0.145,0,0,0,0,0.702,0.438,1
TND-004571,MPLADS-004571,1,Open e-Tender,2022-06-30,23,3,2,0,0.5,Open e-Tender,1013000.0,1013000.0,-0.0664,0.0381,0.9803,0.227,0,0,0,1,0.557,0.322,1
TND-004572,MPLADS-004572,1,Open e-Tender,2023-02-12,26,7,7,0,1.0,Open e-Tender,933000.0,933000.0,-0.0576,0.0367,0.9227,0.144,0,0,0,0,0.503,0.249,1
TND-004573,MPLADS-004573,1,Open e-Tender,2022-07-12,15,3,2,0,0.5,Open e-Tender,1479000.0,1479000.0,-0.0562,0.0019,0.9085,0.134,0,0,0,0,0.563,0.428,1
TND-004574,MPLADS-004574,1,Open e-Tender,2022-03-23,19,7,7,0,1.0,Open e-Tender,381000.0,381000.0,-0.0569,0.0314,0.9012,0.015,0,0,0,0,0.466,0.263,1
TND-004575,MPLADS-004575,1,Open e-Tender,2023-01-31,29,7,6,0,1.0,Open e-Tender,14673000.0,14673000.0,-0.0054,0.0188,0.9567,0.125,0,0,0,0,0.695,0.225,1
TND-004576,MPLADS-004576,1,Open e-Tender,2022-08-11,25,5,4,0,0.833,Open e-Tender,709000.0,709000.0,-0.0768,0.0172,0.9758,0.22,0,0,0,0,0.269,0.318,1
TND-004577,MPLADS-004577,1,Open e-Tender,2022-07-22,22,3,2,0,0.5,Open e-Tender,1236000.0,1236000.0,-0.0615,0.0119,0.8815,0.135,0,0,0,0,0.668,0.305,1
TND-004578,MPLADS-004578,1,Open e-Tender,2022-03-31,29,6,6,0,1.0,Open e-Tender,1641000.0,1641000.0,-0.0564,0.0043,0.9804,0.137,0,0,0,0,0.41,0.153,1
TND-004579,MPLADS-004579,1,Open e-Tender,2023-04-10,18,4,4,0,0.667,Open e-Tender,1706000.0,1706000.0,-0.0448,0.0404,0.9048,0.221,0,0,0,0,0.388,0.195,1
TND-004580,MPLADS-004580,1,Open e-Tender,2023-09-19,14,5,5,0,0.833,Open e-Tender,2437000.0,2437000.0,-0.0558,0.0048,0.927,0.116,0,0,0,0,0.655,0.265,1
TND-004581,MPLADS-004581,1,Open e-Tender,2023-10-08,21,6,6,0,1.0,Open e-Tender,63894000.0,63894000.0,-0.0222,0.0252,0.8717,0.248,0,0,0,0,0.729,0.239,1
TND-004582,MPLADS-004582,1,Open e-Tender,2022-12-10,16,6,6,0,1.0,Open e-Tender,1304000.0,1304000.0,-0.021,0.0492,0.8605,0.007,0,0,0,0,0.288,0.137,1
TND-004583,MPLADS-004583,1,Open e-Tender,2022-04-10,17,4,3,0,0.667,Open e-Tender,622000.0,622000.0,-0.073,0.0265,0.9503,0.007,0,0,0,0,0.245,0.411,1
TND-004584,MPLADS-004584,1,Open e-Tender,2022-04-29,19,4,3,0,0.667,Open e-Tender,1698000.0,1698000.0,-0.0477,0.0463,0.9132,0.209,0,0,0,0,0.464,0.46,1
TND-004585,MPLADS-004585,1,Open e-Tender,2022-12-11,15,3,2,0,0.5,Open e-Tender,552000.0,552000.0,-0.0178,0.0069,0.9196,0.132,0,0,0,1,0.623,0.252,1
TND-004586,MPLADS-004586,1,Open e-Tender,2022-10-02,14,4,3,0,0.667,Open e-Tender,9711000.0,9711000.0,-0.0733,0.0181,0.9415,0.003,0,0,0,0,0.466,0.436,1
TND-004587,MPLADS-004587,1,Open e-Tender,2022-04-30,21,6,5,0,1.0,Open e-Tender,1310000.0,1310000.0,-0.048,0.0359,0.8848,0.084,0,0,0,0,0.33,0.252,1
TND-004588,MPLADS-004588,1,Open e-Tender,2023-01-09,28,6,6,0,1.0,Open e-Tender,2268000.0,2268000.0,-0.0224,0.0258,0.9309,0.213,0,0,0,0,0.162,0.095,1
TND-004589,MPLADS-004589,1,Open e-Tender,2023-07-29,21,7,6,0,1.0,Open e-Tender,521000.0,521000.0,-0.0243,0.0474,0.8727,0.118,0,0,0,1,0.376,0.233,1
TND-004590,MPLADS-004590,1,Open e-Tender,2022-06-07,17,5,4,0,0.833,Open e-Tender,682000.0,682000.0,0.0194,0.0093,0.8654,0.046,0,0,0,0,0.519,0.064,1
TND-004591,MPLADS-004591,1,Open e-Tender,2022-09-08,24,3,3,0,0.5,Open e-Tender,8958000.0,8958000.0,-0.0737,0.031,0.9069,0.033,0,0,0,0,0.292,0.124,1
TND-004592,MPLADS-004592,1,Open e-Tender,2022-11-10,21,3,2,0,0.5,Open e-Tender,2488000.0,2488000.0,-0.0643,0.0453,0.9888,0.116,0,0,0,0,0.417,0.288,1
TND-004593,MPLADS-004593,1,Open e-Tender,2022-09-24,28,7,7,0,1.0,Open e-Tender,544000.0,544000.0,-0.0355,0.0044,0.9807,0.114,0,0,0,0,0.468,0.101,1
TND-004594,MPLADS-004594,1,Open e-Tender,2022-03-15,24,7,6,0,1.0,Open e-Tender,853000.0,853000.0,0.0179,0.0279,0.95,0.104,0,0,0,0,0.295,0.06,1
TND-004595,MPLADS-004595,1,Open e-Tender,2023-01-27,24,7,6,0,1.0,Open e-Tender,1446000.0,1446000.0,-0.0499,0.0267,0.9052,0.169,0,0,0,0,0.631,0.485,1
TND-004596,MPLADS-004596,1,Open e-Tender,2023-08-24,22,3,2,0,0.5,Open e-Tender,3621000.0,3621000.0,-0.0316,0.0041,0.8604,0.123,0,0,0,0,0.731,0.317,1
TND-004597,MPLADS-004597,1,Open e-Tender,2023-05-11,21,7,7,0,1.0,Open e-Tender,1898000.0,1898000.0,-0.037,0.0315,0.9892,0.077,0,0,0,0,0.441,0.313,1
TND-004598,MPLADS-004598,1,Direct / Single Inquiry,2023-10-24,16,1,1,1,0.167,Single Tender Inquiry,2870000.0,2870000.0,-0.0627,0.0094,0.0,0.174,0,0,0,1,0.603,0.49,0
TND-004599,MPLADS-004599,1,Open e-Tender,2023-04-22,19,4,3,0,0.667,Open e-Tender,15924000.0,15924000.0,-0.047,0.0249,0.9697,0.102,0,0,0,0,0.554,0.241,1
TND-004600,MPLADS-004600,1,Open e-Tender,2022-08-11,27,3,2,0,0.5,Open e-Tender,2682000.0,2682000.0,-0.0613,0.0152,0.8695,0.093,0,0,0,1,0.72,0.4,1
TND-004601,MPLADS-004601,1,Open e-Tender,2022-07-02,14,7,7,0,1.0,Open e-Tender,3524000.0,3524000.0,-0.0159,0.0059,0.9091,0.127,0,0,0,0,0.298,0.121,1
TND-004602,MPLADS-004602,1,Open e-Tender,2022-09-03,29,3,2,0,0.5,Open e-Tender,555000.0,555000.0,0.0054,0.0191,0.8715,0.198,0,0,0,1,0.239,0.357,1
TND-004603,MPLADS-004603,1,Open e-Tender,2023-10-11,27,4,4,0,0.667,Open e-Tender,2491000.0,2491000.0,-0.0596,0.0123,0.9899,0.214,1,0,0,0,0.721,0.269,1
TND-004604,MPLADS-004604,1,Open e-Tender,2022-01-14,14,3,3,0,0.5,Open e-Tender,2748000.0,2748000.0,-0.0566,0.0102,0.9633,0.069,0,0,0,0,0.216,0.493,1
TND-004605,MPLADS-004605,1,Open e-Tender,2023-03-20,21,6,5,0,1.0,Open e-Tender,630000.0,630000.0,-0.0202,0.0086,0.852,0.037,1,0,0,0,0.273,0.425,1
TND-004606,MPLADS-004606,1,Open e-Tender,2022-09-08,14,6,6,0,1.0,Open e-Tender,12356000.0,12356000.0,0.0125,0.0084,0.9418,0.224,0,0,0,0,0.44,0.383,1
TND-004607,MPLADS-004607,1,Open e-Tender,2022-07-24,27,7,6,0,1.0,Open e-Tender,1522000.0,1522000.0,0.0147,0.0431,0.8972,0.039,0,0,0,1,0.235,0.123,1
TND-004608,MPLADS-004608,1,Open e-Tender,2022-05-18,16,6,5,0,1.0,Open e-Tender,2894000.0,2894000.0,-0.0405,0.0389,0.9113,0.03,0,0,0,0,0.524,0.369,1
TND-004609,MPLADS-004609,1,Open e-Tender,2023-02-02,28,4,4,0,0.667,Open e-Tender,469000.0,469000.0,-0.0105,0.0186,0.8789,0.19,0,0,0,0,0.31,0.306,1
TND-004610,MPLADS-004610,1,Open e-Tender,2023-08-20,18,7,7,0,1.0,Open e-Tender,991000.0,991000.0,0.0133,0.0232,0.9709,0.022,0,0,0,0,0.683,0.147,1
TND-004611,MPLADS-004611,1,Open e-Tender,2022-12-07,26,5,5,0,0.833,Open e-Tender,1581000.0,1581000.0,0.0064,0.0157,0.8534,0.104,1,0,0,1,0.368,0.281,1
TND-004612,MPLADS-004612,1,Open e-Tender,2023-09-23,15,3,2,0,0.5,Open e-Tender,3860000.0,3860000.0,-0.0737,0.0024,0.9083,0.213,1,0,0,0,0.449,0.452,1
TND-004613,MPLADS-004613,1,Open e-Tender,2023-05-17,26,5,4,0,0.833,Open e-Tender,1896000.0,1896000.0,-0.0156,0.0088,0.9445,0.221,0,0,0,0,0.467,0.382,1
TND-004614,MPLADS-004614,1,Open e-Tender,2023-10-11,18,3,2,0,0.5,Open e-Tender,580000.0,580000.0,-0.0268,0.0315,0.8572,0.12,0,0,0,0,0.634,0.246,1
TND-004615,MPLADS-004615,1,Open e-Tender,2022-06-21,26,6,5,0,1.0,Open e-Tender,1820000.0,1820000.0,0.0185,0.0259,0.8959,0.107,0,0,0,0,0.721,0.066,1
TND-004616,MPLADS-004616,1,Open e-Tender,2023-06-28,18,6,5,0,1.0,Open e-Tender,15280000.0,15280000.0,-0.0333,0.0478,0.926,0.15,0,0,0,0,0.402,0.329,1
TND-004617,MPLADS-004617,1,Open e-Tender,2022-10-24,17,6,6,0,1.0,Open e-Tender,2465000.0,2465000.0,0.0173,0.0494,0.9226,0.113,0,0,0,0,0.314,0.481,1
TND-004618,MPLADS-004618,1,Open e-Tender,2023-05-24,17,6,6,0,1.0,Open e-Tender,2681000.0,2681000.0,-0.0506,0.0359,0.9776,0.018,1,0,0,0,0.156,0.08,1
TND-004619,MPLADS-004619,1,Open e-Tender,2022-10-27,23,6,5,0,1.0,Open e-Tender,1031000.0,1031000.0,-0.061,0.0209,0.9786,0.16,0,0,0,0,0.546,0.255,1
TND-004620,MPLADS-004620,1,Open e-Tender,2022-07-02,28,7,6,0,1.0,Open e-Tender,584000.0,584000.0,-0.0017,0.0219,0.9518,0.034,1,0,0,0,0.543,0.365,1
TND-004621,MPLADS-004621,1,Open e-Tender,2022-02-13,26,3,2,0,0.5,Open e-Tender,852000.0,852000.0,-0.0184,0.0144,0.9676,0.034,0,0,0,1,0.234,0.339,1
TND-004622,MPLADS-004622,1,Open e-Tender,2023-08-16,23,6,5,0,1.0,Open e-Tender,1454000.0,1454000.0,0.0097,0.0475,0.9425,0.073,0,0,0,0,0.301,0.059,1
TND-004623,MPLADS-004623,1,Open e-Tender,2023-05-13,16,4,3,0,0.667,Open e-Tender,2180000.0,2180000.0,0.014,0.0051,0.9068,0.066,0,0,0,0,0.261,0.325,1
TND-004624,MPLADS-004624,1,Open e-Tender,2022-07-29,19,3,3,0,0.5,Open e-Tender,870000.0,870000.0,-0.0625,0.039,0.8567,0.068,0,0,0,0,0.354,0.234,1
TND-004625,MPLADS-004625,1,Open e-Tender,2023-12-24,17,6,5,0,1.0,Open e-Tender,671000.0,671000.0,-0.0387,0.0454,0.9376,0.206,0,0,0,0,0.709,0.062,1
TND-004626,MPLADS-004626,1,Open e-Tender,2022-12-19,28,4,3,0,0.667,Open e-Tender,2385000.0,2385000.0,-0.0237,0.05,0.9181,0.078,0,0,0,0,0.28,0.114,1
TND-004627,MPLADS-004627,1,Open e-Tender,2023-10-27,22,7,7,0,1.0,Open e-Tender,2723000.0,2723000.0,-0.0801,0.0196,0.9136,0.118,0,0,0,0,0.193,0.07,1
TND-004628,MPLADS-004628,1,Open e-Tender,2023-09-17,23,7,7,0,1.0,Open e-Tender,1730000.0,1730000.0,-0.0521,0.0434,0.908,0.136,0,0,0,0,0.68,0.483,1
TND-004629,MPLADS-004629,1,Open e-Tender,2023-06-21,19,5,5,0,0.833,Open e-Tender,2561000.0,2561000.0,-0.0112,0.0107,0.854,0.125,0,0,0,0,0.283,0.318,1
TND-004630,MPLADS-004630,1,Open e-Tender,2022-07-08,26,4,4,0,0.667,Open e-Tender,12380000.0,12380000.0,-0.0312,0.0077,0.8629,0.068,0,0,0,0,0.463,0.157,1
TND-004631,MPLADS-004631,1,Open e-Tender,2022-01-31,29,4,3,0,0.667,Open e-Tender,536000.0,536000.0,0.0171,0.0237,0.9442,0.044,0,0,0,0,0.199,0.068,1
TND-004632,MPLADS-004632,1,Open e-Tender,2022-05-20,28,4,4,0,0.667,Open e-Tender,460000.0,460000.0,-0.0065,0.0241,0.865,0.018,0,0,0,1,0.711,0.067,1
TND-004633,MPLADS-004633,1,Open e-Tender,2023-03-29,15,4,3,0,0.667,Open e-Tender,1073000.0,1073000.0,-0.0263,0.0075,0.8589,0.234,1,0,0,0,0.36,0.216,1
TND-004634,MPLADS-004634,1,Open e-Tender,2023-05-12,28,6,6,0,1.0,Open e-Tender,2051000.0,2051000.0,-0.0774,0.0392,0.9403,0.236,0,0,0,0,0.165,0.068,1
TND-004635,MPLADS-004635,1,Open e-Tender,2022-06-11,25,3,3,0,0.5,Open e-Tender,546000.0,546000.0,-0.0353,0.0006,0.8659,0.199,0,0,0,0,0.126,0.157,1
TND-004636,MPLADS-004636,1,Open e-Tender,2022-07-10,22,4,4,0,0.667,Open e-Tender,10964000.0,10964000.0,-0.0177,0.0465,0.9402,0.199,0,0,0,0,0.705,0.45,1
TND-004637,MPLADS-004637,1,Open e-Tender,2022-02-27,29,6,5,0,1.0,Open e-Tender,653000.0,653000.0,-0.0195,0.0409,0.9315,0.139,0,0,0,0,0.693,0.251,1
TND-004638,MPLADS-004638,1,Open e-Tender,2023-04-21,28,6,5,0,1.0,Open e-Tender,2164000.0,2164000.0,0.0005,0.022,0.975,0.091,0,0,0,0,0.495,0.246,1
TND-004639,MPLADS-004639,1,Open e-Tender,2023-10-03,28,6,6,0,1.0,Open e-Tender,528000.0,528000.0,-0.0056,0.0165,0.8729,0.095,0,0,0,0,0.301,0.493,1
TND-004640,MPLADS-004640,1,Open e-Tender,2022-01-31,28,7,6,0,1.0,Open e-Tender,15961000.0,15961000.0,-0.0027,0.0426,0.8848,0.155,1,0,0,0,0.234,0.309,1
TND-004641,MPLADS-004641,1,Open e-Tender,2022-07-22,21,3,2,0,0.5,Open e-Tender,2453000.0,2453000.0,-0.0503,0.0115,0.9047,0.041,0,0,0,0,0.637,0.479,1
TND-004642,MPLADS-004642,1,Open e-Tender,2023-05-21,16,6,6,0,1.0,Open e-Tender,2217000.0,2217000.0,0.0009,0.0052,0.8995,0.031,1,0,0,1,0.123,0.254,1
TND-004643,MPLADS-004643,1,Open e-Tender,2022-04-16,17,7,7,0,1.0,Open e-Tender,405000.0,405000.0,0.0075,0.0382,0.927,0.238,0,0,0,0,0.277,0.246,1
TND-004644,MPLADS-004644,1,Open e-Tender,2022-03-16,21,7,7,0,1.0,Open e-Tender,1001000.0,1001000.0,-0.0476,0.026,0.9277,0.096,0,0,0,1,0.565,0.259,1
TND-004645,MPLADS-004645,1,Open e-Tender,2023-08-07,14,5,4,0,0.833,Open e-Tender,657000.0,657000.0,-0.0061,0.0407,0.9698,0.066,0,0,0,0,0.617,0.396,1
TND-004646,MPLADS-004646,1,Open e-Tender,2023-10-29,16,6,6,0,1.0,Open e-Tender,10330000.0,10330000.0,-0.0425,0.0441,0.8688,0.143,0,0,0,0,0.712,0.384,1
TND-004647,MPLADS-004647,1,Open e-Tender,2022-06-21,29,7,6,0,1.0,Open e-Tender,2685000.0,2685000.0,-0.0645,0.0032,0.9891,0.101,0,0,0,0,0.468,0.35,1
TND-004648,MPLADS-004648,1,Open e-Tender,2023-06-17,26,6,6,0,1.0,Open e-Tender,12357000.0,12357000.0,0.0052,0.025,0.8674,0.106,0,0,0,0,0.368,0.094,1
TND-004649,MPLADS-004649,1,Direct / Single Inquiry,2023-02-01,17,1,1,1,0.167,Single Tender Inquiry,2429000.0,2429000.0,-0.0315,0.0259,0.0,0.182,0,0,0,0,0.621,0.407,0
TND-004650,MPLADS-004650,1,Open e-Tender,2022-10-10,19,3,3,0,0.5,Open e-Tender,1977000.0,1977000.0,-0.0766,0.0011,0.8866,0.156,0,0,0,0,0.166,0.351,1
TND-004651,MPLADS-004651,1,Open e-Tender,2022-03-31,22,6,6,0,1.0,Open e-Tender,642000.0,642000.0,-0.0628,0.0041,0.9303,0.143,0,0,0,0,0.729,0.07,1
TND-004652,MPLADS-004652,1,Open e-Tender,2022-12-23,27,3,2,0,0.5,Open e-Tender,415000.0,415000.0,-0.0778,0.0159,0.9257,0.152,0,0,0,0,0.723,0.33,1
TND-004653,MPLADS-004653,1,Open e-Tender,2022-12-15,19,7,7,0,1.0,Open e-Tender,2652000.0,2652000.0,-0.0724,0.0478,0.9548,0.04,1,0,0,0,0.403,0.489,1
TND-004654,MPLADS-004654,1,Open e-Tender,2022-09-30,27,5,4,0,0.833,Open e-Tender,1860000.0,1860000.0,-0.0616,0.0183,0.8511,0.215,0,0,0,0,0.164,0.236,1
TND-004655,MPLADS-004655,1,Open e-Tender,2022-12-20,21,5,5,0,0.833,Open e-Tender,823000.0,823000.0,-0.0108,0.0088,0.946,0.181,0,0,0,0,0.411,0.117,1
TND-004656,MPLADS-004656,1,Open e-Tender,2022-07-16,17,3,2,0,0.5,Open e-Tender,1876000.0,1876000.0,0.0,0.0307,0.8683,0.135,0,0,0,0,0.333,0.348,1
TND-004657,MPLADS-004657,1,Direct / Single Inquiry,2022-07-18,25,1,1,1,0.167,Single Tender Inquiry,3206000.0,3206000.0,-0.0739,0.0244,0.0,0.173,0,0,0,0,0.387,0.395,0
TND-004658,MPLADS-004658,1,Open e-Tender,2022-10-19,15,5,5,0,0.833,Open e-Tender,2677000.0,2677000.0,-0.0497,0.0425,0.9472,0.22,0,0,0,1,0.518,0.294,1
TND-004659,MPLADS-004659,1,Open e-Tender,2023-04-01,23,5,4,0,0.833,Open e-Tender,1714000.0,1714000.0,-0.0278,0.0363,0.8926,0.062,0,0,0,0,0.713,0.188,1
TND-004660,MPLADS-004660,1,Open e-Tender,2023-04-07,24,4,4,0,0.667,Open e-Tender,14470000.0,14470000.0,-0.0084,0.0212,0.9332,0.245,0,0,0,0,0.637,0.443,1
TND-004661,MPLADS-004661,1,Open e-Tender,2023-11-01,15,3,3,0,0.5,Open e-Tender,2249000.0,2249000.0,-0.0405,0.035,0.9374,0.095,0,0,0,0,0.679,0.254,1
TND-004662,MPLADS-004662,1,Direct / Single Inquiry,2022-10-01,27,1,1,1,0.167,Single Tender Inquiry,2663000.0,2663000.0,-0.0369,0.0206,0.0,0.102,0,0,0,0,0.431,0.416,0
TND-004663,MPLADS-004663,1,Open e-Tender,2022-10-08,20,3,3,0,0.5,Open e-Tender,670000.0,670000.0,0.0121,0.0031,0.9504,0.038,0,0,0,0,0.108,0.304,1
TND-004664,MPLADS-004664,1,Open e-Tender,2022-08-11,15,6,6,0,1.0,Open e-Tender,3740000.0,3740000.0,-0.0019,0.0305,0.8727,0.18,0,0,0,0,0.137,0.33,1
TND-004665,MPLADS-004665,1,Open e-Tender,2023-07-08,26,4,3,0,0.667,Open e-Tender,9661000.0,9661000.0,-0.0175,0.0108,0.9874,0.011,0,0,0,1,0.165,0.295,1
TND-004666,MPLADS-004666,1,Open e-Tender,2023-01-25,23,6,6,0,1.0,Open e-Tender,2517000.0,2517000.0,-0.0743,0.0039,0.9334,0.021,0,0,0,0,0.207,0.174,1
TND-004667,MPLADS-004667,1,Open e-Tender,2023-08-20,29,3,2,0,0.5,Open e-Tender,428000.0,428000.0,-0.0489,0.0127,0.8577,0.189,0,0,0,1,0.187,0.462,1
TND-004668,MPLADS-004668,1,Open e-Tender,2023-02-26,15,4,3,0,0.667,Open e-Tender,2065000.0,2065000.0,-0.011,0.0014,0.9148,0.231,0,0,0,0,0.342,0.439,1
TND-004669,MPLADS-004669,1,Open e-Tender,2023-04-29,24,6,6,0,1.0,Open e-Tender,12988000.0,12988000.0,-0.0187,0.0177,0.9446,0.187,0,0,0,0,0.414,0.108,1
TND-004670,MPLADS-004670,1,Direct / Single Inquiry,2023-06-19,16,1,1,1,0.167,Single Tender Inquiry,11452000.0,11452000.0,-0.0288,0.0394,0.0,0.229,0,0,0,0,0.472,0.274,0
TND-004671,MPLADS-004671,1,Open e-Tender,2022-05-05,17,3,3,0,0.5,Open e-Tender,2508000.0,2508000.0,-0.0134,0.0224,0.8627,0.147,1,0,0,0,0.421,0.16,1
TND-004672,MPLADS-004672,1,Open e-Tender,2022-08-24,21,3,3,0,0.5,Open e-Tender,2468000.0,2468000.0,-0.0148,0.0076,0.9177,0.232,0,0,0,0,0.651,0.238,1
TND-004673,MPLADS-004673,1,Open e-Tender,2022-04-28,29,3,2,0,0.5,Open e-Tender,16439000.0,16439000.0,-0.0005,0.0017,0.9203,0.059,0,0,0,0,0.549,0.478,1
TND-004674,MPLADS-004674,1,Open e-Tender,2022-12-04,24,6,6,0,1.0,Open e-Tender,1973000.0,1973000.0,0.0123,0.0015,0.9755,0.032,0,0,0,0,0.267,0.443,1
TND-004675,MPLADS-004675,1,Open e-Tender,2023-11-30,28,5,4,0,0.833,Open e-Tender,595000.0,595000.0,-0.063,0.0198,0.9573,0.201,0,0,0,0,0.64,0.378,1
TND-004676,MPLADS-004676,1,Open e-Tender,2023-03-27,25,7,7,0,1.0,Open e-Tender,3191000.0,3191000.0,-0.0686,0.0359,0.9468,0.22,0,0,0,1,0.51,0.118,1
TND-004677,MPLADS-004677,1,Open e-Tender,2022-10-10,16,7,7,0,1.0,Open e-Tender,2055000.0,2055000.0,-0.0756,0.0117,0.8539,0.245,0,0,0,0,0.363,0.268,1
TND-004678,MPLADS-004678,1,Open e-Tender,2023-09-27,21,4,4,0,0.667,Open e-Tender,1071000.0,1071000.0,-0.0351,0.0172,0.9108,0.13,0,0,0,0,0.282,0.082,1
TND-004679,MPLADS-004679,1,Open e-Tender,2022-06-21,22,3,3,0,0.5,Open e-Tender,1501000.0,1501000.0,-0.0007,0.0032,0.9111,0.006,0,0,0,1,0.589,0.289,1
TND-004680,MPLADS-004680,1,Open e-Tender,2023-11-09,21,7,7,0,1.0,Open e-Tender,1978000.0,1978000.0,0.001,0.0178,0.868,0.104,0,0,0,0,0.192,0.213,1
TND-004681,MPLADS-004681,1,Open e-Tender,2022-07-02,19,7,7,0,1.0,Open e-Tender,589000.0,589000.0,-0.068,0.0096,0.9072,0.086,0,0,0,1,0.222,0.451,1
TND-004682,MPLADS-004682,1,Open e-Tender,2023-04-25,29,3,2,0,0.5,Open e-Tender,1845000.0,1845000.0,-0.0724,0.0111,0.9085,0.183,1,0,0,0,0.271,0.389,1
TND-004683,MPLADS-004683,1,Open e-Tender,2022-03-30,18,5,5,0,0.833,Open e-Tender,3408000.0,3408000.0,-0.0483,0.0339,0.9316,0.206,0,0,0,0,0.741,0.075,1
TND-004684,MPLADS-004684,1,Open e-Tender,2022-03-01,19,7,7,0,1.0,Open e-Tender,1816000.0,1816000.0,-0.0071,0.0345,0.8705,0.237,0,0,0,0,0.178,0.241,1
TND-004685,MPLADS-004685,1,Direct / Single Inquiry,2022-12-29,25,1,1,1,0.167,Single Tender Inquiry,11719000.0,11719000.0,-0.0447,0.018,0.0,0.089,1,0,0,0,0.615,0.128,0
TND-004686,MPLADS-004686,1,Open e-Tender,2023-02-27,22,4,3,0,0.667,Open e-Tender,9941000.0,9941000.0,-0.0407,0.0224,0.9764,0.065,0,0,0,0,0.619,0.132,1
TND-004687,MPLADS-004687,1,Open e-Tender,2022-10-27,21,3,3,0,0.5,Open e-Tender,650000.0,650000.0,0.0109,0.0107,0.8645,0.239,0,0,0,1,0.168,0.085,1
TND-004688,MPLADS-004688,1,Open e-Tender,2023-06-26,22,6,5,0,1.0,Open e-Tender,1336000.0,1336000.0,0.0183,0.0224,0.8814,0.185,0,0,0,1,0.394,0.334,1
TND-004689,MPLADS-004689,1,Open e-Tender,2022-12-23,28,5,4,0,0.833,Open e-Tender,2654000.0,2654000.0,-0.0353,0.0026,0.9258,0.141,0,0,0,0,0.179,0.146,1
TND-004690,MPLADS-004690,1,Open e-Tender,2023-11-19,24,4,4,0,0.667,Open e-Tender,2163000.0,2163000.0,-0.006,0.0439,0.9542,0.233,0,0,0,1,0.584,0.209,1
TND-004691,MPLADS-004691,1,Open e-Tender,2023-05-18,17,7,6,0,1.0,Open e-Tender,2610000.0,2610000.0,0.016,0.0038,0.9475,0.197,1,0,0,0,0.691,0.2,1
TND-004692,MPLADS-004692,1,Open e-Tender,2023-04-11,24,7,7,0,1.0,Open e-Tender,2986000.0,2986000.0,0.017,0.0308,0.912,0.115,0,0,0,0,0.527,0.123,1
TND-004693,MPLADS-004693,1,Open e-Tender,2022-09-22,28,4,4,0,0.667,Open e-Tender,15206000.0,15206000.0,0.0169,0.0375,0.9335,0.167,1,0,0,0,0.156,0.13,1
TND-004694,MPLADS-004694,1,Direct / Single Inquiry,2023-06-15,15,1,1,1,0.167,Single Tender Inquiry,1835000.0,1835000.0,-0.0671,0.0157,0.0,0.087,0,0,0,0,0.73,0.157,0
TND-004695,MPLADS-004695,1,Open e-Tender,2022-09-20,20,4,4,0,0.667,Open e-Tender,3484000.0,3484000.0,-0.0074,0.0201,0.9139,0.226,0,0,0,1,0.705,0.227,1
TND-004696,MPLADS-004696,1,Open e-Tender,2023-03-05,18,7,7,0,1.0,Open e-Tender,536000.0,536000.0,-0.0646,0.0068,0.9039,0.065,1,0,0,0,0.152,0.09,1
TND-004697,MPLADS-004697,1,Open e-Tender,2023-02-21,16,4,4,0,0.667,Open e-Tender,1948000.0,1948000.0,-0.026,0.0005,0.8901,0.012,0,0,0,0,0.552,0.088,1
TND-004698,MPLADS-004698,1,Open e-Tender,2022-05-03,19,6,5,0,1.0,Open e-Tender,3111000.0,3111000.0,-0.0077,0.0415,0.8963,0.019,0,0,0,0,0.339,0.176,1
TND-004699,MPLADS-004699,1,Open e-Tender,2023-08-03,29,6,5,0,1.0,Open e-Tender,15418000.0,15418000.0,-0.0767,0.0044,0.9313,0.035,0,0,0,0,0.195,0.079,1
TND-004700,MPLADS-004700,1,Open e-Tender,2022-02-26,28,7,6,0,1.0,Open e-Tender,579000.0,579000.0,-0.0795,0.0151,0.9618,0.17,1,0,0,0,0.671,0.225,1
TND-004701,MPLADS-004701,1,Open e-Tender,2022-07-17,22,5,4,0,0.833,Open e-Tender,1153000.0,1153000.0,-0.0179,0.0444,0.9849,0.241,0,0,0,0,0.215,0.184,1
TND-004702,MPLADS-004702,1,Open e-Tender,2022-03-02,19,3,2,0,0.5,Open e-Tender,2525000.0,2525000.0,0.0173,0.0115,0.8846,0.033,0,0,0,1,0.235,0.386,1
TND-004703,MPLADS-004703,1,Open e-Tender,2023-04-06,16,4,3,0,0.667,Open e-Tender,1627000.0,1627000.0,-0.0782,0.0131,0.9498,0.042,0,0,0,0,0.373,0.386,1
TND-004704,MPLADS-004704,1,Open e-Tender,2022-10-30,18,4,3,0,0.667,Open e-Tender,2165000.0,2165000.0,-0.0566,0.032,0.8901,0.152,0,0,0,1,0.602,0.353,1
TND-004705,MPLADS-004705,1,Open e-Tender,2023-10-09,25,4,4,0,0.667,Open e-Tender,3306000.0,3306000.0,-0.0114,0.0263,0.9362,0.09,0,0,0,0,0.468,0.173,1
TND-004706,MPLADS-004706,1,Direct / Single Inquiry,2023-03-26,15,1,1,1,0.167,Single Tender Inquiry,345000.0,345000.0,-0.0227,0.0108,0.0,0.174,0,0,0,0,0.679,0.174,0
TND-004707,MPLADS-004707,1,Open e-Tender,2022-03-09,20,3,2,0,0.5,Open e-Tender,1297000.0,1297000.0,-0.0581,0.0384,0.9186,0.195,0,0,0,1,0.269,0.197,1
TND-004708,MPLADS-004708,1,Open e-Tender,2023-01-23,25,5,5,0,0.833,Open e-Tender,555000.0,555000.0,-0.0765,0.0137,0.9427,0.21,0,0,0,0,0.309,0.305,1
TND-004709,MPLADS-004709,1,Open e-Tender,2022-11-09,21,4,4,0,0.667,Open e-Tender,10439000.0,10439000.0,-0.0352,0.0408,0.9897,0.12,0,0,0,1,0.236,0.378,1
TND-004710,MPLADS-004710,1,Open e-Tender,2023-10-03,26,4,3,0,0.667,Open e-Tender,1975000.0,1975000.0,-0.0631,0.0333,0.8824,0.218,0,0,0,0,0.667,0.244,1
TND-004711,MPLADS-004711,1,Direct / Single Inquiry,2022-05-14,28,1,1,1,0.167,Single Tender Inquiry,1712000.0,1712000.0,-0.0505,0.0392,0.0,0.166,0,0,0,0,0.723,0.404,0
TND-004712,MPLADS-004712,1,Open e-Tender,2022-02-27,29,4,3,0,0.667,Open e-Tender,8066000.0,8066000.0,-0.0582,0.0135,0.9503,0.091,1,0,0,0,0.475,0.403,1
TND-004713,MPLADS-004713,1,Open e-Tender,2022-05-10,21,6,5,0,1.0,Open e-Tender,659000.0,659000.0,-0.0572,0.0411,0.8614,0.147,1,0,0,1,0.392,0.312,1
TND-004714,MPLADS-004714,1,Open e-Tender,2022-06-24,19,4,4,0,0.667,Open e-Tender,15631000.0,15631000.0,-0.0232,0.0425,0.9446,0.145,0,0,0,0,0.233,0.223,1
TND-004715,MPLADS-004715,1,Direct / Single Inquiry,2022-05-15,14,1,1,1,0.167,Single Tender Inquiry,651000.0,651000.0,0.0172,0.0237,0.0,0.042,0,0,0,0,0.472,0.199,0
TND-004716,MPLADS-004716,1,Open e-Tender,2023-12-16,18,6,5,0,1.0,Open e-Tender,1334000.0,1334000.0,-0.0389,0.0074,0.9102,0.082,0,0,0,0,0.627,0.485,1
TND-004717,MPLADS-004717,1,Open e-Tender,2022-07-30,25,5,4,0,0.833,Open e-Tender,2448000.0,2448000.0,-0.0313,0.0053,0.92,0.065,0,0,0,1,0.697,0.273,1
TND-004718,MPLADS-004718,1,Open e-Tender,2022-08-25,15,5,4,0,0.833,Open e-Tender,2375000.0,2375000.0,-0.0511,0.0185,0.9456,0.082,1,0,0,1,0.745,0.251,1
TND-004719,MPLADS-004719,1,Open e-Tender,2022-02-24,19,4,3,0,0.667,Open e-Tender,13484000.0,13484000.0,-0.062,0.0119,0.8581,0.15,0,0,0,1,0.188,0.261,1
TND-004720,MPLADS-004720,1,Open e-Tender,2022-06-29,14,3,3,0,0.5,Open e-Tender,1552000.0,1552000.0,-0.0611,0.0004,0.8834,0.223,1,0,0,1,0.582,0.174,1
TND-004721,MPLADS-004721,1,Open e-Tender,2022-09-17,18,7,6,0,1.0,Open e-Tender,1976000.0,1976000.0,-0.015,0.0005,0.8766,0.133,0,0,0,0,0.118,0.378,1
TND-004722,MPLADS-004722,1,Open e-Tender,2023-01-05,19,4,4,0,0.667,Open e-Tender,45220000.0,45220000.0,-0.0631,0.0353,0.8578,0.192,0,0,0,0,0.11,0.138,1
TND-004723,MPLADS-004723,1,Open e-Tender,2023-02-28,26,6,6,0,1.0,Open e-Tender,791000.0,791000.0,-0.0342,0.0205,0.9573,0.012,0,0,0,0,0.108,0.313,1
TND-004724,MPLADS-004724,1,Open e-Tender,2022-12-30,24,4,4,0,0.667,Open e-Tender,14510000.0,14510000.0,-0.0418,0.0144,0.9586,0.187,0,0,0,1,0.289,0.48,1
TND-004725,MPLADS-004725,1,Open e-Tender,2022-09-05,23,7,7,0,1.0,Open e-Tender,2132000.0,2132000.0,-0.0657,0.0483,0.8908,0.065,0,0,0,0,0.229,0.055,1
TND-004726,MPLADS-004726,1,Open e-Tender,2022-10-08,21,7,6,0,1.0,Open e-Tender,1978000.0,1978000.0,-0.0375,0.0051,0.9778,0.071,0,0,0,0,0.552,0.057,1
TND-004727,MPLADS-004727,1,Direct / Single Inquiry,2022-07-17,15,1,1,1,0.167,Single Tender Inquiry,2341000.0,2341000.0,-0.0499,0.0425,0.0,0.065,0,0,0,1,0.749,0.459,0
TND-004728,MPLADS-004728,1,Open e-Tender,2023-03-22,27,4,3,0,0.667,Open e-Tender,2803000.0,2803000.0,-0.0378,0.0308,0.9701,0.024,0,0,0,0,0.484,0.285,1
TND-004729,MPLADS-004729,1,Open e-Tender,2022-12-17,21,4,3,0,0.667,Open e-Tender,2822000.0,2822000.0,-0.0612,0.012,0.9252,0.235,0,0,0,0,0.263,0.413,1
TND-004730,MPLADS-004730,1,Open e-Tender,2023-04-28,23,6,5,0,1.0,Open e-Tender,2950000.0,2950000.0,-0.0206,0.0155,0.9576,0.031,0,0,0,1,0.478,0.257,1
TND-004731,MPLADS-004731,1,Open e-Tender,2023-04-04,20,4,3,0,0.667,Open e-Tender,2208000.0,2208000.0,-0.0371,0.0499,0.9863,0.122,0,0,0,0,0.4,0.062,1
TND-004732,MPLADS-004732,1,Open e-Tender,2022-04-10,21,5,5,0,0.833,Open e-Tender,2949000.0,2949000.0,0.0,0.0241,0.8567,0.039,0,0,0,0,0.51,0.296,1
TND-004733,MPLADS-004733,1,Open e-Tender,2023-12-12,27,6,5,0,1.0,Open e-Tender,1875000.0,1875000.0,-0.0634,0.0217,0.9109,0.042,0,0,0,0,0.253,0.452,1
TND-004734,MPLADS-004734,1,Open e-Tender,2022-09-01,27,3,2,0,0.5,Open e-Tender,1019000.0,1019000.0,-0.0136,0.0493,0.9111,0.021,1,0,0,0,0.63,0.234,1
TND-004735,MPLADS-004735,1,Open e-Tender,2022-10-10,17,4,3,0,0.667,Open e-Tender,2088000.0,2088000.0,-0.0453,0.0172,0.9672,0.205,0,0,0,0,0.325,0.337,1
TND-004736,MPLADS-004736,1,Open e-Tender,2022-05-18,23,4,3,0,0.667,Open e-Tender,12698000.0,12698000.0,-0.0706,0.0095,0.9884,0.035,0,0,0,1,0.373,0.262,1
TND-004737,MPLADS-004737,1,Open e-Tender,2023-02-04,16,3,2,0,0.5,Open e-Tender,820000.0,820000.0,-0.0596,0.0477,0.9162,0.136,0,0,0,0,0.271,0.193,1
TND-004738,MPLADS-004738,1,Open e-Tender,2023-08-20,20,7,6,0,1.0,Open e-Tender,3918000.0,3918000.0,-0.0183,0.0065,0.9038,0.067,0,0,0,0,0.718,0.453,1
TND-004739,MPLADS-004739,1,Open e-Tender,2023-10-16,26,4,4,0,0.667,Open e-Tender,553000.0,553000.0,0.011,0.0375,0.8876,0.037,0,0,0,0,0.201,0.428,1
TND-004740,MPLADS-004740,1,Open e-Tender,2022-07-22,17,3,3,0,0.5,Open e-Tender,3291000.0,3291000.0,-0.0289,0.0083,0.8581,0.166,0,0,0,0,0.258,0.104,1
TND-004741,MPLADS-004741,1,Open e-Tender,2022-08-19,19,7,7,0,1.0,Open e-Tender,1034000.0,1034000.0,-0.0162,0.0316,0.8803,0.033,1,0,0,0,0.497,0.137,1
TND-004742,MPLADS-004742,1,Open e-Tender,2022-10-02,20,3,2,0,0.5,Open e-Tender,2560000.0,2560000.0,-0.0358,0.0043,0.9282,0.037,0,0,0,1,0.431,0.349,1
TND-004743,MPLADS-004743,1,Open e-Tender,2023-08-23,22,3,2,0,0.5,Open e-Tender,2856000.0,2856000.0,-0.0169,0.0369,0.9545,0.049,0,0,0,0,0.268,0.298,1
TND-004744,MPLADS-004744,1,Open e-Tender,2022-06-30,27,3,3,0,0.5,Open e-Tender,499000.0,499000.0,-0.0513,0.0303,0.9853,0.233,0,0,0,0,0.684,0.162,1
TND-004745,MPLADS-004745,1,Open e-Tender,2023-04-14,23,5,5,0,0.833,Open e-Tender,1842000.0,1842000.0,0.0138,0.0068,0.9328,0.093,0,0,0,1,0.393,0.093,1
TND-004746,MPLADS-004746,1,Open e-Tender,2022-07-07,20,7,7,0,1.0,Open e-Tender,2248000.0,2248000.0,-0.0106,0.028,0.9067,0.023,0,0,0,1,0.301,0.387,1
TND-004747,MPLADS-004747,1,Open e-Tender,2022-07-27,16,4,4,0,0.667,Open e-Tender,2368000.0,2368000.0,-0.0421,0.0427,0.876,0.21,0,0,0,0,0.222,0.4,1
TND-004748,MPLADS-004748,1,Open e-Tender,2022-02-24,28,7,6,0,1.0,Open e-Tender,2966000.0,2966000.0,-0.031,0.0241,0.9751,0.035,0,0,0,0,0.739,0.262,1
TND-004749,MPLADS-004749,1,Open e-Tender,2022-01-14,24,4,3,0,0.667,Open e-Tender,4034000.0,4034000.0,-0.0171,0.0055,0.8636,0.175,0,0,0,0,0.148,0.422,1
TND-004750,MPLADS-004750,1,Open e-Tender,2022-02-11,21,3,2,0,0.5,Open e-Tender,11644000.0,11644000.0,-0.0604,0.0471,0.8955,0.012,0,0,0,0,0.128,0.484,1
TND-004751,MPLADS-004751,1,Open e-Tender,2023-02-27,15,4,4,0,0.667,Open e-Tender,3704000.0,3704000.0,-0.0777,0.0367,0.8891,0.233,0,0,0,0,0.403,0.359,1
TND-004752,MPLADS-004752,1,Open e-Tender,2022-05-07,16,7,7,0,1.0,Open e-Tender,9540000.0,9540000.0,-0.0168,0.0276,0.9864,0.186,1,0,0,0,0.213,0.227,1
TND-004753,MPLADS-004753,1,Open e-Tender,2022-07-21,14,7,6,0,1.0,Open e-Tender,3022000.0,3022000.0,0.0003,0.0268,0.9329,0.199,0,0,0,1,0.437,0.495,1
TND-004754,MPLADS-004754,1,Open e-Tender,2022-02-12,24,4,4,0,0.667,Open e-Tender,2266000.0,2266000.0,-0.0471,0.0187,0.9604,0.021,0,0,0,0,0.116,0.281,1
TND-004755,MPLADS-004755,1,Open e-Tender,2022-11-25,25,5,4,0,0.833,Open e-Tender,1914000.0,1914000.0,-0.0435,0.0267,0.941,0.004,0,0,0,0,0.477,0.362,1
TND-004756,MPLADS-004756,1,Open e-Tender,2022-09-10,29,5,4,0,0.833,Open e-Tender,2425000.0,2425000.0,-0.0441,0.0358,0.9142,0.022,0,0,0,0,0.249,0.099,1
TND-004757,MPLADS-004757,1,Direct / Single Inquiry,2022-03-18,18,1,1,1,0.167,Single Tender Inquiry,1406000.0,1406000.0,-0.0014,0.0276,0.0,0.219,0,0,0,0,0.276,0.086,0
TND-004758,MPLADS-004758,1,Open e-Tender,2023-07-29,14,5,5,0,0.833,Open e-Tender,2550000.0,2550000.0,0.0188,0.0304,0.9143,0.246,0,0,0,0,0.667,0.125,1
TND-004759,MPLADS-004759,1,Open e-Tender,2023-01-02,29,3,3,0,0.5,Open e-Tender,413000.0,413000.0,-0.0528,0.0081,0.9102,0.056,0,0,0,0,0.704,0.353,1
TND-004760,MPLADS-004760,1,Open e-Tender,2022-04-09,27,6,5,0,1.0,Open e-Tender,9887000.0,9887000.0,-0.0566,0.0457,0.8869,0.054,0,0,0,0,0.634,0.376,1
TND-004761,MPLADS-004761,1,Open e-Tender,2023-02-10,27,6,6,0,1.0,Open e-Tender,10016000.0,10016000.0,-0.03,0.0273,0.9123,0.047,1,0,0,0,0.722,0.231,1
TND-004762,MPLADS-004762,1,Open e-Tender,2023-10-11,19,7,6,0,1.0,Open e-Tender,2351000.0,2351000.0,-0.0663,0.003,0.935,0.005,0,0,0,0,0.14,0.091,1
TND-004763,MPLADS-004763,1,Open e-Tender,2023-09-07,14,3,2,0,0.5,Open e-Tender,2250000.0,2250000.0,0.0117,0.0177,0.9801,0.249,1,0,0,1,0.124,0.243,1
TND-004764,MPLADS-004764,1,Open e-Tender,2022-09-22,19,3,3,0,0.5,Open e-Tender,1806000.0,1806000.0,-0.0638,0.0008,0.9883,0.081,0,0,0,0,0.496,0.348,1
TND-004765,MPLADS-004765,1,Open e-Tender,2023-09-11,21,5,4,0,0.833,Open e-Tender,1395000.0,1395000.0,-0.0265,0.037,0.8767,0.171,0,0,0,0,0.449,0.466,1
TND-004766,MPLADS-004766,1,Open e-Tender,2022-11-04,21,6,5,0,1.0,Open e-Tender,1842000.0,1842000.0,-0.0331,0.042,0.9331,0.108,0,0,0,0,0.544,0.312,1
TND-004767,MPLADS-004767,1,Open e-Tender,2022-06-02,22,4,3,0,0.667,Open e-Tender,1082000.0,1082000.0,0.0046,0.0486,0.9035,0.182,0,0,0,0,0.394,0.167,1
TND-004768,MPLADS-004768,1,Open e-Tender,2022-04-03,14,7,6,0,1.0,Open e-Tender,4483000.0,4483000.0,-0.0218,0.0462,0.9078,0.089,0,0,0,0,0.38,0.286,1
TND-004769,MPLADS-004769,1,Open e-Tender,2023-04-24,27,4,4,0,0.667,Open e-Tender,2524000.0,2524000.0,0.01,0.0103,0.8973,0.169,0,0,0,0,0.158,0.11,1
TND-004770,MPLADS-004770,1,Open e-Tender,2023-08-15,18,4,3,0,0.667,Open e-Tender,2196000.0,2196000.0,-0.0292,0.042,0.8811,0.137,0,0,0,1,0.165,0.187,1
TND-004771,MPLADS-004771,1,Open e-Tender,2023-12-24,23,6,5,0,1.0,Open e-Tender,2843000.0,2843000.0,-0.0247,0.0052,0.8806,0.103,1,0,0,0,0.741,0.464,1
TND-004772,MPLADS-004772,1,Open e-Tender,2022-03-29,22,6,6,0,1.0,Open e-Tender,1565000.0,1565000.0,-0.0387,0.0038,0.8676,0.148,1,0,0,0,0.379,0.18,1
TND-004773,MPLADS-004773,1,Open e-Tender,2022-12-27,23,3,3,0,0.5,Open e-Tender,1641000.0,1641000.0,-0.0398,0.0247,0.8613,0.045,0,0,0,0,0.649,0.142,1
TND-004774,MPLADS-004774,1,Open e-Tender,2023-07-28,29,3,2,0,0.5,Open e-Tender,8765000.0,8765000.0,-0.0585,0.0226,0.9718,0.232,0,0,0,0,0.181,0.455,1
TND-004775,MPLADS-004775,1,Open e-Tender,2023-09-17,20,4,4,0,0.667,Open e-Tender,2005000.0,2005000.0,-0.06,0.0244,0.9214,0.115,0,0,0,0,0.146,0.301,1
TND-004776,MPLADS-004776,1,Open e-Tender,2023-03-07,28,3,2,0,0.5,Open e-Tender,2312000.0,2312000.0,0.0131,0.0279,0.8565,0.102,0,0,0,0,0.616,0.394,1
TND-004777,MPLADS-004777,1,Open e-Tender,2022-09-26,24,5,5,0,0.833,Open e-Tender,1904000.0,1904000.0,-0.032,0.0305,0.8579,0.018,0,0,0,0,0.118,0.365,1
TND-004778,MPLADS-004778,1,Open e-Tender,2022-11-09,16,4,4,0,0.667,Open e-Tender,1853000.0,1853000.0,-0.0005,0.0058,0.9622,0.215,0,0,0,1,0.106,0.381,1
TND-004779,MPLADS-004779,1,Open e-Tender,2022-03-13,21,3,3,0,0.5,Open e-Tender,4518000.0,4518000.0,-0.033,0.0285,0.8847,0.25,0,0,0,0,0.65,0.261,1
TND-004780,MPLADS-004780,1,Open e-Tender,2023-04-13,22,6,5,0,1.0,Open e-Tender,3499000.0,3499000.0,0.0072,0.0319,0.8924,0.142,0,0,0,0,0.409,0.393,1
TND-004781,MPLADS-004781,1,Open e-Tender,2023-10-18,28,7,7,0,1.0,Open e-Tender,2906000.0,2906000.0,0.008,0.0437,0.8905,0.057,0,0,0,1,0.245,0.157,1
TND-004782,MPLADS-004782,1,Open e-Tender,2023-02-21,27,3,3,0,0.5,Open e-Tender,4100000.0,4100000.0,0.0151,0.015,0.9853,0.057,0,0,0,1,0.168,0.191,1
TND-004783,MPLADS-004783,1,Open e-Tender,2022-04-07,23,5,5,0,0.833,Open e-Tender,868000.0,868000.0,-0.0534,0.015,0.9206,0.182,0,0,0,0,0.543,0.129,1
TND-004784,MPLADS-004784,1,Open e-Tender,2022-06-03,21,6,6,0,1.0,Open e-Tender,3568000.0,3568000.0,-0.0511,0.0231,0.8634,0.219,0,0,0,0,0.694,0.125,1
TND-004785,MPLADS-004785,1,Open e-Tender,2022-02-11,15,4,3,0,0.667,Open e-Tender,886000.0,886000.0,0.0034,0.0243,0.9774,0.203,0,0,0,0,0.467,0.107,1
TND-004786,MPLADS-004786,1,Open e-Tender,2022-09-01,26,3,3,0,0.5,Open e-Tender,1606000.0,1606000.0,-0.0129,0.0366,0.9184,0.241,0,0,0,0,0.518,0.085,1
TND-004787,MPLADS-004787,1,Open e-Tender,2022-05-04,23,5,4,0,0.833,Open e-Tender,3440000.0,3440000.0,-0.0372,0.0446,0.8945,0.087,0,0,0,0,0.318,0.364,1
TND-004788,MPLADS-004788,1,Open e-Tender,2022-03-30,22,5,5,0,0.833,Open e-Tender,1661000.0,1661000.0,0.003,0.0192,0.9416,0.226,0,0,0,0,0.2,0.212,1
TND-004789,MPLADS-004789,1,Open e-Tender,2023-04-11,23,4,3,0,0.667,Open e-Tender,10329000.0,10329000.0,0.0104,0.0129,0.8501,0.138,0,0,0,0,0.196,0.208,1
TND-004790,MPLADS-004790,1,Open e-Tender,2023-03-31,22,7,6,0,1.0,Open e-Tender,494000.0,494000.0,-0.059,0.0016,0.9455,0.211,0,0,0,0,0.505,0.117,1
TND-004791,MPLADS-004791,1,Open e-Tender,2023-11-23,23,4,3,0,0.667,Open e-Tender,1532000.0,1532000.0,0.0112,0.0031,0.9716,0.067,1,0,0,1,0.301,0.478,1
TND-004792,MPLADS-004792,1,Open e-Tender,2022-03-17,14,6,6,0,1.0,Open e-Tender,782000.0,782000.0,-0.0076,0.0158,0.9154,0.145,0,0,0,0,0.716,0.288,1
TND-004793,MPLADS-004793,1,Open e-Tender,2022-09-27,25,7,7,0,1.0,Open e-Tender,3461000.0,3461000.0,-0.0089,0.0122,0.944,0.028,0,0,0,1,0.402,0.187,1
TND-004794,MPLADS-004794,1,Open e-Tender,2023-02-09,21,7,7,0,1.0,Open e-Tender,580000.0,580000.0,-0.0779,0.0275,0.9703,0.198,0,0,0,0,0.347,0.322,1
TND-004795,MPLADS-004795,1,Open e-Tender,2022-04-23,24,4,3,0,0.667,Open e-Tender,2649000.0,2649000.0,0.0107,0.0172,0.8889,0.22,0,0,0,0,0.44,0.078,1
TND-004796,MPLADS-004796,1,Open e-Tender,2023-03-03,29,7,6,0,1.0,Open e-Tender,457000.0,457000.0,-0.0499,0.0474,0.9688,0.248,0,0,0,0,0.526,0.351,1
TND-004797,MPLADS-004797,1,Open e-Tender,2023-12-05,17,6,5,0,1.0,Open e-Tender,1197000.0,1197000.0,0.011,0.0284,0.8945,0.105,0,0,0,0,0.638,0.384,1
TND-004798,MPLADS-004798,1,Open e-Tender,2023-01-17,17,3,2,0,0.5,Open e-Tender,8428000.0,8428000.0,-0.007,0.0239,0.9208,0.064,1,0,0,0,0.413,0.493,1
TND-004799,MPLADS-004799,1,Open e-Tender,2022-07-05,21,4,3,0,0.667,Open e-Tender,1614000.0,1614000.0,-0.0037,0.0019,0.894,0.087,0,0,0,0,0.693,0.434,1
TND-004800,MPLADS-004800,1,Open e-Tender,2023-11-07,17,3,2,0,0.5,Open e-Tender,2603000.0,2603000.0,-0.0657,0.035,0.8898,0.248,0,0,0,0,0.229,0.262,1
TND-004801,MPLADS-004801,1,Open e-Tender,2022-03-26,29,4,3,0,0.667,Open e-Tender,588000.0,588000.0,-0.0051,0.0337,0.9568,0.248,0,0,0,0,0.733,0.256,1
TND-004802,MPLADS-004802,1,Open e-Tender,2022-06-29,28,5,5,0,0.833,Open e-Tender,2651000.0,2651000.0,-0.0056,0.0472,0.9248,0.204,0,0,0,0,0.256,0.393,1
TND-004803,MPLADS-004803,1,Open e-Tender,2023-11-07,29,4,3,0,0.667,Open e-Tender,3894000.0,3894000.0,-0.0124,0.0285,0.9727,0.191,0,0,0,0,0.31,0.419,1
TND-004804,MPLADS-004804,1,Open e-Tender,2023-06-03,26,5,5,0,0.833,Open e-Tender,663000.0,663000.0,-0.046,0.0453,0.89,0.094,0,0,0,0,0.73,0.268,1
TND-004805,MPLADS-004805,1,Open e-Tender,2023-08-13,19,4,3,0,0.667,Open e-Tender,553000.0,553000.0,-0.0659,0.0011,0.9469,0.247,0,0,0,0,0.59,0.235,1
TND-004806,MPLADS-004806,1,Open e-Tender,2022-10-21,25,5,4,0,0.833,Open e-Tender,11111000.0,11111000.0,-0.069,0.0313,0.9812,0.16,0,0,0,1,0.614,0.34,1
TND-004807,MPLADS-004807,1,Open e-Tender,2023-05-15,18,3,3,0,0.5,Open e-Tender,1362000.0,1362000.0,-0.0381,0.0025,0.8985,0.019,0,0,0,1,0.475,0.423,1
TND-004808,MPLADS-004808,1,Open e-Tender,2022-06-23,27,6,6,0,1.0,Open e-Tender,2388000.0,2388000.0,-0.034,0.0412,0.8612,0.07,1,0,0,0,0.169,0.497,1
TND-004809,MPLADS-004809,1,Open e-Tender,2022-04-10,18,7,6,0,1.0,Open e-Tender,2898000.0,2898000.0,-0.0492,0.007,0.8923,0.031,0,0,0,0,0.604,0.127,1
TND-004810,MPLADS-004810,1,Open e-Tender,2022-07-19,26,4,4,0,0.667,Open e-Tender,9686000.0,9686000.0,-0.026,0.0458,0.8643,0.008,0,0,0,1,0.236,0.29,1
TND-004811,MPLADS-004811,1,Open e-Tender,2022-10-19,27,5,5,0,0.833,Open e-Tender,2349000.0,2349000.0,-0.0471,0.0195,0.9053,0.129,0,0,0,1,0.293,0.495,1
TND-004812,MPLADS-004812,1,Open e-Tender,2023-03-12,16,3,2,0,0.5,Open e-Tender,2532000.0,2532000.0,0.0136,0.0211,0.9693,0.083,0,0,0,0,0.122,0.186,1
TND-004813,MPLADS-004813,1,Open e-Tender,2022-11-30,29,3,3,0,0.5,Open e-Tender,1386000.0,1386000.0,0.0169,0.0407,0.9277,0.116,0,0,0,0,0.725,0.452,1
TND-004814,MPLADS-004814,1,Open e-Tender,2022-05-09,23,3,2,0,0.5,Open e-Tender,2759000.0,2759000.0,0.004,0.0183,0.9189,0.127,1,0,0,0,0.676,0.286,1
TND-004815,MPLADS-004815,1,Open e-Tender,2023-07-07,21,5,4,0,0.833,Open e-Tender,1567000.0,1567000.0,-0.0381,0.0221,0.951,0.181,0,0,0,0,0.231,0.487,1
TND-004816,MPLADS-004816,1,Open e-Tender,2022-05-14,21,5,5,0,0.833,Open e-Tender,619000.0,619000.0,-0.0607,0.0122,0.9768,0.105,0,0,0,1,0.343,0.142,1
TND-004817,MPLADS-004817,1,Open e-Tender,2023-06-30,22,3,2,0,0.5,Open e-Tender,3532000.0,3532000.0,-0.0159,0.0039,0.8772,0.0,1,0,0,1,0.637,0.168,1
TND-004818,MPLADS-004818,1,Open e-Tender,2022-11-22,26,7,6,0,1.0,Open e-Tender,1742000.0,1742000.0,0.0,0.0418,0.9503,0.051,0,0,0,0,0.357,0.164,1
TND-004819,MPLADS-004819,1,Open e-Tender,2022-09-25,17,6,6,0,1.0,Open e-Tender,1669000.0,1669000.0,-0.0048,0.0096,0.9723,0.211,0,0,0,1,0.443,0.468,1
TND-004820,MPLADS-004820,1,Open e-Tender,2022-10-20,15,5,4,0,0.833,Open e-Tender,1304000.0,1304000.0,-0.029,0.0488,0.8525,0.232,0,0,0,0,0.629,0.292,1
TND-004821,MPLADS-004821,1,Open e-Tender,2022-09-28,27,6,5,0,1.0,Open e-Tender,1415000.0,1415000.0,-0.0642,0.0002,0.9833,0.023,0,0,0,0,0.725,0.394,1
TND-004822,MPLADS-004822,1,Open e-Tender,2023-11-16,24,3,3,0,0.5,Open e-Tender,1416000.0,1416000.0,-0.0554,0.0068,0.9422,0.109,0,0,0,0,0.352,0.466,1
TND-004823,MPLADS-004823,1,Open e-Tender,2022-12-28,28,6,6,0,1.0,Open e-Tender,815000.0,815000.0,-0.0728,0.036,0.9375,0.186,1,0,0,0,0.619,0.213,1
TND-004824,MPLADS-004824,1,Open e-Tender,2022-07-11,20,6,5,0,1.0,Open e-Tender,3905000.0,3905000.0,0.0109,0.0052,0.8885,0.2,0,0,0,0,0.172,0.132,1
TND-004825,MPLADS-004825,1,Open e-Tender,2023-06-24,25,6,5,0,1.0,Open e-Tender,1828000.0,1828000.0,0.0122,0.0495,0.9262,0.047,0,0,0,0,0.257,0.056,1
TND-004826,MPLADS-004826,1,Open e-Tender,2023-04-30,20,3,2,0,0.5,Open e-Tender,2595000.0,2595000.0,-0.0414,0.0432,0.8923,0.132,0,0,0,1,0.195,0.447,1
TND-004827,MPLADS-004827,1,Open e-Tender,2022-12-21,24,7,6,0,1.0,Open e-Tender,568000.0,568000.0,-0.0122,0.021,0.8975,0.108,0,0,0,0,0.238,0.225,1
TND-004828,MPLADS-004828,1,Open e-Tender,2023-10-12,20,6,6,0,1.0,Open e-Tender,8396000.0,8396000.0,-0.0318,0.03,0.8668,0.231,0,0,0,0,0.173,0.22,1
TND-004829,MPLADS-004829,1,Open e-Tender,2022-04-04,22,3,3,0,0.5,Open e-Tender,953000.0,953000.0,-0.047,0.0191,0.9698,0.068,0,0,0,0,0.241,0.297,1
TND-004830,MPLADS-004830,1,Open e-Tender,2022-12-31,25,4,3,0,0.667,Open e-Tender,8952000.0,8952000.0,-0.064,0.0482,0.9228,0.015,0,0,0,1,0.389,0.196,1
TND-004831,MPLADS-004831,1,Open e-Tender,2023-05-20,16,7,6,0,1.0,Open e-Tender,13029000.0,13029000.0,-0.0649,0.0182,0.8611,0.192,0,0,0,0,0.531,0.138,1
TND-004832,MPLADS-004832,1,Open e-Tender,2023-03-26,27,6,5,0,1.0,Open e-Tender,1542000.0,1542000.0,-0.021,0.0101,0.8818,0.012,0,0,0,0,0.529,0.091,1
TND-004833,MPLADS-004833,1,Open e-Tender,2023-08-03,20,5,5,0,0.833,Open e-Tender,1984000.0,1984000.0,-0.0521,0.0133,0.8838,0.095,0,0,0,0,0.344,0.087,1
TND-004834,MPLADS-004834,1,Open e-Tender,2022-08-08,21,6,6,0,1.0,Open e-Tender,9347000.0,9347000.0,0.0141,0.0091,0.9072,0.245,0,0,0,1,0.492,0.281,1
TND-004835,MPLADS-004835,1,Open e-Tender,2023-08-07,21,7,6,0,1.0,Open e-Tender,3541000.0,3541000.0,-0.024,0.0477,0.9775,0.114,1,0,0,0,0.397,0.097,1
TND-004836,MPLADS-004836,1,Open e-Tender,2023-09-13,23,4,4,0,0.667,Open e-Tender,1816000.0,1816000.0,-0.08,0.0317,0.9306,0.179,0,0,0,1,0.287,0.224,1
TND-004837,MPLADS-004837,1,Open e-Tender,2022-08-11,24,6,6,0,1.0,Open e-Tender,1778000.0,1778000.0,-0.0642,0.047,0.895,0.015,0,0,0,0,0.479,0.432,1
TND-004838,MPLADS-004838,1,Open e-Tender,2022-05-04,16,7,7,0,1.0,Open e-Tender,2069000.0,2069000.0,0.0039,0.0417,0.8615,0.165,0,0,0,1,0.142,0.088,1
TND-004839,MPLADS-004839,1,Open e-Tender,2022-10-28,22,7,6,0,1.0,Open e-Tender,2968000.0,2968000.0,-0.0794,0.0016,0.8717,0.217,0,0,0,0,0.523,0.28,1
TND-004840,MPLADS-004840,1,Open e-Tender,2023-01-19,20,6,6,0,1.0,Open e-Tender,2523000.0,2523000.0,0.0104,0.0074,0.9448,0.229,0,0,0,0,0.35,0.348,1
TND-004841,MPLADS-004841,1,Open e-Tender,2022-03-01,28,7,6,0,1.0,Open e-Tender,2551000.0,2551000.0,0.0188,0.0469,0.9465,0.063,1,0,0,0,0.607,0.058,1
TND-004842,MPLADS-004842,1,Direct / Single Inquiry,2022-06-25,26,1,1,1,0.167,Single Tender Inquiry,1999000.0,1999000.0,-0.0685,0.0029,0.0,0.089,0,0,0,1,0.361,0.095,0
TND-004843,MPLADS-004843,1,Open e-Tender,2022-06-07,29,7,7,0,1.0,Open e-Tender,1627000.0,1627000.0,-0.0792,0.0354,0.9295,0.119,0,0,0,0,0.315,0.208,1
TND-004844,MPLADS-004844,1,Open e-Tender,2022-06-10,17,3,3,0,0.5,Open e-Tender,2234000.0,2234000.0,-0.0711,0.0159,0.9468,0.166,0,0,0,0,0.527,0.221,1
TND-004845,MPLADS-004845,1,Open e-Tender,2023-09-23,18,5,4,0,0.833,Open e-Tender,1422000.0,1422000.0,-0.0028,0.0147,0.8643,0.027,0,0,0,1,0.294,0.138,1
TND-004846,MPLADS-004846,1,Open e-Tender,2022-01-04,20,3,2,0,0.5,Open e-Tender,43498000.0,43498000.0,-0.0664,0.0097,0.8704,0.167,0,0,0,1,0.307,0.472,1
TND-004847,MPLADS-004847,1,Open e-Tender,2022-09-13,23,4,4,0,0.667,Open e-Tender,3423000.0,3423000.0,-0.0781,0.0229,0.9735,0.205,0,0,0,0,0.553,0.328,1
TND-004848,MPLADS-004848,1,Open e-Tender,2023-09-05,21,3,3,0,0.5,Open e-Tender,2417000.0,2417000.0,-0.0183,0.0385,0.8845,0.046,0,0,0,0,0.182,0.277,1
TND-004849,MPLADS-004849,1,Open e-Tender,2023-11-01,29,3,2,0,0.5,Open e-Tender,1596000.0,1596000.0,-0.0683,0.0068,0.9696,0.207,0,0,0,1,0.222,0.155,1
TND-004850,MPLADS-004850,1,Open e-Tender,2022-09-23,26,7,6,0,1.0,Open e-Tender,1732000.0,1732000.0,-0.0673,0.0349,0.8519,0.004,0,0,0,1,0.378,0.464,1
TND-004851,MPLADS-004851,1,Open e-Tender,2022-12-13,28,7,6,0,1.0,Open e-Tender,3245000.0,3245000.0,-0.0293,0.0245,0.9515,0.166,0,0,0,0,0.61,0.489,1
TND-004852,MPLADS-004852,1,Open e-Tender,2022-08-06,28,7,6,0,1.0,Open e-Tender,2194000.0,2194000.0,-0.0045,0.0449,0.9426,0.226,0,0,0,0,0.725,0.118,1
TND-004853,MPLADS-004853,1,Open e-Tender,2022-08-08,15,5,4,0,0.833,Open e-Tender,810000.0,810000.0,0.0075,0.0196,0.9304,0.151,0,0,0,0,0.547,0.236,1
TND-004854,MPLADS-004854,1,Open e-Tender,2022-11-26,15,5,5,0,0.833,Open e-Tender,1338000.0,1338000.0,-0.0219,0.0312,0.888,0.209,1,0,0,0,0.203,0.25,1
TND-004855,MPLADS-004855,1,Open e-Tender,2022-06-15,16,7,7,0,1.0,Open e-Tender,481000.0,481000.0,-0.0678,0.0209,0.8896,0.031,0,0,0,0,0.404,0.439,1
TND-004856,MPLADS-004856,1,Open e-Tender,2023-04-10,21,7,6,0,1.0,Open e-Tender,2024000.0,2024000.0,0.007,0.0206,0.9061,0.141,0,0,0,0,0.569,0.209,1
TND-004857,MPLADS-004857,1,Open e-Tender,2022-11-09,18,7,7,0,1.0,Open e-Tender,12674000.0,12674000.0,0.0011,0.0123,0.9035,0.11,0,0,0,0,0.663,0.155,1
TND-004858,MPLADS-004858,1,Open e-Tender,2023-01-16,19,7,7,0,1.0,Open e-Tender,3331000.0,3331000.0,-0.008,0.0192,0.8674,0.116,0,0,0,0,0.478,0.36,1
TND-004859,MPLADS-004859,1,Open e-Tender,2023-09-02,25,3,2,0,0.5,Open e-Tender,1301000.0,1301000.0,-0.0634,0.0091,0.9668,0.086,1,0,0,0,0.167,0.491,1
TND-004860,MPLADS-004860,1,Open e-Tender,2022-10-03,28,3,2,0,0.5,Open e-Tender,2400000.0,2400000.0,-0.0029,0.0448,0.9855,0.249,0,0,0,0,0.19,0.291,1
TND-004861,MPLADS-004861,1,Open e-Tender,2022-04-25,26,7,7,0,1.0,Open e-Tender,2068000.0,2068000.0,-0.0483,0.0082,0.8521,0.216,0,0,0,0,0.318,0.155,1
TND-004862,MPLADS-004862,1,Open e-Tender,2023-01-13,24,6,5,0,1.0,Open e-Tender,3194000.0,3194000.0,-0.0295,0.0088,0.9432,0.022,0,0,0,0,0.478,0.079,1
TND-004863,MPLADS-004863,1,Open e-Tender,2022-10-02,20,4,3,0,0.667,Open e-Tender,512000.0,512000.0,0.0179,0.0084,0.8999,0.187,0,0,0,0,0.27,0.375,1
TND-004864,MPLADS-004864,1,Open e-Tender,2023-11-23,22,5,5,0,0.833,Open e-Tender,2811000.0,2811000.0,-0.0212,0.0133,0.8985,0.229,1,0,0,1,0.575,0.4,1
TND-004865,MPLADS-004865,1,Direct / Single Inquiry,2022-04-13,26,1,1,1,0.167,Single Tender Inquiry,1042000.0,1042000.0,-0.057,0.0054,0.0,0.108,0,0,0,0,0.468,0.101,0
TND-004866,MPLADS-004866,1,Open e-Tender,2023-12-03,14,5,4,0,0.833,Open e-Tender,3077000.0,3077000.0,0.0148,0.0233,0.9253,0.066,0,0,0,0,0.435,0.143,1
TND-004867,MPLADS-004867,1,Open e-Tender,2023-06-24,19,6,5,0,1.0,Open e-Tender,2326000.0,2326000.0,-0.0073,0.0187,0.861,0.088,0,0,0,0,0.613,0.284,1
TND-004868,MPLADS-004868,1,Open e-Tender,2023-09-20,24,6,6,0,1.0,Open e-Tender,8657000.0,8657000.0,-0.0346,0.0206,0.8921,0.058,0,0,0,0,0.131,0.362,1
TND-004869,MPLADS-004869,1,Open e-Tender,2022-11-28,27,3,3,0,0.5,Open e-Tender,1980000.0,1980000.0,-0.0265,0.008,0.8874,0.007,0,0,0,0,0.163,0.157,1
TND-004870,MPLADS-004870,1,Open e-Tender,2023-05-16,16,6,6,0,1.0,Open e-Tender,11758000.0,11758000.0,-0.0726,0.0039,0.9811,0.157,0,0,0,1,0.143,0.166,1
TND-004871,MPLADS-004871,1,Open e-Tender,2023-11-28,27,4,4,0,0.667,Open e-Tender,3830000.0,3830000.0,0.0016,0.0293,0.9434,0.164,0,0,0,1,0.346,0.37,1
TND-004872,MPLADS-004872,1,Open e-Tender,2023-11-26,26,4,4,0,0.667,Open e-Tender,1489000.0,1489000.0,-0.0504,0.0374,0.8722,0.071,0,0,0,1,0.349,0.261,1
TND-004873,MPLADS-004873,1,Open e-Tender,2023-03-14,21,6,5,0,1.0,Open e-Tender,861000.0,861000.0,-0.0444,0.0171,0.9586,0.178,0,0,0,0,0.732,0.226,1
TND-004874,MPLADS-004874,1,Open e-Tender,2023-11-12,23,5,4,0,0.833,Open e-Tender,1591000.0,1591000.0,-0.0161,0.0369,0.9518,0.117,0,0,0,0,0.266,0.388,1
TND-004875,MPLADS-004875,1,Open e-Tender,2022-08-14,17,3,2,0,0.5,Open e-Tender,4002000.0,4002000.0,-0.0394,0.0468,0.9267,0.149,0,0,0,1,0.165,0.149,1
TND-004876,MPLADS-004876,1,Open e-Tender,2023-04-02,19,6,6,0,1.0,Open e-Tender,13063000.0,13063000.0,-0.0783,0.0371,0.982,0.022,0,0,0,1,0.231,0.204,1
TND-004877,MPLADS-004877,1,Open e-Tender,2022-06-20,26,6,6,0,1.0,Open e-Tender,2818000.0,2818000.0,-0.0133,0.0413,0.9054,0.174,0,0,0,0,0.627,0.207,1
TND-004878,MPLADS-004878,1,Open e-Tender,2023-06-23,27,4,3,0,0.667,Open e-Tender,3059000.0,3059000.0,-0.0233,0.0284,0.8602,0.18,0,0,0,0,0.298,0.25,1
TND-004879,MPLADS-004879,1,Open e-Tender,2023-05-20,20,7,7,0,1.0,Open e-Tender,1742000.0,1742000.0,-0.0051,0.0286,0.8851,0.034,0,0,0,0,0.447,0.287,1
TND-004880,MPLADS-004880,1,Open e-Tender,2022-10-22,25,7,6,0,1.0,Open e-Tender,1297000.0,1297000.0,-0.035,0.0079,0.878,0.105,0,0,0,1,0.542,0.272,1
TND-004881,MPLADS-004881,1,Open e-Tender,2023-03-01,25,7,6,0,1.0,Open e-Tender,788000.0,788000.0,-0.0641,0.0481,0.9008,0.074,0,0,0,0,0.711,0.421,1
TND-004882,MPLADS-004882,1,Direct / Single Inquiry,2022-05-06,22,1,1,1,0.167,Single Tender Inquiry,1988000.0,1988000.0,-0.0766,0.0366,0.0,0.22,0,0,0,1,0.692,0.337,0
TND-004883,MPLADS-004883,1,Open e-Tender,2022-10-10,23,5,4,0,0.833,Open e-Tender,2174000.0,2174000.0,-0.0234,0.01,0.9892,0.213,0,0,0,0,0.479,0.072,1
TND-004884,MPLADS-004884,1,Open e-Tender,2023-10-12,16,4,3,0,0.667,Open e-Tender,2275000.0,2275000.0,-0.0653,0.0125,0.9241,0.237,0,0,0,1,0.304,0.107,1
TND-004885,MPLADS-004885,1,Open e-Tender,2023-06-09,15,5,4,0,0.833,Open e-Tender,1868000.0,1868000.0,-0.0163,0.0478,0.8667,0.11,0,0,0,1,0.173,0.079,1
TND-004886,MPLADS-004886,1,Open e-Tender,2022-03-30,18,4,3,0,0.667,Open e-Tender,11183000.0,11183000.0,-0.0165,0.0243,0.888,0.158,0,0,0,0,0.201,0.465,1
TND-004887,MPLADS-004887,1,Open e-Tender,2022-02-12,19,4,4,0,0.667,Open e-Tender,2604000.0,2604000.0,-0.0247,0.0469,0.9511,0.081,0,0,0,0,0.411,0.366,1
TND-004888,MPLADS-004888,1,Open e-Tender,2022-06-10,27,4,3,0,0.667,Open e-Tender,1647000.0,1647000.0,-0.0179,0.0256,0.9086,0.077,0,0,0,0,0.436,0.255,1
TND-004889,MPLADS-004889,1,Open e-Tender,2023-10-21,29,3,3,0,0.5,Open e-Tender,1151000.0,1151000.0,-0.0432,0.0456,0.9423,0.248,0,0,0,0,0.222,0.113,1
TND-004890,MPLADS-004890,1,Open e-Tender,2022-10-06,19,7,7,0,1.0,Open e-Tender,2854000.0,2854000.0,-0.0263,0.0212,0.9506,0.158,0,0,0,0,0.421,0.397,1
TND-004891,MPLADS-004891,1,Open e-Tender,2023-07-16,18,4,4,0,0.667,Open e-Tender,425000.0,425000.0,-0.0275,0.0349,0.8735,0.163,0,0,0,0,0.176,0.334,1
TND-004892,MPLADS-004892,1,Open e-Tender,2022-02-15,29,5,4,0,0.833,Open e-Tender,1592000.0,1592000.0,0.0153,0.0086,0.9029,0.101,0,0,0,0,0.422,0.171,1
TND-004893,MPLADS-004893,1,Open e-Tender,2022-06-20,18,7,7,0,1.0,Open e-Tender,1546000.0,1546000.0,-0.0579,0.0143,0.985,0.175,0,0,0,0,0.527,0.462,1
TND-004894,MPLADS-004894,1,Open e-Tender,2023-08-17,16,7,6,0,1.0,Open e-Tender,1842000.0,1842000.0,-0.0554,0.0001,0.942,0.177,0,0,0,0,0.425,0.138,1
TND-004895,MPLADS-004895,1,Open e-Tender,2023-03-31,22,7,7,0,1.0,Open e-Tender,1724000.0,1724000.0,-0.0046,0.0296,0.9121,0.241,0,0,0,0,0.68,0.171,1
TND-004896,MPLADS-004896,1,Open e-Tender,2022-10-28,17,3,2,0,0.5,Open e-Tender,10255000.0,10255000.0,-0.0482,0.0161,0.8735,0.142,0,0,0,0,0.268,0.268,1
TND-004897,MPLADS-004897,1,Open e-Tender,2022-05-18,29,5,4,0,0.833,Open e-Tender,1987000.0,1987000.0,-0.0671,0.0156,0.9203,0.042,0,0,0,0,0.583,0.466,1
TND-004898,MPLADS-004898,1,Open e-Tender,2023-09-05,24,7,6,0,1.0,Open e-Tender,1922000.0,1922000.0,-0.0629,0.0286,0.9482,0.068,0,0,0,0,0.29,0.091,1
TND-004899,MPLADS-004899,1,Open e-Tender,2022-04-19,16,5,5,0,0.833,Open e-Tender,709000.0,709000.0,-0.0572,0.0245,0.8696,0.206,1,0,0,0,0.599,0.116,1
TND-004900,MPLADS-004900,1,Open e-Tender,2022-09-11,21,3,2,0,0.5,Open e-Tender,366000.0,366000.0,0.0167,0.0211,0.984,0.184,0,0,0,0,0.438,0.249,1
TND-004901,MPLADS-004901,1,Open e-Tender,2022-12-16,21,6,6,0,1.0,Open e-Tender,674000.0,674000.0,0.0151,0.0365,0.9136,0.162,0,0,0,0,0.649,0.388,1
TND-004902,MPLADS-004902,1,Open e-Tender,2022-07-18,20,6,6,0,1.0,Open e-Tender,12917000.0,12917000.0,-0.0697,0.0238,0.9138,0.044,0,0,0,0,0.728,0.186,1
TND-004903,MPLADS-004903,1,Open e-Tender,2023-10-16,28,5,5,0,0.833,Open e-Tender,614000.0,614000.0,-0.0361,0.0372,0.8674,0.214,0,0,0,0,0.331,0.454,1
TND-004904,MPLADS-004904,1,Open e-Tender,2022-08-02,24,5,5,0,0.833,Open e-Tender,1798000.0,1798000.0,-0.0228,0.0368,0.9348,0.11,0,0,0,0,0.352,0.164,1
TND-004905,MPLADS-004905,1,Open e-Tender,2022-04-21,18,3,2,0,0.5,Open e-Tender,366000.0,366000.0,-0.024,0.0303,0.9734,0.022,0,0,0,0,0.72,0.268,1
TND-004906,MPLADS-004906,1,Open e-Tender,2022-05-01,22,6,6,0,1.0,Open e-Tender,2593000.0,2593000.0,0.0153,0.0192,0.9669,0.047,0,0,0,0,0.235,0.337,1
TND-004907,MPLADS-004907,1,Open e-Tender,2022-03-21,19,3,3,0,0.5,Open e-Tender,14218000.0,14218000.0,-0.0175,0.0257,0.9621,0.174,1,0,0,0,0.321,0.402,1
TND-004908,MPLADS-004908,1,Open e-Tender,2022-09-09,22,7,7,0,1.0,Open e-Tender,8620000.0,8620000.0,-0.0187,0.0035,0.9167,0.107,0,0,0,0,0.194,0.462,1
TND-004909,MPLADS-004909,1,Open e-Tender,2023-09-09,18,7,6,0,1.0,Open e-Tender,1158000.0,1158000.0,-0.0034,0.04,0.9355,0.179,1,0,0,1,0.644,0.136,1
TND-004910,MPLADS-004910,1,Open e-Tender,2022-07-01,19,6,5,0,1.0,Open e-Tender,2306000.0,2306000.0,-0.0335,0.0255,0.8983,0.046,0,0,0,1,0.626,0.229,1
TND-004911,MPLADS-004911,1,Open e-Tender,2022-10-07,15,7,6,0,1.0,Open e-Tender,393000.0,393000.0,0.0129,0.0054,0.8977,0.005,0,0,0,0,0.531,0.417,1
TND-004912,MPLADS-004912,1,Open e-Tender,2022-08-31,27,6,5,0,1.0,Open e-Tender,543000.0,543000.0,-0.0638,0.0009,0.8943,0.012,0,0,0,0,0.667,0.326,1
TND-004913,MPLADS-004913,1,Open e-Tender,2023-02-16,24,7,6,0,1.0,Open e-Tender,8013000.0,8013000.0,0.0014,0.013,0.9782,0.006,0,0,0,0,0.419,0.294,1
TND-004914,MPLADS-004914,1,Open e-Tender,2023-07-23,23,4,3,0,0.667,Open e-Tender,578000.0,578000.0,-0.017,0.0083,0.9175,0.099,0,0,0,1,0.127,0.064,1
TND-004915,MPLADS-004915,1,Open e-Tender,2022-08-27,25,3,2,0,0.5,Open e-Tender,1929000.0,1929000.0,0.011,0.0365,0.9829,0.229,0,0,0,1,0.468,0.203,1
TND-004916,MPLADS-004916,1,Open e-Tender,2023-01-14,27,7,7,0,1.0,Open e-Tender,3221000.0,3221000.0,-0.0484,0.0027,0.9052,0.033,0,0,0,0,0.284,0.484,1
TND-004917,MPLADS-004917,1,Open e-Tender,2022-06-02,25,3,3,0,0.5,Open e-Tender,1679000.0,1679000.0,-0.0289,0.0121,0.8815,0.167,0,0,0,0,0.623,0.247,1
TND-004918,MPLADS-004918,1,Open e-Tender,2022-08-10,28,6,6,0,1.0,Open e-Tender,2666000.0,2666000.0,0.0106,0.0165,0.9128,0.121,0,0,0,0,0.535,0.158,1
TND-004919,MPLADS-004919,1,Open e-Tender,2022-05-20,20,3,2,0,0.5,Open e-Tender,8098000.0,8098000.0,-0.0755,0.0179,0.8674,0.147,0,0,0,0,0.529,0.091,1
TND-004920,MPLADS-004920,1,Open e-Tender,2022-12-08,22,6,6,0,1.0,Open e-Tender,1630000.0,1630000.0,-0.0061,0.0263,0.8603,0.232,0,0,0,0,0.579,0.322,1
TND-004921,MPLADS-004921,1,Open e-Tender,2022-10-01,14,5,4,0,0.833,Open e-Tender,9400000.0,9400000.0,-0.0555,0.0292,0.8551,0.088,1,0,0,1,0.689,0.365,1
TND-004922,MPLADS-004922,1,Direct / Single Inquiry,2023-04-22,29,1,1,1,0.167,Single Tender Inquiry,1578000.0,1578000.0,-0.0494,0.0391,0.0,0.161,0,0,0,1,0.117,0.132,0
TND-004923,MPLADS-004923,1,Open e-Tender,2022-09-16,20,7,7,0,1.0,Open e-Tender,664000.0,664000.0,-0.0432,0.0368,0.9633,0.121,0,0,0,0,0.463,0.4,1
TND-004924,MPLADS-004924,1,Open e-Tender,2023-01-04,23,3,3,0,0.5,Open e-Tender,2215000.0,2215000.0,0.0045,0.0036,0.91,0.19,0,0,0,0,0.242,0.192,1
TND-004925,MPLADS-004925,1,Open e-Tender,2023-03-15,14,4,4,0,0.667,Open e-Tender,10148000.0,10148000.0,0.0101,0.031,0.9601,0.115,0,0,0,1,0.363,0.319,1
TND-004926,MPLADS-004926,1,Open e-Tender,2023-05-19,22,3,2,0,0.5,Open e-Tender,676000.0,676000.0,-0.0343,0.0351,0.8965,0.194,0,0,0,0,0.389,0.361,1
TND-004927,MPLADS-004927,1,Open e-Tender,2023-03-05,18,7,6,0,1.0,Open e-Tender,769000.0,769000.0,-0.0435,0.037,0.9605,0.042,0,0,0,0,0.541,0.066,1
TND-004928,MPLADS-004928,1,Open e-Tender,2022-09-26,21,3,2,0,0.5,Open e-Tender,3415000.0,3415000.0,-0.0495,0.0034,0.9727,0.202,0,0,0,0,0.749,0.358,1
TND-004929,MPLADS-004929,1,Open e-Tender,2022-03-07,28,5,4,0,0.833,Open e-Tender,1008000.0,1008000.0,-0.0769,0.0244,0.866,0.184,0,0,0,1,0.392,0.222,1
TND-004930,MPLADS-004930,1,Open e-Tender,2023-08-17,17,4,3,0,0.667,Open e-Tender,2354000.0,2354000.0,0.0026,0.0061,0.8616,0.026,0,0,0,0,0.473,0.268,1
TND-004931,MPLADS-004931,1,Open e-Tender,2023-12-04,29,7,7,0,1.0,Open e-Tender,2205000.0,2205000.0,-0.052,0.0331,0.8563,0.131,0,0,0,0,0.685,0.3,1
TND-004932,MPLADS-004932,1,Open e-Tender,2023-02-01,23,6,6,0,1.0,Open e-Tender,2675000.0,2675000.0,-0.0144,0.0045,0.9427,0.139,0,0,0,0,0.508,0.115,1
TND-004933,MPLADS-004933,1,Open e-Tender,2022-10-16,27,7,6,0,1.0,Open e-Tender,12699000.0,12699000.0,-0.0689,0.0447,0.968,0.052,0,0,0,0,0.182,0.403,1
TND-004934,MPLADS-004934,1,Open e-Tender,2022-04-11,22,7,6,0,1.0,Open e-Tender,2599000.0,2599000.0,0.0012,0.0045,0.883,0.127,0,0,0,0,0.273,0.458,1
TND-004935,MPLADS-004935,1,Open e-Tender,2023-10-22,23,3,3,0,0.5,Open e-Tender,2729000.0,2729000.0,-0.0222,0.0197,0.8631,0.247,0,0,0,0,0.732,0.193,1
TND-004936,MPLADS-004936,1,Open e-Tender,2022-12-30,27,5,5,0,0.833,Open e-Tender,12294000.0,12294000.0,-0.0659,0.0399,0.9727,0.024,0,0,0,0,0.556,0.308,1
TND-004937,MPLADS-004937,1,Open e-Tender,2023-06-30,24,7,7,0,1.0,Open e-Tender,2374000.0,2374000.0,-0.0298,0.0479,0.9346,0.101,0,0,0,0,0.432,0.095,1
TND-004938,MPLADS-004938,1,Open e-Tender,2023-05-31,26,3,3,0,0.5,Open e-Tender,2464000.0,2464000.0,-0.0592,0.0353,0.8934,0.011,0,0,0,1,0.114,0.376,1
TND-004939,MPLADS-004939,1,Open e-Tender,2023-11-09,15,4,4,0,0.667,Open e-Tender,1809000.0,1809000.0,0.0006,0.0287,0.9855,0.001,0,0,0,1,0.346,0.077,1
TND-004940,MPLADS-004940,1,Open e-Tender,2022-05-04,17,3,3,0,0.5,Open e-Tender,558000.0,558000.0,0.0109,0.0436,0.9181,0.138,0,0,0,0,0.53,0.449,1
TND-004941,MPLADS-004941,1,Direct / Single Inquiry,2023-04-11,17,1,1,1,0.167,Single Tender Inquiry,679000.0,679000.0,-0.0286,0.019,0.0,0.249,0,0,0,1,0.465,0.154,0
TND-004942,MPLADS-004942,1,Open e-Tender,2023-01-02,21,4,4,0,0.667,Open e-Tender,1861000.0,1861000.0,-0.0332,0.0019,0.9352,0.242,1,0,0,0,0.477,0.406,1
TND-004943,MPLADS-004943,1,Open e-Tender,2022-10-15,19,4,3,0,0.667,Open e-Tender,2835000.0,2835000.0,0.0161,0.0346,0.8563,0.156,1,0,0,0,0.718,0.083,1
TND-004944,MPLADS-004944,1,Open e-Tender,2023-07-26,22,4,3,0,0.667,Open e-Tender,1429000.0,1429000.0,-0.058,0.0438,0.8529,0.151,0,0,0,0,0.329,0.082,1
TND-004945,MPLADS-004945,1,Open e-Tender,2023-05-08,26,7,7,0,1.0,Open e-Tender,1344000.0,1344000.0,-0.0601,0.0359,0.9472,0.034,0,0,0,0,0.133,0.269,1
TND-004946,MPLADS-004946,1,Open e-Tender,2022-12-17,19,3,3,0,0.5,Open e-Tender,643000.0,643000.0,-0.0287,0.0436,0.9601,0.037,0,0,0,0,0.124,0.321,1
TND-004947,MPLADS-004947,1,Open e-Tender,2022-11-26,27,3,3,0,0.5,Open e-Tender,1334000.0,1334000.0,-0.0632,0.0217,0.8727,0.219,1,0,0,0,0.521,0.394,1
TND-004948,MPLADS-004948,1,Open e-Tender,2022-08-12,18,5,5,0,0.833,Open e-Tender,850000.0,850000.0,-0.0185,0.0274,0.8658,0.088,0,0,0,0,0.596,0.183,1
TND-004949,MPLADS-004949,1,Open e-Tender,2023-02-15,15,4,4,0,0.667,Open e-Tender,398000.0,398000.0,0.0153,0.0457,0.9573,0.241,0,0,0,0,0.368,0.39,1
TND-004950,MPLADS-004950,1,Open e-Tender,2022-09-22,15,4,3,0,0.667,Open e-Tender,9376000.0,9376000.0,0.0161,0.0036,0.9126,0.004,0,0,0,0,0.735,0.268,1
TND-004951,MPLADS-004951,1,Open e-Tender,2022-12-20,20,4,3,0,0.667,Open e-Tender,2086000.0,2086000.0,-0.0174,0.0401,0.8554,0.003,0,0,0,1,0.134,0.42,1
TND-004952,MPLADS-004952,1,Open e-Tender,2022-09-11,22,4,3,0,0.667,Open e-Tender,3048000.0,3048000.0,0.012,0.0349,0.9187,0.001,0,0,0,1,0.425,0.435,1
TND-004953,MPLADS-004953,1,Open e-Tender,2022-08-22,20,6,6,0,1.0,Open e-Tender,773000.0,773000.0,-0.0102,0.0499,0.9682,0.111,0,0,0,1,0.634,0.085,1
TND-004954,MPLADS-004954,1,Open e-Tender,2022-12-09,18,7,6,0,1.0,Open e-Tender,1326000.0,1326000.0,0.02,0.0289,0.9217,0.209,0,0,0,0,0.402,0.202,1
TND-004955,MPLADS-004955,1,Open e-Tender,2022-11-01,28,3,3,0,0.5,Open e-Tender,2501000.0,2501000.0,-0.0291,0.0375,0.9376,0.231,0,0,0,0,0.573,0.457,1
TND-004956,MPLADS-004956,1,Open e-Tender,2022-11-20,21,3,3,0,0.5,Open e-Tender,1406000.0,1406000.0,-0.039,0.0087,0.8984,0.127,0,0,0,0,0.113,0.309,1
TND-004957,MPLADS-004957,1,Open e-Tender,2023-04-20,24,3,2,0,0.5,Open e-Tender,3497000.0,3497000.0,0.018,0.0426,0.8715,0.222,0,0,0,0,0.704,0.315,1
TND-004958,MPLADS-004958,1,Open e-Tender,2022-10-05,22,6,6,0,1.0,Open e-Tender,1213000.0,1213000.0,-0.0769,0.0476,0.9633,0.056,0,0,0,0,0.384,0.139,1
TND-004959,MPLADS-004959,1,Open e-Tender,2022-04-27,27,4,4,0,0.667,Open e-Tender,2119000.0,2119000.0,-0.0167,0.0498,0.865,0.234,0,0,0,0,0.609,0.232,1
TND-004960,MPLADS-004960,1,Open e-Tender,2023-09-18,20,6,6,0,1.0,Open e-Tender,556000.0,556000.0,-0.0228,0.0228,0.9419,0.224,0,0,0,1,0.521,0.211,1
TND-004961,MPLADS-004961,1,Open e-Tender,2023-06-11,29,7,6,0,1.0,Open e-Tender,3325000.0,3325000.0,-0.0119,0.0231,0.9315,0.015,1,0,0,0,0.555,0.198,1
TND-004962,MPLADS-004962,1,Open e-Tender,2022-04-17,29,5,5,0,0.833,Open e-Tender,14537000.0,14537000.0,-0.0294,0.0082,0.8858,0.1,0,0,0,0,0.569,0.473,1
TND-004963,MPLADS-004963,1,Open e-Tender,2022-10-20,24,4,4,0,0.667,Open e-Tender,1615000.0,1615000.0,-0.0561,0.0324,0.9351,0.188,0,0,0,0,0.236,0.271,1
TND-004964,MPLADS-004964,1,Open e-Tender,2022-04-24,21,5,4,0,0.833,Open e-Tender,1026000.0,1026000.0,-0.0411,0.0489,0.9837,0.15,0,0,0,0,0.395,0.196,1
TND-004965,MPLADS-004965,1,Open e-Tender,2022-12-14,15,6,6,0,1.0,Open e-Tender,460000.0,460000.0,-0.0417,0.0196,0.9885,0.107,0,0,0,0,0.199,0.075,1
TND-004966,MPLADS-004966,1,Open e-Tender,2022-07-29,17,6,5,0,1.0,Open e-Tender,2648000.0,2648000.0,-0.0623,0.0115,0.9857,0.162,0,0,0,0,0.601,0.102,1
TND-004967,MPLADS-004967,1,Open e-Tender,2023-01-29,17,6,6,0,1.0,Open e-Tender,1547000.0,1547000.0,-0.0045,0.0417,0.9205,0.218,0,0,0,0,0.392,0.199,1
TND-004968,MPLADS-004968,1,Open e-Tender,2023-05-22,28,6,6,0,1.0,Open e-Tender,2465000.0,2465000.0,-0.0088,0.0318,0.96,0.035,0,0,0,0,0.209,0.304,1
TND-004969,MPLADS-004969,1,Open e-Tender,2023-10-19,22,4,4,0,0.667,Open e-Tender,693000.0,693000.0,0.0087,0.0135,0.9785,0.19,0,0,0,0,0.673,0.384,1
TND-004970,MPLADS-004970,1,Open e-Tender,2022-03-19,18,7,7,0,1.0,Open e-Tender,712000.0,712000.0,-0.0544,0.0073,0.9777,0.091,0,0,0,0,0.138,0.23,1
TND-004971,MPLADS-004971,1,Open e-Tender,2022-08-25,21,6,6,0,1.0,Open e-Tender,491000.0,491000.0,-0.0354,0.0081,0.8754,0.06,0,0,0,1,0.41,0.148,1
TND-004972,MPLADS-004972,1,Open e-Tender,2022-05-22,17,7,6,0,1.0,Open e-Tender,644000.0,644000.0,0.019,0.0447,0.9757,0.051,1,0,0,0,0.535,0.468,1
TND-004973,MPLADS-004973,1,Open e-Tender,2022-05-01,14,4,3,0,0.667,Open e-Tender,2049000.0,2049000.0,-0.0766,0.0478,0.8697,0.125,0,0,0,0,0.443,0.435,1
TND-004974,MPLADS-004974,1,Open e-Tender,2022-08-12,22,5,4,0,0.833,Open e-Tender,547000.0,547000.0,-0.0791,0.0364,0.9218,0.191,0,0,0,0,0.465,0.114,1
TND-004975,MPLADS-004975,1,Open e-Tender,2022-09-12,29,5,5,0,0.833,Open e-Tender,8548000.0,8548000.0,0.018,0.0158,0.9023,0.041,1,0,0,0,0.132,0.288,1
TND-004976,MPLADS-004976,1,Open e-Tender,2023-03-03,26,3,3,0,0.5,Open e-Tender,870000.0,870000.0,-0.0755,0.0075,0.8856,0.029,1,0,0,0,0.118,0.137,1
TND-004977,MPLADS-004977,1,Open e-Tender,2022-04-16,25,7,7,0,1.0,Open e-Tender,639000.0,639000.0,-0.0712,0.048,0.8663,0.171,1,0,0,1,0.29,0.383,1
TND-004978,MPLADS-004978,1,Open e-Tender,2023-04-09,21,6,6,0,1.0,Open e-Tender,3452000.0,3452000.0,-0.0703,0.0417,0.9195,0.049,0,0,0,0,0.353,0.104,1
TND-004979,MPLADS-004979,1,Open e-Tender,2023-04-04,29,7,7,0,1.0,Open e-Tender,588000.0,588000.0,-0.0329,0.0113,0.8622,0.249,0,0,0,0,0.674,0.296,1
TND-004980,MPLADS-004980,1,Open e-Tender,2023-12-07,20,4,3,0,0.667,Open e-Tender,577000.0,577000.0,-0.0286,0.0278,0.8606,0.247,0,0,0,0,0.665,0.496,1
TND-004981,MPLADS-004981,1,Open e-Tender,2022-05-23,23,3,3,0,0.5,Open e-Tender,10803000.0,10803000.0,-0.0233,0.021,0.885,0.031,1,0,0,0,0.602,0.3,1
TND-004982,MPLADS-004982,1,Open e-Tender,2023-02-05,14,4,4,0,0.667,Open e-Tender,1945000.0,1945000.0,-0.0381,0.0478,0.8948,0.001,0,0,0,0,0.362,0.356,1
TND-004983,MPLADS-004983,1,Open e-Tender,2022-06-21,18,7,6,0,1.0,Open e-Tender,999000.0,999000.0,-0.0282,0.0069,0.979,0.087,1,0,0,0,0.449,0.162,1
TND-004984,MPLADS-004984,1,Open e-Tender,2022-06-16,14,5,4,0,0.833,Open e-Tender,2410000.0,2410000.0,-0.0791,0.049,0.9532,0.186,0,0,0,1,0.251,0.478,1
TND-004985,MPLADS-004985,1,Open e-Tender,2023-04-28,16,6,5,0,1.0,Open e-Tender,1157000.0,1157000.0,-0.0788,0.0207,0.8691,0.192,1,0,0,0,0.113,0.163,1
TND-004986,MPLADS-004986,1,Open e-Tender,2022-08-31,18,6,6,0,1.0,Open e-Tender,560000.0,560000.0,-0.0789,0.0422,0.9297,0.17,0,0,0,1,0.61,0.185,1
TND-004987,MPLADS-004987,1,Open e-Tender,2023-03-03,26,3,2,0,0.5,Open e-Tender,2126000.0,2126000.0,-0.0358,0.0082,0.9468,0.235,0,0,0,0,0.454,0.459,1
TND-004988,MPLADS-004988,1,Open e-Tender,2023-09-11,20,4,4,0,0.667,Open e-Tender,1996000.0,1996000.0,0.005,0.0262,0.9522,0.094,1,0,0,0,0.287,0.406,1
TND-004989,MPLADS-004989,1,Open e-Tender,2022-08-18,20,3,3,0,0.5,Open e-Tender,1572000.0,1572000.0,-0.0564,0.0231,0.9761,0.222,0,0,0,0,0.669,0.499,1
TND-004990,MPLADS-004990,1,Open e-Tender,2022-07-23,16,5,4,0,0.833,Open e-Tender,1827000.0,1827000.0,-0.0582,0.0212,0.8966,0.036,1,0,0,0,0.451,0.102,1
TND-004991,MPLADS-004991,1,Open e-Tender,2022-08-16,25,7,7,0,1.0,Open e-Tender,2373000.0,2373000.0,0.0198,0.0289,0.9173,0.063,1,0,0,1,0.148,0.137,1
TND-004992,MPLADS-004992,1,Open e-Tender,2022-05-21,25,4,4,0,0.667,Open e-Tender,716000.0,716000.0,0.017,0.0413,0.9649,0.078,0,0,0,0,0.518,0.204,1
TND-004993,MPLADS-004993,1,Open e-Tender,2022-10-04,27,3,3,0,0.5,Open e-Tender,2650000.0,2650000.0,-0.0163,0.0476,0.8966,0.043,0,0,0,1,0.488,0.356,1
TND-004994,MPLADS-004994,1,Open e-Tender,2022-08-09,24,4,3,0,0.667,Open e-Tender,798000.0,798000.0,-0.0112,0.0175,0.9877,0.153,0,0,0,0,0.741,0.29,1
TND-004995,MPLADS-004995,1,Open e-Tender,2022-01-30,21,7,6,0,1.0,Open e-Tender,3778000.0,3778000.0,-0.0538,0.0236,0.8784,0.034,0,0,0,0,0.233,0.28,1
TND-004996,MPLADS-004996,1,Open e-Tender,2022-07-15,26,3,2,0,0.5,Open e-Tender,2122000.0,2122000.0,0.0076,0.0383,0.9058,0.023,0,0,0,0,0.644,0.306,1
TND-004997,MPLADS-004997,1,Open e-Tender,2022-11-20,25,7,7,0,1.0,Open e-Tender,1739000.0,1739000.0,-0.0691,0.0385,0.8772,0.224,0,0,0,0,0.277,0.248,1
TND-004998,MPLADS-004998,1,Open e-Tender,2022-03-31,20,4,4,0,0.667,Open e-Tender,1233000.0,1233000.0,-0.0743,0.0468,0.9681,0.031,0,0,0,0,0.684,0.286,1
TND-004999,MPLADS-004999,1,Open e-Tender,2023-12-04,25,3,2,0,0.5,Open e-Tender,3067000.0,3067000.0,-0.0132,0.0385,0.8828,0.244,0,0,0,0,0.576,0.409,1
TND-005000,MPLADS-005000,1,Open e-Tender,2022-01-23,18,6,5,0,1.0,Open e-Tender,2056000.0,2056000.0,-0.0223,0.0452,0.9774,0.231,0,0,0,0,0.502,0.171,1
