project_id,contract_id,work_order_amount,cost_variation_ratio
MPLADS-000001,CNT-000001,439790.06,0.9495
MPLADS-000002,CNT-000002,965783.73,0.7962
MPLADS-000003,CNT-000003,2483284.86,0.7084
MPLADS-000004,CNT-000004,574825.66,0.7659
MPLADS-000005,CNT-000005,893236.9,0.9129
MPLADS-000006,CNT-000006,206867.9,0.6614
MPLADS-000007,CNT-000007,781495.03,0.9043
MPLADS-000008,CNT-000008,2734977.59,1.37
MPLADS-000009,CNT-000009,2149073.23,0.7673
MPLADS-000010,CNT-000010,2413664.53,0.7217
MPLADS-000011,CNT-000011,962867.36,0.9708
MPLADS-000012,CNT-000012,2276334.51,0.9807
MPLADS-000013,CNT-000013,1758637.2,0.94
MPLADS-000014,CNT-000014,543622.15,0.7818
MPLADS-000015,CNT-000015,461840.58,0.9539
MPLADS-000016,CNT-000016,1812999.32,0.9182
MPLADS-000017,CNT-000017,390767.83,0.8166
MPLADS-000018,CNT-000018,501964.43,0.6976
MPLADS-000019,CNT-000019,209191.19,0.6975
MPLADS-000020,CNT-000020,1391791.7,0.6131
MPLADS-000021,CNT-000021,2437389.03,0.7566
MPLADS-000022,CNT-000022,2739911.9,0.94
MPLADS-000023,CNT-000023,3127412.6,0.71
MPLADS-000024,CNT-000024,1881246.57,0.6842
MPLADS-000025,CNT-000025,9308369.56,0.611
MPLADS-000026,CNT-000026,554757.16,0.7523
MPLADS-000027,CNT-000027,3952625.78,0.6932
MPLADS-000028,CNT-000028,814253.13,0.7005
MPLADS-000029,CNT-000029,2632737.79,0.7567
MPLADS-000030,CNT-000030,549200.78,0.8904
MPLADS-000031,CNT-000031,1026541.04,0.685
MPLADS-000032,CNT-000032,525988.9,0.6908
MPLADS-000033,CNT-000033,1021123.93,0.6921
MPLADS-000034,CNT-000034,2698535.19,0.7376
MPLADS-000035,CNT-000035,198128.0,0.9461
MPLADS-000036,CNT-000036,515735.92,0.9345
MPLADS-000037,CNT-000037,514629.01,0.9303
MPLADS-000038,CNT-000038,7721784.0,0.6182
MPLADS-000039,CNT-000039,1539215.32,1.3345
MPLADS-000040,CNT-000040,1280573.51,0.9856
MPLADS-000041,CNT-000041,1026061.57,0.8337
MPLADS-000042,CNT-000042,3715303.73,0.6244
MPLADS-000043,CNT-000043,2440403.77,0.736
MPLADS-000044,CNT-000044,3119163.08,0.7401
MPLADS-000045,CNT-000045,3032432.9,0.7346
MPLADS-000046,CNT-000046,3793512.19,1.2802
MPLADS-000047,CNT-000047,213334.73,0.94
MPLADS-000048,CNT-000048,2310588.14,0.94
MPLADS-000049,CNT-000049,2825396.97,0.9899
MPLADS-000050,CNT-000050,4018701.2,0.9252
MPLADS-000051,CNT-000051,754235.7,0.7465
MPLADS-000052,CNT-000052,893778.1,0.94
MPLADS-000053,CNT-000053,2346427.83,0.7127
MPLADS-000054,CNT-000054,187807.42,0.93
MPLADS-000055,CNT-000055,2853799.72,0.7642
MPLADS-000056,CNT-000056,249489.06,0.6829
MPLADS-000057,CNT-000057,551673.48,0.7373
MPLADS-000058,CNT-000058,779767.83,0.6479
MPLADS-000059,CNT-000059,400716.17,0.6123
MPLADS-000060,CNT-000060,7176301.15,0.6553
MPLADS-000061,CNT-000061,773641.5,0.7295
MPLADS-000062,CNT-000062,1536654.65,0.6417
MPLADS-000063,CNT-000063,847156.54,0.6238
MPLADS-000064,CNT-000064,3915722.63,0.7634
MPLADS-000065,CNT-000065,459626.09,0.8733
MPLADS-000066,CNT-000066,2614280.57,0.94
MPLADS-000067,CNT-000067,557279.88,0.6643
MPLADS-000068,CNT-000068,393691.77,1.0
MPLADS-000069,CNT-000069,2499233.7,0.8571
MPLADS-000070,CNT-000070,3743364.26,0.8805
MPLADS-000071,CNT-000071,754987.63,0.9162
MPLADS-000072,CNT-000072,3195715.48,0.7933
MPLADS-000073,CNT-000073,1703741.33,0.6648
MPLADS-000074,CNT-000074,1074634.18,0.7859
MPLADS-000075,CNT-000075,1218017.81,0.983
MPLADS-000076,CNT-000076,2579013.99,0.94
MPLADS-000077,CNT-000077,193807.24,0.911
MPLADS-000078,CNT-000078,1919268.63,0.7457
MPLADS-000079,CNT-000079,2619454.13,0.8393
MPLADS-000080,CNT-000080,5288484.81,0.6091
MPLADS-000081,CNT-000081,2491324.56,0.9346
MPLADS-000082,CNT-000082,2857468.27,0.6688
MPLADS-000083,CNT-000083,243174.62,0.979
MPLADS-000084,CNT-000084,431991.43,0.6904
MPLADS-000085,CNT-000085,735125.99,0.979
MPLADS-000086,CNT-000086,2900977.91,0.659
MPLADS-000087,CNT-000087,478803.97,1.0
MPLADS-000088,CNT-000088,2605954.46,0.7545
MPLADS-000089,CNT-000089,3522682.93,0.8893
MPLADS-000090,CNT-000090,3656218.11,0.6363
MPLADS-000091,CNT-000091,2566754.42,0.6276
MPLADS-000092,CNT-000092,1088518.61,0.7683
MPLADS-000093,CNT-000093,208048.8,0.74
MPLADS-000094,CNT-000094,792618.14,1.0
MPLADS-000095,CNT-000095,431805.17,1.2215
MPLADS-000096,CNT-000096,442184.45,0.867
MPLADS-000097,CNT-000097,512025.1,0.774
MPLADS-000098,CNT-000098,862214.19,0.8248
MPLADS-000099,CNT-000099,2244816.21,0.7643
MPLADS-000100,CNT-000100,3828244.8,0.8912
MPLADS-000101,CNT-000101,2810169.02,0.7658
MPLADS-000102,CNT-000102,825520.34,1.0
MPLADS-000103,CNT-000103,233997.85,0.7423
MPLADS-000104,CNT-000104,843602.6,0.94
MPLADS-000105,CNT-000105,3621395.01,0.7999
MPLADS-000106,CNT-000106,735583.49,0.7183
MPLADS-000107,CNT-000107,709880.34,0.6806
MPLADS-000108,CNT-000108,1981856.03,0.9111
MPLADS-000109,CNT-000109,1670450.9,0.96
MPLADS-000110,CNT-000110,1015617.81,0.8017
MPLADS-000111,CNT-000111,436095.14,0.8456
MPLADS-000112,CNT-000112,2655891.81,0.6388
MPLADS-000113,CNT-000113,839170.76,0.7906
MPLADS-000114,CNT-000114,660644.76,0.6304
MPLADS-000115,CNT-000115,813210.4,0.9404
MPLADS-000116,CNT-000116,210163.61,0.9963
MPLADS-000117,CNT-000117,2420176.57,0.7991
MPLADS-000118,CNT-000118,3685209.93,0.94
MPLADS-000119,CNT-000119,1191090.9,0.7752
MPLADS-000120,CNT-000120,463352.41,0.9266
MPLADS-000121,CNT-000121,3985217.97,0.9839
MPLADS-000122,CNT-000122,2557615.15,0.9072
MPLADS-000123,CNT-000123,1105277.94,0.6158
MPLADS-000124,CNT-000124,564168.56,0.7799
MPLADS-000125,CNT-000125,940751.99,0.7508
MPLADS-000126,CNT-000126,2204118.3,0.8777
MPLADS-000127,CNT-000127,563988.55,0.8043
MPLADS-000128,CNT-000128,1670286.0,0.8638
MPLADS-000129,CNT-000129,2412271.03,0.7605
MPLADS-000130,CNT-000130,1870226.18,0.8739
MPLADS-000131,CNT-000131,1556105.17,0.6704
MPLADS-000132,CNT-000132,448876.09,1.0
MPLADS-000133,CNT-000133,2587376.01,0.9131
MPLADS-000134,CNT-000134,2129176.65,0.94
MPLADS-000135,CNT-000135,464897.17,0.8892
MPLADS-000136,CNT-000136,768105.42,0.6309
MPLADS-000137,CNT-000137,2480229.35,0.8307
MPLADS-000138,CNT-000138,3956390.03,0.6975
MPLADS-000139,CNT-000139,1025273.25,0.7957
MPLADS-000140,CNT-000140,487432.26,0.6579
MPLADS-000141,CNT-000141,2848649.51,0.7359
MPLADS-000142,CNT-000142,236160.73,0.6819
MPLADS-000143,CNT-000143,3898536.0,0.94
MPLADS-000144,CNT-000144,3150233.7,0.9697
MPLADS-000145,CNT-000145,2292512.34,0.9866
MPLADS-000146,CNT-000146,3613288.63,0.8001
MPLADS-000147,CNT-000147,212600.31,0.7154
MPLADS-000148,CNT-000148,2481295.02,0.7166
MPLADS-000149,CNT-000149,845482.96,0.7582
MPLADS-000150,CNT-000150,957841.36,1.0
MPLADS-000151,CNT-000151,3233250.56,0.8444
MPLADS-000152,CNT-000152,1543908.45,0.7304
MPLADS-000153,CNT-000153,205931.42,0.9554
MPLADS-000154,CNT-000154,454290.32,0.94
MPLADS-000155,CNT-000155,721286.48,0.7629
MPLADS-000156,CNT-000156,3924750.36,0.7941
MPLADS-000157,CNT-000157,2779732.23,1.3269
MPLADS-000158,CNT-000158,239746.45,0.8555
MPLADS-000159,CNT-000159,2324831.99,0.9913
MPLADS-000160,CNT-000160,548971.05,0.7107
MPLADS-000161,CNT-000161,433951.87,0.6847
MPLADS-000162,CNT-000162,1604415.6,0.8735
MPLADS-000163,CNT-000163,1030775.54,0.9233
MPLADS-000164,CNT-000164,1040113.47,0.6632
MPLADS-000165,CNT-000165,504762.43,0.6127
MPLADS-000166,CNT-000166,441769.66,0.9409
MPLADS-000167,CNT-000167,1684733.84,0.7736
MPLADS-000168,CNT-000168,1736904.14,0.9727
MPLADS-000169,CNT-000169,244411.36,0.886
MPLADS-000170,CNT-000170,3099238.99,1.4405
MPLADS-000171,CNT-000171,1115483.86,0.9718
MPLADS-000172,CNT-000172,6672119.45,0.8206
MPLADS-000173,CNT-000173,7953397.31,0.7653
MPLADS-000174,CNT-000174,1195497.92,0.8833
MPLADS-000175,CNT-000175,923032.0,1.4014
MPLADS-000176,CNT-000176,494457.44,0.7926
MPLADS-000177,CNT-000177,446664.35,0.7937
MPLADS-000178,CNT-000178,1327859.59,0.9173
MPLADS-000179,CNT-000179,1236571.15,0.94
MPLADS-000180,CNT-000180,2580373.76,0.7354
MPLADS-000181,CNT-000181,197474.22,0.8974
MPLADS-000182,CNT-000182,734547.88,0.9979
MPLADS-000183,CNT-000183,2608062.39,0.8728
MPLADS-000184,CNT-000184,860562.06,0.804
MPLADS-000185,CNT-000185,9435150.6,0.6257
MPLADS-000186,CNT-000186,13673221.78,0.6079
MPLADS-000187,CNT-000187,397886.39,0.6143
MPLADS-000188,CNT-000188,1976777.29,0.9095
MPLADS-000189,CNT-000189,4116237.84,0.749
MPLADS-000190,CNT-000190,199591.8,0.9504
MPLADS-000191,CNT-000191,3628466.19,0.8104
MPLADS-000192,CNT-000192,444021.71,0.7236
MPLADS-000193,CNT-000193,399234.12,0.6572
MPLADS-000194,CNT-000194,1723101.62,0.8941
MPLADS-000195,CNT-000195,228871.89,0.8898
MPLADS-000196,CNT-000196,2736752.21,0.9694
MPLADS-000197,CNT-000197,2036325.93,0.6376
MPLADS-000198,CNT-000198,510952.45,0.67
MPLADS-000199,CNT-000199,3158070.85,0.9503
MPLADS-000200,CNT-000200,506022.72,0.7937
MPLADS-000201,CNT-000201,502025.11,0.923
MPLADS-000202,CNT-000202,497186.02,0.7661
MPLADS-000203,CNT-000203,733317.72,0.7846
MPLADS-000204,CNT-000204,3851280.55,0.6449
MPLADS-000205,CNT-000205,974574.94,0.712
MPLADS-000206,CNT-000206,13351942.63,0.9609
MPLADS-000207,CNT-000207,192850.96,0.9114
MPLADS-000208,CNT-000208,506226.11,0.726
MPLADS-000209,CNT-000209,2414550.76,0.6395
MPLADS-000210,CNT-000210,1297965.49,0.627
MPLADS-000211,CNT-000211,1347613.13,0.8649
MPLADS-000212,CNT-000212,2853481.03,0.902
MPLADS-000213,CNT-000213,777621.48,0.6164
MPLADS-000214,CNT-000214,507804.89,1.3831
MPLADS-000215,CNT-000215,501273.1,0.8291
MPLADS-000216,CNT-000216,1142390.52,0.7208
MPLADS-000217,CNT-000217,1336033.71,0.8037
MPLADS-000218,CNT-000218,1547134.73,0.726
MPLADS-000219,CNT-000219,3849370.48,0.7323
MPLADS-000220,CNT-000220,836400.95,0.8403
MPLADS-000221,CNT-000221,2520478.35,0.7926
MPLADS-000222,CNT-000222,462934.58,0.6834
MPLADS-000223,CNT-000223,2806610.35,0.9923
MPLADS-000224,CNT-000224,431425.19,0.69
MPLADS-000225,CNT-000225,192283.32,0.94
MPLADS-000226,CNT-000226,451167.6,0.6469
MPLADS-000227,CNT-000227,1311950.08,0.9656
MPLADS-000228,CNT-000228,2157607.22,0.9764
MPLADS-000229,CNT-000229,911804.54,0.93
MPLADS-000230,CNT-000230,1028125.87,0.9285
MPLADS-000231,CNT-000231,1540353.37,0.7226
MPLADS-000232,CNT-000232,3596032.4,1.4308
MPLADS-000233,CNT-000233,491015.17,0.7649
MPLADS-000234,CNT-000234,10999846.15,0.9421
MPLADS-000235,CNT-000235,1111194.63,0.7946
MPLADS-000236,CNT-000236,423027.08,0.7305
MPLADS-000237,CNT-000237,4061138.32,0.7053
MPLADS-000238,CNT-000238,2929725.59,0.6663
MPLADS-000239,CNT-000239,212907.07,0.7977
MPLADS-000240,CNT-000240,1340761.37,0.7816
MPLADS-000241,CNT-000241,790585.83,0.7637
MPLADS-000242,CNT-000242,850600.47,0.6428
MPLADS-000243,CNT-000243,1573762.03,0.8608
MPLADS-000244,CNT-000244,190608.48,0.94
MPLADS-000245,CNT-000245,459102.47,0.8573
MPLADS-000246,CNT-000246,561714.72,0.652
MPLADS-000247,CNT-000247,882886.05,0.9963
MPLADS-000248,CNT-000248,1140479.21,0.8573
MPLADS-000249,CNT-000249,3480678.27,1.2929
MPLADS-000250,CNT-000250,2683331.53,0.6359
MPLADS-000251,CNT-000251,3021582.45,0.6718
MPLADS-000252,CNT-000252,1911867.45,0.6158
MPLADS-000253,CNT-000253,3017881.27,0.8609
MPLADS-000254,CNT-000254,2463258.62,0.6763
MPLADS-000255,CNT-000255,398129.09,0.6389
MPLADS-000256,CNT-000256,2774854.53,0.7424
MPLADS-000257,CNT-000257,1541067.19,1.3095
MPLADS-000258,CNT-000258,877495.28,0.9565
MPLADS-000259,CNT-000259,3038208.12,0.6589
MPLADS-000260,CNT-000260,196164.23,0.6791
MPLADS-000261,CNT-000261,2068607.02,0.9881
MPLADS-000262,CNT-000262,1688745.21,0.9398
MPLADS-000263,CNT-000263,13125679.0,0.9489
MPLADS-000264,CNT-000264,2335730.0,1.0
MPLADS-000265,CNT-000265,778250.52,0.8815
MPLADS-000266,CNT-000266,1707699.27,0.6942
MPLADS-000267,CNT-000267,793599.0,0.6851
MPLADS-000268,CNT-000268,1057610.93,0.6909
MPLADS-000269,CNT-000269,6584841.71,0.9217
MPLADS-000270,CNT-000270,2589784.35,0.6666
MPLADS-000271,CNT-000271,1825857.11,0.8607
MPLADS-000272,CNT-000272,1030691.72,0.7624
MPLADS-000273,CNT-000273,189706.24,0.8463
MPLADS-000274,CNT-000274,1004672.35,0.8882
MPLADS-000275,CNT-000275,1137289.3,1.4004
MPLADS-000276,CNT-000276,2676785.54,0.8209
MPLADS-000277,CNT-000277,5864881.51,0.719
MPLADS-000278,CNT-000278,5753777.64,0.9109
MPLADS-000279,CNT-000279,563705.68,0.804
MPLADS-000280,CNT-000280,764530.03,1.0
MPLADS-000281,CNT-000281,239599.92,0.8026
MPLADS-000282,CNT-000282,848220.72,0.8324
MPLADS-000283,CNT-000283,1810436.31,0.8507
MPLADS-000284,CNT-000284,1339043.3,0.9904
MPLADS-000285,CNT-000285,479000.83,1.0
MPLADS-000286,CNT-000286,642923.06,0.7245
MPLADS-000287,CNT-000287,863127.36,0.6766
MPLADS-000288,CNT-000288,2269060.16,0.7292
MPLADS-000289,CNT-000289,951534.94,0.7856
MPLADS-000290,CNT-000290,482516.52,0.6182
MPLADS-000291,CNT-000291,1219654.04,0.7247
MPLADS-000292,CNT-000292,1923562.3,0.7102
MPLADS-000293,CNT-000293,8784116.9,0.8254
MPLADS-000294,CNT-000294,228779.98,0.878
MPLADS-000295,CNT-000295,455639.83,0.992
MPLADS-000296,CNT-000296,3002802.28,0.9218
MPLADS-000297,CNT-000297,476046.99,0.7562
MPLADS-000298,CNT-000298,1199892.13,0.7164
MPLADS-000299,CNT-000299,1748436.25,0.6873
MPLADS-000300,CNT-000300,724285.91,0.6609
MPLADS-000301,CNT-000301,2453717.75,0.6537
MPLADS-000302,CNT-000302,803992.04,0.9857
MPLADS-000303,CNT-000303,670346.01,0.7289
MPLADS-000304,CNT-000304,547161.54,0.6761
MPLADS-000305,CNT-000305,1384115.0,0.9877
MPLADS-000306,CNT-000306,426754.28,0.9145
MPLADS-000307,CNT-000307,3690592.93,1.0
MPLADS-000308,CNT-000308,939674.4,0.9686
MPLADS-000309,CNT-000309,440872.08,0.9928
MPLADS-000310,CNT-000310,3120018.84,1.3679
MPLADS-000311,CNT-000311,2707208.27,0.6293
MPLADS-000312,CNT-000312,1142952.27,0.9743
MPLADS-000313,CNT-000313,211658.24,0.9288
MPLADS-000314,CNT-000314,1077921.17,0.7469
MPLADS-000315,CNT-000315,8637312.21,0.712
MPLADS-000316,CNT-000316,1627528.3,0.8205
MPLADS-000317,CNT-000317,3740072.53,0.9728
MPLADS-000318,CNT-000318,1005937.0,0.8583
MPLADS-000319,CNT-000319,3462106.55,0.6278
MPLADS-000320,CNT-000320,1393500.42,0.9273
MPLADS-000321,CNT-000321,1717328.96,0.9205
MPLADS-000322,CNT-000322,3337213.86,0.668
MPLADS-000323,CNT-000323,2813710.39,0.7147
MPLADS-000324,CNT-000324,449017.92,0.787
MPLADS-000325,CNT-000325,423684.11,0.6082
MPLADS-000326,CNT-000326,3205552.61,0.7468
MPLADS-000327,CNT-000327,501251.94,0.7589
MPLADS-000328,CNT-000328,228227.23,0.8025
MPLADS-000329,CNT-000329,3176462.42,0.6435
MPLADS-000330,CNT-000330,713648.66,0.9686
MPLADS-000331,CNT-000331,2981032.29,0.7996
MPLADS-000332,CNT-000332,1368184.18,0.907
MPLADS-000333,CNT-000333,545514.99,1.0
MPLADS-000334,CNT-000334,469180.24,0.8232
MPLADS-000335,CNT-000335,467749.72,0.8231
MPLADS-000336,CNT-000336,434578.34,0.9557
MPLADS-000337,CNT-000337,1025524.53,0.6646
MPLADS-000338,CNT-000338,770803.87,0.9466
MPLADS-000339,CNT-000339,3093214.07,0.9652
MPLADS-000340,CNT-000340,246386.18,0.71
MPLADS-000341,CNT-000341,2605101.19,0.882
MPLADS-000342,CNT-000342,2286240.08,0.6606
MPLADS-000343,CNT-000343,3483397.69,0.7029
MPLADS-000344,CNT-000344,469351.6,0.9
MPLADS-000345,CNT-000345,3812441.98,0.6237
MPLADS-000346,CNT-000346,222404.02,0.7277
MPLADS-000347,CNT-000347,2562545.31,0.6511
MPLADS-000348,CNT-000348,899503.37,0.94
MPLADS-000349,CNT-000349,458345.71,0.7094
MPLADS-000350,CNT-000350,773080.96,0.8429
MPLADS-000351,CNT-000351,2010686.73,0.781
MPLADS-000352,CNT-000352,1121828.56,0.9611
MPLADS-000353,CNT-000353,492486.27,0.7521
MPLADS-000354,CNT-000354,2764986.24,0.9295
MPLADS-000355,CNT-000355,8384236.29,0.6685
MPLADS-000356,CNT-000356,2393603.11,0.9153
MPLADS-000357,CNT-000357,1535030.37,0.9534
MPLADS-000358,CNT-000358,1869957.2,0.7702
MPLADS-000359,CNT-000359,2579578.35,0.8542
MPLADS-000360,CNT-000360,1181119.38,0.7993
MPLADS-000361,CNT-000361,3316084.09,0.9417
MPLADS-000362,CNT-000362,3164040.37,0.9486
MPLADS-000363,CNT-000363,678287.03,0.9449
MPLADS-000364,CNT-000364,252857.4,0.8062
MPLADS-000365,CNT-000365,13970276.22,0.8714
MPLADS-000366,CNT-000366,848113.06,0.8598
MPLADS-000367,CNT-000367,3211982.93,0.7326
MPLADS-000368,CNT-000368,2000055.7,0.6867
MPLADS-000369,CNT-000369,404362.14,0.8093
MPLADS-000370,CNT-000370,3955641.96,0.6118
MPLADS-000371,CNT-000371,683774.46,0.8072
MPLADS-000372,CNT-000372,252689.67,0.6295
MPLADS-000373,CNT-000373,2161537.57,1.4038
MPLADS-000374,CNT-000374,675062.02,0.9876
MPLADS-000375,CNT-000375,492158.38,1.3388
MPLADS-000376,CNT-000376,5006180.54,0.9455
MPLADS-000377,CNT-000377,2914102.54,0.94
MPLADS-000378,CNT-000378,1866301.25,0.6147
MPLADS-000379,CNT-000379,221009.58,0.914
MPLADS-000380,CNT-000380,3777076.58,0.8135
MPLADS-000381,CNT-000381,2831220.37,0.7517
MPLADS-000382,CNT-000382,2298259.88,0.7204
MPLADS-000383,CNT-000383,799074.94,0.8481
MPLADS-000384,CNT-000384,2967477.67,0.8007
MPLADS-000385,CNT-000385,2016691.19,0.9947
MPLADS-000386,CNT-000386,2408893.55,0.6438
MPLADS-000387,CNT-000387,8931201.88,0.7288
MPLADS-000388,CNT-000388,7552050.41,0.7341
MPLADS-000389,CNT-000389,755236.87,0.6008
MPLADS-000390,CNT-000390,1683949.82,0.8117
MPLADS-000391,CNT-000391,242042.42,0.7778
MPLADS-000392,CNT-000392,2762695.9,0.8671
MPLADS-000393,CNT-000393,821799.48,0.6448
MPLADS-000394,CNT-000394,521717.16,0.6216
MPLADS-000395,CNT-000395,2174378.01,0.94
MPLADS-000396,CNT-000396,1231028.43,0.7162
MPLADS-000397,CNT-000397,8926499.85,0.6056
MPLADS-000398,CNT-000398,3175182.51,0.8223
MPLADS-000399,CNT-000399,3051075.7,0.7336
MPLADS-000400,CNT-000400,1762822.21,0.7574
MPLADS-000401,CNT-000401,451935.86,0.94
MPLADS-000402,CNT-000402,678602.52,0.8914
MPLADS-000403,CNT-000403,3005871.46,0.8401
MPLADS-000404,CNT-000404,245826.98,1.0
MPLADS-000405,CNT-000405,208564.18,0.616
MPLADS-000406,CNT-000406,2870227.88,0.8996
MPLADS-000407,CNT-000407,971652.52,0.8069
MPLADS-000408,CNT-000408,1989060.0,0.9409
MPLADS-000409,CNT-000409,1098062.01,0.8864
MPLADS-000410,CNT-000410,2706735.36,0.8464
MPLADS-000411,CNT-000411,483570.83,0.94
MPLADS-000412,CNT-000412,971700.04,0.8068
MPLADS-000413,CNT-000413,719619.58,0.8344
MPLADS-000414,CNT-000414,1144952.42,0.7916
MPLADS-000415,CNT-000415,1559626.94,0.6317
MPLADS-000416,CNT-000416,3432230.11,0.8332
MPLADS-000417,CNT-000417,3300794.87,0.9295
MPLADS-000418,CNT-000418,526474.67,0.6798
MPLADS-000419,CNT-000419,2007764.77,0.8392
MPLADS-000420,CNT-000420,473916.83,0.9281
MPLADS-000421,CNT-000421,3904123.51,1.2524
MPLADS-000422,CNT-000422,3047470.0,0.7833
MPLADS-000423,CNT-000423,6610198.5,0.7378
MPLADS-000424,CNT-000424,2517169.0,0.9383
MPLADS-000425,CNT-000425,1073508.28,0.7342
MPLADS-000426,CNT-000426,1037147.6,1.4328
MPLADS-000427,CNT-000427,828780.8,1.2433
MPLADS-000428,CNT-000428,731730.67,1.2818
MPLADS-000429,CNT-000429,2962252.35,0.8579
MPLADS-000430,CNT-000430,1124112.83,0.9823
MPLADS-000431,CNT-000431,3236463.59,0.6646
MPLADS-000432,CNT-000432,2629848.31,0.9253
MPLADS-000433,CNT-000433,862173.24,0.9744
MPLADS-000434,CNT-000434,1940192.87,0.7481
MPLADS-000435,CNT-000435,498288.11,0.6614
MPLADS-000436,CNT-000436,1145052.4,0.9793
MPLADS-000437,CNT-000437,1261810.66,0.8385
MPLADS-000438,CNT-000438,2750187.79,0.6623
MPLADS-000439,CNT-000439,1056657.53,0.9543
MPLADS-000440,CNT-000440,3598127.01,0.9833
MPLADS-000441,CNT-000441,461098.06,0.839
MPLADS-000442,CNT-000442,1877472.88,0.8447
MPLADS-000443,CNT-000443,3485436.86,0.9668
MPLADS-000444,CNT-000444,1792474.58,0.987
MPLADS-000445,CNT-000445,2513858.95,0.7774
MPLADS-000446,CNT-000446,800084.94,0.7239
MPLADS-000447,CNT-000447,645363.52,0.837
MPLADS-000448,CNT-000448,463613.11,0.7227
MPLADS-000449,CNT-000449,711896.96,0.7174
MPLADS-000450,CNT-000450,640090.8,0.6354
MPLADS-000451,CNT-000451,725296.43,0.6741
MPLADS-000452,CNT-000452,406255.5,0.9464
MPLADS-000453,CNT-000453,3159426.3,0.9741
MPLADS-000454,CNT-000454,1926506.17,0.8767
MPLADS-000455,CNT-000455,3798074.23,0.6853
MPLADS-000456,CNT-000456,2306445.22,0.932
MPLADS-000457,CNT-000457,390249.92,0.6883
MPLADS-000458,CNT-000458,676462.01,0.7967
MPLADS-000459,CNT-000459,1981068.79,0.9596
MPLADS-000460,CNT-000460,430999.44,0.8206
MPLADS-000461,CNT-000461,2579445.7,0.7919
MPLADS-000462,CNT-000462,528699.37,0.9093
MPLADS-000463,CNT-000463,202613.25,0.9641
MPLADS-000464,CNT-000464,848386.98,0.9992
MPLADS-000465,CNT-000465,413919.78,0.8576
MPLADS-000466,CNT-000466,801940.46,0.6681
MPLADS-000467,CNT-000467,1026754.0,0.656
MPLADS-000468,CNT-000468,1600384.42,0.6234
MPLADS-000469,CNT-000469,7437356.22,0.7933
MPLADS-000470,CNT-000470,2734379.01,0.94
MPLADS-000471,CNT-000471,828904.32,0.9143
MPLADS-000472,CNT-000472,940536.71,0.7189
MPLADS-000473,CNT-000473,1952008.98,0.7166
MPLADS-000474,CNT-000474,2592872.76,0.9985
MPLADS-000475,CNT-000475,234598.25,0.9097
MPLADS-000476,CNT-000476,717582.84,0.9624
MPLADS-000477,CNT-000477,2175797.68,0.6694
MPLADS-000478,CNT-000478,756682.44,0.7558
MPLADS-000479,CNT-000479,4006321.36,0.6608
MPLADS-000480,CNT-000480,801087.59,0.9011
MPLADS-000481,CNT-000481,7648375.72,0.8182
MPLADS-000482,CNT-000482,2710527.89,0.9976
MPLADS-000483,CNT-000483,438388.57,0.8757
MPLADS-000484,CNT-000484,1830766.32,0.8214
MPLADS-000485,CNT-000485,1119554.19,0.6432
MPLADS-000486,CNT-000486,8549370.09,0.7709
MPLADS-000487,CNT-000487,3165519.1,0.9717
MPLADS-000488,CNT-000488,800616.96,0.8052
MPLADS-000489,CNT-000489,2427121.79,0.6306
MPLADS-000490,CNT-000490,1359013.13,0.9177
MPLADS-000491,CNT-000491,1628135.93,0.8802
MPLADS-000492,CNT-000492,446817.11,0.6552
MPLADS-000493,CNT-000493,547758.2,0.6913
MPLADS-000494,CNT-000494,2997761.83,1.0
MPLADS-000495,CNT-000495,3047695.15,0.9551
MPLADS-000496,CNT-000496,1117704.73,0.6206
MPLADS-000497,CNT-000497,1228814.01,1.3427
MPLADS-000498,CNT-000498,442974.84,0.94
MPLADS-000499,CNT-000499,793967.04,0.6314
MPLADS-000500,CNT-000500,3663847.32,0.772
MPLADS-000501,CNT-000501,243965.73,0.8894
MPLADS-000502,CNT-000502,2365247.74,0.8586
MPLADS-000503,CNT-000503,2799592.98,0.9228
MPLADS-000504,CNT-000504,1889693.07,0.9184
MPLADS-000505,CNT-000505,3036323.03,0.94
MPLADS-000506,CNT-000506,675965.66,0.94
MPLADS-000507,CNT-000507,1033965.03,0.653
MPLADS-000508,CNT-000508,1706810.31,0.6248
MPLADS-000509,CNT-000509,456064.15,0.6253
MPLADS-000510,CNT-000510,796428.7,0.7026
MPLADS-000511,CNT-000511,1212984.22,0.6443
MPLADS-000512,CNT-000512,1261028.19,0.877
MPLADS-000513,CNT-000513,703899.59,1.3128
MPLADS-000514,CNT-000514,454409.03,0.988
MPLADS-000515,CNT-000515,3639916.84,0.8536
MPLADS-000516,CNT-000516,1030505.52,0.8063
MPLADS-000517,CNT-000517,561743.27,0.6637
MPLADS-000518,CNT-000518,2060864.03,0.7296
MPLADS-000519,CNT-000519,562679.05,0.6247
MPLADS-000520,CNT-000520,2335273.18,0.8403
MPLADS-000521,CNT-000521,191918.52,0.7645
MPLADS-000522,CNT-000522,2035346.29,0.6579
MPLADS-000523,CNT-000523,3035816.13,0.7969
MPLADS-000524,CNT-000524,3089642.64,0.7322
MPLADS-000525,CNT-000525,555203.56,0.9983
MPLADS-000526,CNT-000526,433943.71,0.94
MPLADS-000527,CNT-000527,2754689.42,0.7395
MPLADS-000528,CNT-000528,3749193.25,0.8363
MPLADS-000529,CNT-000529,189631.09,0.8872
MPLADS-000530,CNT-000530,438379.54,0.8604
MPLADS-000531,CNT-000531,805552.31,0.748
MPLADS-000532,CNT-000532,1133049.4,0.9008
MPLADS-000533,CNT-000533,1173031.43,0.9533
MPLADS-000534,CNT-000534,663408.69,0.667
MPLADS-000535,CNT-000535,1079777.0,0.791
MPLADS-000536,CNT-000536,3497370.88,0.6231
MPLADS-000537,CNT-000537,213898.26,0.9883
MPLADS-000538,CNT-000538,206461.44,0.9741
MPLADS-000539,CNT-000539,194628.34,0.874
MPLADS-000540,CNT-000540,933207.25,0.9828
MPLADS-000541,CNT-000541,501505.82,1.3293
MPLADS-000542,CNT-000542,692266.54,0.8323
MPLADS-000543,CNT-000543,763117.86,0.9097
MPLADS-000544,CNT-000544,1921503.48,0.6314
MPLADS-000545,CNT-000545,446907.9,0.8098
MPLADS-000546,CNT-000546,3825330.68,0.9425
MPLADS-000547,CNT-000547,397334.23,0.663
MPLADS-000548,CNT-000548,238951.13,0.9345
MPLADS-000549,CNT-000549,2652148.81,0.6598
MPLADS-000550,CNT-000550,964285.05,0.8077
MPLADS-000551,CNT-000551,553574.09,0.6957
MPLADS-000552,CNT-000552,214522.3,0.733
MPLADS-000553,CNT-000553,1315993.49,1.0
MPLADS-000554,CNT-000554,1315918.96,0.8639
MPLADS-000555,CNT-000555,978152.04,1.4066
MPLADS-000556,CNT-000556,229586.06,0.7256
MPLADS-000557,CNT-000557,1242199.03,0.9866
MPLADS-000558,CNT-000558,9785975.95,0.8699
MPLADS-000559,CNT-000559,2483102.13,0.6356
MPLADS-000560,CNT-000560,753624.58,0.8607
MPLADS-000561,CNT-000561,976656.81,0.9487
MPLADS-000562,CNT-000562,3468204.07,0.989
MPLADS-000563,CNT-000563,1585745.25,0.7588
MPLADS-000564,CNT-000564,2608022.61,0.8482
MPLADS-000565,CNT-000565,11635136.71,0.7772
MPLADS-000566,CNT-000566,2178916.87,0.8031
MPLADS-000567,CNT-000567,241026.19,0.8296
MPLADS-000568,CNT-000568,207483.95,0.8972
MPLADS-000569,CNT-000569,2850458.34,0.6934
MPLADS-000570,CNT-000570,452012.21,0.602
MPLADS-000571,CNT-000571,3389404.4,0.9815
MPLADS-000572,CNT-000572,1301210.57,0.7241
MPLADS-000573,CNT-000573,715252.11,0.9155
MPLADS-000574,CNT-000574,2490223.36,1.2551
MPLADS-000575,CNT-000575,446220.74,0.8727
MPLADS-000576,CNT-000576,818007.81,0.8458
MPLADS-000577,CNT-000577,3091102.46,0.7063
MPLADS-000578,CNT-000578,1533387.61,0.9724
MPLADS-000579,CNT-000579,574154.79,0.6977
MPLADS-000580,CNT-000580,3386139.68,0.8152
MPLADS-000581,CNT-000581,2022237.34,0.7464
MPLADS-000582,CNT-000582,496166.77,0.762
MPLADS-000583,CNT-000583,1999750.34,0.9397
MPLADS-000584,CNT-000584,1950923.01,0.6334
MPLADS-000585,CNT-000585,845466.62,0.7119
MPLADS-000586,CNT-000586,243791.66,0.9666
MPLADS-000587,CNT-000587,2241670.15,0.9829
MPLADS-000588,CNT-000588,711729.08,0.6914
MPLADS-000589,CNT-000589,1615639.51,1.3002
MPLADS-000590,CNT-000590,789618.65,0.8561
MPLADS-000591,CNT-000591,2870756.18,1.3112
MPLADS-000592,CNT-000592,1944359.67,0.6184
MPLADS-000593,CNT-000593,2513556.36,0.7428
MPLADS-000594,CNT-000594,1621298.74,0.9508
MPLADS-000595,CNT-000595,1107961.19,0.7117
MPLADS-000596,CNT-000596,819648.15,0.6141
MPLADS-000597,CNT-000597,1381013.07,0.731
MPLADS-000598,CNT-000598,3468272.34,0.8759
MPLADS-000599,CNT-000599,1112048.2,0.868
MPLADS-000600,CNT-000600,651740.8,0.8801
MPLADS-000601,CNT-000601,570977.73,0.8927
MPLADS-000602,CNT-000602,519738.05,0.8242
MPLADS-000603,CNT-000603,1021532.65,0.7351
MPLADS-000604,CNT-000604,12874007.81,0.7192
MPLADS-000605,CNT-000605,233344.34,0.6994
MPLADS-000606,CNT-000606,661383.12,0.6252
MPLADS-000607,CNT-000607,1824320.77,0.9814
MPLADS-000608,CNT-000608,2591798.66,0.6364
MPLADS-000609,CNT-000609,473180.28,0.6701
MPLADS-000610,CNT-000610,914355.1,0.84
MPLADS-000611,CNT-000611,2557683.1,0.773
MPLADS-000612,CNT-000612,2748749.27,1.4054
MPLADS-000613,CNT-000613,792401.72,1.3532
MPLADS-000614,CNT-000614,3993820.75,0.9911
MPLADS-000615,CNT-000615,2808371.06,0.7057
MPLADS-000616,CNT-000616,584495.02,0.7969
MPLADS-000617,CNT-000617,497388.65,0.6389
MPLADS-000618,CNT-000618,239137.91,0.6366
MPLADS-000619,CNT-000619,766256.79,0.6673
MPLADS-000620,CNT-000620,2843967.94,0.7303
MPLADS-000621,CNT-000621,2846415.5,1.2298
MPLADS-000622,CNT-000622,638401.82,0.6006
MPLADS-000623,CNT-000623,2618263.65,0.9934
MPLADS-000624,CNT-000624,212471.08,0.7954
MPLADS-000625,CNT-000625,251116.04,0.9522
MPLADS-000626,CNT-000626,222703.74,0.8411
MPLADS-000627,CNT-000627,3738995.69,0.9668
MPLADS-000628,CNT-000628,823661.18,0.8147
MPLADS-000629,CNT-000629,3324308.15,1.0
MPLADS-000630,CNT-000630,557897.72,0.6728
MPLADS-000631,CNT-000631,1045458.04,0.6861
MPLADS-000632,CNT-000632,2782984.2,0.6177
MPLADS-000633,CNT-000633,2685253.96,0.9042
MPLADS-000634,CNT-000634,455357.61,0.6507
MPLADS-000635,CNT-000635,831894.52,0.6769
MPLADS-000636,CNT-000636,450726.47,1.2902
MPLADS-000637,CNT-000637,826617.28,0.878
MPLADS-000638,CNT-000638,841244.36,0.7254
MPLADS-000639,CNT-000639,902576.27,1.396
MPLADS-000640,CNT-000640,227681.38,1.3514
MPLADS-000641,CNT-000641,512979.57,0.6276
MPLADS-000642,CNT-000642,3998509.67,0.9477
MPLADS-000643,CNT-000643,861583.81,0.7458
MPLADS-000644,CNT-000644,1350606.01,0.9627
MPLADS-000645,CNT-000645,447809.26,0.9971
MPLADS-000646,CNT-000646,703613.02,0.8939
MPLADS-000647,CNT-000647,2439875.19,0.8082
MPLADS-000648,CNT-000648,1333997.6,0.6938
MPLADS-000649,CNT-000649,509957.89,0.6328
MPLADS-000650,CNT-000650,1562737.51,0.7554
MPLADS-000651,CNT-000651,2335391.67,0.6374
MPLADS-000652,CNT-000652,772181.63,0.94
MPLADS-000653,CNT-000653,404675.29,0.9674
MPLADS-000654,CNT-000654,1686571.33,0.9859
MPLADS-000655,CNT-000655,235436.29,0.665
MPLADS-000656,CNT-000656,449380.22,0.664
MPLADS-000657,CNT-000657,2376017.58,0.6941
MPLADS-000658,CNT-000658,558622.1,0.9271
MPLADS-000659,CNT-000659,1697740.53,0.8008
MPLADS-000660,CNT-000660,1988181.43,0.6971
MPLADS-000661,CNT-000661,226642.41,0.6809
MPLADS-000662,CNT-000662,494413.8,0.8211
MPLADS-000663,CNT-000663,473681.24,0.9383
MPLADS-000664,CNT-000664,234923.4,0.9115
MPLADS-000665,CNT-000665,829181.31,0.7042
MPLADS-000666,CNT-000666,745421.05,0.603
MPLADS-000667,CNT-000667,206580.26,0.7469
MPLADS-000668,CNT-000668,1668255.77,0.7791
MPLADS-000669,CNT-000669,1985486.7,0.9969
MPLADS-000670,CNT-000670,1973360.11,0.8
MPLADS-000671,CNT-000671,923819.89,0.7362
MPLADS-000672,CNT-000672,769006.1,0.8895
MPLADS-000673,CNT-000673,949202.37,0.8571
MPLADS-000674,CNT-000674,760523.36,0.6004
MPLADS-000675,CNT-000675,822054.36,0.7728
MPLADS-000676,CNT-000676,2833874.92,0.6209
MPLADS-000677,CNT-000677,1159903.96,0.9348
MPLADS-000678,CNT-000678,709882.02,0.94
MPLADS-000679,CNT-000679,994374.22,0.6672
MPLADS-000680,CNT-000680,518351.22,0.8839
MPLADS-000681,CNT-000681,8393237.18,0.9851
MPLADS-000682,CNT-000682,481327.39,0.9557
MPLADS-000683,CNT-000683,2149609.41,0.9585
MPLADS-000684,CNT-000684,438356.25,0.6355
MPLADS-000685,CNT-000685,873304.1,0.9161
MPLADS-000686,CNT-000686,1534197.1,0.8627
MPLADS-000687,CNT-000687,3381865.01,0.8416
MPLADS-000688,CNT-000688,499136.85,1.0
MPLADS-000689,CNT-000689,2808610.11,0.902
MPLADS-000690,CNT-000690,207547.43,0.7845
MPLADS-000691,CNT-000691,788563.12,0.6957
MPLADS-000692,CNT-000692,804505.04,0.9413
MPLADS-000693,CNT-000693,2390764.31,0.7359
MPLADS-000694,CNT-000694,3816052.29,0.6825
MPLADS-000695,CNT-000695,443053.36,0.6488
MPLADS-000696,CNT-000696,681304.57,0.7539
MPLADS-000697,CNT-000697,2418801.06,0.7164
MPLADS-000698,CNT-000698,1300674.98,0.8153
MPLADS-000699,CNT-000699,2398499.9,0.9423
MPLADS-000700,CNT-000700,1173092.55,0.9667
MPLADS-000701,CNT-000701,3948528.78,0.94
MPLADS-000702,CNT-000702,3568424.27,0.6225
MPLADS-000703,CNT-000703,440820.71,0.6503
MPLADS-000704,CNT-000704,448382.74,0.8365
MPLADS-000705,CNT-000705,1350732.5,0.6138
MPLADS-000706,CNT-000706,2854291.85,0.7611
MPLADS-000707,CNT-000707,2982283.77,0.6599
MPLADS-000708,CNT-000708,239374.94,0.709
MPLADS-000709,CNT-000709,1596687.38,0.8444
MPLADS-000710,CNT-000710,1729906.29,0.9789
MPLADS-000711,CNT-000711,703888.65,0.985
MPLADS-000712,CNT-000712,466873.99,0.8456
MPLADS-000713,CNT-000713,2144548.67,0.9756
MPLADS-000714,CNT-000714,1060013.08,0.9712
MPLADS-000715,CNT-000715,842797.56,0.7616
MPLADS-000716,CNT-000716,828870.12,0.9069
MPLADS-000717,CNT-000717,1325128.09,0.94
MPLADS-000718,CNT-000718,988229.05,0.9645
MPLADS-000719,CNT-000719,438948.81,0.7991
MPLADS-000720,CNT-000720,1371724.64,0.7969
MPLADS-000721,CNT-000721,482439.96,0.717
MPLADS-000722,CNT-000722,1130421.5,0.8614
MPLADS-000723,CNT-000723,519231.96,0.8932
MPLADS-000724,CNT-000724,3476222.8,0.7258
MPLADS-000725,CNT-000725,1284234.85,0.9681
MPLADS-000726,CNT-000726,811454.65,0.94
MPLADS-000727,CNT-000727,1365480.26,0.8887
MPLADS-000728,CNT-000728,7167007.57,0.7682
MPLADS-000729,CNT-000729,1753185.99,0.7803
MPLADS-000730,CNT-000730,2574155.25,0.9528
MPLADS-000731,CNT-000731,3621846.92,0.7809
MPLADS-000732,CNT-000732,11615536.75,0.941
MPLADS-000733,CNT-000733,3813886.53,0.7268
MPLADS-000734,CNT-000734,440591.22,0.758
MPLADS-000735,CNT-000735,907708.89,0.9821
MPLADS-000736,CNT-000736,3813043.37,0.9601
MPLADS-000737,CNT-000737,459419.97,0.9621
MPLADS-000738,CNT-000738,1616899.14,0.8683
MPLADS-000739,CNT-000739,2979081.22,0.6202
MPLADS-000740,CNT-000740,1282854.97,0.9723
MPLADS-000741,CNT-000741,1094925.11,0.698
MPLADS-000742,CNT-000742,462675.21,0.8249
MPLADS-000743,CNT-000743,398376.28,0.6774
MPLADS-000744,CNT-000744,564053.76,0.6328
MPLADS-000745,CNT-000745,3048710.85,0.94
MPLADS-000746,CNT-000746,1247622.13,0.94
MPLADS-000747,CNT-000747,2418183.59,0.6922
MPLADS-000748,CNT-000748,826176.03,0.9754
MPLADS-000749,CNT-000749,217968.17,0.954
MPLADS-000750,CNT-000750,3132609.08,0.8064
MPLADS-000751,CNT-000751,2793930.38,0.6897
MPLADS-000752,CNT-000752,541065.42,0.94
MPLADS-000753,CNT-000753,779268.65,0.8473
MPLADS-000754,CNT-000754,3413704.92,0.9832
MPLADS-000755,CNT-000755,433582.13,0.8456
MPLADS-000756,CNT-000756,217496.96,0.94
MPLADS-000757,CNT-000757,865055.81,0.9037
MPLADS-000758,CNT-000758,754154.8,0.7027
MPLADS-000759,CNT-000759,832241.42,0.7105
MPLADS-000760,CNT-000760,403433.3,0.6588
MPLADS-000761,CNT-000761,486055.71,0.8948
MPLADS-000762,CNT-000762,780190.04,0.6373
MPLADS-000763,CNT-000763,526256.04,0.8137
MPLADS-000764,CNT-000764,1880384.97,0.8412
MPLADS-000765,CNT-000765,2680896.68,0.9939
MPLADS-000766,CNT-000766,203504.57,0.9906
MPLADS-000767,CNT-000767,1930319.13,0.8134
MPLADS-000768,CNT-000768,777802.19,0.9505
MPLADS-000769,CNT-000769,968476.45,0.6093
MPLADS-000770,CNT-000770,3387384.81,0.9005
MPLADS-000771,CNT-000771,1154121.56,0.7681
MPLADS-000772,CNT-000772,2954861.89,0.6153
MPLADS-000773,CNT-000773,1158516.36,0.719
MPLADS-000774,CNT-000774,3679571.79,0.9195
MPLADS-000775,CNT-000775,224696.77,0.7299
MPLADS-000776,CNT-000776,235719.86,0.812
MPLADS-000777,CNT-000777,516317.66,0.7215
MPLADS-000778,CNT-000778,550165.71,0.8534
MPLADS-000779,CNT-000779,5216095.77,0.8566
MPLADS-000780,CNT-000780,1865658.09,0.803
MPLADS-000781,CNT-000781,1914345.62,0.6432
MPLADS-000782,CNT-000782,2052683.19,0.7615
MPLADS-000783,CNT-000783,620666.45,0.9054
MPLADS-000784,CNT-000784,2135919.25,0.8011
MPLADS-000785,CNT-000785,222488.49,0.7267
MPLADS-000786,CNT-000786,588788.08,0.6371
MPLADS-000787,CNT-000787,1473481.86,0.7139
MPLADS-000788,CNT-000788,8415087.94,0.8497
MPLADS-000789,CNT-000789,1796175.86,0.9479
MPLADS-000790,CNT-000790,500338.55,1.0
MPLADS-000791,CNT-000791,3587478.34,0.7636
MPLADS-000792,CNT-000792,2029213.55,0.7558
MPLADS-000793,CNT-000793,518409.13,0.7372
MPLADS-000794,CNT-000794,453145.24,0.871
MPLADS-000795,CNT-000795,416428.5,0.8638
MPLADS-000796,CNT-000796,247502.17,0.6449
MPLADS-000797,CNT-000797,7761325.02,0.6308
MPLADS-000798,CNT-000798,1984002.88,0.8381
MPLADS-000799,CNT-000799,2820858.26,0.9836
MPLADS-000800,CNT-000800,462135.3,0.9533
MPLADS-000801,CNT-000801,1536638.5,1.2922
MPLADS-000802,CNT-000802,557118.97,0.6922
MPLADS-000803,CNT-000803,1063155.55,0.6949
MPLADS-000804,CNT-000804,217713.82,0.8367
MPLADS-000805,CNT-000805,3664842.22,0.9088
MPLADS-000806,CNT-000806,2755487.74,0.934
MPLADS-000807,CNT-000807,1024092.34,0.8835
MPLADS-000808,CNT-000808,570849.86,0.7286
MPLADS-000809,CNT-000809,561015.45,0.7241
MPLADS-000810,CNT-000810,934577.66,1.0
MPLADS-000811,CNT-000811,552498.78,0.7319
MPLADS-000812,CNT-000812,1548331.89,0.7331
MPLADS-000813,CNT-000813,475998.38,0.6163
MPLADS-000814,CNT-000814,782090.1,0.94
MPLADS-000815,CNT-000815,3042203.26,1.0
MPLADS-000816,CNT-000816,3297913.88,0.7744
MPLADS-000817,CNT-000817,2578813.15,0.7112
MPLADS-000818,CNT-000818,2909440.92,0.762
MPLADS-000819,CNT-000819,1001121.48,0.8608
MPLADS-000820,CNT-000820,1857800.11,0.9976
MPLADS-000821,CNT-000821,491242.12,0.6147
MPLADS-000822,CNT-000822,902008.64,0.8081
MPLADS-000823,CNT-000823,487496.24,0.8785
MPLADS-000824,CNT-000824,8879706.44,0.7685
MPLADS-000825,CNT-000825,1059369.06,0.7324
MPLADS-000826,CNT-000826,411324.6,1.3689
MPLADS-000827,CNT-000827,418835.64,0.8677
MPLADS-000828,CNT-000828,797272.07,0.9846
MPLADS-000829,CNT-000829,715949.81,0.9089
MPLADS-000830,CNT-000830,937431.88,0.7979
MPLADS-000831,CNT-000831,2474184.06,0.6735
MPLADS-000832,CNT-000832,197304.72,0.6901
MPLADS-000833,CNT-000833,733567.42,0.9889
MPLADS-000834,CNT-000834,555155.5,0.7665
MPLADS-000835,CNT-000835,523739.43,0.9514
MPLADS-000836,CNT-000836,388688.33,0.7177
MPLADS-000837,CNT-000837,4687372.62,0.769
MPLADS-000838,CNT-000838,525832.26,0.6562
MPLADS-000839,CNT-000839,203095.45,0.7819
MPLADS-000840,CNT-000840,470002.83,0.9992
MPLADS-000841,CNT-000841,3701718.63,0.942
MPLADS-000842,CNT-000842,472734.28,0.9674
MPLADS-000843,CNT-000843,2814402.65,0.94
MPLADS-000844,CNT-000844,832427.31,0.8349
MPLADS-000845,CNT-000845,1049438.33,0.7599
MPLADS-000846,CNT-000846,1187537.03,0.6074
MPLADS-000847,CNT-000847,2882267.16,1.2292
MPLADS-000848,CNT-000848,959756.97,1.3939
MPLADS-000849,CNT-000849,647395.01,0.9405
MPLADS-000850,CNT-000850,680694.77,0.8197
MPLADS-000851,CNT-000851,980787.82,0.8189
MPLADS-000852,CNT-000852,792801.58,0.8303
MPLADS-000853,CNT-000853,1169766.6,0.7797
MPLADS-000854,CNT-000854,836530.15,0.6319
MPLADS-000855,CNT-000855,1342381.74,0.7701
MPLADS-000856,CNT-000856,2472104.33,0.821
MPLADS-000857,CNT-000857,703750.94,0.7017
MPLADS-000858,CNT-000858,931444.41,0.7591
MPLADS-000859,CNT-000859,1710029.23,1.3324
MPLADS-000860,CNT-000860,498385.8,0.7405
MPLADS-000861,CNT-000861,1842162.12,0.94
MPLADS-000862,CNT-000862,2975172.01,0.7698
MPLADS-000863,CNT-000863,514946.68,0.885
MPLADS-000864,CNT-000864,490220.24,0.8986
MPLADS-000865,CNT-000865,862117.46,0.9027
MPLADS-000866,CNT-000866,1774590.65,0.6931
MPLADS-000867,CNT-000867,2796147.24,0.8484
MPLADS-000868,CNT-000868,661751.25,0.794
MPLADS-000869,CNT-000869,2755522.35,0.717
MPLADS-000870,CNT-000870,1038932.88,0.7085
MPLADS-000871,CNT-000871,755308.57,0.685
MPLADS-000872,CNT-000872,3016661.56,0.7513
MPLADS-000873,CNT-000873,2569384.93,0.7942
MPLADS-000874,CNT-000874,1727759.68,0.6116
MPLADS-000875,CNT-000875,1842921.21,0.817
MPLADS-000876,CNT-000876,466440.36,0.7734
MPLADS-000877,CNT-000877,3436817.15,0.622
MPLADS-000878,CNT-000878,7837193.96,0.7645
MPLADS-000879,CNT-000879,1762693.5,0.9245
MPLADS-000880,CNT-000880,475026.74,0.7495
MPLADS-000881,CNT-000881,1553511.7,0.6456
MPLADS-000882,CNT-000882,930524.23,0.6528
MPLADS-000883,CNT-000883,1266979.58,0.9731
MPLADS-000884,CNT-000884,739749.95,0.8101
MPLADS-000885,CNT-000885,3149170.1,0.7677
MPLADS-000886,CNT-000886,3628109.4,0.7016
MPLADS-000887,CNT-000887,980446.16,0.8708
MPLADS-000888,CNT-000888,1461530.73,0.9236
MPLADS-000889,CNT-000889,1260230.5,0.8655
MPLADS-000890,CNT-000890,778827.18,0.7434
MPLADS-000891,CNT-000891,661952.02,0.7912
MPLADS-000892,CNT-000892,680697.69,0.6304
MPLADS-000893,CNT-000893,3870438.01,0.9702
MPLADS-000894,CNT-000894,680164.33,0.8162
MPLADS-000895,CNT-000895,406332.57,0.7079
MPLADS-000896,CNT-000896,2332312.79,0.7442
MPLADS-000897,CNT-000897,1086455.79,0.638
MPLADS-000898,CNT-000898,676058.57,1.3197
MPLADS-000899,CNT-000899,563653.96,0.94
MPLADS-000900,CNT-000900,545514.86,0.9973
MPLADS-000901,CNT-000901,747718.58,0.9062
MPLADS-000902,CNT-000902,2319555.12,0.7293
MPLADS-000903,CNT-000903,219959.48,0.7377
MPLADS-000904,CNT-000904,975935.09,0.7325
MPLADS-000905,CNT-000905,6591545.24,0.8133
MPLADS-000906,CNT-000906,2629002.51,0.6061
MPLADS-000907,CNT-000907,1311981.99,0.6301
MPLADS-000908,CNT-000908,3114761.32,0.9616
MPLADS-000909,CNT-000909,7278364.88,0.7701
MPLADS-000910,CNT-000910,506718.59,0.9043
MPLADS-000911,CNT-000911,3644135.89,0.8576
MPLADS-000912,CNT-000912,4068978.72,0.8937
MPLADS-000913,CNT-000913,1720872.91,0.8514
MPLADS-000914,CNT-000914,2553167.48,0.9622
MPLADS-000915,CNT-000915,2061235.19,0.901
MPLADS-000916,CNT-000916,196988.47,0.6778
MPLADS-000917,CNT-000917,238441.69,0.9135
MPLADS-000918,CNT-000918,10880907.02,0.8593
MPLADS-000919,CNT-000919,2837352.69,0.6256
MPLADS-000920,CNT-000920,3436059.7,0.629
MPLADS-000921,CNT-000921,950384.83,0.6675
MPLADS-000922,CNT-000922,201973.78,0.6181
MPLADS-000923,CNT-000923,2685936.86,0.7397
MPLADS-000924,CNT-000924,2985912.49,0.6255
MPLADS-000925,CNT-000925,1308589.79,0.946
MPLADS-000926,CNT-000926,545654.39,0.6772
MPLADS-000927,CNT-000927,1601637.44,0.8672
MPLADS-000928,CNT-000928,1217074.49,0.8277
MPLADS-000929,CNT-000929,810729.47,0.6048
MPLADS-000930,CNT-000930,238667.2,0.934
MPLADS-000931,CNT-000931,214427.44,0.9626
MPLADS-000932,CNT-000932,1975065.82,0.7789
MPLADS-000933,CNT-000933,201732.5,0.7045
MPLADS-000934,CNT-000934,543451.73,0.9103
MPLADS-000935,CNT-000935,1986436.88,1.3237
MPLADS-000936,CNT-000936,3897820.31,0.73
MPLADS-000937,CNT-000937,3586544.45,0.8565
MPLADS-000938,CNT-000938,723069.55,0.917
MPLADS-000939,CNT-000939,203251.66,0.887
MPLADS-000940,CNT-000940,1346048.15,0.9809
MPLADS-000941,CNT-000941,902449.73,0.8907
MPLADS-000942,CNT-000942,1633461.38,0.671
MPLADS-000943,CNT-000943,713584.69,0.8241
MPLADS-000944,CNT-000944,778356.72,0.761
MPLADS-000945,CNT-000945,726118.8,0.9347
MPLADS-000946,CNT-000946,912255.82,0.6942
MPLADS-000947,CNT-000947,934630.3,0.9405
MPLADS-000948,CNT-000948,910032.57,0.9981
MPLADS-000949,CNT-000949,970656.46,0.9493
MPLADS-000950,CNT-000950,777050.71,0.8586
MPLADS-000951,CNT-000951,2965767.58,0.6261
MPLADS-000952,CNT-000952,969629.44,0.6905
MPLADS-000953,CNT-000953,1337364.7,0.6886
MPLADS-000954,CNT-000954,467678.87,0.7052
MPLADS-000955,CNT-000955,3902848.79,0.7927
MPLADS-000956,CNT-000956,1055395.26,0.76
MPLADS-000957,CNT-000957,937707.57,0.7184
MPLADS-000958,CNT-000958,3859530.55,0.9219
MPLADS-000959,CNT-000959,3209747.05,1.2714
MPLADS-000960,CNT-000960,450104.13,0.7214
MPLADS-000961,CNT-000961,429849.82,0.9569
MPLADS-000962,CNT-000962,2553249.45,0.7432
MPLADS-000963,CNT-000963,216003.92,0.8928
MPLADS-000964,CNT-000964,3373091.08,0.94
MPLADS-000965,CNT-000965,205386.2,0.7618
MPLADS-000966,CNT-000966,246117.65,0.7493
MPLADS-000967,CNT-000967,11651796.65,0.9189
MPLADS-000968,CNT-000968,658850.68,0.8387
MPLADS-000969,CNT-000969,889555.97,0.9289
MPLADS-000970,CNT-000970,3942920.39,0.94
MPLADS-000971,CNT-000971,515412.72,0.6633
MPLADS-000972,CNT-000972,1357654.56,0.9833
MPLADS-000973,CNT-000973,187541.52,0.9442
MPLADS-000974,CNT-000974,454615.99,0.7785
MPLADS-000975,CNT-000975,1616102.12,0.7726
MPLADS-000976,CNT-000976,2502398.13,0.6732
MPLADS-000977,CNT-000977,13573783.27,0.9084
MPLADS-000978,CNT-000978,13922702.61,0.6138
MPLADS-000979,CNT-000979,3875488.62,0.9732
MPLADS-000980,CNT-000980,711011.78,0.7862
MPLADS-000981,CNT-000981,2739500.11,0.8205
MPLADS-000982,CNT-000982,1072030.46,0.6281
MPLADS-000983,CNT-000983,1026909.9,0.9856
MPLADS-000984,CNT-000984,457214.86,0.965
MPLADS-000985,CNT-000985,193277.02,1.0
MPLADS-000986,CNT-000986,3683772.44,0.6552
MPLADS-000987,CNT-000987,1608900.13,0.9635
MPLADS-000988,CNT-000988,513172.82,0.7933
MPLADS-000989,CNT-000989,3267862.49,0.8159
MPLADS-000990,CNT-000990,978352.16,0.94
MPLADS-000991,CNT-000991,473565.65,0.9672
MPLADS-000992,CNT-000992,235388.21,0.844
MPLADS-000993,CNT-000993,1364914.3,1.3854
MPLADS-000994,CNT-000994,236236.33,1.0
MPLADS-000995,CNT-000995,697322.04,0.8468
MPLADS-000996,CNT-000996,613469.47,0.6687
MPLADS-000997,CNT-000997,2588691.23,0.8688
MPLADS-000998,CNT-000998,2826361.55,0.6397
MPLADS-000999,CNT-000999,194583.48,0.6857
MPLADS-001000,CNT-001000,2498847.07,0.8796
MPLADS-001001,CNT-001001,472274.13,0.9223
MPLADS-001002,CNT-001002,228475.63,0.912
MPLADS-001003,CNT-001003,677220.23,0.6127
MPLADS-001004,CNT-001004,2382426.35,0.94
MPLADS-001005,CNT-001005,9561491.95,0.8938
MPLADS-001006,CNT-001006,2850790.11,0.9623
MPLADS-001007,CNT-001007,2982911.56,0.8649
MPLADS-001008,CNT-001008,663833.28,0.6006
MPLADS-001009,CNT-001009,2624901.42,0.6462
MPLADS-001010,CNT-001010,1050003.68,0.8824
MPLADS-001011,CNT-001011,2001533.59,0.9616
MPLADS-001012,CNT-001012,831265.66,0.8595
MPLADS-001013,CNT-001013,502667.56,0.9687
MPLADS-001014,CNT-001014,2583902.35,0.6614
MPLADS-001015,CNT-001015,962750.61,0.6192
MPLADS-001016,CNT-001016,446224.26,0.6742
MPLADS-001017,CNT-001017,1137938.95,0.7114
MPLADS-001018,CNT-001018,1237792.73,0.9801
MPLADS-001019,CNT-001019,1317723.36,0.9357
MPLADS-001020,CNT-001020,2517959.4,0.7965
MPLADS-001021,CNT-001021,3625514.94,0.7549
MPLADS-001022,CNT-001022,2754479.21,0.7297
MPLADS-001023,CNT-001023,2064696.04,0.8829
MPLADS-001024,CNT-001024,1957271.97,0.7429
MPLADS-001025,CNT-001025,2310778.65,0.8896
MPLADS-001026,CNT-001026,204620.9,0.6982
MPLADS-001027,CNT-001027,845430.98,0.6668
MPLADS-001028,CNT-001028,1984953.32,0.9287
MPLADS-001029,CNT-001029,1596189.84,0.7089
MPLADS-001030,CNT-001030,422315.35,0.861
MPLADS-001031,CNT-001031,1566967.09,0.9982
MPLADS-001032,CNT-001032,1160750.36,0.9455
MPLADS-001033,CNT-001033,940086.88,0.7801
MPLADS-001034,CNT-001034,1027915.56,0.94
MPLADS-001035,CNT-001035,650707.84,0.7081
MPLADS-001036,CNT-001036,878237.42,0.7143
MPLADS-001037,CNT-001037,1612657.19,0.6852
MPLADS-001038,CNT-001038,1191603.19,0.7822
MPLADS-001039,CNT-001039,568410.01,0.6451
MPLADS-001040,CNT-001040,694551.45,0.7287
MPLADS-001041,CNT-001041,788066.06,1.4227
MPLADS-001042,CNT-001042,572531.98,0.9379
MPLADS-001043,CNT-001043,447254.42,0.7115
MPLADS-001044,CNT-001044,3019145.22,0.6456
MPLADS-001045,CNT-001045,493162.07,0.825
MPLADS-001046,CNT-001046,1075595.84,0.6926
MPLADS-001047,CNT-001047,2423006.82,0.7266
MPLADS-001048,CNT-001048,4021750.28,0.6434
MPLADS-001049,CNT-001049,837717.93,0.9939
MPLADS-001050,CNT-001050,1619045.48,0.7414
MPLADS-001051,CNT-001051,1324505.55,0.9619
MPLADS-001052,CNT-001052,842900.4,0.9328
MPLADS-001053,CNT-001053,2026651.51,0.6731
MPLADS-001054,CNT-001054,1568106.83,0.6459
MPLADS-001055,CNT-001055,222734.03,0.8628
MPLADS-001056,CNT-001056,2188848.12,0.9683
MPLADS-001057,CNT-001057,3462195.42,0.728
MPLADS-001058,CNT-001058,789057.33,0.8518
MPLADS-001059,CNT-001059,1711600.82,1.4064
MPLADS-001060,CNT-001060,3201767.34,0.94
MPLADS-001061,CNT-001061,1475483.24,0.766
MPLADS-001062,CNT-001062,199552.68,0.6994
MPLADS-001063,CNT-001063,1047887.23,0.9407
MPLADS-001064,CNT-001064,3247247.75,0.6223
MPLADS-001065,CNT-001065,2723441.66,0.9941
MPLADS-001066,CNT-001066,409911.38,0.6243
MPLADS-001067,CNT-001067,2046554.64,0.7213
MPLADS-001068,CNT-001068,1011995.08,0.836
MPLADS-001069,CNT-001069,240615.77,0.9442
MPLADS-001070,CNT-001070,729003.07,0.8074
MPLADS-001071,CNT-001071,1320545.99,0.8576
MPLADS-001072,CNT-001072,473594.96,0.601
MPLADS-001073,CNT-001073,2666452.29,1.3224
MPLADS-001074,CNT-001074,471805.42,0.734
MPLADS-001075,CNT-001075,563174.28,0.6615
MPLADS-001076,CNT-001076,794033.56,0.8374
MPLADS-001077,CNT-001077,1747899.55,0.7407
MPLADS-001078,CNT-001078,721777.85,0.8384
MPLADS-001079,CNT-001079,485852.04,0.8624
MPLADS-001080,CNT-001080,406840.22,0.8143
MPLADS-001081,CNT-001081,3132471.76,0.63
MPLADS-001082,CNT-001082,878545.57,0.8622
MPLADS-001083,CNT-001083,2478256.17,0.94
MPLADS-001084,CNT-001084,8902076.2,0.6509
MPLADS-001085,CNT-001085,665669.91,0.94
MPLADS-001086,CNT-001086,3854409.98,0.8304
MPLADS-001087,CNT-001087,1258740.49,0.6847
MPLADS-001088,CNT-001088,3730219.53,0.9248
MPLADS-001089,CNT-001089,2458478.83,0.8743
MPLADS-001090,CNT-001090,3967692.49,0.8902
MPLADS-001091,CNT-001091,385573.74,0.8961
MPLADS-001092,CNT-001092,505584.64,0.94
MPLADS-001093,CNT-001093,665486.01,0.6675
MPLADS-001094,CNT-001094,683042.04,0.94
MPLADS-001095,CNT-001095,2659719.95,0.7691
MPLADS-001096,CNT-001096,1795228.26,0.83
MPLADS-001097,CNT-001097,250845.47,0.9036
MPLADS-001098,CNT-001098,1689737.84,0.762
MPLADS-001099,CNT-001099,1041454.54,0.6157
MPLADS-001100,CNT-001100,723262.84,0.8623
MPLADS-001101,CNT-001101,3215740.77,0.7966
MPLADS-001102,CNT-001102,1874307.89,0.7518
MPLADS-001103,CNT-001103,2416905.81,0.8617
MPLADS-001104,CNT-001104,242858.77,0.9769
MPLADS-001105,CNT-001105,2996382.54,0.891
MPLADS-001106,CNT-001106,2192206.1,0.9952
MPLADS-001107,CNT-001107,3319337.86,0.7706
MPLADS-001108,CNT-001108,3173439.99,0.6124
MPLADS-001109,CNT-001109,487004.37,0.8877
MPLADS-001110,CNT-001110,3032110.4,0.916
MPLADS-001111,CNT-001111,397045.51,0.9727
MPLADS-001112,CNT-001112,214241.65,0.7634
MPLADS-001113,CNT-001113,1736009.2,0.6499
MPLADS-001114,CNT-001114,2429284.19,0.9435
MPLADS-001115,CNT-001115,3476983.92,0.6109
MPLADS-001116,CNT-001116,477832.37,0.8083
MPLADS-001117,CNT-001117,1193611.9,0.9765
MPLADS-001118,CNT-001118,457457.65,0.9838
MPLADS-001119,CNT-001119,450516.24,0.6277
MPLADS-001120,CNT-001120,214857.85,0.94
MPLADS-001121,CNT-001121,2480481.02,0.8991
MPLADS-001122,CNT-001122,2741273.74,0.7962
MPLADS-001123,CNT-001123,880971.35,0.6929
MPLADS-001124,CNT-001124,2604552.4,0.9123
MPLADS-001125,CNT-001125,658752.96,0.7884
MPLADS-001126,CNT-001126,656250.42,0.6482
MPLADS-001127,CNT-001127,858586.94,0.6102
MPLADS-001128,CNT-001128,2395487.06,0.7825
MPLADS-001129,CNT-001129,2519774.47,0.9274
MPLADS-001130,CNT-001130,553079.29,0.8271
MPLADS-001131,CNT-001131,215270.11,0.8582
MPLADS-001132,CNT-001132,848481.73,0.8698
MPLADS-001133,CNT-001133,190113.29,0.8152
MPLADS-001134,CNT-001134,2572356.65,0.6545
MPLADS-001135,CNT-001135,942502.69,0.8927
MPLADS-001136,CNT-001136,700294.68,0.9845
MPLADS-001137,CNT-001137,436016.52,0.8702
MPLADS-001138,CNT-001138,3570325.67,0.7996
MPLADS-001139,CNT-001139,8951180.72,0.8896
MPLADS-001140,CNT-001140,1003673.46,0.6784
MPLADS-001141,CNT-001141,3201222.1,0.9927
MPLADS-001142,CNT-001142,1541082.65,1.4367
MPLADS-001143,CNT-001143,2680647.59,0.923
MPLADS-001144,CNT-001144,2374900.97,0.8743
MPLADS-001145,CNT-001145,192256.3,0.7011
MPLADS-001146,CNT-001146,197884.83,0.7962
MPLADS-001147,CNT-001147,11703043.03,0.7063
MPLADS-001148,CNT-001148,1149079.23,0.9895
MPLADS-001149,CNT-001149,2255118.59,0.7264
MPLADS-001150,CNT-001150,1950930.47,0.8878
MPLADS-001151,CNT-001151,1895960.51,0.6141
MPLADS-001152,CNT-001152,3163798.78,0.6017
MPLADS-001153,CNT-001153,2028973.1,0.777
MPLADS-001154,CNT-001154,1318172.66,0.7945
MPLADS-001155,CNT-001155,500733.94,0.6704
MPLADS-001156,CNT-001156,860499.56,0.7095
MPLADS-001157,CNT-001157,2660825.24,0.7688
MPLADS-001158,CNT-001158,857333.28,1.3655
MPLADS-001159,CNT-001159,2684919.01,1.3504
MPLADS-001160,CNT-001160,1839998.9,0.6854
MPLADS-001161,CNT-001161,499785.12,0.7779
MPLADS-001162,CNT-001162,828696.81,0.6908
MPLADS-001163,CNT-001163,195789.42,0.9548
MPLADS-001164,CNT-001164,2165139.38,0.94
MPLADS-001165,CNT-001165,10716227.22,0.9601
MPLADS-001166,CNT-001166,2898365.86,0.9773
MPLADS-001167,CNT-001167,939482.71,0.8261
MPLADS-001168,CNT-001168,210264.16,0.94
MPLADS-001169,CNT-001169,1296808.49,0.6854
MPLADS-001170,CNT-001170,3592313.83,0.9853
MPLADS-001171,CNT-001171,806516.82,0.8286
MPLADS-001172,CNT-001172,432798.73,0.6835
MPLADS-001173,CNT-001173,4054519.55,0.7875
MPLADS-001174,CNT-001174,1800293.22,0.811
MPLADS-001175,CNT-001175,187359.15,0.6023
MPLADS-001176,CNT-001176,477292.18,0.8269
MPLADS-001177,CNT-001177,1010821.08,0.9516
MPLADS-001178,CNT-001178,518187.93,0.7405
MPLADS-001179,CNT-001179,233669.49,0.905
MPLADS-001180,CNT-001180,525991.18,0.7227
MPLADS-001181,CNT-001181,793799.85,0.7883
MPLADS-001182,CNT-001182,1312913.26,0.6467
MPLADS-001183,CNT-001183,464004.12,0.781
MPLADS-001184,CNT-001184,442680.1,0.6664
MPLADS-001185,CNT-001185,3087786.65,0.7274
MPLADS-001186,CNT-001186,2774236.28,0.8402
MPLADS-001187,CNT-001187,478811.4,0.7459
MPLADS-001188,CNT-001188,1092240.5,0.9631
MPLADS-001189,CNT-001189,539664.14,0.6324
MPLADS-001190,CNT-001190,652177.74,0.715
MPLADS-001191,CNT-001191,2872679.36,0.6164
MPLADS-001192,CNT-001192,2042502.18,0.766
MPLADS-001193,CNT-001193,787042.58,0.8836
MPLADS-001194,CNT-001194,515950.97,0.94
MPLADS-001195,CNT-001195,776171.44,0.9708
MPLADS-001196,CNT-001196,2415992.27,0.8289
MPLADS-001197,CNT-001197,2678679.28,0.8171
MPLADS-001198,CNT-001198,1373658.77,0.8513
MPLADS-001199,CNT-001199,1523022.95,0.6155
MPLADS-001200,CNT-001200,1568582.83,0.6303
MPLADS-001201,CNT-001201,221882.65,0.9398
MPLADS-001202,CNT-001202,2641184.45,0.8712
MPLADS-001203,CNT-001203,3368022.66,0.9593
MPLADS-001204,CNT-001204,197659.31,0.7047
MPLADS-001205,CNT-001205,453775.1,0.7664
MPLADS-001206,CNT-001206,2564013.86,0.637
MPLADS-001207,CNT-001207,393227.05,1.0
MPLADS-001208,CNT-001208,2006146.84,0.9103
MPLADS-001209,CNT-001209,1836207.23,0.7683
MPLADS-001210,CNT-001210,2590419.87,0.8748
MPLADS-001211,CNT-001211,417823.17,1.2648
MPLADS-001212,CNT-001212,825559.84,0.9525
MPLADS-001213,CNT-001213,3035600.96,0.9146
MPLADS-001214,CNT-001214,10013889.49,0.7335
MPLADS-001215,CNT-001215,798692.61,0.6933
MPLADS-001216,CNT-001216,6422986.18,0.6575
MPLADS-001217,CNT-001217,2763742.55,0.9714
MPLADS-001218,CNT-001218,2379979.35,0.8556
MPLADS-001219,CNT-001219,1092758.29,0.7939
MPLADS-001220,CNT-001220,734640.03,0.9548
MPLADS-001221,CNT-001221,884644.36,0.7814
MPLADS-001222,CNT-001222,431489.2,0.8937
MPLADS-001223,CNT-001223,1238863.45,0.7507
MPLADS-001224,CNT-001224,7374204.38,0.9146
MPLADS-001225,CNT-001225,3005582.48,0.6011
MPLADS-001226,CNT-001226,1536444.9,0.7669
MPLADS-001227,CNT-001227,2450577.35,1.2482
MPLADS-001228,CNT-001228,1296009.13,0.8883
MPLADS-001229,CNT-001229,2769408.54,0.7418
MPLADS-001230,CNT-001230,976576.87,0.8151
MPLADS-001231,CNT-001231,1736708.03,0.8843
MPLADS-001232,CNT-001232,1098133.71,0.7712
MPLADS-001233,CNT-001233,446067.34,0.9506
MPLADS-001234,CNT-001234,2140314.66,0.989
MPLADS-001235,CNT-001235,1155427.16,0.999
MPLADS-001236,CNT-001236,225624.77,0.8302
MPLADS-001237,CNT-001237,703086.24,0.8963
MPLADS-001238,CNT-001238,2420641.03,0.94
MPLADS-001239,CNT-001239,2589891.49,0.6194
MPLADS-001240,CNT-001240,805754.91,0.6958
MPLADS-001241,CNT-001241,8964690.47,0.7603
MPLADS-001242,CNT-001242,2273160.53,0.9209
MPLADS-001243,CNT-001243,538749.64,0.9362
MPLADS-001244,CNT-001244,252170.18,0.7527
MPLADS-001245,CNT-001245,734223.67,0.7051
MPLADS-001246,CNT-001246,859049.67,0.8221
MPLADS-001247,CNT-001247,2796946.41,0.6512
MPLADS-001248,CNT-001248,199947.6,0.6029
MPLADS-001249,CNT-001249,878936.84,0.728
MPLADS-001250,CNT-001250,1566576.97,1.0
MPLADS-001251,CNT-001251,1025010.27,0.94
MPLADS-001252,CNT-001252,890162.4,0.6326
MPLADS-001253,CNT-001253,734170.44,0.7634
MPLADS-001254,CNT-001254,492181.72,0.6517
MPLADS-001255,CNT-001255,2430403.74,0.827
MPLADS-001256,CNT-001256,3865803.92,0.8711
MPLADS-001257,CNT-001257,560283.26,1.377
MPLADS-001258,CNT-001258,9071853.93,0.6499
MPLADS-001259,CNT-001259,2645587.59,0.9191
MPLADS-001260,CNT-001260,900528.78,0.9156
MPLADS-001261,CNT-001261,3848541.19,0.879
MPLADS-001262,CNT-001262,1247751.84,1.0
MPLADS-001263,CNT-001263,506299.94,0.9052
MPLADS-001264,CNT-001264,444300.56,1.4059
MPLADS-001265,CNT-001265,510088.75,0.7363
MPLADS-001266,CNT-001266,2055802.85,0.7118
MPLADS-001267,CNT-001267,215758.71,1.2732
MPLADS-001268,CNT-001268,2591161.79,0.9541
MPLADS-001269,CNT-001269,1613359.22,0.7023
MPLADS-001270,CNT-001270,570167.33,0.6705
MPLADS-001271,CNT-001271,1772760.64,0.8826
MPLADS-001272,CNT-001272,412980.56,0.9413
MPLADS-001273,CNT-001273,2947519.42,0.9422
MPLADS-001274,CNT-001274,451662.57,0.7099
MPLADS-001275,CNT-001275,1040283.64,0.6359
MPLADS-001276,CNT-001276,439862.17,0.6955
MPLADS-001277,CNT-001277,3178673.03,0.657
MPLADS-001278,CNT-001278,1560995.38,0.8609
MPLADS-001279,CNT-001279,1836712.05,0.7483
MPLADS-001280,CNT-001280,12306450.89,0.9715
MPLADS-001281,CNT-001281,1788174.01,0.6794
MPLADS-001282,CNT-001282,493130.68,0.7344
MPLADS-001283,CNT-001283,2410953.11,0.6599
MPLADS-001284,CNT-001284,7171530.14,0.9239
MPLADS-001285,CNT-001285,445001.19,0.6068
MPLADS-001286,CNT-001286,1579651.01,0.9622
MPLADS-001287,CNT-001287,3532890.44,0.9936
MPLADS-001288,CNT-001288,3132371.45,0.8531
MPLADS-001289,CNT-001289,188424.58,0.8883
MPLADS-001290,CNT-001290,905679.95,0.8115
MPLADS-001291,CNT-001291,2480749.14,0.7499
MPLADS-001292,CNT-001292,3057502.08,0.6189
MPLADS-001293,CNT-001293,976855.02,1.3684
MPLADS-001294,CNT-001294,244380.27,0.7667
MPLADS-001295,CNT-001295,5401608.28,0.9154
MPLADS-001296,CNT-001296,811022.62,0.8691
MPLADS-001297,CNT-001297,1273311.19,0.8341
MPLADS-001298,CNT-001298,1088541.49,0.9363
MPLADS-001299,CNT-001299,2420422.39,0.6784
MPLADS-001300,CNT-001300,1085706.3,0.808
MPLADS-001301,CNT-001301,2493917.06,0.7946
MPLADS-001302,CNT-001302,1540423.34,0.9658
MPLADS-001303,CNT-001303,2792281.7,0.9901
MPLADS-001304,CNT-001304,251585.99,0.8541
MPLADS-001305,CNT-001305,4459598.75,0.7829
MPLADS-001306,CNT-001306,675646.5,0.6585
MPLADS-001307,CNT-001307,1823327.9,0.6302
MPLADS-001308,CNT-001308,2269400.76,0.9378
MPLADS-001309,CNT-001309,795132.44,0.6374
MPLADS-001310,CNT-001310,3653238.13,0.7859
MPLADS-001311,CNT-001311,2458436.81,0.8815
MPLADS-001312,CNT-001312,2563945.6,0.8842
MPLADS-001313,CNT-001313,692837.26,0.7288
MPLADS-001314,CNT-001314,3337646.41,0.7382
MPLADS-001315,CNT-001315,831620.94,0.8598
MPLADS-001316,CNT-001316,814733.58,0.7195
MPLADS-001317,CNT-001317,3269545.59,0.9
MPLADS-001318,CNT-001318,3458549.69,0.9129
MPLADS-001319,CNT-001319,1284410.94,0.8173
MPLADS-001320,CNT-001320,2442832.99,0.6506
MPLADS-001321,CNT-001321,190938.43,0.8425
MPLADS-001322,CNT-001322,558478.7,0.8104
MPLADS-001323,CNT-001323,3641687.83,0.9594
MPLADS-001324,CNT-001324,572000.92,0.9483
MPLADS-001325,CNT-001325,3078831.42,0.8023
MPLADS-001326,CNT-001326,7658764.63,0.9862
MPLADS-001327,CNT-001327,555572.07,0.9146
MPLADS-001328,CNT-001328,3966574.9,0.7004
MPLADS-001329,CNT-001329,3606577.99,0.7031
MPLADS-001330,CNT-001330,1931988.97,0.9497
MPLADS-001331,CNT-001331,483420.46,0.9399
MPLADS-001332,CNT-001332,938552.01,0.7694
MPLADS-001333,CNT-001333,3162143.75,0.9245
MPLADS-001334,CNT-001334,1266819.28,0.7126
MPLADS-001335,CNT-001335,2530072.46,0.94
MPLADS-001336,CNT-001336,2532914.53,0.9429
MPLADS-001337,CNT-001337,3018155.33,0.7567
MPLADS-001338,CNT-001338,194676.14,0.8925
MPLADS-001339,CNT-001339,188981.43,0.7465
MPLADS-001340,CNT-001340,1241398.34,0.6494
MPLADS-001341,CNT-001341,2602130.83,0.8173
MPLADS-001342,CNT-001342,473453.43,0.9135
MPLADS-001343,CNT-001343,409726.02,0.6341
MPLADS-001344,CNT-001344,3846067.13,0.6027
MPLADS-001345,CNT-001345,427809.71,0.8747
MPLADS-001346,CNT-001346,449427.62,0.9161
MPLADS-001347,CNT-001347,475078.55,0.6791
MPLADS-001348,CNT-001348,2555260.23,0.7836
MPLADS-001349,CNT-001349,3886174.32,0.6483
MPLADS-001350,CNT-001350,7002489.73,0.7034
MPLADS-001351,CNT-001351,2527561.79,0.9063
MPLADS-001352,CNT-001352,853012.54,0.719
MPLADS-001353,CNT-001353,7120681.06,0.8947
MPLADS-001354,CNT-001354,860475.73,0.7261
MPLADS-001355,CNT-001355,1066970.45,0.9661
MPLADS-001356,CNT-001356,777648.47,0.6756
MPLADS-001357,CNT-001357,2518379.9,0.8993
MPLADS-001358,CNT-001358,1221060.96,0.7664
MPLADS-001359,CNT-001359,3334856.82,0.9995
MPLADS-001360,CNT-001360,3166460.93,0.7686
MPLADS-001361,CNT-001361,492656.52,0.8736
MPLADS-001362,CNT-001362,2556605.32,0.6413
MPLADS-001363,CNT-001363,195930.36,0.6879
MPLADS-001364,CNT-001364,481495.12,0.7315
MPLADS-001365,CNT-001365,2589028.21,0.9433
MPLADS-001366,CNT-001366,1726588.27,0.732
MPLADS-001367,CNT-001367,450495.63,0.9983
MPLADS-001368,CNT-001368,3028335.71,0.9165
MPLADS-001369,CNT-001369,3727422.3,0.9563
MPLADS-001370,CNT-001370,3030317.1,0.7448
MPLADS-001371,CNT-001371,499111.99,0.8202
MPLADS-001372,CNT-001372,772560.57,0.9872
MPLADS-001373,CNT-001373,1136694.84,0.7721
MPLADS-001374,CNT-001374,791274.76,0.6271
MPLADS-001375,CNT-001375,1015557.71,0.8565
MPLADS-001376,CNT-001376,1247963.44,0.94
MPLADS-001377,CNT-001377,3575200.2,0.881
MPLADS-001378,CNT-001378,2260429.59,0.8629
MPLADS-001379,CNT-001379,909042.45,0.9306
MPLADS-001380,CNT-001380,2780031.58,0.7123
MPLADS-001381,CNT-001381,4013761.75,0.6015
MPLADS-001382,CNT-001382,1782851.75,0.7263
MPLADS-001383,CNT-001383,821391.46,0.7153
MPLADS-001384,CNT-001384,839202.85,0.815
MPLADS-001385,CNT-001385,1445082.39,0.8413
MPLADS-001386,CNT-001386,2812202.15,0.7043
MPLADS-001387,CNT-001387,1796047.18,1.3288
MPLADS-001388,CNT-001388,645100.0,0.9813
MPLADS-001389,CNT-001389,527282.85,0.6959
MPLADS-001390,CNT-001390,1094818.32,1.0
MPLADS-001391,CNT-001391,2876425.56,0.8543
MPLADS-001392,CNT-001392,734489.4,0.6147
MPLADS-001393,CNT-001393,201349.58,0.9995
MPLADS-001394,CNT-001394,2569598.28,0.9362
MPLADS-001395,CNT-001395,951807.24,0.8364
MPLADS-001396,CNT-001396,1725421.73,0.9589
MPLADS-001397,CNT-001397,2818922.4,0.8523
MPLADS-001398,CNT-001398,2157433.78,0.6211
MPLADS-001399,CNT-001399,4006593.01,0.7933
MPLADS-001400,CNT-001400,1252048.12,0.9211
MPLADS-001401,CNT-001401,690383.61,0.7097
MPLADS-001402,CNT-001402,206916.1,0.9084
MPLADS-001403,CNT-001403,853565.08,0.94
MPLADS-001404,CNT-001404,978362.26,0.8898
MPLADS-001405,CNT-001405,3996616.87,0.9759
MPLADS-001406,CNT-001406,191820.5,0.9097
MPLADS-001407,CNT-001407,2695209.37,0.6687
MPLADS-001408,CNT-001408,1118428.67,0.8702
MPLADS-001409,CNT-001409,1626552.98,0.9428
MPLADS-001410,CNT-001410,525477.37,0.851
MPLADS-001411,CNT-001411,1239188.86,0.8896
MPLADS-001412,CNT-001412,2698724.79,0.6275
MPLADS-001413,CNT-001413,445780.13,0.7561
MPLADS-001414,CNT-001414,558414.02,0.9617
MPLADS-001415,CNT-001415,454419.17,0.7959
MPLADS-001416,CNT-001416,3067182.58,0.6243
MPLADS-001417,CNT-001417,914101.96,0.686
MPLADS-001418,CNT-001418,489535.8,0.6769
MPLADS-001419,CNT-001419,209910.41,0.6311
MPLADS-001420,CNT-001420,451658.09,0.6972
MPLADS-001421,CNT-001421,2679761.84,0.6398
MPLADS-001422,CNT-001422,2429621.42,1.4404
MPLADS-001423,CNT-001423,931250.53,0.9107
MPLADS-001424,CNT-001424,2461242.29,0.8295
MPLADS-001425,CNT-001425,196223.39,0.7278
MPLADS-001426,CNT-001426,2230032.86,0.9827
MPLADS-001427,CNT-001427,187488.95,0.6725
MPLADS-001428,CNT-001428,692489.0,0.8424
MPLADS-001429,CNT-001429,539597.86,0.7239
MPLADS-001430,CNT-001430,1219178.36,1.2721
MPLADS-001431,CNT-001431,2427742.37,0.94
MPLADS-001432,CNT-001432,403110.83,0.798
MPLADS-001433,CNT-001433,498989.2,0.9958
MPLADS-001434,CNT-001434,742905.21,0.8035
MPLADS-001435,CNT-001435,855438.36,0.8835
MPLADS-001436,CNT-001436,792201.44,0.8902
MPLADS-001437,CNT-001437,1133662.29,0.6964
MPLADS-001438,CNT-001438,483858.41,1.0
MPLADS-001439,CNT-001439,3819046.87,0.6468
MPLADS-001440,CNT-001440,462938.41,0.8873
MPLADS-001441,CNT-001441,765473.16,0.8318
MPLADS-001442,CNT-001442,2889603.67,0.8259
MPLADS-001443,CNT-001443,3118677.64,0.775
MPLADS-001444,CNT-001444,3297754.16,0.6487
MPLADS-001445,CNT-001445,855924.4,0.7112
MPLADS-001446,CNT-001446,13235080.15,0.7815
MPLADS-001447,CNT-001447,936225.9,0.8743
MPLADS-001448,CNT-001448,11923083.4,0.6596
MPLADS-001449,CNT-001449,1312055.67,0.8101
MPLADS-001450,CNT-001450,839743.35,0.8678
MPLADS-001451,CNT-001451,689601.19,0.9371
MPLADS-001452,CNT-001452,9678465.98,0.6772
MPLADS-001453,CNT-001453,1055630.04,0.7683
MPLADS-001454,CNT-001454,1151257.81,0.6857
MPLADS-001455,CNT-001455,1016698.42,0.9904
MPLADS-001456,CNT-001456,223146.41,0.753
MPLADS-001457,CNT-001457,3758223.16,0.8359
MPLADS-001458,CNT-001458,3978729.93,0.9683
MPLADS-001459,CNT-001459,208322.86,0.803
MPLADS-001460,CNT-001460,3114902.91,0.9222
MPLADS-001461,CNT-001461,1025687.8,0.9583
MPLADS-001462,CNT-001462,435364.4,0.6432
MPLADS-001463,CNT-001463,2094013.47,0.8013
MPLADS-001464,CNT-001464,1661187.51,0.8893
MPLADS-001465,CNT-001465,481165.83,0.94
MPLADS-001466,CNT-001466,1298683.34,1.0
MPLADS-001467,CNT-001467,2569627.74,0.7787
MPLADS-001468,CNT-001468,3692898.46,0.9804
MPLADS-001469,CNT-001469,8884864.69,0.89
MPLADS-001470,CNT-001470,1604513.38,0.7982
MPLADS-001471,CNT-001471,446046.33,0.9921
MPLADS-001472,CNT-001472,399655.64,0.7764
MPLADS-001473,CNT-001473,11177524.77,0.9013
MPLADS-001474,CNT-001474,574145.95,0.7795
MPLADS-001475,CNT-001475,919396.25,0.7917
MPLADS-001476,CNT-001476,1023809.47,0.7665
MPLADS-001477,CNT-001477,569319.65,0.9543
MPLADS-001478,CNT-001478,3433763.64,0.6623
MPLADS-001479,CNT-001479,642175.81,1.4223
MPLADS-001480,CNT-001480,9894643.58,0.8747
MPLADS-001481,CNT-001481,433162.46,0.6477
MPLADS-001482,CNT-001482,238345.36,0.6821
MPLADS-001483,CNT-001483,3655682.64,0.9348
MPLADS-001484,CNT-001484,423886.97,0.7362
MPLADS-001485,CNT-001485,2967021.58,0.9173
MPLADS-001486,CNT-001486,880298.09,0.6532
MPLADS-001487,CNT-001487,813205.57,0.674
MPLADS-001488,CNT-001488,1127627.85,0.7727
MPLADS-001489,CNT-001489,3983471.5,0.8248
MPLADS-001490,CNT-001490,975989.14,0.7102
MPLADS-001491,CNT-001491,1064329.82,0.9113
MPLADS-001492,CNT-001492,520694.62,0.866
MPLADS-001493,CNT-001493,735610.85,0.716
MPLADS-001494,CNT-001494,497442.15,0.9036
MPLADS-001495,CNT-001495,439916.91,0.6898
MPLADS-001496,CNT-001496,2639553.38,0.6231
MPLADS-001497,CNT-001497,2470230.41,0.8387
MPLADS-001498,CNT-001498,1084033.71,0.9393
MPLADS-001499,CNT-001499,512877.77,0.999
MPLADS-001500,CNT-001500,640313.27,0.6187
MPLADS-001501,CNT-001501,2719035.6,0.8718
MPLADS-001502,CNT-001502,188032.94,0.7353
MPLADS-001503,CNT-001503,2380276.68,0.7903
MPLADS-001504,CNT-001504,3101871.82,0.8662
MPLADS-001505,CNT-001505,492511.84,0.9323
MPLADS-001506,CNT-001506,2816918.18,0.6407
MPLADS-001507,CNT-001507,1026183.3,0.8224
MPLADS-001508,CNT-001508,1878766.3,0.9286
MPLADS-001509,CNT-001509,2990658.55,1.2577
MPLADS-001510,CNT-001510,396718.05,0.948
MPLADS-001511,CNT-001511,454652.94,0.7158
MPLADS-001512,CNT-001512,2475749.38,1.3691
MPLADS-001513,CNT-001513,854328.76,0.9891
MPLADS-001514,CNT-001514,2788374.48,0.9806
MPLADS-001515,CNT-001515,430860.07,0.8783
MPLADS-001516,CNT-001516,2347408.22,0.9963
MPLADS-001517,CNT-001517,432065.29,0.8472
MPLADS-001518,CNT-001518,3103353.1,0.8221
MPLADS-001519,CNT-001519,2944998.84,0.7921
MPLADS-001520,CNT-001520,774427.52,0.94
MPLADS-001521,CNT-001521,573823.78,0.6717
MPLADS-001522,CNT-001522,3934706.94,0.8407
MPLADS-001523,CNT-001523,1042635.27,1.2846
MPLADS-001524,CNT-001524,532145.29,0.7884
MPLADS-001525,CNT-001525,229714.82,0.8304
MPLADS-001526,CNT-001526,803126.43,0.787
MPLADS-001527,CNT-001527,7441157.14,0.7909
MPLADS-001528,CNT-001528,574719.47,0.9534
MPLADS-001529,CNT-001529,2739440.61,0.6654
MPLADS-001530,CNT-001530,3626859.21,0.8638
MPLADS-001531,CNT-001531,194104.39,0.9261
MPLADS-001532,CNT-001532,912064.16,0.9329
MPLADS-001533,CNT-001533,712499.65,0.8359
MPLADS-001534,CNT-001534,1965089.01,0.94
MPLADS-001535,CNT-001535,3342397.52,0.7851
MPLADS-001536,CNT-001536,472965.4,0.8922
MPLADS-001537,CNT-001537,3143681.31,0.9474
MPLADS-001538,CNT-001538,2417015.77,0.9998
MPLADS-001539,CNT-001539,2851742.21,0.6969
MPLADS-001540,CNT-001540,400797.94,0.673
MPLADS-001541,CNT-001541,2334432.48,0.8685
MPLADS-001542,CNT-001542,707799.32,0.7527
MPLADS-001543,CNT-001543,6431922.19,0.7583
MPLADS-001544,CNT-001544,1893827.05,0.723
MPLADS-001545,CNT-001545,2701299.03,1.293
MPLADS-001546,CNT-001546,203753.4,0.8215
MPLADS-001547,CNT-001547,437038.9,0.736
MPLADS-001548,CNT-001548,547594.9,0.7736
MPLADS-001549,CNT-001549,209343.87,0.8289
MPLADS-001550,CNT-001550,418616.73,0.6213
MPLADS-001551,CNT-001551,218664.65,0.9372
MPLADS-001552,CNT-001552,1725521.01,0.6948
MPLADS-001553,CNT-001553,710562.05,0.6523
MPLADS-001554,CNT-001554,1209659.48,0.6761
MPLADS-001555,CNT-001555,402381.73,1.0
MPLADS-001556,CNT-001556,2591739.03,0.926
MPLADS-001557,CNT-001557,2813570.91,0.7036
MPLADS-001558,CNT-001558,1986983.17,0.7821
MPLADS-001559,CNT-001559,910840.21,0.9955
MPLADS-001560,CNT-001560,550031.46,0.9026
MPLADS-001561,CNT-001561,981013.07,0.7359
MPLADS-001562,CNT-001562,2687718.1,0.7783
MPLADS-001563,CNT-001563,1579111.14,0.7952
MPLADS-001564,CNT-001564,3120277.2,0.9034
MPLADS-001565,CNT-001565,920902.66,0.7415
MPLADS-001566,CNT-001566,450947.15,0.9215
MPLADS-001567,CNT-001567,3422573.28,0.6057
MPLADS-001568,CNT-001568,536807.34,0.94
MPLADS-001569,CNT-001569,1094101.99,0.6019
MPLADS-001570,CNT-001570,1254417.17,0.6084
MPLADS-001571,CNT-001571,2330175.72,0.9503
MPLADS-001572,CNT-001572,1251049.61,0.7276
MPLADS-001573,CNT-001573,2277023.95,0.9061
MPLADS-001574,CNT-001574,672313.21,0.9527
MPLADS-001575,CNT-001575,3478926.54,0.9299
MPLADS-001576,CNT-001576,201329.64,0.8893
MPLADS-001577,CNT-001577,2155116.0,0.94
MPLADS-001578,CNT-001578,474801.06,0.6498
MPLADS-001579,CNT-001579,525245.3,0.9364
MPLADS-001580,CNT-001580,3528546.37,0.8002
MPLADS-001581,CNT-001581,669717.06,0.955
MPLADS-001582,CNT-001582,4883061.35,0.8834
MPLADS-001583,CNT-001583,1713224.25,1.302
MPLADS-001584,CNT-001584,3195912.3,0.8148
MPLADS-001585,CNT-001585,892812.2,0.9819
MPLADS-001586,CNT-001586,2701456.61,0.9043
MPLADS-001587,CNT-001587,1286243.41,0.8112
MPLADS-001588,CNT-001588,3139680.72,0.966
MPLADS-001589,CNT-001589,909751.42,0.9349
MPLADS-001590,CNT-001590,1141930.36,0.8212
MPLADS-001591,CNT-001591,458735.23,0.8381
MPLADS-001592,CNT-001592,7669904.54,0.9916
MPLADS-001593,CNT-001593,817293.27,0.94
MPLADS-001594,CNT-001594,512186.23,0.9473
MPLADS-001595,CNT-001595,3875691.15,1.2381
MPLADS-001596,CNT-001596,2912474.99,0.7048
MPLADS-001597,CNT-001597,2219601.0,0.7498
MPLADS-001598,CNT-001598,788914.61,0.94
MPLADS-001599,CNT-001599,396529.19,0.7873
MPLADS-001600,CNT-001600,1243425.26,0.6338
MPLADS-001601,CNT-001601,975812.38,0.94
MPLADS-001602,CNT-001602,934527.77,0.693
MPLADS-001603,CNT-001603,1841923.05,0.6421
MPLADS-001604,CNT-001604,492820.43,0.8031
MPLADS-001605,CNT-001605,1988876.72,1.3046
MPLADS-001606,CNT-001606,484739.55,1.4174
MPLADS-001607,CNT-001607,421690.47,0.9805
MPLADS-001608,CNT-001608,731219.85,0.9249
MPLADS-001609,CNT-001609,922424.26,0.8539
MPLADS-001610,CNT-001610,385725.14,0.8143
MPLADS-001611,CNT-001611,450284.27,0.94
MPLADS-001612,CNT-001612,788315.11,0.9098
MPLADS-001613,CNT-001613,232195.06,0.94
MPLADS-001614,CNT-001614,1706604.22,0.6011
MPLADS-001615,CNT-001615,1261731.18,0.6334
MPLADS-001616,CNT-001616,2483764.45,0.6269
MPLADS-001617,CNT-001617,3115815.09,0.6503
MPLADS-001618,CNT-001618,916993.98,0.8893
MPLADS-001619,CNT-001619,443394.97,0.7821
MPLADS-001620,CNT-001620,2949185.28,1.4289
MPLADS-001621,CNT-001621,474946.95,0.8615
MPLADS-001622,CNT-001622,440170.13,0.6338
MPLADS-001623,CNT-001623,195171.84,0.9361
MPLADS-001624,CNT-001624,3490888.86,0.6517
MPLADS-001625,CNT-001625,433320.44,1.0
MPLADS-001626,CNT-001626,6576182.61,0.8458
MPLADS-001627,CNT-001627,469753.77,0.7845
MPLADS-001628,CNT-001628,194879.83,0.9248
MPLADS-001629,CNT-001629,1781281.05,0.9261
MPLADS-001630,CNT-001630,3369435.97,1.0
MPLADS-001631,CNT-001631,792220.26,0.8037
MPLADS-001632,CNT-001632,2831417.21,0.8293
MPLADS-001633,CNT-001633,3057558.3,0.8001
MPLADS-001634,CNT-001634,784026.58,0.94
MPLADS-001635,CNT-001635,812709.09,0.702
MPLADS-001636,CNT-001636,1356452.73,0.7198
MPLADS-001637,CNT-001637,2176981.13,0.7673
MPLADS-001638,CNT-001638,1790727.96,0.7736
MPLADS-001639,CNT-001639,1313954.11,0.6157
MPLADS-001640,CNT-001640,872473.58,0.7413
MPLADS-001641,CNT-001641,1535980.25,0.94
MPLADS-001642,CNT-001642,1711331.99,0.8574
MPLADS-001643,CNT-001643,190018.99,0.8076
MPLADS-001644,CNT-001644,640695.79,0.7029
MPLADS-001645,CNT-001645,470619.25,0.6087
MPLADS-001646,CNT-001646,7256965.48,0.8777
MPLADS-001647,CNT-001647,1835487.11,0.9128
MPLADS-001648,CNT-001648,3453494.42,0.943
MPLADS-001649,CNT-001649,942796.57,0.8334
MPLADS-001650,CNT-001650,1841522.61,0.93
MPLADS-001651,CNT-001651,649499.23,0.6561
MPLADS-001652,CNT-001652,1599255.25,0.9111
MPLADS-001653,CNT-001653,2564434.37,0.6034
MPLADS-001654,CNT-001654,512115.98,0.82
MPLADS-001655,CNT-001655,1219052.51,0.9199
MPLADS-001656,CNT-001656,908477.88,0.6642
MPLADS-001657,CNT-001657,1146319.37,0.94
MPLADS-001658,CNT-001658,187048.75,0.6569
MPLADS-001659,CNT-001659,845447.82,0.6343
MPLADS-001660,CNT-001660,514431.64,0.8661
MPLADS-001661,CNT-001661,2499504.07,0.9129
MPLADS-001662,CNT-001662,1060137.95,0.8581
MPLADS-001663,CNT-001663,8212959.39,0.9479
MPLADS-001664,CNT-001664,218361.85,0.7855
MPLADS-001665,CNT-001665,1156506.79,0.7413
MPLADS-001666,CNT-001666,442498.11,0.9266
MPLADS-001667,CNT-001667,1256790.62,0.7806
MPLADS-001668,CNT-001668,442398.09,0.895
MPLADS-001669,CNT-001669,476382.8,0.7099
MPLADS-001670,CNT-001670,4765273.18,0.9158
MPLADS-001671,CNT-001671,1194496.42,0.7557
MPLADS-001672,CNT-001672,3168646.39,0.7381
MPLADS-001673,CNT-001673,454472.37,0.9639
MPLADS-001674,CNT-001674,5419903.25,0.8523
MPLADS-001675,CNT-001675,3242734.02,0.9507
MPLADS-001676,CNT-001676,1211498.98,0.7348
MPLADS-001677,CNT-001677,1804498.95,0.9566
MPLADS-001678,CNT-001678,7687079.13,0.8902
MPLADS-001679,CNT-001679,202332.88,0.7768
MPLADS-001680,CNT-001680,838957.39,0.8891
MPLADS-001681,CNT-001681,4265327.57,0.8254
MPLADS-001682,CNT-001682,3804943.13,0.8588
MPLADS-001683,CNT-001683,3009860.44,0.9769
MPLADS-001684,CNT-001684,486687.93,0.9971
MPLADS-001685,CNT-001685,237528.15,0.8347
MPLADS-001686,CNT-001686,2979673.33,0.6008
MPLADS-001687,CNT-001687,845606.5,0.6854
MPLADS-001688,CNT-001688,6817384.29,0.9691
MPLADS-001689,CNT-001689,1054762.04,0.6903
MPLADS-001690,CNT-001690,765323.71,0.8503
MPLADS-001691,CNT-001691,3809889.33,0.895
MPLADS-001692,CNT-001692,2679574.56,0.9967
MPLADS-001693,CNT-001693,488142.58,0.6174
MPLADS-001694,CNT-001694,447273.32,0.7633
MPLADS-001695,CNT-001695,444209.4,0.9829
MPLADS-001696,CNT-001696,1227060.01,0.7725
MPLADS-001697,CNT-001697,3053655.81,0.8081
MPLADS-001698,CNT-001698,2640397.28,0.723
MPLADS-001699,CNT-001699,1047787.59,0.7874
MPLADS-001700,CNT-001700,3973385.66,0.6471
MPLADS-001701,CNT-001701,1295834.21,0.8653
MPLADS-001702,CNT-001702,245915.2,0.6982
MPLADS-001703,CNT-001703,1652400.71,0.989
MPLADS-001704,CNT-001704,495827.56,0.9535
MPLADS-001705,CNT-001705,13841831.18,0.658
MPLADS-001706,CNT-001706,2568803.07,0.7925
MPLADS-001707,CNT-001707,2953145.76,0.7574
MPLADS-001708,CNT-001708,7094465.29,0.7549
MPLADS-001709,CNT-001709,738997.8,0.9709
MPLADS-001710,CNT-001710,3850774.74,0.7116
MPLADS-001711,CNT-001711,868770.44,0.9293
MPLADS-001712,CNT-001712,470097.64,0.8571
MPLADS-001713,CNT-001713,229204.89,0.6817
MPLADS-001714,CNT-001714,979998.41,0.7792
MPLADS-001715,CNT-001715,810436.24,0.8987
MPLADS-001716,CNT-001716,1233510.92,1.2278
MPLADS-001717,CNT-001717,3041458.5,1.2556
MPLADS-001718,CNT-001718,3013477.75,0.9257
MPLADS-001719,CNT-001719,6328430.62,0.9773
MPLADS-001720,CNT-001720,450085.08,0.9379
MPLADS-001721,CNT-001721,446626.03,0.7625
MPLADS-001722,CNT-001722,2741386.3,0.8196
MPLADS-001723,CNT-001723,508062.23,0.9263
MPLADS-001724,CNT-001724,800546.05,0.6165
MPLADS-001725,CNT-001725,6459857.32,0.7743
MPLADS-001726,CNT-001726,946314.98,0.6797
MPLADS-001727,CNT-001727,516122.53,0.9021
MPLADS-001728,CNT-001728,1148896.93,0.6348
MPLADS-001729,CNT-001729,976180.68,0.8256
MPLADS-001730,CNT-001730,893807.62,0.935
MPLADS-001731,CNT-001731,1774491.4,0.6808
MPLADS-001732,CNT-001732,2700775.94,0.7841
MPLADS-001733,CNT-001733,452679.26,0.6603
MPLADS-001734,CNT-001734,1314095.67,0.7958
MPLADS-001735,CNT-001735,8668914.96,0.9066
MPLADS-001736,CNT-001736,656894.53,0.9766
MPLADS-001737,CNT-001737,1311029.12,0.8461
MPLADS-001738,CNT-001738,1029843.95,0.919
MPLADS-001739,CNT-001739,1110190.87,0.9523
MPLADS-001740,CNT-001740,525482.13,1.2224
MPLADS-001741,CNT-001741,2302868.01,0.8031
MPLADS-001742,CNT-001742,208589.06,0.7987
MPLADS-001743,CNT-001743,2582882.01,0.8908
MPLADS-001744,CNT-001744,3402338.1,0.9922
MPLADS-001745,CNT-001745,1608989.41,0.8975
MPLADS-001746,CNT-001746,845572.07,0.764
MPLADS-001747,CNT-001747,498021.3,0.872
MPLADS-001748,CNT-001748,2440583.64,0.9611
MPLADS-001749,CNT-001749,1932700.42,0.8303
MPLADS-001750,CNT-001750,702839.07,0.8306
MPLADS-001751,CNT-001751,385015.19,0.6393
MPLADS-001752,CNT-001752,221479.37,0.7872
MPLADS-001753,CNT-001753,737936.79,0.9325
MPLADS-001754,CNT-001754,2592183.35,0.9174
MPLADS-001755,CNT-001755,1352775.07,0.6846
MPLADS-001756,CNT-001756,1280808.54,0.7175
MPLADS-001757,CNT-001757,941232.77,0.7097
MPLADS-001758,CNT-001758,3563024.4,0.7277
MPLADS-001759,CNT-001759,1679149.38,0.6644
MPLADS-001760,CNT-001760,1532464.52,0.8507
MPLADS-001761,CNT-001761,242840.46,0.7435
MPLADS-001762,CNT-001762,1662098.12,0.8788
MPLADS-001763,CNT-001763,1767252.97,0.6246
MPLADS-001764,CNT-001764,923278.06,0.9012
MPLADS-001765,CNT-001765,712139.95,0.9083
MPLADS-001766,CNT-001766,3675997.64,0.6108
MPLADS-001767,CNT-001767,510317.02,0.7916
MPLADS-001768,CNT-001768,476663.58,0.7824
MPLADS-001769,CNT-001769,1983038.85,0.6604
MPLADS-001770,CNT-001770,789796.26,0.8271
MPLADS-001771,CNT-001771,425677.17,0.8938
MPLADS-001772,CNT-001772,2959265.51,1.3494
MPLADS-001773,CNT-001773,196396.31,0.7988
MPLADS-001774,CNT-001774,2636664.49,0.8778
MPLADS-001775,CNT-001775,2247744.2,0.6183
MPLADS-001776,CNT-001776,2498568.33,0.9492
MPLADS-001777,CNT-001777,797567.61,0.9205
MPLADS-001778,CNT-001778,218328.9,0.94
MPLADS-001779,CNT-001779,801391.99,0.6681
MPLADS-001780,CNT-001780,515040.84,0.9031
MPLADS-001781,CNT-001781,211138.55,0.9985
MPLADS-001782,CNT-001782,251686.98,0.8483
MPLADS-001783,CNT-001783,2393355.77,0.6503
MPLADS-001784,CNT-001784,3535247.64,0.8128
MPLADS-001785,CNT-001785,1364121.04,0.6145
MPLADS-001786,CNT-001786,1759178.91,0.7307
MPLADS-001787,CNT-001787,674449.24,0.6863
MPLADS-001788,CNT-001788,1357952.19,0.7606
MPLADS-001789,CNT-001789,4462004.38,0.6023
MPLADS-001790,CNT-001790,2705014.8,0.9608
MPLADS-001791,CNT-001791,475913.4,0.8044
MPLADS-001792,CNT-001792,973930.36,0.6253
MPLADS-001793,CNT-001793,1335075.38,0.6221
MPLADS-001794,CNT-001794,3525031.19,0.8914
MPLADS-001795,CNT-001795,442024.77,0.6246
MPLADS-001796,CNT-001796,906364.44,0.7854
MPLADS-001797,CNT-001797,3270921.26,0.8627
MPLADS-001798,CNT-001798,3192527.06,0.7713
MPLADS-001799,CNT-001799,837592.99,0.9771
MPLADS-001800,CNT-001800,8360681.35,0.976
MPLADS-001801,CNT-001801,1098523.46,0.6691
MPLADS-001802,CNT-001802,1798488.44,0.7361
MPLADS-001803,CNT-001803,1959109.77,0.6608
MPLADS-001804,CNT-001804,12376855.3,0.6654
MPLADS-001805,CNT-001805,515973.64,0.9349
MPLADS-001806,CNT-001806,1030441.41,0.811
MPLADS-001807,CNT-001807,209179.39,0.9538
MPLADS-001808,CNT-001808,742810.92,0.9674
MPLADS-001809,CNT-001809,2688809.54,0.6092
MPLADS-001810,CNT-001810,738266.35,0.6612
MPLADS-001811,CNT-001811,1237409.87,0.6578
MPLADS-001812,CNT-001812,209834.99,0.6731
MPLADS-001813,CNT-001813,840684.69,0.9508
MPLADS-001814,CNT-001814,234029.8,0.775
MPLADS-001815,CNT-001815,2161531.24,0.7401
MPLADS-001816,CNT-001816,2401508.24,0.9668
MPLADS-001817,CNT-001817,200303.11,0.6711
MPLADS-001818,CNT-001818,2056862.5,0.8693
MPLADS-001819,CNT-001819,210491.56,0.7662
MPLADS-001820,CNT-001820,191651.39,0.9301
MPLADS-001821,CNT-001821,1170214.59,0.8316
MPLADS-001822,CNT-001822,2763724.82,0.9652
MPLADS-001823,CNT-001823,3826916.69,0.6828
MPLADS-001824,CNT-001824,1921608.24,0.7004
MPLADS-001825,CNT-001825,560235.31,0.8854
MPLADS-001826,CNT-001826,2841384.75,0.94
MPLADS-001827,CNT-001827,470738.34,0.6843
MPLADS-001828,CNT-001828,739617.44,0.7379
MPLADS-001829,CNT-001829,689743.34,0.7179
MPLADS-001830,CNT-001830,482882.68,0.7524
MPLADS-001831,CNT-001831,2920863.91,0.7796
MPLADS-001832,CNT-001832,1508597.91,0.8528
MPLADS-001833,CNT-001833,3356878.99,1.3797
MPLADS-001834,CNT-001834,979679.97,0.8942
MPLADS-001835,CNT-001835,827864.83,0.8717
MPLADS-001836,CNT-001836,1013797.63,0.9064
MPLADS-001837,CNT-001837,505020.35,0.6459
MPLADS-001838,CNT-001838,1191261.51,0.7468
MPLADS-001839,CNT-001839,4014424.84,0.9705
MPLADS-001840,CNT-001840,240710.62,0.6073
MPLADS-001841,CNT-001841,3994490.11,1.3151
MPLADS-001842,CNT-001842,2548450.92,0.9062
MPLADS-001843,CNT-001843,3006879.8,0.947
MPLADS-001844,CNT-001844,448886.72,0.6347
MPLADS-001845,CNT-001845,3567842.11,0.7085
MPLADS-001846,CNT-001846,3141679.97,0.9588
MPLADS-001847,CNT-001847,1033645.69,0.7233
MPLADS-001848,CNT-001848,3020128.34,0.948
MPLADS-001849,CNT-001849,1214253.1,0.94
MPLADS-001850,CNT-001850,515423.73,0.6068
MPLADS-001851,CNT-001851,2840227.64,0.664
MPLADS-001852,CNT-001852,891823.64,0.6611
MPLADS-001853,CNT-001853,224616.4,0.982
MPLADS-001854,CNT-001854,552885.86,0.6182
MPLADS-001855,CNT-001855,1246587.27,0.6322
MPLADS-001856,CNT-001856,3170456.91,0.6093
MPLADS-001857,CNT-001857,439805.25,0.7283
MPLADS-001858,CNT-001858,544741.2,1.2345
MPLADS-001859,CNT-001859,2985143.0,0.6281
MPLADS-001860,CNT-001860,2413359.79,0.6953
MPLADS-001861,CNT-001861,1783819.09,0.7543
MPLADS-001862,CNT-001862,2738373.05,0.6982
MPLADS-001863,CNT-001863,2726188.13,0.9944
MPLADS-001864,CNT-001864,8815381.96,0.9127
MPLADS-001865,CNT-001865,417188.44,0.6762
MPLADS-001866,CNT-001866,4154383.83,0.9711
MPLADS-001867,CNT-001867,214867.38,0.6956
MPLADS-001868,CNT-001868,1734106.47,0.6501
MPLADS-001869,CNT-001869,494805.35,0.9554
MPLADS-001870,CNT-001870,3228247.71,0.94
MPLADS-001871,CNT-001871,2623115.44,0.6028
MPLADS-001872,CNT-001872,3951057.65,0.7307
MPLADS-001873,CNT-001873,1831175.45,0.7224
MPLADS-001874,CNT-001874,236965.24,0.9278
MPLADS-001875,CNT-001875,1291194.01,0.6132
MPLADS-001876,CNT-001876,917891.0,0.9274
MPLADS-001877,CNT-001877,2395536.2,0.8586
MPLADS-001878,CNT-001878,2611885.91,0.6844
MPLADS-001879,CNT-001879,1705699.75,0.6376
MPLADS-001880,CNT-001880,9031015.28,0.7376
MPLADS-001881,CNT-001881,203571.51,0.9225
MPLADS-001882,CNT-001882,1153322.81,0.861
MPLADS-001883,CNT-001883,1799611.66,0.7678
MPLADS-001884,CNT-001884,1603174.31,0.7778
MPLADS-001885,CNT-001885,550287.94,0.6727
MPLADS-001886,CNT-001886,472387.56,0.7998
MPLADS-001887,CNT-001887,430266.56,0.8633
MPLADS-001888,CNT-001888,1068648.33,0.9015
MPLADS-001889,CNT-001889,699200.58,0.6796
MPLADS-001890,CNT-001890,248535.47,0.6437
MPLADS-001891,CNT-001891,2526066.52,0.6298
MPLADS-001892,CNT-001892,2830909.93,0.6325
MPLADS-001893,CNT-001893,847637.8,0.6359
MPLADS-001894,CNT-001894,1274351.56,0.9988
MPLADS-001895,CNT-001895,3755166.87,0.915
MPLADS-001896,CNT-001896,2401471.45,0.6866
MPLADS-001897,CNT-001897,427869.29,0.8348
MPLADS-001898,CNT-001898,970010.56,0.7505
MPLADS-001899,CNT-001899,1807148.08,0.8306
MPLADS-001900,CNT-001900,505945.58,0.6672
MPLADS-001901,CNT-001901,1242678.23,0.9451
MPLADS-001902,CNT-001902,1450267.8,0.6298
MPLADS-001903,CNT-001903,808431.83,0.7391
MPLADS-001904,CNT-001904,425701.9,0.8547
MPLADS-001905,CNT-001905,1855499.77,0.7345
MPLADS-001906,CNT-001906,385298.25,0.8812
MPLADS-001907,CNT-001907,2402014.62,0.8737
MPLADS-001908,CNT-001908,2125607.84,0.6282
MPLADS-001909,CNT-001909,2763939.71,0.9394
MPLADS-001910,CNT-001910,996778.37,0.9316
MPLADS-001911,CNT-001911,772984.24,0.7141
MPLADS-001912,CNT-001912,436531.68,0.8228
MPLADS-001913,CNT-001913,2860582.61,0.7492
MPLADS-001914,CNT-001914,2471157.67,0.88
MPLADS-001915,CNT-001915,844088.69,0.7604
MPLADS-001916,CNT-001916,3021715.76,0.837
MPLADS-001917,CNT-001917,3379310.9,0.8991
MPLADS-001918,CNT-001918,2447997.14,0.6954
MPLADS-001919,CNT-001919,1749997.78,0.8658
MPLADS-001920,CNT-001920,1246770.93,0.9223
MPLADS-001921,CNT-001921,1034258.59,0.7807
MPLADS-001922,CNT-001922,2384844.51,0.943
MPLADS-001923,CNT-001923,1734843.76,0.8645
MPLADS-001924,CNT-001924,2956032.64,0.8005
MPLADS-001925,CNT-001925,3070783.22,0.7485
MPLADS-001926,CNT-001926,1258288.4,0.7526
MPLADS-001927,CNT-001927,1624610.0,0.8111
MPLADS-001928,CNT-001928,1765526.3,0.7683
MPLADS-001929,CNT-001929,2129010.39,0.8488
MPLADS-001930,CNT-001930,228356.61,0.6862
MPLADS-001931,CNT-001931,6521150.57,0.691
MPLADS-001932,CNT-001932,444876.94,0.6087
MPLADS-001933,CNT-001933,2447523.99,0.7643
MPLADS-001934,CNT-001934,5400064.59,0.9252
MPLADS-001935,CNT-001935,5771934.03,0.6173
MPLADS-001936,CNT-001936,1198492.13,0.637
MPLADS-001937,CNT-001937,735483.69,0.94
MPLADS-001938,CNT-001938,190704.89,0.6922
MPLADS-001939,CNT-001939,430827.9,0.8008
MPLADS-001940,CNT-001940,519531.24,0.716
MPLADS-001941,CNT-001941,3110835.95,0.9617
MPLADS-001942,CNT-001942,482005.9,0.6415
MPLADS-001943,CNT-001943,12044913.58,0.7202
MPLADS-001944,CNT-001944,770342.96,0.9954
MPLADS-001945,CNT-001945,243342.96,0.8671
MPLADS-001946,CNT-001946,2902140.79,0.7559
MPLADS-001947,CNT-001947,2561009.19,0.6244
MPLADS-001948,CNT-001948,8563655.79,0.8587
MPLADS-001949,CNT-001949,3837061.66,0.8285
MPLADS-001950,CNT-001950,3911609.63,0.8452
MPLADS-001951,CNT-001951,3337107.52,0.7094
MPLADS-001952,CNT-001952,1157416.01,0.8181
MPLADS-001953,CNT-001953,815866.43,0.7809
MPLADS-001954,CNT-001954,3072519.11,0.8933
MPLADS-001955,CNT-001955,2795749.7,0.8413
MPLADS-001956,CNT-001956,1609295.54,0.9976
MPLADS-001957,CNT-001957,2191344.98,0.8886
MPLADS-001958,CNT-001958,2636162.25,0.9947
MPLADS-001959,CNT-001959,244841.27,0.8757
MPLADS-001960,CNT-001960,2439364.87,1.3044
MPLADS-001961,CNT-001961,485114.1,0.8268
MPLADS-001962,CNT-001962,1668273.26,0.7036
MPLADS-001963,CNT-001963,2300731.66,0.6657
MPLADS-001964,CNT-001964,1249927.82,0.7485
MPLADS-001965,CNT-001965,508622.28,0.998
MPLADS-001966,CNT-001966,2566863.22,0.6064
MPLADS-001967,CNT-001967,4299846.92,0.7876
MPLADS-001968,CNT-001968,994523.39,0.6491
MPLADS-001969,CNT-001969,5587713.47,0.9537
MPLADS-001970,CNT-001970,1901214.17,1.4469
MPLADS-001971,CNT-001971,241944.06,0.8088
MPLADS-001972,CNT-001972,3521347.14,0.7847
MPLADS-001973,CNT-001973,217735.27,0.9534
MPLADS-001974,CNT-001974,1955027.28,0.6867
MPLADS-001975,CNT-001975,445115.02,0.9493
MPLADS-001976,CNT-001976,663544.2,0.7353
MPLADS-001977,CNT-001977,1970860.99,0.6768
MPLADS-001978,CNT-001978,1832448.61,1.0
MPLADS-001979,CNT-001979,9404146.61,0.9792
MPLADS-001980,CNT-001980,3931393.64,0.6741
MPLADS-001981,CNT-001981,573773.32,0.6778
MPLADS-001982,CNT-001982,2065627.38,0.94
MPLADS-001983,CNT-001983,2464339.87,0.8564
MPLADS-001984,CNT-001984,2493387.78,0.7672
MPLADS-001985,CNT-001985,2711394.45,1.3977
MPLADS-001986,CNT-001986,669511.79,0.6604
MPLADS-001987,CNT-001987,2417049.68,0.9218
MPLADS-001988,CNT-001988,443711.11,0.7185
MPLADS-001989,CNT-001989,6746564.61,0.6091
MPLADS-001990,CNT-001990,1884103.87,0.8699
MPLADS-001991,CNT-001991,2395305.1,0.6717
MPLADS-001992,CNT-001992,2688679.03,0.7866
MPLADS-001993,CNT-001993,643958.59,0.651
MPLADS-001994,CNT-001994,856325.43,0.6014
MPLADS-001995,CNT-001995,1745267.78,0.8678
MPLADS-001996,CNT-001996,1737307.22,0.7957
MPLADS-001997,CNT-001997,215689.22,0.9197
MPLADS-001998,CNT-001998,390161.18,0.8368
MPLADS-001999,CNT-001999,1296307.15,0.9947
MPLADS-002000,CNT-002000,1672522.63,0.8019
MPLADS-002001,CNT-002001,2031397.91,0.8709
MPLADS-002002,CNT-002002,403605.89,0.7657
MPLADS-002003,CNT-002003,4909450.85,0.6369
MPLADS-002004,CNT-002004,727549.77,0.6698
MPLADS-002005,CNT-002005,3783275.73,0.6587
MPLADS-002006,CNT-002006,965960.67,0.7808
MPLADS-002007,CNT-002007,3959107.54,0.8825
MPLADS-002008,CNT-002008,206890.44,0.94
MPLADS-002009,CNT-002009,3490042.43,0.94
MPLADS-002010,CNT-002010,2210584.14,0.6236
MPLADS-002011,CNT-002011,509343.36,0.6769
MPLADS-002012,CNT-002012,1539502.79,0.7873
MPLADS-002013,CNT-002013,446809.43,0.921
MPLADS-002014,CNT-002014,3202519.31,0.8181
MPLADS-002015,CNT-002015,1663571.91,0.8081
MPLADS-002016,CNT-002016,833715.54,0.788
MPLADS-002017,CNT-002017,835759.07,1.3947
MPLADS-002018,CNT-002018,2397561.08,0.7278
MPLADS-002019,CNT-002019,3486061.71,0.6229
MPLADS-002020,CNT-002020,3707721.94,0.7146
MPLADS-002021,CNT-002021,3124657.31,0.7299
MPLADS-002022,CNT-002022,1101558.56,0.7704
MPLADS-002023,CNT-002023,2878669.39,0.615
MPLADS-002024,CNT-002024,210360.18,0.9599
MPLADS-002025,CNT-002025,462405.03,0.94
MPLADS-002026,CNT-002026,384603.94,0.8196
MPLADS-002027,CNT-002027,661927.0,0.695
MPLADS-002028,CNT-002028,1938853.45,0.7353
MPLADS-002029,CNT-002029,699777.93,0.6967
MPLADS-002030,CNT-002030,2679697.45,0.9655
MPLADS-002031,CNT-002031,766592.89,0.7608
MPLADS-002032,CNT-002032,879051.55,0.8643
MPLADS-002033,CNT-002033,8604944.46,0.9058
MPLADS-002034,CNT-002034,2252180.5,0.8033
MPLADS-002035,CNT-002035,1349916.32,0.7923
MPLADS-002036,CNT-002036,480510.25,0.8264
MPLADS-002037,CNT-002037,400901.88,0.7342
MPLADS-002038,CNT-002038,3093370.23,0.991
MPLADS-002039,CNT-002039,1593496.57,0.7679
MPLADS-002040,CNT-002040,1242185.52,0.6714
MPLADS-002041,CNT-002041,2444438.96,0.7026
MPLADS-002042,CNT-002042,727040.59,0.9824
MPLADS-002043,CNT-002043,250383.01,0.6763
MPLADS-002044,CNT-002044,831491.2,0.7341
MPLADS-002045,CNT-002045,837762.48,0.6955
MPLADS-002046,CNT-002046,3245482.87,0.6821
MPLADS-002047,CNT-002047,2054469.5,0.652
MPLADS-002048,CNT-002048,9571385.45,0.8834
MPLADS-002049,CNT-002049,494719.99,0.8846
MPLADS-002050,CNT-002050,805218.38,0.795
MPLADS-002051,CNT-002051,201287.59,0.7028
MPLADS-002052,CNT-002052,806380.64,0.9574
MPLADS-002053,CNT-002053,1246088.8,0.6737
MPLADS-002054,CNT-002054,459529.62,0.6032
MPLADS-002055,CNT-002055,735154.88,0.6647
MPLADS-002056,CNT-002056,437124.29,1.3807
MPLADS-002057,CNT-002057,780039.82,0.94
MPLADS-002058,CNT-002058,2933818.98,0.8407
MPLADS-002059,CNT-002059,2001203.13,0.7524
MPLADS-002060,CNT-002060,2636548.11,0.8029
MPLADS-002061,CNT-002061,2589185.17,0.728
MPLADS-002062,CNT-002062,810331.36,0.7106
MPLADS-002063,CNT-002063,1357891.25,0.6104
MPLADS-002064,CNT-002064,3017136.03,0.94
MPLADS-002065,CNT-002065,1917471.39,0.6922
MPLADS-002066,CNT-002066,1221000.36,0.7432
MPLADS-002067,CNT-002067,231454.67,0.7132
MPLADS-002068,CNT-002068,513639.88,0.8085
MPLADS-002069,CNT-002069,2806958.6,0.6513
MPLADS-002070,CNT-002070,3267062.13,0.7811
MPLADS-002071,CNT-002071,1072985.51,0.8237
MPLADS-002072,CNT-002072,3254695.7,1.0
MPLADS-002073,CNT-002073,771129.88,0.7566
MPLADS-002074,CNT-002074,1688164.56,0.9227
MPLADS-002075,CNT-002075,1588559.78,0.8574
MPLADS-002076,CNT-002076,1114637.94,0.7714
MPLADS-002077,CNT-002077,2470773.17,0.689
MPLADS-002078,CNT-002078,1806009.96,0.8159
MPLADS-002079,CNT-002079,507365.13,0.8642
MPLADS-002080,CNT-002080,1229002.21,0.9515
MPLADS-002081,CNT-002081,2658284.53,0.8486
MPLADS-002082,CNT-002082,3381797.44,0.9937
MPLADS-002083,CNT-002083,1708693.69,0.6828
MPLADS-002084,CNT-002084,875062.48,0.8958
MPLADS-002085,CNT-002085,1033152.74,0.94
MPLADS-002086,CNT-002086,1177495.32,0.6665
MPLADS-002087,CNT-002087,1599412.69,0.9849
MPLADS-002088,CNT-002088,769955.08,0.94
MPLADS-002089,CNT-002089,493490.77,1.2437
MPLADS-002090,CNT-002090,2458513.12,1.0
MPLADS-002091,CNT-002091,2282627.86,0.94
MPLADS-002092,CNT-002092,889023.59,0.7476
MPLADS-002093,CNT-002093,3418494.35,0.6461
MPLADS-002094,CNT-002094,430881.74,0.854
MPLADS-002095,CNT-002095,437930.76,0.94
MPLADS-002096,CNT-002096,3522963.01,0.94
MPLADS-002097,CNT-002097,2883486.68,0.7066
MPLADS-002098,CNT-002098,3504103.99,1.0
MPLADS-002099,CNT-002099,2382861.56,0.6388
MPLADS-002100,CNT-002100,477444.2,0.7535
MPLADS-002101,CNT-002101,9587107.22,0.6908
MPLADS-002102,CNT-002102,11045691.9,0.6735
MPLADS-002103,CNT-002103,467049.88,0.6377
MPLADS-002104,CNT-002104,250426.36,0.9311
MPLADS-002105,CNT-002105,2418679.93,0.8378
MPLADS-002106,CNT-002106,1553830.54,0.899
MPLADS-002107,CNT-002107,1665733.83,0.7706
MPLADS-002108,CNT-002108,1121005.43,0.6091
MPLADS-002109,CNT-002109,7084619.13,0.8847
MPLADS-002110,CNT-002110,775591.42,0.9141
MPLADS-002111,CNT-002111,490973.04,0.7714
MPLADS-002112,CNT-002112,1827347.66,0.6344
MPLADS-002113,CNT-002113,1542511.6,0.8905
MPLADS-002114,CNT-002114,2182000.29,0.7722
MPLADS-002115,CNT-002115,1115609.53,0.6399
MPLADS-002116,CNT-002116,3347731.13,0.6854
MPLADS-002117,CNT-002117,937538.93,0.9016
MPLADS-002118,CNT-002118,7362755.86,0.8787
MPLADS-002119,CNT-002119,245907.02,0.7437
MPLADS-002120,CNT-002120,1754607.99,0.8347
MPLADS-002121,CNT-002121,2414510.53,0.8122
MPLADS-002122,CNT-002122,5960447.7,0.6148
MPLADS-002123,CNT-002123,213882.99,0.94
MPLADS-002124,CNT-002124,10983147.91,0.6289
MPLADS-002125,CNT-002125,836854.99,0.6064
MPLADS-002126,CNT-002126,1670616.52,0.94
MPLADS-002127,CNT-002127,3662563.61,1.2766
MPLADS-002128,CNT-002128,3538340.49,0.9074
MPLADS-002129,CNT-002129,5208805.12,0.6268
MPLADS-002130,CNT-002130,809539.89,0.6141
MPLADS-002131,CNT-002131,2490578.55,0.9256
MPLADS-002132,CNT-002132,2315612.07,0.94
MPLADS-002133,CNT-002133,3371648.82,0.8775
MPLADS-002134,CNT-002134,519928.53,0.86
MPLADS-002135,CNT-002135,3510845.82,0.7808
MPLADS-002136,CNT-002136,2833998.02,0.7549
MPLADS-002137,CNT-002137,1644494.9,0.6296
MPLADS-002138,CNT-002138,1324470.02,0.8946
MPLADS-002139,CNT-002139,425757.34,0.8064
MPLADS-002140,CNT-002140,2767993.3,0.7833
MPLADS-002141,CNT-002141,470383.8,0.6648
MPLADS-002142,CNT-002142,458393.73,0.94
MPLADS-002143,CNT-002143,514130.4,0.9346
MPLADS-002144,CNT-002144,549399.37,0.781
MPLADS-002145,CNT-002145,187818.25,0.8308
MPLADS-002146,CNT-002146,2586817.02,0.789
MPLADS-002147,CNT-002147,489957.6,0.7464
MPLADS-002148,CNT-002148,697517.54,0.94
MPLADS-002149,CNT-002149,3031819.83,0.9951
MPLADS-002150,CNT-002150,2130208.41,0.6805
MPLADS-002151,CNT-002151,657088.82,0.6869
MPLADS-002152,CNT-002152,457516.31,0.8252
MPLADS-002153,CNT-002153,456079.54,0.7239
MPLADS-002154,CNT-002154,2964412.19,0.9118
MPLADS-002155,CNT-002155,830916.92,0.6976
MPLADS-002156,CNT-002156,1434745.73,0.6678
MPLADS-002157,CNT-002157,1944589.56,0.7841
MPLADS-002158,CNT-002158,1198026.98,0.7562
MPLADS-002159,CNT-002159,2269001.87,0.9482
MPLADS-002160,CNT-002160,252822.13,0.8729
MPLADS-002161,CNT-002161,4057452.98,0.9129
MPLADS-002162,CNT-002162,434422.81,0.6841
MPLADS-002163,CNT-002163,3185811.52,0.7199
MPLADS-002164,CNT-002164,2848825.04,0.6836
MPLADS-002165,CNT-002165,190789.23,0.8864
MPLADS-002166,CNT-002166,3401412.47,0.9774
MPLADS-002167,CNT-002167,1747531.41,0.6265
MPLADS-002168,CNT-002168,2592434.01,0.7615
MPLADS-002169,CNT-002169,1228349.8,0.7801
MPLADS-002170,CNT-002170,198725.97,0.8386
MPLADS-002171,CNT-002171,1337355.74,0.94
MPLADS-002172,CNT-002172,1829362.23,0.8021
MPLADS-002173,CNT-002173,607073.79,0.8795
MPLADS-002174,CNT-002174,796876.93,0.8902
MPLADS-002175,CNT-002175,251804.51,0.6814
MPLADS-002176,CNT-002176,2022924.39,0.9166
MPLADS-002177,CNT-002177,817075.02,0.9728
MPLADS-002178,CNT-002178,2807865.54,0.9933
MPLADS-002179,CNT-002179,768006.47,0.9517
MPLADS-002180,CNT-002180,3022065.6,0.8852
MPLADS-002181,CNT-002181,784178.06,1.4161
MPLADS-002182,CNT-002182,1853911.47,0.6747
MPLADS-002183,CNT-002183,767866.65,0.7808
MPLADS-002184,CNT-002184,1866250.27,0.8805
MPLADS-002185,CNT-002185,3689029.19,0.963
MPLADS-002186,CNT-002186,767693.77,0.7307
MPLADS-002187,CNT-002187,779145.67,0.6639
MPLADS-002188,CNT-002188,760643.54,0.7047
MPLADS-002189,CNT-002189,1095012.51,0.7923
MPLADS-002190,CNT-002190,946092.98,1.3603
MPLADS-002191,CNT-002191,831484.39,0.763
MPLADS-002192,CNT-002192,1545487.44,0.8661
MPLADS-002193,CNT-002193,484418.64,0.6432
MPLADS-002194,CNT-002194,11189000.34,0.9965
MPLADS-002195,CNT-002195,2559929.65,0.8833
MPLADS-002196,CNT-002196,1535518.13,1.2361
MPLADS-002197,CNT-002197,208671.96,0.7728
MPLADS-002198,CNT-002198,2347512.7,0.8871
MPLADS-002199,CNT-002199,958035.65,1.4026
MPLADS-002200,CNT-002200,2876975.33,0.9377
MPLADS-002201,CNT-002201,3376907.58,0.8815
MPLADS-002202,CNT-002202,480108.34,0.7915
MPLADS-002203,CNT-002203,1372237.77,0.94
MPLADS-002204,CNT-002204,202964.68,0.7541
MPLADS-002205,CNT-002205,3323587.5,0.6435
MPLADS-002206,CNT-002206,534746.92,0.8696
MPLADS-002207,CNT-002207,8311911.09,0.9107
MPLADS-002208,CNT-002208,940312.43,0.6771
MPLADS-002209,CNT-002209,853092.46,0.6063
MPLADS-002210,CNT-002210,1363526.54,0.94
MPLADS-002211,CNT-002211,2788176.49,0.7708
MPLADS-002212,CNT-002212,2660157.38,0.7701
MPLADS-002213,CNT-002213,384032.69,0.9085
MPLADS-002214,CNT-002214,3477916.11,0.7701
MPLADS-002215,CNT-002215,762458.22,0.6066
MPLADS-002216,CNT-002216,3052799.32,0.8117
MPLADS-002217,CNT-002217,9457884.23,0.6868
MPLADS-002218,CNT-002218,8253314.84,0.8219
MPLADS-002219,CNT-002219,910092.15,0.6058
MPLADS-002220,CNT-002220,410106.97,0.7511
MPLADS-002221,CNT-002221,199064.4,0.652
MPLADS-002222,CNT-002222,772281.9,0.7006
MPLADS-002223,CNT-002223,1968465.92,0.7379
MPLADS-002224,CNT-002224,1341954.59,0.9658
MPLADS-002225,CNT-002225,1741540.79,0.8096
MPLADS-002226,CNT-002226,3798570.37,0.755
MPLADS-002227,CNT-002227,3632112.66,0.9216
MPLADS-002228,CNT-002228,240571.56,0.6688
MPLADS-002229,CNT-002229,202142.96,0.7761
MPLADS-002230,CNT-002230,1248009.08,0.9333
MPLADS-002231,CNT-002231,2483185.41,0.6224
MPLADS-002232,CNT-002232,3230461.67,0.8717
MPLADS-002233,CNT-002233,1304903.76,0.9789
MPLADS-002234,CNT-002234,7403623.69,0.6618
MPLADS-002235,CNT-002235,2589904.66,0.8399
MPLADS-002236,CNT-002236,3532993.95,0.774
MPLADS-002237,CNT-002237,1644830.22,0.6622
MPLADS-002238,CNT-002238,2418776.23,0.7162
MPLADS-002239,CNT-002239,1117441.07,0.9919
MPLADS-002240,CNT-002240,461243.78,0.8755
MPLADS-002241,CNT-002241,664318.75,0.9392
MPLADS-002242,CNT-002242,2613749.34,0.8457
MPLADS-002243,CNT-002243,2040454.09,0.7609
MPLADS-002244,CNT-002244,771548.86,0.6231
MPLADS-002245,CNT-002245,1936609.52,0.6072
MPLADS-002246,CNT-002246,1032444.68,0.8218
MPLADS-002247,CNT-002247,2530469.29,0.6478
MPLADS-002248,CNT-002248,741160.23,0.664
MPLADS-002249,CNT-002249,218089.26,0.9545
MPLADS-002250,CNT-002250,1017769.86,1.2463
MPLADS-002251,CNT-002251,438166.4,0.9916
MPLADS-002252,CNT-002252,3775205.37,0.9964
MPLADS-002253,CNT-002253,3718148.6,0.891
MPLADS-002254,CNT-002254,709505.68,0.6782
MPLADS-002255,CNT-002255,458656.93,0.873
MPLADS-002256,CNT-002256,559075.49,0.6006
MPLADS-002257,CNT-002257,786275.14,0.7575
MPLADS-002258,CNT-002258,439045.39,0.7145
MPLADS-002259,CNT-002259,724093.37,0.858
MPLADS-002260,CNT-002260,1363699.94,0.8193
MPLADS-002261,CNT-002261,467475.09,0.9521
MPLADS-002262,CNT-002262,524191.22,0.6548
MPLADS-002263,CNT-002263,975059.35,1.0
MPLADS-002264,CNT-002264,2528622.77,1.3203
MPLADS-002265,CNT-002265,1080876.15,0.94
MPLADS-002266,CNT-002266,1342490.26,0.7384
MPLADS-002267,CNT-002267,196835.77,0.9168
MPLADS-002268,CNT-002268,839692.33,0.6935
MPLADS-002269,CNT-002269,779031.0,0.7142
MPLADS-002270,CNT-002270,966025.76,0.6113
MPLADS-002271,CNT-002271,480845.89,0.8915
MPLADS-002272,CNT-002272,6699552.16,0.9498
MPLADS-002273,CNT-002273,1679443.61,0.6279
MPLADS-002274,CNT-002274,209502.14,0.6514
MPLADS-002275,CNT-002275,2166310.17,0.9765
MPLADS-002276,CNT-002276,547762.07,0.9292
MPLADS-002277,CNT-002277,1300014.4,0.6622
MPLADS-002278,CNT-002278,786149.96,0.6003
MPLADS-002279,CNT-002279,233779.18,0.9345
MPLADS-002280,CNT-002280,1647575.43,0.849
MPLADS-002281,CNT-002281,571245.63,1.308
MPLADS-002282,CNT-002282,3223695.11,0.8353
MPLADS-002283,CNT-002283,2169309.74,0.8055
MPLADS-002284,CNT-002284,2548784.01,0.9643
MPLADS-002285,CNT-002285,1815470.06,0.9362
MPLADS-002286,CNT-002286,1180373.01,0.9778
MPLADS-002287,CNT-002287,813608.02,0.9821
MPLADS-002288,CNT-002288,451012.61,1.0
MPLADS-002289,CNT-002289,718515.97,0.895
MPLADS-002290,CNT-002290,5221684.42,0.667
MPLADS-002291,CNT-002291,12070906.73,0.6429
MPLADS-002292,CNT-002292,1193669.73,0.6836
MPLADS-002293,CNT-002293,437890.98,0.7328
MPLADS-002294,CNT-002294,3902274.7,0.9832
MPLADS-002295,CNT-002295,1903973.04,0.946
MPLADS-002296,CNT-002296,1009280.54,0.6376
MPLADS-002297,CNT-002297,2744182.59,0.7173
MPLADS-002298,CNT-002298,567367.66,0.6807
MPLADS-002299,CNT-002299,485366.72,0.9476
MPLADS-002300,CNT-002300,2613906.04,0.893
MPLADS-002301,CNT-002301,3179017.62,0.94
MPLADS-002302,CNT-002302,3982638.49,0.7446
MPLADS-002303,CNT-002303,1014216.16,1.2348
MPLADS-002304,CNT-002304,928583.16,0.94
MPLADS-002305,CNT-002305,2126089.32,0.8048
MPLADS-002306,CNT-002306,2146371.32,0.6786
MPLADS-002307,CNT-002307,972777.06,1.3206
MPLADS-002308,CNT-002308,980951.67,0.8178
MPLADS-002309,CNT-002309,2189733.96,0.94
MPLADS-002310,CNT-002310,3032411.71,0.8649
MPLADS-002311,CNT-002311,769394.54,0.8045
MPLADS-002312,CNT-002312,10901197.29,0.7903
MPLADS-002313,CNT-002313,242795.29,0.7525
MPLADS-002314,CNT-002314,2727872.67,0.9158
MPLADS-002315,CNT-002315,3086175.93,0.992
MPLADS-002316,CNT-002316,7358591.76,0.6602
MPLADS-002317,CNT-002317,650460.86,0.94
MPLADS-002318,CNT-002318,1207856.53,0.9325
MPLADS-002319,CNT-002319,206425.3,0.7243
MPLADS-002320,CNT-002320,3273022.55,0.6776
MPLADS-002321,CNT-002321,1961903.47,0.9597
MPLADS-002322,CNT-002322,705883.92,0.8995
MPLADS-002323,CNT-002323,452219.24,0.8727
MPLADS-002324,CNT-002324,547217.26,0.7662
MPLADS-002325,CNT-002325,1717897.69,0.8394
MPLADS-002326,CNT-002326,1185539.63,0.943
MPLADS-002327,CNT-002327,2208058.79,0.9002
MPLADS-002328,CNT-002328,1847158.56,0.7402
MPLADS-002329,CNT-002329,1074515.81,0.7312
MPLADS-002330,CNT-002330,227514.15,0.9333
MPLADS-002331,CNT-002331,1056911.53,0.7146
MPLADS-002332,CNT-002332,233814.08,0.8562
MPLADS-002333,CNT-002333,246121.26,0.7998
MPLADS-002334,CNT-002334,12887414.97,0.9857
MPLADS-002335,CNT-002335,2634774.26,0.6905
MPLADS-002336,CNT-002336,434945.85,0.6472
MPLADS-002337,CNT-002337,1633486.52,1.365
MPLADS-002338,CNT-002338,819584.45,0.979
MPLADS-002339,CNT-002339,510315.35,0.934
MPLADS-002340,CNT-002340,400000.35,0.9273
MPLADS-002341,CNT-002341,2545145.76,0.8045
MPLADS-002342,CNT-002342,766692.37,0.7142
MPLADS-002343,CNT-002343,4018621.25,0.6136
MPLADS-002344,CNT-002344,3507200.88,0.8469
MPLADS-002345,CNT-002345,3159032.67,0.6722
MPLADS-002346,CNT-002346,2960956.6,0.8431
MPLADS-002347,CNT-002347,9161507.05,0.7382
MPLADS-002348,CNT-002348,218375.44,0.8372
MPLADS-002349,CNT-002349,528866.01,0.8148
MPLADS-002350,CNT-002350,2549195.86,0.8355
MPLADS-002351,CNT-002351,234206.83,0.908
MPLADS-002352,CNT-002352,3500419.53,0.7563
MPLADS-002353,CNT-002353,1097528.97,0.9447
MPLADS-002354,CNT-002354,7670504.64,0.6902
MPLADS-002355,CNT-002355,3048859.12,0.9904
MPLADS-002356,CNT-002356,3597119.14,0.6807
MPLADS-002357,CNT-002357,244280.4,0.7705
MPLADS-002358,CNT-002358,1766580.21,0.6389
MPLADS-002359,CNT-002359,218965.44,0.9688
MPLADS-002360,CNT-002360,420105.87,1.0
MPLADS-002361,CNT-002361,818872.25,0.6468
MPLADS-002362,CNT-002362,407237.96,0.683
MPLADS-002363,CNT-002363,2570412.5,0.6505
MPLADS-002364,CNT-002364,3334104.52,0.9939
MPLADS-002365,CNT-002365,906218.03,0.8704
MPLADS-002366,CNT-002366,241488.64,0.9055
MPLADS-002367,CNT-002367,3117554.97,0.9713
MPLADS-002368,CNT-002368,793291.86,0.7659
MPLADS-002369,CNT-002369,197022.97,0.9226
MPLADS-002370,CNT-002370,193244.04,0.6542
MPLADS-002371,CNT-002371,3694705.52,0.7161
MPLADS-002372,CNT-002372,492736.31,0.789
MPLADS-002373,CNT-002373,2219271.28,0.9037
MPLADS-002374,CNT-002374,228118.65,0.8893
MPLADS-002375,CNT-002375,1023256.1,0.897
MPLADS-002376,CNT-002376,828422.52,0.94
MPLADS-002377,CNT-002377,860339.04,0.7269
MPLADS-002378,CNT-002378,2184747.19,0.7125
MPLADS-002379,CNT-002379,3148953.63,0.7053
MPLADS-002380,CNT-002380,6888395.79,0.6155
MPLADS-002381,CNT-002381,1864870.34,0.8627
MPLADS-002382,CNT-002382,782085.99,0.7657
MPLADS-002383,CNT-002383,3253185.16,0.7353
MPLADS-002384,CNT-002384,252064.13,0.6162
MPLADS-002385,CNT-002385,793375.65,0.8775
MPLADS-002386,CNT-002386,1715906.08,0.9142
MPLADS-002387,CNT-002387,438610.75,0.94
MPLADS-002388,CNT-002388,950923.76,0.9376
MPLADS-002389,CNT-002389,3120395.79,0.7495
MPLADS-002390,CNT-002390,188281.61,0.9372
MPLADS-002391,CNT-002391,680471.7,0.7833
MPLADS-002392,CNT-002392,3822970.53,0.7081
MPLADS-002393,CNT-002393,1669506.71,0.8164
MPLADS-002394,CNT-002394,2015998.47,1.3703
MPLADS-002395,CNT-002395,3039142.47,0.9819
MPLADS-002396,CNT-002396,486800.39,0.8238
MPLADS-002397,CNT-002397,243967.58,0.6632
MPLADS-002398,CNT-002398,408262.05,0.6048
MPLADS-002399,CNT-002399,477004.0,0.94
MPLADS-002400,CNT-002400,455552.43,0.7532
MPLADS-002401,CNT-002401,836545.09,0.823
MPLADS-002402,CNT-002402,507720.26,0.8894
MPLADS-002403,CNT-002403,540041.03,0.738
MPLADS-002404,CNT-002404,1150079.42,0.7754
MPLADS-002405,CNT-002405,9992179.34,0.8509
MPLADS-002406,CNT-002406,568567.92,0.8948
MPLADS-002407,CNT-002407,544394.77,0.8666
MPLADS-002408,CNT-002408,3742852.06,0.6639
MPLADS-002409,CNT-002409,1648823.92,0.7461
MPLADS-002410,CNT-002410,1920952.76,0.872
MPLADS-002411,CNT-002411,425647.4,1.0
MPLADS-002412,CNT-002412,1291954.3,0.7167
MPLADS-002413,CNT-002413,1730861.36,0.7812
MPLADS-002414,CNT-002414,940870.06,0.9747
MPLADS-002415,CNT-002415,2700570.52,0.6479
MPLADS-002416,CNT-002416,2442443.92,0.8112
MPLADS-002417,CNT-002417,1320086.12,0.6721
MPLADS-002418,CNT-002418,225153.43,0.6138
MPLADS-002419,CNT-002419,2863252.35,0.6657
MPLADS-002420,CNT-002420,2941457.88,0.9193
MPLADS-002421,CNT-002421,198756.18,0.6962
MPLADS-002422,CNT-002422,11598282.34,0.8821
MPLADS-002423,CNT-002423,3582053.36,0.6248
MPLADS-002424,CNT-002424,1908298.21,0.6137
MPLADS-002425,CNT-002425,460105.33,1.3599
MPLADS-002426,CNT-002426,915682.93,0.6945
MPLADS-002427,CNT-002427,2039095.36,0.676
MPLADS-002428,CNT-002428,921234.89,0.6973
MPLADS-002429,CNT-002429,3085310.95,0.8147
MPLADS-002430,CNT-002430,2031224.62,0.7493
MPLADS-002431,CNT-002431,3531610.77,0.9714
MPLADS-002432,CNT-002432,606392.47,0.6787
MPLADS-002433,CNT-002433,795641.21,0.9822
MPLADS-002434,CNT-002434,9128747.48,0.7206
MPLADS-002435,CNT-002435,227070.62,0.8238
MPLADS-002436,CNT-002436,2746576.9,0.9089
MPLADS-002437,CNT-002437,1461012.46,0.7483
MPLADS-002438,CNT-002438,3917921.6,1.0
MPLADS-002439,CNT-002439,219292.12,0.6053
MPLADS-002440,CNT-002440,1332675.38,0.6855
MPLADS-002441,CNT-002441,819955.24,0.8608
MPLADS-002442,CNT-002442,967339.61,0.6384
MPLADS-002443,CNT-002443,2031473.08,0.684
MPLADS-002444,CNT-002444,1936422.99,0.6462
MPLADS-002445,CNT-002445,1689717.22,0.9815
MPLADS-002446,CNT-002446,811773.88,0.8751
MPLADS-002447,CNT-002447,1194491.28,0.9946
MPLADS-002448,CNT-002448,839936.96,0.9229
MPLADS-002449,CNT-002449,209823.66,0.7117
MPLADS-002450,CNT-002450,537663.53,0.6582
MPLADS-002451,CNT-002451,893465.2,0.9472
MPLADS-002452,CNT-002452,2310487.15,0.6267
MPLADS-002453,CNT-002453,459138.67,0.6705
MPLADS-002454,CNT-002454,1282360.47,0.7527
MPLADS-002455,CNT-002455,3986128.48,0.8655
MPLADS-002456,CNT-002456,1093585.36,0.6119
MPLADS-002457,CNT-002457,1355924.74,0.8066
MPLADS-002458,CNT-002458,3385455.35,0.6413
MPLADS-002459,CNT-002459,1371973.08,0.94
MPLADS-002460,CNT-002460,2924593.04,0.9672
MPLADS-002461,CNT-002461,1217241.75,0.7578
MPLADS-002462,CNT-002462,1717248.0,0.6919
MPLADS-002463,CNT-002463,516268.66,0.67
MPLADS-002464,CNT-002464,1668783.58,0.6429
MPLADS-002465,CNT-002465,772104.53,0.9715
MPLADS-002466,CNT-002466,3197438.23,0.991
MPLADS-002467,CNT-002467,534934.32,0.9283
MPLADS-002468,CNT-002468,2466520.59,0.7992
MPLADS-002469,CNT-002469,839184.84,0.8254
MPLADS-002470,CNT-002470,531876.38,0.8026
MPLADS-002471,CNT-002471,1238494.9,0.9193
MPLADS-002472,CNT-002472,924059.99,0.6551
MPLADS-002473,CNT-002473,505740.32,0.9399
MPLADS-002474,CNT-002474,866309.54,0.94
MPLADS-002475,CNT-002475,2298414.45,0.6851
MPLADS-002476,CNT-002476,525317.05,0.6827
MPLADS-002477,CNT-002477,942857.95,0.9612
MPLADS-002478,CNT-002478,10504167.01,0.7933
MPLADS-002479,CNT-002479,249655.53,0.6228
MPLADS-002480,CNT-002480,3615299.7,0.7212
MPLADS-002481,CNT-002481,423349.59,0.9983
MPLADS-002482,CNT-002482,1146532.47,0.7204
MPLADS-002483,CNT-002483,3079378.26,0.6045
MPLADS-002484,CNT-002484,388896.57,1.3493
MPLADS-002485,CNT-002485,1668051.68,0.7013
MPLADS-002486,CNT-002486,9300380.57,0.7846
MPLADS-002487,CNT-002487,385615.79,0.7007
MPLADS-002488,CNT-002488,820455.03,0.963
MPLADS-002489,CNT-002489,972025.07,0.8935
MPLADS-002490,CNT-002490,514107.06,0.9387
MPLADS-002491,CNT-002491,3546341.91,0.7157
MPLADS-002492,CNT-002492,211812.56,0.8996
MPLADS-002493,CNT-002493,2922810.33,0.805
MPLADS-002494,CNT-002494,480707.45,0.7367
MPLADS-002495,CNT-002495,475794.42,0.8066
MPLADS-002496,CNT-002496,845510.55,0.94
MPLADS-002497,CNT-002497,3525998.79,0.7507
MPLADS-002498,CNT-002498,569964.22,0.7645
MPLADS-002499,CNT-002499,982586.26,0.9531
MPLADS-002500,CNT-002500,700694.88,0.8916
MPLADS-002501,CNT-002501,860694.39,0.7007
MPLADS-002502,CNT-002502,3152733.95,0.6455
MPLADS-002503,CNT-002503,3906672.92,0.8832
MPLADS-002504,CNT-002504,438101.56,0.9634
MPLADS-002505,CNT-002505,459151.05,0.7065
MPLADS-002506,CNT-002506,776010.54,0.7701
MPLADS-002507,CNT-002507,1353072.24,0.6881
MPLADS-002508,CNT-002508,714827.6,0.8031
MPLADS-002509,CNT-002509,405128.79,0.8267
MPLADS-002510,CNT-002510,240547.43,0.7174
MPLADS-002511,CNT-002511,3898796.34,0.674
MPLADS-002512,CNT-002512,246207.66,0.9003
MPLADS-002513,CNT-002513,885943.74,0.9209
MPLADS-002514,CNT-002514,10572931.56,0.6086
MPLADS-002515,CNT-002515,1095823.41,0.7154
MPLADS-002516,CNT-002516,6720280.31,0.6469
MPLADS-002517,CNT-002517,971226.83,0.6663
MPLADS-002518,CNT-002518,4456096.92,0.7621
MPLADS-002519,CNT-002519,3900657.21,0.675
MPLADS-002520,CNT-002520,1247922.41,0.7412
MPLADS-002521,CNT-002521,414995.01,0.8379
MPLADS-002522,CNT-002522,906471.9,0.8954
MPLADS-002523,CNT-002523,10179295.79,0.9038
MPLADS-002524,CNT-002524,425934.44,0.6005
MPLADS-002525,CNT-002525,863032.43,0.7567
MPLADS-002526,CNT-002526,2392693.98,0.9696
MPLADS-002527,CNT-002527,3462558.45,0.8273
MPLADS-002528,CNT-002528,4266195.74,0.9577
MPLADS-002529,CNT-002529,1155035.53,0.7392
MPLADS-002530,CNT-002530,1457648.89,0.8966
MPLADS-002531,CNT-002531,894395.65,0.976
MPLADS-002532,CNT-002532,1929210.11,0.7617
MPLADS-002533,CNT-002533,230210.45,0.94
MPLADS-002534,CNT-002534,478864.65,0.8324
MPLADS-002535,CNT-002535,3894389.75,0.6284
MPLADS-002536,CNT-002536,501509.97,0.819
MPLADS-002537,CNT-002537,870251.24,0.9297
MPLADS-002538,CNT-002538,562404.19,0.9766
MPLADS-002539,CNT-002539,3381103.42,0.7139
MPLADS-002540,CNT-002540,470462.27,1.2308
MPLADS-002541,CNT-002541,490708.81,0.6644
MPLADS-002542,CNT-002542,3129262.93,0.824
MPLADS-002543,CNT-002543,508105.91,0.9178
MPLADS-002544,CNT-002544,486814.18,0.9177
MPLADS-002545,CNT-002545,2745605.96,0.7611
MPLADS-002546,CNT-002546,404062.7,0.9177
MPLADS-002547,CNT-002547,2449611.02,0.8749
MPLADS-002548,CNT-002548,476460.82,0.6626
MPLADS-002549,CNT-002549,990255.47,0.9416
MPLADS-002550,CNT-002550,565652.65,0.7409
MPLADS-002551,CNT-002551,478211.86,1.4329
MPLADS-002552,CNT-002552,3435105.96,0.7636
MPLADS-002553,CNT-002553,481704.04,0.7677
MPLADS-002554,CNT-002554,1565741.21,0.8449
MPLADS-002555,CNT-002555,2060701.58,0.8059
MPLADS-002556,CNT-002556,3185115.97,0.9602
MPLADS-002557,CNT-002557,469289.0,0.77
MPLADS-002558,CNT-002558,784951.84,0.7217
MPLADS-002559,CNT-002559,199475.49,0.9461
MPLADS-002560,CNT-002560,503852.85,0.9971
MPLADS-002561,CNT-002561,1175001.11,0.8959
MPLADS-002562,CNT-002562,3776606.25,0.8426
MPLADS-002563,CNT-002563,10737122.53,0.8552
MPLADS-002564,CNT-002564,540791.31,1.3339
MPLADS-002565,CNT-002565,1351012.63,0.7452
MPLADS-002566,CNT-002566,3564468.9,0.7003
MPLADS-002567,CNT-002567,213145.6,0.7336
MPLADS-002568,CNT-002568,829977.33,0.94
MPLADS-002569,CNT-002569,2575177.05,0.956
MPLADS-002570,CNT-002570,824074.81,0.9667
MPLADS-002571,CNT-002571,2887713.93,0.7271
MPLADS-002572,CNT-002572,796280.0,0.8622
MPLADS-002573,CNT-002573,460616.62,0.6567
MPLADS-002574,CNT-002574,2804423.55,0.936
MPLADS-002575,CNT-002575,3121464.27,0.7845
MPLADS-002576,CNT-002576,2662515.2,0.7089
MPLADS-002577,CNT-002577,804547.72,0.6461
MPLADS-002578,CNT-002578,443666.89,0.8449
MPLADS-002579,CNT-002579,2999503.61,0.6187
MPLADS-002580,CNT-002580,9934902.81,0.7921
MPLADS-002581,CNT-002581,2976144.83,0.94
MPLADS-002582,CNT-002582,3953278.1,0.8945
MPLADS-002583,CNT-002583,508539.25,0.8628
MPLADS-002584,CNT-002584,1484198.21,0.6672
MPLADS-002585,CNT-002585,2885855.41,0.9287
MPLADS-002586,CNT-002586,2428401.72,0.7576
MPLADS-002587,CNT-002587,246071.99,0.8481
MPLADS-002588,CNT-002588,815029.41,0.8551
MPLADS-002589,CNT-002589,3354434.05,0.8578
MPLADS-002590,CNT-002590,1750788.24,1.3417
MPLADS-002591,CNT-002591,1263806.71,0.7708
MPLADS-002592,CNT-002592,2777776.92,0.94
MPLADS-002593,CNT-002593,213244.08,0.6852
MPLADS-002594,CNT-002594,2226561.41,0.9497
MPLADS-002595,CNT-002595,228211.35,0.622
MPLADS-002596,CNT-002596,198786.61,0.6815
MPLADS-002597,CNT-002597,602207.6,0.691
MPLADS-002598,CNT-002598,908683.27,0.94
MPLADS-002599,CNT-002599,839758.56,0.6313
MPLADS-002600,CNT-002600,805682.95,0.7765
MPLADS-002601,CNT-002601,551159.9,0.7619
MPLADS-002602,CNT-002602,812193.84,0.7295
MPLADS-002603,CNT-002603,1260047.76,0.94
MPLADS-002604,CNT-002604,5204061.46,0.8728
MPLADS-002605,CNT-002605,1169756.01,1.2344
MPLADS-002606,CNT-002606,1339205.42,0.8251
MPLADS-002607,CNT-002607,3005560.27,0.9021
MPLADS-002608,CNT-002608,869621.09,0.745
MPLADS-002609,CNT-002609,224793.86,0.8662
MPLADS-002610,CNT-002610,1029977.37,0.7602
MPLADS-002611,CNT-002611,889014.32,0.9333
MPLADS-002612,CNT-002612,2064731.36,0.9347
MPLADS-002613,CNT-002613,3006249.21,0.9401
MPLADS-002614,CNT-002614,512654.14,0.7804
MPLADS-002615,CNT-002615,1548719.86,0.857
MPLADS-002616,CNT-002616,446233.44,0.7363
MPLADS-002617,CNT-002617,3152001.52,0.9214
MPLADS-002618,CNT-002618,3061611.82,0.6741
MPLADS-002619,CNT-002619,2937177.03,0.7175
MPLADS-002620,CNT-002620,937717.86,0.6203
MPLADS-002621,CNT-002621,453910.83,0.6901
MPLADS-002622,CNT-002622,2467034.42,1.3723
MPLADS-002623,CNT-002623,2980671.38,0.6111
MPLADS-002624,CNT-002624,907792.37,0.907
MPLADS-002625,CNT-002625,483176.54,0.907
MPLADS-002626,CNT-002626,1813714.1,0.737
MPLADS-002627,CNT-002627,837817.28,0.8924
MPLADS-002628,CNT-002628,2993116.93,0.9657
MPLADS-002629,CNT-002629,396156.14,0.9773
MPLADS-002630,CNT-002630,1182225.1,0.9042
MPLADS-002631,CNT-002631,759343.03,0.702
MPLADS-002632,CNT-002632,1973211.77,0.7347
MPLADS-002633,CNT-002633,3477843.21,0.977
MPLADS-002634,CNT-002634,2954042.13,0.6184
MPLADS-002635,CNT-002635,2276209.36,0.9625
MPLADS-002636,CNT-002636,3334112.0,0.8437
MPLADS-002637,CNT-002637,498310.31,0.7787
MPLADS-002638,CNT-002638,417661.25,0.8219
MPLADS-002639,CNT-002639,446892.4,0.7367
MPLADS-002640,CNT-002640,456671.57,0.9263
MPLADS-002641,CNT-002641,793661.55,0.9682
MPLADS-002642,CNT-002642,1631174.16,0.9519
MPLADS-002643,CNT-002643,1518217.88,0.6466
MPLADS-002644,CNT-002644,1154424.47,0.7907
MPLADS-002645,CNT-002645,219198.96,0.9514
MPLADS-002646,CNT-002646,2541542.26,0.8003
MPLADS-002647,CNT-002647,1824961.5,0.9152
MPLADS-002648,CNT-002648,569073.41,0.6278
MPLADS-002649,CNT-002649,2791496.23,0.6503
MPLADS-002650,CNT-002650,1968802.99,0.8434
MPLADS-002651,CNT-002651,2298537.55,0.9221
MPLADS-002652,CNT-002652,814484.1,0.664
MPLADS-002653,CNT-002653,1850109.84,0.9106
MPLADS-002654,CNT-002654,552999.24,0.7155
MPLADS-002655,CNT-002655,472248.75,0.937
MPLADS-002656,CNT-002656,1780919.24,0.9945
MPLADS-002657,CNT-002657,467654.1,0.7826
MPLADS-002658,CNT-002658,509503.52,0.6376
MPLADS-002659,CNT-002659,2152045.07,1.3059
MPLADS-002660,CNT-002660,1801009.03,0.8592
MPLADS-002661,CNT-002661,3047112.16,0.9418
MPLADS-002662,CNT-002662,3172863.99,0.6791
MPLADS-002663,CNT-002663,1005924.37,1.0
MPLADS-002664,CNT-002664,982475.41,0.882
MPLADS-002665,CNT-002665,843761.51,0.7199
MPLADS-002666,CNT-002666,497839.76,0.9389
MPLADS-002667,CNT-002667,914239.61,0.8897
MPLADS-002668,CNT-002668,402714.3,1.2871
MPLADS-002669,CNT-002669,217049.09,1.4284
MPLADS-002670,CNT-002670,384438.87,0.8363
MPLADS-002671,CNT-002671,229590.44,0.7383
MPLADS-002672,CNT-002672,2427568.42,0.7672
MPLADS-002673,CNT-002673,2887262.4,0.9597
MPLADS-002674,CNT-002674,2305433.79,0.8457
MPLADS-002675,CNT-002675,1021754.75,0.8567
MPLADS-002676,CNT-002676,9396180.13,0.9613
MPLADS-002677,CNT-002677,2214555.87,0.6497
MPLADS-002678,CNT-002678,679612.37,0.7374
MPLADS-002679,CNT-002679,3198845.79,0.8497
MPLADS-002680,CNT-002680,727142.87,0.8274
MPLADS-002681,CNT-002681,907100.03,0.8878
MPLADS-002682,CNT-002682,515661.41,0.94
MPLADS-002683,CNT-002683,463746.47,0.7687
MPLADS-002684,CNT-002684,399509.73,0.9407
MPLADS-002685,CNT-002685,2504634.57,1.246
MPLADS-002686,CNT-002686,424465.98,0.6768
MPLADS-002687,CNT-002687,453036.03,0.7367
MPLADS-002688,CNT-002688,249577.77,0.9938
MPLADS-002689,CNT-002689,1138665.72,0.8289
MPLADS-002690,CNT-002690,8397121.46,0.8317
MPLADS-002691,CNT-002691,1236990.61,0.9362
MPLADS-002692,CNT-002692,522523.18,0.8298
MPLADS-002693,CNT-002693,1287804.46,0.73
MPLADS-002694,CNT-002694,1012263.66,0.6883
MPLADS-002695,CNT-002695,1078397.08,0.856
MPLADS-002696,CNT-002696,2672508.02,0.63
MPLADS-002697,CNT-002697,1190050.39,0.615
MPLADS-002698,CNT-002698,9933937.52,0.748
MPLADS-002699,CNT-002699,412216.59,0.9443
MPLADS-002700,CNT-002700,408723.98,0.8255
MPLADS-002701,CNT-002701,1966301.39,0.9464
MPLADS-002702,CNT-002702,8804357.14,0.7541
MPLADS-002703,CNT-002703,2777281.67,0.748
MPLADS-002704,CNT-002704,526828.44,0.9109
MPLADS-002705,CNT-002705,409649.74,0.7216
MPLADS-002706,CNT-002706,1191968.47,0.7095
MPLADS-002707,CNT-002707,1002946.39,0.9022
MPLADS-002708,CNT-002708,238936.0,0.7192
MPLADS-002709,CNT-002709,471398.01,0.6374
MPLADS-002710,CNT-002710,405319.47,0.6375
MPLADS-002711,CNT-002711,1362592.21,0.7139
MPLADS-002712,CNT-002712,3880630.49,0.9747
MPLADS-002713,CNT-002713,2624690.1,0.8294
MPLADS-002714,CNT-002714,2145475.3,0.7027
MPLADS-002715,CNT-002715,3624564.91,0.8342
MPLADS-002716,CNT-002716,2585626.35,0.955
MPLADS-002717,CNT-002717,818918.0,0.6384
MPLADS-002718,CNT-002718,533986.02,0.8471
MPLADS-002719,CNT-002719,470146.41,0.6975
MPLADS-002720,CNT-002720,845278.55,0.7328
MPLADS-002721,CNT-002721,972760.63,0.929
MPLADS-002722,CNT-002722,839062.05,0.6333
MPLADS-002723,CNT-002723,786562.55,0.889
MPLADS-002724,CNT-002724,795636.2,0.784
MPLADS-002725,CNT-002725,251399.21,1.0
MPLADS-002726,CNT-002726,2751563.07,0.9494
MPLADS-002727,CNT-002727,231531.81,0.9321
MPLADS-002728,CNT-002728,9687737.89,0.7668
MPLADS-002729,CNT-002729,492089.79,0.8089
MPLADS-002730,CNT-002730,745356.4,0.6133
MPLADS-002731,CNT-002731,2027932.51,0.6592
MPLADS-002732,CNT-002732,4614822.33,0.9209
MPLADS-002733,CNT-002733,1524422.54,0.9366
MPLADS-002734,CNT-002734,1912516.86,0.8678
MPLADS-002735,CNT-002735,1331459.49,0.7321
MPLADS-002736,CNT-002736,831767.08,0.9535
MPLADS-002737,CNT-002737,3095456.97,0.6095
MPLADS-002738,CNT-002738,3076536.92,0.9475
MPLADS-002739,CNT-002739,1082265.53,0.8618
MPLADS-002740,CNT-002740,3873618.11,0.8021
MPLADS-002741,CNT-002741,1315979.17,0.764
MPLADS-002742,CNT-002742,434247.18,0.6379
MPLADS-002743,CNT-002743,210148.77,0.7491
MPLADS-002744,CNT-002744,443329.94,0.879
MPLADS-002745,CNT-002745,3618654.15,0.7337
MPLADS-002746,CNT-002746,691851.94,0.9293
MPLADS-002747,CNT-002747,975669.55,0.6358
MPLADS-002748,CNT-002748,1989174.35,0.6893
MPLADS-002749,CNT-002749,2710967.81,0.6301
MPLADS-002750,CNT-002750,2293386.8,1.0
MPLADS-002751,CNT-002751,2775838.47,0.6925
MPLADS-002752,CNT-002752,218731.68,0.94
MPLADS-002753,CNT-002753,775805.41,0.8883
MPLADS-002754,CNT-002754,1026019.58,0.6286
MPLADS-002755,CNT-002755,914221.41,0.9607
MPLADS-002756,CNT-002756,1032503.99,0.7063
MPLADS-002757,CNT-002757,433185.25,0.8404
MPLADS-002758,CNT-002758,2727717.3,0.8151
MPLADS-002759,CNT-002759,482300.85,0.6095
MPLADS-002760,CNT-002760,3518707.81,1.3801
MPLADS-002761,CNT-002761,2781730.47,0.7642
MPLADS-002762,CNT-002762,2724998.74,0.94
MPLADS-002763,CNT-002763,842739.58,0.9615
MPLADS-002764,CNT-002764,1885347.02,0.7224
MPLADS-002765,CNT-002765,2363998.97,0.688
MPLADS-002766,CNT-002766,3152294.39,0.6108
MPLADS-002767,CNT-002767,240951.71,0.889
MPLADS-002768,CNT-002768,949289.94,0.7936
MPLADS-002769,CNT-002769,3537808.84,0.9478
MPLADS-002770,CNT-002770,230907.25,0.7743
MPLADS-002771,CNT-002771,1351493.37,0.7544
MPLADS-002772,CNT-002772,6159817.35,0.8445
MPLADS-002773,CNT-002773,3270412.54,0.6231
MPLADS-002774,CNT-002774,1263983.15,0.8513
MPLADS-002775,CNT-002775,2660802.84,0.9022
MPLADS-002776,CNT-002776,2328190.62,0.7541
MPLADS-002777,CNT-002777,490024.77,0.9858
MPLADS-002778,CNT-002778,9278468.8,0.9145
MPLADS-002779,CNT-002779,2799309.33,0.7164
MPLADS-002780,CNT-002780,1962633.12,0.9807
MPLADS-002781,CNT-002781,858579.2,0.6545
MPLADS-002782,CNT-002782,2209136.47,1.3611
MPLADS-002783,CNT-002783,196457.38,0.6886
MPLADS-002784,CNT-002784,3072731.96,0.7709
MPLADS-002785,CNT-002785,1980632.72,1.0
MPLADS-002786,CNT-002786,3729060.98,0.7644
MPLADS-002787,CNT-002787,898216.22,0.8643
MPLADS-002788,CNT-002788,1224600.48,0.7698
MPLADS-002789,CNT-002789,2609123.31,0.8059
MPLADS-002790,CNT-002790,885370.37,0.8466
MPLADS-002791,CNT-002791,860073.0,0.6431
MPLADS-002792,CNT-002792,1040187.79,0.7449
MPLADS-002793,CNT-002793,448647.76,0.9706
MPLADS-002794,CNT-002794,215827.04,0.6029
MPLADS-002795,CNT-002795,2805217.92,0.8906
MPLADS-002796,CNT-002796,561223.28,0.6406
MPLADS-002797,CNT-002797,211610.0,0.9729
MPLADS-002798,CNT-002798,2039902.11,0.7196
MPLADS-002799,CNT-002799,204336.85,0.7045
MPLADS-002800,CNT-002800,231603.78,0.8566
MPLADS-002801,CNT-002801,509246.73,0.94
MPLADS-002802,CNT-002802,660557.96,0.7122
MPLADS-002803,CNT-002803,2456492.52,0.6114
MPLADS-002804,CNT-002804,529815.3,0.6081
MPLADS-002805,CNT-002805,435940.74,0.886
MPLADS-002806,CNT-002806,1124231.81,0.7337
MPLADS-002807,CNT-002807,860397.09,0.688
MPLADS-002808,CNT-002808,712111.13,0.9969
MPLADS-002809,CNT-002809,1085917.58,0.8015
MPLADS-002810,CNT-002810,3108410.37,0.6137
MPLADS-002811,CNT-002811,525009.96,0.7266
MPLADS-002812,CNT-002812,501294.22,0.7787
MPLADS-002813,CNT-002813,800380.23,0.9434
MPLADS-002814,CNT-002814,2466466.39,1.3292
MPLADS-002815,CNT-002815,2132090.37,0.6956
MPLADS-002816,CNT-002816,1623685.0,0.7262
MPLADS-002817,CNT-002817,3092885.41,0.8103
MPLADS-002818,CNT-002818,496058.73,0.8286
MPLADS-002819,CNT-002819,3482362.6,0.6127
MPLADS-002820,CNT-002820,3753395.92,0.9526
MPLADS-002821,CNT-002821,2822488.41,0.7551
MPLADS-002822,CNT-002822,456494.13,0.9888
MPLADS-002823,CNT-002823,2548318.87,0.7651
MPLADS-002824,CNT-002824,2307687.03,0.6082
MPLADS-002825,CNT-002825,434748.4,0.8972
MPLADS-002826,CNT-002826,866467.19,0.6842
MPLADS-002827,CNT-002827,231711.81,0.7671
MPLADS-002828,CNT-002828,1322539.02,0.619
MPLADS-002829,CNT-002829,2025601.79,0.7796
MPLADS-002830,CNT-002830,839822.12,0.9257
MPLADS-002831,CNT-002831,219171.74,0.9467
MPLADS-002832,CNT-002832,569395.45,0.795
MPLADS-002833,CNT-002833,3764524.43,0.7697
MPLADS-002834,CNT-002834,2546562.49,0.8074
MPLADS-002835,CNT-002835,2327663.3,0.6611
MPLADS-002836,CNT-002836,2930639.83,0.6562
MPLADS-002837,CNT-002837,1302616.45,0.6524
MPLADS-002838,CNT-002838,482410.74,0.6738
MPLADS-002839,CNT-002839,2868289.44,0.8252
MPLADS-002840,CNT-002840,733132.99,0.7056
MPLADS-002841,CNT-002841,690828.52,1.0
MPLADS-002842,CNT-002842,795872.64,0.666
MPLADS-002843,CNT-002843,213661.71,0.94
MPLADS-002844,CNT-002844,985823.65,0.9375
MPLADS-002845,CNT-002845,3172793.59,0.9573
MPLADS-002846,CNT-002846,403592.67,0.8027
MPLADS-002847,CNT-002847,665710.58,1.3143
MPLADS-002848,CNT-002848,3412234.48,0.9988
MPLADS-002849,CNT-002849,202477.7,0.919
MPLADS-002850,CNT-002850,697301.25,0.94
MPLADS-002851,CNT-002851,525219.42,0.9898
MPLADS-002852,CNT-002852,1367182.44,0.8903
MPLADS-002853,CNT-002853,556942.45,0.6629
MPLADS-002854,CNT-002854,9413203.05,0.763
MPLADS-002855,CNT-002855,1055123.33,0.8193
MPLADS-002856,CNT-002856,3153839.73,0.627
MPLADS-002857,CNT-002857,1731149.38,1.4479
MPLADS-002858,CNT-002858,402404.05,0.752
MPLADS-002859,CNT-002859,195387.01,0.694
MPLADS-002860,CNT-002860,10103328.1,0.9815
MPLADS-002861,CNT-002861,909578.38,0.7601
MPLADS-002862,CNT-002862,445855.09,0.9097
MPLADS-002863,CNT-002863,556472.04,0.94
MPLADS-002864,CNT-002864,3956476.15,0.852
MPLADS-002865,CNT-002865,500104.59,0.94
MPLADS-002866,CNT-002866,2625983.11,0.8731
MPLADS-002867,CNT-002867,504199.08,1.4038
MPLADS-002868,CNT-002868,474404.71,0.7932
MPLADS-002869,CNT-002869,1659780.96,0.8105
MPLADS-002870,CNT-002870,1696227.22,0.6676
MPLADS-002871,CNT-002871,419235.21,0.7234
MPLADS-002872,CNT-002872,3153010.21,0.8346
MPLADS-002873,CNT-002873,2135145.03,0.9096
MPLADS-002874,CNT-002874,552052.39,0.9894
MPLADS-002875,CNT-002875,726074.83,0.9486
MPLADS-002876,CNT-002876,1159788.29,0.6714
MPLADS-002877,CNT-002877,912169.34,0.8454
MPLADS-002878,CNT-002878,771532.13,0.8836
MPLADS-002879,CNT-002879,2164349.04,1.0
MPLADS-002880,CNT-002880,1335777.3,0.7513
MPLADS-002881,CNT-002881,414352.67,0.94
MPLADS-002882,CNT-002882,409819.1,0.7742
MPLADS-002883,CNT-002883,11798734.48,0.7685
MPLADS-002884,CNT-002884,415279.27,0.8065
MPLADS-002885,CNT-002885,2508605.33,0.8907
MPLADS-002886,CNT-002886,3730105.59,0.6395
MPLADS-002887,CNT-002887,1006091.37,0.8731
MPLADS-002888,CNT-002888,1023691.96,0.6064
MPLADS-002889,CNT-002889,1851971.92,0.8606
MPLADS-002890,CNT-002890,2317966.78,0.8889
MPLADS-002891,CNT-002891,388444.51,0.6853
MPLADS-002892,CNT-002892,5422233.74,0.6457
MPLADS-002893,CNT-002893,2724174.84,0.6977
MPLADS-002894,CNT-002894,983929.4,0.7269
MPLADS-002895,CNT-002895,2496380.69,1.0
MPLADS-002896,CNT-002896,2938434.48,0.7401
MPLADS-002897,CNT-002897,2941146.93,0.9726
MPLADS-002898,CNT-002898,1018060.65,1.3149
MPLADS-002899,CNT-002899,1902590.6,0.6409
MPLADS-002900,CNT-002900,705901.61,0.9153
MPLADS-002901,CNT-002901,2677617.39,0.9046
MPLADS-002902,CNT-002902,3111145.67,0.6493
MPLADS-002903,CNT-002903,1816218.98,0.7362
MPLADS-002904,CNT-002904,2508627.79,0.7248
MPLADS-002905,CNT-002905,846669.77,1.0
MPLADS-002906,CNT-002906,3526938.06,0.997
MPLADS-002907,CNT-002907,561501.34,0.782
MPLADS-002908,CNT-002908,2779053.9,0.6936
MPLADS-002909,CNT-002909,652031.01,0.8055
MPLADS-002910,CNT-002910,2749083.97,0.8009
MPLADS-002911,CNT-002911,488517.98,1.4028
MPLADS-002912,CNT-002912,2390325.56,0.7936
MPLADS-002913,CNT-002913,1702291.51,0.9087
MPLADS-002914,CNT-002914,2246743.05,0.8967
MPLADS-002915,CNT-002915,792079.99,0.6836
MPLADS-002916,CNT-002916,7142026.53,0.6923
MPLADS-002917,CNT-002917,847128.87,0.6454
MPLADS-002918,CNT-002918,1246956.2,0.6548
MPLADS-002919,CNT-002919,418859.91,0.9261
MPLADS-002920,CNT-002920,5672435.35,0.8477
MPLADS-002921,CNT-002921,1163225.45,0.6901
MPLADS-002922,CNT-002922,483379.37,0.771
MPLADS-002923,CNT-002923,1812067.25,0.9694
MPLADS-002924,CNT-002924,12945650.93,0.8289
MPLADS-002925,CNT-002925,3843992.43,0.9293
MPLADS-002926,CNT-002926,3848157.27,0.94
MPLADS-002927,CNT-002927,199362.42,0.9439
MPLADS-002928,CNT-002928,198749.98,0.9726
MPLADS-002929,CNT-002929,970506.88,0.6531
MPLADS-002930,CNT-002930,484303.4,0.9374
MPLADS-002931,CNT-002931,1067574.4,0.94
MPLADS-002932,CNT-002932,798945.17,0.7313
MPLADS-002933,CNT-002933,1114546.95,0.9307
MPLADS-002934,CNT-002934,1802128.29,0.956
MPLADS-002935,CNT-002935,490831.97,0.9488
MPLADS-002936,CNT-002936,216007.23,0.9774
MPLADS-002937,CNT-002937,880275.29,0.6996
MPLADS-002938,CNT-002938,479429.75,0.7315
MPLADS-002939,CNT-002939,1321183.51,0.9756
MPLADS-002940,CNT-002940,202422.22,0.7951
MPLADS-002941,CNT-002941,1007118.14,0.649
MPLADS-002942,CNT-002942,1344173.05,0.6548
MPLADS-002943,CNT-002943,6344898.41,0.6302
MPLADS-002944,CNT-002944,1011386.63,0.94
MPLADS-002945,CNT-002945,683097.77,0.9998
MPLADS-002946,CNT-002946,510352.09,0.7097
MPLADS-002947,CNT-002947,998534.24,0.7514
MPLADS-002948,CNT-002948,807853.85,0.6186
MPLADS-002949,CNT-002949,2608898.05,0.9577
MPLADS-002950,CNT-002950,887177.3,0.6763
MPLADS-002951,CNT-002951,232364.54,0.7005
MPLADS-002952,CNT-002952,469334.47,0.7518
MPLADS-002953,CNT-002953,852986.3,0.8002
MPLADS-002954,CNT-002954,3193461.24,0.6277
MPLADS-002955,CNT-002955,3318586.22,0.7911
MPLADS-002956,CNT-002956,3969664.05,0.9269
MPLADS-002957,CNT-002957,457841.5,1.4011
MPLADS-002958,CNT-002958,947033.61,0.8592
MPLADS-002959,CNT-002959,2047720.59,0.9198
MPLADS-002960,CNT-002960,514561.51,0.844
MPLADS-002961,CNT-002961,1631990.07,0.9271
MPLADS-002962,CNT-002962,442111.94,1.4345
MPLADS-002963,CNT-002963,3200151.52,0.8353
MPLADS-002964,CNT-002964,504247.63,0.94
MPLADS-002965,CNT-002965,3555426.84,0.9476
MPLADS-002966,CNT-002966,2380761.24,0.7615
MPLADS-002967,CNT-002967,226580.11,0.7702
MPLADS-002968,CNT-002968,396058.24,0.9604
MPLADS-002969,CNT-002969,485213.35,0.8476
MPLADS-002970,CNT-002970,938614.19,0.6663
MPLADS-002971,CNT-002971,3003413.25,0.8749
MPLADS-002972,CNT-002972,3594648.91,0.7869
MPLADS-002973,CNT-002973,1092077.82,0.8231
MPLADS-002974,CNT-002974,3208896.82,0.6602
MPLADS-002975,CNT-002975,249510.84,0.9579
MPLADS-002976,CNT-002976,2498200.05,0.8947
MPLADS-002977,CNT-002977,2754140.08,0.781
MPLADS-002978,CNT-002978,1304498.78,0.6796
MPLADS-002979,CNT-002979,2667838.91,0.8703
MPLADS-002980,CNT-002980,3190208.85,0.94
MPLADS-002981,CNT-002981,826940.39,0.7444
MPLADS-002982,CNT-002982,738393.2,0.7685
MPLADS-002983,CNT-002983,566654.84,0.94
MPLADS-002984,CNT-002984,778289.83,0.7452
MPLADS-002985,CNT-002985,2635655.14,0.698
MPLADS-002986,CNT-002986,495873.86,0.6291
MPLADS-002987,CNT-002987,2854119.98,0.7922
MPLADS-002988,CNT-002988,1706576.12,0.7987
MPLADS-002989,CNT-002989,766895.14,1.4189
MPLADS-002990,CNT-002990,437759.5,1.3648
MPLADS-002991,CNT-002991,2767042.96,0.9427
MPLADS-002992,CNT-002992,536997.7,0.9288
MPLADS-002993,CNT-002993,5470886.74,0.6006
MPLADS-002994,CNT-002994,965067.51,1.0
MPLADS-002995,CNT-002995,2678378.56,0.6132
MPLADS-002996,CNT-002996,1903555.9,0.7965
MPLADS-002997,CNT-002997,433852.04,0.9414
MPLADS-002998,CNT-002998,219387.17,0.9705
MPLADS-002999,CNT-002999,670168.04,0.6145
MPLADS-003000,CNT-003000,2935150.0,0.8136
MPLADS-003001,CNT-003001,1114165.45,0.7757
MPLADS-003002,CNT-003002,216912.16,0.6797
MPLADS-003003,CNT-003003,1923014.49,1.0
MPLADS-003004,CNT-003004,3656465.25,0.7216
MPLADS-003005,CNT-003005,452658.02,0.692
MPLADS-003006,CNT-003006,225383.81,0.8655
MPLADS-003007,CNT-003007,3097492.59,0.6674
MPLADS-003008,CNT-003008,247378.23,0.7098
MPLADS-003009,CNT-003009,2502257.36,0.94
MPLADS-003010,CNT-003010,1630420.45,1.3112
MPLADS-003011,CNT-003011,3832248.58,0.8419
MPLADS-003012,CNT-003012,419060.79,0.6396
MPLADS-003013,CNT-003013,411943.85,0.8013
MPLADS-003014,CNT-003014,230079.14,0.7379
MPLADS-003015,CNT-003015,1178549.73,0.7487
MPLADS-003016,CNT-003016,1217168.45,0.7787
MPLADS-003017,CNT-003017,1810199.76,0.8088
MPLADS-003018,CNT-003018,1690676.98,0.9356
MPLADS-003019,CNT-003019,2244283.4,0.9243
MPLADS-003020,CNT-003020,2472109.53,0.9205
MPLADS-003021,CNT-003021,673581.5,0.7613
MPLADS-003022,CNT-003022,222297.07,0.8015
MPLADS-003023,CNT-003023,4373629.34,0.928
MPLADS-003024,CNT-003024,503384.64,0.6007
MPLADS-003025,CNT-003025,922353.4,0.8463
MPLADS-003026,CNT-003026,3219967.56,0.9345
MPLADS-003027,CNT-003027,2364955.95,0.6355
MPLADS-003028,CNT-003028,3262670.81,0.7876
MPLADS-003029,CNT-003029,1859384.03,0.6335
MPLADS-003030,CNT-003030,488274.27,0.6777
MPLADS-003031,CNT-003031,544570.33,0.6888
MPLADS-003032,CNT-003032,198283.52,0.9113
MPLADS-003033,CNT-003033,2757567.09,0.8943
MPLADS-003034,CNT-003034,3767502.8,0.9995
MPLADS-003035,CNT-003035,3422376.33,0.94
MPLADS-003036,CNT-003036,976368.84,0.79
MPLADS-003037,CNT-003037,955124.81,0.7978
MPLADS-003038,CNT-003038,2433876.2,0.6612
MPLADS-003039,CNT-003039,12091161.52,0.6361
MPLADS-003040,CNT-003040,678061.45,0.7415
MPLADS-003041,CNT-003041,2038957.88,0.8089
MPLADS-003042,CNT-003042,4279022.87,0.9051
MPLADS-003043,CNT-003043,433626.81,0.6599
MPLADS-003044,CNT-003044,2130595.12,0.7684
MPLADS-003045,CNT-003045,687745.81,0.7075
MPLADS-003046,CNT-003046,10811988.23,0.6501
MPLADS-003047,CNT-003047,2150409.3,0.6619
MPLADS-003048,CNT-003048,431271.11,0.7045
MPLADS-003049,CNT-003049,2487555.58,0.7377
MPLADS-003050,CNT-003050,226028.25,0.7194
MPLADS-003051,CNT-003051,3527346.76,1.3505
MPLADS-003052,CNT-003052,1257078.4,0.679
MPLADS-003053,CNT-003053,3321207.78,0.6739
MPLADS-003054,CNT-003054,10172640.2,0.788
MPLADS-003055,CNT-003055,1214011.82,1.2288
MPLADS-003056,CNT-003056,443522.15,0.7672
MPLADS-003057,CNT-003057,7889332.25,0.9492
MPLADS-003058,CNT-003058,1211276.07,0.8352
MPLADS-003059,CNT-003059,1902408.97,0.8825
MPLADS-003060,CNT-003060,441619.53,0.9517
MPLADS-003061,CNT-003061,3137947.19,0.6711
MPLADS-003062,CNT-003062,715259.36,0.8273
MPLADS-003063,CNT-003063,944745.22,0.8332
MPLADS-003064,CNT-003064,1695765.11,0.6643
MPLADS-003065,CNT-003065,2370534.39,0.913
MPLADS-003066,CNT-003066,1196288.48,0.6097
MPLADS-003067,CNT-003067,2409578.28,0.8937
MPLADS-003068,CNT-003068,3366385.41,0.744
MPLADS-003069,CNT-003069,5842206.4,0.9786
MPLADS-003070,CNT-003070,962531.81,0.7905
MPLADS-003071,CNT-003071,470071.51,0.94
MPLADS-003072,CNT-003072,769363.26,0.9357
MPLADS-003073,CNT-003073,908857.38,0.8387
MPLADS-003074,CNT-003074,2688805.78,0.9523
MPLADS-003075,CNT-003075,242007.03,0.892
MPLADS-003076,CNT-003076,512443.06,0.873
MPLADS-003077,CNT-003077,397869.3,1.2608
MPLADS-003078,CNT-003078,2856278.47,1.0
MPLADS-003079,CNT-003079,1075648.97,0.8023
MPLADS-003080,CNT-003080,562254.7,1.0
MPLADS-003081,CNT-003081,1674006.22,0.7524
MPLADS-003082,CNT-003082,1577634.84,0.825
MPLADS-003083,CNT-003083,3109847.57,0.981
MPLADS-003084,CNT-003084,2270811.07,0.8823
MPLADS-003085,CNT-003085,197702.98,0.734
MPLADS-003086,CNT-003086,218986.55,0.8167
MPLADS-003087,CNT-003087,758167.42,0.8424
MPLADS-003088,CNT-003088,3079627.96,1.0
MPLADS-003089,CNT-003089,477966.88,0.77
MPLADS-003090,CNT-003090,2053496.9,1.0
MPLADS-003091,CNT-003091,3164111.28,0.6784
MPLADS-003092,CNT-003092,482570.11,0.8939
MPLADS-003093,CNT-003093,509239.89,0.9648
MPLADS-003094,CNT-003094,827761.13,0.7647
MPLADS-003095,CNT-003095,250423.6,0.9633
MPLADS-003096,CNT-003096,10924401.89,0.7338
MPLADS-003097,CNT-003097,3548993.66,0.7788
MPLADS-003098,CNT-003098,642398.87,0.8979
MPLADS-003099,CNT-003099,245645.56,0.94
MPLADS-003100,CNT-003100,2675950.61,0.94
MPLADS-003101,CNT-003101,3030765.22,0.8166
MPLADS-003102,CNT-003102,737096.74,0.6619
MPLADS-003103,CNT-003103,771202.13,0.65
MPLADS-003104,CNT-003104,1828723.47,0.6644
MPLADS-003105,CNT-003105,968463.51,0.7123
MPLADS-003106,CNT-003106,2821604.39,0.8556
MPLADS-003107,CNT-003107,1639704.18,0.9139
MPLADS-003108,CNT-003108,669321.68,0.9971
MPLADS-003109,CNT-003109,7368234.8,0.6299
MPLADS-003110,CNT-003110,2749900.0,0.7228
MPLADS-003111,CNT-003111,3016196.77,0.8867
MPLADS-003112,CNT-003112,3969155.56,0.7285
MPLADS-003113,CNT-003113,1068108.34,0.7909
MPLADS-003114,CNT-003114,2479969.64,0.94
MPLADS-003115,CNT-003115,3060801.47,0.9485
MPLADS-003116,CNT-003116,9506985.63,0.7968
MPLADS-003117,CNT-003117,939998.53,0.8992
MPLADS-003118,CNT-003118,1164542.41,0.9857
MPLADS-003119,CNT-003119,2389660.48,0.9722
MPLADS-003120,CNT-003120,215072.38,0.6169
MPLADS-003121,CNT-003121,3141698.18,0.9122
MPLADS-003122,CNT-003122,855447.28,0.7391
MPLADS-003123,CNT-003123,1886183.17,0.8873
MPLADS-003124,CNT-003124,471715.47,0.6064
MPLADS-003125,CNT-003125,2688930.52,0.6787
MPLADS-003126,CNT-003126,476780.23,0.94
MPLADS-003127,CNT-003127,3693506.77,0.6358
MPLADS-003128,CNT-003128,458121.06,0.9533
MPLADS-003129,CNT-003129,947125.15,0.9028
MPLADS-003130,CNT-003130,2894428.13,0.6711
MPLADS-003131,CNT-003131,1037293.05,0.7433
MPLADS-003132,CNT-003132,2227826.17,0.9089
MPLADS-003133,CNT-003133,444881.45,0.9088
MPLADS-003134,CNT-003134,3103078.93,0.6721
MPLADS-003135,CNT-003135,7938414.5,0.6164
MPLADS-003136,CNT-003136,2752979.18,0.9405
MPLADS-003137,CNT-003137,3011465.89,0.7283
MPLADS-003138,CNT-003138,820533.74,0.6446
MPLADS-003139,CNT-003139,199655.7,0.9608
MPLADS-003140,CNT-003140,2767326.49,0.8958
MPLADS-003141,CNT-003141,2512091.55,0.94
MPLADS-003142,CNT-003142,1339786.36,0.7268
MPLADS-003143,CNT-003143,1863622.15,0.6943
MPLADS-003144,CNT-003144,3893394.67,0.6508
MPLADS-003145,CNT-003145,459026.11,0.9262
MPLADS-003146,CNT-003146,2585666.67,0.9455
MPLADS-003147,CNT-003147,3802249.66,0.9048
MPLADS-003148,CNT-003148,224713.24,0.7068
MPLADS-003149,CNT-003149,602041.19,0.7615
MPLADS-003150,CNT-003150,2823789.64,0.8146
MPLADS-003151,CNT-003151,2505512.57,0.9304
MPLADS-003152,CNT-003152,2545992.03,0.7158
MPLADS-003153,CNT-003153,3667234.05,1.0
MPLADS-003154,CNT-003154,834165.48,0.9641
MPLADS-003155,CNT-003155,6803156.13,0.8665
MPLADS-003156,CNT-003156,467768.35,0.8883
MPLADS-003157,CNT-003157,187028.28,0.9289
MPLADS-003158,CNT-003158,803094.16,0.8961
MPLADS-003159,CNT-003159,217949.93,0.966
MPLADS-003160,CNT-003160,755272.23,0.9214
MPLADS-003161,CNT-003161,2044645.25,0.8507
MPLADS-003162,CNT-003162,465743.85,0.6973
MPLADS-003163,CNT-003163,1116686.04,0.721
MPLADS-003164,CNT-003164,2487132.4,0.873
MPLADS-003165,CNT-003165,3921318.24,0.874
MPLADS-003166,CNT-003166,659276.19,0.6938
MPLADS-003167,CNT-003167,433928.03,0.8604
MPLADS-003168,CNT-003168,2668330.31,0.8052
MPLADS-003169,CNT-003169,2412416.35,0.9874
MPLADS-003170,CNT-003170,212152.23,0.6919
MPLADS-003171,CNT-003171,740285.51,0.9824
MPLADS-003172,CNT-003172,454647.34,0.9208
MPLADS-003173,CNT-003173,4356120.19,0.6243
MPLADS-003174,CNT-003174,1307183.45,0.8461
MPLADS-003175,CNT-003175,516563.74,0.7322
MPLADS-003176,CNT-003176,221353.07,0.8701
MPLADS-003177,CNT-003177,2330358.16,0.7427
MPLADS-003178,CNT-003178,3501279.94,0.6808
MPLADS-003179,CNT-003179,417446.78,0.9319
MPLADS-003180,CNT-003180,860564.0,0.6138
MPLADS-003181,CNT-003181,2921541.85,0.6802
MPLADS-003182,CNT-003182,3356256.4,0.8883
MPLADS-003183,CNT-003183,2965055.98,0.9752
MPLADS-003184,CNT-003184,196212.77,0.9484
MPLADS-003185,CNT-003185,228739.5,1.4433
MPLADS-003186,CNT-003186,250799.2,0.9495
MPLADS-003187,CNT-003187,814193.93,0.9201
MPLADS-003188,CNT-003188,1803796.41,0.63
MPLADS-003189,CNT-003189,715884.05,0.8978
MPLADS-003190,CNT-003190,1768712.66,0.6191
MPLADS-003191,CNT-003191,456336.4,0.7933
MPLADS-003192,CNT-003192,553429.49,0.7104
MPLADS-003193,CNT-003193,1332372.57,0.9334
MPLADS-003194,CNT-003194,453856.98,0.9013
MPLADS-003195,CNT-003195,455225.92,0.6661
MPLADS-003196,CNT-003196,3552310.6,0.7424
MPLADS-003197,CNT-003197,2731556.41,0.9113
MPLADS-003198,CNT-003198,242658.51,0.6833
MPLADS-003199,CNT-003199,1592682.33,0.9038
MPLADS-003200,CNT-003200,1414644.71,0.7452
MPLADS-003201,CNT-003201,744453.76,0.6994
MPLADS-003202,CNT-003202,1246013.58,0.9589
MPLADS-003203,CNT-003203,439374.93,0.7962
MPLADS-003204,CNT-003204,835848.61,0.8694
MPLADS-003205,CNT-003205,2269846.77,0.6111
MPLADS-003206,CNT-003206,787385.13,0.6954
MPLADS-003207,CNT-003207,2927885.61,0.785
MPLADS-003208,CNT-003208,1738415.49,0.6028
MPLADS-003209,CNT-003209,1351401.73,0.8385
MPLADS-003210,CNT-003210,823940.38,0.8553
MPLADS-003211,CNT-003211,1624847.58,0.8111
MPLADS-003212,CNT-003212,1992591.16,0.8637
MPLADS-003213,CNT-003213,505677.38,0.6893
MPLADS-003214,CNT-003214,11188692.03,0.9688
MPLADS-003215,CNT-003215,9821806.18,0.6875
MPLADS-003216,CNT-003216,852493.54,0.9742
MPLADS-003217,CNT-003217,3090475.92,0.9366
MPLADS-003218,CNT-003218,2767335.32,1.277
MPLADS-003219,CNT-003219,2142571.79,1.0
MPLADS-003220,CNT-003220,488815.69,0.6191
MPLADS-003221,CNT-003221,3009779.52,0.6981
MPLADS-003222,CNT-003222,1702745.36,0.8786
MPLADS-003223,CNT-003223,453672.3,0.9246
MPLADS-003224,CNT-003224,3195188.84,0.6966
MPLADS-003225,CNT-003225,3886447.52,0.8826
MPLADS-003226,CNT-003226,2388033.39,0.8441
MPLADS-003227,CNT-003227,3490000.97,0.758
MPLADS-003228,CNT-003228,4001183.44,0.7808
MPLADS-003229,CNT-003229,9973069.71,0.9151
MPLADS-003230,CNT-003230,2225868.63,0.9725
MPLADS-003231,CNT-003231,3572754.78,0.7905
MPLADS-003232,CNT-003232,2543904.22,0.7673
MPLADS-003233,CNT-003233,1583132.23,0.86
MPLADS-003234,CNT-003234,1282702.05,0.6685
MPLADS-003235,CNT-003235,559805.62,0.9682
MPLADS-003236,CNT-003236,3987997.11,0.6673
MPLADS-003237,CNT-003237,2782744.12,0.7763
MPLADS-003238,CNT-003238,216015.82,0.8545
MPLADS-003239,CNT-003239,1652347.72,0.7969
MPLADS-003240,CNT-003240,971311.55,0.8804
MPLADS-003241,CNT-003241,6785172.93,0.639
MPLADS-003242,CNT-003242,9850760.57,0.8213
MPLADS-003243,CNT-003243,1726105.39,0.994
MPLADS-003244,CNT-003244,2652640.41,0.931
MPLADS-003245,CNT-003245,3009624.54,0.6762
MPLADS-003246,CNT-003246,2812809.84,0.7018
MPLADS-003247,CNT-003247,4000729.87,1.3345
MPLADS-003248,CNT-003248,476093.58,0.8618
MPLADS-003249,CNT-003249,495985.45,0.6162
MPLADS-003250,CNT-003250,568032.03,0.6337
MPLADS-003251,CNT-003251,811501.1,0.6646
MPLADS-003252,CNT-003252,2701138.07,0.9908
MPLADS-003253,CNT-003253,1051513.37,0.7945
MPLADS-003254,CNT-003254,1243442.48,0.9794
MPLADS-003255,CNT-003255,2715215.26,0.7308
MPLADS-003256,CNT-003256,472153.81,0.8769
MPLADS-003257,CNT-003257,3456590.75,0.688
MPLADS-003258,CNT-003258,1425712.99,0.6463
MPLADS-003259,CNT-003259,527770.82,0.6541
MPLADS-003260,CNT-003260,548176.54,0.789
MPLADS-003261,CNT-003261,512048.61,0.8768
MPLADS-003262,CNT-003262,203942.56,1.0
MPLADS-003263,CNT-003263,2644617.82,0.8483
MPLADS-003264,CNT-003264,2605924.02,0.9309
MPLADS-003265,CNT-003265,2858032.72,1.2404
MPLADS-003266,CNT-003266,1021423.58,0.7802
MPLADS-003267,CNT-003267,989960.42,0.9721
MPLADS-003268,CNT-003268,227950.57,0.6748
MPLADS-003269,CNT-003269,3158635.15,0.9398
MPLADS-003270,CNT-003270,3292300.81,0.8481
MPLADS-003271,CNT-003271,249925.02,0.9446
MPLADS-003272,CNT-003272,727613.28,0.94
MPLADS-003273,CNT-003273,3097585.65,1.3263
MPLADS-003274,CNT-003274,4109760.93,0.7531
MPLADS-003275,CNT-003275,2656089.76,0.94
MPLADS-003276,CNT-003276,2763716.83,0.8825
MPLADS-003277,CNT-003277,509373.44,0.7537
MPLADS-003278,CNT-003278,510846.46,0.8852
MPLADS-003279,CNT-003279,3501186.83,0.9305
MPLADS-003280,CNT-003280,3578965.3,0.9073
MPLADS-003281,CNT-003281,2792132.81,0.9781
MPLADS-003282,CNT-003282,1804983.65,0.7027
MPLADS-003283,CNT-003283,1324205.56,0.9542
MPLADS-003284,CNT-003284,746027.31,0.6307
MPLADS-003285,CNT-003285,1572317.42,0.9594
MPLADS-003286,CNT-003286,3088639.36,0.6219
MPLADS-003287,CNT-003287,9802687.62,0.9686
MPLADS-003288,CNT-003288,650992.66,0.9047
MPLADS-003289,CNT-003289,218326.96,0.9258
MPLADS-003290,CNT-003290,3213870.77,0.668
MPLADS-003291,CNT-003291,1675961.29,0.6321
MPLADS-003292,CNT-003292,498894.99,0.9603
MPLADS-003293,CNT-003293,3390386.28,0.8196
MPLADS-003294,CNT-003294,205707.75,0.9619
MPLADS-003295,CNT-003295,3794341.29,0.7667
MPLADS-003296,CNT-003296,218531.06,0.7764
MPLADS-003297,CNT-003297,3012482.67,0.7046
MPLADS-003298,CNT-003298,469042.36,0.6052
MPLADS-003299,CNT-003299,470555.59,0.8489
MPLADS-003300,CNT-003300,491425.59,0.9514
MPLADS-003301,CNT-003301,968989.51,0.8391
MPLADS-003302,CNT-003302,10167435.32,0.691
MPLADS-003303,CNT-003303,6960403.26,0.9916
MPLADS-003304,CNT-003304,2680767.65,0.6345
MPLADS-003305,CNT-003305,468630.76,0.8293
MPLADS-003306,CNT-003306,1024878.78,0.7186
MPLADS-003307,CNT-003307,529724.9,0.805
MPLADS-003308,CNT-003308,1431109.75,0.6689
MPLADS-003309,CNT-003309,561934.24,0.94
MPLADS-003310,CNT-003310,2272333.48,0.7719
MPLADS-003311,CNT-003311,3070134.18,0.6603
MPLADS-003312,CNT-003312,489019.28,0.6341
MPLADS-003313,CNT-003313,1176306.52,0.7936
MPLADS-003314,CNT-003314,1903510.64,0.7575
MPLADS-003315,CNT-003315,489874.77,0.6133
MPLADS-003316,CNT-003316,231115.75,0.6388
MPLADS-003317,CNT-003317,4016447.52,0.721
MPLADS-003318,CNT-003318,9657903.13,0.6485
MPLADS-003319,CNT-003319,811955.2,0.6786
MPLADS-003320,CNT-003320,474846.8,0.7914
MPLADS-003321,CNT-003321,3182316.03,0.7809
MPLADS-003322,CNT-003322,473583.5,0.9905
MPLADS-003323,CNT-003323,12135395.13,0.9972
MPLADS-003324,CNT-003324,512574.32,0.6008
MPLADS-003325,CNT-003325,856622.31,0.7108
MPLADS-003326,CNT-003326,517181.32,0.8023
MPLADS-003327,CNT-003327,1657351.88,0.895
MPLADS-003328,CNT-003328,543289.15,0.6661
MPLADS-003329,CNT-003329,792743.1,0.8641
MPLADS-003330,CNT-003330,494330.52,0.6631
MPLADS-003331,CNT-003331,995000.21,0.6368
MPLADS-003332,CNT-003332,823743.74,0.7278
MPLADS-003333,CNT-003333,464755.26,0.6114
MPLADS-003334,CNT-003334,1802035.36,0.8527
MPLADS-003335,CNT-003335,6829055.31,0.9388
MPLADS-003336,CNT-003336,2716282.31,0.723
MPLADS-003337,CNT-003337,496498.09,0.9739
MPLADS-003338,CNT-003338,737997.1,0.8291
MPLADS-003339,CNT-003339,224043.35,0.94
MPLADS-003340,CNT-003340,2383664.8,1.387
MPLADS-003341,CNT-003341,1643389.64,0.9244
MPLADS-003342,CNT-003342,2455981.41,0.7843
MPLADS-003343,CNT-003343,1780813.24,0.8719
MPLADS-003344,CNT-003344,802569.17,0.94
MPLADS-003345,CNT-003345,491435.22,1.3008
MPLADS-003346,CNT-003346,3114131.06,0.9904
MPLADS-003347,CNT-003347,935448.3,0.9469
MPLADS-003348,CNT-003348,522908.61,0.7544
MPLADS-003349,CNT-003349,3091741.5,0.8721
MPLADS-003350,CNT-003350,831884.03,0.7031
MPLADS-003351,CNT-003351,812917.12,0.7958
MPLADS-003352,CNT-003352,2878156.88,0.8719
MPLADS-003353,CNT-003353,1312382.42,0.9753
MPLADS-003354,CNT-003354,11913163.51,0.9024
MPLADS-003355,CNT-003355,2772785.39,0.8953
MPLADS-003356,CNT-003356,822811.67,0.6675
MPLADS-003357,CNT-003357,3821772.26,0.7354
MPLADS-003358,CNT-003358,902521.19,0.6724
MPLADS-003359,CNT-003359,3858428.88,0.7964
MPLADS-003360,CNT-003360,2660928.48,0.7579
MPLADS-003361,CNT-003361,3105193.58,0.6516
MPLADS-003362,CNT-003362,2848675.75,0.9445
MPLADS-003363,CNT-003363,221654.64,0.9759
MPLADS-003364,CNT-003364,212017.57,0.7104
MPLADS-003365,CNT-003365,2759388.31,0.8739
MPLADS-003366,CNT-003366,2439961.23,0.8812
MPLADS-003367,CNT-003367,1026645.56,0.6811
MPLADS-003368,CNT-003368,3336055.13,0.6068
MPLADS-003369,CNT-003369,3761634.68,0.6854
MPLADS-003370,CNT-003370,3634507.86,0.7492
MPLADS-003371,CNT-003371,2655357.08,0.6803
MPLADS-003372,CNT-003372,2019626.03,0.7874
MPLADS-003373,CNT-003373,1132320.76,0.7037
MPLADS-003374,CNT-003374,1779373.93,0.9363
MPLADS-003375,CNT-003375,741661.25,0.8241
MPLADS-003376,CNT-003376,538935.93,0.7099
MPLADS-003377,CNT-003377,531177.29,0.7758
MPLADS-003378,CNT-003378,249721.34,0.7717
MPLADS-003379,CNT-003379,785307.05,0.6309
MPLADS-003380,CNT-003380,1362251.97,0.8622
MPLADS-003381,CNT-003381,818332.81,0.6206
MPLADS-003382,CNT-003382,518247.98,0.6778
MPLADS-003383,CNT-003383,2482670.84,0.8891
MPLADS-003384,CNT-003384,235443.31,0.7396
MPLADS-003385,CNT-003385,3153295.06,0.6971
MPLADS-003386,CNT-003386,3211443.08,0.6601
MPLADS-003387,CNT-003387,2515678.65,0.6491
MPLADS-003388,CNT-003388,1818654.33,1.3328
MPLADS-003389,CNT-003389,3979197.06,0.7648
MPLADS-003390,CNT-003390,2533503.9,0.7846
MPLADS-003391,CNT-003391,2792043.62,0.7706
MPLADS-003392,CNT-003392,2673792.39,0.719
MPLADS-003393,CNT-003393,820193.16,0.6575
MPLADS-003394,CNT-003394,520777.39,1.0
MPLADS-003395,CNT-003395,2913610.35,0.8006
MPLADS-003396,CNT-003396,230931.11,0.6295
MPLADS-003397,CNT-003397,3013512.64,0.7029
MPLADS-003398,CNT-003398,652698.78,0.7631
MPLADS-003399,CNT-003399,3555987.59,0.7584
MPLADS-003400,CNT-003400,795959.36,0.94
MPLADS-003401,CNT-003401,505825.77,0.94
MPLADS-003402,CNT-003402,2970441.56,0.9271
MPLADS-003403,CNT-003403,3242008.2,0.9393
MPLADS-003404,CNT-003404,398294.1,0.8346
MPLADS-003405,CNT-003405,3108551.05,0.94
MPLADS-003406,CNT-003406,2846111.29,0.8527
MPLADS-003407,CNT-003407,3139570.0,1.3989
MPLADS-003408,CNT-003408,2876601.23,0.8373
MPLADS-003409,CNT-003409,1536465.4,0.8052
MPLADS-003410,CNT-003410,812324.05,0.7445
MPLADS-003411,CNT-003411,1196847.7,0.9476
MPLADS-003412,CNT-003412,847183.67,0.9376
MPLADS-003413,CNT-003413,767877.2,0.6982
MPLADS-003414,CNT-003414,2253388.66,0.802
MPLADS-003415,CNT-003415,449622.59,0.8929
MPLADS-003416,CNT-003416,679202.9,0.9387
MPLADS-003417,CNT-003417,3292091.69,0.701
MPLADS-003418,CNT-003418,196720.12,0.94
MPLADS-003419,CNT-003419,572853.05,0.8967
MPLADS-003420,CNT-003420,884735.86,0.9759
MPLADS-003421,CNT-003421,2830084.56,0.7548
MPLADS-003422,CNT-003422,1722636.19,0.8878
MPLADS-003423,CNT-003423,7263939.31,0.6692
MPLADS-003424,CNT-003424,433037.35,0.7759
MPLADS-003425,CNT-003425,249841.62,1.0
MPLADS-003426,CNT-003426,230512.19,0.6185
MPLADS-003427,CNT-003427,2899891.59,0.9093
MPLADS-003428,CNT-003428,1205445.87,0.7968
MPLADS-003429,CNT-003429,3398311.37,0.9696
MPLADS-003430,CNT-003430,1315706.19,0.6049
MPLADS-003431,CNT-003431,1643518.62,0.9392
MPLADS-003432,CNT-003432,1105541.81,0.8969
MPLADS-003433,CNT-003433,1247284.4,0.7134
MPLADS-003434,CNT-003434,1625300.67,0.6238
MPLADS-003435,CNT-003435,1638707.87,0.7146
MPLADS-003436,CNT-003436,6776283.18,0.8342
MPLADS-003437,CNT-003437,867911.89,0.6807
MPLADS-003438,CNT-003438,1595113.95,0.6922
MPLADS-003439,CNT-003439,1259416.61,0.9541
MPLADS-003440,CNT-003440,2765408.78,0.8371
MPLADS-003441,CNT-003441,3365635.61,0.7581
MPLADS-003442,CNT-003442,839880.42,0.7514
MPLADS-003443,CNT-003443,2165095.19,0.6015
MPLADS-003444,CNT-003444,451059.98,0.7766
MPLADS-003445,CNT-003445,427840.5,0.6564
MPLADS-003446,CNT-003446,799410.48,0.7635
MPLADS-003447,CNT-003447,440586.92,0.8026
MPLADS-003448,CNT-003448,1854551.38,0.9657
MPLADS-003449,CNT-003449,3645267.76,1.3429
MPLADS-003450,CNT-003450,859691.11,0.6471
MPLADS-003451,CNT-003451,450362.1,0.94
MPLADS-003452,CNT-003452,3550442.03,0.6944
MPLADS-003453,CNT-003453,675907.17,0.8975
MPLADS-003454,CNT-003454,2515915.08,0.6396
MPLADS-003455,CNT-003455,3622684.32,0.7004
MPLADS-003456,CNT-003456,958121.25,0.9802
MPLADS-003457,CNT-003457,1238526.03,0.9683
MPLADS-003458,CNT-003458,420484.14,0.9638
MPLADS-003459,CNT-003459,478421.44,0.6956
MPLADS-003460,CNT-003460,441098.9,1.0
MPLADS-003461,CNT-003461,241065.06,0.63
MPLADS-003462,CNT-003462,2169930.69,0.8334
MPLADS-003463,CNT-003463,2013693.09,0.6451
MPLADS-003464,CNT-003464,198999.21,0.6064
MPLADS-003465,CNT-003465,1549268.08,0.9921
MPLADS-003466,CNT-003466,2610568.94,0.6933
MPLADS-003467,CNT-003467,231393.93,0.6286
MPLADS-003468,CNT-003468,450424.78,0.6261
MPLADS-003469,CNT-003469,1214545.99,0.832
MPLADS-003470,CNT-003470,1023942.65,0.9759
MPLADS-003471,CNT-003471,3508833.47,0.8294
MPLADS-003472,CNT-003472,2995925.57,1.0
MPLADS-003473,CNT-003473,838001.41,0.9433
MPLADS-003474,CNT-003474,224953.81,0.7989
MPLADS-003475,CNT-003475,3682599.54,0.9653
MPLADS-003476,CNT-003476,907799.69,0.7093
MPLADS-003477,CNT-003477,1937900.58,0.8448
MPLADS-003478,CNT-003478,2776504.33,0.94
MPLADS-003479,CNT-003479,480633.93,0.7366
MPLADS-003480,CNT-003480,212839.36,0.9413
MPLADS-003481,CNT-003481,3256226.99,0.8617
MPLADS-003482,CNT-003482,1640403.53,0.9701
MPLADS-003483,CNT-003483,191031.19,0.783
MPLADS-003484,CNT-003484,437038.71,0.7923
MPLADS-003485,CNT-003485,563818.11,0.8829
MPLADS-003486,CNT-003486,399495.85,0.8704
MPLADS-003487,CNT-003487,1220589.65,0.7632
MPLADS-003488,CNT-003488,215621.3,0.9924
MPLADS-003489,CNT-003489,3865041.51,0.9181
MPLADS-003490,CNT-003490,189081.39,0.8365
MPLADS-003491,CNT-003491,2863478.4,1.2242
MPLADS-003492,CNT-003492,2654807.78,0.9511
MPLADS-003493,CNT-003493,716760.44,0.8579
MPLADS-003494,CNT-003494,1787888.01,0.6773
MPLADS-003495,CNT-003495,515519.64,0.6316
MPLADS-003496,CNT-003496,819493.26,0.7022
MPLADS-003497,CNT-003497,1223565.39,0.9809
MPLADS-003498,CNT-003498,1444229.96,0.7531
MPLADS-003499,CNT-003499,648318.94,0.9226
MPLADS-003500,CNT-003500,7401699.75,0.6992
MPLADS-003501,CNT-003501,498325.44,0.8247
MPLADS-003502,CNT-003502,3266954.84,0.8368
MPLADS-003503,CNT-003503,227152.07,0.6095
MPLADS-003504,CNT-003504,455477.43,0.6151
MPLADS-003505,CNT-003505,467685.38,0.9741
MPLADS-003506,CNT-003506,2240799.54,0.654
MPLADS-003507,CNT-003507,1782298.83,0.6326
MPLADS-003508,CNT-003508,729038.27,0.6444
MPLADS-003509,CNT-003509,3298178.41,0.7582
MPLADS-003510,CNT-003510,3213837.39,0.8151
MPLADS-003511,CNT-003511,509030.98,0.9433
MPLADS-003512,CNT-003512,2014368.56,0.799
MPLADS-003513,CNT-003513,2262395.31,0.9441
MPLADS-003514,CNT-003514,2980931.19,0.6783
MPLADS-003515,CNT-003515,9972790.65,0.8591
MPLADS-003516,CNT-003516,516704.16,0.6569
MPLADS-003517,CNT-003517,3112068.49,0.9179
MPLADS-003518,CNT-003518,3903481.29,0.8686
MPLADS-003519,CNT-003519,708361.05,0.6223
MPLADS-003520,CNT-003520,785792.96,0.94
MPLADS-003521,CNT-003521,2868147.32,0.7613
MPLADS-003522,CNT-003522,225146.63,0.9504
MPLADS-003523,CNT-003523,3585693.21,1.0
MPLADS-003524,CNT-003524,3350667.63,0.7123
MPLADS-003525,CNT-003525,1742141.38,0.9553
MPLADS-003526,CNT-003526,212054.5,0.9264
MPLADS-003527,CNT-003527,221191.4,0.7665
MPLADS-003528,CNT-003528,2322083.39,1.4187
MPLADS-003529,CNT-003529,1958814.51,0.8959
MPLADS-003530,CNT-003530,196547.38,0.6326
MPLADS-003531,CNT-003531,1977427.22,0.9998
MPLADS-003532,CNT-003532,2810660.42,1.2591
MPLADS-003533,CNT-003533,568357.93,1.3204
MPLADS-003534,CNT-003534,3328552.45,0.7346
MPLADS-003535,CNT-003535,2338335.41,0.7354
MPLADS-003536,CNT-003536,644114.58,0.6651
MPLADS-003537,CNT-003537,791724.76,1.223
MPLADS-003538,CNT-003538,1370207.01,0.9247
MPLADS-003539,CNT-003539,1736768.18,0.7313
MPLADS-003540,CNT-003540,781906.38,0.706
MPLADS-003541,CNT-003541,3205608.54,0.7058
MPLADS-003542,CNT-003542,2429031.13,0.8053
MPLADS-003543,CNT-003543,1917831.82,0.9693
MPLADS-003544,CNT-003544,3343323.49,0.7763
MPLADS-003545,CNT-003545,691761.01,0.7237
MPLADS-003546,CNT-003546,1364201.64,0.94
MPLADS-003547,CNT-003547,214816.11,0.6348
MPLADS-003548,CNT-003548,460416.91,0.8779
MPLADS-003549,CNT-003549,1476279.79,0.8457
MPLADS-003550,CNT-003550,2636288.28,0.6012
MPLADS-003551,CNT-003551,465553.48,0.7113
MPLADS-003552,CNT-003552,981779.16,0.9821
MPLADS-003553,CNT-003553,2608984.29,0.7898
MPLADS-003554,CNT-003554,251406.36,0.94
MPLADS-003555,CNT-003555,3507320.77,0.8905
MPLADS-003556,CNT-003556,446286.21,0.9449
MPLADS-003557,CNT-003557,579175.88,0.8577
MPLADS-003558,CNT-003558,2048860.05,0.952
MPLADS-003559,CNT-003559,1001596.77,0.6884
MPLADS-003560,CNT-003560,1009611.41,0.8509
MPLADS-003561,CNT-003561,1243351.47,0.7312
MPLADS-003562,CNT-003562,12384364.86,0.848
MPLADS-003563,CNT-003563,3734412.13,0.931
MPLADS-003564,CNT-003564,674664.9,0.94
MPLADS-003565,CNT-003565,2761228.35,0.9244
MPLADS-003566,CNT-003566,485450.38,0.9272
MPLADS-003567,CNT-003567,562688.21,0.9381
MPLADS-003568,CNT-003568,441595.41,0.6367
MPLADS-003569,CNT-003569,1915764.8,1.341
MPLADS-003570,CNT-003570,837403.08,0.7056
MPLADS-003571,CNT-003571,815312.44,1.0
MPLADS-003572,CNT-003572,452988.87,0.94
MPLADS-003573,CNT-003573,445680.08,0.7053
MPLADS-003574,CNT-003574,798928.22,0.9283
MPLADS-003575,CNT-003575,1076385.03,0.6535
MPLADS-003576,CNT-003576,2250809.28,0.6438
MPLADS-003577,CNT-003577,212598.17,0.6313
MPLADS-003578,CNT-003578,439907.49,0.9825
MPLADS-003579,CNT-003579,501912.46,0.7825
MPLADS-003580,CNT-003580,657222.93,0.6766
MPLADS-003581,CNT-003581,1890299.43,0.7183
MPLADS-003582,CNT-003582,242186.36,0.6839
MPLADS-003583,CNT-003583,3081533.96,0.93
MPLADS-003584,CNT-003584,2641521.97,0.6323
MPLADS-003585,CNT-003585,1101251.62,0.6744
MPLADS-003586,CNT-003586,556225.72,0.9502
MPLADS-003587,CNT-003587,407322.32,0.7938
MPLADS-003588,CNT-003588,10986096.38,0.6888
MPLADS-003589,CNT-003589,1809286.75,0.9157
MPLADS-003590,CNT-003590,1199336.14,0.6396
MPLADS-003591,CNT-003591,2482731.24,0.7017
MPLADS-003592,CNT-003592,2386712.92,0.8471
MPLADS-003593,CNT-003593,3156423.05,0.7519
MPLADS-003594,CNT-003594,471997.1,1.0
MPLADS-003595,CNT-003595,1043772.52,0.8187
MPLADS-003596,CNT-003596,384377.17,0.6855
MPLADS-003597,CNT-003597,2628665.37,0.8984
MPLADS-003598,CNT-003598,1841593.13,0.8886
MPLADS-003599,CNT-003599,2419578.44,0.8911
MPLADS-003600,CNT-003600,2624548.12,0.9317
MPLADS-003601,CNT-003601,2598902.38,0.9508
MPLADS-003602,CNT-003602,3151227.77,0.6495
MPLADS-003603,CNT-003603,2729837.37,0.9537
MPLADS-003604,CNT-003604,206489.74,0.7942
MPLADS-003605,CNT-003605,1171295.78,0.8123
MPLADS-003606,CNT-003606,931176.68,0.9265
MPLADS-003607,CNT-003607,502858.23,0.6101
MPLADS-003608,CNT-003608,5501371.35,0.8687
MPLADS-003609,CNT-003609,2535342.97,0.9695
MPLADS-003610,CNT-003610,3542117.52,0.7719
MPLADS-003611,CNT-003611,421361.66,1.0
MPLADS-003612,CNT-003612,402046.08,1.2514
MPLADS-003613,CNT-003613,3184094.35,0.6011
MPLADS-003614,CNT-003614,1570074.88,0.7315
MPLADS-003615,CNT-003615,700639.23,0.703
MPLADS-003616,CNT-003616,3204357.33,0.8217
MPLADS-003617,CNT-003617,1167760.05,0.7091
MPLADS-003618,CNT-003618,1054975.01,0.9623
MPLADS-003619,CNT-003619,2334881.86,0.9803
MPLADS-003620,CNT-003620,1906039.13,0.6537
MPLADS-003621,CNT-003621,1227575.61,0.7618
MPLADS-003622,CNT-003622,1141856.97,1.343
MPLADS-003623,CNT-003623,2357743.43,0.8204
MPLADS-003624,CNT-003624,1354540.26,0.9236
MPLADS-003625,CNT-003625,2110028.99,0.6883
MPLADS-003626,CNT-003626,3105152.31,0.9057
MPLADS-003627,CNT-003627,777908.14,0.9995
MPLADS-003628,CNT-003628,748568.75,0.694
MPLADS-003629,CNT-003629,3997940.9,0.7236
MPLADS-003630,CNT-003630,932782.81,0.7153
MPLADS-003631,CNT-003631,210094.6,0.7761
MPLADS-003632,CNT-003632,442646.16,1.0
MPLADS-003633,CNT-003633,3863979.51,0.94
MPLADS-003634,CNT-003634,924939.74,0.9624
MPLADS-003635,CNT-003635,3081736.48,0.94
MPLADS-003636,CNT-003636,1605925.61,0.852
MPLADS-003637,CNT-003637,469648.07,0.7091
MPLADS-003638,CNT-003638,1904948.35,0.9435
MPLADS-003639,CNT-003639,191125.16,0.7149
MPLADS-003640,CNT-003640,399454.72,0.6486
MPLADS-003641,CNT-003641,207970.78,0.6038
MPLADS-003642,CNT-003642,244335.1,0.8156
MPLADS-003643,CNT-003643,500172.71,0.9351
MPLADS-003644,CNT-003644,3806847.97,0.9677
MPLADS-003645,CNT-003645,912081.53,0.7721
MPLADS-003646,CNT-003646,2721786.13,0.6905
MPLADS-003647,CNT-003647,8209032.16,0.903
MPLADS-003648,CNT-003648,1037077.04,0.8403
MPLADS-003649,CNT-003649,1884866.22,0.94
MPLADS-003650,CNT-003650,4065160.35,0.8521
MPLADS-003651,CNT-003651,1784760.75,0.9256
MPLADS-003652,CNT-003652,3287992.61,0.9652
MPLADS-003653,CNT-003653,2569983.89,0.9102
MPLADS-003654,CNT-003654,787604.46,0.9937
MPLADS-003655,CNT-003655,2233246.17,0.7132
MPLADS-003656,CNT-003656,1067051.76,0.94
MPLADS-003657,CNT-003657,3467645.61,0.967
MPLADS-003658,CNT-003658,858808.44,0.9533
MPLADS-003659,CNT-003659,3044704.67,0.9062
MPLADS-003660,CNT-003660,1710790.83,0.7799
MPLADS-003661,CNT-003661,461647.77,0.6973
MPLADS-003662,CNT-003662,2013838.24,0.9873
MPLADS-003663,CNT-003663,952345.34,0.6424
MPLADS-003664,CNT-003664,786104.79,0.9735
MPLADS-003665,CNT-003665,213101.6,0.8016
MPLADS-003666,CNT-003666,522261.13,0.6405
MPLADS-003667,CNT-003667,3003299.13,0.972
MPLADS-003668,CNT-003668,775926.55,0.6932
MPLADS-003669,CNT-003669,931050.61,0.919
MPLADS-003670,CNT-003670,1539700.59,0.6839
MPLADS-003671,CNT-003671,1968900.84,0.6577
MPLADS-003672,CNT-003672,2854128.26,0.8915
MPLADS-003673,CNT-003673,3857047.5,0.8093
MPLADS-003674,CNT-003674,1866363.78,0.7675
MPLADS-003675,CNT-003675,3246827.21,0.9464
MPLADS-003676,CNT-003676,1491180.91,0.7182
MPLADS-003677,CNT-003677,3642975.41,0.7537
MPLADS-003678,CNT-003678,473922.63,0.9283
MPLADS-003679,CNT-003679,707424.4,0.7999
MPLADS-003680,CNT-003680,408436.48,0.9394
MPLADS-003681,CNT-003681,474509.03,0.9157
MPLADS-003682,CNT-003682,2011466.98,0.7436
MPLADS-003683,CNT-003683,210763.4,0.831
MPLADS-003684,CNT-003684,1619944.35,0.6806
MPLADS-003685,CNT-003685,3105863.46,0.8204
MPLADS-003686,CNT-003686,866806.92,0.795
MPLADS-003687,CNT-003687,455936.62,0.9232
MPLADS-003688,CNT-003688,825499.94,0.7288
MPLADS-003689,CNT-003689,568809.62,0.9909
MPLADS-003690,CNT-003690,11347192.86,0.8529
MPLADS-003691,CNT-003691,640406.24,0.6624
MPLADS-003692,CNT-003692,2691005.01,0.9994
MPLADS-003693,CNT-003693,685677.03,0.6348
MPLADS-003694,CNT-003694,497150.05,1.0
MPLADS-003695,CNT-003695,228224.86,0.7965
MPLADS-003696,CNT-003696,1242546.38,0.7723
MPLADS-003697,CNT-003697,212687.2,0.9828
MPLADS-003698,CNT-003698,208309.41,0.9324
MPLADS-003699,CNT-003699,2930636.05,0.9436
MPLADS-003700,CNT-003700,4528961.48,0.7081
MPLADS-003701,CNT-003701,1693493.65,0.8162
MPLADS-003702,CNT-003702,936095.18,0.9773
MPLADS-003703,CNT-003703,6243557.73,0.7699
MPLADS-003704,CNT-003704,1621342.71,0.6796
MPLADS-003705,CNT-003705,1335715.37,0.9931
MPLADS-003706,CNT-003706,1620911.18,0.8935
MPLADS-003707,CNT-003707,472416.85,0.7973
MPLADS-003708,CNT-003708,1337132.99,0.971
MPLADS-003709,CNT-003709,2878551.76,0.94
MPLADS-003710,CNT-003710,2397832.29,0.6449
MPLADS-003711,CNT-003711,898141.85,0.8353
MPLADS-003712,CNT-003712,8549015.16,0.9891
MPLADS-003713,CNT-003713,1612348.31,0.6303
MPLADS-003714,CNT-003714,387729.77,0.825
MPLADS-003715,CNT-003715,493745.9,0.9295
MPLADS-003716,CNT-003716,811353.87,0.8827
MPLADS-003717,CNT-003717,1280154.58,0.8101
MPLADS-003718,CNT-003718,9043265.86,0.6038
MPLADS-003719,CNT-003719,239706.23,0.7566
MPLADS-003720,CNT-003720,3311759.71,1.0
MPLADS-003721,CNT-003721,1787280.51,0.8191
MPLADS-003722,CNT-003722,2600183.74,0.6455
MPLADS-003723,CNT-003723,462081.03,0.8168
MPLADS-003724,CNT-003724,831339.71,0.8491
MPLADS-003725,CNT-003725,519406.93,0.8351
MPLADS-003726,CNT-003726,853470.15,1.3294
MPLADS-003727,CNT-003727,1237628.28,0.9309
MPLADS-003728,CNT-003728,212320.48,0.624
MPLADS-003729,CNT-003729,1951790.65,0.8406
MPLADS-003730,CNT-003730,719017.5,0.7997
MPLADS-003731,CNT-003731,1189110.15,0.8406
MPLADS-003732,CNT-003732,2960897.16,0.7878
MPLADS-003733,CNT-003733,453622.04,0.825
MPLADS-003734,CNT-003734,494976.08,0.9331
MPLADS-003735,CNT-003735,5377396.6,0.9628
MPLADS-003736,CNT-003736,2598622.34,0.8002
MPLADS-003737,CNT-003737,213917.66,0.9199
MPLADS-003738,CNT-003738,1152229.99,0.8104
MPLADS-003739,CNT-003739,724233.8,0.7026
MPLADS-003740,CNT-003740,2895407.95,0.9778
MPLADS-003741,CNT-003741,470602.83,0.791
MPLADS-003742,CNT-003742,493921.16,0.896
MPLADS-003743,CNT-003743,464352.54,0.9618
MPLADS-003744,CNT-003744,513510.8,0.8726
MPLADS-003745,CNT-003745,1356008.52,0.649
MPLADS-003746,CNT-003746,3145242.81,0.6378
MPLADS-003747,CNT-003747,527563.63,0.6251
MPLADS-003748,CNT-003748,1227506.93,0.6963
MPLADS-003749,CNT-003749,2646536.44,0.8808
MPLADS-003750,CNT-003750,1359759.47,0.6912
MPLADS-003751,CNT-003751,3794770.88,0.94
MPLADS-003752,CNT-003752,882318.33,0.88
MPLADS-003753,CNT-003753,1003606.08,0.6731
MPLADS-003754,CNT-003754,968764.89,0.7251
MPLADS-003755,CNT-003755,1705031.58,0.9625
MPLADS-003756,CNT-003756,876497.6,0.786
MPLADS-003757,CNT-003757,2232785.84,0.94
MPLADS-003758,CNT-003758,1138279.67,0.9572
MPLADS-003759,CNT-003759,239025.57,0.8715
MPLADS-003760,CNT-003760,534007.33,0.7863
MPLADS-003761,CNT-003761,208196.34,0.9511
MPLADS-003762,CNT-003762,449513.72,0.8596
MPLADS-003763,CNT-003763,842045.96,0.6954
MPLADS-003764,CNT-003764,3082524.46,0.94
MPLADS-003765,CNT-003765,1751482.06,0.7859
MPLADS-003766,CNT-003766,649193.58,0.956
MPLADS-003767,CNT-003767,2159686.09,0.7273
MPLADS-003768,CNT-003768,3994800.2,0.7726
MPLADS-003769,CNT-003769,3460463.84,0.9271
MPLADS-003770,CNT-003770,190027.96,0.9471
MPLADS-003771,CNT-003771,641760.06,0.7431
MPLADS-003772,CNT-003772,1582799.51,0.8889
MPLADS-003773,CNT-003773,3833618.26,0.6955
MPLADS-003774,CNT-003774,386285.61,0.8608
MPLADS-003775,CNT-003775,2471969.94,0.9888
MPLADS-003776,CNT-003776,797797.97,0.8313
MPLADS-003777,CNT-003777,196987.96,0.8662
MPLADS-003778,CNT-003778,2947081.75,0.7429
MPLADS-003779,CNT-003779,682974.06,0.7477
MPLADS-003780,CNT-003780,1849679.49,0.94
MPLADS-003781,CNT-003781,1318454.64,1.2305
MPLADS-003782,CNT-003782,3140871.98,0.6837
MPLADS-003783,CNT-003783,3476851.26,0.6713
MPLADS-003784,CNT-003784,4021532.77,0.7243
MPLADS-003785,CNT-003785,3092455.85,0.6302
MPLADS-003786,CNT-003786,1969573.02,0.821
MPLADS-003787,CNT-003787,3486949.82,0.94
MPLADS-003788,CNT-003788,3649061.93,0.7611
MPLADS-003789,CNT-003789,391086.22,0.8359
MPLADS-003790,CNT-003790,2168582.94,0.94
MPLADS-003791,CNT-003791,251253.4,0.7847
MPLADS-003792,CNT-003792,3042681.4,0.9503
MPLADS-003793,CNT-003793,787146.66,0.9456
MPLADS-003794,CNT-003794,475234.26,1.361
MPLADS-003795,CNT-003795,492474.58,0.6939
MPLADS-003796,CNT-003796,4507399.71,0.6378
MPLADS-003797,CNT-003797,6626962.36,0.6556
MPLADS-003798,CNT-003798,1278763.94,0.94
MPLADS-003799,CNT-003799,246012.88,0.6585
MPLADS-003800,CNT-003800,440651.88,0.905
MPLADS-003801,CNT-003801,919619.25,0.6692
MPLADS-003802,CNT-003802,854947.12,0.7061
MPLADS-003803,CNT-003803,1662572.76,0.982
MPLADS-003804,CNT-003804,10168599.37,0.9089
MPLADS-003805,CNT-003805,208983.41,0.96
MPLADS-003806,CNT-003806,501928.26,0.8829
MPLADS-003807,CNT-003807,439277.18,1.3451
MPLADS-003808,CNT-003808,1922065.58,0.9605
MPLADS-003809,CNT-003809,190166.94,0.7478
MPLADS-003810,CNT-003810,839074.44,0.8436
MPLADS-003811,CNT-003811,2265540.67,0.9573
MPLADS-003812,CNT-003812,1596494.53,0.8364
MPLADS-003813,CNT-003813,1262470.46,0.9834
MPLADS-003814,CNT-003814,222692.44,0.9453
MPLADS-003815,CNT-003815,2625719.28,0.957
MPLADS-003816,CNT-003816,3851009.76,0.8127
MPLADS-003817,CNT-003817,558990.29,0.8538
MPLADS-003818,CNT-003818,2393833.36,0.9647
MPLADS-003819,CNT-003819,203570.0,0.9751
MPLADS-003820,CNT-003820,1264768.69,0.8099
MPLADS-003821,CNT-003821,1983842.59,0.8509
MPLADS-003822,CNT-003822,220379.84,0.811
MPLADS-003823,CNT-003823,556248.88,0.8746
MPLADS-003824,CNT-003824,9184424.1,0.7443
MPLADS-003825,CNT-003825,9524351.63,0.6767
MPLADS-003826,CNT-003826,494318.08,0.9948
MPLADS-003827,CNT-003827,2420844.92,0.8108
MPLADS-003828,CNT-003828,207604.91,0.6995
MPLADS-003829,CNT-003829,456417.08,0.8001
MPLADS-003830,CNT-003830,7784934.72,0.6074
MPLADS-003831,CNT-003831,236581.68,0.8964
MPLADS-003832,CNT-003832,458603.82,0.6606
MPLADS-003833,CNT-003833,1119352.93,0.8228
MPLADS-003834,CNT-003834,1123225.46,0.7907
MPLADS-003835,CNT-003835,3163690.27,1.4367
MPLADS-003836,CNT-003836,2139364.69,0.8354
MPLADS-003837,CNT-003837,683222.71,0.6719
MPLADS-003838,CNT-003838,1655515.98,0.8938
MPLADS-003839,CNT-003839,3983804.67,0.9375
MPLADS-003840,CNT-003840,817715.32,0.729
MPLADS-003841,CNT-003841,714273.02,0.7752
MPLADS-003842,CNT-003842,1790891.3,0.7613
MPLADS-003843,CNT-003843,1566377.38,0.6873
MPLADS-003844,CNT-003844,813551.27,0.94
MPLADS-003845,CNT-003845,387798.5,0.7317
MPLADS-003846,CNT-003846,734783.66,0.6713
MPLADS-003847,CNT-003847,2404324.21,0.9219
MPLADS-003848,CNT-003848,221852.28,0.8168
MPLADS-003849,CNT-003849,2671794.37,0.94
MPLADS-003850,CNT-003850,2245158.76,0.7039
MPLADS-003851,CNT-003851,895147.6,0.6748
MPLADS-003852,CNT-003852,2955676.77,0.6812
MPLADS-003853,CNT-003853,3835395.67,1.0
MPLADS-003854,CNT-003854,1023059.54,0.94
MPLADS-003855,CNT-003855,474623.14,0.7304
MPLADS-003856,CNT-003856,3165655.26,0.6099
MPLADS-003857,CNT-003857,850304.35,0.685
MPLADS-003858,CNT-003858,5400721.18,0.6797
MPLADS-003859,CNT-003859,1129707.74,0.8509
MPLADS-003860,CNT-003860,2298863.76,0.7975
MPLADS-003861,CNT-003861,209133.76,0.9954
MPLADS-003862,CNT-003862,2550115.96,0.8873
MPLADS-003863,CNT-003863,3653385.02,0.6405
MPLADS-003864,CNT-003864,681703.26,0.8534
MPLADS-003865,CNT-003865,1315285.39,0.628
MPLADS-003866,CNT-003866,494992.0,0.685
MPLADS-003867,CNT-003867,2335688.01,0.7661
MPLADS-003868,CNT-003868,1982720.4,0.9487
MPLADS-003869,CNT-003869,901370.33,0.6226
MPLADS-003870,CNT-003870,2765702.92,0.94
MPLADS-003871,CNT-003871,762993.8,0.9651
MPLADS-003872,CNT-003872,796829.83,0.7515
MPLADS-003873,CNT-003873,646608.58,0.7877
MPLADS-003874,CNT-003874,3157516.99,0.818
MPLADS-003875,CNT-003875,767804.31,0.9857
MPLADS-003876,CNT-003876,835390.03,0.829
MPLADS-003877,CNT-003877,5772903.17,0.7055
MPLADS-003878,CNT-003878,436384.17,0.7773
MPLADS-003879,CNT-003879,450381.78,0.7106
MPLADS-003880,CNT-003880,415796.46,0.6057
MPLADS-003881,CNT-003881,946980.33,0.8713
MPLADS-003882,CNT-003882,835780.81,0.94
MPLADS-003883,CNT-003883,3035387.32,0.6502
MPLADS-003884,CNT-003884,552880.92,0.7849
MPLADS-003885,CNT-003885,390503.55,0.6256
MPLADS-003886,CNT-003886,2268154.82,0.8481
MPLADS-003887,CNT-003887,2340708.81,0.9195
MPLADS-003888,CNT-003888,955738.12,0.9076
MPLADS-003889,CNT-003889,1327748.65,0.6828
MPLADS-003890,CNT-003890,723861.84,0.6315
MPLADS-003891,CNT-003891,648324.43,0.7408
MPLADS-003892,CNT-003892,460169.92,0.9797
MPLADS-003893,CNT-003893,493322.14,0.6784
MPLADS-003894,CNT-003894,921802.01,0.9203
MPLADS-003895,CNT-003895,3203777.79,0.7366
MPLADS-003896,CNT-003896,2621480.49,0.9947
MPLADS-003897,CNT-003897,196075.01,0.8501
MPLADS-003898,CNT-003898,455115.94,0.8489
MPLADS-003899,CNT-003899,489752.55,0.9459
MPLADS-003900,CNT-003900,670908.25,0.7538
MPLADS-003901,CNT-003901,1897885.5,0.607
MPLADS-003902,CNT-003902,2029424.3,0.8997
MPLADS-003903,CNT-003903,650057.25,0.8874
MPLADS-003904,CNT-003904,789086.58,0.8079
MPLADS-003905,CNT-003905,847271.3,0.7413
MPLADS-003906,CNT-003906,485697.75,0.9484
MPLADS-003907,CNT-003907,241007.41,0.8018
MPLADS-003908,CNT-003908,221032.08,0.9082
MPLADS-003909,CNT-003909,2148858.1,0.859
MPLADS-003910,CNT-003910,1765948.8,0.7372
MPLADS-003911,CNT-003911,687648.33,0.6454
MPLADS-003912,CNT-003912,1019756.57,0.9714
MPLADS-003913,CNT-003913,456041.63,0.6799
MPLADS-003914,CNT-003914,3841025.2,0.6312
MPLADS-003915,CNT-003915,3659512.47,0.7896
MPLADS-003916,CNT-003916,782962.15,0.6236
MPLADS-003917,CNT-003917,497434.3,1.3628
MPLADS-003918,CNT-003918,1252697.68,1.3189
MPLADS-003919,CNT-003919,971801.41,0.6425
MPLADS-003920,CNT-003920,1370370.6,0.6537
MPLADS-003921,CNT-003921,1984628.64,0.635
MPLADS-003922,CNT-003922,464366.87,0.6282
MPLADS-003923,CNT-003923,540522.25,0.7248
MPLADS-003924,CNT-003924,1307194.43,0.619
MPLADS-003925,CNT-003925,443087.05,0.9423
MPLADS-003926,CNT-003926,2720294.46,0.7219
MPLADS-003927,CNT-003927,3216180.02,0.986
MPLADS-003928,CNT-003928,411835.38,0.9524
MPLADS-003929,CNT-003929,461961.29,0.6984
MPLADS-003930,CNT-003930,783197.58,0.7387
MPLADS-003931,CNT-003931,7336204.24,0.7349
MPLADS-003932,CNT-003932,1113263.4,0.845
MPLADS-003933,CNT-003933,2491215.9,0.8402
MPLADS-003934,CNT-003934,9165435.31,0.7848
MPLADS-003935,CNT-003935,2401992.97,0.9823
MPLADS-003936,CNT-003936,849487.95,0.9365
MPLADS-003937,CNT-003937,1868510.96,0.7714
MPLADS-003938,CNT-003938,228027.67,0.7066
MPLADS-003939,CNT-003939,496509.21,0.7411
MPLADS-003940,CNT-003940,464426.31,0.6427
MPLADS-003941,CNT-003941,2857334.57,0.7763
MPLADS-003942,CNT-003942,515666.0,0.7635
MPLADS-003943,CNT-003943,491854.52,0.6725
MPLADS-003944,CNT-003944,1896352.64,0.6602
MPLADS-003945,CNT-003945,2999288.21,0.9713
MPLADS-003946,CNT-003946,490929.47,0.7366
MPLADS-003947,CNT-003947,948766.6,0.6241
MPLADS-003948,CNT-003948,1647734.54,0.7167
MPLADS-003949,CNT-003949,2247051.99,1.2441
MPLADS-003950,CNT-003950,3382583.32,0.9131
MPLADS-003951,CNT-003951,657757.85,0.8807
MPLADS-003952,CNT-003952,2700596.03,0.6033
MPLADS-003953,CNT-003953,1056040.39,0.9969
MPLADS-003954,CNT-003954,2177572.89,0.9495
MPLADS-003955,CNT-003955,5018766.62,0.9988
MPLADS-003956,CNT-003956,1914168.59,0.9769
MPLADS-003957,CNT-003957,2718944.16,0.8047
MPLADS-003958,CNT-003958,1134332.39,0.8617
MPLADS-003959,CNT-003959,458382.23,0.914
MPLADS-003960,CNT-003960,3383556.42,0.7686
MPLADS-003961,CNT-003961,11019101.1,0.7731
MPLADS-003962,CNT-003962,1274157.42,0.6598
MPLADS-003963,CNT-003963,813374.22,0.8632
MPLADS-003964,CNT-003964,1069478.23,0.8921
MPLADS-003965,CNT-003965,8080519.66,0.6582
MPLADS-003966,CNT-003966,4004332.18,0.805
MPLADS-003967,CNT-003967,388236.93,0.9081
MPLADS-003968,CNT-003968,406090.29,0.9209
MPLADS-003969,CNT-003969,1846336.0,0.937
MPLADS-003970,CNT-003970,2422974.55,0.8142
MPLADS-003971,CNT-003971,252486.34,0.8591
MPLADS-003972,CNT-003972,208591.35,0.8343
MPLADS-003973,CNT-003973,470537.6,0.7714
MPLADS-003974,CNT-003974,244541.18,0.9161
MPLADS-003975,CNT-003975,2429948.88,0.6177
MPLADS-003976,CNT-003976,2533995.12,0.6921
MPLADS-003977,CNT-003977,526086.05,0.8313
MPLADS-003978,CNT-003978,816298.03,0.8609
MPLADS-003979,CNT-003979,681424.11,0.8816
MPLADS-003980,CNT-003980,3120652.65,0.716
MPLADS-003981,CNT-003981,4386661.88,0.6109
MPLADS-003982,CNT-003982,652802.39,1.0
MPLADS-003983,CNT-003983,1277274.61,0.7843
MPLADS-003984,CNT-003984,2671376.12,0.8884
MPLADS-003985,CNT-003985,2825046.44,0.8635
MPLADS-003986,CNT-003986,2528920.68,0.6852
MPLADS-003987,CNT-003987,8811305.61,0.876
MPLADS-003988,CNT-003988,2914540.02,0.6522
MPLADS-003989,CNT-003989,503122.17,0.9922
MPLADS-003990,CNT-003990,384349.65,1.3821
MPLADS-003991,CNT-003991,218189.19,0.7895
MPLADS-003992,CNT-003992,1341642.07,0.6042
MPLADS-003993,CNT-003993,1521327.98,0.9699
MPLADS-003994,CNT-003994,1630921.25,0.7304
MPLADS-003995,CNT-003995,719989.43,0.7786
MPLADS-003996,CNT-003996,2531129.21,0.6556
MPLADS-003997,CNT-003997,240407.07,0.855
MPLADS-003998,CNT-003998,3170428.64,0.9924
MPLADS-003999,CNT-003999,2563059.53,0.6119
MPLADS-004000,CNT-004000,447602.46,0.7593
MPLADS-004001,CNT-004001,2183661.32,0.816
MPLADS-004002,CNT-004002,415036.0,0.7706
MPLADS-004003,CNT-004003,591435.5,0.8385
MPLADS-004004,CNT-004004,3250592.7,0.7902
MPLADS-004005,CNT-004005,494609.51,0.8051
MPLADS-004006,CNT-004006,1027638.14,0.9742
MPLADS-004007,CNT-004007,2830461.65,0.9837
MPLADS-004008,CNT-004008,1780867.24,0.6173
MPLADS-004009,CNT-004009,857477.35,0.8984
MPLADS-004010,CNT-004010,854839.94,0.624
MPLADS-004011,CNT-004011,2792465.4,0.969
MPLADS-004012,CNT-004012,478542.15,0.8341
MPLADS-004013,CNT-004013,3462927.53,0.7966
MPLADS-004014,CNT-004014,5955026.15,0.6116
MPLADS-004015,CNT-004015,460611.58,0.6371
MPLADS-004016,CNT-004016,854290.62,0.9246
MPLADS-004017,CNT-004017,557051.94,0.9396
MPLADS-004018,CNT-004018,1975590.62,0.7591
MPLADS-004019,CNT-004019,1078794.46,0.8788
MPLADS-004020,CNT-004020,790941.97,1.3677
MPLADS-004021,CNT-004021,817853.8,0.9643
MPLADS-004022,CNT-004022,1001142.15,0.8807
MPLADS-004023,CNT-004023,207316.68,0.6373
MPLADS-004024,CNT-004024,1265185.31,0.9672
MPLADS-004025,CNT-004025,3281096.86,0.8173
MPLADS-004026,CNT-004026,3395659.23,1.3183
MPLADS-004027,CNT-004027,523572.87,0.7678
MPLADS-004028,CNT-004028,1616544.03,0.8527
MPLADS-004029,CNT-004029,890842.18,0.8893
MPLADS-004030,CNT-004030,3417441.35,0.6411
MPLADS-004031,CNT-004031,747789.95,0.6077
MPLADS-004032,CNT-004032,2469882.38,0.7415
MPLADS-004033,CNT-004033,3417992.43,0.7164
MPLADS-004034,CNT-004034,2359430.08,0.879
MPLADS-004035,CNT-004035,1305373.1,0.923
MPLADS-004036,CNT-004036,6317165.27,0.8955
MPLADS-004037,CNT-004037,806223.88,0.6719
MPLADS-004038,CNT-004038,214237.16,0.7856
MPLADS-004039,CNT-004039,2778330.43,0.6861
MPLADS-004040,CNT-004040,1911277.42,0.94
MPLADS-004041,CNT-004041,818779.47,0.7545
MPLADS-004042,CNT-004042,2760041.64,0.7311
MPLADS-004043,CNT-004043,782332.74,0.94
MPLADS-004044,CNT-004044,193496.13,0.8798
MPLADS-004045,CNT-004045,925578.88,0.706
MPLADS-004046,CNT-004046,3566136.62,0.7975
MPLADS-004047,CNT-004047,3201590.88,0.6964
MPLADS-004048,CNT-004048,1680528.43,0.8674
MPLADS-004049,CNT-004049,845545.47,0.6879
MPLADS-004050,CNT-004050,790490.91,0.7276
MPLADS-004051,CNT-004051,3579256.51,0.861
MPLADS-004052,CNT-004052,439737.38,0.6597
MPLADS-004053,CNT-004053,3182271.37,0.8559
MPLADS-004054,CNT-004054,2709649.34,0.8901
MPLADS-004055,CNT-004055,1136524.08,0.928
MPLADS-004056,CNT-004056,448170.88,0.8536
MPLADS-004057,CNT-004057,1299796.18,0.7291
MPLADS-004058,CNT-004058,11803874.68,0.6886
MPLADS-004059,CNT-004059,9952974.53,0.9279
MPLADS-004060,CNT-004060,2925128.82,1.0
MPLADS-004061,CNT-004061,3054947.5,0.8883
MPLADS-004062,CNT-004062,1732732.51,0.94
MPLADS-004063,CNT-004063,1029503.35,0.9315
MPLADS-004064,CNT-004064,2392822.97,0.7907
MPLADS-004065,CNT-004065,984507.32,0.7134
MPLADS-004066,CNT-004066,481284.97,0.9047
MPLADS-004067,CNT-004067,1811789.63,0.9853
MPLADS-004068,CNT-004068,2337074.14,0.7815
MPLADS-004069,CNT-004069,1729584.56,0.7729
MPLADS-004070,CNT-004070,815943.78,0.733
MPLADS-004071,CNT-004071,764146.99,0.9392
MPLADS-004072,CNT-004072,2133080.98,0.816
MPLADS-004073,CNT-004073,1856941.12,0.7747
MPLADS-004074,CNT-004074,3647257.53,0.9217
MPLADS-004075,CNT-004075,1071000.18,0.7199
MPLADS-004076,CNT-004076,3650371.5,0.9596
MPLADS-004077,CNT-004077,2984982.85,0.6622
MPLADS-004078,CNT-004078,2731621.69,0.6575
MPLADS-004079,CNT-004079,2644796.21,0.9584
MPLADS-004080,CNT-004080,4399013.05,0.8021
MPLADS-004081,CNT-004081,1847454.88,0.6456
MPLADS-004082,CNT-004082,1024411.95,0.8407
MPLADS-004083,CNT-004083,480581.96,0.8959
MPLADS-004084,CNT-004084,3838058.46,1.3906
MPLADS-004085,CNT-004085,707870.25,0.8667
MPLADS-004086,CNT-004086,2240185.49,0.8394
MPLADS-004087,CNT-004087,710746.44,0.7444
MPLADS-004088,CNT-004088,712018.26,0.7711
MPLADS-004089,CNT-004089,929791.1,0.7148
MPLADS-004090,CNT-004090,1054288.18,0.8927
MPLADS-004091,CNT-004091,458903.64,0.9906
MPLADS-004092,CNT-004092,430534.3,0.848
MPLADS-004093,CNT-004093,229263.61,0.9614
MPLADS-004094,CNT-004094,2420903.66,0.8598
MPLADS-004095,CNT-004095,1029847.58,0.94
MPLADS-004096,CNT-004096,1819463.59,0.8261
MPLADS-004097,CNT-004097,2932036.04,1.4388
MPLADS-004098,CNT-004098,2139279.03,0.9514
MPLADS-004099,CNT-004099,1314305.07,0.8364
MPLADS-004100,CNT-004100,239936.76,0.9144
MPLADS-004101,CNT-004101,2397636.37,0.9803
MPLADS-004102,CNT-004102,2843172.26,0.9921
MPLADS-004103,CNT-004103,1879288.93,0.9417
MPLADS-004104,CNT-004104,232722.35,0.94
MPLADS-004105,CNT-004105,847338.98,0.7139
MPLADS-004106,CNT-004106,2673371.6,0.7951
MPLADS-004107,CNT-004107,2133566.89,0.9348
MPLADS-004108,CNT-004108,2059267.91,0.9625
MPLADS-004109,CNT-004109,13604084.66,0.9747
MPLADS-004110,CNT-004110,3571859.51,0.8094
MPLADS-004111,CNT-004111,776520.99,0.9525
MPLADS-004112,CNT-004112,429598.56,0.8173
MPLADS-004113,CNT-004113,251315.57,0.7579
MPLADS-004114,CNT-004114,1351731.35,0.9226
MPLADS-004115,CNT-004115,1612300.03,0.6749
MPLADS-004116,CNT-004116,483031.84,0.6207
MPLADS-004117,CNT-004117,1028477.4,0.9492
MPLADS-004118,CNT-004118,1206433.73,0.667
MPLADS-004119,CNT-004119,422048.89,0.8151
MPLADS-004120,CNT-004120,798975.53,0.6641
MPLADS-004121,CNT-004121,9672076.5,0.6759
MPLADS-004122,CNT-004122,2510943.67,0.765
MPLADS-004123,CNT-004123,713487.3,0.6231
MPLADS-004124,CNT-004124,2407206.34,0.85
MPLADS-004125,CNT-004125,712236.12,0.7711
MPLADS-004126,CNT-004126,1348873.67,0.8483
MPLADS-004127,CNT-004127,2377482.32,0.6781
MPLADS-004128,CNT-004128,448680.81,0.8314
MPLADS-004129,CNT-004129,194747.72,0.7978
MPLADS-004130,CNT-004130,867383.05,0.6559
MPLADS-004131,CNT-004131,694590.36,0.7186
MPLADS-004132,CNT-004132,1163826.22,0.9969
MPLADS-004133,CNT-004133,1836780.48,0.7139
MPLADS-004134,CNT-004134,3101043.61,0.6668
MPLADS-004135,CNT-004135,187808.26,0.8824
MPLADS-004136,CNT-004136,5044864.12,0.917
MPLADS-004137,CNT-004137,1098974.78,0.7081
MPLADS-004138,CNT-004138,216062.63,0.9947
MPLADS-004139,CNT-004139,2036895.88,0.6264
MPLADS-004140,CNT-004140,1841510.0,0.94
MPLADS-004141,CNT-004141,658619.47,0.6574
MPLADS-004142,CNT-004142,2310823.41,0.94
MPLADS-004143,CNT-004143,3095422.75,0.8692
MPLADS-004144,CNT-004144,3992508.04,0.955
MPLADS-004145,CNT-004145,841643.56,0.903
MPLADS-004146,CNT-004146,729300.4,0.943
MPLADS-004147,CNT-004147,2764861.49,0.94
MPLADS-004148,CNT-004148,1532797.96,0.6331
MPLADS-004149,CNT-004149,1033243.4,0.7437
MPLADS-004150,CNT-004150,705228.14,0.7104
MPLADS-004151,CNT-004151,697846.95,0.8835
MPLADS-004152,CNT-004152,2813819.43,0.7631
MPLADS-004153,CNT-004153,1328297.47,0.9463
MPLADS-004154,CNT-004154,2587284.62,0.9108
MPLADS-004155,CNT-004155,1709197.09,0.8301
MPLADS-004156,CNT-004156,658506.94,0.744
MPLADS-004157,CNT-004157,3064230.83,0.6184
MPLADS-004158,CNT-004158,493442.59,0.9961
MPLADS-004159,CNT-004159,2673293.75,1.0
MPLADS-004160,CNT-004160,845187.78,0.6998
MPLADS-004161,CNT-004161,2497409.17,0.8235
MPLADS-004162,CNT-004162,230880.82,0.8311
MPLADS-004163,CNT-004163,4749274.72,0.898
MPLADS-004164,CNT-004164,490067.53,0.6254
MPLADS-004165,CNT-004165,188457.24,0.6852
MPLADS-004166,CNT-004166,2750871.12,0.7044
MPLADS-004167,CNT-004167,3641235.0,0.9142
MPLADS-004168,CNT-004168,2866899.02,0.9229
MPLADS-004169,CNT-004169,3519407.78,0.6545
MPLADS-004170,CNT-004170,1082298.91,0.7347
MPLADS-004171,CNT-004171,1689273.8,0.8669
MPLADS-004172,CNT-004172,962605.4,0.6913
MPLADS-004173,CNT-004173,231225.86,0.94
MPLADS-004174,CNT-004174,9265233.74,0.883
MPLADS-004175,CNT-004175,2182993.8,0.7209
MPLADS-004176,CNT-004176,2537955.82,0.8946
MPLADS-004177,CNT-004177,1525446.17,0.6794
MPLADS-004178,CNT-004178,2763378.56,0.6106
MPLADS-004179,CNT-004179,2400973.63,0.9712
MPLADS-004180,CNT-004180,911936.23,0.7281
MPLADS-004181,CNT-004181,2764221.13,0.94
MPLADS-004182,CNT-004182,1310467.05,0.6202
MPLADS-004183,CNT-004183,3184602.31,0.9862
MPLADS-004184,CNT-004184,787494.08,0.7457
MPLADS-004185,CNT-004185,813081.47,0.6701
MPLADS-004186,CNT-004186,1620091.35,0.94
MPLADS-004187,CNT-004187,231098.8,0.6006
MPLADS-004188,CNT-004188,916675.49,0.917
MPLADS-004189,CNT-004189,217603.95,0.8531
MPLADS-004190,CNT-004190,239036.19,0.842
MPLADS-004191,CNT-004191,2773155.1,0.6818
MPLADS-004192,CNT-004192,2462622.21,0.8282
MPLADS-004193,CNT-004193,877129.85,0.7996
MPLADS-004194,CNT-004194,2161539.54,0.9649
MPLADS-004195,CNT-004195,2147052.35,0.8964
MPLADS-004196,CNT-004196,396759.04,0.959
MPLADS-004197,CNT-004197,3433784.34,0.985
MPLADS-004198,CNT-004198,194206.56,0.9443
MPLADS-004199,CNT-004199,215412.54,1.3847
MPLADS-004200,CNT-004200,2727522.52,0.9225
MPLADS-004201,CNT-004201,854700.57,0.9062
MPLADS-004202,CNT-004202,2443789.51,1.0
MPLADS-004203,CNT-004203,931091.36,0.915
MPLADS-004204,CNT-004204,883715.32,0.8841
MPLADS-004205,CNT-004205,699768.06,0.9118
MPLADS-004206,CNT-004206,2037365.19,0.8884
MPLADS-004207,CNT-004207,7316799.22,0.7257
MPLADS-004208,CNT-004208,2067760.94,0.6004
MPLADS-004209,CNT-004209,2868864.19,0.848
MPLADS-004210,CNT-004210,244064.68,0.9389
MPLADS-004211,CNT-004211,2483814.57,0.7175
MPLADS-004212,CNT-004212,918172.78,0.7676
MPLADS-004213,CNT-004213,889711.93,1.0
MPLADS-004214,CNT-004214,1105257.39,1.0
MPLADS-004215,CNT-004215,1772880.46,0.7602
MPLADS-004216,CNT-004216,1323221.92,0.9024
MPLADS-004217,CNT-004217,514342.41,0.8793
MPLADS-004218,CNT-004218,447414.55,0.8593
MPLADS-004219,CNT-004219,3216981.25,0.733
MPLADS-004220,CNT-004220,1686725.45,0.7573
MPLADS-004221,CNT-004221,221477.59,0.6302
MPLADS-004222,CNT-004222,1190580.14,0.7923
MPLADS-004223,CNT-004223,817926.09,0.7742
MPLADS-004224,CNT-004224,196956.62,0.6786
MPLADS-004225,CNT-004225,429746.15,0.8149
MPLADS-004226,CNT-004226,3858275.81,0.7597
MPLADS-004227,CNT-004227,2633436.43,0.8751
MPLADS-004228,CNT-004228,516532.15,0.717
MPLADS-004229,CNT-004229,1621504.29,0.8001
MPLADS-004230,CNT-004230,1628979.05,0.7105
MPLADS-004231,CNT-004231,1736767.68,0.9367
MPLADS-004232,CNT-004232,439942.14,0.7861
MPLADS-004233,CNT-004233,1605311.19,0.8221
MPLADS-004234,CNT-004234,756924.9,1.0
MPLADS-004235,CNT-004235,566104.05,0.9731
MPLADS-004236,CNT-004236,1205733.48,0.8548
MPLADS-004237,CNT-004237,818832.19,0.6402
MPLADS-004238,CNT-004238,3528691.99,0.9886
MPLADS-004239,CNT-004239,489545.34,0.732
MPLADS-004240,CNT-004240,2366194.09,0.9893
MPLADS-004241,CNT-004241,1885045.75,0.6241
MPLADS-004242,CNT-004242,3447746.4,0.6447
MPLADS-004243,CNT-004243,1163462.23,0.8842
MPLADS-004244,CNT-004244,2397139.73,0.6012
MPLADS-004245,CNT-004245,468432.28,0.7358
MPLADS-004246,CNT-004246,508084.85,0.6891
MPLADS-004247,CNT-004247,478535.59,0.6952
MPLADS-004248,CNT-004248,2945873.28,1.3826
MPLADS-004249,CNT-004249,2434632.79,1.4367
MPLADS-004250,CNT-004250,387080.12,0.7412
MPLADS-004251,CNT-004251,1059465.99,0.8955
MPLADS-004252,CNT-004252,398931.32,0.94
MPLADS-004253,CNT-004253,812794.02,0.6649
MPLADS-004254,CNT-004254,807762.22,0.8872
MPLADS-004255,CNT-004255,1993563.68,0.9338
MPLADS-004256,CNT-004256,674629.08,0.8603
MPLADS-004257,CNT-004257,3822585.33,1.0
MPLADS-004258,CNT-004258,497184.37,0.8243
MPLADS-004259,CNT-004259,2389318.0,0.6373
MPLADS-004260,CNT-004260,1329938.15,0.6252
MPLADS-004261,CNT-004261,536992.65,0.8087
MPLADS-004262,CNT-004262,3088075.39,1.0
MPLADS-004263,CNT-004263,1018232.16,0.7371
MPLADS-004264,CNT-004264,3368756.88,0.9881
MPLADS-004265,CNT-004265,934029.58,1.0
MPLADS-004266,CNT-004266,473896.65,0.8669
MPLADS-004267,CNT-004267,845692.54,0.9947
MPLADS-004268,CNT-004268,2450400.6,0.9552
MPLADS-004269,CNT-004269,3789776.52,0.9343
MPLADS-004270,CNT-004270,2304674.07,0.7287
MPLADS-004271,CNT-004271,1076523.11,0.9835
MPLADS-004272,CNT-004272,480852.05,0.9814
MPLADS-004273,CNT-004273,500081.51,0.7414
MPLADS-004274,CNT-004274,3799816.26,0.7378
MPLADS-004275,CNT-004275,826945.34,0.6685
MPLADS-004276,CNT-004276,194601.9,0.8765
MPLADS-004277,CNT-004277,1721931.37,0.939
MPLADS-004278,CNT-004278,3339321.03,0.6126
MPLADS-004279,CNT-004279,544496.47,0.7622
MPLADS-004280,CNT-004280,7440060.21,0.7584
MPLADS-004281,CNT-004281,1929876.95,0.7335
MPLADS-004282,CNT-004282,1914992.98,0.94
MPLADS-004283,CNT-004283,1051738.5,0.6339
MPLADS-004284,CNT-004284,4695856.68,0.7733
MPLADS-004285,CNT-004285,2404063.66,0.7981
MPLADS-004286,CNT-004286,2544395.7,1.2457
MPLADS-004287,CNT-004287,201137.74,0.671
MPLADS-004288,CNT-004288,2918475.07,0.8205
MPLADS-004289,CNT-004289,2333653.5,0.7423
MPLADS-004290,CNT-004290,571351.54,0.8544
MPLADS-004291,CNT-004291,1811304.67,0.6047
MPLADS-004292,CNT-004292,461052.99,0.6198
MPLADS-004293,CNT-004293,6561321.69,0.6723
MPLADS-004294,CNT-004294,2992542.49,0.656
MPLADS-004295,CNT-004295,9347330.77,0.6926
MPLADS-004296,CNT-004296,2600216.11,0.9331
MPLADS-004297,CNT-004297,3547467.87,0.8561
MPLADS-004298,CNT-004298,1754961.71,0.6002
MPLADS-004299,CNT-004299,1252864.77,1.2402
MPLADS-004300,CNT-004300,198163.88,0.661
MPLADS-004301,CNT-004301,508060.11,0.9569
MPLADS-004302,CNT-004302,233235.41,0.9725
MPLADS-004303,CNT-004303,2521987.55,0.9815
MPLADS-004304,CNT-004304,8730678.31,0.8419
MPLADS-004305,CNT-004305,2543149.93,0.8206
MPLADS-004306,CNT-004306,890302.24,0.9804
MPLADS-004307,CNT-004307,3654668.74,1.3589
MPLADS-004308,CNT-004308,506334.25,1.0
MPLADS-004309,CNT-004309,486243.03,0.94
MPLADS-004310,CNT-004310,464863.89,0.8357
MPLADS-004311,CNT-004311,470786.6,0.6313
MPLADS-004312,CNT-004312,1062135.53,0.7193
MPLADS-004313,CNT-004313,2570889.79,0.768
MPLADS-004314,CNT-004314,800282.59,1.3812
MPLADS-004315,CNT-004315,1950731.44,0.61
MPLADS-004316,CNT-004316,9287240.27,0.8804
MPLADS-004317,CNT-004317,455341.24,0.6059
MPLADS-004318,CNT-004318,1172903.44,0.7531
MPLADS-004319,CNT-004319,3185307.6,0.8513
MPLADS-004320,CNT-004320,1724040.09,0.7238
MPLADS-004321,CNT-004321,2779931.91,0.9712
MPLADS-004322,CNT-004322,252556.41,1.2916
MPLADS-004323,CNT-004323,517097.45,0.7632
MPLADS-004324,CNT-004324,1000197.17,0.8178
MPLADS-004325,CNT-004325,1217538.92,0.9919
MPLADS-004326,CNT-004326,2747464.56,0.6671
MPLADS-004327,CNT-004327,3089560.78,0.94
MPLADS-004328,CNT-004328,2676823.3,0.9517
MPLADS-004329,CNT-004329,3063118.77,0.9407
MPLADS-004330,CNT-004330,427346.86,0.7881
MPLADS-004331,CNT-004331,2515553.25,0.798
MPLADS-004332,CNT-004332,3967367.03,0.9209
MPLADS-004333,CNT-004333,1332608.4,0.7362
MPLADS-004334,CNT-004334,2612137.25,0.8986
MPLADS-004335,CNT-004335,3196025.9,0.9533
MPLADS-004336,CNT-004336,2598962.81,0.9096
MPLADS-004337,CNT-004337,215739.73,0.6567
MPLADS-004338,CNT-004338,445634.97,1.2404
MPLADS-004339,CNT-004339,3075058.42,0.9705
MPLADS-004340,CNT-004340,410929.47,0.6979
MPLADS-004341,CNT-004341,493776.7,0.7933
MPLADS-004342,CNT-004342,2619575.94,0.9668
MPLADS-004343,CNT-004343,8263939.26,0.6132
MPLADS-004344,CNT-004344,1831376.57,0.8777
MPLADS-004345,CNT-004345,192351.27,0.693
MPLADS-004346,CNT-004346,3151129.04,0.9436
MPLADS-004347,CNT-004347,510609.07,0.752
MPLADS-004348,CNT-004348,1740844.89,0.7042
MPLADS-004349,CNT-004349,1280171.76,0.7441
MPLADS-004350,CNT-004350,882870.88,0.8696
MPLADS-004351,CNT-004351,194039.81,0.693
MPLADS-004352,CNT-004352,241818.02,0.94
MPLADS-004353,CNT-004353,1106811.86,0.9869
MPLADS-004354,CNT-004354,2692813.4,0.9482
MPLADS-004355,CNT-004355,463851.3,0.8252
MPLADS-004356,CNT-004356,3801310.7,0.9334
MPLADS-004357,CNT-004357,2755454.37,0.6327
MPLADS-004358,CNT-004358,1179588.93,0.6638
MPLADS-004359,CNT-004359,2264926.25,0.9713
MPLADS-004360,CNT-004360,487588.33,0.7712
MPLADS-004361,CNT-004361,1871651.96,0.9974
MPLADS-004362,CNT-004362,224240.92,0.6137
MPLADS-004363,CNT-004363,3494694.14,0.6567
MPLADS-004364,CNT-004364,7006330.63,0.7798
MPLADS-004365,CNT-004365,394325.3,0.9828
MPLADS-004366,CNT-004366,1603984.09,0.7958
MPLADS-004367,CNT-004367,2722829.19,1.2213
MPLADS-004368,CNT-004368,2557041.84,0.9217
MPLADS-004369,CNT-004369,197696.06,0.9095
MPLADS-004370,CNT-004370,856517.35,0.94
MPLADS-004371,CNT-004371,735925.27,0.6513
MPLADS-004372,CNT-004372,471824.1,1.4209
MPLADS-004373,CNT-004373,1096095.71,0.7666
MPLADS-004374,CNT-004374,1319403.92,1.2338
MPLADS-004375,CNT-004375,215538.42,0.8089
MPLADS-004376,CNT-004376,207394.02,0.9209
MPLADS-004377,CNT-004377,1316593.53,0.6077
MPLADS-004378,CNT-004378,4247414.97,0.9071
MPLADS-004379,CNT-004379,11350492.42,0.9778
MPLADS-004380,CNT-004380,2131870.73,0.7996
MPLADS-004381,CNT-004381,2311923.39,0.9776
MPLADS-004382,CNT-004382,393884.59,0.7569
MPLADS-004383,CNT-004383,1995712.22,0.6525
MPLADS-004384,CNT-004384,512395.75,0.9154
MPLADS-004385,CNT-004385,3699924.27,0.9223
MPLADS-004386,CNT-004386,384622.68,1.3015
MPLADS-004387,CNT-004387,3719603.49,0.8419
MPLADS-004388,CNT-004388,219960.42,0.9222
MPLADS-004389,CNT-004389,405553.54,0.94
MPLADS-004390,CNT-004390,774257.65,0.647
MPLADS-004391,CNT-004391,2387987.76,0.9407
MPLADS-004392,CNT-004392,4665971.45,0.6473
MPLADS-004393,CNT-004393,242137.47,0.988
MPLADS-004394,CNT-004394,966169.43,0.8963
MPLADS-004395,CNT-004395,687452.16,0.7436
MPLADS-004396,CNT-004396,1810268.17,1.3026
MPLADS-004397,CNT-004397,408540.1,0.6644
MPLADS-004398,CNT-004398,9783108.74,0.7622
MPLADS-004399,CNT-004399,854453.55,0.8257
MPLADS-004400,CNT-004400,2296942.82,0.8705
MPLADS-004401,CNT-004401,3066668.99,1.0
MPLADS-004402,CNT-004402,2320966.0,1.2905
MPLADS-004403,CNT-004403,881464.78,0.6053
MPLADS-004404,CNT-004404,2181301.48,0.9421
MPLADS-004405,CNT-004405,2523542.94,0.6168
MPLADS-004406,CNT-004406,1600065.73,0.8866
MPLADS-004407,CNT-004407,3576933.15,1.3515
MPLADS-004408,CNT-004408,3962037.36,0.8514
MPLADS-004409,CNT-004409,5511774.48,0.9417
MPLADS-004410,CNT-004410,547156.9,0.7324
MPLADS-004411,CNT-004411,805536.9,0.7669
MPLADS-004412,CNT-004412,520634.14,1.3314
MPLADS-004413,CNT-004413,2697008.94,0.6862
MPLADS-004414,CNT-004414,558018.12,0.94
MPLADS-004415,CNT-004415,2314421.44,0.9033
MPLADS-004416,CNT-004416,221563.42,0.94
MPLADS-004417,CNT-004417,722424.77,0.8148
MPLADS-004418,CNT-004418,807255.77,0.6797
MPLADS-004419,CNT-004419,418014.44,0.8139
MPLADS-004420,CNT-004420,869255.02,0.7712
MPLADS-004421,CNT-004421,1890285.45,0.9226
MPLADS-004422,CNT-004422,201871.0,1.3103
MPLADS-004423,CNT-004423,3006662.08,0.8243
MPLADS-004424,CNT-004424,234597.14,0.717
MPLADS-004425,CNT-004425,238971.09,0.7221
MPLADS-004426,CNT-004426,3103239.94,0.7857
MPLADS-004427,CNT-004427,504716.24,0.6171
MPLADS-004428,CNT-004428,2024045.08,0.8407
MPLADS-004429,CNT-004429,5901198.78,0.7577
MPLADS-004430,CNT-004430,440883.42,0.9214
MPLADS-004431,CNT-004431,399869.86,0.7073
MPLADS-004432,CNT-004432,1039631.2,0.9556
MPLADS-004433,CNT-004433,2170124.87,0.9759
MPLADS-004434,CNT-004434,490751.31,0.7573
MPLADS-004435,CNT-004435,236542.2,0.648
MPLADS-004436,CNT-004436,1768643.87,0.8648
MPLADS-004437,CNT-004437,944443.68,1.3114
MPLADS-004438,CNT-004438,894498.21,0.6005
MPLADS-004439,CNT-004439,702764.64,0.8136
MPLADS-004440,CNT-004440,1589491.1,0.7357
MPLADS-004441,CNT-004441,3669291.52,0.6444
MPLADS-004442,CNT-004442,1042264.2,0.7089
MPLADS-004443,CNT-004443,3857553.15,0.9233
MPLADS-004444,CNT-004444,233177.43,0.6653
MPLADS-004445,CNT-004445,513874.02,0.6555
MPLADS-004446,CNT-004446,3038771.21,0.7299
MPLADS-004447,CNT-004447,536515.96,0.907
MPLADS-004448,CNT-004448,1990552.18,0.9231
MPLADS-004449,CNT-004449,5454833.35,0.9571
MPLADS-004450,CNT-004450,1970731.62,0.7565
MPLADS-004451,CNT-004451,1033419.11,0.94
MPLADS-004452,CNT-004452,733762.19,0.6324
MPLADS-004453,CNT-004453,239931.52,0.8851
MPLADS-004454,CNT-004454,188631.56,0.8738
MPLADS-004455,CNT-004455,1161845.38,0.8254
MPLADS-004456,CNT-004456,452256.39,0.6192
MPLADS-004457,CNT-004457,510538.39,0.6057
MPLADS-004458,CNT-004458,776503.08,0.7731
MPLADS-004459,CNT-004459,237313.14,0.7419
MPLADS-004460,CNT-004460,432071.87,0.6732
MPLADS-004461,CNT-004461,1924213.1,1.2609
MPLADS-004462,CNT-004462,3941169.15,0.8322
MPLADS-004463,CNT-004463,2408014.7,0.8096
MPLADS-004464,CNT-004464,1374563.3,0.8583
MPLADS-004465,CNT-004465,1265995.23,0.8383
MPLADS-004466,CNT-004466,1908628.73,0.9801
MPLADS-004467,CNT-004467,245283.08,0.8436
MPLADS-004468,CNT-004468,433496.11,0.7436
MPLADS-004469,CNT-004469,567430.56,0.9752
MPLADS-004470,CNT-004470,515539.43,0.8265
MPLADS-004471,CNT-004471,226926.25,0.915
MPLADS-004472,CNT-004472,8139947.99,0.6344
MPLADS-004473,CNT-004473,954152.12,0.6223
MPLADS-004474,CNT-004474,3997067.48,0.9347
MPLADS-004475,CNT-004475,3399278.38,0.7266
MPLADS-004476,CNT-004476,2728240.01,0.6544
MPLADS-004477,CNT-004477,479655.19,0.7207
MPLADS-004478,CNT-004478,821246.89,0.6944
MPLADS-004479,CNT-004479,1865152.85,0.6991
MPLADS-004480,CNT-004480,3136430.09,0.9544
MPLADS-004481,CNT-004481,466599.96,0.9457
MPLADS-004482,CNT-004482,2638372.96,0.9423
MPLADS-004483,CNT-004483,1808013.76,0.7924
MPLADS-004484,CNT-004484,1055969.09,0.6313
MPLADS-004485,CNT-004485,804514.45,1.0
MPLADS-004486,CNT-004486,3167383.38,0.8167
MPLADS-004487,CNT-004487,1167430.4,0.6635
MPLADS-004488,CNT-004488,3283185.75,0.8231
MPLADS-004489,CNT-004489,215748.51,0.7943
MPLADS-004490,CNT-004490,1910716.38,1.4369
MPLADS-004491,CNT-004491,2843024.29,0.6798
MPLADS-004492,CNT-004492,436738.76,0.94
MPLADS-004493,CNT-004493,780796.71,0.9833
MPLADS-004494,CNT-004494,683463.31,0.6323
MPLADS-004495,CNT-004495,1721620.72,0.9588
MPLADS-004496,CNT-004496,395107.23,0.7924
MPLADS-004497,CNT-004497,1300189.42,0.8177
MPLADS-004498,CNT-004498,4557123.4,0.8411
MPLADS-004499,CNT-004499,3169716.68,0.8348
MPLADS-004500,CNT-004500,514174.02,0.7026
MPLADS-004501,CNT-004501,853725.72,0.677
MPLADS-004502,CNT-004502,2047643.69,0.8738
MPLADS-004503,CNT-004503,1335506.82,0.6597
MPLADS-004504,CNT-004504,569626.85,0.9415
MPLADS-004505,CNT-004505,193347.88,0.9826
MPLADS-004506,CNT-004506,645354.74,0.9245
MPLADS-004507,CNT-004507,2639203.12,0.8638
MPLADS-004508,CNT-004508,734119.37,0.6559
MPLADS-004509,CNT-004509,2540789.93,0.94
MPLADS-004510,CNT-004510,2715335.71,0.7405
MPLADS-004511,CNT-004511,2029638.54,0.6283
MPLADS-004512,CNT-004512,237950.91,0.9105
MPLADS-004513,CNT-004513,712622.68,1.0
MPLADS-004514,CNT-004514,2604526.52,0.6466
MPLADS-004515,CNT-004515,470786.65,0.6043
MPLADS-004516,CNT-004516,210845.32,0.7969
MPLADS-004517,CNT-004517,786875.67,0.715
MPLADS-004518,CNT-004518,2980072.62,0.9803
MPLADS-004519,CNT-004519,2616849.67,0.9855
MPLADS-004520,CNT-004520,214188.72,0.7569
MPLADS-004521,CNT-004521,2391590.79,0.8455
MPLADS-004522,CNT-004522,2408260.44,0.6349
MPLADS-004523,CNT-004523,2413612.88,0.9854
MPLADS-004524,CNT-004524,2480768.11,0.8153
MPLADS-004525,CNT-004525,526846.81,0.989
MPLADS-004526,CNT-004526,389894.11,0.6252
MPLADS-004527,CNT-004527,3157533.41,0.6985
MPLADS-004528,CNT-004528,2934592.88,0.7349
MPLADS-004529,CNT-004529,2283559.09,0.94
MPLADS-004530,CNT-004530,848690.82,0.6339
MPLADS-004531,CNT-004531,2640659.9,0.6843
MPLADS-004532,CNT-004532,1067043.92,0.9248
MPLADS-004533,CNT-004533,957782.45,0.9003
MPLADS-004534,CNT-004534,2678284.26,0.8858
MPLADS-004535,CNT-004535,1584659.91,0.9614
MPLADS-004536,CNT-004536,656472.84,0.7285
MPLADS-004537,CNT-004537,2649922.25,0.9438
MPLADS-004538,CNT-004538,237253.82,0.9375
MPLADS-004539,CNT-004539,241835.39,0.94
MPLADS-004540,CNT-004540,1613911.1,0.8435
MPLADS-004541,CNT-004541,1270479.33,0.6916
MPLADS-004542,CNT-004542,12925368.63,0.7615
MPLADS-004543,CNT-004543,1983237.79,0.7919
MPLADS-004544,CNT-004544,1197316.82,0.7199
MPLADS-004545,CNT-004545,719721.64,0.94
MPLADS-004546,CNT-004546,2567279.8,0.8238
MPLADS-004547,CNT-004547,1869052.57,0.9992
MPLADS-004548,CNT-004548,2989137.64,0.9314
MPLADS-004549,CNT-004549,2793811.19,0.7814
MPLADS-004550,CNT-004550,2407039.34,0.7296
MPLADS-004551,CNT-004551,3031085.02,0.6846
MPLADS-004552,CNT-004552,850221.01,0.7876
MPLADS-004553,CNT-004553,2816716.92,0.6423
MPLADS-004554,CNT-004554,2026470.94,0.7226
MPLADS-004555,CNT-004555,1161165.94,0.6932
MPLADS-004556,CNT-004556,765478.7,0.7495
MPLADS-004557,CNT-004557,2030042.83,0.8828
MPLADS-004558,CNT-004558,242834.3,0.9857
MPLADS-004559,CNT-004559,766640.83,0.629
MPLADS-004560,CNT-004560,251446.29,0.7767
MPLADS-004561,CNT-004561,390660.22,0.8896
MPLADS-004562,CNT-004562,3209856.48,0.851
MPLADS-004563,CNT-004563,557480.5,0.6745
MPLADS-004564,CNT-004564,1722414.18,0.6715
MPLADS-004565,CNT-004565,887544.59,0.9142
MPLADS-004566,CNT-004566,775605.5,0.8895
MPLADS-004567,CNT-004567,718760.78,0.6421
MPLADS-004568,CNT-004568,847937.63,0.7208
MPLADS-004569,CNT-004569,3033245.46,0.6715
MPLADS-004570,CNT-004570,234811.44,0.7288
MPLADS-004571,CNT-004571,2628576.91,0.7238
MPLADS-004572,CNT-004572,243608.39,0.616
MPLADS-004573,CNT-004573,854127.9,0.7904
MPLADS-004574,CNT-004574,246548.46,0.7877
MPLADS-004575,CNT-004575,2562765.86,0.6007
MPLADS-004576,CNT-004576,3457336.5,0.862
MPLADS-004577,CNT-004577,480376.48,0.7427
MPLADS-004578,CNT-004578,10365272.56,0.768
MPLADS-004579,CNT-004579,3088574.35,0.7249
MPLADS-004580,CNT-004580,1021994.14,0.94
MPLADS-004581,CNT-004581,2338753.38,0.6156
MPLADS-004582,CNT-004582,3869559.34,0.747
MPLADS-004583,CNT-004583,1070357.3,0.6109
MPLADS-004584,CNT-004584,3326568.61,0.9693
MPLADS-004585,CNT-004585,1561737.04,0.7812
MPLADS-004586,CNT-004586,467341.84,0.94
MPLADS-004587,CNT-004587,3002323.16,0.6629
MPLADS-004588,CNT-004588,1149782.41,0.6885
MPLADS-004589,CNT-004589,243999.56,0.7309
MPLADS-004590,CNT-004590,1339921.19,0.7045
MPLADS-004591,CNT-004591,466120.86,1.0
MPLADS-004592,CNT-004592,1029125.37,1.0
MPLADS-004593,CNT-004593,427202.71,0.9243
MPLADS-004594,CNT-004594,398178.05,0.8322
MPLADS-004595,CNT-004595,2548919.67,0.8174
MPLADS-004596,CNT-004596,2535765.95,0.8743
MPLADS-004597,CNT-004597,1749392.87,0.8585
MPLADS-004598,CNT-004598,684508.2,0.6583
MPLADS-004599,CNT-004599,9530673.32,0.9724
MPLADS-004600,CNT-004600,3536604.29,0.6927
MPLADS-004601,CNT-004601,2495781.93,1.224
MPLADS-004602,CNT-004602,549610.27,0.9964
MPLADS-004603,CNT-004603,2921762.87,0.8625
MPLADS-004604,CNT-004604,405640.94,0.7935
MPLADS-004605,CNT-004605,1006704.08,0.995
MPLADS-004606,CNT-004606,1552647.61,0.9884
MPLADS-004607,CNT-004607,229267.91,0.8966
MPLADS-004608,CNT-004608,2411390.72,0.75
MPLADS-004609,CNT-004609,213391.04,0.6647
MPLADS-004610,CNT-004610,948219.17,0.9466
MPLADS-004611,CNT-004611,1003586.01,1.0
MPLADS-004612,CNT-004612,795482.96,0.7966
MPLADS-004613,CNT-004613,2305391.3,0.6211
MPLADS-004614,CNT-004614,2087787.18,0.8108
MPLADS-004615,CNT-004615,800299.89,0.6767
MPLADS-004616,CNT-004616,2500741.48,0.6114
MPLADS-004617,CNT-004617,1323577.73,0.8602
MPLADS-004618,CNT-004618,449685.65,0.7683
MPLADS-004619,CNT-004619,3872759.73,0.9272
MPLADS-004620,CNT-004620,3789355.23,0.9431
MPLADS-004621,CNT-004621,1306442.18,0.8755
MPLADS-004622,CNT-004622,10902178.01,0.9445
MPLADS-004623,CNT-004623,1035283.06,0.7399
MPLADS-004624,CNT-004624,560957.89,0.972
MPLADS-004625,CNT-004625,680307.23,0.6625
MPLADS-004626,CNT-004626,799185.74,0.6668
MPLADS-004627,CNT-004627,3698687.28,0.9398
MPLADS-004628,CNT-004628,1014342.39,0.6102
MPLADS-004629,CNT-004629,850482.84,0.7903
MPLADS-004630,CNT-004630,894168.98,0.7921
MPLADS-004631,CNT-004631,3003014.68,0.9162
MPLADS-004632,CNT-004632,450923.4,0.6003
MPLADS-004633,CNT-004633,4013363.18,0.6146
MPLADS-004634,CNT-004634,689571.25,0.8815
MPLADS-004635,CNT-004635,459177.79,0.805
MPLADS-004636,CNT-004636,189240.12,0.8863
MPLADS-004637,CNT-004637,1574284.26,0.6858
MPLADS-004638,CNT-004638,10582430.01,0.9264
MPLADS-004639,CNT-004639,845096.25,0.9469
MPLADS-004640,CNT-004640,392151.11,0.6075
MPLADS-004641,CNT-004641,11545094.38,0.6972
MPLADS-004642,CNT-004642,201703.21,0.6252
MPLADS-004643,CNT-004643,774651.8,0.9164
MPLADS-004644,CNT-004644,235110.87,0.6314
MPLADS-004645,CNT-004645,445109.16,0.8194
MPLADS-004646,CNT-004646,795668.33,0.67
MPLADS-004647,CNT-004647,785150.3,0.8697
MPLADS-004648,CNT-004648,728978.97,0.8915
MPLADS-004649,CNT-004649,2061681.33,0.7349
MPLADS-004650,CNT-004650,2462984.73,0.718
MPLADS-004651,CNT-004651,6993835.31,0.897
MPLADS-004652,CNT-004652,2729149.82,0.7723
MPLADS-004653,CNT-004653,3067230.34,1.0
MPLADS-004654,CNT-004654,553532.75,0.6667
MPLADS-004655,CNT-004655,4638963.08,0.8848
MPLADS-004656,CNT-004656,2887994.12,0.6336
MPLADS-004657,CNT-004657,2370464.3,0.6163
MPLADS-004658,CNT-004658,2790770.98,0.742
MPLADS-004659,CNT-004659,1705742.38,0.7622
MPLADS-004660,CNT-004660,1564665.21,0.6394
MPLADS-004661,CNT-004661,3659288.65,0.6841
MPLADS-004662,CNT-004662,403071.12,0.8623
MPLADS-004663,CNT-004663,476406.15,0.678
MPLADS-004664,CNT-004664,2310229.13,0.732
MPLADS-004665,CNT-004665,6938576.78,0.7682
MPLADS-004666,CNT-004666,2497535.19,0.8702
MPLADS-004667,CNT-004667,219744.63,0.8962
MPLADS-004668,CNT-004668,783538.51,0.7375
MPLADS-004669,CNT-004669,407352.23,1.3383
MPLADS-004670,CNT-004670,3704756.38,0.7251
MPLADS-004671,CNT-004671,1972609.21,0.8959
MPLADS-004672,CNT-004672,659659.16,0.8974
MPLADS-004673,CNT-004673,229946.89,0.8282
MPLADS-004674,CNT-004674,2306905.76,0.6894
MPLADS-004675,CNT-004675,1104790.62,0.7687
MPLADS-004676,CNT-004676,572887.01,0.6072
MPLADS-004677,CNT-004677,417745.0,0.8202
MPLADS-004678,CNT-004678,1951930.37,0.7646
MPLADS-004679,CNT-004679,649755.2,0.9595
MPLADS-004680,CNT-004680,2171599.76,0.6231
MPLADS-004681,CNT-004681,859569.65,0.9488
MPLADS-004682,CNT-004682,1017651.52,0.7872
MPLADS-004683,CNT-004683,809428.91,0.6781
MPLADS-004684,CNT-004684,2991762.37,0.6255
MPLADS-004685,CNT-004685,963183.37,0.6542
MPLADS-004686,CNT-004686,511920.75,0.984
MPLADS-004687,CNT-004687,224303.37,0.8705
MPLADS-004688,CNT-004688,7169550.72,0.7967
MPLADS-004689,CNT-004689,2989014.68,0.9809
MPLADS-004690,CNT-004690,3696719.66,0.9637
MPLADS-004691,CNT-004691,3103018.31,0.6149
MPLADS-004692,CNT-004692,5455193.52,0.6627
MPLADS-004693,CNT-004693,1601831.14,0.6377
MPLADS-004694,CNT-004694,2094019.03,0.6233
MPLADS-004695,CNT-004695,221281.3,0.787
MPLADS-004696,CNT-004696,1567935.41,0.6236
MPLADS-004697,CNT-004697,948722.2,0.8906
MPLADS-004698,CNT-004698,1048946.37,0.6243
MPLADS-004699,CNT-004699,205736.31,0.8291
MPLADS-004700,CNT-004700,469739.19,0.8731
MPLADS-004701,CNT-004701,1178541.97,0.8388
MPLADS-004702,CNT-004702,506458.9,0.9145
MPLADS-004703,CNT-004703,795287.5,0.8192
MPLADS-004704,CNT-004704,2468700.45,0.6481
MPLADS-004705,CNT-004705,791865.71,0.8073
MPLADS-004706,CNT-004706,425826.51,0.9755
MPLADS-004707,CNT-004707,787554.23,0.8086
MPLADS-004708,CNT-004708,1713125.77,0.9037
MPLADS-004709,CNT-004709,197779.89,0.8668
MPLADS-004710,CNT-004710,462582.48,0.7521
MPLADS-004711,CNT-004711,503973.12,0.6331
MPLADS-004712,CNT-004712,523324.78,0.7639
MPLADS-004713,CNT-004713,799590.18,0.6513
MPLADS-004714,CNT-004714,3250842.99,0.9636
MPLADS-004715,CNT-004715,7691773.55,0.6995
MPLADS-004716,CNT-004716,771271.31,0.9743
MPLADS-004717,CNT-004717,3677351.66,0.9749
MPLADS-004718,CNT-004718,233891.7,0.68
MPLADS-004719,CNT-004719,3095297.97,0.8532
MPLADS-004720,CNT-004720,3170012.85,0.8101
MPLADS-004721,CNT-004721,734113.25,0.6103
MPLADS-004722,CNT-004722,858187.75,0.8157
MPLADS-004723,CNT-004723,795534.94,0.7677
MPLADS-004724,CNT-004724,850154.36,0.8644
MPLADS-004725,CNT-004725,1935032.17,0.7261
MPLADS-004726,CNT-004726,3140649.99,0.6779
MPLADS-004727,CNT-004727,1536892.41,0.7858
MPLADS-004728,CNT-004728,2861565.2,0.8156
MPLADS-004729,CNT-004729,2038825.74,0.8083
MPLADS-004730,CNT-004730,447830.01,0.7211
MPLADS-004731,CNT-004731,2959112.44,0.919
MPLADS-004732,CNT-004732,13351738.65,0.9039
MPLADS-004733,CNT-004733,3828585.02,0.6061
MPLADS-004734,CNT-004734,3613162.29,1.3154
MPLADS-004735,CNT-004735,4643640.85,0.6062
MPLADS-004736,CNT-004736,210327.2,1.0
MPLADS-004737,CNT-004737,418347.17,0.996
MPLADS-004738,CNT-004738,460575.6,0.7308
MPLADS-004739,CNT-004739,1906303.34,0.9629
MPLADS-004740,CNT-004740,3306606.9,0.9175
MPLADS-004741,CNT-004741,709419.45,0.7493
MPLADS-004742,CNT-004742,2518478.22,0.7258
MPLADS-004743,CNT-004743,491422.17,0.6553
MPLADS-004744,CNT-004744,4107100.27,0.8048
MPLADS-004745,CNT-004745,3274630.5,0.9256
MPLADS-004746,CNT-004746,227309.03,0.9203
MPLADS-004747,CNT-004747,2757893.33,0.7229
MPLADS-004748,CNT-004748,518964.21,0.9552
MPLADS-004749,CNT-004749,3399801.97,0.7187
MPLADS-004750,CNT-004750,1763157.72,0.7449
MPLADS-004751,CNT-004751,224150.01,0.8591
MPLADS-004752,CNT-004752,2766969.71,0.6743
MPLADS-004753,CNT-004753,524615.18,0.8258
MPLADS-004754,CNT-004754,3730220.08,0.6969
MPLADS-004755,CNT-004755,2140005.83,0.6722
MPLADS-004756,CNT-004756,2399048.93,1.0
MPLADS-004757,CNT-004757,216257.81,1.358
MPLADS-004758,CNT-004758,2751470.06,0.7646
MPLADS-004759,CNT-004759,3821230.34,0.9964
MPLADS-004760,CNT-004760,214233.6,0.616
MPLADS-004761,CNT-004761,1833399.86,0.8008
MPLADS-004762,CNT-004762,1994672.68,0.8265
MPLADS-004763,CNT-004763,3523439.06,0.6614
MPLADS-004764,CNT-004764,3824242.88,0.7333
MPLADS-004765,CNT-004765,2125543.53,0.6099
MPLADS-004766,CNT-004766,192627.16,0.6153
MPLADS-004767,CNT-004767,1235939.33,0.8649
MPLADS-004768,CNT-004768,483304.92,0.8755
MPLADS-004769,CNT-004769,676282.56,0.9035
MPLADS-004770,CNT-004770,2577079.63,0.789
MPLADS-004771,CNT-004771,497101.69,0.9172
MPLADS-004772,CNT-004772,2762624.43,0.7805
MPLADS-004773,CNT-004773,459550.39,0.94
MPLADS-004774,CNT-004774,1226275.97,0.94
MPLADS-004775,CNT-004775,806631.55,0.9776
MPLADS-004776,CNT-004776,922875.14,0.9551
MPLADS-004777,CNT-004777,512883.23,0.7955
MPLADS-004778,CNT-004778,3870850.95,0.6028
MPLADS-004779,CNT-004779,548862.48,0.6927
MPLADS-004780,CNT-004780,513161.5,0.7189
MPLADS-004781,CNT-004781,486660.55,0.94
MPLADS-004782,CNT-004782,479606.2,0.6913
MPLADS-004783,CNT-004783,952581.43,0.7669
MPLADS-004784,CNT-004784,2485824.8,0.6729
MPLADS-004785,CNT-004785,2550578.77,0.94
MPLADS-004786,CNT-004786,751223.75,0.832
MPLADS-004787,CNT-004787,1690445.72,0.8424
MPLADS-004788,CNT-004788,3155017.1,0.7053
MPLADS-004789,CNT-004789,3169323.64,0.8559
MPLADS-004790,CNT-004790,3407764.12,0.6425
MPLADS-004791,CNT-004791,3250949.18,0.698
MPLADS-004792,CNT-004792,794682.93,0.6907
MPLADS-004793,CNT-004793,2424429.53,0.9838
MPLADS-004794,CNT-004794,2724619.88,0.7366
MPLADS-004795,CNT-004795,542453.87,1.0
MPLADS-004796,CNT-004796,2701138.49,0.6355
MPLADS-004797,CNT-004797,4652129.72,0.884
MPLADS-004798,CNT-004798,6957655.02,0.9607
MPLADS-004799,CNT-004799,1714278.65,0.7174
MPLADS-004800,CNT-004800,653756.72,0.6327
MPLADS-004801,CNT-004801,3871631.3,0.8059
MPLADS-004802,CNT-004802,211297.23,0.7863
MPLADS-004803,CNT-004803,234943.52,0.9566
MPLADS-004804,CNT-004804,2278913.18,0.786
MPLADS-004805,CNT-004805,476115.48,0.7784
MPLADS-004806,CNT-004806,847461.16,0.6165
MPLADS-004807,CNT-004807,724784.04,0.7595
MPLADS-004808,CNT-004808,250230.22,0.9037
MPLADS-004809,CNT-004809,855651.26,0.6095
MPLADS-004810,CNT-004810,2967496.56,0.8872
MPLADS-004811,CNT-004811,457240.38,0.6864
MPLADS-004812,CNT-004812,1025550.34,0.6234
MPLADS-004813,CNT-004813,861332.09,0.653
MPLADS-004814,CNT-004814,3012836.08,0.6888
MPLADS-004815,CNT-004815,3134598.26,0.6092
MPLADS-004816,CNT-004816,986246.57,0.8162
MPLADS-004817,CNT-004817,2486317.56,0.6937
MPLADS-004818,CNT-004818,11035871.34,0.6806
MPLADS-004819,CNT-004819,247811.26,0.94
MPLADS-004820,CNT-004820,3063214.28,0.6337
MPLADS-004821,CNT-004821,2307964.8,0.7373
MPLADS-004822,CNT-004822,803227.41,0.9739
MPLADS-004823,CNT-004823,1781450.07,0.8986
MPLADS-004824,CNT-004824,514393.14,0.6593
MPLADS-004825,CNT-004825,3629491.13,0.6153
MPLADS-004826,CNT-004826,1148794.03,0.965
MPLADS-004827,CNT-004827,549579.88,0.6607
MPLADS-004828,CNT-004828,414573.91,0.9842
MPLADS-004829,CNT-004829,1811127.45,0.7567
MPLADS-004830,CNT-004830,3174193.66,0.7281
MPLADS-004831,CNT-004831,1847273.02,0.9038
MPLADS-004832,CNT-004832,860038.67,0.9095
MPLADS-004833,CNT-004833,1137632.49,0.9551
MPLADS-004834,CNT-004834,870862.85,0.6085
MPLADS-004835,CNT-004835,448597.42,0.6784
MPLADS-004836,CNT-004836,1834433.71,0.8289
MPLADS-004837,CNT-004837,3581994.77,0.9789
MPLADS-004838,CNT-004838,451414.11,0.8519
MPLADS-004839,CNT-004839,793112.15,0.6485
MPLADS-004840,CNT-004840,775363.79,0.8788
MPLADS-004841,CNT-004841,233447.96,0.94
MPLADS-004842,CNT-004842,189077.8,0.6422
MPLADS-004843,CNT-004843,2990247.41,0.6089
MPLADS-004844,CNT-004844,9035959.54,0.8572
MPLADS-004845,CNT-004845,3704391.64,0.6355
MPLADS-004846,CNT-004846,395942.49,0.6982
MPLADS-004847,CNT-004847,662196.07,0.7709
MPLADS-004848,CNT-004848,2421871.49,1.4055
MPLADS-004849,CNT-004849,2637377.11,0.7585
MPLADS-004850,CNT-004850,10664818.06,0.868
MPLADS-004851,CNT-004851,447987.48,0.7014
MPLADS-004852,CNT-004852,1927228.41,0.82
MPLADS-004853,CNT-004853,428527.7,0.91
MPLADS-004854,CNT-004854,488551.76,0.6088
MPLADS-004855,CNT-004855,224100.19,0.8577
MPLADS-004856,CNT-004856,770266.27,0.7786
MPLADS-004857,CNT-004857,232468.79,0.9809
MPLADS-004858,CNT-004858,1901763.08,0.7573
MPLADS-004859,CNT-004859,2603101.31,0.8411
MPLADS-004860,CNT-004860,1025057.7,0.9427
MPLADS-004861,CNT-004861,1436224.85,0.7957
MPLADS-004862,CNT-004862,731339.67,0.9209
MPLADS-004863,CNT-004863,2020265.51,0.9543
MPLADS-004864,CNT-004864,1225532.74,0.8076
MPLADS-004865,CNT-004865,849805.06,0.9781
MPLADS-004866,CNT-004866,2982473.7,0.8826
MPLADS-004867,CNT-004867,4740008.09,0.828
MPLADS-004868,CNT-004868,1713881.7,0.6165
MPLADS-004869,CNT-004869,1257076.73,0.94
MPLADS-004870,CNT-004870,2002522.79,0.729
MPLADS-004871,CNT-004871,704255.65,0.94
MPLADS-004872,CNT-004872,2514959.09,0.748
MPLADS-004873,CNT-004873,3141922.66,0.6144
MPLADS-004874,CNT-004874,3133772.51,0.7883
MPLADS-004875,CNT-004875,770421.76,0.706
MPLADS-004876,CNT-004876,2517123.18,0.8867
MPLADS-004877,CNT-004877,497767.11,0.9737
MPLADS-004878,CNT-004878,692876.74,0.7656
MPLADS-004879,CNT-004879,504287.87,0.7045
MPLADS-004880,CNT-004880,641019.42,0.6068
MPLADS-004881,CNT-004881,3100751.04,0.6395
MPLADS-004882,CNT-004882,1020380.51,0.9979
MPLADS-004883,CNT-004883,3477437.37,0.6457
MPLADS-004884,CNT-004884,638632.88,0.8214
MPLADS-004885,CNT-004885,2129813.96,0.9808
MPLADS-004886,CNT-004886,389584.7,0.888
MPLADS-004887,CNT-004887,2636412.68,0.8783
MPLADS-004888,CNT-004888,13373851.68,0.9417
MPLADS-004889,CNT-004889,1730357.24,0.6291
MPLADS-004890,CNT-004890,2011668.14,0.9344
MPLADS-004891,CNT-004891,1973339.55,0.9133
MPLADS-004892,CNT-004892,2597429.49,0.8716
MPLADS-004893,CNT-004893,480576.64,1.4007
MPLADS-004894,CNT-004894,2762989.32,0.8073
MPLADS-004895,CNT-004895,536639.46,0.9411
MPLADS-004896,CNT-004896,3134116.08,1.4164
MPLADS-004897,CNT-004897,1967618.31,0.8933
MPLADS-004898,CNT-004898,204058.27,1.3199
MPLADS-004899,CNT-004899,784378.58,0.7778
MPLADS-004900,CNT-004900,1739187.58,0.9663
MPLADS-004901,CNT-004901,232017.04,0.8326
MPLADS-004902,CNT-004902,1829254.43,1.0
MPLADS-004903,CNT-004903,706371.86,0.6806
MPLADS-004904,CNT-004904,859686.89,0.737
MPLADS-004905,CNT-004905,1175148.03,0.7886
MPLADS-004906,CNT-004906,2571520.43,0.9758
MPLADS-004907,CNT-004907,3081623.6,1.3025
MPLADS-004908,CNT-004908,1862021.65,0.6034
MPLADS-004909,CNT-004909,562426.59,0.633
MPLADS-004910,CNT-004910,240566.98,0.7084
MPLADS-004911,CNT-004911,570565.98,0.9971
MPLADS-004912,CNT-004912,1987817.91,0.6289
MPLADS-004913,CNT-004913,2374018.05,0.7948
MPLADS-004914,CNT-004914,705496.61,0.6384
MPLADS-004915,CNT-004915,1119955.89,0.8169
MPLADS-004916,CNT-004916,450316.85,0.6765
MPLADS-004917,CNT-004917,232445.0,0.7059
MPLADS-004918,CNT-004918,1260595.38,0.965
MPLADS-004919,CNT-004919,9332480.85,0.7302
MPLADS-004920,CNT-004920,1136071.85,0.6428
MPLADS-004921,CNT-004921,2662678.09,0.94
MPLADS-004922,CNT-004922,1005783.23,0.7559
MPLADS-004923,CNT-004923,1955491.83,0.7943
MPLADS-004924,CNT-004924,1870147.46,0.7999
MPLADS-004925,CNT-004925,471194.13,0.69
MPLADS-004926,CNT-004926,1564551.47,0.6173
MPLADS-004927,CNT-004927,2529199.07,0.6352
MPLADS-004928,CNT-004928,822819.7,0.7032
MPLADS-004929,CNT-004929,3793822.19,0.7467
MPLADS-004930,CNT-004930,2715770.53,0.869
MPLADS-004931,CNT-004931,2708339.24,0.8817
MPLADS-004932,CNT-004932,3643838.96,0.8628
MPLADS-004933,CNT-004933,561747.39,0.985
MPLADS-004934,CNT-004934,2440728.3,0.9703
MPLADS-004935,CNT-004935,2816918.87,0.7635
MPLADS-004936,CNT-004936,476256.25,0.9366
MPLADS-004937,CNT-004937,213957.08,1.4469
MPLADS-004938,CNT-004938,7519331.42,0.8976
MPLADS-004939,CNT-004939,1315643.02,0.7728
MPLADS-004940,CNT-004940,235713.65,0.9885
MPLADS-004941,CNT-004941,1021286.8,0.6801
MPLADS-004942,CNT-004942,1758552.39,0.8355
MPLADS-004943,CNT-004943,222956.91,0.6259
MPLADS-004944,CNT-004944,1336756.33,0.9437
MPLADS-004945,CNT-004945,2589801.35,0.9515
MPLADS-004946,CNT-004946,1367280.86,0.9871
MPLADS-004947,CNT-004947,3056149.61,0.753
MPLADS-004948,CNT-004948,3917841.08,0.6832
MPLADS-004949,CNT-004949,778823.74,0.6712
MPLADS-004950,CNT-004950,839505.65,1.4315
MPLADS-004951,CNT-004951,806389.43,0.6876
MPLADS-004952,CNT-004952,435203.17,1.0
MPLADS-004953,CNT-004953,824169.09,0.7718
MPLADS-004954,CNT-004954,1708540.62,0.9484
MPLADS-004955,CNT-004955,1996211.21,0.882
MPLADS-004956,CNT-004956,222283.03,0.9212
MPLADS-004957,CNT-004957,547241.54,0.8921
MPLADS-004958,CNT-004958,1099953.21,0.67
MPLADS-004959,CNT-004959,3207284.2,0.8469
MPLADS-004960,CNT-004960,2487846.51,0.6691
MPLADS-004961,CNT-004961,3674479.33,0.9976
MPLADS-004962,CNT-004962,701510.63,0.6812
MPLADS-004963,CNT-004963,3836172.55,0.6579
MPLADS-004964,CNT-004964,1234798.71,0.6873
MPLADS-004965,CNT-004965,558641.16,0.9534
MPLADS-004966,CNT-004966,2538828.08,0.8441
MPLADS-004967,CNT-004967,6649103.45,0.9871
MPLADS-004968,CNT-004968,2530755.15,0.7618
MPLADS-004969,CNT-004969,3146483.63,0.7962
MPLADS-004970,CNT-004970,1578447.69,0.9521
MPLADS-004971,CNT-004971,1518025.24,0.6912
MPLADS-004972,CNT-004972,201051.92,0.6998
MPLADS-004973,CNT-004973,722525.54,0.7915
MPLADS-004974,CNT-004974,2938720.96,0.6899
MPLADS-004975,CNT-004975,833054.71,0.8605
MPLADS-004976,CNT-004976,850024.7,0.9666
MPLADS-004977,CNT-004977,1750931.32,0.9956
MPLADS-004978,CNT-004978,2676040.67,0.6212
MPLADS-004979,CNT-004979,838695.49,0.9003
MPLADS-004980,CNT-004980,790018.8,0.9796
MPLADS-004981,CNT-004981,676399.08,0.7971
MPLADS-004982,CNT-004982,11986501.36,0.7271
MPLADS-004983,CNT-004983,1317031.16,0.8351
MPLADS-004984,CNT-004984,2368695.03,0.671
MPLADS-004985,CNT-004985,189103.93,0.7534
MPLADS-004986,CNT-004986,218665.71,0.94
MPLADS-004987,CNT-004987,835778.0,0.6324
MPLADS-004988,CNT-004988,13222803.69,0.7991
MPLADS-004989,CNT-004989,3023960.51,0.9463
MPLADS-004990,CNT-004990,1302313.82,0.8246
MPLADS-004991,CNT-004991,1320622.8,0.7116
MPLADS-004992,CNT-004992,491479.79,0.6599
MPLADS-004993,CNT-004993,1172704.74,0.6633
MPLADS-004994,CNT-004994,211442.28,0.805
MPLADS-004995,CNT-004995,409988.33,0.8516
MPLADS-004996,CNT-004996,2917630.65,0.7538
MPLADS-004997,CNT-004997,1372876.13,0.9994
MPLADS-004998,CNT-004998,1780743.95,0.8102
MPLADS-004999,CNT-004999,873581.78,0.786
MPLADS-005000,CNT-005000,3339255.81,0.8953
MPLADS-005001,CNT-005001,936101.95,0.7322
MPLADS-005002,CNT-005002,552420.01,0.9858
MPLADS-005003,CNT-005003,644577.86,0.7141
MPLADS-005004,CNT-005004,2531488.75,0.7363
MPLADS-005005,CNT-005005,511741.41,0.94
MPLADS-005006,CNT-005006,1982285.12,0.8336
MPLADS-005007,CNT-005007,7756678.54,0.9518
MPLADS-005008,CNT-005008,12547811.66,0.7288
MPLADS-005009,CNT-005009,955439.31,0.6919
MPLADS-005010,CNT-005010,1922679.05,0.9487
MPLADS-005011,CNT-005011,3185988.01,0.6385
MPLADS-005012,CNT-005012,1317573.44,0.662
MPLADS-005013,CNT-005013,486005.64,0.6761
MPLADS-005014,CNT-005014,973114.02,1.0
MPLADS-005015,CNT-005015,407731.05,0.9382
MPLADS-005016,CNT-005016,1794291.4,0.8449
MPLADS-005017,CNT-005017,973564.14,1.369
MPLADS-005018,CNT-005018,781940.46,0.6937
MPLADS-005019,CNT-005019,2466270.5,0.7526
MPLADS-005020,CNT-005020,684984.7,0.6718
MPLADS-005021,CNT-005021,6777595.7,0.6034
MPLADS-005022,CNT-005022,2399378.54,1.4456
MPLADS-005023,CNT-005023,1223493.15,0.6715
MPLADS-005024,CNT-005024,1220621.26,1.0
MPLADS-005025,CNT-005025,573409.96,0.9108
MPLADS-005026,CNT-005026,2590619.49,0.8776
MPLADS-005027,CNT-005027,204261.75,0.7864
MPLADS-005028,CNT-005028,3031451.84,0.9792
MPLADS-005029,CNT-005029,493340.59,0.8151
MPLADS-005030,CNT-005030,2980873.11,0.7954
MPLADS-005031,CNT-005031,551990.79,0.6527
MPLADS-005032,CNT-005032,1616888.63,0.8367
MPLADS-005033,CNT-005033,2554686.67,0.858
MPLADS-005034,CNT-005034,538457.75,0.8158
MPLADS-005035,CNT-005035,766088.08,0.7754
MPLADS-005036,CNT-005036,771813.08,0.8614
MPLADS-005037,CNT-005037,720076.61,0.694
MPLADS-005038,CNT-005038,434291.66,0.6134
MPLADS-005039,CNT-005039,503557.62,0.6802
MPLADS-005040,CNT-005040,887532.1,0.7151
MPLADS-005041,CNT-005041,12783134.47,0.6759
MPLADS-005042,CNT-005042,192172.83,0.7121
MPLADS-005043,CNT-005043,7010395.25,0.7843
MPLADS-005044,CNT-005044,7996574.93,0.7747
MPLADS-005045,CNT-005045,797676.79,0.6052
MPLADS-005046,CNT-005046,3468520.54,0.82
MPLADS-005047,CNT-005047,1769855.19,0.94
MPLADS-005048,CNT-005048,1723903.87,0.7269
MPLADS-005049,CNT-005049,827731.01,0.7813
MPLADS-005050,CNT-005050,1956987.63,0.8527
MPLADS-005051,CNT-005051,1920212.8,0.7267
MPLADS-005052,CNT-005052,2646231.18,0.9061
MPLADS-005053,CNT-005053,560628.62,0.963
MPLADS-005054,CNT-005054,2882761.69,0.7873
MPLADS-005055,CNT-005055,1331190.96,0.6719
MPLADS-005056,CNT-005056,1190063.71,0.8809
MPLADS-005057,CNT-005057,573603.5,0.8126
MPLADS-005058,CNT-005058,584705.92,0.9603
MPLADS-005059,CNT-005059,2815277.28,0.822
MPLADS-005060,CNT-005060,422040.12,0.8203
MPLADS-005061,CNT-005061,1542332.75,0.94
MPLADS-005062,CNT-005062,1615232.41,0.9058
MPLADS-005063,CNT-005063,2420154.55,0.6401
MPLADS-005064,CNT-005064,1885919.56,0.94
MPLADS-005065,CNT-005065,2905342.22,0.8521
MPLADS-005066,CNT-005066,2835186.76,0.6178
MPLADS-005067,CNT-005067,888352.13,1.2683
MPLADS-005068,CNT-005068,4179247.37,0.9411
MPLADS-005069,CNT-005069,1328907.51,0.657
MPLADS-005070,CNT-005070,244500.4,0.7186
MPLADS-005071,CNT-005071,883438.08,1.2364
MPLADS-005072,CNT-005072,438112.84,0.7492
MPLADS-005073,CNT-005073,1645592.01,0.728
MPLADS-005074,CNT-005074,12101729.8,0.6826
MPLADS-005075,CNT-005075,653377.68,0.6478
MPLADS-005076,CNT-005076,489230.38,0.877
MPLADS-005077,CNT-005077,2160927.62,0.9907
MPLADS-005078,CNT-005078,1772850.2,0.8171
MPLADS-005079,CNT-005079,1297591.29,0.9906
MPLADS-005080,CNT-005080,510128.55,0.8377
MPLADS-005081,CNT-005081,885913.2,0.7964
MPLADS-005082,CNT-005082,1252507.72,0.9781
MPLADS-005083,CNT-005083,3804650.54,0.7578
MPLADS-005084,CNT-005084,875618.36,0.7458
MPLADS-005085,CNT-005085,401699.85,0.9644
MPLADS-005086,CNT-005086,8547061.02,0.7435
MPLADS-005087,CNT-005087,4550998.21,0.8804
MPLADS-005088,CNT-005088,2287763.98,1.4287
MPLADS-005089,CNT-005089,232043.65,0.9654
MPLADS-005090,CNT-005090,1923573.49,0.7998
MPLADS-005091,CNT-005091,2758828.55,0.8337
MPLADS-005092,CNT-005092,247716.65,0.6579
MPLADS-005093,CNT-005093,1365125.88,0.6353
MPLADS-005094,CNT-005094,2197075.3,0.6842
MPLADS-005095,CNT-005095,2456553.71,1.4313
MPLADS-005096,CNT-005096,507504.9,0.6943
MPLADS-005097,CNT-005097,487029.38,0.7916
MPLADS-005098,CNT-005098,2451245.39,1.4263
MPLADS-005099,CNT-005099,217002.81,0.6382
MPLADS-005100,CNT-005100,717645.78,0.6984
MPLADS-005101,CNT-005101,1003364.86,0.9927
MPLADS-005102,CNT-005102,3304478.94,0.6216
MPLADS-005103,CNT-005103,557130.69,0.9445
MPLADS-005104,CNT-005104,890784.09,1.2375
MPLADS-005105,CNT-005105,2049320.4,0.8578
MPLADS-005106,CNT-005106,2666512.19,0.7185
MPLADS-005107,CNT-005107,2641402.83,0.9546
MPLADS-005108,CNT-005108,802899.87,0.7088
MPLADS-005109,CNT-005109,1777546.86,0.7436
MPLADS-005110,CNT-005110,6155629.29,0.9325
MPLADS-005111,CNT-005111,761910.96,0.6655
MPLADS-005112,CNT-005112,2446951.86,0.86
MPLADS-005113,CNT-005113,7874816.82,0.8833
MPLADS-005114,CNT-005114,835014.38,0.6439
MPLADS-005115,CNT-005115,417941.78,0.6152
MPLADS-005116,CNT-005116,388699.86,0.94
MPLADS-005117,CNT-005117,1799694.67,0.7624
MPLADS-005118,CNT-005118,1195869.44,0.9311
MPLADS-005119,CNT-005119,3790493.88,0.7844
MPLADS-005120,CNT-005120,3020852.99,0.9126
MPLADS-005121,CNT-005121,3865289.27,0.7358
MPLADS-005122,CNT-005122,1839593.89,0.7895
MPLADS-005123,CNT-005123,9781238.78,0.9667
MPLADS-005124,CNT-005124,5589437.73,0.615
MPLADS-005125,CNT-005125,464852.09,0.9924
MPLADS-005126,CNT-005126,523179.72,0.9344
MPLADS-005127,CNT-005127,4023071.92,0.8603
MPLADS-005128,CNT-005128,3685684.42,0.9631
MPLADS-005129,CNT-005129,1275894.8,0.9649
MPLADS-005130,CNT-005130,2822222.42,0.6162
MPLADS-005131,CNT-005131,507533.05,0.8933
MPLADS-005132,CNT-005132,466637.44,0.6793
MPLADS-005133,CNT-005133,1311733.81,0.963
MPLADS-005134,CNT-005134,1326992.26,0.8292
MPLADS-005135,CNT-005135,2347896.3,0.835
MPLADS-005136,CNT-005136,2757990.81,0.6256
MPLADS-005137,CNT-005137,12584469.31,0.6326
MPLADS-005138,CNT-005138,1299842.55,0.9027
MPLADS-005139,CNT-005139,1261333.46,0.9401
MPLADS-005140,CNT-005140,905186.85,0.69
MPLADS-005141,CNT-005141,551704.51,0.7669
MPLADS-005142,CNT-005142,1317305.9,0.6842
MPLADS-005143,CNT-005143,2172321.46,0.6163
MPLADS-005144,CNT-005144,3395887.24,0.9577
MPLADS-005145,CNT-005145,878596.15,0.6109
MPLADS-005146,CNT-005146,948999.07,0.6253
MPLADS-005147,CNT-005147,787132.27,0.9296
MPLADS-005148,CNT-005148,1816503.48,0.692
MPLADS-005149,CNT-005149,241628.92,0.9131
MPLADS-005150,CNT-005150,192796.78,0.828
MPLADS-005151,CNT-005151,1841998.98,0.9171
MPLADS-005152,CNT-005152,758348.26,0.858
MPLADS-005153,CNT-005153,2208733.46,0.94
MPLADS-005154,CNT-005154,518260.3,1.2769
MPLADS-005155,CNT-005155,219919.88,0.7651
MPLADS-005156,CNT-005156,2599920.86,0.8673
MPLADS-005157,CNT-005157,1730667.9,0.9301
MPLADS-005158,CNT-005158,502563.74,0.6216
MPLADS-005159,CNT-005159,810845.62,0.6992
MPLADS-005160,CNT-005160,1791192.15,0.7438
MPLADS-005161,CNT-005161,2942880.63,0.8442
MPLADS-005162,CNT-005162,3584206.23,0.6502
MPLADS-005163,CNT-005163,1322772.25,0.8141
MPLADS-005164,CNT-005164,466838.3,0.7294
MPLADS-005165,CNT-005165,1775378.0,0.7043
MPLADS-005166,CNT-005166,1215613.08,0.8716
MPLADS-005167,CNT-005167,460309.18,0.9009
MPLADS-005168,CNT-005168,482760.48,0.94
MPLADS-005169,CNT-005169,1253332.51,0.8604
MPLADS-005170,CNT-005170,1052701.65,0.9083
MPLADS-005171,CNT-005171,948480.42,0.6469
MPLADS-005172,CNT-005172,3024177.54,0.9983
MPLADS-005173,CNT-005173,679519.66,0.94
MPLADS-005174,CNT-005174,3131002.25,0.8345
MPLADS-005175,CNT-005175,7740717.21,0.6368
MPLADS-005176,CNT-005176,3123437.65,0.8353
MPLADS-005177,CNT-005177,2509906.14,0.7471
MPLADS-005178,CNT-005178,429838.83,0.8429
MPLADS-005179,CNT-005179,4377581.61,0.9104
MPLADS-005180,CNT-005180,472661.03,0.9603
MPLADS-005181,CNT-005181,857227.82,0.9734
MPLADS-005182,CNT-005182,237865.33,0.8638
MPLADS-005183,CNT-005183,2856258.07,0.8457
MPLADS-005184,CNT-005184,1338865.0,0.9944
MPLADS-005185,CNT-005185,2746747.47,0.9256
MPLADS-005186,CNT-005186,3132232.8,0.8958
MPLADS-005187,CNT-005187,1643034.82,0.6696
MPLADS-005188,CNT-005188,840971.22,0.9565
MPLADS-005189,CNT-005189,702096.9,0.9902
MPLADS-005190,CNT-005190,725031.77,0.7401
MPLADS-005191,CNT-005191,846074.08,0.9665
MPLADS-005192,CNT-005192,2004123.59,0.6018
MPLADS-005193,CNT-005193,417102.39,0.7874
MPLADS-005194,CNT-005194,248826.64,0.7884
MPLADS-005195,CNT-005195,208096.94,0.6314
MPLADS-005196,CNT-005196,568070.28,0.966
MPLADS-005197,CNT-005197,1212783.39,0.9936
MPLADS-005198,CNT-005198,434894.74,0.9964
MPLADS-005199,CNT-005199,571815.81,0.6758
MPLADS-005200,CNT-005200,1241007.45,0.6793
MPLADS-005201,CNT-005201,3691082.98,1.0
MPLADS-005202,CNT-005202,449566.1,0.7547
MPLADS-005203,CNT-005203,1784818.97,0.65
MPLADS-005204,CNT-005204,3882383.97,0.8637
MPLADS-005205,CNT-005205,962765.5,0.911
MPLADS-005206,CNT-005206,836143.18,0.8115
MPLADS-005207,CNT-005207,3325719.14,0.7593
MPLADS-005208,CNT-005208,495351.96,0.8749
MPLADS-005209,CNT-005209,913729.54,0.9705
MPLADS-005210,CNT-005210,223070.76,0.8744
MPLADS-005211,CNT-005211,935840.74,0.8354
MPLADS-005212,CNT-005212,469855.31,0.687
MPLADS-005213,CNT-005213,2587088.8,0.649
MPLADS-005214,CNT-005214,2853687.43,0.94
MPLADS-005215,CNT-005215,202258.14,0.8372
MPLADS-005216,CNT-005216,2975260.71,0.8684
MPLADS-005217,CNT-005217,442557.21,0.9136
MPLADS-005218,CNT-005218,3524326.65,0.6791
MPLADS-005219,CNT-005219,2298966.07,0.6012
MPLADS-005220,CNT-005220,3170174.36,0.9937
MPLADS-005221,CNT-005221,2434224.14,0.696
MPLADS-005222,CNT-005222,3128381.34,0.9702
MPLADS-005223,CNT-005223,1882276.67,0.9391
MPLADS-005224,CNT-005224,1972819.36,0.7645
MPLADS-005225,CNT-005225,700678.21,0.7299
MPLADS-005226,CNT-005226,686685.91,0.762
MPLADS-005227,CNT-005227,228081.47,0.7519
MPLADS-005228,CNT-005228,688821.36,0.9348
MPLADS-005229,CNT-005229,2603496.79,0.9829
MPLADS-005230,CNT-005230,2487330.88,0.8082
MPLADS-005231,CNT-005231,798145.56,0.7082
MPLADS-005232,CNT-005232,548865.33,0.9326
MPLADS-005233,CNT-005233,2841772.8,1.0
MPLADS-005234,CNT-005234,3680331.2,0.9835
MPLADS-005235,CNT-005235,3112475.52,0.7449
MPLADS-005236,CNT-005236,566135.6,1.3597
MPLADS-005237,CNT-005237,784510.93,0.8734
MPLADS-005238,CNT-005238,8349286.83,0.6584
MPLADS-005239,CNT-005239,212247.4,1.2474
MPLADS-005240,CNT-005240,449325.05,0.9629
MPLADS-005241,CNT-005241,387143.13,0.7043
MPLADS-005242,CNT-005242,3019201.34,0.9183
MPLADS-005243,CNT-005243,441976.94,0.8318
MPLADS-005244,CNT-005244,2550283.24,1.0
MPLADS-005245,CNT-005245,193671.08,0.8626
MPLADS-005246,CNT-005246,245627.92,0.6489
MPLADS-005247,CNT-005247,5822187.91,0.7205
MPLADS-005248,CNT-005248,1823660.68,0.9378
MPLADS-005249,CNT-005249,232070.41,0.9182
MPLADS-005250,CNT-005250,514716.24,0.7925
MPLADS-005251,CNT-005251,3055893.84,0.8938
MPLADS-005252,CNT-005252,1923185.25,0.9941
MPLADS-005253,CNT-005253,2690238.3,0.7294
MPLADS-005254,CNT-005254,1774965.57,0.94
MPLADS-005255,CNT-005255,227021.52,0.6807
MPLADS-005256,CNT-005256,1742514.28,0.7088
MPLADS-005257,CNT-005257,955117.03,0.6246
MPLADS-005258,CNT-005258,819401.56,0.8971
MPLADS-005259,CNT-005259,460802.72,0.7057
MPLADS-005260,CNT-005260,989028.91,0.6771
MPLADS-005261,CNT-005261,206974.7,0.9896
MPLADS-005262,CNT-005262,3648961.06,0.6033
MPLADS-005263,CNT-005263,981828.37,0.6147
MPLADS-005264,CNT-005264,762453.4,0.8589
MPLADS-005265,CNT-005265,2680244.15,0.7911
MPLADS-005266,CNT-005266,767948.86,0.608
MPLADS-005267,CNT-005267,218021.59,0.9764
MPLADS-005268,CNT-005268,3107558.85,0.6434
MPLADS-005269,CNT-005269,1096635.0,0.7103
MPLADS-005270,CNT-005270,2807427.64,0.9724
MPLADS-005271,CNT-005271,1376847.71,0.7295
MPLADS-005272,CNT-005272,1180825.19,0.6182
MPLADS-005273,CNT-005273,1729517.78,0.7173
MPLADS-005274,CNT-005274,230052.76,0.851
MPLADS-005275,CNT-005275,3105599.6,0.757
MPLADS-005276,CNT-005276,246945.6,0.7675
MPLADS-005277,CNT-005277,3026695.74,0.9839
MPLADS-005278,CNT-005278,460916.63,0.7792
MPLADS-005279,CNT-005279,1278944.32,0.7616
MPLADS-005280,CNT-005280,239753.71,0.8481
MPLADS-005281,CNT-005281,3118009.55,0.6903
MPLADS-005282,CNT-005282,666161.89,0.94
MPLADS-005283,CNT-005283,661036.0,0.6386
MPLADS-005284,CNT-005284,3458845.21,0.6434
MPLADS-005285,CNT-005285,198213.71,0.9852
MPLADS-005286,CNT-005286,1544525.81,0.9736
MPLADS-005287,CNT-005287,3350571.1,0.851
MPLADS-005288,CNT-005288,729747.19,0.9501
MPLADS-005289,CNT-005289,467102.95,0.7016
MPLADS-005290,CNT-005290,217996.49,0.8008
MPLADS-005291,CNT-005291,3174067.75,0.94
MPLADS-005292,CNT-005292,1145931.29,0.8558
MPLADS-005293,CNT-005293,813604.41,0.809
MPLADS-005294,CNT-005294,3393960.9,0.6534
MPLADS-005295,CNT-005295,838471.84,0.7067
MPLADS-005296,CNT-005296,1553367.81,0.722
MPLADS-005297,CNT-005297,216847.54,0.7462
MPLADS-005298,CNT-005298,2820029.43,0.9153
MPLADS-005299,CNT-005299,1320504.97,0.9729
MPLADS-005300,CNT-005300,791211.23,0.8075
MPLADS-005301,CNT-005301,1033303.04,0.9036
MPLADS-005302,CNT-005302,1920806.75,0.9151
MPLADS-005303,CNT-005303,817248.97,1.0
MPLADS-005304,CNT-005304,892610.99,0.8971
MPLADS-005305,CNT-005305,2816966.66,0.8141
MPLADS-005306,CNT-005306,2137977.98,0.7534
MPLADS-005307,CNT-005307,471359.36,0.9754
MPLADS-005308,CNT-005308,3781882.87,0.9733
MPLADS-005309,CNT-005309,821639.71,0.94
MPLADS-005310,CNT-005310,465794.23,0.6505
MPLADS-005311,CNT-005311,1987436.87,0.6945
MPLADS-005312,CNT-005312,190522.81,0.9729
MPLADS-005313,CNT-005313,529342.26,0.9658
MPLADS-005314,CNT-005314,657643.04,0.7238
MPLADS-005315,CNT-005315,1989116.95,0.7802
MPLADS-005316,CNT-005316,2628361.43,1.291
MPLADS-005317,CNT-005317,2010420.23,0.6316
MPLADS-005318,CNT-005318,223823.37,0.8422
MPLADS-005319,CNT-005319,796390.84,0.9258
MPLADS-005320,CNT-005320,3182893.89,0.6224
MPLADS-005321,CNT-005321,2531330.0,0.9206
MPLADS-005322,CNT-005322,3049011.04,0.7232
MPLADS-005323,CNT-005323,1020823.23,0.8526
MPLADS-005324,CNT-005324,2806690.27,0.8486
MPLADS-005325,CNT-005325,1717700.25,0.6231
MPLADS-005326,CNT-005326,833869.73,0.8816
MPLADS-005327,CNT-005327,243556.5,0.9911
MPLADS-005328,CNT-005328,3173655.88,0.6354
MPLADS-005329,CNT-005329,843346.94,0.63
MPLADS-005330,CNT-005330,3532721.55,0.8432
MPLADS-005331,CNT-005331,758420.38,0.7336
MPLADS-005332,CNT-005332,187550.85,0.9438
MPLADS-005333,CNT-005333,249833.47,0.6302
MPLADS-005334,CNT-005334,6846869.51,0.7662
MPLADS-005335,CNT-005335,3420079.29,0.6854
MPLADS-005336,CNT-005336,189785.44,0.94
MPLADS-005337,CNT-005337,2176091.98,0.9615
MPLADS-005338,CNT-005338,785575.32,0.7565
MPLADS-005339,CNT-005339,1213545.45,0.7334
MPLADS-005340,CNT-005340,2511144.5,0.9898
MPLADS-005341,CNT-005341,2759238.16,0.6405
MPLADS-005342,CNT-005342,844865.04,0.904
MPLADS-005343,CNT-005343,727790.45,0.6923
MPLADS-005344,CNT-005344,251648.24,0.9366
MPLADS-005345,CNT-005345,411133.8,0.8552
MPLADS-005346,CNT-005346,451400.24,0.6316
MPLADS-005347,CNT-005347,2504896.28,0.9781
MPLADS-005348,CNT-005348,206041.14,0.6319
MPLADS-005349,CNT-005349,3190884.68,0.6501
MPLADS-005350,CNT-005350,201214.69,0.9636
MPLADS-005351,CNT-005351,753044.57,0.7397
MPLADS-005352,CNT-005352,566119.23,0.6218
MPLADS-005353,CNT-005353,486053.68,0.8568
MPLADS-005354,CNT-005354,570288.37,0.6452
MPLADS-005355,CNT-005355,392670.36,0.8161
MPLADS-005356,CNT-005356,1819503.8,0.8852
MPLADS-005357,CNT-005357,908980.35,0.6093
MPLADS-005358,CNT-005358,2853378.73,0.7347
MPLADS-005359,CNT-005359,2968417.5,0.7521
MPLADS-005360,CNT-005360,992299.07,0.94
MPLADS-005361,CNT-005361,695891.8,0.9951
MPLADS-005362,CNT-005362,933977.07,0.9994
MPLADS-005363,CNT-005363,531646.74,1.0
MPLADS-005364,CNT-005364,573593.4,0.9181
MPLADS-005365,CNT-005365,3398760.59,0.8341
MPLADS-005366,CNT-005366,2681660.5,0.6855
MPLADS-005367,CNT-005367,243445.28,0.9766
MPLADS-005368,CNT-005368,494677.71,0.8478
MPLADS-005369,CNT-005369,1173005.06,0.9396
MPLADS-005370,CNT-005370,1795131.34,0.6382
MPLADS-005371,CNT-005371,1033597.61,0.9424
MPLADS-005372,CNT-005372,781345.88,0.9155
MPLADS-005373,CNT-005373,2986798.01,0.7465
MPLADS-005374,CNT-005374,838482.02,0.963
MPLADS-005375,CNT-005375,1054457.07,0.969
MPLADS-005376,CNT-005376,5474355.15,0.7937
MPLADS-005377,CNT-005377,1069375.18,0.7785
MPLADS-005378,CNT-005378,2747757.87,0.8165
MPLADS-005379,CNT-005379,446653.65,0.6781
MPLADS-005380,CNT-005380,11864341.61,0.9262
MPLADS-005381,CNT-005381,1601542.49,0.94
MPLADS-005382,CNT-005382,803814.29,0.7658
MPLADS-005383,CNT-005383,974962.14,0.6045
MPLADS-005384,CNT-005384,437211.92,0.7675
MPLADS-005385,CNT-005385,209175.47,0.6343
MPLADS-005386,CNT-005386,1220907.84,0.8221
MPLADS-005387,CNT-005387,1359918.41,0.784
MPLADS-005388,CNT-005388,1879930.35,0.6983
MPLADS-005389,CNT-005389,2374363.84,0.7893
MPLADS-005390,CNT-005390,675919.38,0.6625
MPLADS-005391,CNT-005391,416911.03,0.992
MPLADS-005392,CNT-005392,2643831.06,0.8224
MPLADS-005393,CNT-005393,443822.46,0.7894
MPLADS-005394,CNT-005394,860060.63,0.715
MPLADS-005395,CNT-005395,197525.54,0.6678
MPLADS-005396,CNT-005396,421840.98,0.7865
MPLADS-005397,CNT-005397,782610.38,0.6283
MPLADS-005398,CNT-005398,9390415.07,0.6561
MPLADS-005399,CNT-005399,2763866.55,0.8062
MPLADS-005400,CNT-005400,993330.27,1.2367
MPLADS-005401,CNT-005401,2284373.69,0.8089
MPLADS-005402,CNT-005402,524727.2,0.8085
MPLADS-005403,CNT-005403,192976.06,0.9514
MPLADS-005404,CNT-005404,751430.43,0.7599
MPLADS-005405,CNT-005405,3339077.2,0.7584
MPLADS-005406,CNT-005406,219492.4,0.9923
MPLADS-005407,CNT-005407,737315.35,0.94
MPLADS-005408,CNT-005408,548847.01,0.8571
MPLADS-005409,CNT-005409,3641680.92,0.8419
MPLADS-005410,CNT-005410,428286.16,0.935
MPLADS-005411,CNT-005411,3131479.07,0.9654
MPLADS-005412,CNT-005412,2538312.09,0.7323
MPLADS-005413,CNT-005413,3533914.77,0.8706
MPLADS-005414,CNT-005414,199943.53,0.6264
MPLADS-005415,CNT-005415,414431.85,0.9562
MPLADS-005416,CNT-005416,2850389.2,0.6968
MPLADS-005417,CNT-005417,852396.61,0.9878
MPLADS-005418,CNT-005418,2641945.12,0.7457
MPLADS-005419,CNT-005419,6923454.63,0.7135
MPLADS-005420,CNT-005420,490949.67,0.9376
MPLADS-005421,CNT-005421,500821.93,0.9022
MPLADS-005422,CNT-005422,1374193.21,0.8688
MPLADS-005423,CNT-005423,3290045.87,0.8706
MPLADS-005424,CNT-005424,1003264.76,0.9322
MPLADS-005425,CNT-005425,2586128.07,0.7332
MPLADS-005426,CNT-005426,453706.64,0.8255
MPLADS-005427,CNT-005427,441591.9,1.3473
MPLADS-005428,CNT-005428,673500.14,0.79
MPLADS-005429,CNT-005429,2448954.13,0.7547
MPLADS-005430,CNT-005430,514914.72,1.2617
MPLADS-005431,CNT-005431,2791116.22,0.7772
MPLADS-005432,CNT-005432,208312.17,0.8984
MPLADS-005433,CNT-005433,524969.27,0.9644
MPLADS-005434,CNT-005434,827598.37,0.94
MPLADS-005435,CNT-005435,883848.12,0.7713
MPLADS-005436,CNT-005436,3233302.87,0.6679
MPLADS-005437,CNT-005437,196940.08,0.8962
MPLADS-005438,CNT-005438,1581754.18,0.8916
MPLADS-005439,CNT-005439,2322011.44,0.6339
MPLADS-005440,CNT-005440,714975.34,0.8937
MPLADS-005441,CNT-005441,959488.67,0.8669
MPLADS-005442,CNT-005442,2735156.93,0.6767
MPLADS-005443,CNT-005443,1049020.52,1.3976
MPLADS-005444,CNT-005444,838129.33,0.8638
MPLADS-005445,CNT-005445,1299728.46,0.7159
MPLADS-005446,CNT-005446,1017778.24,0.9929
MPLADS-005447,CNT-005447,2943063.57,0.94
MPLADS-005448,CNT-005448,1347000.7,1.0
MPLADS-005449,CNT-005449,3585903.37,0.6322
MPLADS-005450,CNT-005450,2824458.47,0.6277
MPLADS-005451,CNT-005451,3068525.81,0.9188
MPLADS-005452,CNT-005452,1368490.93,0.6768
MPLADS-005453,CNT-005453,493960.85,0.6108
MPLADS-005454,CNT-005454,1434578.24,0.8639
MPLADS-005455,CNT-005455,2864578.94,0.9118
MPLADS-005456,CNT-005456,2608750.63,0.6348
MPLADS-005457,CNT-005457,482533.03,0.7666
MPLADS-005458,CNT-005458,2434086.17,0.9097
MPLADS-005459,CNT-005459,2441637.18,1.2818
MPLADS-005460,CNT-005460,495534.39,0.8563
MPLADS-005461,CNT-005461,896422.57,0.8119
MPLADS-005462,CNT-005462,407879.41,0.9189
MPLADS-005463,CNT-005463,695648.47,0.8712
MPLADS-005464,CNT-005464,469870.57,0.7421
MPLADS-005465,CNT-005465,2781676.08,1.0
MPLADS-005466,CNT-005466,564099.14,0.94
MPLADS-005467,CNT-005467,6170013.01,0.8671
MPLADS-005468,CNT-005468,960579.65,0.64
MPLADS-005469,CNT-005469,769709.88,0.9706
MPLADS-005470,CNT-005470,439469.4,0.7502
MPLADS-005471,CNT-005471,7456958.79,0.975
MPLADS-005472,CNT-005472,1791940.81,0.6473
MPLADS-005473,CNT-005473,1173971.55,0.9477
MPLADS-005474,CNT-005474,2710974.92,0.9065
MPLADS-005475,CNT-005475,446785.25,0.6667
MPLADS-005476,CNT-005476,393130.09,0.7892
MPLADS-005477,CNT-005477,3604949.61,0.7267
MPLADS-005478,CNT-005478,882802.53,0.888
MPLADS-005479,CNT-005479,9283071.02,0.7942
MPLADS-005480,CNT-005480,1653377.24,0.7124
MPLADS-005481,CNT-005481,384891.37,0.94
MPLADS-005482,CNT-005482,2009856.39,0.718
MPLADS-005483,CNT-005483,388492.27,0.8995
MPLADS-005484,CNT-005484,3101202.98,0.6141
MPLADS-005485,CNT-005485,2623957.54,0.8447
MPLADS-005486,CNT-005486,236837.03,0.9126
MPLADS-005487,CNT-005487,2019011.02,0.6046
MPLADS-005488,CNT-005488,3371373.1,0.6882
MPLADS-005489,CNT-005489,1176135.85,0.9461
MPLADS-005490,CNT-005490,2458574.1,0.7627
MPLADS-005491,CNT-005491,893501.25,0.934
MPLADS-005492,CNT-005492,648360.63,0.6503
MPLADS-005493,CNT-005493,544056.8,0.7172
MPLADS-005494,CNT-005494,830922.15,0.7323
MPLADS-005495,CNT-005495,1341308.03,0.6796
MPLADS-005496,CNT-005496,2614205.3,0.8488
MPLADS-005497,CNT-005497,466193.07,0.7218
MPLADS-005498,CNT-005498,1011321.99,0.9664
MPLADS-005499,CNT-005499,3067192.47,0.8546
MPLADS-005500,CNT-005500,2354643.17,0.7474
MPLADS-005501,CNT-005501,3781773.53,0.6965
MPLADS-005502,CNT-005502,9715678.74,0.9778
MPLADS-005503,CNT-005503,1521033.55,0.7503
MPLADS-005504,CNT-005504,226057.8,0.6725
MPLADS-005505,CNT-005505,223877.87,0.9423
MPLADS-005506,CNT-005506,2910526.65,0.8543
MPLADS-005507,CNT-005507,1102002.92,1.2917
MPLADS-005508,CNT-005508,499491.4,0.6718
MPLADS-005509,CNT-005509,12827440.03,0.7709
MPLADS-005510,CNT-005510,2291538.74,0.6881
MPLADS-005511,CNT-005511,917898.87,0.7936
MPLADS-005512,CNT-005512,3749936.38,0.8257
MPLADS-005513,CNT-005513,3065084.93,0.7978
MPLADS-005514,CNT-005514,246220.57,0.9626
MPLADS-005515,CNT-005515,772402.79,0.9935
MPLADS-005516,CNT-005516,929850.43,0.7997
MPLADS-005517,CNT-005517,2389370.95,0.6212
MPLADS-005518,CNT-005518,779987.0,0.9721
MPLADS-005519,CNT-005519,512327.32,0.8182
MPLADS-005520,CNT-005520,244849.85,0.674
MPLADS-005521,CNT-005521,790063.04,0.9607
MPLADS-005522,CNT-005522,2616785.08,0.664
MPLADS-005523,CNT-005523,2999776.54,0.9816
MPLADS-005524,CNT-005524,511151.9,0.9056
MPLADS-005525,CNT-005525,4023817.69,0.7994
MPLADS-005526,CNT-005526,2296175.31,0.7344
MPLADS-005527,CNT-005527,2736936.47,0.8689
MPLADS-005528,CNT-005528,701184.85,0.9841
MPLADS-005529,CNT-005529,3718261.97,0.668
MPLADS-005530,CNT-005530,3454431.04,0.9674
MPLADS-005531,CNT-005531,1283627.94,0.6138
MPLADS-005532,CNT-005532,471442.05,0.7016
MPLADS-005533,CNT-005533,3795197.69,1.307
MPLADS-005534,CNT-005534,2251828.62,0.929
MPLADS-005535,CNT-005535,2405430.43,0.6504
MPLADS-005536,CNT-005536,9013044.79,0.6277
MPLADS-005537,CNT-005537,229959.41,0.7008
MPLADS-005538,CNT-005538,1858390.53,0.6554
MPLADS-005539,CNT-005539,948089.23,0.9569
MPLADS-005540,CNT-005540,1993261.59,0.684
MPLADS-005541,CNT-005541,998034.63,0.6313
MPLADS-005542,CNT-005542,701822.73,0.94
MPLADS-005543,CNT-005543,1132714.57,0.8987
MPLADS-005544,CNT-005544,385703.2,0.9137
MPLADS-005545,CNT-005545,1059285.64,0.9057
MPLADS-005546,CNT-005546,2395117.01,0.643
MPLADS-005547,CNT-005547,2818025.7,0.7234
MPLADS-005548,CNT-005548,3750292.65,0.8932
MPLADS-005549,CNT-005549,2043831.31,0.8534
MPLADS-005550,CNT-005550,1203666.1,0.843
MPLADS-005551,CNT-005551,866839.67,0.8851
MPLADS-005552,CNT-005552,241877.58,0.9349
MPLADS-005553,CNT-005553,844467.79,0.6335
MPLADS-005554,CNT-005554,649423.31,1.2567
MPLADS-005555,CNT-005555,807817.06,0.7638
MPLADS-005556,CNT-005556,211981.45,0.6198
MPLADS-005557,CNT-005557,2202358.21,1.3313
MPLADS-005558,CNT-005558,2050163.9,0.617
MPLADS-005559,CNT-005559,556463.74,0.9623
MPLADS-005560,CNT-005560,2022159.93,0.614
MPLADS-005561,CNT-005561,770101.89,0.7879
MPLADS-005562,CNT-005562,1282645.54,0.7446
MPLADS-005563,CNT-005563,13026686.84,0.8027
MPLADS-005564,CNT-005564,1006306.89,0.7516
MPLADS-005565,CNT-005565,1313282.67,0.9766
MPLADS-005566,CNT-005566,3684120.02,0.9703
MPLADS-005567,CNT-005567,422458.81,0.7536
MPLADS-005568,CNT-005568,1577706.13,1.0
MPLADS-005569,CNT-005569,388467.41,0.7716
MPLADS-005570,CNT-005570,3005283.65,0.9041
MPLADS-005571,CNT-005571,854370.81,0.7795
MPLADS-005572,CNT-005572,1011270.48,1.2661
MPLADS-005573,CNT-005573,748925.47,0.7716
MPLADS-005574,CNT-005574,413423.87,0.6043
MPLADS-005575,CNT-005575,1095410.94,0.6312
MPLADS-005576,CNT-005576,225934.28,0.7143
MPLADS-005577,CNT-005577,7044249.06,0.9824
MPLADS-005578,CNT-005578,798309.52,0.9028
MPLADS-005579,CNT-005579,232470.62,0.6238
MPLADS-005580,CNT-005580,401715.54,0.8245
MPLADS-005581,CNT-005581,1861624.46,0.9855
MPLADS-005582,CNT-005582,1890564.6,0.7705
MPLADS-005583,CNT-005583,407187.89,0.6536
MPLADS-005584,CNT-005584,1174564.29,0.893
MPLADS-005585,CNT-005585,3760943.58,0.9552
MPLADS-005586,CNT-005586,454620.53,0.623
MPLADS-005587,CNT-005587,1803334.77,0.813
MPLADS-005588,CNT-005588,490614.62,0.9591
MPLADS-005589,CNT-005589,504468.84,0.8644
MPLADS-005590,CNT-005590,774899.6,0.6652
MPLADS-005591,CNT-005591,541008.46,0.7548
MPLADS-005592,CNT-005592,460038.11,0.8364
MPLADS-005593,CNT-005593,3083877.27,0.9229
MPLADS-005594,CNT-005594,2579276.56,0.8713
MPLADS-005595,CNT-005595,13494344.83,0.9013
MPLADS-005596,CNT-005596,779425.52,0.6549
MPLADS-005597,CNT-005597,805420.81,0.94
MPLADS-005598,CNT-005598,769736.7,0.8131
MPLADS-005599,CNT-005599,230898.44,0.8896
MPLADS-005600,CNT-005600,247932.34,0.94
MPLADS-005601,CNT-005601,811215.33,0.811
MPLADS-005602,CNT-005602,498568.72,0.8391
MPLADS-005603,CNT-005603,2422895.66,0.6088
MPLADS-005604,CNT-005604,1644212.47,0.7211
MPLADS-005605,CNT-005605,1746993.71,0.8115
MPLADS-005606,CNT-005606,192289.61,0.7695
MPLADS-005607,CNT-005607,227340.32,0.8347
MPLADS-005608,CNT-005608,440771.84,0.9415
MPLADS-005609,CNT-005609,1505393.5,0.9355
MPLADS-005610,CNT-005610,3681738.24,0.9008
MPLADS-005611,CNT-005611,3698238.43,0.9068
MPLADS-005612,CNT-005612,513207.71,0.7636
MPLADS-005613,CNT-005613,2257388.89,0.672
MPLADS-005614,CNT-005614,3598176.49,0.8678
MPLADS-005615,CNT-005615,3835124.53,0.8306
MPLADS-005616,CNT-005616,452478.91,0.7178
MPLADS-005617,CNT-005617,4578469.26,0.7323
MPLADS-005618,CNT-005618,1657417.76,0.7859
MPLADS-005619,CNT-005619,5446036.44,0.7831
MPLADS-005620,CNT-005620,1157143.87,0.6818
MPLADS-005621,CNT-005621,1100863.32,0.9531
MPLADS-005622,CNT-005622,200502.61,0.6306
MPLADS-005623,CNT-005623,3873707.26,0.7743
MPLADS-005624,CNT-005624,3435624.41,0.8827
MPLADS-005625,CNT-005625,1616819.9,1.3944
MPLADS-005626,CNT-005626,467739.22,0.6039
MPLADS-005627,CNT-005627,202811.37,0.7557
MPLADS-005628,CNT-005628,3782111.41,0.7544
MPLADS-005629,CNT-005629,836921.01,0.7987
MPLADS-005630,CNT-005630,190113.25,0.9226
MPLADS-005631,CNT-005631,443955.21,0.94
MPLADS-005632,CNT-005632,2999572.51,1.0
MPLADS-005633,CNT-005633,2781190.96,1.2609
MPLADS-005634,CNT-005634,1082890.87,0.6156
MPLADS-005635,CNT-005635,1907839.54,0.6758
MPLADS-005636,CNT-005636,3536283.52,0.9203
MPLADS-005637,CNT-005637,231327.09,0.8154
MPLADS-005638,CNT-005638,405697.75,1.37
MPLADS-005639,CNT-005639,2396094.72,0.8098
MPLADS-005640,CNT-005640,1652092.71,0.6713
MPLADS-005641,CNT-005641,506352.61,0.638
MPLADS-005642,CNT-005642,215505.31,0.631
MPLADS-005643,CNT-005643,541391.36,0.7587
MPLADS-005644,CNT-005644,1264410.88,0.8625
MPLADS-005645,CNT-005645,500777.91,0.9002
MPLADS-005646,CNT-005646,11168248.03,0.6103
MPLADS-005647,CNT-005647,1320042.27,0.9669
MPLADS-005648,CNT-005648,2446444.22,0.7195
MPLADS-005649,CNT-005649,465961.65,0.9071
MPLADS-005650,CNT-005650,879176.37,0.6168
MPLADS-005651,CNT-005651,2757566.97,0.6843
MPLADS-005652,CNT-005652,1695608.5,0.7145
MPLADS-005653,CNT-005653,2530874.42,0.964
MPLADS-005654,CNT-005654,2552053.8,0.8771
MPLADS-005655,CNT-005655,883444.59,0.9105
MPLADS-005656,CNT-005656,652190.87,0.621
MPLADS-005657,CNT-005657,389734.12,0.6231
MPLADS-005658,CNT-005658,219086.13,0.6174
MPLADS-005659,CNT-005659,1775438.69,1.0
MPLADS-005660,CNT-005660,3691327.29,0.7649
MPLADS-005661,CNT-005661,3454868.01,0.9501
MPLADS-005662,CNT-005662,447206.81,0.6874
MPLADS-005663,CNT-005663,712284.78,0.6515
MPLADS-005664,CNT-005664,849074.78,0.9168
MPLADS-005665,CNT-005665,2450722.39,1.3764
MPLADS-005666,CNT-005666,1506720.35,0.7585
MPLADS-005667,CNT-005667,911702.01,0.7624
MPLADS-005668,CNT-005668,2966349.32,0.9775
MPLADS-005669,CNT-005669,452228.36,0.7516
MPLADS-005670,CNT-005670,2127988.85,0.8811
MPLADS-005671,CNT-005671,2782914.76,0.7372
MPLADS-005672,CNT-005672,3113684.86,0.9933
MPLADS-005673,CNT-005673,3015535.81,0.7043
MPLADS-005674,CNT-005674,3125556.84,0.9846
MPLADS-005675,CNT-005675,554310.4,1.4444
MPLADS-005676,CNT-005676,10514435.99,0.8134
MPLADS-005677,CNT-005677,774796.71,0.8638
MPLADS-005678,CNT-005678,542545.59,1.0
MPLADS-005679,CNT-005679,2592083.61,1.285
MPLADS-005680,CNT-005680,566711.31,1.0
MPLADS-005681,CNT-005681,419619.1,0.7296
MPLADS-005682,CNT-005682,1767228.88,0.7099
MPLADS-005683,CNT-005683,2338783.87,0.8606
MPLADS-005684,CNT-005684,2725733.02,0.8914
MPLADS-005685,CNT-005685,888400.63,0.8047
MPLADS-005686,CNT-005686,188189.74,0.7844
MPLADS-005687,CNT-005687,3691648.34,0.6475
MPLADS-005688,CNT-005688,1063899.92,0.6471
MPLADS-005689,CNT-005689,3204327.61,1.2891
MPLADS-005690,CNT-005690,476645.65,0.7985
MPLADS-005691,CNT-005691,436427.66,0.9134
MPLADS-005692,CNT-005692,8633042.18,0.8519
MPLADS-005693,CNT-005693,1924378.11,1.3791
MPLADS-005694,CNT-005694,1055020.99,0.8201
MPLADS-005695,CNT-005695,2835862.75,0.6127
MPLADS-005696,CNT-005696,520313.69,0.693
MPLADS-005697,CNT-005697,1050125.7,0.7333
MPLADS-005698,CNT-005698,788685.87,0.7282
MPLADS-005699,CNT-005699,1357161.6,0.7826
MPLADS-005700,CNT-005700,2066411.87,0.771
MPLADS-005701,CNT-005701,200535.18,0.934
MPLADS-005702,CNT-005702,2308090.99,0.9578
MPLADS-005703,CNT-005703,2655714.48,0.6656
MPLADS-005704,CNT-005704,3338966.65,0.9144
MPLADS-005705,CNT-005705,2919233.05,0.6094
MPLADS-005706,CNT-005706,2695823.82,0.7409
MPLADS-005707,CNT-005707,2623750.18,0.6246
MPLADS-005708,CNT-005708,2001659.17,0.7791
MPLADS-005709,CNT-005709,3875169.31,0.6329
MPLADS-005710,CNT-005710,2624231.7,0.9808
MPLADS-005711,CNT-005711,236221.22,0.6249
MPLADS-005712,CNT-005712,2765952.43,0.7597
MPLADS-005713,CNT-005713,2865272.99,0.8826
MPLADS-005714,CNT-005714,3584479.5,0.6699
MPLADS-005715,CNT-005715,477176.05,0.9055
MPLADS-005716,CNT-005716,1935737.09,0.9598
MPLADS-005717,CNT-005717,968314.24,0.8972
MPLADS-005718,CNT-005718,1248141.77,0.649
MPLADS-005719,CNT-005719,3184000.49,0.8897
MPLADS-005720,CNT-005720,217623.17,0.611
MPLADS-005721,CNT-005721,3052752.36,0.8915
MPLADS-005722,CNT-005722,460246.86,0.8775
MPLADS-005723,CNT-005723,231153.91,0.6602
MPLADS-005724,CNT-005724,1513231.12,0.8738
MPLADS-005725,CNT-005725,860156.19,0.9959
MPLADS-005726,CNT-005726,2288165.59,0.9397
MPLADS-005727,CNT-005727,1574680.65,0.9435
MPLADS-005728,CNT-005728,506775.23,0.6769
MPLADS-005729,CNT-005729,2204953.06,0.94
MPLADS-005730,CNT-005730,529486.64,0.8264
MPLADS-005731,CNT-005731,1044290.49,0.9425
MPLADS-005732,CNT-005732,2689425.54,0.7885
MPLADS-005733,CNT-005733,3719065.63,0.8509
MPLADS-005734,CNT-005734,2706050.42,1.4135
MPLADS-005735,CNT-005735,229516.85,0.9561
MPLADS-005736,CNT-005736,2763034.62,0.6399
MPLADS-005737,CNT-005737,1865675.19,0.808
MPLADS-005738,CNT-005738,188547.11,0.8258
MPLADS-005739,CNT-005739,502393.56,0.7412
MPLADS-005740,CNT-005740,2574137.92,0.7741
MPLADS-005741,CNT-005741,700895.28,0.9538
MPLADS-005742,CNT-005742,686689.77,0.8095
MPLADS-005743,CNT-005743,2528781.21,0.9343
MPLADS-005744,CNT-005744,3906234.38,0.6381
MPLADS-005745,CNT-005745,6691856.31,0.7204
MPLADS-005746,CNT-005746,1744512.89,0.7111
MPLADS-005747,CNT-005747,649180.22,0.7843
MPLADS-005748,CNT-005748,523517.98,0.94
MPLADS-005749,CNT-005749,497736.85,0.7734
MPLADS-005750,CNT-005750,1958514.33,0.8916
MPLADS-005751,CNT-005751,3083727.35,0.8822
MPLADS-005752,CNT-005752,1347320.87,0.94
MPLADS-005753,CNT-005753,462357.72,0.7424
MPLADS-005754,CNT-005754,2732543.47,0.654
MPLADS-005755,CNT-005755,205195.35,0.9195
MPLADS-005756,CNT-005756,1527780.86,0.6169
MPLADS-005757,CNT-005757,1264386.65,0.94
MPLADS-005758,CNT-005758,386739.64,0.7158
MPLADS-005759,CNT-005759,779462.17,0.8054
MPLADS-005760,CNT-005760,1926598.33,0.6105
MPLADS-005761,CNT-005761,846811.26,0.9079
MPLADS-005762,CNT-005762,3628424.89,0.9566
MPLADS-005763,CNT-005763,1717923.65,0.6602
MPLADS-005764,CNT-005764,1354851.58,0.9906
MPLADS-005765,CNT-005765,5735428.16,0.9096
MPLADS-005766,CNT-005766,3021764.55,0.7464
MPLADS-005767,CNT-005767,708487.7,0.7136
MPLADS-005768,CNT-005768,3580197.92,0.9081
MPLADS-005769,CNT-005769,4047683.34,0.8786
MPLADS-005770,CNT-005770,1929697.53,0.94
MPLADS-005771,CNT-005771,1720504.11,0.7441
MPLADS-005772,CNT-005772,759755.43,0.9058
MPLADS-005773,CNT-005773,987986.12,0.6657
MPLADS-005774,CNT-005774,1960256.79,0.94
MPLADS-005775,CNT-005775,3466541.05,0.9584
MPLADS-005776,CNT-005776,2876917.36,0.717
MPLADS-005777,CNT-005777,840981.97,0.9925
MPLADS-005778,CNT-005778,3080872.4,0.6639
MPLADS-005779,CNT-005779,203546.83,0.6965
MPLADS-005780,CNT-005780,2404723.14,0.94
MPLADS-005781,CNT-005781,815405.62,0.7934
MPLADS-005782,CNT-005782,1014939.36,0.6255
MPLADS-005783,CNT-005783,808401.92,0.6188
MPLADS-005784,CNT-005784,1983719.87,0.8799
MPLADS-005785,CNT-005785,444688.7,0.9384
MPLADS-005786,CNT-005786,801780.51,0.8886
MPLADS-005787,CNT-005787,1795253.01,0.7936
MPLADS-005788,CNT-005788,876740.43,0.94
MPLADS-005789,CNT-005789,717866.39,1.0
MPLADS-005790,CNT-005790,1877447.29,0.8089
MPLADS-005791,CNT-005791,3372100.1,0.6845
MPLADS-005792,CNT-005792,2840031.92,0.8548
MPLADS-005793,CNT-005793,201299.75,0.984
MPLADS-005794,CNT-005794,1935086.83,0.9462
MPLADS-005795,CNT-005795,775723.11,1.0
MPLADS-005796,CNT-005796,3850522.47,0.67
MPLADS-005797,CNT-005797,2016807.83,0.7064
MPLADS-005798,CNT-005798,1045338.49,0.7034
MPLADS-005799,CNT-005799,444723.41,0.6844
MPLADS-005800,CNT-005800,3881166.6,0.6031
MPLADS-005801,CNT-005801,3910367.83,0.6978
MPLADS-005802,CNT-005802,1622389.69,0.94
MPLADS-005803,CNT-005803,463729.79,0.7396
MPLADS-005804,CNT-005804,1683745.67,0.6282
MPLADS-005805,CNT-005805,462990.83,0.6814
MPLADS-005806,CNT-005806,2442411.43,0.94
MPLADS-005807,CNT-005807,949095.06,0.6154
MPLADS-005808,CNT-005808,2270634.54,0.6276
MPLADS-005809,CNT-005809,400147.24,0.8068
MPLADS-005810,CNT-005810,2508299.14,0.9387
MPLADS-005811,CNT-005811,2837896.87,0.9637
MPLADS-005812,CNT-005812,393188.44,0.8578
MPLADS-005813,CNT-005813,947756.71,0.6524
MPLADS-005814,CNT-005814,1354710.45,0.7614
MPLADS-005815,CNT-005815,411627.47,0.6147
MPLADS-005816,CNT-005816,1827378.54,0.6081
MPLADS-005817,CNT-005817,442739.92,0.94
MPLADS-005818,CNT-005818,10605982.17,0.9389
MPLADS-005819,CNT-005819,568572.6,0.7478
MPLADS-005820,CNT-005820,4152441.64,0.8156
MPLADS-005821,CNT-005821,1251181.61,0.94
MPLADS-005822,CNT-005822,201220.57,0.6775
MPLADS-005823,CNT-005823,932103.66,0.6942
MPLADS-005824,CNT-005824,2879742.23,0.8491
MPLADS-005825,CNT-005825,3076933.35,0.7426
MPLADS-005826,CNT-005826,3060568.2,0.9448
MPLADS-005827,CNT-005827,876490.01,0.7121
MPLADS-005828,CNT-005828,556492.63,0.8123
MPLADS-005829,CNT-005829,4766151.91,0.8912
MPLADS-005830,CNT-005830,9674293.43,0.6552
MPLADS-005831,CNT-005831,2817353.68,0.6695
MPLADS-005832,CNT-005832,430849.67,0.8737
MPLADS-005833,CNT-005833,8262324.48,0.7596
MPLADS-005834,CNT-005834,199777.9,1.3268
MPLADS-005835,CNT-005835,1044348.73,0.6837
MPLADS-005836,CNT-005836,204265.03,0.8849
MPLADS-005837,CNT-005837,1785177.46,0.975
MPLADS-005838,CNT-005838,793434.62,0.6737
MPLADS-005839,CNT-005839,482580.47,1.2298
MPLADS-005840,CNT-005840,5374406.14,0.8633
MPLADS-005841,CNT-005841,208376.39,0.8612
MPLADS-005842,CNT-005842,3473355.58,0.94
MPLADS-005843,CNT-005843,2762582.1,0.9293
MPLADS-005844,CNT-005844,523501.53,0.9338
MPLADS-005845,CNT-005845,3960428.05,0.8125
MPLADS-005846,CNT-005846,2235977.44,0.6382
MPLADS-005847,CNT-005847,2753513.31,0.8354
MPLADS-005848,CNT-005848,224901.86,0.9893
MPLADS-005849,CNT-005849,2042007.67,0.7123
MPLADS-005850,CNT-005850,1827106.59,0.9486
MPLADS-005851,CNT-005851,251489.87,0.6866
MPLADS-005852,CNT-005852,189945.78,0.681
MPLADS-005853,CNT-005853,2404474.45,0.6107
MPLADS-005854,CNT-005854,1052399.13,0.94
MPLADS-005855,CNT-005855,3632858.72,1.0
MPLADS-005856,CNT-005856,708959.17,0.94
MPLADS-005857,CNT-005857,2859406.37,0.9766
MPLADS-005858,CNT-005858,1838805.36,0.7258
MPLADS-005859,CNT-005859,220741.51,0.9492
MPLADS-005860,CNT-005860,1767869.27,0.8457
MPLADS-005861,CNT-005861,8007715.95,0.6955
MPLADS-005862,CNT-005862,1307305.48,0.6414
MPLADS-005863,CNT-005863,1517497.8,0.8142
MPLADS-005864,CNT-005864,2838948.96,0.94
MPLADS-005865,CNT-005865,4003738.57,0.9489
MPLADS-005866,CNT-005866,1314762.87,1.0
MPLADS-005867,CNT-005867,484882.1,0.6513
MPLADS-005868,CNT-005868,435012.87,0.933
MPLADS-005869,CNT-005869,1022539.74,0.7321
MPLADS-005870,CNT-005870,770975.54,0.9692
MPLADS-005871,CNT-005871,2330852.48,0.837
MPLADS-005872,CNT-005872,3014583.57,0.6594
MPLADS-005873,CNT-005873,2500591.36,0.7424
MPLADS-005874,CNT-005874,555276.89,0.7814
MPLADS-005875,CNT-005875,471926.17,0.8293
MPLADS-005876,CNT-005876,3904937.87,0.8603
MPLADS-005877,CNT-005877,3115720.93,0.9234
MPLADS-005878,CNT-005878,813730.83,0.9168
MPLADS-005879,CNT-005879,512018.06,0.8957
MPLADS-005880,CNT-005880,2690277.15,0.6877
MPLADS-005881,CNT-005881,2517934.15,0.9062
MPLADS-005882,CNT-005882,650169.82,0.6776
MPLADS-005883,CNT-005883,2676149.82,0.8273
MPLADS-005884,CNT-005884,2998941.97,0.6209
MPLADS-005885,CNT-005885,3261388.41,0.6624
MPLADS-005886,CNT-005886,243884.17,0.6471
MPLADS-005887,CNT-005887,543660.11,0.9493
MPLADS-005888,CNT-005888,954447.39,0.94
MPLADS-005889,CNT-005889,402305.92,0.9377
MPLADS-005890,CNT-005890,742680.35,0.906
MPLADS-005891,CNT-005891,4582363.84,0.8165
MPLADS-005892,CNT-005892,562194.74,0.8234
MPLADS-005893,CNT-005893,910643.42,0.9076
MPLADS-005894,CNT-005894,3151942.87,0.7552
MPLADS-005895,CNT-005895,13862064.65,0.9985
MPLADS-005896,CNT-005896,2315860.0,0.7836
MPLADS-005897,CNT-005897,747470.42,0.7024
MPLADS-005898,CNT-005898,424698.49,0.7495
MPLADS-005899,CNT-005899,1245491.38,0.739
MPLADS-005900,CNT-005900,557236.28,0.7711
MPLADS-005901,CNT-005901,1943535.46,0.9839
MPLADS-005902,CNT-005902,524602.01,0.8026
MPLADS-005903,CNT-005903,4698312.38,0.8861
MPLADS-005904,CNT-005904,1630269.61,0.9421
MPLADS-005905,CNT-005905,1141191.7,0.6901
MPLADS-005906,CNT-005906,1553720.98,0.9762
MPLADS-005907,CNT-005907,209878.52,0.8817
MPLADS-005908,CNT-005908,2657949.52,0.7984
MPLADS-005909,CNT-005909,1327346.11,0.9268
MPLADS-005910,CNT-005910,1547205.04,1.0
MPLADS-005911,CNT-005911,4400564.95,0.6098
MPLADS-005912,CNT-005912,1316079.95,0.8006
MPLADS-005913,CNT-005913,507506.78,0.6117
MPLADS-005914,CNT-005914,696026.58,0.8053
MPLADS-005915,CNT-005915,1718891.25,0.9725
MPLADS-005916,CNT-005916,538351.1,0.9625
MPLADS-005917,CNT-005917,393008.18,0.9809
MPLADS-005918,CNT-005918,231773.53,0.6728
MPLADS-005919,CNT-005919,2484000.03,0.7649
MPLADS-005920,CNT-005920,1025640.14,0.6586
MPLADS-005921,CNT-005921,567951.77,0.9742
MPLADS-005922,CNT-005922,1229809.42,0.713
MPLADS-005923,CNT-005923,3284191.21,1.4288
MPLADS-005924,CNT-005924,564347.2,0.9558
MPLADS-005925,CNT-005925,9438318.94,0.6828
MPLADS-005926,CNT-005926,3222569.59,0.9571
MPLADS-005927,CNT-005927,198264.22,0.6243
MPLADS-005928,CNT-005928,550048.66,0.6756
MPLADS-005929,CNT-005929,457784.55,0.646
MPLADS-005930,CNT-005930,2333936.65,0.6137
MPLADS-005931,CNT-005931,552174.25,0.7292
MPLADS-005932,CNT-005932,2718444.09,0.8821
MPLADS-005933,CNT-005933,3671703.63,0.7389
MPLADS-005934,CNT-005934,744547.79,0.9217
MPLADS-005935,CNT-005935,756133.74,0.9009
MPLADS-005936,CNT-005936,783816.68,0.8932
MPLADS-005937,CNT-005937,1937100.89,0.8736
MPLADS-005938,CNT-005938,670886.52,0.8909
MPLADS-005939,CNT-005939,1758439.94,1.0
MPLADS-005940,CNT-005940,510980.6,0.7325
MPLADS-005941,CNT-005941,2478235.47,0.9654
MPLADS-005942,CNT-005942,566560.76,0.6483
MPLADS-005943,CNT-005943,3545434.89,0.9353
MPLADS-005944,CNT-005944,2865488.74,0.7794
MPLADS-005945,CNT-005945,509117.63,0.8154
MPLADS-005946,CNT-005946,774618.45,0.8908
MPLADS-005947,CNT-005947,2678567.77,0.9073
MPLADS-005948,CNT-005948,563340.5,0.7903
MPLADS-005949,CNT-005949,2988915.9,0.9584
MPLADS-005950,CNT-005950,3804673.38,0.9847
MPLADS-005951,CNT-005951,12209960.79,0.7891
MPLADS-005952,CNT-005952,9444244.83,0.9188
MPLADS-005953,CNT-005953,536298.89,0.7511
MPLADS-005954,CNT-005954,242877.21,0.7444
MPLADS-005955,CNT-005955,1033639.97,0.7541
MPLADS-005956,CNT-005956,223254.33,0.8288
MPLADS-005957,CNT-005957,3330929.4,0.6639
MPLADS-005958,CNT-005958,2656027.78,1.2494
MPLADS-005959,CNT-005959,678221.41,0.9526
MPLADS-005960,CNT-005960,465502.54,0.8204
MPLADS-005961,CNT-005961,1899886.75,0.8235
MPLADS-005962,CNT-005962,2204916.58,0.7074
MPLADS-005963,CNT-005963,408755.74,0.9677
MPLADS-005964,CNT-005964,1199400.96,0.6656
MPLADS-005965,CNT-005965,872439.08,0.9238
MPLADS-005966,CNT-005966,1916608.6,0.9663
MPLADS-005967,CNT-005967,245814.43,0.9191
MPLADS-005968,CNT-005968,1347204.66,0.9637
MPLADS-005969,CNT-005969,2125496.64,0.7849
MPLADS-005970,CNT-005970,2558972.67,0.8977
MPLADS-005971,CNT-005971,1577126.17,0.9939
MPLADS-005972,CNT-005972,2230534.09,0.9387
MPLADS-005973,CNT-005973,9252500.99,0.6636
MPLADS-005974,CNT-005974,2654414.59,0.9841
MPLADS-005975,CNT-005975,793754.64,1.0
MPLADS-005976,CNT-005976,982392.22,0.8484
MPLADS-005977,CNT-005977,2139748.93,0.7685
MPLADS-005978,CNT-005978,850757.99,0.9849
MPLADS-005979,CNT-005979,3099264.09,0.6738
MPLADS-005980,CNT-005980,766158.32,0.7652
MPLADS-005981,CNT-005981,448839.64,0.8999
MPLADS-005982,CNT-005982,1706992.51,0.9595
MPLADS-005983,CNT-005983,3012065.94,0.8525
MPLADS-005984,CNT-005984,6270044.32,0.7758
MPLADS-005985,CNT-005985,2448840.69,0.6537
MPLADS-005986,CNT-005986,2700917.95,0.8076
MPLADS-005987,CNT-005987,209257.98,0.8193
MPLADS-005988,CNT-005988,3509850.95,0.6477
MPLADS-005989,CNT-005989,848682.63,0.802
MPLADS-005990,CNT-005990,1595574.85,0.7133
MPLADS-005991,CNT-005991,492212.03,0.7842
MPLADS-005992,CNT-005992,13205013.83,0.9226
MPLADS-005993,CNT-005993,661490.41,0.9672
MPLADS-005994,CNT-005994,1815766.52,0.7459
MPLADS-005995,CNT-005995,3077152.3,1.0
MPLADS-005996,CNT-005996,463386.28,0.7715
MPLADS-005997,CNT-005997,718440.02,0.6178
MPLADS-005998,CNT-005998,246793.4,0.6011
MPLADS-005999,CNT-005999,466706.58,0.9316
MPLADS-006000,CNT-006000,2514084.71,0.9883
MPLADS-006001,CNT-006001,2562457.45,1.0
MPLADS-006002,CNT-006002,6004662.13,0.9369
MPLADS-006003,CNT-006003,426512.6,0.9279
MPLADS-006004,CNT-006004,1170199.52,0.94
MPLADS-006005,CNT-006005,1332111.28,0.7782
MPLADS-006006,CNT-006006,1451615.15,0.8277
MPLADS-006007,CNT-006007,2479864.83,0.9901
MPLADS-006008,CNT-006008,2762358.7,0.9138
MPLADS-006009,CNT-006009,733997.8,0.7575
MPLADS-006010,CNT-006010,2591571.98,0.8336
MPLADS-006011,CNT-006011,778269.93,0.94
MPLADS-006012,CNT-006012,1015926.99,0.6947
MPLADS-006013,CNT-006013,3943221.44,0.8189
MPLADS-006014,CNT-006014,1306668.23,0.7158
MPLADS-006015,CNT-006015,198578.61,0.9874
MPLADS-006016,CNT-006016,1931425.31,0.7576
MPLADS-006017,CNT-006017,3633383.07,0.6639
MPLADS-006018,CNT-006018,764103.99,0.9362
MPLADS-006019,CNT-006019,2994388.35,0.9575
MPLADS-006020,CNT-006020,411069.59,0.8907
MPLADS-006021,CNT-006021,2693863.23,0.9407
MPLADS-006022,CNT-006022,1243817.56,0.9222
MPLADS-006023,CNT-006023,1789271.76,0.9281
MPLADS-006024,CNT-006024,780602.27,0.9309
MPLADS-006025,CNT-006025,961843.91,0.8657
MPLADS-006026,CNT-006026,1873937.05,0.7071
MPLADS-006027,CNT-006027,406085.09,0.9918
MPLADS-006028,CNT-006028,675069.72,0.6613
MPLADS-006029,CNT-006029,967221.01,0.8981
MPLADS-006030,CNT-006030,1616530.15,0.8296
MPLADS-006031,CNT-006031,1391874.37,0.8958
MPLADS-006032,CNT-006032,2802876.36,1.2566
MPLADS-006033,CNT-006033,2192171.73,0.6949
MPLADS-006034,CNT-006034,501597.05,0.865
MPLADS-006035,CNT-006035,10669217.58,0.8973
MPLADS-006036,CNT-006036,3149739.72,0.67
MPLADS-006037,CNT-006037,2744846.26,0.7933
MPLADS-006038,CNT-006038,3846313.83,0.8857
MPLADS-006039,CNT-006039,506540.88,1.0
MPLADS-006040,CNT-006040,1436020.85,0.9426
MPLADS-006041,CNT-006041,199049.56,0.9224
MPLADS-006042,CNT-006042,1388762.35,0.8712
MPLADS-006043,CNT-006043,1957062.17,0.8268
MPLADS-006044,CNT-006044,641932.89,0.6112
MPLADS-006045,CNT-006045,1080347.92,0.8602
MPLADS-006046,CNT-006046,1948265.04,0.9474
MPLADS-006047,CNT-006047,2330542.76,0.606
MPLADS-006048,CNT-006048,438745.79,1.3019
MPLADS-006049,CNT-006049,473167.16,0.6567
MPLADS-006050,CNT-006050,3737481.98,0.8547
MPLADS-006051,CNT-006051,4453388.79,0.8177
MPLADS-006052,CNT-006052,462534.59,1.3011
MPLADS-006053,CNT-006053,2833295.23,0.9638
MPLADS-006054,CNT-006054,3057513.28,0.888
MPLADS-006055,CNT-006055,2241437.21,0.7634
MPLADS-006056,CNT-006056,220989.6,0.9322
MPLADS-006057,CNT-006057,3529486.11,0.9243
MPLADS-006058,CNT-006058,3601933.29,0.7941
MPLADS-006059,CNT-006059,2740086.21,0.9806
MPLADS-006060,CNT-006060,3214506.11,0.94
MPLADS-006061,CNT-006061,206452.54,0.667
MPLADS-006062,CNT-006062,2693136.07,0.7074
MPLADS-006063,CNT-006063,463556.62,0.6273
MPLADS-006064,CNT-006064,2424195.61,1.0
MPLADS-006065,CNT-006065,9975804.04,0.663
MPLADS-006066,CNT-006066,2169389.51,0.6525
MPLADS-006067,CNT-006067,3061752.43,0.742
MPLADS-006068,CNT-006068,1025944.57,0.7173
MPLADS-006069,CNT-006069,664150.4,0.7011
MPLADS-006070,CNT-006070,510967.39,0.799
MPLADS-006071,CNT-006071,2469283.93,0.7066
MPLADS-006072,CNT-006072,526062.5,0.8054
MPLADS-006073,CNT-006073,4243785.99,0.7294
MPLADS-006074,CNT-006074,836581.36,0.9254
MPLADS-006075,CNT-006075,1771119.51,0.7019
MPLADS-006076,CNT-006076,486942.5,0.7572
MPLADS-006077,CNT-006077,406615.03,0.9883
MPLADS-006078,CNT-006078,1029659.13,0.9614
MPLADS-006079,CNT-006079,2611591.3,0.94
MPLADS-006080,CNT-006080,685744.89,0.6858
MPLADS-006081,CNT-006081,5589810.86,0.6899
MPLADS-006082,CNT-006082,1031534.37,0.6844
MPLADS-006083,CNT-006083,851940.34,0.9991
MPLADS-006084,CNT-006084,1064632.12,0.9219
MPLADS-006085,CNT-006085,245417.99,0.8672
MPLADS-006086,CNT-006086,2387227.81,0.6592
MPLADS-006087,CNT-006087,1568481.29,0.8565
MPLADS-006088,CNT-006088,11103484.97,0.9958
MPLADS-006089,CNT-006089,1644099.39,0.6606
MPLADS-006090,CNT-006090,388921.24,0.9509
MPLADS-006091,CNT-006091,1177000.27,0.8914
MPLADS-006092,CNT-006092,2048197.41,0.94
MPLADS-006093,CNT-006093,797475.06,0.7634
MPLADS-006094,CNT-006094,1145847.77,0.7834
MPLADS-006095,CNT-006095,204022.17,0.9175
MPLADS-006096,CNT-006096,2014419.69,0.7398
MPLADS-006097,CNT-006097,758719.29,0.6369
MPLADS-006098,CNT-006098,10822442.1,0.9734
MPLADS-006099,CNT-006099,939882.98,0.8687
MPLADS-006100,CNT-006100,3033993.34,0.7393
MPLADS-006101,CNT-006101,469821.71,0.7788
MPLADS-006102,CNT-006102,2701041.97,0.7879
MPLADS-006103,CNT-006103,3328930.21,1.0
MPLADS-006104,CNT-006104,2841781.99,0.8467
MPLADS-006105,CNT-006105,858889.48,0.8343
MPLADS-006106,CNT-006106,1798395.12,0.856
MPLADS-006107,CNT-006107,850413.94,0.8043
MPLADS-006108,CNT-006108,194153.22,0.94
MPLADS-006109,CNT-006109,403341.14,0.8675
MPLADS-006110,CNT-006110,749071.26,0.8958
MPLADS-006111,CNT-006111,1164269.1,0.7847
MPLADS-006112,CNT-006112,430286.95,0.9638
MPLADS-006113,CNT-006113,2755019.33,0.6116
MPLADS-006114,CNT-006114,449912.34,0.8066
MPLADS-006115,CNT-006115,1861222.21,0.6168
MPLADS-006116,CNT-006116,872747.67,0.6016
MPLADS-006117,CNT-006117,565201.09,0.6915
MPLADS-006118,CNT-006118,4031112.64,0.6732
MPLADS-006119,CNT-006119,3380627.84,0.9598
MPLADS-006120,CNT-006120,3906999.4,0.8753
MPLADS-006121,CNT-006121,3291231.37,0.8074
MPLADS-006122,CNT-006122,524978.02,0.8802
MPLADS-006123,CNT-006123,724041.01,0.9277
MPLADS-006124,CNT-006124,3974596.05,0.7892
MPLADS-006125,CNT-006125,201528.53,0.9536
MPLADS-006126,CNT-006126,11044770.85,0.7801
MPLADS-006127,CNT-006127,248761.31,0.8605
MPLADS-006128,CNT-006128,1031561.7,0.7908
MPLADS-006129,CNT-006129,2233518.86,0.7137
MPLADS-006130,CNT-006130,1630591.82,0.7593
MPLADS-006131,CNT-006131,1015051.42,0.9215
MPLADS-006132,CNT-006132,443263.05,0.8354
MPLADS-006133,CNT-006133,208503.59,1.0
MPLADS-006134,CNT-006134,718910.74,0.8223
MPLADS-006135,CNT-006135,2471333.89,0.8148
MPLADS-006136,CNT-006136,1210251.82,0.8725
MPLADS-006137,CNT-006137,1054890.64,0.9544
MPLADS-006138,CNT-006138,712804.7,1.0
MPLADS-006139,CNT-006139,542129.42,0.9982
MPLADS-006140,CNT-006140,1247184.77,0.813
MPLADS-006141,CNT-006141,768783.96,0.8891
MPLADS-006142,CNT-006142,4542874.52,0.895
MPLADS-006143,CNT-006143,451241.59,0.6546
MPLADS-006144,CNT-006144,1148305.37,0.6593
MPLADS-006145,CNT-006145,1658216.64,0.8303
MPLADS-006146,CNT-006146,1359813.95,0.9621
MPLADS-006147,CNT-006147,471773.41,0.6994
MPLADS-006148,CNT-006148,2756273.44,0.6235
MPLADS-006149,CNT-006149,720725.84,0.6045
MPLADS-006150,CNT-006150,6621459.84,0.9977
MPLADS-006151,CNT-006151,3400089.53,0.6593
MPLADS-006152,CNT-006152,1730992.24,0.8268
MPLADS-006153,CNT-006153,517137.83,0.9938
MPLADS-006154,CNT-006154,784807.89,0.8418
MPLADS-006155,CNT-006155,413284.56,0.8281
MPLADS-006156,CNT-006156,8461321.82,0.8993
MPLADS-006157,CNT-006157,451764.73,0.8897
MPLADS-006158,CNT-006158,208980.74,1.3281
MPLADS-006159,CNT-006159,2993754.73,0.94
MPLADS-006160,CNT-006160,1294787.6,0.7611
MPLADS-006161,CNT-006161,3122067.98,0.7806
MPLADS-006162,CNT-006162,998969.72,1.2277
MPLADS-006163,CNT-006163,10968445.04,0.6585
MPLADS-006164,CNT-006164,3176109.26,0.6761
MPLADS-006165,CNT-006165,2808024.06,0.8696
MPLADS-006166,CNT-006166,525855.36,0.6661
MPLADS-006167,CNT-006167,495218.31,0.914
MPLADS-006168,CNT-006168,9434073.57,0.9908
MPLADS-006169,CNT-006169,510052.75,0.9976
MPLADS-006170,CNT-006170,3813799.45,0.9284
MPLADS-006171,CNT-006171,2511567.96,1.2201
MPLADS-006172,CNT-006172,1182525.08,0.63
MPLADS-006173,CNT-006173,653839.1,0.8042
MPLADS-006174,CNT-006174,815055.23,0.6716
MPLADS-006175,CNT-006175,856380.84,0.737
MPLADS-006176,CNT-006176,1104503.73,0.6998
MPLADS-006177,CNT-006177,3403603.94,1.2647
MPLADS-006178,CNT-006178,2689827.29,0.6459
MPLADS-006179,CNT-006179,1582599.87,0.7402
MPLADS-006180,CNT-006180,1733322.52,0.9929
MPLADS-006181,CNT-006181,938314.8,0.9346
MPLADS-006182,CNT-006182,1901361.69,0.8371
MPLADS-006183,CNT-006183,782852.7,0.9326
MPLADS-006184,CNT-006184,1238144.89,0.6019
MPLADS-006185,CNT-006185,2156680.69,1.248
MPLADS-006186,CNT-006186,8084161.62,0.6503
MPLADS-006187,CNT-006187,463112.28,1.0
MPLADS-006188,CNT-006188,198682.91,0.6807
MPLADS-006189,CNT-006189,831498.48,0.6666
MPLADS-006190,CNT-006190,224433.77,0.7055
MPLADS-006191,CNT-006191,3693111.3,0.9986
MPLADS-006192,CNT-006192,9060459.46,0.6043
MPLADS-006193,CNT-006193,2869572.3,0.7959
MPLADS-006194,CNT-006194,1256638.26,0.6433
MPLADS-006195,CNT-006195,2781574.62,0.8827
MPLADS-006196,CNT-006196,2790191.97,0.7452
MPLADS-006197,CNT-006197,6906224.9,0.9604
MPLADS-006198,CNT-006198,500015.75,0.9529
MPLADS-006199,CNT-006199,3589253.6,0.7984
MPLADS-006200,CNT-006200,13588006.47,0.9999
MPLADS-006201,CNT-006201,234325.89,0.8968
MPLADS-006202,CNT-006202,207123.65,1.3006
MPLADS-006203,CNT-006203,3170064.3,0.8533
MPLADS-006204,CNT-006204,1576462.18,0.9705
MPLADS-006205,CNT-006205,1030772.4,0.7096
MPLADS-006206,CNT-006206,3171314.42,0.8432
MPLADS-006207,CNT-006207,384529.86,0.764
MPLADS-006208,CNT-006208,2599824.92,0.9415
MPLADS-006209,CNT-006209,3505246.68,0.9856
MPLADS-006210,CNT-006210,1847085.66,0.6724
MPLADS-006211,CNT-006211,850879.77,0.8113
MPLADS-006212,CNT-006212,479836.02,0.889
MPLADS-006213,CNT-006213,2482368.78,0.8303
MPLADS-006214,CNT-006214,1031345.2,0.94
MPLADS-006215,CNT-006215,679960.9,0.8787
MPLADS-006216,CNT-006216,457891.7,1.0
MPLADS-006217,CNT-006217,3039370.29,0.9992
MPLADS-006218,CNT-006218,860602.66,0.6165
MPLADS-006219,CNT-006219,2489273.51,0.6574
MPLADS-006220,CNT-006220,489599.64,1.4116
MPLADS-006221,CNT-006221,446352.85,0.7545
MPLADS-006222,CNT-006222,670293.88,0.9994
MPLADS-006223,CNT-006223,781082.67,0.6654
MPLADS-006224,CNT-006224,2507896.96,1.0
MPLADS-006225,CNT-006225,571257.06,0.8848
MPLADS-006226,CNT-006226,3811183.72,0.9267
MPLADS-006227,CNT-006227,2390988.9,0.6599
MPLADS-006228,CNT-006228,800963.25,0.9491
MPLADS-006229,CNT-006229,3210710.59,0.9341
MPLADS-006230,CNT-006230,3349916.79,0.7648
MPLADS-006231,CNT-006231,672107.37,1.2685
MPLADS-006232,CNT-006232,2595254.89,1.3707
MPLADS-006233,CNT-006233,453414.0,0.7358
MPLADS-006234,CNT-006234,4013957.17,0.9328
MPLADS-006235,CNT-006235,970957.3,0.8669
MPLADS-006236,CNT-006236,474722.65,0.7089
MPLADS-006237,CNT-006237,12452649.03,0.9992
MPLADS-006238,CNT-006238,2037442.73,0.94
MPLADS-006239,CNT-006239,470473.7,0.9225
MPLADS-006240,CNT-006240,2852983.58,0.7771
MPLADS-006241,CNT-006241,226201.35,0.6258
MPLADS-006242,CNT-006242,3135038.9,0.6196
MPLADS-006243,CNT-006243,3441727.8,0.7174
MPLADS-006244,CNT-006244,474657.13,0.8495
MPLADS-006245,CNT-006245,845274.05,0.9714
MPLADS-006246,CNT-006246,1265319.81,0.8099
MPLADS-006247,CNT-006247,649295.27,0.92
MPLADS-006248,CNT-006248,2443961.05,0.8384
MPLADS-006249,CNT-006249,3002256.55,0.7314
MPLADS-006250,CNT-006250,1014363.17,0.7954
MPLADS-006251,CNT-006251,1165998.42,0.9167
MPLADS-006252,CNT-006252,514917.4,0.6056
MPLADS-006253,CNT-006253,1346020.19,1.42
MPLADS-006254,CNT-006254,490924.77,0.6785
MPLADS-006255,CNT-006255,2046977.91,0.8345
MPLADS-006256,CNT-006256,1556657.77,0.7737
MPLADS-006257,CNT-006257,3121521.69,0.735
MPLADS-006258,CNT-006258,1883105.15,0.796
MPLADS-006259,CNT-006259,1056739.09,0.689
MPLADS-006260,CNT-006260,2126188.88,0.7982
MPLADS-006261,CNT-006261,832334.68,0.7158
MPLADS-006262,CNT-006262,512524.5,0.9288
MPLADS-006263,CNT-006263,3250138.13,0.7473
MPLADS-006264,CNT-006264,3539883.41,0.9743
MPLADS-006265,CNT-006265,2593224.05,0.9526
MPLADS-006266,CNT-006266,6647647.79,0.7155
MPLADS-006267,CNT-006267,1012147.76,0.94
MPLADS-006268,CNT-006268,778197.55,0.8444
MPLADS-006269,CNT-006269,4522087.46,0.8742
MPLADS-006270,CNT-006270,692995.72,0.6829
MPLADS-006271,CNT-006271,1027882.37,0.903
MPLADS-006272,CNT-006272,744866.38,0.9991
MPLADS-006273,CNT-006273,236682.81,0.8902
MPLADS-006274,CNT-006274,8535854.25,0.7864
MPLADS-006275,CNT-006275,204392.88,0.624
MPLADS-006276,CNT-006276,432090.64,0.6968
MPLADS-006277,CNT-006277,2128104.85,0.9147
MPLADS-006278,CNT-006278,1410496.22,0.9771
MPLADS-006279,CNT-006279,240080.63,0.7864
MPLADS-006280,CNT-006280,3636773.17,0.9908
MPLADS-006281,CNT-006281,2481293.84,0.7696
MPLADS-006282,CNT-006282,2875819.11,1.3028
MPLADS-006283,CNT-006283,210261.43,1.0
MPLADS-006284,CNT-006284,892280.49,0.6226
MPLADS-006285,CNT-006285,3178349.98,0.658
MPLADS-006286,CNT-006286,1191064.33,0.8653
MPLADS-006287,CNT-006287,854013.92,0.6087
MPLADS-006288,CNT-006288,2400348.52,0.7648
MPLADS-006289,CNT-006289,782015.35,0.6452
MPLADS-006290,CNT-006290,2644585.22,0.6963
MPLADS-006291,CNT-006291,503592.88,0.626
MPLADS-006292,CNT-006292,247234.23,0.9494
MPLADS-006293,CNT-006293,1995646.05,0.9385
MPLADS-006294,CNT-006294,1059209.07,0.6515
MPLADS-006295,CNT-006295,2554844.68,0.7855
MPLADS-006296,CNT-006296,1622623.23,0.6016
MPLADS-006297,CNT-006297,3160555.43,0.9435
MPLADS-006298,CNT-006298,8521291.21,0.8184
MPLADS-006299,CNT-006299,386431.27,0.7094
MPLADS-006300,CNT-006300,1378518.4,0.8251
MPLADS-006301,CNT-006301,1952270.24,0.8708
MPLADS-006302,CNT-006302,3481722.66,0.94
MPLADS-006303,CNT-006303,788376.49,0.7793
MPLADS-006304,CNT-006304,774593.18,0.6527
MPLADS-006305,CNT-006305,876789.33,0.891
MPLADS-006306,CNT-006306,3155585.81,0.7576
MPLADS-006307,CNT-006307,1714468.67,0.6048
MPLADS-006308,CNT-006308,769795.61,0.8538
MPLADS-006309,CNT-006309,1548563.46,0.7515
MPLADS-006310,CNT-006310,482894.31,1.2854
MPLADS-006311,CNT-006311,3681767.15,0.8541
MPLADS-006312,CNT-006312,2524897.66,0.7945
MPLADS-006313,CNT-006313,1628657.98,0.969
MPLADS-006314,CNT-006314,996675.76,0.9924
MPLADS-006315,CNT-006315,2514166.11,0.9323
MPLADS-006316,CNT-006316,939167.62,0.6313
MPLADS-006317,CNT-006317,7839250.31,0.641
MPLADS-006318,CNT-006318,2685521.72,0.7178
MPLADS-006319,CNT-006319,2382349.79,0.8618
MPLADS-006320,CNT-006320,3685938.17,0.6733
MPLADS-006321,CNT-006321,406978.31,0.939
MPLADS-006322,CNT-006322,3053230.56,0.9139
MPLADS-006323,CNT-006323,2721549.41,0.8983
MPLADS-006324,CNT-006324,1549332.16,0.7541
MPLADS-006325,CNT-006325,1736780.25,0.6067
MPLADS-006326,CNT-006326,12488349.48,0.7883
MPLADS-006327,CNT-006327,2482268.01,0.7198
MPLADS-006328,CNT-006328,3773817.33,0.9285
MPLADS-006329,CNT-006329,1243187.81,0.6032
MPLADS-006330,CNT-006330,950596.95,0.6095
MPLADS-006331,CNT-006331,221941.62,0.9329
MPLADS-006332,CNT-006332,1014767.41,0.7935
MPLADS-006333,CNT-006333,767743.4,0.6448
MPLADS-006334,CNT-006334,2708981.58,0.642
MPLADS-006335,CNT-006335,2392194.59,1.2904
MPLADS-006336,CNT-006336,2575863.7,1.0
MPLADS-006337,CNT-006337,223809.23,0.8662
MPLADS-006338,CNT-006338,743401.25,0.9615
MPLADS-006339,CNT-006339,196076.75,0.9665
MPLADS-006340,CNT-006340,3280956.29,1.3569
MPLADS-006341,CNT-006341,848401.12,0.853
MPLADS-006342,CNT-006342,573777.9,0.8219
MPLADS-006343,CNT-006343,1257705.56,0.9373
MPLADS-006344,CNT-006344,3947643.31,0.878
MPLADS-006345,CNT-006345,830500.13,0.734
MPLADS-006346,CNT-006346,986005.39,0.9104
MPLADS-006347,CNT-006347,2465846.78,0.9355
MPLADS-006348,CNT-006348,388229.89,0.94
MPLADS-006349,CNT-006349,541055.0,0.9743
MPLADS-006350,CNT-006350,207246.61,1.4072
MPLADS-006351,CNT-006351,386439.3,0.7058
MPLADS-006352,CNT-006352,782308.24,0.7777
MPLADS-006353,CNT-006353,2695450.28,0.7438
MPLADS-006354,CNT-006354,3986818.45,0.9195
MPLADS-006355,CNT-006355,555267.33,0.8346
MPLADS-006356,CNT-006356,654962.68,0.7858
MPLADS-006357,CNT-006357,201393.41,0.8935
MPLADS-006358,CNT-006358,487209.61,0.9435
MPLADS-006359,CNT-006359,1779402.88,0.9087
MPLADS-006360,CNT-006360,1710603.52,0.9954
MPLADS-006361,CNT-006361,477668.06,0.6943
MPLADS-006362,CNT-006362,231445.11,0.852
MPLADS-006363,CNT-006363,476162.09,0.8674
MPLADS-006364,CNT-006364,198908.29,0.7934
MPLADS-006365,CNT-006365,461200.38,0.9439
MPLADS-006366,CNT-006366,1036287.68,0.6579
MPLADS-006367,CNT-006367,2838469.79,0.8705
MPLADS-006368,CNT-006368,3367809.13,0.9245
MPLADS-006369,CNT-006369,245625.88,0.6442
MPLADS-006370,CNT-006370,502215.09,0.9331
MPLADS-006371,CNT-006371,3615536.0,0.7186
MPLADS-006372,CNT-006372,528522.85,0.9225
MPLADS-006373,CNT-006373,998805.41,0.6351
MPLADS-006374,CNT-006374,705779.0,0.9239
MPLADS-006375,CNT-006375,794637.71,0.9878
MPLADS-006376,CNT-006376,1210259.39,0.8244
MPLADS-006377,CNT-006377,203112.05,0.8095
MPLADS-006378,CNT-006378,1261063.48,0.8397
MPLADS-006379,CNT-006379,3680434.73,1.4469
MPLADS-006380,CNT-006380,1013988.5,0.8778
MPLADS-006381,CNT-006381,8333322.94,0.7448
MPLADS-006382,CNT-006382,1634037.06,0.7112
MPLADS-006383,CNT-006383,882558.56,0.8895
MPLADS-006384,CNT-006384,700563.18,0.7396
MPLADS-006385,CNT-006385,6064224.7,0.9828
MPLADS-006386,CNT-006386,1305091.27,0.6757
MPLADS-006387,CNT-006387,855131.08,0.94
MPLADS-006388,CNT-006388,1251699.16,0.9013
MPLADS-006389,CNT-006389,2503535.98,0.8106
MPLADS-006390,CNT-006390,1418432.09,0.8712
MPLADS-006391,CNT-006391,3244156.86,0.9103
MPLADS-006392,CNT-006392,2773113.65,0.7642
MPLADS-006393,CNT-006393,9749849.09,0.9228
MPLADS-006394,CNT-006394,1606325.15,0.912
MPLADS-006395,CNT-006395,738400.88,0.8726
MPLADS-006396,CNT-006396,1847399.51,0.762
MPLADS-006397,CNT-006397,1001537.41,0.8662
MPLADS-006398,CNT-006398,8238440.89,0.9328
MPLADS-006399,CNT-006399,3322774.19,0.7278
MPLADS-006400,CNT-006400,1361935.43,0.8548
MPLADS-006401,CNT-006401,422100.03,0.7958
MPLADS-006402,CNT-006402,11149952.65,0.9702
MPLADS-006403,CNT-006403,3203538.54,0.969
MPLADS-006404,CNT-006404,2282174.45,1.0
MPLADS-006405,CNT-006405,516213.71,0.8218
MPLADS-006406,CNT-006406,423901.81,0.7894
MPLADS-006407,CNT-006407,2525300.85,1.0
MPLADS-006408,CNT-006408,2305799.55,0.8041
MPLADS-006409,CNT-006409,1929427.81,0.6261
MPLADS-006410,CNT-006410,2722249.94,0.9415
MPLADS-006411,CNT-006411,511843.51,0.6616
MPLADS-006412,CNT-006412,3757193.66,0.7552
MPLADS-006413,CNT-006413,3047909.07,0.94
MPLADS-006414,CNT-006414,2695082.5,0.944
MPLADS-006415,CNT-006415,199816.45,0.9238
MPLADS-006416,CNT-006416,757980.37,1.0
MPLADS-006417,CNT-006417,3009960.83,0.6752
MPLADS-006418,CNT-006418,1161161.67,0.8183
MPLADS-006419,CNT-006419,10704408.59,0.7997
MPLADS-006420,CNT-006420,191784.36,0.8417
MPLADS-006421,CNT-006421,1346388.59,0.6293
MPLADS-006422,CNT-006422,2837451.68,0.9707
MPLADS-006423,CNT-006423,830528.07,1.4074
MPLADS-006424,CNT-006424,1758067.44,0.71
MPLADS-006425,CNT-006425,3205574.18,0.9749
MPLADS-006426,CNT-006426,460727.08,0.8293
MPLADS-006427,CNT-006427,2528980.79,1.293
MPLADS-006428,CNT-006428,1361708.34,0.7482
MPLADS-006429,CNT-006429,209321.11,0.9187
MPLADS-006430,CNT-006430,383684.11,0.7799
MPLADS-006431,CNT-006431,1065260.52,1.423
MPLADS-006432,CNT-006432,565350.51,0.8291
MPLADS-006433,CNT-006433,465358.97,0.9499
MPLADS-006434,CNT-006434,2464956.35,0.6266
MPLADS-006435,CNT-006435,3010124.37,0.6235
MPLADS-006436,CNT-006436,1861996.94,0.94
MPLADS-006437,CNT-006437,1596928.63,0.9169
MPLADS-006438,CNT-006438,904418.93,1.3394
MPLADS-006439,CNT-006439,225589.11,0.9917
MPLADS-006440,CNT-006440,464288.19,0.9972
MPLADS-006441,CNT-006441,567339.41,0.9281
MPLADS-006442,CNT-006442,846578.28,1.2611
MPLADS-006443,CNT-006443,1350301.18,0.8562
MPLADS-006444,CNT-006444,2831367.28,0.8647
MPLADS-006445,CNT-006445,193579.67,0.951
MPLADS-006446,CNT-006446,2353155.52,0.6524
MPLADS-006447,CNT-006447,389540.79,0.7178
MPLADS-006448,CNT-006448,2716135.25,0.6194
MPLADS-006449,CNT-006449,549796.5,0.94
MPLADS-006450,CNT-006450,445938.9,0.7566
MPLADS-006451,CNT-006451,1043535.61,0.7686
MPLADS-006452,CNT-006452,518912.49,0.9335
MPLADS-006453,CNT-006453,2143538.19,0.7507
MPLADS-006454,CNT-006454,558740.48,0.6092
MPLADS-006455,CNT-006455,473228.63,0.6619
MPLADS-006456,CNT-006456,899018.3,0.703
MPLADS-006457,CNT-006457,1625720.24,0.6526
MPLADS-006458,CNT-006458,2901816.31,0.8453
MPLADS-006459,CNT-006459,2454041.5,0.8769
MPLADS-006460,CNT-006460,1794993.76,0.6251
MPLADS-006461,CNT-006461,472789.57,0.8114
MPLADS-006462,CNT-006462,2548323.8,0.772
MPLADS-006463,CNT-006463,1546167.15,0.9025
MPLADS-006464,CNT-006464,506527.07,0.6808
MPLADS-006465,CNT-006465,821924.88,0.7553
MPLADS-006466,CNT-006466,219320.6,0.6344
MPLADS-006467,CNT-006467,494881.31,0.8462
MPLADS-006468,CNT-006468,817849.6,0.9384
MPLADS-006469,CNT-006469,225726.26,0.8455
MPLADS-006470,CNT-006470,1010330.76,0.7678
MPLADS-006471,CNT-006471,435435.99,0.6816
MPLADS-006472,CNT-006472,470462.77,0.8166
MPLADS-006473,CNT-006473,871707.71,0.983
MPLADS-006474,CNT-006474,199940.97,0.9085
MPLADS-006475,CNT-006475,502008.32,0.9011
MPLADS-006476,CNT-006476,396144.0,0.9844
MPLADS-006477,CNT-006477,1923977.79,0.8938
MPLADS-006478,CNT-006478,468655.13,0.6751
MPLADS-006479,CNT-006479,3603570.64,0.9738
MPLADS-006480,CNT-006480,1243184.41,0.7601
MPLADS-006481,CNT-006481,512712.65,0.7507
MPLADS-006482,CNT-006482,394789.02,0.9296
MPLADS-006483,CNT-006483,2827901.56,0.9416
MPLADS-006484,CNT-006484,8699948.77,0.9425
MPLADS-006485,CNT-006485,10791743.91,0.7738
MPLADS-006486,CNT-006486,2632948.62,0.837
MPLADS-006487,CNT-006487,3587916.99,0.7507
MPLADS-006488,CNT-006488,533078.92,1.2503
MPLADS-006489,CNT-006489,1832855.49,0.9696
MPLADS-006490,CNT-006490,3318317.22,0.7854
MPLADS-006491,CNT-006491,223024.94,0.958
MPLADS-006492,CNT-006492,3139298.03,0.9993
MPLADS-006493,CNT-006493,3133777.39,0.7457
MPLADS-006494,CNT-006494,566731.74,1.2952
MPLADS-006495,CNT-006495,484800.8,0.8402
MPLADS-006496,CNT-006496,243219.73,0.94
MPLADS-006497,CNT-006497,971071.52,0.6349
MPLADS-006498,CNT-006498,5421609.6,0.6944
MPLADS-006499,CNT-006499,3051542.51,0.9995
MPLADS-006500,CNT-006500,816021.24,0.8262
MPLADS-006501,CNT-006501,2921175.69,1.0
MPLADS-006502,CNT-006502,1111478.2,0.6986
MPLADS-006503,CNT-006503,1648994.53,0.6645
MPLADS-006504,CNT-006504,2215204.49,0.6746
MPLADS-006505,CNT-006505,1174451.51,0.8881
MPLADS-006506,CNT-006506,433803.77,0.9874
MPLADS-006507,CNT-006507,715706.72,0.7907
MPLADS-006508,CNT-006508,1966497.99,0.9458
MPLADS-006509,CNT-006509,406104.87,0.6022
MPLADS-006510,CNT-006510,2425807.31,0.8419
MPLADS-006511,CNT-006511,842940.29,0.8938
MPLADS-006512,CNT-006512,658543.75,0.615
MPLADS-006513,CNT-006513,5797809.83,0.7941
MPLADS-006514,CNT-006514,973869.09,0.9034
MPLADS-006515,CNT-006515,2436069.47,0.6185
MPLADS-006516,CNT-006516,9176072.9,0.9184
MPLADS-006517,CNT-006517,1946334.26,0.8727
MPLADS-006518,CNT-006518,2980183.55,0.9179
MPLADS-006519,CNT-006519,896382.31,0.9411
MPLADS-006520,CNT-006520,1025286.45,0.659
MPLADS-006521,CNT-006521,7974169.1,0.9413
MPLADS-006522,CNT-006522,439460.59,0.9243
MPLADS-006523,CNT-006523,249288.58,0.6228
MPLADS-006524,CNT-006524,3035433.57,0.9362
MPLADS-006525,CNT-006525,694326.67,0.7944
MPLADS-006526,CNT-006526,11179769.15,0.931
MPLADS-006527,CNT-006527,2844359.09,0.9507
MPLADS-006528,CNT-006528,926546.98,0.8188
MPLADS-006529,CNT-006529,2203163.81,0.9227
MPLADS-006530,CNT-006530,227681.9,0.6902
MPLADS-006531,CNT-006531,1088504.21,0.9801
MPLADS-006532,CNT-006532,743129.85,0.8141
MPLADS-006533,CNT-006533,238781.08,0.6059
MPLADS-006534,CNT-006534,7445348.3,0.7871
MPLADS-006535,CNT-006535,1272217.42,0.9678
MPLADS-006536,CNT-006536,490633.02,0.8928
MPLADS-006537,CNT-006537,3796496.36,0.9085
MPLADS-006538,CNT-006538,1640398.17,0.7333
MPLADS-006539,CNT-006539,3413139.9,0.8857
MPLADS-006540,CNT-006540,1596692.07,0.6381
MPLADS-006541,CNT-006541,3146595.87,0.8468
MPLADS-006542,CNT-006542,3529919.88,0.9056
MPLADS-006543,CNT-006543,3203439.22,0.635
MPLADS-006544,CNT-006544,209558.28,0.671
MPLADS-006545,CNT-006545,2375380.81,0.672
MPLADS-006546,CNT-006546,2705319.88,0.6724
MPLADS-006547,CNT-006547,481605.67,0.6969
MPLADS-006548,CNT-006548,1040532.97,0.7579
MPLADS-006549,CNT-006549,738585.29,0.9476
MPLADS-006550,CNT-006550,7021375.03,0.882
MPLADS-006551,CNT-006551,1078568.64,0.8639
MPLADS-006552,CNT-006552,1183334.57,0.8481
MPLADS-006553,CNT-006553,748685.65,0.8841
MPLADS-006554,CNT-006554,798101.54,0.6318
MPLADS-006555,CNT-006555,497203.53,0.7679
MPLADS-006556,CNT-006556,210387.88,0.7383
MPLADS-006557,CNT-006557,1165602.13,0.7136
MPLADS-006558,CNT-006558,447397.0,1.2656
MPLADS-006559,CNT-006559,520068.75,0.9958
MPLADS-006560,CNT-006560,1759892.43,0.9878
MPLADS-006561,CNT-006561,1256009.33,0.9903
MPLADS-006562,CNT-006562,3359021.08,1.3516
MPLADS-006563,CNT-006563,3367268.89,0.8932
MPLADS-006564,CNT-006564,935918.49,0.9792
MPLADS-006565,CNT-006565,196318.51,0.94
MPLADS-006566,CNT-006566,899931.02,0.6042
MPLADS-006567,CNT-006567,1114976.86,0.9198
MPLADS-006568,CNT-006568,1589192.65,0.7253
MPLADS-006569,CNT-006569,438273.14,0.6995
MPLADS-006570,CNT-006570,4019377.78,0.9285
MPLADS-006571,CNT-006571,498692.14,0.8228
MPLADS-006572,CNT-006572,2194098.19,0.6242
MPLADS-006573,CNT-006573,1656477.69,0.7449
MPLADS-006574,CNT-006574,9016312.12,0.6381
MPLADS-006575,CNT-006575,859342.56,0.6557
MPLADS-006576,CNT-006576,961705.76,0.7622
MPLADS-006577,CNT-006577,482785.22,0.9463
MPLADS-006578,CNT-006578,3021246.47,0.9979
MPLADS-006579,CNT-006579,1859320.24,0.8891
MPLADS-006580,CNT-006580,927777.66,0.9819
MPLADS-006581,CNT-006581,1252512.58,0.6104
MPLADS-006582,CNT-006582,3248550.53,0.7131
MPLADS-006583,CNT-006583,825580.46,0.9091
MPLADS-006584,CNT-006584,1809352.81,0.7152
MPLADS-006585,CNT-006585,757390.43,0.6869
MPLADS-006586,CNT-006586,948821.2,0.976
MPLADS-006587,CNT-006587,3334340.89,0.8912
MPLADS-006588,CNT-006588,1511871.54,0.6654
MPLADS-006589,CNT-006589,701734.48,0.9792
MPLADS-006590,CNT-006590,2509781.0,0.94
MPLADS-006591,CNT-006591,232064.7,0.6501
MPLADS-006592,CNT-006592,553650.18,0.869
MPLADS-006593,CNT-006593,868712.64,0.9048
MPLADS-006594,CNT-006594,207674.61,0.7086
MPLADS-006595,CNT-006595,2213710.48,0.9243
MPLADS-006596,CNT-006596,3148572.12,0.94
MPLADS-006597,CNT-006597,1796894.48,0.8225
MPLADS-006598,CNT-006598,1645120.87,0.8955
MPLADS-006599,CNT-006599,690337.5,0.9993
MPLADS-006600,CNT-006600,2769512.36,0.9945
MPLADS-006601,CNT-006601,1267359.18,0.8677
MPLADS-006602,CNT-006602,465716.59,0.9486
MPLADS-006603,CNT-006603,1582969.78,0.7261
MPLADS-006604,CNT-006604,3869899.44,0.8096
MPLADS-006605,CNT-006605,1610421.79,0.94
MPLADS-006606,CNT-006606,832338.2,0.9753
MPLADS-006607,CNT-006607,3148114.33,0.9539
MPLADS-006608,CNT-006608,462347.52,0.94
MPLADS-006609,CNT-006609,2494008.79,0.7124
MPLADS-006610,CNT-006610,1927788.09,0.9237
MPLADS-006611,CNT-006611,247635.86,0.6615
MPLADS-006612,CNT-006612,863714.4,0.8802
MPLADS-006613,CNT-006613,429234.57,0.8471
MPLADS-006614,CNT-006614,480176.07,0.6854
MPLADS-006615,CNT-006615,250960.81,0.8404
MPLADS-006616,CNT-006616,2638735.6,0.7674
MPLADS-006617,CNT-006617,205338.54,0.6224
MPLADS-006618,CNT-006618,3066606.2,0.6553
MPLADS-006619,CNT-006619,2702733.05,0.7894
MPLADS-006620,CNT-006620,1055260.26,1.285
MPLADS-006621,CNT-006621,772402.04,0.8595
MPLADS-006622,CNT-006622,677140.68,0.6106
MPLADS-006623,CNT-006623,414346.23,0.8302
MPLADS-006624,CNT-006624,426135.9,1.0
MPLADS-006625,CNT-006625,789787.11,0.6082
MPLADS-006626,CNT-006626,554080.25,0.9828
MPLADS-006627,CNT-006627,496251.87,0.9056
MPLADS-006628,CNT-006628,9376341.71,0.7147
MPLADS-006629,CNT-006629,2513102.21,0.6774
MPLADS-006630,CNT-006630,3981881.29,1.2656
MPLADS-006631,CNT-006631,1852588.2,0.9968
MPLADS-006632,CNT-006632,218223.12,0.94
MPLADS-006633,CNT-006633,2521075.4,0.9321
MPLADS-006634,CNT-006634,812541.52,0.8904
MPLADS-006635,CNT-006635,423790.37,0.8402
MPLADS-006636,CNT-006636,559919.72,0.7063
MPLADS-006637,CNT-006637,2214762.17,0.9366
MPLADS-006638,CNT-006638,2224049.85,0.9798
MPLADS-006639,CNT-006639,5171440.67,0.815
MPLADS-006640,CNT-006640,1724102.82,0.7577
MPLADS-006641,CNT-006641,2060285.68,0.9251
MPLADS-006642,CNT-006642,1117490.02,0.8865
MPLADS-006643,CNT-006643,437639.61,0.7655
MPLADS-006644,CNT-006644,2734544.69,0.6236
MPLADS-006645,CNT-006645,895197.0,0.8995
MPLADS-006646,CNT-006646,244208.61,0.7752
MPLADS-006647,CNT-006647,205846.88,0.9329
MPLADS-006648,CNT-006648,477835.51,0.7057
MPLADS-006649,CNT-006649,793377.18,0.8779
MPLADS-006650,CNT-006650,478576.49,0.7512
MPLADS-006651,CNT-006651,926109.23,0.8526
MPLADS-006652,CNT-006652,3589113.07,0.7261
MPLADS-006653,CNT-006653,248882.13,0.6282
MPLADS-006654,CNT-006654,2520783.75,0.6739
MPLADS-006655,CNT-006655,5947938.25,0.9048
MPLADS-006656,CNT-006656,512400.47,0.9846
MPLADS-006657,CNT-006657,4543419.87,0.9389
MPLADS-006658,CNT-006658,985704.31,0.6898
MPLADS-006659,CNT-006659,2654773.15,1.3585
MPLADS-006660,CNT-006660,512670.2,0.7681
MPLADS-006661,CNT-006661,2700726.67,1.0
MPLADS-006662,CNT-006662,1232421.8,0.8739
MPLADS-006663,CNT-006663,391769.51,0.6663
MPLADS-006664,CNT-006664,6478193.57,0.6451
MPLADS-006665,CNT-006665,744184.1,0.7465
MPLADS-006666,CNT-006666,1140874.31,0.6053
MPLADS-006667,CNT-006667,214298.12,0.7208
MPLADS-006668,CNT-006668,460829.69,1.2294
MPLADS-006669,CNT-006669,2785344.97,0.9203
MPLADS-006670,CNT-006670,684415.66,0.7788
MPLADS-006671,CNT-006671,1714843.73,0.8141
MPLADS-006672,CNT-006672,2867107.55,1.4081
MPLADS-006673,CNT-006673,10045702.57,0.913
MPLADS-006674,CNT-006674,1792029.78,0.7987
MPLADS-006675,CNT-006675,2568766.13,0.8395
MPLADS-006676,CNT-006676,979519.87,0.8077
MPLADS-006677,CNT-006677,493786.69,0.724
MPLADS-006678,CNT-006678,3250758.96,0.6751
MPLADS-006679,CNT-006679,534907.07,0.8292
MPLADS-006680,CNT-006680,1176491.39,0.731
MPLADS-006681,CNT-006681,825265.89,0.6267
MPLADS-006682,CNT-006682,491552.87,0.7432
MPLADS-006683,CNT-006683,3833789.27,0.6985
MPLADS-006684,CNT-006684,193169.58,0.9767
MPLADS-006685,CNT-006685,1043876.05,0.6085
MPLADS-006686,CNT-006686,208149.6,0.8932
MPLADS-006687,CNT-006687,555686.75,0.8353
MPLADS-006688,CNT-006688,2854870.94,0.7328
MPLADS-006689,CNT-006689,425320.22,0.8551
MPLADS-006690,CNT-006690,1097407.03,0.8722
MPLADS-006691,CNT-006691,500830.1,0.686
MPLADS-006692,CNT-006692,823182.79,0.7181
MPLADS-006693,CNT-006693,1124217.51,0.94
MPLADS-006694,CNT-006694,1034672.23,0.8966
MPLADS-006695,CNT-006695,772865.87,0.7402
MPLADS-006696,CNT-006696,3710299.56,0.7793
MPLADS-006697,CNT-006697,1630420.51,0.9861
MPLADS-006698,CNT-006698,2786391.03,0.9526
MPLADS-006699,CNT-006699,863624.46,1.0
MPLADS-006700,CNT-006700,2611586.59,0.741
MPLADS-006701,CNT-006701,1991186.48,1.3182
MPLADS-006702,CNT-006702,1879050.32,0.8935
MPLADS-006703,CNT-006703,3850334.17,0.9443
MPLADS-006704,CNT-006704,1313239.28,0.8464
MPLADS-006705,CNT-006705,2268276.64,0.9336
MPLADS-006706,CNT-006706,853784.48,0.8413
MPLADS-006707,CNT-006707,1378707.03,0.8862
MPLADS-006708,CNT-006708,486711.37,0.9734
MPLADS-006709,CNT-006709,3022111.51,0.9531
MPLADS-006710,CNT-006710,243155.98,0.7062
MPLADS-006711,CNT-006711,3446417.1,0.9177
MPLADS-006712,CNT-006712,533143.94,1.4093
MPLADS-006713,CNT-006713,845718.69,0.692
MPLADS-006714,CNT-006714,2716918.53,0.7747
MPLADS-006715,CNT-006715,2407807.73,0.7679
MPLADS-006716,CNT-006716,404604.54,0.8655
MPLADS-006717,CNT-006717,3068399.11,0.9376
MPLADS-006718,CNT-006718,648719.63,0.8325
MPLADS-006719,CNT-006719,2772511.74,0.8383
MPLADS-006720,CNT-006720,197043.87,0.7728
MPLADS-006721,CNT-006721,2825701.07,0.7144
MPLADS-006722,CNT-006722,2417778.49,0.6147
MPLADS-006723,CNT-006723,3133750.66,0.9234
MPLADS-006724,CNT-006724,859782.75,0.959
MPLADS-006725,CNT-006725,3208474.66,0.9515
MPLADS-006726,CNT-006726,3090812.23,0.8961
MPLADS-006727,CNT-006727,1277393.93,0.7513
MPLADS-006728,CNT-006728,830469.47,0.9339
MPLADS-006729,CNT-006729,983059.99,0.9358
MPLADS-006730,CNT-006730,3318014.8,0.8785
MPLADS-006731,CNT-006731,3130236.73,0.94
MPLADS-006732,CNT-006732,1773999.32,0.9608
MPLADS-006733,CNT-006733,1152839.07,0.94
MPLADS-006734,CNT-006734,193949.09,1.0
MPLADS-006735,CNT-006735,766668.5,0.9298
MPLADS-006736,CNT-006736,396471.1,0.7775
MPLADS-006737,CNT-006737,859041.0,0.6391
MPLADS-006738,CNT-006738,768476.21,0.7603
MPLADS-006739,CNT-006739,392569.64,0.6354
MPLADS-006740,CNT-006740,502110.75,0.8474
MPLADS-006741,CNT-006741,12525538.28,0.6271
MPLADS-006742,CNT-006742,2457485.3,0.6515
MPLADS-006743,CNT-006743,208147.58,1.0
MPLADS-006744,CNT-006744,2445386.31,0.6192
MPLADS-006745,CNT-006745,3821599.19,0.7438
MPLADS-006746,CNT-006746,749181.04,0.7373
MPLADS-006747,CNT-006747,3848751.29,0.6157
MPLADS-006748,CNT-006748,2162834.11,0.9808
MPLADS-006749,CNT-006749,795031.05,0.7572
MPLADS-006750,CNT-006750,1092912.44,0.9855
MPLADS-006751,CNT-006751,3300079.95,0.9785
MPLADS-006752,CNT-006752,3716571.19,0.8959
MPLADS-006753,CNT-006753,1564278.45,0.7277
MPLADS-006754,CNT-006754,1332295.03,0.7574
MPLADS-006755,CNT-006755,2724966.22,0.7733
MPLADS-006756,CNT-006756,1001978.85,1.414
MPLADS-006757,CNT-006757,4293749.19,0.9616
MPLADS-006758,CNT-006758,680881.62,0.8711
MPLADS-006759,CNT-006759,454861.95,1.0
MPLADS-006760,CNT-006760,1101898.92,0.7242
MPLADS-006761,CNT-006761,1643445.65,0.6993
MPLADS-006762,CNT-006762,2227162.92,0.7733
MPLADS-006763,CNT-006763,2381517.02,0.7901
MPLADS-006764,CNT-006764,2524219.57,0.8314
MPLADS-006765,CNT-006765,467549.51,0.8415
MPLADS-006766,CNT-006766,481972.04,0.7908
MPLADS-006767,CNT-006767,2543367.53,0.9263
MPLADS-006768,CNT-006768,1960369.19,0.9175
MPLADS-006769,CNT-006769,3558789.82,0.7402
MPLADS-006770,CNT-006770,814803.99,0.6516
MPLADS-006771,CNT-006771,2240572.65,0.7476
MPLADS-006772,CNT-006772,2034045.38,0.958
MPLADS-006773,CNT-006773,2999804.2,0.9669
MPLADS-006774,CNT-006774,2332799.9,0.9818
MPLADS-006775,CNT-006775,3808983.99,0.8193
MPLADS-006776,CNT-006776,967423.81,0.6812
MPLADS-006777,CNT-006777,225228.64,0.7648
MPLADS-006778,CNT-006778,823793.57,0.7535
MPLADS-006779,CNT-006779,1365918.85,0.981
MPLADS-006780,CNT-006780,439015.51,0.712
MPLADS-006781,CNT-006781,1079006.82,0.9505
MPLADS-006782,CNT-006782,1331518.42,0.9697
MPLADS-006783,CNT-006783,1938735.04,0.7047
MPLADS-006784,CNT-006784,470614.45,0.613
MPLADS-006785,CNT-006785,1117661.77,0.7294
MPLADS-006786,CNT-006786,3844594.37,0.8273
MPLADS-006787,CNT-006787,2524767.43,0.8875
MPLADS-006788,CNT-006788,647530.31,0.7267
MPLADS-006789,CNT-006789,1931065.83,0.7556
MPLADS-006790,CNT-006790,833792.41,0.6296
MPLADS-006791,CNT-006791,231851.56,0.8798
MPLADS-006792,CNT-006792,2662285.8,0.9999
MPLADS-006793,CNT-006793,492615.93,0.6614
MPLADS-006794,CNT-006794,214692.09,0.7332
MPLADS-006795,CNT-006795,427801.88,0.6981
MPLADS-006796,CNT-006796,11035503.07,0.9368
MPLADS-006797,CNT-006797,736184.94,0.6843
MPLADS-006798,CNT-006798,2194952.92,0.9543
MPLADS-006799,CNT-006799,2257898.99,0.8478
MPLADS-006800,CNT-006800,1027836.65,0.8488
MPLADS-006801,CNT-006801,483252.95,0.833
MPLADS-006802,CNT-006802,4761261.17,0.9724
MPLADS-006803,CNT-006803,1903987.9,1.3673
MPLADS-006804,CNT-006804,517108.21,0.9136
MPLADS-006805,CNT-006805,2483330.19,0.7182
MPLADS-006806,CNT-006806,429488.61,0.9053
MPLADS-006807,CNT-006807,9066609.4,0.7737
MPLADS-006808,CNT-006808,1560950.69,0.631
MPLADS-006809,CNT-006809,2471033.16,0.767
MPLADS-006810,CNT-006810,196042.52,0.6656
MPLADS-006811,CNT-006811,725114.26,0.7672
MPLADS-006812,CNT-006812,2551604.3,0.8958
MPLADS-006813,CNT-006813,217508.46,0.6129
MPLADS-006814,CNT-006814,3442922.77,1.2388
MPLADS-006815,CNT-006815,2863875.99,0.6847
MPLADS-006816,CNT-006816,1295233.02,0.7188
MPLADS-006817,CNT-006817,440243.07,0.9582
MPLADS-006818,CNT-006818,1270592.86,0.7311
MPLADS-006819,CNT-006819,2928684.55,0.8091
MPLADS-006820,CNT-006820,423855.28,0.9545
MPLADS-006821,CNT-006821,3316213.24,0.8545
MPLADS-006822,CNT-006822,447937.97,0.9616
MPLADS-006823,CNT-006823,2000675.33,0.7916
MPLADS-006824,CNT-006824,456365.51,0.7787
MPLADS-006825,CNT-006825,192910.81,0.8064
MPLADS-006826,CNT-006826,216138.39,0.9307
MPLADS-006827,CNT-006827,3946132.26,0.8602
MPLADS-006828,CNT-006828,1983909.97,0.8247
MPLADS-006829,CNT-006829,2189345.53,1.3842
MPLADS-006830,CNT-006830,1552427.92,0.94
MPLADS-006831,CNT-006831,7654816.66,0.7571
MPLADS-006832,CNT-006832,9049459.88,0.6616
MPLADS-006833,CNT-006833,3019444.47,0.6857
MPLADS-006834,CNT-006834,244124.23,0.6574
MPLADS-006835,CNT-006835,1747647.64,1.3425
MPLADS-006836,CNT-006836,223959.92,0.6836
MPLADS-006837,CNT-006837,3211917.14,0.9051
MPLADS-006838,CNT-006838,3383059.11,0.6815
MPLADS-006839,CNT-006839,1792564.84,1.0
MPLADS-006840,CNT-006840,486307.34,0.93
MPLADS-006841,CNT-006841,672837.65,1.0
MPLADS-006842,CNT-006842,504018.06,0.8209
MPLADS-006843,CNT-006843,3196328.36,0.7083
MPLADS-006844,CNT-006844,951223.3,0.8107
MPLADS-006845,CNT-006845,1140533.73,0.9478
MPLADS-006846,CNT-006846,799519.85,0.7669
MPLADS-006847,CNT-006847,440962.53,0.6638
MPLADS-006848,CNT-006848,3137080.24,0.8788
MPLADS-006849,CNT-006849,3194796.54,0.6884
MPLADS-006850,CNT-006850,803969.64,0.6308
MPLADS-006851,CNT-006851,3772065.7,0.94
MPLADS-006852,CNT-006852,1542857.91,0.7736
MPLADS-006853,CNT-006853,3950502.04,0.8384
MPLADS-006854,CNT-006854,766992.94,0.7642
MPLADS-006855,CNT-006855,1752508.5,0.9084
MPLADS-006856,CNT-006856,9770757.84,0.6741
MPLADS-006857,CNT-006857,762483.35,0.6905
MPLADS-006858,CNT-006858,1197759.55,0.9435
MPLADS-006859,CNT-006859,458996.95,0.7687
MPLADS-006860,CNT-006860,859499.54,0.94
MPLADS-006861,CNT-006861,7125049.45,0.6914
MPLADS-006862,CNT-006862,991215.72,0.8011
MPLADS-006863,CNT-006863,1691195.94,0.9813
MPLADS-006864,CNT-006864,2567355.25,1.3673
MPLADS-006865,CNT-006865,711661.28,0.7403
MPLADS-006866,CNT-006866,1143953.94,0.7068
MPLADS-006867,CNT-006867,487828.13,0.9871
MPLADS-006868,CNT-006868,3722966.49,0.7634
MPLADS-006869,CNT-006869,523939.88,0.94
MPLADS-006870,CNT-006870,1709692.22,0.9463
MPLADS-006871,CNT-006871,220999.91,0.8773
MPLADS-006872,CNT-006872,769745.67,0.6159
MPLADS-006873,CNT-006873,504901.15,0.9062
MPLADS-006874,CNT-006874,1087047.62,0.9526
MPLADS-006875,CNT-006875,212353.6,0.7541
MPLADS-006876,CNT-006876,2359273.32,0.8132
MPLADS-006877,CNT-006877,3258443.67,0.7612
MPLADS-006878,CNT-006878,218089.07,0.8745
MPLADS-006879,CNT-006879,551699.23,0.963
MPLADS-006880,CNT-006880,3877680.24,0.6867
MPLADS-006881,CNT-006881,219712.32,0.6717
MPLADS-006882,CNT-006882,749127.33,0.6117
MPLADS-006883,CNT-006883,2039860.91,0.8063
MPLADS-006884,CNT-006884,1088044.13,0.6128
MPLADS-006885,CNT-006885,2889094.16,0.911
MPLADS-006886,CNT-006886,403785.21,0.652
MPLADS-006887,CNT-006887,642182.71,0.824
MPLADS-006888,CNT-006888,1969450.2,0.9187
MPLADS-006889,CNT-006889,674806.4,0.732
MPLADS-006890,CNT-006890,6549753.16,0.7204
MPLADS-006891,CNT-006891,542610.87,0.9138
MPLADS-006892,CNT-006892,897278.68,1.3725
MPLADS-006893,CNT-006893,741379.8,0.6771
MPLADS-006894,CNT-006894,1233520.13,0.6275
MPLADS-006895,CNT-006895,972885.52,0.7546
MPLADS-006896,CNT-006896,404339.53,0.7782
MPLADS-006897,CNT-006897,12439457.76,0.7095
MPLADS-006898,CNT-006898,2778132.53,0.6765
MPLADS-006899,CNT-006899,220560.41,0.6887
MPLADS-006900,CNT-006900,454713.27,0.6943
MPLADS-006901,CNT-006901,2895902.86,0.7612
MPLADS-006902,CNT-006902,3307151.01,0.9506
MPLADS-006903,CNT-006903,808179.1,0.8873
MPLADS-006904,CNT-006904,2372946.93,0.7586
MPLADS-006905,CNT-006905,1253715.17,1.0
MPLADS-006906,CNT-006906,3357326.06,0.9957
MPLADS-006907,CNT-006907,411519.42,0.6388
MPLADS-006908,CNT-006908,3752553.78,0.7442
MPLADS-006909,CNT-006909,1124727.79,1.4094
MPLADS-006910,CNT-006910,219684.92,0.8997
MPLADS-006911,CNT-006911,3891140.63,0.8211
MPLADS-006912,CNT-006912,434315.48,0.6777
MPLADS-006913,CNT-006913,837785.55,0.9411
MPLADS-006914,CNT-006914,560873.45,0.7022
MPLADS-006915,CNT-006915,509193.74,0.7545
MPLADS-006916,CNT-006916,436156.83,0.9564
MPLADS-006917,CNT-006917,1020787.78,0.6712
MPLADS-006918,CNT-006918,193380.52,0.7386
MPLADS-006919,CNT-006919,2260618.32,0.9844
MPLADS-006920,CNT-006920,400675.04,0.6206
MPLADS-006921,CNT-006921,3311220.47,0.991
MPLADS-006922,CNT-006922,2964253.7,0.8076
MPLADS-006923,CNT-006923,218500.47,0.9125
MPLADS-006924,CNT-006924,454707.07,0.8791
MPLADS-006925,CNT-006925,536160.72,0.7003
MPLADS-006926,CNT-006926,476920.68,0.7453
MPLADS-006927,CNT-006927,2286352.32,0.7668
MPLADS-006928,CNT-006928,1936359.58,0.763
MPLADS-006929,CNT-006929,764295.02,0.6519
MPLADS-006930,CNT-006930,476393.19,0.6579
MPLADS-006931,CNT-006931,478684.5,0.8586
MPLADS-006932,CNT-006932,2547885.92,0.7985
MPLADS-006933,CNT-006933,3600640.29,0.6626
MPLADS-006934,CNT-006934,916924.04,1.0
MPLADS-006935,CNT-006935,200380.65,0.8104
MPLADS-006936,CNT-006936,2485954.22,0.9947
MPLADS-006937,CNT-006937,771476.91,0.6744
MPLADS-006938,CNT-006938,3281510.13,0.8986
MPLADS-006939,CNT-006939,2139044.72,0.8095
MPLADS-006940,CNT-006940,464483.67,0.8702
MPLADS-006941,CNT-006941,2807255.62,0.9497
MPLADS-006942,CNT-006942,2124597.55,0.6144
MPLADS-006943,CNT-006943,2703298.97,0.8886
MPLADS-006944,CNT-006944,982125.11,0.6317
MPLADS-006945,CNT-006945,1210862.62,0.9682
MPLADS-006946,CNT-006946,1463273.74,0.7697
MPLADS-006947,CNT-006947,247107.15,0.94
MPLADS-006948,CNT-006948,987866.99,1.4358
MPLADS-006949,CNT-006949,507807.35,0.9735
MPLADS-006950,CNT-006950,638977.71,0.6741
MPLADS-006951,CNT-006951,2411053.94,0.8638
MPLADS-006952,CNT-006952,3636402.34,0.6075
MPLADS-006953,CNT-006953,841013.56,0.776
MPLADS-006954,CNT-006954,242918.62,0.9651
MPLADS-006955,CNT-006955,232459.43,0.7349
MPLADS-006956,CNT-006956,1984055.35,0.9027
MPLADS-006957,CNT-006957,622299.16,0.7582
MPLADS-006958,CNT-006958,506351.04,0.8223
MPLADS-006959,CNT-006959,2189472.28,0.6789
MPLADS-006960,CNT-006960,859172.78,0.825
MPLADS-006961,CNT-006961,2378866.6,0.6595
MPLADS-006962,CNT-006962,1278368.85,0.7844
MPLADS-006963,CNT-006963,983079.49,0.7221
MPLADS-006964,CNT-006964,251463.63,0.963
MPLADS-006965,CNT-006965,452282.19,0.7078
MPLADS-006966,CNT-006966,1337381.13,0.8938
MPLADS-006967,CNT-006967,4889686.29,0.7316
MPLADS-006968,CNT-006968,3624181.71,0.9817
MPLADS-006969,CNT-006969,835968.7,1.0
MPLADS-006970,CNT-006970,2206846.05,0.6737
MPLADS-006971,CNT-006971,461308.16,0.9949
MPLADS-006972,CNT-006972,2467092.39,0.6509
MPLADS-006973,CNT-006973,10869086.54,0.6366
MPLADS-006974,CNT-006974,1132738.77,0.9879
MPLADS-006975,CNT-006975,1225902.76,0.9313
MPLADS-006976,CNT-006976,833246.61,0.6987
MPLADS-006977,CNT-006977,941159.46,1.3328
MPLADS-006978,CNT-006978,2554533.17,0.8925
MPLADS-006979,CNT-006979,397524.3,0.94
MPLADS-006980,CNT-006980,756470.24,0.796
MPLADS-006981,CNT-006981,2540691.3,0.7331
MPLADS-006982,CNT-006982,6816885.55,0.6612
MPLADS-006983,CNT-006983,2895167.65,0.6057
MPLADS-006984,CNT-006984,403204.04,0.7832
MPLADS-006985,CNT-006985,547977.66,0.7064
MPLADS-006986,CNT-006986,684615.42,0.6096
MPLADS-006987,CNT-006987,238598.41,0.8238
MPLADS-006988,CNT-006988,9476573.31,0.9117
MPLADS-006989,CNT-006989,1797651.89,0.6361
MPLADS-006990,CNT-006990,1664648.9,0.9839
MPLADS-006991,CNT-006991,234593.05,0.6902
MPLADS-006992,CNT-006992,921150.33,0.9403
MPLADS-006993,CNT-006993,847811.96,0.7004
MPLADS-006994,CNT-006994,2989036.17,1.0
MPLADS-006995,CNT-006995,923698.35,0.7174
MPLADS-006996,CNT-006996,9169327.66,0.9454
MPLADS-006997,CNT-006997,2373816.5,0.925
MPLADS-006998,CNT-006998,1143133.32,0.7803
MPLADS-006999,CNT-006999,851047.03,0.7362
MPLADS-007000,CNT-007000,3558919.66,0.9803
MPLADS-007001,CNT-007001,3160730.48,0.8431
MPLADS-007002,CNT-007002,909049.89,0.9343
MPLADS-007003,CNT-007003,575088.4,0.8902
MPLADS-007004,CNT-007004,2286210.03,0.9028
MPLADS-007005,CNT-007005,1605396.24,0.8876
MPLADS-007006,CNT-007006,1314068.25,0.7281
MPLADS-007007,CNT-007007,504713.92,0.7914
MPLADS-007008,CNT-007008,1764879.65,0.9739
MPLADS-007009,CNT-007009,2657443.72,0.8891
MPLADS-007010,CNT-007010,472224.99,0.6667
MPLADS-007011,CNT-007011,509969.02,0.8561
MPLADS-007012,CNT-007012,2674864.52,0.94
MPLADS-007013,CNT-007013,2660655.89,0.8991
MPLADS-007014,CNT-007014,1611161.11,0.9698
MPLADS-007015,CNT-007015,829929.55,0.6095
MPLADS-007016,CNT-007016,528295.32,1.2722
MPLADS-007017,CNT-007017,1575839.87,0.7462
MPLADS-007018,CNT-007018,2597497.66,0.6185
MPLADS-007019,CNT-007019,443356.41,0.6511
MPLADS-007020,CNT-007020,708408.75,0.6572
MPLADS-007021,CNT-007021,1294317.28,0.8744
MPLADS-007022,CNT-007022,238082.84,0.7797
MPLADS-007023,CNT-007023,2033177.63,0.94
MPLADS-007024,CNT-007024,1072404.63,1.3601
MPLADS-007025,CNT-007025,199849.49,0.94
MPLADS-007026,CNT-007026,3029316.48,0.9334
MPLADS-007027,CNT-007027,1752222.53,0.8054
MPLADS-007028,CNT-007028,3524010.92,0.741
MPLADS-007029,CNT-007029,1066718.81,0.7493
MPLADS-007030,CNT-007030,772347.55,0.6486
MPLADS-007031,CNT-007031,4024188.81,0.7383
MPLADS-007032,CNT-007032,238965.1,1.4335
MPLADS-007033,CNT-007033,917032.25,0.7454
MPLADS-007034,CNT-007034,2917704.31,0.7927
MPLADS-007035,CNT-007035,1376583.31,0.8245
MPLADS-007036,CNT-007036,3075443.26,0.7944
MPLADS-007037,CNT-007037,4662802.54,0.6572
MPLADS-007038,CNT-007038,237398.44,0.9598
MPLADS-007039,CNT-007039,676373.36,0.7797
MPLADS-007040,CNT-007040,10241074.15,0.8654
MPLADS-007041,CNT-007041,446999.55,0.9531
MPLADS-007042,CNT-007042,2754939.45,0.6939
MPLADS-007043,CNT-007043,1333143.01,0.8327
MPLADS-007044,CNT-007044,3093821.54,0.9581
MPLADS-007045,CNT-007045,780666.54,0.9752
MPLADS-007046,CNT-007046,2676425.05,0.8856
MPLADS-007047,CNT-007047,400241.31,0.8777
MPLADS-007048,CNT-007048,8565605.95,0.7115
MPLADS-007049,CNT-007049,810796.01,0.6927
MPLADS-007050,CNT-007050,570426.46,0.8165
MPLADS-007051,CNT-007051,2632176.79,0.7436
MPLADS-007052,CNT-007052,3075985.78,0.94
MPLADS-007053,CNT-007053,633717.58,0.8162
MPLADS-007054,CNT-007054,3324362.41,0.8903
MPLADS-007055,CNT-007055,3726963.57,0.6555
MPLADS-007056,CNT-007056,794301.42,0.8994
MPLADS-007057,CNT-007057,220035.82,0.8116
MPLADS-007058,CNT-007058,810982.5,0.7527
MPLADS-007059,CNT-007059,799016.86,0.8203
MPLADS-007060,CNT-007060,2723174.69,0.7647
MPLADS-007061,CNT-007061,3279295.8,0.6974
MPLADS-007062,CNT-007062,2667454.32,0.9571
MPLADS-007063,CNT-007063,1826007.09,0.8168
MPLADS-007064,CNT-007064,190192.76,0.8167
MPLADS-007065,CNT-007065,9976206.16,0.8284
MPLADS-007066,CNT-007066,812704.88,0.6942
MPLADS-007067,CNT-007067,1032961.88,0.8272
MPLADS-007068,CNT-007068,3672444.81,0.7222
MPLADS-007069,CNT-007069,780149.31,0.7513
MPLADS-007070,CNT-007070,451197.61,1.4477
MPLADS-007071,CNT-007071,8174242.97,0.6963
MPLADS-007072,CNT-007072,2252308.18,0.7956
MPLADS-007073,CNT-007073,199221.39,0.8774
MPLADS-007074,CNT-007074,5449995.44,0.9497
MPLADS-007075,CNT-007075,2008180.75,0.7415
MPLADS-007076,CNT-007076,1590245.37,0.9101
MPLADS-007077,CNT-007077,225151.39,0.7675
MPLADS-007078,CNT-007078,776296.2,0.7289
MPLADS-007079,CNT-007079,1315326.07,0.697
MPLADS-007080,CNT-007080,3016703.22,0.7349
MPLADS-007081,CNT-007081,858663.4,0.6044
MPLADS-007082,CNT-007082,218525.58,0.8828
MPLADS-007083,CNT-007083,2996463.93,0.9786
MPLADS-007084,CNT-007084,479023.26,1.358
MPLADS-007085,CNT-007085,986189.05,0.9317
MPLADS-007086,CNT-007086,447142.5,0.741
MPLADS-007087,CNT-007087,2318959.3,0.6447
MPLADS-007088,CNT-007088,644261.19,0.94
MPLADS-007089,CNT-007089,1289907.2,0.6636
MPLADS-007090,CNT-007090,2620254.06,0.8697
MPLADS-007091,CNT-007091,13014595.28,0.936
MPLADS-007092,CNT-007092,525841.25,0.6579
MPLADS-007093,CNT-007093,732423.74,0.94
MPLADS-007094,CNT-007094,2054289.1,0.7029
MPLADS-007095,CNT-007095,2634166.61,0.834
MPLADS-007096,CNT-007096,442139.74,0.8475
MPLADS-007097,CNT-007097,460193.01,0.94
MPLADS-007098,CNT-007098,792511.72,0.7603
MPLADS-007099,CNT-007099,516020.05,0.8768
MPLADS-007100,CNT-007100,2360530.75,0.9679
MPLADS-007101,CNT-007101,838944.65,0.94
MPLADS-007102,CNT-007102,2832899.01,0.7755
MPLADS-007103,CNT-007103,1624567.29,0.7865
MPLADS-007104,CNT-007104,9330263.54,0.7873
MPLADS-007105,CNT-007105,227797.8,0.8642
MPLADS-007106,CNT-007106,794454.86,0.7341
MPLADS-007107,CNT-007107,225209.19,0.7751
MPLADS-007108,CNT-007108,386154.93,0.8703
MPLADS-007109,CNT-007109,771192.22,0.8426
MPLADS-007110,CNT-007110,1119693.93,0.8603
MPLADS-007111,CNT-007111,1108652.05,0.6826
MPLADS-007112,CNT-007112,3060210.94,0.7669
MPLADS-007113,CNT-007113,511893.28,0.6556
MPLADS-007114,CNT-007114,427337.31,0.8635
MPLADS-007115,CNT-007115,1986239.9,0.6915
MPLADS-007116,CNT-007116,3840233.78,0.7091
MPLADS-007117,CNT-007117,844345.32,0.8846
MPLADS-007118,CNT-007118,1137177.47,0.9443
MPLADS-007119,CNT-007119,693904.17,0.6839
MPLADS-007120,CNT-007120,509139.31,0.9916
MPLADS-007121,CNT-007121,812266.51,0.923
MPLADS-007122,CNT-007122,212342.15,0.8739
MPLADS-007123,CNT-007123,3069977.35,0.6661
MPLADS-007124,CNT-007124,207238.1,0.8133
MPLADS-007125,CNT-007125,1108778.04,0.9159
MPLADS-007126,CNT-007126,422519.29,0.6854
MPLADS-007127,CNT-007127,3211070.43,0.94
MPLADS-007128,CNT-007128,2910269.26,0.8184
MPLADS-007129,CNT-007129,9003067.62,0.9851
MPLADS-007130,CNT-007130,689312.69,0.8195
MPLADS-007131,CNT-007131,1027362.01,0.7924
MPLADS-007132,CNT-007132,4794428.24,0.814
MPLADS-007133,CNT-007133,2946595.54,0.6818
MPLADS-007134,CNT-007134,4254886.87,0.7381
MPLADS-007135,CNT-007135,772898.41,0.9049
MPLADS-007136,CNT-007136,917193.58,0.6473
MPLADS-007137,CNT-007137,458194.16,0.9897
MPLADS-007138,CNT-007138,2658389.49,0.8851
MPLADS-007139,CNT-007139,3107308.97,0.967
MPLADS-007140,CNT-007140,743176.37,0.9655
MPLADS-007141,CNT-007141,2871904.12,0.8613
MPLADS-007142,CNT-007142,479541.49,0.7458
MPLADS-007143,CNT-007143,566958.21,0.8794
MPLADS-007144,CNT-007144,554608.02,0.8066
MPLADS-007145,CNT-007145,430696.37,0.8482
MPLADS-007146,CNT-007146,722977.55,0.94
MPLADS-007147,CNT-007147,498617.05,0.686
MPLADS-007148,CNT-007148,551909.69,0.6927
MPLADS-007149,CNT-007149,483936.82,0.8786
MPLADS-007150,CNT-007150,2403354.4,1.0
MPLADS-007151,CNT-007151,2509932.95,0.9675
MPLADS-007152,CNT-007152,10977442.91,0.7266
MPLADS-007153,CNT-007153,7630141.28,0.6049
MPLADS-007154,CNT-007154,2544045.31,0.7021
MPLADS-007155,CNT-007155,201926.23,0.8375
MPLADS-007156,CNT-007156,2640954.07,0.8361
MPLADS-007157,CNT-007157,2993645.37,0.6052
MPLADS-007158,CNT-007158,3037161.85,0.836
MPLADS-007159,CNT-007159,840929.0,1.0
MPLADS-007160,CNT-007160,2130506.82,0.7898
MPLADS-007161,CNT-007161,2978787.1,0.8068
MPLADS-007162,CNT-007162,645078.0,0.9884
MPLADS-007163,CNT-007163,8399752.37,0.653
MPLADS-007164,CNT-007164,384033.65,0.7386
MPLADS-007165,CNT-007165,2240007.19,0.6665
MPLADS-007166,CNT-007166,2498304.01,0.94
MPLADS-007167,CNT-007167,1355508.35,0.7023
MPLADS-007168,CNT-007168,803401.83,0.9402
MPLADS-007169,CNT-007169,829062.74,0.7209
MPLADS-007170,CNT-007170,3288425.83,0.6494
MPLADS-007171,CNT-007171,473386.29,0.6842
MPLADS-007172,CNT-007172,2129967.47,0.8974
MPLADS-007173,CNT-007173,1009368.25,0.6034
MPLADS-007174,CNT-007174,676876.94,0.8638
MPLADS-007175,CNT-007175,541663.62,0.911
MPLADS-007176,CNT-007176,547441.31,0.8459
MPLADS-007177,CNT-007177,3016709.59,0.6958
MPLADS-007178,CNT-007178,1545383.2,0.7107
MPLADS-007179,CNT-007179,567322.23,0.7529
MPLADS-007180,CNT-007180,3076544.17,1.0
MPLADS-007181,CNT-007181,482639.44,0.7405
MPLADS-007182,CNT-007182,3717951.08,0.6716
MPLADS-007183,CNT-007183,978625.5,0.8103
MPLADS-007184,CNT-007184,3887216.35,0.7444
MPLADS-007185,CNT-007185,491967.63,0.9745
MPLADS-007186,CNT-007186,1890840.58,0.6705
MPLADS-007187,CNT-007187,3398240.06,0.6369
MPLADS-007188,CNT-007188,10118006.59,0.9506
MPLADS-007189,CNT-007189,571455.82,0.6119
MPLADS-007190,CNT-007190,707297.23,0.9474
MPLADS-007191,CNT-007191,2563595.93,0.899
MPLADS-007192,CNT-007192,5161993.61,0.6362
MPLADS-007193,CNT-007193,1908884.54,0.7172
MPLADS-007194,CNT-007194,510192.53,0.6991
MPLADS-007195,CNT-007195,1335126.76,0.9779
MPLADS-007196,CNT-007196,8274735.88,0.8168
MPLADS-007197,CNT-007197,3404189.86,0.9281
MPLADS-007198,CNT-007198,1735511.91,1.345
MPLADS-007199,CNT-007199,2435210.5,0.8236
MPLADS-007200,CNT-007200,849389.53,0.6606
MPLADS-007201,CNT-007201,1053509.98,0.7144
MPLADS-007202,CNT-007202,1697504.56,0.6682
MPLADS-007203,CNT-007203,3405240.88,0.9408
MPLADS-007204,CNT-007204,8898320.55,0.6038
MPLADS-007205,CNT-007205,9871067.35,0.9716
MPLADS-007206,CNT-007206,1619296.45,0.9039
MPLADS-007207,CNT-007207,391734.66,0.7934
MPLADS-007208,CNT-007208,12003137.25,0.6858
MPLADS-007209,CNT-007209,788228.25,0.7593
MPLADS-007210,CNT-007210,508563.24,0.6321
MPLADS-007211,CNT-007211,223266.81,0.7796
MPLADS-007212,CNT-007212,1927899.99,0.6537
MPLADS-007213,CNT-007213,996760.17,0.6574
MPLADS-007214,CNT-007214,1124200.55,0.7994
MPLADS-007215,CNT-007215,189821.41,0.7912
MPLADS-007216,CNT-007216,3172242.16,0.8976
MPLADS-007217,CNT-007217,1883217.86,0.9736
MPLADS-007218,CNT-007218,2235483.87,0.7344
MPLADS-007219,CNT-007219,480423.94,0.6411
MPLADS-007220,CNT-007220,2677310.62,0.7964
MPLADS-007221,CNT-007221,1062235.75,0.94
MPLADS-007222,CNT-007222,469916.32,0.7606
MPLADS-007223,CNT-007223,1857840.96,0.9541
MPLADS-007224,CNT-007224,527663.33,0.7139
MPLADS-007225,CNT-007225,1255664.69,0.6595
MPLADS-007226,CNT-007226,2670348.57,0.6687
MPLADS-007227,CNT-007227,462241.52,0.8504
MPLADS-007228,CNT-007228,963668.41,0.9103
MPLADS-007229,CNT-007229,2743372.55,0.6577
MPLADS-007230,CNT-007230,920205.19,0.9103
MPLADS-007231,CNT-007231,464325.54,0.9507
MPLADS-007232,CNT-007232,2166701.85,0.7844
MPLADS-007233,CNT-007233,2674147.75,0.808
MPLADS-007234,CNT-007234,3312076.23,0.94
MPLADS-007235,CNT-007235,1329545.11,0.686
MPLADS-007236,CNT-007236,781912.14,0.94
MPLADS-007237,CNT-007237,1327980.27,0.7152
MPLADS-007238,CNT-007238,6369204.7,0.6737
MPLADS-007239,CNT-007239,198358.75,0.9431
MPLADS-007240,CNT-007240,396929.49,0.762
MPLADS-007241,CNT-007241,698743.26,0.94
MPLADS-007242,CNT-007242,1832051.55,0.7886
MPLADS-007243,CNT-007243,1238141.97,0.8535
MPLADS-007244,CNT-007244,1463352.17,0.9413
MPLADS-007245,CNT-007245,704471.48,1.2288
MPLADS-007246,CNT-007246,839042.77,0.7646
MPLADS-007247,CNT-007247,7322848.36,0.6497
MPLADS-007248,CNT-007248,1262490.27,0.634
MPLADS-007249,CNT-007249,1631526.48,0.6627
MPLADS-007250,CNT-007250,940606.7,0.8412
MPLADS-007251,CNT-007251,2017545.36,0.7995
MPLADS-007252,CNT-007252,2997257.78,0.7468
MPLADS-007253,CNT-007253,443217.16,0.8219
MPLADS-007254,CNT-007254,3512159.47,0.7915
MPLADS-007255,CNT-007255,1570419.67,0.8321
MPLADS-007256,CNT-007256,1638502.45,0.6447
MPLADS-007257,CNT-007257,537719.95,0.8976
MPLADS-007258,CNT-007258,3232056.81,0.9282
MPLADS-007259,CNT-007259,822995.09,0.9973
MPLADS-007260,CNT-007260,2571017.69,0.6257
MPLADS-007261,CNT-007261,859483.19,0.832
MPLADS-007262,CNT-007262,2336231.43,1.0
MPLADS-007263,CNT-007263,1740244.94,0.6161
MPLADS-007264,CNT-007264,1196956.22,0.8025
MPLADS-007265,CNT-007265,852416.74,0.7081
MPLADS-007266,CNT-007266,479476.09,0.7061
MPLADS-007267,CNT-007267,756144.12,0.632
MPLADS-007268,CNT-007268,3136704.53,0.8304
MPLADS-007269,CNT-007269,1202392.06,0.6301
MPLADS-007270,CNT-007270,244433.01,0.9685
MPLADS-007271,CNT-007271,801900.29,0.8643
MPLADS-007272,CNT-007272,1020085.98,0.6463
MPLADS-007273,CNT-007273,545348.77,0.6538
MPLADS-007274,CNT-007274,2047167.92,0.7464
MPLADS-007275,CNT-007275,2237161.06,0.9049
MPLADS-007276,CNT-007276,430033.26,0.9876
MPLADS-007277,CNT-007277,2916191.85,0.6733
MPLADS-007278,CNT-007278,225572.7,0.9976
MPLADS-007279,CNT-007279,9771954.09,0.7269
MPLADS-007280,CNT-007280,825406.5,0.6294
MPLADS-007281,CNT-007281,1898736.99,0.8353
MPLADS-007282,CNT-007282,2230240.52,0.6061
MPLADS-007283,CNT-007283,9882876.12,0.7486
MPLADS-007284,CNT-007284,1700592.26,0.6514
MPLADS-007285,CNT-007285,825507.76,1.0
MPLADS-007286,CNT-007286,639521.03,0.7177
MPLADS-007287,CNT-007287,2332845.2,0.9783
MPLADS-007288,CNT-007288,3055734.58,0.9131
MPLADS-007289,CNT-007289,932138.11,0.9363
MPLADS-007290,CNT-007290,686430.96,0.7038
MPLADS-007291,CNT-007291,1796253.03,0.7022
MPLADS-007292,CNT-007292,2989765.26,0.8343
MPLADS-007293,CNT-007293,2862997.75,0.937
MPLADS-007294,CNT-007294,397545.25,0.8012
MPLADS-007295,CNT-007295,509232.83,0.9139
MPLADS-007296,CNT-007296,1234257.55,0.8529
MPLADS-007297,CNT-007297,3000952.24,1.3302
MPLADS-007298,CNT-007298,2215604.04,0.7514
MPLADS-007299,CNT-007299,1687337.41,1.0
MPLADS-007300,CNT-007300,1057599.07,1.3556
MPLADS-007301,CNT-007301,190371.37,0.8906
MPLADS-007302,CNT-007302,200789.74,0.94
MPLADS-007303,CNT-007303,3079947.33,0.752
MPLADS-007304,CNT-007304,2853072.42,0.7805
MPLADS-007305,CNT-007305,2188202.24,0.6499
MPLADS-007306,CNT-007306,2497985.01,0.9355
MPLADS-007307,CNT-007307,2751783.43,0.6621
MPLADS-007308,CNT-007308,1263896.95,0.7122
MPLADS-007309,CNT-007309,3693157.73,0.698
MPLADS-007310,CNT-007310,515077.31,0.6884
MPLADS-007311,CNT-007311,487333.79,0.8928
MPLADS-007312,CNT-007312,500940.28,0.6281
MPLADS-007313,CNT-007313,789118.51,0.8821
MPLADS-007314,CNT-007314,1678347.56,0.7448
MPLADS-007315,CNT-007315,853249.13,0.8835
MPLADS-007316,CNT-007316,1732567.73,0.9356
MPLADS-007317,CNT-007317,2863707.16,0.982
MPLADS-007318,CNT-007318,3661925.23,0.9322
MPLADS-007319,CNT-007319,2318304.38,0.8211
MPLADS-007320,CNT-007320,2021720.0,0.6943
MPLADS-007321,CNT-007321,744648.53,0.8645
MPLADS-007322,CNT-007322,1157128.21,0.7448
MPLADS-007323,CNT-007323,543039.31,0.6454
MPLADS-007324,CNT-007324,1885038.23,0.6034
MPLADS-007325,CNT-007325,762517.76,0.6906
MPLADS-007326,CNT-007326,2768152.2,1.2925
MPLADS-007327,CNT-007327,505113.84,0.7579
MPLADS-007328,CNT-007328,235779.57,1.337
MPLADS-007329,CNT-007329,2645195.07,0.9772
MPLADS-007330,CNT-007330,672751.31,0.8054
MPLADS-007331,CNT-007331,3223246.15,0.7271
MPLADS-007332,CNT-007332,840398.48,0.9125
MPLADS-007333,CNT-007333,3156164.9,0.8514
MPLADS-007334,CNT-007334,428189.27,0.6844
MPLADS-007335,CNT-007335,1089941.74,0.6537
MPLADS-007336,CNT-007336,858461.28,0.8605
MPLADS-007337,CNT-007337,2539567.7,1.3789
MPLADS-007338,CNT-007338,3666424.41,0.841
MPLADS-007339,CNT-007339,1328488.74,0.737
MPLADS-007340,CNT-007340,2892265.12,0.94
MPLADS-007341,CNT-007341,3228065.79,0.996
MPLADS-007342,CNT-007342,426700.74,0.9326
MPLADS-007343,CNT-007343,1568914.41,1.4117
MPLADS-007344,CNT-007344,430890.84,0.9291
MPLADS-007345,CNT-007345,479108.54,0.6752
MPLADS-007346,CNT-007346,3431641.04,0.6284
MPLADS-007347,CNT-007347,190189.75,1.281
MPLADS-007348,CNT-007348,1025730.42,0.6641
MPLADS-007349,CNT-007349,3104356.74,0.8638
MPLADS-007350,CNT-007350,539670.91,0.6315
MPLADS-007351,CNT-007351,756434.57,1.2793
MPLADS-007352,CNT-007352,2442413.01,0.7864
MPLADS-007353,CNT-007353,202453.1,0.9004
MPLADS-007354,CNT-007354,2536307.06,0.6808
MPLADS-007355,CNT-007355,1034004.72,0.7075
MPLADS-007356,CNT-007356,3921289.94,0.8219
MPLADS-007357,CNT-007357,1345518.77,0.6469
MPLADS-007358,CNT-007358,6350839.14,0.7275
MPLADS-007359,CNT-007359,1973505.4,0.8359
MPLADS-007360,CNT-007360,1689886.32,0.7646
MPLADS-007361,CNT-007361,838995.49,0.7251
MPLADS-007362,CNT-007362,2417998.67,0.8344
MPLADS-007363,CNT-007363,6521229.54,0.6814
MPLADS-007364,CNT-007364,207439.18,0.9307
MPLADS-007365,CNT-007365,441319.64,0.8917
MPLADS-007366,CNT-007366,1811723.51,0.763
MPLADS-007367,CNT-007367,671665.52,0.6018
MPLADS-007368,CNT-007368,9760251.07,0.691
MPLADS-007369,CNT-007369,761614.71,0.738
MPLADS-007370,CNT-007370,915943.85,0.8524
MPLADS-007371,CNT-007371,3057797.3,0.738
MPLADS-007372,CNT-007372,2810639.25,0.9661
MPLADS-007373,CNT-007373,464086.0,0.8233
MPLADS-007374,CNT-007374,2947567.51,0.865
MPLADS-007375,CNT-007375,391751.19,0.8112
MPLADS-007376,CNT-007376,861280.3,0.9007
MPLADS-007377,CNT-007377,3887641.77,0.8381
MPLADS-007378,CNT-007378,3503310.66,0.8489
MPLADS-007379,CNT-007379,478145.39,0.8037
MPLADS-007380,CNT-007380,836002.58,0.8485
MPLADS-007381,CNT-007381,1787759.4,0.8615
MPLADS-007382,CNT-007382,232598.44,0.718
MPLADS-007383,CNT-007383,9446682.21,0.9037
MPLADS-007384,CNT-007384,524991.13,0.9802
MPLADS-007385,CNT-007385,213563.29,0.7378
MPLADS-007386,CNT-007386,239413.61,1.4338
MPLADS-007387,CNT-007387,454112.4,0.6268
MPLADS-007388,CNT-007388,2200923.89,0.9052
MPLADS-007389,CNT-007389,1758797.11,0.6855
MPLADS-007390,CNT-007390,2028206.34,0.7918
MPLADS-007391,CNT-007391,2643596.85,0.8738
MPLADS-007392,CNT-007392,2579361.94,0.7416
MPLADS-007393,CNT-007393,1940534.06,0.6002
MPLADS-007394,CNT-007394,3312822.29,0.9731
MPLADS-007395,CNT-007395,2732660.41,0.629
MPLADS-007396,CNT-007396,495126.17,0.834
MPLADS-007397,CNT-007397,1881576.49,0.61
MPLADS-007398,CNT-007398,9957927.29,0.7153
MPLADS-007399,CNT-007399,2019147.78,0.8587
MPLADS-007400,CNT-007400,1376611.37,0.6184
MPLADS-007401,CNT-007401,468252.29,0.9128
MPLADS-007402,CNT-007402,236925.21,0.94
MPLADS-007403,CNT-007403,238727.66,0.7287
MPLADS-007404,CNT-007404,2837928.03,0.7705
MPLADS-007405,CNT-007405,220324.42,0.7502
MPLADS-007406,CNT-007406,213095.76,0.7346
MPLADS-007407,CNT-007407,753091.72,0.6116
MPLADS-007408,CNT-007408,7893328.18,0.8537
MPLADS-007409,CNT-007409,2549525.72,0.677
MPLADS-007410,CNT-007410,3102658.79,0.7526
MPLADS-007411,CNT-007411,1153285.15,0.94
MPLADS-007412,CNT-007412,3231064.93,0.738
MPLADS-007413,CNT-007413,574775.46,1.0
MPLADS-007414,CNT-007414,2738127.29,0.8551
MPLADS-007415,CNT-007415,235988.3,0.9801
MPLADS-007416,CNT-007416,3218770.32,0.8272
MPLADS-007417,CNT-007417,435506.16,0.6993
MPLADS-007418,CNT-007418,773544.77,0.7421
MPLADS-007419,CNT-007419,2510864.99,0.7596
MPLADS-007420,CNT-007420,205443.8,0.7284
MPLADS-007421,CNT-007421,1779016.72,0.8158
MPLADS-007422,CNT-007422,786502.83,1.4074
MPLADS-007423,CNT-007423,899493.83,0.645
MPLADS-007424,CNT-007424,2503722.74,0.6538
MPLADS-007425,CNT-007425,2181253.38,0.6642
MPLADS-007426,CNT-007426,516993.41,0.857
MPLADS-007427,CNT-007427,2688985.53,0.7032
MPLADS-007428,CNT-007428,2363437.25,0.9058
MPLADS-007429,CNT-007429,188641.95,0.7037
MPLADS-007430,CNT-007430,1868353.89,0.9846
MPLADS-007431,CNT-007431,239978.8,0.6093
MPLADS-007432,CNT-007432,191984.18,0.9906
MPLADS-007433,CNT-007433,558518.46,0.9295
MPLADS-007434,CNT-007434,3989018.13,0.9975
MPLADS-007435,CNT-007435,2596205.34,0.7948
MPLADS-007436,CNT-007436,452655.78,0.7951
MPLADS-007437,CNT-007437,419266.79,0.7941
MPLADS-007438,CNT-007438,463628.81,0.811
MPLADS-007439,CNT-007439,3577747.77,0.6007
MPLADS-007440,CNT-007440,413590.37,0.9836
MPLADS-007441,CNT-007441,3096487.46,0.6063
MPLADS-007442,CNT-007442,851557.56,0.687
MPLADS-007443,CNT-007443,2466738.6,0.9383
MPLADS-007444,CNT-007444,5841657.87,0.7688
MPLADS-007445,CNT-007445,2040186.5,0.9145
MPLADS-007446,CNT-007446,897951.97,0.7415
MPLADS-007447,CNT-007447,1368475.77,0.8519
MPLADS-007448,CNT-007448,2529346.11,0.6979
MPLADS-007449,CNT-007449,237242.54,0.6087
MPLADS-007450,CNT-007450,1207546.5,0.7457
MPLADS-007451,CNT-007451,2257393.68,0.7707
MPLADS-007452,CNT-007452,1369963.47,0.7523
MPLADS-007453,CNT-007453,788220.61,0.9586
MPLADS-007454,CNT-007454,9524836.47,0.6528
MPLADS-007455,CNT-007455,194039.45,0.7425
MPLADS-007456,CNT-007456,494207.19,0.6738
MPLADS-007457,CNT-007457,735658.3,0.7294
MPLADS-007458,CNT-007458,242647.73,0.94
MPLADS-007459,CNT-007459,857695.48,0.7613
MPLADS-007460,CNT-007460,863435.41,0.8234
MPLADS-007461,CNT-007461,8821967.66,0.7164
MPLADS-007462,CNT-007462,441666.37,0.9342
MPLADS-007463,CNT-007463,237353.62,0.938
MPLADS-007464,CNT-007464,388037.22,0.8995
MPLADS-007465,CNT-007465,1235477.85,0.7825
MPLADS-007466,CNT-007466,1715476.2,0.7979
MPLADS-007467,CNT-007467,430616.1,0.8797
MPLADS-007468,CNT-007468,3539823.57,0.9488
MPLADS-007469,CNT-007469,192469.0,0.7691
MPLADS-007470,CNT-007470,860806.47,0.6648
MPLADS-007471,CNT-007471,3311692.91,0.9126
MPLADS-007472,CNT-007472,942040.02,0.714
MPLADS-007473,CNT-007473,851285.12,0.9059
MPLADS-007474,CNT-007474,3458221.79,0.9156
MPLADS-007475,CNT-007475,901284.89,0.7274
MPLADS-007476,CNT-007476,190629.26,0.9358
MPLADS-007477,CNT-007477,234603.22,0.8552
MPLADS-007478,CNT-007478,494141.85,0.7138
MPLADS-007479,CNT-007479,3991950.52,0.6619
MPLADS-007480,CNT-007480,936681.52,0.7126
MPLADS-007481,CNT-007481,462545.3,0.6008
MPLADS-007482,CNT-007482,1927333.31,0.7745
MPLADS-007483,CNT-007483,1018707.28,0.6996
MPLADS-007484,CNT-007484,613189.72,0.9878
MPLADS-007485,CNT-007485,3825318.33,0.7137
MPLADS-007486,CNT-007486,446542.34,0.9866
MPLADS-007487,CNT-007487,9325080.89,0.7089
MPLADS-007488,CNT-007488,3169246.62,0.9107
MPLADS-007489,CNT-007489,1462658.0,0.6505
MPLADS-007490,CNT-007490,448729.01,1.3478
MPLADS-007491,CNT-007491,1049877.94,0.7935
MPLADS-007492,CNT-007492,2845421.17,0.8422
MPLADS-007493,CNT-007493,216917.81,0.9288
MPLADS-007494,CNT-007494,3523738.14,0.6247
MPLADS-007495,CNT-007495,3687958.05,0.779
MPLADS-007496,CNT-007496,524663.71,0.7881
MPLADS-007497,CNT-007497,2321408.77,0.9565
MPLADS-007498,CNT-007498,822892.69,0.6007
MPLADS-007499,CNT-007499,750059.78,0.6823
MPLADS-007500,CNT-007500,3219683.31,0.6613
MPLADS-007501,CNT-007501,1715936.08,0.8347
MPLADS-007502,CNT-007502,1824883.33,0.8191
MPLADS-007503,CNT-007503,570994.59,0.8506
MPLADS-007504,CNT-007504,389886.41,1.313
MPLADS-007505,CNT-007505,447543.39,0.77
MPLADS-007506,CNT-007506,2431443.96,0.7206
MPLADS-007507,CNT-007507,2654966.8,0.9216
MPLADS-007508,CNT-007508,3389767.47,0.94
MPLADS-007509,CNT-007509,2668152.93,0.7393
MPLADS-007510,CNT-007510,786043.18,0.9817
MPLADS-007511,CNT-007511,2255652.43,0.94
MPLADS-007512,CNT-007512,799773.21,1.0
MPLADS-007513,CNT-007513,861214.08,0.94
MPLADS-007514,CNT-007514,1372462.88,0.9181
MPLADS-007515,CNT-007515,231670.03,0.7754
MPLADS-007516,CNT-007516,4615200.66,0.781
MPLADS-007517,CNT-007517,2209155.16,0.9794
MPLADS-007518,CNT-007518,576398.8,0.7377
MPLADS-007519,CNT-007519,514858.09,0.9786
MPLADS-007520,CNT-007520,1848526.59,0.94
MPLADS-007521,CNT-007521,543099.29,0.7275
MPLADS-007522,CNT-007522,462121.89,0.7856
MPLADS-007523,CNT-007523,243551.15,0.6081
MPLADS-007524,CNT-007524,1035175.48,0.9478
MPLADS-007525,CNT-007525,2963770.79,0.6783
MPLADS-007526,CNT-007526,2825904.36,0.7433
MPLADS-007527,CNT-007527,828360.72,0.94
MPLADS-007528,CNT-007528,1698362.26,0.9316
MPLADS-007529,CNT-007529,740988.6,1.3945
MPLADS-007530,CNT-007530,2481856.8,0.6563
MPLADS-007531,CNT-007531,3186780.56,0.9754
MPLADS-007532,CNT-007532,1103222.86,0.7024
MPLADS-007533,CNT-007533,859525.39,0.7037
MPLADS-007534,CNT-007534,242987.34,0.6472
MPLADS-007535,CNT-007535,8407905.32,0.886
MPLADS-007536,CNT-007536,213541.83,0.7993
MPLADS-007537,CNT-007537,3013145.23,0.8915
MPLADS-007538,CNT-007538,2766646.91,0.8347
MPLADS-007539,CNT-007539,791218.14,0.833
MPLADS-007540,CNT-007540,3562349.49,0.7644
MPLADS-007541,CNT-007541,3286574.04,0.926
MPLADS-007542,CNT-007542,787837.81,0.9577
MPLADS-007543,CNT-007543,450926.97,1.0
MPLADS-007544,CNT-007544,193155.37,0.7912
MPLADS-007545,CNT-007545,948128.18,0.9044
MPLADS-007546,CNT-007546,249852.6,0.7249
MPLADS-007547,CNT-007547,3481251.77,0.6029
MPLADS-007548,CNT-007548,3898907.76,0.6484
MPLADS-007549,CNT-007549,3394746.6,0.9178
MPLADS-007550,CNT-007550,1228503.53,0.9683
MPLADS-007551,CNT-007551,1008903.39,0.8334
MPLADS-007552,CNT-007552,206346.08,0.8731
MPLADS-007553,CNT-007553,242697.04,0.798
MPLADS-007554,CNT-007554,563629.05,0.64
MPLADS-007555,CNT-007555,760847.34,0.7641
MPLADS-007556,CNT-007556,12557760.91,0.7835
MPLADS-007557,CNT-007557,205141.66,0.7
MPLADS-007558,CNT-007558,3005902.06,0.6382
MPLADS-007559,CNT-007559,2666400.56,0.6532
MPLADS-007560,CNT-007560,1239953.49,0.8847
MPLADS-007561,CNT-007561,467999.11,0.8907
MPLADS-007562,CNT-007562,821287.53,0.8897
MPLADS-007563,CNT-007563,3512409.14,0.7569
MPLADS-007564,CNT-007564,3215640.63,0.9965
MPLADS-007565,CNT-007565,713977.18,0.7984
MPLADS-007566,CNT-007566,3140973.66,0.6028
MPLADS-007567,CNT-007567,845694.76,0.6341
MPLADS-007568,CNT-007568,940254.19,0.6933
MPLADS-007569,CNT-007569,2912854.93,0.8346
MPLADS-007570,CNT-007570,3163519.31,0.7495
MPLADS-007571,CNT-007571,2926943.89,0.94
MPLADS-007572,CNT-007572,454593.52,0.718
MPLADS-007573,CNT-007573,1022373.3,0.8508
MPLADS-007574,CNT-007574,1294515.32,0.9061
MPLADS-007575,CNT-007575,2721800.05,0.7406
MPLADS-007576,CNT-007576,203164.86,0.6367
MPLADS-007577,CNT-007577,1484464.75,0.9669
MPLADS-007578,CNT-007578,2756441.51,0.8558
MPLADS-007579,CNT-007579,1767024.76,0.8056
MPLADS-007580,CNT-007580,857995.85,0.6597
MPLADS-007581,CNT-007581,510843.9,0.7818
MPLADS-007582,CNT-007582,3913830.51,0.6677
MPLADS-007583,CNT-007583,1224938.98,0.7874
MPLADS-007584,CNT-007584,3057338.01,0.8651
MPLADS-007585,CNT-007585,2059129.7,0.63
MPLADS-007586,CNT-007586,1861143.86,0.9275
MPLADS-007587,CNT-007587,223250.3,0.6156
MPLADS-007588,CNT-007588,1242884.92,0.6391
MPLADS-007589,CNT-007589,193079.67,0.7706
MPLADS-007590,CNT-007590,2743808.72,0.7862
MPLADS-007591,CNT-007591,3059864.63,1.4122
MPLADS-007592,CNT-007592,464234.17,1.0
MPLADS-007593,CNT-007593,1698904.99,0.7404
MPLADS-007594,CNT-007594,2170151.02,0.7721
MPLADS-007595,CNT-007595,493474.39,0.9575
MPLADS-007596,CNT-007596,836361.19,0.8576
MPLADS-007597,CNT-007597,839105.22,0.6387
MPLADS-007598,CNT-007598,1335271.25,0.7752
MPLADS-007599,CNT-007599,556880.12,0.748
MPLADS-007600,CNT-007600,3678077.46,0.6699
MPLADS-007601,CNT-007601,473426.71,0.9726
MPLADS-007602,CNT-007602,3060089.44,0.7161
MPLADS-007603,CNT-007603,395132.28,0.6138
MPLADS-007604,CNT-007604,476421.37,0.9486
MPLADS-007605,CNT-007605,452102.4,0.6788
MPLADS-007606,CNT-007606,462207.59,0.7067
MPLADS-007607,CNT-007607,1793804.76,0.9711
MPLADS-007608,CNT-007608,478970.64,0.9024
MPLADS-007609,CNT-007609,2128305.33,0.6025
MPLADS-007610,CNT-007610,1838969.45,0.6837
MPLADS-007611,CNT-007611,433822.88,0.7596
MPLADS-007612,CNT-007612,393768.81,0.7591
MPLADS-007613,CNT-007613,187516.72,0.6913
MPLADS-007614,CNT-007614,1198566.1,0.7623
MPLADS-007615,CNT-007615,4822781.14,0.7623
MPLADS-007616,CNT-007616,834620.79,0.8441
MPLADS-007617,CNT-007617,214153.75,0.94
MPLADS-007618,CNT-007618,3950262.9,0.897
MPLADS-007619,CNT-007619,2517572.74,0.94
MPLADS-007620,CNT-007620,446826.07,0.9396
MPLADS-007621,CNT-007621,3300806.32,0.94
MPLADS-007622,CNT-007622,398231.78,0.9278
MPLADS-007623,CNT-007623,7643988.54,0.8134
MPLADS-007624,CNT-007624,528993.93,0.6892
MPLADS-007625,CNT-007625,11919912.18,0.674
MPLADS-007626,CNT-007626,1657477.2,0.7717
MPLADS-007627,CNT-007627,951505.83,1.3374
MPLADS-007628,CNT-007628,2558389.0,0.8975
MPLADS-007629,CNT-007629,2243418.85,0.6081
MPLADS-007630,CNT-007630,3027215.79,0.8006
MPLADS-007631,CNT-007631,467205.52,1.4324
MPLADS-007632,CNT-007632,212892.38,1.3543
MPLADS-007633,CNT-007633,1001141.23,0.6099
MPLADS-007634,CNT-007634,245767.71,0.7
MPLADS-007635,CNT-007635,2355926.74,0.9274
MPLADS-007636,CNT-007636,1637262.98,0.9424
MPLADS-007637,CNT-007637,3110069.77,0.9029
MPLADS-007638,CNT-007638,534016.19,0.9437
MPLADS-007639,CNT-007639,12697483.03,0.6963
MPLADS-007640,CNT-007640,2443714.6,0.6673
MPLADS-007641,CNT-007641,1194457.31,0.8544
MPLADS-007642,CNT-007642,2422905.92,0.6649
MPLADS-007643,CNT-007643,721011.49,0.9745
MPLADS-007644,CNT-007644,2314140.26,0.628
MPLADS-007645,CNT-007645,2045445.78,0.631
MPLADS-007646,CNT-007646,250824.43,0.9696
MPLADS-007647,CNT-007647,715390.07,0.8895
MPLADS-007648,CNT-007648,927080.4,0.6662
MPLADS-007649,CNT-007649,226143.5,0.8023
MPLADS-007650,CNT-007650,1744143.69,0.9819
MPLADS-007651,CNT-007651,536378.79,1.2257
MPLADS-007652,CNT-007652,1282260.53,0.6241
MPLADS-007653,CNT-007653,852166.09,0.7667
MPLADS-007654,CNT-007654,7184374.38,0.9443
MPLADS-007655,CNT-007655,3368679.71,0.7671
MPLADS-007656,CNT-007656,685951.47,0.6965
MPLADS-007657,CNT-007657,196526.16,0.846
MPLADS-007658,CNT-007658,230152.79,0.6787
MPLADS-007659,CNT-007659,2146595.49,0.662
MPLADS-007660,CNT-007660,1250561.82,0.8055
MPLADS-007661,CNT-007661,653990.66,1.2913
MPLADS-007662,CNT-007662,189387.35,0.7024
MPLADS-007663,CNT-007663,2806534.38,0.7128
MPLADS-007664,CNT-007664,885910.37,0.732
MPLADS-007665,CNT-007665,3649751.53,0.667
MPLADS-007666,CNT-007666,2847574.83,0.6694
MPLADS-007667,CNT-007667,862873.03,0.6714
MPLADS-007668,CNT-007668,2128350.95,0.6017
MPLADS-007669,CNT-007669,3568225.75,0.6693
MPLADS-007670,CNT-007670,1232795.11,0.663
MPLADS-007671,CNT-007671,1726800.1,0.7423
MPLADS-007672,CNT-007672,722507.63,0.7057
MPLADS-007673,CNT-007673,1983652.76,0.9092
MPLADS-007674,CNT-007674,1346126.52,0.7768
MPLADS-007675,CNT-007675,9511122.65,0.8247
MPLADS-007676,CNT-007676,10877116.14,0.7033
MPLADS-007677,CNT-007677,2834834.41,0.8085
MPLADS-007678,CNT-007678,215157.43,0.7942
MPLADS-007679,CNT-007679,859174.25,0.8121
MPLADS-007680,CNT-007680,1090365.33,0.8954
MPLADS-007681,CNT-007681,3169500.18,0.6064
MPLADS-007682,CNT-007682,1811351.16,0.6956
MPLADS-007683,CNT-007683,2586934.85,0.9596
MPLADS-007684,CNT-007684,2821815.5,0.804
MPLADS-007685,CNT-007685,2201052.72,0.94
MPLADS-007686,CNT-007686,2761923.41,0.8339
MPLADS-007687,CNT-007687,211204.64,0.6273
MPLADS-007688,CNT-007688,830867.38,1.2785
MPLADS-007689,CNT-007689,836484.86,0.7711
MPLADS-007690,CNT-007690,540303.18,0.8438
MPLADS-007691,CNT-007691,722192.81,0.7721
MPLADS-007692,CNT-007692,1803374.76,0.9041
MPLADS-007693,CNT-007693,3595543.66,0.7975
MPLADS-007694,CNT-007694,2896201.74,0.9281
MPLADS-007695,CNT-007695,3547137.28,0.8704
MPLADS-007696,CNT-007696,438406.19,0.8085
MPLADS-007697,CNT-007697,2828287.75,0.8577
MPLADS-007698,CNT-007698,1729394.57,0.8292
MPLADS-007699,CNT-007699,3132617.29,0.8864
MPLADS-007700,CNT-007700,521800.68,0.9306
MPLADS-007701,CNT-007701,786303.28,0.9229
MPLADS-007702,CNT-007702,1265191.79,0.7205
MPLADS-007703,CNT-007703,1776436.94,0.7932
MPLADS-007704,CNT-007704,3023558.95,0.8228
MPLADS-007705,CNT-007705,1246833.36,0.8191
MPLADS-007706,CNT-007706,233994.47,0.8354
MPLADS-007707,CNT-007707,680552.8,0.7849
MPLADS-007708,CNT-007708,1977423.8,0.8147
MPLADS-007709,CNT-007709,3220506.64,1.3229
MPLADS-007710,CNT-007710,2320256.3,0.94
MPLADS-007711,CNT-007711,1343513.63,0.9186
MPLADS-007712,CNT-007712,1301082.95,0.9909
MPLADS-007713,CNT-007713,2180239.78,0.7691
MPLADS-007714,CNT-007714,845491.36,0.8842
MPLADS-007715,CNT-007715,832323.25,0.8271
MPLADS-007716,CNT-007716,2451011.06,0.6459
MPLADS-007717,CNT-007717,8208288.91,0.8246
MPLADS-007718,CNT-007718,518316.94,1.0
MPLADS-007719,CNT-007719,243766.46,0.782
MPLADS-007720,CNT-007720,506422.43,0.8395
MPLADS-007721,CNT-007721,2736115.07,0.9469
MPLADS-007722,CNT-007722,458804.64,0.94
MPLADS-007723,CNT-007723,1733501.57,0.9355
MPLADS-007724,CNT-007724,3091236.35,0.9634
MPLADS-007725,CNT-007725,9526100.53,0.7956
MPLADS-007726,CNT-007726,3555371.64,0.8833
MPLADS-007727,CNT-007727,655342.44,0.8978
MPLADS-007728,CNT-007728,1744085.6,0.6747
MPLADS-007729,CNT-007729,485962.2,0.6363
MPLADS-007730,CNT-007730,2697595.3,0.7321
MPLADS-007731,CNT-007731,2429807.76,0.9829
MPLADS-007732,CNT-007732,2686320.09,0.9577
MPLADS-007733,CNT-007733,3744466.47,0.9701
MPLADS-007734,CNT-007734,1901831.79,0.8841
MPLADS-007735,CNT-007735,207719.15,0.8481
MPLADS-007736,CNT-007736,13445773.59,0.8064
MPLADS-007737,CNT-007737,1643603.57,0.7704
MPLADS-007738,CNT-007738,483780.55,0.8301
MPLADS-007739,CNT-007739,1838799.58,0.9578
MPLADS-007740,CNT-007740,531240.33,0.8712
MPLADS-007741,CNT-007741,470510.04,0.9073
MPLADS-007742,CNT-007742,495389.82,0.8594
MPLADS-007743,CNT-007743,1857735.2,0.8212
MPLADS-007744,CNT-007744,3070232.46,0.6172
MPLADS-007745,CNT-007745,2046456.31,0.9669
MPLADS-007746,CNT-007746,209479.91,1.278
MPLADS-007747,CNT-007747,545362.98,0.8651
MPLADS-007748,CNT-007748,3245173.51,0.8983
MPLADS-007749,CNT-007749,571257.58,0.8283
MPLADS-007750,CNT-007750,7176234.99,0.6068
MPLADS-007751,CNT-007751,515518.33,0.808
MPLADS-007752,CNT-007752,421023.5,0.805
MPLADS-007753,CNT-007753,808344.49,0.851
MPLADS-007754,CNT-007754,2854108.8,0.7735
MPLADS-007755,CNT-007755,807830.13,0.9911
MPLADS-007756,CNT-007756,548263.3,0.9196
MPLADS-007757,CNT-007757,3574161.62,0.7078
MPLADS-007758,CNT-007758,3122087.9,0.7339
MPLADS-007759,CNT-007759,556699.28,0.8013
MPLADS-007760,CNT-007760,1205702.54,0.9949
MPLADS-007761,CNT-007761,456784.46,0.9182
MPLADS-007762,CNT-007762,805042.81,0.7443
MPLADS-007763,CNT-007763,848924.11,0.9829
MPLADS-007764,CNT-007764,2636955.22,0.9908
MPLADS-007765,CNT-007765,241564.56,0.6705
MPLADS-007766,CNT-007766,3115358.74,0.8824
MPLADS-007767,CNT-007767,251439.32,0.7607
MPLADS-007768,CNT-007768,244432.67,0.94
MPLADS-007769,CNT-007769,225906.76,0.7847
MPLADS-007770,CNT-007770,2488550.0,0.6523
MPLADS-007771,CNT-007771,801857.75,0.7055
MPLADS-007772,CNT-007772,432975.29,0.8124
MPLADS-007773,CNT-007773,247743.63,0.9552
MPLADS-007774,CNT-007774,1180480.28,1.238
MPLADS-007775,CNT-007775,5715221.58,0.6406
MPLADS-007776,CNT-007776,2768861.17,0.9067
MPLADS-007777,CNT-007777,1650625.09,0.9231
MPLADS-007778,CNT-007778,8773016.08,0.6719
MPLADS-007779,CNT-007779,3022345.0,0.6704
MPLADS-007780,CNT-007780,1635047.67,0.9263
MPLADS-007781,CNT-007781,6648059.66,0.914
MPLADS-007782,CNT-007782,234115.41,0.7251
MPLADS-007783,CNT-007783,653752.42,0.8192
MPLADS-007784,CNT-007784,9386754.79,0.6897
MPLADS-007785,CNT-007785,3746515.02,0.8718
MPLADS-007786,CNT-007786,4021197.72,0.6335
MPLADS-007787,CNT-007787,4749276.63,0.8177
MPLADS-007788,CNT-007788,1290251.46,0.6897
MPLADS-007789,CNT-007789,2358231.62,0.8669
MPLADS-007790,CNT-007790,3529487.73,0.7823
MPLADS-007791,CNT-007791,2714903.03,0.6758
MPLADS-007792,CNT-007792,1057917.38,0.6695
MPLADS-007793,CNT-007793,507555.08,0.7845
MPLADS-007794,CNT-007794,462144.17,0.8087
MPLADS-007795,CNT-007795,3762740.38,0.94
MPLADS-007796,CNT-007796,1336420.5,0.6274
MPLADS-007797,CNT-007797,229942.75,1.444
MPLADS-007798,CNT-007798,3210331.73,0.6577
MPLADS-007799,CNT-007799,2754912.53,0.9965
MPLADS-007800,CNT-007800,518204.05,0.9252
MPLADS-007801,CNT-007801,915761.59,0.7605
MPLADS-007802,CNT-007802,222698.02,0.6336
MPLADS-007803,CNT-007803,210376.99,0.7238
MPLADS-007804,CNT-007804,693017.76,1.3663
MPLADS-007805,CNT-007805,460102.91,0.8637
MPLADS-007806,CNT-007806,1362307.35,0.7879
MPLADS-007807,CNT-007807,3227984.79,0.6087
MPLADS-007808,CNT-007808,761484.44,0.8867
MPLADS-007809,CNT-007809,1234669.49,0.7194
MPLADS-007810,CNT-007810,3159687.94,0.6851
MPLADS-007811,CNT-007811,204686.62,0.6066
MPLADS-007812,CNT-007812,2182272.81,0.7934
MPLADS-007813,CNT-007813,6832733.87,0.7661
MPLADS-007814,CNT-007814,1376109.54,0.8971
MPLADS-007815,CNT-007815,2546108.36,0.6329
MPLADS-007816,CNT-007816,827617.95,0.7581
MPLADS-007817,CNT-007817,3523412.74,0.6896
MPLADS-007818,CNT-007818,1112561.01,0.745
MPLADS-007819,CNT-007819,3356309.56,0.8784
MPLADS-007820,CNT-007820,506630.88,0.8013
MPLADS-007821,CNT-007821,2751252.57,0.6933
MPLADS-007822,CNT-007822,3071257.58,0.8978
MPLADS-007823,CNT-007823,3233656.86,0.7354
MPLADS-007824,CNT-007824,2452248.32,0.8342
MPLADS-007825,CNT-007825,2758083.1,0.9477
MPLADS-007826,CNT-007826,2999349.53,0.756
MPLADS-007827,CNT-007827,3163207.45,0.9536
MPLADS-007828,CNT-007828,2138053.48,0.6403
MPLADS-007829,CNT-007829,3218829.8,0.94
MPLADS-007830,CNT-007830,2008466.2,0.9018
MPLADS-007831,CNT-007831,1957586.32,0.9885
MPLADS-007832,CNT-007832,972714.82,0.866
MPLADS-007833,CNT-007833,2734730.65,0.7972
MPLADS-007834,CNT-007834,1021547.52,0.7476
MPLADS-007835,CNT-007835,3078667.41,0.8437
MPLADS-007836,CNT-007836,845017.89,0.7913
MPLADS-007837,CNT-007837,11502070.35,0.9699
MPLADS-007838,CNT-007838,491209.57,0.6901
MPLADS-007839,CNT-007839,235489.03,0.94
MPLADS-007840,CNT-007840,1964713.4,0.6107
MPLADS-007841,CNT-007841,1318376.6,0.9045
MPLADS-007842,CNT-007842,414644.2,0.9523
MPLADS-007843,CNT-007843,518063.5,0.7475
MPLADS-007844,CNT-007844,3553700.46,0.6088
MPLADS-007845,CNT-007845,238998.71,0.6014
MPLADS-007846,CNT-007846,453328.87,0.8495
MPLADS-007847,CNT-007847,214923.32,0.7914
MPLADS-007848,CNT-007848,2646814.65,0.8093
MPLADS-007849,CNT-007849,804083.22,0.7279
MPLADS-007850,CNT-007850,442720.42,0.8937
MPLADS-007851,CNT-007851,1021215.24,0.9324
MPLADS-007852,CNT-007852,2651900.81,0.7192
MPLADS-007853,CNT-007853,928914.15,0.7251
MPLADS-007854,CNT-007854,188608.06,0.9332
MPLADS-007855,CNT-007855,3281378.84,0.8558
MPLADS-007856,CNT-007856,2616204.43,0.6225
MPLADS-007857,CNT-007857,7510885.27,0.8449
MPLADS-007858,CNT-007858,2591325.05,0.7336
MPLADS-007859,CNT-007859,1560216.25,0.8148
MPLADS-007860,CNT-007860,440436.7,0.7408
MPLADS-007861,CNT-007861,243423.73,0.8473
MPLADS-007862,CNT-007862,516051.6,0.6696
MPLADS-007863,CNT-007863,2986950.96,0.6625
MPLADS-007864,CNT-007864,1289654.02,0.7113
MPLADS-007865,CNT-007865,225556.53,0.9178
MPLADS-007866,CNT-007866,1291755.44,0.6026
MPLADS-007867,CNT-007867,567617.0,0.6386
MPLADS-007868,CNT-007868,3138320.32,0.6884
MPLADS-007869,CNT-007869,926479.87,1.2368
MPLADS-007870,CNT-007870,813735.94,0.6358
MPLADS-007871,CNT-007871,821097.36,0.8934
MPLADS-007872,CNT-007872,760027.67,0.9102
MPLADS-007873,CNT-007873,233940.31,1.2202
MPLADS-007874,CNT-007874,2806727.93,0.7474
MPLADS-007875,CNT-007875,395742.22,0.8591
MPLADS-007876,CNT-007876,1841674.23,1.438
MPLADS-007877,CNT-007877,10104128.02,0.7363
MPLADS-007878,CNT-007878,2457883.82,0.9561
MPLADS-007879,CNT-007879,2278247.01,0.8643
MPLADS-007880,CNT-007880,467595.81,1.0
MPLADS-007881,CNT-007881,1002898.1,0.7183
MPLADS-007882,CNT-007882,791480.09,1.2875
MPLADS-007883,CNT-007883,2214438.12,0.9494
MPLADS-007884,CNT-007884,854072.76,0.93
MPLADS-007885,CNT-007885,3874613.76,0.9728
MPLADS-007886,CNT-007886,8812089.03,0.7617
MPLADS-007887,CNT-007887,3066425.56,0.8181
MPLADS-007888,CNT-007888,2272137.79,0.9407
MPLADS-007889,CNT-007889,3743500.72,0.9806
MPLADS-007890,CNT-007890,612334.55,0.6848
MPLADS-007891,CNT-007891,1015082.83,0.8274
MPLADS-007892,CNT-007892,502597.94,0.985
MPLADS-007893,CNT-007893,208999.44,1.2385
MPLADS-007894,CNT-007894,953371.67,0.625
MPLADS-007895,CNT-007895,470319.91,0.774
MPLADS-007896,CNT-007896,1427676.45,0.7269
MPLADS-007897,CNT-007897,499488.25,0.9172
MPLADS-007898,CNT-007898,1626951.37,0.94
MPLADS-007899,CNT-007899,3880460.92,0.8064
MPLADS-007900,CNT-007900,2045553.25,0.7649
MPLADS-007901,CNT-007901,4105759.46,0.6159
MPLADS-007902,CNT-007902,2510446.23,0.7668
MPLADS-007903,CNT-007903,1042635.81,0.9212
MPLADS-007904,CNT-007904,779891.03,0.6082
MPLADS-007905,CNT-007905,477530.18,0.9159
MPLADS-007906,CNT-007906,1326080.03,1.3349
MPLADS-007907,CNT-007907,2443348.5,1.0
MPLADS-007908,CNT-007908,1585897.93,0.9537
MPLADS-007909,CNT-007909,775398.36,0.9896
MPLADS-007910,CNT-007910,6684201.63,0.693
MPLADS-007911,CNT-007911,4740070.7,0.8209
MPLADS-007912,CNT-007912,771429.29,0.961
MPLADS-007913,CNT-007913,3135644.23,0.6727
MPLADS-007914,CNT-007914,3165334.75,0.7676
MPLADS-007915,CNT-007915,3961755.91,0.9413
MPLADS-007916,CNT-007916,484979.68,1.0
MPLADS-007917,CNT-007917,9424928.57,0.9551
MPLADS-007918,CNT-007918,2758449.35,0.9453
MPLADS-007919,CNT-007919,2643566.03,0.8025
MPLADS-007920,CNT-007920,3914520.49,0.9847
MPLADS-007921,CNT-007921,221025.7,0.8337
MPLADS-007922,CNT-007922,2899140.5,0.94
MPLADS-007923,CNT-007923,833487.05,0.6116
MPLADS-007924,CNT-007924,3687111.66,0.6477
MPLADS-007925,CNT-007925,1003898.59,0.6019
MPLADS-007926,CNT-007926,4000591.29,0.8058
MPLADS-007927,CNT-007927,706443.03,0.7803
MPLADS-007928,CNT-007928,1666530.15,0.9569
MPLADS-007929,CNT-007929,2567900.73,0.8879
MPLADS-007930,CNT-007930,1334806.74,0.6341
MPLADS-007931,CNT-007931,201225.72,0.6535
MPLADS-007932,CNT-007932,2350928.4,0.8831
MPLADS-007933,CNT-007933,418708.13,0.7725
MPLADS-007934,CNT-007934,515879.57,0.94
MPLADS-007935,CNT-007935,3412645.48,0.9493
MPLADS-007936,CNT-007936,1905052.16,0.6276
MPLADS-007937,CNT-007937,1772116.95,0.8589
MPLADS-007938,CNT-007938,1985089.97,0.9991
MPLADS-007939,CNT-007939,1743300.49,0.7793
MPLADS-007940,CNT-007940,3679835.33,0.8723
MPLADS-007941,CNT-007941,496924.16,0.8358
MPLADS-007942,CNT-007942,4066476.67,0.9346
MPLADS-007943,CNT-007943,1840335.96,0.8494
MPLADS-007944,CNT-007944,3723672.95,0.9067
MPLADS-007945,CNT-007945,3376393.24,0.7285
MPLADS-007946,CNT-007946,428824.91,0.7281
MPLADS-007947,CNT-007947,2244212.12,0.7589
MPLADS-007948,CNT-007948,2452138.61,0.637
MPLADS-007949,CNT-007949,405380.6,0.6834
MPLADS-007950,CNT-007950,487923.23,0.6891
MPLADS-007951,CNT-007951,1591711.77,0.7022
MPLADS-007952,CNT-007952,2875852.18,0.7464
MPLADS-007953,CNT-007953,1294411.93,0.7419
MPLADS-007954,CNT-007954,7430364.31,0.7674
MPLADS-007955,CNT-007955,1204728.58,0.8875
MPLADS-007956,CNT-007956,1865108.78,0.9622
MPLADS-007957,CNT-007957,2833375.49,0.7479
MPLADS-007958,CNT-007958,2746360.85,0.94
MPLADS-007959,CNT-007959,414165.73,0.9995
MPLADS-007960,CNT-007960,1035291.29,0.7949
MPLADS-007961,CNT-007961,468994.97,0.9181
MPLADS-007962,CNT-007962,2659446.05,0.6956
MPLADS-007963,CNT-007963,419334.19,0.8361
MPLADS-007964,CNT-007964,830803.32,0.8095
MPLADS-007965,CNT-007965,2540453.89,0.6659
MPLADS-007966,CNT-007966,2676024.59,0.8809
MPLADS-007967,CNT-007967,811216.16,0.751
MPLADS-007968,CNT-007968,6568846.3,0.8416
MPLADS-007969,CNT-007969,3796987.8,0.8425
MPLADS-007970,CNT-007970,9394181.66,0.9496
MPLADS-007971,CNT-007971,2479591.16,0.6514
MPLADS-007972,CNT-007972,191669.27,0.8463
MPLADS-007973,CNT-007973,223755.44,0.6676
MPLADS-007974,CNT-007974,2552288.97,0.898
MPLADS-007975,CNT-007975,3156569.28,0.7211
MPLADS-007976,CNT-007976,3228597.9,0.9412
MPLADS-007977,CNT-007977,982748.02,0.9509
MPLADS-007978,CNT-007978,487958.33,0.7751
MPLADS-007979,CNT-007979,842874.02,0.8775
MPLADS-007980,CNT-007980,3111855.44,0.7314
MPLADS-007981,CNT-007981,2964724.44,0.8576
MPLADS-007982,CNT-007982,2867011.04,0.7372
MPLADS-007983,CNT-007983,2846259.29,0.6795
MPLADS-007984,CNT-007984,769641.23,0.8972
MPLADS-007985,CNT-007985,3062614.7,0.9309
MPLADS-007986,CNT-007986,509693.48,0.7574
MPLADS-007987,CNT-007987,232178.68,0.6893
MPLADS-007988,CNT-007988,2578403.19,0.6161
MPLADS-007989,CNT-007989,1614619.59,1.3881
MPLADS-007990,CNT-007990,3627712.41,0.8055
MPLADS-007991,CNT-007991,202754.12,0.9495
MPLADS-007992,CNT-007992,3944994.84,0.9299
MPLADS-007993,CNT-007993,733982.03,1.3035
MPLADS-007994,CNT-007994,991441.87,0.6767
MPLADS-007995,CNT-007995,545816.26,0.9253
MPLADS-007996,CNT-007996,455611.28,0.773
MPLADS-007997,CNT-007997,860841.76,0.9564
MPLADS-007998,CNT-007998,1936092.11,0.94
MPLADS-007999,CNT-007999,217491.77,0.8197
MPLADS-008000,CNT-008000,190471.0,0.913
MPLADS-008001,CNT-008001,871176.2,1.0
MPLADS-008002,CNT-008002,403748.38,0.6118
MPLADS-008003,CNT-008003,504150.98,0.7292
MPLADS-008004,CNT-008004,1774866.08,0.9204
MPLADS-008005,CNT-008005,1077898.81,0.8148
MPLADS-008006,CNT-008006,771486.49,0.8631
MPLADS-008007,CNT-008007,721657.84,1.0
MPLADS-008008,CNT-008008,2708834.72,0.7895
MPLADS-008009,CNT-008009,2172550.22,0.8971
MPLADS-008010,CNT-008010,2798195.49,0.8292
MPLADS-008011,CNT-008011,1576502.65,0.8968
MPLADS-008012,CNT-008012,805290.92,0.9123
MPLADS-008013,CNT-008013,442516.86,0.8879
MPLADS-008014,CNT-008014,427070.21,0.9106
MPLADS-008015,CNT-008015,7744440.62,0.9079
MPLADS-008016,CNT-008016,772440.79,0.842
MPLADS-008017,CNT-008017,1734560.76,0.8315
MPLADS-008018,CNT-008018,821595.71,0.9834
MPLADS-008019,CNT-008019,810277.66,0.7999
MPLADS-008020,CNT-008020,223687.67,0.6084
MPLADS-008021,CNT-008021,2041108.64,0.7315
MPLADS-008022,CNT-008022,460930.12,0.989
MPLADS-008023,CNT-008023,247877.54,0.7
MPLADS-008024,CNT-008024,964057.27,0.921
MPLADS-008025,CNT-008025,813050.52,0.6319
MPLADS-008026,CNT-008026,539557.88,1.3694
MPLADS-008027,CNT-008027,2953879.9,0.7842
MPLADS-008028,CNT-008028,3094863.63,0.6122
MPLADS-008029,CNT-008029,5833876.87,0.7556
MPLADS-008030,CNT-008030,835722.66,0.8032
MPLADS-008031,CNT-008031,3104174.24,0.7087
MPLADS-008032,CNT-008032,2067836.43,0.6066
MPLADS-008033,CNT-008033,2263913.32,0.9417
MPLADS-008034,CNT-008034,217538.24,0.94
MPLADS-008035,CNT-008035,573010.02,0.8425
MPLADS-008036,CNT-008036,466444.33,0.8814
MPLADS-008037,CNT-008037,710014.12,0.7635
MPLADS-008038,CNT-008038,8510329.49,0.6071
MPLADS-008039,CNT-008039,3145116.67,0.8159
MPLADS-008040,CNT-008040,2836236.56,0.749
MPLADS-008041,CNT-008041,1819366.74,0.6512
MPLADS-008042,CNT-008042,570364.93,0.8122
MPLADS-008043,CNT-008043,491320.69,0.643
MPLADS-008044,CNT-008044,3482576.22,0.7254
MPLADS-008045,CNT-008045,3900033.47,0.6817
MPLADS-008046,CNT-008046,3067261.76,0.9834
MPLADS-008047,CNT-008047,3097410.14,0.6052
MPLADS-008048,CNT-008048,3078559.29,1.3809
MPLADS-008049,CNT-008049,196689.12,0.906
MPLADS-008050,CNT-008050,3090033.88,0.927
MPLADS-008051,CNT-008051,3505868.23,0.7639
MPLADS-008052,CNT-008052,927851.91,0.9062
MPLADS-008053,CNT-008053,708216.78,0.9868
MPLADS-008054,CNT-008054,252285.84,0.7419
MPLADS-008055,CNT-008055,394204.52,0.9313
MPLADS-008056,CNT-008056,778030.01,0.9579
MPLADS-008057,CNT-008057,1580705.6,1.2801
MPLADS-008058,CNT-008058,436364.57,0.922
MPLADS-008059,CNT-008059,701849.68,0.8581
MPLADS-008060,CNT-008060,4743512.49,0.9901
MPLADS-008061,CNT-008061,3901830.64,0.7925
MPLADS-008062,CNT-008062,481133.31,0.9242
MPLADS-008063,CNT-008063,2406649.23,0.8219
MPLADS-008064,CNT-008064,505980.13,0.828
MPLADS-008065,CNT-008065,1196542.46,1.2607
MPLADS-008066,CNT-008066,10280802.15,0.8166
MPLADS-008067,CNT-008067,2622159.37,0.9947
MPLADS-008068,CNT-008068,9109154.09,0.6733
MPLADS-008069,CNT-008069,3538970.03,1.2467
MPLADS-008070,CNT-008070,464269.5,0.6387
MPLADS-008071,CNT-008071,436968.7,0.7808
MPLADS-008072,CNT-008072,811134.49,0.8241
MPLADS-008073,CNT-008073,566186.87,0.6577
MPLADS-008074,CNT-008074,824234.14,0.8708
MPLADS-008075,CNT-008075,234245.86,0.6655
MPLADS-008076,CNT-008076,2573704.24,0.8973
MPLADS-008077,CNT-008077,9619393.26,0.6295
MPLADS-008078,CNT-008078,657748.32,0.6418
MPLADS-008079,CNT-008079,2443291.79,0.6281
MPLADS-008080,CNT-008080,229095.26,0.8435
MPLADS-008081,CNT-008081,1556299.44,0.7019
MPLADS-008082,CNT-008082,1056070.06,0.7655
MPLADS-008083,CNT-008083,6597248.21,0.6978
MPLADS-008084,CNT-008084,8776527.5,0.7824
MPLADS-008085,CNT-008085,3507178.15,0.9386
MPLADS-008086,CNT-008086,572484.94,0.7644
MPLADS-008087,CNT-008087,396973.16,0.6918
MPLADS-008088,CNT-008088,192261.64,0.6337
MPLADS-008089,CNT-008089,198390.57,0.937
MPLADS-008090,CNT-008090,187241.66,0.8474
MPLADS-008091,CNT-008091,8778787.93,0.9109
MPLADS-008092,CNT-008092,420643.09,0.6096
MPLADS-008093,CNT-008093,2572243.71,0.717
MPLADS-008094,CNT-008094,1775062.1,0.7868
MPLADS-008095,CNT-008095,5461422.02,0.8456
MPLADS-008096,CNT-008096,825305.51,0.7346
MPLADS-008097,CNT-008097,1294854.59,0.9254
MPLADS-008098,CNT-008098,187094.7,0.8153
MPLADS-008099,CNT-008099,1656497.6,0.9491
MPLADS-008100,CNT-008100,2537424.67,0.8517
MPLADS-008101,CNT-008101,1000636.13,0.6249
MPLADS-008102,CNT-008102,825874.22,0.6311
MPLADS-008103,CNT-008103,975789.46,0.907
MPLADS-008104,CNT-008104,2847105.8,0.7153
MPLADS-008105,CNT-008105,201313.93,0.94
MPLADS-008106,CNT-008106,3058245.52,0.8344
MPLADS-008107,CNT-008107,232980.87,0.6771
MPLADS-008108,CNT-008108,852979.01,0.794
MPLADS-008109,CNT-008109,488373.55,0.8524
MPLADS-008110,CNT-008110,1632992.65,0.9728
MPLADS-008111,CNT-008111,646130.78,0.7853
MPLADS-008112,CNT-008112,484208.31,0.6299
MPLADS-008113,CNT-008113,2554276.02,0.7613
MPLADS-008114,CNT-008114,1647022.98,0.9075
MPLADS-008115,CNT-008115,485225.55,0.8119
MPLADS-008116,CNT-008116,1356618.0,0.9633
MPLADS-008117,CNT-008117,837746.37,0.8137
MPLADS-008118,CNT-008118,1127789.64,0.9359
MPLADS-008119,CNT-008119,457790.27,0.8384
MPLADS-008120,CNT-008120,548051.84,0.6674
MPLADS-008121,CNT-008121,1863625.12,0.9724
MPLADS-008122,CNT-008122,512569.47,0.6842
MPLADS-008123,CNT-008123,2956937.64,0.9535
MPLADS-008124,CNT-008124,436423.46,0.7842
MPLADS-008125,CNT-008125,2823987.69,0.6539
MPLADS-008126,CNT-008126,692083.55,0.7922
MPLADS-008127,CNT-008127,895076.91,0.885
MPLADS-008128,CNT-008128,647318.91,0.7323
MPLADS-008129,CNT-008129,997769.16,0.6559
MPLADS-008130,CNT-008130,1741984.14,0.6654
MPLADS-008131,CNT-008131,10650444.26,0.901
MPLADS-008132,CNT-008132,1703363.6,0.6775
MPLADS-008133,CNT-008133,2842220.25,0.9891
MPLADS-008134,CNT-008134,1110886.26,0.8832
MPLADS-008135,CNT-008135,1368183.41,0.6895
MPLADS-008136,CNT-008136,710700.07,0.6454
MPLADS-008137,CNT-008137,480732.74,1.4194
MPLADS-008138,CNT-008138,1141616.45,0.9926
MPLADS-008139,CNT-008139,2790787.24,0.7213
MPLADS-008140,CNT-008140,427867.25,0.7753
MPLADS-008141,CNT-008141,2401642.52,0.9188
MPLADS-008142,CNT-008142,776425.75,0.9425
MPLADS-008143,CNT-008143,3410246.99,1.3292
MPLADS-008144,CNT-008144,2580415.76,0.6095
MPLADS-008145,CNT-008145,1047668.68,0.6316
MPLADS-008146,CNT-008146,3663211.08,0.8422
MPLADS-008147,CNT-008147,1801915.24,0.8574
MPLADS-008148,CNT-008148,441249.39,0.8187
MPLADS-008149,CNT-008149,395701.56,1.2568
MPLADS-008150,CNT-008150,420890.45,0.8561
MPLADS-008151,CNT-008151,866492.67,1.3936
MPLADS-008152,CNT-008152,2601808.83,0.7111
MPLADS-008153,CNT-008153,1765539.55,0.712
MPLADS-008154,CNT-008154,3695235.77,0.6339
MPLADS-008155,CNT-008155,1212449.6,0.8817
MPLADS-008156,CNT-008156,898972.59,0.8647
MPLADS-008157,CNT-008157,643706.14,0.9612
MPLADS-008158,CNT-008158,479221.61,0.8836
MPLADS-008159,CNT-008159,419448.51,0.6773
MPLADS-008160,CNT-008160,432431.41,0.7859
MPLADS-008161,CNT-008161,908900.15,0.625
MPLADS-008162,CNT-008162,6937074.78,0.7435
MPLADS-008163,CNT-008163,1861302.48,0.7418
MPLADS-008164,CNT-008164,1748750.5,0.7504
MPLADS-008165,CNT-008165,2449230.02,0.9146
MPLADS-008166,CNT-008166,944518.71,0.7413
MPLADS-008167,CNT-008167,734175.41,0.8897
MPLADS-008168,CNT-008168,432226.55,0.9688
MPLADS-008169,CNT-008169,776099.2,0.8088
MPLADS-008170,CNT-008170,827349.95,0.7642
MPLADS-008171,CNT-008171,5670660.72,0.8305
MPLADS-008172,CNT-008172,744871.22,1.263
MPLADS-008173,CNT-008173,1979378.32,0.8441
MPLADS-008174,CNT-008174,1827832.53,0.8746
MPLADS-008175,CNT-008175,544788.2,0.8758
MPLADS-008176,CNT-008176,1546444.93,0.6793
MPLADS-008177,CNT-008177,240396.34,0.7296
MPLADS-008178,CNT-008178,1360099.82,0.7997
MPLADS-008179,CNT-008179,1656291.52,0.7999
MPLADS-008180,CNT-008180,543698.88,0.7555
MPLADS-008181,CNT-008181,2609147.49,0.94
MPLADS-008182,CNT-008182,1010178.32,0.9556
MPLADS-008183,CNT-008183,1957085.33,0.6985
MPLADS-008184,CNT-008184,1763646.32,0.9099
MPLADS-008185,CNT-008185,2856984.25,0.8082
MPLADS-008186,CNT-008186,875584.64,0.865
MPLADS-008187,CNT-008187,849080.49,0.6634
MPLADS-008188,CNT-008188,2240071.94,0.8219
MPLADS-008189,CNT-008189,682310.23,0.6868
MPLADS-008190,CNT-008190,2362911.46,0.7528
MPLADS-008191,CNT-008191,853414.47,0.688
MPLADS-008192,CNT-008192,3112613.67,1.2928
MPLADS-008193,CNT-008193,801791.16,1.3987
MPLADS-008194,CNT-008194,2791927.58,0.6713
MPLADS-008195,CNT-008195,515871.58,0.9883
MPLADS-008196,CNT-008196,2209974.07,0.8141
MPLADS-008197,CNT-008197,2831736.58,0.9526
MPLADS-008198,CNT-008198,2657895.59,0.7132
MPLADS-008199,CNT-008199,2058607.29,0.94
MPLADS-008200,CNT-008200,807739.92,0.832
MPLADS-008201,CNT-008201,515955.85,0.8642
MPLADS-008202,CNT-008202,1376197.97,0.9634
MPLADS-008203,CNT-008203,188643.82,0.9478
MPLADS-008204,CNT-008204,857391.3,0.626
MPLADS-008205,CNT-008205,565291.57,0.6596
MPLADS-008206,CNT-008206,517093.73,0.9418
MPLADS-008207,CNT-008207,750878.8,0.8123
MPLADS-008208,CNT-008208,2510456.63,0.7953
MPLADS-008209,CNT-008209,230611.49,0.8144
MPLADS-008210,CNT-008210,2754237.93,0.6078
MPLADS-008211,CNT-008211,1630383.94,0.6025
MPLADS-008212,CNT-008212,3185086.24,0.8603
MPLADS-008213,CNT-008213,474136.86,0.94
MPLADS-008214,CNT-008214,2790050.15,0.6719
MPLADS-008215,CNT-008215,1147241.31,1.2441
MPLADS-008216,CNT-008216,5834086.47,0.7869
MPLADS-008217,CNT-008217,3828177.3,0.7993
MPLADS-008218,CNT-008218,2841778.87,1.0
MPLADS-008219,CNT-008219,3272467.24,0.6907
MPLADS-008220,CNT-008220,409524.83,0.628
MPLADS-008221,CNT-008221,1750983.49,0.8199
MPLADS-008222,CNT-008222,4398130.5,0.8849
MPLADS-008223,CNT-008223,555232.03,0.7854
MPLADS-008224,CNT-008224,416849.96,0.9167
MPLADS-008225,CNT-008225,1136999.91,0.7325
MPLADS-008226,CNT-008226,502229.05,0.8714
MPLADS-008227,CNT-008227,6715478.03,0.9435
MPLADS-008228,CNT-008228,2435415.16,0.8364
MPLADS-008229,CNT-008229,794170.37,0.9452
MPLADS-008230,CNT-008230,2533385.06,0.849
MPLADS-008231,CNT-008231,3294988.31,0.7988
MPLADS-008232,CNT-008232,494195.95,0.9175
MPLADS-008233,CNT-008233,968726.55,0.9066
MPLADS-008234,CNT-008234,1664798.79,0.6345
MPLADS-008235,CNT-008235,2573218.21,1.0
MPLADS-008236,CNT-008236,2713726.56,0.9376
MPLADS-008237,CNT-008237,2629028.03,0.6795
MPLADS-008238,CNT-008238,555787.44,0.9508
MPLADS-008239,CNT-008239,939622.79,0.9922
MPLADS-008240,CNT-008240,826910.09,0.9771
MPLADS-008241,CNT-008241,909582.73,0.7769
MPLADS-008242,CNT-008242,478915.55,0.977
MPLADS-008243,CNT-008243,961972.85,0.94
MPLADS-008244,CNT-008244,3058235.78,0.6168
MPLADS-008245,CNT-008245,849674.65,0.8966
MPLADS-008246,CNT-008246,1508067.55,0.8495
MPLADS-008247,CNT-008247,9149747.28,0.7936
MPLADS-008248,CNT-008248,974186.34,0.9382
MPLADS-008249,CNT-008249,2544266.86,0.94
MPLADS-008250,CNT-008250,242288.64,0.7546
MPLADS-008251,CNT-008251,735228.32,0.6758
MPLADS-008252,CNT-008252,469679.05,0.8167
MPLADS-008253,CNT-008253,665109.04,0.8234
MPLADS-008254,CNT-008254,459143.76,0.6371
MPLADS-008255,CNT-008255,1599164.38,0.945
MPLADS-008256,CNT-008256,2810231.92,0.6027
MPLADS-008257,CNT-008257,2419072.82,0.9337
MPLADS-008258,CNT-008258,463432.97,0.6478
MPLADS-008259,CNT-008259,1556816.44,0.8368
MPLADS-008260,CNT-008260,898827.26,0.7939
MPLADS-008261,CNT-008261,188848.59,0.743
MPLADS-008262,CNT-008262,781194.58,0.7659
MPLADS-008263,CNT-008263,2410339.17,0.9894
MPLADS-008264,CNT-008264,3426596.85,1.2399
MPLADS-008265,CNT-008265,196107.22,0.9672
MPLADS-008266,CNT-008266,448024.68,0.8726
MPLADS-008267,CNT-008267,1362915.87,0.7319
MPLADS-008268,CNT-008268,3779625.9,0.8529
MPLADS-008269,CNT-008269,2840742.23,0.7084
MPLADS-008270,CNT-008270,4119729.31,0.9615
MPLADS-008271,CNT-008271,3351425.23,0.6507
MPLADS-008272,CNT-008272,3803334.86,0.8399
MPLADS-008273,CNT-008273,1180029.96,0.7725
MPLADS-008274,CNT-008274,2226381.08,0.6312
MPLADS-008275,CNT-008275,6399852.35,0.9655
MPLADS-008276,CNT-008276,1609494.7,0.9047
MPLADS-008277,CNT-008277,13584613.3,0.7902
MPLADS-008278,CNT-008278,775258.73,1.3093
MPLADS-008279,CNT-008279,3377795.87,0.7587
MPLADS-008280,CNT-008280,386205.19,0.8672
MPLADS-008281,CNT-008281,841081.51,0.808
MPLADS-008282,CNT-008282,436782.7,0.9778
MPLADS-008283,CNT-008283,2688836.49,0.874
MPLADS-008284,CNT-008284,789109.24,0.8144
MPLADS-008285,CNT-008285,2336198.31,1.4285
MPLADS-008286,CNT-008286,1333174.2,0.9902
MPLADS-008287,CNT-008287,433632.42,0.8461
MPLADS-008288,CNT-008288,1079745.66,0.94
MPLADS-008289,CNT-008289,3049535.82,0.7825
MPLADS-008290,CNT-008290,766113.68,0.7502
MPLADS-008291,CNT-008291,215366.53,0.7044
MPLADS-008292,CNT-008292,1326912.28,0.6807
MPLADS-008293,CNT-008293,197436.9,0.6716
MPLADS-008294,CNT-008294,401354.88,0.8939
MPLADS-008295,CNT-008295,477802.55,0.8028
MPLADS-008296,CNT-008296,497343.12,0.6979
MPLADS-008297,CNT-008297,515910.84,0.7322
MPLADS-008298,CNT-008298,383998.2,0.6061
MPLADS-008299,CNT-008299,237227.3,1.3734
MPLADS-008300,CNT-008300,487291.72,0.9137
MPLADS-008301,CNT-008301,1960514.8,0.9383
MPLADS-008302,CNT-008302,1281840.78,0.8992
MPLADS-008303,CNT-008303,777864.22,0.682
MPLADS-008304,CNT-008304,436240.09,0.9872
MPLADS-008305,CNT-008305,488625.97,0.94
MPLADS-008306,CNT-008306,3850287.27,0.9876
MPLADS-008307,CNT-008307,987644.02,0.7474
MPLADS-008308,CNT-008308,1931810.56,0.6604
MPLADS-008309,CNT-008309,2403551.14,0.7131
MPLADS-008310,CNT-008310,215535.3,0.672
MPLADS-008311,CNT-008311,494326.01,0.7443
MPLADS-008312,CNT-008312,1018406.0,0.6252
MPLADS-008313,CNT-008313,2582484.27,0.6134
MPLADS-008314,CNT-008314,1205706.69,0.7728
MPLADS-008315,CNT-008315,4777677.07,0.6347
MPLADS-008316,CNT-008316,3085939.47,0.9181
MPLADS-008317,CNT-008317,9391153.69,0.9
MPLADS-008318,CNT-008318,836785.98,0.8001
MPLADS-008319,CNT-008319,383296.31,0.856
MPLADS-008320,CNT-008320,2415613.31,1.0
MPLADS-008321,CNT-008321,828768.37,0.6186
MPLADS-008322,CNT-008322,2970511.98,0.9365
MPLADS-008323,CNT-008323,1137113.72,0.8728
MPLADS-008324,CNT-008324,1589612.64,0.7961
MPLADS-008325,CNT-008325,231887.7,0.9409
MPLADS-008326,CNT-008326,858907.25,0.94
MPLADS-008327,CNT-008327,2367801.55,0.6252
MPLADS-008328,CNT-008328,3570586.05,0.7704
MPLADS-008329,CNT-008329,2474223.74,0.8485
MPLADS-008330,CNT-008330,503692.31,0.7793
MPLADS-008331,CNT-008331,962609.3,0.8391
MPLADS-008332,CNT-008332,930106.29,0.8294
MPLADS-008333,CNT-008333,2060056.73,0.8218
MPLADS-008334,CNT-008334,1908830.96,0.6589
MPLADS-008335,CNT-008335,973749.53,0.6116
MPLADS-008336,CNT-008336,1366924.37,0.6127
MPLADS-008337,CNT-008337,2554521.14,0.8527
MPLADS-008338,CNT-008338,2796468.76,0.6276
MPLADS-008339,CNT-008339,1129828.5,1.442
MPLADS-008340,CNT-008340,2381924.08,0.7377
MPLADS-008341,CNT-008341,420938.05,0.6715
MPLADS-008342,CNT-008342,742319.19,0.8129
MPLADS-008343,CNT-008343,2934658.74,0.7083
MPLADS-008344,CNT-008344,1878208.94,0.9547
MPLADS-008345,CNT-008345,1600323.27,0.9481
MPLADS-008346,CNT-008346,2905328.55,0.6287
MPLADS-008347,CNT-008347,1393823.52,0.6311
MPLADS-008348,CNT-008348,9701447.25,0.9043
MPLADS-008349,CNT-008349,11050903.38,0.7205
MPLADS-008350,CNT-008350,202017.51,0.8778
MPLADS-008351,CNT-008351,3815392.4,0.6756
MPLADS-008352,CNT-008352,471092.68,0.94
MPLADS-008353,CNT-008353,882108.32,0.6941
MPLADS-008354,CNT-008354,3184114.71,0.6424
MPLADS-008355,CNT-008355,2818500.19,0.6165
MPLADS-008356,CNT-008356,4165944.15,0.8624
MPLADS-008357,CNT-008357,1103179.39,0.8202
MPLADS-008358,CNT-008358,460260.64,0.659
MPLADS-008359,CNT-008359,475453.75,0.8615
MPLADS-008360,CNT-008360,490228.37,0.7906
MPLADS-008361,CNT-008361,246833.16,0.696
MPLADS-008362,CNT-008362,4521595.92,0.6521
MPLADS-008363,CNT-008363,1350359.94,0.6404
MPLADS-008364,CNT-008364,845446.54,0.6489
MPLADS-008365,CNT-008365,1946395.49,0.9432
MPLADS-008366,CNT-008366,203549.22,0.6619
MPLADS-008367,CNT-008367,3474278.44,0.7961
MPLADS-008368,CNT-008368,851195.07,0.9504
MPLADS-008369,CNT-008369,2627138.04,0.6324
MPLADS-008370,CNT-008370,1018569.08,1.0
MPLADS-008371,CNT-008371,3110795.82,0.943
MPLADS-008372,CNT-008372,2394412.77,0.8728
MPLADS-008373,CNT-008373,13980349.34,0.8867
MPLADS-008374,CNT-008374,632822.72,0.839
MPLADS-008375,CNT-008375,1338042.03,0.8676
MPLADS-008376,CNT-008376,763593.63,0.7566
MPLADS-008377,CNT-008377,1961805.32,0.622
MPLADS-008378,CNT-008378,3406169.18,0.904
MPLADS-008379,CNT-008379,3402583.76,0.8589
MPLADS-008380,CNT-008380,510800.02,0.94
MPLADS-008381,CNT-008381,3338007.26,0.7231
MPLADS-008382,CNT-008382,6895391.9,0.9678
MPLADS-008383,CNT-008383,3534397.67,0.9788
MPLADS-008384,CNT-008384,827976.33,0.802
MPLADS-008385,CNT-008385,851841.56,0.9572
MPLADS-008386,CNT-008386,8481543.44,0.9524
MPLADS-008387,CNT-008387,2667504.55,0.7187
MPLADS-008388,CNT-008388,9140257.09,0.6362
MPLADS-008389,CNT-008389,2950794.49,0.7444
MPLADS-008390,CNT-008390,1257113.39,0.8522
MPLADS-008391,CNT-008391,2040446.2,0.7002
MPLADS-008392,CNT-008392,3520055.98,0.94
MPLADS-008393,CNT-008393,443854.81,0.9146
MPLADS-008394,CNT-008394,3368840.09,1.4175
MPLADS-008395,CNT-008395,467547.87,0.94
MPLADS-008396,CNT-008396,1052293.1,0.8853
MPLADS-008397,CNT-008397,509655.75,0.8605
MPLADS-008398,CNT-008398,449318.81,0.8079
MPLADS-008399,CNT-008399,10787410.52,0.8481
MPLADS-008400,CNT-008400,847405.17,0.7275
MPLADS-008401,CNT-008401,417001.22,1.3444
MPLADS-008402,CNT-008402,1133913.17,0.6673
MPLADS-008403,CNT-008403,2515480.1,0.6601
MPLADS-008404,CNT-008404,445820.44,0.8465
MPLADS-008405,CNT-008405,5002364.46,0.7816
MPLADS-008406,CNT-008406,524173.24,0.8583
MPLADS-008407,CNT-008407,1834924.71,0.6521
MPLADS-008408,CNT-008408,2698007.15,0.94
MPLADS-008409,CNT-008409,1920159.68,0.8615
MPLADS-008410,CNT-008410,1810793.14,0.6004
MPLADS-008411,CNT-008411,7184636.57,0.7077
MPLADS-008412,CNT-008412,217639.18,1.0
MPLADS-008413,CNT-008413,2692172.45,0.9194
MPLADS-008414,CNT-008414,2842659.97,0.9621
MPLADS-008415,CNT-008415,819777.16,0.7172
MPLADS-008416,CNT-008416,2643811.91,0.7293
MPLADS-008417,CNT-008417,490561.27,0.6926
MPLADS-008418,CNT-008418,427500.59,0.8554
MPLADS-008419,CNT-008419,1718104.62,0.7414
MPLADS-008420,CNT-008420,1542606.53,0.94
MPLADS-008421,CNT-008421,1027197.98,1.3588
MPLADS-008422,CNT-008422,2843816.8,0.6057
MPLADS-008423,CNT-008423,1842553.33,0.7708
MPLADS-008424,CNT-008424,907443.16,0.7516
MPLADS-008425,CNT-008425,2991325.87,0.6458
MPLADS-008426,CNT-008426,187459.1,0.9537
MPLADS-008427,CNT-008427,816275.03,0.8162
MPLADS-008428,CNT-008428,2984062.18,0.94
MPLADS-008429,CNT-008429,706753.79,0.6838
MPLADS-008430,CNT-008430,770950.54,0.78
MPLADS-008431,CNT-008431,2706134.74,0.9356
MPLADS-008432,CNT-008432,1295155.37,0.9718
MPLADS-008433,CNT-008433,2330941.46,0.8274
MPLADS-008434,CNT-008434,765758.41,0.9043
MPLADS-008435,CNT-008435,2054824.23,1.0
MPLADS-008436,CNT-008436,1210334.87,0.7731
MPLADS-008437,CNT-008437,424913.7,0.7539
MPLADS-008438,CNT-008438,237947.36,1.334
MPLADS-008439,CNT-008439,1131130.58,0.7467
MPLADS-008440,CNT-008440,425634.52,0.6589
MPLADS-008441,CNT-008441,472359.02,0.9002
MPLADS-008442,CNT-008442,425950.85,0.8824
MPLADS-008443,CNT-008443,2829725.96,0.7131
MPLADS-008444,CNT-008444,2391320.28,0.6187
MPLADS-008445,CNT-008445,2760805.16,0.9969
MPLADS-008446,CNT-008446,1181388.57,0.6443
MPLADS-008447,CNT-008447,1079365.23,0.931
MPLADS-008448,CNT-008448,704776.72,0.7867
MPLADS-008449,CNT-008449,3746714.23,0.7722
MPLADS-008450,CNT-008450,2568429.42,0.9939
MPLADS-008451,CNT-008451,2467428.42,0.8609
MPLADS-008452,CNT-008452,2452214.91,0.7813
MPLADS-008453,CNT-008453,506304.26,0.7895
MPLADS-008454,CNT-008454,2700218.04,0.6003
MPLADS-008455,CNT-008455,438367.47,0.9247
MPLADS-008456,CNT-008456,2421870.3,0.6474
MPLADS-008457,CNT-008457,2397671.38,0.6356
MPLADS-008458,CNT-008458,3825202.71,0.7076
MPLADS-008459,CNT-008459,2011186.96,0.8546
MPLADS-008460,CNT-008460,2713406.16,0.82
MPLADS-008461,CNT-008461,226297.85,0.9707
MPLADS-008462,CNT-008462,393335.11,0.8218
MPLADS-008463,CNT-008463,1027710.5,0.8652
MPLADS-008464,CNT-008464,231218.51,0.9607
MPLADS-008465,CNT-008465,245152.78,0.8077
MPLADS-008466,CNT-008466,3104953.84,0.7823
MPLADS-008467,CNT-008467,202896.03,0.912
MPLADS-008468,CNT-008468,445754.96,0.94
MPLADS-008469,CNT-008469,1334577.94,0.6402
MPLADS-008470,CNT-008470,766277.33,0.8683
MPLADS-008471,CNT-008471,6719934.43,0.9556
MPLADS-008472,CNT-008472,397052.7,0.6831
MPLADS-008473,CNT-008473,430440.16,0.8934
MPLADS-008474,CNT-008474,211788.53,0.8158
MPLADS-008475,CNT-008475,2815766.3,0.8085
MPLADS-008476,CNT-008476,1358000.64,0.8662
MPLADS-008477,CNT-008477,3594405.41,1.0
MPLADS-008478,CNT-008478,851819.61,0.9149
MPLADS-008479,CNT-008479,469834.9,0.8878
MPLADS-008480,CNT-008480,3205804.16,0.9956
MPLADS-008481,CNT-008481,848038.12,0.7827
MPLADS-008482,CNT-008482,1669727.29,0.6566
MPLADS-008483,CNT-008483,1267630.34,0.7662
MPLADS-008484,CNT-008484,3309387.08,0.9829
MPLADS-008485,CNT-008485,648979.91,0.8429
MPLADS-008486,CNT-008486,2811964.36,0.7502
MPLADS-008487,CNT-008487,3029522.69,0.942
MPLADS-008488,CNT-008488,692979.03,0.6676
MPLADS-008489,CNT-008489,562957.84,0.7499
MPLADS-008490,CNT-008490,3039886.39,0.743
MPLADS-008491,CNT-008491,859910.67,0.6843
MPLADS-008492,CNT-008492,509413.26,0.6982
MPLADS-008493,CNT-008493,433866.87,0.9339
MPLADS-008494,CNT-008494,1032586.38,0.9274
MPLADS-008495,CNT-008495,3160212.42,0.7455
MPLADS-008496,CNT-008496,223213.31,0.8736
MPLADS-008497,CNT-008497,208931.56,0.9575
MPLADS-008498,CNT-008498,199422.36,0.7781
MPLADS-008499,CNT-008499,3832417.85,0.8851
MPLADS-008500,CNT-008500,239747.2,0.8166
MPLADS-008501,CNT-008501,3287250.79,0.7328
MPLADS-008502,CNT-008502,827017.27,0.7313
MPLADS-008503,CNT-008503,431262.81,0.7093
MPLADS-008504,CNT-008504,1097053.6,0.94
MPLADS-008505,CNT-008505,2501135.06,0.7139
MPLADS-008506,CNT-008506,1229186.5,0.8286
MPLADS-008507,CNT-008507,193869.51,0.94
MPLADS-008508,CNT-008508,1024789.63,0.9581
MPLADS-008509,CNT-008509,939740.03,0.729
MPLADS-008510,CNT-008510,449580.07,0.8001
MPLADS-008511,CNT-008511,3350973.37,0.9262
MPLADS-008512,CNT-008512,193488.19,0.9503
MPLADS-008513,CNT-008513,196098.96,0.8638
MPLADS-008514,CNT-008514,619448.1,0.8046
MPLADS-008515,CNT-008515,239860.54,0.8919
MPLADS-008516,CNT-008516,189426.47,0.7703
MPLADS-008517,CNT-008517,443696.68,0.7816
MPLADS-008518,CNT-008518,1290733.05,1.4455
MPLADS-008519,CNT-008519,3232732.92,0.8977
MPLADS-008520,CNT-008520,886079.75,0.6817
MPLADS-008521,CNT-008521,2794308.82,0.6332
MPLADS-008522,CNT-008522,3186973.71,0.6936
MPLADS-008523,CNT-008523,3537165.52,0.94
MPLADS-008524,CNT-008524,1328735.54,0.6916
MPLADS-008525,CNT-008525,208785.41,0.6524
MPLADS-008526,CNT-008526,216561.92,0.637
MPLADS-008527,CNT-008527,1867488.52,0.8693
MPLADS-008528,CNT-008528,1649508.24,0.934
MPLADS-008529,CNT-008529,523874.22,0.9773
MPLADS-008530,CNT-008530,390469.77,1.0
MPLADS-008531,CNT-008531,953244.62,0.9456
MPLADS-008532,CNT-008532,1871755.44,1.0
MPLADS-008533,CNT-008533,876158.02,0.8004
MPLADS-008534,CNT-008534,3735307.68,0.8633
MPLADS-008535,CNT-008535,1271442.91,0.6858
MPLADS-008536,CNT-008536,3707584.15,0.7813
MPLADS-008537,CNT-008537,444494.84,0.6493
MPLADS-008538,CNT-008538,3512140.81,0.6648
MPLADS-008539,CNT-008539,712150.31,0.9423
MPLADS-008540,CNT-008540,2851337.15,0.7221
MPLADS-008541,CNT-008541,2146878.92,0.7017
MPLADS-008542,CNT-008542,3351715.62,0.6932
MPLADS-008543,CNT-008543,1655699.02,1.227
MPLADS-008544,CNT-008544,1264469.54,0.6926
MPLADS-008545,CNT-008545,837779.02,0.921
MPLADS-008546,CNT-008546,3596858.83,0.7314
MPLADS-008547,CNT-008547,451819.48,0.94
MPLADS-008548,CNT-008548,952021.16,0.8748
MPLADS-008549,CNT-008549,858334.96,0.8623
MPLADS-008550,CNT-008550,2565664.02,1.4418
MPLADS-008551,CNT-008551,1704036.56,0.9762
MPLADS-008552,CNT-008552,834310.3,0.8193
MPLADS-008553,CNT-008553,923000.8,0.9221
MPLADS-008554,CNT-008554,2001462.85,0.9921
MPLADS-008555,CNT-008555,3481451.03,0.8959
MPLADS-008556,CNT-008556,2890859.98,0.9475
MPLADS-008557,CNT-008557,478792.03,0.6198
MPLADS-008558,CNT-008558,3514815.74,0.9238
MPLADS-008559,CNT-008559,246195.68,0.9793
MPLADS-008560,CNT-008560,810098.33,1.0
MPLADS-008561,CNT-008561,252845.18,0.6143
MPLADS-008562,CNT-008562,2526732.55,0.778
MPLADS-008563,CNT-008563,939220.94,0.8504
MPLADS-008564,CNT-008564,208160.63,0.7463
MPLADS-008565,CNT-008565,3243904.07,0.622
MPLADS-008566,CNT-008566,1090841.22,0.8698
MPLADS-008567,CNT-008567,1285952.48,0.8196
MPLADS-008568,CNT-008568,5426709.44,0.8637
MPLADS-008569,CNT-008569,1353045.82,0.7626
MPLADS-008570,CNT-008570,236927.41,0.9235
MPLADS-008571,CNT-008571,1665590.04,0.7165
MPLADS-008572,CNT-008572,214833.83,0.9356
MPLADS-008573,CNT-008573,1988309.26,0.8865
MPLADS-008574,CNT-008574,432785.94,0.6851
MPLADS-008575,CNT-008575,792057.37,0.9056
MPLADS-008576,CNT-008576,896400.4,0.6301
MPLADS-008577,CNT-008577,1690152.33,0.8438
MPLADS-008578,CNT-008578,981656.61,0.8472
MPLADS-008579,CNT-008579,638089.28,0.684
MPLADS-008580,CNT-008580,4153360.44,0.9058
MPLADS-008581,CNT-008581,395271.14,0.7897
MPLADS-008582,CNT-008582,3071172.44,0.9375
MPLADS-008583,CNT-008583,495885.83,0.8719
MPLADS-008584,CNT-008584,819268.73,0.6459
MPLADS-008585,CNT-008585,251436.79,0.8604
MPLADS-008586,CNT-008586,2626875.55,0.7599
MPLADS-008587,CNT-008587,675927.71,1.2581
MPLADS-008588,CNT-008588,492473.76,0.94
MPLADS-008589,CNT-008589,6257393.05,0.7116
MPLADS-008590,CNT-008590,190129.1,0.9096
MPLADS-008591,CNT-008591,1719820.88,0.7546
MPLADS-008592,CNT-008592,2809067.78,0.94
MPLADS-008593,CNT-008593,3545111.24,0.9505
MPLADS-008594,CNT-008594,10945413.35,0.6019
MPLADS-008595,CNT-008595,706573.08,0.7639
MPLADS-008596,CNT-008596,1146357.31,0.9545
MPLADS-008597,CNT-008597,3672609.67,0.94
MPLADS-008598,CNT-008598,238535.11,0.7614
MPLADS-008599,CNT-008599,446038.02,0.9344
MPLADS-008600,CNT-008600,4592245.04,0.6279
MPLADS-008601,CNT-008601,2399765.67,0.9313
MPLADS-008602,CNT-008602,915323.95,0.9664
MPLADS-008603,CNT-008603,2677204.73,0.9325
MPLADS-008604,CNT-008604,849702.96,0.9489
MPLADS-008605,CNT-008605,3512486.62,0.94
MPLADS-008606,CNT-008606,3697283.78,1.0
MPLADS-008607,CNT-008607,1984634.1,0.8728
MPLADS-008608,CNT-008608,3092043.94,0.7596
MPLADS-008609,CNT-008609,835288.33,0.784
MPLADS-008610,CNT-008610,1095492.25,0.7906
MPLADS-008611,CNT-008611,482094.58,0.9451
MPLADS-008612,CNT-008612,788494.84,0.8889
MPLADS-008613,CNT-008613,419008.97,0.601
MPLADS-008614,CNT-008614,1319650.61,0.9053
MPLADS-008615,CNT-008615,1273563.27,0.8113
MPLADS-008616,CNT-008616,2133949.11,0.6125
MPLADS-008617,CNT-008617,773955.54,0.7673
MPLADS-008618,CNT-008618,1779841.05,0.9714
MPLADS-008619,CNT-008619,505232.87,0.6663
MPLADS-008620,CNT-008620,511362.58,0.675
MPLADS-008621,CNT-008621,2056027.36,0.9072
MPLADS-008622,CNT-008622,1367777.38,0.814
MPLADS-008623,CNT-008623,2718342.95,0.67
MPLADS-008624,CNT-008624,2894863.9,1.0
MPLADS-008625,CNT-008625,7137253.36,0.9708
MPLADS-008626,CNT-008626,700934.9,1.2463
MPLADS-008627,CNT-008627,3159180.34,0.9111
MPLADS-008628,CNT-008628,1594501.04,0.9233
MPLADS-008629,CNT-008629,247727.88,0.6499
MPLADS-008630,CNT-008630,402691.34,0.7115
MPLADS-008631,CNT-008631,457839.79,1.0
MPLADS-008632,CNT-008632,930123.28,0.8051
MPLADS-008633,CNT-008633,2819079.86,0.7558
MPLADS-008634,CNT-008634,12398793.66,0.7188
MPLADS-008635,CNT-008635,444057.09,0.6156
MPLADS-008636,CNT-008636,3615263.78,0.9609
MPLADS-008637,CNT-008637,1962550.98,0.8215
MPLADS-008638,CNT-008638,2209733.75,0.6575
MPLADS-008639,CNT-008639,856457.88,0.8737
MPLADS-008640,CNT-008640,822816.11,0.943
MPLADS-008641,CNT-008641,1132111.98,0.8953
MPLADS-008642,CNT-008642,2526616.3,1.295
MPLADS-008643,CNT-008643,234616.42,0.9815
MPLADS-008644,CNT-008644,392328.14,0.6257
MPLADS-008645,CNT-008645,507282.69,0.94
MPLADS-008646,CNT-008646,2062378.58,0.853
MPLADS-008647,CNT-008647,1015418.6,0.9413
MPLADS-008648,CNT-008648,555828.55,0.9582
MPLADS-008649,CNT-008649,240052.0,0.8262
MPLADS-008650,CNT-008650,3323835.4,0.799
MPLADS-008651,CNT-008651,4136108.34,0.7812
MPLADS-008652,CNT-008652,5407570.09,0.6256
MPLADS-008653,CNT-008653,2362149.27,0.8787
MPLADS-008654,CNT-008654,2618136.97,0.8508
MPLADS-008655,CNT-008655,786620.94,0.7095
MPLADS-008656,CNT-008656,2869161.21,0.7395
MPLADS-008657,CNT-008657,941940.21,0.6787
MPLADS-008658,CNT-008658,512543.14,0.8258
MPLADS-008659,CNT-008659,2284663.98,0.6181
MPLADS-008660,CNT-008660,677955.38,0.8904
MPLADS-008661,CNT-008661,921112.9,0.8029
MPLADS-008662,CNT-008662,5650831.75,0.6973
MPLADS-008663,CNT-008663,696847.85,0.8312
MPLADS-008664,CNT-008664,567350.0,0.7746
MPLADS-008665,CNT-008665,490988.05,1.382
MPLADS-008666,CNT-008666,545759.07,0.9174
MPLADS-008667,CNT-008667,2599861.86,0.6789
MPLADS-008668,CNT-008668,874568.3,0.7771
MPLADS-008669,CNT-008669,1570726.79,0.6814
MPLADS-008670,CNT-008670,1655393.42,0.9619
MPLADS-008671,CNT-008671,3279100.32,0.666
MPLADS-008672,CNT-008672,1771175.49,0.793
MPLADS-008673,CNT-008673,1068727.98,0.865
MPLADS-008674,CNT-008674,488121.04,0.8186
MPLADS-008675,CNT-008675,705369.51,0.8821
MPLADS-008676,CNT-008676,646954.35,0.7672
MPLADS-008677,CNT-008677,209115.87,0.877
MPLADS-008678,CNT-008678,210392.86,0.6682
MPLADS-008679,CNT-008679,388706.35,0.7255
MPLADS-008680,CNT-008680,1106154.99,0.7513
MPLADS-008681,CNT-008681,818771.99,0.859
MPLADS-008682,CNT-008682,1314673.42,0.8578
MPLADS-008683,CNT-008683,774087.85,0.6582
MPLADS-008684,CNT-008684,694611.24,0.8005
MPLADS-008685,CNT-008685,1813933.88,0.94
MPLADS-008686,CNT-008686,1579257.43,0.8487
MPLADS-008687,CNT-008687,1912538.32,0.692
MPLADS-008688,CNT-008688,3184616.76,0.7266
MPLADS-008689,CNT-008689,936594.68,0.7551
MPLADS-008690,CNT-008690,10427747.21,0.7982
MPLADS-008691,CNT-008691,2190873.01,1.3082
MPLADS-008692,CNT-008692,732056.65,0.7662
MPLADS-008693,CNT-008693,1379656.81,1.0
MPLADS-008694,CNT-008694,187338.54,0.8607
MPLADS-008695,CNT-008695,3953940.58,0.8754
MPLADS-008696,CNT-008696,2733934.28,0.8553
MPLADS-008697,CNT-008697,1349600.24,0.812
MPLADS-008698,CNT-008698,5305839.24,0.7886
MPLADS-008699,CNT-008699,2239816.33,0.6103
MPLADS-008700,CNT-008700,757740.61,0.9633
MPLADS-008701,CNT-008701,1165758.24,0.6105
MPLADS-008702,CNT-008702,787546.05,0.7343
MPLADS-008703,CNT-008703,1701321.98,0.6046
MPLADS-008704,CNT-008704,3528432.12,0.675
MPLADS-008705,CNT-008705,991170.29,0.9818
MPLADS-008706,CNT-008706,6748443.53,0.7246
MPLADS-008707,CNT-008707,1236724.09,0.6713
MPLADS-008708,CNT-008708,2260980.02,0.8236
MPLADS-008709,CNT-008709,458655.33,1.3579
MPLADS-008710,CNT-008710,570832.99,0.6771
MPLADS-008711,CNT-008711,2696420.62,0.9461
MPLADS-008712,CNT-008712,231470.28,0.8955
MPLADS-008713,CNT-008713,1066883.34,0.73
MPLADS-008714,CNT-008714,7943470.5,0.8936
MPLADS-008715,CNT-008715,2633797.2,0.7147
MPLADS-008716,CNT-008716,512934.92,0.7091
MPLADS-008717,CNT-008717,2007327.09,0.8959
MPLADS-008718,CNT-008718,2482555.06,0.703
MPLADS-008719,CNT-008719,2633301.26,0.8683
MPLADS-008720,CNT-008720,501071.48,0.9804
MPLADS-008721,CNT-008721,11059581.29,0.7885
MPLADS-008722,CNT-008722,481614.05,0.6623
MPLADS-008723,CNT-008723,478137.2,0.9266
MPLADS-008724,CNT-008724,2532723.4,0.7999
MPLADS-008725,CNT-008725,509855.29,0.6932
MPLADS-008726,CNT-008726,931722.1,0.7945
MPLADS-008727,CNT-008727,2803851.72,0.9664
MPLADS-008728,CNT-008728,3089670.72,0.7822
MPLADS-008729,CNT-008729,538550.52,0.9797
MPLADS-008730,CNT-008730,2391932.04,0.6958
MPLADS-008731,CNT-008731,3582389.17,0.9648
MPLADS-008732,CNT-008732,2847675.33,0.6121
MPLADS-008733,CNT-008733,1178318.24,0.6915
MPLADS-008734,CNT-008734,3483512.45,0.94
MPLADS-008735,CNT-008735,387590.31,0.7074
MPLADS-008736,CNT-008736,739866.84,0.9267
MPLADS-008737,CNT-008737,2552863.51,0.8081
MPLADS-008738,CNT-008738,2454538.78,0.6793
MPLADS-008739,CNT-008739,8604256.31,0.6707
MPLADS-008740,CNT-008740,2805853.46,0.7415
MPLADS-008741,CNT-008741,422725.33,0.7008
MPLADS-008742,CNT-008742,428018.95,0.8038
MPLADS-008743,CNT-008743,3325019.83,0.9093
MPLADS-008744,CNT-008744,2873637.77,0.7132
MPLADS-008745,CNT-008745,5698215.96,0.7935
MPLADS-008746,CNT-008746,1043661.28,0.6626
MPLADS-008747,CNT-008747,199157.86,0.6269
MPLADS-008748,CNT-008748,807182.94,0.7791
MPLADS-008749,CNT-008749,2034245.81,1.4003
MPLADS-008750,CNT-008750,3648308.56,0.754
MPLADS-008751,CNT-008751,1644186.48,0.6966
MPLADS-008752,CNT-008752,1910075.84,0.9251
MPLADS-008753,CNT-008753,1575501.22,0.9719
MPLADS-008754,CNT-008754,1169755.2,0.8577
MPLADS-008755,CNT-008755,4485096.0,0.7581
MPLADS-008756,CNT-008756,1119008.12,0.7801
MPLADS-008757,CNT-008757,978036.96,0.6276
MPLADS-008758,CNT-008758,1629464.92,0.6912
MPLADS-008759,CNT-008759,798754.3,0.99
MPLADS-008760,CNT-008760,3194509.54,0.6962
MPLADS-008761,CNT-008761,2392995.88,0.9183
MPLADS-008762,CNT-008762,2063928.08,0.94
MPLADS-008763,CNT-008763,2424370.09,0.8877
MPLADS-008764,CNT-008764,738272.63,0.9697
MPLADS-008765,CNT-008765,3225711.3,0.957
MPLADS-008766,CNT-008766,3716576.18,0.8021
MPLADS-008767,CNT-008767,494006.26,0.644
MPLADS-008768,CNT-008768,531521.6,0.7984
MPLADS-008769,CNT-008769,3009055.82,0.7023
MPLADS-008770,CNT-008770,3328963.46,1.0
MPLADS-008771,CNT-008771,837221.54,0.7883
MPLADS-008772,CNT-008772,2722341.92,0.6562
MPLADS-008773,CNT-008773,1817643.51,0.8336
MPLADS-008774,CNT-008774,675403.14,0.94
MPLADS-008775,CNT-008775,500002.53,0.7929
MPLADS-008776,CNT-008776,481112.22,0.8876
MPLADS-008777,CNT-008777,1150646.11,0.6216
MPLADS-008778,CNT-008778,189161.23,0.9195
MPLADS-008779,CNT-008779,3268926.06,0.6041
MPLADS-008780,CNT-008780,1132876.63,0.8306
MPLADS-008781,CNT-008781,1083642.22,0.9121
MPLADS-008782,CNT-008782,721517.48,0.6371
MPLADS-008783,CNT-008783,3792142.45,0.8842
MPLADS-008784,CNT-008784,187102.97,0.7835
MPLADS-008785,CNT-008785,1030459.78,0.9043
MPLADS-008786,CNT-008786,1898019.32,0.6676
MPLADS-008787,CNT-008787,1757284.42,0.8453
MPLADS-008788,CNT-008788,8961151.45,0.8741
MPLADS-008789,CNT-008789,1282760.75,0.7155
MPLADS-008790,CNT-008790,223809.16,1.4026
MPLADS-008791,CNT-008791,801570.85,0.8524
MPLADS-008792,CNT-008792,1401109.02,0.941
MPLADS-008793,CNT-008793,689475.82,0.6769
MPLADS-008794,CNT-008794,243786.38,0.6802
MPLADS-008795,CNT-008795,493499.6,0.8847
MPLADS-008796,CNT-008796,1192547.9,0.8645
MPLADS-008797,CNT-008797,2595046.78,0.6703
MPLADS-008798,CNT-008798,2463246.74,0.9197
MPLADS-008799,CNT-008799,769659.11,0.94
MPLADS-008800,CNT-008800,426277.42,0.7201
MPLADS-008801,CNT-008801,1067186.77,0.612
MPLADS-008802,CNT-008802,560843.77,0.8023
MPLADS-008803,CNT-008803,10157514.55,0.7578
MPLADS-008804,CNT-008804,1704717.02,0.8264
MPLADS-008805,CNT-008805,1602477.58,0.9508
MPLADS-008806,CNT-008806,678467.53,0.618
MPLADS-008807,CNT-008807,3881353.67,0.739
MPLADS-008808,CNT-008808,558085.9,0.9051
MPLADS-008809,CNT-008809,6056717.57,0.9411
MPLADS-008810,CNT-008810,1299515.85,0.6144
MPLADS-008811,CNT-008811,1984360.02,0.6263
MPLADS-008812,CNT-008812,840474.63,0.6568
MPLADS-008813,CNT-008813,445676.87,0.6813
MPLADS-008814,CNT-008814,849619.09,0.7202
MPLADS-008815,CNT-008815,2799308.16,0.8708
MPLADS-008816,CNT-008816,488563.17,0.6255
MPLADS-008817,CNT-008817,1025995.54,0.738
MPLADS-008818,CNT-008818,3164924.99,0.94
MPLADS-008819,CNT-008819,3900973.63,0.6104
MPLADS-008820,CNT-008820,504126.43,0.7473
MPLADS-008821,CNT-008821,2779795.62,0.6465
MPLADS-008822,CNT-008822,1274377.72,0.8101
MPLADS-008823,CNT-008823,248667.83,0.9817
MPLADS-008824,CNT-008824,10933038.16,0.9049
MPLADS-008825,CNT-008825,3881298.73,0.6777
MPLADS-008826,CNT-008826,802319.4,0.8403
MPLADS-008827,CNT-008827,7249375.87,0.6137
MPLADS-008828,CNT-008828,840760.55,0.7726
MPLADS-008829,CNT-008829,244347.48,0.7582
MPLADS-008830,CNT-008830,696371.05,0.9275
MPLADS-008831,CNT-008831,2642093.84,0.9558
MPLADS-008832,CNT-008832,1396851.49,0.8326
MPLADS-008833,CNT-008833,240191.63,0.7283
MPLADS-008834,CNT-008834,7291188.71,0.8826
MPLADS-008835,CNT-008835,3274640.04,0.8076
MPLADS-008836,CNT-008836,2414546.47,0.856
MPLADS-008837,CNT-008837,492565.49,0.6029
MPLADS-008838,CNT-008838,2750024.42,0.8877
MPLADS-008839,CNT-008839,447748.44,0.9608
MPLADS-008840,CNT-008840,557118.22,0.6436
MPLADS-008841,CNT-008841,1025678.35,0.8105
MPLADS-008842,CNT-008842,457237.49,1.2638
MPLADS-008843,CNT-008843,2433045.68,0.8896
MPLADS-008844,CNT-008844,2588841.39,0.7959
MPLADS-008845,CNT-008845,3720511.7,1.3
MPLADS-008846,CNT-008846,2284702.51,1.0
MPLADS-008847,CNT-008847,1743761.95,0.8163
MPLADS-008848,CNT-008848,428742.82,1.0
MPLADS-008849,CNT-008849,187670.79,0.7076
MPLADS-008850,CNT-008850,772139.99,0.7867
MPLADS-008851,CNT-008851,3056054.13,0.8325
MPLADS-008852,CNT-008852,2435687.65,0.6084
MPLADS-008853,CNT-008853,768322.01,0.8376
MPLADS-008854,CNT-008854,210106.47,0.6733
MPLADS-008855,CNT-008855,1604314.23,0.6461
MPLADS-008856,CNT-008856,1374987.3,0.94
MPLADS-008857,CNT-008857,458759.5,0.7367
MPLADS-008858,CNT-008858,4006652.78,0.6878
MPLADS-008859,CNT-008859,1760435.06,0.9425
MPLADS-008860,CNT-008860,220421.86,0.9128
MPLADS-008861,CNT-008861,533465.97,0.69
MPLADS-008862,CNT-008862,203411.23,0.7306
MPLADS-008863,CNT-008863,1414981.96,0.6322
MPLADS-008864,CNT-008864,2710628.85,0.8876
MPLADS-008865,CNT-008865,508622.12,0.9113
MPLADS-008866,CNT-008866,2999280.86,0.7494
MPLADS-008867,CNT-008867,470474.27,0.8089
MPLADS-008868,CNT-008868,1106300.6,0.6494
MPLADS-008869,CNT-008869,570736.78,0.6744
MPLADS-008870,CNT-008870,2874636.98,0.8406
MPLADS-008871,CNT-008871,549908.08,0.9973
MPLADS-008872,CNT-008872,248433.49,0.9439
MPLADS-008873,CNT-008873,7037203.47,0.6523
MPLADS-008874,CNT-008874,462727.61,0.94
MPLADS-008875,CNT-008875,722652.13,0.6816
MPLADS-008876,CNT-008876,1046613.54,0.6971
MPLADS-008877,CNT-008877,3748873.48,0.937
MPLADS-008878,CNT-008878,1721798.68,0.9097
MPLADS-008879,CNT-008879,3682643.47,0.6047
MPLADS-008880,CNT-008880,427443.58,0.6048
MPLADS-008881,CNT-008881,2838232.05,0.6952
MPLADS-008882,CNT-008882,225810.2,0.6094
MPLADS-008883,CNT-008883,1344581.33,0.9987
MPLADS-008884,CNT-008884,800768.78,1.3556
MPLADS-008885,CNT-008885,3166436.51,0.7103
MPLADS-008886,CNT-008886,3923988.08,0.9061
MPLADS-008887,CNT-008887,3105356.01,0.7853
MPLADS-008888,CNT-008888,456851.65,0.94
MPLADS-008889,CNT-008889,2820771.94,0.6283
MPLADS-008890,CNT-008890,3373493.26,0.9749
MPLADS-008891,CNT-008891,1263276.76,0.9837
MPLADS-008892,CNT-008892,3568657.72,0.8677
MPLADS-008893,CNT-008893,439668.04,0.7221
MPLADS-008894,CNT-008894,2559642.55,0.9474
MPLADS-008895,CNT-008895,995978.72,0.7406
MPLADS-008896,CNT-008896,2605616.33,0.9564
MPLADS-008897,CNT-008897,2753640.53,0.8576
MPLADS-008898,CNT-008898,801486.9,0.8885
MPLADS-008899,CNT-008899,391774.12,0.7274
MPLADS-008900,CNT-008900,3584285.16,0.6345
MPLADS-008901,CNT-008901,7856658.26,0.6197
MPLADS-008902,CNT-008902,3020900.94,0.8544
MPLADS-008903,CNT-008903,1248650.15,0.7624
MPLADS-008904,CNT-008904,796638.47,0.9572
MPLADS-008905,CNT-008905,241299.88,0.6468
MPLADS-008906,CNT-008906,2751590.98,0.9273
MPLADS-008907,CNT-008907,1106974.36,0.9111
MPLADS-008908,CNT-008908,970945.32,0.7875
MPLADS-008909,CNT-008909,676631.78,0.7815
MPLADS-008910,CNT-008910,2575691.2,1.3877
MPLADS-008911,CNT-008911,2768092.19,0.7352
MPLADS-008912,CNT-008912,238495.11,0.9907
MPLADS-008913,CNT-008913,234368.31,0.9532
MPLADS-008914,CNT-008914,2056940.29,1.0
MPLADS-008915,CNT-008915,757581.58,0.9411
MPLADS-008916,CNT-008916,3226969.11,0.6693
MPLADS-008917,CNT-008917,2991254.13,0.9318
MPLADS-008918,CNT-008918,465914.3,0.9912
MPLADS-008919,CNT-008919,791676.46,0.7478
MPLADS-008920,CNT-008920,2157949.67,0.8768
MPLADS-008921,CNT-008921,1218297.95,0.8671
MPLADS-008922,CNT-008922,2399198.21,0.9789
MPLADS-008923,CNT-008923,471826.13,0.635
MPLADS-008924,CNT-008924,442294.94,0.8452
MPLADS-008925,CNT-008925,383925.69,0.6473
MPLADS-008926,CNT-008926,11985489.08,0.9664
MPLADS-008927,CNT-008927,6267532.41,0.9747
MPLADS-008928,CNT-008928,10653276.31,0.6531
MPLADS-008929,CNT-008929,453549.33,0.894
MPLADS-008930,CNT-008930,385221.93,1.2208
MPLADS-008931,CNT-008931,2651797.32,0.6141
MPLADS-008932,CNT-008932,2589619.43,0.9969
MPLADS-008933,CNT-008933,2588760.82,0.8681
MPLADS-008934,CNT-008934,3254679.55,0.7748
MPLADS-008935,CNT-008935,465948.25,0.733
MPLADS-008936,CNT-008936,3683318.91,0.8032
MPLADS-008937,CNT-008937,817458.58,0.8196
MPLADS-008938,CNT-008938,467871.68,0.9007
MPLADS-008939,CNT-008939,7926685.32,0.9351
MPLADS-008940,CNT-008940,1791886.28,0.8659
MPLADS-008941,CNT-008941,3281296.14,0.8019
MPLADS-008942,CNT-008942,2703915.51,0.777
MPLADS-008943,CNT-008943,2630207.05,0.9042
MPLADS-008944,CNT-008944,704544.17,0.938
MPLADS-008945,CNT-008945,2687008.77,1.3783
MPLADS-008946,CNT-008946,1170881.98,0.8735
MPLADS-008947,CNT-008947,2979568.81,0.6126
MPLADS-008948,CNT-008948,802029.64,1.3387
MPLADS-008949,CNT-008949,3081097.89,0.9381
MPLADS-008950,CNT-008950,1845341.5,0.7487
MPLADS-008951,CNT-008951,1018586.36,0.94
MPLADS-008952,CNT-008952,1864360.19,0.94
MPLADS-008953,CNT-008953,530600.53,0.798
MPLADS-008954,CNT-008954,853881.23,0.8633
MPLADS-008955,CNT-008955,3979390.35,0.7662
MPLADS-008956,CNT-008956,3164500.51,0.8419
MPLADS-008957,CNT-008957,2756835.3,0.8017
MPLADS-008958,CNT-008958,191387.2,1.2882
MPLADS-008959,CNT-008959,8789657.97,0.7705
MPLADS-008960,CNT-008960,2394436.36,0.7434
MPLADS-008961,CNT-008961,3178051.09,0.9379
MPLADS-008962,CNT-008962,2692023.57,0.8556
MPLADS-008963,CNT-008963,3198014.31,0.6858
MPLADS-008964,CNT-008964,3758434.47,0.7252
MPLADS-008965,CNT-008965,821141.04,0.8084
MPLADS-008966,CNT-008966,2377780.09,0.619
MPLADS-008967,CNT-008967,2365049.26,0.963
MPLADS-008968,CNT-008968,188748.97,0.918
MPLADS-008969,CNT-008969,535801.94,0.8722
MPLADS-008970,CNT-008970,790265.83,0.6919
MPLADS-008971,CNT-008971,1822285.1,0.885
MPLADS-008972,CNT-008972,2616449.96,0.94
MPLADS-008973,CNT-008973,649698.11,0.7405
MPLADS-008974,CNT-008974,11142430.55,0.9589
MPLADS-008975,CNT-008975,3810351.37,0.6354
MPLADS-008976,CNT-008976,445460.2,0.6776
MPLADS-008977,CNT-008977,908162.03,0.7002
MPLADS-008978,CNT-008978,663499.02,0.6789
MPLADS-008979,CNT-008979,3338503.23,0.6294
MPLADS-008980,CNT-008980,726551.29,0.8374
MPLADS-008981,CNT-008981,1217728.2,0.63
MPLADS-008982,CNT-008982,454105.11,1.4461
MPLADS-008983,CNT-008983,2432931.35,0.671
MPLADS-008984,CNT-008984,1937057.64,0.7367
MPLADS-008985,CNT-008985,427078.01,0.8043
MPLADS-008986,CNT-008986,5192594.51,0.8276
MPLADS-008987,CNT-008987,1014220.14,0.6455
MPLADS-008988,CNT-008988,1368287.23,1.3668
MPLADS-008989,CNT-008989,197283.14,1.3491
MPLADS-008990,CNT-008990,1850732.73,0.779
MPLADS-008991,CNT-008991,461991.23,0.6849
MPLADS-008992,CNT-008992,1892505.63,0.868
MPLADS-008993,CNT-008993,2429628.39,0.9533
MPLADS-008994,CNT-008994,10533923.7,0.966
MPLADS-008995,CNT-008995,516328.99,0.9683
MPLADS-008996,CNT-008996,735209.83,0.7635
MPLADS-008997,CNT-008997,2400253.0,0.8525
MPLADS-008998,CNT-008998,434726.81,0.7709
MPLADS-008999,CNT-008999,1719163.28,0.686
MPLADS-009000,CNT-009000,505824.22,0.7088
MPLADS-009001,CNT-009001,1162508.21,0.9346
MPLADS-009002,CNT-009002,2715186.09,0.8293
MPLADS-009003,CNT-009003,477941.47,0.9599
MPLADS-009004,CNT-009004,3592183.06,0.8865
MPLADS-009005,CNT-009005,8509063.12,0.6987
MPLADS-009006,CNT-009006,665208.55,0.94
MPLADS-009007,CNT-009007,2003550.51,0.6576
MPLADS-009008,CNT-009008,796449.63,0.7772
MPLADS-009009,CNT-009009,3111870.0,1.0
MPLADS-009010,CNT-009010,1205805.45,0.9094
MPLADS-009011,CNT-009011,384381.04,0.9329
MPLADS-009012,CNT-009012,2837643.24,0.6891
MPLADS-009013,CNT-009013,3971999.41,0.94
MPLADS-009014,CNT-009014,1191122.24,0.8008
MPLADS-009015,CNT-009015,1711793.39,0.9683
MPLADS-009016,CNT-009016,1493277.09,0.706
MPLADS-009017,CNT-009017,949351.78,0.6193
MPLADS-009018,CNT-009018,1003337.9,0.8777
MPLADS-009019,CNT-009019,547366.86,0.6996
MPLADS-009020,CNT-009020,1350827.6,0.9191
MPLADS-009021,CNT-009021,2620964.14,0.6264
MPLADS-009022,CNT-009022,1037717.1,0.613
MPLADS-009023,CNT-009023,542733.5,0.8877
MPLADS-009024,CNT-009024,1321059.08,0.673
MPLADS-009025,CNT-009025,2837471.71,0.8745
MPLADS-009026,CNT-009026,778385.02,0.6816
MPLADS-009027,CNT-009027,2663869.85,0.6148
MPLADS-009028,CNT-009028,384836.01,0.6826
MPLADS-009029,CNT-009029,446762.23,0.9902
MPLADS-009030,CNT-009030,2746825.02,0.94
MPLADS-009031,CNT-009031,1355136.86,0.9876
MPLADS-009032,CNT-009032,227942.65,0.6198
MPLADS-009033,CNT-009033,2528912.01,0.9142
MPLADS-009034,CNT-009034,767544.13,0.9889
MPLADS-009035,CNT-009035,481554.71,0.7828
MPLADS-009036,CNT-009036,2631820.25,0.7835
MPLADS-009037,CNT-009037,1857155.0,0.6245
MPLADS-009038,CNT-009038,485342.64,0.7825
MPLADS-009039,CNT-009039,3513213.99,0.9177
MPLADS-009040,CNT-009040,3925078.89,0.9503
MPLADS-009041,CNT-009041,810035.38,0.9541
MPLADS-009042,CNT-009042,469750.81,0.804
MPLADS-009043,CNT-009043,1862440.34,0.9578
MPLADS-009044,CNT-009044,3927266.16,0.6046
MPLADS-009045,CNT-009045,772297.54,0.6746
MPLADS-009046,CNT-009046,427022.74,0.6985
MPLADS-009047,CNT-009047,802151.02,0.94
MPLADS-009048,CNT-009048,528402.56,0.8082
MPLADS-009049,CNT-009049,3834683.81,0.7185
MPLADS-009050,CNT-009050,1032907.28,0.9108
MPLADS-009051,CNT-009051,3982943.9,0.9981
MPLADS-009052,CNT-009052,9114856.11,0.7255
MPLADS-009053,CNT-009053,1065652.0,0.8003
MPLADS-009054,CNT-009054,3304431.43,0.6746
MPLADS-009055,CNT-009055,8739455.92,0.8339
MPLADS-009056,CNT-009056,526767.63,0.7662
MPLADS-009057,CNT-009057,428018.59,0.9453
MPLADS-009058,CNT-009058,553423.91,0.8876
MPLADS-009059,CNT-009059,794048.54,0.7895
MPLADS-009060,CNT-009060,202070.48,0.976
MPLADS-009061,CNT-009061,1958260.32,0.735
MPLADS-009062,CNT-009062,12520081.12,0.7329
MPLADS-009063,CNT-009063,217945.84,0.6823
MPLADS-009064,CNT-009064,1339843.83,0.8553
MPLADS-009065,CNT-009065,2455880.33,0.77
MPLADS-009066,CNT-009066,1197418.48,0.7985
MPLADS-009067,CNT-009067,473122.96,1.0
MPLADS-009068,CNT-009068,2417103.91,1.0
MPLADS-009069,CNT-009069,7488118.68,0.7489
MPLADS-009070,CNT-009070,792949.61,0.94
MPLADS-009071,CNT-009071,1505007.31,0.6869
MPLADS-009072,CNT-009072,2708668.22,1.446
MPLADS-009073,CNT-009073,744063.97,0.6373
MPLADS-009074,CNT-009074,1769806.17,0.94
MPLADS-009075,CNT-009075,702307.01,1.4452
MPLADS-009076,CNT-009076,2885579.34,0.6132
MPLADS-009077,CNT-009077,785004.16,0.7139
MPLADS-009078,CNT-009078,1656154.56,0.7823
MPLADS-009079,CNT-009079,3012260.06,0.8972
MPLADS-009080,CNT-009080,2746001.26,0.8274
MPLADS-009081,CNT-009081,572130.56,0.9046
MPLADS-009082,CNT-009082,2941548.37,0.7979
MPLADS-009083,CNT-009083,568575.12,0.7937
MPLADS-009084,CNT-009084,1735752.47,0.6114
MPLADS-009085,CNT-009085,569751.14,0.94
MPLADS-009086,CNT-009086,12146850.25,0.6016
MPLADS-009087,CNT-009087,2454333.85,0.9241
MPLADS-009088,CNT-009088,484619.12,0.9968
MPLADS-009089,CNT-009089,421864.68,0.7603
MPLADS-009090,CNT-009090,998450.42,0.8452
MPLADS-009091,CNT-009091,497558.65,0.6638
MPLADS-009092,CNT-009092,2866536.6,0.8908
MPLADS-009093,CNT-009093,2285248.7,0.7863
MPLADS-009094,CNT-009094,4016635.03,0.7069
MPLADS-009095,CNT-009095,2735599.17,0.7226
MPLADS-009096,CNT-009096,2972708.94,0.8629
MPLADS-009097,CNT-009097,1085523.41,0.661
MPLADS-009098,CNT-009098,790869.09,0.8176
MPLADS-009099,CNT-009099,384270.34,0.616
MPLADS-009100,CNT-009100,1750322.88,0.8206
MPLADS-009101,CNT-009101,567591.19,0.9433
MPLADS-009102,CNT-009102,1307996.83,0.9721
MPLADS-009103,CNT-009103,217928.25,1.2858
MPLADS-009104,CNT-009104,2562851.83,0.7383
MPLADS-009105,CNT-009105,2777564.42,0.834
MPLADS-009106,CNT-009106,240394.81,0.7108
MPLADS-009107,CNT-009107,2376556.66,0.8488
MPLADS-009108,CNT-009108,472584.96,0.9524
MPLADS-009109,CNT-009109,483018.99,0.8403
MPLADS-009110,CNT-009110,967697.1,0.6658
MPLADS-009111,CNT-009111,2824474.15,0.8353
MPLADS-009112,CNT-009112,2209751.85,0.9507
MPLADS-009113,CNT-009113,1314157.52,0.8032
MPLADS-009114,CNT-009114,3675705.65,0.7448
MPLADS-009115,CNT-009115,494105.44,0.71
MPLADS-009116,CNT-009116,461864.24,0.9792
MPLADS-009117,CNT-009117,455682.92,0.7367
MPLADS-009118,CNT-009118,857857.17,0.705
MPLADS-009119,CNT-009119,2050968.3,0.9722
MPLADS-009120,CNT-009120,938736.22,0.8188
MPLADS-009121,CNT-009121,858563.56,0.7694
MPLADS-009122,CNT-009122,507421.0,0.6469
MPLADS-009123,CNT-009123,464083.51,0.94
MPLADS-009124,CNT-009124,836824.82,0.9649
MPLADS-009125,CNT-009125,10082602.62,0.603
MPLADS-009126,CNT-009126,1531012.29,0.753
MPLADS-009127,CNT-009127,9390266.4,0.8823
MPLADS-009128,CNT-009128,9764845.08,0.7703
MPLADS-009129,CNT-009129,2068829.13,0.9526
MPLADS-009130,CNT-009130,244370.79,0.872
MPLADS-009131,CNT-009131,1965007.84,0.7577
MPLADS-009132,CNT-009132,3795286.42,1.0
MPLADS-009133,CNT-009133,2616030.25,0.6417
MPLADS-009134,CNT-009134,3130999.48,0.9417
MPLADS-009135,CNT-009135,965417.19,0.94
MPLADS-009136,CNT-009136,3281062.15,0.6832
MPLADS-009137,CNT-009137,810056.63,0.9553
MPLADS-009138,CNT-009138,1925893.06,0.9964
MPLADS-009139,CNT-009139,1002902.8,1.3076
MPLADS-009140,CNT-009140,2999634.21,0.8725
MPLADS-009141,CNT-009141,776931.76,0.9672
MPLADS-009142,CNT-009142,457585.7,0.8629
MPLADS-009143,CNT-009143,2962397.5,0.6354
MPLADS-009144,CNT-009144,1656940.16,0.7632
MPLADS-009145,CNT-009145,1936705.44,0.7954
MPLADS-009146,CNT-009146,2690942.71,0.8958
MPLADS-009147,CNT-009147,993971.86,0.9895
MPLADS-009148,CNT-009148,1629528.98,0.7016
MPLADS-009149,CNT-009149,506759.75,0.8453
MPLADS-009150,CNT-009150,3895085.6,0.6827
MPLADS-009151,CNT-009151,3975096.93,1.4211
MPLADS-009152,CNT-009152,3567942.4,0.94
MPLADS-009153,CNT-009153,529012.12,0.6961
MPLADS-009154,CNT-009154,200900.0,0.8565
MPLADS-009155,CNT-009155,2686534.55,0.6839
MPLADS-009156,CNT-009156,1591129.68,0.6844
MPLADS-009157,CNT-009157,1168870.79,0.9335
MPLADS-009158,CNT-009158,2807936.15,0.7385
MPLADS-009159,CNT-009159,3870562.45,0.9107
MPLADS-009160,CNT-009160,2822630.46,0.6684
MPLADS-009161,CNT-009161,1071525.12,0.7738
MPLADS-009162,CNT-009162,2742319.35,0.8459
MPLADS-009163,CNT-009163,491534.51,0.6735
MPLADS-009164,CNT-009164,397601.04,0.6515
MPLADS-009165,CNT-009165,6205254.48,0.6373
MPLADS-009166,CNT-009166,752393.53,0.6506
MPLADS-009167,CNT-009167,2811334.12,0.618
MPLADS-009168,CNT-009168,1316639.4,0.9377
MPLADS-009169,CNT-009169,401332.77,0.7895
MPLADS-009170,CNT-009170,6503248.52,0.6268
MPLADS-009171,CNT-009171,1288128.76,1.2971
MPLADS-009172,CNT-009172,2855977.21,0.7906
MPLADS-009173,CNT-009173,216830.44,0.9451
MPLADS-009174,CNT-009174,491984.66,0.8559
MPLADS-009175,CNT-009175,2572886.03,1.0
MPLADS-009176,CNT-009176,808372.25,0.9706
MPLADS-009177,CNT-009177,217119.43,0.6944
MPLADS-009178,CNT-009178,221642.56,0.6539
MPLADS-009179,CNT-009179,1689084.96,0.9147
MPLADS-009180,CNT-009180,426207.35,0.94
MPLADS-009181,CNT-009181,804967.88,0.8156
MPLADS-009182,CNT-009182,1419345.64,0.9072
MPLADS-009183,CNT-009183,2136429.09,0.6019
MPLADS-009184,CNT-009184,3168814.97,0.6201
MPLADS-009185,CNT-009185,1913976.98,0.9669
MPLADS-009186,CNT-009186,1309654.48,0.7212
MPLADS-009187,CNT-009187,502558.73,0.8164
MPLADS-009188,CNT-009188,3491883.6,0.9843
MPLADS-009189,CNT-009189,11022590.5,0.9154
MPLADS-009190,CNT-009190,215117.16,0.7918
MPLADS-009191,CNT-009191,8016147.78,0.9271
MPLADS-009192,CNT-009192,195048.68,0.9951
MPLADS-009193,CNT-009193,3017329.87,0.7665
MPLADS-009194,CNT-009194,6099326.78,0.9296
MPLADS-009195,CNT-009195,1019652.82,0.8715
MPLADS-009196,CNT-009196,4018683.4,0.6666
MPLADS-009197,CNT-009197,865141.52,0.8835
MPLADS-009198,CNT-009198,772385.94,1.3089
MPLADS-009199,CNT-009199,856027.18,0.7044
MPLADS-009200,CNT-009200,2955744.19,0.9161
MPLADS-009201,CNT-009201,3948894.96,0.6478
MPLADS-009202,CNT-009202,3641790.66,0.809
MPLADS-009203,CNT-009203,810751.11,0.7974
MPLADS-009204,CNT-009204,716617.95,0.8358
MPLADS-009205,CNT-009205,2883252.96,0.9367
MPLADS-009206,CNT-009206,836381.63,0.94
MPLADS-009207,CNT-009207,3002695.78,0.8369
MPLADS-009208,CNT-009208,410232.23,0.6477
MPLADS-009209,CNT-009209,773790.4,0.6612
MPLADS-009210,CNT-009210,778271.11,0.7208
MPLADS-009211,CNT-009211,416423.97,0.7766
MPLADS-009212,CNT-009212,224084.1,0.7877
MPLADS-009213,CNT-009213,1957543.08,0.6699
MPLADS-009214,CNT-009214,700271.78,0.9972
MPLADS-009215,CNT-009215,433699.5,0.666
MPLADS-009216,CNT-009216,2543533.07,0.8578
MPLADS-009217,CNT-009217,2442660.22,0.7739
MPLADS-009218,CNT-009218,3791342.21,1.238
MPLADS-009219,CNT-009219,3689495.75,0.9865
MPLADS-009220,CNT-009220,1192806.15,0.9691
MPLADS-009221,CNT-009221,10567064.62,0.9621
MPLADS-009222,CNT-009222,509934.88,0.9811
MPLADS-009223,CNT-009223,1989893.09,0.8851
MPLADS-009224,CNT-009224,765084.83,0.8354
MPLADS-009225,CNT-009225,2417707.54,0.8381
MPLADS-009226,CNT-009226,502670.17,0.8349
MPLADS-009227,CNT-009227,458540.69,0.8654
MPLADS-009228,CNT-009228,987634.69,0.7089
MPLADS-009229,CNT-009229,829571.83,0.8978
MPLADS-009230,CNT-009230,677248.17,0.6307
MPLADS-009231,CNT-009231,1681453.13,0.8657
MPLADS-009232,CNT-009232,774278.23,0.9074
MPLADS-009233,CNT-009233,2370147.25,0.9162
MPLADS-009234,CNT-009234,5477084.29,0.6223
MPLADS-009235,CNT-009235,451242.94,0.8196
MPLADS-009236,CNT-009236,571010.58,0.9879
MPLADS-009237,CNT-009237,2423890.76,0.9029
MPLADS-009238,CNT-009238,198643.47,0.94
MPLADS-009239,CNT-009239,401843.98,0.6691
MPLADS-009240,CNT-009240,2479753.77,0.8875
MPLADS-009241,CNT-009241,535070.38,0.6689
MPLADS-009242,CNT-009242,480182.54,0.8041
MPLADS-009243,CNT-009243,2547122.87,0.8282
MPLADS-009244,CNT-009244,1292620.41,0.687
MPLADS-009245,CNT-009245,244161.73,0.9426
MPLADS-009246,CNT-009246,3671649.96,0.6324
MPLADS-009247,CNT-009247,2631918.97,0.6718
MPLADS-009248,CNT-009248,849573.42,0.9414
MPLADS-009249,CNT-009249,1811332.89,0.6472
MPLADS-009250,CNT-009250,1256075.33,0.7841
MPLADS-009251,CNT-009251,471420.5,0.8993
MPLADS-009252,CNT-009252,485401.8,0.7404
MPLADS-009253,CNT-009253,188296.66,0.873
MPLADS-009254,CNT-009254,191554.78,0.857
MPLADS-009255,CNT-009255,1259519.92,0.9667
MPLADS-009256,CNT-009256,810886.72,0.7931
MPLADS-009257,CNT-009257,3289406.31,1.0
MPLADS-009258,CNT-009258,208919.87,0.94
MPLADS-009259,CNT-009259,2075372.89,0.902
MPLADS-009260,CNT-009260,211638.97,0.6839
MPLADS-009261,CNT-009261,3042801.84,0.7102
MPLADS-009262,CNT-009262,4621501.39,0.9308
MPLADS-009263,CNT-009263,3226444.81,0.9267
MPLADS-009264,CNT-009264,1156897.01,0.6755
MPLADS-009265,CNT-009265,3571155.96,0.8441
MPLADS-009266,CNT-009266,214801.88,0.8194
MPLADS-009267,CNT-009267,1590385.18,0.718
MPLADS-009268,CNT-009268,1266862.98,0.8024
MPLADS-009269,CNT-009269,245974.19,0.8183
MPLADS-009270,CNT-009270,685444.86,0.8332
MPLADS-009271,CNT-009271,7972468.57,0.8462
MPLADS-009272,CNT-009272,409701.22,0.8275
MPLADS-009273,CNT-009273,2724068.46,0.668
MPLADS-009274,CNT-009274,189643.49,0.7762
MPLADS-009275,CNT-009275,747458.28,0.9442
MPLADS-009276,CNT-009276,6547076.52,0.9512
MPLADS-009277,CNT-009277,427172.53,0.685
MPLADS-009278,CNT-009278,1163003.6,0.9653
MPLADS-009279,CNT-009279,830334.14,0.94
MPLADS-009280,CNT-009280,2767619.85,0.8318
MPLADS-009281,CNT-009281,395834.27,0.914
MPLADS-009282,CNT-009282,2408833.92,0.7001
MPLADS-009283,CNT-009283,838135.97,0.8691
MPLADS-009284,CNT-009284,878968.31,0.6751
MPLADS-009285,CNT-009285,1796448.97,1.2605
MPLADS-009286,CNT-009286,478083.11,0.889
MPLADS-009287,CNT-009287,2348236.06,0.9536
MPLADS-009288,CNT-009288,841711.79,0.785
MPLADS-009289,CNT-009289,7213272.33,0.7694
MPLADS-009290,CNT-009290,659566.51,0.961
MPLADS-009291,CNT-009291,770811.86,0.9793
MPLADS-009292,CNT-009292,11040788.81,0.726
MPLADS-009293,CNT-009293,1819360.12,0.8228
MPLADS-009294,CNT-009294,188382.89,0.9012
MPLADS-009295,CNT-009295,464214.96,0.9243
MPLADS-009296,CNT-009296,809124.35,0.9989
MPLADS-009297,CNT-009297,472026.12,0.8786
MPLADS-009298,CNT-009298,3128822.59,0.7027
MPLADS-009299,CNT-009299,1568403.29,0.8209
MPLADS-009300,CNT-009300,2792943.33,0.762
MPLADS-009301,CNT-009301,2868690.43,0.8779
MPLADS-009302,CNT-009302,1988837.98,0.94
MPLADS-009303,CNT-009303,236910.18,0.952
MPLADS-009304,CNT-009304,2637237.34,0.7119
MPLADS-009305,CNT-009305,251713.36,0.7426
MPLADS-009306,CNT-009306,1303242.08,1.3974
MPLADS-009307,CNT-009307,707592.06,0.6734
MPLADS-009308,CNT-009308,2685253.2,0.83
MPLADS-009309,CNT-009309,446041.99,0.6191
MPLADS-009310,CNT-009310,2294227.25,0.9021
MPLADS-009311,CNT-009311,3031440.15,0.8539
MPLADS-009312,CNT-009312,212481.86,0.9504
MPLADS-009313,CNT-009313,2269438.05,0.7163
MPLADS-009314,CNT-009314,531731.24,0.8083
MPLADS-009315,CNT-009315,9351941.47,0.7931
MPLADS-009316,CNT-009316,1853860.46,0.94
MPLADS-009317,CNT-009317,1794583.13,0.7532
MPLADS-009318,CNT-009318,2252570.68,0.7835
MPLADS-009319,CNT-009319,2053457.01,0.7468
MPLADS-009320,CNT-009320,395347.47,0.8665
MPLADS-009321,CNT-009321,3927405.33,0.94
MPLADS-009322,CNT-009322,233980.85,0.8918
MPLADS-009323,CNT-009323,2736746.86,0.8361
MPLADS-009324,CNT-009324,4001357.35,0.9659
MPLADS-009325,CNT-009325,894118.92,0.9472
MPLADS-009326,CNT-009326,2206285.59,0.8479
MPLADS-009327,CNT-009327,861725.15,1.4177
MPLADS-009328,CNT-009328,508330.56,0.8451
MPLADS-009329,CNT-009329,2252537.39,0.9682
MPLADS-009330,CNT-009330,1789318.97,0.7586
MPLADS-009331,CNT-009331,488853.72,0.962
MPLADS-009332,CNT-009332,11462891.12,0.7076
MPLADS-009333,CNT-009333,242507.25,0.6535
MPLADS-009334,CNT-009334,1595172.24,0.625
MPLADS-009335,CNT-009335,418240.16,0.8326
MPLADS-009336,CNT-009336,1986709.57,0.6824
MPLADS-009337,CNT-009337,222925.25,0.6438
MPLADS-009338,CNT-009338,3805290.75,0.778
MPLADS-009339,CNT-009339,507186.28,0.7099
MPLADS-009340,CNT-009340,226558.43,0.699
MPLADS-009341,CNT-009341,3032900.83,0.9032
MPLADS-009342,CNT-009342,819681.01,0.788
MPLADS-009343,CNT-009343,2912116.29,0.7609
MPLADS-009344,CNT-009344,832957.47,0.8493
MPLADS-009345,CNT-009345,1952074.19,0.6015
MPLADS-009346,CNT-009346,3004993.4,0.7039
MPLADS-009347,CNT-009347,2400469.55,0.9428
MPLADS-009348,CNT-009348,518431.09,0.6105
MPLADS-009349,CNT-009349,511864.27,0.94
MPLADS-009350,CNT-009350,3691774.68,0.6389
MPLADS-009351,CNT-009351,797269.46,0.7501
MPLADS-009352,CNT-009352,1265047.22,0.8358
MPLADS-009353,CNT-009353,1038937.04,0.8952
MPLADS-009354,CNT-009354,978346.3,0.6632
MPLADS-009355,CNT-009355,1361381.46,0.6223
MPLADS-009356,CNT-009356,2847196.6,0.6779
MPLADS-009357,CNT-009357,1375595.36,0.6846
MPLADS-009358,CNT-009358,2429698.4,0.9279
MPLADS-009359,CNT-009359,674048.88,0.822
MPLADS-009360,CNT-009360,2464000.1,0.7363
MPLADS-009361,CNT-009361,2346574.94,0.6606
MPLADS-009362,CNT-009362,394261.85,0.9724
MPLADS-009363,CNT-009363,459076.03,0.6543
MPLADS-009364,CNT-009364,2538496.57,0.6819
MPLADS-009365,CNT-009365,845990.6,0.8632
MPLADS-009366,CNT-009366,187020.18,0.9608
MPLADS-009367,CNT-009367,1904491.18,0.9274
MPLADS-009368,CNT-009368,1052848.67,0.8534
MPLADS-009369,CNT-009369,2779811.32,0.8223
MPLADS-009370,CNT-009370,875522.67,0.864
MPLADS-009371,CNT-009371,512554.83,0.9709
MPLADS-009372,CNT-009372,2512111.8,0.9449
MPLADS-009373,CNT-009373,1768097.94,0.6512
MPLADS-009374,CNT-009374,1255753.44,0.655
MPLADS-009375,CNT-009375,704156.14,0.9503
MPLADS-009376,CNT-009376,1660874.66,0.6545
MPLADS-009377,CNT-009377,2462101.44,0.8831
MPLADS-009378,CNT-009378,452035.83,0.6364
MPLADS-009379,CNT-009379,210382.37,0.9554
MPLADS-009380,CNT-009380,450382.84,0.6396
MPLADS-009381,CNT-009381,1065586.4,0.6801
MPLADS-009382,CNT-009382,383886.99,0.8545
MPLADS-009383,CNT-009383,789188.07,0.6233
MPLADS-009384,CNT-009384,3093764.93,0.8161
MPLADS-009385,CNT-009385,474170.24,0.7793
MPLADS-009386,CNT-009386,10044020.87,0.9812
MPLADS-009387,CNT-009387,218002.49,0.6613
MPLADS-009388,CNT-009388,1099134.38,0.7996
MPLADS-009389,CNT-009389,215335.23,0.6937
MPLADS-009390,CNT-009390,1555735.78,0.94
MPLADS-009391,CNT-009391,429075.71,0.693
MPLADS-009392,CNT-009392,1638178.23,0.8729
MPLADS-009393,CNT-009393,2896567.58,0.8313
MPLADS-009394,CNT-009394,2605823.9,0.9635
MPLADS-009395,CNT-009395,12387696.16,0.8707
MPLADS-009396,CNT-009396,3861724.54,0.9771
MPLADS-009397,CNT-009397,726837.53,0.6593
MPLADS-009398,CNT-009398,2738301.07,0.8579
MPLADS-009399,CNT-009399,697377.77,0.9868
MPLADS-009400,CNT-009400,501261.8,0.94
MPLADS-009401,CNT-009401,2131034.94,1.0
MPLADS-009402,CNT-009402,894436.96,0.6042
MPLADS-009403,CNT-009403,2148170.32,0.7459
MPLADS-009404,CNT-009404,3388648.8,0.7542
MPLADS-009405,CNT-009405,3005517.79,1.0
MPLADS-009406,CNT-009406,2879317.92,0.94
MPLADS-009407,CNT-009407,707515.88,0.8838
MPLADS-009408,CNT-009408,3198070.67,0.8832
MPLADS-009409,CNT-009409,1987384.61,0.8311
MPLADS-009410,CNT-009410,3344774.74,0.8065
MPLADS-009411,CNT-009411,2399034.37,0.6805
MPLADS-009412,CNT-009412,1887599.46,0.6266
MPLADS-009413,CNT-009413,478094.07,0.6891
MPLADS-009414,CNT-009414,2569700.0,0.8318
MPLADS-009415,CNT-009415,2520051.93,0.6172
MPLADS-009416,CNT-009416,1776696.46,0.94
MPLADS-009417,CNT-009417,4543732.08,0.6572
MPLADS-009418,CNT-009418,230018.59,0.8148
MPLADS-009419,CNT-009419,514859.2,0.9468
MPLADS-009420,CNT-009420,2466073.25,0.8447
MPLADS-009421,CNT-009421,1182219.34,0.9322
MPLADS-009422,CNT-009422,1348679.79,0.842
MPLADS-009423,CNT-009423,2840478.92,0.9689
MPLADS-009424,CNT-009424,670085.83,0.8978
MPLADS-009425,CNT-009425,703552.94,0.9124
MPLADS-009426,CNT-009426,1688124.99,0.7819
MPLADS-009427,CNT-009427,229627.57,0.7052
MPLADS-009428,CNT-009428,3349310.7,0.8072
MPLADS-009429,CNT-009429,2456746.9,0.8839
MPLADS-009430,CNT-009430,2463356.68,0.7814
MPLADS-009431,CNT-009431,1092944.05,0.6443
MPLADS-009432,CNT-009432,725574.28,0.9567
MPLADS-009433,CNT-009433,562113.11,0.6633
MPLADS-009434,CNT-009434,860240.54,0.9911
MPLADS-009435,CNT-009435,8293751.93,0.9715
MPLADS-009436,CNT-009436,3796007.7,1.0
MPLADS-009437,CNT-009437,248540.59,0.9125
MPLADS-009438,CNT-009438,2989578.63,0.6247
MPLADS-009439,CNT-009439,1318871.53,0.7685
MPLADS-009440,CNT-009440,1953614.9,1.0
MPLADS-009441,CNT-009441,903986.28,0.7437
MPLADS-009442,CNT-009442,3478751.59,0.6824
MPLADS-009443,CNT-009443,1849621.48,1.4223
MPLADS-009444,CNT-009444,1061810.8,0.7159
MPLADS-009445,CNT-009445,493729.04,0.94
MPLADS-009446,CNT-009446,1940893.82,0.7653
MPLADS-009447,CNT-009447,3037814.06,0.6543
MPLADS-009448,CNT-009448,865180.52,0.8438
MPLADS-009449,CNT-009449,6822683.85,0.9534
MPLADS-009450,CNT-009450,1195504.21,0.9212
MPLADS-009451,CNT-009451,5618323.26,0.946
MPLADS-009452,CNT-009452,1975861.49,0.9335
MPLADS-009453,CNT-009453,2544700.95,0.6166
MPLADS-009454,CNT-009454,3094811.32,0.9619
MPLADS-009455,CNT-009455,3334634.45,0.7917
MPLADS-009456,CNT-009456,1962346.35,0.8786
MPLADS-009457,CNT-009457,465859.29,0.94
MPLADS-009458,CNT-009458,231400.47,0.6813
MPLADS-009459,CNT-009459,2696973.4,1.0
MPLADS-009460,CNT-009460,235091.41,0.7987
MPLADS-009461,CNT-009461,3944414.15,0.9641
MPLADS-009462,CNT-009462,525585.74,0.7005
MPLADS-009463,CNT-009463,426376.28,0.7051
MPLADS-009464,CNT-009464,2711220.86,0.8002
MPLADS-009465,CNT-009465,2479129.44,0.8435
MPLADS-009466,CNT-009466,226252.62,0.9512
MPLADS-009467,CNT-009467,473786.42,0.727
MPLADS-009468,CNT-009468,4006755.98,0.9684
MPLADS-009469,CNT-009469,3420229.84,0.98
MPLADS-009470,CNT-009470,390859.94,0.7588
MPLADS-009471,CNT-009471,832687.01,0.9949
MPLADS-009472,CNT-009472,449926.33,0.687
MPLADS-009473,CNT-009473,206637.42,1.0
MPLADS-009474,CNT-009474,2165069.28,0.8004
MPLADS-009475,CNT-009475,480021.49,0.8717
MPLADS-009476,CNT-009476,2491331.73,0.7164
MPLADS-009477,CNT-009477,516623.88,0.9399
MPLADS-009478,CNT-009478,515605.55,0.8765
MPLADS-009479,CNT-009479,2516786.04,0.7156
MPLADS-009480,CNT-009480,1609708.64,0.799
MPLADS-009481,CNT-009481,189529.66,0.6472
MPLADS-009482,CNT-009482,13869437.91,0.635
MPLADS-009483,CNT-009483,894528.68,0.8522
MPLADS-009484,CNT-009484,9330791.98,0.8534
MPLADS-009485,CNT-009485,2752134.86,0.7469
MPLADS-009486,CNT-009486,1087236.63,0.9218
MPLADS-009487,CNT-009487,3562611.51,0.8881
MPLADS-009488,CNT-009488,482624.01,0.6933
MPLADS-009489,CNT-009489,891822.16,0.9616
MPLADS-009490,CNT-009490,1355916.45,0.6419
MPLADS-009491,CNT-009491,443221.93,0.9299
MPLADS-009492,CNT-009492,448178.98,0.9899
MPLADS-009493,CNT-009493,9417686.95,0.9027
MPLADS-009494,CNT-009494,2248151.75,0.94
MPLADS-009495,CNT-009495,437126.37,0.7426
MPLADS-009496,CNT-009496,1991545.17,0.743
MPLADS-009497,CNT-009497,634476.44,0.995
MPLADS-009498,CNT-009498,1854139.93,0.6341
MPLADS-009499,CNT-009499,445450.05,0.84
MPLADS-009500,CNT-009500,998013.17,0.9075
MPLADS-009501,CNT-009501,2680323.3,0.7282
MPLADS-009502,CNT-009502,895668.41,1.261
MPLADS-009503,CNT-009503,252369.8,0.6443
MPLADS-009504,CNT-009504,520894.9,0.7192
MPLADS-009505,CNT-009505,3665759.41,0.7641
MPLADS-009506,CNT-009506,3604375.0,0.7718
MPLADS-009507,CNT-009507,950198.49,1.4025
MPLADS-009508,CNT-009508,202579.72,0.9924
MPLADS-009509,CNT-009509,211103.4,0.7247
MPLADS-009510,CNT-009510,2279642.8,0.9017
MPLADS-009511,CNT-009511,204537.92,0.9931
MPLADS-009512,CNT-009512,1762593.41,0.63
MPLADS-009513,CNT-009513,3636262.54,0.6644
MPLADS-009514,CNT-009514,3657769.83,0.8034
MPLADS-009515,CNT-009515,2517996.2,0.7413
MPLADS-009516,CNT-009516,3373529.84,0.8306
MPLADS-009517,CNT-009517,3804248.2,0.8005
MPLADS-009518,CNT-009518,2507932.39,0.7364
MPLADS-009519,CNT-009519,1517154.71,0.9772
MPLADS-009520,CNT-009520,874480.13,0.6979
MPLADS-009521,CNT-009521,230845.44,0.7382
MPLADS-009522,CNT-009522,918424.26,0.8712
MPLADS-009523,CNT-009523,3318102.8,0.8086
MPLADS-009524,CNT-009524,1153148.63,0.6905
MPLADS-009525,CNT-009525,1100220.59,0.615
MPLADS-009526,CNT-009526,783010.14,0.7462
MPLADS-009527,CNT-009527,507339.01,0.8098
MPLADS-009528,CNT-009528,3421384.31,0.9874
MPLADS-009529,CNT-009529,453818.35,0.7591
MPLADS-009530,CNT-009530,491275.45,0.7679
MPLADS-009531,CNT-009531,475570.28,0.9441
MPLADS-009532,CNT-009532,849005.13,0.6961
MPLADS-009533,CNT-009533,2432286.04,0.7661
MPLADS-009534,CNT-009534,1986035.86,0.6735
MPLADS-009535,CNT-009535,2568105.14,0.6515
MPLADS-009536,CNT-009536,3935915.97,0.6873
MPLADS-009537,CNT-009537,3653566.22,0.7843
MPLADS-009538,CNT-009538,214498.94,0.9503
MPLADS-009539,CNT-009539,2731147.8,0.6769
MPLADS-009540,CNT-009540,205443.4,0.697
MPLADS-009541,CNT-009541,1064364.98,0.8905
MPLADS-009542,CNT-009542,3996805.37,1.3395
MPLADS-009543,CNT-009543,2854938.34,0.7476
MPLADS-009544,CNT-009544,2686001.84,0.9134
MPLADS-009545,CNT-009545,1189455.87,0.6121
MPLADS-009546,CNT-009546,771211.96,0.6339
MPLADS-009547,CNT-009547,1774765.78,0.6341
MPLADS-009548,CNT-009548,203488.56,0.7116
MPLADS-009549,CNT-009549,480980.02,0.8405
MPLADS-009550,CNT-009550,1263195.14,0.9877
MPLADS-009551,CNT-009551,939255.95,0.7827
MPLADS-009552,CNT-009552,2191079.67,0.7322
MPLADS-009553,CNT-009553,1239152.13,0.8322
MPLADS-009554,CNT-009554,643316.55,0.8308
MPLADS-009555,CNT-009555,660031.11,0.9921
MPLADS-009556,CNT-009556,215462.34,0.9495
MPLADS-009557,CNT-009557,1366520.69,0.6432
MPLADS-009558,CNT-009558,204547.64,1.3442
MPLADS-009559,CNT-009559,964875.47,0.6564
MPLADS-009560,CNT-009560,3201966.68,0.8175
MPLADS-009561,CNT-009561,657178.06,0.893
MPLADS-009562,CNT-009562,3764717.39,0.646
MPLADS-009563,CNT-009563,229454.01,0.94
MPLADS-009564,CNT-009564,251503.49,0.6305
MPLADS-009565,CNT-009565,673089.86,0.8218
MPLADS-009566,CNT-009566,3370201.93,0.94
MPLADS-009567,CNT-009567,1181018.27,0.671
MPLADS-009568,CNT-009568,1596595.09,1.0
MPLADS-009569,CNT-009569,694322.06,0.94
MPLADS-009570,CNT-009570,3212712.75,0.8175
MPLADS-009571,CNT-009571,1333250.12,0.6406
MPLADS-009572,CNT-009572,1709817.16,0.8333
MPLADS-009573,CNT-009573,2682186.72,0.6707
MPLADS-009574,CNT-009574,2430304.71,0.9882
MPLADS-009575,CNT-009575,497500.83,0.8727
MPLADS-009576,CNT-009576,3594016.58,0.94
MPLADS-009577,CNT-009577,802267.05,0.7107
MPLADS-009578,CNT-009578,1036601.59,0.8391
MPLADS-009579,CNT-009579,2419760.14,0.9611
MPLADS-009580,CNT-009580,483517.39,0.8048
MPLADS-009581,CNT-009581,3852036.69,0.9764
MPLADS-009582,CNT-009582,1237011.91,0.8935
MPLADS-009583,CNT-009583,2432389.94,0.8064
MPLADS-009584,CNT-009584,2362039.21,0.7056
MPLADS-009585,CNT-009585,210942.05,0.9057
MPLADS-009586,CNT-009586,460589.44,0.8854
MPLADS-009587,CNT-009587,9982110.81,0.69
MPLADS-009588,CNT-009588,3468644.69,0.9825
MPLADS-009589,CNT-009589,2392417.02,0.7177
MPLADS-009590,CNT-009590,4076531.0,0.7137
MPLADS-009591,CNT-009591,1082561.9,0.694
MPLADS-009592,CNT-009592,978744.89,0.8887
MPLADS-009593,CNT-009593,523665.38,0.6128
MPLADS-009594,CNT-009594,1065930.87,0.7949
MPLADS-009595,CNT-009595,3979276.42,0.9565
MPLADS-009596,CNT-009596,844796.06,0.7301
MPLADS-009597,CNT-009597,231689.02,1.0
MPLADS-009598,CNT-009598,11907272.0,0.9233
MPLADS-009599,CNT-009599,921667.79,0.94
MPLADS-009600,CNT-009600,740035.29,0.7346
MPLADS-009601,CNT-009601,751161.8,0.9775
MPLADS-009602,CNT-009602,434084.69,0.786
MPLADS-009603,CNT-009603,2746793.51,0.8835
MPLADS-009604,CNT-009604,2326333.42,0.9672
MPLADS-009605,CNT-009605,2443153.19,0.8611
MPLADS-009606,CNT-009606,220674.82,0.6744
MPLADS-009607,CNT-009607,209444.39,0.7506
MPLADS-009608,CNT-009608,1782217.0,0.7645
MPLADS-009609,CNT-009609,2437010.12,0.9859
MPLADS-009610,CNT-009610,2268354.72,0.7154
MPLADS-009611,CNT-009611,3208956.5,0.8847
MPLADS-009612,CNT-009612,3570950.75,0.9708
MPLADS-009613,CNT-009613,2765603.57,0.7152
MPLADS-009614,CNT-009614,1889981.55,0.9014
MPLADS-009615,CNT-009615,510486.61,0.8035
MPLADS-009616,CNT-009616,462026.39,0.7579
MPLADS-009617,CNT-009617,400840.67,0.9985
MPLADS-009618,CNT-009618,247618.58,0.9752
MPLADS-009619,CNT-009619,3363634.14,0.9489
MPLADS-009620,CNT-009620,2599047.39,0.9301
MPLADS-009621,CNT-009621,211995.89,0.9059
MPLADS-009622,CNT-009622,725970.11,0.6009
MPLADS-009623,CNT-009623,2535673.74,0.718
MPLADS-009624,CNT-009624,464306.86,0.955
MPLADS-009625,CNT-009625,509209.58,0.6983
MPLADS-009626,CNT-009626,678706.8,0.9548
MPLADS-009627,CNT-009627,2023056.68,1.391
MPLADS-009628,CNT-009628,1020736.17,0.9491
MPLADS-009629,CNT-009629,3017794.14,0.9888
MPLADS-009630,CNT-009630,412208.02,0.655
MPLADS-009631,CNT-009631,2438843.36,0.9514
MPLADS-009632,CNT-009632,420533.74,1.3038
MPLADS-009633,CNT-009633,782919.61,0.7653
MPLADS-009634,CNT-009634,435961.99,0.8381
MPLADS-009635,CNT-009635,544151.18,0.8829
MPLADS-009636,CNT-009636,2369829.78,0.7624
MPLADS-009637,CNT-009637,812524.55,0.9023
MPLADS-009638,CNT-009638,894696.78,0.8705
MPLADS-009639,CNT-009639,3904071.85,0.9732
MPLADS-009640,CNT-009640,11105809.55,0.7974
MPLADS-009641,CNT-009641,7924850.68,0.6131
MPLADS-009642,CNT-009642,228736.14,0.7623
MPLADS-009643,CNT-009643,2978486.3,0.7663
MPLADS-009644,CNT-009644,2001181.83,0.8035
MPLADS-009645,CNT-009645,187601.43,0.9645
MPLADS-009646,CNT-009646,3838066.43,0.9616
MPLADS-009647,CNT-009647,657762.41,0.8356
MPLADS-009648,CNT-009648,384329.6,0.94
MPLADS-009649,CNT-009649,4024417.61,0.772
MPLADS-009650,CNT-009650,3788808.51,0.6301
MPLADS-009651,CNT-009651,457357.26,0.94
MPLADS-009652,CNT-009652,862097.46,0.6545
MPLADS-009653,CNT-009653,1274979.35,0.8467
MPLADS-009654,CNT-009654,2678001.52,0.8898
MPLADS-009655,CNT-009655,800708.99,0.7633
MPLADS-009656,CNT-009656,3951987.5,0.7946
MPLADS-009657,CNT-009657,3167311.21,0.6064
MPLADS-009658,CNT-009658,505391.1,0.7921
MPLADS-009659,CNT-009659,1679424.9,0.7344
MPLADS-009660,CNT-009660,2204974.64,0.7585
MPLADS-009661,CNT-009661,864350.11,0.8556
MPLADS-009662,CNT-009662,1056581.66,0.8544
MPLADS-009663,CNT-009663,1796439.23,0.6579
MPLADS-009664,CNT-009664,1058764.0,0.8309
MPLADS-009665,CNT-009665,786017.65,0.94
MPLADS-009666,CNT-009666,1812639.7,0.7856
MPLADS-009667,CNT-009667,1575159.33,1.3222
MPLADS-009668,CNT-009668,2633345.51,0.7404
MPLADS-009669,CNT-009669,475991.87,0.9613
MPLADS-009670,CNT-009670,10653482.89,0.9113
MPLADS-009671,CNT-009671,1401238.35,0.8756
MPLADS-009672,CNT-009672,3129165.48,0.9405
MPLADS-009673,CNT-009673,873243.01,0.7107
MPLADS-009674,CNT-009674,1215211.96,0.6009
MPLADS-009675,CNT-009675,1966696.42,0.9195
MPLADS-009676,CNT-009676,211234.9,0.6362
MPLADS-009677,CNT-009677,6386490.69,0.7499
MPLADS-009678,CNT-009678,432423.68,0.8124
MPLADS-009679,CNT-009679,2762729.67,0.7108
MPLADS-009680,CNT-009680,746036.09,0.7969
MPLADS-009681,CNT-009681,236992.21,0.9498
MPLADS-009682,CNT-009682,1956747.87,0.7817
MPLADS-009683,CNT-009683,3615858.45,0.6154
MPLADS-009684,CNT-009684,3212900.95,0.8971
MPLADS-009685,CNT-009685,724714.85,0.9057
MPLADS-009686,CNT-009686,2044769.92,0.9337
MPLADS-009687,CNT-009687,537491.54,0.8802
MPLADS-009688,CNT-009688,1027067.93,0.9014
MPLADS-009689,CNT-009689,421855.16,0.944
MPLADS-009690,CNT-009690,625378.0,0.6737
MPLADS-009691,CNT-009691,1836760.52,0.6315
MPLADS-009692,CNT-009692,1350657.31,0.8564
MPLADS-009693,CNT-009693,409765.22,0.8134
MPLADS-009694,CNT-009694,1085241.18,0.7519
MPLADS-009695,CNT-009695,3680866.9,0.8979
MPLADS-009696,CNT-009696,252347.73,0.94
MPLADS-009697,CNT-009697,417526.86,0.8793
MPLADS-009698,CNT-009698,1165775.08,0.7396
MPLADS-009699,CNT-009699,1734496.35,0.7159
MPLADS-009700,CNT-009700,3109207.56,0.8118
MPLADS-009701,CNT-009701,1770807.71,0.7722
MPLADS-009702,CNT-009702,4312186.05,0.8187
MPLADS-009703,CNT-009703,9591543.19,0.6688
MPLADS-009704,CNT-009704,3234969.13,0.8918
MPLADS-009705,CNT-009705,3856845.98,0.856
MPLADS-009706,CNT-009706,9279426.46,0.7159
MPLADS-009707,CNT-009707,1925210.26,0.6919
MPLADS-009708,CNT-009708,3153962.77,0.9373
MPLADS-009709,CNT-009709,426642.21,0.8996
MPLADS-009710,CNT-009710,2471398.6,0.9261
MPLADS-009711,CNT-009711,1778032.34,0.9107
MPLADS-009712,CNT-009712,801148.28,0.7955
MPLADS-009713,CNT-009713,228548.45,0.9062
MPLADS-009714,CNT-009714,1050438.86,1.0
MPLADS-009715,CNT-009715,426151.99,0.94
MPLADS-009716,CNT-009716,1085011.17,0.652
MPLADS-009717,CNT-009717,211988.55,0.94
MPLADS-009718,CNT-009718,2326941.7,1.3123
MPLADS-009719,CNT-009719,241002.31,0.94
MPLADS-009720,CNT-009720,3038006.29,0.7449
MPLADS-009721,CNT-009721,573974.98,0.8664
MPLADS-009722,CNT-009722,240338.33,0.6973
MPLADS-009723,CNT-009723,3432334.41,0.9802
MPLADS-009724,CNT-009724,2958434.56,0.6536
MPLADS-009725,CNT-009725,1252723.13,0.7275
MPLADS-009726,CNT-009726,3781753.17,0.8903
MPLADS-009727,CNT-009727,441410.75,0.6604
MPLADS-009728,CNT-009728,189235.14,0.94
MPLADS-009729,CNT-009729,3036761.58,0.746
MPLADS-009730,CNT-009730,194837.56,0.8908
MPLADS-009731,CNT-009731,1837102.41,0.6017
MPLADS-009732,CNT-009732,731682.35,0.9849
MPLADS-009733,CNT-009733,3424104.72,0.6671
MPLADS-009734,CNT-009734,3222208.09,0.9675
MPLADS-009735,CNT-009735,2391350.59,0.6808
MPLADS-009736,CNT-009736,1086388.52,0.871
MPLADS-009737,CNT-009737,385669.59,0.9668
MPLADS-009738,CNT-009738,2644748.75,0.7271
MPLADS-009739,CNT-009739,1095368.15,0.6694
MPLADS-009740,CNT-009740,3255193.49,0.6599
MPLADS-009741,CNT-009741,1016484.28,0.9929
MPLADS-009742,CNT-009742,3377039.45,0.6957
MPLADS-009743,CNT-009743,427324.09,1.0
MPLADS-009744,CNT-009744,1721937.7,0.9171
MPLADS-009745,CNT-009745,464724.07,0.6056
MPLADS-009746,CNT-009746,431175.98,0.7247
MPLADS-009747,CNT-009747,1623435.89,0.6021
MPLADS-009748,CNT-009748,588998.05,0.8053
MPLADS-009749,CNT-009749,552559.54,0.8763
MPLADS-009750,CNT-009750,3234356.39,0.7025
MPLADS-009751,CNT-009751,1182598.08,0.9533
MPLADS-009752,CNT-009752,2029895.59,0.6258
MPLADS-009753,CNT-009753,3443041.52,0.7812
MPLADS-009754,CNT-009754,944680.29,0.8082
MPLADS-009755,CNT-009755,2299412.83,0.9776
MPLADS-009756,CNT-009756,1379918.73,0.6218
MPLADS-009757,CNT-009757,541644.92,0.7927
MPLADS-009758,CNT-009758,2594981.14,0.6314
MPLADS-009759,CNT-009759,3914588.83,0.9052
MPLADS-009760,CNT-009760,498060.18,0.7382
MPLADS-009761,CNT-009761,1631053.53,1.2487
MPLADS-009762,CNT-009762,505019.22,0.9254
MPLADS-009763,CNT-009763,3044129.59,0.94
MPLADS-009764,CNT-009764,2799622.45,0.8439
MPLADS-009765,CNT-009765,3659031.24,0.8414
MPLADS-009766,CNT-009766,456717.16,0.748
MPLADS-009767,CNT-009767,465123.95,0.977
MPLADS-009768,CNT-009768,1363101.04,0.9406
MPLADS-009769,CNT-009769,3654499.22,0.94
MPLADS-009770,CNT-009770,2571228.57,0.9269
MPLADS-009771,CNT-009771,1274589.03,0.6818
MPLADS-009772,CNT-009772,2444087.07,0.9862
MPLADS-009773,CNT-009773,2172022.08,0.6477
MPLADS-009774,CNT-009774,3890165.63,0.8047
MPLADS-009775,CNT-009775,1908523.9,0.7819
MPLADS-009776,CNT-009776,1628037.0,0.6627
MPLADS-009777,CNT-009777,191188.4,0.6652
MPLADS-009778,CNT-009778,2784462.18,0.9718
MPLADS-009779,CNT-009779,1117444.13,1.0
MPLADS-009780,CNT-009780,537039.34,0.7358
MPLADS-009781,CNT-009781,1550470.15,0.7544
MPLADS-009782,CNT-009782,5537863.84,0.8709
MPLADS-009783,CNT-009783,412005.76,0.7299
MPLADS-009784,CNT-009784,977267.36,0.614
MPLADS-009785,CNT-009785,1679812.32,0.6718
MPLADS-009786,CNT-009786,3807079.02,0.6404
MPLADS-009787,CNT-009787,1737588.71,0.9849
MPLADS-009788,CNT-009788,3284751.01,0.6939
MPLADS-009789,CNT-009789,573000.12,0.6752
MPLADS-009790,CNT-009790,806775.76,0.9707
MPLADS-009791,CNT-009791,3797639.59,1.0
MPLADS-009792,CNT-009792,888496.1,0.9218
MPLADS-009793,CNT-009793,10686916.55,0.9672
MPLADS-009794,CNT-009794,446174.88,0.8348
MPLADS-009795,CNT-009795,1780474.41,0.7887
MPLADS-009796,CNT-009796,874069.53,0.9863
MPLADS-009797,CNT-009797,572097.42,0.6186
MPLADS-009798,CNT-009798,1234628.86,0.9671
MPLADS-009799,CNT-009799,683249.39,0.7484
MPLADS-009800,CNT-009800,1640570.63,0.8752
MPLADS-009801,CNT-009801,802386.94,0.965
MPLADS-009802,CNT-009802,855592.82,0.94
MPLADS-009803,CNT-009803,779086.35,0.7474
MPLADS-009804,CNT-009804,2180022.44,0.9905
MPLADS-009805,CNT-009805,482443.48,0.8037
MPLADS-009806,CNT-009806,2938348.97,0.7778
MPLADS-009807,CNT-009807,2570160.04,0.8017
MPLADS-009808,CNT-009808,3531477.43,0.6609
MPLADS-009809,CNT-009809,3751707.16,1.0
MPLADS-009810,CNT-009810,817702.26,0.7373
MPLADS-009811,CNT-009811,2514260.47,0.909
MPLADS-009812,CNT-009812,676011.81,0.9709
MPLADS-009813,CNT-009813,5434401.99,0.706
MPLADS-009814,CNT-009814,1027742.11,0.94
MPLADS-009815,CNT-009815,10386802.75,0.6095
MPLADS-009816,CNT-009816,973542.39,0.6579
MPLADS-009817,CNT-009817,232018.93,0.884
MPLADS-009818,CNT-009818,2690918.59,0.6683
MPLADS-009819,CNT-009819,1215191.03,0.721
MPLADS-009820,CNT-009820,1725550.95,0.7739
MPLADS-009821,CNT-009821,2862844.68,0.6701
MPLADS-009822,CNT-009822,3547075.92,0.6569
MPLADS-009823,CNT-009823,2725939.7,0.9466
MPLADS-009824,CNT-009824,2510645.26,0.8434
MPLADS-009825,CNT-009825,10727596.27,0.9331
MPLADS-009826,CNT-009826,494556.89,0.8619
MPLADS-009827,CNT-009827,822034.02,0.748
MPLADS-009828,CNT-009828,941223.81,0.9664
MPLADS-009829,CNT-009829,496033.93,0.9895
MPLADS-009830,CNT-009830,766854.89,0.94
MPLADS-009831,CNT-009831,3460297.78,0.9763
MPLADS-009832,CNT-009832,443560.91,0.9491
MPLADS-009833,CNT-009833,2552519.18,0.662
MPLADS-009834,CNT-009834,829818.87,0.6696
MPLADS-009835,CNT-009835,2717965.83,0.7527
MPLADS-009836,CNT-009836,3357631.27,0.8325
MPLADS-009837,CNT-009837,547911.27,0.8464
MPLADS-009838,CNT-009838,2836208.47,0.9454
MPLADS-009839,CNT-009839,1013878.95,0.9074
MPLADS-009840,CNT-009840,499704.25,0.94
MPLADS-009841,CNT-009841,485119.58,0.6941
MPLADS-009842,CNT-009842,1868656.29,0.791
MPLADS-009843,CNT-009843,558462.41,0.8933
MPLADS-009844,CNT-009844,1118809.58,0.9172
MPLADS-009845,CNT-009845,226719.4,1.0
MPLADS-009846,CNT-009846,189792.11,0.94
MPLADS-009847,CNT-009847,209381.68,0.9
MPLADS-009848,CNT-009848,704015.01,0.8312
MPLADS-009849,CNT-009849,193163.18,0.8868
MPLADS-009850,CNT-009850,2065612.09,0.6122
MPLADS-009851,CNT-009851,2790685.52,0.8976
MPLADS-009852,CNT-009852,2032388.51,0.7857
MPLADS-009853,CNT-009853,4365530.94,0.7374
MPLADS-009854,CNT-009854,837733.78,0.94
MPLADS-009855,CNT-009855,2569498.11,0.7542
MPLADS-009856,CNT-009856,3346723.57,0.7511
MPLADS-009857,CNT-009857,2463281.21,0.94
MPLADS-009858,CNT-009858,505993.97,0.7543
MPLADS-009859,CNT-009859,967426.4,0.8718
MPLADS-009860,CNT-009860,213465.4,0.7092
MPLADS-009861,CNT-009861,1781858.78,0.687
MPLADS-009862,CNT-009862,4527661.74,0.7065
MPLADS-009863,CNT-009863,3494956.62,0.7038
MPLADS-009864,CNT-009864,2959904.38,0.6965
MPLADS-009865,CNT-009865,1071291.63,0.6619
MPLADS-009866,CNT-009866,740902.52,0.7184
MPLADS-009867,CNT-009867,251697.11,0.9651
MPLADS-009868,CNT-009868,3484515.76,0.995
MPLADS-009869,CNT-009869,440963.75,0.6245
MPLADS-009870,CNT-009870,3414410.63,0.7711
MPLADS-009871,CNT-009871,786139.68,0.6168
MPLADS-009872,CNT-009872,1918170.82,0.682
MPLADS-009873,CNT-009873,412576.28,0.7054
MPLADS-009874,CNT-009874,1387507.4,0.8135
MPLADS-009875,CNT-009875,787165.01,0.6907
MPLADS-009876,CNT-009876,188731.57,0.7378
MPLADS-009877,CNT-009877,676226.95,0.8321
MPLADS-009878,CNT-009878,1029410.1,0.6711
MPLADS-009879,CNT-009879,2617109.37,0.7613
MPLADS-009880,CNT-009880,522938.89,0.8936
MPLADS-009881,CNT-009881,2063984.26,0.8271
MPLADS-009882,CNT-009882,3311902.92,0.8431
MPLADS-009883,CNT-009883,207595.58,0.9225
MPLADS-009884,CNT-009884,501624.71,0.885
MPLADS-009885,CNT-009885,418739.74,0.7367
MPLADS-009886,CNT-009886,879081.57,0.9594
MPLADS-009887,CNT-009887,1128244.62,0.7412
MPLADS-009888,CNT-009888,779634.69,0.6167
MPLADS-009889,CNT-009889,1945562.34,0.9698
MPLADS-009890,CNT-009890,419970.19,0.6264
MPLADS-009891,CNT-009891,1024583.22,0.9948
MPLADS-009892,CNT-009892,3744142.09,0.6367
MPLADS-009893,CNT-009893,1973609.43,0.7246
MPLADS-009894,CNT-009894,2499252.26,0.9426
MPLADS-009895,CNT-009895,1942215.96,0.778
MPLADS-009896,CNT-009896,2687822.15,0.8916
MPLADS-009897,CNT-009897,199181.04,0.9102
MPLADS-009898,CNT-009898,1669404.07,0.8235
MPLADS-009899,CNT-009899,2523616.2,0.9532
MPLADS-009900,CNT-009900,2502914.36,0.623
MPLADS-009901,CNT-009901,3367728.96,0.6955
MPLADS-009902,CNT-009902,486473.26,0.9285
MPLADS-009903,CNT-009903,201331.26,0.8289
MPLADS-009904,CNT-009904,469032.81,0.6891
MPLADS-009905,CNT-009905,3105845.96,0.6135
MPLADS-009906,CNT-009906,475253.27,0.8967
MPLADS-009907,CNT-009907,1491203.26,0.8943
MPLADS-009908,CNT-009908,1140322.64,0.8412
MPLADS-009909,CNT-009909,3355231.42,0.6893
MPLADS-009910,CNT-009910,443960.89,0.8717
MPLADS-009911,CNT-009911,7022794.5,0.755
MPLADS-009912,CNT-009912,501548.49,0.8486
MPLADS-009913,CNT-009913,849596.55,0.6482
MPLADS-009914,CNT-009914,6566669.02,0.8549
MPLADS-009915,CNT-009915,1483562.62,0.855
MPLADS-009916,CNT-009916,489725.47,0.8135
MPLADS-009917,CNT-009917,988474.83,0.7542
MPLADS-009918,CNT-009918,1354414.07,0.926
MPLADS-009919,CNT-009919,448467.89,0.8639
MPLADS-009920,CNT-009920,1561958.07,0.8019
MPLADS-009921,CNT-009921,936371.1,0.8013
MPLADS-009922,CNT-009922,836518.18,0.8888
MPLADS-009923,CNT-009923,1558813.35,0.8696
MPLADS-009924,CNT-009924,1737170.28,0.9624
MPLADS-009925,CNT-009925,233385.66,0.6066
MPLADS-009926,CNT-009926,188573.07,0.6674
MPLADS-009927,CNT-009927,676482.86,1.2412
MPLADS-009928,CNT-009928,215613.48,0.8184
MPLADS-009929,CNT-009929,1024251.92,0.8758
MPLADS-009930,CNT-009930,1186536.24,0.8726
MPLADS-009931,CNT-009931,796067.24,0.955
MPLADS-009932,CNT-009932,944218.5,0.682
MPLADS-009933,CNT-009933,970049.25,0.8201
MPLADS-009934,CNT-009934,10332599.25,0.9368
MPLADS-009935,CNT-009935,12554482.61,0.7654
MPLADS-009936,CNT-009936,2362949.12,0.609
MPLADS-009937,CNT-009937,870754.13,0.7247
MPLADS-009938,CNT-009938,2493580.85,1.0
MPLADS-009939,CNT-009939,5640150.2,0.9903
MPLADS-009940,CNT-009940,242618.08,0.8404
MPLADS-009941,CNT-009941,882209.06,0.6268
MPLADS-009942,CNT-009942,225290.15,0.6975
MPLADS-009943,CNT-009943,2642181.47,0.7628
MPLADS-009944,CNT-009944,227325.06,0.7323
MPLADS-009945,CNT-009945,599552.49,0.9696
MPLADS-009946,CNT-009946,1962349.62,0.7343
MPLADS-009947,CNT-009947,3936316.1,0.7283
MPLADS-009948,CNT-009948,1172100.3,0.8089
MPLADS-009949,CNT-009949,217755.9,0.6202
MPLADS-009950,CNT-009950,1026121.47,0.6666
MPLADS-009951,CNT-009951,2743541.36,0.7847
MPLADS-009952,CNT-009952,2723911.47,0.8495
MPLADS-009953,CNT-009953,2451364.5,0.9854
MPLADS-009954,CNT-009954,2521741.5,0.6171
MPLADS-009955,CNT-009955,1367842.65,0.8964
MPLADS-009956,CNT-009956,3031380.15,0.94
MPLADS-009957,CNT-009957,653285.72,0.9309
MPLADS-009958,CNT-009958,783894.79,0.6038
MPLADS-009959,CNT-009959,1922721.46,0.6998
MPLADS-009960,CNT-009960,1927178.48,0.7301
MPLADS-009961,CNT-009961,422986.33,0.8085
MPLADS-009962,CNT-009962,805585.97,0.6872
MPLADS-009963,CNT-009963,3046098.93,0.6092
MPLADS-009964,CNT-009964,2972088.01,0.6086
MPLADS-009965,CNT-009965,1330712.54,0.6518
MPLADS-009966,CNT-009966,3042184.91,0.7344
MPLADS-009967,CNT-009967,2756427.25,0.7998
MPLADS-009968,CNT-009968,249814.91,0.7624
MPLADS-009969,CNT-009969,1261581.37,0.6363
MPLADS-009970,CNT-009970,1739746.85,0.7754
MPLADS-009971,CNT-009971,1562090.61,0.7745
MPLADS-009972,CNT-009972,1086439.97,0.708
MPLADS-009973,CNT-009973,1018933.76,0.6129
MPLADS-009974,CNT-009974,200087.64,0.7504
MPLADS-009975,CNT-009975,414455.07,0.7028
MPLADS-009976,CNT-009976,700539.06,0.8945
MPLADS-009977,CNT-009977,2153105.44,0.9616
MPLADS-009978,CNT-009978,396862.32,0.94
MPLADS-009979,CNT-009979,1911346.34,1.3744
MPLADS-009980,CNT-009980,738543.92,0.9545
MPLADS-009981,CNT-009981,242471.66,0.7376
MPLADS-009982,CNT-009982,499158.22,0.6221
MPLADS-009983,CNT-009983,3355021.5,0.6003
MPLADS-009984,CNT-009984,3097929.17,0.8076
MPLADS-009985,CNT-009985,209696.77,0.94
MPLADS-009986,CNT-009986,439011.01,0.9734
MPLADS-009987,CNT-009987,704953.37,0.7895
MPLADS-009988,CNT-009988,1895062.77,0.7878
MPLADS-009989,CNT-009989,488457.89,0.6136
MPLADS-009990,CNT-009990,2411216.89,0.7695
MPLADS-009991,CNT-009991,1652761.4,0.8673
MPLADS-009992,CNT-009992,8682242.2,0.9427
MPLADS-009993,CNT-009993,1631294.42,0.6559
MPLADS-009994,CNT-009994,3145413.09,0.8993
MPLADS-009995,CNT-009995,1349056.79,0.8151
MPLADS-009996,CNT-009996,514901.85,1.0
MPLADS-009997,CNT-009997,1808661.73,0.8921
MPLADS-009998,CNT-009998,12136619.99,0.7851
MPLADS-009999,CNT-009999,7215265.04,0.6266
MPLADS-010000,CNT-010000,2566028.21,0.9264
