contractor_id,contractor_name,home_district_id,home_state_id,registration_category,financial_capacity,base_quality_score,past_irregularity_rate,contractor_past_irregularity_rate,contractor_capacity_strain,contractor_project_count,contractor_total_contract_value,contractor_average_contract_value,contractor_max_contract_value,contractor_project_share,contractor_value_share,contractor_district_concentration,contractor_agency_concentration,contractor_constituency_concentration,contractor_delay_rate,contractor_completion_rate,contractor_cancellation_rate,contractor_previous_irregularities,contractor_financial_capacity,contractor_value_to_capacity,repeated_agency_contractor_pair,shared_ownership,shared_directors,shared_shareholders,shared_address,beneficial_owner_overlap,contractor_financial_health,company_ownership_change,director_change,address_change
CONT-0001,Kari Enterprises,DIST-0097,ST-02,Class C,5000000.0,0.736,0.1993,0.1597,1.403,20,146478356.28359735,5830074.375239756,27028795.969871484,0.2187,0.1764,0.793,0.609,0.107,0.278,0.859,0.073,0,20000000.0,0.865,0,1,1,0,0,0,0.945,0,0,0
CONT-0002,Behl Enterprises,DIST-0589,ST-17,Class C,5000000.0,0.899,0.1037,0.0778,1.02,13,163994962.93879184,9989331.236838391,5467914.567956324,0.2166,0.2966,0.777,0.241,0.328,0.219,0.709,0.034,0,5000000.0,1.136,0,0,0,0,0,0,0.571,0,0,0
CONT-0003,"Srinivasan, Garde and Viswanathan Infrastructure Pvt Ltd",DIST-0193,ST-05,Class B,20000000.0,0.723,0.0416,0.0994,1.677,35,41982674.66344741,11707423.391793378,23833884.966649394,0.0152,0.2161,0.298,0.347,0.622,0.153,0.944,0.053,1,20000000.0,1.416,0,0,0,0,0,0,0.777,0,0,0
CONT-0004,"Rai, Divan and Kibe Infrastructure Pvt Ltd",DIST-0495,ST-14,Class B,5000000.0,0.864,0.0956,0.0502,1.148,24,189874630.98942152,5784276.128065875,10575077.417976102,0.3162,0.3431,0.24,0.777,0.173,0.075,0.9,0.043,0,100000000.0,1.375,1,0,0,0,0,0,0.89,0,0,0
CONT-0005,Balay Enterprises,DIST-0530,ST-15,Class C,5000000.0,0.728,0.0598,0.0207,1.669,14,76122601.46916384,13523205.449506026,35637016.66219436,0.3145,0.0708,0.914,0.629,0.601,0.416,0.776,0.058,0,20000000.0,1.456,0,0,0,0,0,0,0.631,0,0,0
CONT-0006,Choudhary Enterprises,DIST-0185,ST-05,Class C,5000000.0,0.871,0.1075,0.3847,0.902,37,94374252.87312007,11701552.041766081,41059279.6797138,0.3078,0.1047,0.595,0.356,0.128,0.333,0.831,0.058,0,100000000.0,1.592,0,0,0,0,0,0,0.657,0,0,0
CONT-0007,Bahl Group Infrastructure Pvt Ltd,DIST-0382,ST-10,Class B,5000000.0,0.732,0.0439,0.0713,1.464,33,132102611.73260313,11449709.134504363,36736904.74581663,0.2923,0.0344,0.766,0.56,0.156,0.322,0.886,0.042,1,5000000.0,0.483,0,0,0,0,0,0,0.856,0,0,0
CONT-0008,Sahota-Doshi Infrastructure Pvt Ltd,DIST-0350,ST-09,Class B,20000000.0,0.922,0.1092,0.067,1.063,4,100478516.55292895,6326723.2100962885,17183105.727324206,0.2029,0.1903,0.867,0.859,0.265,0.09,0.909,0.08,1,5000000.0,0.552,1,0,0,0,0,0,0.806,0,0,0
CONT-0009,Jani-Roy Infrastructure Pvt Ltd,DIST-0123,ST-03,Class C,20000000.0,0.793,0.0131,0.0997,0.632,5,155772508.82307938,4293229.573107394,37062347.46634495,0.1055,0.1315,0.368,0.75,0.82,0.247,0.664,0.021,0,100000000.0,0.319,0,1,1,0,0,0,0.778,0,1,0
CONT-0010,Thaker Enterprises,DIST-0296,ST-07,Class A,100000000.0,0.708,0.049,0.0619,1.746,25,136962544.01765624,5543391.680852143,16886329.861165464,0.2122,0.3212,0.783,0.808,0.32,0.236,0.653,0.06,0,20000000.0,0.437,0,0,0,0,0,0,0.936,0,0,0
CONT-0011,"Sinha, Bhatia and Devi Infrastructure Pvt Ltd",DIST-0065,ST-01,Class B,5000000.0,0.81,0.0339,0.0583,0.48,24,98409059.82244347,10476630.281663267,20616393.168661565,0.165,0.1886,0.234,0.501,0.581,0.268,0.675,0.053,0,5000000.0,0.418,0,0,0,0,0,0,0.856,0,0,0
CONT-0012,"Johal, Nair and Sridhar Infrastructure Pvt Ltd",DIST-0414,ST-11,Class A,20000000.0,0.979,0.124,0.0353,1.558,27,170102742.29335913,6760489.070514129,6922575.3461193135,0.1385,0.3805,0.562,0.276,0.616,0.435,0.95,0.046,0,20000000.0,1.342,0,0,0,0,0,0,0.75,0,0,0
CONT-0013,Vora Enterprises,DIST-0209,ST-05,Class C,20000000.0,0.94,0.0692,0.0163,1.441,31,244954302.07609853,13612691.822861766,10981672.293964962,0.3087,0.3371,0.853,0.306,0.188,0.42,0.707,0.029,0,5000000.0,0.229,0,0,0,0,0,0,0.951,0,0,0
CONT-0014,Murthy-Ghose Infrastructure Pvt Ltd,DIST-0588,ST-17,Class C,20000000.0,0.809,0.0733,0.0187,0.439,17,42200513.27364601,9416278.802457232,41368316.45170661,0.3115,0.2577,0.502,0.308,0.401,0.183,0.937,0.039,0,5000000.0,0.391,0,1,1,0,0,0,0.556,0,0,0
CONT-0015,Walia-Oommen Infrastructure Pvt Ltd,DIST-0024,ST-01,Class C,5000000.0,0.709,0.139,0.0068,1.263,6,243390924.28848922,6869143.256320845,7928493.222988213,0.1928,0.259,0.305,0.587,0.248,0.388,0.926,0.034,2,100000000.0,0.381,0,0,0,0,0,0,0.587,0,0,0
CONT-0016,"Pandya, Lalla and Sule Infrastructure Pvt Ltd",DIST-0376,ST-09,Class A,100000000.0,0.7,0.0487,0.0305,0.563,5,163885559.25337946,11426503.954698702,16855503.208521012,0.1219,0.1063,0.918,0.333,0.237,0.228,0.712,0.013,0,20000000.0,1.057,0,0,0,0,0,0,0.694,0,0,0
CONT-0017,Koshy LLC Infrastructure Pvt Ltd,DIST-0178,ST-05,Class B,5000000.0,0.826,0.1337,0.1057,1.313,29,120449080.71320273,6494061.398461154,36434620.12647703,0.3435,0.1757,0.494,0.5,0.419,0.446,0.883,0.029,0,20000000.0,0.251,0,0,0,0,0,0,0.841,0,0,0
CONT-0018,Misra Enterprises,DIST-0373,ST-09,Class C,5000000.0,0.755,0.0384,0.0278,1.098,14,54641048.87985789,3913130.4749172754,35480958.31017988,0.1446,0.1231,0.224,0.792,0.124,0.35,0.776,0.048,0,5000000.0,0.947,0,0,0,0,0,0,0.742,0,0,0
CONT-0019,Kar Enterprises,DIST-0346,ST-08,Class B,5000000.0,0.827,0.0195,0.0261,1.336,4,145819578.83179724,10320944.70471002,12977018.492762666,0.0227,0.3188,0.325,0.264,0.803,0.435,0.853,0.03,1,5000000.0,0.801,0,0,0,0,0,0,0.955,0,0,0
CONT-0020,Mishra Enterprises,DIST-0519,ST-15,Class A,20000000.0,0.827,0.2099,0.0329,0.436,4,184515639.08126572,4732147.112400051,34538770.56473301,0.265,0.0331,0.777,0.388,0.392,0.085,0.927,0.045,0,100000000.0,0.668,0,0,0,0,0,0,0.959,0,0,0
CONT-0021,Johal-Suresh Infrastructure Pvt Ltd,DIST-0022,ST-01,Class B,100000000.0,0.757,0.0437,0.2709,1.584,2,46646486.43994646,10994173.161640318,27762399.345043663,0.1907,0.2855,0.567,0.62,0.273,0.201,0.936,0.009,0,5000000.0,1.385,0,0,0,0,0,0,0.66,0,0,0
CONT-0022,Srinivasan-Palla Infrastructure Pvt Ltd,DIST-0590,ST-17,Class B,5000000.0,0.742,0.1237,0.1974,1.418,23,175314057.8832276,12042992.86190716,46367116.75976318,0.2695,0.1789,0.405,0.55,0.346,0.427,0.818,0.038,0,20000000.0,0.928,1,0,0,0,0,0,0.708,0,0,0
CONT-0023,"Mahal, Mani and Dara Infrastructure Pvt Ltd",DIST-0307,ST-07,Class C,20000000.0,0.78,0.1108,0.09,1.454,27,220577878.6458733,5584349.387035439,10777017.382543206,0.3419,0.0886,0.302,0.638,0.339,0.103,0.848,0.061,1,5000000.0,0.98,0,0,0,0,1,0,0.641,1,0,0
CONT-0024,"Raghavan, Rana and Pai Infrastructure Pvt Ltd",DIST-0108,ST-02,Class B,5000000.0,0.705,0.0389,0.097,1.367,6,136676877.4737137,10703242.44676937,40228597.249044135,0.0373,0.0188,0.286,0.476,0.45,0.105,0.786,0.035,0,100000000.0,1.039,0,0,0,0,0,0,0.688,0,0,0
CONT-0025,Mannan Inc Infrastructure Pvt Ltd,DIST-0212,ST-05,Class B,5000000.0,0.893,0.1458,0.0357,1.445,33,183711943.74367437,8635688.39792009,37079227.488515414,0.0865,0.2981,0.736,0.387,0.517,0.392,0.732,0.059,2,100000000.0,0.762,0,0,0,0,0,0,0.8,0,1,0
CONT-0026,Brar-Pal Infrastructure Pvt Ltd,DIST-0293,ST-07,Class C,20000000.0,0.943,0.134,0.0223,1.331,15,48511519.054713145,13022431.45653623,5551054.960587009,0.1603,0.1941,0.481,0.61,0.786,0.181,0.841,0.07,1,5000000.0,1.52,1,0,0,0,0,0,0.803,0,0,0
CONT-0027,Kunda-Srinivas Infrastructure Pvt Ltd,DIST-0526,ST-15,Class C,20000000.0,0.759,0.0445,0.0175,1.118,11,75776223.68697324,14900981.289221209,36708733.35185695,0.0272,0.185,0.329,0.286,0.54,0.252,0.895,0.071,0,100000000.0,0.925,0,0,0,0,0,0,0.566,0,0,0
CONT-0028,Jaggi PLC Infrastructure Pvt Ltd,DIST-0052,ST-01,Class A,5000000.0,0.807,0.012,0.0664,1.013,41,148064242.39936748,8522306.919078697,32745993.060058203,0.3154,0.2827,0.599,0.652,0.555,0.223,0.856,0.035,1,100000000.0,1.544,0,0,0,0,0,0,0.88,0,0,0
CONT-0029,Madan Enterprises,DIST-0428,ST-11,Class B,5000000.0,0.894,0.0982,0.0253,0.78,17,185718183.88017404,3372862.281282704,43969734.72610361,0.0852,0.0524,0.208,0.701,0.292,0.254,0.687,0.079,0,20000000.0,1.392,1,0,0,0,0,0,0.906,0,1,0
CONT-0030,Magar Enterprises,DIST-0099,ST-02,Class B,5000000.0,0.896,0.0473,0.0622,1.511,3,15686146.075914698,12637302.32050024,14274225.78486983,0.1253,0.255,0.275,0.25,0.119,0.417,0.753,0.053,4,20000000.0,0.935,0,0,0,0,0,0,0.814,0,0,0
CONT-0031,Chopra PLC Infrastructure Pvt Ltd,DIST-0239,ST-06,Class C,5000000.0,0.9,0.0685,0.2916,1.356,2,114565516.97148952,13592123.545927651,6622821.924787645,0.1655,0.2676,0.866,0.616,0.718,0.139,0.766,0.075,1,20000000.0,0.866,0,0,0,0,0,0,0.943,0,0,0
CONT-0032,"Khatri, Kibe and Bedi Infrastructure Pvt Ltd",DIST-0085,ST-02,Class B,5000000.0,0.874,0.0147,0.0726,0.617,28,84732984.80081077,10194334.032022202,33204788.405384634,0.2953,0.2986,0.83,0.638,0.437,0.207,0.775,0.033,0,20000000.0,0.745,1,0,0,0,0,0,0.881,0,0,0
CONT-0033,"Wali, Kara and Kaul Infrastructure Pvt Ltd",DIST-0531,ST-15,Class C,5000000.0,0.867,0.0221,0.0352,1.255,4,119311192.0415541,10994979.182831429,5757176.1655601775,0.1021,0.3132,0.882,0.507,0.161,0.369,0.942,0.033,0,5000000.0,1.028,0,0,0,0,0,0,0.69,0,0,0
CONT-0034,Chaudhry Group Infrastructure Pvt Ltd,DIST-0326,ST-08,Class B,20000000.0,0.974,0.0474,0.0411,1.317,4,118726267.428794,11350288.879203368,39121510.19021875,0.2977,0.1562,0.445,0.7,0.536,0.303,0.833,0.062,0,20000000.0,0.421,0,0,0,0,0,0,0.767,0,0,0
CONT-0035,Sodhi-Chaudhry Infrastructure Pvt Ltd,DIST-0313,ST-07,Class C,5000000.0,0.78,0.0201,0.0992,1.322,44,127573070.07837567,2434232.019823865,30846702.669414975,0.1998,0.0158,0.846,0.634,0.659,0.248,0.854,0.021,2,20000000.0,0.427,1,0,0,0,0,0,0.983,0,0,0
CONT-0036,"Devan, Ahluwalia and Dugar Infrastructure Pvt Ltd",DIST-0580,ST-17,Class A,5000000.0,0.817,0.0844,0.0131,0.727,8,61605205.21545196,3460486.547757203,14784279.321308581,0.318,0.0432,0.444,0.57,0.366,0.257,0.664,0.052,0,20000000.0,0.994,0,0,0,0,0,0,0.65,0,1,0
CONT-0037,Soni-Sood Infrastructure Pvt Ltd,DIST-0204,ST-05,Class B,5000000.0,0.925,0.024,0.0032,0.489,34,47060662.7253361,3610704.495183033,46682749.44822079,0.0147,0.2447,0.911,0.452,0.495,0.328,0.755,0.038,1,20000000.0,1.332,0,0,0,0,0,0,0.879,0,0,0
CONT-0038,"Iyengar, Mani and Nagi Infrastructure Pvt Ltd",DIST-0130,ST-03,Class B,5000000.0,0.866,0.0525,0.0279,0.833,3,67954740.45169161,11399924.137253582,30825648.210732605,0.2469,0.2611,0.73,0.834,0.523,0.077,0.739,0.057,0,20000000.0,1.035,0,0,0,0,0,0,0.868,0,0,0
CONT-0039,Bhargava-Chakraborty Infrastructure Pvt Ltd,DIST-0604,ST-18,Class B,20000000.0,0.834,0.0675,0.0092,0.534,41,139083138.67976835,4251562.126231536,31893717.60319293,0.2029,0.3117,0.471,0.374,0.813,0.274,0.659,0.066,0,20000000.0,1.187,0,0,0,0,0,0,0.671,0,0,0
CONT-0040,"Kata, Warrior and Barad Infrastructure Pvt Ltd",DIST-0350,ST-09,Class A,5000000.0,0.772,0.0431,0.1057,1.44,4,153679233.3898441,8871467.589508297,45057315.091868386,0.1645,0.3265,0.24,0.201,0.496,0.079,0.972,0.0,0,5000000.0,1.555,0,1,1,1,1,1,0.562,0,0,0
CONT-0041,Sahni and Sons Infrastructure Pvt Ltd,DIST-0559,ST-16,Class B,20000000.0,0.77,0.0141,0.1686,0.544,36,222885421.734012,14045640.414318796,34707911.64438654,0.0771,0.0433,0.374,0.873,0.822,0.203,0.758,0.041,0,100000000.0,0.51,0,0,0,0,0,0,0.605,0,0,0
CONT-0042,Ranganathan Group Infrastructure Pvt Ltd,DIST-0458,ST-12,Class A,5000000.0,0.717,0.0765,0.0126,0.825,18,201197756.56142125,8003565.548018124,15248369.127898728,0.3478,0.0551,0.917,0.766,0.729,0.368,0.719,0.051,1,20000000.0,0.58,1,0,0,0,0,0,0.761,0,0,0
CONT-0043,Mann Inc Infrastructure Pvt Ltd,DIST-0328,ST-08,Class B,5000000.0,0.703,0.163,0.048,0.872,20,239900759.86449644,9597101.816051975,35560101.49574306,0.1907,0.3245,0.872,0.468,0.618,0.142,0.865,0.032,0,100000000.0,1.416,0,0,0,0,0,0,0.69,0,0,0
CONT-0044,Misra PLC Infrastructure Pvt Ltd,DIST-0092,ST-02,Class B,5000000.0,0.889,0.0361,0.0837,1.593,25,91430701.2863953,11929437.08029312,37773448.940329656,0.2143,0.2278,0.751,0.899,0.534,0.373,0.896,0.068,2,5000000.0,0.432,0,0,0,0,0,0,0.801,0,0,0
CONT-0045,"Chhabra, Nayak and Mane Infrastructure Pvt Ltd",DIST-0449,ST-12,Class A,20000000.0,0.853,0.1689,0.11,0.762,37,175585607.10689747,6638759.744553657,8028223.147902,0.147,0.1116,0.444,0.314,0.594,0.261,0.739,0.044,0,20000000.0,1.538,1,0,0,0,0,0,0.86,0,0,0
CONT-0046,Sha Enterprises,DIST-0271,ST-07,Class B,20000000.0,0.711,0.0518,0.0354,1.367,40,76039251.92320263,4543445.274336128,14623361.395519963,0.0774,0.2143,0.302,0.662,0.179,0.061,0.755,0.015,4,5000000.0,0.511,1,0,0,0,0,0,0.817,0,0,0
CONT-0047,"Viswanathan, Tak and Desai Infrastructure Pvt Ltd",DIST-0443,ST-12,Class B,20000000.0,0.93,0.1261,0.081,1.595,16,139049436.4128961,2635178.787854638,25173629.13913508,0.3187,0.2876,0.238,0.819,0.72,0.269,0.657,0.045,0,5000000.0,1.08,0,0,0,0,0,0,0.928,0,1,0
CONT-0048,"Sidhu, Mahajan and Hans Infrastructure Pvt Ltd",DIST-0379,ST-09,Class B,20000000.0,0.907,0.1009,0.0767,1.204,39,98412145.0141126,5472186.596286369,42301894.166935965,0.0591,0.262,0.938,0.681,0.159,0.413,0.862,0.037,0,100000000.0,0.868,0,0,0,0,0,0,0.582,0,0,0
CONT-0049,Narayanan and Sons Infrastructure Pvt Ltd,DIST-0116,ST-03,Class B,5000000.0,0.748,0.0154,0.0363,1.755,17,76430258.55391496,7542592.181416644,14519445.214272475,0.3111,0.1509,0.693,0.472,0.776,0.307,0.811,0.011,2,20000000.0,0.599,0,0,0,0,0,0,0.688,0,0,0
CONT-0050,Shanker Enterprises,DIST-0266,ST-07,Class A,100000000.0,0.861,0.0776,0.0577,1.656,16,54209851.42257568,3189113.061850721,12624827.024527183,0.2764,0.3664,0.894,0.409,0.73,0.264,0.922,0.044,0,5000000.0,1.54,0,0,0,0,1,0,0.707,0,0,0
CONT-0051,Kurian Enterprises,DIST-0510,ST-15,Class A,5000000.0,0.763,0.0893,0.0092,1.8,9,138964499.41781306,5312028.624962156,19458745.379829712,0.1852,0.2214,0.21,0.872,0.532,0.286,0.72,0.061,0,5000000.0,1.033,0,0,0,0,0,0,0.641,0,0,0
CONT-0052,Grewal Enterprises,DIST-0477,ST-13,Class B,20000000.0,0.752,0.0112,0.0281,0.414,19,31484542.321192734,6650783.304866716,15068425.710638192,0.3216,0.3532,0.814,0.7,0.216,0.069,0.866,0.051,0,20000000.0,0.885,1,0,0,0,0,0,0.734,0,0,0
CONT-0053,Nazareth LLC Infrastructure Pvt Ltd,DIST-0269,ST-07,Class B,20000000.0,0.86,0.0173,0.01,0.648,44,94833969.23337962,7991139.391810331,22428797.239429045,0.1873,0.1973,0.406,0.497,0.781,0.251,0.952,0.044,1,5000000.0,1.307,0,0,0,1,0,0,0.621,1,0,0
CONT-0054,"Hans, Gill and Ravi Infrastructure Pvt Ltd",DIST-0504,ST-14,Class C,5000000.0,0.841,0.0721,0.0567,1.75,30,159164420.85518804,9587328.772852521,32143401.18827018,0.1954,0.0332,0.724,0.701,0.484,0.398,0.872,0.029,0,5000000.0,0.693,0,0,0,0,0,0,0.633,0,0,0
CONT-0055,Varma-Narang Infrastructure Pvt Ltd,DIST-0526,ST-15,Class A,5000000.0,0.713,0.1028,0.0825,1.308,12,142189061.51937652,5969497.339973567,28937680.517842803,0.0286,0.0538,0.205,0.819,0.603,0.169,0.723,0.055,2,5000000.0,0.65,0,0,0,0,0,0,0.952,0,0,0
CONT-0056,Chadha Enterprises,DIST-0605,ST-18,Class B,100000000.0,0.973,0.0512,0.0586,0.425,36,72049112.02981643,13010119.604152529,12221798.147233805,0.2788,0.2262,0.483,0.302,0.848,0.297,0.795,0.03,2,100000000.0,1.336,0,0,0,0,1,0,0.682,0,0,0
CONT-0057,Chandran-Goyal Infrastructure Pvt Ltd,DIST-0228,ST-06,Class B,100000000.0,0.976,0.0658,0.0662,0.965,39,80507270.02361701,10902814.345112655,37679383.55407805,0.2971,0.1348,0.756,0.275,0.204,0.217,0.668,0.076,2,5000000.0,1.374,0,0,0,0,0,0,0.94,0,0,1
CONT-0058,Sood LLC Infrastructure Pvt Ltd,DIST-0501,ST-14,Class B,5000000.0,0.956,0.1918,0.0661,1.548,38,136775456.74634615,2527908.5160461017,14641512.032005785,0.269,0.3194,0.782,0.3,0.513,0.219,0.977,0.052,2,5000000.0,0.831,0,0,0,0,0,0,0.828,0,0,0
CONT-0059,Ahuja LLC Infrastructure Pvt Ltd,DIST-0138,ST-03,Class B,5000000.0,0.97,0.0803,0.1648,1.096,15,99771054.72220182,6792101.0002686065,6427271.876489948,0.1541,0.1693,0.369,0.373,0.538,0.177,0.924,0.009,0,5000000.0,0.94,0,0,0,0,0,0,0.738,0,0,0
CONT-0060,Keer-Sekhon Infrastructure Pvt Ltd,DIST-0417,ST-11,Class C,20000000.0,0.766,0.0351,0.0662,0.479,25,215587634.17214826,7111296.9362545535,10304396.184063196,0.1004,0.244,0.314,0.658,0.429,0.184,0.73,0.066,0,20000000.0,0.816,1,0,0,0,0,0,0.773,0,0,0
CONT-0061,Narayan-Mittal Infrastructure Pvt Ltd,DIST-0248,ST-06,Class B,5000000.0,0.927,0.0305,0.0247,0.887,20,94346227.48788789,14246880.537727674,16461960.307481527,0.1056,0.2576,0.203,0.709,0.383,0.441,0.878,0.004,0,5000000.0,1.534,0,0,0,0,0,0,0.638,0,0,0
CONT-0062,"Apte, Lal and Parsa Infrastructure Pvt Ltd",DIST-0351,ST-09,Class B,5000000.0,0.97,0.0404,0.1317,1.289,7,68372991.01368442,13387965.411541304,22079799.818360507,0.1022,0.0861,0.803,0.448,0.463,0.139,0.876,0.062,0,100000000.0,0.243,1,0,0,0,0,0,0.859,0,0,0
CONT-0063,"Keer, Bhatia and Dani Infrastructure Pvt Ltd",DIST-0456,ST-12,Class B,20000000.0,0.862,0.088,0.0457,1.754,20,31628378.48219893,11011302.55296714,32162934.325169835,0.1248,0.1117,0.739,0.719,0.345,0.4,0.739,0.006,0,5000000.0,0.587,0,0,0,0,0,0,0.645,0,0,0
CONT-0064,Mohanty-Dutta Infrastructure Pvt Ltd,DIST-0425,ST-11,Class C,5000000.0,0.768,0.0592,0.0331,0.424,40,151304007.90885234,11024821.775943886,6504274.072035697,0.0247,0.1119,0.263,0.579,0.193,0.309,0.906,0.078,2,5000000.0,0.241,0,0,0,0,0,0,0.576,0,0,0
CONT-0065,Thakkar-Mukhopadhyay Infrastructure Pvt Ltd,DIST-0115,ST-03,Class C,5000000.0,0.742,0.0463,0.041,1.723,18,239145599.091449,4438684.544666227,32846446.803782072,0.2918,0.2085,0.472,0.889,0.206,0.214,0.938,0.072,4,100000000.0,0.271,0,0,0,0,0,0,0.837,0,0,0
CONT-0066,"Dalal, Merchant and Pillai Infrastructure Pvt Ltd",DIST-0411,ST-11,Class B,5000000.0,0.894,0.0574,0.0007,0.701,4,50245891.472669706,6715182.669338575,35954908.95170535,0.1846,0.2429,0.388,0.853,0.41,0.165,0.948,0.052,0,100000000.0,0.282,0,0,0,0,0,0,0.708,0,0,0
CONT-0067,Kant Enterprises,DIST-0386,ST-10,Class C,5000000.0,0.928,0.0337,0.0551,1.492,31,211331862.87142912,14458586.570955439,45639308.95964553,0.161,0.1654,0.872,0.849,0.83,0.357,0.717,0.076,2,20000000.0,1.4,0,0,0,0,0,0,0.591,0,1,0
CONT-0068,Kanda Enterprises,DIST-0557,ST-16,Class C,20000000.0,0.951,0.0616,0.0256,1.752,25,172450090.2790309,6698483.30326239,5101636.037000345,0.0919,0.3079,0.732,0.432,0.569,0.128,0.737,0.076,0,5000000.0,0.882,0,0,0,0,0,0,0.973,0,0,0
CONT-0069,Sridhar and Sons Infrastructure Pvt Ltd,DIST-0446,ST-12,Class C,20000000.0,0.838,0.1088,0.0088,1.401,11,141907272.93287462,10998390.682371907,22695199.68204538,0.2655,0.3645,0.727,0.855,0.541,0.281,0.751,0.057,1,20000000.0,0.526,0,0,0,0,1,0,0.963,0,0,0
CONT-0070,Sha Enterprises,DIST-0606,ST-18,Class B,5000000.0,0.826,0.0348,0.0473,0.576,24,235497997.02453867,4248828.5046432745,25822047.58676708,0.0447,0.1423,0.249,0.385,0.843,0.068,0.933,0.006,0,20000000.0,1.504,1,0,0,0,0,0,0.879,0,0,1
CONT-0071,Prakash Enterprises,DIST-0507,ST-15,Class B,5000000.0,0.773,0.0983,0.0287,0.927,42,180519879.19561717,4539874.964977539,47490866.88091472,0.1311,0.1736,0.724,0.626,0.43,0.31,0.948,0.064,1,5000000.0,0.787,0,0,0,1,0,0,0.889,0,0,0
CONT-0072,Sagar Enterprises,DIST-0359,ST-09,Class B,5000000.0,0.758,0.0442,0.1714,1.62,28,67883994.45407228,6482063.766897217,22618148.678605907,0.198,0.1007,0.367,0.467,0.604,0.325,0.972,0.016,0,100000000.0,1.166,0,0,0,0,0,0,0.583,0,0,0
CONT-0073,"Sinha, Yogi and Kamdar Infrastructure Pvt Ltd",DIST-0133,ST-03,Class C,20000000.0,0.71,0.0405,0.0227,1.694,38,134595660.7805411,10121649.091233613,14576587.259063078,0.1623,0.0891,0.216,0.887,0.294,0.287,0.749,0.03,0,5000000.0,1.092,0,0,0,0,0,0,0.978,0,0,0
CONT-0074,Kota Enterprises,DIST-0560,ST-16,Class B,100000000.0,0.787,0.0827,0.0648,1.318,7,60116544.2285029,14010375.50856548,32353606.07824509,0.3139,0.053,0.894,0.564,0.601,0.199,0.67,0.077,4,5000000.0,1.521,1,0,0,0,0,0,0.582,0,1,0
CONT-0075,Bumb Enterprises,DIST-0143,ST-03,Class B,5000000.0,0.915,0.02,0.0431,0.672,30,93833156.66504669,8337725.687353138,12063444.401698058,0.3414,0.2932,0.4,0.46,0.417,0.349,0.955,0.026,0,20000000.0,0.751,0,0,0,0,0,0,0.624,0,0,0
CONT-0076,Vora Enterprises,DIST-0453,ST-12,Class B,5000000.0,0.893,0.0375,0.2031,1.05,34,38663940.83015344,10992776.437406423,35030481.07117763,0.1361,0.3884,0.871,0.421,0.123,0.173,0.718,0.044,2,100000000.0,0.628,0,0,0,1,0,0,0.789,0,0,0
CONT-0077,Sekhon Enterprises,DIST-0466,ST-12,Class C,20000000.0,0.754,0.0641,0.089,1.427,22,145965680.80857116,10733906.7643844,20965712.3257722,0.2929,0.2092,0.67,0.299,0.117,0.07,0.948,0.071,1,5000000.0,0.936,0,0,0,0,0,0,0.601,0,0,0
CONT-0078,"Pathak, Brahmbhatt and Choudhury Infrastructure Pvt Ltd",DIST-0102,ST-02,Class B,100000000.0,0.733,0.0829,0.0338,1.207,10,210737087.9049763,7318824.313001858,24033527.395800237,0.1789,0.2309,0.281,0.419,0.229,0.204,0.971,0.047,0,20000000.0,1.137,0,0,0,0,0,0,0.859,0,0,0
CONT-0079,Tiwari and Sons Infrastructure Pvt Ltd,DIST-0448,ST-12,Class B,5000000.0,0.865,0.0705,0.0226,1.1,16,80651372.61352506,3154531.1282146876,42247170.71354302,0.3307,0.3442,0.45,0.265,0.31,0.387,0.866,0.077,0,20000000.0,1.306,1,0,0,0,0,0,0.811,1,1,0
CONT-0080,"Yadav, Doctor and Gala Infrastructure Pvt Ltd",DIST-0395,ST-10,Class B,20000000.0,0.963,0.1125,0.0828,1.352,14,200140863.28417996,14244733.772665588,9092066.948464036,0.062,0.3899,0.348,0.255,0.814,0.407,0.866,0.044,2,20000000.0,1.122,0,0,0,0,0,0,0.772,0,0,0
CONT-0081,Venkatesh-Sathe Infrastructure Pvt Ltd,DIST-0069,ST-01,Class B,5000000.0,0.779,0.1717,0.0983,1.573,23,25221903.83280112,12390051.662880136,36894476.66989257,0.0804,0.3734,0.503,0.821,0.554,0.261,0.703,0.073,0,5000000.0,0.226,0,0,0,0,0,0,0.813,0,0,0
CONT-0082,Dada Enterprises,DIST-0584,ST-17,Class B,20000000.0,0.84,0.0114,0.0307,0.912,33,109698203.47564632,3770439.2880421886,42529998.24177819,0.2891,0.281,0.762,0.385,0.582,0.065,0.715,0.075,0,5000000.0,0.356,0,0,0,0,0,0,0.663,0,1,0
CONT-0083,"Jha, Suresh and Chand Infrastructure Pvt Ltd",DIST-0599,ST-18,Class C,20000000.0,0.908,0.1174,0.0124,1.432,21,219898558.68238777,5961250.842935106,15972445.371942379,0.3048,0.1063,0.512,0.458,0.774,0.232,0.879,0.064,0,100000000.0,1.324,0,0,0,0,0,0,0.781,1,0,0
CONT-0084,Uppal Enterprises,DIST-0186,ST-05,Class B,5000000.0,0.938,0.0029,0.049,1.039,10,195478776.76700443,10582007.444179887,34224699.77461498,0.1552,0.1701,0.602,0.235,0.324,0.445,0.869,0.034,0,20000000.0,0.564,1,0,0,0,0,0,0.871,0,1,0
CONT-0085,Bhakta-Setty Infrastructure Pvt Ltd,DIST-0048,ST-01,Class A,20000000.0,0.962,0.0488,0.0946,1.611,11,134074717.35030401,2067812.1738436264,33669683.29800375,0.0467,0.1967,0.395,0.475,0.503,0.056,0.744,0.079,0,5000000.0,0.65,0,0,0,0,0,0,0.659,0,0,0
CONT-0086,Varghese Group Infrastructure Pvt Ltd,DIST-0315,ST-07,Class B,5000000.0,0.752,0.0339,0.0921,1.319,19,175315383.32779887,9760489.172027195,45016358.00370879,0.0328,0.1463,0.939,0.328,0.196,0.342,0.907,0.054,1,20000000.0,0.39,0,0,0,0,0,0,0.931,0,0,0
CONT-0087,Shan Enterprises,DIST-0283,ST-07,Class B,5000000.0,0.703,0.0695,0.1972,1.169,22,92481059.5083441,8213101.491433975,23901338.263241835,0.0537,0.0252,0.227,0.445,0.639,0.103,0.91,0.057,0,5000000.0,0.473,1,1,1,0,0,0,0.567,0,0,0
CONT-0088,"Bhardwaj, Shere and Morar Infrastructure Pvt Ltd",DIST-0130,ST-03,Class C,5000000.0,0.735,0.044,0.2415,0.869,2,163488791.7778471,2110561.4966379395,34702310.34973483,0.0679,0.2925,0.626,0.481,0.621,0.393,0.907,0.044,0,20000000.0,1.305,0,0,0,0,0,0,0.655,0,0,0
CONT-0089,Bains Enterprises,DIST-0486,ST-14,Class B,20000000.0,0.812,0.0303,0.0906,1.453,4,53108224.406836785,7828708.090721906,40913619.69287145,0.3046,0.1026,0.647,0.31,0.819,0.151,0.89,0.018,0,20000000.0,0.66,0,0,0,0,0,0,0.926,0,0,0
CONT-0090,Kumar-Aggarwal Infrastructure Pvt Ltd,DIST-0419,ST-11,Class A,20000000.0,0.75,0.047,0.0398,1.633,44,248131946.27222484,9623225.421993129,48316443.28317072,0.3326,0.1322,0.848,0.755,0.682,0.409,0.777,0.032,0,20000000.0,1.432,0,0,0,0,0,0,0.971,0,0,0
CONT-0091,"Kamdar, Bora and Bath Infrastructure Pvt Ltd",DIST-0510,ST-15,Class B,5000000.0,0.881,0.1397,0.0648,1.236,31,151954561.85688862,12365176.215530328,48943512.55099853,0.1429,0.0685,0.302,0.618,0.51,0.124,0.941,0.077,0,5000000.0,0.499,0,0,0,0,0,0,0.812,0,0,0
CONT-0092,Padmanabhan-Bhatt Infrastructure Pvt Ltd,DIST-0501,ST-14,Class B,100000000.0,0.705,0.0547,0.146,1.712,36,15922098.74390255,8496124.176051686,11883273.762687247,0.0262,0.2434,0.783,0.225,0.688,0.333,0.898,0.02,0,5000000.0,0.534,0,0,0,0,0,0,0.627,0,0,0
CONT-0093,"Bhasin, Biswas and Sodhi Infrastructure Pvt Ltd",DIST-0393,ST-10,Class B,100000000.0,0.824,0.0122,0.0362,0.707,9,189368096.86391234,7333626.849384394,38625253.116478145,0.0124,0.1444,0.53,0.529,0.662,0.435,0.775,0.028,0,5000000.0,0.398,0,0,0,0,0,0,0.972,0,1,0
CONT-0094,Mangat Group Infrastructure Pvt Ltd,DIST-0537,ST-15,Class A,20000000.0,0.92,0.0182,0.0957,1.758,30,99316122.46051447,10751150.576584477,34274527.55851617,0.0108,0.2512,0.383,0.463,0.63,0.273,0.772,0.013,0,5000000.0,1.478,0,0,0,0,0,0,0.722,0,1,0
CONT-0095,Gole Enterprises,DIST-0294,ST-07,Class C,20000000.0,0.849,0.1736,0.0089,0.941,8,53325511.04468564,3837395.208137553,21444384.510496106,0.1556,0.374,0.827,0.525,0.83,0.307,0.938,0.02,0,5000000.0,0.212,0,1,1,0,0,0,0.791,0,1,0
CONT-0096,Salvi LLC Infrastructure Pvt Ltd,DIST-0546,ST-16,Class C,100000000.0,0.882,0.0437,0.1874,1.134,10,208475728.93071553,2301893.217041553,8560941.336529216,0.1244,0.3679,0.499,0.821,0.447,0.166,0.947,0.045,0,5000000.0,0.355,1,0,0,0,0,0,0.817,0,1,0
CONT-0097,Sen-Purohit Infrastructure Pvt Ltd,DIST-0472,ST-13,Class A,20000000.0,0.957,0.0907,0.0007,1.683,22,199061421.668944,4536045.188575338,32140860.133019645,0.1319,0.2425,0.707,0.443,0.262,0.179,0.869,0.054,0,5000000.0,1.346,0,0,0,1,0,0,0.698,0,0,0
CONT-0098,Prashad Enterprises,DIST-0296,ST-07,Class B,100000000.0,0.847,0.0279,0.1268,1.179,12,85406429.45341043,8762540.637235725,26616650.703985203,0.2537,0.2948,0.747,0.341,0.437,0.374,0.776,0.079,0,20000000.0,0.864,0,1,1,0,0,0,0.618,0,0,0
CONT-0099,Zacharia and Sons Infrastructure Pvt Ltd,DIST-0601,ST-18,Class B,100000000.0,0.968,0.0477,0.0164,0.436,19,129037924.99245842,10128263.099941947,19205058.756927833,0.0596,0.1798,0.908,0.359,0.607,0.07,0.887,0.019,0,5000000.0,0.358,0,0,0,0,0,0,0.78,0,0,0
CONT-0100,"Pall, Dani and Gokhale Infrastructure Pvt Ltd",DIST-0431,ST-11,Class B,5000000.0,0.942,0.1051,0.0086,0.64,17,15944397.13749887,4082307.391667751,45617364.92744615,0.3492,0.2002,0.572,0.741,0.127,0.221,0.683,0.032,4,20000000.0,1.579,0,0,0,0,0,0,0.882,0,0,0
CONT-0101,"Ramaswamy, Wadhwa and Datta Infrastructure Pvt Ltd",DIST-0420,ST-11,Class A,20000000.0,0.769,0.0412,0.1198,1.276,41,68927871.84123418,11686786.442780007,47546355.908375025,0.1395,0.0626,0.282,0.204,0.658,0.443,0.978,0.063,0,100000000.0,0.659,0,0,0,0,0,0,0.572,0,0,0
CONT-0102,"Kapoor, Aggarwal and Bajaj Infrastructure Pvt Ltd",DIST-0258,ST-06,Class C,20000000.0,0.955,0.188,0.0863,0.441,34,99760841.94871368,9719480.684830828,26188047.211962834,0.1339,0.2534,0.821,0.369,0.357,0.332,0.907,0.066,0,20000000.0,1.46,0,0,0,0,0,0,0.983,0,0,0
CONT-0103,Misra Enterprises,DIST-0157,ST-04,Class C,100000000.0,0.944,0.0256,0.1234,0.839,44,237938834.2550829,14894707.026186993,26438102.85257988,0.0703,0.2003,0.277,0.811,0.52,0.212,0.676,0.032,1,20000000.0,0.315,1,0,0,0,0,0,0.595,0,0,0
CONT-0104,Samra-Wali Infrastructure Pvt Ltd,DIST-0574,ST-17,Class B,5000000.0,0.83,0.0099,0.0537,1.642,36,196399093.34198624,3241553.699518529,38316240.89174408,0.106,0.0629,0.709,0.529,0.498,0.258,0.67,0.004,0,20000000.0,0.266,0,0,0,0,0,0,0.839,0,0,0
CONT-0105,Karpe-Kota Infrastructure Pvt Ltd,DIST-0209,ST-05,Class A,100000000.0,0.756,0.0743,0.0228,0.886,31,174655751.11510465,6037647.092296338,49236749.21740466,0.2306,0.2463,0.252,0.396,0.435,0.302,0.819,0.061,0,20000000.0,1.343,0,0,0,0,1,0,0.941,0,0,0
CONT-0106,Pal-Dubey Infrastructure Pvt Ltd,DIST-0450,ST-12,Class A,5000000.0,0.748,0.0194,0.0189,0.736,44,161079902.12849227,12983047.70988776,29878255.067468002,0.0818,0.2991,0.702,0.596,0.748,0.364,0.87,0.053,0,20000000.0,0.849,0,0,0,0,0,0,0.766,0,0,0
CONT-0107,Gulati-Chowdhury Infrastructure Pvt Ltd,DIST-0009,ST-01,Class C,100000000.0,0.857,0.0821,0.0497,1.246,42,43146342.68436948,7727906.914463863,35990018.75522099,0.2935,0.2036,0.355,0.61,0.441,0.359,0.833,0.022,1,20000000.0,0.449,0,0,0,0,0,0,0.86,0,0,0
CONT-0108,Saini PLC Infrastructure Pvt Ltd,DIST-0484,ST-14,Class B,100000000.0,0.77,0.1187,0.0467,1.628,16,75694389.87096317,4044346.966181288,48905502.88540558,0.0901,0.0885,0.666,0.589,0.269,0.318,0.682,0.002,0,5000000.0,1.565,0,0,0,0,0,0,0.691,0,0,0
CONT-0109,Khosla and Sons Infrastructure Pvt Ltd,DIST-0016,ST-01,Class B,20000000.0,0.843,0.0281,0.0788,0.508,27,244468569.85433865,4758174.88980998,36088456.205329835,0.2264,0.2561,0.355,0.606,0.569,0.278,0.711,0.058,0,20000000.0,0.811,0,0,0,0,0,0,0.627,0,0,0
CONT-0110,Chaudhuri PLC Infrastructure Pvt Ltd,DIST-0067,ST-01,Class B,5000000.0,0.843,0.0413,0.0176,1.747,14,230155785.34910163,6613145.437520085,43584674.074249774,0.0902,0.2859,0.266,0.89,0.815,0.227,0.823,0.048,0,20000000.0,1.178,0,0,0,0,0,0,0.954,0,0,0
CONT-0111,Bandi Enterprises,DIST-0306,ST-07,Class B,20000000.0,0.889,0.0474,0.0341,0.506,1,38898768.61104932,10507820.313631985,23797660.45205734,0.2542,0.0304,0.616,0.301,0.612,0.098,0.674,0.057,0,5000000.0,1.355,0,1,1,0,0,0,0.693,0,0,0
CONT-0112,Bava-Konda Infrastructure Pvt Ltd,DIST-0392,ST-10,Class B,20000000.0,0.836,0.0144,0.0581,0.656,26,131631699.24774523,8864476.41766075,49161735.959666274,0.1346,0.3778,0.721,0.643,0.276,0.071,0.794,0.001,0,20000000.0,1.214,1,0,0,0,0,0,0.968,0,0,0
CONT-0113,Basu Enterprises,DIST-0585,ST-17,Class B,20000000.0,0.971,0.2305,0.1279,1.653,44,217237872.10298434,8471522.560571022,24289115.15695108,0.1802,0.0881,0.543,0.795,0.701,0.115,0.872,0.069,1,20000000.0,0.267,0,0,0,0,0,0,0.709,0,0,0
CONT-0114,Ratti Enterprises,DIST-0063,ST-01,Class C,100000000.0,0.944,0.0442,0.0363,0.966,6,147594733.7714329,2361193.2467931034,48103965.33740371,0.1086,0.0649,0.204,0.8,0.747,0.088,0.7,0.036,0,20000000.0,0.281,0,0,0,0,0,0,0.755,0,0,0
CONT-0115,Sarna Enterprises,DIST-0252,ST-06,Class B,5000000.0,0.736,0.0616,0.03,0.402,29,73507978.25901428,3121027.9127800413,43078821.92364987,0.0127,0.2948,0.941,0.537,0.378,0.292,0.916,0.019,0,20000000.0,1.516,0,0,0,0,0,0,0.987,0,0,0
CONT-0116,Kaur Enterprises,DIST-0302,ST-07,Class B,20000000.0,0.807,0.0462,0.0835,1.739,41,87022523.08191036,2262397.441891513,32178917.604122937,0.1591,0.3023,0.593,0.254,0.284,0.403,0.662,0.059,0,20000000.0,0.943,0,0,0,0,0,0,0.855,0,0,0
CONT-0117,"Kalla, Bhalla and Dey Infrastructure Pvt Ltd",DIST-0552,ST-16,Class A,5000000.0,0.884,0.0491,0.0408,0.7,27,61921314.43256992,13738257.757571783,15655949.68684963,0.0511,0.0237,0.234,0.334,0.556,0.057,0.745,0.005,0,5000000.0,1.051,0,0,0,0,0,0,0.649,0,0,0
CONT-0118,"Mann, Kaur and Nagar Infrastructure Pvt Ltd",DIST-0233,ST-06,Class B,20000000.0,0.716,0.0289,0.03,1.147,31,102606634.26563068,2603434.985286976,45928456.53373191,0.1787,0.1875,0.586,0.756,0.268,0.334,0.885,0.068,0,5000000.0,0.859,0,0,0,0,0,0,0.812,0,0,0
CONT-0119,Nagi Enterprises,DIST-0278,ST-07,Class B,5000000.0,0.71,0.1111,0.1257,1.126,8,46752844.64508918,8507854.921881134,7697199.947017096,0.3248,0.0326,0.518,0.2,0.69,0.116,0.955,0.004,1,20000000.0,0.55,1,0,0,0,0,0,0.914,0,0,0
CONT-0120,Khalsa Enterprises,DIST-0310,ST-07,Class B,5000000.0,0.942,0.091,0.0779,1.318,43,176303619.65387258,13972530.730365748,15146788.385279736,0.0787,0.2879,0.576,0.619,0.631,0.269,0.91,0.026,1,5000000.0,1.088,0,0,0,0,0,0,0.694,0,0,0
CONT-0121,Mittal Enterprises,DIST-0494,ST-14,Class B,20000000.0,0.711,0.0698,0.147,1.629,5,78293592.50879386,5546056.563299623,39535509.969007306,0.2501,0.3622,0.372,0.75,0.53,0.173,0.662,0.066,0,20000000.0,0.968,1,0,0,0,0,0,0.908,0,0,0
CONT-0122,Verma and Sons Infrastructure Pvt Ltd,DIST-0181,ST-05,Class B,20000000.0,0.826,0.0661,0.0116,1.412,30,246261377.923824,6377108.420610826,33908693.6204262,0.0476,0.2867,0.83,0.274,0.194,0.162,0.654,0.079,0,20000000.0,1.543,0,0,0,0,0,0,0.699,0,0,0
CONT-0123,Mital-Maharaj Infrastructure Pvt Ltd,DIST-0059,ST-01,Class B,5000000.0,0.746,0.0037,0.0889,0.653,25,184027435.91669735,8619376.177204981,6976766.460802321,0.065,0.3747,0.277,0.645,0.694,0.156,0.889,0.014,0,5000000.0,1.595,1,0,0,0,0,0,0.957,0,0,0
CONT-0124,Gill Ltd Infrastructure Pvt Ltd,DIST-0198,ST-05,Class A,100000000.0,0.964,0.0896,0.1059,1.291,15,240912447.75604606,11170747.428076005,5057318.581290072,0.0179,0.2792,0.509,0.788,0.23,0.056,0.778,0.059,2,100000000.0,0.878,0,0,0,0,0,0,0.802,0,0,0
CONT-0125,Sane Enterprises,DIST-0266,ST-07,Class C,5000000.0,0.924,0.0437,0.114,0.585,3,167395009.18219724,12520139.286453992,36363673.80726087,0.292,0.0734,0.573,0.667,0.178,0.11,0.859,0.069,0,5000000.0,1.559,1,0,0,0,0,0,0.979,0,0,0
CONT-0126,"Tandon, Batta and Padmanabhan Infrastructure Pvt Ltd",DIST-0593,ST-17,Class C,100000000.0,0.801,0.0022,0.0791,1.031,20,27739031.16685692,4918324.214357668,9070628.447159206,0.0531,0.0738,0.427,0.208,0.813,0.1,0.776,0.07,0,20000000.0,1.383,0,0,0,0,0,0,0.874,0,0,1
CONT-0127,Raj Enterprises,DIST-0194,ST-05,Class A,20000000.0,0.958,0.0693,0.0088,0.892,4,127044618.90961376,12277501.587529937,19304717.73812678,0.2631,0.0671,0.621,0.463,0.504,0.093,0.965,0.072,1,100000000.0,0.405,0,0,0,0,0,0,0.94,0,0,0
CONT-0128,Vohra Enterprises,DIST-0211,ST-05,Class B,100000000.0,0.871,0.1476,0.2118,1.728,30,83155458.58543713,8129204.406249511,5020228.673341493,0.3231,0.0486,0.712,0.64,0.707,0.311,0.904,0.034,0,20000000.0,0.996,0,0,0,0,0,0,0.664,0,1,0
CONT-0129,Nagar Enterprises,DIST-0074,ST-01,Class B,20000000.0,0.7,0.1066,0.0987,1.433,27,25185172.35870993,6694559.261982706,28741852.154695805,0.2693,0.1405,0.406,0.747,0.287,0.378,0.708,0.029,0,5000000.0,0.205,1,0,0,0,0,0,0.688,0,1,0
CONT-0130,Saha Enterprises,DIST-0046,ST-01,Class C,100000000.0,0.788,0.018,0.047,0.493,1,82205859.48809096,7516576.792411907,26290852.06768412,0.1091,0.3183,0.367,0.688,0.739,0.291,0.767,0.015,0,20000000.0,0.857,1,0,0,0,0,0,0.845,0,0,0
CONT-0131,Rege Enterprises,DIST-0151,ST-04,Class C,20000000.0,0.735,0.154,0.0251,1.782,36,147514646.51182023,9942485.376314353,29709823.82110084,0.3055,0.246,0.581,0.286,0.627,0.103,0.659,0.039,0,100000000.0,1.197,0,0,0,0,0,0,0.774,0,0,0
CONT-0132,Mital Group Infrastructure Pvt Ltd,DIST-0152,ST-04,Class B,5000000.0,0.766,0.0243,0.0376,1.704,24,233091246.05734575,6031560.263944888,37245307.02272343,0.2725,0.3905,0.214,0.867,0.394,0.385,0.83,0.045,0,100000000.0,0.57,0,0,0,0,0,0,0.877,0,0,0
CONT-0133,Yogi Group Infrastructure Pvt Ltd,DIST-0374,ST-09,Class C,20000000.0,0.754,0.1521,0.079,0.427,25,68680446.3185991,11436960.3171541,39911991.43931429,0.2023,0.1095,0.591,0.21,0.611,0.296,0.657,0.065,1,5000000.0,1.09,0,0,0,0,0,0,0.635,0,0,0
CONT-0134,Kar LLC Infrastructure Pvt Ltd,DIST-0069,ST-01,Class A,5000000.0,0.952,0.1406,0.0082,0.774,34,15536788.83743868,3689298.683805563,28321288.824235607,0.1153,0.3866,0.554,0.258,0.113,0.34,0.707,0.015,0,5000000.0,1.063,0,0,0,0,0,0,0.895,0,0,1
CONT-0135,"Dhawan, Sheth and Bhardwaj Infrastructure Pvt Ltd",DIST-0314,ST-07,Class B,100000000.0,0.765,0.0235,0.077,0.45,31,30113309.39372776,2610640.7714469577,17368613.87530964,0.1718,0.3592,0.793,0.338,0.379,0.362,0.824,0.014,0,20000000.0,1.563,0,0,0,1,0,0,0.86,0,0,0
CONT-0136,Sachar Enterprises,DIST-0525,ST-15,Class B,20000000.0,0.915,0.1372,0.074,0.472,18,164971973.9059693,5398671.356156804,33582025.322726585,0.0537,0.0371,0.945,0.645,0.29,0.23,0.964,0.035,2,100000000.0,0.682,0,0,0,0,0,0,0.889,0,1,0
CONT-0137,Wagle-Desai Infrastructure Pvt Ltd,DIST-0493,ST-14,Class B,5000000.0,0.705,0.1077,0.0436,1.315,12,238487321.40585598,13784089.473713385,38724367.5599257,0.0165,0.1974,0.872,0.504,0.822,0.311,0.686,0.041,0,5000000.0,0.683,0,0,0,0,0,0,0.703,0,0,0
CONT-0138,Kibe-Kumer Infrastructure Pvt Ltd,DIST-0369,ST-09,Class A,20000000.0,0.768,0.1698,0.124,0.444,8,230720351.37077564,7122678.482824884,8288023.414787027,0.2836,0.3387,0.452,0.563,0.707,0.127,0.858,0.034,0,100000000.0,0.655,0,0,0,0,0,0,0.776,0,0,0
CONT-0139,Narayanan Ltd Infrastructure Pvt Ltd,DIST-0477,ST-13,Class B,5000000.0,0.917,0.1178,0.0549,1.203,27,203900420.48996797,10012047.332264211,24277046.719664205,0.2828,0.1875,0.371,0.531,0.153,0.409,0.891,0.061,1,20000000.0,0.805,1,0,0,0,0,0,0.961,0,0,0
CONT-0140,Brar Enterprises,DIST-0040,ST-01,Class B,5000000.0,0.785,0.0336,0.1256,1.356,31,25296517.017971125,13116448.726309473,32326776.53147556,0.0661,0.1262,0.942,0.644,0.577,0.079,0.97,0.071,0,5000000.0,1.177,0,0,0,0,0,0,0.98,0,0,0
CONT-0141,Prabhakar-Chanda Infrastructure Pvt Ltd,DIST-0147,ST-03,Class C,20000000.0,0.929,0.0654,0.0538,1.383,25,196701241.79963425,4900460.2014391655,33040523.281740602,0.1103,0.0218,0.335,0.272,0.247,0.368,0.747,0.061,2,20000000.0,0.88,0,0,0,0,0,0,0.738,0,0,0
CONT-0142,"Halder, Behl and Loyal Infrastructure Pvt Ltd",DIST-0615,ST-18,Class C,100000000.0,0.835,0.0136,0.1297,1.247,18,213307327.0944352,11935612.973776527,23346240.917503957,0.0584,0.2712,0.336,0.593,0.836,0.27,0.863,0.054,1,20000000.0,0.897,1,0,0,0,0,0,0.68,0,0,1
CONT-0143,Baral-Bora Infrastructure Pvt Ltd,DIST-0544,ST-16,Class A,5000000.0,0.976,0.1548,0.0949,1.778,24,121231735.71066399,6696567.213666655,22571037.24034385,0.2553,0.1576,0.906,0.753,0.121,0.377,0.905,0.041,0,100000000.0,0.795,1,0,0,0,0,0,0.667,0,0,0
CONT-0144,Kalla Group Infrastructure Pvt Ltd,DIST-0160,ST-04,Class C,100000000.0,0.752,0.0447,0.0634,1.515,10,82548931.71301602,7497062.5251063295,31351190.604990944,0.0608,0.1408,0.864,0.534,0.658,0.244,0.803,0.05,0,5000000.0,1.585,0,0,0,0,0,0,0.61,1,0,0
CONT-0145,Natarajan LLC Infrastructure Pvt Ltd,DIST-0021,ST-01,Class A,20000000.0,0.751,0.1439,0.0807,0.81,25,234562328.84705028,7055324.829088007,31337107.840125065,0.1125,0.284,0.276,0.25,0.658,0.341,0.737,0.028,2,5000000.0,0.456,0,0,0,0,0,0,0.836,0,0,0
CONT-0146,Kakar and Sons Infrastructure Pvt Ltd,DIST-0142,ST-03,Class B,20000000.0,0.792,0.153,0.0205,1.527,1,227397028.52112412,11186394.088847067,7462396.6991176875,0.2818,0.2075,0.539,0.494,0.555,0.34,0.946,0.022,0,20000000.0,1.145,0,0,0,0,1,0,0.885,0,0,0
CONT-0147,Dalal Enterprises,DIST-0133,ST-03,Class B,100000000.0,0.827,0.0809,0.0892,1.491,42,215680652.0878116,11975379.62543375,43761371.175566934,0.3143,0.0996,0.591,0.795,0.383,0.074,0.746,0.019,1,20000000.0,1.157,0,1,1,0,1,1,0.885,1,0,0
CONT-0148,"Srinivas, Kibe and Jayaraman Infrastructure Pvt Ltd",DIST-0066,ST-01,Class B,5000000.0,0.89,0.0361,0.1997,1.75,37,158099002.27562034,12436491.69854424,5046717.072746188,0.1892,0.2646,0.738,0.458,0.322,0.123,0.834,0.074,1,5000000.0,0.561,0,0,0,0,0,0,0.772,0,0,0
CONT-0149,Khatri-Nagy Infrastructure Pvt Ltd,DIST-0265,ST-06,Class B,100000000.0,0.833,0.046,0.0244,1.714,31,191612182.437649,13999056.564184403,48667647.329664335,0.3322,0.2265,0.569,0.891,0.264,0.125,0.968,0.055,0,5000000.0,0.919,0,0,0,0,0,0,0.728,0,0,0
CONT-0150,Rai-Shukla Infrastructure Pvt Ltd,DIST-0226,ST-05,Class B,5000000.0,0.849,0.0248,0.0723,1.798,14,225051595.7027517,9919417.398774926,37178157.50630668,0.2007,0.0805,0.835,0.78,0.362,0.356,0.829,0.073,1,5000000.0,1.431,0,0,0,0,0,0,0.603,0,0,0
CONT-0151,"Parmer, Morar and Lal Infrastructure Pvt Ltd",DIST-0161,ST-04,Class B,5000000.0,0.973,0.02,0.0738,1.475,25,181835123.39295194,2265482.7625457216,42188022.62637767,0.1778,0.3753,0.483,0.384,0.846,0.262,0.935,0.073,0,20000000.0,0.974,0,0,0,0,0,0,0.694,0,0,0
CONT-0152,Varghese-Tank Infrastructure Pvt Ltd,DIST-0151,ST-04,Class B,5000000.0,0.737,0.2204,0.0203,0.514,3,148420286.17475304,4993389.302989873,17645561.790562388,0.0854,0.1446,0.874,0.502,0.413,0.205,0.968,0.009,1,5000000.0,1.539,0,0,0,0,0,0,0.779,0,0,0
CONT-0153,Chaudhari-Singh Infrastructure Pvt Ltd,DIST-0257,ST-06,Class B,100000000.0,0.905,0.0489,0.0346,0.619,41,216181998.05121297,3227454.138483906,35021780.53486794,0.2183,0.3483,0.33,0.76,0.438,0.221,0.769,0.031,0,5000000.0,0.795,0,0,0,0,0,0,0.623,0,0,0
CONT-0154,Jani-Prabhakar Infrastructure Pvt Ltd,DIST-0268,ST-07,Class A,100000000.0,0.788,0.0069,0.1256,1.606,23,124968172.44380632,4217038.685642306,19709615.046089496,0.1094,0.2897,0.219,0.299,0.612,0.099,0.666,0.009,0,5000000.0,0.405,1,0,0,0,0,0,0.638,1,0,0
CONT-0155,Munshi Enterprises,DIST-0561,ST-16,Class C,5000000.0,0.961,0.0262,0.0742,1.213,15,112095229.59565882,11116739.852540368,46436958.71215762,0.2139,0.0986,0.213,0.633,0.748,0.076,0.781,0.075,0,5000000.0,0.695,0,0,0,0,0,0,0.841,0,0,0
CONT-0156,Sachdev Enterprises,DIST-0315,ST-07,Class A,20000000.0,0.734,0.0701,0.1017,1.263,37,84977241.16189225,3036302.53177669,12017568.337993124,0.0411,0.356,0.483,0.566,0.677,0.199,0.864,0.006,0,5000000.0,0.548,0,0,0,0,0,0,0.847,0,1,0
CONT-0157,Bath Enterprises,DIST-0480,ST-13,Class B,20000000.0,0.912,0.0026,0.0765,0.732,38,70049946.50490883,8873429.958929928,25812868.239793304,0.2754,0.1036,0.35,0.532,0.138,0.142,0.767,0.039,0,20000000.0,1.43,0,0,0,0,0,0,0.577,0,0,0
CONT-0158,Kant Enterprises,DIST-0304,ST-07,Class B,100000000.0,0.757,0.0367,0.0411,1.102,30,217058673.76339465,5701269.756760325,48262135.322623074,0.3267,0.1793,0.371,0.784,0.371,0.115,0.832,0.039,1,20000000.0,1.427,0,0,0,0,0,0,0.77,0,0,0
CONT-0159,"Dhingra, Babu and Lal Infrastructure Pvt Ltd",DIST-0048,ST-01,Class C,5000000.0,0.764,0.088,0.098,1.369,36,94337064.77160698,6353721.977590694,28032341.03953348,0.3023,0.0683,0.456,0.684,0.133,0.382,0.967,0.049,2,20000000.0,0.781,1,0,0,1,0,0,0.658,0,0,0
CONT-0160,"Sahni, Merchant and Dua Infrastructure Pvt Ltd",DIST-0154,ST-04,Class A,20000000.0,0.845,0.1913,0.0438,1.048,33,134501301.99132234,13995511.876010904,14018340.118884202,0.0464,0.3319,0.545,0.818,0.33,0.301,0.955,0.014,1,20000000.0,1.338,1,0,0,0,0,0,0.607,0,1,0
CONT-0161,Narayan and Sons Infrastructure Pvt Ltd,DIST-0098,ST-02,Class B,20000000.0,0.754,0.1031,0.0898,0.872,19,178616487.89201608,7563286.750498171,44199212.964596756,0.2411,0.337,0.737,0.304,0.833,0.365,0.839,0.013,0,20000000.0,0.783,0,0,0,0,0,0,0.776,0,0,0
CONT-0162,Korpal-Tata Infrastructure Pvt Ltd,DIST-0282,ST-07,Class C,20000000.0,0.843,0.01,0.0683,1.569,41,27795665.91185073,13524797.62449657,10949420.1645891,0.0219,0.2912,0.836,0.56,0.505,0.185,0.729,0.06,1,5000000.0,0.583,0,0,0,0,0,0,0.674,1,0,0
CONT-0163,"Nazareth, Kurian and Suresh Infrastructure Pvt Ltd",DIST-0099,ST-02,Class C,5000000.0,0.725,0.0193,0.065,0.806,31,186242977.9795344,7619827.537899028,21111181.228064362,0.2874,0.3053,0.499,0.439,0.129,0.083,0.668,0.002,0,100000000.0,1.317,0,0,0,0,0,0,0.825,0,0,0
CONT-0164,"Swaminathan, Sharma and Ganguly Infrastructure Pvt Ltd",DIST-0541,ST-15,Class B,20000000.0,0.729,0.0807,0.0464,0.951,34,134793018.36605197,8113075.502208918,32582700.700923685,0.3111,0.1277,0.565,0.203,0.745,0.172,0.74,0.08,0,5000000.0,0.572,0,0,0,0,0,0,0.739,0,0,0
CONT-0165,Pandey Enterprises,DIST-0322,ST-08,Class C,20000000.0,0.721,0.0604,0.1306,0.739,23,49399281.66704358,12267914.287150333,41332011.07005899,0.2963,0.0293,0.521,0.793,0.372,0.328,0.844,0.028,0,20000000.0,0.387,0,0,0,0,1,0,0.599,0,0,0
CONT-0166,Dey Ltd Infrastructure Pvt Ltd,DIST-0309,ST-07,Class C,20000000.0,0.824,0.0894,0.1068,1.791,32,226469071.2948085,12478661.334096786,8060301.064379889,0.1236,0.0954,0.698,0.589,0.471,0.355,0.76,0.031,1,100000000.0,1.287,1,0,0,0,0,0,0.642,0,0,0
CONT-0167,"Suresh, Gour and Bhargava Infrastructure Pvt Ltd",DIST-0200,ST-05,Class B,20000000.0,0.9,0.0083,0.006,0.95,36,10898182.803770809,3029100.4929592116,28523101.0447358,0.0885,0.3132,0.843,0.301,0.353,0.109,0.745,0.019,1,5000000.0,0.894,0,0,0,0,0,0,0.683,0,0,0
CONT-0168,"Bandi, Borde and Bava Infrastructure Pvt Ltd",DIST-0057,ST-01,Class B,5000000.0,0.836,0.0763,0.0183,1.252,7,53546508.59934356,9578281.482861329,20735622.854664985,0.1252,0.3353,0.516,0.569,0.522,0.275,0.72,0.048,0,20000000.0,0.404,0,0,0,0,0,0,0.734,0,0,0
CONT-0169,Sachar and Sons Infrastructure Pvt Ltd,DIST-0366,ST-09,Class B,20000000.0,0.824,0.0649,0.006,0.91,42,118437348.0238087,13281795.071481623,48305113.9556062,0.297,0.3382,0.349,0.388,0.547,0.312,0.717,0.06,0,5000000.0,0.63,0,0,0,0,0,0,0.784,0,0,0
CONT-0170,"Kashyap, Bir and Dora Infrastructure Pvt Ltd",DIST-0251,ST-06,Class A,20000000.0,0.846,0.102,0.0297,1.618,36,182534100.45794955,9506077.70057136,49254001.644174464,0.0422,0.2237,0.644,0.415,0.135,0.071,0.8,0.055,0,5000000.0,1.401,0,0,0,0,0,0,0.602,0,0,0
CONT-0171,Kamdar PLC Infrastructure Pvt Ltd,DIST-0192,ST-05,Class B,20000000.0,0.978,0.0434,0.0834,0.56,32,146148857.3427383,10694371.211673746,35197536.70070582,0.3362,0.1451,0.425,0.607,0.422,0.24,0.673,0.012,2,5000000.0,1.026,0,0,0,1,0,0,0.648,0,0,0
CONT-0172,Prakash-Bhasin Infrastructure Pvt Ltd,DIST-0385,ST-10,Class A,5000000.0,0.801,0.0323,0.0383,0.851,4,55207692.67256778,11310673.47570333,33147290.016007744,0.2318,0.0786,0.702,0.716,0.467,0.186,0.705,0.023,1,20000000.0,1.184,0,0,0,0,1,0,0.846,0,0,0
CONT-0173,"Subramanian, Sura and Babu Infrastructure Pvt Ltd",DIST-0479,ST-13,Class C,100000000.0,0.836,0.0857,0.0213,1.317,4,78577813.2105736,8110615.97695961,13176671.001134772,0.0938,0.045,0.295,0.347,0.535,0.226,0.738,0.069,0,100000000.0,1.089,1,0,0,0,0,0,0.927,0,0,0
CONT-0174,Wali PLC Infrastructure Pvt Ltd,DIST-0431,ST-11,Class A,5000000.0,0.735,0.056,0.1724,1.145,21,248890724.23698983,12886147.867472323,41238326.5200636,0.1345,0.2361,0.464,0.749,0.229,0.137,0.663,0.049,0,5000000.0,0.915,0,0,0,0,0,0,0.567,0,0,0
CONT-0175,Arora-Badal Infrastructure Pvt Ltd,DIST-0590,ST-17,Class B,5000000.0,0.974,0.0214,0.0723,0.629,16,71391751.80536175,6981858.567481317,47834073.49178533,0.0444,0.1751,0.543,0.396,0.309,0.336,0.854,0.065,0,20000000.0,1.451,0,0,0,0,0,0,0.668,0,0,0
CONT-0176,"Maharaj, Wason and Mangat Infrastructure Pvt Ltd",DIST-0213,ST-05,Class C,20000000.0,0.905,0.0883,0.0167,1.234,26,162509262.21576762,13531770.687287228,33942846.35253791,0.3145,0.3996,0.469,0.706,0.505,0.232,0.729,0.02,0,20000000.0,0.399,0,0,0,0,0,0,0.743,0,0,0
CONT-0177,Thakkar Ltd Infrastructure Pvt Ltd,DIST-0087,ST-02,Class C,5000000.0,0.914,0.0247,0.0236,0.814,39,89738453.76808943,12071116.364689033,15191764.542230057,0.3299,0.1353,0.278,0.368,0.155,0.237,0.733,0.071,0,5000000.0,0.832,1,0,0,0,0,0,0.682,0,0,0
CONT-0178,"Sani, Gola and Chhabra Infrastructure Pvt Ltd",DIST-0321,ST-08,Class C,5000000.0,0.74,0.1064,0.0061,1.787,22,71274033.99425052,5066904.912430031,45857363.30085664,0.2697,0.1884,0.917,0.237,0.77,0.074,0.779,0.004,4,100000000.0,1.019,1,0,0,0,0,0,0.748,0,1,0
CONT-0179,Viswanathan and Sons Infrastructure Pvt Ltd,DIST-0109,ST-02,Class B,20000000.0,0.755,0.0591,0.1104,1.209,15,202950810.8471286,13996868.48423008,7397475.48458655,0.0512,0.2838,0.653,0.468,0.504,0.331,0.816,0.011,0,20000000.0,1.492,0,0,0,0,0,0,0.95,0,0,0
CONT-0180,Handa PLC Infrastructure Pvt Ltd,DIST-0044,ST-01,Class B,20000000.0,0.747,0.0059,0.0377,1.793,27,247601972.88950476,3640930.5095165125,22660445.447050806,0.3167,0.3519,0.443,0.675,0.765,0.357,0.857,0.012,0,20000000.0,0.9,1,0,0,0,0,0,0.723,0,0,0
CONT-0181,Vyas Enterprises,DIST-0267,ST-07,Class A,20000000.0,0.817,0.0123,0.14,1.001,31,50108067.18588667,10209427.942631641,18801238.90685685,0.1399,0.2905,0.254,0.44,0.393,0.336,0.716,0.076,4,100000000.0,0.62,0,0,0,0,0,0,0.933,0,0,0
CONT-0182,Pandya-Loke Infrastructure Pvt Ltd,DIST-0455,ST-12,Class B,20000000.0,0.931,0.0654,0.0704,1.481,40,140052916.26985207,2475614.5344837527,45394249.58292462,0.2888,0.2145,0.729,0.273,0.734,0.336,0.69,0.078,0,20000000.0,0.44,0,0,0,0,0,0,0.586,0,0,0
CONT-0183,Brar-Prakash Infrastructure Pvt Ltd,DIST-0122,ST-03,Class B,20000000.0,0.966,0.1509,0.079,1.284,25,103600868.73116203,2162288.7444294565,12827191.947060797,0.0601,0.0552,0.691,0.295,0.164,0.203,0.732,0.012,0,5000000.0,0.952,0,0,0,0,0,0,0.881,0,0,0
CONT-0184,Sharaf-Kohli Infrastructure Pvt Ltd,DIST-0387,ST-10,Class B,5000000.0,0.923,0.0357,0.0451,1.368,18,133798460.55093543,11222385.307747254,37515693.95249757,0.0326,0.0968,0.21,0.557,0.757,0.294,0.815,0.074,0,5000000.0,1.484,0,0,0,0,0,0,0.658,0,0,0
CONT-0185,Kara Enterprises,DIST-0447,ST-12,Class C,20000000.0,0.846,0.0239,0.0599,1.667,34,11011053.259395069,6056563.866613345,39349330.72679951,0.152,0.1928,0.544,0.341,0.641,0.091,0.817,0.014,0,5000000.0,1.417,1,0,0,0,0,0,0.611,0,0,0
CONT-0186,Buch-Balay Infrastructure Pvt Ltd,DIST-0436,ST-12,Class A,100000000.0,0.968,0.0625,0.101,1.403,25,160967711.55841413,10520476.759441096,39383424.785571545,0.35,0.0257,0.352,0.302,0.216,0.232,0.94,0.036,0,5000000.0,0.648,0,0,0,0,0,0,0.704,0,0,0
CONT-0187,Ravi Group Infrastructure Pvt Ltd,DIST-0137,ST-03,Class C,20000000.0,0.831,0.0031,0.0039,0.601,23,144662076.57403374,5496786.341421582,33785073.9557759,0.2448,0.1275,0.266,0.543,0.17,0.256,0.89,0.05,0,100000000.0,0.342,0,0,0,0,0,0,0.735,0,0,0
CONT-0188,Purohit Enterprises,DIST-0139,ST-03,Class B,20000000.0,0.76,0.0229,0.0022,1.27,27,225251414.9003694,14023030.000882596,14600741.59904447,0.1944,0.1016,0.875,0.334,0.215,0.055,0.71,0.015,0,100000000.0,1.292,0,0,0,0,0,0,0.736,0,0,0
CONT-0189,"Soni, Bhalla and Andra Infrastructure Pvt Ltd",DIST-0613,ST-18,Class C,20000000.0,0.8,0.0633,0.0405,1.34,3,166125505.13807845,7152958.135078986,47071770.116803594,0.257,0.2158,0.355,0.654,0.544,0.323,0.908,0.073,2,20000000.0,1.552,0,0,0,1,0,0,0.831,0,0,0
CONT-0190,"Garg, Butala and Tata Infrastructure Pvt Ltd",DIST-0491,ST-14,Class A,20000000.0,0.949,0.0035,0.0899,0.535,35,140687727.3956654,7380056.596720278,42919902.24629165,0.2284,0.1784,0.37,0.536,0.222,0.317,0.85,0.065,0,5000000.0,1.371,0,1,1,0,0,0,0.782,0,0,0
CONT-0191,Narula-Chandran Infrastructure Pvt Ltd,DIST-0012,ST-01,Class B,5000000.0,0.722,0.0227,0.2332,0.703,35,153246325.19428435,10956734.127329394,34407071.10266378,0.2033,0.3868,0.555,0.802,0.585,0.084,0.917,0.047,0,5000000.0,0.812,0,0,0,0,0,0,0.55,0,0,0
CONT-0192,"Basak, Karpe and Kakar Infrastructure Pvt Ltd",DIST-0020,ST-01,Class B,5000000.0,0.761,0.007,0.031,1.596,11,11067181.11466927,4674608.1332739685,16608366.525422525,0.2488,0.2086,0.761,0.559,0.346,0.091,0.717,0.032,0,100000000.0,0.536,0,0,0,0,0,0,0.864,1,0,0
CONT-0193,Soman Enterprises,DIST-0423,ST-11,Class B,5000000.0,0.967,0.048,0.087,1.004,19,213496682.3521881,4595014.781416708,8669115.745734338,0.1428,0.2183,0.483,0.64,0.479,0.425,0.785,0.007,0,20000000.0,0.558,0,0,0,0,0,0,0.878,0,0,0
CONT-0194,Batra-Borde Infrastructure Pvt Ltd,DIST-0470,ST-13,Class B,20000000.0,0.956,0.1077,0.0325,0.624,11,154836261.78060013,11763204.20598529,33640694.312758036,0.122,0.0333,0.553,0.553,0.678,0.306,0.938,0.063,0,20000000.0,1.246,0,0,0,0,0,0,0.835,0,0,0
CONT-0195,"Mand, Bali and Gola Infrastructure Pvt Ltd",DIST-0111,ST-02,Class C,20000000.0,0.953,0.0245,0.0554,1.18,36,76126968.62114072,14789992.734023178,37497519.99097369,0.2745,0.3098,0.638,0.858,0.538,0.258,0.74,0.023,0,5000000.0,1.22,0,0,0,0,0,0,0.593,0,1,0
CONT-0196,Babu-Johal Infrastructure Pvt Ltd,DIST-0296,ST-07,Class B,5000000.0,0.779,0.0386,0.0886,0.545,16,74250477.96856563,8138469.959149615,13999458.277289363,0.2583,0.3798,0.366,0.867,0.344,0.273,0.882,0.016,0,5000000.0,1.176,0,0,0,0,0,0,0.671,0,0,0
CONT-0197,"Dhawan, Rao and Bose Infrastructure Pvt Ltd",DIST-0412,ST-11,Class B,5000000.0,0.86,0.0064,0.009,0.604,33,82283250.12381819,9477214.541059025,47020395.18527383,0.1091,0.2099,0.805,0.684,0.664,0.359,0.828,0.043,0,20000000.0,1.138,0,0,0,0,0,0,0.654,0,0,0
CONT-0198,Gaba-Khosla Infrastructure Pvt Ltd,DIST-0397,ST-10,Class B,5000000.0,0.772,0.0665,0.0525,0.535,42,219031380.41911423,10625568.064350354,24623263.906039685,0.2307,0.3746,0.275,0.371,0.745,0.362,0.978,0.025,2,5000000.0,1.201,0,0,0,0,0,0,0.64,0,0,0
CONT-0199,"Ramachandran, Zachariah and Narula Infrastructure Pvt Ltd",DIST-0078,ST-02,Class B,100000000.0,0.737,0.0295,0.2921,1.544,25,112707835.57401474,11352780.540172586,25603919.435471296,0.0536,0.0519,0.444,0.622,0.201,0.27,0.739,0.056,0,20000000.0,0.273,0,0,0,1,0,0,0.756,0,0,0
CONT-0200,Dey-Brar Infrastructure Pvt Ltd,DIST-0350,ST-09,Class B,20000000.0,0.918,0.0387,0.0062,1.624,1,144052670.12183923,10278075.261365397,46957594.15322358,0.2327,0.0502,0.31,0.645,0.262,0.421,0.954,0.076,0,20000000.0,1.128,1,0,0,0,0,0,0.641,0,0,0
CONT-0201,Tella Enterprises,DIST-0031,ST-01,Class B,5000000.0,0.88,0.0667,0.1558,0.469,13,75067863.99760915,3658050.285244461,47034332.24928499,0.108,0.2055,0.947,0.597,0.409,0.422,0.723,0.014,0,20000000.0,1.316,1,0,0,0,0,0,0.863,0,0,0
CONT-0202,"Pal, Bera and Chaudhari Infrastructure Pvt Ltd",DIST-0098,ST-02,Class A,20000000.0,0.859,0.1753,0.0105,0.613,22,226362413.88705698,3533544.9337828797,6095549.149483761,0.2735,0.1514,0.497,0.76,0.235,0.31,0.753,0.008,0,5000000.0,1.413,0,0,0,0,1,0,0.692,0,0,0
CONT-0203,Kata-Borra Infrastructure Pvt Ltd,DIST-0107,ST-02,Class A,20000000.0,0.865,0.0555,0.1721,0.607,6,193623714.6855766,11124698.803101541,19087413.313567016,0.0175,0.2079,0.414,0.403,0.795,0.111,0.958,0.04,1,5000000.0,1.087,0,0,0,0,0,0,0.629,0,0,0
CONT-0204,Ranganathan-Narain Infrastructure Pvt Ltd,DIST-0551,ST-16,Class B,20000000.0,0.86,0.1397,0.0433,1.347,3,155873120.085523,12777199.84646369,28132640.939939257,0.1716,0.1141,0.587,0.384,0.733,0.206,0.693,0.019,0,100000000.0,0.621,0,1,1,0,0,0,0.976,0,0,0
CONT-0205,Mahajan Group Infrastructure Pvt Ltd,DIST-0277,ST-07,Class C,20000000.0,0.756,0.0394,0.0253,1.338,37,45846014.25529381,12471885.030517211,14742327.321788985,0.0366,0.3023,0.656,0.476,0.62,0.415,0.661,0.05,0,20000000.0,0.794,0,0,0,0,0,0,0.903,0,0,0
CONT-0206,Kari-Parekh Infrastructure Pvt Ltd,DIST-0310,ST-07,Class C,20000000.0,0.835,0.0375,0.0787,1.782,15,65668671.978765965,4299534.464668775,36024989.64386601,0.1627,0.1616,0.353,0.824,0.432,0.293,0.687,0.009,0,5000000.0,0.862,1,0,0,0,0,0,0.553,0,0,0
CONT-0207,Prashad Enterprises,DIST-0162,ST-04,Class B,5000000.0,0.977,0.0925,0.2627,1.769,16,45893444.70175027,12800548.781615855,11530088.614389155,0.1403,0.1198,0.383,0.218,0.525,0.21,0.832,0.024,2,20000000.0,1.546,0,0,0,1,0,0,0.894,0,1,0
CONT-0208,Grewal-Rai Infrastructure Pvt Ltd,DIST-0046,ST-01,Class B,5000000.0,0.943,0.1578,0.0298,0.899,3,216984508.508669,12764610.2455409,20795008.420208488,0.2447,0.202,0.771,0.473,0.502,0.073,0.708,0.063,0,5000000.0,0.435,0,0,0,0,0,0,0.71,0,0,0
CONT-0209,Merchant and Sons Infrastructure Pvt Ltd,DIST-0081,ST-02,Class A,5000000.0,0.718,0.1246,0.0325,0.939,37,234141091.78763008,4580481.962529133,32905888.877226464,0.227,0.2294,0.293,0.658,0.699,0.188,0.82,0.009,2,5000000.0,0.492,0,0,0,0,0,0,0.858,1,0,0
CONT-0210,"Borah, Butala and Loyal Infrastructure Pvt Ltd",DIST-0577,ST-17,Class A,20000000.0,0.77,0.1241,0.0865,1.642,31,15474777.355318325,4675339.440345287,42242974.01084046,0.0621,0.1213,0.672,0.329,0.327,0.237,0.725,0.079,0,100000000.0,0.858,1,1,1,0,0,0,0.77,0,0,0
CONT-0211,Rai Ltd Infrastructure Pvt Ltd,DIST-0022,ST-01,Class A,20000000.0,0.776,0.059,0.1032,0.925,36,218952608.55506882,12852012.729534434,5448034.88887079,0.1491,0.3329,0.2,0.574,0.295,0.215,0.789,0.031,1,20000000.0,1.465,0,0,0,0,0,0,0.767,0,0,0
CONT-0212,"Dube, Ramachandran and Nadig Infrastructure Pvt Ltd",DIST-0310,ST-07,Class B,20000000.0,0.887,0.1083,0.0618,1.04,32,171434287.5819551,10487333.060922781,38701796.904052004,0.0803,0.0531,0.702,0.365,0.186,0.102,0.753,0.079,0,5000000.0,1.489,0,0,0,0,0,0,0.937,0,0,1
CONT-0213,Chhabra-Chand Infrastructure Pvt Ltd,DIST-0342,ST-08,Class A,20000000.0,0.895,0.0486,0.0213,1.286,34,112487715.97482935,12162093.751793133,18545752.08310483,0.2217,0.3582,0.366,0.634,0.811,0.262,0.972,0.025,0,5000000.0,0.205,0,0,0,0,0,0,0.978,0,0,0
CONT-0214,Morar Group Infrastructure Pvt Ltd,DIST-0269,ST-07,Class B,20000000.0,0.754,0.0729,0.0802,1.753,5,158841990.24326226,4674934.009684678,47455302.16264671,0.0695,0.0691,0.438,0.602,0.611,0.055,0.907,0.014,0,5000000.0,0.665,0,0,0,1,0,0,0.636,1,0,0
CONT-0215,Madan-Chaudry Infrastructure Pvt Ltd,DIST-0552,ST-16,Class B,5000000.0,0.843,0.0579,0.3052,0.562,14,24818451.28211864,2767738.08592712,12070054.982129013,0.2983,0.333,0.787,0.63,0.643,0.345,0.943,0.059,0,100000000.0,0.979,1,0,0,0,0,0,0.734,0,0,1
CONT-0216,Chahal and Sons Infrastructure Pvt Ltd,DIST-0060,ST-01,Class B,20000000.0,0.784,0.0314,0.0724,0.688,44,200335833.04973564,13236777.930421995,16681940.186023446,0.1633,0.0964,0.218,0.661,0.424,0.149,0.93,0.04,4,20000000.0,1.417,0,0,0,0,0,0,0.579,0,0,0
CONT-0217,Sen-Vala Infrastructure Pvt Ltd,DIST-0460,ST-12,Class B,5000000.0,0.889,0.1012,0.2054,1.432,41,66406601.25611946,5889012.177456476,44641939.29902369,0.145,0.1051,0.602,0.47,0.693,0.446,0.824,0.036,0,100000000.0,0.877,1,0,0,0,0,0,0.973,0,0,0
CONT-0218,Chauhan-Bal Infrastructure Pvt Ltd,DIST-0170,ST-04,Class B,5000000.0,0.733,0.0454,0.1078,1.639,19,109247059.08461678,10212373.721472273,21651727.286375638,0.1918,0.0896,0.627,0.294,0.697,0.284,0.809,0.004,0,20000000.0,0.572,0,0,0,0,0,0,0.642,0,0,0
CONT-0219,Pandya PLC Infrastructure Pvt Ltd,DIST-0039,ST-01,Class A,20000000.0,0.866,0.1347,0.0323,0.952,27,93294375.26664558,3934695.1288937577,28518479.69103362,0.3473,0.0834,0.783,0.776,0.401,0.298,0.793,0.021,0,5000000.0,1.19,0,0,0,0,1,0,0.799,0,0,0
CONT-0220,Chander Enterprises,DIST-0541,ST-15,Class C,5000000.0,0.803,0.072,0.0066,1.254,38,139937637.7104339,4908236.279875551,16774984.883115863,0.0443,0.297,0.279,0.624,0.548,0.364,0.675,0.016,2,20000000.0,0.841,0,0,0,0,0,0,0.666,0,0,0
CONT-0221,Nair Enterprises,DIST-0518,ST-15,Class C,100000000.0,0.783,0.0138,0.1045,1.141,8,214628619.77162233,11296738.437461272,6010742.544840587,0.0332,0.3197,0.482,0.668,0.654,0.219,0.697,0.031,1,5000000.0,0.288,0,0,0,0,0,0,0.788,0,0,0
CONT-0222,Arora-Manne Infrastructure Pvt Ltd,DIST-0615,ST-18,Class B,20000000.0,0.879,0.0717,0.074,1.3,40,201019594.0865598,8070923.084785547,19586570.648216393,0.2901,0.1439,0.666,0.633,0.14,0.219,0.724,0.016,0,5000000.0,1.557,0,0,0,0,0,0,0.955,0,0,0
CONT-0223,Rama-Chad Infrastructure Pvt Ltd,DIST-0078,ST-02,Class C,5000000.0,0.898,0.0047,0.0249,1.65,24,49474830.86846721,13107301.6082639,47431652.91910897,0.0438,0.3032,0.361,0.205,0.295,0.392,0.697,0.01,0,20000000.0,0.408,1,0,0,0,0,0,0.824,0,0,0
CONT-0224,"Kibe, Verma and Gara Infrastructure Pvt Ltd",DIST-0283,ST-07,Class B,5000000.0,0.752,0.2707,0.0067,1.495,25,148945685.51869133,14050615.164174573,33128208.984150335,0.2518,0.3516,0.894,0.346,0.247,0.27,0.979,0.039,0,20000000.0,0.29,1,0,0,0,0,0,0.562,0,0,0
CONT-0225,"Rai, Gara and Dewan Infrastructure Pvt Ltd",DIST-0189,ST-05,Class B,5000000.0,0.893,0.0017,0.1468,1.619,12,32867715.130331334,8779842.926377598,10547398.326596146,0.2729,0.034,0.548,0.861,0.219,0.131,0.848,0.078,0,20000000.0,0.413,0,0,0,0,0,0,0.82,0,0,0
CONT-0226,Mitra-Loyal Infrastructure Pvt Ltd,DIST-0190,ST-05,Class C,20000000.0,0.888,0.0691,0.0706,1.115,17,236929446.7397285,10244593.822012728,29464403.40473952,0.2134,0.2556,0.735,0.587,0.757,0.394,0.796,0.013,0,20000000.0,0.933,0,0,0,0,0,0,0.676,0,0,0
CONT-0227,Tailor Enterprises,DIST-0230,ST-06,Class B,5000000.0,0.788,0.0892,0.1173,1.249,36,220293235.83867812,6798518.410133228,24536499.99602767,0.2966,0.0728,0.646,0.48,0.839,0.339,0.653,0.067,0,20000000.0,0.531,1,0,0,0,0,0,0.744,0,0,0
CONT-0228,Dhingra Enterprises,DIST-0324,ST-08,Class B,5000000.0,0.87,0.031,0.0304,1.253,17,31788042.397279125,11141116.051740473,36172225.49552496,0.2376,0.2113,0.925,0.551,0.729,0.155,0.916,0.08,2,5000000.0,1.385,1,0,0,0,1,0,0.701,0,0,1
CONT-0229,Bhatnagar Enterprises,DIST-0596,ST-17,Class C,20000000.0,0.921,0.0392,0.0135,1.444,17,192738147.12020254,4705821.343790194,44457207.027778976,0.0933,0.2019,0.565,0.388,0.371,0.124,0.838,0.073,0,20000000.0,1.407,0,1,1,0,0,0,0.746,0,0,0
CONT-0230,Saran LLC Infrastructure Pvt Ltd,DIST-0074,ST-01,Class C,5000000.0,0.819,0.0726,0.0388,1.372,38,124840871.8453359,6577380.808764689,27662554.54941038,0.2038,0.3965,0.875,0.687,0.215,0.418,0.945,0.071,0,5000000.0,1.256,0,0,0,0,0,0,0.722,0,0,0
CONT-0231,Mistry-Sule Infrastructure Pvt Ltd,DIST-0121,ST-03,Class C,20000000.0,0.826,0.1276,0.0053,0.864,1,191313041.14765236,8591190.692429673,24339982.97783635,0.3486,0.2703,0.585,0.479,0.343,0.332,0.844,0.068,0,20000000.0,0.868,0,0,0,0,1,0,0.925,0,0,0
CONT-0232,Patel LLC Infrastructure Pvt Ltd,DIST-0590,ST-17,Class B,5000000.0,0.922,0.0154,0.0327,1.764,16,64542123.292600505,7064320.699528838,38834566.187858656,0.0634,0.3726,0.354,0.813,0.463,0.386,0.966,0.034,0,5000000.0,1.321,0,0,0,0,0,0,0.561,0,0,0
CONT-0233,Koshy Enterprises,DIST-0390,ST-10,Class C,20000000.0,0.775,0.0471,0.0542,0.908,44,68684753.4812982,5572987.803233473,25460089.8735268,0.0944,0.1919,0.633,0.698,0.608,0.147,0.663,0.067,1,100000000.0,1.544,0,0,0,0,0,0,0.747,0,0,0
CONT-0234,"Tandon, Hayre and Shankar Infrastructure Pvt Ltd",DIST-0237,ST-06,Class B,100000000.0,0.896,0.0876,0.2043,1.367,11,124582820.90076773,9580389.918442596,35891698.42724115,0.3201,0.1289,0.834,0.418,0.514,0.381,0.889,0.069,1,5000000.0,1.59,0,0,0,0,0,0,0.571,0,0,0
CONT-0235,Deshmukh LLC Infrastructure Pvt Ltd,DIST-0148,ST-03,Class B,5000000.0,0.734,0.1679,0.1112,1.459,11,188519712.0658763,11350802.774541639,36061216.74474245,0.1788,0.2311,0.546,0.476,0.303,0.192,0.791,0.046,0,5000000.0,0.676,0,0,0,0,1,0,0.696,1,0,0
CONT-0236,Ahuja Enterprises,DIST-0400,ST-10,Class C,20000000.0,0.709,0.0567,0.0408,1.788,23,86962404.3164611,11994647.16263128,15000243.961831506,0.1407,0.2819,0.927,0.507,0.472,0.138,0.783,0.005,1,5000000.0,1.157,0,0,0,0,0,0,0.674,0,0,0
CONT-0237,Natarajan-Rai Infrastructure Pvt Ltd,DIST-0535,ST-15,Class C,5000000.0,0.942,0.0777,0.4678,1.51,16,52449580.823649436,10365959.949157773,40659210.79407845,0.2034,0.3366,0.474,0.84,0.586,0.371,0.74,0.036,2,5000000.0,0.766,0,0,0,0,0,0,0.925,0,0,0
CONT-0238,Sarraf-Natt Infrastructure Pvt Ltd,DIST-0314,ST-07,Class A,5000000.0,0.855,0.0612,0.0615,1.086,38,206161570.0494075,7992861.870349644,8641219.211417725,0.1757,0.3368,0.628,0.423,0.791,0.112,0.758,0.035,0,100000000.0,0.282,0,0,0,0,0,0,0.944,0,0,0
CONT-0239,Deshpande-Mital Infrastructure Pvt Ltd,DIST-0340,ST-08,Class B,100000000.0,0.945,0.0153,0.0263,1.128,44,74309926.99744508,6212774.798994419,19447822.483067695,0.3084,0.2682,0.751,0.209,0.421,0.177,0.931,0.076,0,100000000.0,0.22,0,0,0,0,0,0,0.708,0,0,0
CONT-0240,Nagi Enterprises,DIST-0054,ST-01,Class C,20000000.0,0.878,0.0503,0.213,0.975,13,117904618.01219577,11605474.004360301,15585769.189645493,0.2508,0.0159,0.881,0.865,0.102,0.233,0.787,0.067,0,20000000.0,0.484,1,0,0,0,0,0,0.823,0,0,0
CONT-0241,"Iyer, Srinivas and Murthy Infrastructure Pvt Ltd",DIST-0003,ST-01,Class C,100000000.0,0.813,0.0963,0.1351,1.377,44,47612605.89419715,9239242.209642649,9506003.996615916,0.1254,0.1552,0.863,0.491,0.549,0.4,0.791,0.071,0,5000000.0,0.333,0,0,0,0,0,0,0.839,0,0,0
CONT-0242,Rao LLC Infrastructure Pvt Ltd,DIST-0330,ST-08,Class B,5000000.0,0.71,0.11,0.0393,1.142,9,175491901.93034083,13222426.067287879,20135508.99281086,0.1663,0.258,0.436,0.325,0.825,0.128,0.727,0.049,0,5000000.0,0.29,1,0,0,0,0,0,0.915,0,0,0
CONT-0243,Swaminathan-Kibe Infrastructure Pvt Ltd,DIST-0358,ST-09,Class B,5000000.0,0.703,0.033,0.0716,1.487,24,241369943.12643906,3640583.786538321,25460594.532917757,0.0641,0.0686,0.926,0.6,0.294,0.361,0.939,0.073,2,100000000.0,1.095,0,0,0,0,0,0,0.604,0,0,0
CONT-0244,Puri-Mand Infrastructure Pvt Ltd,DIST-0090,ST-02,Class B,20000000.0,0.898,0.0116,0.0346,0.99,31,224426764.338854,11588122.472805224,14874941.691198118,0.2334,0.0616,0.346,0.7,0.194,0.162,0.946,0.059,2,100000000.0,0.638,0,0,0,0,0,0,0.857,0,1,0
CONT-0245,Patla-Comar Infrastructure Pvt Ltd,DIST-0276,ST-07,Class C,20000000.0,0.816,0.044,0.0392,0.575,36,177918485.43642378,6405621.274004384,36031908.7671351,0.2838,0.3523,0.234,0.742,0.21,0.329,0.773,0.057,0,20000000.0,0.376,1,0,0,0,0,0,0.698,0,0,0
CONT-0246,"Iyengar, Gole and Bala Infrastructure Pvt Ltd",DIST-0247,ST-06,Class A,20000000.0,0.91,0.176,0.1347,0.753,3,169368532.18448654,3698444.964208862,14007778.358407985,0.1123,0.3751,0.445,0.214,0.206,0.063,0.783,0.064,0,100000000.0,0.267,0,0,0,0,0,0,0.847,0,0,0
CONT-0247,"Shenoy, Kadakia and Sarma Infrastructure Pvt Ltd",DIST-0476,ST-13,Class B,5000000.0,0.914,0.0665,0.0946,1.65,8,171144531.2855388,12048814.768563911,8021124.139287561,0.2234,0.3703,0.917,0.878,0.584,0.303,0.832,0.049,0,5000000.0,0.324,0,0,0,0,0,0,0.683,0,0,0
CONT-0248,Biswas-Rege Infrastructure Pvt Ltd,DIST-0385,ST-10,Class B,5000000.0,0.759,0.018,0.2032,1.49,35,244544831.56587756,9805930.894319484,44600893.21993345,0.032,0.2261,0.577,0.226,0.165,0.059,0.747,0.004,0,100000000.0,1.059,0,0,0,1,0,0,0.919,0,0,0
CONT-0249,"Tata, Dewan and Mitter Infrastructure Pvt Ltd",DIST-0491,ST-14,Class C,20000000.0,0.886,0.0395,0.09,0.713,17,27956754.724944454,3347803.8914499474,17462042.372111026,0.2743,0.1361,0.553,0.66,0.691,0.173,0.891,0.023,0,20000000.0,1.497,0,0,0,0,0,0,0.953,0,0,0
CONT-0250,Khurana Enterprises,DIST-0402,ST-10,Class C,100000000.0,0.857,0.0257,0.0482,0.858,28,79248296.74764562,12626515.896918288,7028214.648953184,0.1322,0.2876,0.505,0.301,0.558,0.259,0.974,0.06,4,5000000.0,1.266,0,0,0,0,0,0,0.756,0,1,0
CONT-0251,Dube-Sampath Infrastructure Pvt Ltd,DIST-0212,ST-05,Class C,20000000.0,0.789,0.0794,0.1721,1.571,16,166293665.5984099,9777909.907153687,9907169.502721146,0.1583,0.2485,0.261,0.278,0.845,0.183,0.765,0.02,0,20000000.0,1.307,0,0,0,1,0,0,0.762,0,0,0
CONT-0252,Purohit Enterprises,DIST-0554,ST-16,Class B,20000000.0,0.967,0.138,0.0656,1.409,22,230908332.30179462,4929637.978992409,31266602.53362564,0.2703,0.3502,0.887,0.259,0.645,0.132,0.907,0.056,0,100000000.0,0.847,0,0,0,0,0,0,0.839,0,1,0
CONT-0253,Borah Enterprises,DIST-0244,ST-06,Class B,20000000.0,0.75,0.0342,0.0103,0.716,11,156937185.74259874,4127939.6574734338,38376838.12918241,0.1909,0.0537,0.912,0.544,0.659,0.137,0.695,0.059,0,5000000.0,1.245,0,0,0,0,0,0,0.896,0,0,0
CONT-0254,Srinivas-Rattan Infrastructure Pvt Ltd,DIST-0448,ST-12,Class B,20000000.0,0.968,0.0669,0.0539,1.642,26,111472835.41372435,6909172.220312589,29085782.26570582,0.2006,0.0979,0.353,0.762,0.157,0.247,0.713,0.026,0,20000000.0,0.838,0,0,0,0,0,0,0.588,0,0,0
CONT-0255,Warrior Enterprises,DIST-0021,ST-01,Class B,100000000.0,0.731,0.0809,0.0283,0.98,30,125976461.88681617,3533499.0634617126,41975641.40022782,0.2146,0.0326,0.708,0.398,0.152,0.293,0.892,0.041,0,20000000.0,0.209,0,0,0,0,0,0,0.933,1,0,0
CONT-0256,"Sahota, Bansal and Parsa Infrastructure Pvt Ltd",DIST-0403,ST-10,Class B,5000000.0,0.863,0.0449,0.1641,0.994,34,219544947.35172343,5023716.626967305,45256174.82705586,0.145,0.2413,0.446,0.569,0.137,0.076,0.787,0.027,0,5000000.0,0.435,1,0,0,0,0,0,0.659,0,0,0
CONT-0257,"Yadav, Chada and Chopra Infrastructure Pvt Ltd",DIST-0350,ST-09,Class B,20000000.0,0.76,0.0223,0.1393,1.016,31,140169349.1926074,5877937.997954155,29861547.39320966,0.328,0.3489,0.632,0.493,0.624,0.419,0.812,0.008,1,5000000.0,1.27,1,0,0,0,0,0,0.894,0,0,0
CONT-0258,Pant and Sons Infrastructure Pvt Ltd,DIST-0002,ST-01,Class B,5000000.0,0.937,0.1184,0.0862,0.527,40,93531071.76153518,10365135.021933492,34346823.29583502,0.045,0.1739,0.682,0.381,0.405,0.295,0.783,0.002,0,20000000.0,0.548,0,0,0,0,0,0,0.758,0,0,0
CONT-0259,Basu Enterprises,DIST-0232,ST-06,Class C,20000000.0,0.816,0.0697,0.0837,1.491,3,145821418.29676852,13913799.333682276,34216652.10255918,0.0706,0.3207,0.531,0.209,0.465,0.375,0.792,0.061,0,20000000.0,0.653,0,0,0,0,0,0,0.625,0,0,0
CONT-0260,Ratta Enterprises,DIST-0131,ST-03,Class C,20000000.0,0.904,0.0865,0.0165,0.524,19,96878450.11428572,9357660.905371288,45183369.64536622,0.2157,0.02,0.742,0.85,0.582,0.395,0.922,0.069,0,20000000.0,1.387,0,0,0,0,1,0,0.63,0,0,0
CONT-0261,Sani-Cherian Infrastructure Pvt Ltd,DIST-0465,ST-12,Class C,5000000.0,0.729,0.0562,0.0898,0.614,8,205524671.90561116,12220586.667242423,24597445.95243717,0.3138,0.1583,0.848,0.222,0.36,0.392,0.947,0.061,0,100000000.0,1.191,0,0,0,0,0,0,0.841,0,0,0
CONT-0262,Anne Enterprises,DIST-0189,ST-05,Class A,100000000.0,0.716,0.0881,0.1233,0.531,31,168243542.77524126,14739091.064181011,43172344.57810356,0.2978,0.2117,0.623,0.801,0.752,0.371,0.92,0.07,0,5000000.0,1.567,0,0,0,0,0,0,0.771,0,0,0
CONT-0263,Chaudhari Enterprises,DIST-0210,ST-05,Class C,5000000.0,0.875,0.1724,0.1139,0.855,17,86295451.61319804,12772894.265939513,11603017.444166768,0.2716,0.0816,0.596,0.424,0.578,0.135,0.912,0.046,2,20000000.0,1.05,0,0,0,0,1,0,0.828,0,0,1
CONT-0264,Kapadia-Uppal Infrastructure Pvt Ltd,DIST-0471,ST-13,Class B,20000000.0,0.938,0.0325,0.0376,1.018,14,75507047.64143455,9394646.745098,11524942.534702675,0.2816,0.2016,0.625,0.789,0.239,0.12,0.789,0.063,0,20000000.0,0.901,0,0,0,0,0,0,0.575,0,0,0
CONT-0265,"Venkataraman, Kant and Sehgal Infrastructure Pvt Ltd",DIST-0260,ST-06,Class B,5000000.0,0.73,0.0281,0.1488,1.239,35,86631751.36186697,6598773.297206785,33303774.9016817,0.06,0.0561,0.387,0.719,0.375,0.253,0.714,0.016,0,5000000.0,1.135,0,0,0,0,1,0,0.718,0,1,0
CONT-0266,Prasad Enterprises,DIST-0495,ST-14,Class B,20000000.0,0.925,0.0281,0.0492,0.498,13,88278152.09300509,5936029.9155638805,31693682.289590485,0.2655,0.3757,0.271,0.305,0.542,0.089,0.772,0.05,1,5000000.0,1.135,0,1,1,0,0,0,0.688,0,0,0
CONT-0267,Sheth-Tella Infrastructure Pvt Ltd,DIST-0203,ST-05,Class B,20000000.0,0.917,0.0519,0.1014,0.839,33,41615528.182316735,12029543.09101281,34475593.17208665,0.3107,0.1115,0.58,0.227,0.784,0.32,0.856,0.059,0,20000000.0,1.321,1,0,0,0,0,0,0.942,0,0,0
CONT-0268,Pai Inc Infrastructure Pvt Ltd,DIST-0462,ST-12,Class A,100000000.0,0.767,0.1724,0.0426,1.081,25,50893782.32907012,2245718.4561706944,21424669.118075635,0.0474,0.0205,0.277,0.423,0.663,0.077,0.874,0.05,1,5000000.0,1.312,0,0,0,0,0,0,0.906,0,0,0
CONT-0269,Subramanian Enterprises,DIST-0162,ST-04,Class A,20000000.0,0.813,0.0094,0.0553,0.51,7,39485590.21870699,4611062.29273102,41435858.62743752,0.0939,0.0967,0.704,0.479,0.727,0.305,0.745,0.048,1,5000000.0,1.231,0,0,0,0,0,0,0.873,0,0,0
CONT-0270,Merchant Group Infrastructure Pvt Ltd,DIST-0607,ST-18,Class A,100000000.0,0.788,0.0372,0.1343,0.725,42,158648119.11698702,4663886.682670548,45483611.44789532,0.2049,0.0916,0.934,0.583,0.224,0.257,0.967,0.034,0,20000000.0,0.592,1,0,0,0,0,0,0.943,0,0,0
CONT-0271,Chada Enterprises,DIST-0010,ST-01,Class B,100000000.0,0.834,0.0246,0.1115,1.625,22,235944843.54323775,6251777.4024983095,38249197.69160324,0.1222,0.3818,0.227,0.447,0.751,0.16,0.741,0.072,1,5000000.0,1.012,1,0,0,0,0,0,0.821,0,0,0
CONT-0272,Dhar LLC Infrastructure Pvt Ltd,DIST-0034,ST-01,Class C,100000000.0,0.774,0.0811,0.038,0.737,32,96069614.24308713,3899412.885605153,47576796.26749746,0.2539,0.3205,0.761,0.37,0.205,0.222,0.924,0.026,0,20000000.0,0.48,0,0,0,1,0,0,0.774,0,0,0
CONT-0273,Muni Enterprises,DIST-0106,ST-02,Class B,100000000.0,0.925,0.0252,0.0202,1.38,21,227563064.51253507,6474767.671435953,28229507.40130179,0.1729,0.3702,0.399,0.433,0.595,0.405,0.688,0.017,2,20000000.0,0.684,0,0,0,0,0,0,0.846,0,0,0
CONT-0274,Shah-Jhaveri Infrastructure Pvt Ltd,DIST-0165,ST-04,Class A,5000000.0,0.75,0.0185,0.0467,0.555,29,33275539.297394358,4784350.64474078,31396906.020010274,0.0528,0.0492,0.819,0.283,0.556,0.191,0.946,0.057,0,100000000.0,0.779,0,1,1,0,0,0,0.866,0,0,0
CONT-0275,"Subramanian, Pall and Soni Infrastructure Pvt Ltd",DIST-0187,ST-05,Class C,5000000.0,0.923,0.0322,0.0132,0.628,22,146992472.61044532,9396503.228845505,15341937.482133772,0.2652,0.0443,0.667,0.498,0.195,0.304,0.872,0.035,1,20000000.0,0.6,0,0,0,0,0,0,0.592,0,0,0
CONT-0276,Sarma Ltd Infrastructure Pvt Ltd,DIST-0167,ST-04,Class C,5000000.0,0.842,0.0484,0.1498,1.378,30,153827032.71291474,10464107.38792414,35636628.75663781,0.2056,0.3481,0.387,0.239,0.822,0.074,0.948,0.049,2,20000000.0,1.349,0,1,1,0,0,0,0.71,1,0,0
CONT-0277,Sethi Enterprises,DIST-0234,ST-06,Class B,100000000.0,0.713,0.0298,0.0036,0.541,25,42922686.96324747,12368816.842250971,28983183.130655013,0.011,0.2217,0.562,0.65,0.126,0.064,0.765,0.055,0,5000000.0,0.502,0,0,0,1,0,0,0.795,0,0,0
CONT-0278,Nagar Enterprises,DIST-0178,ST-05,Class B,20000000.0,0.709,0.2412,0.1583,0.823,27,19117642.618634187,9134588.647007983,25258549.59843173,0.2225,0.2951,0.444,0.645,0.493,0.104,0.941,0.06,2,20000000.0,0.543,0,0,0,0,0,0,0.566,0,0,1
CONT-0279,Mital Inc Infrastructure Pvt Ltd,DIST-0459,ST-12,Class C,20000000.0,0.747,0.0112,0.1757,1.352,24,242207488.0771364,9599116.136931036,45694109.76845495,0.2282,0.0809,0.799,0.686,0.833,0.147,0.76,0.066,0,20000000.0,0.95,1,0,0,0,0,0,0.906,1,0,0
CONT-0280,"Contractor, Bajaj and Oza Infrastructure Pvt Ltd",DIST-0479,ST-13,Class C,5000000.0,0.779,0.023,0.1903,1.638,27,244282007.5846849,2218999.853890462,32877794.97461478,0.0496,0.365,0.901,0.412,0.721,0.302,0.683,0.048,2,5000000.0,0.202,0,0,0,0,1,0,0.74,0,0,0
CONT-0281,Chopra Enterprises,DIST-0468,ST-12,Class B,100000000.0,0.705,0.0142,0.0325,0.983,12,50932241.82729557,11021679.774101779,42681669.03018115,0.2815,0.1449,0.922,0.284,0.47,0.272,0.827,0.061,0,5000000.0,0.452,0,0,0,0,0,0,0.776,0,1,0
CONT-0282,"Gala, Kohli and Varty Infrastructure Pvt Ltd",DIST-0334,ST-08,Class B,5000000.0,0.718,0.1134,0.0666,0.408,22,123556882.10561478,11358573.948222421,48139551.12333067,0.011,0.2733,0.289,0.521,0.735,0.079,0.977,0.046,0,5000000.0,1.022,0,0,0,0,0,0,0.766,1,0,0
CONT-0283,Dutta LLC Infrastructure Pvt Ltd,DIST-0530,ST-15,Class C,100000000.0,0.753,0.0862,0.0463,1.0,24,186762816.00627333,12494808.447680596,42142324.56056589,0.0174,0.0313,0.349,0.659,0.568,0.18,0.971,0.007,1,20000000.0,0.786,1,0,0,0,0,0,0.889,0,0,0
CONT-0284,"Sandhu, Shere and Kata Infrastructure Pvt Ltd",DIST-0612,ST-18,Class C,20000000.0,0.731,0.0235,0.0781,1.728,5,137889466.41182655,9826819.10182874,24298482.703816954,0.0384,0.3722,0.447,0.419,0.243,0.447,0.961,0.028,0,100000000.0,0.792,0,0,0,0,0,0,0.884,0,0,0
CONT-0285,Gour-Grewal Infrastructure Pvt Ltd,DIST-0431,ST-11,Class C,20000000.0,0.727,0.2213,0.1187,1.752,33,225760948.90126795,14883396.17039537,33882954.621910885,0.276,0.0225,0.52,0.402,0.718,0.321,0.853,0.075,0,100000000.0,0.341,0,0,0,0,0,0,0.7,0,0,0
CONT-0286,Sankaran Enterprises,DIST-0405,ST-10,Class B,5000000.0,0.789,0.0179,0.0338,1.72,30,74237212.4752422,10356332.928234713,47833946.489926524,0.0301,0.3282,0.363,0.307,0.774,0.051,0.895,0.007,0,20000000.0,1.408,0,0,0,0,1,0,0.717,0,0,0
CONT-0287,Randhawa Enterprises,DIST-0393,ST-10,Class A,100000000.0,0.862,0.1214,0.0792,0.416,36,69216830.0871564,11936635.236844527,30636945.777556434,0.0705,0.2316,0.369,0.498,0.766,0.338,0.865,0.023,0,20000000.0,0.995,0,0,0,0,0,0,0.703,0,0,0
CONT-0288,Balakrishnan Enterprises,DIST-0175,ST-05,Class B,20000000.0,0.828,0.0403,0.0177,1.392,15,72921460.75606579,4001696.8276354056,37560720.371729575,0.2068,0.0351,0.545,0.346,0.826,0.093,0.847,0.039,0,100000000.0,0.678,0,0,0,0,0,0,0.841,0,0,0
CONT-0289,Hora Enterprises,DIST-0053,ST-01,Class B,20000000.0,0.9,0.0173,0.0747,1.39,16,53443706.65475189,11614544.22585462,47658534.0963187,0.2292,0.3856,0.946,0.761,0.849,0.3,0.814,0.073,1,5000000.0,0.624,0,0,0,0,0,0,0.653,0,0,0
CONT-0290,Sanghvi-Ramachandran Infrastructure Pvt Ltd,DIST-0617,ST-18,Class B,20000000.0,0.878,0.0443,0.1068,0.993,42,224973999.16744402,11619547.516076334,39514825.47290368,0.154,0.2079,0.344,0.617,0.377,0.189,0.963,0.013,1,5000000.0,0.24,1,0,0,0,0,0,0.75,0,0,0
CONT-0291,Agrawal Enterprises,DIST-0595,ST-17,Class A,5000000.0,0.896,0.0308,0.0451,0.75,41,51817646.17750026,2421651.6180421603,47722567.78364524,0.114,0.1634,0.261,0.483,0.829,0.328,0.806,0.025,0,20000000.0,0.556,1,0,0,0,0,0,0.933,0,0,0
CONT-0292,"Kala, Jha and Mallick Infrastructure Pvt Ltd",DIST-0604,ST-18,Class B,5000000.0,0.979,0.0406,0.0893,1.637,6,103793104.25669663,7912756.225398703,6213821.83402617,0.3037,0.1418,0.349,0.486,0.633,0.398,0.721,0.014,2,20000000.0,0.712,1,0,0,0,1,0,0.866,0,0,0
CONT-0293,Bhatnagar Enterprises,DIST-0187,ST-05,Class A,5000000.0,0.836,0.1079,0.0452,1.273,40,30549119.280741878,2958063.756408821,32276733.559981197,0.2836,0.111,0.9,0.754,0.158,0.213,0.672,0.073,0,20000000.0,1.156,0,0,0,0,0,0,0.956,0,0,1
CONT-0294,Chaudry Enterprises,DIST-0088,ST-02,Class C,100000000.0,0.749,0.0436,0.1438,0.66,27,69316851.95107597,9247865.168236693,18869126.262793563,0.2578,0.2315,0.599,0.866,0.342,0.304,0.65,0.059,0,5000000.0,0.202,0,0,0,0,0,0,0.843,0,0,0
CONT-0295,Yadav Enterprises,DIST-0184,ST-05,Class C,20000000.0,0.822,0.0865,0.0368,1.777,27,211549076.7923213,8431541.343859574,9994611.459879966,0.3338,0.2242,0.86,0.808,0.111,0.156,0.761,0.043,0,5000000.0,1.34,1,0,0,0,0,0,0.753,0,0,0
CONT-0296,Pau LLC Infrastructure Pvt Ltd,DIST-0061,ST-01,Class C,5000000.0,0.949,0.0121,0.0292,1.77,10,28205849.866246738,10553526.816614969,17287077.97185316,0.0527,0.068,0.902,0.679,0.138,0.444,0.917,0.025,0,20000000.0,1.146,0,0,0,0,0,0,0.569,0,0,0
CONT-0297,Hegde Enterprises,DIST-0615,ST-18,Class B,5000000.0,0.969,0.1373,0.1527,1.128,26,240376335.4712934,14434008.14098608,36714689.05594494,0.2685,0.3606,0.923,0.258,0.848,0.331,0.846,0.033,0,100000000.0,1.116,1,0,0,0,0,0,0.612,0,0,0
CONT-0298,Shankar Enterprises,DIST-0291,ST-07,Class B,100000000.0,0.918,0.1005,0.0644,0.848,5,159185670.9154629,2521241.739583305,24475698.089203425,0.2904,0.3996,0.478,0.214,0.47,0.161,0.945,0.057,0,20000000.0,0.678,0,0,0,0,0,0,0.638,0,0,0
CONT-0299,Lala Ltd Infrastructure Pvt Ltd,DIST-0006,ST-01,Class B,20000000.0,0.778,0.1223,0.0699,0.471,1,249717707.74396136,6281061.139752487,43689784.821165815,0.0392,0.1893,0.464,0.341,0.379,0.311,0.812,0.068,2,20000000.0,1.574,1,1,1,0,0,0,0.733,0,0,0
CONT-0300,Wable-Munshi Infrastructure Pvt Ltd,DIST-0217,ST-05,Class B,20000000.0,0.784,0.1012,0.0575,1.141,28,125039265.46269074,10850142.707613537,24625267.844008252,0.0569,0.3948,0.74,0.626,0.461,0.335,0.692,0.026,0,5000000.0,0.23,0,0,0,0,0,0,0.916,0,0,0
CONT-0301,"Rama, Ramanathan and Comar Infrastructure Pvt Ltd",DIST-0406,ST-11,Class B,5000000.0,0.953,0.0332,0.0823,1.473,21,59228860.33776816,8190628.529369698,9364413.320464786,0.2534,0.3194,0.87,0.82,0.353,0.152,0.946,0.012,0,5000000.0,1.264,0,0,0,0,0,0,0.708,0,0,0
CONT-0302,Pall Enterprises,DIST-0452,ST-12,Class C,100000000.0,0.834,0.035,0.1266,1.268,23,130671111.1338956,6881296.8740384225,25722635.709634826,0.0256,0.2242,0.7,0.277,0.292,0.338,0.912,0.079,0,100000000.0,0.441,1,0,0,0,0,0,0.746,0,0,0
CONT-0303,Shankar-Gera Infrastructure Pvt Ltd,DIST-0610,ST-18,Class A,5000000.0,0.914,0.0069,0.0929,1.075,12,57420599.58739901,3165750.3696349873,8370993.895788791,0.0227,0.2337,0.317,0.766,0.774,0.167,0.704,0.033,1,5000000.0,0.352,0,0,0,0,0,0,0.701,0,0,0
CONT-0304,"Mishra, Chad and Desai Infrastructure Pvt Ltd",DIST-0317,ST-08,Class B,5000000.0,0.874,0.1091,0.1503,1.457,1,25864007.78076684,8614873.414794272,48974392.09167757,0.2407,0.0719,0.586,0.831,0.141,0.305,0.888,0.056,0,100000000.0,0.651,1,0,0,0,0,0,0.751,1,0,0
CONT-0305,Munshi Enterprises,DIST-0222,ST-05,Class A,20000000.0,0.98,0.0311,0.0366,0.861,44,212868640.7612075,11165188.508383397,19909466.134643454,0.0908,0.06,0.284,0.638,0.182,0.434,0.742,0.002,1,5000000.0,0.68,1,0,0,0,0,0,0.708,0,0,0
CONT-0306,Khare LLC Infrastructure Pvt Ltd,DIST-0111,ST-02,Class B,20000000.0,0.886,0.0701,0.3036,0.428,28,144201665.28615382,7203546.810448947,49133665.516579404,0.285,0.0672,0.513,0.502,0.372,0.248,0.871,0.051,0,20000000.0,0.605,0,0,0,0,0,0,0.68,0,0,0
CONT-0307,Dada Enterprises,DIST-0082,ST-02,Class B,20000000.0,0.822,0.0208,0.1141,1.091,32,239150806.58567858,13841671.884496532,10039249.574207928,0.1354,0.2115,0.89,0.772,0.39,0.404,0.775,0.022,0,5000000.0,1.071,0,0,0,0,0,0,0.97,0,0,0
CONT-0308,Goswami Enterprises,DIST-0328,ST-08,Class A,100000000.0,0.819,0.043,0.0855,0.919,40,90891370.75562534,8052001.357864515,33959725.37960291,0.194,0.0741,0.568,0.522,0.509,0.094,0.701,0.042,0,20000000.0,0.722,1,0,0,0,0,0,0.723,0,0,0
CONT-0309,Dhaliwal-Vaidya Infrastructure Pvt Ltd,DIST-0264,ST-06,Class C,5000000.0,0.849,0.0793,0.0651,1.416,29,222846901.86696684,9974327.044619823,8387978.041633623,0.2081,0.0501,0.912,0.653,0.517,0.129,0.82,0.027,0,20000000.0,0.899,0,0,0,0,0,0,0.753,0,0,0
CONT-0310,Sahota-Devi Infrastructure Pvt Ltd,DIST-0400,ST-10,Class C,5000000.0,0.892,0.0699,0.0917,1.345,41,134006617.81109865,2501820.861113731,32518272.95664315,0.3023,0.0111,0.32,0.563,0.521,0.187,0.659,0.059,0,20000000.0,0.983,0,1,1,0,0,0,0.856,0,0,0
CONT-0311,"Rajagopal, Sampath and Grewal Infrastructure Pvt Ltd",DIST-0270,ST-07,Class B,5000000.0,0.903,0.0484,0.0298,1.195,17,165953965.3774861,13376677.721124435,12202393.967201406,0.3174,0.268,0.427,0.898,0.615,0.413,0.652,0.044,0,5000000.0,1.268,0,0,0,0,0,0,0.853,0,0,0
CONT-0312,Yogi-Ghose Infrastructure Pvt Ltd,DIST-0569,ST-17,Class B,100000000.0,0.785,0.0456,0.0841,0.97,2,139988304.39253956,2692591.612533124,33128903.73577902,0.2804,0.1635,0.384,0.735,0.118,0.376,0.915,0.071,0,5000000.0,1.422,0,0,0,0,0,0,0.802,0,0,0
CONT-0313,"Ganesan, Suri and Mani Infrastructure Pvt Ltd",DIST-0481,ST-13,Class B,5000000.0,0.888,0.0627,0.1184,0.766,26,224968333.87832898,3125342.4363433453,40384340.84546413,0.0631,0.1385,0.468,0.344,0.156,0.357,0.912,0.08,2,20000000.0,0.387,1,0,0,0,0,0,0.929,0,0,0
CONT-0314,Grover LLC Infrastructure Pvt Ltd,DIST-0425,ST-11,Class B,5000000.0,0.823,0.0574,0.0953,1.366,13,186866959.89549014,11402025.973630618,49744427.66258535,0.3373,0.1149,0.309,0.307,0.772,0.091,0.762,0.042,0,20000000.0,1.301,0,0,0,0,0,0,0.587,0,0,0
CONT-0315,Bera-Parmer Infrastructure Pvt Ltd,DIST-0507,ST-15,Class C,5000000.0,0.764,0.1232,0.0765,1.063,13,51586093.64266052,13901727.603075083,35770582.871908516,0.1162,0.3554,0.649,0.713,0.389,0.207,0.654,0.043,1,100000000.0,1.449,1,0,0,0,0,0,0.616,0,0,0
CONT-0316,Sundaram and Sons Infrastructure Pvt Ltd,DIST-0476,ST-13,Class A,5000000.0,0.863,0.1667,0.1589,1.358,36,14757539.736910408,14293977.406652752,38987888.29066275,0.0784,0.2306,0.646,0.288,0.244,0.433,0.818,0.015,1,20000000.0,1.094,0,0,0,0,0,0,0.623,0,0,0
CONT-0317,Hayer Enterprises,DIST-0168,ST-04,Class B,5000000.0,0.874,0.0594,0.0582,1.574,44,21190676.994623993,9292333.111164963,29380904.019294783,0.129,0.3039,0.923,0.303,0.209,0.344,0.8,0.064,0,5000000.0,1.177,0,0,0,0,0,0,0.93,0,1,0
CONT-0318,Rajagopalan Enterprises,DIST-0462,ST-12,Class B,5000000.0,0.932,0.0178,0.1005,0.809,17,88196787.53329769,2216204.0701984204,12645180.458512623,0.3482,0.1071,0.215,0.395,0.406,0.269,0.673,0.063,1,5000000.0,1.318,0,0,0,0,0,0,0.962,0,0,0
CONT-0319,Tiwari Enterprises,DIST-0184,ST-05,Class A,100000000.0,0.901,0.0703,0.0574,1.311,2,247160043.72230682,2919340.352402058,27662988.46193728,0.307,0.0112,0.528,0.609,0.495,0.343,0.672,0.063,0,100000000.0,0.787,1,0,0,0,0,0,0.893,0,0,0
CONT-0320,"Talwar, Rege and Swamy Infrastructure Pvt Ltd",DIST-0533,ST-15,Class B,20000000.0,0.807,0.0954,0.2045,0.665,39,53293889.92853295,13367746.879714444,7242287.330233515,0.1901,0.0348,0.721,0.855,0.723,0.199,0.728,0.01,1,5000000.0,1.08,0,0,0,0,0,0,0.774,0,0,0
CONT-0321,Sawhney-Suresh Infrastructure Pvt Ltd,DIST-0367,ST-09,Class B,5000000.0,0.901,0.0646,0.027,0.761,36,96207189.13429455,9891257.47415957,38473173.487348855,0.303,0.0217,0.745,0.42,0.729,0.08,0.832,0.044,0,100000000.0,0.35,1,0,0,0,0,0,0.776,0,0,0
CONT-0322,Butala PLC Infrastructure Pvt Ltd,DIST-0231,ST-06,Class B,100000000.0,0.948,0.0096,0.0111,1.42,18,200035678.63499454,8594032.532593941,47610843.934469074,0.0781,0.2069,0.439,0.776,0.162,0.223,0.905,0.025,0,5000000.0,1.199,0,0,0,0,0,0,0.79,0,0,0
CONT-0323,Kannan LLC Infrastructure Pvt Ltd,DIST-0481,ST-13,Class B,5000000.0,0.899,0.0567,0.0011,0.845,31,43527709.702292435,6652816.122953764,41604541.374129236,0.2257,0.3485,0.946,0.342,0.621,0.237,0.813,0.026,0,20000000.0,1.069,0,0,0,0,0,0,0.804,0,0,1
CONT-0324,Bali Enterprises,DIST-0051,ST-01,Class A,20000000.0,0.822,0.0835,0.1412,1.704,4,11354008.104780817,13708835.92246114,12828201.38063694,0.2009,0.2745,0.469,0.57,0.571,0.128,0.978,0.016,0,100000000.0,0.801,0,0,0,0,0,0,0.561,0,0,0
CONT-0325,Kar-Yogi Infrastructure Pvt Ltd,DIST-0604,ST-18,Class B,100000000.0,0.942,0.0172,0.0948,0.698,44,242278051.605402,2254575.8987655565,37156273.83917347,0.3428,0.0506,0.404,0.583,0.733,0.253,0.67,0.01,0,5000000.0,0.508,0,0,0,1,0,0,0.915,0,0,0
CONT-0326,Mani Enterprises,DIST-0239,ST-06,Class B,20000000.0,0.7,0.0623,0.0577,0.584,40,249741850.774018,9603269.781394342,28743717.90691645,0.2217,0.3531,0.909,0.229,0.254,0.096,0.905,0.004,2,5000000.0,1.044,0,0,0,0,0,0,0.744,0,0,0
CONT-0327,Shankar PLC Infrastructure Pvt Ltd,DIST-0380,ST-10,Class C,20000000.0,0.952,0.1752,0.0718,1.767,15,93495968.10432713,9344556.06069353,6278528.862745531,0.2069,0.3619,0.203,0.792,0.701,0.092,0.929,0.061,0,5000000.0,0.603,0,0,0,0,0,0,0.693,0,0,0
CONT-0328,"Tandon, Vaidya and Chowdhury Infrastructure Pvt Ltd",DIST-0338,ST-08,Class B,20000000.0,0.732,0.0446,0.0712,1.701,5,14953684.835566783,9551325.082904836,19216843.324831452,0.072,0.0759,0.334,0.432,0.31,0.385,0.813,0.034,0,100000000.0,0.277,1,1,1,0,0,0,0.859,0,0,0
CONT-0329,Comar Enterprises,DIST-0299,ST-07,Class B,5000000.0,0.966,0.0337,0.0228,0.75,43,65529904.9105645,10129737.411013732,29539602.140547626,0.0587,0.1515,0.786,0.349,0.822,0.168,0.857,0.05,0,20000000.0,1.241,0,0,0,0,0,0,0.817,0,0,0
CONT-0330,Peri-Barman Infrastructure Pvt Ltd,DIST-0592,ST-17,Class B,5000000.0,0.857,0.1165,0.0485,0.741,38,241098069.23354214,3425751.3935736744,30558756.584395833,0.126,0.2621,0.687,0.368,0.689,0.087,0.92,0.017,0,5000000.0,1.054,0,0,0,0,1,0,0.554,0,0,0
CONT-0331,"Sastry, Kamdar and Sandal Infrastructure Pvt Ltd",DIST-0282,ST-07,Class C,20000000.0,0.964,0.045,0.0411,1.465,13,55372915.436410286,8979372.22000646,39390771.164152995,0.332,0.0796,0.428,0.444,0.569,0.105,0.714,0.062,0,5000000.0,0.744,1,0,0,0,0,0,0.726,0,1,0
CONT-0332,Kota LLC Infrastructure Pvt Ltd,DIST-0443,ST-12,Class A,100000000.0,0.946,0.0025,0.1473,0.649,23,200878680.78057498,9654393.001672702,28834763.524544492,0.2982,0.0142,0.663,0.487,0.245,0.442,0.783,0.027,0,100000000.0,1.398,1,1,1,0,0,0,0.615,0,0,0
CONT-0333,Sengupta LLC Infrastructure Pvt Ltd,DIST-0365,ST-09,Class A,100000000.0,0.74,0.0374,0.0105,0.577,6,109028984.90166397,2457915.1066176197,29118753.950212464,0.0957,0.246,0.462,0.667,0.789,0.148,0.96,0.016,0,5000000.0,1.341,0,0,0,0,0,0,0.862,0,0,0
CONT-0334,Chahal-Sarna Infrastructure Pvt Ltd,DIST-0434,ST-11,Class A,100000000.0,0.98,0.0406,0.0841,0.656,20,89802318.60268582,7622750.48419055,40918864.38352399,0.0282,0.2911,0.266,0.793,0.251,0.344,0.845,0.031,0,5000000.0,0.695,1,0,0,0,0,0,0.875,0,0,0
CONT-0335,Khalsa and Sons Infrastructure Pvt Ltd,DIST-0318,ST-08,Class B,20000000.0,0.81,0.0707,0.0193,0.99,38,224323478.9852392,9863789.97248223,25211692.20758632,0.0991,0.1056,0.801,0.396,0.104,0.058,0.973,0.045,0,100000000.0,0.692,0,0,0,0,0,0,0.76,0,0,0
CONT-0336,Panchal Enterprises,DIST-0265,ST-06,Class B,5000000.0,0.936,0.0344,0.0668,1.188,38,96967133.95189798,11125912.186199225,6754503.200807042,0.2481,0.1285,0.404,0.685,0.261,0.435,0.977,0.037,0,5000000.0,1.29,1,0,0,0,0,0,0.986,0,0,0
CONT-0337,"Sangha, Gandhi and Dewan Infrastructure Pvt Ltd",DIST-0139,ST-03,Class A,100000000.0,0.827,0.0478,0.1137,0.754,22,196773741.9162582,6736441.744138833,44897490.33971537,0.0926,0.0222,0.672,0.556,0.8,0.219,0.695,0.026,0,20000000.0,0.584,0,0,0,0,0,0,0.736,0,0,0
CONT-0338,Jhaveri Enterprises,DIST-0254,ST-06,Class A,5000000.0,0.759,0.0805,0.1794,0.568,37,21020091.628501173,5894903.109881328,11294902.410924956,0.243,0.2098,0.905,0.456,0.131,0.355,0.841,0.066,0,20000000.0,0.439,0,0,0,0,0,0,0.915,0,0,0
CONT-0339,Bhargava PLC Infrastructure Pvt Ltd,DIST-0541,ST-15,Class C,20000000.0,0.874,0.3759,0.1475,1.654,10,115576800.78358468,8505410.901536368,23025533.328778386,0.2427,0.068,0.59,0.297,0.572,0.382,0.657,0.037,0,20000000.0,0.305,0,0,0,0,0,0,0.784,0,0,0
CONT-0340,Panchal Enterprises,DIST-0144,ST-03,Class B,20000000.0,0.764,0.011,0.1191,1.543,8,139531337.4732697,13873383.753054481,31942655.338962484,0.1087,0.0859,0.714,0.74,0.784,0.412,0.762,0.048,0,5000000.0,0.3,0,0,0,0,0,0,0.762,0,0,0
CONT-0341,Walia Enterprises,DIST-0006,ST-01,Class C,20000000.0,0.938,0.0686,0.028,0.609,8,113138201.00458491,8398804.308063982,27440966.59061658,0.3392,0.082,0.78,0.204,0.571,0.311,0.899,0.074,1,20000000.0,0.555,0,0,0,0,0,0,0.734,0,0,0
CONT-0342,Yohannan-Ganguly Infrastructure Pvt Ltd,DIST-0477,ST-13,Class C,20000000.0,0.969,0.0934,0.0819,1.753,19,128624095.27214345,3489933.533998917,34112912.600946486,0.1429,0.3094,0.596,0.291,0.108,0.135,0.889,0.066,0,20000000.0,0.536,0,0,0,0,0,0,0.881,0,0,0
CONT-0343,Naik Enterprises,DIST-0142,ST-03,Class C,20000000.0,0.842,0.0995,0.0504,0.471,10,159282380.9664201,5419593.421731445,44483524.39227153,0.3229,0.356,0.651,0.884,0.756,0.092,0.974,0.044,2,20000000.0,1.107,0,0,0,1,0,0,0.672,0,0,1
CONT-0344,Master Enterprises,DIST-0501,ST-14,Class A,5000000.0,0.879,0.1466,0.0139,1.468,23,111849394.37942305,3316919.5627097157,10326029.286421793,0.2695,0.3467,0.543,0.242,0.15,0.289,0.953,0.032,0,20000000.0,1.446,0,0,0,0,0,0,0.848,0,0,0
CONT-0345,Mann Enterprises,DIST-0565,ST-17,Class B,100000000.0,0.764,0.0485,0.0672,1.698,30,75167486.07332297,13685162.01435042,10441106.256516544,0.0431,0.2187,0.669,0.558,0.797,0.155,0.977,0.002,0,5000000.0,0.311,0,0,0,0,0,0,0.911,0,1,0
CONT-0346,"Loke, Varkey and Chandran Infrastructure Pvt Ltd",DIST-0350,ST-09,Class A,20000000.0,0.959,0.0663,0.0569,1.081,40,247202815.68452576,13600604.001608677,32011444.086280588,0.3366,0.2779,0.919,0.313,0.269,0.404,0.789,0.03,1,20000000.0,0.682,0,0,0,0,0,0,0.606,0,0,0
CONT-0347,Sabharwal Inc Infrastructure Pvt Ltd,DIST-0138,ST-03,Class A,5000000.0,0.758,0.0613,0.2022,0.889,5,23579776.878121663,5608639.017229565,11158190.998101534,0.1355,0.284,0.719,0.423,0.481,0.137,0.816,0.041,0,5000000.0,1.571,0,0,0,0,0,0,0.553,0,0,0
CONT-0348,Malhotra Enterprises,DIST-0144,ST-03,Class B,5000000.0,0.878,0.0115,0.1103,1.613,44,44176995.211566456,2674733.7154841,20334435.970138602,0.1783,0.128,0.757,0.706,0.829,0.21,0.909,0.059,4,20000000.0,0.597,1,0,0,0,0,0,0.865,0,0,0
CONT-0349,"Date, Deo and Krish Infrastructure Pvt Ltd",DIST-0445,ST-12,Class B,5000000.0,0.711,0.0089,0.0737,0.596,23,143302219.6459691,8997411.606733236,42378530.90399183,0.3269,0.0492,0.368,0.475,0.322,0.213,0.663,0.005,1,5000000.0,1.354,0,0,0,0,0,0,0.594,1,0,0
CONT-0350,Nagy and Sons Infrastructure Pvt Ltd,DIST-0225,ST-05,Class A,20000000.0,0.757,0.0652,0.0305,1.513,41,96539484.88466503,2192152.3200652273,37331812.914604224,0.037,0.1419,0.786,0.724,0.58,0.328,0.865,0.051,0,5000000.0,0.819,1,1,1,0,1,1,0.754,0,0,0
CONT-0351,"Ramaswamy, Suri and Dhar Infrastructure Pvt Ltd",DIST-0032,ST-01,Class B,5000000.0,0.852,0.0217,0.0306,1.465,33,120443750.14237066,7835922.255052711,37244055.27283095,0.1382,0.1805,0.323,0.676,0.158,0.446,0.697,0.031,0,5000000.0,0.651,0,0,0,0,0,0,0.666,0,0,0
CONT-0352,"Luthra, Sachdeva and Prashad Infrastructure Pvt Ltd",DIST-0376,ST-09,Class B,100000000.0,0.708,0.1388,0.1724,0.877,1,56946419.74353434,11515370.332929792,10811801.615383547,0.0799,0.2052,0.759,0.718,0.557,0.159,0.787,0.02,0,5000000.0,1.038,1,0,0,1,0,0,0.855,1,0,0
CONT-0353,Seth Enterprises,DIST-0503,ST-14,Class C,20000000.0,0.799,0.0469,0.1858,1.765,20,124012643.26468618,5971918.606999085,36226641.871205315,0.2848,0.1999,0.475,0.721,0.244,0.29,0.892,0.022,0,20000000.0,0.364,0,0,0,0,0,0,0.891,0,0,0
CONT-0354,Borra Enterprises,DIST-0161,ST-04,Class A,5000000.0,0.869,0.0204,0.0524,0.887,7,63903492.312421605,14537840.080461493,24138216.4050912,0.0172,0.2208,0.707,0.519,0.796,0.411,0.696,0.006,0,20000000.0,1.042,0,1,1,0,0,0,0.685,0,0,0
CONT-0355,Chander Enterprises,DIST-0416,ST-11,Class B,100000000.0,0.834,0.0235,0.0335,1.411,44,118985819.53300609,3324393.1807281272,33036691.99046268,0.2832,0.2536,0.938,0.211,0.112,0.25,0.738,0.055,1,5000000.0,1.484,1,0,0,0,0,0,0.719,0,0,0
CONT-0356,Varma-Mall Infrastructure Pvt Ltd,DIST-0232,ST-06,Class B,20000000.0,0.852,0.1572,0.0351,0.699,44,144881730.60863215,12753518.66777491,7733782.393848597,0.1766,0.0367,0.522,0.441,0.203,0.422,0.86,0.067,2,100000000.0,1.247,0,0,0,0,0,0,0.779,0,0,0
CONT-0357,"Pillay, Sha and Sura Infrastructure Pvt Ltd",DIST-0062,ST-01,Class B,5000000.0,0.94,0.0463,0.0539,1.195,32,37411133.04461699,10279972.380650315,21602740.208158992,0.163,0.276,0.797,0.445,0.755,0.138,0.836,0.012,0,100000000.0,0.216,0,0,0,0,0,0,0.856,0,0,0
CONT-0358,Agate-Chander Infrastructure Pvt Ltd,DIST-0446,ST-12,Class C,5000000.0,0.886,0.0671,0.1597,0.721,26,192372054.78298935,11270307.556718579,48501528.93841469,0.2325,0.1321,0.498,0.263,0.793,0.101,0.83,0.032,0,5000000.0,1.087,1,0,0,0,0,0,0.95,0,0,0
CONT-0359,Shanker Enterprises,DIST-0247,ST-06,Class B,5000000.0,0.901,0.1545,0.0426,1.387,7,90619005.0488104,4101887.560352868,36273113.95731609,0.2987,0.3369,0.67,0.359,0.337,0.352,0.786,0.059,0,5000000.0,1.045,0,0,0,0,0,0,0.668,0,0,0
CONT-0360,"Parmar, Bhatnagar and Warrior Infrastructure Pvt Ltd",DIST-0418,ST-11,Class B,20000000.0,0.882,0.1701,0.0325,0.815,7,20033002.567316834,3236827.294824783,5226477.296545034,0.1212,0.1311,0.523,0.363,0.147,0.078,0.71,0.025,0,5000000.0,1.491,0,0,0,0,0,0,0.843,0,1,0
CONT-0361,Kamdar-Sanghvi Infrastructure Pvt Ltd,DIST-0039,ST-01,Class B,20000000.0,0.815,0.0606,0.0094,1.542,10,150955210.64793578,7159081.216183454,19918423.46040763,0.1573,0.0972,0.338,0.764,0.271,0.345,0.885,0.003,1,20000000.0,1.314,0,0,0,0,0,0,0.987,0,0,0
CONT-0362,Kakar Enterprises,DIST-0010,ST-01,Class B,100000000.0,0.74,0.0381,0.0396,0.496,9,135967356.27776054,9500441.423569717,9458219.933316777,0.1931,0.2695,0.471,0.551,0.319,0.398,0.848,0.044,2,20000000.0,0.592,0,0,0,0,0,0,0.56,0,0,0
CONT-0363,Loyal-Naidu Infrastructure Pvt Ltd,DIST-0221,ST-05,Class A,20000000.0,0.953,0.0098,0.0324,1.06,23,203584887.90269858,5619422.280519021,35265773.370888904,0.135,0.1732,0.617,0.687,0.809,0.158,0.684,0.034,0,5000000.0,1.447,0,0,0,0,0,0,0.748,0,0,0
CONT-0364,Nazareth-De Infrastructure Pvt Ltd,DIST-0302,ST-07,Class A,5000000.0,0.963,0.1046,0.0215,1.327,3,36502122.62319605,13598511.002086256,46508673.496722765,0.324,0.0119,0.366,0.684,0.341,0.074,0.902,0.002,0,100000000.0,0.816,0,0,0,0,0,0,0.703,0,0,0
CONT-0365,"Sundaram, Oza and Bava Infrastructure Pvt Ltd",DIST-0556,ST-16,Class A,20000000.0,0.836,0.1096,0.0609,1.138,19,222088635.3816885,10867212.317317475,44163335.39313498,0.1717,0.1787,0.378,0.581,0.545,0.218,0.698,0.022,0,5000000.0,1.013,0,0,0,0,1,0,0.574,0,0,0
CONT-0366,Batra Enterprises,DIST-0131,ST-03,Class B,100000000.0,0.876,0.1978,0.0338,0.483,10,95253625.6770846,7476016.682093215,29410301.04891078,0.2866,0.0152,0.831,0.604,0.667,0.353,0.948,0.007,0,100000000.0,1.207,1,0,0,0,0,0,0.902,0,0,0
CONT-0367,Sharaf Inc Infrastructure Pvt Ltd,DIST-0093,ST-02,Class B,20000000.0,0.89,0.0469,0.1229,1.125,15,136820484.9656828,10916988.198675768,23863921.08886843,0.1517,0.0579,0.426,0.511,0.748,0.409,0.965,0.008,0,20000000.0,1.098,0,0,0,0,0,0,0.768,0,0,0
CONT-0368,Dugar Group Infrastructure Pvt Ltd,DIST-0033,ST-01,Class C,100000000.0,0.918,0.0538,0.0907,1.156,12,140459859.63096222,2703142.3474000636,8181324.769920458,0.1751,0.2049,0.454,0.635,0.391,0.285,0.765,0.057,0,5000000.0,1.161,0,0,0,0,0,0,0.818,0,0,0
CONT-0369,Acharya-Sangha Infrastructure Pvt Ltd,DIST-0049,ST-01,Class C,20000000.0,0.897,0.0455,0.0126,1.138,4,92528904.98111394,14821186.428057753,40739771.15151674,0.2686,0.0627,0.473,0.676,0.116,0.224,0.956,0.007,2,5000000.0,0.465,1,0,0,0,0,0,0.816,0,0,0
CONT-0370,Deo Ltd Infrastructure Pvt Ltd,DIST-0050,ST-01,Class C,20000000.0,0.733,0.0041,0.1128,1.56,43,61228135.74498012,9005092.96452284,40438940.00892055,0.313,0.164,0.893,0.225,0.608,0.363,0.79,0.001,0,5000000.0,0.413,1,0,0,0,0,0,0.632,0,0,0
CONT-0371,Dutt-Mahal Infrastructure Pvt Ltd,DIST-0423,ST-11,Class B,5000000.0,0.723,0.0057,0.0507,1.211,20,10004617.483978909,12624231.072246017,26394852.132939484,0.0342,0.1439,0.58,0.295,0.51,0.262,0.849,0.065,0,100000000.0,0.865,0,0,0,0,0,0,0.822,1,0,0
CONT-0372,Chander Enterprises,DIST-0015,ST-01,Class C,20000000.0,0.705,0.0308,0.0725,0.82,1,63443377.33271179,13154216.698427131,25904458.41327503,0.2348,0.2108,0.826,0.556,0.17,0.129,0.654,0.067,0,20000000.0,1.201,0,0,0,0,0,0,0.838,0,0,0
CONT-0373,"Patel, Krishna and Butala Infrastructure Pvt Ltd",DIST-0113,ST-03,Class C,20000000.0,0.78,0.0225,0.0218,1.365,22,138848635.86241183,9503099.238473369,19942882.440303564,0.1252,0.1339,0.534,0.768,0.452,0.447,0.774,0.056,0,20000000.0,1.444,0,0,0,0,0,0,0.965,0,0,0
CONT-0374,Prabhu Enterprises,DIST-0001,ST-01,Class A,5000000.0,0.863,0.0083,0.0843,1.015,43,141602628.5502153,2722630.490755392,37086453.09145958,0.072,0.1996,0.551,0.541,0.123,0.159,0.667,0.033,0,20000000.0,0.29,1,0,0,0,0,0,0.784,0,0,0
CONT-0375,"Gandhi, Ben and Randhawa Infrastructure Pvt Ltd",DIST-0524,ST-15,Class A,5000000.0,0.89,0.0534,0.1215,1.571,16,77367254.06585756,5416204.587609568,36364351.20160467,0.1498,0.3378,0.761,0.572,0.287,0.367,0.936,0.067,0,20000000.0,1.186,0,0,0,0,0,0,0.896,0,0,0
CONT-0376,"Mody, Kaur and Sanghvi Infrastructure Pvt Ltd",DIST-0086,ST-02,Class B,100000000.0,0.737,0.0571,0.0581,1.496,40,35556468.74601447,11075479.95363317,27166735.830709867,0.2964,0.1978,0.835,0.555,0.687,0.338,0.738,0.025,1,5000000.0,1.177,1,0,0,0,0,0,0.648,0,0,0
CONT-0377,"Chand, Chandran and Agarwal Infrastructure Pvt Ltd",DIST-0175,ST-05,Class C,20000000.0,0.88,0.1138,0.1272,1.252,8,99672659.96402568,11722425.14834022,28897310.4189031,0.1125,0.2555,0.492,0.751,0.102,0.377,0.751,0.077,1,5000000.0,1.57,0,0,0,0,0,0,0.95,0,0,0
CONT-0378,Sood Inc Infrastructure Pvt Ltd,DIST-0459,ST-12,Class B,20000000.0,0.786,0.1905,0.0356,1.641,43,18322595.908890847,10828079.31291703,15672852.611308824,0.1488,0.253,0.734,0.788,0.629,0.361,0.848,0.009,0,20000000.0,1.202,1,0,0,0,1,0,0.663,0,0,0
CONT-0379,Deo Enterprises,DIST-0591,ST-17,Class C,5000000.0,0.843,0.021,0.0267,0.441,20,28400179.79837965,11603702.093035972,15225552.09902074,0.0727,0.0133,0.217,0.484,0.506,0.282,0.801,0.037,1,5000000.0,0.533,0,0,0,0,0,0,0.76,0,0,1
CONT-0380,"Kara, Venkataraman and Saxena Infrastructure Pvt Ltd",DIST-0030,ST-01,Class A,5000000.0,0.774,0.0488,0.0952,0.836,7,49636566.93177836,10165150.045205196,35643501.41793802,0.0399,0.3302,0.787,0.64,0.427,0.111,0.817,0.013,0,5000000.0,0.546,0,0,0,0,1,0,0.712,0,1,0
CONT-0381,Andra Enterprises,DIST-0130,ST-03,Class C,20000000.0,0.903,0.0494,0.0288,1.13,10,217756861.80636147,10416961.470424999,24570514.126161445,0.2768,0.0311,0.81,0.767,0.271,0.065,0.886,0.016,4,5000000.0,0.522,1,0,0,0,0,0,0.805,0,0,0
CONT-0382,Anand Enterprises,DIST-0245,ST-06,Class B,100000000.0,0.946,0.0704,0.0176,1.725,28,197287261.05370668,2483596.5560731576,43359183.59638293,0.152,0.2975,0.23,0.826,0.595,0.233,0.75,0.025,0,5000000.0,0.849,0,0,0,0,0,0,0.859,0,0,0
CONT-0383,"Oza, Dara and Sami Infrastructure Pvt Ltd",DIST-0395,ST-10,Class C,20000000.0,0.853,0.1169,0.1238,1.351,2,81402090.07671176,6379238.833243469,43550075.975299075,0.3045,0.3268,0.885,0.867,0.469,0.089,0.914,0.051,0,100000000.0,0.674,0,0,0,0,0,0,0.566,0,0,0
CONT-0384,"Deo, Sridhar and Bobal Infrastructure Pvt Ltd",DIST-0295,ST-07,Class A,5000000.0,0.794,0.0889,0.0823,0.476,28,52822175.63159624,9399877.078371577,45217113.31440897,0.1393,0.3722,0.731,0.411,0.171,0.376,0.801,0.006,0,100000000.0,0.54,0,0,0,0,0,0,0.682,0,0,0
CONT-0385,Karnik Enterprises,DIST-0452,ST-12,Class B,20000000.0,0.769,0.1939,0.0082,1.333,25,227414713.76923332,7854443.359977878,41145249.12529174,0.1118,0.1301,0.924,0.548,0.145,0.384,0.725,0.07,2,5000000.0,1.015,0,0,0,0,0,0,0.781,0,0,0
CONT-0386,Chakraborty-Chaudry Infrastructure Pvt Ltd,DIST-0087,ST-02,Class B,100000000.0,0.767,0.0574,0.1078,1.078,36,195478049.1072732,4459824.451445652,36850535.30199941,0.2216,0.2734,0.4,0.768,0.519,0.34,0.96,0.068,1,5000000.0,0.276,0,0,0,1,0,0,0.864,0,0,0
CONT-0387,Munshi LLC Infrastructure Pvt Ltd,DIST-0499,ST-14,Class B,5000000.0,0.907,0.0334,0.0186,0.444,13,197890443.39440668,2088442.7384061138,26104951.116866667,0.0465,0.2407,0.949,0.32,0.818,0.396,0.975,0.061,1,20000000.0,1.414,1,0,0,0,0,0,0.827,0,0,0
CONT-0388,Devan-Raja Infrastructure Pvt Ltd,DIST-0036,ST-01,Class B,20000000.0,0.738,0.0219,0.2542,1.596,15,69721408.20153901,9356381.541539606,26732414.75115784,0.1538,0.3937,0.947,0.593,0.151,0.277,0.964,0.074,0,5000000.0,0.413,0,0,0,0,0,0,0.699,0,0,0
CONT-0389,Dhar Inc Infrastructure Pvt Ltd,DIST-0283,ST-07,Class B,20000000.0,0.93,0.0115,0.0898,1.769,8,49857512.14885454,11948008.20764065,41846848.88096477,0.2505,0.3466,0.478,0.683,0.298,0.229,0.73,0.012,0,20000000.0,1.425,0,0,0,0,0,0,0.552,0,0,0
CONT-0390,"Anand, Gala and Sarraf Infrastructure Pvt Ltd",DIST-0292,ST-07,Class C,5000000.0,0.797,0.0261,0.0727,0.824,30,20113999.579474192,3668081.4812284727,19016506.233720418,0.3165,0.0955,0.745,0.317,0.56,0.285,0.855,0.023,0,100000000.0,0.997,1,0,0,0,0,0,0.58,0,0,0
CONT-0391,Kala-Doshi Infrastructure Pvt Ltd,DIST-0453,ST-12,Class C,20000000.0,0.916,0.0729,0.2299,0.489,36,157120527.59366938,11275261.210583659,41723787.22370363,0.1224,0.3363,0.466,0.205,0.558,0.147,0.691,0.021,1,100000000.0,1.546,0,0,0,0,0,0,0.903,0,0,0
CONT-0392,Savant-Kalla Infrastructure Pvt Ltd,DIST-0243,ST-06,Class A,20000000.0,0.873,0.0163,0.0351,0.793,34,202227782.5785346,3572465.3670696863,14307111.4078708,0.0876,0.2582,0.681,0.46,0.307,0.352,0.66,0.059,0,100000000.0,0.779,0,0,0,0,0,0,0.662,0,0,0
CONT-0393,Chaudhry and Sons Infrastructure Pvt Ltd,DIST-0234,ST-06,Class B,100000000.0,0.804,0.1232,0.1271,0.626,38,80614320.45486437,3262725.3196287984,12778135.522274138,0.298,0.2832,0.422,0.384,0.16,0.19,0.781,0.072,0,20000000.0,0.389,0,0,0,0,0,0,0.584,0,0,0
CONT-0394,Dasgupta Enterprises,DIST-0188,ST-05,Class B,20000000.0,0.873,0.0177,0.0725,1.754,40,31169419.180315547,11111523.998693498,13736227.967554245,0.1073,0.1576,0.782,0.861,0.793,0.118,0.67,0.066,0,20000000.0,1.57,1,0,0,0,0,0,0.932,0,0,0
CONT-0395,"Rajagopalan, Panchal and Sanghvi Infrastructure Pvt Ltd",DIST-0391,ST-10,Class C,20000000.0,0.841,0.172,0.0248,1.289,14,182368703.77701828,10265772.450081423,43354760.50940507,0.1433,0.3412,0.338,0.34,0.638,0.35,0.948,0.022,0,20000000.0,1.425,0,0,0,0,0,0,0.766,0,0,0
CONT-0396,Dey-Kota Infrastructure Pvt Ltd,DIST-0444,ST-12,Class C,5000000.0,0.729,0.0758,0.0342,0.537,39,165416828.65987912,5758060.22150612,11438245.28268185,0.1952,0.3038,0.823,0.53,0.633,0.383,0.872,0.042,0,5000000.0,0.648,0,0,0,0,0,0,0.642,0,0,0
CONT-0397,Malhotra Enterprises,DIST-0192,ST-05,Class A,20000000.0,0.767,0.0514,0.0273,1.622,37,152661721.02577847,2467819.092853852,32951426.304632664,0.2201,0.2273,0.674,0.878,0.847,0.258,0.68,0.011,0,100000000.0,0.81,1,0,0,0,0,0,0.719,0,0,0
CONT-0398,"Chad, Kothari and Mane Infrastructure Pvt Ltd",DIST-0515,ST-15,Class B,5000000.0,0.794,0.0565,0.0097,0.697,4,218300227.5254021,11025008.735149296,12994324.37789618,0.3412,0.3828,0.368,0.653,0.601,0.052,0.877,0.018,2,100000000.0,1.467,0,1,1,0,0,0,0.709,0,0,0
CONT-0399,"Bala, Mitra and Jha Infrastructure Pvt Ltd",DIST-0020,ST-01,Class B,20000000.0,0.88,0.0908,0.0733,0.686,26,204962504.36559334,8863410.660686485,43120898.07405872,0.2381,0.0651,0.756,0.897,0.131,0.148,0.847,0.033,0,20000000.0,1.303,1,0,0,0,0,0,0.928,0,0,1
CONT-0400,Vasa Enterprises,DIST-0533,ST-15,Class C,20000000.0,0.946,0.2274,0.0207,0.792,38,130813777.85477877,11755406.776978752,17131936.888623573,0.2555,0.1902,0.503,0.452,0.209,0.183,0.94,0.008,2,5000000.0,0.707,0,0,0,0,0,0,0.613,0,0,0
