project_id,scenario_type,fraud_label,risk_level,anomaly_type,investigation_priority
MPLADS-000001,LEGITIMATE,0,LOW,NONE,LOW
MPLADS-000002,LEGITIMATE,0,LOW,NONE,LOW
MPLADS-000003,LEGITIMATE,0,LOW,NONE,LOW
MPLADS-000004,LEGITIMATE,0,LOW,NONE,LOW
MPLADS-000005,LEGITIMATE,0,LOW,NONE,LOW
MPLADS-000006,LEGITIMATE,0,LOW,NONE,LOW
MPLADS-000007,DUPLICATE_PROJECT,1,HIGH,DUPLICATE_PROJECT,HIGH
MPLADS-000008,COST_OVERRUN,1,HIGH,COST,HIGH
MPLADS-000009,LEGITIMATE,0,LOW,NONE,LOW
MPLADS-000010,LEGITIMATE,0,LOW,NONE,LOW
MPLADS-000011,LEGITIMATE,0,LOW,NONE,LOW
MPLADS-000012,HIGH_VALUE_LEGITIMATE,0,MEDIUM,NONE,LOW
MPLADS-000013,PAYMENT_PROGRESS_MISMATCH,1,CRITICAL,PROGRESS,URGENT
MPLADS-000014,LEGITIMATE,0,LOW,NONE,LOW
MPLADS-000015,LEGITIMATE,0,LOW,NONE,LOW
MPLADS-000016,HIGH_VALUE_LEGITIMATE,0,LOW,NONE,LOW
MPLADS-000017,LEGITIMATE,0,LOW,NONE,LOW
MPLADS-000018,LEGITIMATE,0,LOW,NONE,LOW
MPLADS-000019,LEGITIMATE,0,LOW,NONE,LOW
MPLADS-000020,HIGH_VALUE_LEGITIMATE,0,MEDIUM,NONE,LOW
MPLADS-000021,LEGITIMATE,0,LOW,NONE,LOW
MPLADS-000022,PAYMENT_PROGRESS_MISMATCH,1,CRITICAL,PROGRESS,URGENT
MPLADS-000023,LEGITIMATE,0,LOW,NONE,LOW
MPLADS-000024,LEGITIMATE,0,LOW,NONE,LOW
MPLADS-000025,HIGH_VALUE_LEGITIMATE,0,LOW,NONE,LOW
MPLADS-000026,LEGITIMATE,0,LOW,NONE,LOW
MPLADS-000027,LEGITIMATE,0,LOW,NONE,LOW
MPLADS-000028,LEGITIMATE,0,LOW,NONE,LOW
MPLADS-000029,LEGITIMATE,0,LOW,NONE,LOW
MPLADS-000030,LEGITIMATE,0,LOW,NONE,LOW
MPLADS-000031,LEGITIMATE,0,LOW,NONE,LOW
MPLADS-000032,LEGITIMATE,0,LOW,NONE,LOW
MPLADS-000033,DELAYED_PROJECT,1,MEDIUM,TIMELINE,LOW
MPLADS-000034,LEGITIMATE,0,LOW,NONE,LOW
MPLADS-000035,LEGITIMATE,0,LOW,NONE,LOW
MPLADS-000036,LEGITIMATE,0,LOW,NONE,LOW
MPLADS-000037,LEGITIMATE,0,LOW,NONE,LOW
MPLADS-000038,HIGH_VALUE_LEGITIMATE,0,MEDIUM,NONE,LOW
MPLADS-000039,COST_OVERRUN,1,HIGH,COST,HIGH
MPLADS-000040,LEGITIMATE,0,LOW,NONE,LOW
MPLADS-000041,ABANDONED_PROJECT,1,HIGH,ABANDONED_PROJECT,HIGH
MPLADS-000042,LEGITIMATE,0,LOW,NONE,LOW
MPLADS-000043,LEGITIMATE,0,LOW,NONE,LOW
MPLADS-000044,LEGITIMATE,0,LOW,NONE,LOW
MPLADS-000045,ABANDONED_PROJECT,1,HIGH,ABANDONED_PROJECT,HIGH
MPLADS-000046,COST_OVERRUN,1,HIGH,COST,HIGH
MPLADS-000047,PAYMENT_PROGRESS_MISMATCH,1,CRITICAL,PROGRESS,URGENT
MPLADS-000048,PAYMENT_PROGRESS_MISMATCH,1,CRITICAL,PROGRESS,URGENT
MPLADS-000049,LEGITIMATE,0,LOW,NONE,LOW
MPLADS-000050,HIGH_VALUE_LEGITIMATE,0,LOW,NONE,LOW
MPLADS-000051,HIGH_VALUE_LEGITIMATE,0,LOW,NONE,LOW
MPLADS-000052,PAYMENT_PROGRESS_MISMATCH,1,CRITICAL,PROGRESS,URGENT
MPLADS-000053,LEGITIMATE,0,LOW,NONE,LOW
MPLADS-000054,LEGITIMATE,0,LOW,NONE,LOW
MPLADS-000055,LEGITIMATE,0,LOW,NONE,LOW
MPLADS-000056,LEGITIMATE,0,LOW,NONE,LOW
MPLADS-000057,LEGITIMATE,0,LOW,NONE,LOW
MPLADS-000058,LEGITIMATE,0,LOW,NONE,LOW
MPLADS-000059,LEGITIMATE,0,LOW,NONE,LOW
MPLADS-000060,HIGH_VALUE_LEGITIMATE,0,LOW,NONE,LOW
MPLADS-000061,HIGH_VALUE_LEGITIMATE,0,MEDIUM,NONE,LOW
MPLADS-000062,LEGITIMATE,0,LOW,NONE,LOW
MPLADS-000063,LEGITIMATE,0,LOW,NONE,LOW
MPLADS-000064,LEGITIMATE,0,LOW,NONE,LOW
MPLADS-000065,SUSPICIOUS_PROCUREMENT,1,HIGH,PROCUREMENT,HIGH
MPLADS-000066,PAYMENT_PROGRESS_MISMATCH,1,CRITICAL,PROGRESS,URGENT
MPLADS-000067,LEGITIMATE,0,LOW,NONE,LOW
MPLADS-000068,GHOST_WORK,1,CRITICAL,GHOST_WORK,URGENT
MPLADS-000069,LEGITIMATE,0,LOW,NONE,LOW
MPLADS-000070,HIGH_VALUE_LEGITIMATE,0,MEDIUM,NONE,LOW
MPLADS-000071,LEGITIMATE,0,LOW,NONE,LOW
MPLADS-000072,ABANDONED_PROJECT,1,HIGH,ABANDONED_PROJECT,HIGH
MPLADS-000073,LEGITIMATE,0,LOW,NONE,LOW
MPLADS-000074,LEGITIMATE,0,LOW,NONE,LOW
MPLADS-000075,LEGITIMATE,0,LOW,NONE,LOW
MPLADS-000076,PAYMENT_PROGRESS_MISMATCH,1,CRITICAL,PROGRESS,URGENT
MPLADS-000077,LEGITIMATE,0,LOW,NONE,LOW
MPLADS-000078,LEGITIMATE,0,LOW,NONE,LOW
MPLADS-000079,LEGITIMATE,0,LOW,NONE,LOW
MPLADS-000080,HIGH_VALUE_LEGITIMATE,0,MEDIUM,NONE,LOW
MPLADS-000081,LEGITIMATE,0,LOW,NONE,LOW
MPLADS-000082,LEGITIMATE,0,LOW,NONE,LOW
MPLADS-000083,LEGITIMATE,0,LOW,NONE,LOW
MPLADS-000084,LEGITIMATE,0,LOW,NONE,LOW
MPLADS-000085,DELAYED_PROJECT,1,MEDIUM,TIMELINE,LOW
MPLADS-000086,LEGITIMATE,0,LOW,NONE,LOW
MPLADS-000087,GHOST_WORK,1,CRITICAL,GHOST_WORK,URGENT
MPLADS-000088,LEGITIMATE,0,LOW,NONE,LOW
MPLADS-000089,LEGITIMATE,0,LOW,NONE,LOW
MPLADS-000090,LEGITIMATE,0,LOW,NONE,LOW
MPLADS-000091,SUSPICIOUS_PROCUREMENT,1,HIGH,PROCUREMENT,HIGH
MPLADS-000092,LEGITIMATE,0,LOW,NONE,LOW
MPLADS-000093,LEGITIMATE,0,LOW,NONE,LOW
MPLADS-000094,GHOST_WORK,1,CRITICAL,GHOST_WORK,URGENT
MPLADS-000095,COST_OVERRUN,1,HIGH,COST,HIGH
MPLADS-000096,LEGITIMATE,0,LOW,NONE,LOW
MPLADS-000097,SUSPICIOUS_PROCUREMENT,1,HIGH,PROCUREMENT,HIGH
MPLADS-000098,SUSPICIOUS_PROCUREMENT,1,HIGH,PROCUREMENT,HIGH
MPLADS-000099,LEGITIMATE,0,LOW,NONE,LOW
MPLADS-000100,LEGITIMATE,0,LOW,NONE,LOW
MPLADS-000101,LEGITIMATE,0,LOW,NONE,LOW
MPLADS-000102,GHOST_WORK,1,CRITICAL,GHOST_WORK,URGENT
MPLADS-000103,LEGITIMATE,0,LOW,NONE,LOW
MPLADS-000104,PAYMENT_PROGRESS_MISMATCH,1,CRITICAL,PROGRESS,URGENT
MPLADS-000105,LEGITIMATE,0,LOW,NONE,LOW
MPLADS-000106,LEGITIMATE,0,LOW,NONE,LOW
MPLADS-000107,HIGH_VALUE_LEGITIMATE,0,MEDIUM,NONE,LOW
MPLADS-000108,LEGITIMATE,0,LOW,NONE,LOW
MPLADS-000109,LEGITIMATE,0,LOW,NONE,LOW
MPLADS-000110,LEGITIMATE,0,LOW,NONE,LOW
MPLADS-000111,LEGITIMATE,0,LOW,NONE,LOW
MPLADS-000112,LEGITIMATE,0,LOW,NONE,LOW
MPLADS-000113,LEGITIMATE,0,LOW,NONE,LOW
MPLADS-000114,LEGITIMATE,0,LOW,NONE,LOW
MPLADS-000115,LEGITIMATE,0,LOW,NONE,LOW
MPLADS-000116,LEGITIMATE,0,LOW,NONE,LOW
MPLADS-000117,LEGITIMATE,0,LOW,NONE,LOW
MPLADS-000118,LEGITIMATE,0,LOW,NONE,LOW
MPLADS-000119,LEGITIMATE,0,LOW,NONE,LOW
MPLADS-000120,LEGITIMATE,0,LOW,NONE,LOW
MPLADS-000121,LEGITIMATE,0,LOW,NONE,LOW
MPLADS-000122,HIGH_VALUE_LEGITIMATE,0,MEDIUM,NONE,LOW
MPLADS-000123,LEGITIMATE,0,LOW,NONE,LOW
MPLADS-000124,SUSPICIOUS_CONTRACTOR,1,HIGH,SUSPICIOUS_CONTRACTOR,HIGH
MPLADS-000125,LEGITIMATE,0,LOW,NONE,LOW
MPLADS-000126,LEGITIMATE,0,LOW,NONE,LOW
MPLADS-000127,LEGITIMATE,0,LOW,NONE,LOW
MPLADS-000128,ABANDONED_PROJECT,1,HIGH,ABANDONED_PROJECT,HIGH
MPLADS-000129,LEGITIMATE,0,LOW,NONE,LOW
MPLADS-000130,LEGITIMATE,0,LOW,NONE,LOW
MPLADS-000131,LEGITIMATE,0,LOW,NONE,LOW
MPLADS-000132,GHOST_WORK,1,CRITICAL,GHOST_WORK,URGENT
MPLADS-000133,LEGITIMATE,0,LOW,NONE,LOW
MPLADS-000134,PAYMENT_PROGRESS_MISMATCH,1,CRITICAL,PROGRESS,URGENT
MPLADS-000135,LEGITIMATE,0,LOW,NONE,LOW
MPLADS-000136,LEGITIMATE,0,LOW,NONE,LOW
MPLADS-000137,LEGITIMATE,0,LOW,NONE,LOW
MPLADS-000138,DUPLICATE_PROJECT,1,HIGH,DUPLICATE_PROJECT,HIGH
MPLADS-000139,LEGITIMATE,0,LOW,NONE,LOW
MPLADS-000140,LEGITIMATE,0,LOW,NONE,LOW
MPLADS-000141,LEGITIMATE,0,LOW,NONE,LOW
MPLADS-000142,LEGITIMATE,0,LOW,NONE,LOW
MPLADS-000143,PAYMENT_PROGRESS_MISMATCH,1,CRITICAL,PROGRESS,URGENT
MPLADS-000144,LEGITIMATE,0,LOW,NONE,LOW
MPLADS-000145,LEGITIMATE,0,LOW,NONE,LOW
MPLADS-000146,LEGITIMATE,0,LOW,NONE,LOW
MPLADS-000147,LEGITIMATE,0,LOW,NONE,LOW
MPLADS-000148,LEGITIMATE,0,LOW,NONE,LOW
MPLADS-000149,SUSPICIOUS_CONTRACTOR,1,HIGH,SUSPICIOUS_CONTRACTOR,HIGH
MPLADS-000150,GHOST_WORK,1,CRITICAL,GHOST_WORK,URGENT
MPLADS-000151,LEGITIMATE,0,LOW,NONE,LOW
MPLADS-000152,LEGITIMATE,0,LOW,NONE,LOW
MPLADS-000153,DUPLICATE_PROJECT,1,HIGH,DUPLICATE_PROJECT,HIGH
MPLADS-000154,PAYMENT_PROGRESS_MISMATCH,1,CRITICAL,PROGRESS,URGENT
MPLADS-000155,LEGITIMATE,0,LOW,NONE,LOW
MPLADS-000156,HIGH_VALUE_LEGITIMATE,0,LOW,NONE,LOW
MPLADS-000157,COST_OVERRUN,1,HIGH,COST,HIGH
MPLADS-000158,LEGITIMATE,0,LOW,NONE,LOW
MPLADS-000159,HIGH_VALUE_LEGITIMATE,0,LOW,NONE,LOW
MPLADS-000160,LEGITIMATE,0,LOW,NONE,LOW
MPLADS-000161,LEGITIMATE,0,LOW,NONE,LOW
MPLADS-000162,LEGITIMATE,0,LOW,NONE,LOW
MPLADS-000163,LEGITIMATE,0,LOW,NONE,LOW
MPLADS-000164,LEGITIMATE,0,LOW,NONE,LOW
MPLADS-000165,LEGITIMATE,0,LOW,NONE,LOW
MPLADS-000166,LEGITIMATE,0,LOW,NONE,LOW
MPLADS-000167,LEGITIMATE,0,LOW,NONE,LOW
MPLADS-000168,LEGITIMATE,0,LOW,NONE,LOW
MPLADS-000169,LEGITIMATE,0,LOW,NONE,LOW
MPLADS-000170,COST_OVERRUN,1,HIGH,COST,HIGH
MPLADS-000171,LEGITIMATE,0,LOW,NONE,LOW
MPLADS-000172,HIGH_VALUE_LEGITIMATE,0,MEDIUM,NONE,LOW
MPLADS-000173,HIGH_VALUE_LEGITIMATE,0,MEDIUM,NONE,LOW
MPLADS-000174,LEGITIMATE,0,LOW,NONE,LOW
MPLADS-000175,COST_OVERRUN,1,HIGH,COST,HIGH
MPLADS-000176,ABANDONED_PROJECT,1,HIGH,ABANDONED_PROJECT,HIGH
MPLADS-000177,SUSPICIOUS_CONTRACTOR,1,HIGH,SUSPICIOUS_CONTRACTOR,HIGH
MPLADS-000178,LEGITIMATE,0,LOW,NONE,LOW
MPLADS-000179,PAYMENT_PROGRESS_MISMATCH,1,CRITICAL,PROGRESS,URGENT
MPLADS-000180,HIGH_VALUE_LEGITIMATE,0,MEDIUM,NONE,LOW
MPLADS-000181,SUSPICIOUS_PROCUREMENT,1,HIGH,PROCUREMENT,HIGH
MPLADS-000182,LEGITIMATE,0,LOW,NONE,LOW
MPLADS-000183,LEGITIMATE,0,LOW,NONE,LOW
MPLADS-000184,DOCUMENTATION_ANOMALY,1,HIGH,DOCUMENTATION,HIGH
MPLADS-000185,HIGH_VALUE_LEGITIMATE,0,LOW,NONE,LOW
MPLADS-000186,HIGH_VALUE_LEGITIMATE,0,MEDIUM,NONE,LOW
MPLADS-000187,LEGITIMATE,0,LOW,NONE,LOW
MPLADS-000188,LEGITIMATE,0,LOW,NONE,LOW
MPLADS-000189,HIGH_VALUE_LEGITIMATE,0,MEDIUM,NONE,LOW
MPLADS-000190,LEGITIMATE,0,LOW,NONE,LOW
MPLADS-000191,LEGITIMATE,0,LOW,NONE,LOW
MPLADS-000192,LEGITIMATE,0,LOW,NONE,LOW
MPLADS-000193,LEGITIMATE,0,LOW,NONE,LOW
MPLADS-000194,LEGITIMATE,0,LOW,NONE,LOW
MPLADS-000195,LEGITIMATE,0,LOW,NONE,LOW
MPLADS-000196,LEGITIMATE,0,LOW,NONE,LOW
MPLADS-000197,LEGITIMATE,0,LOW,NONE,LOW
MPLADS-000198,LEGITIMATE,0,LOW,NONE,LOW
MPLADS-000199,LEGITIMATE,0,LOW,NONE,LOW
MPLADS-000200,ABANDONED_PROJECT,1,HIGH,ABANDONED_PROJECT,HIGH
MPLADS-000201,LEGITIMATE,0,LOW,NONE,LOW
MPLADS-000202,LEGITIMATE,0,LOW,NONE,LOW
MPLADS-000203,LEGITIMATE,0,LOW,NONE,LOW
MPLADS-000204,ABANDONED_PROJECT,1,HIGH,ABANDONED_PROJECT,HIGH
MPLADS-000205,DOCUMENTATION_ANOMALY,1,HIGH,DOCUMENTATION,HIGH
MPLADS-000206,HIGH_VALUE_LEGITIMATE,0,MEDIUM,NONE,LOW
MPLADS-000207,LEGITIMATE,0,LOW,NONE,LOW
MPLADS-000208,SUSPICIOUS_PROCUREMENT,1,HIGH,PROCUREMENT,HIGH
MPLADS-000209,ABANDONED_PROJECT,1,HIGH,ABANDONED_PROJECT,HIGH
MPLADS-000210,LEGITIMATE,0,LOW,NONE,LOW
MPLADS-000211,LEGITIMATE,0,LOW,NONE,LOW
MPLADS-000212,LEGITIMATE,0,LOW,NONE,LOW
MPLADS-000213,LEGITIMATE,0,LOW,NONE,LOW
MPLADS-000214,COST_OVERRUN,1,HIGH,COST,HIGH
MPLADS-000215,LEGITIMATE,0,LOW,NONE,LOW
MPLADS-000216,HIGH_VALUE_LEGITIMATE,0,MEDIUM,NONE,LOW
MPLADS-000217,LEGITIMATE,0,LOW,NONE,LOW
MPLADS-000218,LEGITIMATE,0,LOW,NONE,LOW
MPLADS-000219,LEGITIMATE,0,LOW,NONE,LOW
MPLADS-000220,LEGITIMATE,0,LOW,NONE,LOW
MPLADS-000221,DELAYED_PROJECT,1,MEDIUM,TIMELINE,LOW
MPLADS-000222,LEGITIMATE,0,LOW,NONE,LOW
MPLADS-000223,LEGITIMATE,0,LOW,NONE,LOW
MPLADS-000224,LEGITIMATE,0,LOW,NONE,LOW
MPLADS-000225,PAYMENT_PROGRESS_MISMATCH,1,CRITICAL,PROGRESS,URGENT
MPLADS-000226,SUSPICIOUS_PROCUREMENT,1,HIGH,PROCUREMENT,HIGH
MPLADS-000227,LEGITIMATE,0,LOW,NONE,LOW
MPLADS-000228,LEGITIMATE,0,LOW,NONE,LOW
MPLADS-000229,LEGITIMATE,0,LOW,NONE,LOW
MPLADS-000230,LEGITIMATE,0,LOW,NONE,LOW
MPLADS-000231,LEGITIMATE,0,LOW,NONE,LOW
MPLADS-000232,COST_OVERRUN,1,HIGH,COST,HIGH
MPLADS-000233,LEGITIMATE,0,LOW,NONE,LOW
MPLADS-000234,HIGH_VALUE_LEGITIMATE,0,MEDIUM,NONE,LOW
MPLADS-000235,LEGITIMATE,0,LOW,NONE,LOW
MPLADS-000236,LEGITIMATE,0,LOW,NONE,LOW
MPLADS-000237,HIGH_VALUE_LEGITIMATE,0,LOW,NONE,LOW
MPLADS-000238,LEGITIMATE,0,LOW,NONE,LOW
MPLADS-000239,LEGITIMATE,0,LOW,NONE,LOW
MPLADS-000240,SUSPICIOUS_PROCUREMENT,1,HIGH,PROCUREMENT,HIGH
MPLADS-000241,LEGITIMATE,0,LOW,NONE,LOW
MPLADS-000242,CONTRACTOR_MONOPOLY,1,HIGH,CONTRACTOR,HIGH
MPLADS-000243,SUSPICIOUS_PROCUREMENT,1,HIGH,PROCUREMENT,HIGH
MPLADS-000244,PAYMENT_PROGRESS_MISMATCH,1,CRITICAL,PROGRESS,URGENT
MPLADS-000245,LEGITIMATE,0,LOW,NONE,LOW
MPLADS-000246,SUSPICIOUS_CONTRACTOR,1,HIGH,SUSPICIOUS_CONTRACTOR,HIGH
MPLADS-000247,LEGITIMATE,0,LOW,NONE,LOW
MPLADS-000248,HIGH_VALUE_LEGITIMATE,0,LOW,NONE,LOW
MPLADS-000249,COST_OVERRUN,1,HIGH,COST,HIGH
MPLADS-000250,LEGITIMATE,0,LOW,NONE,LOW
MPLADS-000251,LEGITIMATE,0,LOW,NONE,LOW
MPLADS-000252,LEGITIMATE,0,LOW,NONE,LOW
MPLADS-000253,HIGH_VALUE_LEGITIMATE,0,MEDIUM,NONE,LOW
MPLADS-000254,LEGITIMATE,0,LOW,NONE,LOW
MPLADS-000255,LEGITIMATE,0,LOW,NONE,LOW
MPLADS-000256,LEGITIMATE,0,LOW,NONE,LOW
MPLADS-000257,COST_OVERRUN,1,HIGH,COST,HIGH
MPLADS-000258,LEGITIMATE,0,LOW,NONE,LOW
MPLADS-000259,LEGITIMATE,0,LOW,NONE,LOW
MPLADS-000260,ABANDONED_PROJECT,1,HIGH,ABANDONED_PROJECT,HIGH
MPLADS-000261,CONTRACTOR_MONOPOLY,1,HIGH,CONTRACTOR,HIGH
MPLADS-000262,LEGITIMATE,0,LOW,NONE,LOW
MPLADS-000263,HIGH_VALUE_LEGITIMATE,0,MEDIUM,NONE,LOW
MPLADS-000264,GHOST_WORK,1,CRITICAL,GHOST_WORK,URGENT
MPLADS-000265,LEGITIMATE,0,LOW,NONE,LOW
MPLADS-000266,LEGITIMATE,0,LOW,NONE,LOW
MPLADS-000267,LEGITIMATE,0,LOW,NONE,LOW
MPLADS-000268,LEGITIMATE,0,LOW,NONE,LOW
MPLADS-000269,HIGH_VALUE_LEGITIMATE,0,MEDIUM,NONE,LOW
MPLADS-000270,LEGITIMATE,0,LOW,NONE,LOW
MPLADS-000271,DOCUMENTATION_ANOMALY,1,HIGH,DOCUMENTATION,HIGH
MPLADS-000272,ABANDONED_PROJECT,1,HIGH,ABANDONED_PROJECT,HIGH
MPLADS-000273,LEGITIMATE,0,LOW,NONE,LOW
MPLADS-000274,DUPLICATE_PROJECT,1,HIGH,DUPLICATE_PROJECT,HIGH
MPLADS-000275,COST_OVERRUN,1,HIGH,COST,HIGH
MPLADS-000276,LEGITIMATE,0,LOW,NONE,LOW
MPLADS-000277,HIGH_VALUE_LEGITIMATE,0,LOW,NONE,LOW
MPLADS-000278,HIGH_VALUE_LEGITIMATE,0,MEDIUM,NONE,LOW
MPLADS-000279,HIGH_VALUE_LEGITIMATE,0,MEDIUM,NONE,LOW
MPLADS-000280,GHOST_WORK,1,CRITICAL,GHOST_WORK,URGENT
MPLADS-000281,LEGITIMATE,0,LOW,NONE,LOW
MPLADS-000282,LEGITIMATE,0,LOW,NONE,LOW
MPLADS-000283,LEGITIMATE,0,LOW,NONE,LOW
MPLADS-000284,LEGITIMATE,0,LOW,NONE,LOW
MPLADS-000285,GHOST_WORK,1,CRITICAL,GHOST_WORK,URGENT
MPLADS-000286,LEGITIMATE,0,LOW,NONE,LOW
MPLADS-000287,LEGITIMATE,0,LOW,NONE,LOW
MPLADS-000288,HIGH_VALUE_LEGITIMATE,0,MEDIUM,NONE,LOW
MPLADS-000289,LEGITIMATE,0,LOW,NONE,LOW
MPLADS-000290,LEGITIMATE,0,LOW,NONE,LOW
MPLADS-000291,LEGITIMATE,0,LOW,NONE,LOW
MPLADS-000292,LEGITIMATE,0,LOW,NONE,LOW
MPLADS-000293,HIGH_VALUE_LEGITIMATE,0,MEDIUM,NONE,LOW
MPLADS-000294,LEGITIMATE,0,LOW,NONE,LOW
MPLADS-000295,LEGITIMATE,0,LOW,NONE,LOW
MPLADS-000296,DELAYED_PROJECT,1,MEDIUM,TIMELINE,LOW
MPLADS-000297,LEGITIMATE,0,LOW,NONE,LOW
MPLADS-000298,HIGH_VALUE_LEGITIMATE,0,LOW,NONE,LOW
MPLADS-000299,LEGITIMATE,0,LOW,NONE,LOW
MPLADS-000300,HIGH_VALUE_LEGITIMATE,0,LOW,NONE,LOW
MPLADS-000301,LEGITIMATE,0,LOW,NONE,LOW
MPLADS-000302,HIGH_VALUE_LEGITIMATE,0,MEDIUM,NONE,LOW
MPLADS-000303,LEGITIMATE,0,LOW,NONE,LOW
MPLADS-000304,LEGITIMATE,0,LOW,NONE,LOW
MPLADS-000305,HIGH_VALUE_LEGITIMATE,0,MEDIUM,NONE,LOW
MPLADS-000306,LEGITIMATE,0,LOW,NONE,LOW
MPLADS-000307,GHOST_WORK,1,CRITICAL,GHOST_WORK,URGENT
MPLADS-000308,SUSPICIOUS_CONTRACTOR,1,HIGH,SUSPICIOUS_CONTRACTOR,HIGH
MPLADS-000309,LEGITIMATE,0,LOW,NONE,LOW
MPLADS-000310,COST_OVERRUN,1,HIGH,COST,HIGH
MPLADS-000311,LEGITIMATE,0,LOW,NONE,LOW
MPLADS-000312,LEGITIMATE,0,LOW,NONE,LOW
MPLADS-000313,LEGITIMATE,0,LOW,NONE,LOW
MPLADS-000314,LEGITIMATE,0,LOW,NONE,LOW
MPLADS-000315,HIGH_VALUE_LEGITIMATE,0,LOW,NONE,LOW
MPLADS-000316,LEGITIMATE,0,LOW,NONE,LOW
MPLADS-000317,SUSPICIOUS_PROCUREMENT,1,HIGH,PROCUREMENT,HIGH
MPLADS-000318,LEGITIMATE,0,LOW,NONE,LOW
MPLADS-000319,HIGH_VALUE_LEGITIMATE,0,MEDIUM,NONE,LOW
MPLADS-000320,HIGH_VALUE_LEGITIMATE,0,MEDIUM,NONE,LOW
MPLADS-000321,HIGH_VALUE_LEGITIMATE,0,MEDIUM,NONE,LOW
MPLADS-000322,HIGH_VALUE_LEGITIMATE,0,MEDIUM,NONE,LOW
MPLADS-000323,LEGITIMATE,0,LOW,NONE,LOW
MPLADS-000324,LEGITIMATE,0,LOW,NONE,LOW
MPLADS-000325,LEGITIMATE,0,LOW,NONE,LOW
MPLADS-000326,LEGITIMATE,0,LOW,NONE,LOW
MPLADS-000327,LEGITIMATE,0,LOW,NONE,LOW
MPLADS-000328,LEGITIMATE,0,LOW,NONE,LOW
MPLADS-000329,LEGITIMATE,0,LOW,NONE,LOW
MPLADS-000330,DELAYED_PROJECT,1,MEDIUM,TIMELINE,LOW
MPLADS-000331,LEGITIMATE,0,LOW,NONE,LOW
MPLADS-000332,LEGITIMATE,0,LOW,NONE,LOW
MPLADS-000333,GHOST_WORK,1,CRITICAL,GHOST_WORK,URGENT
MPLADS-000334,LEGITIMATE,0,LOW,NONE,LOW
MPLADS-000335,LEGITIMATE,0,LOW,NONE,LOW
MPLADS-000336,LEGITIMATE,0,LOW,NONE,LOW
MPLADS-000337,LEGITIMATE,0,LOW,NONE,LOW
MPLADS-000338,LEGITIMATE,0,LOW,NONE,LOW
MPLADS-000339,LEGITIMATE,0,LOW,NONE,LOW
MPLADS-000340,LEGITIMATE,0,LOW,NONE,LOW
MPLADS-000341,LEGITIMATE,0,LOW,NONE,LOW
MPLADS-000342,LEGITIMATE,0,LOW,NONE,LOW
MPLADS-000343,LEGITIMATE,0,LOW,NONE,LOW
MPLADS-000344,LEGITIMATE,0,LOW,NONE,LOW
MPLADS-000345,LEGITIMATE,0,LOW,NONE,LOW
MPLADS-000346,LEGITIMATE,0,LOW,NONE,LOW
MPLADS-000347,LEGITIMATE,0,LOW,NONE,LOW
MPLADS-000348,PAYMENT_PROGRESS_MISMATCH,1,CRITICAL,PROGRESS,URGENT
MPLADS-000349,LEGITIMATE,0,LOW,NONE,LOW
MPLADS-000350,LEGITIMATE,0,LOW,NONE,LOW
MPLADS-000351,LEGITIMATE,0,LOW,NONE,LOW
MPLADS-000352,LEGITIMATE,0,LOW,NONE,LOW
MPLADS-000353,LEGITIMATE,0,LOW,NONE,LOW
MPLADS-000354,LEGITIMATE,0,LOW,NONE,LOW
MPLADS-000355,HIGH_VALUE_LEGITIMATE,0,LOW,NONE,LOW
MPLADS-000356,LEGITIMATE,0,LOW,NONE,LOW
MPLADS-000357,LEGITIMATE,0,LOW,NONE,LOW
MPLADS-000358,LEGITIMATE,0,LOW,NONE,LOW
MPLADS-000359,LEGITIMATE,0,LOW,NONE,LOW
MPLADS-000360,HIGH_VALUE_LEGITIMATE,0,LOW,NONE,LOW
MPLADS-000361,LEGITIMATE,0,LOW,NONE,LOW
MPLADS-000362,LEGITIMATE,0,LOW,NONE,LOW
MPLADS-000363,LEGITIMATE,0,LOW,NONE,LOW
MPLADS-000364,LEGITIMATE,0,LOW,NONE,LOW
MPLADS-000365,HIGH_VALUE_LEGITIMATE,0,LOW,NONE,LOW
MPLADS-000366,HIGH_VALUE_LEGITIMATE,0,LOW,NONE,LOW
MPLADS-000367,LEGITIMATE,0,LOW,NONE,LOW
MPLADS-000368,LEGITIMATE,0,LOW,NONE,LOW
MPLADS-000369,LEGITIMATE,0,LOW,NONE,LOW
MPLADS-000370,LEGITIMATE,0,LOW,NONE,LOW
MPLADS-000371,LEGITIMATE,0,LOW,NONE,LOW
MPLADS-000372,LEGITIMATE,0,LOW,NONE,LOW
MPLADS-000373,COST_OVERRUN,1,HIGH,COST,HIGH
MPLADS-000374,HIGH_VALUE_LEGITIMATE,0,LOW,NONE,LOW
MPLADS-000375,COST_OVERRUN,1,HIGH,COST,HIGH
MPLADS-000376,HIGH_VALUE_LEGITIMATE,0,LOW,NONE,LOW
MPLADS-000377,PAYMENT_PROGRESS_MISMATCH,1,CRITICAL,PROGRESS,URGENT
MPLADS-000378,LEGITIMATE,0,LOW,NONE,LOW
MPLADS-000379,LEGITIMATE,0,LOW,NONE,LOW
MPLADS-000380,LEGITIMATE,0,LOW,NONE,LOW
MPLADS-000381,HIGH_VALUE_LEGITIMATE,0,MEDIUM,NONE,LOW
MPLADS-000382,LEGITIMATE,0,LOW,NONE,LOW
MPLADS-000383,HIGH_VALUE_LEGITIMATE,0,MEDIUM,NONE,LOW
MPLADS-000384,HIGH_VALUE_LEGITIMATE,0,MEDIUM,NONE,LOW
MPLADS-000385,LEGITIMATE,0,LOW,NONE,LOW
MPLADS-000386,LEGITIMATE,0,LOW,NONE,LOW
MPLADS-000387,HIGH_VALUE_LEGITIMATE,0,LOW,NONE,LOW
MPLADS-000388,HIGH_VALUE_LEGITIMATE,0,MEDIUM,NONE,LOW
MPLADS-000389,LEGITIMATE,0,LOW,NONE,LOW
MPLADS-000390,LEGITIMATE,0,LOW,NONE,LOW
MPLADS-000391,LEGITIMATE,0,LOW,NONE,LOW
MPLADS-000392,SUSPICIOUS_CONTRACTOR,1,HIGH,SUSPICIOUS_CONTRACTOR,HIGH
MPLADS-000393,LEGITIMATE,0,LOW,NONE,LOW
MPLADS-000394,LEGITIMATE,0,LOW,NONE,LOW
MPLADS-000395,PAYMENT_PROGRESS_MISMATCH,1,CRITICAL,PROGRESS,URGENT
MPLADS-000396,LEGITIMATE,0,LOW,NONE,LOW
MPLADS-000397,HIGH_VALUE_LEGITIMATE,0,LOW,NONE,LOW
MPLADS-000398,LEGITIMATE,0,LOW,NONE,LOW
MPLADS-000399,HIGH_VALUE_LEGITIMATE,0,MEDIUM,NONE,LOW
MPLADS-000400,SUSPICIOUS_CONTRACTOR,1,HIGH,SUSPICIOUS_CONTRACTOR,HIGH
MPLADS-000401,PAYMENT_PROGRESS_MISMATCH,1,CRITICAL,PROGRESS,URGENT
MPLADS-000402,LEGITIMATE,0,LOW,NONE,LOW
MPLADS-000403,LEGITIMATE,0,LOW,NONE,LOW
MPLADS-000404,GHOST_WORK,1,CRITICAL,GHOST_WORK,URGENT
MPLADS-000405,LEGITIMATE,0,LOW,NONE,LOW
MPLADS-000406,LEGITIMATE,0,LOW,NONE,LOW
MPLADS-000407,LEGITIMATE,0,LOW,NONE,LOW
MPLADS-000408,LEGITIMATE,0,LOW,NONE,LOW
MPLADS-000409,LEGITIMATE,0,LOW,NONE,LOW
MPLADS-000410,LEGITIMATE,0,LOW,NONE,LOW
MPLADS-000411,PAYMENT_PROGRESS_MISMATCH,1,CRITICAL,PROGRESS,URGENT
MPLADS-000412,LEGITIMATE,0,LOW,NONE,LOW
MPLADS-000413,LEGITIMATE,0,LOW,NONE,LOW
MPLADS-000414,LEGITIMATE,0,LOW,NONE,LOW
MPLADS-000415,DELAYED_PROJECT,1,MEDIUM,TIMELINE,LOW
MPLADS-000416,DELAYED_PROJECT,1,MEDIUM,TIMELINE,LOW
MPLADS-000417,LEGITIMATE,0,LOW,NONE,LOW
MPLADS-000418,DELAYED_PROJECT,1,MEDIUM,TIMELINE,LOW
MPLADS-000419,LEGITIMATE,0,LOW,NONE,LOW
MPLADS-000420,LEGITIMATE,0,LOW,NONE,LOW
MPLADS-000421,COST_OVERRUN,1,HIGH,COST,HIGH
MPLADS-000422,LEGITIMATE,0,LOW,NONE,LOW
MPLADS-000423,HIGH_VALUE_LEGITIMATE,0,LOW,NONE,LOW
MPLADS-000424,LEGITIMATE,0,LOW,NONE,LOW
MPLADS-000425,LEGITIMATE,0,LOW,NONE,LOW
MPLADS-000426,COST_OVERRUN,1,HIGH,COST,HIGH
MPLADS-000427,COST_OVERRUN,1,HIGH,COST,HIGH
MPLADS-000428,COST_OVERRUN,1,HIGH,COST,HIGH
MPLADS-000429,LEGITIMATE,0,LOW,NONE,LOW
MPLADS-000430,LEGITIMATE,0,LOW,NONE,LOW
MPLADS-000431,SUSPICIOUS_CONTRACTOR,1,HIGH,SUSPICIOUS_CONTRACTOR,HIGH
MPLADS-000432,LEGITIMATE,0,LOW,NONE,LOW
MPLADS-000433,LEGITIMATE,0,LOW,NONE,LOW
MPLADS-000434,LEGITIMATE,0,LOW,NONE,LOW
MPLADS-000435,LEGITIMATE,0,LOW,NONE,LOW
MPLADS-000436,LEGITIMATE,0,LOW,NONE,LOW
MPLADS-000437,SUSPICIOUS_PROCUREMENT,1,HIGH,PROCUREMENT,HIGH
MPLADS-000438,LEGITIMATE,0,LOW,NONE,LOW
MPLADS-000439,LEGITIMATE,0,LOW,NONE,LOW
MPLADS-000440,HIGH_VALUE_LEGITIMATE,0,LOW,NONE,LOW
MPLADS-000441,LEGITIMATE,0,LOW,NONE,LOW
MPLADS-000442,LEGITIMATE,0,LOW,NONE,LOW
MPLADS-000443,LEGITIMATE,0,LOW,NONE,LOW
MPLADS-000444,LEGITIMATE,0,LOW,NONE,LOW
MPLADS-000445,LEGITIMATE,0,LOW,NONE,LOW
MPLADS-000446,LEGITIMATE,0,LOW,NONE,LOW
MPLADS-000447,LEGITIMATE,0,LOW,NONE,LOW
MPLADS-000448,LEGITIMATE,0,LOW,NONE,LOW
MPLADS-000449,LEGITIMATE,0,LOW,NONE,LOW
MPLADS-000450,LEGITIMATE,0,LOW,NONE,LOW
MPLADS-000451,LEGITIMATE,0,LOW,NONE,LOW
MPLADS-000452,LEGITIMATE,0,LOW,NONE,LOW
MPLADS-000453,LEGITIMATE,0,LOW,NONE,LOW
MPLADS-000454,HIGH_VALUE_LEGITIMATE,0,LOW,NONE,LOW
MPLADS-000455,LEGITIMATE,0,LOW,NONE,LOW
MPLADS-000456,LEGITIMATE,0,LOW,NONE,LOW
MPLADS-000457,LEGITIMATE,0,LOW,NONE,LOW
MPLADS-000458,LEGITIMATE,0,LOW,NONE,LOW
MPLADS-000459,LEGITIMATE,0,LOW,NONE,LOW
MPLADS-000460,LEGITIMATE,0,LOW,NONE,LOW
MPLADS-000461,LEGITIMATE,0,LOW,NONE,LOW
MPLADS-000462,LEGITIMATE,0,LOW,NONE,LOW
MPLADS-000463,LEGITIMATE,0,LOW,NONE,LOW
MPLADS-000464,LEGITIMATE,0,LOW,NONE,LOW
MPLADS-000465,LEGITIMATE,0,LOW,NONE,LOW
MPLADS-000466,LEGITIMATE,0,LOW,NONE,LOW
MPLADS-000467,LEGITIMATE,0,LOW,NONE,LOW
MPLADS-000468,LEGITIMATE,0,LOW,NONE,LOW
MPLADS-000469,HIGH_VALUE_LEGITIMATE,0,MEDIUM,NONE,LOW
MPLADS-000470,PAYMENT_PROGRESS_MISMATCH,1,CRITICAL,PROGRESS,URGENT
MPLADS-000471,LEGITIMATE,0,LOW,NONE,LOW
MPLADS-000472,LEGITIMATE,0,LOW,NONE,LOW
MPLADS-000473,LEGITIMATE,0,LOW,NONE,LOW
MPLADS-000474,LEGITIMATE,0,LOW,NONE,LOW
MPLADS-000475,ABANDONED_PROJECT,1,HIGH,ABANDONED_PROJECT,HIGH
MPLADS-000476,LEGITIMATE,0,LOW,NONE,LOW
MPLADS-000477,LEGITIMATE,0,LOW,NONE,LOW
MPLADS-000478,LEGITIMATE,0,LOW,NONE,LOW
MPLADS-000479,LEGITIMATE,0,LOW,NONE,LOW
MPLADS-000480,LEGITIMATE,0,LOW,NONE,LOW
MPLADS-000481,HIGH_VALUE_LEGITIMATE,0,LOW,NONE,LOW
MPLADS-000482,HIGH_VALUE_LEGITIMATE,0,MEDIUM,NONE,LOW
MPLADS-000483,LEGITIMATE,0,LOW,NONE,LOW
MPLADS-000484,LEGITIMATE,0,LOW,NONE,LOW
MPLADS-000485,LEGITIMATE,0,LOW,NONE,LOW
MPLADS-000486,HIGH_VALUE_LEGITIMATE,0,LOW,NONE,LOW
MPLADS-000487,DELAYED_PROJECT,1,MEDIUM,TIMELINE,LOW
MPLADS-000488,LEGITIMATE,0,LOW,NONE,LOW
MPLADS-000489,LEGITIMATE,0,LOW,NONE,LOW
MPLADS-000490,LEGITIMATE,0,LOW,NONE,LOW
MPLADS-000491,LEGITIMATE,0,LOW,NONE,LOW
MPLADS-000492,LEGITIMATE,0,LOW,NONE,LOW
MPLADS-000493,LEGITIMATE,0,LOW,NONE,LOW
MPLADS-000494,GHOST_WORK,1,CRITICAL,GHOST_WORK,URGENT
MPLADS-000495,HIGH_VALUE_LEGITIMATE,0,MEDIUM,NONE,LOW
MPLADS-000496,LEGITIMATE,0,LOW,NONE,LOW
MPLADS-000497,COST_OVERRUN,1,HIGH,COST,HIGH
MPLADS-000498,PAYMENT_PROGRESS_MISMATCH,1,CRITICAL,PROGRESS,URGENT
MPLADS-000499,LEGITIMATE,0,LOW,NONE,LOW
MPLADS-000500,SUSPICIOUS_PROCUREMENT,1,HIGH,PROCUREMENT,HIGH
MPLADS-000501,LEGITIMATE,0,LOW,NONE,LOW
MPLADS-000502,LEGITIMATE,0,LOW,NONE,LOW
MPLADS-000503,LEGITIMATE,0,LOW,NONE,LOW
MPLADS-000504,LEGITIMATE,0,LOW,NONE,LOW
MPLADS-000505,PAYMENT_PROGRESS_MISMATCH,1,CRITICAL,PROGRESS,URGENT
MPLADS-000506,PAYMENT_PROGRESS_MISMATCH,1,CRITICAL,PROGRESS,URGENT
MPLADS-000507,LEGITIMATE,0,LOW,NONE,LOW
MPLADS-000508,LEGITIMATE,0,LOW,NONE,LOW
MPLADS-000509,LEGITIMATE,0,LOW,NONE,LOW
MPLADS-000510,LEGITIMATE,0,LOW,NONE,LOW
MPLADS-000511,LEGITIMATE,0,LOW,NONE,LOW
MPLADS-000512,LEGITIMATE,0,LOW,NONE,LOW
MPLADS-000513,COST_OVERRUN,1,HIGH,COST,HIGH
MPLADS-000514,LEGITIMATE,0,LOW,NONE,LOW
MPLADS-000515,HIGH_VALUE_LEGITIMATE,0,LOW,NONE,LOW
MPLADS-000516,LEGITIMATE,0,LOW,NONE,LOW
MPLADS-000517,LEGITIMATE,0,LOW,NONE,LOW
MPLADS-000518,LEGITIMATE,0,LOW,NONE,LOW
MPLADS-000519,LEGITIMATE,0,LOW,NONE,LOW
MPLADS-000520,HIGH_VALUE_LEGITIMATE,0,MEDIUM,NONE,LOW
MPLADS-000521,LEGITIMATE,0,LOW,NONE,LOW
MPLADS-000522,LEGITIMATE,0,LOW,NONE,LOW
MPLADS-000523,LEGITIMATE,0,LOW,NONE,LOW
MPLADS-000524,SUSPICIOUS_PROCUREMENT,1,HIGH,PROCUREMENT,HIGH
MPLADS-000525,LEGITIMATE,0,LOW,NONE,LOW
MPLADS-000526,PAYMENT_PROGRESS_MISMATCH,1,CRITICAL,PROGRESS,URGENT
MPLADS-000527,LEGITIMATE,0,LOW,NONE,LOW
MPLADS-000528,LEGITIMATE,0,LOW,NONE,LOW
MPLADS-000529,LEGITIMATE,0,LOW,NONE,LOW
MPLADS-000530,LEGITIMATE,0,LOW,NONE,LOW
MPLADS-000531,LEGITIMATE,0,LOW,NONE,LOW
MPLADS-000532,LEGITIMATE,0,LOW,NONE,LOW
MPLADS-000533,LEGITIMATE,0,LOW,NONE,LOW
MPLADS-000534,LEGITIMATE,0,LOW,NONE,LOW
MPLADS-000535,SUSPICIOUS_CONTRACTOR,1,HIGH,SUSPICIOUS_CONTRACTOR,HIGH
MPLADS-000536,LEGITIMATE,0,LOW,NONE,LOW
MPLADS-000537,LEGITIMATE,0,LOW,NONE,LOW
MPLADS-000538,LEGITIMATE,0,LOW,NONE,LOW
MPLADS-000539,LEGITIMATE,0,LOW,NONE,LOW
MPLADS-000540,LEGITIMATE,0,LOW,NONE,LOW
MPLADS-000541,COST_OVERRUN,1,HIGH,COST,HIGH
MPLADS-000542,LEGITIMATE,0,LOW,NONE,LOW
MPLADS-000543,LEGITIMATE,0,LOW,NONE,LOW
MPLADS-000544,LEGITIMATE,0,LOW,NONE,LOW
MPLADS-000545,LEGITIMATE,0,LOW,NONE,LOW
MPLADS-000546,LEGITIMATE,0,LOW,NONE,LOW
MPLADS-000547,LEGITIMATE,0,LOW,NONE,LOW
MPLADS-000548,LEGITIMATE,0,LOW,NONE,LOW
MPLADS-000549,LEGITIMATE,0,LOW,NONE,LOW
MPLADS-000550,LEGITIMATE,0,LOW,NONE,LOW
MPLADS-000551,LEGITIMATE,0,LOW,NONE,LOW
MPLADS-000552,LEGITIMATE,0,LOW,NONE,LOW
MPLADS-000553,GHOST_WORK,1,CRITICAL,GHOST_WORK,URGENT
MPLADS-000554,LEGITIMATE,0,LOW,NONE,LOW
MPLADS-000555,COST_OVERRUN,1,HIGH,COST,HIGH
MPLADS-000556,DELAYED_PROJECT,1,MEDIUM,TIMELINE,LOW
MPLADS-000557,LEGITIMATE,0,LOW,NONE,LOW
MPLADS-000558,HIGH_VALUE_LEGITIMATE,0,MEDIUM,NONE,LOW
MPLADS-000559,DELAYED_PROJECT,1,MEDIUM,TIMELINE,LOW
MPLADS-000560,LEGITIMATE,0,LOW,NONE,LOW
MPLADS-000561,LEGITIMATE,0,LOW,NONE,LOW
MPLADS-000562,LEGITIMATE,0,LOW,NONE,LOW
MPLADS-000563,HIGH_VALUE_LEGITIMATE,0,LOW,NONE,LOW
MPLADS-000564,LEGITIMATE,0,LOW,NONE,LOW
MPLADS-000565,HIGH_VALUE_LEGITIMATE,0,MEDIUM,NONE,LOW
MPLADS-000566,LEGITIMATE,0,LOW,NONE,LOW
MPLADS-000567,LEGITIMATE,0,LOW,NONE,LOW
MPLADS-000568,LEGITIMATE,0,LOW,NONE,LOW
MPLADS-000569,LEGITIMATE,0,LOW,NONE,LOW
MPLADS-000570,LEGITIMATE,0,LOW,NONE,LOW
MPLADS-000571,LEGITIMATE,0,LOW,NONE,LOW
MPLADS-000572,HIGH_VALUE_LEGITIMATE,0,LOW,NONE,LOW
MPLADS-000573,LEGITIMATE,0,LOW,NONE,LOW
MPLADS-000574,COST_OVERRUN,1,HIGH,COST,HIGH
MPLADS-000575,LEGITIMATE,0,LOW,NONE,LOW
MPLADS-000576,LEGITIMATE,0,LOW,NONE,LOW
MPLADS-000577,ABANDONED_PROJECT,1,HIGH,ABANDONED_PROJECT,HIGH
MPLADS-000578,HIGH_VALUE_LEGITIMATE,0,LOW,NONE,LOW
MPLADS-000579,LEGITIMATE,0,LOW,NONE,LOW
MPLADS-000580,HIGH_VALUE_LEGITIMATE,0,MEDIUM,NONE,LOW
MPLADS-000581,LEGITIMATE,0,LOW,NONE,LOW
MPLADS-000582,LEGITIMATE,0,LOW,NONE,LOW
MPLADS-000583,LEGITIMATE,0,LOW,NONE,LOW
MPLADS-000584,ABANDONED_PROJECT,1,HIGH,ABANDONED_PROJECT,HIGH
MPLADS-000585,LEGITIMATE,0,LOW,NONE,LOW
MPLADS-000586,LEGITIMATE,0,LOW,NONE,LOW
MPLADS-000587,LEGITIMATE,0,LOW,NONE,LOW
MPLADS-000588,LEGITIMATE,0,LOW,NONE,LOW
MPLADS-000589,COST_OVERRUN,1,HIGH,COST,HIGH
MPLADS-000590,LEGITIMATE,0,LOW,NONE,LOW
MPLADS-000591,COST_OVERRUN,1,HIGH,COST,HIGH
MPLADS-000592,DELAYED_PROJECT,1,MEDIUM,TIMELINE,LOW
MPLADS-000593,LEGITIMATE,0,LOW,NONE,LOW
MPLADS-000594,LEGITIMATE,0,LOW,NONE,LOW
MPLADS-000595,LEGITIMATE,0,LOW,NONE,LOW
MPLADS-000596,LEGITIMATE,0,LOW,NONE,LOW
MPLADS-000597,HIGH_VALUE_LEGITIMATE,0,LOW,NONE,LOW
MPLADS-000598,LEGITIMATE,0,LOW,NONE,LOW
MPLADS-000599,LEGITIMATE,0,LOW,NONE,LOW
MPLADS-000600,DELAYED_PROJECT,1,MEDIUM,TIMELINE,LOW
MPLADS-000601,LEGITIMATE,0,LOW,NONE,LOW
MPLADS-000602,LEGITIMATE,0,LOW,NONE,LOW
MPLADS-000603,LEGITIMATE,0,LOW,NONE,LOW
MPLADS-000604,HIGH_VALUE_LEGITIMATE,0,MEDIUM,NONE,LOW
MPLADS-000605,LEGITIMATE,0,LOW,NONE,LOW
MPLADS-000606,LEGITIMATE,0,LOW,NONE,LOW
MPLADS-000607,HIGH_VALUE_LEGITIMATE,0,LOW,NONE,LOW
MPLADS-000608,ABANDONED_PROJECT,1,HIGH,ABANDONED_PROJECT,HIGH
MPLADS-000609,LEGITIMATE,0,LOW,NONE,LOW
MPLADS-000610,LEGITIMATE,0,LOW,NONE,LOW
MPLADS-000611,LEGITIMATE,0,LOW,NONE,LOW
MPLADS-000612,COST_OVERRUN,1,HIGH,COST,HIGH
MPLADS-000613,COST_OVERRUN,1,HIGH,COST,HIGH
MPLADS-000614,LEGITIMATE,0,LOW,NONE,LOW
MPLADS-000615,LEGITIMATE,0,LOW,NONE,LOW
MPLADS-000616,HIGH_VALUE_LEGITIMATE,0,MEDIUM,NONE,LOW
MPLADS-000617,LEGITIMATE,0,LOW,NONE,LOW
MPLADS-000618,LEGITIMATE,0,LOW,NONE,LOW
MPLADS-000619,LEGITIMATE,0,LOW,NONE,LOW
MPLADS-000620,ABANDONED_PROJECT,1,HIGH,ABANDONED_PROJECT,HIGH
MPLADS-000621,COST_OVERRUN,1,HIGH,COST,HIGH
MPLADS-000622,HIGH_VALUE_LEGITIMATE,0,MEDIUM,NONE,LOW
MPLADS-000623,LEGITIMATE,0,LOW,NONE,LOW
MPLADS-000624,LEGITIMATE,0,LOW,NONE,LOW
MPLADS-000625,LEGITIMATE,0,LOW,NONE,LOW
MPLADS-000626,LEGITIMATE,0,LOW,NONE,LOW
MPLADS-000627,LEGITIMATE,0,LOW,NONE,LOW
MPLADS-000628,LEGITIMATE,0,LOW,NONE,LOW
MPLADS-000629,GHOST_WORK,1,CRITICAL,GHOST_WORK,URGENT
MPLADS-000630,LEGITIMATE,0,LOW,NONE,LOW
MPLADS-000631,LEGITIMATE,0,LOW,NONE,LOW
MPLADS-000632,LEGITIMATE,0,LOW,NONE,LOW
MPLADS-000633,LEGITIMATE,0,LOW,NONE,LOW
MPLADS-000634,ABANDONED_PROJECT,1,HIGH,ABANDONED_PROJECT,HIGH
MPLADS-000635,LEGITIMATE,0,LOW,NONE,LOW
MPLADS-000636,COST_OVERRUN,1,HIGH,COST,HIGH
MPLADS-000637,LEGITIMATE,0,LOW,NONE,LOW
MPLADS-000638,SUSPICIOUS_CONTRACTOR,1,HIGH,SUSPICIOUS_CONTRACTOR,HIGH
MPLADS-000639,COST_OVERRUN,1,HIGH,COST,HIGH
MPLADS-000640,COST_OVERRUN,1,HIGH,COST,HIGH
MPLADS-000641,LEGITIMATE,0,LOW,NONE,LOW
MPLADS-000642,LEGITIMATE,0,LOW,NONE,LOW
MPLADS-000643,LEGITIMATE,0,LOW,NONE,LOW
MPLADS-000644,LEGITIMATE,0,LOW,NONE,LOW
MPLADS-000645,CONTRACTOR_MONOPOLY,1,HIGH,CONTRACTOR,HIGH
MPLADS-000646,LEGITIMATE,0,LOW,NONE,LOW
MPLADS-000647,LEGITIMATE,0,LOW,NONE,LOW
MPLADS-000648,LEGITIMATE,0,LOW,NONE,LOW
MPLADS-000649,LEGITIMATE,0,LOW,NONE,LOW
MPLADS-000650,HIGH_VALUE_LEGITIMATE,0,MEDIUM,NONE,LOW
MPLADS-000651,LEGITIMATE,0,LOW,NONE,LOW
MPLADS-000652,PAYMENT_PROGRESS_MISMATCH,1,CRITICAL,PROGRESS,URGENT
MPLADS-000653,LEGITIMATE,0,LOW,NONE,LOW
MPLADS-000654,LEGITIMATE,0,LOW,NONE,LOW
MPLADS-000655,LEGITIMATE,0,LOW,NONE,LOW
MPLADS-000656,LEGITIMATE,0,LOW,NONE,LOW
MPLADS-000657,LEGITIMATE,0,LOW,NONE,LOW
MPLADS-000658,HIGH_VALUE_LEGITIMATE,0,MEDIUM,NONE,LOW
MPLADS-000659,LEGITIMATE,0,LOW,NONE,LOW
MPLADS-000660,DUPLICATE_PROJECT,1,HIGH,DUPLICATE_PROJECT,HIGH
MPLADS-000661,LEGITIMATE,0,LOW,NONE,LOW
MPLADS-000662,LEGITIMATE,0,LOW,NONE,LOW
MPLADS-000663,LEGITIMATE,0,LOW,NONE,LOW
MPLADS-000664,LEGITIMATE,0,LOW,NONE,LOW
MPLADS-000665,LEGITIMATE,0,LOW,NONE,LOW
MPLADS-000666,HIGH_VALUE_LEGITIMATE,0,MEDIUM,NONE,LOW
MPLADS-000667,ABANDONED_PROJECT,1,HIGH,ABANDONED_PROJECT,HIGH
MPLADS-000668,LEGITIMATE,0,LOW,NONE,LOW
MPLADS-000669,HIGH_VALUE_LEGITIMATE,0,LOW,NONE,LOW
MPLADS-000670,LEGITIMATE,0,LOW,NONE,LOW
MPLADS-000671,LEGITIMATE,0,LOW,NONE,LOW
MPLADS-000672,LEGITIMATE,0,LOW,NONE,LOW
MPLADS-000673,LEGITIMATE,0,LOW,NONE,LOW
MPLADS-000674,LEGITIMATE,0,LOW,NONE,LOW
MPLADS-000675,LEGITIMATE,0,LOW,NONE,LOW
MPLADS-000676,LEGITIMATE,0,LOW,NONE,LOW
MPLADS-000677,LEGITIMATE,0,LOW,NONE,LOW
MPLADS-000678,PAYMENT_PROGRESS_MISMATCH,1,CRITICAL,PROGRESS,URGENT
MPLADS-000679,LEGITIMATE,0,LOW,NONE,LOW
MPLADS-000680,LEGITIMATE,0,LOW,NONE,LOW
MPLADS-000681,HIGH_VALUE_LEGITIMATE,0,LOW,NONE,LOW
MPLADS-000682,CONTRACTOR_MONOPOLY,1,HIGH,CONTRACTOR,HIGH
MPLADS-000683,LEGITIMATE,0,LOW,NONE,LOW
MPLADS-000684,DELAYED_PROJECT,1,MEDIUM,TIMELINE,LOW
MPLADS-000685,LEGITIMATE,0,LOW,NONE,LOW
MPLADS-000686,LEGITIMATE,0,LOW,NONE,LOW
MPLADS-000687,DELAYED_PROJECT,1,MEDIUM,TIMELINE,LOW
MPLADS-000688,GHOST_WORK,1,CRITICAL,GHOST_WORK,URGENT
MPLADS-000689,LEGITIMATE,0,LOW,NONE,LOW
MPLADS-000690,LEGITIMATE,0,LOW,NONE,LOW
MPLADS-000691,LEGITIMATE,0,LOW,NONE,LOW
MPLADS-000692,CONTRACTOR_MONOPOLY,1,HIGH,CONTRACTOR,HIGH
MPLADS-000693,LEGITIMATE,0,LOW,NONE,LOW
MPLADS-000694,LEGITIMATE,0,LOW,NONE,LOW
MPLADS-000695,DUPLICATE_PROJECT,1,HIGH,DUPLICATE_PROJECT,HIGH
MPLADS-000696,LEGITIMATE,0,LOW,NONE,LOW
MPLADS-000697,LEGITIMATE,0,LOW,NONE,LOW
MPLADS-000698,HIGH_VALUE_LEGITIMATE,0,LOW,NONE,LOW
MPLADS-000699,LEGITIMATE,0,LOW,NONE,LOW
MPLADS-000700,LEGITIMATE,0,LOW,NONE,LOW
MPLADS-000701,PAYMENT_PROGRESS_MISMATCH,1,CRITICAL,PROGRESS,URGENT
MPLADS-000702,LEGITIMATE,0,LOW,NONE,LOW
MPLADS-000703,DELAYED_PROJECT,1,MEDIUM,TIMELINE,LOW
MPLADS-000704,LEGITIMATE,0,LOW,NONE,LOW
MPLADS-000705,HIGH_VALUE_LEGITIMATE,0,LOW,NONE,LOW
MPLADS-000706,LEGITIMATE,0,LOW,NONE,LOW
MPLADS-000707,LEGITIMATE,0,LOW,NONE,LOW
MPLADS-000708,LEGITIMATE,0,LOW,NONE,LOW
MPLADS-000709,LEGITIMATE,0,LOW,NONE,LOW
MPLADS-000710,LEGITIMATE,0,LOW,NONE,LOW
MPLADS-000711,LEGITIMATE,0,LOW,NONE,LOW
MPLADS-000712,LEGITIMATE,0,LOW,NONE,LOW
MPLADS-000713,LEGITIMATE,0,LOW,NONE,LOW
MPLADS-000714,LEGITIMATE,0,LOW,NONE,LOW
MPLADS-000715,LEGITIMATE,0,LOW,NONE,LOW
MPLADS-000716,LEGITIMATE,0,LOW,NONE,LOW
MPLADS-000717,PAYMENT_PROGRESS_MISMATCH,1,CRITICAL,PROGRESS,URGENT
MPLADS-000718,LEGITIMATE,0,LOW,NONE,LOW
MPLADS-000719,LEGITIMATE,0,LOW,NONE,LOW
MPLADS-000720,LEGITIMATE,0,LOW,NONE,LOW
MPLADS-000721,LEGITIMATE,0,LOW,NONE,LOW
MPLADS-000722,LEGITIMATE,0,LOW,NONE,LOW
MPLADS-000723,LEGITIMATE,0,LOW,NONE,LOW
MPLADS-000724,SUSPICIOUS_CONTRACTOR,1,HIGH,SUSPICIOUS_CONTRACTOR,HIGH
MPLADS-000725,LEGITIMATE,0,LOW,NONE,LOW
MPLADS-000726,PAYMENT_PROGRESS_MISMATCH,1,CRITICAL,PROGRESS,URGENT
MPLADS-000727,ABANDONED_PROJECT,1,HIGH,ABANDONED_PROJECT,HIGH
MPLADS-000728,HIGH_VALUE_LEGITIMATE,0,MEDIUM,NONE,LOW
MPLADS-000729,HIGH_VALUE_LEGITIMATE,0,LOW,NONE,LOW
MPLADS-000730,LEGITIMATE,0,LOW,NONE,LOW
MPLADS-000731,LEGITIMATE,0,LOW,NONE,LOW
MPLADS-000732,HIGH_VALUE_LEGITIMATE,0,LOW,NONE,LOW
MPLADS-000733,LEGITIMATE,0,LOW,NONE,LOW
MPLADS-000734,LEGITIMATE,0,LOW,NONE,LOW
MPLADS-000735,LEGITIMATE,0,LOW,NONE,LOW
MPLADS-000736,LEGITIMATE,0,LOW,NONE,LOW
MPLADS-000737,LEGITIMATE,0,LOW,NONE,LOW
MPLADS-000738,LEGITIMATE,0,LOW,NONE,LOW
MPLADS-000739,LEGITIMATE,0,LOW,NONE,LOW
MPLADS-000740,LEGITIMATE,0,LOW,NONE,LOW
MPLADS-000741,LEGITIMATE,0,LOW,NONE,LOW
MPLADS-000742,LEGITIMATE,0,LOW,NONE,LOW
MPLADS-000743,ABANDONED_PROJECT,1,HIGH,ABANDONED_PROJECT,HIGH
MPLADS-000744,LEGITIMATE,0,LOW,NONE,LOW
MPLADS-000745,PAYMENT_PROGRESS_MISMATCH,1,CRITICAL,PROGRESS,URGENT
MPLADS-000746,PAYMENT_PROGRESS_MISMATCH,1,CRITICAL,PROGRESS,URGENT
MPLADS-000747,LEGITIMATE,0,LOW,NONE,LOW
MPLADS-000748,HIGH_VALUE_LEGITIMATE,0,MEDIUM,NONE,LOW
MPLADS-000749,LEGITIMATE,0,LOW,NONE,LOW
MPLADS-000750,LEGITIMATE,0,LOW,NONE,LOW
MPLADS-000751,LEGITIMATE,0,LOW,NONE,LOW
MPLADS-000752,PAYMENT_PROGRESS_MISMATCH,1,CRITICAL,PROGRESS,URGENT
MPLADS-000753,LEGITIMATE,0,LOW,NONE,LOW
MPLADS-000754,DELAYED_PROJECT,1,MEDIUM,TIMELINE,LOW
MPLADS-000755,LEGITIMATE,0,LOW,NONE,LOW
MPLADS-000756,PAYMENT_PROGRESS_MISMATCH,1,CRITICAL,PROGRESS,URGENT
MPLADS-000757,LEGITIMATE,0,LOW,NONE,LOW
MPLADS-000758,HIGH_VALUE_LEGITIMATE,0,LOW,NONE,LOW
MPLADS-000759,LEGITIMATE,0,LOW,NONE,LOW
MPLADS-000760,LEGITIMATE,0,LOW,NONE,LOW
MPLADS-000761,LEGITIMATE,0,LOW,NONE,LOW
MPLADS-000762,LEGITIMATE,0,LOW,NONE,LOW
MPLADS-000763,LEGITIMATE,0,LOW,NONE,LOW
MPLADS-000764,LEGITIMATE,0,LOW,NONE,LOW
MPLADS-000765,LEGITIMATE,0,LOW,NONE,LOW
MPLADS-000766,LEGITIMATE,0,LOW,NONE,LOW
MPLADS-000767,HIGH_VALUE_LEGITIMATE,0,MEDIUM,NONE,LOW
MPLADS-000768,LEGITIMATE,0,LOW,NONE,LOW
MPLADS-000769,LEGITIMATE,0,LOW,NONE,LOW
MPLADS-000770,HIGH_VALUE_LEGITIMATE,0,MEDIUM,NONE,LOW
MPLADS-000771,DOCUMENTATION_ANOMALY,1,HIGH,DOCUMENTATION,HIGH
MPLADS-000772,HIGH_VALUE_LEGITIMATE,0,LOW,NONE,LOW
MPLADS-000773,LEGITIMATE,0,LOW,NONE,LOW
MPLADS-000774,HIGH_VALUE_LEGITIMATE,0,LOW,NONE,LOW
MPLADS-000775,LEGITIMATE,0,LOW,NONE,LOW
MPLADS-000776,LEGITIMATE,0,LOW,NONE,LOW
MPLADS-000777,SUSPICIOUS_PROCUREMENT,1,HIGH,PROCUREMENT,HIGH
MPLADS-000778,DELAYED_PROJECT,1,MEDIUM,TIMELINE,LOW
MPLADS-000779,HIGH_VALUE_LEGITIMATE,0,LOW,NONE,LOW
MPLADS-000780,LEGITIMATE,0,LOW,NONE,LOW
MPLADS-000781,HIGH_VALUE_LEGITIMATE,0,MEDIUM,NONE,LOW
MPLADS-000782,LEGITIMATE,0,LOW,NONE,LOW
MPLADS-000783,HIGH_VALUE_LEGITIMATE,0,MEDIUM,NONE,LOW
MPLADS-000784,LEGITIMATE,0,LOW,NONE,LOW
MPLADS-000785,LEGITIMATE,0,LOW,NONE,LOW
MPLADS-000786,HIGH_VALUE_LEGITIMATE,0,MEDIUM,NONE,LOW
MPLADS-000787,HIGH_VALUE_LEGITIMATE,0,MEDIUM,NONE,LOW
MPLADS-000788,HIGH_VALUE_LEGITIMATE,0,MEDIUM,NONE,LOW
MPLADS-000789,ABANDONED_PROJECT,1,HIGH,ABANDONED_PROJECT,HIGH
MPLADS-000790,GHOST_WORK,1,CRITICAL,GHOST_WORK,URGENT
MPLADS-000791,LEGITIMATE,0,LOW,NONE,LOW
MPLADS-000792,ABANDONED_PROJECT,1,HIGH,ABANDONED_PROJECT,HIGH
MPLADS-000793,LEGITIMATE,0,LOW,NONE,LOW
MPLADS-000794,LEGITIMATE,0,LOW,NONE,LOW
MPLADS-000795,LEGITIMATE,0,LOW,NONE,LOW
MPLADS-000796,LEGITIMATE,0,LOW,NONE,LOW
MPLADS-000797,HIGH_VALUE_LEGITIMATE,0,MEDIUM,NONE,LOW
MPLADS-000798,LEGITIMATE,0,LOW,NONE,LOW
MPLADS-000799,SUSPICIOUS_CONTRACTOR,1,HIGH,SUSPICIOUS_CONTRACTOR,HIGH
MPLADS-000800,LEGITIMATE,0,LOW,NONE,LOW
MPLADS-000801,COST_OVERRUN,1,HIGH,COST,HIGH
MPLADS-000802,LEGITIMATE,0,LOW,NONE,LOW
MPLADS-000803,LEGITIMATE,0,LOW,NONE,LOW
MPLADS-000804,LEGITIMATE,0,LOW,NONE,LOW
MPLADS-000805,LEGITIMATE,0,LOW,NONE,LOW
MPLADS-000806,LEGITIMATE,0,LOW,NONE,LOW
MPLADS-000807,LEGITIMATE,0,LOW,NONE,LOW
MPLADS-000808,LEGITIMATE,0,LOW,NONE,LOW
MPLADS-000809,DELAYED_PROJECT,1,MEDIUM,TIMELINE,LOW
MPLADS-000810,GHOST_WORK,1,CRITICAL,GHOST_WORK,URGENT
MPLADS-000811,LEGITIMATE,0,LOW,NONE,LOW
MPLADS-000812,HIGH_VALUE_LEGITIMATE,0,MEDIUM,NONE,LOW
MPLADS-000813,LEGITIMATE,0,LOW,NONE,LOW
MPLADS-000814,PAYMENT_PROGRESS_MISMATCH,1,CRITICAL,PROGRESS,URGENT
MPLADS-000815,GHOST_WORK,1,CRITICAL,GHOST_WORK,URGENT
MPLADS-000816,HIGH_VALUE_LEGITIMATE,0,MEDIUM,NONE,LOW
MPLADS-000817,HIGH_VALUE_LEGITIMATE,0,LOW,NONE,LOW
MPLADS-000818,LEGITIMATE,0,LOW,NONE,LOW
MPLADS-000819,LEGITIMATE,0,LOW,NONE,LOW
MPLADS-000820,LEGITIMATE,0,LOW,NONE,LOW
MPLADS-000821,LEGITIMATE,0,LOW,NONE,LOW
MPLADS-000822,SUSPICIOUS_CONTRACTOR,1,HIGH,SUSPICIOUS_CONTRACTOR,HIGH
MPLADS-000823,LEGITIMATE,0,LOW,NONE,LOW
MPLADS-000824,HIGH_VALUE_LEGITIMATE,0,MEDIUM,NONE,LOW
MPLADS-000825,LEGITIMATE,0,LOW,NONE,LOW
MPLADS-000826,COST_OVERRUN,1,HIGH,COST,HIGH
MPLADS-000827,LEGITIMATE,0,LOW,NONE,LOW
MPLADS-000828,LEGITIMATE,0,LOW,NONE,LOW
MPLADS-000829,LEGITIMATE,0,LOW,NONE,LOW
MPLADS-000830,LEGITIMATE,0,LOW,NONE,LOW
MPLADS-000831,LEGITIMATE,0,LOW,NONE,LOW
MPLADS-000832,LEGITIMATE,0,LOW,NONE,LOW
MPLADS-000833,LEGITIMATE,0,LOW,NONE,LOW
MPLADS-000834,LEGITIMATE,0,LOW,NONE,LOW
MPLADS-000835,LEGITIMATE,0,LOW,NONE,LOW
MPLADS-000836,LEGITIMATE,0,LOW,NONE,LOW
MPLADS-000837,HIGH_VALUE_LEGITIMATE,0,LOW,NONE,LOW
MPLADS-000838,LEGITIMATE,0,LOW,NONE,LOW
MPLADS-000839,LEGITIMATE,0,LOW,NONE,LOW
MPLADS-000840,LEGITIMATE,0,LOW,NONE,LOW
MPLADS-000841,HIGH_VALUE_LEGITIMATE,0,LOW,NONE,LOW
MPLADS-000842,LEGITIMATE,0,LOW,NONE,LOW
MPLADS-000843,PAYMENT_PROGRESS_MISMATCH,1,CRITICAL,PROGRESS,URGENT
MPLADS-000844,LEGITIMATE,0,LOW,NONE,LOW
MPLADS-000845,LEGITIMATE,0,LOW,NONE,LOW
MPLADS-000846,LEGITIMATE,0,LOW,NONE,LOW
MPLADS-000847,COST_OVERRUN,1,HIGH,COST,HIGH
MPLADS-000848,COST_OVERRUN,1,HIGH,COST,HIGH
MPLADS-000849,LEGITIMATE,0,LOW,NONE,LOW
MPLADS-000850,LEGITIMATE,0,LOW,NONE,LOW
MPLADS-000851,LEGITIMATE,0,LOW,NONE,LOW
MPLADS-000852,LEGITIMATE,0,LOW,NONE,LOW
MPLADS-000853,LEGITIMATE,0,LOW,NONE,LOW
MPLADS-000854,LEGITIMATE,0,LOW,NONE,LOW
MPLADS-000855,LEGITIMATE,0,LOW,NONE,LOW
MPLADS-000856,SUSPICIOUS_CONTRACTOR,1,HIGH,SUSPICIOUS_CONTRACTOR,HIGH
MPLADS-000857,SUSPICIOUS_PROCUREMENT,1,HIGH,PROCUREMENT,HIGH
MPLADS-000858,LEGITIMATE,0,LOW,NONE,LOW
MPLADS-000859,COST_OVERRUN,1,HIGH,COST,HIGH
MPLADS-000860,DELAYED_PROJECT,1,MEDIUM,TIMELINE,LOW
MPLADS-000861,PAYMENT_PROGRESS_MISMATCH,1,CRITICAL,PROGRESS,URGENT
MPLADS-000862,LEGITIMATE,0,LOW,NONE,LOW
MPLADS-000863,LEGITIMATE,0,LOW,NONE,LOW
MPLADS-000864,LEGITIMATE,0,LOW,NONE,LOW
MPLADS-000865,LEGITIMATE,0,LOW,NONE,LOW
MPLADS-000866,LEGITIMATE,0,LOW,NONE,LOW
MPLADS-000867,LEGITIMATE,0,LOW,NONE,LOW
MPLADS-000868,LEGITIMATE,0,LOW,NONE,LOW
MPLADS-000869,LEGITIMATE,0,LOW,NONE,LOW
MPLADS-000870,LEGITIMATE,0,LOW,NONE,LOW
MPLADS-000871,LEGITIMATE,0,LOW,NONE,LOW
MPLADS-000872,LEGITIMATE,0,LOW,NONE,LOW
MPLADS-000873,LEGITIMATE,0,LOW,NONE,LOW
MPLADS-000874,LEGITIMATE,0,LOW,NONE,LOW
MPLADS-000875,LEGITIMATE,0,LOW,NONE,LOW
MPLADS-000876,LEGITIMATE,0,LOW,NONE,LOW
MPLADS-000877,LEGITIMATE,0,LOW,NONE,LOW
MPLADS-000878,HIGH_VALUE_LEGITIMATE,0,LOW,NONE,LOW
MPLADS-000879,LEGITIMATE,0,LOW,NONE,LOW
MPLADS-000880,DELAYED_PROJECT,1,MEDIUM,TIMELINE,LOW
MPLADS-000881,LEGITIMATE,0,LOW,NONE,LOW
MPLADS-000882,LEGITIMATE,0,LOW,NONE,LOW
MPLADS-000883,SUSPICIOUS_CONTRACTOR,1,HIGH,SUSPICIOUS_CONTRACTOR,HIGH
MPLADS-000884,SUSPICIOUS_PROCUREMENT,1,HIGH,PROCUREMENT,HIGH
MPLADS-000885,LEGITIMATE,0,LOW,NONE,LOW
MPLADS-000886,LEGITIMATE,0,LOW,NONE,LOW
MPLADS-000887,LEGITIMATE,0,LOW,NONE,LOW
MPLADS-000888,HIGH_VALUE_LEGITIMATE,0,LOW,NONE,LOW
MPLADS-000889,HIGH_VALUE_LEGITIMATE,0,MEDIUM,NONE,LOW
MPLADS-000890,LEGITIMATE,0,LOW,NONE,LOW
MPLADS-000891,LEGITIMATE,0,LOW,NONE,LOW
MPLADS-000892,DOCUMENTATION_ANOMALY,1,HIGH,DOCUMENTATION,HIGH
MPLADS-000893,LEGITIMATE,0,LOW,NONE,LOW
MPLADS-000894,ABANDONED_PROJECT,1,HIGH,ABANDONED_PROJECT,HIGH
MPLADS-000895,LEGITIMATE,0,LOW,NONE,LOW
MPLADS-000896,LEGITIMATE,0,LOW,NONE,LOW
MPLADS-000897,LEGITIMATE,0,LOW,NONE,LOW
MPLADS-000898,COST_OVERRUN,1,HIGH,COST,HIGH
MPLADS-000899,PAYMENT_PROGRESS_MISMATCH,1,CRITICAL,PROGRESS,URGENT
MPLADS-000900,LEGITIMATE,0,LOW,NONE,LOW
MPLADS-000901,HIGH_VALUE_LEGITIMATE,0,MEDIUM,NONE,LOW
MPLADS-000902,LEGITIMATE,0,LOW,NONE,LOW
MPLADS-000903,LEGITIMATE,0,LOW,NONE,LOW
MPLADS-000904,LEGITIMATE,0,LOW,NONE,LOW
MPLADS-000905,HIGH_VALUE_LEGITIMATE,0,MEDIUM,NONE,LOW
MPLADS-000906,HIGH_VALUE_LEGITIMATE,0,LOW,NONE,LOW
MPLADS-000907,LEGITIMATE,0,LOW,NONE,LOW
MPLADS-000908,LEGITIMATE,0,LOW,NONE,LOW
MPLADS-000909,HIGH_VALUE_LEGITIMATE,0,LOW,NONE,LOW
MPLADS-000910,LEGITIMATE,0,LOW,NONE,LOW
MPLADS-000911,LEGITIMATE,0,LOW,NONE,LOW
MPLADS-000912,HIGH_VALUE_LEGITIMATE,0,MEDIUM,NONE,LOW
MPLADS-000913,LEGITIMATE,0,LOW,NONE,LOW
MPLADS-000914,LEGITIMATE,0,LOW,NONE,LOW
MPLADS-000915,LEGITIMATE,0,LOW,NONE,LOW
MPLADS-000916,DOCUMENTATION_ANOMALY,1,HIGH,DOCUMENTATION,HIGH
MPLADS-000917,LEGITIMATE,0,LOW,NONE,LOW
MPLADS-000918,HIGH_VALUE_LEGITIMATE,0,LOW,NONE,LOW
MPLADS-000919,LEGITIMATE,0,LOW,NONE,LOW
MPLADS-000920,LEGITIMATE,0,LOW,NONE,LOW
MPLADS-000921,LEGITIMATE,0,LOW,NONE,LOW
MPLADS-000922,DELAYED_PROJECT,1,MEDIUM,TIMELINE,LOW
MPLADS-000923,LEGITIMATE,0,LOW,NONE,LOW
MPLADS-000924,LEGITIMATE,0,LOW,NONE,LOW
MPLADS-000925,LEGITIMATE,0,LOW,NONE,LOW
MPLADS-000926,LEGITIMATE,0,LOW,NONE,LOW
MPLADS-000927,HIGH_VALUE_LEGITIMATE,0,LOW,NONE,LOW
MPLADS-000928,LEGITIMATE,0,LOW,NONE,LOW
MPLADS-000929,ABANDONED_PROJECT,1,HIGH,ABANDONED_PROJECT,HIGH
MPLADS-000930,LEGITIMATE,0,LOW,NONE,LOW
MPLADS-000931,LEGITIMATE,0,LOW,NONE,LOW
MPLADS-000932,LEGITIMATE,0,LOW,NONE,LOW
MPLADS-000933,DELAYED_PROJECT,1,MEDIUM,TIMELINE,LOW
MPLADS-000934,LEGITIMATE,0,LOW,NONE,LOW
MPLADS-000935,COST_OVERRUN,1,HIGH,COST,HIGH
MPLADS-000936,LEGITIMATE,0,LOW,NONE,LOW
MPLADS-000937,LEGITIMATE,0,LOW,NONE,LOW
MPLADS-000938,LEGITIMATE,0,LOW,NONE,LOW
MPLADS-000939,LEGITIMATE,0,LOW,NONE,LOW
MPLADS-000940,LEGITIMATE,0,LOW,NONE,LOW
MPLADS-000941,LEGITIMATE,0,LOW,NONE,LOW
MPLADS-000942,LEGITIMATE,0,LOW,NONE,LOW
MPLADS-000943,LEGITIMATE,0,LOW,NONE,LOW
MPLADS-000944,LEGITIMATE,0,LOW,NONE,LOW
MPLADS-000945,LEGITIMATE,0,LOW,NONE,LOW
MPLADS-000946,LEGITIMATE,0,LOW,NONE,LOW
MPLADS-000947,LEGITIMATE,0,LOW,NONE,LOW
MPLADS-000948,LEGITIMATE,0,LOW,NONE,LOW
MPLADS-000949,LEGITIMATE,0,LOW,NONE,LOW
MPLADS-000950,LEGITIMATE,0,LOW,NONE,LOW
MPLADS-000951,HIGH_VALUE_LEGITIMATE,0,MEDIUM,NONE,LOW
MPLADS-000952,LEGITIMATE,0,LOW,NONE,LOW
MPLADS-000953,LEGITIMATE,0,LOW,NONE,LOW
MPLADS-000954,LEGITIMATE,0,LOW,NONE,LOW
MPLADS-000955,DUPLICATE_PROJECT,1,HIGH,DUPLICATE_PROJECT,HIGH
MPLADS-000956,LEGITIMATE,0,LOW,NONE,LOW
MPLADS-000957,LEGITIMATE,0,LOW,NONE,LOW
MPLADS-000958,LEGITIMATE,0,LOW,NONE,LOW
MPLADS-000959,COST_OVERRUN,1,HIGH,COST,HIGH
MPLADS-000960,LEGITIMATE,0,LOW,NONE,LOW
MPLADS-000961,LEGITIMATE,0,LOW,NONE,LOW
MPLADS-000962,LEGITIMATE,0,LOW,NONE,LOW
MPLADS-000963,LEGITIMATE,0,LOW,NONE,LOW
MPLADS-000964,PAYMENT_PROGRESS_MISMATCH,1,CRITICAL,PROGRESS,URGENT
MPLADS-000965,LEGITIMATE,0,LOW,NONE,LOW
MPLADS-000966,LEGITIMATE,0,LOW,NONE,LOW
MPLADS-000967,HIGH_VALUE_LEGITIMATE,0,MEDIUM,NONE,LOW
MPLADS-000968,HIGH_VALUE_LEGITIMATE,0,MEDIUM,NONE,LOW
MPLADS-000969,DELAYED_PROJECT,1,MEDIUM,TIMELINE,LOW
MPLADS-000970,PAYMENT_PROGRESS_MISMATCH,1,CRITICAL,PROGRESS,URGENT
MPLADS-000971,LEGITIMATE,0,LOW,NONE,LOW
MPLADS-000972,LEGITIMATE,0,LOW,NONE,LOW
MPLADS-000973,LEGITIMATE,0,LOW,NONE,LOW
MPLADS-000974,LEGITIMATE,0,LOW,NONE,LOW
MPLADS-000975,LEGITIMATE,0,LOW,NONE,LOW
MPLADS-000976,LEGITIMATE,0,LOW,NONE,LOW
MPLADS-000977,HIGH_VALUE_LEGITIMATE,0,LOW,NONE,LOW
MPLADS-000978,HIGH_VALUE_LEGITIMATE,0,LOW,NONE,LOW
MPLADS-000979,LEGITIMATE,0,LOW,NONE,LOW
MPLADS-000980,LEGITIMATE,0,LOW,NONE,LOW
MPLADS-000981,HIGH_VALUE_LEGITIMATE,0,MEDIUM,NONE,LOW
MPLADS-000982,LEGITIMATE,0,LOW,NONE,LOW
MPLADS-000983,LEGITIMATE,0,LOW,NONE,LOW
MPLADS-000984,LEGITIMATE,0,LOW,NONE,LOW
MPLADS-000985,GHOST_WORK,1,CRITICAL,GHOST_WORK,URGENT
MPLADS-000986,LEGITIMATE,0,LOW,NONE,LOW
MPLADS-000987,LEGITIMATE,0,LOW,NONE,LOW
MPLADS-000988,LEGITIMATE,0,LOW,NONE,LOW
MPLADS-000989,LEGITIMATE,0,LOW,NONE,LOW
MPLADS-000990,PAYMENT_PROGRESS_MISMATCH,1,CRITICAL,PROGRESS,URGENT
MPLADS-000991,LEGITIMATE,0,LOW,NONE,LOW
MPLADS-000992,LEGITIMATE,0,LOW,NONE,LOW
MPLADS-000993,COST_OVERRUN,1,HIGH,COST,HIGH
MPLADS-000994,GHOST_WORK,1,CRITICAL,GHOST_WORK,URGENT
MPLADS-000995,LEGITIMATE,0,LOW,NONE,LOW
MPLADS-000996,HIGH_VALUE_LEGITIMATE,0,LOW,NONE,LOW
MPLADS-000997,LEGITIMATE,0,LOW,NONE,LOW
MPLADS-000998,LEGITIMATE,0,LOW,NONE,LOW
MPLADS-000999,LEGITIMATE,0,LOW,NONE,LOW
MPLADS-001000,LEGITIMATE,0,LOW,NONE,LOW
MPLADS-001001,LEGITIMATE,0,LOW,NONE,LOW
MPLADS-001002,LEGITIMATE,0,LOW,NONE,LOW
MPLADS-001003,LEGITIMATE,0,LOW,NONE,LOW
MPLADS-001004,PAYMENT_PROGRESS_MISMATCH,1,CRITICAL,PROGRESS,URGENT
MPLADS-001005,HIGH_VALUE_LEGITIMATE,0,LOW,NONE,LOW
MPLADS-001006,LEGITIMATE,0,LOW,NONE,LOW
MPLADS-001007,DUPLICATE_PROJECT,1,HIGH,DUPLICATE_PROJECT,HIGH
MPLADS-001008,LEGITIMATE,0,LOW,NONE,LOW
MPLADS-001009,HIGH_VALUE_LEGITIMATE,0,LOW,NONE,LOW
MPLADS-001010,LEGITIMATE,0,LOW,NONE,LOW
MPLADS-001011,LEGITIMATE,0,LOW,NONE,LOW
MPLADS-001012,LEGITIMATE,0,LOW,NONE,LOW
MPLADS-001013,LEGITIMATE,0,LOW,NONE,LOW
MPLADS-001014,LEGITIMATE,0,LOW,NONE,LOW
MPLADS-001015,LEGITIMATE,0,LOW,NONE,LOW
MPLADS-001016,CONTRACTOR_MONOPOLY,1,HIGH,CONTRACTOR,HIGH
MPLADS-001017,LEGITIMATE,0,LOW,NONE,LOW
MPLADS-001018,LEGITIMATE,0,LOW,NONE,LOW
MPLADS-001019,SUSPICIOUS_CONTRACTOR,1,HIGH,SUSPICIOUS_CONTRACTOR,HIGH
MPLADS-001020,LEGITIMATE,0,LOW,NONE,LOW
MPLADS-001021,LEGITIMATE,0,LOW,NONE,LOW
MPLADS-001022,DELAYED_PROJECT,1,MEDIUM,TIMELINE,LOW
MPLADS-001023,LEGITIMATE,0,LOW,NONE,LOW
MPLADS-001024,LEGITIMATE,0,LOW,NONE,LOW
MPLADS-001025,LEGITIMATE,0,LOW,NONE,LOW
MPLADS-001026,LEGITIMATE,0,LOW,NONE,LOW
MPLADS-001027,LEGITIMATE,0,LOW,NONE,LOW
MPLADS-001028,LEGITIMATE,0,LOW,NONE,LOW
MPLADS-001029,LEGITIMATE,0,LOW,NONE,LOW
MPLADS-001030,LEGITIMATE,0,LOW,NONE,LOW
MPLADS-001031,LEGITIMATE,0,LOW,NONE,LOW
MPLADS-001032,LEGITIMATE,0,LOW,NONE,LOW
MPLADS-001033,LEGITIMATE,0,LOW,NONE,LOW
MPLADS-001034,PAYMENT_PROGRESS_MISMATCH,1,CRITICAL,PROGRESS,URGENT
MPLADS-001035,LEGITIMATE,0,LOW,NONE,LOW
MPLADS-001036,LEGITIMATE,0,LOW,NONE,LOW
MPLADS-001037,LEGITIMATE,0,LOW,NONE,LOW
MPLADS-001038,LEGITIMATE,0,LOW,NONE,LOW
MPLADS-001039,LEGITIMATE,0,LOW,NONE,LOW
MPLADS-001040,LEGITIMATE,0,LOW,NONE,LOW
MPLADS-001041,COST_OVERRUN,1,HIGH,COST,HIGH
MPLADS-001042,LEGITIMATE,0,LOW,NONE,LOW
MPLADS-001043,LEGITIMATE,0,LOW,NONE,LOW
MPLADS-001044,LEGITIMATE,0,LOW,NONE,LOW
MPLADS-001045,SUSPICIOUS_CONTRACTOR,1,HIGH,SUSPICIOUS_CONTRACTOR,HIGH
MPLADS-001046,LEGITIMATE,0,LOW,NONE,LOW
MPLADS-001047,LEGITIMATE,0,LOW,NONE,LOW
MPLADS-001048,LEGITIMATE,0,LOW,NONE,LOW
MPLADS-001049,DUPLICATE_PROJECT,1,HIGH,DUPLICATE_PROJECT,HIGH
MPLADS-001050,LEGITIMATE,0,LOW,NONE,LOW
MPLADS-001051,LEGITIMATE,0,LOW,NONE,LOW
MPLADS-001052,LEGITIMATE,0,LOW,NONE,LOW
MPLADS-001053,LEGITIMATE,0,LOW,NONE,LOW
MPLADS-001054,HIGH_VALUE_LEGITIMATE,0,LOW,NONE,LOW
MPLADS-001055,LEGITIMATE,0,LOW,NONE,LOW
MPLADS-001056,LEGITIMATE,0,LOW,NONE,LOW
MPLADS-001057,CONTRACTOR_MONOPOLY,1,HIGH,CONTRACTOR,HIGH
MPLADS-001058,LEGITIMATE,0,LOW,NONE,LOW
MPLADS-001059,COST_OVERRUN,1,HIGH,COST,HIGH
MPLADS-001060,PAYMENT_PROGRESS_MISMATCH,1,CRITICAL,PROGRESS,URGENT
MPLADS-001061,HIGH_VALUE_LEGITIMATE,0,MEDIUM,NONE,LOW
MPLADS-001062,LEGITIMATE,0,LOW,NONE,LOW
MPLADS-001063,LEGITIMATE,0,LOW,NONE,LOW
MPLADS-001064,LEGITIMATE,0,LOW,NONE,LOW
MPLADS-001065,LEGITIMATE,0,LOW,NONE,LOW
MPLADS-001066,LEGITIMATE,0,LOW,NONE,LOW
MPLADS-001067,LEGITIMATE,0,LOW,NONE,LOW
MPLADS-001068,LEGITIMATE,0,LOW,NONE,LOW
MPLADS-001069,LEGITIMATE,0,LOW,NONE,LOW
MPLADS-001070,DELAYED_PROJECT,1,MEDIUM,TIMELINE,LOW
MPLADS-001071,LEGITIMATE,0,LOW,NONE,LOW
MPLADS-001072,LEGITIMATE,0,LOW,NONE,LOW
MPLADS-001073,COST_OVERRUN,1,HIGH,COST,HIGH
MPLADS-001074,ABANDONED_PROJECT,1,HIGH,ABANDONED_PROJECT,HIGH
MPLADS-001075,LEGITIMATE,0,LOW,NONE,LOW
MPLADS-001076,LEGITIMATE,0,LOW,NONE,LOW
MPLADS-001077,HIGH_VALUE_LEGITIMATE,0,MEDIUM,NONE,LOW
MPLADS-001078,SUSPICIOUS_CONTRACTOR,1,HIGH,SUSPICIOUS_CONTRACTOR,HIGH
MPLADS-001079,DELAYED_PROJECT,1,MEDIUM,TIMELINE,LOW
MPLADS-001080,LEGITIMATE,0,LOW,NONE,LOW
MPLADS-001081,LEGITIMATE,0,LOW,NONE,LOW
MPLADS-001082,LEGITIMATE,0,LOW,NONE,LOW
MPLADS-001083,PAYMENT_PROGRESS_MISMATCH,1,CRITICAL,PROGRESS,URGENT
MPLADS-001084,HIGH_VALUE_LEGITIMATE,0,MEDIUM,NONE,LOW
MPLADS-001085,PAYMENT_PROGRESS_MISMATCH,1,CRITICAL,PROGRESS,URGENT
MPLADS-001086,LEGITIMATE,0,LOW,NONE,LOW
MPLADS-001087,HIGH_VALUE_LEGITIMATE,0,LOW,NONE,LOW
MPLADS-001088,LEGITIMATE,0,LOW,NONE,LOW
MPLADS-001089,HIGH_VALUE_LEGITIMATE,0,LOW,NONE,LOW
MPLADS-001090,LEGITIMATE,0,LOW,NONE,LOW
MPLADS-001091,DUPLICATE_PROJECT,1,HIGH,DUPLICATE_PROJECT,HIGH
MPLADS-001092,PAYMENT_PROGRESS_MISMATCH,1,CRITICAL,PROGRESS,URGENT
MPLADS-001093,LEGITIMATE,0,LOW,NONE,LOW
MPLADS-001094,PAYMENT_PROGRESS_MISMATCH,1,CRITICAL,PROGRESS,URGENT
MPLADS-001095,LEGITIMATE,0,LOW,NONE,LOW
MPLADS-001096,HIGH_VALUE_LEGITIMATE,0,LOW,NONE,LOW
MPLADS-001097,LEGITIMATE,0,LOW,NONE,LOW
MPLADS-001098,LEGITIMATE,0,LOW,NONE,LOW
MPLADS-001099,LEGITIMATE,0,LOW,NONE,LOW
MPLADS-001100,HIGH_VALUE_LEGITIMATE,0,MEDIUM,NONE,LOW
MPLADS-001101,DELAYED_PROJECT,1,MEDIUM,TIMELINE,LOW
MPLADS-001102,LEGITIMATE,0,LOW,NONE,LOW
MPLADS-001103,DELAYED_PROJECT,1,MEDIUM,TIMELINE,LOW
MPLADS-001104,LEGITIMATE,0,LOW,NONE,LOW
MPLADS-001105,LEGITIMATE,0,LOW,NONE,LOW
MPLADS-001106,LEGITIMATE,0,LOW,NONE,LOW
MPLADS-001107,DUPLICATE_PROJECT,1,HIGH,DUPLICATE_PROJECT,HIGH
MPLADS-001108,LEGITIMATE,0,LOW,NONE,LOW
MPLADS-001109,LEGITIMATE,0,LOW,NONE,LOW
MPLADS-001110,LEGITIMATE,0,LOW,NONE,LOW
MPLADS-001111,LEGITIMATE,0,LOW,NONE,LOW
MPLADS-001112,LEGITIMATE,0,LOW,NONE,LOW
MPLADS-001113,LEGITIMATE,0,LOW,NONE,LOW
MPLADS-001114,LEGITIMATE,0,LOW,NONE,LOW
MPLADS-001115,LEGITIMATE,0,LOW,NONE,LOW
MPLADS-001116,LEGITIMATE,0,LOW,NONE,LOW
MPLADS-001117,LEGITIMATE,0,LOW,NONE,LOW
MPLADS-001118,LEGITIMATE,0,LOW,NONE,LOW
MPLADS-001119,LEGITIMATE,0,LOW,NONE,LOW
MPLADS-001120,PAYMENT_PROGRESS_MISMATCH,1,CRITICAL,PROGRESS,URGENT
MPLADS-001121,LEGITIMATE,0,LOW,NONE,LOW
MPLADS-001122,LEGITIMATE,0,LOW,NONE,LOW
MPLADS-001123,LEGITIMATE,0,LOW,NONE,LOW
MPLADS-001124,LEGITIMATE,0,LOW,NONE,LOW
MPLADS-001125,LEGITIMATE,0,LOW,NONE,LOW
MPLADS-001126,HIGH_VALUE_LEGITIMATE,0,LOW,NONE,LOW
MPLADS-001127,LEGITIMATE,0,LOW,NONE,LOW
MPLADS-001128,DOCUMENTATION_ANOMALY,1,HIGH,DOCUMENTATION,HIGH
MPLADS-001129,LEGITIMATE,0,LOW,NONE,LOW
MPLADS-001130,LEGITIMATE,0,LOW,NONE,LOW
MPLADS-001131,LEGITIMATE,0,LOW,NONE,LOW
MPLADS-001132,SUSPICIOUS_CONTRACTOR,1,HIGH,SUSPICIOUS_CONTRACTOR,HIGH
MPLADS-001133,LEGITIMATE,0,LOW,NONE,LOW
MPLADS-001134,LEGITIMATE,0,LOW,NONE,LOW
MPLADS-001135,LEGITIMATE,0,LOW,NONE,LOW
MPLADS-001136,LEGITIMATE,0,LOW,NONE,LOW
MPLADS-001137,LEGITIMATE,0,LOW,NONE,LOW
MPLADS-001138,LEGITIMATE,0,LOW,NONE,LOW
MPLADS-001139,HIGH_VALUE_LEGITIMATE,0,LOW,NONE,LOW
MPLADS-001140,SUSPICIOUS_CONTRACTOR,1,HIGH,SUSPICIOUS_CONTRACTOR,HIGH
MPLADS-001141,LEGITIMATE,0,LOW,NONE,LOW
MPLADS-001142,COST_OVERRUN,1,HIGH,COST,HIGH
MPLADS-001143,LEGITIMATE,0,LOW,NONE,LOW
MPLADS-001144,ABANDONED_PROJECT,1,HIGH,ABANDONED_PROJECT,HIGH
MPLADS-001145,LEGITIMATE,0,LOW,NONE,LOW
MPLADS-001146,LEGITIMATE,0,LOW,NONE,LOW
MPLADS-001147,HIGH_VALUE_LEGITIMATE,0,LOW,NONE,LOW
MPLADS-001148,LEGITIMATE,0,LOW,NONE,LOW
MPLADS-001149,LEGITIMATE,0,LOW,NONE,LOW
MPLADS-001150,LEGITIMATE,0,LOW,NONE,LOW
MPLADS-001151,LEGITIMATE,0,LOW,NONE,LOW
MPLADS-001152,LEGITIMATE,0,LOW,NONE,LOW
MPLADS-001153,LEGITIMATE,0,LOW,NONE,LOW
MPLADS-001154,LEGITIMATE,0,LOW,NONE,LOW
MPLADS-001155,LEGITIMATE,0,LOW,NONE,LOW
MPLADS-001156,LEGITIMATE,0,LOW,NONE,LOW
MPLADS-001157,LEGITIMATE,0,LOW,NONE,LOW
MPLADS-001158,COST_OVERRUN,1,HIGH,COST,HIGH
MPLADS-001159,COST_OVERRUN,1,HIGH,COST,HIGH
MPLADS-001160,LEGITIMATE,0,LOW,NONE,LOW
MPLADS-001161,LEGITIMATE,0,LOW,NONE,LOW
MPLADS-001162,LEGITIMATE,0,LOW,NONE,LOW
MPLADS-001163,LEGITIMATE,0,LOW,NONE,LOW
MPLADS-001164,PAYMENT_PROGRESS_MISMATCH,1,CRITICAL,PROGRESS,URGENT
MPLADS-001165,HIGH_VALUE_LEGITIMATE,0,LOW,NONE,LOW
MPLADS-001166,LEGITIMATE,0,LOW,NONE,LOW
MPLADS-001167,LEGITIMATE,0,LOW,NONE,LOW
MPLADS-001168,PAYMENT_PROGRESS_MISMATCH,1,CRITICAL,PROGRESS,URGENT
MPLADS-001169,LEGITIMATE,0,LOW,NONE,LOW
MPLADS-001170,LEGITIMATE,0,LOW,NONE,LOW
MPLADS-001171,HIGH_VALUE_LEGITIMATE,0,LOW,NONE,LOW
MPLADS-001172,LEGITIMATE,0,LOW,NONE,LOW
MPLADS-001173,HIGH_VALUE_LEGITIMATE,0,LOW,NONE,LOW
MPLADS-001174,DELAYED_PROJECT,1,MEDIUM,TIMELINE,LOW
MPLADS-001175,LEGITIMATE,0,LOW,NONE,LOW
MPLADS-001176,LEGITIMATE,0,LOW,NONE,LOW
MPLADS-001177,SUSPICIOUS_PROCUREMENT,1,HIGH,PROCUREMENT,HIGH
MPLADS-001178,ABANDONED_PROJECT,1,HIGH,ABANDONED_PROJECT,HIGH
MPLADS-001179,LEGITIMATE,0,LOW,NONE,LOW
MPLADS-001180,LEGITIMATE,0,LOW,NONE,LOW
MPLADS-001181,LEGITIMATE,0,LOW,NONE,LOW
MPLADS-001182,LEGITIMATE,0,LOW,NONE,LOW
MPLADS-001183,LEGITIMATE,0,LOW,NONE,LOW
MPLADS-001184,LEGITIMATE,0,LOW,NONE,LOW
MPLADS-001185,LEGITIMATE,0,LOW,NONE,LOW
MPLADS-001186,HIGH_VALUE_LEGITIMATE,0,MEDIUM,NONE,LOW
MPLADS-001187,DUPLICATE_PROJECT,1,HIGH,DUPLICATE_PROJECT,HIGH
MPLADS-001188,LEGITIMATE,0,LOW,NONE,LOW
MPLADS-001189,LEGITIMATE,0,LOW,NONE,LOW
MPLADS-001190,LEGITIMATE,0,LOW,NONE,LOW
MPLADS-001191,LEGITIMATE,0,LOW,NONE,LOW
MPLADS-001192,LEGITIMATE,0,LOW,NONE,LOW
MPLADS-001193,LEGITIMATE,0,LOW,NONE,LOW
MPLADS-001194,PAYMENT_PROGRESS_MISMATCH,1,CRITICAL,PROGRESS,URGENT
MPLADS-001195,HIGH_VALUE_LEGITIMATE,0,MEDIUM,NONE,LOW
MPLADS-001196,LEGITIMATE,0,LOW,NONE,LOW
MPLADS-001197,LEGITIMATE,0,LOW,NONE,LOW
MPLADS-001198,ABANDONED_PROJECT,1,HIGH,ABANDONED_PROJECT,HIGH
MPLADS-001199,HIGH_VALUE_LEGITIMATE,0,LOW,NONE,LOW
MPLADS-001200,HIGH_VALUE_LEGITIMATE,0,LOW,NONE,LOW
MPLADS-001201,LEGITIMATE,0,LOW,NONE,LOW
MPLADS-001202,ABANDONED_PROJECT,1,HIGH,ABANDONED_PROJECT,HIGH
MPLADS-001203,LEGITIMATE,0,LOW,NONE,LOW
MPLADS-001204,LEGITIMATE,0,LOW,NONE,LOW
MPLADS-001205,LEGITIMATE,0,LOW,NONE,LOW
MPLADS-001206,LEGITIMATE,0,LOW,NONE,LOW
MPLADS-001207,GHOST_WORK,1,CRITICAL,GHOST_WORK,URGENT
MPLADS-001208,LEGITIMATE,0,LOW,NONE,LOW
MPLADS-001209,LEGITIMATE,0,LOW,NONE,LOW
MPLADS-001210,HIGH_VALUE_LEGITIMATE,0,LOW,NONE,LOW
MPLADS-001211,COST_OVERRUN,1,HIGH,COST,HIGH
MPLADS-001212,LEGITIMATE,0,LOW,NONE,LOW
MPLADS-001213,LEGITIMATE,0,LOW,NONE,LOW
MPLADS-001214,HIGH_VALUE_LEGITIMATE,0,LOW,NONE,LOW
MPLADS-001215,LEGITIMATE,0,LOW,NONE,LOW
MPLADS-001216,HIGH_VALUE_LEGITIMATE,0,MEDIUM,NONE,LOW
MPLADS-001217,LEGITIMATE,0,LOW,NONE,LOW
MPLADS-001218,HIGH_VALUE_LEGITIMATE,0,MEDIUM,NONE,LOW
MPLADS-001219,SUSPICIOUS_CONTRACTOR,1,HIGH,SUSPICIOUS_CONTRACTOR,HIGH
MPLADS-001220,LEGITIMATE,0,LOW,NONE,LOW
MPLADS-001221,DUPLICATE_PROJECT,1,HIGH,DUPLICATE_PROJECT,HIGH
MPLADS-001222,DUPLICATE_PROJECT,1,HIGH,DUPLICATE_PROJECT,HIGH
MPLADS-001223,SUSPICIOUS_PROCUREMENT,1,HIGH,PROCUREMENT,HIGH
MPLADS-001224,HIGH_VALUE_LEGITIMATE,0,LOW,NONE,LOW
MPLADS-001225,DELAYED_PROJECT,1,MEDIUM,TIMELINE,LOW
MPLADS-001226,LEGITIMATE,0,LOW,NONE,LOW
MPLADS-001227,COST_OVERRUN,1,HIGH,COST,HIGH
MPLADS-001228,LEGITIMATE,0,LOW,NONE,LOW
MPLADS-001229,LEGITIMATE,0,LOW,NONE,LOW
MPLADS-001230,LEGITIMATE,0,LOW,NONE,LOW
MPLADS-001231,LEGITIMATE,0,LOW,NONE,LOW
MPLADS-001232,LEGITIMATE,0,LOW,NONE,LOW
MPLADS-001233,LEGITIMATE,0,LOW,NONE,LOW
MPLADS-001234,LEGITIMATE,0,LOW,NONE,LOW
MPLADS-001235,LEGITIMATE,0,LOW,NONE,LOW
MPLADS-001236,LEGITIMATE,0,LOW,NONE,LOW
MPLADS-001237,LEGITIMATE,0,LOW,NONE,LOW
MPLADS-001238,PAYMENT_PROGRESS_MISMATCH,1,CRITICAL,PROGRESS,URGENT
MPLADS-001239,LEGITIMATE,0,LOW,NONE,LOW
MPLADS-001240,LEGITIMATE,0,LOW,NONE,LOW
MPLADS-001241,HIGH_VALUE_LEGITIMATE,0,MEDIUM,NONE,LOW
MPLADS-001242,LEGITIMATE,0,LOW,NONE,LOW
MPLADS-001243,LEGITIMATE,0,LOW,NONE,LOW
MPLADS-001244,LEGITIMATE,0,LOW,NONE,LOW
MPLADS-001245,LEGITIMATE,0,LOW,NONE,LOW
MPLADS-001246,HIGH_VALUE_LEGITIMATE,0,MEDIUM,NONE,LOW
MPLADS-001247,LEGITIMATE,0,LOW,NONE,LOW
MPLADS-001248,DUPLICATE_PROJECT,1,HIGH,DUPLICATE_PROJECT,HIGH
MPLADS-001249,LEGITIMATE,0,LOW,NONE,LOW
MPLADS-001250,GHOST_WORK,1,CRITICAL,GHOST_WORK,URGENT
MPLADS-001251,PAYMENT_PROGRESS_MISMATCH,1,CRITICAL,PROGRESS,URGENT
MPLADS-001252,LEGITIMATE,0,LOW,NONE,LOW
MPLADS-001253,DELAYED_PROJECT,1,MEDIUM,TIMELINE,LOW
MPLADS-001254,LEGITIMATE,0,LOW,NONE,LOW
MPLADS-001255,LEGITIMATE,0,LOW,NONE,LOW
MPLADS-001256,HIGH_VALUE_LEGITIMATE,0,LOW,NONE,LOW
MPLADS-001257,COST_OVERRUN,1,HIGH,COST,HIGH
MPLADS-001258,HIGH_VALUE_LEGITIMATE,0,LOW,NONE,LOW
MPLADS-001259,LEGITIMATE,0,LOW,NONE,LOW
MPLADS-001260,DOCUMENTATION_ANOMALY,1,HIGH,DOCUMENTATION,HIGH
MPLADS-001261,LEGITIMATE,0,LOW,NONE,LOW
MPLADS-001262,GHOST_WORK,1,CRITICAL,GHOST_WORK,URGENT
MPLADS-001263,LEGITIMATE,0,LOW,NONE,LOW
MPLADS-001264,COST_OVERRUN,1,HIGH,COST,HIGH
MPLADS-001265,LEGITIMATE,0,LOW,NONE,LOW
MPLADS-001266,LEGITIMATE,0,LOW,NONE,LOW
MPLADS-001267,COST_OVERRUN,1,HIGH,COST,HIGH
MPLADS-001268,LEGITIMATE,0,LOW,NONE,LOW
MPLADS-001269,LEGITIMATE,0,LOW,NONE,LOW
MPLADS-001270,ABANDONED_PROJECT,1,HIGH,ABANDONED_PROJECT,HIGH
MPLADS-001271,LEGITIMATE,0,LOW,NONE,LOW
MPLADS-001272,LEGITIMATE,0,LOW,NONE,LOW
MPLADS-001273,HIGH_VALUE_LEGITIMATE,0,LOW,NONE,LOW
MPLADS-001274,LEGITIMATE,0,LOW,NONE,LOW
MPLADS-001275,LEGITIMATE,0,LOW,NONE,LOW
MPLADS-001276,LEGITIMATE,0,LOW,NONE,LOW
MPLADS-001277,LEGITIMATE,0,LOW,NONE,LOW
MPLADS-001278,HIGH_VALUE_LEGITIMATE,0,LOW,NONE,LOW
MPLADS-001279,LEGITIMATE,0,LOW,NONE,LOW
MPLADS-001280,HIGH_VALUE_LEGITIMATE,0,LOW,NONE,LOW
MPLADS-001281,LEGITIMATE,0,LOW,NONE,LOW
MPLADS-001282,LEGITIMATE,0,LOW,NONE,LOW
MPLADS-001283,LEGITIMATE,0,LOW,NONE,LOW
MPLADS-001284,HIGH_VALUE_LEGITIMATE,0,LOW,NONE,LOW
MPLADS-001285,SUSPICIOUS_CONTRACTOR,1,HIGH,SUSPICIOUS_CONTRACTOR,HIGH
MPLADS-001286,HIGH_VALUE_LEGITIMATE,0,LOW,NONE,LOW
MPLADS-001287,LEGITIMATE,0,LOW,NONE,LOW
MPLADS-001288,LEGITIMATE,0,LOW,NONE,LOW
MPLADS-001289,LEGITIMATE,0,LOW,NONE,LOW
MPLADS-001290,ABANDONED_PROJECT,1,HIGH,ABANDONED_PROJECT,HIGH
MPLADS-001291,LEGITIMATE,0,LOW,NONE,LOW
MPLADS-001292,LEGITIMATE,0,LOW,NONE,LOW
MPLADS-001293,COST_OVERRUN,1,HIGH,COST,HIGH
MPLADS-001294,LEGITIMATE,0,LOW,NONE,LOW
MPLADS-001295,HIGH_VALUE_LEGITIMATE,0,LOW,NONE,LOW
MPLADS-001296,LEGITIMATE,0,LOW,NONE,LOW
MPLADS-001297,LEGITIMATE,0,LOW,NONE,LOW
MPLADS-001298,LEGITIMATE,0,LOW,NONE,LOW
MPLADS-001299,LEGITIMATE,0,LOW,NONE,LOW
MPLADS-001300,LEGITIMATE,0,LOW,NONE,LOW
MPLADS-001301,LEGITIMATE,0,LOW,NONE,LOW
MPLADS-001302,LEGITIMATE,0,LOW,NONE,LOW
MPLADS-001303,LEGITIMATE,0,LOW,NONE,LOW
MPLADS-001304,LEGITIMATE,0,LOW,NONE,LOW
MPLADS-001305,HIGH_VALUE_LEGITIMATE,0,LOW,NONE,LOW
MPLADS-001306,LEGITIMATE,0,LOW,NONE,LOW
MPLADS-001307,LEGITIMATE,0,LOW,NONE,LOW
MPLADS-001308,LEGITIMATE,0,LOW,NONE,LOW
MPLADS-001309,ABANDONED_PROJECT,1,HIGH,ABANDONED_PROJECT,HIGH
MPLADS-001310,LEGITIMATE,0,LOW,NONE,LOW
MPLADS-001311,LEGITIMATE,0,LOW,NONE,LOW
MPLADS-001312,LEGITIMATE,0,LOW,NONE,LOW
MPLADS-001313,LEGITIMATE,0,LOW,NONE,LOW
MPLADS-001314,LEGITIMATE,0,LOW,NONE,LOW
MPLADS-001315,LEGITIMATE,0,LOW,NONE,LOW
MPLADS-001316,LEGITIMATE,0,LOW,NONE,LOW
MPLADS-001317,LEGITIMATE,0,LOW,NONE,LOW
MPLADS-001318,LEGITIMATE,0,LOW,NONE,LOW
MPLADS-001319,LEGITIMATE,0,LOW,NONE,LOW
MPLADS-001320,LEGITIMATE,0,LOW,NONE,LOW
MPLADS-001321,LEGITIMATE,0,LOW,NONE,LOW
MPLADS-001322,DUPLICATE_PROJECT,1,HIGH,DUPLICATE_PROJECT,HIGH
MPLADS-001323,LEGITIMATE,0,LOW,NONE,LOW
MPLADS-001324,LEGITIMATE,0,LOW,NONE,LOW
MPLADS-001325,DOCUMENTATION_ANOMALY,1,HIGH,DOCUMENTATION,HIGH
MPLADS-001326,HIGH_VALUE_LEGITIMATE,0,LOW,NONE,LOW
MPLADS-001327,DOCUMENTATION_ANOMALY,1,HIGH,DOCUMENTATION,HIGH
MPLADS-001328,HIGH_VALUE_LEGITIMATE,0,LOW,NONE,LOW
MPLADS-001329,CONTRACTOR_MONOPOLY,1,HIGH,CONTRACTOR,HIGH
MPLADS-001330,LEGITIMATE,0,LOW,NONE,LOW
MPLADS-001331,LEGITIMATE,0,LOW,NONE,LOW
MPLADS-001332,LEGITIMATE,0,LOW,NONE,LOW
MPLADS-001333,LEGITIMATE,0,LOW,NONE,LOW
MPLADS-001334,LEGITIMATE,0,LOW,NONE,LOW
MPLADS-001335,PAYMENT_PROGRESS_MISMATCH,1,CRITICAL,PROGRESS,URGENT
MPLADS-001336,LEGITIMATE,0,LOW,NONE,LOW
MPLADS-001337,LEGITIMATE,0,LOW,NONE,LOW
MPLADS-001338,LEGITIMATE,0,LOW,NONE,LOW
MPLADS-001339,LEGITIMATE,0,LOW,NONE,LOW
MPLADS-001340,LEGITIMATE,0,LOW,NONE,LOW
MPLADS-001341,LEGITIMATE,0,LOW,NONE,LOW
MPLADS-001342,LEGITIMATE,0,LOW,NONE,LOW
MPLADS-001343,LEGITIMATE,0,LOW,NONE,LOW
MPLADS-001344,LEGITIMATE,0,LOW,NONE,LOW
MPLADS-001345,LEGITIMATE,0,LOW,NONE,LOW
MPLADS-001346,SUSPICIOUS_CONTRACTOR,1,HIGH,SUSPICIOUS_CONTRACTOR,HIGH
MPLADS-001347,LEGITIMATE,0,LOW,NONE,LOW
MPLADS-001348,HIGH_VALUE_LEGITIMATE,0,LOW,NONE,LOW
MPLADS-001349,LEGITIMATE,0,LOW,NONE,LOW
MPLADS-001350,HIGH_VALUE_LEGITIMATE,0,MEDIUM,NONE,LOW
MPLADS-001351,HIGH_VALUE_LEGITIMATE,0,LOW,NONE,LOW
MPLADS-001352,SUSPICIOUS_PROCUREMENT,1,HIGH,PROCUREMENT,HIGH
MPLADS-001353,HIGH_VALUE_LEGITIMATE,0,MEDIUM,NONE,LOW
MPLADS-001354,SUSPICIOUS_CONTRACTOR,1,HIGH,SUSPICIOUS_CONTRACTOR,HIGH
MPLADS-001355,SUSPICIOUS_CONTRACTOR,1,HIGH,SUSPICIOUS_CONTRACTOR,HIGH
MPLADS-001356,LEGITIMATE,0,LOW,NONE,LOW
MPLADS-001357,LEGITIMATE,0,LOW,NONE,LOW
MPLADS-001358,DELAYED_PROJECT,1,MEDIUM,TIMELINE,LOW
MPLADS-001359,LEGITIMATE,0,LOW,NONE,LOW
MPLADS-001360,LEGITIMATE,0,LOW,NONE,LOW
MPLADS-001361,LEGITIMATE,0,LOW,NONE,LOW
MPLADS-001362,LEGITIMATE,0,LOW,NONE,LOW
MPLADS-001363,LEGITIMATE,0,LOW,NONE,LOW
MPLADS-001364,LEGITIMATE,0,LOW,NONE,LOW
MPLADS-001365,LEGITIMATE,0,LOW,NONE,LOW
MPLADS-001366,LEGITIMATE,0,LOW,NONE,LOW
MPLADS-001367,LEGITIMATE,0,LOW,NONE,LOW
MPLADS-001368,LEGITIMATE,0,LOW,NONE,LOW
MPLADS-001369,LEGITIMATE,0,LOW,NONE,LOW
MPLADS-001370,LEGITIMATE,0,LOW,NONE,LOW
MPLADS-001371,LEGITIMATE,0,LOW,NONE,LOW
MPLADS-001372,LEGITIMATE,0,LOW,NONE,LOW
MPLADS-001373,LEGITIMATE,0,LOW,NONE,LOW
MPLADS-001374,DUPLICATE_PROJECT,1,HIGH,DUPLICATE_PROJECT,HIGH
MPLADS-001375,LEGITIMATE,0,LOW,NONE,LOW
MPLADS-001376,PAYMENT_PROGRESS_MISMATCH,1,CRITICAL,PROGRESS,URGENT
MPLADS-001377,LEGITIMATE,0,LOW,NONE,LOW
MPLADS-001378,LEGITIMATE,0,LOW,NONE,LOW
MPLADS-001379,LEGITIMATE,0,LOW,NONE,LOW
MPLADS-001380,LEGITIMATE,0,LOW,NONE,LOW
MPLADS-001381,LEGITIMATE,0,LOW,NONE,LOW
MPLADS-001382,LEGITIMATE,0,LOW,NONE,LOW
MPLADS-001383,LEGITIMATE,0,LOW,NONE,LOW
MPLADS-001384,DELAYED_PROJECT,1,MEDIUM,TIMELINE,LOW
MPLADS-001385,HIGH_VALUE_LEGITIMATE,0,MEDIUM,NONE,LOW
MPLADS-001386,LEGITIMATE,0,LOW,NONE,LOW
MPLADS-001387,COST_OVERRUN,1,HIGH,COST,HIGH
MPLADS-001388,LEGITIMATE,0,LOW,NONE,LOW
MPLADS-001389,CONTRACTOR_MONOPOLY,1,HIGH,CONTRACTOR,HIGH
MPLADS-001390,GHOST_WORK,1,CRITICAL,GHOST_WORK,URGENT
MPLADS-001391,LEGITIMATE,0,LOW,NONE,LOW
MPLADS-001392,LEGITIMATE,0,LOW,NONE,LOW
MPLADS-001393,LEGITIMATE,0,LOW,NONE,LOW
MPLADS-001394,LEGITIMATE,0,LOW,NONE,LOW
MPLADS-001395,DUPLICATE_PROJECT,1,HIGH,DUPLICATE_PROJECT,HIGH
MPLADS-001396,LEGITIMATE,0,LOW,NONE,LOW
MPLADS-001397,LEGITIMATE,0,LOW,NONE,LOW
MPLADS-001398,LEGITIMATE,0,LOW,NONE,LOW
MPLADS-001399,LEGITIMATE,0,LOW,NONE,LOW
MPLADS-001400,LEGITIMATE,0,LOW,NONE,LOW
MPLADS-001401,LEGITIMATE,0,LOW,NONE,LOW
MPLADS-001402,LEGITIMATE,0,LOW,NONE,LOW
MPLADS-001403,PAYMENT_PROGRESS_MISMATCH,1,CRITICAL,PROGRESS,URGENT
MPLADS-001404,LEGITIMATE,0,LOW,NONE,LOW
MPLADS-001405,SUSPICIOUS_CONTRACTOR,1,HIGH,SUSPICIOUS_CONTRACTOR,HIGH
MPLADS-001406,DUPLICATE_PROJECT,1,HIGH,DUPLICATE_PROJECT,HIGH
MPLADS-001407,LEGITIMATE,0,LOW,NONE,LOW
MPLADS-001408,LEGITIMATE,0,LOW,NONE,LOW
MPLADS-001409,LEGITIMATE,0,LOW,NONE,LOW
MPLADS-001410,LEGITIMATE,0,LOW,NONE,LOW
MPLADS-001411,LEGITIMATE,0,LOW,NONE,LOW
MPLADS-001412,DELAYED_PROJECT,1,MEDIUM,TIMELINE,LOW
MPLADS-001413,LEGITIMATE,0,LOW,NONE,LOW
MPLADS-001414,LEGITIMATE,0,LOW,NONE,LOW
MPLADS-001415,LEGITIMATE,0,LOW,NONE,LOW
MPLADS-001416,LEGITIMATE,0,LOW,NONE,LOW
MPLADS-001417,LEGITIMATE,0,LOW,NONE,LOW
MPLADS-001418,LEGITIMATE,0,LOW,NONE,LOW
MPLADS-001419,LEGITIMATE,0,LOW,NONE,LOW
MPLADS-001420,LEGITIMATE,0,LOW,NONE,LOW
MPLADS-001421,LEGITIMATE,0,LOW,NONE,LOW
MPLADS-001422,COST_OVERRUN,1,HIGH,COST,HIGH
MPLADS-001423,LEGITIMATE,0,LOW,NONE,LOW
MPLADS-001424,CONTRACTOR_MONOPOLY,1,HIGH,CONTRACTOR,HIGH
MPLADS-001425,LEGITIMATE,0,LOW,NONE,LOW
MPLADS-001426,DELAYED_PROJECT,1,MEDIUM,TIMELINE,LOW
MPLADS-001427,LEGITIMATE,0,LOW,NONE,LOW
MPLADS-001428,LEGITIMATE,0,LOW,NONE,LOW
MPLADS-001429,LEGITIMATE,0,LOW,NONE,LOW
MPLADS-001430,COST_OVERRUN,1,HIGH,COST,HIGH
MPLADS-001431,PAYMENT_PROGRESS_MISMATCH,1,CRITICAL,PROGRESS,URGENT
MPLADS-001432,LEGITIMATE,0,LOW,NONE,LOW
MPLADS-001433,SUSPICIOUS_PROCUREMENT,1,HIGH,PROCUREMENT,HIGH
MPLADS-001434,LEGITIMATE,0,LOW,NONE,LOW
MPLADS-001435,LEGITIMATE,0,LOW,NONE,LOW
MPLADS-001436,LEGITIMATE,0,LOW,NONE,LOW
MPLADS-001437,CONTRACTOR_MONOPOLY,1,HIGH,CONTRACTOR,HIGH
MPLADS-001438,GHOST_WORK,1,CRITICAL,GHOST_WORK,URGENT
MPLADS-001439,LEGITIMATE,0,LOW,NONE,LOW
MPLADS-001440,SUSPICIOUS_CONTRACTOR,1,HIGH,SUSPICIOUS_CONTRACTOR,HIGH
MPLADS-001441,LEGITIMATE,0,LOW,NONE,LOW
MPLADS-001442,LEGITIMATE,0,LOW,NONE,LOW
MPLADS-001443,HIGH_VALUE_LEGITIMATE,0,LOW,NONE,LOW
MPLADS-001444,DELAYED_PROJECT,1,MEDIUM,TIMELINE,LOW
MPLADS-001445,DOCUMENTATION_ANOMALY,1,HIGH,DOCUMENTATION,HIGH
MPLADS-001446,HIGH_VALUE_LEGITIMATE,0,LOW,NONE,LOW
MPLADS-001447,LEGITIMATE,0,LOW,NONE,LOW
MPLADS-001448,HIGH_VALUE_LEGITIMATE,0,MEDIUM,NONE,LOW
MPLADS-001449,LEGITIMATE,0,LOW,NONE,LOW
MPLADS-001450,HIGH_VALUE_LEGITIMATE,0,MEDIUM,NONE,LOW
MPLADS-001451,HIGH_VALUE_LEGITIMATE,0,LOW,NONE,LOW
MPLADS-001452,HIGH_VALUE_LEGITIMATE,0,MEDIUM,NONE,LOW
MPLADS-001453,DUPLICATE_PROJECT,1,HIGH,DUPLICATE_PROJECT,HIGH
MPLADS-001454,ABANDONED_PROJECT,1,HIGH,ABANDONED_PROJECT,HIGH
MPLADS-001455,LEGITIMATE,0,LOW,NONE,LOW
MPLADS-001456,DELAYED_PROJECT,1,MEDIUM,TIMELINE,LOW
MPLADS-001457,LEGITIMATE,0,LOW,NONE,LOW
MPLADS-001458,LEGITIMATE,0,LOW,NONE,LOW
MPLADS-001459,LEGITIMATE,0,LOW,NONE,LOW
MPLADS-001460,LEGITIMATE,0,LOW,NONE,LOW
MPLADS-001461,LEGITIMATE,0,LOW,NONE,LOW
MPLADS-001462,LEGITIMATE,0,LOW,NONE,LOW
MPLADS-001463,HIGH_VALUE_LEGITIMATE,0,MEDIUM,NONE,LOW
MPLADS-001464,HIGH_VALUE_LEGITIMATE,0,MEDIUM,NONE,LOW
MPLADS-001465,PAYMENT_PROGRESS_MISMATCH,1,CRITICAL,PROGRESS,URGENT
MPLADS-001466,GHOST_WORK,1,CRITICAL,GHOST_WORK,URGENT
MPLADS-001467,LEGITIMATE,0,LOW,NONE,LOW
MPLADS-001468,HIGH_VALUE_LEGITIMATE,0,LOW,NONE,LOW
MPLADS-001469,HIGH_VALUE_LEGITIMATE,0,MEDIUM,NONE,LOW
MPLADS-001470,SUSPICIOUS_CONTRACTOR,1,HIGH,SUSPICIOUS_CONTRACTOR,HIGH
MPLADS-001471,LEGITIMATE,0,LOW,NONE,LOW
MPLADS-001472,LEGITIMATE,0,LOW,NONE,LOW
MPLADS-001473,HIGH_VALUE_LEGITIMATE,0,LOW,NONE,LOW
MPLADS-001474,LEGITIMATE,0,LOW,NONE,LOW
MPLADS-001475,LEGITIMATE,0,LOW,NONE,LOW
MPLADS-001476,LEGITIMATE,0,LOW,NONE,LOW
MPLADS-001477,LEGITIMATE,0,LOW,NONE,LOW
MPLADS-001478,LEGITIMATE,0,LOW,NONE,LOW
MPLADS-001479,COST_OVERRUN,1,HIGH,COST,HIGH
MPLADS-001480,HIGH_VALUE_LEGITIMATE,0,MEDIUM,NONE,LOW
MPLADS-001481,ABANDONED_PROJECT,1,HIGH,ABANDONED_PROJECT,HIGH
MPLADS-001482,LEGITIMATE,0,LOW,NONE,LOW
MPLADS-001483,LEGITIMATE,0,LOW,NONE,LOW
MPLADS-001484,LEGITIMATE,0,LOW,NONE,LOW
MPLADS-001485,LEGITIMATE,0,LOW,NONE,LOW
MPLADS-001486,LEGITIMATE,0,LOW,NONE,LOW
MPLADS-001487,LEGITIMATE,0,LOW,NONE,LOW
MPLADS-001488,SUSPICIOUS_PROCUREMENT,1,HIGH,PROCUREMENT,HIGH
MPLADS-001489,LEGITIMATE,0,LOW,NONE,LOW
MPLADS-001490,CONTRACTOR_MONOPOLY,1,HIGH,CONTRACTOR,HIGH
MPLADS-001491,LEGITIMATE,0,LOW,NONE,LOW
MPLADS-001492,LEGITIMATE,0,LOW,NONE,LOW
MPLADS-001493,LEGITIMATE,0,LOW,NONE,LOW
MPLADS-001494,LEGITIMATE,0,LOW,NONE,LOW
MPLADS-001495,LEGITIMATE,0,LOW,NONE,LOW
MPLADS-001496,LEGITIMATE,0,LOW,NONE,LOW
MPLADS-001497,LEGITIMATE,0,LOW,NONE,LOW
MPLADS-001498,LEGITIMATE,0,LOW,NONE,LOW
MPLADS-001499,LEGITIMATE,0,LOW,NONE,LOW
MPLADS-001500,LEGITIMATE,0,LOW,NONE,LOW
MPLADS-001501,ABANDONED_PROJECT,1,HIGH,ABANDONED_PROJECT,HIGH
MPLADS-001502,ABANDONED_PROJECT,1,HIGH,ABANDONED_PROJECT,HIGH
MPLADS-001503,LEGITIMATE,0,LOW,NONE,LOW
MPLADS-001504,LEGITIMATE,0,LOW,NONE,LOW
MPLADS-001505,DUPLICATE_PROJECT,1,HIGH,DUPLICATE_PROJECT,HIGH
MPLADS-001506,LEGITIMATE,0,LOW,NONE,LOW
MPLADS-001507,SUSPICIOUS_PROCUREMENT,1,HIGH,PROCUREMENT,HIGH
MPLADS-001508,LEGITIMATE,0,LOW,NONE,LOW
MPLADS-001509,COST_OVERRUN,1,HIGH,COST,HIGH
MPLADS-001510,LEGITIMATE,0,LOW,NONE,LOW
MPLADS-001511,LEGITIMATE,0,LOW,NONE,LOW
MPLADS-001512,COST_OVERRUN,1,HIGH,COST,HIGH
MPLADS-001513,LEGITIMATE,0,LOW,NONE,LOW
MPLADS-001514,LEGITIMATE,0,LOW,NONE,LOW
MPLADS-001515,LEGITIMATE,0,LOW,NONE,LOW
MPLADS-001516,CONTRACTOR_MONOPOLY,1,HIGH,CONTRACTOR,HIGH
MPLADS-001517,LEGITIMATE,0,LOW,NONE,LOW
MPLADS-001518,LEGITIMATE,0,LOW,NONE,LOW
MPLADS-001519,LEGITIMATE,0,LOW,NONE,LOW
MPLADS-001520,PAYMENT_PROGRESS_MISMATCH,1,CRITICAL,PROGRESS,URGENT
MPLADS-001521,LEGITIMATE,0,LOW,NONE,LOW
MPLADS-001522,LEGITIMATE,0,LOW,NONE,LOW
MPLADS-001523,COST_OVERRUN,1,HIGH,COST,HIGH
MPLADS-001524,CONTRACTOR_MONOPOLY,1,HIGH,CONTRACTOR,HIGH
MPLADS-001525,LEGITIMATE,0,LOW,NONE,LOW
MPLADS-001526,LEGITIMATE,0,LOW,NONE,LOW
MPLADS-001527,HIGH_VALUE_LEGITIMATE,0,MEDIUM,NONE,LOW
MPLADS-001528,LEGITIMATE,0,LOW,NONE,LOW
MPLADS-001529,LEGITIMATE,0,LOW,NONE,LOW
MPLADS-001530,LEGITIMATE,0,LOW,NONE,LOW
MPLADS-001531,LEGITIMATE,0,LOW,NONE,LOW
MPLADS-001532,LEGITIMATE,0,LOW,NONE,LOW
MPLADS-001533,LEGITIMATE,0,LOW,NONE,LOW
MPLADS-001534,PAYMENT_PROGRESS_MISMATCH,1,CRITICAL,PROGRESS,URGENT
MPLADS-001535,LEGITIMATE,0,LOW,NONE,LOW
MPLADS-001536,LEGITIMATE,0,LOW,NONE,LOW
MPLADS-001537,HIGH_VALUE_LEGITIMATE,0,MEDIUM,NONE,LOW
MPLADS-001538,LEGITIMATE,0,LOW,NONE,LOW
MPLADS-001539,DUPLICATE_PROJECT,1,HIGH,DUPLICATE_PROJECT,HIGH
MPLADS-001540,LEGITIMATE,0,LOW,NONE,LOW
MPLADS-001541,HIGH_VALUE_LEGITIMATE,0,LOW,NONE,LOW
MPLADS-001542,LEGITIMATE,0,LOW,NONE,LOW
MPLADS-001543,HIGH_VALUE_LEGITIMATE,0,LOW,NONE,LOW
MPLADS-001544,HIGH_VALUE_LEGITIMATE,0,LOW,NONE,LOW
MPLADS-001545,COST_OVERRUN,1,HIGH,COST,HIGH
MPLADS-001546,LEGITIMATE,0,LOW,NONE,LOW
MPLADS-001547,LEGITIMATE,0,LOW,NONE,LOW
MPLADS-001548,LEGITIMATE,0,LOW,NONE,LOW
MPLADS-001549,LEGITIMATE,0,LOW,NONE,LOW
MPLADS-001550,LEGITIMATE,0,LOW,NONE,LOW
MPLADS-001551,LEGITIMATE,0,LOW,NONE,LOW
MPLADS-001552,HIGH_VALUE_LEGITIMATE,0,MEDIUM,NONE,LOW
MPLADS-001553,LEGITIMATE,0,LOW,NONE,LOW
MPLADS-001554,LEGITIMATE,0,LOW,NONE,LOW
MPLADS-001555,GHOST_WORK,1,CRITICAL,GHOST_WORK,URGENT
MPLADS-001556,LEGITIMATE,0,LOW,NONE,LOW
MPLADS-001557,LEGITIMATE,0,LOW,NONE,LOW
MPLADS-001558,LEGITIMATE,0,LOW,NONE,LOW
MPLADS-001559,LEGITIMATE,0,LOW,NONE,LOW
MPLADS-001560,SUSPICIOUS_PROCUREMENT,1,HIGH,PROCUREMENT,HIGH
MPLADS-001561,DUPLICATE_PROJECT,1,HIGH,DUPLICATE_PROJECT,HIGH
MPLADS-001562,LEGITIMATE,0,LOW,NONE,LOW
MPLADS-001563,LEGITIMATE,0,LOW,NONE,LOW
MPLADS-001564,LEGITIMATE,0,LOW,NONE,LOW
MPLADS-001565,LEGITIMATE,0,LOW,NONE,LOW
MPLADS-001566,LEGITIMATE,0,LOW,NONE,LOW
MPLADS-001567,LEGITIMATE,0,LOW,NONE,LOW
MPLADS-001568,PAYMENT_PROGRESS_MISMATCH,1,CRITICAL,PROGRESS,URGENT
MPLADS-001569,LEGITIMATE,0,LOW,NONE,LOW
MPLADS-001570,SUSPICIOUS_CONTRACTOR,1,HIGH,SUSPICIOUS_CONTRACTOR,HIGH
MPLADS-001571,HIGH_VALUE_LEGITIMATE,0,LOW,NONE,LOW
MPLADS-001572,LEGITIMATE,0,LOW,NONE,LOW
MPLADS-001573,LEGITIMATE,0,LOW,NONE,LOW
MPLADS-001574,LEGITIMATE,0,LOW,NONE,LOW
MPLADS-001575,LEGITIMATE,0,LOW,NONE,LOW
MPLADS-001576,LEGITIMATE,0,LOW,NONE,LOW
MPLADS-001577,PAYMENT_PROGRESS_MISMATCH,1,CRITICAL,PROGRESS,URGENT
MPLADS-001578,SUSPICIOUS_CONTRACTOR,1,HIGH,SUSPICIOUS_CONTRACTOR,HIGH
MPLADS-001579,SUSPICIOUS_PROCUREMENT,1,HIGH,PROCUREMENT,HIGH
MPLADS-001580,LEGITIMATE,0,LOW,NONE,LOW
MPLADS-001581,LEGITIMATE,0,LOW,NONE,LOW
MPLADS-001582,HIGH_VALUE_LEGITIMATE,0,LOW,NONE,LOW
MPLADS-001583,COST_OVERRUN,1,HIGH,COST,HIGH
MPLADS-001584,SUSPICIOUS_CONTRACTOR,1,HIGH,SUSPICIOUS_CONTRACTOR,HIGH
MPLADS-001585,LEGITIMATE,0,LOW,NONE,LOW
MPLADS-001586,DELAYED_PROJECT,1,MEDIUM,TIMELINE,LOW
MPLADS-001587,LEGITIMATE,0,LOW,NONE,LOW
MPLADS-001588,LEGITIMATE,0,LOW,NONE,LOW
MPLADS-001589,LEGITIMATE,0,LOW,NONE,LOW
MPLADS-001590,LEGITIMATE,0,LOW,NONE,LOW
MPLADS-001591,LEGITIMATE,0,LOW,NONE,LOW
MPLADS-001592,HIGH_VALUE_LEGITIMATE,0,MEDIUM,NONE,LOW
MPLADS-001593,PAYMENT_PROGRESS_MISMATCH,1,CRITICAL,PROGRESS,URGENT
MPLADS-001594,DELAYED_PROJECT,1,MEDIUM,TIMELINE,LOW
MPLADS-001595,COST_OVERRUN,1,HIGH,COST,HIGH
MPLADS-001596,HIGH_VALUE_LEGITIMATE,0,MEDIUM,NONE,LOW
MPLADS-001597,LEGITIMATE,0,LOW,NONE,LOW
MPLADS-001598,PAYMENT_PROGRESS_MISMATCH,1,CRITICAL,PROGRESS,URGENT
MPLADS-001599,DELAYED_PROJECT,1,MEDIUM,TIMELINE,LOW
MPLADS-001600,LEGITIMATE,0,LOW,NONE,LOW
MPLADS-001601,PAYMENT_PROGRESS_MISMATCH,1,CRITICAL,PROGRESS,URGENT
MPLADS-001602,LEGITIMATE,0,LOW,NONE,LOW
MPLADS-001603,LEGITIMATE,0,LOW,NONE,LOW
MPLADS-001604,ABANDONED_PROJECT,1,HIGH,ABANDONED_PROJECT,HIGH
MPLADS-001605,COST_OVERRUN,1,HIGH,COST,HIGH
MPLADS-001606,COST_OVERRUN,1,HIGH,COST,HIGH
MPLADS-001607,ABANDONED_PROJECT,1,HIGH,ABANDONED_PROJECT,HIGH
MPLADS-001608,LEGITIMATE,0,LOW,NONE,LOW
MPLADS-001609,LEGITIMATE,0,LOW,NONE,LOW
MPLADS-001610,ABANDONED_PROJECT,1,HIGH,ABANDONED_PROJECT,HIGH
MPLADS-001611,PAYMENT_PROGRESS_MISMATCH,1,CRITICAL,PROGRESS,URGENT
MPLADS-001612,HIGH_VALUE_LEGITIMATE,0,MEDIUM,NONE,LOW
MPLADS-001613,PAYMENT_PROGRESS_MISMATCH,1,CRITICAL,PROGRESS,URGENT
MPLADS-001614,LEGITIMATE,0,LOW,NONE,LOW
MPLADS-001615,HIGH_VALUE_LEGITIMATE,0,LOW,NONE,LOW
MPLADS-001616,LEGITIMATE,0,LOW,NONE,LOW
MPLADS-001617,LEGITIMATE,0,LOW,NONE,LOW
MPLADS-001618,SUSPICIOUS_PROCUREMENT,1,HIGH,PROCUREMENT,HIGH
MPLADS-001619,SUSPICIOUS_CONTRACTOR,1,HIGH,SUSPICIOUS_CONTRACTOR,HIGH
MPLADS-001620,COST_OVERRUN,1,HIGH,COST,HIGH
MPLADS-001621,LEGITIMATE,0,LOW,NONE,LOW
MPLADS-001622,LEGITIMATE,0,LOW,NONE,LOW
MPLADS-001623,LEGITIMATE,0,LOW,NONE,LOW
MPLADS-001624,DOCUMENTATION_ANOMALY,1,HIGH,DOCUMENTATION,HIGH
MPLADS-001625,GHOST_WORK,1,CRITICAL,GHOST_WORK,URGENT
MPLADS-001626,HIGH_VALUE_LEGITIMATE,0,LOW,NONE,LOW
MPLADS-001627,LEGITIMATE,0,LOW,NONE,LOW
MPLADS-001628,LEGITIMATE,0,LOW,NONE,LOW
MPLADS-001629,LEGITIMATE,0,LOW,NONE,LOW
MPLADS-001630,GHOST_WORK,1,CRITICAL,GHOST_WORK,URGENT
MPLADS-001631,LEGITIMATE,0,LOW,NONE,LOW
MPLADS-001632,DOCUMENTATION_ANOMALY,1,HIGH,DOCUMENTATION,HIGH
MPLADS-001633,LEGITIMATE,0,LOW,NONE,LOW
MPLADS-001634,PAYMENT_PROGRESS_MISMATCH,1,CRITICAL,PROGRESS,URGENT
MPLADS-001635,LEGITIMATE,0,LOW,NONE,LOW
MPLADS-001636,LEGITIMATE,0,LOW,NONE,LOW
MPLADS-001637,LEGITIMATE,0,LOW,NONE,LOW
MPLADS-001638,LEGITIMATE,0,LOW,NONE,LOW
MPLADS-001639,LEGITIMATE,0,LOW,NONE,LOW
MPLADS-001640,LEGITIMATE,0,LOW,NONE,LOW
MPLADS-001641,PAYMENT_PROGRESS_MISMATCH,1,CRITICAL,PROGRESS,URGENT
MPLADS-001642,LEGITIMATE,0,LOW,NONE,LOW
MPLADS-001643,CONTRACTOR_MONOPOLY,1,HIGH,CONTRACTOR,HIGH
MPLADS-001644,HIGH_VALUE_LEGITIMATE,0,LOW,NONE,LOW
MPLADS-001645,LEGITIMATE,0,LOW,NONE,LOW
MPLADS-001646,HIGH_VALUE_LEGITIMATE,0,MEDIUM,NONE,LOW
MPLADS-001647,LEGITIMATE,0,LOW,NONE,LOW
MPLADS-001648,LEGITIMATE,0,LOW,NONE,LOW
MPLADS-001649,LEGITIMATE,0,LOW,NONE,LOW
MPLADS-001650,LEGITIMATE,0,LOW,NONE,LOW
MPLADS-001651,LEGITIMATE,0,LOW,NONE,LOW
MPLADS-001652,LEGITIMATE,0,LOW,NONE,LOW
MPLADS-001653,LEGITIMATE,0,LOW,NONE,LOW
MPLADS-001654,LEGITIMATE,0,LOW,NONE,LOW
MPLADS-001655,LEGITIMATE,0,LOW,NONE,LOW
MPLADS-001656,LEGITIMATE,0,LOW,NONE,LOW
MPLADS-001657,PAYMENT_PROGRESS_MISMATCH,1,CRITICAL,PROGRESS,URGENT
MPLADS-001658,LEGITIMATE,0,LOW,NONE,LOW
MPLADS-001659,DOCUMENTATION_ANOMALY,1,HIGH,DOCUMENTATION,HIGH
MPLADS-001660,ABANDONED_PROJECT,1,HIGH,ABANDONED_PROJECT,HIGH
MPLADS-001661,LEGITIMATE,0,LOW,NONE,LOW
MPLADS-001662,LEGITIMATE,0,LOW,NONE,LOW
MPLADS-001663,HIGH_VALUE_LEGITIMATE,0,LOW,NONE,LOW
MPLADS-001664,LEGITIMATE,0,LOW,NONE,LOW
MPLADS-001665,LEGITIMATE,0,LOW,NONE,LOW
MPLADS-001666,LEGITIMATE,0,LOW,NONE,LOW
MPLADS-001667,LEGITIMATE,0,LOW,NONE,LOW
MPLADS-001668,LEGITIMATE,0,LOW,NONE,LOW
MPLADS-001669,LEGITIMATE,0,LOW,NONE,LOW
MPLADS-001670,HIGH_VALUE_LEGITIMATE,0,MEDIUM,NONE,LOW
MPLADS-001671,LEGITIMATE,0,LOW,NONE,LOW
MPLADS-001672,LEGITIMATE,0,LOW,NONE,LOW
MPLADS-001673,LEGITIMATE,0,LOW,NONE,LOW
MPLADS-001674,HIGH_VALUE_LEGITIMATE,0,LOW,NONE,LOW
MPLADS-001675,LEGITIMATE,0,LOW,NONE,LOW
MPLADS-001676,LEGITIMATE,0,LOW,NONE,LOW
MPLADS-001677,HIGH_VALUE_LEGITIMATE,0,MEDIUM,NONE,LOW
MPLADS-001678,HIGH_VALUE_LEGITIMATE,0,MEDIUM,NONE,LOW
MPLADS-001679,LEGITIMATE,0,LOW,NONE,LOW
MPLADS-001680,LEGITIMATE,0,LOW,NONE,LOW
MPLADS-001681,HIGH_VALUE_LEGITIMATE,0,LOW,NONE,LOW
MPLADS-001682,LEGITIMATE,0,LOW,NONE,LOW
MPLADS-001683,LEGITIMATE,0,LOW,NONE,LOW
MPLADS-001684,LEGITIMATE,0,LOW,NONE,LOW
MPLADS-001685,ABANDONED_PROJECT,1,HIGH,ABANDONED_PROJECT,HIGH
MPLADS-001686,LEGITIMATE,0,LOW,NONE,LOW
MPLADS-001687,LEGITIMATE,0,LOW,NONE,LOW
MPLADS-001688,HIGH_VALUE_LEGITIMATE,0,MEDIUM,NONE,LOW
MPLADS-001689,LEGITIMATE,0,LOW,NONE,LOW
MPLADS-001690,LEGITIMATE,0,LOW,NONE,LOW
MPLADS-001691,LEGITIMATE,0,LOW,NONE,LOW
MPLADS-001692,LEGITIMATE,0,LOW,NONE,LOW
MPLADS-001693,LEGITIMATE,0,LOW,NONE,LOW
MPLADS-001694,LEGITIMATE,0,LOW,NONE,LOW
MPLADS-001695,LEGITIMATE,0,LOW,NONE,LOW
MPLADS-001696,SUSPICIOUS_CONTRACTOR,1,HIGH,SUSPICIOUS_CONTRACTOR,HIGH
MPLADS-001697,LEGITIMATE,0,LOW,NONE,LOW
MPLADS-001698,LEGITIMATE,0,LOW,NONE,LOW
MPLADS-001699,LEGITIMATE,0,LOW,NONE,LOW
MPLADS-001700,LEGITIMATE,0,LOW,NONE,LOW
MPLADS-001701,LEGITIMATE,0,LOW,NONE,LOW
MPLADS-001702,LEGITIMATE,0,LOW,NONE,LOW
MPLADS-001703,LEGITIMATE,0,LOW,NONE,LOW
MPLADS-001704,LEGITIMATE,0,LOW,NONE,LOW
MPLADS-001705,HIGH_VALUE_LEGITIMATE,0,MEDIUM,NONE,LOW
MPLADS-001706,DELAYED_PROJECT,1,MEDIUM,TIMELINE,LOW
MPLADS-001707,LEGITIMATE,0,LOW,NONE,LOW
MPLADS-001708,HIGH_VALUE_LEGITIMATE,0,MEDIUM,NONE,LOW
MPLADS-001709,LEGITIMATE,0,LOW,NONE,LOW
MPLADS-001710,LEGITIMATE,0,LOW,NONE,LOW
MPLADS-001711,SUSPICIOUS_CONTRACTOR,1,HIGH,SUSPICIOUS_CONTRACTOR,HIGH
MPLADS-001712,LEGITIMATE,0,LOW,NONE,LOW
MPLADS-001713,LEGITIMATE,0,LOW,NONE,LOW
MPLADS-001714,LEGITIMATE,0,LOW,NONE,LOW
MPLADS-001715,LEGITIMATE,0,LOW,NONE,LOW
MPLADS-001716,COST_OVERRUN,1,HIGH,COST,HIGH
MPLADS-001717,COST_OVERRUN,1,HIGH,COST,HIGH
MPLADS-001718,LEGITIMATE,0,LOW,NONE,LOW
MPLADS-001719,HIGH_VALUE_LEGITIMATE,0,LOW,NONE,LOW
MPLADS-001720,LEGITIMATE,0,LOW,NONE,LOW
MPLADS-001721,SUSPICIOUS_CONTRACTOR,1,HIGH,SUSPICIOUS_CONTRACTOR,HIGH
MPLADS-001722,LEGITIMATE,0,LOW,NONE,LOW
MPLADS-001723,LEGITIMATE,0,LOW,NONE,LOW
MPLADS-001724,DELAYED_PROJECT,1,MEDIUM,TIMELINE,LOW
MPLADS-001725,HIGH_VALUE_LEGITIMATE,0,LOW,NONE,LOW
MPLADS-001726,LEGITIMATE,0,LOW,NONE,LOW
MPLADS-001727,LEGITIMATE,0,LOW,NONE,LOW
MPLADS-001728,DUPLICATE_PROJECT,1,HIGH,DUPLICATE_PROJECT,HIGH
MPLADS-001729,LEGITIMATE,0,LOW,NONE,LOW
MPLADS-001730,LEGITIMATE,0,LOW,NONE,LOW
MPLADS-001731,LEGITIMATE,0,LOW,NONE,LOW
MPLADS-001732,ABANDONED_PROJECT,1,HIGH,ABANDONED_PROJECT,HIGH
MPLADS-001733,LEGITIMATE,0,LOW,NONE,LOW
MPLADS-001734,HIGH_VALUE_LEGITIMATE,0,LOW,NONE,LOW
MPLADS-001735,HIGH_VALUE_LEGITIMATE,0,MEDIUM,NONE,LOW
MPLADS-001736,LEGITIMATE,0,LOW,NONE,LOW
MPLADS-001737,LEGITIMATE,0,LOW,NONE,LOW
MPLADS-001738,LEGITIMATE,0,LOW,NONE,LOW
MPLADS-001739,LEGITIMATE,0,LOW,NONE,LOW
MPLADS-001740,COST_OVERRUN,1,HIGH,COST,HIGH
MPLADS-001741,LEGITIMATE,0,LOW,NONE,LOW
MPLADS-001742,LEGITIMATE,0,LOW,NONE,LOW
MPLADS-001743,LEGITIMATE,0,LOW,NONE,LOW
MPLADS-001744,HIGH_VALUE_LEGITIMATE,0,LOW,NONE,LOW
MPLADS-001745,LEGITIMATE,0,LOW,NONE,LOW
MPLADS-001746,LEGITIMATE,0,LOW,NONE,LOW
MPLADS-001747,LEGITIMATE,0,LOW,NONE,LOW
MPLADS-001748,LEGITIMATE,0,LOW,NONE,LOW
MPLADS-001749,LEGITIMATE,0,LOW,NONE,LOW
MPLADS-001750,LEGITIMATE,0,LOW,NONE,LOW
MPLADS-001751,LEGITIMATE,0,LOW,NONE,LOW
MPLADS-001752,LEGITIMATE,0,LOW,NONE,LOW
MPLADS-001753,LEGITIMATE,0,LOW,NONE,LOW
MPLADS-001754,HIGH_VALUE_LEGITIMATE,0,LOW,NONE,LOW
MPLADS-001755,CONTRACTOR_MONOPOLY,1,HIGH,CONTRACTOR,HIGH
MPLADS-001756,HIGH_VALUE_LEGITIMATE,0,MEDIUM,NONE,LOW
MPLADS-001757,LEGITIMATE,0,LOW,NONE,LOW
MPLADS-001758,LEGITIMATE,0,LOW,NONE,LOW
MPLADS-001759,CONTRACTOR_MONOPOLY,1,HIGH,CONTRACTOR,HIGH
MPLADS-001760,LEGITIMATE,0,LOW,NONE,LOW
MPLADS-001761,LEGITIMATE,0,LOW,NONE,LOW
MPLADS-001762,LEGITIMATE,0,LOW,NONE,LOW
MPLADS-001763,DELAYED_PROJECT,1,MEDIUM,TIMELINE,LOW
MPLADS-001764,LEGITIMATE,0,LOW,NONE,LOW
MPLADS-001765,LEGITIMATE,0,LOW,NONE,LOW
MPLADS-001766,LEGITIMATE,0,LOW,NONE,LOW
MPLADS-001767,LEGITIMATE,0,LOW,NONE,LOW
MPLADS-001768,LEGITIMATE,0,LOW,NONE,LOW
MPLADS-001769,LEGITIMATE,0,LOW,NONE,LOW
MPLADS-001770,LEGITIMATE,0,LOW,NONE,LOW
MPLADS-001771,LEGITIMATE,0,LOW,NONE,LOW
MPLADS-001772,COST_OVERRUN,1,HIGH,COST,HIGH
MPLADS-001773,CONTRACTOR_MONOPOLY,1,HIGH,CONTRACTOR,HIGH
MPLADS-001774,LEGITIMATE,0,LOW,NONE,LOW
MPLADS-001775,LEGITIMATE,0,LOW,NONE,LOW
MPLADS-001776,LEGITIMATE,0,LOW,NONE,LOW
MPLADS-001777,LEGITIMATE,0,LOW,NONE,LOW
MPLADS-001778,PAYMENT_PROGRESS_MISMATCH,1,CRITICAL,PROGRESS,URGENT
MPLADS-001779,SUSPICIOUS_PROCUREMENT,1,HIGH,PROCUREMENT,HIGH
MPLADS-001780,LEGITIMATE,0,LOW,NONE,LOW
MPLADS-001781,LEGITIMATE,0,LOW,NONE,LOW
MPLADS-001782,CONTRACTOR_MONOPOLY,1,HIGH,CONTRACTOR,HIGH
MPLADS-001783,HIGH_VALUE_LEGITIMATE,0,MEDIUM,NONE,LOW
MPLADS-001784,LEGITIMATE,0,LOW,NONE,LOW
MPLADS-001785,LEGITIMATE,0,LOW,NONE,LOW
MPLADS-001786,LEGITIMATE,0,LOW,NONE,LOW
MPLADS-001787,LEGITIMATE,0,LOW,NONE,LOW
MPLADS-001788,HIGH_VALUE_LEGITIMATE,0,LOW,NONE,LOW
MPLADS-001789,HIGH_VALUE_LEGITIMATE,0,MEDIUM,NONE,LOW
MPLADS-001790,LEGITIMATE,0,LOW,NONE,LOW
MPLADS-001791,LEGITIMATE,0,LOW,NONE,LOW
MPLADS-001792,LEGITIMATE,0,LOW,NONE,LOW
MPLADS-001793,DELAYED_PROJECT,1,MEDIUM,TIMELINE,LOW
MPLADS-001794,LEGITIMATE,0,LOW,NONE,LOW
MPLADS-001795,LEGITIMATE,0,LOW,NONE,LOW
MPLADS-001796,LEGITIMATE,0,LOW,NONE,LOW
MPLADS-001797,LEGITIMATE,0,LOW,NONE,LOW
MPLADS-001798,LEGITIMATE,0,LOW,NONE,LOW
MPLADS-001799,LEGITIMATE,0,LOW,NONE,LOW
MPLADS-001800,HIGH_VALUE_LEGITIMATE,0,MEDIUM,NONE,LOW
MPLADS-001801,LEGITIMATE,0,LOW,NONE,LOW
MPLADS-001802,CONTRACTOR_MONOPOLY,1,HIGH,CONTRACTOR,HIGH
MPLADS-001803,LEGITIMATE,0,LOW,NONE,LOW
MPLADS-001804,HIGH_VALUE_LEGITIMATE,0,MEDIUM,NONE,LOW
MPLADS-001805,DOCUMENTATION_ANOMALY,1,HIGH,DOCUMENTATION,HIGH
MPLADS-001806,LEGITIMATE,0,LOW,NONE,LOW
MPLADS-001807,LEGITIMATE,0,LOW,NONE,LOW
MPLADS-001808,LEGITIMATE,0,LOW,NONE,LOW
MPLADS-001809,HIGH_VALUE_LEGITIMATE,0,MEDIUM,NONE,LOW
MPLADS-001810,LEGITIMATE,0,LOW,NONE,LOW
MPLADS-001811,DUPLICATE_PROJECT,1,HIGH,DUPLICATE_PROJECT,HIGH
MPLADS-001812,LEGITIMATE,0,LOW,NONE,LOW
MPLADS-001813,LEGITIMATE,0,LOW,NONE,LOW
MPLADS-001814,DELAYED_PROJECT,1,MEDIUM,TIMELINE,LOW
MPLADS-001815,LEGITIMATE,0,LOW,NONE,LOW
MPLADS-001816,LEGITIMATE,0,LOW,NONE,LOW
MPLADS-001817,LEGITIMATE,0,LOW,NONE,LOW
MPLADS-001818,LEGITIMATE,0,LOW,NONE,LOW
MPLADS-001819,LEGITIMATE,0,LOW,NONE,LOW
MPLADS-001820,LEGITIMATE,0,LOW,NONE,LOW
MPLADS-001821,LEGITIMATE,0,LOW,NONE,LOW
MPLADS-001822,LEGITIMATE,0,LOW,NONE,LOW
MPLADS-001823,LEGITIMATE,0,LOW,NONE,LOW
MPLADS-001824,LEGITIMATE,0,LOW,NONE,LOW
MPLADS-001825,HIGH_VALUE_LEGITIMATE,0,LOW,NONE,LOW
MPLADS-001826,PAYMENT_PROGRESS_MISMATCH,1,CRITICAL,PROGRESS,URGENT
MPLADS-001827,LEGITIMATE,0,LOW,NONE,LOW
MPLADS-001828,LEGITIMATE,0,LOW,NONE,LOW
MPLADS-001829,LEGITIMATE,0,LOW,NONE,LOW
MPLADS-001830,DELAYED_PROJECT,1,MEDIUM,TIMELINE,LOW
MPLADS-001831,LEGITIMATE,0,LOW,NONE,LOW
MPLADS-001832,HIGH_VALUE_LEGITIMATE,0,LOW,NONE,LOW
MPLADS-001833,COST_OVERRUN,1,HIGH,COST,HIGH
MPLADS-001834,LEGITIMATE,0,LOW,NONE,LOW
MPLADS-001835,LEGITIMATE,0,LOW,NONE,LOW
MPLADS-001836,LEGITIMATE,0,LOW,NONE,LOW
MPLADS-001837,SUSPICIOUS_CONTRACTOR,1,HIGH,SUSPICIOUS_CONTRACTOR,HIGH
MPLADS-001838,LEGITIMATE,0,LOW,NONE,LOW
MPLADS-001839,HIGH_VALUE_LEGITIMATE,0,LOW,NONE,LOW
MPLADS-001840,LEGITIMATE,0,LOW,NONE,LOW
MPLADS-001841,COST_OVERRUN,1,HIGH,COST,HIGH
MPLADS-001842,LEGITIMATE,0,LOW,NONE,LOW
MPLADS-001843,LEGITIMATE,0,LOW,NONE,LOW
MPLADS-001844,DUPLICATE_PROJECT,1,HIGH,DUPLICATE_PROJECT,HIGH
MPLADS-001845,LEGITIMATE,0,LOW,NONE,LOW
MPLADS-001846,SUSPICIOUS_CONTRACTOR,1,HIGH,SUSPICIOUS_CONTRACTOR,HIGH
MPLADS-001847,SUSPICIOUS_CONTRACTOR,1,HIGH,SUSPICIOUS_CONTRACTOR,HIGH
MPLADS-001848,LEGITIMATE,0,LOW,NONE,LOW
MPLADS-001849,PAYMENT_PROGRESS_MISMATCH,1,CRITICAL,PROGRESS,URGENT
MPLADS-001850,LEGITIMATE,0,LOW,NONE,LOW
MPLADS-001851,LEGITIMATE,0,LOW,NONE,LOW
MPLADS-001852,CONTRACTOR_MONOPOLY,1,HIGH,CONTRACTOR,HIGH
MPLADS-001853,LEGITIMATE,0,LOW,NONE,LOW
MPLADS-001854,HIGH_VALUE_LEGITIMATE,0,MEDIUM,NONE,LOW
MPLADS-001855,SUSPICIOUS_CONTRACTOR,1,HIGH,SUSPICIOUS_CONTRACTOR,HIGH
MPLADS-001856,LEGITIMATE,0,LOW,NONE,LOW
MPLADS-001857,LEGITIMATE,0,LOW,NONE,LOW
MPLADS-001858,COST_OVERRUN,1,HIGH,COST,HIGH
MPLADS-001859,LEGITIMATE,0,LOW,NONE,LOW
MPLADS-001860,LEGITIMATE,0,LOW,NONE,LOW
MPLADS-001861,DOCUMENTATION_ANOMALY,1,HIGH,DOCUMENTATION,HIGH
MPLADS-001862,LEGITIMATE,0,LOW,NONE,LOW
MPLADS-001863,LEGITIMATE,0,LOW,NONE,LOW
MPLADS-001864,HIGH_VALUE_LEGITIMATE,0,LOW,NONE,LOW
MPLADS-001865,LEGITIMATE,0,LOW,NONE,LOW
MPLADS-001866,HIGH_VALUE_LEGITIMATE,0,MEDIUM,NONE,LOW
MPLADS-001867,LEGITIMATE,0,LOW,NONE,LOW
MPLADS-001868,DELAYED_PROJECT,1,MEDIUM,TIMELINE,LOW
MPLADS-001869,LEGITIMATE,0,LOW,NONE,LOW
MPLADS-001870,PAYMENT_PROGRESS_MISMATCH,1,CRITICAL,PROGRESS,URGENT
MPLADS-001871,ABANDONED_PROJECT,1,HIGH,ABANDONED_PROJECT,HIGH
MPLADS-001872,LEGITIMATE,0,LOW,NONE,LOW
MPLADS-001873,LEGITIMATE,0,LOW,NONE,LOW
MPLADS-001874,LEGITIMATE,0,LOW,NONE,LOW
MPLADS-001875,LEGITIMATE,0,LOW,NONE,LOW
MPLADS-001876,DUPLICATE_PROJECT,1,HIGH,DUPLICATE_PROJECT,HIGH
MPLADS-001877,LEGITIMATE,0,LOW,NONE,LOW
MPLADS-001878,LEGITIMATE,0,LOW,NONE,LOW
MPLADS-001879,LEGITIMATE,0,LOW,NONE,LOW
MPLADS-001880,HIGH_VALUE_LEGITIMATE,0,LOW,NONE,LOW
MPLADS-001881,LEGITIMATE,0,LOW,NONE,LOW
MPLADS-001882,LEGITIMATE,0,LOW,NONE,LOW
MPLADS-001883,ABANDONED_PROJECT,1,HIGH,ABANDONED_PROJECT,HIGH
MPLADS-001884,LEGITIMATE,0,LOW,NONE,LOW
MPLADS-001885,HIGH_VALUE_LEGITIMATE,0,MEDIUM,NONE,LOW
MPLADS-001886,LEGITIMATE,0,LOW,NONE,LOW
MPLADS-001887,LEGITIMATE,0,LOW,NONE,LOW
MPLADS-001888,LEGITIMATE,0,LOW,NONE,LOW
MPLADS-001889,LEGITIMATE,0,LOW,NONE,LOW
MPLADS-001890,LEGITIMATE,0,LOW,NONE,LOW
MPLADS-001891,LEGITIMATE,0,LOW,NONE,LOW
MPLADS-001892,LEGITIMATE,0,LOW,NONE,LOW
MPLADS-001893,SUSPICIOUS_CONTRACTOR,1,HIGH,SUSPICIOUS_CONTRACTOR,HIGH
MPLADS-001894,ABANDONED_PROJECT,1,HIGH,ABANDONED_PROJECT,HIGH
MPLADS-001895,LEGITIMATE,0,LOW,NONE,LOW
MPLADS-001896,LEGITIMATE,0,LOW,NONE,LOW
MPLADS-001897,LEGITIMATE,0,LOW,NONE,LOW
MPLADS-001898,LEGITIMATE,0,LOW,NONE,LOW
MPLADS-001899,LEGITIMATE,0,LOW,NONE,LOW
MPLADS-001900,LEGITIMATE,0,LOW,NONE,LOW
MPLADS-001901,LEGITIMATE,0,LOW,NONE,LOW
MPLADS-001902,HIGH_VALUE_LEGITIMATE,0,LOW,NONE,LOW
MPLADS-001903,DOCUMENTATION_ANOMALY,1,HIGH,DOCUMENTATION,HIGH
MPLADS-001904,LEGITIMATE,0,LOW,NONE,LOW
MPLADS-001905,LEGITIMATE,0,LOW,NONE,LOW
MPLADS-001906,ABANDONED_PROJECT,1,HIGH,ABANDONED_PROJECT,HIGH
MPLADS-001907,HIGH_VALUE_LEGITIMATE,0,LOW,NONE,LOW
MPLADS-001908,LEGITIMATE,0,LOW,NONE,LOW
MPLADS-001909,LEGITIMATE,0,LOW,NONE,LOW
MPLADS-001910,LEGITIMATE,0,LOW,NONE,LOW
MPLADS-001911,LEGITIMATE,0,LOW,NONE,LOW
MPLADS-001912,LEGITIMATE,0,LOW,NONE,LOW
MPLADS-001913,LEGITIMATE,0,LOW,NONE,LOW
MPLADS-001914,LEGITIMATE,0,LOW,NONE,LOW
MPLADS-001915,LEGITIMATE,0,LOW,NONE,LOW
MPLADS-001916,HIGH_VALUE_LEGITIMATE,0,LOW,NONE,LOW
MPLADS-001917,LEGITIMATE,0,LOW,NONE,LOW
MPLADS-001918,LEGITIMATE,0,LOW,NONE,LOW
MPLADS-001919,HIGH_VALUE_LEGITIMATE,0,LOW,NONE,LOW
MPLADS-001920,HIGH_VALUE_LEGITIMATE,0,LOW,NONE,LOW
MPLADS-001921,LEGITIMATE,0,LOW,NONE,LOW
MPLADS-001922,SUSPICIOUS_CONTRACTOR,1,HIGH,SUSPICIOUS_CONTRACTOR,HIGH
MPLADS-001923,LEGITIMATE,0,LOW,NONE,LOW
MPLADS-001924,LEGITIMATE,0,LOW,NONE,LOW
MPLADS-001925,LEGITIMATE,0,LOW,NONE,LOW
MPLADS-001926,SUSPICIOUS_CONTRACTOR,1,HIGH,SUSPICIOUS_CONTRACTOR,HIGH
MPLADS-001927,HIGH_VALUE_LEGITIMATE,0,MEDIUM,NONE,LOW
MPLADS-001928,LEGITIMATE,0,LOW,NONE,LOW
MPLADS-001929,LEGITIMATE,0,LOW,NONE,LOW
MPLADS-001930,LEGITIMATE,0,LOW,NONE,LOW
MPLADS-001931,HIGH_VALUE_LEGITIMATE,0,MEDIUM,NONE,LOW
MPLADS-001932,DUPLICATE_PROJECT,1,HIGH,DUPLICATE_PROJECT,HIGH
MPLADS-001933,LEGITIMATE,0,LOW,NONE,LOW
MPLADS-001934,HIGH_VALUE_LEGITIMATE,0,LOW,NONE,LOW
MPLADS-001935,HIGH_VALUE_LEGITIMATE,0,LOW,NONE,LOW
MPLADS-001936,DELAYED_PROJECT,1,MEDIUM,TIMELINE,LOW
MPLADS-001937,PAYMENT_PROGRESS_MISMATCH,1,CRITICAL,PROGRESS,URGENT
MPLADS-001938,LEGITIMATE,0,LOW,NONE,LOW
MPLADS-001939,LEGITIMATE,0,LOW,NONE,LOW
MPLADS-001940,LEGITIMATE,0,LOW,NONE,LOW
MPLADS-001941,LEGITIMATE,0,LOW,NONE,LOW
MPLADS-001942,LEGITIMATE,0,LOW,NONE,LOW
MPLADS-001943,HIGH_VALUE_LEGITIMATE,0,MEDIUM,NONE,LOW
MPLADS-001944,LEGITIMATE,0,LOW,NONE,LOW
MPLADS-001945,LEGITIMATE,0,LOW,NONE,LOW
MPLADS-001946,HIGH_VALUE_LEGITIMATE,0,LOW,NONE,LOW
MPLADS-001947,DELAYED_PROJECT,1,MEDIUM,TIMELINE,LOW
MPLADS-001948,HIGH_VALUE_LEGITIMATE,0,MEDIUM,NONE,LOW
MPLADS-001949,LEGITIMATE,0,LOW,NONE,LOW
MPLADS-001950,LEGITIMATE,0,LOW,NONE,LOW
MPLADS-001951,LEGITIMATE,0,LOW,NONE,LOW
MPLADS-001952,DUPLICATE_PROJECT,1,HIGH,DUPLICATE_PROJECT,HIGH
MPLADS-001953,LEGITIMATE,0,LOW,NONE,LOW
MPLADS-001954,LEGITIMATE,0,LOW,NONE,LOW
MPLADS-001955,LEGITIMATE,0,LOW,NONE,LOW
MPLADS-001956,LEGITIMATE,0,LOW,NONE,LOW
MPLADS-001957,DUPLICATE_PROJECT,1,HIGH,DUPLICATE_PROJECT,HIGH
MPLADS-001958,LEGITIMATE,0,LOW,NONE,LOW
MPLADS-001959,LEGITIMATE,0,LOW,NONE,LOW
MPLADS-001960,COST_OVERRUN,1,HIGH,COST,HIGH
MPLADS-001961,LEGITIMATE,0,LOW,NONE,LOW
MPLADS-001962,LEGITIMATE,0,LOW,NONE,LOW
MPLADS-001963,LEGITIMATE,0,LOW,NONE,LOW
MPLADS-001964,LEGITIMATE,0,LOW,NONE,LOW
MPLADS-001965,LEGITIMATE,0,LOW,NONE,LOW
MPLADS-001966,LEGITIMATE,0,LOW,NONE,LOW
MPLADS-001967,HIGH_VALUE_LEGITIMATE,0,LOW,NONE,LOW
MPLADS-001968,LEGITIMATE,0,LOW,NONE,LOW
MPLADS-001969,HIGH_VALUE_LEGITIMATE,0,LOW,NONE,LOW
MPLADS-001970,COST_OVERRUN,1,HIGH,COST,HIGH
MPLADS-001971,LEGITIMATE,0,LOW,NONE,LOW
MPLADS-001972,LEGITIMATE,0,LOW,NONE,LOW
MPLADS-001973,LEGITIMATE,0,LOW,NONE,LOW
MPLADS-001974,LEGITIMATE,0,LOW,NONE,LOW
MPLADS-001975,LEGITIMATE,0,LOW,NONE,LOW
MPLADS-001976,LEGITIMATE,0,LOW,NONE,LOW
MPLADS-001977,LEGITIMATE,0,LOW,NONE,LOW
MPLADS-001978,GHOST_WORK,1,CRITICAL,GHOST_WORK,URGENT
MPLADS-001979,HIGH_VALUE_LEGITIMATE,0,MEDIUM,NONE,LOW
MPLADS-001980,LEGITIMATE,0,LOW,NONE,LOW
MPLADS-001981,LEGITIMATE,0,LOW,NONE,LOW
MPLADS-001982,PAYMENT_PROGRESS_MISMATCH,1,CRITICAL,PROGRESS,URGENT
MPLADS-001983,SUSPICIOUS_CONTRACTOR,1,HIGH,SUSPICIOUS_CONTRACTOR,HIGH
MPLADS-001984,HIGH_VALUE_LEGITIMATE,0,MEDIUM,NONE,LOW
MPLADS-001985,COST_OVERRUN,1,HIGH,COST,HIGH
MPLADS-001986,HIGH_VALUE_LEGITIMATE,0,MEDIUM,NONE,LOW
MPLADS-001987,LEGITIMATE,0,LOW,NONE,LOW
MPLADS-001988,LEGITIMATE,0,LOW,NONE,LOW
MPLADS-001989,HIGH_VALUE_LEGITIMATE,0,MEDIUM,NONE,LOW
MPLADS-001990,LEGITIMATE,0,LOW,NONE,LOW
MPLADS-001991,HIGH_VALUE_LEGITIMATE,0,MEDIUM,NONE,LOW
MPLADS-001992,LEGITIMATE,0,LOW,NONE,LOW
MPLADS-001993,LEGITIMATE,0,LOW,NONE,LOW
MPLADS-001994,DUPLICATE_PROJECT,1,HIGH,DUPLICATE_PROJECT,HIGH
MPLADS-001995,LEGITIMATE,0,LOW,NONE,LOW
MPLADS-001996,LEGITIMATE,0,LOW,NONE,LOW
MPLADS-001997,LEGITIMATE,0,LOW,NONE,LOW
MPLADS-001998,LEGITIMATE,0,LOW,NONE,LOW
MPLADS-001999,HIGH_VALUE_LEGITIMATE,0,LOW,NONE,LOW
MPLADS-002000,LEGITIMATE,0,LOW,NONE,LOW
MPLADS-002001,LEGITIMATE,0,LOW,NONE,LOW
MPLADS-002002,LEGITIMATE,0,LOW,NONE,LOW
MPLADS-002003,HIGH_VALUE_LEGITIMATE,0,MEDIUM,NONE,LOW
MPLADS-002004,DOCUMENTATION_ANOMALY,1,HIGH,DOCUMENTATION,HIGH
MPLADS-002005,LEGITIMATE,0,LOW,NONE,LOW
MPLADS-002006,LEGITIMATE,0,LOW,NONE,LOW
MPLADS-002007,LEGITIMATE,0,LOW,NONE,LOW
MPLADS-002008,PAYMENT_PROGRESS_MISMATCH,1,CRITICAL,PROGRESS,URGENT
MPLADS-002009,PAYMENT_PROGRESS_MISMATCH,1,CRITICAL,PROGRESS,URGENT
MPLADS-002010,LEGITIMATE,0,LOW,NONE,LOW
MPLADS-002011,LEGITIMATE,0,LOW,NONE,LOW
MPLADS-002012,HIGH_VALUE_LEGITIMATE,0,LOW,NONE,LOW
MPLADS-002013,ABANDONED_PROJECT,1,HIGH,ABANDONED_PROJECT,HIGH
MPLADS-002014,LEGITIMATE,0,LOW,NONE,LOW
MPLADS-002015,LEGITIMATE,0,LOW,NONE,LOW
MPLADS-002016,LEGITIMATE,0,LOW,NONE,LOW
MPLADS-002017,COST_OVERRUN,1,HIGH,COST,HIGH
MPLADS-002018,LEGITIMATE,0,LOW,NONE,LOW
MPLADS-002019,DELAYED_PROJECT,1,MEDIUM,TIMELINE,LOW
MPLADS-002020,LEGITIMATE,0,LOW,NONE,LOW
MPLADS-002021,LEGITIMATE,0,LOW,NONE,LOW
MPLADS-002022,LEGITIMATE,0,LOW,NONE,LOW
MPLADS-002023,ABANDONED_PROJECT,1,HIGH,ABANDONED_PROJECT,HIGH
MPLADS-002024,LEGITIMATE,0,LOW,NONE,LOW
MPLADS-002025,PAYMENT_PROGRESS_MISMATCH,1,CRITICAL,PROGRESS,URGENT
MPLADS-002026,LEGITIMATE,0,LOW,NONE,LOW
MPLADS-002027,LEGITIMATE,0,LOW,NONE,LOW
MPLADS-002028,LEGITIMATE,0,LOW,NONE,LOW
MPLADS-002029,LEGITIMATE,0,LOW,NONE,LOW
MPLADS-002030,SUSPICIOUS_PROCUREMENT,1,HIGH,PROCUREMENT,HIGH
MPLADS-002031,DELAYED_PROJECT,1,MEDIUM,TIMELINE,LOW
MPLADS-002032,DUPLICATE_PROJECT,1,HIGH,DUPLICATE_PROJECT,HIGH
MPLADS-002033,HIGH_VALUE_LEGITIMATE,0,LOW,NONE,LOW
MPLADS-002034,LEGITIMATE,0,LOW,NONE,LOW
MPLADS-002035,LEGITIMATE,0,LOW,NONE,LOW
MPLADS-002036,LEGITIMATE,0,LOW,NONE,LOW
MPLADS-002037,LEGITIMATE,0,LOW,NONE,LOW
MPLADS-002038,LEGITIMATE,0,LOW,NONE,LOW
MPLADS-002039,LEGITIMATE,0,LOW,NONE,LOW
MPLADS-002040,LEGITIMATE,0,LOW,NONE,LOW
MPLADS-002041,LEGITIMATE,0,LOW,NONE,LOW
MPLADS-002042,LEGITIMATE,0,LOW,NONE,LOW
MPLADS-002043,LEGITIMATE,0,LOW,NONE,LOW
MPLADS-002044,LEGITIMATE,0,LOW,NONE,LOW
MPLADS-002045,LEGITIMATE,0,LOW,NONE,LOW
MPLADS-002046,LEGITIMATE,0,LOW,NONE,LOW
MPLADS-002047,LEGITIMATE,0,LOW,NONE,LOW
MPLADS-002048,HIGH_VALUE_LEGITIMATE,0,LOW,NONE,LOW
MPLADS-002049,LEGITIMATE,0,LOW,NONE,LOW
MPLADS-002050,LEGITIMATE,0,LOW,NONE,LOW
MPLADS-002051,LEGITIMATE,0,LOW,NONE,LOW
MPLADS-002052,LEGITIMATE,0,LOW,NONE,LOW
MPLADS-002053,LEGITIMATE,0,LOW,NONE,LOW
MPLADS-002054,LEGITIMATE,0,LOW,NONE,LOW
MPLADS-002055,DELAYED_PROJECT,1,MEDIUM,TIMELINE,LOW
MPLADS-002056,COST_OVERRUN,1,HIGH,COST,HIGH
MPLADS-002057,PAYMENT_PROGRESS_MISMATCH,1,CRITICAL,PROGRESS,URGENT
MPLADS-002058,DUPLICATE_PROJECT,1,HIGH,DUPLICATE_PROJECT,HIGH
MPLADS-002059,LEGITIMATE,0,LOW,NONE,LOW
MPLADS-002060,HIGH_VALUE_LEGITIMATE,0,MEDIUM,NONE,LOW
MPLADS-002061,LEGITIMATE,0,LOW,NONE,LOW
MPLADS-002062,LEGITIMATE,0,LOW,NONE,LOW
MPLADS-002063,LEGITIMATE,0,LOW,NONE,LOW
MPLADS-002064,PAYMENT_PROGRESS_MISMATCH,1,CRITICAL,PROGRESS,URGENT
MPLADS-002065,LEGITIMATE,0,LOW,NONE,LOW
MPLADS-002066,LEGITIMATE,0,LOW,NONE,LOW
MPLADS-002067,LEGITIMATE,0,LOW,NONE,LOW
MPLADS-002068,LEGITIMATE,0,LOW,NONE,LOW
MPLADS-002069,LEGITIMATE,0,LOW,NONE,LOW
MPLADS-002070,LEGITIMATE,0,LOW,NONE,LOW
MPLADS-002071,LEGITIMATE,0,LOW,NONE,LOW
MPLADS-002072,GHOST_WORK,1,CRITICAL,GHOST_WORK,URGENT
MPLADS-002073,ABANDONED_PROJECT,1,HIGH,ABANDONED_PROJECT,HIGH
MPLADS-002074,LEGITIMATE,0,LOW,NONE,LOW
MPLADS-002075,LEGITIMATE,0,LOW,NONE,LOW
MPLADS-002076,LEGITIMATE,0,LOW,NONE,LOW
MPLADS-002077,LEGITIMATE,0,LOW,NONE,LOW
MPLADS-002078,LEGITIMATE,0,LOW,NONE,LOW
MPLADS-002079,LEGITIMATE,0,LOW,NONE,LOW
MPLADS-002080,LEGITIMATE,0,LOW,NONE,LOW
MPLADS-002081,HIGH_VALUE_LEGITIMATE,0,MEDIUM,NONE,LOW
MPLADS-002082,LEGITIMATE,0,LOW,NONE,LOW
MPLADS-002083,LEGITIMATE,0,LOW,NONE,LOW
MPLADS-002084,LEGITIMATE,0,LOW,NONE,LOW
MPLADS-002085,PAYMENT_PROGRESS_MISMATCH,1,CRITICAL,PROGRESS,URGENT
MPLADS-002086,LEGITIMATE,0,LOW,NONE,LOW
MPLADS-002087,HIGH_VALUE_LEGITIMATE,0,MEDIUM,NONE,LOW
MPLADS-002088,PAYMENT_PROGRESS_MISMATCH,1,CRITICAL,PROGRESS,URGENT
MPLADS-002089,COST_OVERRUN,1,HIGH,COST,HIGH
MPLADS-002090,GHOST_WORK,1,CRITICAL,GHOST_WORK,URGENT
MPLADS-002091,PAYMENT_PROGRESS_MISMATCH,1,CRITICAL,PROGRESS,URGENT
MPLADS-002092,LEGITIMATE,0,LOW,NONE,LOW
MPLADS-002093,HIGH_VALUE_LEGITIMATE,0,LOW,NONE,LOW
MPLADS-002094,LEGITIMATE,0,LOW,NONE,LOW
MPLADS-002095,PAYMENT_PROGRESS_MISMATCH,1,CRITICAL,PROGRESS,URGENT
MPLADS-002096,PAYMENT_PROGRESS_MISMATCH,1,CRITICAL,PROGRESS,URGENT
MPLADS-002097,HIGH_VALUE_LEGITIMATE,0,MEDIUM,NONE,LOW
MPLADS-002098,GHOST_WORK,1,CRITICAL,GHOST_WORK,URGENT
MPLADS-002099,LEGITIMATE,0,LOW,NONE,LOW
MPLADS-002100,LEGITIMATE,0,LOW,NONE,LOW
MPLADS-002101,HIGH_VALUE_LEGITIMATE,0,LOW,NONE,LOW
MPLADS-002102,HIGH_VALUE_LEGITIMATE,0,MEDIUM,NONE,LOW
MPLADS-002103,LEGITIMATE,0,LOW,NONE,LOW
MPLADS-002104,LEGITIMATE,0,LOW,NONE,LOW
MPLADS-002105,LEGITIMATE,0,LOW,NONE,LOW
MPLADS-002106,LEGITIMATE,0,LOW,NONE,LOW
MPLADS-002107,HIGH_VALUE_LEGITIMATE,0,LOW,NONE,LOW
MPLADS-002108,LEGITIMATE,0,LOW,NONE,LOW
MPLADS-002109,HIGH_VALUE_LEGITIMATE,0,LOW,NONE,LOW
MPLADS-002110,LEGITIMATE,0,LOW,NONE,LOW
MPLADS-002111,ABANDONED_PROJECT,1,HIGH,ABANDONED_PROJECT,HIGH
MPLADS-002112,LEGITIMATE,0,LOW,NONE,LOW
MPLADS-002113,LEGITIMATE,0,LOW,NONE,LOW
MPLADS-002114,LEGITIMATE,0,LOW,NONE,LOW
MPLADS-002115,LEGITIMATE,0,LOW,NONE,LOW
MPLADS-002116,LEGITIMATE,0,LOW,NONE,LOW
MPLADS-002117,LEGITIMATE,0,LOW,NONE,LOW
MPLADS-002118,HIGH_VALUE_LEGITIMATE,0,LOW,NONE,LOW
MPLADS-002119,ABANDONED_PROJECT,1,HIGH,ABANDONED_PROJECT,HIGH
MPLADS-002120,LEGITIMATE,0,LOW,NONE,LOW
MPLADS-002121,DUPLICATE_PROJECT,1,HIGH,DUPLICATE_PROJECT,HIGH
MPLADS-002122,HIGH_VALUE_LEGITIMATE,0,LOW,NONE,LOW
MPLADS-002123,PAYMENT_PROGRESS_MISMATCH,1,CRITICAL,PROGRESS,URGENT
MPLADS-002124,HIGH_VALUE_LEGITIMATE,0,MEDIUM,NONE,LOW
MPLADS-002125,LEGITIMATE,0,LOW,NONE,LOW
MPLADS-002126,PAYMENT_PROGRESS_MISMATCH,1,CRITICAL,PROGRESS,URGENT
MPLADS-002127,COST_OVERRUN,1,HIGH,COST,HIGH
MPLADS-002128,LEGITIMATE,0,LOW,NONE,LOW
MPLADS-002129,HIGH_VALUE_LEGITIMATE,0,MEDIUM,NONE,LOW
MPLADS-002130,ABANDONED_PROJECT,1,HIGH,ABANDONED_PROJECT,HIGH
MPLADS-002131,LEGITIMATE,0,LOW,NONE,LOW
MPLADS-002132,PAYMENT_PROGRESS_MISMATCH,1,CRITICAL,PROGRESS,URGENT
MPLADS-002133,LEGITIMATE,0,LOW,NONE,LOW
MPLADS-002134,LEGITIMATE,0,LOW,NONE,LOW
MPLADS-002135,LEGITIMATE,0,LOW,NONE,LOW
MPLADS-002136,SUSPICIOUS_CONTRACTOR,1,HIGH,SUSPICIOUS_CONTRACTOR,HIGH
MPLADS-002137,LEGITIMATE,0,LOW,NONE,LOW
MPLADS-002138,HIGH_VALUE_LEGITIMATE,0,LOW,NONE,LOW
MPLADS-002139,LEGITIMATE,0,LOW,NONE,LOW
MPLADS-002140,LEGITIMATE,0,LOW,NONE,LOW
MPLADS-002141,LEGITIMATE,0,LOW,NONE,LOW
MPLADS-002142,PAYMENT_PROGRESS_MISMATCH,1,CRITICAL,PROGRESS,URGENT
MPLADS-002143,LEGITIMATE,0,LOW,NONE,LOW
MPLADS-002144,LEGITIMATE,0,LOW,NONE,LOW
MPLADS-002145,LEGITIMATE,0,LOW,NONE,LOW
MPLADS-002146,LEGITIMATE,0,LOW,NONE,LOW
MPLADS-002147,LEGITIMATE,0,LOW,NONE,LOW
MPLADS-002148,PAYMENT_PROGRESS_MISMATCH,1,CRITICAL,PROGRESS,URGENT
MPLADS-002149,LEGITIMATE,0,LOW,NONE,LOW
MPLADS-002150,LEGITIMATE,0,LOW,NONE,LOW
MPLADS-002151,HIGH_VALUE_LEGITIMATE,0,LOW,NONE,LOW
MPLADS-002152,LEGITIMATE,0,LOW,NONE,LOW
MPLADS-002153,LEGITIMATE,0,LOW,NONE,LOW
MPLADS-002154,HIGH_VALUE_LEGITIMATE,0,LOW,NONE,LOW
MPLADS-002155,LEGITIMATE,0,LOW,NONE,LOW
MPLADS-002156,HIGH_VALUE_LEGITIMATE,0,LOW,NONE,LOW
MPLADS-002157,LEGITIMATE,0,LOW,NONE,LOW
MPLADS-002158,LEGITIMATE,0,LOW,NONE,LOW
MPLADS-002159,DUPLICATE_PROJECT,1,HIGH,DUPLICATE_PROJECT,HIGH
MPLADS-002160,LEGITIMATE,0,LOW,NONE,LOW
MPLADS-002161,HIGH_VALUE_LEGITIMATE,0,LOW,NONE,LOW
MPLADS-002162,LEGITIMATE,0,LOW,NONE,LOW
MPLADS-002163,LEGITIMATE,0,LOW,NONE,LOW
MPLADS-002164,LEGITIMATE,0,LOW,NONE,LOW
MPLADS-002165,LEGITIMATE,0,LOW,NONE,LOW
MPLADS-002166,LEGITIMATE,0,LOW,NONE,LOW
MPLADS-002167,HIGH_VALUE_LEGITIMATE,0,LOW,NONE,LOW
MPLADS-002168,LEGITIMATE,0,LOW,NONE,LOW
MPLADS-002169,LEGITIMATE,0,LOW,NONE,LOW
MPLADS-002170,LEGITIMATE,0,LOW,NONE,LOW
MPLADS-002171,PAYMENT_PROGRESS_MISMATCH,1,CRITICAL,PROGRESS,URGENT
MPLADS-002172,CONTRACTOR_MONOPOLY,1,HIGH,CONTRACTOR,HIGH
MPLADS-002173,HIGH_VALUE_LEGITIMATE,0,LOW,NONE,LOW
MPLADS-002174,LEGITIMATE,0,LOW,NONE,LOW
MPLADS-002175,LEGITIMATE,0,LOW,NONE,LOW
MPLADS-002176,LEGITIMATE,0,LOW,NONE,LOW
MPLADS-002177,DUPLICATE_PROJECT,1,HIGH,DUPLICATE_PROJECT,HIGH
MPLADS-002178,DOCUMENTATION_ANOMALY,1,HIGH,DOCUMENTATION,HIGH
MPLADS-002179,LEGITIMATE,0,LOW,NONE,LOW
MPLADS-002180,LEGITIMATE,0,LOW,NONE,LOW
MPLADS-002181,COST_OVERRUN,1,HIGH,COST,HIGH
MPLADS-002182,LEGITIMATE,0,LOW,NONE,LOW
MPLADS-002183,LEGITIMATE,0,LOW,NONE,LOW
MPLADS-002184,LEGITIMATE,0,LOW,NONE,LOW
MPLADS-002185,LEGITIMATE,0,LOW,NONE,LOW
MPLADS-002186,SUSPICIOUS_PROCUREMENT,1,HIGH,PROCUREMENT,HIGH
MPLADS-002187,LEGITIMATE,0,LOW,NONE,LOW
MPLADS-002188,LEGITIMATE,0,LOW,NONE,LOW
MPLADS-002189,ABANDONED_PROJECT,1,HIGH,ABANDONED_PROJECT,HIGH
MPLADS-002190,COST_OVERRUN,1,HIGH,COST,HIGH
MPLADS-002191,LEGITIMATE,0,LOW,NONE,LOW
MPLADS-002192,CONTRACTOR_MONOPOLY,1,HIGH,CONTRACTOR,HIGH
MPLADS-002193,LEGITIMATE,0,LOW,NONE,LOW
MPLADS-002194,HIGH_VALUE_LEGITIMATE,0,MEDIUM,NONE,LOW
MPLADS-002195,LEGITIMATE,0,LOW,NONE,LOW
MPLADS-002196,COST_OVERRUN,1,HIGH,COST,HIGH
MPLADS-002197,LEGITIMATE,0,LOW,NONE,LOW
MPLADS-002198,SUSPICIOUS_PROCUREMENT,1,HIGH,PROCUREMENT,HIGH
MPLADS-002199,COST_OVERRUN,1,HIGH,COST,HIGH
MPLADS-002200,LEGITIMATE,0,LOW,NONE,LOW
MPLADS-002201,LEGITIMATE,0,LOW,NONE,LOW
MPLADS-002202,SUSPICIOUS_CONTRACTOR,1,HIGH,SUSPICIOUS_CONTRACTOR,HIGH
MPLADS-002203,PAYMENT_PROGRESS_MISMATCH,1,CRITICAL,PROGRESS,URGENT
MPLADS-002204,LEGITIMATE,0,LOW,NONE,LOW
MPLADS-002205,SUSPICIOUS_PROCUREMENT,1,HIGH,PROCUREMENT,HIGH
MPLADS-002206,LEGITIMATE,0,LOW,NONE,LOW
MPLADS-002207,HIGH_VALUE_LEGITIMATE,0,LOW,NONE,LOW
MPLADS-002208,LEGITIMATE,0,LOW,NONE,LOW
MPLADS-002209,LEGITIMATE,0,LOW,NONE,LOW
MPLADS-002210,PAYMENT_PROGRESS_MISMATCH,1,CRITICAL,PROGRESS,URGENT
MPLADS-002211,DOCUMENTATION_ANOMALY,1,HIGH,DOCUMENTATION,HIGH
MPLADS-002212,LEGITIMATE,0,LOW,NONE,LOW
MPLADS-002213,LEGITIMATE,0,LOW,NONE,LOW
MPLADS-002214,HIGH_VALUE_LEGITIMATE,0,MEDIUM,NONE,LOW
MPLADS-002215,LEGITIMATE,0,LOW,NONE,LOW
MPLADS-002216,HIGH_VALUE_LEGITIMATE,0,MEDIUM,NONE,LOW
MPLADS-002217,HIGH_VALUE_LEGITIMATE,0,MEDIUM,NONE,LOW
MPLADS-002218,HIGH_VALUE_LEGITIMATE,0,LOW,NONE,LOW
MPLADS-002219,SUSPICIOUS_PROCUREMENT,1,HIGH,PROCUREMENT,HIGH
MPLADS-002220,LEGITIMATE,0,LOW,NONE,LOW
MPLADS-002221,LEGITIMATE,0,LOW,NONE,LOW
MPLADS-002222,LEGITIMATE,0,LOW,NONE,LOW
MPLADS-002223,LEGITIMATE,0,LOW,NONE,LOW
MPLADS-002224,HIGH_VALUE_LEGITIMATE,0,LOW,NONE,LOW
MPLADS-002225,LEGITIMATE,0,LOW,NONE,LOW
MPLADS-002226,LEGITIMATE,0,LOW,NONE,LOW
MPLADS-002227,LEGITIMATE,0,LOW,NONE,LOW
MPLADS-002228,DOCUMENTATION_ANOMALY,1,HIGH,DOCUMENTATION,HIGH
MPLADS-002229,LEGITIMATE,0,LOW,NONE,LOW
MPLADS-002230,LEGITIMATE,0,LOW,NONE,LOW
MPLADS-002231,HIGH_VALUE_LEGITIMATE,0,MEDIUM,NONE,LOW
MPLADS-002232,LEGITIMATE,0,LOW,NONE,LOW
MPLADS-002233,LEGITIMATE,0,LOW,NONE,LOW
MPLADS-002234,HIGH_VALUE_LEGITIMATE,0,LOW,NONE,LOW
MPLADS-002235,HIGH_VALUE_LEGITIMATE,0,LOW,NONE,LOW
MPLADS-002236,LEGITIMATE,0,LOW,NONE,LOW
MPLADS-002237,LEGITIMATE,0,LOW,NONE,LOW
MPLADS-002238,LEGITIMATE,0,LOW,NONE,LOW
MPLADS-002239,SUSPICIOUS_CONTRACTOR,1,HIGH,SUSPICIOUS_CONTRACTOR,HIGH
MPLADS-002240,DELAYED_PROJECT,1,MEDIUM,TIMELINE,LOW
MPLADS-002241,LEGITIMATE,0,LOW,NONE,LOW
MPLADS-002242,DELAYED_PROJECT,1,MEDIUM,TIMELINE,LOW
MPLADS-002243,LEGITIMATE,0,LOW,NONE,LOW
MPLADS-002244,LEGITIMATE,0,LOW,NONE,LOW
MPLADS-002245,CONTRACTOR_MONOPOLY,1,HIGH,CONTRACTOR,HIGH
MPLADS-002246,DELAYED_PROJECT,1,MEDIUM,TIMELINE,LOW
MPLADS-002247,LEGITIMATE,0,LOW,NONE,LOW
MPLADS-002248,LEGITIMATE,0,LOW,NONE,LOW
MPLADS-002249,DELAYED_PROJECT,1,MEDIUM,TIMELINE,LOW
MPLADS-002250,COST_OVERRUN,1,HIGH,COST,HIGH
MPLADS-002251,LEGITIMATE,0,LOW,NONE,LOW
MPLADS-002252,HIGH_VALUE_LEGITIMATE,0,LOW,NONE,LOW
MPLADS-002253,LEGITIMATE,0,LOW,NONE,LOW
MPLADS-002254,LEGITIMATE,0,LOW,NONE,LOW
MPLADS-002255,LEGITIMATE,0,LOW,NONE,LOW
MPLADS-002256,LEGITIMATE,0,LOW,NONE,LOW
MPLADS-002257,LEGITIMATE,0,LOW,NONE,LOW
MPLADS-002258,LEGITIMATE,0,LOW,NONE,LOW
MPLADS-002259,LEGITIMATE,0,LOW,NONE,LOW
MPLADS-002260,LEGITIMATE,0,LOW,NONE,LOW
MPLADS-002261,LEGITIMATE,0,LOW,NONE,LOW
MPLADS-002262,LEGITIMATE,0,LOW,NONE,LOW
MPLADS-002263,GHOST_WORK,1,CRITICAL,GHOST_WORK,URGENT
MPLADS-002264,COST_OVERRUN,1,HIGH,COST,HIGH
MPLADS-002265,PAYMENT_PROGRESS_MISMATCH,1,CRITICAL,PROGRESS,URGENT
MPLADS-002266,LEGITIMATE,0,LOW,NONE,LOW
MPLADS-002267,LEGITIMATE,0,LOW,NONE,LOW
MPLADS-002268,LEGITIMATE,0,LOW,NONE,LOW
MPLADS-002269,SUSPICIOUS_CONTRACTOR,1,HIGH,SUSPICIOUS_CONTRACTOR,HIGH
MPLADS-002270,LEGITIMATE,0,LOW,NONE,LOW
MPLADS-002271,LEGITIMATE,0,LOW,NONE,LOW
MPLADS-002272,HIGH_VALUE_LEGITIMATE,0,MEDIUM,NONE,LOW
MPLADS-002273,HIGH_VALUE_LEGITIMATE,0,MEDIUM,NONE,LOW
MPLADS-002274,LEGITIMATE,0,LOW,NONE,LOW
MPLADS-002275,LEGITIMATE,0,LOW,NONE,LOW
MPLADS-002276,LEGITIMATE,0,LOW,NONE,LOW
MPLADS-002277,LEGITIMATE,0,LOW,NONE,LOW
MPLADS-002278,LEGITIMATE,0,LOW,NONE,LOW
MPLADS-002279,LEGITIMATE,0,LOW,NONE,LOW
MPLADS-002280,LEGITIMATE,0,LOW,NONE,LOW
MPLADS-002281,COST_OVERRUN,1,HIGH,COST,HIGH
MPLADS-002282,HIGH_VALUE_LEGITIMATE,0,MEDIUM,NONE,LOW
MPLADS-002283,LEGITIMATE,0,LOW,NONE,LOW
MPLADS-002284,HIGH_VALUE_LEGITIMATE,0,MEDIUM,NONE,LOW
MPLADS-002285,LEGITIMATE,0,LOW,NONE,LOW
MPLADS-002286,LEGITIMATE,0,LOW,NONE,LOW
MPLADS-002287,LEGITIMATE,0,LOW,NONE,LOW
MPLADS-002288,GHOST_WORK,1,CRITICAL,GHOST_WORK,URGENT
MPLADS-002289,LEGITIMATE,0,LOW,NONE,LOW
MPLADS-002290,HIGH_VALUE_LEGITIMATE,0,MEDIUM,NONE,LOW
MPLADS-002291,HIGH_VALUE_LEGITIMATE,0,MEDIUM,NONE,LOW
MPLADS-002292,LEGITIMATE,0,LOW,NONE,LOW
MPLADS-002293,LEGITIMATE,0,LOW,NONE,LOW
MPLADS-002294,DELAYED_PROJECT,1,MEDIUM,TIMELINE,LOW
MPLADS-002295,LEGITIMATE,0,LOW,NONE,LOW
MPLADS-002296,LEGITIMATE,0,LOW,NONE,LOW
MPLADS-002297,LEGITIMATE,0,LOW,NONE,LOW
MPLADS-002298,SUSPICIOUS_CONTRACTOR,1,HIGH,SUSPICIOUS_CONTRACTOR,HIGH
MPLADS-002299,LEGITIMATE,0,LOW,NONE,LOW
MPLADS-002300,LEGITIMATE,0,LOW,NONE,LOW
MPLADS-002301,PAYMENT_PROGRESS_MISMATCH,1,CRITICAL,PROGRESS,URGENT
MPLADS-002302,LEGITIMATE,0,LOW,NONE,LOW
MPLADS-002303,COST_OVERRUN,1,HIGH,COST,HIGH
MPLADS-002304,PAYMENT_PROGRESS_MISMATCH,1,CRITICAL,PROGRESS,URGENT
MPLADS-002305,LEGITIMATE,0,LOW,NONE,LOW
MPLADS-002306,LEGITIMATE,0,LOW,NONE,LOW
MPLADS-002307,COST_OVERRUN,1,HIGH,COST,HIGH
MPLADS-002308,LEGITIMATE,0,LOW,NONE,LOW
MPLADS-002309,PAYMENT_PROGRESS_MISMATCH,1,CRITICAL,PROGRESS,URGENT
MPLADS-002310,LEGITIMATE,0,LOW,NONE,LOW
MPLADS-002311,LEGITIMATE,0,LOW,NONE,LOW
MPLADS-002312,HIGH_VALUE_LEGITIMATE,0,MEDIUM,NONE,LOW
MPLADS-002313,LEGITIMATE,0,LOW,NONE,LOW
MPLADS-002314,CONTRACTOR_MONOPOLY,1,HIGH,CONTRACTOR,HIGH
MPLADS-002315,LEGITIMATE,0,LOW,NONE,LOW
MPLADS-002316,HIGH_VALUE_LEGITIMATE,0,LOW,NONE,LOW
MPLADS-002317,PAYMENT_PROGRESS_MISMATCH,1,CRITICAL,PROGRESS,URGENT
MPLADS-002318,LEGITIMATE,0,LOW,NONE,LOW
MPLADS-002319,LEGITIMATE,0,LOW,NONE,LOW
MPLADS-002320,LEGITIMATE,0,LOW,NONE,LOW
MPLADS-002321,HIGH_VALUE_LEGITIMATE,0,MEDIUM,NONE,LOW
MPLADS-002322,LEGITIMATE,0,LOW,NONE,LOW
MPLADS-002323,LEGITIMATE,0,LOW,NONE,LOW
MPLADS-002324,LEGITIMATE,0,LOW,NONE,LOW
MPLADS-002325,CONTRACTOR_MONOPOLY,1,HIGH,CONTRACTOR,HIGH
MPLADS-002326,DELAYED_PROJECT,1,MEDIUM,TIMELINE,LOW
MPLADS-002327,HIGH_VALUE_LEGITIMATE,0,MEDIUM,NONE,LOW
MPLADS-002328,LEGITIMATE,0,LOW,NONE,LOW
MPLADS-002329,LEGITIMATE,0,LOW,NONE,LOW
MPLADS-002330,LEGITIMATE,0,LOW,NONE,LOW
MPLADS-002331,LEGITIMATE,0,LOW,NONE,LOW
MPLADS-002332,LEGITIMATE,0,LOW,NONE,LOW
MPLADS-002333,LEGITIMATE,0,LOW,NONE,LOW
MPLADS-002334,HIGH_VALUE_LEGITIMATE,0,MEDIUM,NONE,LOW
MPLADS-002335,LEGITIMATE,0,LOW,NONE,LOW
MPLADS-002336,SUSPICIOUS_CONTRACTOR,1,HIGH,SUSPICIOUS_CONTRACTOR,HIGH
MPLADS-002337,COST_OVERRUN,1,HIGH,COST,HIGH
MPLADS-002338,LEGITIMATE,0,LOW,NONE,LOW
MPLADS-002339,LEGITIMATE,0,LOW,NONE,LOW
MPLADS-002340,LEGITIMATE,0,LOW,NONE,LOW
MPLADS-002341,LEGITIMATE,0,LOW,NONE,LOW
MPLADS-002342,LEGITIMATE,0,LOW,NONE,LOW
MPLADS-002343,LEGITIMATE,0,LOW,NONE,LOW
MPLADS-002344,LEGITIMATE,0,LOW,NONE,LOW
MPLADS-002345,LEGITIMATE,0,LOW,NONE,LOW
MPLADS-002346,LEGITIMATE,0,LOW,NONE,LOW
MPLADS-002347,HIGH_VALUE_LEGITIMATE,0,MEDIUM,NONE,LOW
MPLADS-002348,SUSPICIOUS_CONTRACTOR,1,HIGH,SUSPICIOUS_CONTRACTOR,HIGH
MPLADS-002349,LEGITIMATE,0,LOW,NONE,LOW
MPLADS-002350,ABANDONED_PROJECT,1,HIGH,ABANDONED_PROJECT,HIGH
MPLADS-002351,LEGITIMATE,0,LOW,NONE,LOW
MPLADS-002352,LEGITIMATE,0,LOW,NONE,LOW
MPLADS-002353,LEGITIMATE,0,LOW,NONE,LOW
MPLADS-002354,HIGH_VALUE_LEGITIMATE,0,MEDIUM,NONE,LOW
MPLADS-002355,LEGITIMATE,0,LOW,NONE,LOW
MPLADS-002356,LEGITIMATE,0,LOW,NONE,LOW
MPLADS-002357,LEGITIMATE,0,LOW,NONE,LOW
MPLADS-002358,ABANDONED_PROJECT,1,HIGH,ABANDONED_PROJECT,HIGH
MPLADS-002359,LEGITIMATE,0,LOW,NONE,LOW
MPLADS-002360,GHOST_WORK,1,CRITICAL,GHOST_WORK,URGENT
MPLADS-002361,LEGITIMATE,0,LOW,NONE,LOW
MPLADS-002362,LEGITIMATE,0,LOW,NONE,LOW
MPLADS-002363,CONTRACTOR_MONOPOLY,1,HIGH,CONTRACTOR,HIGH
MPLADS-002364,HIGH_VALUE_LEGITIMATE,0,LOW,NONE,LOW
MPLADS-002365,LEGITIMATE,0,LOW,NONE,LOW
MPLADS-002366,LEGITIMATE,0,LOW,NONE,LOW
MPLADS-002367,LEGITIMATE,0,LOW,NONE,LOW
MPLADS-002368,SUSPICIOUS_PROCUREMENT,1,HIGH,PROCUREMENT,HIGH
MPLADS-002369,LEGITIMATE,0,LOW,NONE,LOW
MPLADS-002370,DELAYED_PROJECT,1,MEDIUM,TIMELINE,LOW
MPLADS-002371,LEGITIMATE,0,LOW,NONE,LOW
MPLADS-002372,DELAYED_PROJECT,1,MEDIUM,TIMELINE,LOW
MPLADS-002373,LEGITIMATE,0,LOW,NONE,LOW
MPLADS-002374,LEGITIMATE,0,LOW,NONE,LOW
MPLADS-002375,DELAYED_PROJECT,1,MEDIUM,TIMELINE,LOW
MPLADS-002376,PAYMENT_PROGRESS_MISMATCH,1,CRITICAL,PROGRESS,URGENT
MPLADS-002377,LEGITIMATE,0,LOW,NONE,LOW
MPLADS-002378,LEGITIMATE,0,LOW,NONE,LOW
MPLADS-002379,HIGH_VALUE_LEGITIMATE,0,LOW,NONE,LOW
MPLADS-002380,HIGH_VALUE_LEGITIMATE,0,MEDIUM,NONE,LOW
MPLADS-002381,LEGITIMATE,0,LOW,NONE,LOW
MPLADS-002382,LEGITIMATE,0,LOW,NONE,LOW
MPLADS-002383,LEGITIMATE,0,LOW,NONE,LOW
MPLADS-002384,DOCUMENTATION_ANOMALY,1,HIGH,DOCUMENTATION,HIGH
MPLADS-002385,LEGITIMATE,0,LOW,NONE,LOW
MPLADS-002386,HIGH_VALUE_LEGITIMATE,0,MEDIUM,NONE,LOW
MPLADS-002387,PAYMENT_PROGRESS_MISMATCH,1,CRITICAL,PROGRESS,URGENT
MPLADS-002388,LEGITIMATE,0,LOW,NONE,LOW
MPLADS-002389,LEGITIMATE,0,LOW,NONE,LOW
MPLADS-002390,LEGITIMATE,0,LOW,NONE,LOW
MPLADS-002391,CONTRACTOR_MONOPOLY,1,HIGH,CONTRACTOR,HIGH
MPLADS-002392,LEGITIMATE,0,LOW,NONE,LOW
MPLADS-002393,LEGITIMATE,0,LOW,NONE,LOW
MPLADS-002394,COST_OVERRUN,1,HIGH,COST,HIGH
MPLADS-002395,LEGITIMATE,0,LOW,NONE,LOW
MPLADS-002396,LEGITIMATE,0,LOW,NONE,LOW
MPLADS-002397,LEGITIMATE,0,LOW,NONE,LOW
MPLADS-002398,LEGITIMATE,0,LOW,NONE,LOW
MPLADS-002399,PAYMENT_PROGRESS_MISMATCH,1,CRITICAL,PROGRESS,URGENT
MPLADS-002400,SUSPICIOUS_PROCUREMENT,1,HIGH,PROCUREMENT,HIGH
MPLADS-002401,LEGITIMATE,0,LOW,NONE,LOW
MPLADS-002402,ABANDONED_PROJECT,1,HIGH,ABANDONED_PROJECT,HIGH
MPLADS-002403,LEGITIMATE,0,LOW,NONE,LOW
MPLADS-002404,LEGITIMATE,0,LOW,NONE,LOW
MPLADS-002405,HIGH_VALUE_LEGITIMATE,0,MEDIUM,NONE,LOW
MPLADS-002406,LEGITIMATE,0,LOW,NONE,LOW
MPLADS-002407,LEGITIMATE,0,LOW,NONE,LOW
MPLADS-002408,DUPLICATE_PROJECT,1,HIGH,DUPLICATE_PROJECT,HIGH
MPLADS-002409,DELAYED_PROJECT,1,MEDIUM,TIMELINE,LOW
MPLADS-002410,HIGH_VALUE_LEGITIMATE,0,LOW,NONE,LOW
MPLADS-002411,GHOST_WORK,1,CRITICAL,GHOST_WORK,URGENT
MPLADS-002412,LEGITIMATE,0,LOW,NONE,LOW
MPLADS-002413,LEGITIMATE,0,LOW,NONE,LOW
MPLADS-002414,LEGITIMATE,0,LOW,NONE,LOW
MPLADS-002415,LEGITIMATE,0,LOW,NONE,LOW
MPLADS-002416,LEGITIMATE,0,LOW,NONE,LOW
MPLADS-002417,LEGITIMATE,0,LOW,NONE,LOW
MPLADS-002418,LEGITIMATE,0,LOW,NONE,LOW
MPLADS-002419,LEGITIMATE,0,LOW,NONE,LOW
MPLADS-002420,HIGH_VALUE_LEGITIMATE,0,LOW,NONE,LOW
MPLADS-002421,LEGITIMATE,0,LOW,NONE,LOW
MPLADS-002422,HIGH_VALUE_LEGITIMATE,0,MEDIUM,NONE,LOW
MPLADS-002423,LEGITIMATE,0,LOW,NONE,LOW
MPLADS-002424,LEGITIMATE,0,LOW,NONE,LOW
MPLADS-002425,COST_OVERRUN,1,HIGH,COST,HIGH
MPLADS-002426,LEGITIMATE,0,LOW,NONE,LOW
MPLADS-002427,DUPLICATE_PROJECT,1,HIGH,DUPLICATE_PROJECT,HIGH
MPLADS-002428,LEGITIMATE,0,LOW,NONE,LOW
MPLADS-002429,LEGITIMATE,0,LOW,NONE,LOW
MPLADS-002430,DOCUMENTATION_ANOMALY,1,HIGH,DOCUMENTATION,HIGH
MPLADS-002431,LEGITIMATE,0,LOW,NONE,LOW
MPLADS-002432,HIGH_VALUE_LEGITIMATE,0,LOW,NONE,LOW
MPLADS-002433,SUSPICIOUS_CONTRACTOR,1,HIGH,SUSPICIOUS_CONTRACTOR,HIGH
MPLADS-002434,HIGH_VALUE_LEGITIMATE,0,MEDIUM,NONE,LOW
MPLADS-002435,LEGITIMATE,0,LOW,NONE,LOW
MPLADS-002436,LEGITIMATE,0,LOW,NONE,LOW
MPLADS-002437,HIGH_VALUE_LEGITIMATE,0,MEDIUM,NONE,LOW
MPLADS-002438,GHOST_WORK,1,CRITICAL,GHOST_WORK,URGENT
MPLADS-002439,LEGITIMATE,0,LOW,NONE,LOW
MPLADS-002440,LEGITIMATE,0,LOW,NONE,LOW
MPLADS-002441,LEGITIMATE,0,LOW,NONE,LOW
MPLADS-002442,DOCUMENTATION_ANOMALY,1,HIGH,DOCUMENTATION,HIGH
MPLADS-002443,LEGITIMATE,0,LOW,NONE,LOW
MPLADS-002444,LEGITIMATE,0,LOW,NONE,LOW
MPLADS-002445,LEGITIMATE,0,LOW,NONE,LOW
MPLADS-002446,DELAYED_PROJECT,1,MEDIUM,TIMELINE,LOW
MPLADS-002447,LEGITIMATE,0,LOW,NONE,LOW
MPLADS-002448,LEGITIMATE,0,LOW,NONE,LOW
MPLADS-002449,DUPLICATE_PROJECT,1,HIGH,DUPLICATE_PROJECT,HIGH
MPLADS-002450,LEGITIMATE,0,LOW,NONE,LOW
MPLADS-002451,LEGITIMATE,0,LOW,NONE,LOW
MPLADS-002452,DELAYED_PROJECT,1,MEDIUM,TIMELINE,LOW
MPLADS-002453,LEGITIMATE,0,LOW,NONE,LOW
MPLADS-002454,HIGH_VALUE_LEGITIMATE,0,LOW,NONE,LOW
MPLADS-002455,CONTRACTOR_MONOPOLY,1,HIGH,CONTRACTOR,HIGH
MPLADS-002456,LEGITIMATE,0,LOW,NONE,LOW
MPLADS-002457,LEGITIMATE,0,LOW,NONE,LOW
MPLADS-002458,LEGITIMATE,0,LOW,NONE,LOW
MPLADS-002459,PAYMENT_PROGRESS_MISMATCH,1,CRITICAL,PROGRESS,URGENT
MPLADS-002460,ABANDONED_PROJECT,1,HIGH,ABANDONED_PROJECT,HIGH
MPLADS-002461,DUPLICATE_PROJECT,1,HIGH,DUPLICATE_PROJECT,HIGH
MPLADS-002462,CONTRACTOR_MONOPOLY,1,HIGH,CONTRACTOR,HIGH
MPLADS-002463,LEGITIMATE,0,LOW,NONE,LOW
MPLADS-002464,LEGITIMATE,0,LOW,NONE,LOW
MPLADS-002465,LEGITIMATE,0,LOW,NONE,LOW
MPLADS-002466,DOCUMENTATION_ANOMALY,1,HIGH,DOCUMENTATION,HIGH
MPLADS-002467,LEGITIMATE,0,LOW,NONE,LOW
MPLADS-002468,LEGITIMATE,0,LOW,NONE,LOW
MPLADS-002469,LEGITIMATE,0,LOW,NONE,LOW
MPLADS-002470,LEGITIMATE,0,LOW,NONE,LOW
MPLADS-002471,LEGITIMATE,0,LOW,NONE,LOW
MPLADS-002472,LEGITIMATE,0,LOW,NONE,LOW
MPLADS-002473,LEGITIMATE,0,LOW,NONE,LOW
MPLADS-002474,PAYMENT_PROGRESS_MISMATCH,1,CRITICAL,PROGRESS,URGENT
MPLADS-002475,HIGH_VALUE_LEGITIMATE,0,LOW,NONE,LOW
MPLADS-002476,LEGITIMATE,0,LOW,NONE,LOW
MPLADS-002477,LEGITIMATE,0,LOW,NONE,LOW
MPLADS-002478,HIGH_VALUE_LEGITIMATE,0,MEDIUM,NONE,LOW
MPLADS-002479,LEGITIMATE,0,LOW,NONE,LOW
MPLADS-002480,LEGITIMATE,0,LOW,NONE,LOW
MPLADS-002481,LEGITIMATE,0,LOW,NONE,LOW
MPLADS-002482,LEGITIMATE,0,LOW,NONE,LOW
MPLADS-002483,LEGITIMATE,0,LOW,NONE,LOW
MPLADS-002484,COST_OVERRUN,1,HIGH,COST,HIGH
MPLADS-002485,LEGITIMATE,0,LOW,NONE,LOW
MPLADS-002486,HIGH_VALUE_LEGITIMATE,0,MEDIUM,NONE,LOW
MPLADS-002487,LEGITIMATE,0,LOW,NONE,LOW
MPLADS-002488,HIGH_VALUE_LEGITIMATE,0,MEDIUM,NONE,LOW
MPLADS-002489,LEGITIMATE,0,LOW,NONE,LOW
MPLADS-002490,LEGITIMATE,0,LOW,NONE,LOW
MPLADS-002491,HIGH_VALUE_LEGITIMATE,0,LOW,NONE,LOW
MPLADS-002492,DELAYED_PROJECT,1,MEDIUM,TIMELINE,LOW
MPLADS-002493,LEGITIMATE,0,LOW,NONE,LOW
MPLADS-002494,LEGITIMATE,0,LOW,NONE,LOW
MPLADS-002495,LEGITIMATE,0,LOW,NONE,LOW
MPLADS-002496,PAYMENT_PROGRESS_MISMATCH,1,CRITICAL,PROGRESS,URGENT
MPLADS-002497,LEGITIMATE,0,LOW,NONE,LOW
MPLADS-002498,LEGITIMATE,0,LOW,NONE,LOW
MPLADS-002499,LEGITIMATE,0,LOW,NONE,LOW
MPLADS-002500,LEGITIMATE,0,LOW,NONE,LOW
MPLADS-002501,LEGITIMATE,0,LOW,NONE,LOW
MPLADS-002502,LEGITIMATE,0,LOW,NONE,LOW
MPLADS-002503,CONTRACTOR_MONOPOLY,1,HIGH,CONTRACTOR,HIGH
MPLADS-002504,SUSPICIOUS_CONTRACTOR,1,HIGH,SUSPICIOUS_CONTRACTOR,HIGH
MPLADS-002505,LEGITIMATE,0,LOW,NONE,LOW
MPLADS-002506,LEGITIMATE,0,LOW,NONE,LOW
MPLADS-002507,LEGITIMATE,0,LOW,NONE,LOW
MPLADS-002508,LEGITIMATE,0,LOW,NONE,LOW
MPLADS-002509,LEGITIMATE,0,LOW,NONE,LOW
MPLADS-002510,LEGITIMATE,0,LOW,NONE,LOW
MPLADS-002511,LEGITIMATE,0,LOW,NONE,LOW
MPLADS-002512,LEGITIMATE,0,LOW,NONE,LOW
MPLADS-002513,LEGITIMATE,0,LOW,NONE,LOW
MPLADS-002514,HIGH_VALUE_LEGITIMATE,0,MEDIUM,NONE,LOW
MPLADS-002515,LEGITIMATE,0,LOW,NONE,LOW
MPLADS-002516,HIGH_VALUE_LEGITIMATE,0,MEDIUM,NONE,LOW
MPLADS-002517,LEGITIMATE,0,LOW,NONE,LOW
MPLADS-002518,HIGH_VALUE_LEGITIMATE,0,LOW,NONE,LOW
MPLADS-002519,DUPLICATE_PROJECT,1,HIGH,DUPLICATE_PROJECT,HIGH
MPLADS-002520,LEGITIMATE,0,LOW,NONE,LOW
MPLADS-002521,LEGITIMATE,0,LOW,NONE,LOW
MPLADS-002522,CONTRACTOR_MONOPOLY,1,HIGH,CONTRACTOR,HIGH
MPLADS-002523,HIGH_VALUE_LEGITIMATE,0,LOW,NONE,LOW
MPLADS-002524,LEGITIMATE,0,LOW,NONE,LOW
MPLADS-002525,LEGITIMATE,0,LOW,NONE,LOW
MPLADS-002526,DELAYED_PROJECT,1,MEDIUM,TIMELINE,LOW
MPLADS-002527,LEGITIMATE,0,LOW,NONE,LOW
MPLADS-002528,HIGH_VALUE_LEGITIMATE,0,LOW,NONE,LOW
MPLADS-002529,LEGITIMATE,0,LOW,NONE,LOW
MPLADS-002530,HIGH_VALUE_LEGITIMATE,0,MEDIUM,NONE,LOW
MPLADS-002531,CONTRACTOR_MONOPOLY,1,HIGH,CONTRACTOR,HIGH
MPLADS-002532,DELAYED_PROJECT,1,MEDIUM,TIMELINE,LOW
MPLADS-002533,PAYMENT_PROGRESS_MISMATCH,1,CRITICAL,PROGRESS,URGENT
MPLADS-002534,LEGITIMATE,0,LOW,NONE,LOW
MPLADS-002535,ABANDONED_PROJECT,1,HIGH,ABANDONED_PROJECT,HIGH
MPLADS-002536,LEGITIMATE,0,LOW,NONE,LOW
MPLADS-002537,DUPLICATE_PROJECT,1,HIGH,DUPLICATE_PROJECT,HIGH
MPLADS-002538,LEGITIMATE,0,LOW,NONE,LOW
MPLADS-002539,LEGITIMATE,0,LOW,NONE,LOW
MPLADS-002540,COST_OVERRUN,1,HIGH,COST,HIGH
MPLADS-002541,LEGITIMATE,0,LOW,NONE,LOW
MPLADS-002542,DELAYED_PROJECT,1,MEDIUM,TIMELINE,LOW
MPLADS-002543,LEGITIMATE,0,LOW,NONE,LOW
MPLADS-002544,LEGITIMATE,0,LOW,NONE,LOW
MPLADS-002545,LEGITIMATE,0,LOW,NONE,LOW
MPLADS-002546,LEGITIMATE,0,LOW,NONE,LOW
MPLADS-002547,LEGITIMATE,0,LOW,NONE,LOW
MPLADS-002548,LEGITIMATE,0,LOW,NONE,LOW
MPLADS-002549,LEGITIMATE,0,LOW,NONE,LOW
MPLADS-002550,LEGITIMATE,0,LOW,NONE,LOW
MPLADS-002551,COST_OVERRUN,1,HIGH,COST,HIGH
MPLADS-002552,LEGITIMATE,0,LOW,NONE,LOW
MPLADS-002553,LEGITIMATE,0,LOW,NONE,LOW
MPLADS-002554,LEGITIMATE,0,LOW,NONE,LOW
MPLADS-002555,LEGITIMATE,0,LOW,NONE,LOW
MPLADS-002556,LEGITIMATE,0,LOW,NONE,LOW
MPLADS-002557,LEGITIMATE,0,LOW,NONE,LOW
MPLADS-002558,LEGITIMATE,0,LOW,NONE,LOW
MPLADS-002559,LEGITIMATE,0,LOW,NONE,LOW
MPLADS-002560,LEGITIMATE,0,LOW,NONE,LOW
MPLADS-002561,LEGITIMATE,0,LOW,NONE,LOW
MPLADS-002562,LEGITIMATE,0,LOW,NONE,LOW
MPLADS-002563,HIGH_VALUE_LEGITIMATE,0,MEDIUM,NONE,LOW
MPLADS-002564,COST_OVERRUN,1,HIGH,COST,HIGH
MPLADS-002565,CONTRACTOR_MONOPOLY,1,HIGH,CONTRACTOR,HIGH
MPLADS-002566,HIGH_VALUE_LEGITIMATE,0,LOW,NONE,LOW
MPLADS-002567,LEGITIMATE,0,LOW,NONE,LOW
MPLADS-002568,PAYMENT_PROGRESS_MISMATCH,1,CRITICAL,PROGRESS,URGENT
MPLADS-002569,HIGH_VALUE_LEGITIMATE,0,LOW,NONE,LOW
MPLADS-002570,LEGITIMATE,0,LOW,NONE,LOW
MPLADS-002571,DUPLICATE_PROJECT,1,HIGH,DUPLICATE_PROJECT,HIGH
MPLADS-002572,LEGITIMATE,0,LOW,NONE,LOW
MPLADS-002573,LEGITIMATE,0,LOW,NONE,LOW
MPLADS-002574,LEGITIMATE,0,LOW,NONE,LOW
MPLADS-002575,LEGITIMATE,0,LOW,NONE,LOW
MPLADS-002576,LEGITIMATE,0,LOW,NONE,LOW
MPLADS-002577,LEGITIMATE,0,LOW,NONE,LOW
MPLADS-002578,DUPLICATE_PROJECT,1,HIGH,DUPLICATE_PROJECT,HIGH
MPLADS-002579,LEGITIMATE,0,LOW,NONE,LOW
MPLADS-002580,HIGH_VALUE_LEGITIMATE,0,LOW,NONE,LOW
MPLADS-002581,PAYMENT_PROGRESS_MISMATCH,1,CRITICAL,PROGRESS,URGENT
MPLADS-002582,LEGITIMATE,0,LOW,NONE,LOW
MPLADS-002583,LEGITIMATE,0,LOW,NONE,LOW
MPLADS-002584,HIGH_VALUE_LEGITIMATE,0,LOW,NONE,LOW
MPLADS-002585,LEGITIMATE,0,LOW,NONE,LOW
MPLADS-002586,LEGITIMATE,0,LOW,NONE,LOW
MPLADS-002587,LEGITIMATE,0,LOW,NONE,LOW
MPLADS-002588,LEGITIMATE,0,LOW,NONE,LOW
MPLADS-002589,LEGITIMATE,0,LOW,NONE,LOW
MPLADS-002590,COST_OVERRUN,1,HIGH,COST,HIGH
MPLADS-002591,LEGITIMATE,0,LOW,NONE,LOW
MPLADS-002592,PAYMENT_PROGRESS_MISMATCH,1,CRITICAL,PROGRESS,URGENT
MPLADS-002593,LEGITIMATE,0,LOW,NONE,LOW
MPLADS-002594,LEGITIMATE,0,LOW,NONE,LOW
MPLADS-002595,LEGITIMATE,0,LOW,NONE,LOW
MPLADS-002596,LEGITIMATE,0,LOW,NONE,LOW
MPLADS-002597,HIGH_VALUE_LEGITIMATE,0,MEDIUM,NONE,LOW
MPLADS-002598,PAYMENT_PROGRESS_MISMATCH,1,CRITICAL,PROGRESS,URGENT
MPLADS-002599,LEGITIMATE,0,LOW,NONE,LOW
MPLADS-002600,DUPLICATE_PROJECT,1,HIGH,DUPLICATE_PROJECT,HIGH
MPLADS-002601,LEGITIMATE,0,LOW,NONE,LOW
MPLADS-002602,LEGITIMATE,0,LOW,NONE,LOW
MPLADS-002603,PAYMENT_PROGRESS_MISMATCH,1,CRITICAL,PROGRESS,URGENT
MPLADS-002604,HIGH_VALUE_LEGITIMATE,0,LOW,NONE,LOW
MPLADS-002605,COST_OVERRUN,1,HIGH,COST,HIGH
MPLADS-002606,LEGITIMATE,0,LOW,NONE,LOW
MPLADS-002607,LEGITIMATE,0,LOW,NONE,LOW
MPLADS-002608,LEGITIMATE,0,LOW,NONE,LOW
MPLADS-002609,LEGITIMATE,0,LOW,NONE,LOW
MPLADS-002610,LEGITIMATE,0,LOW,NONE,LOW
MPLADS-002611,LEGITIMATE,0,LOW,NONE,LOW
MPLADS-002612,LEGITIMATE,0,LOW,NONE,LOW
MPLADS-002613,LEGITIMATE,0,LOW,NONE,LOW
MPLADS-002614,LEGITIMATE,0,LOW,NONE,LOW
MPLADS-002615,LEGITIMATE,0,LOW,NONE,LOW
MPLADS-002616,LEGITIMATE,0,LOW,NONE,LOW
MPLADS-002617,DELAYED_PROJECT,1,MEDIUM,TIMELINE,LOW
MPLADS-002618,LEGITIMATE,0,LOW,NONE,LOW
MPLADS-002619,LEGITIMATE,0,LOW,NONE,LOW
MPLADS-002620,LEGITIMATE,0,LOW,NONE,LOW
MPLADS-002621,LEGITIMATE,0,LOW,NONE,LOW
MPLADS-002622,COST_OVERRUN,1,HIGH,COST,HIGH
MPLADS-002623,CONTRACTOR_MONOPOLY,1,HIGH,CONTRACTOR,HIGH
MPLADS-002624,LEGITIMATE,0,LOW,NONE,LOW
MPLADS-002625,LEGITIMATE,0,LOW,NONE,LOW
MPLADS-002626,LEGITIMATE,0,LOW,NONE,LOW
MPLADS-002627,LEGITIMATE,0,LOW,NONE,LOW
MPLADS-002628,HIGH_VALUE_LEGITIMATE,0,LOW,NONE,LOW
MPLADS-002629,LEGITIMATE,0,LOW,NONE,LOW
MPLADS-002630,LEGITIMATE,0,LOW,NONE,LOW
MPLADS-002631,LEGITIMATE,0,LOW,NONE,LOW
MPLADS-002632,LEGITIMATE,0,LOW,NONE,LOW
MPLADS-002633,HIGH_VALUE_LEGITIMATE,0,MEDIUM,NONE,LOW
MPLADS-002634,DELAYED_PROJECT,1,MEDIUM,TIMELINE,LOW
MPLADS-002635,HIGH_VALUE_LEGITIMATE,0,LOW,NONE,LOW
MPLADS-002636,LEGITIMATE,0,LOW,NONE,LOW
MPLADS-002637,LEGITIMATE,0,LOW,NONE,LOW
MPLADS-002638,LEGITIMATE,0,LOW,NONE,LOW
MPLADS-002639,SUSPICIOUS_CONTRACTOR,1,HIGH,SUSPICIOUS_CONTRACTOR,HIGH
MPLADS-002640,LEGITIMATE,0,LOW,NONE,LOW
MPLADS-002641,LEGITIMATE,0,LOW,NONE,LOW
MPLADS-002642,LEGITIMATE,0,LOW,NONE,LOW
MPLADS-002643,HIGH_VALUE_LEGITIMATE,0,LOW,NONE,LOW
MPLADS-002644,LEGITIMATE,0,LOW,NONE,LOW
MPLADS-002645,LEGITIMATE,0,LOW,NONE,LOW
MPLADS-002646,ABANDONED_PROJECT,1,HIGH,ABANDONED_PROJECT,HIGH
MPLADS-002647,LEGITIMATE,0,LOW,NONE,LOW
MPLADS-002648,LEGITIMATE,0,LOW,NONE,LOW
MPLADS-002649,DUPLICATE_PROJECT,1,HIGH,DUPLICATE_PROJECT,HIGH
MPLADS-002650,HIGH_VALUE_LEGITIMATE,0,LOW,NONE,LOW
MPLADS-002651,LEGITIMATE,0,LOW,NONE,LOW
MPLADS-002652,HIGH_VALUE_LEGITIMATE,0,MEDIUM,NONE,LOW
MPLADS-002653,LEGITIMATE,0,LOW,NONE,LOW
MPLADS-002654,LEGITIMATE,0,LOW,NONE,LOW
MPLADS-002655,LEGITIMATE,0,LOW,NONE,LOW
MPLADS-002656,HIGH_VALUE_LEGITIMATE,0,LOW,NONE,LOW
MPLADS-002657,LEGITIMATE,0,LOW,NONE,LOW
MPLADS-002658,LEGITIMATE,0,LOW,NONE,LOW
MPLADS-002659,COST_OVERRUN,1,HIGH,COST,HIGH
MPLADS-002660,LEGITIMATE,0,LOW,NONE,LOW
MPLADS-002661,LEGITIMATE,0,LOW,NONE,LOW
MPLADS-002662,LEGITIMATE,0,LOW,NONE,LOW
MPLADS-002663,GHOST_WORK,1,CRITICAL,GHOST_WORK,URGENT
MPLADS-002664,LEGITIMATE,0,LOW,NONE,LOW
MPLADS-002665,LEGITIMATE,0,LOW,NONE,LOW
MPLADS-002666,LEGITIMATE,0,LOW,NONE,LOW
MPLADS-002667,LEGITIMATE,0,LOW,NONE,LOW
MPLADS-002668,COST_OVERRUN,1,HIGH,COST,HIGH
MPLADS-002669,COST_OVERRUN,1,HIGH,COST,HIGH
MPLADS-002670,LEGITIMATE,0,LOW,NONE,LOW
MPLADS-002671,DOCUMENTATION_ANOMALY,1,HIGH,DOCUMENTATION,HIGH
MPLADS-002672,HIGH_VALUE_LEGITIMATE,0,MEDIUM,NONE,LOW
MPLADS-002673,HIGH_VALUE_LEGITIMATE,0,MEDIUM,NONE,LOW
MPLADS-002674,LEGITIMATE,0,LOW,NONE,LOW
MPLADS-002675,LEGITIMATE,0,LOW,NONE,LOW
MPLADS-002676,HIGH_VALUE_LEGITIMATE,0,MEDIUM,NONE,LOW
MPLADS-002677,HIGH_VALUE_LEGITIMATE,0,MEDIUM,NONE,LOW
MPLADS-002678,LEGITIMATE,0,LOW,NONE,LOW
MPLADS-002679,DUPLICATE_PROJECT,1,HIGH,DUPLICATE_PROJECT,HIGH
MPLADS-002680,LEGITIMATE,0,LOW,NONE,LOW
MPLADS-002681,LEGITIMATE,0,LOW,NONE,LOW
MPLADS-002682,PAYMENT_PROGRESS_MISMATCH,1,CRITICAL,PROGRESS,URGENT
MPLADS-002683,LEGITIMATE,0,LOW,NONE,LOW
MPLADS-002684,LEGITIMATE,0,LOW,NONE,LOW
MPLADS-002685,COST_OVERRUN,1,HIGH,COST,HIGH
MPLADS-002686,LEGITIMATE,0,LOW,NONE,LOW
MPLADS-002687,LEGITIMATE,0,LOW,NONE,LOW
MPLADS-002688,LEGITIMATE,0,LOW,NONE,LOW
MPLADS-002689,LEGITIMATE,0,LOW,NONE,LOW
MPLADS-002690,HIGH_VALUE_LEGITIMATE,0,LOW,NONE,LOW
MPLADS-002691,LEGITIMATE,0,LOW,NONE,LOW
MPLADS-002692,LEGITIMATE,0,LOW,NONE,LOW
MPLADS-002693,LEGITIMATE,0,LOW,NONE,LOW
MPLADS-002694,LEGITIMATE,0,LOW,NONE,LOW
MPLADS-002695,LEGITIMATE,0,LOW,NONE,LOW
MPLADS-002696,HIGH_VALUE_LEGITIMATE,0,LOW,NONE,LOW
MPLADS-002697,LEGITIMATE,0,LOW,NONE,LOW
MPLADS-002698,HIGH_VALUE_LEGITIMATE,0,LOW,NONE,LOW
MPLADS-002699,DELAYED_PROJECT,1,MEDIUM,TIMELINE,LOW
MPLADS-002700,LEGITIMATE,0,LOW,NONE,LOW
MPLADS-002701,SUSPICIOUS_CONTRACTOR,1,HIGH,SUSPICIOUS_CONTRACTOR,HIGH
MPLADS-002702,HIGH_VALUE_LEGITIMATE,0,LOW,NONE,LOW
MPLADS-002703,LEGITIMATE,0,LOW,NONE,LOW
MPLADS-002704,LEGITIMATE,0,LOW,NONE,LOW
MPLADS-002705,LEGITIMATE,0,LOW,NONE,LOW
MPLADS-002706,LEGITIMATE,0,LOW,NONE,LOW
MPLADS-002707,LEGITIMATE,0,LOW,NONE,LOW
MPLADS-002708,LEGITIMATE,0,LOW,NONE,LOW
MPLADS-002709,LEGITIMATE,0,LOW,NONE,LOW
MPLADS-002710,LEGITIMATE,0,LOW,NONE,LOW
MPLADS-002711,DELAYED_PROJECT,1,MEDIUM,TIMELINE,LOW
MPLADS-002712,LEGITIMATE,0,LOW,NONE,LOW
MPLADS-002713,DUPLICATE_PROJECT,1,HIGH,DUPLICATE_PROJECT,HIGH
MPLADS-002714,HIGH_VALUE_LEGITIMATE,0,MEDIUM,NONE,LOW
MPLADS-002715,HIGH_VALUE_LEGITIMATE,0,MEDIUM,NONE,LOW
MPLADS-002716,ABANDONED_PROJECT,1,HIGH,ABANDONED_PROJECT,HIGH
MPLADS-002717,LEGITIMATE,0,LOW,NONE,LOW
MPLADS-002718,LEGITIMATE,0,LOW,NONE,LOW
MPLADS-002719,LEGITIMATE,0,LOW,NONE,LOW
MPLADS-002720,LEGITIMATE,0,LOW,NONE,LOW
MPLADS-002721,LEGITIMATE,0,LOW,NONE,LOW
MPLADS-002722,LEGITIMATE,0,LOW,NONE,LOW
MPLADS-002723,LEGITIMATE,0,LOW,NONE,LOW
MPLADS-002724,LEGITIMATE,0,LOW,NONE,LOW
MPLADS-002725,GHOST_WORK,1,CRITICAL,GHOST_WORK,URGENT
MPLADS-002726,LEGITIMATE,0,LOW,NONE,LOW
MPLADS-002727,LEGITIMATE,0,LOW,NONE,LOW
MPLADS-002728,HIGH_VALUE_LEGITIMATE,0,MEDIUM,NONE,LOW
MPLADS-002729,DELAYED_PROJECT,1,MEDIUM,TIMELINE,LOW
MPLADS-002730,LEGITIMATE,0,LOW,NONE,LOW
MPLADS-002731,LEGITIMATE,0,LOW,NONE,LOW
MPLADS-002732,HIGH_VALUE_LEGITIMATE,0,LOW,NONE,LOW
MPLADS-002733,HIGH_VALUE_LEGITIMATE,0,MEDIUM,NONE,LOW
MPLADS-002734,LEGITIMATE,0,LOW,NONE,LOW
MPLADS-002735,LEGITIMATE,0,LOW,NONE,LOW
MPLADS-002736,HIGH_VALUE_LEGITIMATE,0,LOW,NONE,LOW
MPLADS-002737,LEGITIMATE,0,LOW,NONE,LOW
MPLADS-002738,LEGITIMATE,0,LOW,NONE,LOW
MPLADS-002739,LEGITIMATE,0,LOW,NONE,LOW
MPLADS-002740,LEGITIMATE,0,LOW,NONE,LOW
MPLADS-002741,LEGITIMATE,0,LOW,NONE,LOW
MPLADS-002742,LEGITIMATE,0,LOW,NONE,LOW
MPLADS-002743,LEGITIMATE,0,LOW,NONE,LOW
MPLADS-002744,LEGITIMATE,0,LOW,NONE,LOW
MPLADS-002745,LEGITIMATE,0,LOW,NONE,LOW
MPLADS-002746,DUPLICATE_PROJECT,1,HIGH,DUPLICATE_PROJECT,HIGH
MPLADS-002747,LEGITIMATE,0,LOW,NONE,LOW
MPLADS-002748,LEGITIMATE,0,LOW,NONE,LOW
MPLADS-002749,LEGITIMATE,0,LOW,NONE,LOW
MPLADS-002750,GHOST_WORK,1,CRITICAL,GHOST_WORK,URGENT
MPLADS-002751,LEGITIMATE,0,LOW,NONE,LOW
MPLADS-002752,PAYMENT_PROGRESS_MISMATCH,1,CRITICAL,PROGRESS,URGENT
MPLADS-002753,LEGITIMATE,0,LOW,NONE,LOW
MPLADS-002754,LEGITIMATE,0,LOW,NONE,LOW
MPLADS-002755,LEGITIMATE,0,LOW,NONE,LOW
MPLADS-002756,LEGITIMATE,0,LOW,NONE,LOW
MPLADS-002757,LEGITIMATE,0,LOW,NONE,LOW
MPLADS-002758,HIGH_VALUE_LEGITIMATE,0,LOW,NONE,LOW
MPLADS-002759,LEGITIMATE,0,LOW,NONE,LOW
MPLADS-002760,COST_OVERRUN,1,HIGH,COST,HIGH
MPLADS-002761,DELAYED_PROJECT,1,MEDIUM,TIMELINE,LOW
MPLADS-002762,PAYMENT_PROGRESS_MISMATCH,1,CRITICAL,PROGRESS,URGENT
MPLADS-002763,SUSPICIOUS_PROCUREMENT,1,HIGH,PROCUREMENT,HIGH
MPLADS-002764,LEGITIMATE,0,LOW,NONE,LOW
MPLADS-002765,LEGITIMATE,0,LOW,NONE,LOW
MPLADS-002766,LEGITIMATE,0,LOW,NONE,LOW
MPLADS-002767,LEGITIMATE,0,LOW,NONE,LOW
MPLADS-002768,CONTRACTOR_MONOPOLY,1,HIGH,CONTRACTOR,HIGH
MPLADS-002769,LEGITIMATE,0,LOW,NONE,LOW
MPLADS-002770,LEGITIMATE,0,LOW,NONE,LOW
MPLADS-002771,LEGITIMATE,0,LOW,NONE,LOW
MPLADS-002772,HIGH_VALUE_LEGITIMATE,0,MEDIUM,NONE,LOW
MPLADS-002773,LEGITIMATE,0,LOW,NONE,LOW
MPLADS-002774,LEGITIMATE,0,LOW,NONE,LOW
MPLADS-002775,LEGITIMATE,0,LOW,NONE,LOW
MPLADS-002776,HIGH_VALUE_LEGITIMATE,0,LOW,NONE,LOW
MPLADS-002777,LEGITIMATE,0,LOW,NONE,LOW
MPLADS-002778,HIGH_VALUE_LEGITIMATE,0,MEDIUM,NONE,LOW
MPLADS-002779,LEGITIMATE,0,LOW,NONE,LOW
MPLADS-002780,LEGITIMATE,0,LOW,NONE,LOW
MPLADS-002781,LEGITIMATE,0,LOW,NONE,LOW
MPLADS-002782,COST_OVERRUN,1,HIGH,COST,HIGH
MPLADS-002783,LEGITIMATE,0,LOW,NONE,LOW
MPLADS-002784,LEGITIMATE,0,LOW,NONE,LOW
MPLADS-002785,GHOST_WORK,1,CRITICAL,GHOST_WORK,URGENT
MPLADS-002786,LEGITIMATE,0,LOW,NONE,LOW
MPLADS-002787,LEGITIMATE,0,LOW,NONE,LOW
MPLADS-002788,LEGITIMATE,0,LOW,NONE,LOW
MPLADS-002789,LEGITIMATE,0,LOW,NONE,LOW
MPLADS-002790,LEGITIMATE,0,LOW,NONE,LOW
MPLADS-002791,LEGITIMATE,0,LOW,NONE,LOW
MPLADS-002792,LEGITIMATE,0,LOW,NONE,LOW
MPLADS-002793,LEGITIMATE,0,LOW,NONE,LOW
MPLADS-002794,LEGITIMATE,0,LOW,NONE,LOW
MPLADS-002795,LEGITIMATE,0,LOW,NONE,LOW
MPLADS-002796,LEGITIMATE,0,LOW,NONE,LOW
MPLADS-002797,LEGITIMATE,0,LOW,NONE,LOW
MPLADS-002798,LEGITIMATE,0,LOW,NONE,LOW
MPLADS-002799,LEGITIMATE,0,LOW,NONE,LOW
MPLADS-002800,DELAYED_PROJECT,1,MEDIUM,TIMELINE,LOW
MPLADS-002801,PAYMENT_PROGRESS_MISMATCH,1,CRITICAL,PROGRESS,URGENT
MPLADS-002802,LEGITIMATE,0,LOW,NONE,LOW
MPLADS-002803,LEGITIMATE,0,LOW,NONE,LOW
MPLADS-002804,LEGITIMATE,0,LOW,NONE,LOW
MPLADS-002805,LEGITIMATE,0,LOW,NONE,LOW
MPLADS-002806,LEGITIMATE,0,LOW,NONE,LOW
MPLADS-002807,LEGITIMATE,0,LOW,NONE,LOW
MPLADS-002808,HIGH_VALUE_LEGITIMATE,0,MEDIUM,NONE,LOW
MPLADS-002809,LEGITIMATE,0,LOW,NONE,LOW
MPLADS-002810,LEGITIMATE,0,LOW,NONE,LOW
MPLADS-002811,LEGITIMATE,0,LOW,NONE,LOW
MPLADS-002812,LEGITIMATE,0,LOW,NONE,LOW
MPLADS-002813,LEGITIMATE,0,LOW,NONE,LOW
MPLADS-002814,COST_OVERRUN,1,HIGH,COST,HIGH
MPLADS-002815,LEGITIMATE,0,LOW,NONE,LOW
MPLADS-002816,HIGH_VALUE_LEGITIMATE,0,MEDIUM,NONE,LOW
MPLADS-002817,LEGITIMATE,0,LOW,NONE,LOW
MPLADS-002818,SUSPICIOUS_PROCUREMENT,1,HIGH,PROCUREMENT,HIGH
MPLADS-002819,LEGITIMATE,0,LOW,NONE,LOW
MPLADS-002820,LEGITIMATE,0,LOW,NONE,LOW
MPLADS-002821,LEGITIMATE,0,LOW,NONE,LOW
MPLADS-002822,LEGITIMATE,0,LOW,NONE,LOW
MPLADS-002823,HIGH_VALUE_LEGITIMATE,0,LOW,NONE,LOW
MPLADS-002824,LEGITIMATE,0,LOW,NONE,LOW
MPLADS-002825,LEGITIMATE,0,LOW,NONE,LOW
MPLADS-002826,LEGITIMATE,0,LOW,NONE,LOW
MPLADS-002827,LEGITIMATE,0,LOW,NONE,LOW
MPLADS-002828,HIGH_VALUE_LEGITIMATE,0,LOW,NONE,LOW
MPLADS-002829,LEGITIMATE,0,LOW,NONE,LOW
MPLADS-002830,LEGITIMATE,0,LOW,NONE,LOW
MPLADS-002831,LEGITIMATE,0,LOW,NONE,LOW
MPLADS-002832,LEGITIMATE,0,LOW,NONE,LOW
MPLADS-002833,DELAYED_PROJECT,1,MEDIUM,TIMELINE,LOW
MPLADS-002834,LEGITIMATE,0,LOW,NONE,LOW
MPLADS-002835,LEGITIMATE,0,LOW,NONE,LOW
MPLADS-002836,LEGITIMATE,0,LOW,NONE,LOW
MPLADS-002837,HIGH_VALUE_LEGITIMATE,0,LOW,NONE,LOW
MPLADS-002838,LEGITIMATE,0,LOW,NONE,LOW
MPLADS-002839,LEGITIMATE,0,LOW,NONE,LOW
MPLADS-002840,LEGITIMATE,0,LOW,NONE,LOW
MPLADS-002841,GHOST_WORK,1,CRITICAL,GHOST_WORK,URGENT
MPLADS-002842,LEGITIMATE,0,LOW,NONE,LOW
MPLADS-002843,PAYMENT_PROGRESS_MISMATCH,1,CRITICAL,PROGRESS,URGENT
MPLADS-002844,LEGITIMATE,0,LOW,NONE,LOW
MPLADS-002845,LEGITIMATE,0,LOW,NONE,LOW
MPLADS-002846,LEGITIMATE,0,LOW,NONE,LOW
MPLADS-002847,COST_OVERRUN,1,HIGH,COST,HIGH
MPLADS-002848,CONTRACTOR_MONOPOLY,1,HIGH,CONTRACTOR,HIGH
MPLADS-002849,LEGITIMATE,0,LOW,NONE,LOW
MPLADS-002850,PAYMENT_PROGRESS_MISMATCH,1,CRITICAL,PROGRESS,URGENT
MPLADS-002851,LEGITIMATE,0,LOW,NONE,LOW
MPLADS-002852,HIGH_VALUE_LEGITIMATE,0,MEDIUM,NONE,LOW
MPLADS-002853,HIGH_VALUE_LEGITIMATE,0,MEDIUM,NONE,LOW
MPLADS-002854,HIGH_VALUE_LEGITIMATE,0,MEDIUM,NONE,LOW
MPLADS-002855,DOCUMENTATION_ANOMALY,1,HIGH,DOCUMENTATION,HIGH
MPLADS-002856,LEGITIMATE,0,LOW,NONE,LOW
MPLADS-002857,COST_OVERRUN,1,HIGH,COST,HIGH
MPLADS-002858,DELAYED_PROJECT,1,MEDIUM,TIMELINE,LOW
MPLADS-002859,LEGITIMATE,0,LOW,NONE,LOW
MPLADS-002860,HIGH_VALUE_LEGITIMATE,0,MEDIUM,NONE,LOW
MPLADS-002861,LEGITIMATE,0,LOW,NONE,LOW
MPLADS-002862,DELAYED_PROJECT,1,MEDIUM,TIMELINE,LOW
MPLADS-002863,PAYMENT_PROGRESS_MISMATCH,1,CRITICAL,PROGRESS,URGENT
MPLADS-002864,DUPLICATE_PROJECT,1,HIGH,DUPLICATE_PROJECT,HIGH
MPLADS-002865,PAYMENT_PROGRESS_MISMATCH,1,CRITICAL,PROGRESS,URGENT
MPLADS-002866,LEGITIMATE,0,LOW,NONE,LOW
MPLADS-002867,COST_OVERRUN,1,HIGH,COST,HIGH
MPLADS-002868,LEGITIMATE,0,LOW,NONE,LOW
MPLADS-002869,SUSPICIOUS_PROCUREMENT,1,HIGH,PROCUREMENT,HIGH
MPLADS-002870,DELAYED_PROJECT,1,MEDIUM,TIMELINE,LOW
MPLADS-002871,LEGITIMATE,0,LOW,NONE,LOW
MPLADS-002872,LEGITIMATE,0,LOW,NONE,LOW
MPLADS-002873,LEGITIMATE,0,LOW,NONE,LOW
MPLADS-002874,LEGITIMATE,0,LOW,NONE,LOW
MPLADS-002875,LEGITIMATE,0,LOW,NONE,LOW
MPLADS-002876,LEGITIMATE,0,LOW,NONE,LOW
MPLADS-002877,LEGITIMATE,0,LOW,NONE,LOW
MPLADS-002878,LEGITIMATE,0,LOW,NONE,LOW
MPLADS-002879,GHOST_WORK,1,CRITICAL,GHOST_WORK,URGENT
MPLADS-002880,LEGITIMATE,0,LOW,NONE,LOW
MPLADS-002881,PAYMENT_PROGRESS_MISMATCH,1,CRITICAL,PROGRESS,URGENT
MPLADS-002882,LEGITIMATE,0,LOW,NONE,LOW
MPLADS-002883,HIGH_VALUE_LEGITIMATE,0,LOW,NONE,LOW
MPLADS-002884,LEGITIMATE,0,LOW,NONE,LOW
MPLADS-002885,LEGITIMATE,0,LOW,NONE,LOW
MPLADS-002886,LEGITIMATE,0,LOW,NONE,LOW
MPLADS-002887,LEGITIMATE,0,LOW,NONE,LOW
MPLADS-002888,LEGITIMATE,0,LOW,NONE,LOW
MPLADS-002889,LEGITIMATE,0,LOW,NONE,LOW
MPLADS-002890,LEGITIMATE,0,LOW,NONE,LOW
MPLADS-002891,LEGITIMATE,0,LOW,NONE,LOW
MPLADS-002892,HIGH_VALUE_LEGITIMATE,0,MEDIUM,NONE,LOW
MPLADS-002893,LEGITIMATE,0,LOW,NONE,LOW
MPLADS-002894,LEGITIMATE,0,LOW,NONE,LOW
MPLADS-002895,GHOST_WORK,1,CRITICAL,GHOST_WORK,URGENT
MPLADS-002896,LEGITIMATE,0,LOW,NONE,LOW
MPLADS-002897,LEGITIMATE,0,LOW,NONE,LOW
MPLADS-002898,COST_OVERRUN,1,HIGH,COST,HIGH
MPLADS-002899,LEGITIMATE,0,LOW,NONE,LOW
MPLADS-002900,LEGITIMATE,0,LOW,NONE,LOW
MPLADS-002901,LEGITIMATE,0,LOW,NONE,LOW
MPLADS-002902,LEGITIMATE,0,LOW,NONE,LOW
MPLADS-002903,LEGITIMATE,0,LOW,NONE,LOW
MPLADS-002904,HIGH_VALUE_LEGITIMATE,0,MEDIUM,NONE,LOW
MPLADS-002905,GHOST_WORK,1,CRITICAL,GHOST_WORK,URGENT
MPLADS-002906,HIGH_VALUE_LEGITIMATE,0,LOW,NONE,LOW
MPLADS-002907,LEGITIMATE,0,LOW,NONE,LOW
MPLADS-002908,ABANDONED_PROJECT,1,HIGH,ABANDONED_PROJECT,HIGH
MPLADS-002909,LEGITIMATE,0,LOW,NONE,LOW
MPLADS-002910,LEGITIMATE,0,LOW,NONE,LOW
MPLADS-002911,COST_OVERRUN,1,HIGH,COST,HIGH
MPLADS-002912,LEGITIMATE,0,LOW,NONE,LOW
MPLADS-002913,LEGITIMATE,0,LOW,NONE,LOW
MPLADS-002914,LEGITIMATE,0,LOW,NONE,LOW
MPLADS-002915,ABANDONED_PROJECT,1,HIGH,ABANDONED_PROJECT,HIGH
MPLADS-002916,HIGH_VALUE_LEGITIMATE,0,MEDIUM,NONE,LOW
MPLADS-002917,LEGITIMATE,0,LOW,NONE,LOW
MPLADS-002918,LEGITIMATE,0,LOW,NONE,LOW
MPLADS-002919,SUSPICIOUS_PROCUREMENT,1,HIGH,PROCUREMENT,HIGH
MPLADS-002920,HIGH_VALUE_LEGITIMATE,0,LOW,NONE,LOW
MPLADS-002921,LEGITIMATE,0,LOW,NONE,LOW
MPLADS-002922,LEGITIMATE,0,LOW,NONE,LOW
MPLADS-002923,DUPLICATE_PROJECT,1,HIGH,DUPLICATE_PROJECT,HIGH
MPLADS-002924,HIGH_VALUE_LEGITIMATE,0,MEDIUM,NONE,LOW
MPLADS-002925,LEGITIMATE,0,LOW,NONE,LOW
MPLADS-002926,PAYMENT_PROGRESS_MISMATCH,1,CRITICAL,PROGRESS,URGENT
MPLADS-002927,DELAYED_PROJECT,1,MEDIUM,TIMELINE,LOW
MPLADS-002928,LEGITIMATE,0,LOW,NONE,LOW
MPLADS-002929,LEGITIMATE,0,LOW,NONE,LOW
MPLADS-002930,LEGITIMATE,0,LOW,NONE,LOW
MPLADS-002931,PAYMENT_PROGRESS_MISMATCH,1,CRITICAL,PROGRESS,URGENT
MPLADS-002932,LEGITIMATE,0,LOW,NONE,LOW
MPLADS-002933,LEGITIMATE,0,LOW,NONE,LOW
MPLADS-002934,CONTRACTOR_MONOPOLY,1,HIGH,CONTRACTOR,HIGH
MPLADS-002935,LEGITIMATE,0,LOW,NONE,LOW
MPLADS-002936,LEGITIMATE,0,LOW,NONE,LOW
MPLADS-002937,LEGITIMATE,0,LOW,NONE,LOW
MPLADS-002938,LEGITIMATE,0,LOW,NONE,LOW
MPLADS-002939,LEGITIMATE,0,LOW,NONE,LOW
MPLADS-002940,LEGITIMATE,0,LOW,NONE,LOW
MPLADS-002941,LEGITIMATE,0,LOW,NONE,LOW
MPLADS-002942,LEGITIMATE,0,LOW,NONE,LOW
MPLADS-002943,HIGH_VALUE_LEGITIMATE,0,MEDIUM,NONE,LOW
MPLADS-002944,PAYMENT_PROGRESS_MISMATCH,1,CRITICAL,PROGRESS,URGENT
MPLADS-002945,HIGH_VALUE_LEGITIMATE,0,MEDIUM,NONE,LOW
MPLADS-002946,LEGITIMATE,0,LOW,NONE,LOW
MPLADS-002947,LEGITIMATE,0,LOW,NONE,LOW
MPLADS-002948,SUSPICIOUS_CONTRACTOR,1,HIGH,SUSPICIOUS_CONTRACTOR,HIGH
MPLADS-002949,LEGITIMATE,0,LOW,NONE,LOW
MPLADS-002950,LEGITIMATE,0,LOW,NONE,LOW
MPLADS-002951,LEGITIMATE,0,LOW,NONE,LOW
MPLADS-002952,LEGITIMATE,0,LOW,NONE,LOW
MPLADS-002953,LEGITIMATE,0,LOW,NONE,LOW
MPLADS-002954,LEGITIMATE,0,LOW,NONE,LOW
MPLADS-002955,LEGITIMATE,0,LOW,NONE,LOW
MPLADS-002956,HIGH_VALUE_LEGITIMATE,0,MEDIUM,NONE,LOW
MPLADS-002957,COST_OVERRUN,1,HIGH,COST,HIGH
MPLADS-002958,LEGITIMATE,0,LOW,NONE,LOW
MPLADS-002959,LEGITIMATE,0,LOW,NONE,LOW
MPLADS-002960,LEGITIMATE,0,LOW,NONE,LOW
MPLADS-002961,HIGH_VALUE_LEGITIMATE,0,LOW,NONE,LOW
MPLADS-002962,COST_OVERRUN,1,HIGH,COST,HIGH
MPLADS-002963,HIGH_VALUE_LEGITIMATE,0,LOW,NONE,LOW
MPLADS-002964,PAYMENT_PROGRESS_MISMATCH,1,CRITICAL,PROGRESS,URGENT
MPLADS-002965,LEGITIMATE,0,LOW,NONE,LOW
MPLADS-002966,LEGITIMATE,0,LOW,NONE,LOW
MPLADS-002967,LEGITIMATE,0,LOW,NONE,LOW
MPLADS-002968,LEGITIMATE,0,LOW,NONE,LOW
MPLADS-002969,LEGITIMATE,0,LOW,NONE,LOW
MPLADS-002970,DOCUMENTATION_ANOMALY,1,HIGH,DOCUMENTATION,HIGH
MPLADS-002971,SUSPICIOUS_CONTRACTOR,1,HIGH,SUSPICIOUS_CONTRACTOR,HIGH
MPLADS-002972,LEGITIMATE,0,LOW,NONE,LOW
MPLADS-002973,LEGITIMATE,0,LOW,NONE,LOW
MPLADS-002974,LEGITIMATE,0,LOW,NONE,LOW
MPLADS-002975,LEGITIMATE,0,LOW,NONE,LOW
MPLADS-002976,LEGITIMATE,0,LOW,NONE,LOW
MPLADS-002977,LEGITIMATE,0,LOW,NONE,LOW
MPLADS-002978,LEGITIMATE,0,LOW,NONE,LOW
MPLADS-002979,LEGITIMATE,0,LOW,NONE,LOW
MPLADS-002980,PAYMENT_PROGRESS_MISMATCH,1,CRITICAL,PROGRESS,URGENT
MPLADS-002981,LEGITIMATE,0,LOW,NONE,LOW
MPLADS-002982,HIGH_VALUE_LEGITIMATE,0,MEDIUM,NONE,LOW
MPLADS-002983,PAYMENT_PROGRESS_MISMATCH,1,CRITICAL,PROGRESS,URGENT
MPLADS-002984,SUSPICIOUS_CONTRACTOR,1,HIGH,SUSPICIOUS_CONTRACTOR,HIGH
MPLADS-002985,LEGITIMATE,0,LOW,NONE,LOW
MPLADS-002986,LEGITIMATE,0,LOW,NONE,LOW
MPLADS-002987,LEGITIMATE,0,LOW,NONE,LOW
MPLADS-002988,LEGITIMATE,0,LOW,NONE,LOW
MPLADS-002989,COST_OVERRUN,1,HIGH,COST,HIGH
MPLADS-002990,COST_OVERRUN,1,HIGH,COST,HIGH
MPLADS-002991,SUSPICIOUS_PROCUREMENT,1,HIGH,PROCUREMENT,HIGH
MPLADS-002992,LEGITIMATE,0,LOW,NONE,LOW
MPLADS-002993,HIGH_VALUE_LEGITIMATE,0,LOW,NONE,LOW
MPLADS-002994,GHOST_WORK,1,CRITICAL,GHOST_WORK,URGENT
MPLADS-002995,HIGH_VALUE_LEGITIMATE,0,LOW,NONE,LOW
MPLADS-002996,HIGH_VALUE_LEGITIMATE,0,MEDIUM,NONE,LOW
MPLADS-002997,LEGITIMATE,0,LOW,NONE,LOW
MPLADS-002998,LEGITIMATE,0,LOW,NONE,LOW
MPLADS-002999,DELAYED_PROJECT,1,MEDIUM,TIMELINE,LOW
MPLADS-003000,LEGITIMATE,0,LOW,NONE,LOW
MPLADS-003001,LEGITIMATE,0,LOW,NONE,LOW
MPLADS-003002,LEGITIMATE,0,LOW,NONE,LOW
MPLADS-003003,GHOST_WORK,1,CRITICAL,GHOST_WORK,URGENT
MPLADS-003004,LEGITIMATE,0,LOW,NONE,LOW
MPLADS-003005,CONTRACTOR_MONOPOLY,1,HIGH,CONTRACTOR,HIGH
MPLADS-003006,LEGITIMATE,0,LOW,NONE,LOW
MPLADS-003007,LEGITIMATE,0,LOW,NONE,LOW
MPLADS-003008,LEGITIMATE,0,LOW,NONE,LOW
MPLADS-003009,PAYMENT_PROGRESS_MISMATCH,1,CRITICAL,PROGRESS,URGENT
MPLADS-003010,COST_OVERRUN,1,HIGH,COST,HIGH
MPLADS-003011,LEGITIMATE,0,LOW,NONE,LOW
MPLADS-003012,LEGITIMATE,0,LOW,NONE,LOW
MPLADS-003013,LEGITIMATE,0,LOW,NONE,LOW
MPLADS-003014,DUPLICATE_PROJECT,1,HIGH,DUPLICATE_PROJECT,HIGH
MPLADS-003015,HIGH_VALUE_LEGITIMATE,0,MEDIUM,NONE,LOW
MPLADS-003016,CONTRACTOR_MONOPOLY,1,HIGH,CONTRACTOR,HIGH
MPLADS-003017,ABANDONED_PROJECT,1,HIGH,ABANDONED_PROJECT,HIGH
MPLADS-003018,LEGITIMATE,0,LOW,NONE,LOW
MPLADS-003019,LEGITIMATE,0,LOW,NONE,LOW
MPLADS-003020,LEGITIMATE,0,LOW,NONE,LOW
MPLADS-003021,LEGITIMATE,0,LOW,NONE,LOW
MPLADS-003022,LEGITIMATE,0,LOW,NONE,LOW
MPLADS-003023,HIGH_VALUE_LEGITIMATE,0,MEDIUM,NONE,LOW
MPLADS-003024,LEGITIMATE,0,LOW,NONE,LOW
MPLADS-003025,LEGITIMATE,0,LOW,NONE,LOW
MPLADS-003026,LEGITIMATE,0,LOW,NONE,LOW
MPLADS-003027,LEGITIMATE,0,LOW,NONE,LOW
MPLADS-003028,CONTRACTOR_MONOPOLY,1,HIGH,CONTRACTOR,HIGH
MPLADS-003029,LEGITIMATE,0,LOW,NONE,LOW
MPLADS-003030,LEGITIMATE,0,LOW,NONE,LOW
MPLADS-003031,LEGITIMATE,0,LOW,NONE,LOW
MPLADS-003032,LEGITIMATE,0,LOW,NONE,LOW
MPLADS-003033,LEGITIMATE,0,LOW,NONE,LOW
MPLADS-003034,LEGITIMATE,0,LOW,NONE,LOW
MPLADS-003035,PAYMENT_PROGRESS_MISMATCH,1,CRITICAL,PROGRESS,URGENT
MPLADS-003036,LEGITIMATE,0,LOW,NONE,LOW
MPLADS-003037,LEGITIMATE,0,LOW,NONE,LOW
MPLADS-003038,LEGITIMATE,0,LOW,NONE,LOW
MPLADS-003039,HIGH_VALUE_LEGITIMATE,0,MEDIUM,NONE,LOW
MPLADS-003040,SUSPICIOUS_PROCUREMENT,1,HIGH,PROCUREMENT,HIGH
MPLADS-003041,LEGITIMATE,0,LOW,NONE,LOW
MPLADS-003042,HIGH_VALUE_LEGITIMATE,0,MEDIUM,NONE,LOW
MPLADS-003043,LEGITIMATE,0,LOW,NONE,LOW
MPLADS-003044,LEGITIMATE,0,LOW,NONE,LOW
MPLADS-003045,LEGITIMATE,0,LOW,NONE,LOW
MPLADS-003046,HIGH_VALUE_LEGITIMATE,0,LOW,NONE,LOW
MPLADS-003047,LEGITIMATE,0,LOW,NONE,LOW
MPLADS-003048,LEGITIMATE,0,LOW,NONE,LOW
MPLADS-003049,LEGITIMATE,0,LOW,NONE,LOW
MPLADS-003050,LEGITIMATE,0,LOW,NONE,LOW
MPLADS-003051,COST_OVERRUN,1,HIGH,COST,HIGH
MPLADS-003052,LEGITIMATE,0,LOW,NONE,LOW
MPLADS-003053,HIGH_VALUE_LEGITIMATE,0,MEDIUM,NONE,LOW
MPLADS-003054,HIGH_VALUE_LEGITIMATE,0,MEDIUM,NONE,LOW
MPLADS-003055,COST_OVERRUN,1,HIGH,COST,HIGH
MPLADS-003056,LEGITIMATE,0,LOW,NONE,LOW
MPLADS-003057,HIGH_VALUE_LEGITIMATE,0,LOW,NONE,LOW
MPLADS-003058,HIGH_VALUE_LEGITIMATE,0,MEDIUM,NONE,LOW
MPLADS-003059,LEGITIMATE,0,LOW,NONE,LOW
MPLADS-003060,LEGITIMATE,0,LOW,NONE,LOW
MPLADS-003061,LEGITIMATE,0,LOW,NONE,LOW
MPLADS-003062,LEGITIMATE,0,LOW,NONE,LOW
MPLADS-003063,LEGITIMATE,0,LOW,NONE,LOW
MPLADS-003064,LEGITIMATE,0,LOW,NONE,LOW
MPLADS-003065,ABANDONED_PROJECT,1,HIGH,ABANDONED_PROJECT,HIGH
MPLADS-003066,HIGH_VALUE_LEGITIMATE,0,MEDIUM,NONE,LOW
MPLADS-003067,LEGITIMATE,0,LOW,NONE,LOW
MPLADS-003068,LEGITIMATE,0,LOW,NONE,LOW
MPLADS-003069,HIGH_VALUE_LEGITIMATE,0,LOW,NONE,LOW
MPLADS-003070,LEGITIMATE,0,LOW,NONE,LOW
MPLADS-003071,PAYMENT_PROGRESS_MISMATCH,1,CRITICAL,PROGRESS,URGENT
MPLADS-003072,SUSPICIOUS_CONTRACTOR,1,HIGH,SUSPICIOUS_CONTRACTOR,HIGH
MPLADS-003073,LEGITIMATE,0,LOW,NONE,LOW
MPLADS-003074,LEGITIMATE,0,LOW,NONE,LOW
MPLADS-003075,LEGITIMATE,0,LOW,NONE,LOW
MPLADS-003076,LEGITIMATE,0,LOW,NONE,LOW
MPLADS-003077,COST_OVERRUN,1,HIGH,COST,HIGH
MPLADS-003078,GHOST_WORK,1,CRITICAL,GHOST_WORK,URGENT
MPLADS-003079,LEGITIMATE,0,LOW,NONE,LOW
MPLADS-003080,GHOST_WORK,1,CRITICAL,GHOST_WORK,URGENT
MPLADS-003081,LEGITIMATE,0,LOW,NONE,LOW
MPLADS-003082,LEGITIMATE,0,LOW,NONE,LOW
MPLADS-003083,LEGITIMATE,0,LOW,NONE,LOW
MPLADS-003084,LEGITIMATE,0,LOW,NONE,LOW
MPLADS-003085,LEGITIMATE,0,LOW,NONE,LOW
MPLADS-003086,LEGITIMATE,0,LOW,NONE,LOW
MPLADS-003087,LEGITIMATE,0,LOW,NONE,LOW
MPLADS-003088,GHOST_WORK,1,CRITICAL,GHOST_WORK,URGENT
MPLADS-003089,LEGITIMATE,0,LOW,NONE,LOW
MPLADS-003090,GHOST_WORK,1,CRITICAL,GHOST_WORK,URGENT
MPLADS-003091,LEGITIMATE,0,LOW,NONE,LOW
MPLADS-003092,LEGITIMATE,0,LOW,NONE,LOW
MPLADS-003093,LEGITIMATE,0,LOW,NONE,LOW
MPLADS-003094,LEGITIMATE,0,LOW,NONE,LOW
MPLADS-003095,LEGITIMATE,0,LOW,NONE,LOW
MPLADS-003096,HIGH_VALUE_LEGITIMATE,0,LOW,NONE,LOW
MPLADS-003097,HIGH_VALUE_LEGITIMATE,0,MEDIUM,NONE,LOW
MPLADS-003098,LEGITIMATE,0,LOW,NONE,LOW
MPLADS-003099,PAYMENT_PROGRESS_MISMATCH,1,CRITICAL,PROGRESS,URGENT
MPLADS-003100,PAYMENT_PROGRESS_MISMATCH,1,CRITICAL,PROGRESS,URGENT
MPLADS-003101,LEGITIMATE,0,LOW,NONE,LOW
MPLADS-003102,LEGITIMATE,0,LOW,NONE,LOW
MPLADS-003103,LEGITIMATE,0,LOW,NONE,LOW
MPLADS-003104,LEGITIMATE,0,LOW,NONE,LOW
MPLADS-003105,LEGITIMATE,0,LOW,NONE,LOW
MPLADS-003106,LEGITIMATE,0,LOW,NONE,LOW
MPLADS-003107,LEGITIMATE,0,LOW,NONE,LOW
MPLADS-003108,LEGITIMATE,0,LOW,NONE,LOW
MPLADS-003109,HIGH_VALUE_LEGITIMATE,0,MEDIUM,NONE,LOW
MPLADS-003110,LEGITIMATE,0,LOW,NONE,LOW
MPLADS-003111,LEGITIMATE,0,LOW,NONE,LOW
MPLADS-003112,LEGITIMATE,0,LOW,NONE,LOW
MPLADS-003113,LEGITIMATE,0,LOW,NONE,LOW
MPLADS-003114,PAYMENT_PROGRESS_MISMATCH,1,CRITICAL,PROGRESS,URGENT
MPLADS-003115,SUSPICIOUS_CONTRACTOR,1,HIGH,SUSPICIOUS_CONTRACTOR,HIGH
MPLADS-003116,HIGH_VALUE_LEGITIMATE,0,MEDIUM,NONE,LOW
MPLADS-003117,DELAYED_PROJECT,1,MEDIUM,TIMELINE,LOW
MPLADS-003118,HIGH_VALUE_LEGITIMATE,0,LOW,NONE,LOW
MPLADS-003119,HIGH_VALUE_LEGITIMATE,0,MEDIUM,NONE,LOW
MPLADS-003120,LEGITIMATE,0,LOW,NONE,LOW
MPLADS-003121,LEGITIMATE,0,LOW,NONE,LOW
MPLADS-003122,LEGITIMATE,0,LOW,NONE,LOW
MPLADS-003123,LEGITIMATE,0,LOW,NONE,LOW
MPLADS-003124,LEGITIMATE,0,LOW,NONE,LOW
MPLADS-003125,HIGH_VALUE_LEGITIMATE,0,LOW,NONE,LOW
MPLADS-003126,PAYMENT_PROGRESS_MISMATCH,1,CRITICAL,PROGRESS,URGENT
MPLADS-003127,ABANDONED_PROJECT,1,HIGH,ABANDONED_PROJECT,HIGH
MPLADS-003128,LEGITIMATE,0,LOW,NONE,LOW
MPLADS-003129,LEGITIMATE,0,LOW,NONE,LOW
MPLADS-003130,LEGITIMATE,0,LOW,NONE,LOW
MPLADS-003131,LEGITIMATE,0,LOW,NONE,LOW
MPLADS-003132,LEGITIMATE,0,LOW,NONE,LOW
MPLADS-003133,LEGITIMATE,0,LOW,NONE,LOW
MPLADS-003134,LEGITIMATE,0,LOW,NONE,LOW
MPLADS-003135,HIGH_VALUE_LEGITIMATE,0,MEDIUM,NONE,LOW
MPLADS-003136,LEGITIMATE,0,LOW,NONE,LOW
MPLADS-003137,LEGITIMATE,0,LOW,NONE,LOW
MPLADS-003138,LEGITIMATE,0,LOW,NONE,LOW
MPLADS-003139,LEGITIMATE,0,LOW,NONE,LOW
MPLADS-003140,LEGITIMATE,0,LOW,NONE,LOW
MPLADS-003141,PAYMENT_PROGRESS_MISMATCH,1,CRITICAL,PROGRESS,URGENT
MPLADS-003142,SUSPICIOUS_CONTRACTOR,1,HIGH,SUSPICIOUS_CONTRACTOR,HIGH
MPLADS-003143,DOCUMENTATION_ANOMALY,1,HIGH,DOCUMENTATION,HIGH
MPLADS-003144,HIGH_VALUE_LEGITIMATE,0,MEDIUM,NONE,LOW
MPLADS-003145,DELAYED_PROJECT,1,MEDIUM,TIMELINE,LOW
MPLADS-003146,LEGITIMATE,0,LOW,NONE,LOW
MPLADS-003147,LEGITIMATE,0,LOW,NONE,LOW
MPLADS-003148,LEGITIMATE,0,LOW,NONE,LOW
MPLADS-003149,HIGH_VALUE_LEGITIMATE,0,LOW,NONE,LOW
MPLADS-003150,LEGITIMATE,0,LOW,NONE,LOW
MPLADS-003151,LEGITIMATE,0,LOW,NONE,LOW
MPLADS-003152,SUSPICIOUS_PROCUREMENT,1,HIGH,PROCUREMENT,HIGH
MPLADS-003153,GHOST_WORK,1,CRITICAL,GHOST_WORK,URGENT
MPLADS-003154,LEGITIMATE,0,LOW,NONE,LOW
MPLADS-003155,HIGH_VALUE_LEGITIMATE,0,MEDIUM,NONE,LOW
MPLADS-003156,LEGITIMATE,0,LOW,NONE,LOW
MPLADS-003157,LEGITIMATE,0,LOW,NONE,LOW
MPLADS-003158,LEGITIMATE,0,LOW,NONE,LOW
MPLADS-003159,CONTRACTOR_MONOPOLY,1,HIGH,CONTRACTOR,HIGH
MPLADS-003160,HIGH_VALUE_LEGITIMATE,0,MEDIUM,NONE,LOW
MPLADS-003161,LEGITIMATE,0,LOW,NONE,LOW
MPLADS-003162,LEGITIMATE,0,LOW,NONE,LOW
MPLADS-003163,LEGITIMATE,0,LOW,NONE,LOW
MPLADS-003164,SUSPICIOUS_PROCUREMENT,1,HIGH,PROCUREMENT,HIGH
MPLADS-003165,LEGITIMATE,0,LOW,NONE,LOW
MPLADS-003166,HIGH_VALUE_LEGITIMATE,0,MEDIUM,NONE,LOW
MPLADS-003167,LEGITIMATE,0,LOW,NONE,LOW
MPLADS-003168,LEGITIMATE,0,LOW,NONE,LOW
MPLADS-003169,LEGITIMATE,0,LOW,NONE,LOW
MPLADS-003170,LEGITIMATE,0,LOW,NONE,LOW
MPLADS-003171,LEGITIMATE,0,LOW,NONE,LOW
MPLADS-003172,DUPLICATE_PROJECT,1,HIGH,DUPLICATE_PROJECT,HIGH
MPLADS-003173,HIGH_VALUE_LEGITIMATE,0,MEDIUM,NONE,LOW
MPLADS-003174,LEGITIMATE,0,LOW,NONE,LOW
MPLADS-003175,LEGITIMATE,0,LOW,NONE,LOW
MPLADS-003176,LEGITIMATE,0,LOW,NONE,LOW
MPLADS-003177,LEGITIMATE,0,LOW,NONE,LOW
MPLADS-003178,HIGH_VALUE_LEGITIMATE,0,MEDIUM,NONE,LOW
MPLADS-003179,LEGITIMATE,0,LOW,NONE,LOW
MPLADS-003180,LEGITIMATE,0,LOW,NONE,LOW
MPLADS-003181,LEGITIMATE,0,LOW,NONE,LOW
MPLADS-003182,LEGITIMATE,0,LOW,NONE,LOW
MPLADS-003183,LEGITIMATE,0,LOW,NONE,LOW
MPLADS-003184,DUPLICATE_PROJECT,1,HIGH,DUPLICATE_PROJECT,HIGH
MPLADS-003185,COST_OVERRUN,1,HIGH,COST,HIGH
MPLADS-003186,DUPLICATE_PROJECT,1,HIGH,DUPLICATE_PROJECT,HIGH
MPLADS-003187,LEGITIMATE,0,LOW,NONE,LOW
MPLADS-003188,LEGITIMATE,0,LOW,NONE,LOW
MPLADS-003189,LEGITIMATE,0,LOW,NONE,LOW
MPLADS-003190,LEGITIMATE,0,LOW,NONE,LOW
MPLADS-003191,LEGITIMATE,0,LOW,NONE,LOW
MPLADS-003192,DUPLICATE_PROJECT,1,HIGH,DUPLICATE_PROJECT,HIGH
MPLADS-003193,HIGH_VALUE_LEGITIMATE,0,MEDIUM,NONE,LOW
MPLADS-003194,LEGITIMATE,0,LOW,NONE,LOW
MPLADS-003195,DELAYED_PROJECT,1,MEDIUM,TIMELINE,LOW
MPLADS-003196,LEGITIMATE,0,LOW,NONE,LOW
MPLADS-003197,LEGITIMATE,0,LOW,NONE,LOW
MPLADS-003198,LEGITIMATE,0,LOW,NONE,LOW
MPLADS-003199,LEGITIMATE,0,LOW,NONE,LOW
MPLADS-003200,HIGH_VALUE_LEGITIMATE,0,LOW,NONE,LOW
MPLADS-003201,DELAYED_PROJECT,1,MEDIUM,TIMELINE,LOW
MPLADS-003202,LEGITIMATE,0,LOW,NONE,LOW
MPLADS-003203,DUPLICATE_PROJECT,1,HIGH,DUPLICATE_PROJECT,HIGH
MPLADS-003204,LEGITIMATE,0,LOW,NONE,LOW
MPLADS-003205,HIGH_VALUE_LEGITIMATE,0,LOW,NONE,LOW
MPLADS-003206,LEGITIMATE,0,LOW,NONE,LOW
MPLADS-003207,DELAYED_PROJECT,1,MEDIUM,TIMELINE,LOW
MPLADS-003208,LEGITIMATE,0,LOW,NONE,LOW
MPLADS-003209,HIGH_VALUE_LEGITIMATE,0,LOW,NONE,LOW
MPLADS-003210,DELAYED_PROJECT,1,MEDIUM,TIMELINE,LOW
MPLADS-003211,LEGITIMATE,0,LOW,NONE,LOW
MPLADS-003212,DELAYED_PROJECT,1,MEDIUM,TIMELINE,LOW
MPLADS-003213,LEGITIMATE,0,LOW,NONE,LOW
MPLADS-003214,HIGH_VALUE_LEGITIMATE,0,MEDIUM,NONE,LOW
MPLADS-003215,HIGH_VALUE_LEGITIMATE,0,MEDIUM,NONE,LOW
MPLADS-003216,LEGITIMATE,0,LOW,NONE,LOW
MPLADS-003217,LEGITIMATE,0,LOW,NONE,LOW
MPLADS-003218,COST_OVERRUN,1,HIGH,COST,HIGH
MPLADS-003219,GHOST_WORK,1,CRITICAL,GHOST_WORK,URGENT
MPLADS-003220,LEGITIMATE,0,LOW,NONE,LOW
MPLADS-003221,LEGITIMATE,0,LOW,NONE,LOW
MPLADS-003222,HIGH_VALUE_LEGITIMATE,0,LOW,NONE,LOW
MPLADS-003223,LEGITIMATE,0,LOW,NONE,LOW
MPLADS-003224,HIGH_VALUE_LEGITIMATE,0,LOW,NONE,LOW
MPLADS-003225,LEGITIMATE,0,LOW,NONE,LOW
MPLADS-003226,LEGITIMATE,0,LOW,NONE,LOW
MPLADS-003227,LEGITIMATE,0,LOW,NONE,LOW
MPLADS-003228,LEGITIMATE,0,LOW,NONE,LOW
MPLADS-003229,HIGH_VALUE_LEGITIMATE,0,MEDIUM,NONE,LOW
MPLADS-003230,LEGITIMATE,0,LOW,NONE,LOW
MPLADS-003231,LEGITIMATE,0,LOW,NONE,LOW
MPLADS-003232,LEGITIMATE,0,LOW,NONE,LOW
MPLADS-003233,LEGITIMATE,0,LOW,NONE,LOW
MPLADS-003234,LEGITIMATE,0,LOW,NONE,LOW
MPLADS-003235,LEGITIMATE,0,LOW,NONE,LOW
MPLADS-003236,LEGITIMATE,0,LOW,NONE,LOW
MPLADS-003237,LEGITIMATE,0,LOW,NONE,LOW
MPLADS-003238,LEGITIMATE,0,LOW,NONE,LOW
MPLADS-003239,HIGH_VALUE_LEGITIMATE,0,LOW,NONE,LOW
MPLADS-003240,LEGITIMATE,0,LOW,NONE,LOW
MPLADS-003241,HIGH_VALUE_LEGITIMATE,0,MEDIUM,NONE,LOW
MPLADS-003242,HIGH_VALUE_LEGITIMATE,0,LOW,NONE,LOW
MPLADS-003243,LEGITIMATE,0,LOW,NONE,LOW
MPLADS-003244,LEGITIMATE,0,LOW,NONE,LOW
MPLADS-003245,LEGITIMATE,0,LOW,NONE,LOW
MPLADS-003246,LEGITIMATE,0,LOW,NONE,LOW
MPLADS-003247,COST_OVERRUN,1,HIGH,COST,HIGH
MPLADS-003248,LEGITIMATE,0,LOW,NONE,LOW
MPLADS-003249,LEGITIMATE,0,LOW,NONE,LOW
MPLADS-003250,DUPLICATE_PROJECT,1,HIGH,DUPLICATE_PROJECT,HIGH
MPLADS-003251,LEGITIMATE,0,LOW,NONE,LOW
MPLADS-003252,LEGITIMATE,0,LOW,NONE,LOW
MPLADS-003253,LEGITIMATE,0,LOW,NONE,LOW
MPLADS-003254,LEGITIMATE,0,LOW,NONE,LOW
MPLADS-003255,HIGH_VALUE_LEGITIMATE,0,MEDIUM,NONE,LOW
MPLADS-003256,CONTRACTOR_MONOPOLY,1,HIGH,CONTRACTOR,HIGH
MPLADS-003257,LEGITIMATE,0,LOW,NONE,LOW
MPLADS-003258,HIGH_VALUE_LEGITIMATE,0,LOW,NONE,LOW
MPLADS-003259,LEGITIMATE,0,LOW,NONE,LOW
MPLADS-003260,LEGITIMATE,0,LOW,NONE,LOW
MPLADS-003261,LEGITIMATE,0,LOW,NONE,LOW
MPLADS-003262,GHOST_WORK,1,CRITICAL,GHOST_WORK,URGENT
MPLADS-003263,LEGITIMATE,0,LOW,NONE,LOW
MPLADS-003264,HIGH_VALUE_LEGITIMATE,0,MEDIUM,NONE,LOW
MPLADS-003265,COST_OVERRUN,1,HIGH,COST,HIGH
MPLADS-003266,LEGITIMATE,0,LOW,NONE,LOW
MPLADS-003267,LEGITIMATE,0,LOW,NONE,LOW
MPLADS-003268,LEGITIMATE,0,LOW,NONE,LOW
MPLADS-003269,LEGITIMATE,0,LOW,NONE,LOW
MPLADS-003270,LEGITIMATE,0,LOW,NONE,LOW
MPLADS-003271,LEGITIMATE,0,LOW,NONE,LOW
MPLADS-003272,PAYMENT_PROGRESS_MISMATCH,1,CRITICAL,PROGRESS,URGENT
MPLADS-003273,COST_OVERRUN,1,HIGH,COST,HIGH
MPLADS-003274,HIGH_VALUE_LEGITIMATE,0,MEDIUM,NONE,LOW
MPLADS-003275,PAYMENT_PROGRESS_MISMATCH,1,CRITICAL,PROGRESS,URGENT
MPLADS-003276,LEGITIMATE,0,LOW,NONE,LOW
MPLADS-003277,LEGITIMATE,0,LOW,NONE,LOW
MPLADS-003278,LEGITIMATE,0,LOW,NONE,LOW
MPLADS-003279,LEGITIMATE,0,LOW,NONE,LOW
MPLADS-003280,DELAYED_PROJECT,1,MEDIUM,TIMELINE,LOW
MPLADS-003281,LEGITIMATE,0,LOW,NONE,LOW
MPLADS-003282,LEGITIMATE,0,LOW,NONE,LOW
MPLADS-003283,LEGITIMATE,0,LOW,NONE,LOW
MPLADS-003284,LEGITIMATE,0,LOW,NONE,LOW
MPLADS-003285,LEGITIMATE,0,LOW,NONE,LOW
MPLADS-003286,LEGITIMATE,0,LOW,NONE,LOW
MPLADS-003287,HIGH_VALUE_LEGITIMATE,0,LOW,NONE,LOW
MPLADS-003288,LEGITIMATE,0,LOW,NONE,LOW
MPLADS-003289,ABANDONED_PROJECT,1,HIGH,ABANDONED_PROJECT,HIGH
MPLADS-003290,LEGITIMATE,0,LOW,NONE,LOW
MPLADS-003291,LEGITIMATE,0,LOW,NONE,LOW
MPLADS-003292,LEGITIMATE,0,LOW,NONE,LOW
MPLADS-003293,LEGITIMATE,0,LOW,NONE,LOW
MPLADS-003294,LEGITIMATE,0,LOW,NONE,LOW
MPLADS-003295,LEGITIMATE,0,LOW,NONE,LOW
MPLADS-003296,LEGITIMATE,0,LOW,NONE,LOW
MPLADS-003297,LEGITIMATE,0,LOW,NONE,LOW
MPLADS-003298,LEGITIMATE,0,LOW,NONE,LOW
MPLADS-003299,LEGITIMATE,0,LOW,NONE,LOW
MPLADS-003300,LEGITIMATE,0,LOW,NONE,LOW
MPLADS-003301,LEGITIMATE,0,LOW,NONE,LOW
MPLADS-003302,HIGH_VALUE_LEGITIMATE,0,LOW,NONE,LOW
MPLADS-003303,HIGH_VALUE_LEGITIMATE,0,LOW,NONE,LOW
MPLADS-003304,LEGITIMATE,0,LOW,NONE,LOW
MPLADS-003305,LEGITIMATE,0,LOW,NONE,LOW
MPLADS-003306,LEGITIMATE,0,LOW,NONE,LOW
MPLADS-003307,LEGITIMATE,0,LOW,NONE,LOW
MPLADS-003308,HIGH_VALUE_LEGITIMATE,0,MEDIUM,NONE,LOW
MPLADS-003309,PAYMENT_PROGRESS_MISMATCH,1,CRITICAL,PROGRESS,URGENT
MPLADS-003310,ABANDONED_PROJECT,1,HIGH,ABANDONED_PROJECT,HIGH
MPLADS-003311,DELAYED_PROJECT,1,MEDIUM,TIMELINE,LOW
MPLADS-003312,LEGITIMATE,0,LOW,NONE,LOW
MPLADS-003313,LEGITIMATE,0,LOW,NONE,LOW
MPLADS-003314,LEGITIMATE,0,LOW,NONE,LOW
MPLADS-003315,LEGITIMATE,0,LOW,NONE,LOW
MPLADS-003316,LEGITIMATE,0,LOW,NONE,LOW
MPLADS-003317,LEGITIMATE,0,LOW,NONE,LOW
MPLADS-003318,HIGH_VALUE_LEGITIMATE,0,LOW,NONE,LOW
MPLADS-003319,LEGITIMATE,0,LOW,NONE,LOW
MPLADS-003320,DELAYED_PROJECT,1,MEDIUM,TIMELINE,LOW
MPLADS-003321,LEGITIMATE,0,LOW,NONE,LOW
MPLADS-003322,LEGITIMATE,0,LOW,NONE,LOW
MPLADS-003323,HIGH_VALUE_LEGITIMATE,0,MEDIUM,NONE,LOW
MPLADS-003324,LEGITIMATE,0,LOW,NONE,LOW
MPLADS-003325,HIGH_VALUE_LEGITIMATE,0,MEDIUM,NONE,LOW
MPLADS-003326,LEGITIMATE,0,LOW,NONE,LOW
MPLADS-003327,DELAYED_PROJECT,1,MEDIUM,TIMELINE,LOW
MPLADS-003328,LEGITIMATE,0,LOW,NONE,LOW
MPLADS-003329,LEGITIMATE,0,LOW,NONE,LOW
MPLADS-003330,LEGITIMATE,0,LOW,NONE,LOW
MPLADS-003331,LEGITIMATE,0,LOW,NONE,LOW
MPLADS-003332,LEGITIMATE,0,LOW,NONE,LOW
MPLADS-003333,LEGITIMATE,0,LOW,NONE,LOW
MPLADS-003334,CONTRACTOR_MONOPOLY,1,HIGH,CONTRACTOR,HIGH
MPLADS-003335,HIGH_VALUE_LEGITIMATE,0,LOW,NONE,LOW
MPLADS-003336,LEGITIMATE,0,LOW,NONE,LOW
MPLADS-003337,LEGITIMATE,0,LOW,NONE,LOW
MPLADS-003338,LEGITIMATE,0,LOW,NONE,LOW
MPLADS-003339,PAYMENT_PROGRESS_MISMATCH,1,CRITICAL,PROGRESS,URGENT
MPLADS-003340,COST_OVERRUN,1,HIGH,COST,HIGH
MPLADS-003341,LEGITIMATE,0,LOW,NONE,LOW
MPLADS-003342,LEGITIMATE,0,LOW,NONE,LOW
MPLADS-003343,LEGITIMATE,0,LOW,NONE,LOW
MPLADS-003344,PAYMENT_PROGRESS_MISMATCH,1,CRITICAL,PROGRESS,URGENT
MPLADS-003345,COST_OVERRUN,1,HIGH,COST,HIGH
MPLADS-003346,SUSPICIOUS_CONTRACTOR,1,HIGH,SUSPICIOUS_CONTRACTOR,HIGH
MPLADS-003347,LEGITIMATE,0,LOW,NONE,LOW
MPLADS-003348,LEGITIMATE,0,LOW,NONE,LOW
MPLADS-003349,LEGITIMATE,0,LOW,NONE,LOW
MPLADS-003350,ABANDONED_PROJECT,1,HIGH,ABANDONED_PROJECT,HIGH
MPLADS-003351,LEGITIMATE,0,LOW,NONE,LOW
MPLADS-003352,LEGITIMATE,0,LOW,NONE,LOW
MPLADS-003353,LEGITIMATE,0,LOW,NONE,LOW
MPLADS-003354,HIGH_VALUE_LEGITIMATE,0,MEDIUM,NONE,LOW
MPLADS-003355,LEGITIMATE,0,LOW,NONE,LOW
MPLADS-003356,LEGITIMATE,0,LOW,NONE,LOW
MPLADS-003357,LEGITIMATE,0,LOW,NONE,LOW
MPLADS-003358,LEGITIMATE,0,LOW,NONE,LOW
MPLADS-003359,HIGH_VALUE_LEGITIMATE,0,LOW,NONE,LOW
MPLADS-003360,CONTRACTOR_MONOPOLY,1,HIGH,CONTRACTOR,HIGH
MPLADS-003361,LEGITIMATE,0,LOW,NONE,LOW
MPLADS-003362,LEGITIMATE,0,LOW,NONE,LOW
MPLADS-003363,LEGITIMATE,0,LOW,NONE,LOW
MPLADS-003364,LEGITIMATE,0,LOW,NONE,LOW
MPLADS-003365,LEGITIMATE,0,LOW,NONE,LOW
MPLADS-003366,LEGITIMATE,0,LOW,NONE,LOW
MPLADS-003367,LEGITIMATE,0,LOW,NONE,LOW
MPLADS-003368,LEGITIMATE,0,LOW,NONE,LOW
MPLADS-003369,LEGITIMATE,0,LOW,NONE,LOW
MPLADS-003370,HIGH_VALUE_LEGITIMATE,0,LOW,NONE,LOW
MPLADS-003371,LEGITIMATE,0,LOW,NONE,LOW
MPLADS-003372,LEGITIMATE,0,LOW,NONE,LOW
MPLADS-003373,LEGITIMATE,0,LOW,NONE,LOW
MPLADS-003374,HIGH_VALUE_LEGITIMATE,0,MEDIUM,NONE,LOW
MPLADS-003375,LEGITIMATE,0,LOW,NONE,LOW
MPLADS-003376,LEGITIMATE,0,LOW,NONE,LOW
MPLADS-003377,SUSPICIOUS_CONTRACTOR,1,HIGH,SUSPICIOUS_CONTRACTOR,HIGH
MPLADS-003378,LEGITIMATE,0,LOW,NONE,LOW
MPLADS-003379,HIGH_VALUE_LEGITIMATE,0,LOW,NONE,LOW
MPLADS-003380,HIGH_VALUE_LEGITIMATE,0,MEDIUM,NONE,LOW
MPLADS-003381,LEGITIMATE,0,LOW,NONE,LOW
MPLADS-003382,LEGITIMATE,0,LOW,NONE,LOW
MPLADS-003383,LEGITIMATE,0,LOW,NONE,LOW
MPLADS-003384,LEGITIMATE,0,LOW,NONE,LOW
MPLADS-003385,LEGITIMATE,0,LOW,NONE,LOW
MPLADS-003386,LEGITIMATE,0,LOW,NONE,LOW
MPLADS-003387,LEGITIMATE,0,LOW,NONE,LOW
MPLADS-003388,COST_OVERRUN,1,HIGH,COST,HIGH
MPLADS-003389,LEGITIMATE,0,LOW,NONE,LOW
MPLADS-003390,LEGITIMATE,0,LOW,NONE,LOW
MPLADS-003391,LEGITIMATE,0,LOW,NONE,LOW
MPLADS-003392,DOCUMENTATION_ANOMALY,1,HIGH,DOCUMENTATION,HIGH
MPLADS-003393,LEGITIMATE,0,LOW,NONE,LOW
MPLADS-003394,GHOST_WORK,1,CRITICAL,GHOST_WORK,URGENT
MPLADS-003395,LEGITIMATE,0,LOW,NONE,LOW
MPLADS-003396,LEGITIMATE,0,LOW,NONE,LOW
MPLADS-003397,LEGITIMATE,0,LOW,NONE,LOW
MPLADS-003398,HIGH_VALUE_LEGITIMATE,0,MEDIUM,NONE,LOW
MPLADS-003399,LEGITIMATE,0,LOW,NONE,LOW
MPLADS-003400,PAYMENT_PROGRESS_MISMATCH,1,CRITICAL,PROGRESS,URGENT
MPLADS-003401,PAYMENT_PROGRESS_MISMATCH,1,CRITICAL,PROGRESS,URGENT
MPLADS-003402,LEGITIMATE,0,LOW,NONE,LOW
MPLADS-003403,LEGITIMATE,0,LOW,NONE,LOW
MPLADS-003404,LEGITIMATE,0,LOW,NONE,LOW
MPLADS-003405,PAYMENT_PROGRESS_MISMATCH,1,CRITICAL,PROGRESS,URGENT
MPLADS-003406,LEGITIMATE,0,LOW,NONE,LOW
MPLADS-003407,COST_OVERRUN,1,HIGH,COST,HIGH
MPLADS-003408,LEGITIMATE,0,LOW,NONE,LOW
MPLADS-003409,LEGITIMATE,0,LOW,NONE,LOW
MPLADS-003410,LEGITIMATE,0,LOW,NONE,LOW
MPLADS-003411,LEGITIMATE,0,LOW,NONE,LOW
MPLADS-003412,LEGITIMATE,0,LOW,NONE,LOW
MPLADS-003413,LEGITIMATE,0,LOW,NONE,LOW
MPLADS-003414,ABANDONED_PROJECT,1,HIGH,ABANDONED_PROJECT,HIGH
MPLADS-003415,LEGITIMATE,0,LOW,NONE,LOW
MPLADS-003416,HIGH_VALUE_LEGITIMATE,0,LOW,NONE,LOW
MPLADS-003417,HIGH_VALUE_LEGITIMATE,0,LOW,NONE,LOW
MPLADS-003418,PAYMENT_PROGRESS_MISMATCH,1,CRITICAL,PROGRESS,URGENT
MPLADS-003419,LEGITIMATE,0,LOW,NONE,LOW
MPLADS-003420,LEGITIMATE,0,LOW,NONE,LOW
MPLADS-003421,LEGITIMATE,0,LOW,NONE,LOW
MPLADS-003422,LEGITIMATE,0,LOW,NONE,LOW
MPLADS-003423,HIGH_VALUE_LEGITIMATE,0,MEDIUM,NONE,LOW
MPLADS-003424,LEGITIMATE,0,LOW,NONE,LOW
MPLADS-003425,GHOST_WORK,1,CRITICAL,GHOST_WORK,URGENT
MPLADS-003426,LEGITIMATE,0,LOW,NONE,LOW
MPLADS-003427,LEGITIMATE,0,LOW,NONE,LOW
MPLADS-003428,LEGITIMATE,0,LOW,NONE,LOW
MPLADS-003429,LEGITIMATE,0,LOW,NONE,LOW
MPLADS-003430,HIGH_VALUE_LEGITIMATE,0,LOW,NONE,LOW
MPLADS-003431,LEGITIMATE,0,LOW,NONE,LOW
MPLADS-003432,LEGITIMATE,0,LOW,NONE,LOW
MPLADS-003433,LEGITIMATE,0,LOW,NONE,LOW
MPLADS-003434,LEGITIMATE,0,LOW,NONE,LOW
MPLADS-003435,ABANDONED_PROJECT,1,HIGH,ABANDONED_PROJECT,HIGH
MPLADS-003436,HIGH_VALUE_LEGITIMATE,0,MEDIUM,NONE,LOW
MPLADS-003437,ABANDONED_PROJECT,1,HIGH,ABANDONED_PROJECT,HIGH
MPLADS-003438,ABANDONED_PROJECT,1,HIGH,ABANDONED_PROJECT,HIGH
MPLADS-003439,LEGITIMATE,0,LOW,NONE,LOW
MPLADS-003440,DELAYED_PROJECT,1,MEDIUM,TIMELINE,LOW
MPLADS-003441,LEGITIMATE,0,LOW,NONE,LOW
MPLADS-003442,LEGITIMATE,0,LOW,NONE,LOW
MPLADS-003443,LEGITIMATE,0,LOW,NONE,LOW
MPLADS-003444,LEGITIMATE,0,LOW,NONE,LOW
MPLADS-003445,LEGITIMATE,0,LOW,NONE,LOW
MPLADS-003446,HIGH_VALUE_LEGITIMATE,0,LOW,NONE,LOW
MPLADS-003447,LEGITIMATE,0,LOW,NONE,LOW
MPLADS-003448,LEGITIMATE,0,LOW,NONE,LOW
MPLADS-003449,COST_OVERRUN,1,HIGH,COST,HIGH
MPLADS-003450,LEGITIMATE,0,LOW,NONE,LOW
MPLADS-003451,PAYMENT_PROGRESS_MISMATCH,1,CRITICAL,PROGRESS,URGENT
MPLADS-003452,SUSPICIOUS_PROCUREMENT,1,HIGH,PROCUREMENT,HIGH
MPLADS-003453,LEGITIMATE,0,LOW,NONE,LOW
MPLADS-003454,LEGITIMATE,0,LOW,NONE,LOW
MPLADS-003455,LEGITIMATE,0,LOW,NONE,LOW
MPLADS-003456,LEGITIMATE,0,LOW,NONE,LOW
MPLADS-003457,LEGITIMATE,0,LOW,NONE,LOW
MPLADS-003458,LEGITIMATE,0,LOW,NONE,LOW
MPLADS-003459,LEGITIMATE,0,LOW,NONE,LOW
MPLADS-003460,GHOST_WORK,1,CRITICAL,GHOST_WORK,URGENT
MPLADS-003461,LEGITIMATE,0,LOW,NONE,LOW
MPLADS-003462,DOCUMENTATION_ANOMALY,1,HIGH,DOCUMENTATION,HIGH
MPLADS-003463,LEGITIMATE,0,LOW,NONE,LOW
MPLADS-003464,SUSPICIOUS_CONTRACTOR,1,HIGH,SUSPICIOUS_CONTRACTOR,HIGH
MPLADS-003465,HIGH_VALUE_LEGITIMATE,0,LOW,NONE,LOW
MPLADS-003466,LEGITIMATE,0,LOW,NONE,LOW
MPLADS-003467,LEGITIMATE,0,LOW,NONE,LOW
MPLADS-003468,LEGITIMATE,0,LOW,NONE,LOW
MPLADS-003469,LEGITIMATE,0,LOW,NONE,LOW
MPLADS-003470,LEGITIMATE,0,LOW,NONE,LOW
MPLADS-003471,LEGITIMATE,0,LOW,NONE,LOW
MPLADS-003472,GHOST_WORK,1,CRITICAL,GHOST_WORK,URGENT
MPLADS-003473,LEGITIMATE,0,LOW,NONE,LOW
MPLADS-003474,LEGITIMATE,0,LOW,NONE,LOW
MPLADS-003475,LEGITIMATE,0,LOW,NONE,LOW
MPLADS-003476,LEGITIMATE,0,LOW,NONE,LOW
MPLADS-003477,LEGITIMATE,0,LOW,NONE,LOW
MPLADS-003478,PAYMENT_PROGRESS_MISMATCH,1,CRITICAL,PROGRESS,URGENT
MPLADS-003479,DELAYED_PROJECT,1,MEDIUM,TIMELINE,LOW
MPLADS-003480,LEGITIMATE,0,LOW,NONE,LOW
MPLADS-003481,LEGITIMATE,0,LOW,NONE,LOW
MPLADS-003482,HIGH_VALUE_LEGITIMATE,0,MEDIUM,NONE,LOW
MPLADS-003483,LEGITIMATE,0,LOW,NONE,LOW
MPLADS-003484,LEGITIMATE,0,LOW,NONE,LOW
MPLADS-003485,LEGITIMATE,0,LOW,NONE,LOW
MPLADS-003486,CONTRACTOR_MONOPOLY,1,HIGH,CONTRACTOR,HIGH
MPLADS-003487,LEGITIMATE,0,LOW,NONE,LOW
MPLADS-003488,LEGITIMATE,0,LOW,NONE,LOW
MPLADS-003489,HIGH_VALUE_LEGITIMATE,0,MEDIUM,NONE,LOW
MPLADS-003490,LEGITIMATE,0,LOW,NONE,LOW
MPLADS-003491,COST_OVERRUN,1,HIGH,COST,HIGH
MPLADS-003492,LEGITIMATE,0,LOW,NONE,LOW
MPLADS-003493,LEGITIMATE,0,LOW,NONE,LOW
MPLADS-003494,HIGH_VALUE_LEGITIMATE,0,LOW,NONE,LOW
MPLADS-003495,LEGITIMATE,0,LOW,NONE,LOW
MPLADS-003496,DOCUMENTATION_ANOMALY,1,HIGH,DOCUMENTATION,HIGH
MPLADS-003497,LEGITIMATE,0,LOW,NONE,LOW
MPLADS-003498,HIGH_VALUE_LEGITIMATE,0,MEDIUM,NONE,LOW
MPLADS-003499,LEGITIMATE,0,LOW,NONE,LOW
MPLADS-003500,HIGH_VALUE_LEGITIMATE,0,LOW,NONE,LOW
MPLADS-003501,SUSPICIOUS_PROCUREMENT,1,HIGH,PROCUREMENT,HIGH
MPLADS-003502,LEGITIMATE,0,LOW,NONE,LOW
MPLADS-003503,DUPLICATE_PROJECT,1,HIGH,DUPLICATE_PROJECT,HIGH
MPLADS-003504,SUSPICIOUS_PROCUREMENT,1,HIGH,PROCUREMENT,HIGH
MPLADS-003505,LEGITIMATE,0,LOW,NONE,LOW
MPLADS-003506,LEGITIMATE,0,LOW,NONE,LOW
MPLADS-003507,SUSPICIOUS_CONTRACTOR,1,HIGH,SUSPICIOUS_CONTRACTOR,HIGH
MPLADS-003508,LEGITIMATE,0,LOW,NONE,LOW
MPLADS-003509,HIGH_VALUE_LEGITIMATE,0,LOW,NONE,LOW
MPLADS-003510,DUPLICATE_PROJECT,1,HIGH,DUPLICATE_PROJECT,HIGH
MPLADS-003511,LEGITIMATE,0,LOW,NONE,LOW
MPLADS-003512,LEGITIMATE,0,LOW,NONE,LOW
MPLADS-003513,HIGH_VALUE_LEGITIMATE,0,MEDIUM,NONE,LOW
MPLADS-003514,LEGITIMATE,0,LOW,NONE,LOW
MPLADS-003515,HIGH_VALUE_LEGITIMATE,0,MEDIUM,NONE,LOW
MPLADS-003516,DELAYED_PROJECT,1,MEDIUM,TIMELINE,LOW
MPLADS-003517,LEGITIMATE,0,LOW,NONE,LOW
MPLADS-003518,LEGITIMATE,0,LOW,NONE,LOW
MPLADS-003519,LEGITIMATE,0,LOW,NONE,LOW
MPLADS-003520,PAYMENT_PROGRESS_MISMATCH,1,CRITICAL,PROGRESS,URGENT
MPLADS-003521,LEGITIMATE,0,LOW,NONE,LOW
MPLADS-003522,LEGITIMATE,0,LOW,NONE,LOW
MPLADS-003523,GHOST_WORK,1,CRITICAL,GHOST_WORK,URGENT
MPLADS-003524,LEGITIMATE,0,LOW,NONE,LOW
MPLADS-003525,LEGITIMATE,0,LOW,NONE,LOW
MPLADS-003526,LEGITIMATE,0,LOW,NONE,LOW
MPLADS-003527,LEGITIMATE,0,LOW,NONE,LOW
MPLADS-003528,COST_OVERRUN,1,HIGH,COST,HIGH
MPLADS-003529,HIGH_VALUE_LEGITIMATE,0,MEDIUM,NONE,LOW
MPLADS-003530,LEGITIMATE,0,LOW,NONE,LOW
MPLADS-003531,HIGH_VALUE_LEGITIMATE,0,MEDIUM,NONE,LOW
MPLADS-003532,COST_OVERRUN,1,HIGH,COST,HIGH
MPLADS-003533,COST_OVERRUN,1,HIGH,COST,HIGH
MPLADS-003534,LEGITIMATE,0,LOW,NONE,LOW
MPLADS-003535,DUPLICATE_PROJECT,1,HIGH,DUPLICATE_PROJECT,HIGH
MPLADS-003536,SUSPICIOUS_CONTRACTOR,1,HIGH,SUSPICIOUS_CONTRACTOR,HIGH
MPLADS-003537,COST_OVERRUN,1,HIGH,COST,HIGH
MPLADS-003538,LEGITIMATE,0,LOW,NONE,LOW
MPLADS-003539,LEGITIMATE,0,LOW,NONE,LOW
MPLADS-003540,LEGITIMATE,0,LOW,NONE,LOW
MPLADS-003541,LEGITIMATE,0,LOW,NONE,LOW
MPLADS-003542,LEGITIMATE,0,LOW,NONE,LOW
MPLADS-003543,LEGITIMATE,0,LOW,NONE,LOW
MPLADS-003544,LEGITIMATE,0,LOW,NONE,LOW
MPLADS-003545,LEGITIMATE,0,LOW,NONE,LOW
MPLADS-003546,PAYMENT_PROGRESS_MISMATCH,1,CRITICAL,PROGRESS,URGENT
MPLADS-003547,LEGITIMATE,0,LOW,NONE,LOW
MPLADS-003548,LEGITIMATE,0,LOW,NONE,LOW
MPLADS-003549,HIGH_VALUE_LEGITIMATE,0,LOW,NONE,LOW
MPLADS-003550,LEGITIMATE,0,LOW,NONE,LOW
MPLADS-003551,DUPLICATE_PROJECT,1,HIGH,DUPLICATE_PROJECT,HIGH
MPLADS-003552,LEGITIMATE,0,LOW,NONE,LOW
MPLADS-003553,LEGITIMATE,0,LOW,NONE,LOW
MPLADS-003554,PAYMENT_PROGRESS_MISMATCH,1,CRITICAL,PROGRESS,URGENT
MPLADS-003555,LEGITIMATE,0,LOW,NONE,LOW
MPLADS-003556,LEGITIMATE,0,LOW,NONE,LOW
MPLADS-003557,HIGH_VALUE_LEGITIMATE,0,MEDIUM,NONE,LOW
MPLADS-003558,LEGITIMATE,0,LOW,NONE,LOW
MPLADS-003559,LEGITIMATE,0,LOW,NONE,LOW
MPLADS-003560,LEGITIMATE,0,LOW,NONE,LOW
MPLADS-003561,LEGITIMATE,0,LOW,NONE,LOW
MPLADS-003562,HIGH_VALUE_LEGITIMATE,0,LOW,NONE,LOW
MPLADS-003563,LEGITIMATE,0,LOW,NONE,LOW
MPLADS-003564,PAYMENT_PROGRESS_MISMATCH,1,CRITICAL,PROGRESS,URGENT
MPLADS-003565,HIGH_VALUE_LEGITIMATE,0,LOW,NONE,LOW
MPLADS-003566,LEGITIMATE,0,LOW,NONE,LOW
MPLADS-003567,LEGITIMATE,0,LOW,NONE,LOW
MPLADS-003568,LEGITIMATE,0,LOW,NONE,LOW
MPLADS-003569,COST_OVERRUN,1,HIGH,COST,HIGH
MPLADS-003570,CONTRACTOR_MONOPOLY,1,HIGH,CONTRACTOR,HIGH
MPLADS-003571,GHOST_WORK,1,CRITICAL,GHOST_WORK,URGENT
MPLADS-003572,PAYMENT_PROGRESS_MISMATCH,1,CRITICAL,PROGRESS,URGENT
MPLADS-003573,LEGITIMATE,0,LOW,NONE,LOW
MPLADS-003574,LEGITIMATE,0,LOW,NONE,LOW
MPLADS-003575,LEGITIMATE,0,LOW,NONE,LOW
MPLADS-003576,HIGH_VALUE_LEGITIMATE,0,MEDIUM,NONE,LOW
MPLADS-003577,LEGITIMATE,0,LOW,NONE,LOW
MPLADS-003578,LEGITIMATE,0,LOW,NONE,LOW
MPLADS-003579,LEGITIMATE,0,LOW,NONE,LOW
MPLADS-003580,LEGITIMATE,0,LOW,NONE,LOW
MPLADS-003581,LEGITIMATE,0,LOW,NONE,LOW
MPLADS-003582,LEGITIMATE,0,LOW,NONE,LOW
MPLADS-003583,LEGITIMATE,0,LOW,NONE,LOW
MPLADS-003584,LEGITIMATE,0,LOW,NONE,LOW
MPLADS-003585,LEGITIMATE,0,LOW,NONE,LOW
MPLADS-003586,LEGITIMATE,0,LOW,NONE,LOW
MPLADS-003587,LEGITIMATE,0,LOW,NONE,LOW
MPLADS-003588,HIGH_VALUE_LEGITIMATE,0,MEDIUM,NONE,LOW
MPLADS-003589,DUPLICATE_PROJECT,1,HIGH,DUPLICATE_PROJECT,HIGH
MPLADS-003590,LEGITIMATE,0,LOW,NONE,LOW
MPLADS-003591,LEGITIMATE,0,LOW,NONE,LOW
MPLADS-003592,LEGITIMATE,0,LOW,NONE,LOW
MPLADS-003593,LEGITIMATE,0,LOW,NONE,LOW
MPLADS-003594,GHOST_WORK,1,CRITICAL,GHOST_WORK,URGENT
MPLADS-003595,LEGITIMATE,0,LOW,NONE,LOW
MPLADS-003596,LEGITIMATE,0,LOW,NONE,LOW
MPLADS-003597,SUSPICIOUS_CONTRACTOR,1,HIGH,SUSPICIOUS_CONTRACTOR,HIGH
MPLADS-003598,LEGITIMATE,0,LOW,NONE,LOW
MPLADS-003599,LEGITIMATE,0,LOW,NONE,LOW
MPLADS-003600,SUSPICIOUS_CONTRACTOR,1,HIGH,SUSPICIOUS_CONTRACTOR,HIGH
MPLADS-003601,LEGITIMATE,0,LOW,NONE,LOW
MPLADS-003602,LEGITIMATE,0,LOW,NONE,LOW
MPLADS-003603,LEGITIMATE,0,LOW,NONE,LOW
MPLADS-003604,LEGITIMATE,0,LOW,NONE,LOW
MPLADS-003605,SUSPICIOUS_CONTRACTOR,1,HIGH,SUSPICIOUS_CONTRACTOR,HIGH
MPLADS-003606,LEGITIMATE,0,LOW,NONE,LOW
MPLADS-003607,LEGITIMATE,0,LOW,NONE,LOW
MPLADS-003608,HIGH_VALUE_LEGITIMATE,0,MEDIUM,NONE,LOW
MPLADS-003609,ABANDONED_PROJECT,1,HIGH,ABANDONED_PROJECT,HIGH
MPLADS-003610,LEGITIMATE,0,LOW,NONE,LOW
MPLADS-003611,GHOST_WORK,1,CRITICAL,GHOST_WORK,URGENT
MPLADS-003612,COST_OVERRUN,1,HIGH,COST,HIGH
MPLADS-003613,LEGITIMATE,0,LOW,NONE,LOW
MPLADS-003614,LEGITIMATE,0,LOW,NONE,LOW
MPLADS-003615,LEGITIMATE,0,LOW,NONE,LOW
MPLADS-003616,LEGITIMATE,0,LOW,NONE,LOW
MPLADS-003617,DELAYED_PROJECT,1,MEDIUM,TIMELINE,LOW
MPLADS-003618,LEGITIMATE,0,LOW,NONE,LOW
MPLADS-003619,LEGITIMATE,0,LOW,NONE,LOW
MPLADS-003620,LEGITIMATE,0,LOW,NONE,LOW
MPLADS-003621,LEGITIMATE,0,LOW,NONE,LOW
MPLADS-003622,COST_OVERRUN,1,HIGH,COST,HIGH
MPLADS-003623,LEGITIMATE,0,LOW,NONE,LOW
MPLADS-003624,LEGITIMATE,0,LOW,NONE,LOW
MPLADS-003625,HIGH_VALUE_LEGITIMATE,0,MEDIUM,NONE,LOW
MPLADS-003626,LEGITIMATE,0,LOW,NONE,LOW
MPLADS-003627,LEGITIMATE,0,LOW,NONE,LOW
MPLADS-003628,LEGITIMATE,0,LOW,NONE,LOW
MPLADS-003629,LEGITIMATE,0,LOW,NONE,LOW
MPLADS-003630,LEGITIMATE,0,LOW,NONE,LOW
MPLADS-003631,LEGITIMATE,0,LOW,NONE,LOW
MPLADS-003632,GHOST_WORK,1,CRITICAL,GHOST_WORK,URGENT
MPLADS-003633,PAYMENT_PROGRESS_MISMATCH,1,CRITICAL,PROGRESS,URGENT
MPLADS-003634,LEGITIMATE,0,LOW,NONE,LOW
MPLADS-003635,PAYMENT_PROGRESS_MISMATCH,1,CRITICAL,PROGRESS,URGENT
MPLADS-003636,LEGITIMATE,0,LOW,NONE,LOW
MPLADS-003637,LEGITIMATE,0,LOW,NONE,LOW
MPLADS-003638,LEGITIMATE,0,LOW,NONE,LOW
MPLADS-003639,LEGITIMATE,0,LOW,NONE,LOW
MPLADS-003640,LEGITIMATE,0,LOW,NONE,LOW
MPLADS-003641,DUPLICATE_PROJECT,1,HIGH,DUPLICATE_PROJECT,HIGH
MPLADS-003642,LEGITIMATE,0,LOW,NONE,LOW
MPLADS-003643,LEGITIMATE,0,LOW,NONE,LOW
MPLADS-003644,DUPLICATE_PROJECT,1,HIGH,DUPLICATE_PROJECT,HIGH
MPLADS-003645,LEGITIMATE,0,LOW,NONE,LOW
MPLADS-003646,LEGITIMATE,0,LOW,NONE,LOW
MPLADS-003647,HIGH_VALUE_LEGITIMATE,0,MEDIUM,NONE,LOW
MPLADS-003648,LEGITIMATE,0,LOW,NONE,LOW
MPLADS-003649,PAYMENT_PROGRESS_MISMATCH,1,CRITICAL,PROGRESS,URGENT
MPLADS-003650,HIGH_VALUE_LEGITIMATE,0,MEDIUM,NONE,LOW
MPLADS-003651,LEGITIMATE,0,LOW,NONE,LOW
MPLADS-003652,LEGITIMATE,0,LOW,NONE,LOW
MPLADS-003653,LEGITIMATE,0,LOW,NONE,LOW
MPLADS-003654,LEGITIMATE,0,LOW,NONE,LOW
MPLADS-003655,LEGITIMATE,0,LOW,NONE,LOW
MPLADS-003656,PAYMENT_PROGRESS_MISMATCH,1,CRITICAL,PROGRESS,URGENT
MPLADS-003657,LEGITIMATE,0,LOW,NONE,LOW
MPLADS-003658,LEGITIMATE,0,LOW,NONE,LOW
MPLADS-003659,SUSPICIOUS_PROCUREMENT,1,HIGH,PROCUREMENT,HIGH
MPLADS-003660,LEGITIMATE,0,LOW,NONE,LOW
MPLADS-003661,LEGITIMATE,0,LOW,NONE,LOW
MPLADS-003662,LEGITIMATE,0,LOW,NONE,LOW
MPLADS-003663,LEGITIMATE,0,LOW,NONE,LOW
MPLADS-003664,LEGITIMATE,0,LOW,NONE,LOW
MPLADS-003665,LEGITIMATE,0,LOW,NONE,LOW
MPLADS-003666,LEGITIMATE,0,LOW,NONE,LOW
MPLADS-003667,LEGITIMATE,0,LOW,NONE,LOW
MPLADS-003668,HIGH_VALUE_LEGITIMATE,0,MEDIUM,NONE,LOW
MPLADS-003669,LEGITIMATE,0,LOW,NONE,LOW
MPLADS-003670,HIGH_VALUE_LEGITIMATE,0,MEDIUM,NONE,LOW
MPLADS-003671,DUPLICATE_PROJECT,1,HIGH,DUPLICATE_PROJECT,HIGH
MPLADS-003672,DELAYED_PROJECT,1,MEDIUM,TIMELINE,LOW
MPLADS-003673,LEGITIMATE,0,LOW,NONE,LOW
MPLADS-003674,LEGITIMATE,0,LOW,NONE,LOW
MPLADS-003675,LEGITIMATE,0,LOW,NONE,LOW
MPLADS-003676,HIGH_VALUE_LEGITIMATE,0,LOW,NONE,LOW
MPLADS-003677,LEGITIMATE,0,LOW,NONE,LOW
MPLADS-003678,LEGITIMATE,0,LOW,NONE,LOW
MPLADS-003679,LEGITIMATE,0,LOW,NONE,LOW
MPLADS-003680,LEGITIMATE,0,LOW,NONE,LOW
MPLADS-003681,LEGITIMATE,0,LOW,NONE,LOW
MPLADS-003682,LEGITIMATE,0,LOW,NONE,LOW
MPLADS-003683,LEGITIMATE,0,LOW,NONE,LOW
MPLADS-003684,LEGITIMATE,0,LOW,NONE,LOW
MPLADS-003685,LEGITIMATE,0,LOW,NONE,LOW
MPLADS-003686,LEGITIMATE,0,LOW,NONE,LOW
MPLADS-003687,LEGITIMATE,0,LOW,NONE,LOW
MPLADS-003688,DELAYED_PROJECT,1,MEDIUM,TIMELINE,LOW
MPLADS-003689,LEGITIMATE,0,LOW,NONE,LOW
MPLADS-003690,HIGH_VALUE_LEGITIMATE,0,MEDIUM,NONE,LOW
MPLADS-003691,LEGITIMATE,0,LOW,NONE,LOW
MPLADS-003692,LEGITIMATE,0,LOW,NONE,LOW
MPLADS-003693,LEGITIMATE,0,LOW,NONE,LOW
MPLADS-003694,GHOST_WORK,1,CRITICAL,GHOST_WORK,URGENT
MPLADS-003695,LEGITIMATE,0,LOW,NONE,LOW
MPLADS-003696,ABANDONED_PROJECT,1,HIGH,ABANDONED_PROJECT,HIGH
MPLADS-003697,LEGITIMATE,0,LOW,NONE,LOW
MPLADS-003698,LEGITIMATE,0,LOW,NONE,LOW
MPLADS-003699,LEGITIMATE,0,LOW,NONE,LOW
MPLADS-003700,HIGH_VALUE_LEGITIMATE,0,MEDIUM,NONE,LOW
MPLADS-003701,LEGITIMATE,0,LOW,NONE,LOW
MPLADS-003702,DELAYED_PROJECT,1,MEDIUM,TIMELINE,LOW
MPLADS-003703,HIGH_VALUE_LEGITIMATE,0,LOW,NONE,LOW
MPLADS-003704,HIGH_VALUE_LEGITIMATE,0,LOW,NONE,LOW
MPLADS-003705,LEGITIMATE,0,LOW,NONE,LOW
MPLADS-003706,DELAYED_PROJECT,1,MEDIUM,TIMELINE,LOW
MPLADS-003707,LEGITIMATE,0,LOW,NONE,LOW
MPLADS-003708,LEGITIMATE,0,LOW,NONE,LOW
MPLADS-003709,PAYMENT_PROGRESS_MISMATCH,1,CRITICAL,PROGRESS,URGENT
MPLADS-003710,LEGITIMATE,0,LOW,NONE,LOW
MPLADS-003711,LEGITIMATE,0,LOW,NONE,LOW
MPLADS-003712,HIGH_VALUE_LEGITIMATE,0,LOW,NONE,LOW
MPLADS-003713,LEGITIMATE,0,LOW,NONE,LOW
MPLADS-003714,LEGITIMATE,0,LOW,NONE,LOW
MPLADS-003715,DELAYED_PROJECT,1,MEDIUM,TIMELINE,LOW
MPLADS-003716,LEGITIMATE,0,LOW,NONE,LOW
MPLADS-003717,SUSPICIOUS_PROCUREMENT,1,HIGH,PROCUREMENT,HIGH
MPLADS-003718,HIGH_VALUE_LEGITIMATE,0,MEDIUM,NONE,LOW
MPLADS-003719,LEGITIMATE,0,LOW,NONE,LOW
MPLADS-003720,GHOST_WORK,1,CRITICAL,GHOST_WORK,URGENT
MPLADS-003721,LEGITIMATE,0,LOW,NONE,LOW
MPLADS-003722,DUPLICATE_PROJECT,1,HIGH,DUPLICATE_PROJECT,HIGH
MPLADS-003723,LEGITIMATE,0,LOW,NONE,LOW
MPLADS-003724,DELAYED_PROJECT,1,MEDIUM,TIMELINE,LOW
MPLADS-003725,LEGITIMATE,0,LOW,NONE,LOW
MPLADS-003726,COST_OVERRUN,1,HIGH,COST,HIGH
MPLADS-003727,LEGITIMATE,0,LOW,NONE,LOW
MPLADS-003728,LEGITIMATE,0,LOW,NONE,LOW
MPLADS-003729,ABANDONED_PROJECT,1,HIGH,ABANDONED_PROJECT,HIGH
MPLADS-003730,LEGITIMATE,0,LOW,NONE,LOW
MPLADS-003731,LEGITIMATE,0,LOW,NONE,LOW
MPLADS-003732,LEGITIMATE,0,LOW,NONE,LOW
MPLADS-003733,LEGITIMATE,0,LOW,NONE,LOW
MPLADS-003734,LEGITIMATE,0,LOW,NONE,LOW
MPLADS-003735,HIGH_VALUE_LEGITIMATE,0,MEDIUM,NONE,LOW
MPLADS-003736,LEGITIMATE,0,LOW,NONE,LOW
MPLADS-003737,LEGITIMATE,0,LOW,NONE,LOW
MPLADS-003738,LEGITIMATE,0,LOW,NONE,LOW
MPLADS-003739,LEGITIMATE,0,LOW,NONE,LOW
MPLADS-003740,LEGITIMATE,0,LOW,NONE,LOW
MPLADS-003741,LEGITIMATE,0,LOW,NONE,LOW
MPLADS-003742,DUPLICATE_PROJECT,1,HIGH,DUPLICATE_PROJECT,HIGH
MPLADS-003743,SUSPICIOUS_PROCUREMENT,1,HIGH,PROCUREMENT,HIGH
MPLADS-003744,DELAYED_PROJECT,1,MEDIUM,TIMELINE,LOW
MPLADS-003745,LEGITIMATE,0,LOW,NONE,LOW
MPLADS-003746,LEGITIMATE,0,LOW,NONE,LOW
MPLADS-003747,LEGITIMATE,0,LOW,NONE,LOW
MPLADS-003748,LEGITIMATE,0,LOW,NONE,LOW
MPLADS-003749,HIGH_VALUE_LEGITIMATE,0,LOW,NONE,LOW
MPLADS-003750,LEGITIMATE,0,LOW,NONE,LOW
MPLADS-003751,PAYMENT_PROGRESS_MISMATCH,1,CRITICAL,PROGRESS,URGENT
MPLADS-003752,LEGITIMATE,0,LOW,NONE,LOW
MPLADS-003753,LEGITIMATE,0,LOW,NONE,LOW
MPLADS-003754,LEGITIMATE,0,LOW,NONE,LOW
MPLADS-003755,LEGITIMATE,0,LOW,NONE,LOW
MPLADS-003756,LEGITIMATE,0,LOW,NONE,LOW
MPLADS-003757,PAYMENT_PROGRESS_MISMATCH,1,CRITICAL,PROGRESS,URGENT
MPLADS-003758,LEGITIMATE,0,LOW,NONE,LOW
MPLADS-003759,LEGITIMATE,0,LOW,NONE,LOW
MPLADS-003760,LEGITIMATE,0,LOW,NONE,LOW
MPLADS-003761,LEGITIMATE,0,LOW,NONE,LOW
MPLADS-003762,LEGITIMATE,0,LOW,NONE,LOW
MPLADS-003763,LEGITIMATE,0,LOW,NONE,LOW
MPLADS-003764,PAYMENT_PROGRESS_MISMATCH,1,CRITICAL,PROGRESS,URGENT
MPLADS-003765,HIGH_VALUE_LEGITIMATE,0,MEDIUM,NONE,LOW
MPLADS-003766,HIGH_VALUE_LEGITIMATE,0,LOW,NONE,LOW
MPLADS-003767,HIGH_VALUE_LEGITIMATE,0,LOW,NONE,LOW
MPLADS-003768,LEGITIMATE,0,LOW,NONE,LOW
MPLADS-003769,LEGITIMATE,0,LOW,NONE,LOW
MPLADS-003770,LEGITIMATE,0,LOW,NONE,LOW
MPLADS-003771,LEGITIMATE,0,LOW,NONE,LOW
MPLADS-003772,LEGITIMATE,0,LOW,NONE,LOW
MPLADS-003773,LEGITIMATE,0,LOW,NONE,LOW
MPLADS-003774,LEGITIMATE,0,LOW,NONE,LOW
MPLADS-003775,DELAYED_PROJECT,1,MEDIUM,TIMELINE,LOW
MPLADS-003776,DELAYED_PROJECT,1,MEDIUM,TIMELINE,LOW
MPLADS-003777,LEGITIMATE,0,LOW,NONE,LOW
MPLADS-003778,HIGH_VALUE_LEGITIMATE,0,MEDIUM,NONE,LOW
MPLADS-003779,LEGITIMATE,0,LOW,NONE,LOW
MPLADS-003780,PAYMENT_PROGRESS_MISMATCH,1,CRITICAL,PROGRESS,URGENT
MPLADS-003781,COST_OVERRUN,1,HIGH,COST,HIGH
MPLADS-003782,LEGITIMATE,0,LOW,NONE,LOW
MPLADS-003783,HIGH_VALUE_LEGITIMATE,0,LOW,NONE,LOW
MPLADS-003784,DOCUMENTATION_ANOMALY,1,HIGH,DOCUMENTATION,HIGH
MPLADS-003785,LEGITIMATE,0,LOW,NONE,LOW
MPLADS-003786,LEGITIMATE,0,LOW,NONE,LOW
MPLADS-003787,PAYMENT_PROGRESS_MISMATCH,1,CRITICAL,PROGRESS,URGENT
MPLADS-003788,LEGITIMATE,0,LOW,NONE,LOW
MPLADS-003789,LEGITIMATE,0,LOW,NONE,LOW
MPLADS-003790,PAYMENT_PROGRESS_MISMATCH,1,CRITICAL,PROGRESS,URGENT
MPLADS-003791,LEGITIMATE,0,LOW,NONE,LOW
MPLADS-003792,SUSPICIOUS_CONTRACTOR,1,HIGH,SUSPICIOUS_CONTRACTOR,HIGH
MPLADS-003793,ABANDONED_PROJECT,1,HIGH,ABANDONED_PROJECT,HIGH
MPLADS-003794,COST_OVERRUN,1,HIGH,COST,HIGH
MPLADS-003795,LEGITIMATE,0,LOW,NONE,LOW
MPLADS-003796,HIGH_VALUE_LEGITIMATE,0,LOW,NONE,LOW
MPLADS-003797,HIGH_VALUE_LEGITIMATE,0,LOW,NONE,LOW
MPLADS-003798,PAYMENT_PROGRESS_MISMATCH,1,CRITICAL,PROGRESS,URGENT
MPLADS-003799,DUPLICATE_PROJECT,1,HIGH,DUPLICATE_PROJECT,HIGH
MPLADS-003800,LEGITIMATE,0,LOW,NONE,LOW
MPLADS-003801,LEGITIMATE,0,LOW,NONE,LOW
MPLADS-003802,LEGITIMATE,0,LOW,NONE,LOW
MPLADS-003803,DELAYED_PROJECT,1,MEDIUM,TIMELINE,LOW
MPLADS-003804,HIGH_VALUE_LEGITIMATE,0,LOW,NONE,LOW
MPLADS-003805,LEGITIMATE,0,LOW,NONE,LOW
MPLADS-003806,CONTRACTOR_MONOPOLY,1,HIGH,CONTRACTOR,HIGH
MPLADS-003807,COST_OVERRUN,1,HIGH,COST,HIGH
MPLADS-003808,LEGITIMATE,0,LOW,NONE,LOW
MPLADS-003809,ABANDONED_PROJECT,1,HIGH,ABANDONED_PROJECT,HIGH
MPLADS-003810,LEGITIMATE,0,LOW,NONE,LOW
MPLADS-003811,LEGITIMATE,0,LOW,NONE,LOW
MPLADS-003812,LEGITIMATE,0,LOW,NONE,LOW
MPLADS-003813,LEGITIMATE,0,LOW,NONE,LOW
MPLADS-003814,ABANDONED_PROJECT,1,HIGH,ABANDONED_PROJECT,HIGH
MPLADS-003815,LEGITIMATE,0,LOW,NONE,LOW
MPLADS-003816,HIGH_VALUE_LEGITIMATE,0,MEDIUM,NONE,LOW
MPLADS-003817,LEGITIMATE,0,LOW,NONE,LOW
MPLADS-003818,LEGITIMATE,0,LOW,NONE,LOW
MPLADS-003819,LEGITIMATE,0,LOW,NONE,LOW
MPLADS-003820,DOCUMENTATION_ANOMALY,1,HIGH,DOCUMENTATION,HIGH
MPLADS-003821,HIGH_VALUE_LEGITIMATE,0,LOW,NONE,LOW
MPLADS-003822,LEGITIMATE,0,LOW,NONE,LOW
MPLADS-003823,LEGITIMATE,0,LOW,NONE,LOW
MPLADS-003824,HIGH_VALUE_LEGITIMATE,0,LOW,NONE,LOW
MPLADS-003825,HIGH_VALUE_LEGITIMATE,0,MEDIUM,NONE,LOW
MPLADS-003826,LEGITIMATE,0,LOW,NONE,LOW
MPLADS-003827,LEGITIMATE,0,LOW,NONE,LOW
MPLADS-003828,LEGITIMATE,0,LOW,NONE,LOW
MPLADS-003829,LEGITIMATE,0,LOW,NONE,LOW
MPLADS-003830,HIGH_VALUE_LEGITIMATE,0,MEDIUM,NONE,LOW
MPLADS-003831,ABANDONED_PROJECT,1,HIGH,ABANDONED_PROJECT,HIGH
MPLADS-003832,LEGITIMATE,0,LOW,NONE,LOW
MPLADS-003833,LEGITIMATE,0,LOW,NONE,LOW
MPLADS-003834,LEGITIMATE,0,LOW,NONE,LOW
MPLADS-003835,COST_OVERRUN,1,HIGH,COST,HIGH
MPLADS-003836,LEGITIMATE,0,LOW,NONE,LOW
MPLADS-003837,LEGITIMATE,0,LOW,NONE,LOW
MPLADS-003838,HIGH_VALUE_LEGITIMATE,0,LOW,NONE,LOW
MPLADS-003839,LEGITIMATE,0,LOW,NONE,LOW
MPLADS-003840,LEGITIMATE,0,LOW,NONE,LOW
MPLADS-003841,HIGH_VALUE_LEGITIMATE,0,LOW,NONE,LOW
MPLADS-003842,HIGH_VALUE_LEGITIMATE,0,LOW,NONE,LOW
MPLADS-003843,LEGITIMATE,0,LOW,NONE,LOW
MPLADS-003844,PAYMENT_PROGRESS_MISMATCH,1,CRITICAL,PROGRESS,URGENT
MPLADS-003845,LEGITIMATE,0,LOW,NONE,LOW
MPLADS-003846,HIGH_VALUE_LEGITIMATE,0,LOW,NONE,LOW
MPLADS-003847,LEGITIMATE,0,LOW,NONE,LOW
MPLADS-003848,LEGITIMATE,0,LOW,NONE,LOW
MPLADS-003849,PAYMENT_PROGRESS_MISMATCH,1,CRITICAL,PROGRESS,URGENT
MPLADS-003850,LEGITIMATE,0,LOW,NONE,LOW
MPLADS-003851,LEGITIMATE,0,LOW,NONE,LOW
MPLADS-003852,LEGITIMATE,0,LOW,NONE,LOW
MPLADS-003853,GHOST_WORK,1,CRITICAL,GHOST_WORK,URGENT
MPLADS-003854,PAYMENT_PROGRESS_MISMATCH,1,CRITICAL,PROGRESS,URGENT
MPLADS-003855,LEGITIMATE,0,LOW,NONE,LOW
MPLADS-003856,LEGITIMATE,0,LOW,NONE,LOW
MPLADS-003857,HIGH_VALUE_LEGITIMATE,0,LOW,NONE,LOW
MPLADS-003858,HIGH_VALUE_LEGITIMATE,0,MEDIUM,NONE,LOW
MPLADS-003859,LEGITIMATE,0,LOW,NONE,LOW
MPLADS-003860,CONTRACTOR_MONOPOLY,1,HIGH,CONTRACTOR,HIGH
MPLADS-003861,LEGITIMATE,0,LOW,NONE,LOW
MPLADS-003862,LEGITIMATE,0,LOW,NONE,LOW
MPLADS-003863,LEGITIMATE,0,LOW,NONE,LOW
MPLADS-003864,LEGITIMATE,0,LOW,NONE,LOW
MPLADS-003865,LEGITIMATE,0,LOW,NONE,LOW
MPLADS-003866,ABANDONED_PROJECT,1,HIGH,ABANDONED_PROJECT,HIGH
MPLADS-003867,LEGITIMATE,0,LOW,NONE,LOW
MPLADS-003868,HIGH_VALUE_LEGITIMATE,0,MEDIUM,NONE,LOW
MPLADS-003869,SUSPICIOUS_CONTRACTOR,1,HIGH,SUSPICIOUS_CONTRACTOR,HIGH
MPLADS-003870,PAYMENT_PROGRESS_MISMATCH,1,CRITICAL,PROGRESS,URGENT
MPLADS-003871,HIGH_VALUE_LEGITIMATE,0,LOW,NONE,LOW
MPLADS-003872,LEGITIMATE,0,LOW,NONE,LOW
MPLADS-003873,LEGITIMATE,0,LOW,NONE,LOW
MPLADS-003874,LEGITIMATE,0,LOW,NONE,LOW
MPLADS-003875,LEGITIMATE,0,LOW,NONE,LOW
MPLADS-003876,ABANDONED_PROJECT,1,HIGH,ABANDONED_PROJECT,HIGH
MPLADS-003877,HIGH_VALUE_LEGITIMATE,0,MEDIUM,NONE,LOW
MPLADS-003878,LEGITIMATE,0,LOW,NONE,LOW
MPLADS-003879,LEGITIMATE,0,LOW,NONE,LOW
MPLADS-003880,LEGITIMATE,0,LOW,NONE,LOW
MPLADS-003881,LEGITIMATE,0,LOW,NONE,LOW
MPLADS-003882,PAYMENT_PROGRESS_MISMATCH,1,CRITICAL,PROGRESS,URGENT
MPLADS-003883,LEGITIMATE,0,LOW,NONE,LOW
MPLADS-003884,DOCUMENTATION_ANOMALY,1,HIGH,DOCUMENTATION,HIGH
MPLADS-003885,LEGITIMATE,0,LOW,NONE,LOW
MPLADS-003886,LEGITIMATE,0,LOW,NONE,LOW
MPLADS-003887,LEGITIMATE,0,LOW,NONE,LOW
MPLADS-003888,LEGITIMATE,0,LOW,NONE,LOW
MPLADS-003889,LEGITIMATE,0,LOW,NONE,LOW
MPLADS-003890,LEGITIMATE,0,LOW,NONE,LOW
MPLADS-003891,LEGITIMATE,0,LOW,NONE,LOW
MPLADS-003892,LEGITIMATE,0,LOW,NONE,LOW
MPLADS-003893,LEGITIMATE,0,LOW,NONE,LOW
MPLADS-003894,LEGITIMATE,0,LOW,NONE,LOW
MPLADS-003895,LEGITIMATE,0,LOW,NONE,LOW
MPLADS-003896,LEGITIMATE,0,LOW,NONE,LOW
MPLADS-003897,LEGITIMATE,0,LOW,NONE,LOW
MPLADS-003898,LEGITIMATE,0,LOW,NONE,LOW
MPLADS-003899,LEGITIMATE,0,LOW,NONE,LOW
MPLADS-003900,LEGITIMATE,0,LOW,NONE,LOW
MPLADS-003901,LEGITIMATE,0,LOW,NONE,LOW
MPLADS-003902,LEGITIMATE,0,LOW,NONE,LOW
MPLADS-003903,LEGITIMATE,0,LOW,NONE,LOW
MPLADS-003904,LEGITIMATE,0,LOW,NONE,LOW
MPLADS-003905,LEGITIMATE,0,LOW,NONE,LOW
MPLADS-003906,LEGITIMATE,0,LOW,NONE,LOW
MPLADS-003907,DELAYED_PROJECT,1,MEDIUM,TIMELINE,LOW
MPLADS-003908,DELAYED_PROJECT,1,MEDIUM,TIMELINE,LOW
MPLADS-003909,LEGITIMATE,0,LOW,NONE,LOW
MPLADS-003910,LEGITIMATE,0,LOW,NONE,LOW
MPLADS-003911,LEGITIMATE,0,LOW,NONE,LOW
MPLADS-003912,LEGITIMATE,0,LOW,NONE,LOW
MPLADS-003913,LEGITIMATE,0,LOW,NONE,LOW
MPLADS-003914,LEGITIMATE,0,LOW,NONE,LOW
MPLADS-003915,LEGITIMATE,0,LOW,NONE,LOW
MPLADS-003916,LEGITIMATE,0,LOW,NONE,LOW
MPLADS-003917,COST_OVERRUN,1,HIGH,COST,HIGH
MPLADS-003918,COST_OVERRUN,1,HIGH,COST,HIGH
MPLADS-003919,LEGITIMATE,0,LOW,NONE,LOW
MPLADS-003920,LEGITIMATE,0,LOW,NONE,LOW
MPLADS-003921,LEGITIMATE,0,LOW,NONE,LOW
MPLADS-003922,LEGITIMATE,0,LOW,NONE,LOW
MPLADS-003923,LEGITIMATE,0,LOW,NONE,LOW
MPLADS-003924,LEGITIMATE,0,LOW,NONE,LOW
MPLADS-003925,LEGITIMATE,0,LOW,NONE,LOW
MPLADS-003926,DUPLICATE_PROJECT,1,HIGH,DUPLICATE_PROJECT,HIGH
MPLADS-003927,ABANDONED_PROJECT,1,HIGH,ABANDONED_PROJECT,HIGH
MPLADS-003928,LEGITIMATE,0,LOW,NONE,LOW
MPLADS-003929,LEGITIMATE,0,LOW,NONE,LOW
MPLADS-003930,LEGITIMATE,0,LOW,NONE,LOW
MPLADS-003931,HIGH_VALUE_LEGITIMATE,0,LOW,NONE,LOW
MPLADS-003932,LEGITIMATE,0,LOW,NONE,LOW
MPLADS-003933,LEGITIMATE,0,LOW,NONE,LOW
MPLADS-003934,HIGH_VALUE_LEGITIMATE,0,LOW,NONE,LOW
MPLADS-003935,LEGITIMATE,0,LOW,NONE,LOW
MPLADS-003936,HIGH_VALUE_LEGITIMATE,0,MEDIUM,NONE,LOW
MPLADS-003937,LEGITIMATE,0,LOW,NONE,LOW
MPLADS-003938,LEGITIMATE,0,LOW,NONE,LOW
MPLADS-003939,LEGITIMATE,0,LOW,NONE,LOW
MPLADS-003940,LEGITIMATE,0,LOW,NONE,LOW
MPLADS-003941,LEGITIMATE,0,LOW,NONE,LOW
MPLADS-003942,LEGITIMATE,0,LOW,NONE,LOW
MPLADS-003943,LEGITIMATE,0,LOW,NONE,LOW
MPLADS-003944,LEGITIMATE,0,LOW,NONE,LOW
MPLADS-003945,LEGITIMATE,0,LOW,NONE,LOW
MPLADS-003946,LEGITIMATE,0,LOW,NONE,LOW
MPLADS-003947,LEGITIMATE,0,LOW,NONE,LOW
MPLADS-003948,LEGITIMATE,0,LOW,NONE,LOW
MPLADS-003949,COST_OVERRUN,1,HIGH,COST,HIGH
MPLADS-003950,LEGITIMATE,0,LOW,NONE,LOW
MPLADS-003951,LEGITIMATE,0,LOW,NONE,LOW
MPLADS-003952,LEGITIMATE,0,LOW,NONE,LOW
MPLADS-003953,LEGITIMATE,0,LOW,NONE,LOW
MPLADS-003954,LEGITIMATE,0,LOW,NONE,LOW
MPLADS-003955,HIGH_VALUE_LEGITIMATE,0,LOW,NONE,LOW
MPLADS-003956,LEGITIMATE,0,LOW,NONE,LOW
MPLADS-003957,LEGITIMATE,0,LOW,NONE,LOW
MPLADS-003958,LEGITIMATE,0,LOW,NONE,LOW
MPLADS-003959,LEGITIMATE,0,LOW,NONE,LOW
MPLADS-003960,LEGITIMATE,0,LOW,NONE,LOW
MPLADS-003961,HIGH_VALUE_LEGITIMATE,0,LOW,NONE,LOW
MPLADS-003962,SUSPICIOUS_CONTRACTOR,1,HIGH,SUSPICIOUS_CONTRACTOR,HIGH
MPLADS-003963,LEGITIMATE,0,LOW,NONE,LOW
MPLADS-003964,LEGITIMATE,0,LOW,NONE,LOW
MPLADS-003965,HIGH_VALUE_LEGITIMATE,0,MEDIUM,NONE,LOW
MPLADS-003966,LEGITIMATE,0,LOW,NONE,LOW
MPLADS-003967,LEGITIMATE,0,LOW,NONE,LOW
MPLADS-003968,ABANDONED_PROJECT,1,HIGH,ABANDONED_PROJECT,HIGH
MPLADS-003969,HIGH_VALUE_LEGITIMATE,0,MEDIUM,NONE,LOW
MPLADS-003970,LEGITIMATE,0,LOW,NONE,LOW
MPLADS-003971,LEGITIMATE,0,LOW,NONE,LOW
MPLADS-003972,LEGITIMATE,0,LOW,NONE,LOW
MPLADS-003973,LEGITIMATE,0,LOW,NONE,LOW
MPLADS-003974,LEGITIMATE,0,LOW,NONE,LOW
MPLADS-003975,LEGITIMATE,0,LOW,NONE,LOW
MPLADS-003976,LEGITIMATE,0,LOW,NONE,LOW
MPLADS-003977,LEGITIMATE,0,LOW,NONE,LOW
MPLADS-003978,LEGITIMATE,0,LOW,NONE,LOW
MPLADS-003979,LEGITIMATE,0,LOW,NONE,LOW
MPLADS-003980,LEGITIMATE,0,LOW,NONE,LOW
MPLADS-003981,HIGH_VALUE_LEGITIMATE,0,LOW,NONE,LOW
MPLADS-003982,GHOST_WORK,1,CRITICAL,GHOST_WORK,URGENT
MPLADS-003983,HIGH_VALUE_LEGITIMATE,0,MEDIUM,NONE,LOW
MPLADS-003984,HIGH_VALUE_LEGITIMATE,0,LOW,NONE,LOW
MPLADS-003985,DUPLICATE_PROJECT,1,HIGH,DUPLICATE_PROJECT,HIGH
MPLADS-003986,DELAYED_PROJECT,1,MEDIUM,TIMELINE,LOW
MPLADS-003987,HIGH_VALUE_LEGITIMATE,0,MEDIUM,NONE,LOW
MPLADS-003988,LEGITIMATE,0,LOW,NONE,LOW
MPLADS-003989,LEGITIMATE,0,LOW,NONE,LOW
MPLADS-003990,COST_OVERRUN,1,HIGH,COST,HIGH
MPLADS-003991,LEGITIMATE,0,LOW,NONE,LOW
MPLADS-003992,CONTRACTOR_MONOPOLY,1,HIGH,CONTRACTOR,HIGH
MPLADS-003993,HIGH_VALUE_LEGITIMATE,0,LOW,NONE,LOW
MPLADS-003994,HIGH_VALUE_LEGITIMATE,0,LOW,NONE,LOW
MPLADS-003995,SUSPICIOUS_PROCUREMENT,1,HIGH,PROCUREMENT,HIGH
MPLADS-003996,LEGITIMATE,0,LOW,NONE,LOW
MPLADS-003997,LEGITIMATE,0,LOW,NONE,LOW
MPLADS-003998,LEGITIMATE,0,LOW,NONE,LOW
MPLADS-003999,SUSPICIOUS_PROCUREMENT,1,HIGH,PROCUREMENT,HIGH
MPLADS-004000,LEGITIMATE,0,LOW,NONE,LOW
MPLADS-004001,CONTRACTOR_MONOPOLY,1,HIGH,CONTRACTOR,HIGH
MPLADS-004002,LEGITIMATE,0,LOW,NONE,LOW
MPLADS-004003,HIGH_VALUE_LEGITIMATE,0,LOW,NONE,LOW
MPLADS-004004,LEGITIMATE,0,LOW,NONE,LOW
MPLADS-004005,ABANDONED_PROJECT,1,HIGH,ABANDONED_PROJECT,HIGH
MPLADS-004006,LEGITIMATE,0,LOW,NONE,LOW
MPLADS-004007,LEGITIMATE,0,LOW,NONE,LOW
MPLADS-004008,HIGH_VALUE_LEGITIMATE,0,LOW,NONE,LOW
MPLADS-004009,LEGITIMATE,0,LOW,NONE,LOW
MPLADS-004010,LEGITIMATE,0,LOW,NONE,LOW
MPLADS-004011,SUSPICIOUS_PROCUREMENT,1,HIGH,PROCUREMENT,HIGH
MPLADS-004012,LEGITIMATE,0,LOW,NONE,LOW
MPLADS-004013,LEGITIMATE,0,LOW,NONE,LOW
MPLADS-004014,HIGH_VALUE_LEGITIMATE,0,LOW,NONE,LOW
MPLADS-004015,LEGITIMATE,0,LOW,NONE,LOW
MPLADS-004016,LEGITIMATE,0,LOW,NONE,LOW
MPLADS-004017,LEGITIMATE,0,LOW,NONE,LOW
MPLADS-004018,ABANDONED_PROJECT,1,HIGH,ABANDONED_PROJECT,HIGH
MPLADS-004019,LEGITIMATE,0,LOW,NONE,LOW
MPLADS-004020,COST_OVERRUN,1,HIGH,COST,HIGH
MPLADS-004021,LEGITIMATE,0,LOW,NONE,LOW
MPLADS-004022,LEGITIMATE,0,LOW,NONE,LOW
MPLADS-004023,LEGITIMATE,0,LOW,NONE,LOW
MPLADS-004024,LEGITIMATE,0,LOW,NONE,LOW
MPLADS-004025,LEGITIMATE,0,LOW,NONE,LOW
MPLADS-004026,COST_OVERRUN,1,HIGH,COST,HIGH
MPLADS-004027,LEGITIMATE,0,LOW,NONE,LOW
MPLADS-004028,LEGITIMATE,0,LOW,NONE,LOW
MPLADS-004029,LEGITIMATE,0,LOW,NONE,LOW
MPLADS-004030,LEGITIMATE,0,LOW,NONE,LOW
MPLADS-004031,LEGITIMATE,0,LOW,NONE,LOW
MPLADS-004032,LEGITIMATE,0,LOW,NONE,LOW
MPLADS-004033,DELAYED_PROJECT,1,MEDIUM,TIMELINE,LOW
MPLADS-004034,LEGITIMATE,0,LOW,NONE,LOW
MPLADS-004035,SUSPICIOUS_CONTRACTOR,1,HIGH,SUSPICIOUS_CONTRACTOR,HIGH
MPLADS-004036,HIGH_VALUE_LEGITIMATE,0,LOW,NONE,LOW
MPLADS-004037,LEGITIMATE,0,LOW,NONE,LOW
MPLADS-004038,LEGITIMATE,0,LOW,NONE,LOW
MPLADS-004039,SUSPICIOUS_CONTRACTOR,1,HIGH,SUSPICIOUS_CONTRACTOR,HIGH
MPLADS-004040,PAYMENT_PROGRESS_MISMATCH,1,CRITICAL,PROGRESS,URGENT
MPLADS-004041,LEGITIMATE,0,LOW,NONE,LOW
MPLADS-004042,DELAYED_PROJECT,1,MEDIUM,TIMELINE,LOW
MPLADS-004043,PAYMENT_PROGRESS_MISMATCH,1,CRITICAL,PROGRESS,URGENT
MPLADS-004044,LEGITIMATE,0,LOW,NONE,LOW
MPLADS-004045,LEGITIMATE,0,LOW,NONE,LOW
MPLADS-004046,HIGH_VALUE_LEGITIMATE,0,MEDIUM,NONE,LOW
MPLADS-004047,SUSPICIOUS_PROCUREMENT,1,HIGH,PROCUREMENT,HIGH
MPLADS-004048,LEGITIMATE,0,LOW,NONE,LOW
MPLADS-004049,LEGITIMATE,0,LOW,NONE,LOW
MPLADS-004050,LEGITIMATE,0,LOW,NONE,LOW
MPLADS-004051,LEGITIMATE,0,LOW,NONE,LOW
MPLADS-004052,LEGITIMATE,0,LOW,NONE,LOW
MPLADS-004053,LEGITIMATE,0,LOW,NONE,LOW
MPLADS-004054,SUSPICIOUS_PROCUREMENT,1,HIGH,PROCUREMENT,HIGH
MPLADS-004055,LEGITIMATE,0,LOW,NONE,LOW
MPLADS-004056,LEGITIMATE,0,LOW,NONE,LOW
MPLADS-004057,HIGH_VALUE_LEGITIMATE,0,LOW,NONE,LOW
MPLADS-004058,HIGH_VALUE_LEGITIMATE,0,LOW,NONE,LOW
MPLADS-004059,HIGH_VALUE_LEGITIMATE,0,MEDIUM,NONE,LOW
MPLADS-004060,GHOST_WORK,1,CRITICAL,GHOST_WORK,URGENT
MPLADS-004061,LEGITIMATE,0,LOW,NONE,LOW
MPLADS-004062,PAYMENT_PROGRESS_MISMATCH,1,CRITICAL,PROGRESS,URGENT
MPLADS-004063,LEGITIMATE,0,LOW,NONE,LOW
MPLADS-004064,LEGITIMATE,0,LOW,NONE,LOW
MPLADS-004065,LEGITIMATE,0,LOW,NONE,LOW
MPLADS-004066,LEGITIMATE,0,LOW,NONE,LOW
MPLADS-004067,LEGITIMATE,0,LOW,NONE,LOW
MPLADS-004068,LEGITIMATE,0,LOW,NONE,LOW
MPLADS-004069,DELAYED_PROJECT,1,MEDIUM,TIMELINE,LOW
MPLADS-004070,LEGITIMATE,0,LOW,NONE,LOW
MPLADS-004071,LEGITIMATE,0,LOW,NONE,LOW
MPLADS-004072,ABANDONED_PROJECT,1,HIGH,ABANDONED_PROJECT,HIGH
MPLADS-004073,ABANDONED_PROJECT,1,HIGH,ABANDONED_PROJECT,HIGH
MPLADS-004074,LEGITIMATE,0,LOW,NONE,LOW
MPLADS-004075,LEGITIMATE,0,LOW,NONE,LOW
MPLADS-004076,LEGITIMATE,0,LOW,NONE,LOW
MPLADS-004077,LEGITIMATE,0,LOW,NONE,LOW
MPLADS-004078,LEGITIMATE,0,LOW,NONE,LOW
MPLADS-004079,LEGITIMATE,0,LOW,NONE,LOW
MPLADS-004080,HIGH_VALUE_LEGITIMATE,0,MEDIUM,NONE,LOW
MPLADS-004081,LEGITIMATE,0,LOW,NONE,LOW
MPLADS-004082,SUSPICIOUS_CONTRACTOR,1,HIGH,SUSPICIOUS_CONTRACTOR,HIGH
MPLADS-004083,LEGITIMATE,0,LOW,NONE,LOW
MPLADS-004084,COST_OVERRUN,1,HIGH,COST,HIGH
MPLADS-004085,LEGITIMATE,0,LOW,NONE,LOW
MPLADS-004086,LEGITIMATE,0,LOW,NONE,LOW
MPLADS-004087,LEGITIMATE,0,LOW,NONE,LOW
MPLADS-004088,ABANDONED_PROJECT,1,HIGH,ABANDONED_PROJECT,HIGH
MPLADS-004089,LEGITIMATE,0,LOW,NONE,LOW
MPLADS-004090,ABANDONED_PROJECT,1,HIGH,ABANDONED_PROJECT,HIGH
MPLADS-004091,LEGITIMATE,0,LOW,NONE,LOW
MPLADS-004092,LEGITIMATE,0,LOW,NONE,LOW
MPLADS-004093,LEGITIMATE,0,LOW,NONE,LOW
MPLADS-004094,LEGITIMATE,0,LOW,NONE,LOW
MPLADS-004095,PAYMENT_PROGRESS_MISMATCH,1,CRITICAL,PROGRESS,URGENT
MPLADS-004096,SUSPICIOUS_CONTRACTOR,1,HIGH,SUSPICIOUS_CONTRACTOR,HIGH
MPLADS-004097,COST_OVERRUN,1,HIGH,COST,HIGH
MPLADS-004098,CONTRACTOR_MONOPOLY,1,HIGH,CONTRACTOR,HIGH
MPLADS-004099,LEGITIMATE,0,LOW,NONE,LOW
MPLADS-004100,DUPLICATE_PROJECT,1,HIGH,DUPLICATE_PROJECT,HIGH
MPLADS-004101,LEGITIMATE,0,LOW,NONE,LOW
MPLADS-004102,LEGITIMATE,0,LOW,NONE,LOW
MPLADS-004103,LEGITIMATE,0,LOW,NONE,LOW
MPLADS-004104,PAYMENT_PROGRESS_MISMATCH,1,CRITICAL,PROGRESS,URGENT
MPLADS-004105,HIGH_VALUE_LEGITIMATE,0,MEDIUM,NONE,LOW
MPLADS-004106,HIGH_VALUE_LEGITIMATE,0,MEDIUM,NONE,LOW
MPLADS-004107,SUSPICIOUS_PROCUREMENT,1,HIGH,PROCUREMENT,HIGH
MPLADS-004108,LEGITIMATE,0,LOW,NONE,LOW
MPLADS-004109,HIGH_VALUE_LEGITIMATE,0,MEDIUM,NONE,LOW
MPLADS-004110,DELAYED_PROJECT,1,MEDIUM,TIMELINE,LOW
MPLADS-004111,LEGITIMATE,0,LOW,NONE,LOW
MPLADS-004112,LEGITIMATE,0,LOW,NONE,LOW
MPLADS-004113,LEGITIMATE,0,LOW,NONE,LOW
MPLADS-004114,LEGITIMATE,0,LOW,NONE,LOW
MPLADS-004115,HIGH_VALUE_LEGITIMATE,0,LOW,NONE,LOW
MPLADS-004116,DELAYED_PROJECT,1,MEDIUM,TIMELINE,LOW
MPLADS-004117,LEGITIMATE,0,LOW,NONE,LOW
MPLADS-004118,LEGITIMATE,0,LOW,NONE,LOW
MPLADS-004119,LEGITIMATE,0,LOW,NONE,LOW
MPLADS-004120,LEGITIMATE,0,LOW,NONE,LOW
MPLADS-004121,HIGH_VALUE_LEGITIMATE,0,MEDIUM,NONE,LOW
MPLADS-004122,LEGITIMATE,0,LOW,NONE,LOW
MPLADS-004123,LEGITIMATE,0,LOW,NONE,LOW
MPLADS-004124,LEGITIMATE,0,LOW,NONE,LOW
MPLADS-004125,LEGITIMATE,0,LOW,NONE,LOW
MPLADS-004126,LEGITIMATE,0,LOW,NONE,LOW
MPLADS-004127,HIGH_VALUE_LEGITIMATE,0,MEDIUM,NONE,LOW
MPLADS-004128,LEGITIMATE,0,LOW,NONE,LOW
MPLADS-004129,LEGITIMATE,0,LOW,NONE,LOW
MPLADS-004130,LEGITIMATE,0,LOW,NONE,LOW
MPLADS-004131,LEGITIMATE,0,LOW,NONE,LOW
MPLADS-004132,LEGITIMATE,0,LOW,NONE,LOW
MPLADS-004133,HIGH_VALUE_LEGITIMATE,0,MEDIUM,NONE,LOW
MPLADS-004134,LEGITIMATE,0,LOW,NONE,LOW
MPLADS-004135,SUSPICIOUS_PROCUREMENT,1,HIGH,PROCUREMENT,HIGH
MPLADS-004136,HIGH_VALUE_LEGITIMATE,0,MEDIUM,NONE,LOW
MPLADS-004137,DUPLICATE_PROJECT,1,HIGH,DUPLICATE_PROJECT,HIGH
MPLADS-004138,LEGITIMATE,0,LOW,NONE,LOW
MPLADS-004139,LEGITIMATE,0,LOW,NONE,LOW
MPLADS-004140,PAYMENT_PROGRESS_MISMATCH,1,CRITICAL,PROGRESS,URGENT
MPLADS-004141,LEGITIMATE,0,LOW,NONE,LOW
MPLADS-004142,PAYMENT_PROGRESS_MISMATCH,1,CRITICAL,PROGRESS,URGENT
MPLADS-004143,SUSPICIOUS_PROCUREMENT,1,HIGH,PROCUREMENT,HIGH
MPLADS-004144,LEGITIMATE,0,LOW,NONE,LOW
MPLADS-004145,LEGITIMATE,0,LOW,NONE,LOW
MPLADS-004146,LEGITIMATE,0,LOW,NONE,LOW
MPLADS-004147,PAYMENT_PROGRESS_MISMATCH,1,CRITICAL,PROGRESS,URGENT
MPLADS-004148,LEGITIMATE,0,LOW,NONE,LOW
MPLADS-004149,LEGITIMATE,0,LOW,NONE,LOW
MPLADS-004150,LEGITIMATE,0,LOW,NONE,LOW
MPLADS-004151,LEGITIMATE,0,LOW,NONE,LOW
MPLADS-004152,LEGITIMATE,0,LOW,NONE,LOW
MPLADS-004153,LEGITIMATE,0,LOW,NONE,LOW
MPLADS-004154,LEGITIMATE,0,LOW,NONE,LOW
MPLADS-004155,LEGITIMATE,0,LOW,NONE,LOW
MPLADS-004156,LEGITIMATE,0,LOW,NONE,LOW
MPLADS-004157,LEGITIMATE,0,LOW,NONE,LOW
MPLADS-004158,LEGITIMATE,0,LOW,NONE,LOW
MPLADS-004159,GHOST_WORK,1,CRITICAL,GHOST_WORK,URGENT
MPLADS-004160,LEGITIMATE,0,LOW,NONE,LOW
MPLADS-004161,LEGITIMATE,0,LOW,NONE,LOW
MPLADS-004162,LEGITIMATE,0,LOW,NONE,LOW
MPLADS-004163,HIGH_VALUE_LEGITIMATE,0,LOW,NONE,LOW
MPLADS-004164,LEGITIMATE,0,LOW,NONE,LOW
MPLADS-004165,LEGITIMATE,0,LOW,NONE,LOW
MPLADS-004166,SUSPICIOUS_CONTRACTOR,1,HIGH,SUSPICIOUS_CONTRACTOR,HIGH
MPLADS-004167,LEGITIMATE,0,LOW,NONE,LOW
MPLADS-004168,LEGITIMATE,0,LOW,NONE,LOW
MPLADS-004169,SUSPICIOUS_PROCUREMENT,1,HIGH,PROCUREMENT,HIGH
MPLADS-004170,LEGITIMATE,0,LOW,NONE,LOW
MPLADS-004171,LEGITIMATE,0,LOW,NONE,LOW
MPLADS-004172,LEGITIMATE,0,LOW,NONE,LOW
MPLADS-004173,PAYMENT_PROGRESS_MISMATCH,1,CRITICAL,PROGRESS,URGENT
MPLADS-004174,HIGH_VALUE_LEGITIMATE,0,LOW,NONE,LOW
MPLADS-004175,LEGITIMATE,0,LOW,NONE,LOW
MPLADS-004176,LEGITIMATE,0,LOW,NONE,LOW
MPLADS-004177,HIGH_VALUE_LEGITIMATE,0,MEDIUM,NONE,LOW
MPLADS-004178,LEGITIMATE,0,LOW,NONE,LOW
MPLADS-004179,LEGITIMATE,0,LOW,NONE,LOW
MPLADS-004180,LEGITIMATE,0,LOW,NONE,LOW
MPLADS-004181,PAYMENT_PROGRESS_MISMATCH,1,CRITICAL,PROGRESS,URGENT
MPLADS-004182,LEGITIMATE,0,LOW,NONE,LOW
MPLADS-004183,LEGITIMATE,0,LOW,NONE,LOW
MPLADS-004184,DELAYED_PROJECT,1,MEDIUM,TIMELINE,LOW
MPLADS-004185,LEGITIMATE,0,LOW,NONE,LOW
MPLADS-004186,PAYMENT_PROGRESS_MISMATCH,1,CRITICAL,PROGRESS,URGENT
MPLADS-004187,LEGITIMATE,0,LOW,NONE,LOW
MPLADS-004188,LEGITIMATE,0,LOW,NONE,LOW
MPLADS-004189,DELAYED_PROJECT,1,MEDIUM,TIMELINE,LOW
MPLADS-004190,LEGITIMATE,0,LOW,NONE,LOW
MPLADS-004191,LEGITIMATE,0,LOW,NONE,LOW
MPLADS-004192,DELAYED_PROJECT,1,MEDIUM,TIMELINE,LOW
MPLADS-004193,LEGITIMATE,0,LOW,NONE,LOW
MPLADS-004194,LEGITIMATE,0,LOW,NONE,LOW
MPLADS-004195,LEGITIMATE,0,LOW,NONE,LOW
MPLADS-004196,DUPLICATE_PROJECT,1,HIGH,DUPLICATE_PROJECT,HIGH
MPLADS-004197,LEGITIMATE,0,LOW,NONE,LOW
MPLADS-004198,LEGITIMATE,0,LOW,NONE,LOW
MPLADS-004199,COST_OVERRUN,1,HIGH,COST,HIGH
MPLADS-004200,LEGITIMATE,0,LOW,NONE,LOW
MPLADS-004201,LEGITIMATE,0,LOW,NONE,LOW
MPLADS-004202,GHOST_WORK,1,CRITICAL,GHOST_WORK,URGENT
MPLADS-004203,LEGITIMATE,0,LOW,NONE,LOW
MPLADS-004204,LEGITIMATE,0,LOW,NONE,LOW
MPLADS-004205,LEGITIMATE,0,LOW,NONE,LOW
MPLADS-004206,LEGITIMATE,0,LOW,NONE,LOW
MPLADS-004207,HIGH_VALUE_LEGITIMATE,0,LOW,NONE,LOW
MPLADS-004208,HIGH_VALUE_LEGITIMATE,0,MEDIUM,NONE,LOW
MPLADS-004209,LEGITIMATE,0,LOW,NONE,LOW
MPLADS-004210,LEGITIMATE,0,LOW,NONE,LOW
MPLADS-004211,LEGITIMATE,0,LOW,NONE,LOW
MPLADS-004212,LEGITIMATE,0,LOW,NONE,LOW
MPLADS-004213,GHOST_WORK,1,CRITICAL,GHOST_WORK,URGENT
MPLADS-004214,GHOST_WORK,1,CRITICAL,GHOST_WORK,URGENT
MPLADS-004215,LEGITIMATE,0,LOW,NONE,LOW
MPLADS-004216,LEGITIMATE,0,LOW,NONE,LOW
MPLADS-004217,LEGITIMATE,0,LOW,NONE,LOW
MPLADS-004218,LEGITIMATE,0,LOW,NONE,LOW
MPLADS-004219,HIGH_VALUE_LEGITIMATE,0,MEDIUM,NONE,LOW
MPLADS-004220,HIGH_VALUE_LEGITIMATE,0,LOW,NONE,LOW
MPLADS-004221,SUSPICIOUS_CONTRACTOR,1,HIGH,SUSPICIOUS_CONTRACTOR,HIGH
MPLADS-004222,LEGITIMATE,0,LOW,NONE,LOW
MPLADS-004223,DELAYED_PROJECT,1,MEDIUM,TIMELINE,LOW
MPLADS-004224,ABANDONED_PROJECT,1,HIGH,ABANDONED_PROJECT,HIGH
MPLADS-004225,LEGITIMATE,0,LOW,NONE,LOW
MPLADS-004226,HIGH_VALUE_LEGITIMATE,0,LOW,NONE,LOW
MPLADS-004227,LEGITIMATE,0,LOW,NONE,LOW
MPLADS-004228,LEGITIMATE,0,LOW,NONE,LOW
MPLADS-004229,ABANDONED_PROJECT,1,HIGH,ABANDONED_PROJECT,HIGH
MPLADS-004230,LEGITIMATE,0,LOW,NONE,LOW
MPLADS-004231,LEGITIMATE,0,LOW,NONE,LOW
MPLADS-004232,LEGITIMATE,0,LOW,NONE,LOW
MPLADS-004233,LEGITIMATE,0,LOW,NONE,LOW
MPLADS-004234,GHOST_WORK,1,CRITICAL,GHOST_WORK,URGENT
MPLADS-004235,LEGITIMATE,0,LOW,NONE,LOW
MPLADS-004236,LEGITIMATE,0,LOW,NONE,LOW
MPLADS-004237,LEGITIMATE,0,LOW,NONE,LOW
MPLADS-004238,LEGITIMATE,0,LOW,NONE,LOW
MPLADS-004239,LEGITIMATE,0,LOW,NONE,LOW
MPLADS-004240,SUSPICIOUS_CONTRACTOR,1,HIGH,SUSPICIOUS_CONTRACTOR,HIGH
MPLADS-004241,LEGITIMATE,0,LOW,NONE,LOW
MPLADS-004242,HIGH_VALUE_LEGITIMATE,0,MEDIUM,NONE,LOW
MPLADS-004243,LEGITIMATE,0,LOW,NONE,LOW
MPLADS-004244,LEGITIMATE,0,LOW,NONE,LOW
MPLADS-004245,LEGITIMATE,0,LOW,NONE,LOW
MPLADS-004246,LEGITIMATE,0,LOW,NONE,LOW
MPLADS-004247,LEGITIMATE,0,LOW,NONE,LOW
MPLADS-004248,COST_OVERRUN,1,HIGH,COST,HIGH
MPLADS-004249,COST_OVERRUN,1,HIGH,COST,HIGH
MPLADS-004250,CONTRACTOR_MONOPOLY,1,HIGH,CONTRACTOR,HIGH
MPLADS-004251,LEGITIMATE,0,LOW,NONE,LOW
MPLADS-004252,PAYMENT_PROGRESS_MISMATCH,1,CRITICAL,PROGRESS,URGENT
MPLADS-004253,LEGITIMATE,0,LOW,NONE,LOW
MPLADS-004254,ABANDONED_PROJECT,1,HIGH,ABANDONED_PROJECT,HIGH
MPLADS-004255,HIGH_VALUE_LEGITIMATE,0,MEDIUM,NONE,LOW
MPLADS-004256,LEGITIMATE,0,LOW,NONE,LOW
MPLADS-004257,GHOST_WORK,1,CRITICAL,GHOST_WORK,URGENT
MPLADS-004258,LEGITIMATE,0,LOW,NONE,LOW
MPLADS-004259,LEGITIMATE,0,LOW,NONE,LOW
MPLADS-004260,LEGITIMATE,0,LOW,NONE,LOW
MPLADS-004261,LEGITIMATE,0,LOW,NONE,LOW
MPLADS-004262,GHOST_WORK,1,CRITICAL,GHOST_WORK,URGENT
MPLADS-004263,LEGITIMATE,0,LOW,NONE,LOW
MPLADS-004264,LEGITIMATE,0,LOW,NONE,LOW
MPLADS-004265,GHOST_WORK,1,CRITICAL,GHOST_WORK,URGENT
MPLADS-004266,LEGITIMATE,0,LOW,NONE,LOW
MPLADS-004267,LEGITIMATE,0,LOW,NONE,LOW
MPLADS-004268,LEGITIMATE,0,LOW,NONE,LOW
MPLADS-004269,LEGITIMATE,0,LOW,NONE,LOW
MPLADS-004270,HIGH_VALUE_LEGITIMATE,0,LOW,NONE,LOW
MPLADS-004271,LEGITIMATE,0,LOW,NONE,LOW
MPLADS-004272,LEGITIMATE,0,LOW,NONE,LOW
MPLADS-004273,DELAYED_PROJECT,1,MEDIUM,TIMELINE,LOW
MPLADS-004274,LEGITIMATE,0,LOW,NONE,LOW
MPLADS-004275,LEGITIMATE,0,LOW,NONE,LOW
MPLADS-004276,LEGITIMATE,0,LOW,NONE,LOW
MPLADS-004277,LEGITIMATE,0,LOW,NONE,LOW
MPLADS-004278,LEGITIMATE,0,LOW,NONE,LOW
MPLADS-004279,LEGITIMATE,0,LOW,NONE,LOW
MPLADS-004280,HIGH_VALUE_LEGITIMATE,0,LOW,NONE,LOW
MPLADS-004281,LEGITIMATE,0,LOW,NONE,LOW
MPLADS-004282,PAYMENT_PROGRESS_MISMATCH,1,CRITICAL,PROGRESS,URGENT
MPLADS-004283,SUSPICIOUS_PROCUREMENT,1,HIGH,PROCUREMENT,HIGH
MPLADS-004284,HIGH_VALUE_LEGITIMATE,0,LOW,NONE,LOW
MPLADS-004285,DELAYED_PROJECT,1,MEDIUM,TIMELINE,LOW
MPLADS-004286,COST_OVERRUN,1,HIGH,COST,HIGH
MPLADS-004287,LEGITIMATE,0,LOW,NONE,LOW
MPLADS-004288,HIGH_VALUE_LEGITIMATE,0,MEDIUM,NONE,LOW
MPLADS-004289,LEGITIMATE,0,LOW,NONE,LOW
MPLADS-004290,HIGH_VALUE_LEGITIMATE,0,LOW,NONE,LOW
MPLADS-004291,LEGITIMATE,0,LOW,NONE,LOW
MPLADS-004292,DUPLICATE_PROJECT,1,HIGH,DUPLICATE_PROJECT,HIGH
MPLADS-004293,HIGH_VALUE_LEGITIMATE,0,MEDIUM,NONE,LOW
MPLADS-004294,LEGITIMATE,0,LOW,NONE,LOW
MPLADS-004295,HIGH_VALUE_LEGITIMATE,0,MEDIUM,NONE,LOW
MPLADS-004296,LEGITIMATE,0,LOW,NONE,LOW
MPLADS-004297,LEGITIMATE,0,LOW,NONE,LOW
MPLADS-004298,DELAYED_PROJECT,1,MEDIUM,TIMELINE,LOW
MPLADS-004299,COST_OVERRUN,1,HIGH,COST,HIGH
MPLADS-004300,LEGITIMATE,0,LOW,NONE,LOW
MPLADS-004301,LEGITIMATE,0,LOW,NONE,LOW
MPLADS-004302,LEGITIMATE,0,LOW,NONE,LOW
MPLADS-004303,LEGITIMATE,0,LOW,NONE,LOW
MPLADS-004304,HIGH_VALUE_LEGITIMATE,0,LOW,NONE,LOW
MPLADS-004305,LEGITIMATE,0,LOW,NONE,LOW
MPLADS-004306,LEGITIMATE,0,LOW,NONE,LOW
MPLADS-004307,COST_OVERRUN,1,HIGH,COST,HIGH
MPLADS-004308,GHOST_WORK,1,CRITICAL,GHOST_WORK,URGENT
MPLADS-004309,PAYMENT_PROGRESS_MISMATCH,1,CRITICAL,PROGRESS,URGENT
MPLADS-004310,LEGITIMATE,0,LOW,NONE,LOW
MPLADS-004311,LEGITIMATE,0,LOW,NONE,LOW
MPLADS-004312,LEGITIMATE,0,LOW,NONE,LOW
MPLADS-004313,LEGITIMATE,0,LOW,NONE,LOW
MPLADS-004314,COST_OVERRUN,1,HIGH,COST,HIGH
MPLADS-004315,LEGITIMATE,0,LOW,NONE,LOW
MPLADS-004316,HIGH_VALUE_LEGITIMATE,0,LOW,NONE,LOW
MPLADS-004317,LEGITIMATE,0,LOW,NONE,LOW
MPLADS-004318,LEGITIMATE,0,LOW,NONE,LOW
MPLADS-004319,LEGITIMATE,0,LOW,NONE,LOW
MPLADS-004320,HIGH_VALUE_LEGITIMATE,0,LOW,NONE,LOW
MPLADS-004321,LEGITIMATE,0,LOW,NONE,LOW
MPLADS-004322,COST_OVERRUN,1,HIGH,COST,HIGH
MPLADS-004323,LEGITIMATE,0,LOW,NONE,LOW
MPLADS-004324,LEGITIMATE,0,LOW,NONE,LOW
MPLADS-004325,LEGITIMATE,0,LOW,NONE,LOW
MPLADS-004326,HIGH_VALUE_LEGITIMATE,0,MEDIUM,NONE,LOW
MPLADS-004327,PAYMENT_PROGRESS_MISMATCH,1,CRITICAL,PROGRESS,URGENT
MPLADS-004328,LEGITIMATE,0,LOW,NONE,LOW
MPLADS-004329,LEGITIMATE,0,LOW,NONE,LOW
MPLADS-004330,LEGITIMATE,0,LOW,NONE,LOW
MPLADS-004331,DELAYED_PROJECT,1,MEDIUM,TIMELINE,LOW
MPLADS-004332,LEGITIMATE,0,LOW,NONE,LOW
MPLADS-004333,LEGITIMATE,0,LOW,NONE,LOW
MPLADS-004334,LEGITIMATE,0,LOW,NONE,LOW
MPLADS-004335,LEGITIMATE,0,LOW,NONE,LOW
MPLADS-004336,SUSPICIOUS_CONTRACTOR,1,HIGH,SUSPICIOUS_CONTRACTOR,HIGH
MPLADS-004337,LEGITIMATE,0,LOW,NONE,LOW
MPLADS-004338,COST_OVERRUN,1,HIGH,COST,HIGH
MPLADS-004339,LEGITIMATE,0,LOW,NONE,LOW
MPLADS-004340,LEGITIMATE,0,LOW,NONE,LOW
MPLADS-004341,LEGITIMATE,0,LOW,NONE,LOW
MPLADS-004342,LEGITIMATE,0,LOW,NONE,LOW
MPLADS-004343,HIGH_VALUE_LEGITIMATE,0,LOW,NONE,LOW
MPLADS-004344,DELAYED_PROJECT,1,MEDIUM,TIMELINE,LOW
MPLADS-004345,LEGITIMATE,0,LOW,NONE,LOW
MPLADS-004346,DELAYED_PROJECT,1,MEDIUM,TIMELINE,LOW
MPLADS-004347,LEGITIMATE,0,LOW,NONE,LOW
MPLADS-004348,HIGH_VALUE_LEGITIMATE,0,LOW,NONE,LOW
MPLADS-004349,LEGITIMATE,0,LOW,NONE,LOW
MPLADS-004350,ABANDONED_PROJECT,1,HIGH,ABANDONED_PROJECT,HIGH
MPLADS-004351,LEGITIMATE,0,LOW,NONE,LOW
MPLADS-004352,PAYMENT_PROGRESS_MISMATCH,1,CRITICAL,PROGRESS,URGENT
MPLADS-004353,LEGITIMATE,0,LOW,NONE,LOW
MPLADS-004354,LEGITIMATE,0,LOW,NONE,LOW
MPLADS-004355,LEGITIMATE,0,LOW,NONE,LOW
MPLADS-004356,LEGITIMATE,0,LOW,NONE,LOW
MPLADS-004357,LEGITIMATE,0,LOW,NONE,LOW
MPLADS-004358,ABANDONED_PROJECT,1,HIGH,ABANDONED_PROJECT,HIGH
MPLADS-004359,HIGH_VALUE_LEGITIMATE,0,LOW,NONE,LOW
MPLADS-004360,LEGITIMATE,0,LOW,NONE,LOW
MPLADS-004361,LEGITIMATE,0,LOW,NONE,LOW
MPLADS-004362,LEGITIMATE,0,LOW,NONE,LOW
MPLADS-004363,DELAYED_PROJECT,1,MEDIUM,TIMELINE,LOW
MPLADS-004364,HIGH_VALUE_LEGITIMATE,0,LOW,NONE,LOW
MPLADS-004365,LEGITIMATE,0,LOW,NONE,LOW
MPLADS-004366,LEGITIMATE,0,LOW,NONE,LOW
MPLADS-004367,COST_OVERRUN,1,HIGH,COST,HIGH
MPLADS-004368,LEGITIMATE,0,LOW,NONE,LOW
MPLADS-004369,LEGITIMATE,0,LOW,NONE,LOW
MPLADS-004370,PAYMENT_PROGRESS_MISMATCH,1,CRITICAL,PROGRESS,URGENT
MPLADS-004371,LEGITIMATE,0,LOW,NONE,LOW
MPLADS-004372,COST_OVERRUN,1,HIGH,COST,HIGH
MPLADS-004373,LEGITIMATE,0,LOW,NONE,LOW
MPLADS-004374,COST_OVERRUN,1,HIGH,COST,HIGH
MPLADS-004375,LEGITIMATE,0,LOW,NONE,LOW
MPLADS-004376,LEGITIMATE,0,LOW,NONE,LOW
MPLADS-004377,LEGITIMATE,0,LOW,NONE,LOW
MPLADS-004378,HIGH_VALUE_LEGITIMATE,0,LOW,NONE,LOW
MPLADS-004379,HIGH_VALUE_LEGITIMATE,0,LOW,NONE,LOW
MPLADS-004380,LEGITIMATE,0,LOW,NONE,LOW
MPLADS-004381,LEGITIMATE,0,LOW,NONE,LOW
MPLADS-004382,LEGITIMATE,0,LOW,NONE,LOW
MPLADS-004383,LEGITIMATE,0,LOW,NONE,LOW
MPLADS-004384,LEGITIMATE,0,LOW,NONE,LOW
MPLADS-004385,LEGITIMATE,0,LOW,NONE,LOW
MPLADS-004386,COST_OVERRUN,1,HIGH,COST,HIGH
MPLADS-004387,LEGITIMATE,0,LOW,NONE,LOW
MPLADS-004388,LEGITIMATE,0,LOW,NONE,LOW
MPLADS-004389,PAYMENT_PROGRESS_MISMATCH,1,CRITICAL,PROGRESS,URGENT
MPLADS-004390,HIGH_VALUE_LEGITIMATE,0,LOW,NONE,LOW
MPLADS-004391,LEGITIMATE,0,LOW,NONE,LOW
MPLADS-004392,HIGH_VALUE_LEGITIMATE,0,MEDIUM,NONE,LOW
MPLADS-004393,DUPLICATE_PROJECT,1,HIGH,DUPLICATE_PROJECT,HIGH
MPLADS-004394,LEGITIMATE,0,LOW,NONE,LOW
MPLADS-004395,LEGITIMATE,0,LOW,NONE,LOW
MPLADS-004396,COST_OVERRUN,1,HIGH,COST,HIGH
MPLADS-004397,LEGITIMATE,0,LOW,NONE,LOW
MPLADS-004398,HIGH_VALUE_LEGITIMATE,0,MEDIUM,NONE,LOW
MPLADS-004399,HIGH_VALUE_LEGITIMATE,0,MEDIUM,NONE,LOW
MPLADS-004400,LEGITIMATE,0,LOW,NONE,LOW
MPLADS-004401,GHOST_WORK,1,CRITICAL,GHOST_WORK,URGENT
MPLADS-004402,COST_OVERRUN,1,HIGH,COST,HIGH
MPLADS-004403,LEGITIMATE,0,LOW,NONE,LOW
MPLADS-004404,HIGH_VALUE_LEGITIMATE,0,LOW,NONE,LOW
MPLADS-004405,LEGITIMATE,0,LOW,NONE,LOW
MPLADS-004406,LEGITIMATE,0,LOW,NONE,LOW
MPLADS-004407,COST_OVERRUN,1,HIGH,COST,HIGH
MPLADS-004408,LEGITIMATE,0,LOW,NONE,LOW
MPLADS-004409,HIGH_VALUE_LEGITIMATE,0,LOW,NONE,LOW
MPLADS-004410,LEGITIMATE,0,LOW,NONE,LOW
MPLADS-004411,LEGITIMATE,0,LOW,NONE,LOW
MPLADS-004412,COST_OVERRUN,1,HIGH,COST,HIGH
MPLADS-004413,LEGITIMATE,0,LOW,NONE,LOW
MPLADS-004414,PAYMENT_PROGRESS_MISMATCH,1,CRITICAL,PROGRESS,URGENT
MPLADS-004415,ABANDONED_PROJECT,1,HIGH,ABANDONED_PROJECT,HIGH
MPLADS-004416,PAYMENT_PROGRESS_MISMATCH,1,CRITICAL,PROGRESS,URGENT
MPLADS-004417,HIGH_VALUE_LEGITIMATE,0,LOW,NONE,LOW
MPLADS-004418,LEGITIMATE,0,LOW,NONE,LOW
MPLADS-004419,ABANDONED_PROJECT,1,HIGH,ABANDONED_PROJECT,HIGH
MPLADS-004420,LEGITIMATE,0,LOW,NONE,LOW
MPLADS-004421,LEGITIMATE,0,LOW,NONE,LOW
MPLADS-004422,COST_OVERRUN,1,HIGH,COST,HIGH
MPLADS-004423,LEGITIMATE,0,LOW,NONE,LOW
MPLADS-004424,LEGITIMATE,0,LOW,NONE,LOW
MPLADS-004425,LEGITIMATE,0,LOW,NONE,LOW
MPLADS-004426,LEGITIMATE,0,LOW,NONE,LOW
MPLADS-004427,DELAYED_PROJECT,1,MEDIUM,TIMELINE,LOW
MPLADS-004428,DUPLICATE_PROJECT,1,HIGH,DUPLICATE_PROJECT,HIGH
MPLADS-004429,HIGH_VALUE_LEGITIMATE,0,LOW,NONE,LOW
MPLADS-004430,LEGITIMATE,0,LOW,NONE,LOW
MPLADS-004431,DOCUMENTATION_ANOMALY,1,HIGH,DOCUMENTATION,HIGH
MPLADS-004432,LEGITIMATE,0,LOW,NONE,LOW
MPLADS-004433,HIGH_VALUE_LEGITIMATE,0,LOW,NONE,LOW
MPLADS-004434,LEGITIMATE,0,LOW,NONE,LOW
MPLADS-004435,LEGITIMATE,0,LOW,NONE,LOW
MPLADS-004436,LEGITIMATE,0,LOW,NONE,LOW
MPLADS-004437,COST_OVERRUN,1,HIGH,COST,HIGH
MPLADS-004438,LEGITIMATE,0,LOW,NONE,LOW
MPLADS-004439,HIGH_VALUE_LEGITIMATE,0,MEDIUM,NONE,LOW
MPLADS-004440,LEGITIMATE,0,LOW,NONE,LOW
MPLADS-004441,LEGITIMATE,0,LOW,NONE,LOW
MPLADS-004442,LEGITIMATE,0,LOW,NONE,LOW
MPLADS-004443,SUSPICIOUS_CONTRACTOR,1,HIGH,SUSPICIOUS_CONTRACTOR,HIGH
MPLADS-004444,LEGITIMATE,0,LOW,NONE,LOW
MPLADS-004445,LEGITIMATE,0,LOW,NONE,LOW
MPLADS-004446,ABANDONED_PROJECT,1,HIGH,ABANDONED_PROJECT,HIGH
MPLADS-004447,LEGITIMATE,0,LOW,NONE,LOW
MPLADS-004448,LEGITIMATE,0,LOW,NONE,LOW
MPLADS-004449,HIGH_VALUE_LEGITIMATE,0,LOW,NONE,LOW
MPLADS-004450,HIGH_VALUE_LEGITIMATE,0,LOW,NONE,LOW
MPLADS-004451,PAYMENT_PROGRESS_MISMATCH,1,CRITICAL,PROGRESS,URGENT
MPLADS-004452,HIGH_VALUE_LEGITIMATE,0,LOW,NONE,LOW
MPLADS-004453,LEGITIMATE,0,LOW,NONE,LOW
MPLADS-004454,SUSPICIOUS_CONTRACTOR,1,HIGH,SUSPICIOUS_CONTRACTOR,HIGH
MPLADS-004455,LEGITIMATE,0,LOW,NONE,LOW
MPLADS-004456,DELAYED_PROJECT,1,MEDIUM,TIMELINE,LOW
MPLADS-004457,LEGITIMATE,0,LOW,NONE,LOW
MPLADS-004458,LEGITIMATE,0,LOW,NONE,LOW
MPLADS-004459,LEGITIMATE,0,LOW,NONE,LOW
MPLADS-004460,LEGITIMATE,0,LOW,NONE,LOW
MPLADS-004461,COST_OVERRUN,1,HIGH,COST,HIGH
MPLADS-004462,LEGITIMATE,0,LOW,NONE,LOW
MPLADS-004463,LEGITIMATE,0,LOW,NONE,LOW
MPLADS-004464,LEGITIMATE,0,LOW,NONE,LOW
MPLADS-004465,HIGH_VALUE_LEGITIMATE,0,MEDIUM,NONE,LOW
MPLADS-004466,LEGITIMATE,0,LOW,NONE,LOW
MPLADS-004467,LEGITIMATE,0,LOW,NONE,LOW
MPLADS-004468,LEGITIMATE,0,LOW,NONE,LOW
MPLADS-004469,LEGITIMATE,0,LOW,NONE,LOW
MPLADS-004470,LEGITIMATE,0,LOW,NONE,LOW
MPLADS-004471,LEGITIMATE,0,LOW,NONE,LOW
MPLADS-004472,HIGH_VALUE_LEGITIMATE,0,LOW,NONE,LOW
MPLADS-004473,LEGITIMATE,0,LOW,NONE,LOW
MPLADS-004474,LEGITIMATE,0,LOW,NONE,LOW
MPLADS-004475,LEGITIMATE,0,LOW,NONE,LOW
MPLADS-004476,LEGITIMATE,0,LOW,NONE,LOW
MPLADS-004477,LEGITIMATE,0,LOW,NONE,LOW
MPLADS-004478,LEGITIMATE,0,LOW,NONE,LOW
MPLADS-004479,LEGITIMATE,0,LOW,NONE,LOW
MPLADS-004480,LEGITIMATE,0,LOW,NONE,LOW
MPLADS-004481,LEGITIMATE,0,LOW,NONE,LOW
MPLADS-004482,SUSPICIOUS_CONTRACTOR,1,HIGH,SUSPICIOUS_CONTRACTOR,HIGH
MPLADS-004483,LEGITIMATE,0,LOW,NONE,LOW
MPLADS-004484,LEGITIMATE,0,LOW,NONE,LOW
MPLADS-004485,GHOST_WORK,1,CRITICAL,GHOST_WORK,URGENT
MPLADS-004486,LEGITIMATE,0,LOW,NONE,LOW
MPLADS-004487,LEGITIMATE,0,LOW,NONE,LOW
MPLADS-004488,LEGITIMATE,0,LOW,NONE,LOW
MPLADS-004489,LEGITIMATE,0,LOW,NONE,LOW
MPLADS-004490,COST_OVERRUN,1,HIGH,COST,HIGH
MPLADS-004491,LEGITIMATE,0,LOW,NONE,LOW
MPLADS-004492,PAYMENT_PROGRESS_MISMATCH,1,CRITICAL,PROGRESS,URGENT
MPLADS-004493,HIGH_VALUE_LEGITIMATE,0,LOW,NONE,LOW
MPLADS-004494,LEGITIMATE,0,LOW,NONE,LOW
MPLADS-004495,CONTRACTOR_MONOPOLY,1,HIGH,CONTRACTOR,HIGH
MPLADS-004496,LEGITIMATE,0,LOW,NONE,LOW
MPLADS-004497,HIGH_VALUE_LEGITIMATE,0,LOW,NONE,LOW
MPLADS-004498,HIGH_VALUE_LEGITIMATE,0,MEDIUM,NONE,LOW
MPLADS-004499,LEGITIMATE,0,LOW,NONE,LOW
MPLADS-004500,LEGITIMATE,0,LOW,NONE,LOW
MPLADS-004501,LEGITIMATE,0,LOW,NONE,LOW
MPLADS-004502,HIGH_VALUE_LEGITIMATE,0,LOW,NONE,LOW
MPLADS-004503,LEGITIMATE,0,LOW,NONE,LOW
MPLADS-004504,LEGITIMATE,0,LOW,NONE,LOW
MPLADS-004505,LEGITIMATE,0,LOW,NONE,LOW
MPLADS-004506,LEGITIMATE,0,LOW,NONE,LOW
MPLADS-004507,LEGITIMATE,0,LOW,NONE,LOW
MPLADS-004508,DELAYED_PROJECT,1,MEDIUM,TIMELINE,LOW
MPLADS-004509,PAYMENT_PROGRESS_MISMATCH,1,CRITICAL,PROGRESS,URGENT
MPLADS-004510,LEGITIMATE,0,LOW,NONE,LOW
MPLADS-004511,LEGITIMATE,0,LOW,NONE,LOW
MPLADS-004512,LEGITIMATE,0,LOW,NONE,LOW
MPLADS-004513,GHOST_WORK,1,CRITICAL,GHOST_WORK,URGENT
MPLADS-004514,LEGITIMATE,0,LOW,NONE,LOW
MPLADS-004515,SUSPICIOUS_CONTRACTOR,1,HIGH,SUSPICIOUS_CONTRACTOR,HIGH
MPLADS-004516,LEGITIMATE,0,LOW,NONE,LOW
MPLADS-004517,LEGITIMATE,0,LOW,NONE,LOW
MPLADS-004518,LEGITIMATE,0,LOW,NONE,LOW
MPLADS-004519,HIGH_VALUE_LEGITIMATE,0,LOW,NONE,LOW
MPLADS-004520,LEGITIMATE,0,LOW,NONE,LOW
MPLADS-004521,LEGITIMATE,0,LOW,NONE,LOW
MPLADS-004522,LEGITIMATE,0,LOW,NONE,LOW
MPLADS-004523,LEGITIMATE,0,LOW,NONE,LOW
MPLADS-004524,LEGITIMATE,0,LOW,NONE,LOW
MPLADS-004525,LEGITIMATE,0,LOW,NONE,LOW
MPLADS-004526,LEGITIMATE,0,LOW,NONE,LOW
MPLADS-004527,HIGH_VALUE_LEGITIMATE,0,MEDIUM,NONE,LOW
MPLADS-004528,LEGITIMATE,0,LOW,NONE,LOW
MPLADS-004529,PAYMENT_PROGRESS_MISMATCH,1,CRITICAL,PROGRESS,URGENT
MPLADS-004530,LEGITIMATE,0,LOW,NONE,LOW
MPLADS-004531,LEGITIMATE,0,LOW,NONE,LOW
MPLADS-004532,LEGITIMATE,0,LOW,NONE,LOW
MPLADS-004533,LEGITIMATE,0,LOW,NONE,LOW
MPLADS-004534,LEGITIMATE,0,LOW,NONE,LOW
MPLADS-004535,DOCUMENTATION_ANOMALY,1,HIGH,DOCUMENTATION,HIGH
MPLADS-004536,DELAYED_PROJECT,1,MEDIUM,TIMELINE,LOW
MPLADS-004537,LEGITIMATE,0,LOW,NONE,LOW
MPLADS-004538,LEGITIMATE,0,LOW,NONE,LOW
MPLADS-004539,PAYMENT_PROGRESS_MISMATCH,1,CRITICAL,PROGRESS,URGENT
MPLADS-004540,LEGITIMATE,0,LOW,NONE,LOW
MPLADS-004541,LEGITIMATE,0,LOW,NONE,LOW
MPLADS-004542,HIGH_VALUE_LEGITIMATE,0,LOW,NONE,LOW
MPLADS-004543,LEGITIMATE,0,LOW,NONE,LOW
MPLADS-004544,ABANDONED_PROJECT,1,HIGH,ABANDONED_PROJECT,HIGH
MPLADS-004545,PAYMENT_PROGRESS_MISMATCH,1,CRITICAL,PROGRESS,URGENT
MPLADS-004546,DELAYED_PROJECT,1,MEDIUM,TIMELINE,LOW
MPLADS-004547,LEGITIMATE,0,LOW,NONE,LOW
MPLADS-004548,LEGITIMATE,0,LOW,NONE,LOW
MPLADS-004549,LEGITIMATE,0,LOW,NONE,LOW
MPLADS-004550,LEGITIMATE,0,LOW,NONE,LOW
MPLADS-004551,LEGITIMATE,0,LOW,NONE,LOW
MPLADS-004552,LEGITIMATE,0,LOW,NONE,LOW
MPLADS-004553,LEGITIMATE,0,LOW,NONE,LOW
MPLADS-004554,CONTRACTOR_MONOPOLY,1,HIGH,CONTRACTOR,HIGH
MPLADS-004555,HIGH_VALUE_LEGITIMATE,0,MEDIUM,NONE,LOW
MPLADS-004556,LEGITIMATE,0,LOW,NONE,LOW
MPLADS-004557,LEGITIMATE,0,LOW,NONE,LOW
MPLADS-004558,LEGITIMATE,0,LOW,NONE,LOW
MPLADS-004559,DELAYED_PROJECT,1,MEDIUM,TIMELINE,LOW
MPLADS-004560,SUSPICIOUS_CONTRACTOR,1,HIGH,SUSPICIOUS_CONTRACTOR,HIGH
MPLADS-004561,LEGITIMATE,0,LOW,NONE,LOW
MPLADS-004562,HIGH_VALUE_LEGITIMATE,0,LOW,NONE,LOW
MPLADS-004563,LEGITIMATE,0,LOW,NONE,LOW
MPLADS-004564,LEGITIMATE,0,LOW,NONE,LOW
MPLADS-004565,LEGITIMATE,0,LOW,NONE,LOW
MPLADS-004566,LEGITIMATE,0,LOW,NONE,LOW
MPLADS-004567,LEGITIMATE,0,LOW,NONE,LOW
MPLADS-004568,LEGITIMATE,0,LOW,NONE,LOW
MPLADS-004569,LEGITIMATE,0,LOW,NONE,LOW
MPLADS-004570,LEGITIMATE,0,LOW,NONE,LOW
MPLADS-004571,LEGITIMATE,0,LOW,NONE,LOW
MPLADS-004572,LEGITIMATE,0,LOW,NONE,LOW
MPLADS-004573,HIGH_VALUE_LEGITIMATE,0,LOW,NONE,LOW
MPLADS-004574,LEGITIMATE,0,LOW,NONE,LOW
MPLADS-004575,LEGITIMATE,0,LOW,NONE,LOW
MPLADS-004576,HIGH_VALUE_LEGITIMATE,0,LOW,NONE,LOW
MPLADS-004577,LEGITIMATE,0,LOW,NONE,LOW
MPLADS-004578,HIGH_VALUE_LEGITIMATE,0,MEDIUM,NONE,LOW
MPLADS-004579,LEGITIMATE,0,LOW,NONE,LOW
MPLADS-004580,PAYMENT_PROGRESS_MISMATCH,1,CRITICAL,PROGRESS,URGENT
MPLADS-004581,LEGITIMATE,0,LOW,NONE,LOW
MPLADS-004582,LEGITIMATE,0,LOW,NONE,LOW
MPLADS-004583,LEGITIMATE,0,LOW,NONE,LOW
MPLADS-004584,HIGH_VALUE_LEGITIMATE,0,MEDIUM,NONE,LOW
MPLADS-004585,LEGITIMATE,0,LOW,NONE,LOW
MPLADS-004586,PAYMENT_PROGRESS_MISMATCH,1,CRITICAL,PROGRESS,URGENT
MPLADS-004587,LEGITIMATE,0,LOW,NONE,LOW
MPLADS-004588,LEGITIMATE,0,LOW,NONE,LOW
MPLADS-004589,LEGITIMATE,0,LOW,NONE,LOW
MPLADS-004590,HIGH_VALUE_LEGITIMATE,0,LOW,NONE,LOW
MPLADS-004591,GHOST_WORK,1,CRITICAL,GHOST_WORK,URGENT
MPLADS-004592,GHOST_WORK,1,CRITICAL,GHOST_WORK,URGENT
MPLADS-004593,LEGITIMATE,0,LOW,NONE,LOW
MPLADS-004594,LEGITIMATE,0,LOW,NONE,LOW
MPLADS-004595,LEGITIMATE,0,LOW,NONE,LOW
MPLADS-004596,LEGITIMATE,0,LOW,NONE,LOW
MPLADS-004597,HIGH_VALUE_LEGITIMATE,0,LOW,NONE,LOW
MPLADS-004598,LEGITIMATE,0,LOW,NONE,LOW
MPLADS-004599,HIGH_VALUE_LEGITIMATE,0,MEDIUM,NONE,LOW
MPLADS-004600,LEGITIMATE,0,LOW,NONE,LOW
MPLADS-004601,COST_OVERRUN,1,HIGH,COST,HIGH
MPLADS-004602,SUSPICIOUS_CONTRACTOR,1,HIGH,SUSPICIOUS_CONTRACTOR,HIGH
MPLADS-004603,LEGITIMATE,0,LOW,NONE,LOW
MPLADS-004604,LEGITIMATE,0,LOW,NONE,LOW
MPLADS-004605,DUPLICATE_PROJECT,1,HIGH,DUPLICATE_PROJECT,HIGH
MPLADS-004606,LEGITIMATE,0,LOW,NONE,LOW
MPLADS-004607,LEGITIMATE,0,LOW,NONE,LOW
MPLADS-004608,LEGITIMATE,0,LOW,NONE,LOW
MPLADS-004609,LEGITIMATE,0,LOW,NONE,LOW
MPLADS-004610,LEGITIMATE,0,LOW,NONE,LOW
MPLADS-004611,GHOST_WORK,1,CRITICAL,GHOST_WORK,URGENT
MPLADS-004612,LEGITIMATE,0,LOW,NONE,LOW
MPLADS-004613,LEGITIMATE,0,LOW,NONE,LOW
MPLADS-004614,HIGH_VALUE_LEGITIMATE,0,LOW,NONE,LOW
MPLADS-004615,LEGITIMATE,0,LOW,NONE,LOW
MPLADS-004616,DUPLICATE_PROJECT,1,HIGH,DUPLICATE_PROJECT,HIGH
MPLADS-004617,ABANDONED_PROJECT,1,HIGH,ABANDONED_PROJECT,HIGH
MPLADS-004618,LEGITIMATE,0,LOW,NONE,LOW
MPLADS-004619,LEGITIMATE,0,LOW,NONE,LOW
MPLADS-004620,LEGITIMATE,0,LOW,NONE,LOW
MPLADS-004621,LEGITIMATE,0,LOW,NONE,LOW
MPLADS-004622,HIGH_VALUE_LEGITIMATE,0,MEDIUM,NONE,LOW
MPLADS-004623,LEGITIMATE,0,LOW,NONE,LOW
MPLADS-004624,DELAYED_PROJECT,1,MEDIUM,TIMELINE,LOW
MPLADS-004625,LEGITIMATE,0,LOW,NONE,LOW
MPLADS-004626,LEGITIMATE,0,LOW,NONE,LOW
MPLADS-004627,ABANDONED_PROJECT,1,HIGH,ABANDONED_PROJECT,HIGH
MPLADS-004628,LEGITIMATE,0,LOW,NONE,LOW
MPLADS-004629,LEGITIMATE,0,LOW,NONE,LOW
MPLADS-004630,SUSPICIOUS_CONTRACTOR,1,HIGH,SUSPICIOUS_CONTRACTOR,HIGH
MPLADS-004631,LEGITIMATE,0,LOW,NONE,LOW
MPLADS-004632,SUSPICIOUS_PROCUREMENT,1,HIGH,PROCUREMENT,HIGH
MPLADS-004633,ABANDONED_PROJECT,1,HIGH,ABANDONED_PROJECT,HIGH
MPLADS-004634,SUSPICIOUS_CONTRACTOR,1,HIGH,SUSPICIOUS_CONTRACTOR,HIGH
MPLADS-004635,LEGITIMATE,0,LOW,NONE,LOW
MPLADS-004636,LEGITIMATE,0,LOW,NONE,LOW
MPLADS-004637,LEGITIMATE,0,LOW,NONE,LOW
MPLADS-004638,HIGH_VALUE_LEGITIMATE,0,MEDIUM,NONE,LOW
MPLADS-004639,LEGITIMATE,0,LOW,NONE,LOW
MPLADS-004640,ABANDONED_PROJECT,1,HIGH,ABANDONED_PROJECT,HIGH
MPLADS-004641,HIGH_VALUE_LEGITIMATE,0,MEDIUM,NONE,LOW
MPLADS-004642,LEGITIMATE,0,LOW,NONE,LOW
MPLADS-004643,LEGITIMATE,0,LOW,NONE,LOW
MPLADS-004644,LEGITIMATE,0,LOW,NONE,LOW
MPLADS-004645,DOCUMENTATION_ANOMALY,1,HIGH,DOCUMENTATION,HIGH
MPLADS-004646,LEGITIMATE,0,LOW,NONE,LOW
MPLADS-004647,LEGITIMATE,0,LOW,NONE,LOW
MPLADS-004648,LEGITIMATE,0,LOW,NONE,LOW
MPLADS-004649,LEGITIMATE,0,LOW,NONE,LOW
MPLADS-004650,LEGITIMATE,0,LOW,NONE,LOW
MPLADS-004651,HIGH_VALUE_LEGITIMATE,0,LOW,NONE,LOW
MPLADS-004652,LEGITIMATE,0,LOW,NONE,LOW
MPLADS-004653,GHOST_WORK,1,CRITICAL,GHOST_WORK,URGENT
MPLADS-004654,LEGITIMATE,0,LOW,NONE,LOW
MPLADS-004655,HIGH_VALUE_LEGITIMATE,0,LOW,NONE,LOW
MPLADS-004656,LEGITIMATE,0,LOW,NONE,LOW
MPLADS-004657,LEGITIMATE,0,LOW,NONE,LOW
MPLADS-004658,LEGITIMATE,0,LOW,NONE,LOW
MPLADS-004659,LEGITIMATE,0,LOW,NONE,LOW
MPLADS-004660,LEGITIMATE,0,LOW,NONE,LOW
MPLADS-004661,LEGITIMATE,0,LOW,NONE,LOW
MPLADS-004662,LEGITIMATE,0,LOW,NONE,LOW
MPLADS-004663,LEGITIMATE,0,LOW,NONE,LOW
MPLADS-004664,LEGITIMATE,0,LOW,NONE,LOW
MPLADS-004665,HIGH_VALUE_LEGITIMATE,0,MEDIUM,NONE,LOW
MPLADS-004666,LEGITIMATE,0,LOW,NONE,LOW
MPLADS-004667,LEGITIMATE,0,LOW,NONE,LOW
MPLADS-004668,LEGITIMATE,0,LOW,NONE,LOW
MPLADS-004669,COST_OVERRUN,1,HIGH,COST,HIGH
MPLADS-004670,LEGITIMATE,0,LOW,NONE,LOW
MPLADS-004671,LEGITIMATE,0,LOW,NONE,LOW
MPLADS-004672,LEGITIMATE,0,LOW,NONE,LOW
MPLADS-004673,ABANDONED_PROJECT,1,HIGH,ABANDONED_PROJECT,HIGH
MPLADS-004674,DOCUMENTATION_ANOMALY,1,HIGH,DOCUMENTATION,HIGH
MPLADS-004675,LEGITIMATE,0,LOW,NONE,LOW
MPLADS-004676,LEGITIMATE,0,LOW,NONE,LOW
MPLADS-004677,ABANDONED_PROJECT,1,HIGH,ABANDONED_PROJECT,HIGH
MPLADS-004678,LEGITIMATE,0,LOW,NONE,LOW
MPLADS-004679,LEGITIMATE,0,LOW,NONE,LOW
MPLADS-004680,DOCUMENTATION_ANOMALY,1,HIGH,DOCUMENTATION,HIGH
MPLADS-004681,LEGITIMATE,0,LOW,NONE,LOW
MPLADS-004682,LEGITIMATE,0,LOW,NONE,LOW
MPLADS-004683,SUSPICIOUS_PROCUREMENT,1,HIGH,PROCUREMENT,HIGH
MPLADS-004684,ABANDONED_PROJECT,1,HIGH,ABANDONED_PROJECT,HIGH
MPLADS-004685,LEGITIMATE,0,LOW,NONE,LOW
MPLADS-004686,LEGITIMATE,0,LOW,NONE,LOW
MPLADS-004687,LEGITIMATE,0,LOW,NONE,LOW
MPLADS-004688,HIGH_VALUE_LEGITIMATE,0,LOW,NONE,LOW
MPLADS-004689,LEGITIMATE,0,LOW,NONE,LOW
MPLADS-004690,HIGH_VALUE_LEGITIMATE,0,MEDIUM,NONE,LOW
MPLADS-004691,LEGITIMATE,0,LOW,NONE,LOW
MPLADS-004692,HIGH_VALUE_LEGITIMATE,0,LOW,NONE,LOW
MPLADS-004693,LEGITIMATE,0,LOW,NONE,LOW
MPLADS-004694,HIGH_VALUE_LEGITIMATE,0,LOW,NONE,LOW
MPLADS-004695,LEGITIMATE,0,LOW,NONE,LOW
MPLADS-004696,LEGITIMATE,0,LOW,NONE,LOW
MPLADS-004697,LEGITIMATE,0,LOW,NONE,LOW
MPLADS-004698,CONTRACTOR_MONOPOLY,1,HIGH,CONTRACTOR,HIGH
MPLADS-004699,LEGITIMATE,0,LOW,NONE,LOW
MPLADS-004700,LEGITIMATE,0,LOW,NONE,LOW
MPLADS-004701,LEGITIMATE,0,LOW,NONE,LOW
MPLADS-004702,LEGITIMATE,0,LOW,NONE,LOW
MPLADS-004703,LEGITIMATE,0,LOW,NONE,LOW
MPLADS-004704,LEGITIMATE,0,LOW,NONE,LOW
MPLADS-004705,LEGITIMATE,0,LOW,NONE,LOW
MPLADS-004706,LEGITIMATE,0,LOW,NONE,LOW
MPLADS-004707,LEGITIMATE,0,LOW,NONE,LOW
MPLADS-004708,HIGH_VALUE_LEGITIMATE,0,MEDIUM,NONE,LOW
MPLADS-004709,LEGITIMATE,0,LOW,NONE,LOW
MPLADS-004710,LEGITIMATE,0,LOW,NONE,LOW
MPLADS-004711,LEGITIMATE,0,LOW,NONE,LOW
MPLADS-004712,LEGITIMATE,0,LOW,NONE,LOW
MPLADS-004713,LEGITIMATE,0,LOW,NONE,LOW
MPLADS-004714,LEGITIMATE,0,LOW,NONE,LOW
MPLADS-004715,HIGH_VALUE_LEGITIMATE,0,LOW,NONE,LOW
MPLADS-004716,LEGITIMATE,0,LOW,NONE,LOW
MPLADS-004717,LEGITIMATE,0,LOW,NONE,LOW
MPLADS-004718,LEGITIMATE,0,LOW,NONE,LOW
MPLADS-004719,LEGITIMATE,0,LOW,NONE,LOW
MPLADS-004720,LEGITIMATE,0,LOW,NONE,LOW
MPLADS-004721,LEGITIMATE,0,LOW,NONE,LOW
MPLADS-004722,LEGITIMATE,0,LOW,NONE,LOW
MPLADS-004723,LEGITIMATE,0,LOW,NONE,LOW
MPLADS-004724,DELAYED_PROJECT,1,MEDIUM,TIMELINE,LOW
MPLADS-004725,LEGITIMATE,0,LOW,NONE,LOW
MPLADS-004726,LEGITIMATE,0,LOW,NONE,LOW
MPLADS-004727,LEGITIMATE,0,LOW,NONE,LOW
MPLADS-004728,LEGITIMATE,0,LOW,NONE,LOW
MPLADS-004729,LEGITIMATE,0,LOW,NONE,LOW
MPLADS-004730,LEGITIMATE,0,LOW,NONE,LOW
MPLADS-004731,LEGITIMATE,0,LOW,NONE,LOW
MPLADS-004732,HIGH_VALUE_LEGITIMATE,0,LOW,NONE,LOW
MPLADS-004733,LEGITIMATE,0,LOW,NONE,LOW
MPLADS-004734,COST_OVERRUN,1,HIGH,COST,HIGH
MPLADS-004735,HIGH_VALUE_LEGITIMATE,0,LOW,NONE,LOW
MPLADS-004736,GHOST_WORK,1,CRITICAL,GHOST_WORK,URGENT
MPLADS-004737,LEGITIMATE,0,LOW,NONE,LOW
MPLADS-004738,LEGITIMATE,0,LOW,NONE,LOW
MPLADS-004739,LEGITIMATE,0,LOW,NONE,LOW
MPLADS-004740,DUPLICATE_PROJECT,1,HIGH,DUPLICATE_PROJECT,HIGH
MPLADS-004741,LEGITIMATE,0,LOW,NONE,LOW
MPLADS-004742,LEGITIMATE,0,LOW,NONE,LOW
MPLADS-004743,LEGITIMATE,0,LOW,NONE,LOW
MPLADS-004744,HIGH_VALUE_LEGITIMATE,0,MEDIUM,NONE,LOW
MPLADS-004745,LEGITIMATE,0,LOW,NONE,LOW
MPLADS-004746,LEGITIMATE,0,LOW,NONE,LOW
MPLADS-004747,DELAYED_PROJECT,1,MEDIUM,TIMELINE,LOW
MPLADS-004748,CONTRACTOR_MONOPOLY,1,HIGH,CONTRACTOR,HIGH
MPLADS-004749,LEGITIMATE,0,LOW,NONE,LOW
MPLADS-004750,LEGITIMATE,0,LOW,NONE,LOW
MPLADS-004751,ABANDONED_PROJECT,1,HIGH,ABANDONED_PROJECT,HIGH
MPLADS-004752,DELAYED_PROJECT,1,MEDIUM,TIMELINE,LOW
MPLADS-004753,ABANDONED_PROJECT,1,HIGH,ABANDONED_PROJECT,HIGH
MPLADS-004754,LEGITIMATE,0,LOW,NONE,LOW
MPLADS-004755,LEGITIMATE,0,LOW,NONE,LOW
MPLADS-004756,GHOST_WORK,1,CRITICAL,GHOST_WORK,URGENT
MPLADS-004757,COST_OVERRUN,1,HIGH,COST,HIGH
MPLADS-004758,LEGITIMATE,0,LOW,NONE,LOW
MPLADS-004759,SUSPICIOUS_CONTRACTOR,1,HIGH,SUSPICIOUS_CONTRACTOR,HIGH
MPLADS-004760,LEGITIMATE,0,LOW,NONE,LOW
MPLADS-004761,DELAYED_PROJECT,1,MEDIUM,TIMELINE,LOW
MPLADS-004762,HIGH_VALUE_LEGITIMATE,0,MEDIUM,NONE,LOW
MPLADS-004763,LEGITIMATE,0,LOW,NONE,LOW
MPLADS-004764,LEGITIMATE,0,LOW,NONE,LOW
MPLADS-004765,LEGITIMATE,0,LOW,NONE,LOW
MPLADS-004766,LEGITIMATE,0,LOW,NONE,LOW
MPLADS-004767,LEGITIMATE,0,LOW,NONE,LOW
MPLADS-004768,LEGITIMATE,0,LOW,NONE,LOW
MPLADS-004769,LEGITIMATE,0,LOW,NONE,LOW
MPLADS-004770,LEGITIMATE,0,LOW,NONE,LOW
MPLADS-004771,LEGITIMATE,0,LOW,NONE,LOW
MPLADS-004772,LEGITIMATE,0,LOW,NONE,LOW
MPLADS-004773,PAYMENT_PROGRESS_MISMATCH,1,CRITICAL,PROGRESS,URGENT
MPLADS-004774,PAYMENT_PROGRESS_MISMATCH,1,CRITICAL,PROGRESS,URGENT
MPLADS-004775,CONTRACTOR_MONOPOLY,1,HIGH,CONTRACTOR,HIGH
MPLADS-004776,DOCUMENTATION_ANOMALY,1,HIGH,DOCUMENTATION,HIGH
MPLADS-004777,LEGITIMATE,0,LOW,NONE,LOW
MPLADS-004778,LEGITIMATE,0,LOW,NONE,LOW
MPLADS-004779,CONTRACTOR_MONOPOLY,1,HIGH,CONTRACTOR,HIGH
MPLADS-004780,SUSPICIOUS_PROCUREMENT,1,HIGH,PROCUREMENT,HIGH
MPLADS-004781,PAYMENT_PROGRESS_MISMATCH,1,CRITICAL,PROGRESS,URGENT
MPLADS-004782,LEGITIMATE,0,LOW,NONE,LOW
MPLADS-004783,LEGITIMATE,0,LOW,NONE,LOW
MPLADS-004784,DOCUMENTATION_ANOMALY,1,HIGH,DOCUMENTATION,HIGH
MPLADS-004785,PAYMENT_PROGRESS_MISMATCH,1,CRITICAL,PROGRESS,URGENT
MPLADS-004786,HIGH_VALUE_LEGITIMATE,0,LOW,NONE,LOW
MPLADS-004787,LEGITIMATE,0,LOW,NONE,LOW
MPLADS-004788,LEGITIMATE,0,LOW,NONE,LOW
MPLADS-004789,LEGITIMATE,0,LOW,NONE,LOW
MPLADS-004790,DELAYED_PROJECT,1,MEDIUM,TIMELINE,LOW
MPLADS-004791,LEGITIMATE,0,LOW,NONE,LOW
MPLADS-004792,LEGITIMATE,0,LOW,NONE,LOW
MPLADS-004793,LEGITIMATE,0,LOW,NONE,LOW
MPLADS-004794,LEGITIMATE,0,LOW,NONE,LOW
MPLADS-004795,GHOST_WORK,1,CRITICAL,GHOST_WORK,URGENT
MPLADS-004796,LEGITIMATE,0,LOW,NONE,LOW
MPLADS-004797,HIGH_VALUE_LEGITIMATE,0,LOW,NONE,LOW
MPLADS-004798,HIGH_VALUE_LEGITIMATE,0,MEDIUM,NONE,LOW
MPLADS-004799,HIGH_VALUE_LEGITIMATE,0,LOW,NONE,LOW
MPLADS-004800,LEGITIMATE,0,LOW,NONE,LOW
MPLADS-004801,LEGITIMATE,0,LOW,NONE,LOW
MPLADS-004802,LEGITIMATE,0,LOW,NONE,LOW
MPLADS-004803,LEGITIMATE,0,LOW,NONE,LOW
MPLADS-004804,DUPLICATE_PROJECT,1,HIGH,DUPLICATE_PROJECT,HIGH
MPLADS-004805,LEGITIMATE,0,LOW,NONE,LOW
MPLADS-004806,LEGITIMATE,0,LOW,NONE,LOW
MPLADS-004807,LEGITIMATE,0,LOW,NONE,LOW
MPLADS-004808,LEGITIMATE,0,LOW,NONE,LOW
MPLADS-004809,SUSPICIOUS_CONTRACTOR,1,HIGH,SUSPICIOUS_CONTRACTOR,HIGH
MPLADS-004810,SUSPICIOUS_CONTRACTOR,1,HIGH,SUSPICIOUS_CONTRACTOR,HIGH
MPLADS-004811,LEGITIMATE,0,LOW,NONE,LOW
MPLADS-004812,ABANDONED_PROJECT,1,HIGH,ABANDONED_PROJECT,HIGH
MPLADS-004813,LEGITIMATE,0,LOW,NONE,LOW
MPLADS-004814,DUPLICATE_PROJECT,1,HIGH,DUPLICATE_PROJECT,HIGH
MPLADS-004815,LEGITIMATE,0,LOW,NONE,LOW
MPLADS-004816,LEGITIMATE,0,LOW,NONE,LOW
MPLADS-004817,LEGITIMATE,0,LOW,NONE,LOW
MPLADS-004818,HIGH_VALUE_LEGITIMATE,0,MEDIUM,NONE,LOW
MPLADS-004819,PAYMENT_PROGRESS_MISMATCH,1,CRITICAL,PROGRESS,URGENT
MPLADS-004820,LEGITIMATE,0,LOW,NONE,LOW
MPLADS-004821,LEGITIMATE,0,LOW,NONE,LOW
MPLADS-004822,LEGITIMATE,0,LOW,NONE,LOW
MPLADS-004823,DOCUMENTATION_ANOMALY,1,HIGH,DOCUMENTATION,HIGH
MPLADS-004824,LEGITIMATE,0,LOW,NONE,LOW
MPLADS-004825,HIGH_VALUE_LEGITIMATE,0,MEDIUM,NONE,LOW
MPLADS-004826,LEGITIMATE,0,LOW,NONE,LOW
MPLADS-004827,ABANDONED_PROJECT,1,HIGH,ABANDONED_PROJECT,HIGH
MPLADS-004828,LEGITIMATE,0,LOW,NONE,LOW
MPLADS-004829,ABANDONED_PROJECT,1,HIGH,ABANDONED_PROJECT,HIGH
MPLADS-004830,HIGH_VALUE_LEGITIMATE,0,MEDIUM,NONE,LOW
MPLADS-004831,LEGITIMATE,0,LOW,NONE,LOW
MPLADS-004832,DELAYED_PROJECT,1,MEDIUM,TIMELINE,LOW
MPLADS-004833,LEGITIMATE,0,LOW,NONE,LOW
MPLADS-004834,HIGH_VALUE_LEGITIMATE,0,MEDIUM,NONE,LOW
MPLADS-004835,LEGITIMATE,0,LOW,NONE,LOW
MPLADS-004836,HIGH_VALUE_LEGITIMATE,0,LOW,NONE,LOW
MPLADS-004837,LEGITIMATE,0,LOW,NONE,LOW
MPLADS-004838,LEGITIMATE,0,LOW,NONE,LOW
MPLADS-004839,LEGITIMATE,0,LOW,NONE,LOW
MPLADS-004840,ABANDONED_PROJECT,1,HIGH,ABANDONED_PROJECT,HIGH
MPLADS-004841,PAYMENT_PROGRESS_MISMATCH,1,CRITICAL,PROGRESS,URGENT
MPLADS-004842,LEGITIMATE,0,LOW,NONE,LOW
MPLADS-004843,LEGITIMATE,0,LOW,NONE,LOW
MPLADS-004844,HIGH_VALUE_LEGITIMATE,0,MEDIUM,NONE,LOW
MPLADS-004845,LEGITIMATE,0,LOW,NONE,LOW
MPLADS-004846,LEGITIMATE,0,LOW,NONE,LOW
MPLADS-004847,DELAYED_PROJECT,1,MEDIUM,TIMELINE,LOW
MPLADS-004848,COST_OVERRUN,1,HIGH,COST,HIGH
MPLADS-004849,LEGITIMATE,0,LOW,NONE,LOW
MPLADS-004850,HIGH_VALUE_LEGITIMATE,0,MEDIUM,NONE,LOW
MPLADS-004851,LEGITIMATE,0,LOW,NONE,LOW
MPLADS-004852,LEGITIMATE,0,LOW,NONE,LOW
MPLADS-004853,SUSPICIOUS_CONTRACTOR,1,HIGH,SUSPICIOUS_CONTRACTOR,HIGH
MPLADS-004854,LEGITIMATE,0,LOW,NONE,LOW
MPLADS-004855,LEGITIMATE,0,LOW,NONE,LOW
MPLADS-004856,LEGITIMATE,0,LOW,NONE,LOW
MPLADS-004857,LEGITIMATE,0,LOW,NONE,LOW
MPLADS-004858,LEGITIMATE,0,LOW,NONE,LOW
MPLADS-004859,LEGITIMATE,0,LOW,NONE,LOW
MPLADS-004860,LEGITIMATE,0,LOW,NONE,LOW
MPLADS-004861,HIGH_VALUE_LEGITIMATE,0,LOW,NONE,LOW
MPLADS-004862,LEGITIMATE,0,LOW,NONE,LOW
MPLADS-004863,LEGITIMATE,0,LOW,NONE,LOW
MPLADS-004864,LEGITIMATE,0,LOW,NONE,LOW
MPLADS-004865,LEGITIMATE,0,LOW,NONE,LOW
MPLADS-004866,LEGITIMATE,0,LOW,NONE,LOW
MPLADS-004867,HIGH_VALUE_LEGITIMATE,0,MEDIUM,NONE,LOW
MPLADS-004868,LEGITIMATE,0,LOW,NONE,LOW
MPLADS-004869,PAYMENT_PROGRESS_MISMATCH,1,CRITICAL,PROGRESS,URGENT
MPLADS-004870,LEGITIMATE,0,LOW,NONE,LOW
MPLADS-004871,PAYMENT_PROGRESS_MISMATCH,1,CRITICAL,PROGRESS,URGENT
MPLADS-004872,LEGITIMATE,0,LOW,NONE,LOW
MPLADS-004873,LEGITIMATE,0,LOW,NONE,LOW
MPLADS-004874,LEGITIMATE,0,LOW,NONE,LOW
MPLADS-004875,LEGITIMATE,0,LOW,NONE,LOW
MPLADS-004876,LEGITIMATE,0,LOW,NONE,LOW
MPLADS-004877,LEGITIMATE,0,LOW,NONE,LOW
MPLADS-004878,HIGH_VALUE_LEGITIMATE,0,MEDIUM,NONE,LOW
MPLADS-004879,LEGITIMATE,0,LOW,NONE,LOW
MPLADS-004880,LEGITIMATE,0,LOW,NONE,LOW
MPLADS-004881,LEGITIMATE,0,LOW,NONE,LOW
MPLADS-004882,LEGITIMATE,0,LOW,NONE,LOW
MPLADS-004883,HIGH_VALUE_LEGITIMATE,0,LOW,NONE,LOW
MPLADS-004884,LEGITIMATE,0,LOW,NONE,LOW
MPLADS-004885,LEGITIMATE,0,LOW,NONE,LOW
MPLADS-004886,LEGITIMATE,0,LOW,NONE,LOW
MPLADS-004887,LEGITIMATE,0,LOW,NONE,LOW
MPLADS-004888,HIGH_VALUE_LEGITIMATE,0,LOW,NONE,LOW
MPLADS-004889,HIGH_VALUE_LEGITIMATE,0,LOW,NONE,LOW
MPLADS-004890,LEGITIMATE,0,LOW,NONE,LOW
MPLADS-004891,LEGITIMATE,0,LOW,NONE,LOW
MPLADS-004892,LEGITIMATE,0,LOW,NONE,LOW
MPLADS-004893,COST_OVERRUN,1,HIGH,COST,HIGH
MPLADS-004894,LEGITIMATE,0,LOW,NONE,LOW
MPLADS-004895,LEGITIMATE,0,LOW,NONE,LOW
MPLADS-004896,COST_OVERRUN,1,HIGH,COST,HIGH
MPLADS-004897,LEGITIMATE,0,LOW,NONE,LOW
MPLADS-004898,COST_OVERRUN,1,HIGH,COST,HIGH
MPLADS-004899,LEGITIMATE,0,LOW,NONE,LOW
MPLADS-004900,HIGH_VALUE_LEGITIMATE,0,LOW,NONE,LOW
MPLADS-004901,LEGITIMATE,0,LOW,NONE,LOW
MPLADS-004902,GHOST_WORK,1,CRITICAL,GHOST_WORK,URGENT
MPLADS-004903,HIGH_VALUE_LEGITIMATE,0,LOW,NONE,LOW
MPLADS-004904,LEGITIMATE,0,LOW,NONE,LOW
MPLADS-004905,DUPLICATE_PROJECT,1,HIGH,DUPLICATE_PROJECT,HIGH
MPLADS-004906,LEGITIMATE,0,LOW,NONE,LOW
MPLADS-004907,COST_OVERRUN,1,HIGH,COST,HIGH
MPLADS-004908,LEGITIMATE,0,LOW,NONE,LOW
MPLADS-004909,ABANDONED_PROJECT,1,HIGH,ABANDONED_PROJECT,HIGH
MPLADS-004910,LEGITIMATE,0,LOW,NONE,LOW
MPLADS-004911,LEGITIMATE,0,LOW,NONE,LOW
MPLADS-004912,LEGITIMATE,0,LOW,NONE,LOW
MPLADS-004913,HIGH_VALUE_LEGITIMATE,0,MEDIUM,NONE,LOW
MPLADS-004914,LEGITIMATE,0,LOW,NONE,LOW
MPLADS-004915,LEGITIMATE,0,LOW,NONE,LOW
MPLADS-004916,SUSPICIOUS_CONTRACTOR,1,HIGH,SUSPICIOUS_CONTRACTOR,HIGH
MPLADS-004917,LEGITIMATE,0,LOW,NONE,LOW
MPLADS-004918,LEGITIMATE,0,LOW,NONE,LOW
MPLADS-004919,HIGH_VALUE_LEGITIMATE,0,LOW,NONE,LOW
MPLADS-004920,LEGITIMATE,0,LOW,NONE,LOW
MPLADS-004921,PAYMENT_PROGRESS_MISMATCH,1,CRITICAL,PROGRESS,URGENT
MPLADS-004922,LEGITIMATE,0,LOW,NONE,LOW
MPLADS-004923,LEGITIMATE,0,LOW,NONE,LOW
MPLADS-004924,LEGITIMATE,0,LOW,NONE,LOW
MPLADS-004925,LEGITIMATE,0,LOW,NONE,LOW
MPLADS-004926,LEGITIMATE,0,LOW,NONE,LOW
MPLADS-004927,LEGITIMATE,0,LOW,NONE,LOW
MPLADS-004928,LEGITIMATE,0,LOW,NONE,LOW
MPLADS-004929,LEGITIMATE,0,LOW,NONE,LOW
MPLADS-004930,LEGITIMATE,0,LOW,NONE,LOW
MPLADS-004931,CONTRACTOR_MONOPOLY,1,HIGH,CONTRACTOR,HIGH
MPLADS-004932,LEGITIMATE,0,LOW,NONE,LOW
MPLADS-004933,LEGITIMATE,0,LOW,NONE,LOW
MPLADS-004934,LEGITIMATE,0,LOW,NONE,LOW
MPLADS-004935,LEGITIMATE,0,LOW,NONE,LOW
MPLADS-004936,LEGITIMATE,0,LOW,NONE,LOW
MPLADS-004937,COST_OVERRUN,1,HIGH,COST,HIGH
MPLADS-004938,HIGH_VALUE_LEGITIMATE,0,MEDIUM,NONE,LOW
MPLADS-004939,LEGITIMATE,0,LOW,NONE,LOW
MPLADS-004940,SUSPICIOUS_PROCUREMENT,1,HIGH,PROCUREMENT,HIGH
MPLADS-004941,LEGITIMATE,0,LOW,NONE,LOW
MPLADS-004942,LEGITIMATE,0,LOW,NONE,LOW
MPLADS-004943,DELAYED_PROJECT,1,MEDIUM,TIMELINE,LOW
MPLADS-004944,LEGITIMATE,0,LOW,NONE,LOW
MPLADS-004945,LEGITIMATE,0,LOW,NONE,LOW
MPLADS-004946,DUPLICATE_PROJECT,1,HIGH,DUPLICATE_PROJECT,HIGH
MPLADS-004947,LEGITIMATE,0,LOW,NONE,LOW
MPLADS-004948,LEGITIMATE,0,LOW,NONE,LOW
MPLADS-004949,LEGITIMATE,0,LOW,NONE,LOW
MPLADS-004950,COST_OVERRUN,1,HIGH,COST,HIGH
MPLADS-004951,LEGITIMATE,0,LOW,NONE,LOW
MPLADS-004952,GHOST_WORK,1,CRITICAL,GHOST_WORK,URGENT
MPLADS-004953,LEGITIMATE,0,LOW,NONE,LOW
MPLADS-004954,LEGITIMATE,0,LOW,NONE,LOW
MPLADS-004955,SUSPICIOUS_PROCUREMENT,1,HIGH,PROCUREMENT,HIGH
MPLADS-004956,LEGITIMATE,0,LOW,NONE,LOW
MPLADS-004957,CONTRACTOR_MONOPOLY,1,HIGH,CONTRACTOR,HIGH
MPLADS-004958,LEGITIMATE,0,LOW,NONE,LOW
MPLADS-004959,LEGITIMATE,0,LOW,NONE,LOW
MPLADS-004960,LEGITIMATE,0,LOW,NONE,LOW
MPLADS-004961,LEGITIMATE,0,LOW,NONE,LOW
MPLADS-004962,LEGITIMATE,0,LOW,NONE,LOW
MPLADS-004963,HIGH_VALUE_LEGITIMATE,0,MEDIUM,NONE,LOW
MPLADS-004964,LEGITIMATE,0,LOW,NONE,LOW
MPLADS-004965,LEGITIMATE,0,LOW,NONE,LOW
MPLADS-004966,LEGITIMATE,0,LOW,NONE,LOW
MPLADS-004967,HIGH_VALUE_LEGITIMATE,0,MEDIUM,NONE,LOW
MPLADS-004968,CONTRACTOR_MONOPOLY,1,HIGH,CONTRACTOR,HIGH
MPLADS-004969,LEGITIMATE,0,LOW,NONE,LOW
MPLADS-004970,HIGH_VALUE_LEGITIMATE,0,MEDIUM,NONE,LOW
MPLADS-004971,HIGH_VALUE_LEGITIMATE,0,MEDIUM,NONE,LOW
MPLADS-004972,SUSPICIOUS_CONTRACTOR,1,HIGH,SUSPICIOUS_CONTRACTOR,HIGH
MPLADS-004973,LEGITIMATE,0,LOW,NONE,LOW
MPLADS-004974,LEGITIMATE,0,LOW,NONE,LOW
MPLADS-004975,ABANDONED_PROJECT,1,HIGH,ABANDONED_PROJECT,HIGH
MPLADS-004976,LEGITIMATE,0,LOW,NONE,LOW
MPLADS-004977,LEGITIMATE,0,LOW,NONE,LOW
MPLADS-004978,LEGITIMATE,0,LOW,NONE,LOW
MPLADS-004979,LEGITIMATE,0,LOW,NONE,LOW
MPLADS-004980,LEGITIMATE,0,LOW,NONE,LOW
MPLADS-004981,LEGITIMATE,0,LOW,NONE,LOW
MPLADS-004982,HIGH_VALUE_LEGITIMATE,0,MEDIUM,NONE,LOW
MPLADS-004983,LEGITIMATE,0,LOW,NONE,LOW
MPLADS-004984,HIGH_VALUE_LEGITIMATE,0,LOW,NONE,LOW
MPLADS-004985,LEGITIMATE,0,LOW,NONE,LOW
MPLADS-004986,PAYMENT_PROGRESS_MISMATCH,1,CRITICAL,PROGRESS,URGENT
MPLADS-004987,CONTRACTOR_MONOPOLY,1,HIGH,CONTRACTOR,HIGH
MPLADS-004988,HIGH_VALUE_LEGITIMATE,0,MEDIUM,NONE,LOW
MPLADS-004989,LEGITIMATE,0,LOW,NONE,LOW
MPLADS-004990,LEGITIMATE,0,LOW,NONE,LOW
MPLADS-004991,LEGITIMATE,0,LOW,NONE,LOW
MPLADS-004992,LEGITIMATE,0,LOW,NONE,LOW
MPLADS-004993,LEGITIMATE,0,LOW,NONE,LOW
MPLADS-004994,LEGITIMATE,0,LOW,NONE,LOW
MPLADS-004995,DELAYED_PROJECT,1,MEDIUM,TIMELINE,LOW
MPLADS-004996,LEGITIMATE,0,LOW,NONE,LOW
MPLADS-004997,HIGH_VALUE_LEGITIMATE,0,MEDIUM,NONE,LOW
MPLADS-004998,SUSPICIOUS_PROCUREMENT,1,HIGH,PROCUREMENT,HIGH
MPLADS-004999,LEGITIMATE,0,LOW,NONE,LOW
MPLADS-005000,LEGITIMATE,0,LOW,NONE,LOW
MPLADS-005001,LEGITIMATE,0,LOW,NONE,LOW
MPLADS-005002,LEGITIMATE,0,LOW,NONE,LOW
MPLADS-005003,LEGITIMATE,0,LOW,NONE,LOW
MPLADS-005004,HIGH_VALUE_LEGITIMATE,0,LOW,NONE,LOW
MPLADS-005005,PAYMENT_PROGRESS_MISMATCH,1,CRITICAL,PROGRESS,URGENT
MPLADS-005006,LEGITIMATE,0,LOW,NONE,LOW
MPLADS-005007,HIGH_VALUE_LEGITIMATE,0,LOW,NONE,LOW
MPLADS-005008,HIGH_VALUE_LEGITIMATE,0,LOW,NONE,LOW
MPLADS-005009,DUPLICATE_PROJECT,1,HIGH,DUPLICATE_PROJECT,HIGH
MPLADS-005010,LEGITIMATE,0,LOW,NONE,LOW
MPLADS-005011,LEGITIMATE,0,LOW,NONE,LOW
MPLADS-005012,LEGITIMATE,0,LOW,NONE,LOW
MPLADS-005013,LEGITIMATE,0,LOW,NONE,LOW
MPLADS-005014,GHOST_WORK,1,CRITICAL,GHOST_WORK,URGENT
MPLADS-005015,LEGITIMATE,0,LOW,NONE,LOW
MPLADS-005016,HIGH_VALUE_LEGITIMATE,0,LOW,NONE,LOW
MPLADS-005017,COST_OVERRUN,1,HIGH,COST,HIGH
MPLADS-005018,LEGITIMATE,0,LOW,NONE,LOW
MPLADS-005019,LEGITIMATE,0,LOW,NONE,LOW
MPLADS-005020,LEGITIMATE,0,LOW,NONE,LOW
MPLADS-005021,HIGH_VALUE_LEGITIMATE,0,MEDIUM,NONE,LOW
MPLADS-005022,COST_OVERRUN,1,HIGH,COST,HIGH
MPLADS-005023,LEGITIMATE,0,LOW,NONE,LOW
MPLADS-005024,GHOST_WORK,1,CRITICAL,GHOST_WORK,URGENT
MPLADS-005025,LEGITIMATE,0,LOW,NONE,LOW
MPLADS-005026,LEGITIMATE,0,LOW,NONE,LOW
MPLADS-005027,LEGITIMATE,0,LOW,NONE,LOW
MPLADS-005028,LEGITIMATE,0,LOW,NONE,LOW
MPLADS-005029,LEGITIMATE,0,LOW,NONE,LOW
MPLADS-005030,LEGITIMATE,0,LOW,NONE,LOW
MPLADS-005031,LEGITIMATE,0,LOW,NONE,LOW
MPLADS-005032,SUSPICIOUS_CONTRACTOR,1,HIGH,SUSPICIOUS_CONTRACTOR,HIGH
MPLADS-005033,ABANDONED_PROJECT,1,HIGH,ABANDONED_PROJECT,HIGH
MPLADS-005034,LEGITIMATE,0,LOW,NONE,LOW
MPLADS-005035,LEGITIMATE,0,LOW,NONE,LOW
MPLADS-005036,HIGH_VALUE_LEGITIMATE,0,MEDIUM,NONE,LOW
MPLADS-005037,SUSPICIOUS_CONTRACTOR,1,HIGH,SUSPICIOUS_CONTRACTOR,HIGH
MPLADS-005038,DOCUMENTATION_ANOMALY,1,HIGH,DOCUMENTATION,HIGH
MPLADS-005039,LEGITIMATE,0,LOW,NONE,LOW
MPLADS-005040,LEGITIMATE,0,LOW,NONE,LOW
MPLADS-005041,HIGH_VALUE_LEGITIMATE,0,LOW,NONE,LOW
MPLADS-005042,LEGITIMATE,0,LOW,NONE,LOW
MPLADS-005043,HIGH_VALUE_LEGITIMATE,0,LOW,NONE,LOW
MPLADS-005044,HIGH_VALUE_LEGITIMATE,0,MEDIUM,NONE,LOW
MPLADS-005045,LEGITIMATE,0,LOW,NONE,LOW
MPLADS-005046,LEGITIMATE,0,LOW,NONE,LOW
MPLADS-005047,PAYMENT_PROGRESS_MISMATCH,1,CRITICAL,PROGRESS,URGENT
MPLADS-005048,LEGITIMATE,0,LOW,NONE,LOW
MPLADS-005049,LEGITIMATE,0,LOW,NONE,LOW
MPLADS-005050,HIGH_VALUE_LEGITIMATE,0,MEDIUM,NONE,LOW
MPLADS-005051,LEGITIMATE,0,LOW,NONE,LOW
MPLADS-005052,LEGITIMATE,0,LOW,NONE,LOW
MPLADS-005053,LEGITIMATE,0,LOW,NONE,LOW
MPLADS-005054,LEGITIMATE,0,LOW,NONE,LOW
MPLADS-005055,SUSPICIOUS_CONTRACTOR,1,HIGH,SUSPICIOUS_CONTRACTOR,HIGH
MPLADS-005056,LEGITIMATE,0,LOW,NONE,LOW
MPLADS-005057,LEGITIMATE,0,LOW,NONE,LOW
MPLADS-005058,HIGH_VALUE_LEGITIMATE,0,LOW,NONE,LOW
MPLADS-005059,HIGH_VALUE_LEGITIMATE,0,LOW,NONE,LOW
MPLADS-005060,LEGITIMATE,0,LOW,NONE,LOW
MPLADS-005061,PAYMENT_PROGRESS_MISMATCH,1,CRITICAL,PROGRESS,URGENT
MPLADS-005062,LEGITIMATE,0,LOW,NONE,LOW
MPLADS-005063,HIGH_VALUE_LEGITIMATE,0,MEDIUM,NONE,LOW
MPLADS-005064,PAYMENT_PROGRESS_MISMATCH,1,CRITICAL,PROGRESS,URGENT
MPLADS-005065,HIGH_VALUE_LEGITIMATE,0,LOW,NONE,LOW
MPLADS-005066,LEGITIMATE,0,LOW,NONE,LOW
MPLADS-005067,COST_OVERRUN,1,HIGH,COST,HIGH
MPLADS-005068,HIGH_VALUE_LEGITIMATE,0,LOW,NONE,LOW
MPLADS-005069,LEGITIMATE,0,LOW,NONE,LOW
MPLADS-005070,DELAYED_PROJECT,1,MEDIUM,TIMELINE,LOW
MPLADS-005071,COST_OVERRUN,1,HIGH,COST,HIGH
MPLADS-005072,LEGITIMATE,0,LOW,NONE,LOW
MPLADS-005073,LEGITIMATE,0,LOW,NONE,LOW
MPLADS-005074,HIGH_VALUE_LEGITIMATE,0,MEDIUM,NONE,LOW
MPLADS-005075,LEGITIMATE,0,LOW,NONE,LOW
MPLADS-005076,LEGITIMATE,0,LOW,NONE,LOW
MPLADS-005077,HIGH_VALUE_LEGITIMATE,0,LOW,NONE,LOW
MPLADS-005078,LEGITIMATE,0,LOW,NONE,LOW
MPLADS-005079,SUSPICIOUS_CONTRACTOR,1,HIGH,SUSPICIOUS_CONTRACTOR,HIGH
MPLADS-005080,LEGITIMATE,0,LOW,NONE,LOW
MPLADS-005081,LEGITIMATE,0,LOW,NONE,LOW
MPLADS-005082,LEGITIMATE,0,LOW,NONE,LOW
MPLADS-005083,LEGITIMATE,0,LOW,NONE,LOW
MPLADS-005084,LEGITIMATE,0,LOW,NONE,LOW
MPLADS-005085,LEGITIMATE,0,LOW,NONE,LOW
MPLADS-005086,HIGH_VALUE_LEGITIMATE,0,MEDIUM,NONE,LOW
MPLADS-005087,HIGH_VALUE_LEGITIMATE,0,LOW,NONE,LOW
MPLADS-005088,COST_OVERRUN,1,HIGH,COST,HIGH
MPLADS-005089,LEGITIMATE,0,LOW,NONE,LOW
MPLADS-005090,LEGITIMATE,0,LOW,NONE,LOW
MPLADS-005091,SUSPICIOUS_CONTRACTOR,1,HIGH,SUSPICIOUS_CONTRACTOR,HIGH
MPLADS-005092,LEGITIMATE,0,LOW,NONE,LOW
MPLADS-005093,SUSPICIOUS_PROCUREMENT,1,HIGH,PROCUREMENT,HIGH
MPLADS-005094,LEGITIMATE,0,LOW,NONE,LOW
MPLADS-005095,COST_OVERRUN,1,HIGH,COST,HIGH
MPLADS-005096,LEGITIMATE,0,LOW,NONE,LOW
MPLADS-005097,LEGITIMATE,0,LOW,NONE,LOW
MPLADS-005098,COST_OVERRUN,1,HIGH,COST,HIGH
MPLADS-005099,SUSPICIOUS_CONTRACTOR,1,HIGH,SUSPICIOUS_CONTRACTOR,HIGH
MPLADS-005100,LEGITIMATE,0,LOW,NONE,LOW
MPLADS-005101,LEGITIMATE,0,LOW,NONE,LOW
MPLADS-005102,LEGITIMATE,0,LOW,NONE,LOW
MPLADS-005103,LEGITIMATE,0,LOW,NONE,LOW
MPLADS-005104,COST_OVERRUN,1,HIGH,COST,HIGH
MPLADS-005105,LEGITIMATE,0,LOW,NONE,LOW
MPLADS-005106,LEGITIMATE,0,LOW,NONE,LOW
MPLADS-005107,LEGITIMATE,0,LOW,NONE,LOW
MPLADS-005108,LEGITIMATE,0,LOW,NONE,LOW
MPLADS-005109,LEGITIMATE,0,LOW,NONE,LOW
MPLADS-005110,HIGH_VALUE_LEGITIMATE,0,LOW,NONE,LOW
MPLADS-005111,LEGITIMATE,0,LOW,NONE,LOW
MPLADS-005112,LEGITIMATE,0,LOW,NONE,LOW
MPLADS-005113,HIGH_VALUE_LEGITIMATE,0,LOW,NONE,LOW
MPLADS-005114,DELAYED_PROJECT,1,MEDIUM,TIMELINE,LOW
MPLADS-005115,LEGITIMATE,0,LOW,NONE,LOW
MPLADS-005116,PAYMENT_PROGRESS_MISMATCH,1,CRITICAL,PROGRESS,URGENT
MPLADS-005117,LEGITIMATE,0,LOW,NONE,LOW
MPLADS-005118,DELAYED_PROJECT,1,MEDIUM,TIMELINE,LOW
MPLADS-005119,LEGITIMATE,0,LOW,NONE,LOW
MPLADS-005120,LEGITIMATE,0,LOW,NONE,LOW
MPLADS-005121,LEGITIMATE,0,LOW,NONE,LOW
MPLADS-005122,HIGH_VALUE_LEGITIMATE,0,MEDIUM,NONE,LOW
MPLADS-005123,HIGH_VALUE_LEGITIMATE,0,MEDIUM,NONE,LOW
MPLADS-005124,HIGH_VALUE_LEGITIMATE,0,LOW,NONE,LOW
MPLADS-005125,LEGITIMATE,0,LOW,NONE,LOW
MPLADS-005126,LEGITIMATE,0,LOW,NONE,LOW
MPLADS-005127,LEGITIMATE,0,LOW,NONE,LOW
MPLADS-005128,HIGH_VALUE_LEGITIMATE,0,LOW,NONE,LOW
MPLADS-005129,LEGITIMATE,0,LOW,NONE,LOW
MPLADS-005130,LEGITIMATE,0,LOW,NONE,LOW
MPLADS-005131,LEGITIMATE,0,LOW,NONE,LOW
MPLADS-005132,LEGITIMATE,0,LOW,NONE,LOW
MPLADS-005133,LEGITIMATE,0,LOW,NONE,LOW
MPLADS-005134,DUPLICATE_PROJECT,1,HIGH,DUPLICATE_PROJECT,HIGH
MPLADS-005135,LEGITIMATE,0,LOW,NONE,LOW
MPLADS-005136,LEGITIMATE,0,LOW,NONE,LOW
MPLADS-005137,HIGH_VALUE_LEGITIMATE,0,LOW,NONE,LOW
MPLADS-005138,LEGITIMATE,0,LOW,NONE,LOW
MPLADS-005139,LEGITIMATE,0,LOW,NONE,LOW
MPLADS-005140,LEGITIMATE,0,LOW,NONE,LOW
MPLADS-005141,LEGITIMATE,0,LOW,NONE,LOW
MPLADS-005142,LEGITIMATE,0,LOW,NONE,LOW
MPLADS-005143,DELAYED_PROJECT,1,MEDIUM,TIMELINE,LOW
MPLADS-005144,LEGITIMATE,0,LOW,NONE,LOW
MPLADS-005145,DELAYED_PROJECT,1,MEDIUM,TIMELINE,LOW
MPLADS-005146,LEGITIMATE,0,LOW,NONE,LOW
MPLADS-005147,LEGITIMATE,0,LOW,NONE,LOW
MPLADS-005148,LEGITIMATE,0,LOW,NONE,LOW
MPLADS-005149,LEGITIMATE,0,LOW,NONE,LOW
MPLADS-005150,LEGITIMATE,0,LOW,NONE,LOW
MPLADS-005151,HIGH_VALUE_LEGITIMATE,0,MEDIUM,NONE,LOW
MPLADS-005152,DELAYED_PROJECT,1,MEDIUM,TIMELINE,LOW
MPLADS-005153,PAYMENT_PROGRESS_MISMATCH,1,CRITICAL,PROGRESS,URGENT
MPLADS-005154,COST_OVERRUN,1,HIGH,COST,HIGH
MPLADS-005155,LEGITIMATE,0,LOW,NONE,LOW
MPLADS-005156,LEGITIMATE,0,LOW,NONE,LOW
MPLADS-005157,LEGITIMATE,0,LOW,NONE,LOW
MPLADS-005158,LEGITIMATE,0,LOW,NONE,LOW
MPLADS-005159,LEGITIMATE,0,LOW,NONE,LOW
MPLADS-005160,HIGH_VALUE_LEGITIMATE,0,LOW,NONE,LOW
MPLADS-005161,LEGITIMATE,0,LOW,NONE,LOW
MPLADS-005162,DELAYED_PROJECT,1,MEDIUM,TIMELINE,LOW
MPLADS-005163,DELAYED_PROJECT,1,MEDIUM,TIMELINE,LOW
MPLADS-005164,LEGITIMATE,0,LOW,NONE,LOW
MPLADS-005165,HIGH_VALUE_LEGITIMATE,0,LOW,NONE,LOW
MPLADS-005166,LEGITIMATE,0,LOW,NONE,LOW
MPLADS-005167,LEGITIMATE,0,LOW,NONE,LOW
MPLADS-005168,PAYMENT_PROGRESS_MISMATCH,1,CRITICAL,PROGRESS,URGENT
MPLADS-005169,DUPLICATE_PROJECT,1,HIGH,DUPLICATE_PROJECT,HIGH
MPLADS-005170,LEGITIMATE,0,LOW,NONE,LOW
MPLADS-005171,LEGITIMATE,0,LOW,NONE,LOW
MPLADS-005172,LEGITIMATE,0,LOW,NONE,LOW
MPLADS-005173,PAYMENT_PROGRESS_MISMATCH,1,CRITICAL,PROGRESS,URGENT
MPLADS-005174,DELAYED_PROJECT,1,MEDIUM,TIMELINE,LOW
MPLADS-005175,HIGH_VALUE_LEGITIMATE,0,LOW,NONE,LOW
MPLADS-005176,LEGITIMATE,0,LOW,NONE,LOW
MPLADS-005177,LEGITIMATE,0,LOW,NONE,LOW
MPLADS-005178,LEGITIMATE,0,LOW,NONE,LOW
MPLADS-005179,HIGH_VALUE_LEGITIMATE,0,MEDIUM,NONE,LOW
MPLADS-005180,SUSPICIOUS_PROCUREMENT,1,HIGH,PROCUREMENT,HIGH
MPLADS-005181,LEGITIMATE,0,LOW,NONE,LOW
MPLADS-005182,DELAYED_PROJECT,1,MEDIUM,TIMELINE,LOW
MPLADS-005183,LEGITIMATE,0,LOW,NONE,LOW
MPLADS-005184,LEGITIMATE,0,LOW,NONE,LOW
MPLADS-005185,LEGITIMATE,0,LOW,NONE,LOW
MPLADS-005186,LEGITIMATE,0,LOW,NONE,LOW
MPLADS-005187,LEGITIMATE,0,LOW,NONE,LOW
MPLADS-005188,HIGH_VALUE_LEGITIMATE,0,LOW,NONE,LOW
MPLADS-005189,LEGITIMATE,0,LOW,NONE,LOW
MPLADS-005190,LEGITIMATE,0,LOW,NONE,LOW
MPLADS-005191,SUSPICIOUS_CONTRACTOR,1,HIGH,SUSPICIOUS_CONTRACTOR,HIGH
MPLADS-005192,LEGITIMATE,0,LOW,NONE,LOW
MPLADS-005193,LEGITIMATE,0,LOW,NONE,LOW
MPLADS-005194,LEGITIMATE,0,LOW,NONE,LOW
MPLADS-005195,LEGITIMATE,0,LOW,NONE,LOW
MPLADS-005196,LEGITIMATE,0,LOW,NONE,LOW
MPLADS-005197,LEGITIMATE,0,LOW,NONE,LOW
MPLADS-005198,LEGITIMATE,0,LOW,NONE,LOW
MPLADS-005199,LEGITIMATE,0,LOW,NONE,LOW
MPLADS-005200,LEGITIMATE,0,LOW,NONE,LOW
MPLADS-005201,GHOST_WORK,1,CRITICAL,GHOST_WORK,URGENT
MPLADS-005202,LEGITIMATE,0,LOW,NONE,LOW
MPLADS-005203,LEGITIMATE,0,LOW,NONE,LOW
MPLADS-005204,LEGITIMATE,0,LOW,NONE,LOW
MPLADS-005205,ABANDONED_PROJECT,1,HIGH,ABANDONED_PROJECT,HIGH
MPLADS-005206,LEGITIMATE,0,LOW,NONE,LOW
MPLADS-005207,LEGITIMATE,0,LOW,NONE,LOW
MPLADS-005208,LEGITIMATE,0,LOW,NONE,LOW
MPLADS-005209,LEGITIMATE,0,LOW,NONE,LOW
MPLADS-005210,LEGITIMATE,0,LOW,NONE,LOW
MPLADS-005211,LEGITIMATE,0,LOW,NONE,LOW
MPLADS-005212,ABANDONED_PROJECT,1,HIGH,ABANDONED_PROJECT,HIGH
MPLADS-005213,DELAYED_PROJECT,1,MEDIUM,TIMELINE,LOW
MPLADS-005214,PAYMENT_PROGRESS_MISMATCH,1,CRITICAL,PROGRESS,URGENT
MPLADS-005215,LEGITIMATE,0,LOW,NONE,LOW
MPLADS-005216,LEGITIMATE,0,LOW,NONE,LOW
MPLADS-005217,LEGITIMATE,0,LOW,NONE,LOW
MPLADS-005218,LEGITIMATE,0,LOW,NONE,LOW
MPLADS-005219,LEGITIMATE,0,LOW,NONE,LOW
MPLADS-005220,LEGITIMATE,0,LOW,NONE,LOW
MPLADS-005221,LEGITIMATE,0,LOW,NONE,LOW
MPLADS-005222,LEGITIMATE,0,LOW,NONE,LOW
MPLADS-005223,LEGITIMATE,0,LOW,NONE,LOW
MPLADS-005224,LEGITIMATE,0,LOW,NONE,LOW
MPLADS-005225,LEGITIMATE,0,LOW,NONE,LOW
MPLADS-005226,LEGITIMATE,0,LOW,NONE,LOW
MPLADS-005227,LEGITIMATE,0,LOW,NONE,LOW
MPLADS-005228,DUPLICATE_PROJECT,1,HIGH,DUPLICATE_PROJECT,HIGH
MPLADS-005229,ABANDONED_PROJECT,1,HIGH,ABANDONED_PROJECT,HIGH
MPLADS-005230,LEGITIMATE,0,LOW,NONE,LOW
MPLADS-005231,LEGITIMATE,0,LOW,NONE,LOW
MPLADS-005232,LEGITIMATE,0,LOW,NONE,LOW
MPLADS-005233,GHOST_WORK,1,CRITICAL,GHOST_WORK,URGENT
MPLADS-005234,LEGITIMATE,0,LOW,NONE,LOW
MPLADS-005235,LEGITIMATE,0,LOW,NONE,LOW
MPLADS-005236,COST_OVERRUN,1,HIGH,COST,HIGH
MPLADS-005237,LEGITIMATE,0,LOW,NONE,LOW
MPLADS-005238,HIGH_VALUE_LEGITIMATE,0,MEDIUM,NONE,LOW
MPLADS-005239,COST_OVERRUN,1,HIGH,COST,HIGH
MPLADS-005240,LEGITIMATE,0,LOW,NONE,LOW
MPLADS-005241,LEGITIMATE,0,LOW,NONE,LOW
MPLADS-005242,LEGITIMATE,0,LOW,NONE,LOW
MPLADS-005243,DELAYED_PROJECT,1,MEDIUM,TIMELINE,LOW
MPLADS-005244,GHOST_WORK,1,CRITICAL,GHOST_WORK,URGENT
MPLADS-005245,LEGITIMATE,0,LOW,NONE,LOW
MPLADS-005246,SUSPICIOUS_PROCUREMENT,1,HIGH,PROCUREMENT,HIGH
MPLADS-005247,HIGH_VALUE_LEGITIMATE,0,LOW,NONE,LOW
MPLADS-005248,LEGITIMATE,0,LOW,NONE,LOW
MPLADS-005249,SUSPICIOUS_CONTRACTOR,1,HIGH,SUSPICIOUS_CONTRACTOR,HIGH
MPLADS-005250,LEGITIMATE,0,LOW,NONE,LOW
MPLADS-005251,LEGITIMATE,0,LOW,NONE,LOW
MPLADS-005252,LEGITIMATE,0,LOW,NONE,LOW
MPLADS-005253,LEGITIMATE,0,LOW,NONE,LOW
MPLADS-005254,PAYMENT_PROGRESS_MISMATCH,1,CRITICAL,PROGRESS,URGENT
MPLADS-005255,LEGITIMATE,0,LOW,NONE,LOW
MPLADS-005256,ABANDONED_PROJECT,1,HIGH,ABANDONED_PROJECT,HIGH
MPLADS-005257,LEGITIMATE,0,LOW,NONE,LOW
MPLADS-005258,LEGITIMATE,0,LOW,NONE,LOW
MPLADS-005259,LEGITIMATE,0,LOW,NONE,LOW
MPLADS-005260,DOCUMENTATION_ANOMALY,1,HIGH,DOCUMENTATION,HIGH
MPLADS-005261,CONTRACTOR_MONOPOLY,1,HIGH,CONTRACTOR,HIGH
MPLADS-005262,LEGITIMATE,0,LOW,NONE,LOW
MPLADS-005263,LEGITIMATE,0,LOW,NONE,LOW
MPLADS-005264,HIGH_VALUE_LEGITIMATE,0,MEDIUM,NONE,LOW
MPLADS-005265,LEGITIMATE,0,LOW,NONE,LOW
MPLADS-005266,LEGITIMATE,0,LOW,NONE,LOW
MPLADS-005267,LEGITIMATE,0,LOW,NONE,LOW
MPLADS-005268,LEGITIMATE,0,LOW,NONE,LOW
MPLADS-005269,ABANDONED_PROJECT,1,HIGH,ABANDONED_PROJECT,HIGH
MPLADS-005270,CONTRACTOR_MONOPOLY,1,HIGH,CONTRACTOR,HIGH
MPLADS-005271,LEGITIMATE,0,LOW,NONE,LOW
MPLADS-005272,LEGITIMATE,0,LOW,NONE,LOW
MPLADS-005273,DELAYED_PROJECT,1,MEDIUM,TIMELINE,LOW
MPLADS-005274,LEGITIMATE,0,LOW,NONE,LOW
MPLADS-005275,DELAYED_PROJECT,1,MEDIUM,TIMELINE,LOW
MPLADS-005276,LEGITIMATE,0,LOW,NONE,LOW
MPLADS-005277,LEGITIMATE,0,LOW,NONE,LOW
MPLADS-005278,LEGITIMATE,0,LOW,NONE,LOW
MPLADS-005279,LEGITIMATE,0,LOW,NONE,LOW
MPLADS-005280,LEGITIMATE,0,LOW,NONE,LOW
MPLADS-005281,LEGITIMATE,0,LOW,NONE,LOW
MPLADS-005282,PAYMENT_PROGRESS_MISMATCH,1,CRITICAL,PROGRESS,URGENT
MPLADS-005283,HIGH_VALUE_LEGITIMATE,0,MEDIUM,NONE,LOW
MPLADS-005284,DELAYED_PROJECT,1,MEDIUM,TIMELINE,LOW
MPLADS-005285,LEGITIMATE,0,LOW,NONE,LOW
MPLADS-005286,HIGH_VALUE_LEGITIMATE,0,MEDIUM,NONE,LOW
MPLADS-005287,LEGITIMATE,0,LOW,NONE,LOW
MPLADS-005288,LEGITIMATE,0,LOW,NONE,LOW
MPLADS-005289,LEGITIMATE,0,LOW,NONE,LOW
MPLADS-005290,LEGITIMATE,0,LOW,NONE,LOW
MPLADS-005291,PAYMENT_PROGRESS_MISMATCH,1,CRITICAL,PROGRESS,URGENT
MPLADS-005292,LEGITIMATE,0,LOW,NONE,LOW
MPLADS-005293,LEGITIMATE,0,LOW,NONE,LOW
MPLADS-005294,LEGITIMATE,0,LOW,NONE,LOW
MPLADS-005295,LEGITIMATE,0,LOW,NONE,LOW
MPLADS-005296,LEGITIMATE,0,LOW,NONE,LOW
MPLADS-005297,LEGITIMATE,0,LOW,NONE,LOW
MPLADS-005298,LEGITIMATE,0,LOW,NONE,LOW
MPLADS-005299,LEGITIMATE,0,LOW,NONE,LOW
MPLADS-005300,LEGITIMATE,0,LOW,NONE,LOW
MPLADS-005301,LEGITIMATE,0,LOW,NONE,LOW
MPLADS-005302,LEGITIMATE,0,LOW,NONE,LOW
MPLADS-005303,GHOST_WORK,1,CRITICAL,GHOST_WORK,URGENT
MPLADS-005304,LEGITIMATE,0,LOW,NONE,LOW
MPLADS-005305,LEGITIMATE,0,LOW,NONE,LOW
MPLADS-005306,LEGITIMATE,0,LOW,NONE,LOW
MPLADS-005307,LEGITIMATE,0,LOW,NONE,LOW
MPLADS-005308,LEGITIMATE,0,LOW,NONE,LOW
MPLADS-005309,PAYMENT_PROGRESS_MISMATCH,1,CRITICAL,PROGRESS,URGENT
MPLADS-005310,LEGITIMATE,0,LOW,NONE,LOW
MPLADS-005311,DOCUMENTATION_ANOMALY,1,HIGH,DOCUMENTATION,HIGH
MPLADS-005312,LEGITIMATE,0,LOW,NONE,LOW
MPLADS-005313,LEGITIMATE,0,LOW,NONE,LOW
MPLADS-005314,SUSPICIOUS_PROCUREMENT,1,HIGH,PROCUREMENT,HIGH
MPLADS-005315,LEGITIMATE,0,LOW,NONE,LOW
MPLADS-005316,COST_OVERRUN,1,HIGH,COST,HIGH
MPLADS-005317,LEGITIMATE,0,LOW,NONE,LOW
MPLADS-005318,CONTRACTOR_MONOPOLY,1,HIGH,CONTRACTOR,HIGH
MPLADS-005319,HIGH_VALUE_LEGITIMATE,0,MEDIUM,NONE,LOW
MPLADS-005320,HIGH_VALUE_LEGITIMATE,0,MEDIUM,NONE,LOW
MPLADS-005321,LEGITIMATE,0,LOW,NONE,LOW
MPLADS-005322,LEGITIMATE,0,LOW,NONE,LOW
MPLADS-005323,DUPLICATE_PROJECT,1,HIGH,DUPLICATE_PROJECT,HIGH
MPLADS-005324,DELAYED_PROJECT,1,MEDIUM,TIMELINE,LOW
MPLADS-005325,LEGITIMATE,0,LOW,NONE,LOW
MPLADS-005326,LEGITIMATE,0,LOW,NONE,LOW
MPLADS-005327,LEGITIMATE,0,LOW,NONE,LOW
MPLADS-005328,DELAYED_PROJECT,1,MEDIUM,TIMELINE,LOW
MPLADS-005329,LEGITIMATE,0,LOW,NONE,LOW
MPLADS-005330,LEGITIMATE,0,LOW,NONE,LOW
MPLADS-005331,LEGITIMATE,0,LOW,NONE,LOW
MPLADS-005332,LEGITIMATE,0,LOW,NONE,LOW
MPLADS-005333,LEGITIMATE,0,LOW,NONE,LOW
MPLADS-005334,HIGH_VALUE_LEGITIMATE,0,MEDIUM,NONE,LOW
MPLADS-005335,LEGITIMATE,0,LOW,NONE,LOW
MPLADS-005336,PAYMENT_PROGRESS_MISMATCH,1,CRITICAL,PROGRESS,URGENT
MPLADS-005337,LEGITIMATE,0,LOW,NONE,LOW
MPLADS-005338,LEGITIMATE,0,LOW,NONE,LOW
MPLADS-005339,LEGITIMATE,0,LOW,NONE,LOW
MPLADS-005340,SUSPICIOUS_PROCUREMENT,1,HIGH,PROCUREMENT,HIGH
MPLADS-005341,LEGITIMATE,0,LOW,NONE,LOW
MPLADS-005342,LEGITIMATE,0,LOW,NONE,LOW
MPLADS-005343,LEGITIMATE,0,LOW,NONE,LOW
MPLADS-005344,DELAYED_PROJECT,1,MEDIUM,TIMELINE,LOW
MPLADS-005345,LEGITIMATE,0,LOW,NONE,LOW
MPLADS-005346,LEGITIMATE,0,LOW,NONE,LOW
MPLADS-005347,LEGITIMATE,0,LOW,NONE,LOW
MPLADS-005348,LEGITIMATE,0,LOW,NONE,LOW
MPLADS-005349,LEGITIMATE,0,LOW,NONE,LOW
MPLADS-005350,LEGITIMATE,0,LOW,NONE,LOW
MPLADS-005351,LEGITIMATE,0,LOW,NONE,LOW
MPLADS-005352,LEGITIMATE,0,LOW,NONE,LOW
MPLADS-005353,LEGITIMATE,0,LOW,NONE,LOW
MPLADS-005354,LEGITIMATE,0,LOW,NONE,LOW
MPLADS-005355,LEGITIMATE,0,LOW,NONE,LOW
MPLADS-005356,LEGITIMATE,0,LOW,NONE,LOW
MPLADS-005357,LEGITIMATE,0,LOW,NONE,LOW
MPLADS-005358,LEGITIMATE,0,LOW,NONE,LOW
MPLADS-005359,DELAYED_PROJECT,1,MEDIUM,TIMELINE,LOW
MPLADS-005360,PAYMENT_PROGRESS_MISMATCH,1,CRITICAL,PROGRESS,URGENT
MPLADS-005361,LEGITIMATE,0,LOW,NONE,LOW
MPLADS-005362,LEGITIMATE,0,LOW,NONE,LOW
MPLADS-005363,GHOST_WORK,1,CRITICAL,GHOST_WORK,URGENT
MPLADS-005364,LEGITIMATE,0,LOW,NONE,LOW
MPLADS-005365,LEGITIMATE,0,LOW,NONE,LOW
MPLADS-005366,DELAYED_PROJECT,1,MEDIUM,TIMELINE,LOW
MPLADS-005367,LEGITIMATE,0,LOW,NONE,LOW
MPLADS-005368,LEGITIMATE,0,LOW,NONE,LOW
MPLADS-005369,LEGITIMATE,0,LOW,NONE,LOW
MPLADS-005370,HIGH_VALUE_LEGITIMATE,0,MEDIUM,NONE,LOW
MPLADS-005371,LEGITIMATE,0,LOW,NONE,LOW
MPLADS-005372,LEGITIMATE,0,LOW,NONE,LOW
MPLADS-005373,LEGITIMATE,0,LOW,NONE,LOW
MPLADS-005374,LEGITIMATE,0,LOW,NONE,LOW
MPLADS-005375,LEGITIMATE,0,LOW,NONE,LOW
MPLADS-005376,HIGH_VALUE_LEGITIMATE,0,LOW,NONE,LOW
MPLADS-005377,LEGITIMATE,0,LOW,NONE,LOW
MPLADS-005378,LEGITIMATE,0,LOW,NONE,LOW
MPLADS-005379,LEGITIMATE,0,LOW,NONE,LOW
MPLADS-005380,HIGH_VALUE_LEGITIMATE,0,MEDIUM,NONE,LOW
MPLADS-005381,PAYMENT_PROGRESS_MISMATCH,1,CRITICAL,PROGRESS,URGENT
MPLADS-005382,LEGITIMATE,0,LOW,NONE,LOW
MPLADS-005383,SUSPICIOUS_PROCUREMENT,1,HIGH,PROCUREMENT,HIGH
MPLADS-005384,LEGITIMATE,0,LOW,NONE,LOW
MPLADS-005385,LEGITIMATE,0,LOW,NONE,LOW
MPLADS-005386,DELAYED_PROJECT,1,MEDIUM,TIMELINE,LOW
MPLADS-005387,HIGH_VALUE_LEGITIMATE,0,LOW,NONE,LOW
MPLADS-005388,SUSPICIOUS_CONTRACTOR,1,HIGH,SUSPICIOUS_CONTRACTOR,HIGH
MPLADS-005389,HIGH_VALUE_LEGITIMATE,0,LOW,NONE,LOW
MPLADS-005390,HIGH_VALUE_LEGITIMATE,0,LOW,NONE,LOW
MPLADS-005391,LEGITIMATE,0,LOW,NONE,LOW
MPLADS-005392,LEGITIMATE,0,LOW,NONE,LOW
MPLADS-005393,LEGITIMATE,0,LOW,NONE,LOW
MPLADS-005394,LEGITIMATE,0,LOW,NONE,LOW
MPLADS-005395,DELAYED_PROJECT,1,MEDIUM,TIMELINE,LOW
MPLADS-005396,LEGITIMATE,0,LOW,NONE,LOW
MPLADS-005397,SUSPICIOUS_CONTRACTOR,1,HIGH,SUSPICIOUS_CONTRACTOR,HIGH
MPLADS-005398,HIGH_VALUE_LEGITIMATE,0,MEDIUM,NONE,LOW
MPLADS-005399,LEGITIMATE,0,LOW,NONE,LOW
MPLADS-005400,COST_OVERRUN,1,HIGH,COST,HIGH
MPLADS-005401,LEGITIMATE,0,LOW,NONE,LOW
MPLADS-005402,LEGITIMATE,0,LOW,NONE,LOW
MPLADS-005403,LEGITIMATE,0,LOW,NONE,LOW
MPLADS-005404,LEGITIMATE,0,LOW,NONE,LOW
MPLADS-005405,LEGITIMATE,0,LOW,NONE,LOW
MPLADS-005406,SUSPICIOUS_CONTRACTOR,1,HIGH,SUSPICIOUS_CONTRACTOR,HIGH
MPLADS-005407,PAYMENT_PROGRESS_MISMATCH,1,CRITICAL,PROGRESS,URGENT
MPLADS-005408,LEGITIMATE,0,LOW,NONE,LOW
MPLADS-005409,LEGITIMATE,0,LOW,NONE,LOW
MPLADS-005410,LEGITIMATE,0,LOW,NONE,LOW
MPLADS-005411,LEGITIMATE,0,LOW,NONE,LOW
MPLADS-005412,LEGITIMATE,0,LOW,NONE,LOW
MPLADS-005413,HIGH_VALUE_LEGITIMATE,0,MEDIUM,NONE,LOW
MPLADS-005414,LEGITIMATE,0,LOW,NONE,LOW
MPLADS-005415,LEGITIMATE,0,LOW,NONE,LOW
MPLADS-005416,LEGITIMATE,0,LOW,NONE,LOW
MPLADS-005417,LEGITIMATE,0,LOW,NONE,LOW
MPLADS-005418,LEGITIMATE,0,LOW,NONE,LOW
MPLADS-005419,HIGH_VALUE_LEGITIMATE,0,MEDIUM,NONE,LOW
MPLADS-005420,LEGITIMATE,0,LOW,NONE,LOW
MPLADS-005421,LEGITIMATE,0,LOW,NONE,LOW
MPLADS-005422,LEGITIMATE,0,LOW,NONE,LOW
MPLADS-005423,LEGITIMATE,0,LOW,NONE,LOW
MPLADS-005424,LEGITIMATE,0,LOW,NONE,LOW
MPLADS-005425,LEGITIMATE,0,LOW,NONE,LOW
MPLADS-005426,ABANDONED_PROJECT,1,HIGH,ABANDONED_PROJECT,HIGH
MPLADS-005427,COST_OVERRUN,1,HIGH,COST,HIGH
MPLADS-005428,LEGITIMATE,0,LOW,NONE,LOW
MPLADS-005429,LEGITIMATE,0,LOW,NONE,LOW
MPLADS-005430,COST_OVERRUN,1,HIGH,COST,HIGH
MPLADS-005431,HIGH_VALUE_LEGITIMATE,0,LOW,NONE,LOW
MPLADS-005432,LEGITIMATE,0,LOW,NONE,LOW
MPLADS-005433,LEGITIMATE,0,LOW,NONE,LOW
MPLADS-005434,PAYMENT_PROGRESS_MISMATCH,1,CRITICAL,PROGRESS,URGENT
MPLADS-005435,LEGITIMATE,0,LOW,NONE,LOW
MPLADS-005436,HIGH_VALUE_LEGITIMATE,0,LOW,NONE,LOW
MPLADS-005437,LEGITIMATE,0,LOW,NONE,LOW
MPLADS-005438,DUPLICATE_PROJECT,1,HIGH,DUPLICATE_PROJECT,HIGH
MPLADS-005439,LEGITIMATE,0,LOW,NONE,LOW
MPLADS-005440,LEGITIMATE,0,LOW,NONE,LOW
MPLADS-005441,SUSPICIOUS_PROCUREMENT,1,HIGH,PROCUREMENT,HIGH
MPLADS-005442,LEGITIMATE,0,LOW,NONE,LOW
MPLADS-005443,COST_OVERRUN,1,HIGH,COST,HIGH
MPLADS-005444,LEGITIMATE,0,LOW,NONE,LOW
MPLADS-005445,LEGITIMATE,0,LOW,NONE,LOW
MPLADS-005446,LEGITIMATE,0,LOW,NONE,LOW
MPLADS-005447,PAYMENT_PROGRESS_MISMATCH,1,CRITICAL,PROGRESS,URGENT
MPLADS-005448,GHOST_WORK,1,CRITICAL,GHOST_WORK,URGENT
MPLADS-005449,LEGITIMATE,0,LOW,NONE,LOW
MPLADS-005450,LEGITIMATE,0,LOW,NONE,LOW
MPLADS-005451,DELAYED_PROJECT,1,MEDIUM,TIMELINE,LOW
MPLADS-005452,LEGITIMATE,0,LOW,NONE,LOW
MPLADS-005453,SUSPICIOUS_CONTRACTOR,1,HIGH,SUSPICIOUS_CONTRACTOR,HIGH
MPLADS-005454,HIGH_VALUE_LEGITIMATE,0,LOW,NONE,LOW
MPLADS-005455,LEGITIMATE,0,LOW,NONE,LOW
MPLADS-005456,HIGH_VALUE_LEGITIMATE,0,LOW,NONE,LOW
MPLADS-005457,DELAYED_PROJECT,1,MEDIUM,TIMELINE,LOW
MPLADS-005458,ABANDONED_PROJECT,1,HIGH,ABANDONED_PROJECT,HIGH
MPLADS-005459,COST_OVERRUN,1,HIGH,COST,HIGH
MPLADS-005460,LEGITIMATE,0,LOW,NONE,LOW
MPLADS-005461,LEGITIMATE,0,LOW,NONE,LOW
MPLADS-005462,LEGITIMATE,0,LOW,NONE,LOW
MPLADS-005463,CONTRACTOR_MONOPOLY,1,HIGH,CONTRACTOR,HIGH
MPLADS-005464,DELAYED_PROJECT,1,MEDIUM,TIMELINE,LOW
MPLADS-005465,GHOST_WORK,1,CRITICAL,GHOST_WORK,URGENT
MPLADS-005466,PAYMENT_PROGRESS_MISMATCH,1,CRITICAL,PROGRESS,URGENT
MPLADS-005467,HIGH_VALUE_LEGITIMATE,0,LOW,NONE,LOW
MPLADS-005468,LEGITIMATE,0,LOW,NONE,LOW
MPLADS-005469,LEGITIMATE,0,LOW,NONE,LOW
MPLADS-005470,DUPLICATE_PROJECT,1,HIGH,DUPLICATE_PROJECT,HIGH
MPLADS-005471,HIGH_VALUE_LEGITIMATE,0,MEDIUM,NONE,LOW
MPLADS-005472,LEGITIMATE,0,LOW,NONE,LOW
MPLADS-005473,LEGITIMATE,0,LOW,NONE,LOW
MPLADS-005474,LEGITIMATE,0,LOW,NONE,LOW
MPLADS-005475,LEGITIMATE,0,LOW,NONE,LOW
MPLADS-005476,LEGITIMATE,0,LOW,NONE,LOW
MPLADS-005477,ABANDONED_PROJECT,1,HIGH,ABANDONED_PROJECT,HIGH
MPLADS-005478,LEGITIMATE,0,LOW,NONE,LOW
MPLADS-005479,HIGH_VALUE_LEGITIMATE,0,MEDIUM,NONE,LOW
MPLADS-005480,LEGITIMATE,0,LOW,NONE,LOW
MPLADS-005481,PAYMENT_PROGRESS_MISMATCH,1,CRITICAL,PROGRESS,URGENT
MPLADS-005482,LEGITIMATE,0,LOW,NONE,LOW
MPLADS-005483,LEGITIMATE,0,LOW,NONE,LOW
MPLADS-005484,LEGITIMATE,0,LOW,NONE,LOW
MPLADS-005485,HIGH_VALUE_LEGITIMATE,0,MEDIUM,NONE,LOW
MPLADS-005486,LEGITIMATE,0,LOW,NONE,LOW
MPLADS-005487,LEGITIMATE,0,LOW,NONE,LOW
MPLADS-005488,DELAYED_PROJECT,1,MEDIUM,TIMELINE,LOW
MPLADS-005489,LEGITIMATE,0,LOW,NONE,LOW
MPLADS-005490,LEGITIMATE,0,LOW,NONE,LOW
MPLADS-005491,LEGITIMATE,0,LOW,NONE,LOW
MPLADS-005492,LEGITIMATE,0,LOW,NONE,LOW
MPLADS-005493,LEGITIMATE,0,LOW,NONE,LOW
MPLADS-005494,LEGITIMATE,0,LOW,NONE,LOW
MPLADS-005495,LEGITIMATE,0,LOW,NONE,LOW
MPLADS-005496,LEGITIMATE,0,LOW,NONE,LOW
MPLADS-005497,LEGITIMATE,0,LOW,NONE,LOW
MPLADS-005498,LEGITIMATE,0,LOW,NONE,LOW
MPLADS-005499,DUPLICATE_PROJECT,1,HIGH,DUPLICATE_PROJECT,HIGH
MPLADS-005500,HIGH_VALUE_LEGITIMATE,0,MEDIUM,NONE,LOW
MPLADS-005501,SUSPICIOUS_CONTRACTOR,1,HIGH,SUSPICIOUS_CONTRACTOR,HIGH
MPLADS-005502,HIGH_VALUE_LEGITIMATE,0,MEDIUM,NONE,LOW
MPLADS-005503,HIGH_VALUE_LEGITIMATE,0,MEDIUM,NONE,LOW
MPLADS-005504,LEGITIMATE,0,LOW,NONE,LOW
MPLADS-005505,LEGITIMATE,0,LOW,NONE,LOW
MPLADS-005506,LEGITIMATE,0,LOW,NONE,LOW
MPLADS-005507,COST_OVERRUN,1,HIGH,COST,HIGH
MPLADS-005508,LEGITIMATE,0,LOW,NONE,LOW
MPLADS-005509,HIGH_VALUE_LEGITIMATE,0,MEDIUM,NONE,LOW
MPLADS-005510,LEGITIMATE,0,LOW,NONE,LOW
MPLADS-005511,LEGITIMATE,0,LOW,NONE,LOW
MPLADS-005512,SUSPICIOUS_PROCUREMENT,1,HIGH,PROCUREMENT,HIGH
MPLADS-005513,LEGITIMATE,0,LOW,NONE,LOW
MPLADS-005514,ABANDONED_PROJECT,1,HIGH,ABANDONED_PROJECT,HIGH
MPLADS-005515,HIGH_VALUE_LEGITIMATE,0,LOW,NONE,LOW
MPLADS-005516,LEGITIMATE,0,LOW,NONE,LOW
MPLADS-005517,LEGITIMATE,0,LOW,NONE,LOW
MPLADS-005518,LEGITIMATE,0,LOW,NONE,LOW
MPLADS-005519,DUPLICATE_PROJECT,1,HIGH,DUPLICATE_PROJECT,HIGH
MPLADS-005520,LEGITIMATE,0,LOW,NONE,LOW
MPLADS-005521,DOCUMENTATION_ANOMALY,1,HIGH,DOCUMENTATION,HIGH
MPLADS-005522,LEGITIMATE,0,LOW,NONE,LOW
MPLADS-005523,DUPLICATE_PROJECT,1,HIGH,DUPLICATE_PROJECT,HIGH
MPLADS-005524,LEGITIMATE,0,LOW,NONE,LOW
MPLADS-005525,LEGITIMATE,0,LOW,NONE,LOW
MPLADS-005526,LEGITIMATE,0,LOW,NONE,LOW
MPLADS-005527,LEGITIMATE,0,LOW,NONE,LOW
MPLADS-005528,LEGITIMATE,0,LOW,NONE,LOW
MPLADS-005529,LEGITIMATE,0,LOW,NONE,LOW
MPLADS-005530,LEGITIMATE,0,LOW,NONE,LOW
MPLADS-005531,LEGITIMATE,0,LOW,NONE,LOW
MPLADS-005532,LEGITIMATE,0,LOW,NONE,LOW
MPLADS-005533,COST_OVERRUN,1,HIGH,COST,HIGH
MPLADS-005534,LEGITIMATE,0,LOW,NONE,LOW
MPLADS-005535,LEGITIMATE,0,LOW,NONE,LOW
MPLADS-005536,HIGH_VALUE_LEGITIMATE,0,LOW,NONE,LOW
MPLADS-005537,LEGITIMATE,0,LOW,NONE,LOW
MPLADS-005538,SUSPICIOUS_PROCUREMENT,1,HIGH,PROCUREMENT,HIGH
MPLADS-005539,LEGITIMATE,0,LOW,NONE,LOW
MPLADS-005540,SUSPICIOUS_CONTRACTOR,1,HIGH,SUSPICIOUS_CONTRACTOR,HIGH
MPLADS-005541,LEGITIMATE,0,LOW,NONE,LOW
MPLADS-005542,PAYMENT_PROGRESS_MISMATCH,1,CRITICAL,PROGRESS,URGENT
MPLADS-005543,DELAYED_PROJECT,1,MEDIUM,TIMELINE,LOW
MPLADS-005544,LEGITIMATE,0,LOW,NONE,LOW
MPLADS-005545,LEGITIMATE,0,LOW,NONE,LOW
MPLADS-005546,LEGITIMATE,0,LOW,NONE,LOW
MPLADS-005547,LEGITIMATE,0,LOW,NONE,LOW
MPLADS-005548,LEGITIMATE,0,LOW,NONE,LOW
MPLADS-005549,LEGITIMATE,0,LOW,NONE,LOW
MPLADS-005550,LEGITIMATE,0,LOW,NONE,LOW
MPLADS-005551,ABANDONED_PROJECT,1,HIGH,ABANDONED_PROJECT,HIGH
MPLADS-005552,LEGITIMATE,0,LOW,NONE,LOW
MPLADS-005553,LEGITIMATE,0,LOW,NONE,LOW
MPLADS-005554,COST_OVERRUN,1,HIGH,COST,HIGH
MPLADS-005555,LEGITIMATE,0,LOW,NONE,LOW
MPLADS-005556,LEGITIMATE,0,LOW,NONE,LOW
MPLADS-005557,COST_OVERRUN,1,HIGH,COST,HIGH
MPLADS-005558,HIGH_VALUE_LEGITIMATE,0,LOW,NONE,LOW
MPLADS-005559,LEGITIMATE,0,LOW,NONE,LOW
MPLADS-005560,DELAYED_PROJECT,1,MEDIUM,TIMELINE,LOW
MPLADS-005561,LEGITIMATE,0,LOW,NONE,LOW
MPLADS-005562,LEGITIMATE,0,LOW,NONE,LOW
MPLADS-005563,HIGH_VALUE_LEGITIMATE,0,LOW,NONE,LOW
MPLADS-005564,LEGITIMATE,0,LOW,NONE,LOW
MPLADS-005565,HIGH_VALUE_LEGITIMATE,0,LOW,NONE,LOW
MPLADS-005566,LEGITIMATE,0,LOW,NONE,LOW
MPLADS-005567,SUSPICIOUS_CONTRACTOR,1,HIGH,SUSPICIOUS_CONTRACTOR,HIGH
MPLADS-005568,GHOST_WORK,1,CRITICAL,GHOST_WORK,URGENT
MPLADS-005569,LEGITIMATE,0,LOW,NONE,LOW
MPLADS-005570,LEGITIMATE,0,LOW,NONE,LOW
MPLADS-005571,LEGITIMATE,0,LOW,NONE,LOW
MPLADS-005572,COST_OVERRUN,1,HIGH,COST,HIGH
MPLADS-005573,LEGITIMATE,0,LOW,NONE,LOW
MPLADS-005574,LEGITIMATE,0,LOW,NONE,LOW
MPLADS-005575,LEGITIMATE,0,LOW,NONE,LOW
MPLADS-005576,LEGITIMATE,0,LOW,NONE,LOW
MPLADS-005577,HIGH_VALUE_LEGITIMATE,0,MEDIUM,NONE,LOW
MPLADS-005578,LEGITIMATE,0,LOW,NONE,LOW
MPLADS-005579,LEGITIMATE,0,LOW,NONE,LOW
MPLADS-005580,LEGITIMATE,0,LOW,NONE,LOW
MPLADS-005581,LEGITIMATE,0,LOW,NONE,LOW
MPLADS-005582,LEGITIMATE,0,LOW,NONE,LOW
MPLADS-005583,LEGITIMATE,0,LOW,NONE,LOW
MPLADS-005584,LEGITIMATE,0,LOW,NONE,LOW
MPLADS-005585,LEGITIMATE,0,LOW,NONE,LOW
MPLADS-005586,LEGITIMATE,0,LOW,NONE,LOW
MPLADS-005587,LEGITIMATE,0,LOW,NONE,LOW
MPLADS-005588,LEGITIMATE,0,LOW,NONE,LOW
MPLADS-005589,LEGITIMATE,0,LOW,NONE,LOW
MPLADS-005590,LEGITIMATE,0,LOW,NONE,LOW
MPLADS-005591,LEGITIMATE,0,LOW,NONE,LOW
MPLADS-005592,LEGITIMATE,0,LOW,NONE,LOW
MPLADS-005593,HIGH_VALUE_LEGITIMATE,0,MEDIUM,NONE,LOW
MPLADS-005594,LEGITIMATE,0,LOW,NONE,LOW
MPLADS-005595,HIGH_VALUE_LEGITIMATE,0,LOW,NONE,LOW
MPLADS-005596,LEGITIMATE,0,LOW,NONE,LOW
MPLADS-005597,PAYMENT_PROGRESS_MISMATCH,1,CRITICAL,PROGRESS,URGENT
MPLADS-005598,LEGITIMATE,0,LOW,NONE,LOW
MPLADS-005599,LEGITIMATE,0,LOW,NONE,LOW
MPLADS-005600,PAYMENT_PROGRESS_MISMATCH,1,CRITICAL,PROGRESS,URGENT
MPLADS-005601,LEGITIMATE,0,LOW,NONE,LOW
MPLADS-005602,ABANDONED_PROJECT,1,HIGH,ABANDONED_PROJECT,HIGH
MPLADS-005603,LEGITIMATE,0,LOW,NONE,LOW
MPLADS-005604,LEGITIMATE,0,LOW,NONE,LOW
MPLADS-005605,LEGITIMATE,0,LOW,NONE,LOW
MPLADS-005606,LEGITIMATE,0,LOW,NONE,LOW
MPLADS-005607,LEGITIMATE,0,LOW,NONE,LOW
MPLADS-005608,LEGITIMATE,0,LOW,NONE,LOW
MPLADS-005609,HIGH_VALUE_LEGITIMATE,0,MEDIUM,NONE,LOW
MPLADS-005610,DELAYED_PROJECT,1,MEDIUM,TIMELINE,LOW
MPLADS-005611,LEGITIMATE,0,LOW,NONE,LOW
MPLADS-005612,LEGITIMATE,0,LOW,NONE,LOW
MPLADS-005613,LEGITIMATE,0,LOW,NONE,LOW
MPLADS-005614,LEGITIMATE,0,LOW,NONE,LOW
MPLADS-005615,HIGH_VALUE_LEGITIMATE,0,MEDIUM,NONE,LOW
MPLADS-005616,LEGITIMATE,0,LOW,NONE,LOW
MPLADS-005617,HIGH_VALUE_LEGITIMATE,0,MEDIUM,NONE,LOW
MPLADS-005618,HIGH_VALUE_LEGITIMATE,0,MEDIUM,NONE,LOW
MPLADS-005619,HIGH_VALUE_LEGITIMATE,0,MEDIUM,NONE,LOW
MPLADS-005620,ABANDONED_PROJECT,1,HIGH,ABANDONED_PROJECT,HIGH
MPLADS-005621,LEGITIMATE,0,LOW,NONE,LOW
MPLADS-005622,LEGITIMATE,0,LOW,NONE,LOW
MPLADS-005623,LEGITIMATE,0,LOW,NONE,LOW
MPLADS-005624,LEGITIMATE,0,LOW,NONE,LOW
MPLADS-005625,COST_OVERRUN,1,HIGH,COST,HIGH
MPLADS-005626,DUPLICATE_PROJECT,1,HIGH,DUPLICATE_PROJECT,HIGH
MPLADS-005627,LEGITIMATE,0,LOW,NONE,LOW
MPLADS-005628,LEGITIMATE,0,LOW,NONE,LOW
MPLADS-005629,LEGITIMATE,0,LOW,NONE,LOW
MPLADS-005630,LEGITIMATE,0,LOW,NONE,LOW
MPLADS-005631,PAYMENT_PROGRESS_MISMATCH,1,CRITICAL,PROGRESS,URGENT
MPLADS-005632,GHOST_WORK,1,CRITICAL,GHOST_WORK,URGENT
MPLADS-005633,COST_OVERRUN,1,HIGH,COST,HIGH
MPLADS-005634,LEGITIMATE,0,LOW,NONE,LOW
MPLADS-005635,LEGITIMATE,0,LOW,NONE,LOW
MPLADS-005636,DELAYED_PROJECT,1,MEDIUM,TIMELINE,LOW
MPLADS-005637,LEGITIMATE,0,LOW,NONE,LOW
MPLADS-005638,COST_OVERRUN,1,HIGH,COST,HIGH
MPLADS-005639,SUSPICIOUS_PROCUREMENT,1,HIGH,PROCUREMENT,HIGH
MPLADS-005640,HIGH_VALUE_LEGITIMATE,0,LOW,NONE,LOW
MPLADS-005641,LEGITIMATE,0,LOW,NONE,LOW
MPLADS-005642,LEGITIMATE,0,LOW,NONE,LOW
MPLADS-005643,LEGITIMATE,0,LOW,NONE,LOW
MPLADS-005644,LEGITIMATE,0,LOW,NONE,LOW
MPLADS-005645,LEGITIMATE,0,LOW,NONE,LOW
MPLADS-005646,HIGH_VALUE_LEGITIMATE,0,LOW,NONE,LOW
MPLADS-005647,ABANDONED_PROJECT,1,HIGH,ABANDONED_PROJECT,HIGH
MPLADS-005648,LEGITIMATE,0,LOW,NONE,LOW
MPLADS-005649,LEGITIMATE,0,LOW,NONE,LOW
MPLADS-005650,LEGITIMATE,0,LOW,NONE,LOW
MPLADS-005651,LEGITIMATE,0,LOW,NONE,LOW
MPLADS-005652,LEGITIMATE,0,LOW,NONE,LOW
MPLADS-005653,DOCUMENTATION_ANOMALY,1,HIGH,DOCUMENTATION,HIGH
MPLADS-005654,DOCUMENTATION_ANOMALY,1,HIGH,DOCUMENTATION,HIGH
MPLADS-005655,LEGITIMATE,0,LOW,NONE,LOW
MPLADS-005656,HIGH_VALUE_LEGITIMATE,0,MEDIUM,NONE,LOW
MPLADS-005657,LEGITIMATE,0,LOW,NONE,LOW
MPLADS-005658,LEGITIMATE,0,LOW,NONE,LOW
MPLADS-005659,GHOST_WORK,1,CRITICAL,GHOST_WORK,URGENT
MPLADS-005660,LEGITIMATE,0,LOW,NONE,LOW
MPLADS-005661,LEGITIMATE,0,LOW,NONE,LOW
MPLADS-005662,LEGITIMATE,0,LOW,NONE,LOW
MPLADS-005663,SUSPICIOUS_PROCUREMENT,1,HIGH,PROCUREMENT,HIGH
MPLADS-005664,LEGITIMATE,0,LOW,NONE,LOW
MPLADS-005665,COST_OVERRUN,1,HIGH,COST,HIGH
MPLADS-005666,HIGH_VALUE_LEGITIMATE,0,LOW,NONE,LOW
MPLADS-005667,LEGITIMATE,0,LOW,NONE,LOW
MPLADS-005668,SUSPICIOUS_PROCUREMENT,1,HIGH,PROCUREMENT,HIGH
MPLADS-005669,LEGITIMATE,0,LOW,NONE,LOW
MPLADS-005670,HIGH_VALUE_LEGITIMATE,0,MEDIUM,NONE,LOW
MPLADS-005671,LEGITIMATE,0,LOW,NONE,LOW
MPLADS-005672,LEGITIMATE,0,LOW,NONE,LOW
MPLADS-005673,LEGITIMATE,0,LOW,NONE,LOW
MPLADS-005674,LEGITIMATE,0,LOW,NONE,LOW
MPLADS-005675,COST_OVERRUN,1,HIGH,COST,HIGH
MPLADS-005676,HIGH_VALUE_LEGITIMATE,0,MEDIUM,NONE,LOW
MPLADS-005677,LEGITIMATE,0,LOW,NONE,LOW
MPLADS-005678,GHOST_WORK,1,CRITICAL,GHOST_WORK,URGENT
MPLADS-005679,COST_OVERRUN,1,HIGH,COST,HIGH
MPLADS-005680,GHOST_WORK,1,CRITICAL,GHOST_WORK,URGENT
MPLADS-005681,LEGITIMATE,0,LOW,NONE,LOW
MPLADS-005682,LEGITIMATE,0,LOW,NONE,LOW
MPLADS-005683,LEGITIMATE,0,LOW,NONE,LOW
MPLADS-005684,LEGITIMATE,0,LOW,NONE,LOW
MPLADS-005685,LEGITIMATE,0,LOW,NONE,LOW
MPLADS-005686,LEGITIMATE,0,LOW,NONE,LOW
MPLADS-005687,LEGITIMATE,0,LOW,NONE,LOW
MPLADS-005688,LEGITIMATE,0,LOW,NONE,LOW
MPLADS-005689,COST_OVERRUN,1,HIGH,COST,HIGH
MPLADS-005690,LEGITIMATE,0,LOW,NONE,LOW
MPLADS-005691,LEGITIMATE,0,LOW,NONE,LOW
MPLADS-005692,HIGH_VALUE_LEGITIMATE,0,MEDIUM,NONE,LOW
MPLADS-005693,COST_OVERRUN,1,HIGH,COST,HIGH
MPLADS-005694,LEGITIMATE,0,LOW,NONE,LOW
MPLADS-005695,LEGITIMATE,0,LOW,NONE,LOW
MPLADS-005696,LEGITIMATE,0,LOW,NONE,LOW
MPLADS-005697,CONTRACTOR_MONOPOLY,1,HIGH,CONTRACTOR,HIGH
MPLADS-005698,LEGITIMATE,0,LOW,NONE,LOW
MPLADS-005699,LEGITIMATE,0,LOW,NONE,LOW
MPLADS-005700,LEGITIMATE,0,LOW,NONE,LOW
MPLADS-005701,LEGITIMATE,0,LOW,NONE,LOW
MPLADS-005702,LEGITIMATE,0,LOW,NONE,LOW
MPLADS-005703,LEGITIMATE,0,LOW,NONE,LOW
MPLADS-005704,HIGH_VALUE_LEGITIMATE,0,LOW,NONE,LOW
MPLADS-005705,HIGH_VALUE_LEGITIMATE,0,MEDIUM,NONE,LOW
MPLADS-005706,LEGITIMATE,0,LOW,NONE,LOW
MPLADS-005707,LEGITIMATE,0,LOW,NONE,LOW
MPLADS-005708,HIGH_VALUE_LEGITIMATE,0,LOW,NONE,LOW
MPLADS-005709,LEGITIMATE,0,LOW,NONE,LOW
MPLADS-005710,LEGITIMATE,0,LOW,NONE,LOW
MPLADS-005711,LEGITIMATE,0,LOW,NONE,LOW
MPLADS-005712,HIGH_VALUE_LEGITIMATE,0,LOW,NONE,LOW
MPLADS-005713,LEGITIMATE,0,LOW,NONE,LOW
MPLADS-005714,LEGITIMATE,0,LOW,NONE,LOW
MPLADS-005715,LEGITIMATE,0,LOW,NONE,LOW
MPLADS-005716,DUPLICATE_PROJECT,1,HIGH,DUPLICATE_PROJECT,HIGH
MPLADS-005717,LEGITIMATE,0,LOW,NONE,LOW
MPLADS-005718,LEGITIMATE,0,LOW,NONE,LOW
MPLADS-005719,LEGITIMATE,0,LOW,NONE,LOW
MPLADS-005720,DUPLICATE_PROJECT,1,HIGH,DUPLICATE_PROJECT,HIGH
MPLADS-005721,LEGITIMATE,0,LOW,NONE,LOW
MPLADS-005722,LEGITIMATE,0,LOW,NONE,LOW
MPLADS-005723,LEGITIMATE,0,LOW,NONE,LOW
MPLADS-005724,HIGH_VALUE_LEGITIMATE,0,MEDIUM,NONE,LOW
MPLADS-005725,DELAYED_PROJECT,1,MEDIUM,TIMELINE,LOW
MPLADS-005726,LEGITIMATE,0,LOW,NONE,LOW
MPLADS-005727,DUPLICATE_PROJECT,1,HIGH,DUPLICATE_PROJECT,HIGH
MPLADS-005728,LEGITIMATE,0,LOW,NONE,LOW
MPLADS-005729,PAYMENT_PROGRESS_MISMATCH,1,CRITICAL,PROGRESS,URGENT
MPLADS-005730,LEGITIMATE,0,LOW,NONE,LOW
MPLADS-005731,LEGITIMATE,0,LOW,NONE,LOW
MPLADS-005732,LEGITIMATE,0,LOW,NONE,LOW
MPLADS-005733,LEGITIMATE,0,LOW,NONE,LOW
MPLADS-005734,COST_OVERRUN,1,HIGH,COST,HIGH
MPLADS-005735,DOCUMENTATION_ANOMALY,1,HIGH,DOCUMENTATION,HIGH
MPLADS-005736,LEGITIMATE,0,LOW,NONE,LOW
MPLADS-005737,LEGITIMATE,0,LOW,NONE,LOW
MPLADS-005738,SUSPICIOUS_PROCUREMENT,1,HIGH,PROCUREMENT,HIGH
MPLADS-005739,LEGITIMATE,0,LOW,NONE,LOW
MPLADS-005740,LEGITIMATE,0,LOW,NONE,LOW
MPLADS-005741,LEGITIMATE,0,LOW,NONE,LOW
MPLADS-005742,LEGITIMATE,0,LOW,NONE,LOW
MPLADS-005743,DOCUMENTATION_ANOMALY,1,HIGH,DOCUMENTATION,HIGH
MPLADS-005744,LEGITIMATE,0,LOW,NONE,LOW
MPLADS-005745,HIGH_VALUE_LEGITIMATE,0,MEDIUM,NONE,LOW
MPLADS-005746,LEGITIMATE,0,LOW,NONE,LOW
MPLADS-005747,LEGITIMATE,0,LOW,NONE,LOW
MPLADS-005748,PAYMENT_PROGRESS_MISMATCH,1,CRITICAL,PROGRESS,URGENT
MPLADS-005749,LEGITIMATE,0,LOW,NONE,LOW
MPLADS-005750,LEGITIMATE,0,LOW,NONE,LOW
MPLADS-005751,LEGITIMATE,0,LOW,NONE,LOW
MPLADS-005752,PAYMENT_PROGRESS_MISMATCH,1,CRITICAL,PROGRESS,URGENT
MPLADS-005753,DUPLICATE_PROJECT,1,HIGH,DUPLICATE_PROJECT,HIGH
MPLADS-005754,LEGITIMATE,0,LOW,NONE,LOW
MPLADS-005755,LEGITIMATE,0,LOW,NONE,LOW
MPLADS-005756,HIGH_VALUE_LEGITIMATE,0,MEDIUM,NONE,LOW
MPLADS-005757,PAYMENT_PROGRESS_MISMATCH,1,CRITICAL,PROGRESS,URGENT
MPLADS-005758,LEGITIMATE,0,LOW,NONE,LOW
MPLADS-005759,DELAYED_PROJECT,1,MEDIUM,TIMELINE,LOW
MPLADS-005760,LEGITIMATE,0,LOW,NONE,LOW
MPLADS-005761,LEGITIMATE,0,LOW,NONE,LOW
MPLADS-005762,DELAYED_PROJECT,1,MEDIUM,TIMELINE,LOW
MPLADS-005763,LEGITIMATE,0,LOW,NONE,LOW
MPLADS-005764,LEGITIMATE,0,LOW,NONE,LOW
MPLADS-005765,HIGH_VALUE_LEGITIMATE,0,MEDIUM,NONE,LOW
MPLADS-005766,ABANDONED_PROJECT,1,HIGH,ABANDONED_PROJECT,HIGH
MPLADS-005767,LEGITIMATE,0,LOW,NONE,LOW
MPLADS-005768,LEGITIMATE,0,LOW,NONE,LOW
MPLADS-005769,HIGH_VALUE_LEGITIMATE,0,LOW,NONE,LOW
MPLADS-005770,PAYMENT_PROGRESS_MISMATCH,1,CRITICAL,PROGRESS,URGENT
MPLADS-005771,LEGITIMATE,0,LOW,NONE,LOW
MPLADS-005772,DELAYED_PROJECT,1,MEDIUM,TIMELINE,LOW
MPLADS-005773,LEGITIMATE,0,LOW,NONE,LOW
MPLADS-005774,PAYMENT_PROGRESS_MISMATCH,1,CRITICAL,PROGRESS,URGENT
MPLADS-005775,HIGH_VALUE_LEGITIMATE,0,LOW,NONE,LOW
MPLADS-005776,LEGITIMATE,0,LOW,NONE,LOW
MPLADS-005777,LEGITIMATE,0,LOW,NONE,LOW
MPLADS-005778,HIGH_VALUE_LEGITIMATE,0,MEDIUM,NONE,LOW
MPLADS-005779,DUPLICATE_PROJECT,1,HIGH,DUPLICATE_PROJECT,HIGH
MPLADS-005780,PAYMENT_PROGRESS_MISMATCH,1,CRITICAL,PROGRESS,URGENT
MPLADS-005781,LEGITIMATE,0,LOW,NONE,LOW
MPLADS-005782,LEGITIMATE,0,LOW,NONE,LOW
MPLADS-005783,HIGH_VALUE_LEGITIMATE,0,MEDIUM,NONE,LOW
MPLADS-005784,LEGITIMATE,0,LOW,NONE,LOW
MPLADS-005785,LEGITIMATE,0,LOW,NONE,LOW
MPLADS-005786,LEGITIMATE,0,LOW,NONE,LOW
MPLADS-005787,LEGITIMATE,0,LOW,NONE,LOW
MPLADS-005788,PAYMENT_PROGRESS_MISMATCH,1,CRITICAL,PROGRESS,URGENT
MPLADS-005789,GHOST_WORK,1,CRITICAL,GHOST_WORK,URGENT
MPLADS-005790,ABANDONED_PROJECT,1,HIGH,ABANDONED_PROJECT,HIGH
MPLADS-005791,LEGITIMATE,0,LOW,NONE,LOW
MPLADS-005792,LEGITIMATE,0,LOW,NONE,LOW
MPLADS-005793,LEGITIMATE,0,LOW,NONE,LOW
MPLADS-005794,LEGITIMATE,0,LOW,NONE,LOW
MPLADS-005795,GHOST_WORK,1,CRITICAL,GHOST_WORK,URGENT
MPLADS-005796,LEGITIMATE,0,LOW,NONE,LOW
MPLADS-005797,LEGITIMATE,0,LOW,NONE,LOW
MPLADS-005798,LEGITIMATE,0,LOW,NONE,LOW
MPLADS-005799,LEGITIMATE,0,LOW,NONE,LOW
MPLADS-005800,LEGITIMATE,0,LOW,NONE,LOW
MPLADS-005801,LEGITIMATE,0,LOW,NONE,LOW
MPLADS-005802,PAYMENT_PROGRESS_MISMATCH,1,CRITICAL,PROGRESS,URGENT
MPLADS-005803,LEGITIMATE,0,LOW,NONE,LOW
MPLADS-005804,HIGH_VALUE_LEGITIMATE,0,LOW,NONE,LOW
MPLADS-005805,DELAYED_PROJECT,1,MEDIUM,TIMELINE,LOW
MPLADS-005806,PAYMENT_PROGRESS_MISMATCH,1,CRITICAL,PROGRESS,URGENT
MPLADS-005807,LEGITIMATE,0,LOW,NONE,LOW
MPLADS-005808,LEGITIMATE,0,LOW,NONE,LOW
MPLADS-005809,LEGITIMATE,0,LOW,NONE,LOW
MPLADS-005810,SUSPICIOUS_PROCUREMENT,1,HIGH,PROCUREMENT,HIGH
MPLADS-005811,DUPLICATE_PROJECT,1,HIGH,DUPLICATE_PROJECT,HIGH
MPLADS-005812,LEGITIMATE,0,LOW,NONE,LOW
MPLADS-005813,LEGITIMATE,0,LOW,NONE,LOW
MPLADS-005814,LEGITIMATE,0,LOW,NONE,LOW
MPLADS-005815,LEGITIMATE,0,LOW,NONE,LOW
MPLADS-005816,LEGITIMATE,0,LOW,NONE,LOW
MPLADS-005817,PAYMENT_PROGRESS_MISMATCH,1,CRITICAL,PROGRESS,URGENT
MPLADS-005818,HIGH_VALUE_LEGITIMATE,0,MEDIUM,NONE,LOW
MPLADS-005819,LEGITIMATE,0,LOW,NONE,LOW
MPLADS-005820,HIGH_VALUE_LEGITIMATE,0,MEDIUM,NONE,LOW
MPLADS-005821,PAYMENT_PROGRESS_MISMATCH,1,CRITICAL,PROGRESS,URGENT
MPLADS-005822,LEGITIMATE,0,LOW,NONE,LOW
MPLADS-005823,LEGITIMATE,0,LOW,NONE,LOW
MPLADS-005824,LEGITIMATE,0,LOW,NONE,LOW
MPLADS-005825,HIGH_VALUE_LEGITIMATE,0,LOW,NONE,LOW
MPLADS-005826,LEGITIMATE,0,LOW,NONE,LOW
MPLADS-005827,DUPLICATE_PROJECT,1,HIGH,DUPLICATE_PROJECT,HIGH
MPLADS-005828,LEGITIMATE,0,LOW,NONE,LOW
MPLADS-005829,HIGH_VALUE_LEGITIMATE,0,LOW,NONE,LOW
MPLADS-005830,HIGH_VALUE_LEGITIMATE,0,LOW,NONE,LOW
MPLADS-005831,LEGITIMATE,0,LOW,NONE,LOW
MPLADS-005832,LEGITIMATE,0,LOW,NONE,LOW
MPLADS-005833,HIGH_VALUE_LEGITIMATE,0,LOW,NONE,LOW
MPLADS-005834,COST_OVERRUN,1,HIGH,COST,HIGH
MPLADS-005835,LEGITIMATE,0,LOW,NONE,LOW
MPLADS-005836,LEGITIMATE,0,LOW,NONE,LOW
MPLADS-005837,HIGH_VALUE_LEGITIMATE,0,LOW,NONE,LOW
MPLADS-005838,LEGITIMATE,0,LOW,NONE,LOW
MPLADS-005839,COST_OVERRUN,1,HIGH,COST,HIGH
MPLADS-005840,HIGH_VALUE_LEGITIMATE,0,LOW,NONE,LOW
MPLADS-005841,LEGITIMATE,0,LOW,NONE,LOW
MPLADS-005842,PAYMENT_PROGRESS_MISMATCH,1,CRITICAL,PROGRESS,URGENT
MPLADS-005843,DUPLICATE_PROJECT,1,HIGH,DUPLICATE_PROJECT,HIGH
MPLADS-005844,LEGITIMATE,0,LOW,NONE,LOW
MPLADS-005845,ABANDONED_PROJECT,1,HIGH,ABANDONED_PROJECT,HIGH
MPLADS-005846,LEGITIMATE,0,LOW,NONE,LOW
MPLADS-005847,LEGITIMATE,0,LOW,NONE,LOW
MPLADS-005848,DELAYED_PROJECT,1,MEDIUM,TIMELINE,LOW
MPLADS-005849,LEGITIMATE,0,LOW,NONE,LOW
MPLADS-005850,LEGITIMATE,0,LOW,NONE,LOW
MPLADS-005851,LEGITIMATE,0,LOW,NONE,LOW
MPLADS-005852,LEGITIMATE,0,LOW,NONE,LOW
MPLADS-005853,LEGITIMATE,0,LOW,NONE,LOW
MPLADS-005854,PAYMENT_PROGRESS_MISMATCH,1,CRITICAL,PROGRESS,URGENT
MPLADS-005855,GHOST_WORK,1,CRITICAL,GHOST_WORK,URGENT
MPLADS-005856,PAYMENT_PROGRESS_MISMATCH,1,CRITICAL,PROGRESS,URGENT
MPLADS-005857,LEGITIMATE,0,LOW,NONE,LOW
MPLADS-005858,LEGITIMATE,0,LOW,NONE,LOW
MPLADS-005859,LEGITIMATE,0,LOW,NONE,LOW
MPLADS-005860,HIGH_VALUE_LEGITIMATE,0,LOW,NONE,LOW
MPLADS-005861,HIGH_VALUE_LEGITIMATE,0,LOW,NONE,LOW
MPLADS-005862,DOCUMENTATION_ANOMALY,1,HIGH,DOCUMENTATION,HIGH
MPLADS-005863,HIGH_VALUE_LEGITIMATE,0,MEDIUM,NONE,LOW
MPLADS-005864,PAYMENT_PROGRESS_MISMATCH,1,CRITICAL,PROGRESS,URGENT
MPLADS-005865,LEGITIMATE,0,LOW,NONE,LOW
MPLADS-005866,GHOST_WORK,1,CRITICAL,GHOST_WORK,URGENT
MPLADS-005867,LEGITIMATE,0,LOW,NONE,LOW
MPLADS-005868,LEGITIMATE,0,LOW,NONE,LOW
MPLADS-005869,LEGITIMATE,0,LOW,NONE,LOW
MPLADS-005870,HIGH_VALUE_LEGITIMATE,0,MEDIUM,NONE,LOW
MPLADS-005871,LEGITIMATE,0,LOW,NONE,LOW
MPLADS-005872,LEGITIMATE,0,LOW,NONE,LOW
MPLADS-005873,DUPLICATE_PROJECT,1,HIGH,DUPLICATE_PROJECT,HIGH
MPLADS-005874,HIGH_VALUE_LEGITIMATE,0,MEDIUM,NONE,LOW
MPLADS-005875,ABANDONED_PROJECT,1,HIGH,ABANDONED_PROJECT,HIGH
MPLADS-005876,LEGITIMATE,0,LOW,NONE,LOW
MPLADS-005877,LEGITIMATE,0,LOW,NONE,LOW
MPLADS-005878,LEGITIMATE,0,LOW,NONE,LOW
MPLADS-005879,DELAYED_PROJECT,1,MEDIUM,TIMELINE,LOW
MPLADS-005880,LEGITIMATE,0,LOW,NONE,LOW
MPLADS-005881,LEGITIMATE,0,LOW,NONE,LOW
MPLADS-005882,LEGITIMATE,0,LOW,NONE,LOW
MPLADS-005883,LEGITIMATE,0,LOW,NONE,LOW
MPLADS-005884,LEGITIMATE,0,LOW,NONE,LOW
MPLADS-005885,LEGITIMATE,0,LOW,NONE,LOW
MPLADS-005886,LEGITIMATE,0,LOW,NONE,LOW
MPLADS-005887,SUSPICIOUS_PROCUREMENT,1,HIGH,PROCUREMENT,HIGH
MPLADS-005888,PAYMENT_PROGRESS_MISMATCH,1,CRITICAL,PROGRESS,URGENT
MPLADS-005889,LEGITIMATE,0,LOW,NONE,LOW
MPLADS-005890,LEGITIMATE,0,LOW,NONE,LOW
MPLADS-005891,HIGH_VALUE_LEGITIMATE,0,LOW,NONE,LOW
MPLADS-005892,LEGITIMATE,0,LOW,NONE,LOW
MPLADS-005893,LEGITIMATE,0,LOW,NONE,LOW
MPLADS-005894,HIGH_VALUE_LEGITIMATE,0,LOW,NONE,LOW
MPLADS-005895,HIGH_VALUE_LEGITIMATE,0,LOW,NONE,LOW
MPLADS-005896,LEGITIMATE,0,LOW,NONE,LOW
MPLADS-005897,LEGITIMATE,0,LOW,NONE,LOW
MPLADS-005898,LEGITIMATE,0,LOW,NONE,LOW
MPLADS-005899,HIGH_VALUE_LEGITIMATE,0,MEDIUM,NONE,LOW
MPLADS-005900,LEGITIMATE,0,LOW,NONE,LOW
MPLADS-005901,LEGITIMATE,0,LOW,NONE,LOW
MPLADS-005902,LEGITIMATE,0,LOW,NONE,LOW
MPLADS-005903,HIGH_VALUE_LEGITIMATE,0,LOW,NONE,LOW
MPLADS-005904,LEGITIMATE,0,LOW,NONE,LOW
MPLADS-005905,LEGITIMATE,0,LOW,NONE,LOW
MPLADS-005906,HIGH_VALUE_LEGITIMATE,0,MEDIUM,NONE,LOW
MPLADS-005907,LEGITIMATE,0,LOW,NONE,LOW
MPLADS-005908,LEGITIMATE,0,LOW,NONE,LOW
MPLADS-005909,LEGITIMATE,0,LOW,NONE,LOW
MPLADS-005910,GHOST_WORK,1,CRITICAL,GHOST_WORK,URGENT
MPLADS-005911,HIGH_VALUE_LEGITIMATE,0,LOW,NONE,LOW
MPLADS-005912,LEGITIMATE,0,LOW,NONE,LOW
MPLADS-005913,LEGITIMATE,0,LOW,NONE,LOW
MPLADS-005914,LEGITIMATE,0,LOW,NONE,LOW
MPLADS-005915,LEGITIMATE,0,LOW,NONE,LOW
MPLADS-005916,LEGITIMATE,0,LOW,NONE,LOW
MPLADS-005917,LEGITIMATE,0,LOW,NONE,LOW
MPLADS-005918,LEGITIMATE,0,LOW,NONE,LOW
MPLADS-005919,LEGITIMATE,0,LOW,NONE,LOW
MPLADS-005920,LEGITIMATE,0,LOW,NONE,LOW
MPLADS-005921,LEGITIMATE,0,LOW,NONE,LOW
MPLADS-005922,HIGH_VALUE_LEGITIMATE,0,LOW,NONE,LOW
MPLADS-005923,COST_OVERRUN,1,HIGH,COST,HIGH
MPLADS-005924,LEGITIMATE,0,LOW,NONE,LOW
MPLADS-005925,HIGH_VALUE_LEGITIMATE,0,MEDIUM,NONE,LOW
MPLADS-005926,LEGITIMATE,0,LOW,NONE,LOW
MPLADS-005927,LEGITIMATE,0,LOW,NONE,LOW
MPLADS-005928,SUSPICIOUS_CONTRACTOR,1,HIGH,SUSPICIOUS_CONTRACTOR,HIGH
MPLADS-005929,DOCUMENTATION_ANOMALY,1,HIGH,DOCUMENTATION,HIGH
MPLADS-005930,LEGITIMATE,0,LOW,NONE,LOW
MPLADS-005931,LEGITIMATE,0,LOW,NONE,LOW
MPLADS-005932,LEGITIMATE,0,LOW,NONE,LOW
MPLADS-005933,LEGITIMATE,0,LOW,NONE,LOW
MPLADS-005934,LEGITIMATE,0,LOW,NONE,LOW
MPLADS-005935,LEGITIMATE,0,LOW,NONE,LOW
MPLADS-005936,LEGITIMATE,0,LOW,NONE,LOW
MPLADS-005937,LEGITIMATE,0,LOW,NONE,LOW
MPLADS-005938,LEGITIMATE,0,LOW,NONE,LOW
MPLADS-005939,GHOST_WORK,1,CRITICAL,GHOST_WORK,URGENT
MPLADS-005940,LEGITIMATE,0,LOW,NONE,LOW
MPLADS-005941,LEGITIMATE,0,LOW,NONE,LOW
MPLADS-005942,LEGITIMATE,0,LOW,NONE,LOW
MPLADS-005943,LEGITIMATE,0,LOW,NONE,LOW
MPLADS-005944,LEGITIMATE,0,LOW,NONE,LOW
MPLADS-005945,LEGITIMATE,0,LOW,NONE,LOW
MPLADS-005946,LEGITIMATE,0,LOW,NONE,LOW
MPLADS-005947,LEGITIMATE,0,LOW,NONE,LOW
MPLADS-005948,HIGH_VALUE_LEGITIMATE,0,LOW,NONE,LOW
MPLADS-005949,LEGITIMATE,0,LOW,NONE,LOW
MPLADS-005950,LEGITIMATE,0,LOW,NONE,LOW
MPLADS-005951,HIGH_VALUE_LEGITIMATE,0,MEDIUM,NONE,LOW
MPLADS-005952,HIGH_VALUE_LEGITIMATE,0,LOW,NONE,LOW
MPLADS-005953,LEGITIMATE,0,LOW,NONE,LOW
MPLADS-005954,DOCUMENTATION_ANOMALY,1,HIGH,DOCUMENTATION,HIGH
MPLADS-005955,LEGITIMATE,0,LOW,NONE,LOW
MPLADS-005956,LEGITIMATE,0,LOW,NONE,LOW
MPLADS-005957,LEGITIMATE,0,LOW,NONE,LOW
MPLADS-005958,COST_OVERRUN,1,HIGH,COST,HIGH
MPLADS-005959,LEGITIMATE,0,LOW,NONE,LOW
MPLADS-005960,LEGITIMATE,0,LOW,NONE,LOW
MPLADS-005961,LEGITIMATE,0,LOW,NONE,LOW
MPLADS-005962,LEGITIMATE,0,LOW,NONE,LOW
MPLADS-005963,LEGITIMATE,0,LOW,NONE,LOW
MPLADS-005964,LEGITIMATE,0,LOW,NONE,LOW
MPLADS-005965,SUSPICIOUS_CONTRACTOR,1,HIGH,SUSPICIOUS_CONTRACTOR,HIGH
MPLADS-005966,LEGITIMATE,0,LOW,NONE,LOW
MPLADS-005967,LEGITIMATE,0,LOW,NONE,LOW
MPLADS-005968,LEGITIMATE,0,LOW,NONE,LOW
MPLADS-005969,LEGITIMATE,0,LOW,NONE,LOW
MPLADS-005970,HIGH_VALUE_LEGITIMATE,0,LOW,NONE,LOW
MPLADS-005971,LEGITIMATE,0,LOW,NONE,LOW
MPLADS-005972,LEGITIMATE,0,LOW,NONE,LOW
MPLADS-005973,HIGH_VALUE_LEGITIMATE,0,LOW,NONE,LOW
MPLADS-005974,LEGITIMATE,0,LOW,NONE,LOW
MPLADS-005975,GHOST_WORK,1,CRITICAL,GHOST_WORK,URGENT
MPLADS-005976,LEGITIMATE,0,LOW,NONE,LOW
MPLADS-005977,LEGITIMATE,0,LOW,NONE,LOW
MPLADS-005978,LEGITIMATE,0,LOW,NONE,LOW
MPLADS-005979,LEGITIMATE,0,LOW,NONE,LOW
MPLADS-005980,CONTRACTOR_MONOPOLY,1,HIGH,CONTRACTOR,HIGH
MPLADS-005981,LEGITIMATE,0,LOW,NONE,LOW
MPLADS-005982,LEGITIMATE,0,LOW,NONE,LOW
MPLADS-005983,LEGITIMATE,0,LOW,NONE,LOW
MPLADS-005984,HIGH_VALUE_LEGITIMATE,0,MEDIUM,NONE,LOW
MPLADS-005985,LEGITIMATE,0,LOW,NONE,LOW
MPLADS-005986,LEGITIMATE,0,LOW,NONE,LOW
MPLADS-005987,LEGITIMATE,0,LOW,NONE,LOW
MPLADS-005988,HIGH_VALUE_LEGITIMATE,0,LOW,NONE,LOW
MPLADS-005989,LEGITIMATE,0,LOW,NONE,LOW
MPLADS-005990,HIGH_VALUE_LEGITIMATE,0,LOW,NONE,LOW
MPLADS-005991,LEGITIMATE,0,LOW,NONE,LOW
MPLADS-005992,HIGH_VALUE_LEGITIMATE,0,LOW,NONE,LOW
MPLADS-005993,LEGITIMATE,0,LOW,NONE,LOW
MPLADS-005994,LEGITIMATE,0,LOW,NONE,LOW
MPLADS-005995,GHOST_WORK,1,CRITICAL,GHOST_WORK,URGENT
MPLADS-005996,LEGITIMATE,0,LOW,NONE,LOW
MPLADS-005997,LEGITIMATE,0,LOW,NONE,LOW
MPLADS-005998,LEGITIMATE,0,LOW,NONE,LOW
MPLADS-005999,LEGITIMATE,0,LOW,NONE,LOW
MPLADS-006000,LEGITIMATE,0,LOW,NONE,LOW
MPLADS-006001,GHOST_WORK,1,CRITICAL,GHOST_WORK,URGENT
MPLADS-006002,HIGH_VALUE_LEGITIMATE,0,LOW,NONE,LOW
MPLADS-006003,LEGITIMATE,0,LOW,NONE,LOW
MPLADS-006004,PAYMENT_PROGRESS_MISMATCH,1,CRITICAL,PROGRESS,URGENT
MPLADS-006005,SUSPICIOUS_CONTRACTOR,1,HIGH,SUSPICIOUS_CONTRACTOR,HIGH
MPLADS-006006,HIGH_VALUE_LEGITIMATE,0,LOW,NONE,LOW
MPLADS-006007,LEGITIMATE,0,LOW,NONE,LOW
MPLADS-006008,LEGITIMATE,0,LOW,NONE,LOW
MPLADS-006009,LEGITIMATE,0,LOW,NONE,LOW
MPLADS-006010,LEGITIMATE,0,LOW,NONE,LOW
MPLADS-006011,PAYMENT_PROGRESS_MISMATCH,1,CRITICAL,PROGRESS,URGENT
MPLADS-006012,LEGITIMATE,0,LOW,NONE,LOW
MPLADS-006013,LEGITIMATE,0,LOW,NONE,LOW
MPLADS-006014,LEGITIMATE,0,LOW,NONE,LOW
MPLADS-006015,LEGITIMATE,0,LOW,NONE,LOW
MPLADS-006016,LEGITIMATE,0,LOW,NONE,LOW
MPLADS-006017,LEGITIMATE,0,LOW,NONE,LOW
MPLADS-006018,LEGITIMATE,0,LOW,NONE,LOW
MPLADS-006019,LEGITIMATE,0,LOW,NONE,LOW
MPLADS-006020,LEGITIMATE,0,LOW,NONE,LOW
MPLADS-006021,DELAYED_PROJECT,1,MEDIUM,TIMELINE,LOW
MPLADS-006022,DELAYED_PROJECT,1,MEDIUM,TIMELINE,LOW
MPLADS-006023,LEGITIMATE,0,LOW,NONE,LOW
MPLADS-006024,HIGH_VALUE_LEGITIMATE,0,LOW,NONE,LOW
MPLADS-006025,LEGITIMATE,0,LOW,NONE,LOW
MPLADS-006026,HIGH_VALUE_LEGITIMATE,0,LOW,NONE,LOW
MPLADS-006027,LEGITIMATE,0,LOW,NONE,LOW
MPLADS-006028,LEGITIMATE,0,LOW,NONE,LOW
MPLADS-006029,LEGITIMATE,0,LOW,NONE,LOW
MPLADS-006030,HIGH_VALUE_LEGITIMATE,0,LOW,NONE,LOW
MPLADS-006031,HIGH_VALUE_LEGITIMATE,0,LOW,NONE,LOW
MPLADS-006032,COST_OVERRUN,1,HIGH,COST,HIGH
MPLADS-006033,LEGITIMATE,0,LOW,NONE,LOW
MPLADS-006034,LEGITIMATE,0,LOW,NONE,LOW
MPLADS-006035,HIGH_VALUE_LEGITIMATE,0,MEDIUM,NONE,LOW
MPLADS-006036,LEGITIMATE,0,LOW,NONE,LOW
MPLADS-006037,LEGITIMATE,0,LOW,NONE,LOW
MPLADS-006038,LEGITIMATE,0,LOW,NONE,LOW
MPLADS-006039,GHOST_WORK,1,CRITICAL,GHOST_WORK,URGENT
MPLADS-006040,HIGH_VALUE_LEGITIMATE,0,LOW,NONE,LOW
MPLADS-006041,LEGITIMATE,0,LOW,NONE,LOW
MPLADS-006042,HIGH_VALUE_LEGITIMATE,0,MEDIUM,NONE,LOW
MPLADS-006043,LEGITIMATE,0,LOW,NONE,LOW
MPLADS-006044,LEGITIMATE,0,LOW,NONE,LOW
MPLADS-006045,DELAYED_PROJECT,1,MEDIUM,TIMELINE,LOW
MPLADS-006046,LEGITIMATE,0,LOW,NONE,LOW
MPLADS-006047,LEGITIMATE,0,LOW,NONE,LOW
MPLADS-006048,COST_OVERRUN,1,HIGH,COST,HIGH
MPLADS-006049,LEGITIMATE,0,LOW,NONE,LOW
MPLADS-006050,LEGITIMATE,0,LOW,NONE,LOW
MPLADS-006051,HIGH_VALUE_LEGITIMATE,0,LOW,NONE,LOW
MPLADS-006052,COST_OVERRUN,1,HIGH,COST,HIGH
MPLADS-006053,SUSPICIOUS_PROCUREMENT,1,HIGH,PROCUREMENT,HIGH
MPLADS-006054,CONTRACTOR_MONOPOLY,1,HIGH,CONTRACTOR,HIGH
MPLADS-006055,LEGITIMATE,0,LOW,NONE,LOW
MPLADS-006056,LEGITIMATE,0,LOW,NONE,LOW
MPLADS-006057,LEGITIMATE,0,LOW,NONE,LOW
MPLADS-006058,LEGITIMATE,0,LOW,NONE,LOW
MPLADS-006059,LEGITIMATE,0,LOW,NONE,LOW
MPLADS-006060,PAYMENT_PROGRESS_MISMATCH,1,CRITICAL,PROGRESS,URGENT
MPLADS-006061,LEGITIMATE,0,LOW,NONE,LOW
MPLADS-006062,LEGITIMATE,0,LOW,NONE,LOW
MPLADS-006063,LEGITIMATE,0,LOW,NONE,LOW
MPLADS-006064,GHOST_WORK,1,CRITICAL,GHOST_WORK,URGENT
MPLADS-006065,HIGH_VALUE_LEGITIMATE,0,LOW,NONE,LOW
MPLADS-006066,LEGITIMATE,0,LOW,NONE,LOW
MPLADS-006067,LEGITIMATE,0,LOW,NONE,LOW
MPLADS-006068,LEGITIMATE,0,LOW,NONE,LOW
MPLADS-006069,DUPLICATE_PROJECT,1,HIGH,DUPLICATE_PROJECT,HIGH
MPLADS-006070,DELAYED_PROJECT,1,MEDIUM,TIMELINE,LOW
MPLADS-006071,LEGITIMATE,0,LOW,NONE,LOW
MPLADS-006072,LEGITIMATE,0,LOW,NONE,LOW
MPLADS-006073,HIGH_VALUE_LEGITIMATE,0,LOW,NONE,LOW
MPLADS-006074,LEGITIMATE,0,LOW,NONE,LOW
MPLADS-006075,LEGITIMATE,0,LOW,NONE,LOW
MPLADS-006076,LEGITIMATE,0,LOW,NONE,LOW
MPLADS-006077,LEGITIMATE,0,LOW,NONE,LOW
MPLADS-006078,LEGITIMATE,0,LOW,NONE,LOW
MPLADS-006079,PAYMENT_PROGRESS_MISMATCH,1,CRITICAL,PROGRESS,URGENT
MPLADS-006080,DUPLICATE_PROJECT,1,HIGH,DUPLICATE_PROJECT,HIGH
MPLADS-006081,HIGH_VALUE_LEGITIMATE,0,LOW,NONE,LOW
MPLADS-006082,LEGITIMATE,0,LOW,NONE,LOW
MPLADS-006083,HIGH_VALUE_LEGITIMATE,0,MEDIUM,NONE,LOW
MPLADS-006084,CONTRACTOR_MONOPOLY,1,HIGH,CONTRACTOR,HIGH
MPLADS-006085,LEGITIMATE,0,LOW,NONE,LOW
MPLADS-006086,LEGITIMATE,0,LOW,NONE,LOW
MPLADS-006087,LEGITIMATE,0,LOW,NONE,LOW
MPLADS-006088,HIGH_VALUE_LEGITIMATE,0,LOW,NONE,LOW
MPLADS-006089,LEGITIMATE,0,LOW,NONE,LOW
MPLADS-006090,DUPLICATE_PROJECT,1,HIGH,DUPLICATE_PROJECT,HIGH
MPLADS-006091,LEGITIMATE,0,LOW,NONE,LOW
MPLADS-006092,PAYMENT_PROGRESS_MISMATCH,1,CRITICAL,PROGRESS,URGENT
MPLADS-006093,LEGITIMATE,0,LOW,NONE,LOW
MPLADS-006094,LEGITIMATE,0,LOW,NONE,LOW
MPLADS-006095,LEGITIMATE,0,LOW,NONE,LOW
MPLADS-006096,LEGITIMATE,0,LOW,NONE,LOW
MPLADS-006097,LEGITIMATE,0,LOW,NONE,LOW
MPLADS-006098,HIGH_VALUE_LEGITIMATE,0,MEDIUM,NONE,LOW
MPLADS-006099,LEGITIMATE,0,LOW,NONE,LOW
MPLADS-006100,LEGITIMATE,0,LOW,NONE,LOW
MPLADS-006101,LEGITIMATE,0,LOW,NONE,LOW
MPLADS-006102,ABANDONED_PROJECT,1,HIGH,ABANDONED_PROJECT,HIGH
MPLADS-006103,GHOST_WORK,1,CRITICAL,GHOST_WORK,URGENT
MPLADS-006104,LEGITIMATE,0,LOW,NONE,LOW
MPLADS-006105,LEGITIMATE,0,LOW,NONE,LOW
MPLADS-006106,LEGITIMATE,0,LOW,NONE,LOW
MPLADS-006107,DELAYED_PROJECT,1,MEDIUM,TIMELINE,LOW
MPLADS-006108,PAYMENT_PROGRESS_MISMATCH,1,CRITICAL,PROGRESS,URGENT
MPLADS-006109,LEGITIMATE,0,LOW,NONE,LOW
MPLADS-006110,HIGH_VALUE_LEGITIMATE,0,MEDIUM,NONE,LOW
MPLADS-006111,LEGITIMATE,0,LOW,NONE,LOW
MPLADS-006112,LEGITIMATE,0,LOW,NONE,LOW
MPLADS-006113,LEGITIMATE,0,LOW,NONE,LOW
MPLADS-006114,LEGITIMATE,0,LOW,NONE,LOW
MPLADS-006115,LEGITIMATE,0,LOW,NONE,LOW
MPLADS-006116,HIGH_VALUE_LEGITIMATE,0,MEDIUM,NONE,LOW
MPLADS-006117,LEGITIMATE,0,LOW,NONE,LOW
MPLADS-006118,HIGH_VALUE_LEGITIMATE,0,LOW,NONE,LOW
MPLADS-006119,HIGH_VALUE_LEGITIMATE,0,MEDIUM,NONE,LOW
MPLADS-006120,LEGITIMATE,0,LOW,NONE,LOW
MPLADS-006121,LEGITIMATE,0,LOW,NONE,LOW
MPLADS-006122,ABANDONED_PROJECT,1,HIGH,ABANDONED_PROJECT,HIGH
MPLADS-006123,LEGITIMATE,0,LOW,NONE,LOW
MPLADS-006124,LEGITIMATE,0,LOW,NONE,LOW
MPLADS-006125,LEGITIMATE,0,LOW,NONE,LOW
MPLADS-006126,HIGH_VALUE_LEGITIMATE,0,MEDIUM,NONE,LOW
MPLADS-006127,LEGITIMATE,0,LOW,NONE,LOW
MPLADS-006128,LEGITIMATE,0,LOW,NONE,LOW
MPLADS-006129,LEGITIMATE,0,LOW,NONE,LOW
MPLADS-006130,LEGITIMATE,0,LOW,NONE,LOW
MPLADS-006131,LEGITIMATE,0,LOW,NONE,LOW
MPLADS-006132,LEGITIMATE,0,LOW,NONE,LOW
MPLADS-006133,GHOST_WORK,1,CRITICAL,GHOST_WORK,URGENT
MPLADS-006134,LEGITIMATE,0,LOW,NONE,LOW
MPLADS-006135,LEGITIMATE,0,LOW,NONE,LOW
MPLADS-006136,LEGITIMATE,0,LOW,NONE,LOW
MPLADS-006137,LEGITIMATE,0,LOW,NONE,LOW
MPLADS-006138,GHOST_WORK,1,CRITICAL,GHOST_WORK,URGENT
MPLADS-006139,LEGITIMATE,0,LOW,NONE,LOW
MPLADS-006140,LEGITIMATE,0,LOW,NONE,LOW
MPLADS-006141,LEGITIMATE,0,LOW,NONE,LOW
MPLADS-006142,HIGH_VALUE_LEGITIMATE,0,LOW,NONE,LOW
MPLADS-006143,DELAYED_PROJECT,1,MEDIUM,TIMELINE,LOW
MPLADS-006144,LEGITIMATE,0,LOW,NONE,LOW
MPLADS-006145,LEGITIMATE,0,LOW,NONE,LOW
MPLADS-006146,DELAYED_PROJECT,1,MEDIUM,TIMELINE,LOW
MPLADS-006147,LEGITIMATE,0,LOW,NONE,LOW
MPLADS-006148,LEGITIMATE,0,LOW,NONE,LOW
MPLADS-006149,LEGITIMATE,0,LOW,NONE,LOW
MPLADS-006150,HIGH_VALUE_LEGITIMATE,0,LOW,NONE,LOW
MPLADS-006151,LEGITIMATE,0,LOW,NONE,LOW
MPLADS-006152,LEGITIMATE,0,LOW,NONE,LOW
MPLADS-006153,LEGITIMATE,0,LOW,NONE,LOW
MPLADS-006154,LEGITIMATE,0,LOW,NONE,LOW
MPLADS-006155,LEGITIMATE,0,LOW,NONE,LOW
MPLADS-006156,HIGH_VALUE_LEGITIMATE,0,MEDIUM,NONE,LOW
MPLADS-006157,LEGITIMATE,0,LOW,NONE,LOW
MPLADS-006158,COST_OVERRUN,1,HIGH,COST,HIGH
MPLADS-006159,PAYMENT_PROGRESS_MISMATCH,1,CRITICAL,PROGRESS,URGENT
MPLADS-006160,SUSPICIOUS_CONTRACTOR,1,HIGH,SUSPICIOUS_CONTRACTOR,HIGH
MPLADS-006161,LEGITIMATE,0,LOW,NONE,LOW
MPLADS-006162,COST_OVERRUN,1,HIGH,COST,HIGH
MPLADS-006163,HIGH_VALUE_LEGITIMATE,0,LOW,NONE,LOW
MPLADS-006164,LEGITIMATE,0,LOW,NONE,LOW
MPLADS-006165,LEGITIMATE,0,LOW,NONE,LOW
MPLADS-006166,LEGITIMATE,0,LOW,NONE,LOW
MPLADS-006167,LEGITIMATE,0,LOW,NONE,LOW
MPLADS-006168,HIGH_VALUE_LEGITIMATE,0,MEDIUM,NONE,LOW
MPLADS-006169,LEGITIMATE,0,LOW,NONE,LOW
MPLADS-006170,LEGITIMATE,0,LOW,NONE,LOW
MPLADS-006171,COST_OVERRUN,1,HIGH,COST,HIGH
MPLADS-006172,DUPLICATE_PROJECT,1,HIGH,DUPLICATE_PROJECT,HIGH
MPLADS-006173,LEGITIMATE,0,LOW,NONE,LOW
MPLADS-006174,HIGH_VALUE_LEGITIMATE,0,LOW,NONE,LOW
MPLADS-006175,LEGITIMATE,0,LOW,NONE,LOW
MPLADS-006176,LEGITIMATE,0,LOW,NONE,LOW
MPLADS-006177,COST_OVERRUN,1,HIGH,COST,HIGH
MPLADS-006178,LEGITIMATE,0,LOW,NONE,LOW
MPLADS-006179,LEGITIMATE,0,LOW,NONE,LOW
MPLADS-006180,HIGH_VALUE_LEGITIMATE,0,LOW,NONE,LOW
MPLADS-006181,LEGITIMATE,0,LOW,NONE,LOW
MPLADS-006182,LEGITIMATE,0,LOW,NONE,LOW
MPLADS-006183,LEGITIMATE,0,LOW,NONE,LOW
MPLADS-006184,HIGH_VALUE_LEGITIMATE,0,MEDIUM,NONE,LOW
MPLADS-006185,COST_OVERRUN,1,HIGH,COST,HIGH
MPLADS-006186,HIGH_VALUE_LEGITIMATE,0,LOW,NONE,LOW
MPLADS-006187,GHOST_WORK,1,CRITICAL,GHOST_WORK,URGENT
MPLADS-006188,LEGITIMATE,0,LOW,NONE,LOW
MPLADS-006189,LEGITIMATE,0,LOW,NONE,LOW
MPLADS-006190,DUPLICATE_PROJECT,1,HIGH,DUPLICATE_PROJECT,HIGH
MPLADS-006191,LEGITIMATE,0,LOW,NONE,LOW
MPLADS-006192,HIGH_VALUE_LEGITIMATE,0,MEDIUM,NONE,LOW
MPLADS-006193,LEGITIMATE,0,LOW,NONE,LOW
MPLADS-006194,HIGH_VALUE_LEGITIMATE,0,MEDIUM,NONE,LOW
MPLADS-006195,LEGITIMATE,0,LOW,NONE,LOW
MPLADS-006196,LEGITIMATE,0,LOW,NONE,LOW
MPLADS-006197,HIGH_VALUE_LEGITIMATE,0,MEDIUM,NONE,LOW
MPLADS-006198,LEGITIMATE,0,LOW,NONE,LOW
MPLADS-006199,LEGITIMATE,0,LOW,NONE,LOW
MPLADS-006200,HIGH_VALUE_LEGITIMATE,0,LOW,NONE,LOW
MPLADS-006201,DELAYED_PROJECT,1,MEDIUM,TIMELINE,LOW
MPLADS-006202,COST_OVERRUN,1,HIGH,COST,HIGH
MPLADS-006203,DOCUMENTATION_ANOMALY,1,HIGH,DOCUMENTATION,HIGH
MPLADS-006204,LEGITIMATE,0,LOW,NONE,LOW
MPLADS-006205,LEGITIMATE,0,LOW,NONE,LOW
MPLADS-006206,LEGITIMATE,0,LOW,NONE,LOW
MPLADS-006207,LEGITIMATE,0,LOW,NONE,LOW
MPLADS-006208,DUPLICATE_PROJECT,1,HIGH,DUPLICATE_PROJECT,HIGH
MPLADS-006209,HIGH_VALUE_LEGITIMATE,0,LOW,NONE,LOW
MPLADS-006210,LEGITIMATE,0,LOW,NONE,LOW
MPLADS-006211,LEGITIMATE,0,LOW,NONE,LOW
MPLADS-006212,LEGITIMATE,0,LOW,NONE,LOW
MPLADS-006213,LEGITIMATE,0,LOW,NONE,LOW
MPLADS-006214,PAYMENT_PROGRESS_MISMATCH,1,CRITICAL,PROGRESS,URGENT
MPLADS-006215,HIGH_VALUE_LEGITIMATE,0,LOW,NONE,LOW
MPLADS-006216,GHOST_WORK,1,CRITICAL,GHOST_WORK,URGENT
MPLADS-006217,LEGITIMATE,0,LOW,NONE,LOW
MPLADS-006218,LEGITIMATE,0,LOW,NONE,LOW
MPLADS-006219,LEGITIMATE,0,LOW,NONE,LOW
MPLADS-006220,COST_OVERRUN,1,HIGH,COST,HIGH
MPLADS-006221,LEGITIMATE,0,LOW,NONE,LOW
MPLADS-006222,LEGITIMATE,0,LOW,NONE,LOW
MPLADS-006223,LEGITIMATE,0,LOW,NONE,LOW
MPLADS-006224,GHOST_WORK,1,CRITICAL,GHOST_WORK,URGENT
MPLADS-006225,LEGITIMATE,0,LOW,NONE,LOW
MPLADS-006226,LEGITIMATE,0,LOW,NONE,LOW
MPLADS-006227,DELAYED_PROJECT,1,MEDIUM,TIMELINE,LOW
MPLADS-006228,LEGITIMATE,0,LOW,NONE,LOW
MPLADS-006229,LEGITIMATE,0,LOW,NONE,LOW
MPLADS-006230,HIGH_VALUE_LEGITIMATE,0,MEDIUM,NONE,LOW
MPLADS-006231,COST_OVERRUN,1,HIGH,COST,HIGH
MPLADS-006232,COST_OVERRUN,1,HIGH,COST,HIGH
MPLADS-006233,LEGITIMATE,0,LOW,NONE,LOW
MPLADS-006234,LEGITIMATE,0,LOW,NONE,LOW
MPLADS-006235,LEGITIMATE,0,LOW,NONE,LOW
MPLADS-006236,LEGITIMATE,0,LOW,NONE,LOW
MPLADS-006237,HIGH_VALUE_LEGITIMATE,0,MEDIUM,NONE,LOW
MPLADS-006238,PAYMENT_PROGRESS_MISMATCH,1,CRITICAL,PROGRESS,URGENT
MPLADS-006239,LEGITIMATE,0,LOW,NONE,LOW
MPLADS-006240,DOCUMENTATION_ANOMALY,1,HIGH,DOCUMENTATION,HIGH
MPLADS-006241,LEGITIMATE,0,LOW,NONE,LOW
MPLADS-006242,LEGITIMATE,0,LOW,NONE,LOW
MPLADS-006243,HIGH_VALUE_LEGITIMATE,0,MEDIUM,NONE,LOW
MPLADS-006244,LEGITIMATE,0,LOW,NONE,LOW
MPLADS-006245,LEGITIMATE,0,LOW,NONE,LOW
MPLADS-006246,LEGITIMATE,0,LOW,NONE,LOW
MPLADS-006247,LEGITIMATE,0,LOW,NONE,LOW
MPLADS-006248,HIGH_VALUE_LEGITIMATE,0,MEDIUM,NONE,LOW
MPLADS-006249,LEGITIMATE,0,LOW,NONE,LOW
MPLADS-006250,LEGITIMATE,0,LOW,NONE,LOW
MPLADS-006251,LEGITIMATE,0,LOW,NONE,LOW
MPLADS-006252,LEGITIMATE,0,LOW,NONE,LOW
MPLADS-006253,COST_OVERRUN,1,HIGH,COST,HIGH
MPLADS-006254,LEGITIMATE,0,LOW,NONE,LOW
MPLADS-006255,LEGITIMATE,0,LOW,NONE,LOW
MPLADS-006256,HIGH_VALUE_LEGITIMATE,0,LOW,NONE,LOW
MPLADS-006257,LEGITIMATE,0,LOW,NONE,LOW
MPLADS-006258,LEGITIMATE,0,LOW,NONE,LOW
MPLADS-006259,LEGITIMATE,0,LOW,NONE,LOW
MPLADS-006260,LEGITIMATE,0,LOW,NONE,LOW
MPLADS-006261,LEGITIMATE,0,LOW,NONE,LOW
MPLADS-006262,LEGITIMATE,0,LOW,NONE,LOW
MPLADS-006263,LEGITIMATE,0,LOW,NONE,LOW
MPLADS-006264,HIGH_VALUE_LEGITIMATE,0,MEDIUM,NONE,LOW
MPLADS-006265,LEGITIMATE,0,LOW,NONE,LOW
MPLADS-006266,HIGH_VALUE_LEGITIMATE,0,LOW,NONE,LOW
MPLADS-006267,PAYMENT_PROGRESS_MISMATCH,1,CRITICAL,PROGRESS,URGENT
MPLADS-006268,LEGITIMATE,0,LOW,NONE,LOW
MPLADS-006269,HIGH_VALUE_LEGITIMATE,0,LOW,NONE,LOW
MPLADS-006270,LEGITIMATE,0,LOW,NONE,LOW
MPLADS-006271,LEGITIMATE,0,LOW,NONE,LOW
MPLADS-006272,LEGITIMATE,0,LOW,NONE,LOW
MPLADS-006273,LEGITIMATE,0,LOW,NONE,LOW
MPLADS-006274,HIGH_VALUE_LEGITIMATE,0,MEDIUM,NONE,LOW
MPLADS-006275,DUPLICATE_PROJECT,1,HIGH,DUPLICATE_PROJECT,HIGH
MPLADS-006276,LEGITIMATE,0,LOW,NONE,LOW
MPLADS-006277,ABANDONED_PROJECT,1,HIGH,ABANDONED_PROJECT,HIGH
MPLADS-006278,HIGH_VALUE_LEGITIMATE,0,LOW,NONE,LOW
MPLADS-006279,LEGITIMATE,0,LOW,NONE,LOW
MPLADS-006280,LEGITIMATE,0,LOW,NONE,LOW
MPLADS-006281,LEGITIMATE,0,LOW,NONE,LOW
MPLADS-006282,COST_OVERRUN,1,HIGH,COST,HIGH
MPLADS-006283,GHOST_WORK,1,CRITICAL,GHOST_WORK,URGENT
MPLADS-006284,LEGITIMATE,0,LOW,NONE,LOW
MPLADS-006285,LEGITIMATE,0,LOW,NONE,LOW
MPLADS-006286,LEGITIMATE,0,LOW,NONE,LOW
MPLADS-006287,LEGITIMATE,0,LOW,NONE,LOW
MPLADS-006288,LEGITIMATE,0,LOW,NONE,LOW
MPLADS-006289,LEGITIMATE,0,LOW,NONE,LOW
MPLADS-006290,LEGITIMATE,0,LOW,NONE,LOW
MPLADS-006291,LEGITIMATE,0,LOW,NONE,LOW
MPLADS-006292,LEGITIMATE,0,LOW,NONE,LOW
MPLADS-006293,LEGITIMATE,0,LOW,NONE,LOW
MPLADS-006294,LEGITIMATE,0,LOW,NONE,LOW
MPLADS-006295,LEGITIMATE,0,LOW,NONE,LOW
MPLADS-006296,HIGH_VALUE_LEGITIMATE,0,MEDIUM,NONE,LOW
MPLADS-006297,LEGITIMATE,0,LOW,NONE,LOW
MPLADS-006298,HIGH_VALUE_LEGITIMATE,0,MEDIUM,NONE,LOW
MPLADS-006299,LEGITIMATE,0,LOW,NONE,LOW
MPLADS-006300,LEGITIMATE,0,LOW,NONE,LOW
MPLADS-006301,LEGITIMATE,0,LOW,NONE,LOW
MPLADS-006302,PAYMENT_PROGRESS_MISMATCH,1,CRITICAL,PROGRESS,URGENT
MPLADS-006303,DELAYED_PROJECT,1,MEDIUM,TIMELINE,LOW
MPLADS-006304,LEGITIMATE,0,LOW,NONE,LOW
MPLADS-006305,LEGITIMATE,0,LOW,NONE,LOW
MPLADS-006306,LEGITIMATE,0,LOW,NONE,LOW
MPLADS-006307,LEGITIMATE,0,LOW,NONE,LOW
MPLADS-006308,DUPLICATE_PROJECT,1,HIGH,DUPLICATE_PROJECT,HIGH
MPLADS-006309,LEGITIMATE,0,LOW,NONE,LOW
MPLADS-006310,COST_OVERRUN,1,HIGH,COST,HIGH
MPLADS-006311,LEGITIMATE,0,LOW,NONE,LOW
MPLADS-006312,LEGITIMATE,0,LOW,NONE,LOW
MPLADS-006313,LEGITIMATE,0,LOW,NONE,LOW
MPLADS-006314,LEGITIMATE,0,LOW,NONE,LOW
MPLADS-006315,LEGITIMATE,0,LOW,NONE,LOW
MPLADS-006316,LEGITIMATE,0,LOW,NONE,LOW
MPLADS-006317,HIGH_VALUE_LEGITIMATE,0,LOW,NONE,LOW
MPLADS-006318,LEGITIMATE,0,LOW,NONE,LOW
MPLADS-006319,LEGITIMATE,0,LOW,NONE,LOW
MPLADS-006320,LEGITIMATE,0,LOW,NONE,LOW
MPLADS-006321,CONTRACTOR_MONOPOLY,1,HIGH,CONTRACTOR,HIGH
MPLADS-006322,LEGITIMATE,0,LOW,NONE,LOW
MPLADS-006323,HIGH_VALUE_LEGITIMATE,0,MEDIUM,NONE,LOW
MPLADS-006324,LEGITIMATE,0,LOW,NONE,LOW
MPLADS-006325,LEGITIMATE,0,LOW,NONE,LOW
MPLADS-006326,HIGH_VALUE_LEGITIMATE,0,LOW,NONE,LOW
MPLADS-006327,LEGITIMATE,0,LOW,NONE,LOW
MPLADS-006328,LEGITIMATE,0,LOW,NONE,LOW
MPLADS-006329,LEGITIMATE,0,LOW,NONE,LOW
MPLADS-006330,LEGITIMATE,0,LOW,NONE,LOW
MPLADS-006331,LEGITIMATE,0,LOW,NONE,LOW
MPLADS-006332,CONTRACTOR_MONOPOLY,1,HIGH,CONTRACTOR,HIGH
MPLADS-006333,LEGITIMATE,0,LOW,NONE,LOW
MPLADS-006334,LEGITIMATE,0,LOW,NONE,LOW
MPLADS-006335,COST_OVERRUN,1,HIGH,COST,HIGH
MPLADS-006336,GHOST_WORK,1,CRITICAL,GHOST_WORK,URGENT
MPLADS-006337,LEGITIMATE,0,LOW,NONE,LOW
MPLADS-006338,LEGITIMATE,0,LOW,NONE,LOW
MPLADS-006339,LEGITIMATE,0,LOW,NONE,LOW
MPLADS-006340,COST_OVERRUN,1,HIGH,COST,HIGH
MPLADS-006341,LEGITIMATE,0,LOW,NONE,LOW
MPLADS-006342,LEGITIMATE,0,LOW,NONE,LOW
MPLADS-006343,LEGITIMATE,0,LOW,NONE,LOW
MPLADS-006344,LEGITIMATE,0,LOW,NONE,LOW
MPLADS-006345,LEGITIMATE,0,LOW,NONE,LOW
MPLADS-006346,LEGITIMATE,0,LOW,NONE,LOW
MPLADS-006347,HIGH_VALUE_LEGITIMATE,0,LOW,NONE,LOW
MPLADS-006348,PAYMENT_PROGRESS_MISMATCH,1,CRITICAL,PROGRESS,URGENT
MPLADS-006349,DELAYED_PROJECT,1,MEDIUM,TIMELINE,LOW
MPLADS-006350,COST_OVERRUN,1,HIGH,COST,HIGH
MPLADS-006351,LEGITIMATE,0,LOW,NONE,LOW
MPLADS-006352,LEGITIMATE,0,LOW,NONE,LOW
MPLADS-006353,LEGITIMATE,0,LOW,NONE,LOW
MPLADS-006354,LEGITIMATE,0,LOW,NONE,LOW
MPLADS-006355,LEGITIMATE,0,LOW,NONE,LOW
MPLADS-006356,DOCUMENTATION_ANOMALY,1,HIGH,DOCUMENTATION,HIGH
MPLADS-006357,LEGITIMATE,0,LOW,NONE,LOW
MPLADS-006358,LEGITIMATE,0,LOW,NONE,LOW
MPLADS-006359,HIGH_VALUE_LEGITIMATE,0,LOW,NONE,LOW
MPLADS-006360,LEGITIMATE,0,LOW,NONE,LOW
MPLADS-006361,DELAYED_PROJECT,1,MEDIUM,TIMELINE,LOW
MPLADS-006362,LEGITIMATE,0,LOW,NONE,LOW
MPLADS-006363,LEGITIMATE,0,LOW,NONE,LOW
MPLADS-006364,LEGITIMATE,0,LOW,NONE,LOW
MPLADS-006365,LEGITIMATE,0,LOW,NONE,LOW
MPLADS-006366,LEGITIMATE,0,LOW,NONE,LOW
MPLADS-006367,LEGITIMATE,0,LOW,NONE,LOW
MPLADS-006368,LEGITIMATE,0,LOW,NONE,LOW
MPLADS-006369,LEGITIMATE,0,LOW,NONE,LOW
MPLADS-006370,LEGITIMATE,0,LOW,NONE,LOW
MPLADS-006371,LEGITIMATE,0,LOW,NONE,LOW
MPLADS-006372,ABANDONED_PROJECT,1,HIGH,ABANDONED_PROJECT,HIGH
MPLADS-006373,LEGITIMATE,0,LOW,NONE,LOW
MPLADS-006374,LEGITIMATE,0,LOW,NONE,LOW
MPLADS-006375,LEGITIMATE,0,LOW,NONE,LOW
MPLADS-006376,LEGITIMATE,0,LOW,NONE,LOW
MPLADS-006377,LEGITIMATE,0,LOW,NONE,LOW
MPLADS-006378,LEGITIMATE,0,LOW,NONE,LOW
MPLADS-006379,COST_OVERRUN,1,HIGH,COST,HIGH
MPLADS-006380,LEGITIMATE,0,LOW,NONE,LOW
MPLADS-006381,HIGH_VALUE_LEGITIMATE,0,MEDIUM,NONE,LOW
MPLADS-006382,LEGITIMATE,0,LOW,NONE,LOW
MPLADS-006383,LEGITIMATE,0,LOW,NONE,LOW
MPLADS-006384,LEGITIMATE,0,LOW,NONE,LOW
MPLADS-006385,HIGH_VALUE_LEGITIMATE,0,LOW,NONE,LOW
MPLADS-006386,DUPLICATE_PROJECT,1,HIGH,DUPLICATE_PROJECT,HIGH
MPLADS-006387,PAYMENT_PROGRESS_MISMATCH,1,CRITICAL,PROGRESS,URGENT
MPLADS-006388,HIGH_VALUE_LEGITIMATE,0,LOW,NONE,LOW
MPLADS-006389,LEGITIMATE,0,LOW,NONE,LOW
MPLADS-006390,HIGH_VALUE_LEGITIMATE,0,MEDIUM,NONE,LOW
MPLADS-006391,LEGITIMATE,0,LOW,NONE,LOW
MPLADS-006392,LEGITIMATE,0,LOW,NONE,LOW
MPLADS-006393,HIGH_VALUE_LEGITIMATE,0,MEDIUM,NONE,LOW
MPLADS-006394,LEGITIMATE,0,LOW,NONE,LOW
MPLADS-006395,LEGITIMATE,0,LOW,NONE,LOW
MPLADS-006396,LEGITIMATE,0,LOW,NONE,LOW
MPLADS-006397,LEGITIMATE,0,LOW,NONE,LOW
MPLADS-006398,HIGH_VALUE_LEGITIMATE,0,LOW,NONE,LOW
MPLADS-006399,DELAYED_PROJECT,1,MEDIUM,TIMELINE,LOW
MPLADS-006400,LEGITIMATE,0,LOW,NONE,LOW
MPLADS-006401,LEGITIMATE,0,LOW,NONE,LOW
MPLADS-006402,HIGH_VALUE_LEGITIMATE,0,LOW,NONE,LOW
MPLADS-006403,LEGITIMATE,0,LOW,NONE,LOW
MPLADS-006404,GHOST_WORK,1,CRITICAL,GHOST_WORK,URGENT
MPLADS-006405,CONTRACTOR_MONOPOLY,1,HIGH,CONTRACTOR,HIGH
MPLADS-006406,DELAYED_PROJECT,1,MEDIUM,TIMELINE,LOW
MPLADS-006407,GHOST_WORK,1,CRITICAL,GHOST_WORK,URGENT
MPLADS-006408,LEGITIMATE,0,LOW,NONE,LOW
MPLADS-006409,LEGITIMATE,0,LOW,NONE,LOW
MPLADS-006410,LEGITIMATE,0,LOW,NONE,LOW
MPLADS-006411,LEGITIMATE,0,LOW,NONE,LOW
MPLADS-006412,LEGITIMATE,0,LOW,NONE,LOW
MPLADS-006413,PAYMENT_PROGRESS_MISMATCH,1,CRITICAL,PROGRESS,URGENT
MPLADS-006414,LEGITIMATE,0,LOW,NONE,LOW
MPLADS-006415,LEGITIMATE,0,LOW,NONE,LOW
MPLADS-006416,GHOST_WORK,1,CRITICAL,GHOST_WORK,URGENT
MPLADS-006417,ABANDONED_PROJECT,1,HIGH,ABANDONED_PROJECT,HIGH
MPLADS-006418,LEGITIMATE,0,LOW,NONE,LOW
MPLADS-006419,HIGH_VALUE_LEGITIMATE,0,LOW,NONE,LOW
MPLADS-006420,LEGITIMATE,0,LOW,NONE,LOW
MPLADS-006421,LEGITIMATE,0,LOW,NONE,LOW
MPLADS-006422,LEGITIMATE,0,LOW,NONE,LOW
MPLADS-006423,COST_OVERRUN,1,HIGH,COST,HIGH
MPLADS-006424,DUPLICATE_PROJECT,1,HIGH,DUPLICATE_PROJECT,HIGH
MPLADS-006425,LEGITIMATE,0,LOW,NONE,LOW
MPLADS-006426,LEGITIMATE,0,LOW,NONE,LOW
MPLADS-006427,COST_OVERRUN,1,HIGH,COST,HIGH
MPLADS-006428,LEGITIMATE,0,LOW,NONE,LOW
MPLADS-006429,LEGITIMATE,0,LOW,NONE,LOW
MPLADS-006430,LEGITIMATE,0,LOW,NONE,LOW
MPLADS-006431,COST_OVERRUN,1,HIGH,COST,HIGH
MPLADS-006432,LEGITIMATE,0,LOW,NONE,LOW
MPLADS-006433,CONTRACTOR_MONOPOLY,1,HIGH,CONTRACTOR,HIGH
MPLADS-006434,LEGITIMATE,0,LOW,NONE,LOW
MPLADS-006435,LEGITIMATE,0,LOW,NONE,LOW
MPLADS-006436,PAYMENT_PROGRESS_MISMATCH,1,CRITICAL,PROGRESS,URGENT
MPLADS-006437,LEGITIMATE,0,LOW,NONE,LOW
MPLADS-006438,COST_OVERRUN,1,HIGH,COST,HIGH
MPLADS-006439,LEGITIMATE,0,LOW,NONE,LOW
MPLADS-006440,LEGITIMATE,0,LOW,NONE,LOW
MPLADS-006441,LEGITIMATE,0,LOW,NONE,LOW
MPLADS-006442,COST_OVERRUN,1,HIGH,COST,HIGH
MPLADS-006443,LEGITIMATE,0,LOW,NONE,LOW
MPLADS-006444,LEGITIMATE,0,LOW,NONE,LOW
MPLADS-006445,LEGITIMATE,0,LOW,NONE,LOW
MPLADS-006446,LEGITIMATE,0,LOW,NONE,LOW
MPLADS-006447,LEGITIMATE,0,LOW,NONE,LOW
MPLADS-006448,LEGITIMATE,0,LOW,NONE,LOW
MPLADS-006449,PAYMENT_PROGRESS_MISMATCH,1,CRITICAL,PROGRESS,URGENT
MPLADS-006450,LEGITIMATE,0,LOW,NONE,LOW
MPLADS-006451,LEGITIMATE,0,LOW,NONE,LOW
MPLADS-006452,LEGITIMATE,0,LOW,NONE,LOW
MPLADS-006453,LEGITIMATE,0,LOW,NONE,LOW
MPLADS-006454,LEGITIMATE,0,LOW,NONE,LOW
MPLADS-006455,LEGITIMATE,0,LOW,NONE,LOW
MPLADS-006456,LEGITIMATE,0,LOW,NONE,LOW
MPLADS-006457,HIGH_VALUE_LEGITIMATE,0,LOW,NONE,LOW
MPLADS-006458,LEGITIMATE,0,LOW,NONE,LOW
MPLADS-006459,LEGITIMATE,0,LOW,NONE,LOW
MPLADS-006460,LEGITIMATE,0,LOW,NONE,LOW
MPLADS-006461,LEGITIMATE,0,LOW,NONE,LOW
MPLADS-006462,LEGITIMATE,0,LOW,NONE,LOW
MPLADS-006463,LEGITIMATE,0,LOW,NONE,LOW
MPLADS-006464,LEGITIMATE,0,LOW,NONE,LOW
MPLADS-006465,LEGITIMATE,0,LOW,NONE,LOW
MPLADS-006466,LEGITIMATE,0,LOW,NONE,LOW
MPLADS-006467,DUPLICATE_PROJECT,1,HIGH,DUPLICATE_PROJECT,HIGH
MPLADS-006468,HIGH_VALUE_LEGITIMATE,0,LOW,NONE,LOW
MPLADS-006469,DUPLICATE_PROJECT,1,HIGH,DUPLICATE_PROJECT,HIGH
MPLADS-006470,LEGITIMATE,0,LOW,NONE,LOW
MPLADS-006471,SUSPICIOUS_PROCUREMENT,1,HIGH,PROCUREMENT,HIGH
MPLADS-006472,LEGITIMATE,0,LOW,NONE,LOW
MPLADS-006473,DUPLICATE_PROJECT,1,HIGH,DUPLICATE_PROJECT,HIGH
MPLADS-006474,LEGITIMATE,0,LOW,NONE,LOW
MPLADS-006475,DELAYED_PROJECT,1,MEDIUM,TIMELINE,LOW
MPLADS-006476,LEGITIMATE,0,LOW,NONE,LOW
MPLADS-006477,LEGITIMATE,0,LOW,NONE,LOW
MPLADS-006478,LEGITIMATE,0,LOW,NONE,LOW
MPLADS-006479,LEGITIMATE,0,LOW,NONE,LOW
MPLADS-006480,LEGITIMATE,0,LOW,NONE,LOW
MPLADS-006481,LEGITIMATE,0,LOW,NONE,LOW
MPLADS-006482,LEGITIMATE,0,LOW,NONE,LOW
MPLADS-006483,LEGITIMATE,0,LOW,NONE,LOW
MPLADS-006484,HIGH_VALUE_LEGITIMATE,0,MEDIUM,NONE,LOW
MPLADS-006485,HIGH_VALUE_LEGITIMATE,0,MEDIUM,NONE,LOW
MPLADS-006486,LEGITIMATE,0,LOW,NONE,LOW
MPLADS-006487,LEGITIMATE,0,LOW,NONE,LOW
MPLADS-006488,COST_OVERRUN,1,HIGH,COST,HIGH
MPLADS-006489,LEGITIMATE,0,LOW,NONE,LOW
MPLADS-006490,LEGITIMATE,0,LOW,NONE,LOW
MPLADS-006491,LEGITIMATE,0,LOW,NONE,LOW
MPLADS-006492,LEGITIMATE,0,LOW,NONE,LOW
MPLADS-006493,LEGITIMATE,0,LOW,NONE,LOW
MPLADS-006494,COST_OVERRUN,1,HIGH,COST,HIGH
MPLADS-006495,LEGITIMATE,0,LOW,NONE,LOW
MPLADS-006496,PAYMENT_PROGRESS_MISMATCH,1,CRITICAL,PROGRESS,URGENT
MPLADS-006497,LEGITIMATE,0,LOW,NONE,LOW
MPLADS-006498,HIGH_VALUE_LEGITIMATE,0,MEDIUM,NONE,LOW
MPLADS-006499,LEGITIMATE,0,LOW,NONE,LOW
MPLADS-006500,SUSPICIOUS_CONTRACTOR,1,HIGH,SUSPICIOUS_CONTRACTOR,HIGH
MPLADS-006501,GHOST_WORK,1,CRITICAL,GHOST_WORK,URGENT
MPLADS-006502,LEGITIMATE,0,LOW,NONE,LOW
MPLADS-006503,DELAYED_PROJECT,1,MEDIUM,TIMELINE,LOW
MPLADS-006504,LEGITIMATE,0,LOW,NONE,LOW
MPLADS-006505,LEGITIMATE,0,LOW,NONE,LOW
MPLADS-006506,DELAYED_PROJECT,1,MEDIUM,TIMELINE,LOW
MPLADS-006507,LEGITIMATE,0,LOW,NONE,LOW
MPLADS-006508,LEGITIMATE,0,LOW,NONE,LOW
MPLADS-006509,DOCUMENTATION_ANOMALY,1,HIGH,DOCUMENTATION,HIGH
MPLADS-006510,LEGITIMATE,0,LOW,NONE,LOW
MPLADS-006511,LEGITIMATE,0,LOW,NONE,LOW
MPLADS-006512,LEGITIMATE,0,LOW,NONE,LOW
MPLADS-006513,HIGH_VALUE_LEGITIMATE,0,LOW,NONE,LOW
MPLADS-006514,LEGITIMATE,0,LOW,NONE,LOW
MPLADS-006515,LEGITIMATE,0,LOW,NONE,LOW
MPLADS-006516,HIGH_VALUE_LEGITIMATE,0,MEDIUM,NONE,LOW
MPLADS-006517,HIGH_VALUE_LEGITIMATE,0,LOW,NONE,LOW
MPLADS-006518,LEGITIMATE,0,LOW,NONE,LOW
MPLADS-006519,LEGITIMATE,0,LOW,NONE,LOW
MPLADS-006520,ABANDONED_PROJECT,1,HIGH,ABANDONED_PROJECT,HIGH
MPLADS-006521,HIGH_VALUE_LEGITIMATE,0,LOW,NONE,LOW
MPLADS-006522,LEGITIMATE,0,LOW,NONE,LOW
MPLADS-006523,LEGITIMATE,0,LOW,NONE,LOW
MPLADS-006524,LEGITIMATE,0,LOW,NONE,LOW
MPLADS-006525,LEGITIMATE,0,LOW,NONE,LOW
MPLADS-006526,HIGH_VALUE_LEGITIMATE,0,MEDIUM,NONE,LOW
MPLADS-006527,ABANDONED_PROJECT,1,HIGH,ABANDONED_PROJECT,HIGH
MPLADS-006528,LEGITIMATE,0,LOW,NONE,LOW
MPLADS-006529,LEGITIMATE,0,LOW,NONE,LOW
MPLADS-006530,DELAYED_PROJECT,1,MEDIUM,TIMELINE,LOW
MPLADS-006531,LEGITIMATE,0,LOW,NONE,LOW
MPLADS-006532,HIGH_VALUE_LEGITIMATE,0,LOW,NONE,LOW
MPLADS-006533,LEGITIMATE,0,LOW,NONE,LOW
MPLADS-006534,HIGH_VALUE_LEGITIMATE,0,LOW,NONE,LOW
MPLADS-006535,LEGITIMATE,0,LOW,NONE,LOW
MPLADS-006536,DUPLICATE_PROJECT,1,HIGH,DUPLICATE_PROJECT,HIGH
MPLADS-006537,LEGITIMATE,0,LOW,NONE,LOW
MPLADS-006538,LEGITIMATE,0,LOW,NONE,LOW
MPLADS-006539,DUPLICATE_PROJECT,1,HIGH,DUPLICATE_PROJECT,HIGH
MPLADS-006540,HIGH_VALUE_LEGITIMATE,0,LOW,NONE,LOW
MPLADS-006541,DELAYED_PROJECT,1,MEDIUM,TIMELINE,LOW
MPLADS-006542,LEGITIMATE,0,LOW,NONE,LOW
MPLADS-006543,LEGITIMATE,0,LOW,NONE,LOW
MPLADS-006544,LEGITIMATE,0,LOW,NONE,LOW
MPLADS-006545,DUPLICATE_PROJECT,1,HIGH,DUPLICATE_PROJECT,HIGH
MPLADS-006546,LEGITIMATE,0,LOW,NONE,LOW
MPLADS-006547,SUSPICIOUS_CONTRACTOR,1,HIGH,SUSPICIOUS_CONTRACTOR,HIGH
MPLADS-006548,LEGITIMATE,0,LOW,NONE,LOW
MPLADS-006549,LEGITIMATE,0,LOW,NONE,LOW
MPLADS-006550,HIGH_VALUE_LEGITIMATE,0,MEDIUM,NONE,LOW
MPLADS-006551,LEGITIMATE,0,LOW,NONE,LOW
MPLADS-006552,ABANDONED_PROJECT,1,HIGH,ABANDONED_PROJECT,HIGH
MPLADS-006553,LEGITIMATE,0,LOW,NONE,LOW
MPLADS-006554,CONTRACTOR_MONOPOLY,1,HIGH,CONTRACTOR,HIGH
MPLADS-006555,LEGITIMATE,0,LOW,NONE,LOW
MPLADS-006556,LEGITIMATE,0,LOW,NONE,LOW
MPLADS-006557,LEGITIMATE,0,LOW,NONE,LOW
MPLADS-006558,COST_OVERRUN,1,HIGH,COST,HIGH
MPLADS-006559,LEGITIMATE,0,LOW,NONE,LOW
MPLADS-006560,LEGITIMATE,0,LOW,NONE,LOW
MPLADS-006561,HIGH_VALUE_LEGITIMATE,0,MEDIUM,NONE,LOW
MPLADS-006562,COST_OVERRUN,1,HIGH,COST,HIGH
MPLADS-006563,LEGITIMATE,0,LOW,NONE,LOW
MPLADS-006564,LEGITIMATE,0,LOW,NONE,LOW
MPLADS-006565,PAYMENT_PROGRESS_MISMATCH,1,CRITICAL,PROGRESS,URGENT
MPLADS-006566,LEGITIMATE,0,LOW,NONE,LOW
MPLADS-006567,LEGITIMATE,0,LOW,NONE,LOW
MPLADS-006568,DELAYED_PROJECT,1,MEDIUM,TIMELINE,LOW
MPLADS-006569,LEGITIMATE,0,LOW,NONE,LOW
MPLADS-006570,DELAYED_PROJECT,1,MEDIUM,TIMELINE,LOW
MPLADS-006571,LEGITIMATE,0,LOW,NONE,LOW
MPLADS-006572,LEGITIMATE,0,LOW,NONE,LOW
MPLADS-006573,HIGH_VALUE_LEGITIMATE,0,MEDIUM,NONE,LOW
MPLADS-006574,HIGH_VALUE_LEGITIMATE,0,MEDIUM,NONE,LOW
MPLADS-006575,LEGITIMATE,0,LOW,NONE,LOW
MPLADS-006576,DOCUMENTATION_ANOMALY,1,HIGH,DOCUMENTATION,HIGH
MPLADS-006577,LEGITIMATE,0,LOW,NONE,LOW
MPLADS-006578,LEGITIMATE,0,LOW,NONE,LOW
MPLADS-006579,LEGITIMATE,0,LOW,NONE,LOW
MPLADS-006580,LEGITIMATE,0,LOW,NONE,LOW
MPLADS-006581,LEGITIMATE,0,LOW,NONE,LOW
MPLADS-006582,CONTRACTOR_MONOPOLY,1,HIGH,CONTRACTOR,HIGH
MPLADS-006583,LEGITIMATE,0,LOW,NONE,LOW
MPLADS-006584,LEGITIMATE,0,LOW,NONE,LOW
MPLADS-006585,LEGITIMATE,0,LOW,NONE,LOW
MPLADS-006586,LEGITIMATE,0,LOW,NONE,LOW
MPLADS-006587,LEGITIMATE,0,LOW,NONE,LOW
MPLADS-006588,HIGH_VALUE_LEGITIMATE,0,LOW,NONE,LOW
MPLADS-006589,LEGITIMATE,0,LOW,NONE,LOW
MPLADS-006590,PAYMENT_PROGRESS_MISMATCH,1,CRITICAL,PROGRESS,URGENT
MPLADS-006591,LEGITIMATE,0,LOW,NONE,LOW
MPLADS-006592,LEGITIMATE,0,LOW,NONE,LOW
MPLADS-006593,LEGITIMATE,0,LOW,NONE,LOW
MPLADS-006594,ABANDONED_PROJECT,1,HIGH,ABANDONED_PROJECT,HIGH
MPLADS-006595,HIGH_VALUE_LEGITIMATE,0,LOW,NONE,LOW
MPLADS-006596,PAYMENT_PROGRESS_MISMATCH,1,CRITICAL,PROGRESS,URGENT
MPLADS-006597,HIGH_VALUE_LEGITIMATE,0,LOW,NONE,LOW
MPLADS-006598,HIGH_VALUE_LEGITIMATE,0,LOW,NONE,LOW
MPLADS-006599,LEGITIMATE,0,LOW,NONE,LOW
MPLADS-006600,LEGITIMATE,0,LOW,NONE,LOW
MPLADS-006601,LEGITIMATE,0,LOW,NONE,LOW
MPLADS-006602,LEGITIMATE,0,LOW,NONE,LOW
MPLADS-006603,HIGH_VALUE_LEGITIMATE,0,MEDIUM,NONE,LOW
MPLADS-006604,ABANDONED_PROJECT,1,HIGH,ABANDONED_PROJECT,HIGH
MPLADS-006605,PAYMENT_PROGRESS_MISMATCH,1,CRITICAL,PROGRESS,URGENT
MPLADS-006606,LEGITIMATE,0,LOW,NONE,LOW
MPLADS-006607,HIGH_VALUE_LEGITIMATE,0,LOW,NONE,LOW
MPLADS-006608,PAYMENT_PROGRESS_MISMATCH,1,CRITICAL,PROGRESS,URGENT
MPLADS-006609,LEGITIMATE,0,LOW,NONE,LOW
MPLADS-006610,LEGITIMATE,0,LOW,NONE,LOW
MPLADS-006611,DUPLICATE_PROJECT,1,HIGH,DUPLICATE_PROJECT,HIGH
MPLADS-006612,LEGITIMATE,0,LOW,NONE,LOW
MPLADS-006613,DELAYED_PROJECT,1,MEDIUM,TIMELINE,LOW
MPLADS-006614,LEGITIMATE,0,LOW,NONE,LOW
MPLADS-006615,LEGITIMATE,0,LOW,NONE,LOW
MPLADS-006616,LEGITIMATE,0,LOW,NONE,LOW
MPLADS-006617,LEGITIMATE,0,LOW,NONE,LOW
MPLADS-006618,HIGH_VALUE_LEGITIMATE,0,LOW,NONE,LOW
MPLADS-006619,LEGITIMATE,0,LOW,NONE,LOW
MPLADS-006620,COST_OVERRUN,1,HIGH,COST,HIGH
MPLADS-006621,LEGITIMATE,0,LOW,NONE,LOW
MPLADS-006622,DELAYED_PROJECT,1,MEDIUM,TIMELINE,LOW
MPLADS-006623,LEGITIMATE,0,LOW,NONE,LOW
MPLADS-006624,GHOST_WORK,1,CRITICAL,GHOST_WORK,URGENT
MPLADS-006625,LEGITIMATE,0,LOW,NONE,LOW
MPLADS-006626,LEGITIMATE,0,LOW,NONE,LOW
MPLADS-006627,LEGITIMATE,0,LOW,NONE,LOW
MPLADS-006628,HIGH_VALUE_LEGITIMATE,0,LOW,NONE,LOW
MPLADS-006629,HIGH_VALUE_LEGITIMATE,0,LOW,NONE,LOW
MPLADS-006630,COST_OVERRUN,1,HIGH,COST,HIGH
MPLADS-006631,LEGITIMATE,0,LOW,NONE,LOW
MPLADS-006632,PAYMENT_PROGRESS_MISMATCH,1,CRITICAL,PROGRESS,URGENT
MPLADS-006633,LEGITIMATE,0,LOW,NONE,LOW
MPLADS-006634,LEGITIMATE,0,LOW,NONE,LOW
MPLADS-006635,LEGITIMATE,0,LOW,NONE,LOW
MPLADS-006636,LEGITIMATE,0,LOW,NONE,LOW
MPLADS-006637,LEGITIMATE,0,LOW,NONE,LOW
MPLADS-006638,LEGITIMATE,0,LOW,NONE,LOW
MPLADS-006639,HIGH_VALUE_LEGITIMATE,0,MEDIUM,NONE,LOW
MPLADS-006640,LEGITIMATE,0,LOW,NONE,LOW
MPLADS-006641,LEGITIMATE,0,LOW,NONE,LOW
MPLADS-006642,LEGITIMATE,0,LOW,NONE,LOW
MPLADS-006643,LEGITIMATE,0,LOW,NONE,LOW
MPLADS-006644,LEGITIMATE,0,LOW,NONE,LOW
MPLADS-006645,LEGITIMATE,0,LOW,NONE,LOW
MPLADS-006646,SUSPICIOUS_PROCUREMENT,1,HIGH,PROCUREMENT,HIGH
MPLADS-006647,LEGITIMATE,0,LOW,NONE,LOW
MPLADS-006648,DUPLICATE_PROJECT,1,HIGH,DUPLICATE_PROJECT,HIGH
MPLADS-006649,LEGITIMATE,0,LOW,NONE,LOW
MPLADS-006650,LEGITIMATE,0,LOW,NONE,LOW
MPLADS-006651,SUSPICIOUS_CONTRACTOR,1,HIGH,SUSPICIOUS_CONTRACTOR,HIGH
MPLADS-006652,HIGH_VALUE_LEGITIMATE,0,LOW,NONE,LOW
MPLADS-006653,LEGITIMATE,0,LOW,NONE,LOW
MPLADS-006654,LEGITIMATE,0,LOW,NONE,LOW
MPLADS-006655,HIGH_VALUE_LEGITIMATE,0,MEDIUM,NONE,LOW
MPLADS-006656,LEGITIMATE,0,LOW,NONE,LOW
MPLADS-006657,HIGH_VALUE_LEGITIMATE,0,LOW,NONE,LOW
MPLADS-006658,LEGITIMATE,0,LOW,NONE,LOW
MPLADS-006659,COST_OVERRUN,1,HIGH,COST,HIGH
MPLADS-006660,LEGITIMATE,0,LOW,NONE,LOW
MPLADS-006661,GHOST_WORK,1,CRITICAL,GHOST_WORK,URGENT
MPLADS-006662,HIGH_VALUE_LEGITIMATE,0,LOW,NONE,LOW
MPLADS-006663,LEGITIMATE,0,LOW,NONE,LOW
MPLADS-006664,HIGH_VALUE_LEGITIMATE,0,MEDIUM,NONE,LOW
MPLADS-006665,LEGITIMATE,0,LOW,NONE,LOW
MPLADS-006666,LEGITIMATE,0,LOW,NONE,LOW
MPLADS-006667,LEGITIMATE,0,LOW,NONE,LOW
MPLADS-006668,COST_OVERRUN,1,HIGH,COST,HIGH
MPLADS-006669,LEGITIMATE,0,LOW,NONE,LOW
MPLADS-006670,LEGITIMATE,0,LOW,NONE,LOW
MPLADS-006671,LEGITIMATE,0,LOW,NONE,LOW
MPLADS-006672,COST_OVERRUN,1,HIGH,COST,HIGH
MPLADS-006673,HIGH_VALUE_LEGITIMATE,0,LOW,NONE,LOW
MPLADS-006674,LEGITIMATE,0,LOW,NONE,LOW
MPLADS-006675,LEGITIMATE,0,LOW,NONE,LOW
MPLADS-006676,LEGITIMATE,0,LOW,NONE,LOW
MPLADS-006677,LEGITIMATE,0,LOW,NONE,LOW
MPLADS-006678,HIGH_VALUE_LEGITIMATE,0,MEDIUM,NONE,LOW
MPLADS-006679,LEGITIMATE,0,LOW,NONE,LOW
MPLADS-006680,LEGITIMATE,0,LOW,NONE,LOW
MPLADS-006681,LEGITIMATE,0,LOW,NONE,LOW
MPLADS-006682,LEGITIMATE,0,LOW,NONE,LOW
MPLADS-006683,LEGITIMATE,0,LOW,NONE,LOW
MPLADS-006684,LEGITIMATE,0,LOW,NONE,LOW
MPLADS-006685,LEGITIMATE,0,LOW,NONE,LOW
MPLADS-006686,LEGITIMATE,0,LOW,NONE,LOW
MPLADS-006687,LEGITIMATE,0,LOW,NONE,LOW
MPLADS-006688,LEGITIMATE,0,LOW,NONE,LOW
MPLADS-006689,LEGITIMATE,0,LOW,NONE,LOW
MPLADS-006690,LEGITIMATE,0,LOW,NONE,LOW
MPLADS-006691,LEGITIMATE,0,LOW,NONE,LOW
MPLADS-006692,LEGITIMATE,0,LOW,NONE,LOW
MPLADS-006693,PAYMENT_PROGRESS_MISMATCH,1,CRITICAL,PROGRESS,URGENT
MPLADS-006694,LEGITIMATE,0,LOW,NONE,LOW
MPLADS-006695,LEGITIMATE,0,LOW,NONE,LOW
MPLADS-006696,LEGITIMATE,0,LOW,NONE,LOW
MPLADS-006697,LEGITIMATE,0,LOW,NONE,LOW
MPLADS-006698,LEGITIMATE,0,LOW,NONE,LOW
MPLADS-006699,GHOST_WORK,1,CRITICAL,GHOST_WORK,URGENT
MPLADS-006700,LEGITIMATE,0,LOW,NONE,LOW
MPLADS-006701,COST_OVERRUN,1,HIGH,COST,HIGH
MPLADS-006702,LEGITIMATE,0,LOW,NONE,LOW
MPLADS-006703,HIGH_VALUE_LEGITIMATE,0,LOW,NONE,LOW
MPLADS-006704,LEGITIMATE,0,LOW,NONE,LOW
MPLADS-006705,LEGITIMATE,0,LOW,NONE,LOW
MPLADS-006706,LEGITIMATE,0,LOW,NONE,LOW
MPLADS-006707,LEGITIMATE,0,LOW,NONE,LOW
MPLADS-006708,DELAYED_PROJECT,1,MEDIUM,TIMELINE,LOW
MPLADS-006709,LEGITIMATE,0,LOW,NONE,LOW
MPLADS-006710,LEGITIMATE,0,LOW,NONE,LOW
MPLADS-006711,LEGITIMATE,0,LOW,NONE,LOW
MPLADS-006712,COST_OVERRUN,1,HIGH,COST,HIGH
MPLADS-006713,LEGITIMATE,0,LOW,NONE,LOW
MPLADS-006714,SUSPICIOUS_CONTRACTOR,1,HIGH,SUSPICIOUS_CONTRACTOR,HIGH
MPLADS-006715,LEGITIMATE,0,LOW,NONE,LOW
MPLADS-006716,LEGITIMATE,0,LOW,NONE,LOW
MPLADS-006717,HIGH_VALUE_LEGITIMATE,0,LOW,NONE,LOW
MPLADS-006718,LEGITIMATE,0,LOW,NONE,LOW
MPLADS-006719,LEGITIMATE,0,LOW,NONE,LOW
MPLADS-006720,LEGITIMATE,0,LOW,NONE,LOW
MPLADS-006721,LEGITIMATE,0,LOW,NONE,LOW
MPLADS-006722,LEGITIMATE,0,LOW,NONE,LOW
MPLADS-006723,LEGITIMATE,0,LOW,NONE,LOW
MPLADS-006724,SUSPICIOUS_CONTRACTOR,1,HIGH,SUSPICIOUS_CONTRACTOR,HIGH
MPLADS-006725,LEGITIMATE,0,LOW,NONE,LOW
MPLADS-006726,LEGITIMATE,0,LOW,NONE,LOW
MPLADS-006727,LEGITIMATE,0,LOW,NONE,LOW
MPLADS-006728,LEGITIMATE,0,LOW,NONE,LOW
MPLADS-006729,LEGITIMATE,0,LOW,NONE,LOW
MPLADS-006730,SUSPICIOUS_PROCUREMENT,1,HIGH,PROCUREMENT,HIGH
MPLADS-006731,PAYMENT_PROGRESS_MISMATCH,1,CRITICAL,PROGRESS,URGENT
MPLADS-006732,ABANDONED_PROJECT,1,HIGH,ABANDONED_PROJECT,HIGH
MPLADS-006733,PAYMENT_PROGRESS_MISMATCH,1,CRITICAL,PROGRESS,URGENT
MPLADS-006734,GHOST_WORK,1,CRITICAL,GHOST_WORK,URGENT
MPLADS-006735,CONTRACTOR_MONOPOLY,1,HIGH,CONTRACTOR,HIGH
MPLADS-006736,DELAYED_PROJECT,1,MEDIUM,TIMELINE,LOW
MPLADS-006737,HIGH_VALUE_LEGITIMATE,0,MEDIUM,NONE,LOW
MPLADS-006738,LEGITIMATE,0,LOW,NONE,LOW
MPLADS-006739,LEGITIMATE,0,LOW,NONE,LOW
MPLADS-006740,LEGITIMATE,0,LOW,NONE,LOW
MPLADS-006741,HIGH_VALUE_LEGITIMATE,0,MEDIUM,NONE,LOW
MPLADS-006742,LEGITIMATE,0,LOW,NONE,LOW
MPLADS-006743,GHOST_WORK,1,CRITICAL,GHOST_WORK,URGENT
MPLADS-006744,DUPLICATE_PROJECT,1,HIGH,DUPLICATE_PROJECT,HIGH
MPLADS-006745,HIGH_VALUE_LEGITIMATE,0,MEDIUM,NONE,LOW
MPLADS-006746,LEGITIMATE,0,LOW,NONE,LOW
MPLADS-006747,LEGITIMATE,0,LOW,NONE,LOW
MPLADS-006748,LEGITIMATE,0,LOW,NONE,LOW
MPLADS-006749,LEGITIMATE,0,LOW,NONE,LOW
MPLADS-006750,LEGITIMATE,0,LOW,NONE,LOW
MPLADS-006751,LEGITIMATE,0,LOW,NONE,LOW
MPLADS-006752,LEGITIMATE,0,LOW,NONE,LOW
MPLADS-006753,LEGITIMATE,0,LOW,NONE,LOW
MPLADS-006754,LEGITIMATE,0,LOW,NONE,LOW
MPLADS-006755,LEGITIMATE,0,LOW,NONE,LOW
MPLADS-006756,COST_OVERRUN,1,HIGH,COST,HIGH
MPLADS-006757,HIGH_VALUE_LEGITIMATE,0,MEDIUM,NONE,LOW
MPLADS-006758,LEGITIMATE,0,LOW,NONE,LOW
MPLADS-006759,GHOST_WORK,1,CRITICAL,GHOST_WORK,URGENT
MPLADS-006760,LEGITIMATE,0,LOW,NONE,LOW
MPLADS-006761,HIGH_VALUE_LEGITIMATE,0,MEDIUM,NONE,LOW
MPLADS-006762,LEGITIMATE,0,LOW,NONE,LOW
MPLADS-006763,LEGITIMATE,0,LOW,NONE,LOW
MPLADS-006764,LEGITIMATE,0,LOW,NONE,LOW
MPLADS-006765,DUPLICATE_PROJECT,1,HIGH,DUPLICATE_PROJECT,HIGH
MPLADS-006766,LEGITIMATE,0,LOW,NONE,LOW
MPLADS-006767,LEGITIMATE,0,LOW,NONE,LOW
MPLADS-006768,LEGITIMATE,0,LOW,NONE,LOW
MPLADS-006769,SUSPICIOUS_PROCUREMENT,1,HIGH,PROCUREMENT,HIGH
MPLADS-006770,LEGITIMATE,0,LOW,NONE,LOW
MPLADS-006771,LEGITIMATE,0,LOW,NONE,LOW
MPLADS-006772,LEGITIMATE,0,LOW,NONE,LOW
MPLADS-006773,LEGITIMATE,0,LOW,NONE,LOW
MPLADS-006774,LEGITIMATE,0,LOW,NONE,LOW
MPLADS-006775,LEGITIMATE,0,LOW,NONE,LOW
MPLADS-006776,LEGITIMATE,0,LOW,NONE,LOW
MPLADS-006777,LEGITIMATE,0,LOW,NONE,LOW
MPLADS-006778,LEGITIMATE,0,LOW,NONE,LOW
MPLADS-006779,LEGITIMATE,0,LOW,NONE,LOW
MPLADS-006780,LEGITIMATE,0,LOW,NONE,LOW
MPLADS-006781,LEGITIMATE,0,LOW,NONE,LOW
MPLADS-006782,LEGITIMATE,0,LOW,NONE,LOW
MPLADS-006783,LEGITIMATE,0,LOW,NONE,LOW
MPLADS-006784,LEGITIMATE,0,LOW,NONE,LOW
MPLADS-006785,LEGITIMATE,0,LOW,NONE,LOW
MPLADS-006786,LEGITIMATE,0,LOW,NONE,LOW
MPLADS-006787,LEGITIMATE,0,LOW,NONE,LOW
MPLADS-006788,LEGITIMATE,0,LOW,NONE,LOW
MPLADS-006789,DUPLICATE_PROJECT,1,HIGH,DUPLICATE_PROJECT,HIGH
MPLADS-006790,LEGITIMATE,0,LOW,NONE,LOW
MPLADS-006791,LEGITIMATE,0,LOW,NONE,LOW
MPLADS-006792,SUSPICIOUS_CONTRACTOR,1,HIGH,SUSPICIOUS_CONTRACTOR,HIGH
MPLADS-006793,LEGITIMATE,0,LOW,NONE,LOW
MPLADS-006794,LEGITIMATE,0,LOW,NONE,LOW
MPLADS-006795,LEGITIMATE,0,LOW,NONE,LOW
MPLADS-006796,HIGH_VALUE_LEGITIMATE,0,LOW,NONE,LOW
MPLADS-006797,LEGITIMATE,0,LOW,NONE,LOW
MPLADS-006798,HIGH_VALUE_LEGITIMATE,0,MEDIUM,NONE,LOW
MPLADS-006799,DUPLICATE_PROJECT,1,HIGH,DUPLICATE_PROJECT,HIGH
MPLADS-006800,LEGITIMATE,0,LOW,NONE,LOW
MPLADS-006801,LEGITIMATE,0,LOW,NONE,LOW
MPLADS-006802,HIGH_VALUE_LEGITIMATE,0,MEDIUM,NONE,LOW
MPLADS-006803,COST_OVERRUN,1,HIGH,COST,HIGH
MPLADS-006804,LEGITIMATE,0,LOW,NONE,LOW
MPLADS-006805,LEGITIMATE,0,LOW,NONE,LOW
MPLADS-006806,LEGITIMATE,0,LOW,NONE,LOW
MPLADS-006807,HIGH_VALUE_LEGITIMATE,0,MEDIUM,NONE,LOW
MPLADS-006808,HIGH_VALUE_LEGITIMATE,0,MEDIUM,NONE,LOW
MPLADS-006809,LEGITIMATE,0,LOW,NONE,LOW
MPLADS-006810,LEGITIMATE,0,LOW,NONE,LOW
MPLADS-006811,SUSPICIOUS_CONTRACTOR,1,HIGH,SUSPICIOUS_CONTRACTOR,HIGH
MPLADS-006812,LEGITIMATE,0,LOW,NONE,LOW
MPLADS-006813,LEGITIMATE,0,LOW,NONE,LOW
MPLADS-006814,COST_OVERRUN,1,HIGH,COST,HIGH
MPLADS-006815,LEGITIMATE,0,LOW,NONE,LOW
MPLADS-006816,DELAYED_PROJECT,1,MEDIUM,TIMELINE,LOW
MPLADS-006817,LEGITIMATE,0,LOW,NONE,LOW
MPLADS-006818,LEGITIMATE,0,LOW,NONE,LOW
MPLADS-006819,HIGH_VALUE_LEGITIMATE,0,LOW,NONE,LOW
MPLADS-006820,LEGITIMATE,0,LOW,NONE,LOW
MPLADS-006821,LEGITIMATE,0,LOW,NONE,LOW
MPLADS-006822,LEGITIMATE,0,LOW,NONE,LOW
MPLADS-006823,LEGITIMATE,0,LOW,NONE,LOW
MPLADS-006824,LEGITIMATE,0,LOW,NONE,LOW
MPLADS-006825,LEGITIMATE,0,LOW,NONE,LOW
MPLADS-006826,LEGITIMATE,0,LOW,NONE,LOW
MPLADS-006827,LEGITIMATE,0,LOW,NONE,LOW
MPLADS-006828,LEGITIMATE,0,LOW,NONE,LOW
MPLADS-006829,COST_OVERRUN,1,HIGH,COST,HIGH
MPLADS-006830,PAYMENT_PROGRESS_MISMATCH,1,CRITICAL,PROGRESS,URGENT
MPLADS-006831,HIGH_VALUE_LEGITIMATE,0,LOW,NONE,LOW
MPLADS-006832,HIGH_VALUE_LEGITIMATE,0,MEDIUM,NONE,LOW
MPLADS-006833,LEGITIMATE,0,LOW,NONE,LOW
MPLADS-006834,LEGITIMATE,0,LOW,NONE,LOW
MPLADS-006835,COST_OVERRUN,1,HIGH,COST,HIGH
MPLADS-006836,LEGITIMATE,0,LOW,NONE,LOW
MPLADS-006837,DUPLICATE_PROJECT,1,HIGH,DUPLICATE_PROJECT,HIGH
MPLADS-006838,HIGH_VALUE_LEGITIMATE,0,MEDIUM,NONE,LOW
MPLADS-006839,GHOST_WORK,1,CRITICAL,GHOST_WORK,URGENT
MPLADS-006840,LEGITIMATE,0,LOW,NONE,LOW
MPLADS-006841,GHOST_WORK,1,CRITICAL,GHOST_WORK,URGENT
MPLADS-006842,LEGITIMATE,0,LOW,NONE,LOW
MPLADS-006843,LEGITIMATE,0,LOW,NONE,LOW
MPLADS-006844,LEGITIMATE,0,LOW,NONE,LOW
MPLADS-006845,HIGH_VALUE_LEGITIMATE,0,MEDIUM,NONE,LOW
MPLADS-006846,LEGITIMATE,0,LOW,NONE,LOW
MPLADS-006847,LEGITIMATE,0,LOW,NONE,LOW
MPLADS-006848,LEGITIMATE,0,LOW,NONE,LOW
MPLADS-006849,LEGITIMATE,0,LOW,NONE,LOW
MPLADS-006850,ABANDONED_PROJECT,1,HIGH,ABANDONED_PROJECT,HIGH
MPLADS-006851,PAYMENT_PROGRESS_MISMATCH,1,CRITICAL,PROGRESS,URGENT
MPLADS-006852,LEGITIMATE,0,LOW,NONE,LOW
MPLADS-006853,LEGITIMATE,0,LOW,NONE,LOW
MPLADS-006854,LEGITIMATE,0,LOW,NONE,LOW
MPLADS-006855,LEGITIMATE,0,LOW,NONE,LOW
MPLADS-006856,HIGH_VALUE_LEGITIMATE,0,MEDIUM,NONE,LOW
MPLADS-006857,LEGITIMATE,0,LOW,NONE,LOW
MPLADS-006858,LEGITIMATE,0,LOW,NONE,LOW
MPLADS-006859,LEGITIMATE,0,LOW,NONE,LOW
MPLADS-006860,PAYMENT_PROGRESS_MISMATCH,1,CRITICAL,PROGRESS,URGENT
MPLADS-006861,HIGH_VALUE_LEGITIMATE,0,LOW,NONE,LOW
MPLADS-006862,LEGITIMATE,0,LOW,NONE,LOW
MPLADS-006863,SUSPICIOUS_CONTRACTOR,1,HIGH,SUSPICIOUS_CONTRACTOR,HIGH
MPLADS-006864,COST_OVERRUN,1,HIGH,COST,HIGH
MPLADS-006865,LEGITIMATE,0,LOW,NONE,LOW
MPLADS-006866,SUSPICIOUS_CONTRACTOR,1,HIGH,SUSPICIOUS_CONTRACTOR,HIGH
MPLADS-006867,LEGITIMATE,0,LOW,NONE,LOW
MPLADS-006868,LEGITIMATE,0,LOW,NONE,LOW
MPLADS-006869,PAYMENT_PROGRESS_MISMATCH,1,CRITICAL,PROGRESS,URGENT
MPLADS-006870,ABANDONED_PROJECT,1,HIGH,ABANDONED_PROJECT,HIGH
MPLADS-006871,LEGITIMATE,0,LOW,NONE,LOW
MPLADS-006872,LEGITIMATE,0,LOW,NONE,LOW
MPLADS-006873,ABANDONED_PROJECT,1,HIGH,ABANDONED_PROJECT,HIGH
MPLADS-006874,DOCUMENTATION_ANOMALY,1,HIGH,DOCUMENTATION,HIGH
MPLADS-006875,DELAYED_PROJECT,1,MEDIUM,TIMELINE,LOW
MPLADS-006876,LEGITIMATE,0,LOW,NONE,LOW
MPLADS-006877,LEGITIMATE,0,LOW,NONE,LOW
MPLADS-006878,LEGITIMATE,0,LOW,NONE,LOW
MPLADS-006879,LEGITIMATE,0,LOW,NONE,LOW
MPLADS-006880,LEGITIMATE,0,LOW,NONE,LOW
MPLADS-006881,LEGITIMATE,0,LOW,NONE,LOW
MPLADS-006882,LEGITIMATE,0,LOW,NONE,LOW
MPLADS-006883,LEGITIMATE,0,LOW,NONE,LOW
MPLADS-006884,LEGITIMATE,0,LOW,NONE,LOW
MPLADS-006885,LEGITIMATE,0,LOW,NONE,LOW
MPLADS-006886,DUPLICATE_PROJECT,1,HIGH,DUPLICATE_PROJECT,HIGH
MPLADS-006887,LEGITIMATE,0,LOW,NONE,LOW
MPLADS-006888,LEGITIMATE,0,LOW,NONE,LOW
MPLADS-006889,LEGITIMATE,0,LOW,NONE,LOW
MPLADS-006890,HIGH_VALUE_LEGITIMATE,0,LOW,NONE,LOW
MPLADS-006891,LEGITIMATE,0,LOW,NONE,LOW
MPLADS-006892,COST_OVERRUN,1,HIGH,COST,HIGH
MPLADS-006893,DOCUMENTATION_ANOMALY,1,HIGH,DOCUMENTATION,HIGH
MPLADS-006894,LEGITIMATE,0,LOW,NONE,LOW
MPLADS-006895,LEGITIMATE,0,LOW,NONE,LOW
MPLADS-006896,LEGITIMATE,0,LOW,NONE,LOW
MPLADS-006897,HIGH_VALUE_LEGITIMATE,0,LOW,NONE,LOW
MPLADS-006898,HIGH_VALUE_LEGITIMATE,0,LOW,NONE,LOW
MPLADS-006899,LEGITIMATE,0,LOW,NONE,LOW
MPLADS-006900,LEGITIMATE,0,LOW,NONE,LOW
MPLADS-006901,LEGITIMATE,0,LOW,NONE,LOW
MPLADS-006902,LEGITIMATE,0,LOW,NONE,LOW
MPLADS-006903,LEGITIMATE,0,LOW,NONE,LOW
MPLADS-006904,LEGITIMATE,0,LOW,NONE,LOW
MPLADS-006905,GHOST_WORK,1,CRITICAL,GHOST_WORK,URGENT
MPLADS-006906,LEGITIMATE,0,LOW,NONE,LOW
MPLADS-006907,DOCUMENTATION_ANOMALY,1,HIGH,DOCUMENTATION,HIGH
MPLADS-006908,LEGITIMATE,0,LOW,NONE,LOW
MPLADS-006909,COST_OVERRUN,1,HIGH,COST,HIGH
MPLADS-006910,LEGITIMATE,0,LOW,NONE,LOW
MPLADS-006911,SUSPICIOUS_PROCUREMENT,1,HIGH,PROCUREMENT,HIGH
MPLADS-006912,LEGITIMATE,0,LOW,NONE,LOW
MPLADS-006913,DELAYED_PROJECT,1,MEDIUM,TIMELINE,LOW
MPLADS-006914,LEGITIMATE,0,LOW,NONE,LOW
MPLADS-006915,LEGITIMATE,0,LOW,NONE,LOW
MPLADS-006916,LEGITIMATE,0,LOW,NONE,LOW
MPLADS-006917,DELAYED_PROJECT,1,MEDIUM,TIMELINE,LOW
MPLADS-006918,LEGITIMATE,0,LOW,NONE,LOW
MPLADS-006919,LEGITIMATE,0,LOW,NONE,LOW
MPLADS-006920,LEGITIMATE,0,LOW,NONE,LOW
MPLADS-006921,LEGITIMATE,0,LOW,NONE,LOW
MPLADS-006922,LEGITIMATE,0,LOW,NONE,LOW
MPLADS-006923,LEGITIMATE,0,LOW,NONE,LOW
MPLADS-006924,LEGITIMATE,0,LOW,NONE,LOW
MPLADS-006925,LEGITIMATE,0,LOW,NONE,LOW
MPLADS-006926,LEGITIMATE,0,LOW,NONE,LOW
MPLADS-006927,LEGITIMATE,0,LOW,NONE,LOW
MPLADS-006928,LEGITIMATE,0,LOW,NONE,LOW
MPLADS-006929,LEGITIMATE,0,LOW,NONE,LOW
MPLADS-006930,LEGITIMATE,0,LOW,NONE,LOW
MPLADS-006931,SUSPICIOUS_CONTRACTOR,1,HIGH,SUSPICIOUS_CONTRACTOR,HIGH
MPLADS-006932,LEGITIMATE,0,LOW,NONE,LOW
MPLADS-006933,LEGITIMATE,0,LOW,NONE,LOW
MPLADS-006934,GHOST_WORK,1,CRITICAL,GHOST_WORK,URGENT
MPLADS-006935,LEGITIMATE,0,LOW,NONE,LOW
MPLADS-006936,LEGITIMATE,0,LOW,NONE,LOW
MPLADS-006937,LEGITIMATE,0,LOW,NONE,LOW
MPLADS-006938,HIGH_VALUE_LEGITIMATE,0,MEDIUM,NONE,LOW
MPLADS-006939,DELAYED_PROJECT,1,MEDIUM,TIMELINE,LOW
MPLADS-006940,LEGITIMATE,0,LOW,NONE,LOW
MPLADS-006941,LEGITIMATE,0,LOW,NONE,LOW
MPLADS-006942,HIGH_VALUE_LEGITIMATE,0,LOW,NONE,LOW
MPLADS-006943,LEGITIMATE,0,LOW,NONE,LOW
MPLADS-006944,LEGITIMATE,0,LOW,NONE,LOW
MPLADS-006945,LEGITIMATE,0,LOW,NONE,LOW
MPLADS-006946,HIGH_VALUE_LEGITIMATE,0,LOW,NONE,LOW
MPLADS-006947,PAYMENT_PROGRESS_MISMATCH,1,CRITICAL,PROGRESS,URGENT
MPLADS-006948,COST_OVERRUN,1,HIGH,COST,HIGH
MPLADS-006949,LEGITIMATE,0,LOW,NONE,LOW
MPLADS-006950,LEGITIMATE,0,LOW,NONE,LOW
MPLADS-006951,LEGITIMATE,0,LOW,NONE,LOW
MPLADS-006952,LEGITIMATE,0,LOW,NONE,LOW
MPLADS-006953,LEGITIMATE,0,LOW,NONE,LOW
MPLADS-006954,LEGITIMATE,0,LOW,NONE,LOW
MPLADS-006955,LEGITIMATE,0,LOW,NONE,LOW
MPLADS-006956,LEGITIMATE,0,LOW,NONE,LOW
MPLADS-006957,HIGH_VALUE_LEGITIMATE,0,MEDIUM,NONE,LOW
MPLADS-006958,LEGITIMATE,0,LOW,NONE,LOW
MPLADS-006959,LEGITIMATE,0,LOW,NONE,LOW
MPLADS-006960,LEGITIMATE,0,LOW,NONE,LOW
MPLADS-006961,CONTRACTOR_MONOPOLY,1,HIGH,CONTRACTOR,HIGH
MPLADS-006962,LEGITIMATE,0,LOW,NONE,LOW
MPLADS-006963,LEGITIMATE,0,LOW,NONE,LOW
MPLADS-006964,LEGITIMATE,0,LOW,NONE,LOW
MPLADS-006965,LEGITIMATE,0,LOW,NONE,LOW
MPLADS-006966,LEGITIMATE,0,LOW,NONE,LOW
MPLADS-006967,HIGH_VALUE_LEGITIMATE,0,MEDIUM,NONE,LOW
MPLADS-006968,LEGITIMATE,0,LOW,NONE,LOW
MPLADS-006969,GHOST_WORK,1,CRITICAL,GHOST_WORK,URGENT
MPLADS-006970,DELAYED_PROJECT,1,MEDIUM,TIMELINE,LOW
MPLADS-006971,LEGITIMATE,0,LOW,NONE,LOW
MPLADS-006972,LEGITIMATE,0,LOW,NONE,LOW
MPLADS-006973,HIGH_VALUE_LEGITIMATE,0,MEDIUM,NONE,LOW
MPLADS-006974,LEGITIMATE,0,LOW,NONE,LOW
MPLADS-006975,LEGITIMATE,0,LOW,NONE,LOW
MPLADS-006976,LEGITIMATE,0,LOW,NONE,LOW
MPLADS-006977,COST_OVERRUN,1,HIGH,COST,HIGH
MPLADS-006978,LEGITIMATE,0,LOW,NONE,LOW
MPLADS-006979,PAYMENT_PROGRESS_MISMATCH,1,CRITICAL,PROGRESS,URGENT
MPLADS-006980,LEGITIMATE,0,LOW,NONE,LOW
MPLADS-006981,ABANDONED_PROJECT,1,HIGH,ABANDONED_PROJECT,HIGH
MPLADS-006982,HIGH_VALUE_LEGITIMATE,0,LOW,NONE,LOW
MPLADS-006983,LEGITIMATE,0,LOW,NONE,LOW
MPLADS-006984,LEGITIMATE,0,LOW,NONE,LOW
MPLADS-006985,LEGITIMATE,0,LOW,NONE,LOW
MPLADS-006986,LEGITIMATE,0,LOW,NONE,LOW
MPLADS-006987,LEGITIMATE,0,LOW,NONE,LOW
MPLADS-006988,HIGH_VALUE_LEGITIMATE,0,LOW,NONE,LOW
MPLADS-006989,LEGITIMATE,0,LOW,NONE,LOW
MPLADS-006990,LEGITIMATE,0,LOW,NONE,LOW
MPLADS-006991,LEGITIMATE,0,LOW,NONE,LOW
MPLADS-006992,LEGITIMATE,0,LOW,NONE,LOW
MPLADS-006993,LEGITIMATE,0,LOW,NONE,LOW
MPLADS-006994,GHOST_WORK,1,CRITICAL,GHOST_WORK,URGENT
MPLADS-006995,DELAYED_PROJECT,1,MEDIUM,TIMELINE,LOW
MPLADS-006996,HIGH_VALUE_LEGITIMATE,0,LOW,NONE,LOW
MPLADS-006997,LEGITIMATE,0,LOW,NONE,LOW
MPLADS-006998,LEGITIMATE,0,LOW,NONE,LOW
MPLADS-006999,LEGITIMATE,0,LOW,NONE,LOW
MPLADS-007000,LEGITIMATE,0,LOW,NONE,LOW
MPLADS-007001,LEGITIMATE,0,LOW,NONE,LOW
MPLADS-007002,LEGITIMATE,0,LOW,NONE,LOW
MPLADS-007003,HIGH_VALUE_LEGITIMATE,0,LOW,NONE,LOW
MPLADS-007004,LEGITIMATE,0,LOW,NONE,LOW
MPLADS-007005,LEGITIMATE,0,LOW,NONE,LOW
MPLADS-007006,LEGITIMATE,0,LOW,NONE,LOW
MPLADS-007007,LEGITIMATE,0,LOW,NONE,LOW
MPLADS-007008,HIGH_VALUE_LEGITIMATE,0,LOW,NONE,LOW
MPLADS-007009,LEGITIMATE,0,LOW,NONE,LOW
MPLADS-007010,LEGITIMATE,0,LOW,NONE,LOW
MPLADS-007011,LEGITIMATE,0,LOW,NONE,LOW
MPLADS-007012,PAYMENT_PROGRESS_MISMATCH,1,CRITICAL,PROGRESS,URGENT
MPLADS-007013,LEGITIMATE,0,LOW,NONE,LOW
MPLADS-007014,LEGITIMATE,0,LOW,NONE,LOW
MPLADS-007015,LEGITIMATE,0,LOW,NONE,LOW
MPLADS-007016,COST_OVERRUN,1,HIGH,COST,HIGH
MPLADS-007017,LEGITIMATE,0,LOW,NONE,LOW
MPLADS-007018,LEGITIMATE,0,LOW,NONE,LOW
MPLADS-007019,LEGITIMATE,0,LOW,NONE,LOW
MPLADS-007020,LEGITIMATE,0,LOW,NONE,LOW
MPLADS-007021,LEGITIMATE,0,LOW,NONE,LOW
MPLADS-007022,LEGITIMATE,0,LOW,NONE,LOW
MPLADS-007023,PAYMENT_PROGRESS_MISMATCH,1,CRITICAL,PROGRESS,URGENT
MPLADS-007024,COST_OVERRUN,1,HIGH,COST,HIGH
MPLADS-007025,PAYMENT_PROGRESS_MISMATCH,1,CRITICAL,PROGRESS,URGENT
MPLADS-007026,LEGITIMATE,0,LOW,NONE,LOW
MPLADS-007027,LEGITIMATE,0,LOW,NONE,LOW
MPLADS-007028,LEGITIMATE,0,LOW,NONE,LOW
MPLADS-007029,LEGITIMATE,0,LOW,NONE,LOW
MPLADS-007030,LEGITIMATE,0,LOW,NONE,LOW
MPLADS-007031,HIGH_VALUE_LEGITIMATE,0,LOW,NONE,LOW
MPLADS-007032,COST_OVERRUN,1,HIGH,COST,HIGH
MPLADS-007033,LEGITIMATE,0,LOW,NONE,LOW
MPLADS-007034,SUSPICIOUS_CONTRACTOR,1,HIGH,SUSPICIOUS_CONTRACTOR,HIGH
MPLADS-007035,CONTRACTOR_MONOPOLY,1,HIGH,CONTRACTOR,HIGH
MPLADS-007036,LEGITIMATE,0,LOW,NONE,LOW
MPLADS-007037,HIGH_VALUE_LEGITIMATE,0,LOW,NONE,LOW
MPLADS-007038,LEGITIMATE,0,LOW,NONE,LOW
MPLADS-007039,LEGITIMATE,0,LOW,NONE,LOW
MPLADS-007040,HIGH_VALUE_LEGITIMATE,0,MEDIUM,NONE,LOW
MPLADS-007041,LEGITIMATE,0,LOW,NONE,LOW
MPLADS-007042,LEGITIMATE,0,LOW,NONE,LOW
MPLADS-007043,LEGITIMATE,0,LOW,NONE,LOW
MPLADS-007044,LEGITIMATE,0,LOW,NONE,LOW
MPLADS-007045,LEGITIMATE,0,LOW,NONE,LOW
MPLADS-007046,LEGITIMATE,0,LOW,NONE,LOW
MPLADS-007047,LEGITIMATE,0,LOW,NONE,LOW
MPLADS-007048,HIGH_VALUE_LEGITIMATE,0,MEDIUM,NONE,LOW
MPLADS-007049,LEGITIMATE,0,LOW,NONE,LOW
MPLADS-007050,LEGITIMATE,0,LOW,NONE,LOW
MPLADS-007051,LEGITIMATE,0,LOW,NONE,LOW
MPLADS-007052,PAYMENT_PROGRESS_MISMATCH,1,CRITICAL,PROGRESS,URGENT
MPLADS-007053,HIGH_VALUE_LEGITIMATE,0,LOW,NONE,LOW
MPLADS-007054,LEGITIMATE,0,LOW,NONE,LOW
MPLADS-007055,LEGITIMATE,0,LOW,NONE,LOW
MPLADS-007056,LEGITIMATE,0,LOW,NONE,LOW
MPLADS-007057,LEGITIMATE,0,LOW,NONE,LOW
MPLADS-007058,HIGH_VALUE_LEGITIMATE,0,MEDIUM,NONE,LOW
MPLADS-007059,LEGITIMATE,0,LOW,NONE,LOW
MPLADS-007060,LEGITIMATE,0,LOW,NONE,LOW
MPLADS-007061,LEGITIMATE,0,LOW,NONE,LOW
MPLADS-007062,LEGITIMATE,0,LOW,NONE,LOW
MPLADS-007063,HIGH_VALUE_LEGITIMATE,0,MEDIUM,NONE,LOW
MPLADS-007064,DUPLICATE_PROJECT,1,HIGH,DUPLICATE_PROJECT,HIGH
MPLADS-007065,HIGH_VALUE_LEGITIMATE,0,MEDIUM,NONE,LOW
MPLADS-007066,LEGITIMATE,0,LOW,NONE,LOW
MPLADS-007067,LEGITIMATE,0,LOW,NONE,LOW
MPLADS-007068,LEGITIMATE,0,LOW,NONE,LOW
MPLADS-007069,LEGITIMATE,0,LOW,NONE,LOW
MPLADS-007070,COST_OVERRUN,1,HIGH,COST,HIGH
MPLADS-007071,HIGH_VALUE_LEGITIMATE,0,MEDIUM,NONE,LOW
MPLADS-007072,DUPLICATE_PROJECT,1,HIGH,DUPLICATE_PROJECT,HIGH
MPLADS-007073,LEGITIMATE,0,LOW,NONE,LOW
MPLADS-007074,HIGH_VALUE_LEGITIMATE,0,LOW,NONE,LOW
MPLADS-007075,LEGITIMATE,0,LOW,NONE,LOW
MPLADS-007076,LEGITIMATE,0,LOW,NONE,LOW
MPLADS-007077,SUSPICIOUS_PROCUREMENT,1,HIGH,PROCUREMENT,HIGH
MPLADS-007078,LEGITIMATE,0,LOW,NONE,LOW
MPLADS-007079,LEGITIMATE,0,LOW,NONE,LOW
MPLADS-007080,LEGITIMATE,0,LOW,NONE,LOW
MPLADS-007081,LEGITIMATE,0,LOW,NONE,LOW
MPLADS-007082,LEGITIMATE,0,LOW,NONE,LOW
MPLADS-007083,LEGITIMATE,0,LOW,NONE,LOW
MPLADS-007084,COST_OVERRUN,1,HIGH,COST,HIGH
MPLADS-007085,SUSPICIOUS_CONTRACTOR,1,HIGH,SUSPICIOUS_CONTRACTOR,HIGH
MPLADS-007086,LEGITIMATE,0,LOW,NONE,LOW
MPLADS-007087,SUSPICIOUS_CONTRACTOR,1,HIGH,SUSPICIOUS_CONTRACTOR,HIGH
MPLADS-007088,PAYMENT_PROGRESS_MISMATCH,1,CRITICAL,PROGRESS,URGENT
MPLADS-007089,LEGITIMATE,0,LOW,NONE,LOW
MPLADS-007090,LEGITIMATE,0,LOW,NONE,LOW
MPLADS-007091,HIGH_VALUE_LEGITIMATE,0,LOW,NONE,LOW
MPLADS-007092,LEGITIMATE,0,LOW,NONE,LOW
MPLADS-007093,PAYMENT_PROGRESS_MISMATCH,1,CRITICAL,PROGRESS,URGENT
MPLADS-007094,SUSPICIOUS_CONTRACTOR,1,HIGH,SUSPICIOUS_CONTRACTOR,HIGH
MPLADS-007095,SUSPICIOUS_CONTRACTOR,1,HIGH,SUSPICIOUS_CONTRACTOR,HIGH
MPLADS-007096,LEGITIMATE,0,LOW,NONE,LOW
MPLADS-007097,PAYMENT_PROGRESS_MISMATCH,1,CRITICAL,PROGRESS,URGENT
MPLADS-007098,LEGITIMATE,0,LOW,NONE,LOW
MPLADS-007099,DOCUMENTATION_ANOMALY,1,HIGH,DOCUMENTATION,HIGH
MPLADS-007100,LEGITIMATE,0,LOW,NONE,LOW
MPLADS-007101,PAYMENT_PROGRESS_MISMATCH,1,CRITICAL,PROGRESS,URGENT
MPLADS-007102,LEGITIMATE,0,LOW,NONE,LOW
MPLADS-007103,LEGITIMATE,0,LOW,NONE,LOW
MPLADS-007104,HIGH_VALUE_LEGITIMATE,0,LOW,NONE,LOW
MPLADS-007105,LEGITIMATE,0,LOW,NONE,LOW
MPLADS-007106,DELAYED_PROJECT,1,MEDIUM,TIMELINE,LOW
MPLADS-007107,LEGITIMATE,0,LOW,NONE,LOW
MPLADS-007108,LEGITIMATE,0,LOW,NONE,LOW
MPLADS-007109,LEGITIMATE,0,LOW,NONE,LOW
MPLADS-007110,LEGITIMATE,0,LOW,NONE,LOW
MPLADS-007111,LEGITIMATE,0,LOW,NONE,LOW
MPLADS-007112,LEGITIMATE,0,LOW,NONE,LOW
MPLADS-007113,LEGITIMATE,0,LOW,NONE,LOW
MPLADS-007114,LEGITIMATE,0,LOW,NONE,LOW
MPLADS-007115,DOCUMENTATION_ANOMALY,1,HIGH,DOCUMENTATION,HIGH
MPLADS-007116,LEGITIMATE,0,LOW,NONE,LOW
MPLADS-007117,LEGITIMATE,0,LOW,NONE,LOW
MPLADS-007118,LEGITIMATE,0,LOW,NONE,LOW
MPLADS-007119,LEGITIMATE,0,LOW,NONE,LOW
MPLADS-007120,LEGITIMATE,0,LOW,NONE,LOW
MPLADS-007121,LEGITIMATE,0,LOW,NONE,LOW
MPLADS-007122,LEGITIMATE,0,LOW,NONE,LOW
MPLADS-007123,LEGITIMATE,0,LOW,NONE,LOW
MPLADS-007124,ABANDONED_PROJECT,1,HIGH,ABANDONED_PROJECT,HIGH
MPLADS-007125,LEGITIMATE,0,LOW,NONE,LOW
MPLADS-007126,LEGITIMATE,0,LOW,NONE,LOW
MPLADS-007127,PAYMENT_PROGRESS_MISMATCH,1,CRITICAL,PROGRESS,URGENT
MPLADS-007128,SUSPICIOUS_PROCUREMENT,1,HIGH,PROCUREMENT,HIGH
MPLADS-007129,HIGH_VALUE_LEGITIMATE,0,MEDIUM,NONE,LOW
MPLADS-007130,DUPLICATE_PROJECT,1,HIGH,DUPLICATE_PROJECT,HIGH
MPLADS-007131,LEGITIMATE,0,LOW,NONE,LOW
MPLADS-007132,HIGH_VALUE_LEGITIMATE,0,MEDIUM,NONE,LOW
MPLADS-007133,LEGITIMATE,0,LOW,NONE,LOW
MPLADS-007134,HIGH_VALUE_LEGITIMATE,0,LOW,NONE,LOW
MPLADS-007135,LEGITIMATE,0,LOW,NONE,LOW
MPLADS-007136,LEGITIMATE,0,LOW,NONE,LOW
MPLADS-007137,LEGITIMATE,0,LOW,NONE,LOW
MPLADS-007138,LEGITIMATE,0,LOW,NONE,LOW
MPLADS-007139,LEGITIMATE,0,LOW,NONE,LOW
MPLADS-007140,LEGITIMATE,0,LOW,NONE,LOW
MPLADS-007141,DUPLICATE_PROJECT,1,HIGH,DUPLICATE_PROJECT,HIGH
MPLADS-007142,LEGITIMATE,0,LOW,NONE,LOW
MPLADS-007143,LEGITIMATE,0,LOW,NONE,LOW
MPLADS-007144,LEGITIMATE,0,LOW,NONE,LOW
MPLADS-007145,LEGITIMATE,0,LOW,NONE,LOW
MPLADS-007146,PAYMENT_PROGRESS_MISMATCH,1,CRITICAL,PROGRESS,URGENT
MPLADS-007147,LEGITIMATE,0,LOW,NONE,LOW
MPLADS-007148,LEGITIMATE,0,LOW,NONE,LOW
MPLADS-007149,LEGITIMATE,0,LOW,NONE,LOW
MPLADS-007150,GHOST_WORK,1,CRITICAL,GHOST_WORK,URGENT
MPLADS-007151,HIGH_VALUE_LEGITIMATE,0,MEDIUM,NONE,LOW
MPLADS-007152,HIGH_VALUE_LEGITIMATE,0,LOW,NONE,LOW
MPLADS-007153,HIGH_VALUE_LEGITIMATE,0,LOW,NONE,LOW
MPLADS-007154,DUPLICATE_PROJECT,1,HIGH,DUPLICATE_PROJECT,HIGH
MPLADS-007155,LEGITIMATE,0,LOW,NONE,LOW
MPLADS-007156,LEGITIMATE,0,LOW,NONE,LOW
MPLADS-007157,LEGITIMATE,0,LOW,NONE,LOW
MPLADS-007158,LEGITIMATE,0,LOW,NONE,LOW
MPLADS-007159,GHOST_WORK,1,CRITICAL,GHOST_WORK,URGENT
MPLADS-007160,LEGITIMATE,0,LOW,NONE,LOW
MPLADS-007161,ABANDONED_PROJECT,1,HIGH,ABANDONED_PROJECT,HIGH
MPLADS-007162,LEGITIMATE,0,LOW,NONE,LOW
MPLADS-007163,HIGH_VALUE_LEGITIMATE,0,LOW,NONE,LOW
MPLADS-007164,LEGITIMATE,0,LOW,NONE,LOW
MPLADS-007165,LEGITIMATE,0,LOW,NONE,LOW
MPLADS-007166,PAYMENT_PROGRESS_MISMATCH,1,CRITICAL,PROGRESS,URGENT
MPLADS-007167,LEGITIMATE,0,LOW,NONE,LOW
MPLADS-007168,LEGITIMATE,0,LOW,NONE,LOW
MPLADS-007169,LEGITIMATE,0,LOW,NONE,LOW
MPLADS-007170,DOCUMENTATION_ANOMALY,1,HIGH,DOCUMENTATION,HIGH
MPLADS-007171,LEGITIMATE,0,LOW,NONE,LOW
MPLADS-007172,HIGH_VALUE_LEGITIMATE,0,MEDIUM,NONE,LOW
MPLADS-007173,LEGITIMATE,0,LOW,NONE,LOW
MPLADS-007174,LEGITIMATE,0,LOW,NONE,LOW
MPLADS-007175,LEGITIMATE,0,LOW,NONE,LOW
MPLADS-007176,LEGITIMATE,0,LOW,NONE,LOW
MPLADS-007177,LEGITIMATE,0,LOW,NONE,LOW
MPLADS-007178,DELAYED_PROJECT,1,MEDIUM,TIMELINE,LOW
MPLADS-007179,LEGITIMATE,0,LOW,NONE,LOW
MPLADS-007180,GHOST_WORK,1,CRITICAL,GHOST_WORK,URGENT
MPLADS-007181,LEGITIMATE,0,LOW,NONE,LOW
MPLADS-007182,LEGITIMATE,0,LOW,NONE,LOW
MPLADS-007183,LEGITIMATE,0,LOW,NONE,LOW
MPLADS-007184,LEGITIMATE,0,LOW,NONE,LOW
MPLADS-007185,LEGITIMATE,0,LOW,NONE,LOW
MPLADS-007186,DUPLICATE_PROJECT,1,HIGH,DUPLICATE_PROJECT,HIGH
MPLADS-007187,HIGH_VALUE_LEGITIMATE,0,MEDIUM,NONE,LOW
MPLADS-007188,HIGH_VALUE_LEGITIMATE,0,LOW,NONE,LOW
MPLADS-007189,SUSPICIOUS_CONTRACTOR,1,HIGH,SUSPICIOUS_CONTRACTOR,HIGH
MPLADS-007190,LEGITIMATE,0,LOW,NONE,LOW
MPLADS-007191,LEGITIMATE,0,LOW,NONE,LOW
MPLADS-007192,HIGH_VALUE_LEGITIMATE,0,MEDIUM,NONE,LOW
MPLADS-007193,LEGITIMATE,0,LOW,NONE,LOW
MPLADS-007194,LEGITIMATE,0,LOW,NONE,LOW
MPLADS-007195,HIGH_VALUE_LEGITIMATE,0,MEDIUM,NONE,LOW
MPLADS-007196,HIGH_VALUE_LEGITIMATE,0,LOW,NONE,LOW
MPLADS-007197,LEGITIMATE,0,LOW,NONE,LOW
MPLADS-007198,COST_OVERRUN,1,HIGH,COST,HIGH
MPLADS-007199,LEGITIMATE,0,LOW,NONE,LOW
MPLADS-007200,LEGITIMATE,0,LOW,NONE,LOW
MPLADS-007201,LEGITIMATE,0,LOW,NONE,LOW
MPLADS-007202,HIGH_VALUE_LEGITIMATE,0,MEDIUM,NONE,LOW
MPLADS-007203,LEGITIMATE,0,LOW,NONE,LOW
MPLADS-007204,HIGH_VALUE_LEGITIMATE,0,MEDIUM,NONE,LOW
MPLADS-007205,HIGH_VALUE_LEGITIMATE,0,MEDIUM,NONE,LOW
MPLADS-007206,LEGITIMATE,0,LOW,NONE,LOW
MPLADS-007207,LEGITIMATE,0,LOW,NONE,LOW
MPLADS-007208,HIGH_VALUE_LEGITIMATE,0,MEDIUM,NONE,LOW
MPLADS-007209,LEGITIMATE,0,LOW,NONE,LOW
MPLADS-007210,LEGITIMATE,0,LOW,NONE,LOW
MPLADS-007211,LEGITIMATE,0,LOW,NONE,LOW
MPLADS-007212,LEGITIMATE,0,LOW,NONE,LOW
MPLADS-007213,LEGITIMATE,0,LOW,NONE,LOW
MPLADS-007214,LEGITIMATE,0,LOW,NONE,LOW
MPLADS-007215,LEGITIMATE,0,LOW,NONE,LOW
MPLADS-007216,LEGITIMATE,0,LOW,NONE,LOW
MPLADS-007217,LEGITIMATE,0,LOW,NONE,LOW
MPLADS-007218,LEGITIMATE,0,LOW,NONE,LOW
MPLADS-007219,LEGITIMATE,0,LOW,NONE,LOW
MPLADS-007220,LEGITIMATE,0,LOW,NONE,LOW
MPLADS-007221,PAYMENT_PROGRESS_MISMATCH,1,CRITICAL,PROGRESS,URGENT
MPLADS-007222,LEGITIMATE,0,LOW,NONE,LOW
MPLADS-007223,HIGH_VALUE_LEGITIMATE,0,LOW,NONE,LOW
MPLADS-007224,LEGITIMATE,0,LOW,NONE,LOW
MPLADS-007225,LEGITIMATE,0,LOW,NONE,LOW
MPLADS-007226,LEGITIMATE,0,LOW,NONE,LOW
MPLADS-007227,LEGITIMATE,0,LOW,NONE,LOW
MPLADS-007228,ABANDONED_PROJECT,1,HIGH,ABANDONED_PROJECT,HIGH
MPLADS-007229,LEGITIMATE,0,LOW,NONE,LOW
MPLADS-007230,LEGITIMATE,0,LOW,NONE,LOW
MPLADS-007231,LEGITIMATE,0,LOW,NONE,LOW
MPLADS-007232,LEGITIMATE,0,LOW,NONE,LOW
MPLADS-007233,LEGITIMATE,0,LOW,NONE,LOW
MPLADS-007234,PAYMENT_PROGRESS_MISMATCH,1,CRITICAL,PROGRESS,URGENT
MPLADS-007235,LEGITIMATE,0,LOW,NONE,LOW
MPLADS-007236,PAYMENT_PROGRESS_MISMATCH,1,CRITICAL,PROGRESS,URGENT
MPLADS-007237,LEGITIMATE,0,LOW,NONE,LOW
MPLADS-007238,HIGH_VALUE_LEGITIMATE,0,LOW,NONE,LOW
MPLADS-007239,LEGITIMATE,0,LOW,NONE,LOW
MPLADS-007240,LEGITIMATE,0,LOW,NONE,LOW
MPLADS-007241,PAYMENT_PROGRESS_MISMATCH,1,CRITICAL,PROGRESS,URGENT
MPLADS-007242,LEGITIMATE,0,LOW,NONE,LOW
MPLADS-007243,LEGITIMATE,0,LOW,NONE,LOW
MPLADS-007244,HIGH_VALUE_LEGITIMATE,0,LOW,NONE,LOW
MPLADS-007245,COST_OVERRUN,1,HIGH,COST,HIGH
MPLADS-007246,LEGITIMATE,0,LOW,NONE,LOW
MPLADS-007247,HIGH_VALUE_LEGITIMATE,0,LOW,NONE,LOW
MPLADS-007248,DOCUMENTATION_ANOMALY,1,HIGH,DOCUMENTATION,HIGH
MPLADS-007249,LEGITIMATE,0,LOW,NONE,LOW
MPLADS-007250,DUPLICATE_PROJECT,1,HIGH,DUPLICATE_PROJECT,HIGH
MPLADS-007251,HIGH_VALUE_LEGITIMATE,0,LOW,NONE,LOW
MPLADS-007252,LEGITIMATE,0,LOW,NONE,LOW
MPLADS-007253,LEGITIMATE,0,LOW,NONE,LOW
MPLADS-007254,LEGITIMATE,0,LOW,NONE,LOW
MPLADS-007255,LEGITIMATE,0,LOW,NONE,LOW
MPLADS-007256,LEGITIMATE,0,LOW,NONE,LOW
MPLADS-007257,ABANDONED_PROJECT,1,HIGH,ABANDONED_PROJECT,HIGH
MPLADS-007258,HIGH_VALUE_LEGITIMATE,0,MEDIUM,NONE,LOW
MPLADS-007259,HIGH_VALUE_LEGITIMATE,0,MEDIUM,NONE,LOW
MPLADS-007260,LEGITIMATE,0,LOW,NONE,LOW
MPLADS-007261,LEGITIMATE,0,LOW,NONE,LOW
MPLADS-007262,GHOST_WORK,1,CRITICAL,GHOST_WORK,URGENT
MPLADS-007263,LEGITIMATE,0,LOW,NONE,LOW
MPLADS-007264,LEGITIMATE,0,LOW,NONE,LOW
MPLADS-007265,LEGITIMATE,0,LOW,NONE,LOW
MPLADS-007266,LEGITIMATE,0,LOW,NONE,LOW
MPLADS-007267,LEGITIMATE,0,LOW,NONE,LOW
MPLADS-007268,LEGITIMATE,0,LOW,NONE,LOW
MPLADS-007269,LEGITIMATE,0,LOW,NONE,LOW
MPLADS-007270,LEGITIMATE,0,LOW,NONE,LOW
MPLADS-007271,LEGITIMATE,0,LOW,NONE,LOW
MPLADS-007272,LEGITIMATE,0,LOW,NONE,LOW
MPLADS-007273,LEGITIMATE,0,LOW,NONE,LOW
MPLADS-007274,DELAYED_PROJECT,1,MEDIUM,TIMELINE,LOW
MPLADS-007275,LEGITIMATE,0,LOW,NONE,LOW
MPLADS-007276,LEGITIMATE,0,LOW,NONE,LOW
MPLADS-007277,HIGH_VALUE_LEGITIMATE,0,LOW,NONE,LOW
MPLADS-007278,LEGITIMATE,0,LOW,NONE,LOW
MPLADS-007279,HIGH_VALUE_LEGITIMATE,0,LOW,NONE,LOW
MPLADS-007280,LEGITIMATE,0,LOW,NONE,LOW
MPLADS-007281,LEGITIMATE,0,LOW,NONE,LOW
MPLADS-007282,HIGH_VALUE_LEGITIMATE,0,MEDIUM,NONE,LOW
MPLADS-007283,HIGH_VALUE_LEGITIMATE,0,LOW,NONE,LOW
MPLADS-007284,DELAYED_PROJECT,1,MEDIUM,TIMELINE,LOW
MPLADS-007285,GHOST_WORK,1,CRITICAL,GHOST_WORK,URGENT
MPLADS-007286,DELAYED_PROJECT,1,MEDIUM,TIMELINE,LOW
MPLADS-007287,HIGH_VALUE_LEGITIMATE,0,MEDIUM,NONE,LOW
MPLADS-007288,LEGITIMATE,0,LOW,NONE,LOW
MPLADS-007289,ABANDONED_PROJECT,1,HIGH,ABANDONED_PROJECT,HIGH
MPLADS-007290,LEGITIMATE,0,LOW,NONE,LOW
MPLADS-007291,LEGITIMATE,0,LOW,NONE,LOW
MPLADS-007292,ABANDONED_PROJECT,1,HIGH,ABANDONED_PROJECT,HIGH
MPLADS-007293,LEGITIMATE,0,LOW,NONE,LOW
MPLADS-007294,LEGITIMATE,0,LOW,NONE,LOW
MPLADS-007295,LEGITIMATE,0,LOW,NONE,LOW
MPLADS-007296,SUSPICIOUS_CONTRACTOR,1,HIGH,SUSPICIOUS_CONTRACTOR,HIGH
MPLADS-007297,COST_OVERRUN,1,HIGH,COST,HIGH
MPLADS-007298,LEGITIMATE,0,LOW,NONE,LOW
MPLADS-007299,GHOST_WORK,1,CRITICAL,GHOST_WORK,URGENT
MPLADS-007300,COST_OVERRUN,1,HIGH,COST,HIGH
MPLADS-007301,LEGITIMATE,0,LOW,NONE,LOW
MPLADS-007302,PAYMENT_PROGRESS_MISMATCH,1,CRITICAL,PROGRESS,URGENT
MPLADS-007303,LEGITIMATE,0,LOW,NONE,LOW
MPLADS-007304,LEGITIMATE,0,LOW,NONE,LOW
MPLADS-007305,LEGITIMATE,0,LOW,NONE,LOW
MPLADS-007306,LEGITIMATE,0,LOW,NONE,LOW
MPLADS-007307,DELAYED_PROJECT,1,MEDIUM,TIMELINE,LOW
MPLADS-007308,LEGITIMATE,0,LOW,NONE,LOW
MPLADS-007309,LEGITIMATE,0,LOW,NONE,LOW
MPLADS-007310,LEGITIMATE,0,LOW,NONE,LOW
MPLADS-007311,LEGITIMATE,0,LOW,NONE,LOW
MPLADS-007312,LEGITIMATE,0,LOW,NONE,LOW
MPLADS-007313,LEGITIMATE,0,LOW,NONE,LOW
MPLADS-007314,SUSPICIOUS_CONTRACTOR,1,HIGH,SUSPICIOUS_CONTRACTOR,HIGH
MPLADS-007315,LEGITIMATE,0,LOW,NONE,LOW
MPLADS-007316,SUSPICIOUS_CONTRACTOR,1,HIGH,SUSPICIOUS_CONTRACTOR,HIGH
MPLADS-007317,LEGITIMATE,0,LOW,NONE,LOW
MPLADS-007318,LEGITIMATE,0,LOW,NONE,LOW
MPLADS-007319,LEGITIMATE,0,LOW,NONE,LOW
MPLADS-007320,LEGITIMATE,0,LOW,NONE,LOW
MPLADS-007321,HIGH_VALUE_LEGITIMATE,0,LOW,NONE,LOW
MPLADS-007322,HIGH_VALUE_LEGITIMATE,0,LOW,NONE,LOW
MPLADS-007323,LEGITIMATE,0,LOW,NONE,LOW
MPLADS-007324,LEGITIMATE,0,LOW,NONE,LOW
MPLADS-007325,LEGITIMATE,0,LOW,NONE,LOW
MPLADS-007326,COST_OVERRUN,1,HIGH,COST,HIGH
MPLADS-007327,SUSPICIOUS_CONTRACTOR,1,HIGH,SUSPICIOUS_CONTRACTOR,HIGH
MPLADS-007328,COST_OVERRUN,1,HIGH,COST,HIGH
MPLADS-007329,CONTRACTOR_MONOPOLY,1,HIGH,CONTRACTOR,HIGH
MPLADS-007330,LEGITIMATE,0,LOW,NONE,LOW
MPLADS-007331,DELAYED_PROJECT,1,MEDIUM,TIMELINE,LOW
MPLADS-007332,LEGITIMATE,0,LOW,NONE,LOW
MPLADS-007333,LEGITIMATE,0,LOW,NONE,LOW
MPLADS-007334,LEGITIMATE,0,LOW,NONE,LOW
MPLADS-007335,LEGITIMATE,0,LOW,NONE,LOW
MPLADS-007336,LEGITIMATE,0,LOW,NONE,LOW
MPLADS-007337,COST_OVERRUN,1,HIGH,COST,HIGH
MPLADS-007338,LEGITIMATE,0,LOW,NONE,LOW
MPLADS-007339,LEGITIMATE,0,LOW,NONE,LOW
MPLADS-007340,PAYMENT_PROGRESS_MISMATCH,1,CRITICAL,PROGRESS,URGENT
MPLADS-007341,HIGH_VALUE_LEGITIMATE,0,MEDIUM,NONE,LOW
MPLADS-007342,DUPLICATE_PROJECT,1,HIGH,DUPLICATE_PROJECT,HIGH
MPLADS-007343,COST_OVERRUN,1,HIGH,COST,HIGH
MPLADS-007344,ABANDONED_PROJECT,1,HIGH,ABANDONED_PROJECT,HIGH
MPLADS-007345,LEGITIMATE,0,LOW,NONE,LOW
MPLADS-007346,CONTRACTOR_MONOPOLY,1,HIGH,CONTRACTOR,HIGH
MPLADS-007347,COST_OVERRUN,1,HIGH,COST,HIGH
MPLADS-007348,LEGITIMATE,0,LOW,NONE,LOW
MPLADS-007349,LEGITIMATE,0,LOW,NONE,LOW
MPLADS-007350,LEGITIMATE,0,LOW,NONE,LOW
MPLADS-007351,COST_OVERRUN,1,HIGH,COST,HIGH
MPLADS-007352,DOCUMENTATION_ANOMALY,1,HIGH,DOCUMENTATION,HIGH
MPLADS-007353,LEGITIMATE,0,LOW,NONE,LOW
MPLADS-007354,LEGITIMATE,0,LOW,NONE,LOW
MPLADS-007355,SUSPICIOUS_PROCUREMENT,1,HIGH,PROCUREMENT,HIGH
MPLADS-007356,LEGITIMATE,0,LOW,NONE,LOW
MPLADS-007357,ABANDONED_PROJECT,1,HIGH,ABANDONED_PROJECT,HIGH
MPLADS-007358,HIGH_VALUE_LEGITIMATE,0,MEDIUM,NONE,LOW
MPLADS-007359,HIGH_VALUE_LEGITIMATE,0,LOW,NONE,LOW
MPLADS-007360,LEGITIMATE,0,LOW,NONE,LOW
MPLADS-007361,DUPLICATE_PROJECT,1,HIGH,DUPLICATE_PROJECT,HIGH
MPLADS-007362,LEGITIMATE,0,LOW,NONE,LOW
MPLADS-007363,HIGH_VALUE_LEGITIMATE,0,LOW,NONE,LOW
MPLADS-007364,LEGITIMATE,0,LOW,NONE,LOW
MPLADS-007365,SUSPICIOUS_PROCUREMENT,1,HIGH,PROCUREMENT,HIGH
MPLADS-007366,HIGH_VALUE_LEGITIMATE,0,LOW,NONE,LOW
MPLADS-007367,LEGITIMATE,0,LOW,NONE,LOW
MPLADS-007368,HIGH_VALUE_LEGITIMATE,0,LOW,NONE,LOW
MPLADS-007369,HIGH_VALUE_LEGITIMATE,0,LOW,NONE,LOW
MPLADS-007370,DUPLICATE_PROJECT,1,HIGH,DUPLICATE_PROJECT,HIGH
MPLADS-007371,CONTRACTOR_MONOPOLY,1,HIGH,CONTRACTOR,HIGH
MPLADS-007372,DOCUMENTATION_ANOMALY,1,HIGH,DOCUMENTATION,HIGH
MPLADS-007373,SUSPICIOUS_CONTRACTOR,1,HIGH,SUSPICIOUS_CONTRACTOR,HIGH
MPLADS-007374,HIGH_VALUE_LEGITIMATE,0,MEDIUM,NONE,LOW
MPLADS-007375,LEGITIMATE,0,LOW,NONE,LOW
MPLADS-007376,LEGITIMATE,0,LOW,NONE,LOW
MPLADS-007377,HIGH_VALUE_LEGITIMATE,0,LOW,NONE,LOW
MPLADS-007378,LEGITIMATE,0,LOW,NONE,LOW
MPLADS-007379,LEGITIMATE,0,LOW,NONE,LOW
MPLADS-007380,LEGITIMATE,0,LOW,NONE,LOW
MPLADS-007381,LEGITIMATE,0,LOW,NONE,LOW
MPLADS-007382,LEGITIMATE,0,LOW,NONE,LOW
MPLADS-007383,HIGH_VALUE_LEGITIMATE,0,LOW,NONE,LOW
MPLADS-007384,CONTRACTOR_MONOPOLY,1,HIGH,CONTRACTOR,HIGH
MPLADS-007385,CONTRACTOR_MONOPOLY,1,HIGH,CONTRACTOR,HIGH
MPLADS-007386,COST_OVERRUN,1,HIGH,COST,HIGH
MPLADS-007387,LEGITIMATE,0,LOW,NONE,LOW
MPLADS-007388,LEGITIMATE,0,LOW,NONE,LOW
MPLADS-007389,SUSPICIOUS_CONTRACTOR,1,HIGH,SUSPICIOUS_CONTRACTOR,HIGH
MPLADS-007390,LEGITIMATE,0,LOW,NONE,LOW
MPLADS-007391,LEGITIMATE,0,LOW,NONE,LOW
MPLADS-007392,LEGITIMATE,0,LOW,NONE,LOW
MPLADS-007393,DELAYED_PROJECT,1,MEDIUM,TIMELINE,LOW
MPLADS-007394,LEGITIMATE,0,LOW,NONE,LOW
MPLADS-007395,LEGITIMATE,0,LOW,NONE,LOW
MPLADS-007396,LEGITIMATE,0,LOW,NONE,LOW
MPLADS-007397,DELAYED_PROJECT,1,MEDIUM,TIMELINE,LOW
MPLADS-007398,HIGH_VALUE_LEGITIMATE,0,LOW,NONE,LOW
MPLADS-007399,LEGITIMATE,0,LOW,NONE,LOW
MPLADS-007400,LEGITIMATE,0,LOW,NONE,LOW
MPLADS-007401,LEGITIMATE,0,LOW,NONE,LOW
MPLADS-007402,LEGITIMATE,0,LOW,NONE,LOW
MPLADS-007403,LEGITIMATE,0,LOW,NONE,LOW
MPLADS-007404,LEGITIMATE,0,LOW,NONE,LOW
MPLADS-007405,LEGITIMATE,0,LOW,NONE,LOW
MPLADS-007406,LEGITIMATE,0,LOW,NONE,LOW
MPLADS-007407,LEGITIMATE,0,LOW,NONE,LOW
MPLADS-007408,HIGH_VALUE_LEGITIMATE,0,LOW,NONE,LOW
MPLADS-007409,LEGITIMATE,0,LOW,NONE,LOW
MPLADS-007410,SUSPICIOUS_PROCUREMENT,1,HIGH,PROCUREMENT,HIGH
MPLADS-007411,PAYMENT_PROGRESS_MISMATCH,1,CRITICAL,PROGRESS,URGENT
MPLADS-007412,LEGITIMATE,0,LOW,NONE,LOW
MPLADS-007413,GHOST_WORK,1,CRITICAL,GHOST_WORK,URGENT
MPLADS-007414,LEGITIMATE,0,LOW,NONE,LOW
MPLADS-007415,LEGITIMATE,0,LOW,NONE,LOW
MPLADS-007416,HIGH_VALUE_LEGITIMATE,0,LOW,NONE,LOW
MPLADS-007417,LEGITIMATE,0,LOW,NONE,LOW
MPLADS-007418,LEGITIMATE,0,LOW,NONE,LOW
MPLADS-007419,LEGITIMATE,0,LOW,NONE,LOW
MPLADS-007420,LEGITIMATE,0,LOW,NONE,LOW
MPLADS-007421,LEGITIMATE,0,LOW,NONE,LOW
MPLADS-007422,COST_OVERRUN,1,HIGH,COST,HIGH
MPLADS-007423,SUSPICIOUS_CONTRACTOR,1,HIGH,SUSPICIOUS_CONTRACTOR,HIGH
MPLADS-007424,LEGITIMATE,0,LOW,NONE,LOW
MPLADS-007425,LEGITIMATE,0,LOW,NONE,LOW
MPLADS-007426,LEGITIMATE,0,LOW,NONE,LOW
MPLADS-007427,LEGITIMATE,0,LOW,NONE,LOW
MPLADS-007428,HIGH_VALUE_LEGITIMATE,0,MEDIUM,NONE,LOW
MPLADS-007429,LEGITIMATE,0,LOW,NONE,LOW
MPLADS-007430,LEGITIMATE,0,LOW,NONE,LOW
MPLADS-007431,LEGITIMATE,0,LOW,NONE,LOW
MPLADS-007432,LEGITIMATE,0,LOW,NONE,LOW
MPLADS-007433,LEGITIMATE,0,LOW,NONE,LOW
MPLADS-007434,LEGITIMATE,0,LOW,NONE,LOW
MPLADS-007435,HIGH_VALUE_LEGITIMATE,0,MEDIUM,NONE,LOW
MPLADS-007436,LEGITIMATE,0,LOW,NONE,LOW
MPLADS-007437,LEGITIMATE,0,LOW,NONE,LOW
MPLADS-007438,LEGITIMATE,0,LOW,NONE,LOW
MPLADS-007439,LEGITIMATE,0,LOW,NONE,LOW
MPLADS-007440,LEGITIMATE,0,LOW,NONE,LOW
MPLADS-007441,LEGITIMATE,0,LOW,NONE,LOW
MPLADS-007442,SUSPICIOUS_CONTRACTOR,1,HIGH,SUSPICIOUS_CONTRACTOR,HIGH
MPLADS-007443,LEGITIMATE,0,LOW,NONE,LOW
MPLADS-007444,HIGH_VALUE_LEGITIMATE,0,LOW,NONE,LOW
MPLADS-007445,LEGITIMATE,0,LOW,NONE,LOW
MPLADS-007446,LEGITIMATE,0,LOW,NONE,LOW
MPLADS-007447,LEGITIMATE,0,LOW,NONE,LOW
MPLADS-007448,HIGH_VALUE_LEGITIMATE,0,MEDIUM,NONE,LOW
MPLADS-007449,ABANDONED_PROJECT,1,HIGH,ABANDONED_PROJECT,HIGH
MPLADS-007450,LEGITIMATE,0,LOW,NONE,LOW
MPLADS-007451,DUPLICATE_PROJECT,1,HIGH,DUPLICATE_PROJECT,HIGH
MPLADS-007452,SUSPICIOUS_CONTRACTOR,1,HIGH,SUSPICIOUS_CONTRACTOR,HIGH
MPLADS-007453,LEGITIMATE,0,LOW,NONE,LOW
MPLADS-007454,HIGH_VALUE_LEGITIMATE,0,MEDIUM,NONE,LOW
MPLADS-007455,LEGITIMATE,0,LOW,NONE,LOW
MPLADS-007456,DELAYED_PROJECT,1,MEDIUM,TIMELINE,LOW
MPLADS-007457,DELAYED_PROJECT,1,MEDIUM,TIMELINE,LOW
MPLADS-007458,PAYMENT_PROGRESS_MISMATCH,1,CRITICAL,PROGRESS,URGENT
MPLADS-007459,LEGITIMATE,0,LOW,NONE,LOW
MPLADS-007460,DOCUMENTATION_ANOMALY,1,HIGH,DOCUMENTATION,HIGH
MPLADS-007461,HIGH_VALUE_LEGITIMATE,0,LOW,NONE,LOW
MPLADS-007462,LEGITIMATE,0,LOW,NONE,LOW
MPLADS-007463,LEGITIMATE,0,LOW,NONE,LOW
MPLADS-007464,LEGITIMATE,0,LOW,NONE,LOW
MPLADS-007465,LEGITIMATE,0,LOW,NONE,LOW
MPLADS-007466,DELAYED_PROJECT,1,MEDIUM,TIMELINE,LOW
MPLADS-007467,LEGITIMATE,0,LOW,NONE,LOW
MPLADS-007468,DELAYED_PROJECT,1,MEDIUM,TIMELINE,LOW
MPLADS-007469,SUSPICIOUS_CONTRACTOR,1,HIGH,SUSPICIOUS_CONTRACTOR,HIGH
MPLADS-007470,LEGITIMATE,0,LOW,NONE,LOW
MPLADS-007471,LEGITIMATE,0,LOW,NONE,LOW
MPLADS-007472,LEGITIMATE,0,LOW,NONE,LOW
MPLADS-007473,LEGITIMATE,0,LOW,NONE,LOW
MPLADS-007474,DELAYED_PROJECT,1,MEDIUM,TIMELINE,LOW
MPLADS-007475,LEGITIMATE,0,LOW,NONE,LOW
MPLADS-007476,LEGITIMATE,0,LOW,NONE,LOW
MPLADS-007477,LEGITIMATE,0,LOW,NONE,LOW
MPLADS-007478,LEGITIMATE,0,LOW,NONE,LOW
MPLADS-007479,LEGITIMATE,0,LOW,NONE,LOW
MPLADS-007480,SUSPICIOUS_PROCUREMENT,1,HIGH,PROCUREMENT,HIGH
MPLADS-007481,LEGITIMATE,0,LOW,NONE,LOW
MPLADS-007482,LEGITIMATE,0,LOW,NONE,LOW
MPLADS-007483,SUSPICIOUS_PROCUREMENT,1,HIGH,PROCUREMENT,HIGH
MPLADS-007484,HIGH_VALUE_LEGITIMATE,0,MEDIUM,NONE,LOW
MPLADS-007485,LEGITIMATE,0,LOW,NONE,LOW
MPLADS-007486,LEGITIMATE,0,LOW,NONE,LOW
MPLADS-007487,HIGH_VALUE_LEGITIMATE,0,LOW,NONE,LOW
MPLADS-007488,LEGITIMATE,0,LOW,NONE,LOW
MPLADS-007489,HIGH_VALUE_LEGITIMATE,0,MEDIUM,NONE,LOW
MPLADS-007490,COST_OVERRUN,1,HIGH,COST,HIGH
MPLADS-007491,LEGITIMATE,0,LOW,NONE,LOW
MPLADS-007492,LEGITIMATE,0,LOW,NONE,LOW
MPLADS-007493,LEGITIMATE,0,LOW,NONE,LOW
MPLADS-007494,LEGITIMATE,0,LOW,NONE,LOW
MPLADS-007495,LEGITIMATE,0,LOW,NONE,LOW
MPLADS-007496,LEGITIMATE,0,LOW,NONE,LOW
MPLADS-007497,LEGITIMATE,0,LOW,NONE,LOW
MPLADS-007498,LEGITIMATE,0,LOW,NONE,LOW
MPLADS-007499,LEGITIMATE,0,LOW,NONE,LOW
MPLADS-007500,LEGITIMATE,0,LOW,NONE,LOW
MPLADS-007501,LEGITIMATE,0,LOW,NONE,LOW
MPLADS-007502,LEGITIMATE,0,LOW,NONE,LOW
MPLADS-007503,LEGITIMATE,0,LOW,NONE,LOW
MPLADS-007504,COST_OVERRUN,1,HIGH,COST,HIGH
MPLADS-007505,DUPLICATE_PROJECT,1,HIGH,DUPLICATE_PROJECT,HIGH
MPLADS-007506,HIGH_VALUE_LEGITIMATE,0,MEDIUM,NONE,LOW
MPLADS-007507,HIGH_VALUE_LEGITIMATE,0,MEDIUM,NONE,LOW
MPLADS-007508,PAYMENT_PROGRESS_MISMATCH,1,CRITICAL,PROGRESS,URGENT
MPLADS-007509,SUSPICIOUS_CONTRACTOR,1,HIGH,SUSPICIOUS_CONTRACTOR,HIGH
MPLADS-007510,LEGITIMATE,0,LOW,NONE,LOW
MPLADS-007511,PAYMENT_PROGRESS_MISMATCH,1,CRITICAL,PROGRESS,URGENT
MPLADS-007512,GHOST_WORK,1,CRITICAL,GHOST_WORK,URGENT
MPLADS-007513,PAYMENT_PROGRESS_MISMATCH,1,CRITICAL,PROGRESS,URGENT
MPLADS-007514,LEGITIMATE,0,LOW,NONE,LOW
MPLADS-007515,LEGITIMATE,0,LOW,NONE,LOW
MPLADS-007516,HIGH_VALUE_LEGITIMATE,0,MEDIUM,NONE,LOW
MPLADS-007517,LEGITIMATE,0,LOW,NONE,LOW
MPLADS-007518,HIGH_VALUE_LEGITIMATE,0,MEDIUM,NONE,LOW
MPLADS-007519,LEGITIMATE,0,LOW,NONE,LOW
MPLADS-007520,PAYMENT_PROGRESS_MISMATCH,1,CRITICAL,PROGRESS,URGENT
MPLADS-007521,LEGITIMATE,0,LOW,NONE,LOW
MPLADS-007522,LEGITIMATE,0,LOW,NONE,LOW
MPLADS-007523,LEGITIMATE,0,LOW,NONE,LOW
MPLADS-007524,LEGITIMATE,0,LOW,NONE,LOW
MPLADS-007525,LEGITIMATE,0,LOW,NONE,LOW
MPLADS-007526,LEGITIMATE,0,LOW,NONE,LOW
MPLADS-007527,PAYMENT_PROGRESS_MISMATCH,1,CRITICAL,PROGRESS,URGENT
MPLADS-007528,HIGH_VALUE_LEGITIMATE,0,MEDIUM,NONE,LOW
MPLADS-007529,COST_OVERRUN,1,HIGH,COST,HIGH
MPLADS-007530,LEGITIMATE,0,LOW,NONE,LOW
MPLADS-007531,LEGITIMATE,0,LOW,NONE,LOW
MPLADS-007532,LEGITIMATE,0,LOW,NONE,LOW
MPLADS-007533,LEGITIMATE,0,LOW,NONE,LOW
MPLADS-007534,LEGITIMATE,0,LOW,NONE,LOW
MPLADS-007535,HIGH_VALUE_LEGITIMATE,0,LOW,NONE,LOW
MPLADS-007536,LEGITIMATE,0,LOW,NONE,LOW
MPLADS-007537,LEGITIMATE,0,LOW,NONE,LOW
MPLADS-007538,LEGITIMATE,0,LOW,NONE,LOW
MPLADS-007539,LEGITIMATE,0,LOW,NONE,LOW
MPLADS-007540,LEGITIMATE,0,LOW,NONE,LOW
MPLADS-007541,LEGITIMATE,0,LOW,NONE,LOW
MPLADS-007542,LEGITIMATE,0,LOW,NONE,LOW
MPLADS-007543,GHOST_WORK,1,CRITICAL,GHOST_WORK,URGENT
MPLADS-007544,LEGITIMATE,0,LOW,NONE,LOW
MPLADS-007545,LEGITIMATE,0,LOW,NONE,LOW
MPLADS-007546,SUSPICIOUS_PROCUREMENT,1,HIGH,PROCUREMENT,HIGH
MPLADS-007547,HIGH_VALUE_LEGITIMATE,0,MEDIUM,NONE,LOW
MPLADS-007548,LEGITIMATE,0,LOW,NONE,LOW
MPLADS-007549,DELAYED_PROJECT,1,MEDIUM,TIMELINE,LOW
MPLADS-007550,LEGITIMATE,0,LOW,NONE,LOW
MPLADS-007551,LEGITIMATE,0,LOW,NONE,LOW
MPLADS-007552,LEGITIMATE,0,LOW,NONE,LOW
MPLADS-007553,ABANDONED_PROJECT,1,HIGH,ABANDONED_PROJECT,HIGH
MPLADS-007554,LEGITIMATE,0,LOW,NONE,LOW
MPLADS-007555,LEGITIMATE,0,LOW,NONE,LOW
MPLADS-007556,HIGH_VALUE_LEGITIMATE,0,LOW,NONE,LOW
MPLADS-007557,LEGITIMATE,0,LOW,NONE,LOW
MPLADS-007558,LEGITIMATE,0,LOW,NONE,LOW
MPLADS-007559,LEGITIMATE,0,LOW,NONE,LOW
MPLADS-007560,CONTRACTOR_MONOPOLY,1,HIGH,CONTRACTOR,HIGH
MPLADS-007561,LEGITIMATE,0,LOW,NONE,LOW
MPLADS-007562,LEGITIMATE,0,LOW,NONE,LOW
MPLADS-007563,LEGITIMATE,0,LOW,NONE,LOW
MPLADS-007564,LEGITIMATE,0,LOW,NONE,LOW
MPLADS-007565,LEGITIMATE,0,LOW,NONE,LOW
MPLADS-007566,LEGITIMATE,0,LOW,NONE,LOW
MPLADS-007567,LEGITIMATE,0,LOW,NONE,LOW
MPLADS-007568,LEGITIMATE,0,LOW,NONE,LOW
MPLADS-007569,LEGITIMATE,0,LOW,NONE,LOW
MPLADS-007570,DELAYED_PROJECT,1,MEDIUM,TIMELINE,LOW
MPLADS-007571,PAYMENT_PROGRESS_MISMATCH,1,CRITICAL,PROGRESS,URGENT
MPLADS-007572,LEGITIMATE,0,LOW,NONE,LOW
MPLADS-007573,LEGITIMATE,0,LOW,NONE,LOW
MPLADS-007574,SUSPICIOUS_PROCUREMENT,1,HIGH,PROCUREMENT,HIGH
MPLADS-007575,LEGITIMATE,0,LOW,NONE,LOW
MPLADS-007576,DELAYED_PROJECT,1,MEDIUM,TIMELINE,LOW
MPLADS-007577,HIGH_VALUE_LEGITIMATE,0,LOW,NONE,LOW
MPLADS-007578,LEGITIMATE,0,LOW,NONE,LOW
MPLADS-007579,LEGITIMATE,0,LOW,NONE,LOW
MPLADS-007580,LEGITIMATE,0,LOW,NONE,LOW
MPLADS-007581,ABANDONED_PROJECT,1,HIGH,ABANDONED_PROJECT,HIGH
MPLADS-007582,LEGITIMATE,0,LOW,NONE,LOW
MPLADS-007583,DUPLICATE_PROJECT,1,HIGH,DUPLICATE_PROJECT,HIGH
MPLADS-007584,LEGITIMATE,0,LOW,NONE,LOW
MPLADS-007585,LEGITIMATE,0,LOW,NONE,LOW
MPLADS-007586,HIGH_VALUE_LEGITIMATE,0,MEDIUM,NONE,LOW
MPLADS-007587,LEGITIMATE,0,LOW,NONE,LOW
MPLADS-007588,LEGITIMATE,0,LOW,NONE,LOW
MPLADS-007589,LEGITIMATE,0,LOW,NONE,LOW
MPLADS-007590,DELAYED_PROJECT,1,MEDIUM,TIMELINE,LOW
MPLADS-007591,COST_OVERRUN,1,HIGH,COST,HIGH
MPLADS-007592,GHOST_WORK,1,CRITICAL,GHOST_WORK,URGENT
MPLADS-007593,HIGH_VALUE_LEGITIMATE,0,MEDIUM,NONE,LOW
MPLADS-007594,HIGH_VALUE_LEGITIMATE,0,MEDIUM,NONE,LOW
MPLADS-007595,LEGITIMATE,0,LOW,NONE,LOW
MPLADS-007596,LEGITIMATE,0,LOW,NONE,LOW
MPLADS-007597,LEGITIMATE,0,LOW,NONE,LOW
MPLADS-007598,DELAYED_PROJECT,1,MEDIUM,TIMELINE,LOW
MPLADS-007599,LEGITIMATE,0,LOW,NONE,LOW
MPLADS-007600,LEGITIMATE,0,LOW,NONE,LOW
MPLADS-007601,LEGITIMATE,0,LOW,NONE,LOW
MPLADS-007602,LEGITIMATE,0,LOW,NONE,LOW
MPLADS-007603,LEGITIMATE,0,LOW,NONE,LOW
MPLADS-007604,LEGITIMATE,0,LOW,NONE,LOW
MPLADS-007605,LEGITIMATE,0,LOW,NONE,LOW
MPLADS-007606,LEGITIMATE,0,LOW,NONE,LOW
MPLADS-007607,LEGITIMATE,0,LOW,NONE,LOW
MPLADS-007608,LEGITIMATE,0,LOW,NONE,LOW
MPLADS-007609,LEGITIMATE,0,LOW,NONE,LOW
MPLADS-007610,DELAYED_PROJECT,1,MEDIUM,TIMELINE,LOW
MPLADS-007611,LEGITIMATE,0,LOW,NONE,LOW
MPLADS-007612,LEGITIMATE,0,LOW,NONE,LOW
MPLADS-007613,LEGITIMATE,0,LOW,NONE,LOW
MPLADS-007614,LEGITIMATE,0,LOW,NONE,LOW
MPLADS-007615,HIGH_VALUE_LEGITIMATE,0,MEDIUM,NONE,LOW
MPLADS-007616,DUPLICATE_PROJECT,1,HIGH,DUPLICATE_PROJECT,HIGH
MPLADS-007617,PAYMENT_PROGRESS_MISMATCH,1,CRITICAL,PROGRESS,URGENT
MPLADS-007618,LEGITIMATE,0,LOW,NONE,LOW
MPLADS-007619,PAYMENT_PROGRESS_MISMATCH,1,CRITICAL,PROGRESS,URGENT
MPLADS-007620,LEGITIMATE,0,LOW,NONE,LOW
MPLADS-007621,PAYMENT_PROGRESS_MISMATCH,1,CRITICAL,PROGRESS,URGENT
MPLADS-007622,ABANDONED_PROJECT,1,HIGH,ABANDONED_PROJECT,HIGH
MPLADS-007623,HIGH_VALUE_LEGITIMATE,0,LOW,NONE,LOW
MPLADS-007624,LEGITIMATE,0,LOW,NONE,LOW
MPLADS-007625,HIGH_VALUE_LEGITIMATE,0,LOW,NONE,LOW
MPLADS-007626,DUPLICATE_PROJECT,1,HIGH,DUPLICATE_PROJECT,HIGH
MPLADS-007627,COST_OVERRUN,1,HIGH,COST,HIGH
MPLADS-007628,LEGITIMATE,0,LOW,NONE,LOW
MPLADS-007629,LEGITIMATE,0,LOW,NONE,LOW
MPLADS-007630,LEGITIMATE,0,LOW,NONE,LOW
MPLADS-007631,COST_OVERRUN,1,HIGH,COST,HIGH
MPLADS-007632,COST_OVERRUN,1,HIGH,COST,HIGH
MPLADS-007633,DELAYED_PROJECT,1,MEDIUM,TIMELINE,LOW
MPLADS-007634,LEGITIMATE,0,LOW,NONE,LOW
MPLADS-007635,LEGITIMATE,0,LOW,NONE,LOW
MPLADS-007636,LEGITIMATE,0,LOW,NONE,LOW
MPLADS-007637,HIGH_VALUE_LEGITIMATE,0,MEDIUM,NONE,LOW
MPLADS-007638,LEGITIMATE,0,LOW,NONE,LOW
MPLADS-007639,HIGH_VALUE_LEGITIMATE,0,MEDIUM,NONE,LOW
MPLADS-007640,LEGITIMATE,0,LOW,NONE,LOW
MPLADS-007641,HIGH_VALUE_LEGITIMATE,0,LOW,NONE,LOW
MPLADS-007642,LEGITIMATE,0,LOW,NONE,LOW
MPLADS-007643,ABANDONED_PROJECT,1,HIGH,ABANDONED_PROJECT,HIGH
MPLADS-007644,LEGITIMATE,0,LOW,NONE,LOW
MPLADS-007645,LEGITIMATE,0,LOW,NONE,LOW
MPLADS-007646,LEGITIMATE,0,LOW,NONE,LOW
MPLADS-007647,CONTRACTOR_MONOPOLY,1,HIGH,CONTRACTOR,HIGH
MPLADS-007648,LEGITIMATE,0,LOW,NONE,LOW
MPLADS-007649,LEGITIMATE,0,LOW,NONE,LOW
MPLADS-007650,LEGITIMATE,0,LOW,NONE,LOW
MPLADS-007651,COST_OVERRUN,1,HIGH,COST,HIGH
MPLADS-007652,LEGITIMATE,0,LOW,NONE,LOW
MPLADS-007653,LEGITIMATE,0,LOW,NONE,LOW
MPLADS-007654,HIGH_VALUE_LEGITIMATE,0,LOW,NONE,LOW
MPLADS-007655,LEGITIMATE,0,LOW,NONE,LOW
MPLADS-007656,LEGITIMATE,0,LOW,NONE,LOW
MPLADS-007657,LEGITIMATE,0,LOW,NONE,LOW
MPLADS-007658,LEGITIMATE,0,LOW,NONE,LOW
MPLADS-007659,LEGITIMATE,0,LOW,NONE,LOW
MPLADS-007660,DUPLICATE_PROJECT,1,HIGH,DUPLICATE_PROJECT,HIGH
MPLADS-007661,COST_OVERRUN,1,HIGH,COST,HIGH
MPLADS-007662,LEGITIMATE,0,LOW,NONE,LOW
MPLADS-007663,LEGITIMATE,0,LOW,NONE,LOW
MPLADS-007664,LEGITIMATE,0,LOW,NONE,LOW
MPLADS-007665,CONTRACTOR_MONOPOLY,1,HIGH,CONTRACTOR,HIGH
MPLADS-007666,LEGITIMATE,0,LOW,NONE,LOW
MPLADS-007667,LEGITIMATE,0,LOW,NONE,LOW
MPLADS-007668,CONTRACTOR_MONOPOLY,1,HIGH,CONTRACTOR,HIGH
MPLADS-007669,LEGITIMATE,0,LOW,NONE,LOW
MPLADS-007670,LEGITIMATE,0,LOW,NONE,LOW
MPLADS-007671,ABANDONED_PROJECT,1,HIGH,ABANDONED_PROJECT,HIGH
MPLADS-007672,LEGITIMATE,0,LOW,NONE,LOW
MPLADS-007673,LEGITIMATE,0,LOW,NONE,LOW
MPLADS-007674,LEGITIMATE,0,LOW,NONE,LOW
MPLADS-007675,HIGH_VALUE_LEGITIMATE,0,LOW,NONE,LOW
MPLADS-007676,HIGH_VALUE_LEGITIMATE,0,LOW,NONE,LOW
MPLADS-007677,LEGITIMATE,0,LOW,NONE,LOW
MPLADS-007678,SUSPICIOUS_CONTRACTOR,1,HIGH,SUSPICIOUS_CONTRACTOR,HIGH
MPLADS-007679,LEGITIMATE,0,LOW,NONE,LOW
MPLADS-007680,LEGITIMATE,0,LOW,NONE,LOW
MPLADS-007681,LEGITIMATE,0,LOW,NONE,LOW
MPLADS-007682,LEGITIMATE,0,LOW,NONE,LOW
MPLADS-007683,LEGITIMATE,0,LOW,NONE,LOW
MPLADS-007684,LEGITIMATE,0,LOW,NONE,LOW
MPLADS-007685,PAYMENT_PROGRESS_MISMATCH,1,CRITICAL,PROGRESS,URGENT
MPLADS-007686,LEGITIMATE,0,LOW,NONE,LOW
MPLADS-007687,LEGITIMATE,0,LOW,NONE,LOW
MPLADS-007688,COST_OVERRUN,1,HIGH,COST,HIGH
MPLADS-007689,LEGITIMATE,0,LOW,NONE,LOW
MPLADS-007690,LEGITIMATE,0,LOW,NONE,LOW
MPLADS-007691,LEGITIMATE,0,LOW,NONE,LOW
MPLADS-007692,HIGH_VALUE_LEGITIMATE,0,LOW,NONE,LOW
MPLADS-007693,HIGH_VALUE_LEGITIMATE,0,LOW,NONE,LOW
MPLADS-007694,LEGITIMATE,0,LOW,NONE,LOW
MPLADS-007695,LEGITIMATE,0,LOW,NONE,LOW
MPLADS-007696,LEGITIMATE,0,LOW,NONE,LOW
MPLADS-007697,HIGH_VALUE_LEGITIMATE,0,LOW,NONE,LOW
MPLADS-007698,LEGITIMATE,0,LOW,NONE,LOW
MPLADS-007699,DELAYED_PROJECT,1,MEDIUM,TIMELINE,LOW
MPLADS-007700,LEGITIMATE,0,LOW,NONE,LOW
MPLADS-007701,DUPLICATE_PROJECT,1,HIGH,DUPLICATE_PROJECT,HIGH
MPLADS-007702,LEGITIMATE,0,LOW,NONE,LOW
MPLADS-007703,LEGITIMATE,0,LOW,NONE,LOW
MPLADS-007704,LEGITIMATE,0,LOW,NONE,LOW
MPLADS-007705,DUPLICATE_PROJECT,1,HIGH,DUPLICATE_PROJECT,HIGH
MPLADS-007706,LEGITIMATE,0,LOW,NONE,LOW
MPLADS-007707,HIGH_VALUE_LEGITIMATE,0,LOW,NONE,LOW
MPLADS-007708,HIGH_VALUE_LEGITIMATE,0,MEDIUM,NONE,LOW
MPLADS-007709,COST_OVERRUN,1,HIGH,COST,HIGH
MPLADS-007710,PAYMENT_PROGRESS_MISMATCH,1,CRITICAL,PROGRESS,URGENT
MPLADS-007711,LEGITIMATE,0,LOW,NONE,LOW
MPLADS-007712,LEGITIMATE,0,LOW,NONE,LOW
MPLADS-007713,LEGITIMATE,0,LOW,NONE,LOW
MPLADS-007714,ABANDONED_PROJECT,1,HIGH,ABANDONED_PROJECT,HIGH
MPLADS-007715,LEGITIMATE,0,LOW,NONE,LOW
MPLADS-007716,LEGITIMATE,0,LOW,NONE,LOW
MPLADS-007717,HIGH_VALUE_LEGITIMATE,0,LOW,NONE,LOW
MPLADS-007718,GHOST_WORK,1,CRITICAL,GHOST_WORK,URGENT
MPLADS-007719,LEGITIMATE,0,LOW,NONE,LOW
MPLADS-007720,LEGITIMATE,0,LOW,NONE,LOW
MPLADS-007721,LEGITIMATE,0,LOW,NONE,LOW
MPLADS-007722,PAYMENT_PROGRESS_MISMATCH,1,CRITICAL,PROGRESS,URGENT
MPLADS-007723,LEGITIMATE,0,LOW,NONE,LOW
MPLADS-007724,HIGH_VALUE_LEGITIMATE,0,LOW,NONE,LOW
MPLADS-007725,HIGH_VALUE_LEGITIMATE,0,LOW,NONE,LOW
MPLADS-007726,DELAYED_PROJECT,1,MEDIUM,TIMELINE,LOW
MPLADS-007727,LEGITIMATE,0,LOW,NONE,LOW
MPLADS-007728,HIGH_VALUE_LEGITIMATE,0,LOW,NONE,LOW
MPLADS-007729,LEGITIMATE,0,LOW,NONE,LOW
MPLADS-007730,HIGH_VALUE_LEGITIMATE,0,MEDIUM,NONE,LOW
MPLADS-007731,LEGITIMATE,0,LOW,NONE,LOW
MPLADS-007732,LEGITIMATE,0,LOW,NONE,LOW
MPLADS-007733,LEGITIMATE,0,LOW,NONE,LOW
MPLADS-007734,LEGITIMATE,0,LOW,NONE,LOW
MPLADS-007735,LEGITIMATE,0,LOW,NONE,LOW
MPLADS-007736,HIGH_VALUE_LEGITIMATE,0,MEDIUM,NONE,LOW
MPLADS-007737,LEGITIMATE,0,LOW,NONE,LOW
MPLADS-007738,LEGITIMATE,0,LOW,NONE,LOW
MPLADS-007739,LEGITIMATE,0,LOW,NONE,LOW
MPLADS-007740,DELAYED_PROJECT,1,MEDIUM,TIMELINE,LOW
MPLADS-007741,DOCUMENTATION_ANOMALY,1,HIGH,DOCUMENTATION,HIGH
MPLADS-007742,LEGITIMATE,0,LOW,NONE,LOW
MPLADS-007743,LEGITIMATE,0,LOW,NONE,LOW
MPLADS-007744,HIGH_VALUE_LEGITIMATE,0,LOW,NONE,LOW
MPLADS-007745,LEGITIMATE,0,LOW,NONE,LOW
MPLADS-007746,COST_OVERRUN,1,HIGH,COST,HIGH
MPLADS-007747,LEGITIMATE,0,LOW,NONE,LOW
MPLADS-007748,SUSPICIOUS_PROCUREMENT,1,HIGH,PROCUREMENT,HIGH
MPLADS-007749,LEGITIMATE,0,LOW,NONE,LOW
MPLADS-007750,HIGH_VALUE_LEGITIMATE,0,MEDIUM,NONE,LOW
MPLADS-007751,LEGITIMATE,0,LOW,NONE,LOW
MPLADS-007752,LEGITIMATE,0,LOW,NONE,LOW
MPLADS-007753,LEGITIMATE,0,LOW,NONE,LOW
MPLADS-007754,LEGITIMATE,0,LOW,NONE,LOW
MPLADS-007755,CONTRACTOR_MONOPOLY,1,HIGH,CONTRACTOR,HIGH
MPLADS-007756,LEGITIMATE,0,LOW,NONE,LOW
MPLADS-007757,ABANDONED_PROJECT,1,HIGH,ABANDONED_PROJECT,HIGH
MPLADS-007758,LEGITIMATE,0,LOW,NONE,LOW
MPLADS-007759,LEGITIMATE,0,LOW,NONE,LOW
MPLADS-007760,LEGITIMATE,0,LOW,NONE,LOW
MPLADS-007761,LEGITIMATE,0,LOW,NONE,LOW
MPLADS-007762,LEGITIMATE,0,LOW,NONE,LOW
MPLADS-007763,LEGITIMATE,0,LOW,NONE,LOW
MPLADS-007764,LEGITIMATE,0,LOW,NONE,LOW
MPLADS-007765,CONTRACTOR_MONOPOLY,1,HIGH,CONTRACTOR,HIGH
MPLADS-007766,LEGITIMATE,0,LOW,NONE,LOW
MPLADS-007767,DOCUMENTATION_ANOMALY,1,HIGH,DOCUMENTATION,HIGH
MPLADS-007768,PAYMENT_PROGRESS_MISMATCH,1,CRITICAL,PROGRESS,URGENT
MPLADS-007769,LEGITIMATE,0,LOW,NONE,LOW
MPLADS-007770,LEGITIMATE,0,LOW,NONE,LOW
MPLADS-007771,LEGITIMATE,0,LOW,NONE,LOW
MPLADS-007772,LEGITIMATE,0,LOW,NONE,LOW
MPLADS-007773,LEGITIMATE,0,LOW,NONE,LOW
MPLADS-007774,COST_OVERRUN,1,HIGH,COST,HIGH
MPLADS-007775,HIGH_VALUE_LEGITIMATE,0,MEDIUM,NONE,LOW
MPLADS-007776,LEGITIMATE,0,LOW,NONE,LOW
MPLADS-007777,HIGH_VALUE_LEGITIMATE,0,LOW,NONE,LOW
MPLADS-007778,HIGH_VALUE_LEGITIMATE,0,MEDIUM,NONE,LOW
MPLADS-007779,LEGITIMATE,0,LOW,NONE,LOW
MPLADS-007780,CONTRACTOR_MONOPOLY,1,HIGH,CONTRACTOR,HIGH
MPLADS-007781,HIGH_VALUE_LEGITIMATE,0,MEDIUM,NONE,LOW
MPLADS-007782,DUPLICATE_PROJECT,1,HIGH,DUPLICATE_PROJECT,HIGH
MPLADS-007783,LEGITIMATE,0,LOW,NONE,LOW
MPLADS-007784,HIGH_VALUE_LEGITIMATE,0,LOW,NONE,LOW
MPLADS-007785,ABANDONED_PROJECT,1,HIGH,ABANDONED_PROJECT,HIGH
MPLADS-007786,LEGITIMATE,0,LOW,NONE,LOW
MPLADS-007787,HIGH_VALUE_LEGITIMATE,0,MEDIUM,NONE,LOW
MPLADS-007788,LEGITIMATE,0,LOW,NONE,LOW
MPLADS-007789,HIGH_VALUE_LEGITIMATE,0,LOW,NONE,LOW
MPLADS-007790,LEGITIMATE,0,LOW,NONE,LOW
MPLADS-007791,LEGITIMATE,0,LOW,NONE,LOW
MPLADS-007792,LEGITIMATE,0,LOW,NONE,LOW
MPLADS-007793,LEGITIMATE,0,LOW,NONE,LOW
MPLADS-007794,LEGITIMATE,0,LOW,NONE,LOW
MPLADS-007795,PAYMENT_PROGRESS_MISMATCH,1,CRITICAL,PROGRESS,URGENT
MPLADS-007796,LEGITIMATE,0,LOW,NONE,LOW
MPLADS-007797,COST_OVERRUN,1,HIGH,COST,HIGH
MPLADS-007798,SUSPICIOUS_CONTRACTOR,1,HIGH,SUSPICIOUS_CONTRACTOR,HIGH
MPLADS-007799,LEGITIMATE,0,LOW,NONE,LOW
MPLADS-007800,LEGITIMATE,0,LOW,NONE,LOW
MPLADS-007801,LEGITIMATE,0,LOW,NONE,LOW
MPLADS-007802,LEGITIMATE,0,LOW,NONE,LOW
MPLADS-007803,LEGITIMATE,0,LOW,NONE,LOW
MPLADS-007804,COST_OVERRUN,1,HIGH,COST,HIGH
MPLADS-007805,LEGITIMATE,0,LOW,NONE,LOW
MPLADS-007806,LEGITIMATE,0,LOW,NONE,LOW
MPLADS-007807,DUPLICATE_PROJECT,1,HIGH,DUPLICATE_PROJECT,HIGH
MPLADS-007808,LEGITIMATE,0,LOW,NONE,LOW
MPLADS-007809,LEGITIMATE,0,LOW,NONE,LOW
MPLADS-007810,LEGITIMATE,0,LOW,NONE,LOW
MPLADS-007811,LEGITIMATE,0,LOW,NONE,LOW
MPLADS-007812,HIGH_VALUE_LEGITIMATE,0,LOW,NONE,LOW
MPLADS-007813,HIGH_VALUE_LEGITIMATE,0,LOW,NONE,LOW
MPLADS-007814,LEGITIMATE,0,LOW,NONE,LOW
MPLADS-007815,LEGITIMATE,0,LOW,NONE,LOW
MPLADS-007816,LEGITIMATE,0,LOW,NONE,LOW
MPLADS-007817,LEGITIMATE,0,LOW,NONE,LOW
MPLADS-007818,LEGITIMATE,0,LOW,NONE,LOW
MPLADS-007819,LEGITIMATE,0,LOW,NONE,LOW
MPLADS-007820,LEGITIMATE,0,LOW,NONE,LOW
MPLADS-007821,LEGITIMATE,0,LOW,NONE,LOW
MPLADS-007822,LEGITIMATE,0,LOW,NONE,LOW
MPLADS-007823,LEGITIMATE,0,LOW,NONE,LOW
MPLADS-007824,LEGITIMATE,0,LOW,NONE,LOW
MPLADS-007825,LEGITIMATE,0,LOW,NONE,LOW
MPLADS-007826,LEGITIMATE,0,LOW,NONE,LOW
MPLADS-007827,LEGITIMATE,0,LOW,NONE,LOW
MPLADS-007828,LEGITIMATE,0,LOW,NONE,LOW
MPLADS-007829,PAYMENT_PROGRESS_MISMATCH,1,CRITICAL,PROGRESS,URGENT
MPLADS-007830,LEGITIMATE,0,LOW,NONE,LOW
MPLADS-007831,HIGH_VALUE_LEGITIMATE,0,LOW,NONE,LOW
MPLADS-007832,LEGITIMATE,0,LOW,NONE,LOW
MPLADS-007833,LEGITIMATE,0,LOW,NONE,LOW
MPLADS-007834,LEGITIMATE,0,LOW,NONE,LOW
MPLADS-007835,LEGITIMATE,0,LOW,NONE,LOW
MPLADS-007836,LEGITIMATE,0,LOW,NONE,LOW
MPLADS-007837,HIGH_VALUE_LEGITIMATE,0,MEDIUM,NONE,LOW
MPLADS-007838,LEGITIMATE,0,LOW,NONE,LOW
MPLADS-007839,PAYMENT_PROGRESS_MISMATCH,1,CRITICAL,PROGRESS,URGENT
MPLADS-007840,HIGH_VALUE_LEGITIMATE,0,LOW,NONE,LOW
MPLADS-007841,ABANDONED_PROJECT,1,HIGH,ABANDONED_PROJECT,HIGH
MPLADS-007842,LEGITIMATE,0,LOW,NONE,LOW
MPLADS-007843,LEGITIMATE,0,LOW,NONE,LOW
MPLADS-007844,LEGITIMATE,0,LOW,NONE,LOW
MPLADS-007845,DELAYED_PROJECT,1,MEDIUM,TIMELINE,LOW
MPLADS-007846,DUPLICATE_PROJECT,1,HIGH,DUPLICATE_PROJECT,HIGH
MPLADS-007847,LEGITIMATE,0,LOW,NONE,LOW
MPLADS-007848,LEGITIMATE,0,LOW,NONE,LOW
MPLADS-007849,LEGITIMATE,0,LOW,NONE,LOW
MPLADS-007850,LEGITIMATE,0,LOW,NONE,LOW
MPLADS-007851,SUSPICIOUS_CONTRACTOR,1,HIGH,SUSPICIOUS_CONTRACTOR,HIGH
MPLADS-007852,DELAYED_PROJECT,1,MEDIUM,TIMELINE,LOW
MPLADS-007853,LEGITIMATE,0,LOW,NONE,LOW
MPLADS-007854,LEGITIMATE,0,LOW,NONE,LOW
MPLADS-007855,LEGITIMATE,0,LOW,NONE,LOW
MPLADS-007856,HIGH_VALUE_LEGITIMATE,0,MEDIUM,NONE,LOW
MPLADS-007857,HIGH_VALUE_LEGITIMATE,0,MEDIUM,NONE,LOW
MPLADS-007858,LEGITIMATE,0,LOW,NONE,LOW
MPLADS-007859,LEGITIMATE,0,LOW,NONE,LOW
MPLADS-007860,LEGITIMATE,0,LOW,NONE,LOW
MPLADS-007861,LEGITIMATE,0,LOW,NONE,LOW
MPLADS-007862,SUSPICIOUS_PROCUREMENT,1,HIGH,PROCUREMENT,HIGH
MPLADS-007863,LEGITIMATE,0,LOW,NONE,LOW
MPLADS-007864,HIGH_VALUE_LEGITIMATE,0,MEDIUM,NONE,LOW
MPLADS-007865,LEGITIMATE,0,LOW,NONE,LOW
MPLADS-007866,LEGITIMATE,0,LOW,NONE,LOW
MPLADS-007867,LEGITIMATE,0,LOW,NONE,LOW
MPLADS-007868,LEGITIMATE,0,LOW,NONE,LOW
MPLADS-007869,COST_OVERRUN,1,HIGH,COST,HIGH
MPLADS-007870,LEGITIMATE,0,LOW,NONE,LOW
MPLADS-007871,LEGITIMATE,0,LOW,NONE,LOW
MPLADS-007872,HIGH_VALUE_LEGITIMATE,0,MEDIUM,NONE,LOW
MPLADS-007873,COST_OVERRUN,1,HIGH,COST,HIGH
MPLADS-007874,LEGITIMATE,0,LOW,NONE,LOW
MPLADS-007875,LEGITIMATE,0,LOW,NONE,LOW
MPLADS-007876,COST_OVERRUN,1,HIGH,COST,HIGH
MPLADS-007877,HIGH_VALUE_LEGITIMATE,0,LOW,NONE,LOW
MPLADS-007878,HIGH_VALUE_LEGITIMATE,0,LOW,NONE,LOW
MPLADS-007879,LEGITIMATE,0,LOW,NONE,LOW
MPLADS-007880,GHOST_WORK,1,CRITICAL,GHOST_WORK,URGENT
MPLADS-007881,LEGITIMATE,0,LOW,NONE,LOW
MPLADS-007882,COST_OVERRUN,1,HIGH,COST,HIGH
MPLADS-007883,LEGITIMATE,0,LOW,NONE,LOW
MPLADS-007884,LEGITIMATE,0,LOW,NONE,LOW
MPLADS-007885,HIGH_VALUE_LEGITIMATE,0,LOW,NONE,LOW
MPLADS-007886,HIGH_VALUE_LEGITIMATE,0,MEDIUM,NONE,LOW
MPLADS-007887,LEGITIMATE,0,LOW,NONE,LOW
MPLADS-007888,LEGITIMATE,0,LOW,NONE,LOW
MPLADS-007889,LEGITIMATE,0,LOW,NONE,LOW
MPLADS-007890,HIGH_VALUE_LEGITIMATE,0,MEDIUM,NONE,LOW
MPLADS-007891,ABANDONED_PROJECT,1,HIGH,ABANDONED_PROJECT,HIGH
MPLADS-007892,LEGITIMATE,0,LOW,NONE,LOW
MPLADS-007893,COST_OVERRUN,1,HIGH,COST,HIGH
MPLADS-007894,LEGITIMATE,0,LOW,NONE,LOW
MPLADS-007895,LEGITIMATE,0,LOW,NONE,LOW
MPLADS-007896,HIGH_VALUE_LEGITIMATE,0,LOW,NONE,LOW
MPLADS-007897,LEGITIMATE,0,LOW,NONE,LOW
MPLADS-007898,PAYMENT_PROGRESS_MISMATCH,1,CRITICAL,PROGRESS,URGENT
MPLADS-007899,LEGITIMATE,0,LOW,NONE,LOW
MPLADS-007900,HIGH_VALUE_LEGITIMATE,0,LOW,NONE,LOW
MPLADS-007901,HIGH_VALUE_LEGITIMATE,0,LOW,NONE,LOW
MPLADS-007902,LEGITIMATE,0,LOW,NONE,LOW
MPLADS-007903,SUSPICIOUS_PROCUREMENT,1,HIGH,PROCUREMENT,HIGH
MPLADS-007904,HIGH_VALUE_LEGITIMATE,0,LOW,NONE,LOW
MPLADS-007905,LEGITIMATE,0,LOW,NONE,LOW
MPLADS-007906,COST_OVERRUN,1,HIGH,COST,HIGH
MPLADS-007907,GHOST_WORK,1,CRITICAL,GHOST_WORK,URGENT
MPLADS-007908,LEGITIMATE,0,LOW,NONE,LOW
MPLADS-007909,LEGITIMATE,0,LOW,NONE,LOW
MPLADS-007910,HIGH_VALUE_LEGITIMATE,0,MEDIUM,NONE,LOW
MPLADS-007911,HIGH_VALUE_LEGITIMATE,0,MEDIUM,NONE,LOW
MPLADS-007912,LEGITIMATE,0,LOW,NONE,LOW
MPLADS-007913,LEGITIMATE,0,LOW,NONE,LOW
MPLADS-007914,LEGITIMATE,0,LOW,NONE,LOW
MPLADS-007915,LEGITIMATE,0,LOW,NONE,LOW
MPLADS-007916,GHOST_WORK,1,CRITICAL,GHOST_WORK,URGENT
MPLADS-007917,HIGH_VALUE_LEGITIMATE,0,MEDIUM,NONE,LOW
MPLADS-007918,LEGITIMATE,0,LOW,NONE,LOW
MPLADS-007919,LEGITIMATE,0,LOW,NONE,LOW
MPLADS-007920,LEGITIMATE,0,LOW,NONE,LOW
MPLADS-007921,LEGITIMATE,0,LOW,NONE,LOW
MPLADS-007922,PAYMENT_PROGRESS_MISMATCH,1,CRITICAL,PROGRESS,URGENT
MPLADS-007923,LEGITIMATE,0,LOW,NONE,LOW
MPLADS-007924,DOCUMENTATION_ANOMALY,1,HIGH,DOCUMENTATION,HIGH
MPLADS-007925,LEGITIMATE,0,LOW,NONE,LOW
MPLADS-007926,LEGITIMATE,0,LOW,NONE,LOW
MPLADS-007927,LEGITIMATE,0,LOW,NONE,LOW
MPLADS-007928,LEGITIMATE,0,LOW,NONE,LOW
MPLADS-007929,HIGH_VALUE_LEGITIMATE,0,MEDIUM,NONE,LOW
MPLADS-007930,HIGH_VALUE_LEGITIMATE,0,LOW,NONE,LOW
MPLADS-007931,SUSPICIOUS_PROCUREMENT,1,HIGH,PROCUREMENT,HIGH
MPLADS-007932,LEGITIMATE,0,LOW,NONE,LOW
MPLADS-007933,LEGITIMATE,0,LOW,NONE,LOW
MPLADS-007934,PAYMENT_PROGRESS_MISMATCH,1,CRITICAL,PROGRESS,URGENT
MPLADS-007935,LEGITIMATE,0,LOW,NONE,LOW
MPLADS-007936,LEGITIMATE,0,LOW,NONE,LOW
MPLADS-007937,LEGITIMATE,0,LOW,NONE,LOW
MPLADS-007938,LEGITIMATE,0,LOW,NONE,LOW
MPLADS-007939,LEGITIMATE,0,LOW,NONE,LOW
MPLADS-007940,LEGITIMATE,0,LOW,NONE,LOW
MPLADS-007941,LEGITIMATE,0,LOW,NONE,LOW
MPLADS-007942,HIGH_VALUE_LEGITIMATE,0,LOW,NONE,LOW
MPLADS-007943,LEGITIMATE,0,LOW,NONE,LOW
MPLADS-007944,LEGITIMATE,0,LOW,NONE,LOW
MPLADS-007945,LEGITIMATE,0,LOW,NONE,LOW
MPLADS-007946,LEGITIMATE,0,LOW,NONE,LOW
MPLADS-007947,LEGITIMATE,0,LOW,NONE,LOW
MPLADS-007948,LEGITIMATE,0,LOW,NONE,LOW
MPLADS-007949,LEGITIMATE,0,LOW,NONE,LOW
MPLADS-007950,LEGITIMATE,0,LOW,NONE,LOW
MPLADS-007951,DUPLICATE_PROJECT,1,HIGH,DUPLICATE_PROJECT,HIGH
MPLADS-007952,HIGH_VALUE_LEGITIMATE,0,LOW,NONE,LOW
MPLADS-007953,HIGH_VALUE_LEGITIMATE,0,LOW,NONE,LOW
MPLADS-007954,HIGH_VALUE_LEGITIMATE,0,LOW,NONE,LOW
MPLADS-007955,LEGITIMATE,0,LOW,NONE,LOW
MPLADS-007956,LEGITIMATE,0,LOW,NONE,LOW
MPLADS-007957,LEGITIMATE,0,LOW,NONE,LOW
MPLADS-007958,PAYMENT_PROGRESS_MISMATCH,1,CRITICAL,PROGRESS,URGENT
MPLADS-007959,LEGITIMATE,0,LOW,NONE,LOW
MPLADS-007960,DELAYED_PROJECT,1,MEDIUM,TIMELINE,LOW
MPLADS-007961,LEGITIMATE,0,LOW,NONE,LOW
MPLADS-007962,LEGITIMATE,0,LOW,NONE,LOW
MPLADS-007963,LEGITIMATE,0,LOW,NONE,LOW
MPLADS-007964,SUSPICIOUS_PROCUREMENT,1,HIGH,PROCUREMENT,HIGH
MPLADS-007965,LEGITIMATE,0,LOW,NONE,LOW
MPLADS-007966,LEGITIMATE,0,LOW,NONE,LOW
MPLADS-007967,LEGITIMATE,0,LOW,NONE,LOW
MPLADS-007968,HIGH_VALUE_LEGITIMATE,0,MEDIUM,NONE,LOW
MPLADS-007969,LEGITIMATE,0,LOW,NONE,LOW
MPLADS-007970,HIGH_VALUE_LEGITIMATE,0,LOW,NONE,LOW
MPLADS-007971,LEGITIMATE,0,LOW,NONE,LOW
MPLADS-007972,DOCUMENTATION_ANOMALY,1,HIGH,DOCUMENTATION,HIGH
MPLADS-007973,LEGITIMATE,0,LOW,NONE,LOW
MPLADS-007974,LEGITIMATE,0,LOW,NONE,LOW
MPLADS-007975,LEGITIMATE,0,LOW,NONE,LOW
MPLADS-007976,DELAYED_PROJECT,1,MEDIUM,TIMELINE,LOW
MPLADS-007977,LEGITIMATE,0,LOW,NONE,LOW
MPLADS-007978,LEGITIMATE,0,LOW,NONE,LOW
MPLADS-007979,HIGH_VALUE_LEGITIMATE,0,MEDIUM,NONE,LOW
MPLADS-007980,LEGITIMATE,0,LOW,NONE,LOW
MPLADS-007981,LEGITIMATE,0,LOW,NONE,LOW
MPLADS-007982,HIGH_VALUE_LEGITIMATE,0,LOW,NONE,LOW
MPLADS-007983,LEGITIMATE,0,LOW,NONE,LOW
MPLADS-007984,LEGITIMATE,0,LOW,NONE,LOW
MPLADS-007985,LEGITIMATE,0,LOW,NONE,LOW
MPLADS-007986,LEGITIMATE,0,LOW,NONE,LOW
MPLADS-007987,SUSPICIOUS_CONTRACTOR,1,HIGH,SUSPICIOUS_CONTRACTOR,HIGH
MPLADS-007988,LEGITIMATE,0,LOW,NONE,LOW
MPLADS-007989,COST_OVERRUN,1,HIGH,COST,HIGH
MPLADS-007990,LEGITIMATE,0,LOW,NONE,LOW
MPLADS-007991,LEGITIMATE,0,LOW,NONE,LOW
MPLADS-007992,LEGITIMATE,0,LOW,NONE,LOW
MPLADS-007993,COST_OVERRUN,1,HIGH,COST,HIGH
MPLADS-007994,LEGITIMATE,0,LOW,NONE,LOW
MPLADS-007995,LEGITIMATE,0,LOW,NONE,LOW
MPLADS-007996,DELAYED_PROJECT,1,MEDIUM,TIMELINE,LOW
MPLADS-007997,ABANDONED_PROJECT,1,HIGH,ABANDONED_PROJECT,HIGH
MPLADS-007998,PAYMENT_PROGRESS_MISMATCH,1,CRITICAL,PROGRESS,URGENT
MPLADS-007999,LEGITIMATE,0,LOW,NONE,LOW
MPLADS-008000,LEGITIMATE,0,LOW,NONE,LOW
MPLADS-008001,GHOST_WORK,1,CRITICAL,GHOST_WORK,URGENT
MPLADS-008002,LEGITIMATE,0,LOW,NONE,LOW
MPLADS-008003,LEGITIMATE,0,LOW,NONE,LOW
MPLADS-008004,SUSPICIOUS_CONTRACTOR,1,HIGH,SUSPICIOUS_CONTRACTOR,HIGH
MPLADS-008005,LEGITIMATE,0,LOW,NONE,LOW
MPLADS-008006,LEGITIMATE,0,LOW,NONE,LOW
MPLADS-008007,GHOST_WORK,1,CRITICAL,GHOST_WORK,URGENT
MPLADS-008008,LEGITIMATE,0,LOW,NONE,LOW
MPLADS-008009,LEGITIMATE,0,LOW,NONE,LOW
MPLADS-008010,LEGITIMATE,0,LOW,NONE,LOW
MPLADS-008011,LEGITIMATE,0,LOW,NONE,LOW
MPLADS-008012,DELAYED_PROJECT,1,MEDIUM,TIMELINE,LOW
MPLADS-008013,LEGITIMATE,0,LOW,NONE,LOW
MPLADS-008014,LEGITIMATE,0,LOW,NONE,LOW
MPLADS-008015,HIGH_VALUE_LEGITIMATE,0,LOW,NONE,LOW
MPLADS-008016,LEGITIMATE,0,LOW,NONE,LOW
MPLADS-008017,HIGH_VALUE_LEGITIMATE,0,LOW,NONE,LOW
MPLADS-008018,DUPLICATE_PROJECT,1,HIGH,DUPLICATE_PROJECT,HIGH
MPLADS-008019,LEGITIMATE,0,LOW,NONE,LOW
MPLADS-008020,LEGITIMATE,0,LOW,NONE,LOW
MPLADS-008021,DELAYED_PROJECT,1,MEDIUM,TIMELINE,LOW
MPLADS-008022,DELAYED_PROJECT,1,MEDIUM,TIMELINE,LOW
MPLADS-008023,LEGITIMATE,0,LOW,NONE,LOW
MPLADS-008024,LEGITIMATE,0,LOW,NONE,LOW
MPLADS-008025,LEGITIMATE,0,LOW,NONE,LOW
MPLADS-008026,COST_OVERRUN,1,HIGH,COST,HIGH
MPLADS-008027,LEGITIMATE,0,LOW,NONE,LOW
MPLADS-008028,LEGITIMATE,0,LOW,NONE,LOW
MPLADS-008029,HIGH_VALUE_LEGITIMATE,0,MEDIUM,NONE,LOW
MPLADS-008030,LEGITIMATE,0,LOW,NONE,LOW
MPLADS-008031,LEGITIMATE,0,LOW,NONE,LOW
MPLADS-008032,DELAYED_PROJECT,1,MEDIUM,TIMELINE,LOW
MPLADS-008033,LEGITIMATE,0,LOW,NONE,LOW
MPLADS-008034,PAYMENT_PROGRESS_MISMATCH,1,CRITICAL,PROGRESS,URGENT
MPLADS-008035,DUPLICATE_PROJECT,1,HIGH,DUPLICATE_PROJECT,HIGH
MPLADS-008036,LEGITIMATE,0,LOW,NONE,LOW
MPLADS-008037,LEGITIMATE,0,LOW,NONE,LOW
MPLADS-008038,HIGH_VALUE_LEGITIMATE,0,MEDIUM,NONE,LOW
MPLADS-008039,LEGITIMATE,0,LOW,NONE,LOW
MPLADS-008040,LEGITIMATE,0,LOW,NONE,LOW
MPLADS-008041,LEGITIMATE,0,LOW,NONE,LOW
MPLADS-008042,SUSPICIOUS_CONTRACTOR,1,HIGH,SUSPICIOUS_CONTRACTOR,HIGH
MPLADS-008043,LEGITIMATE,0,LOW,NONE,LOW
MPLADS-008044,LEGITIMATE,0,LOW,NONE,LOW
MPLADS-008045,LEGITIMATE,0,LOW,NONE,LOW
MPLADS-008046,LEGITIMATE,0,LOW,NONE,LOW
MPLADS-008047,LEGITIMATE,0,LOW,NONE,LOW
MPLADS-008048,COST_OVERRUN,1,HIGH,COST,HIGH
MPLADS-008049,LEGITIMATE,0,LOW,NONE,LOW
MPLADS-008050,SUSPICIOUS_CONTRACTOR,1,HIGH,SUSPICIOUS_CONTRACTOR,HIGH
MPLADS-008051,DOCUMENTATION_ANOMALY,1,HIGH,DOCUMENTATION,HIGH
MPLADS-008052,LEGITIMATE,0,LOW,NONE,LOW
MPLADS-008053,LEGITIMATE,0,LOW,NONE,LOW
MPLADS-008054,LEGITIMATE,0,LOW,NONE,LOW
MPLADS-008055,LEGITIMATE,0,LOW,NONE,LOW
MPLADS-008056,LEGITIMATE,0,LOW,NONE,LOW
MPLADS-008057,COST_OVERRUN,1,HIGH,COST,HIGH
MPLADS-008058,LEGITIMATE,0,LOW,NONE,LOW
MPLADS-008059,LEGITIMATE,0,LOW,NONE,LOW
MPLADS-008060,HIGH_VALUE_LEGITIMATE,0,MEDIUM,NONE,LOW
MPLADS-008061,LEGITIMATE,0,LOW,NONE,LOW
MPLADS-008062,LEGITIMATE,0,LOW,NONE,LOW
MPLADS-008063,LEGITIMATE,0,LOW,NONE,LOW
MPLADS-008064,DUPLICATE_PROJECT,1,HIGH,DUPLICATE_PROJECT,HIGH
MPLADS-008065,COST_OVERRUN,1,HIGH,COST,HIGH
MPLADS-008066,HIGH_VALUE_LEGITIMATE,0,LOW,NONE,LOW
MPLADS-008067,LEGITIMATE,0,LOW,NONE,LOW
MPLADS-008068,HIGH_VALUE_LEGITIMATE,0,MEDIUM,NONE,LOW
MPLADS-008069,COST_OVERRUN,1,HIGH,COST,HIGH
MPLADS-008070,LEGITIMATE,0,LOW,NONE,LOW
MPLADS-008071,LEGITIMATE,0,LOW,NONE,LOW
MPLADS-008072,LEGITIMATE,0,LOW,NONE,LOW
MPLADS-008073,LEGITIMATE,0,LOW,NONE,LOW
MPLADS-008074,LEGITIMATE,0,LOW,NONE,LOW
MPLADS-008075,LEGITIMATE,0,LOW,NONE,LOW
MPLADS-008076,LEGITIMATE,0,LOW,NONE,LOW
MPLADS-008077,HIGH_VALUE_LEGITIMATE,0,LOW,NONE,LOW
MPLADS-008078,LEGITIMATE,0,LOW,NONE,LOW
MPLADS-008079,DELAYED_PROJECT,1,MEDIUM,TIMELINE,LOW
MPLADS-008080,LEGITIMATE,0,LOW,NONE,LOW
MPLADS-008081,LEGITIMATE,0,LOW,NONE,LOW
MPLADS-008082,LEGITIMATE,0,LOW,NONE,LOW
MPLADS-008083,HIGH_VALUE_LEGITIMATE,0,LOW,NONE,LOW
MPLADS-008084,HIGH_VALUE_LEGITIMATE,0,LOW,NONE,LOW
MPLADS-008085,HIGH_VALUE_LEGITIMATE,0,MEDIUM,NONE,LOW
MPLADS-008086,LEGITIMATE,0,LOW,NONE,LOW
MPLADS-008087,LEGITIMATE,0,LOW,NONE,LOW
MPLADS-008088,LEGITIMATE,0,LOW,NONE,LOW
MPLADS-008089,LEGITIMATE,0,LOW,NONE,LOW
MPLADS-008090,LEGITIMATE,0,LOW,NONE,LOW
MPLADS-008091,HIGH_VALUE_LEGITIMATE,0,LOW,NONE,LOW
MPLADS-008092,LEGITIMATE,0,LOW,NONE,LOW
MPLADS-008093,LEGITIMATE,0,LOW,NONE,LOW
MPLADS-008094,HIGH_VALUE_LEGITIMATE,0,LOW,NONE,LOW
MPLADS-008095,HIGH_VALUE_LEGITIMATE,0,LOW,NONE,LOW
MPLADS-008096,LEGITIMATE,0,LOW,NONE,LOW
MPLADS-008097,LEGITIMATE,0,LOW,NONE,LOW
MPLADS-008098,LEGITIMATE,0,LOW,NONE,LOW
MPLADS-008099,LEGITIMATE,0,LOW,NONE,LOW
MPLADS-008100,LEGITIMATE,0,LOW,NONE,LOW
MPLADS-008101,LEGITIMATE,0,LOW,NONE,LOW
MPLADS-008102,LEGITIMATE,0,LOW,NONE,LOW
MPLADS-008103,SUSPICIOUS_PROCUREMENT,1,HIGH,PROCUREMENT,HIGH
MPLADS-008104,LEGITIMATE,0,LOW,NONE,LOW
MPLADS-008105,PAYMENT_PROGRESS_MISMATCH,1,CRITICAL,PROGRESS,URGENT
MPLADS-008106,SUSPICIOUS_CONTRACTOR,1,HIGH,SUSPICIOUS_CONTRACTOR,HIGH
MPLADS-008107,LEGITIMATE,0,LOW,NONE,LOW
MPLADS-008108,SUSPICIOUS_CONTRACTOR,1,HIGH,SUSPICIOUS_CONTRACTOR,HIGH
MPLADS-008109,LEGITIMATE,0,LOW,NONE,LOW
MPLADS-008110,LEGITIMATE,0,LOW,NONE,LOW
MPLADS-008111,LEGITIMATE,0,LOW,NONE,LOW
MPLADS-008112,LEGITIMATE,0,LOW,NONE,LOW
MPLADS-008113,LEGITIMATE,0,LOW,NONE,LOW
MPLADS-008114,LEGITIMATE,0,LOW,NONE,LOW
MPLADS-008115,LEGITIMATE,0,LOW,NONE,LOW
MPLADS-008116,LEGITIMATE,0,LOW,NONE,LOW
MPLADS-008117,LEGITIMATE,0,LOW,NONE,LOW
MPLADS-008118,LEGITIMATE,0,LOW,NONE,LOW
MPLADS-008119,LEGITIMATE,0,LOW,NONE,LOW
MPLADS-008120,LEGITIMATE,0,LOW,NONE,LOW
MPLADS-008121,LEGITIMATE,0,LOW,NONE,LOW
MPLADS-008122,LEGITIMATE,0,LOW,NONE,LOW
MPLADS-008123,LEGITIMATE,0,LOW,NONE,LOW
MPLADS-008124,LEGITIMATE,0,LOW,NONE,LOW
MPLADS-008125,LEGITIMATE,0,LOW,NONE,LOW
MPLADS-008126,LEGITIMATE,0,LOW,NONE,LOW
MPLADS-008127,LEGITIMATE,0,LOW,NONE,LOW
MPLADS-008128,LEGITIMATE,0,LOW,NONE,LOW
MPLADS-008129,LEGITIMATE,0,LOW,NONE,LOW
MPLADS-008130,LEGITIMATE,0,LOW,NONE,LOW
MPLADS-008131,HIGH_VALUE_LEGITIMATE,0,LOW,NONE,LOW
MPLADS-008132,LEGITIMATE,0,LOW,NONE,LOW
MPLADS-008133,LEGITIMATE,0,LOW,NONE,LOW
MPLADS-008134,LEGITIMATE,0,LOW,NONE,LOW
MPLADS-008135,HIGH_VALUE_LEGITIMATE,0,LOW,NONE,LOW
MPLADS-008136,HIGH_VALUE_LEGITIMATE,0,MEDIUM,NONE,LOW
MPLADS-008137,COST_OVERRUN,1,HIGH,COST,HIGH
MPLADS-008138,HIGH_VALUE_LEGITIMATE,0,LOW,NONE,LOW
MPLADS-008139,LEGITIMATE,0,LOW,NONE,LOW
MPLADS-008140,LEGITIMATE,0,LOW,NONE,LOW
MPLADS-008141,CONTRACTOR_MONOPOLY,1,HIGH,CONTRACTOR,HIGH
MPLADS-008142,LEGITIMATE,0,LOW,NONE,LOW
MPLADS-008143,COST_OVERRUN,1,HIGH,COST,HIGH
MPLADS-008144,LEGITIMATE,0,LOW,NONE,LOW
MPLADS-008145,LEGITIMATE,0,LOW,NONE,LOW
MPLADS-008146,LEGITIMATE,0,LOW,NONE,LOW
MPLADS-008147,HIGH_VALUE_LEGITIMATE,0,LOW,NONE,LOW
MPLADS-008148,LEGITIMATE,0,LOW,NONE,LOW
MPLADS-008149,COST_OVERRUN,1,HIGH,COST,HIGH
MPLADS-008150,LEGITIMATE,0,LOW,NONE,LOW
MPLADS-008151,COST_OVERRUN,1,HIGH,COST,HIGH
MPLADS-008152,DELAYED_PROJECT,1,MEDIUM,TIMELINE,LOW
MPLADS-008153,LEGITIMATE,0,LOW,NONE,LOW
MPLADS-008154,HIGH_VALUE_LEGITIMATE,0,LOW,NONE,LOW
MPLADS-008155,LEGITIMATE,0,LOW,NONE,LOW
MPLADS-008156,LEGITIMATE,0,LOW,NONE,LOW
MPLADS-008157,LEGITIMATE,0,LOW,NONE,LOW
MPLADS-008158,LEGITIMATE,0,LOW,NONE,LOW
MPLADS-008159,LEGITIMATE,0,LOW,NONE,LOW
MPLADS-008160,LEGITIMATE,0,LOW,NONE,LOW
MPLADS-008161,LEGITIMATE,0,LOW,NONE,LOW
MPLADS-008162,HIGH_VALUE_LEGITIMATE,0,LOW,NONE,LOW
MPLADS-008163,LEGITIMATE,0,LOW,NONE,LOW
MPLADS-008164,CONTRACTOR_MONOPOLY,1,HIGH,CONTRACTOR,HIGH
MPLADS-008165,LEGITIMATE,0,LOW,NONE,LOW
MPLADS-008166,LEGITIMATE,0,LOW,NONE,LOW
MPLADS-008167,LEGITIMATE,0,LOW,NONE,LOW
MPLADS-008168,LEGITIMATE,0,LOW,NONE,LOW
MPLADS-008169,LEGITIMATE,0,LOW,NONE,LOW
MPLADS-008170,LEGITIMATE,0,LOW,NONE,LOW
MPLADS-008171,HIGH_VALUE_LEGITIMATE,0,MEDIUM,NONE,LOW
MPLADS-008172,COST_OVERRUN,1,HIGH,COST,HIGH
MPLADS-008173,LEGITIMATE,0,LOW,NONE,LOW
MPLADS-008174,LEGITIMATE,0,LOW,NONE,LOW
MPLADS-008175,LEGITIMATE,0,LOW,NONE,LOW
MPLADS-008176,LEGITIMATE,0,LOW,NONE,LOW
MPLADS-008177,LEGITIMATE,0,LOW,NONE,LOW
MPLADS-008178,LEGITIMATE,0,LOW,NONE,LOW
MPLADS-008179,HIGH_VALUE_LEGITIMATE,0,MEDIUM,NONE,LOW
MPLADS-008180,LEGITIMATE,0,LOW,NONE,LOW
MPLADS-008181,PAYMENT_PROGRESS_MISMATCH,1,CRITICAL,PROGRESS,URGENT
MPLADS-008182,LEGITIMATE,0,LOW,NONE,LOW
MPLADS-008183,LEGITIMATE,0,LOW,NONE,LOW
MPLADS-008184,LEGITIMATE,0,LOW,NONE,LOW
MPLADS-008185,LEGITIMATE,0,LOW,NONE,LOW
MPLADS-008186,LEGITIMATE,0,LOW,NONE,LOW
MPLADS-008187,LEGITIMATE,0,LOW,NONE,LOW
MPLADS-008188,DELAYED_PROJECT,1,MEDIUM,TIMELINE,LOW
MPLADS-008189,LEGITIMATE,0,LOW,NONE,LOW
MPLADS-008190,LEGITIMATE,0,LOW,NONE,LOW
MPLADS-008191,HIGH_VALUE_LEGITIMATE,0,LOW,NONE,LOW
MPLADS-008192,COST_OVERRUN,1,HIGH,COST,HIGH
MPLADS-008193,COST_OVERRUN,1,HIGH,COST,HIGH
MPLADS-008194,HIGH_VALUE_LEGITIMATE,0,MEDIUM,NONE,LOW
MPLADS-008195,LEGITIMATE,0,LOW,NONE,LOW
MPLADS-008196,LEGITIMATE,0,LOW,NONE,LOW
MPLADS-008197,LEGITIMATE,0,LOW,NONE,LOW
MPLADS-008198,LEGITIMATE,0,LOW,NONE,LOW
MPLADS-008199,PAYMENT_PROGRESS_MISMATCH,1,CRITICAL,PROGRESS,URGENT
MPLADS-008200,LEGITIMATE,0,LOW,NONE,LOW
MPLADS-008201,LEGITIMATE,0,LOW,NONE,LOW
MPLADS-008202,LEGITIMATE,0,LOW,NONE,LOW
MPLADS-008203,LEGITIMATE,0,LOW,NONE,LOW
MPLADS-008204,LEGITIMATE,0,LOW,NONE,LOW
MPLADS-008205,LEGITIMATE,0,LOW,NONE,LOW
MPLADS-008206,LEGITIMATE,0,LOW,NONE,LOW
MPLADS-008207,HIGH_VALUE_LEGITIMATE,0,MEDIUM,NONE,LOW
MPLADS-008208,LEGITIMATE,0,LOW,NONE,LOW
MPLADS-008209,LEGITIMATE,0,LOW,NONE,LOW
MPLADS-008210,HIGH_VALUE_LEGITIMATE,0,LOW,NONE,LOW
MPLADS-008211,LEGITIMATE,0,LOW,NONE,LOW
MPLADS-008212,LEGITIMATE,0,LOW,NONE,LOW
MPLADS-008213,PAYMENT_PROGRESS_MISMATCH,1,CRITICAL,PROGRESS,URGENT
MPLADS-008214,LEGITIMATE,0,LOW,NONE,LOW
MPLADS-008215,COST_OVERRUN,1,HIGH,COST,HIGH
MPLADS-008216,HIGH_VALUE_LEGITIMATE,0,MEDIUM,NONE,LOW
MPLADS-008217,HIGH_VALUE_LEGITIMATE,0,MEDIUM,NONE,LOW
MPLADS-008218,GHOST_WORK,1,CRITICAL,GHOST_WORK,URGENT
MPLADS-008219,LEGITIMATE,0,LOW,NONE,LOW
MPLADS-008220,LEGITIMATE,0,LOW,NONE,LOW
MPLADS-008221,LEGITIMATE,0,LOW,NONE,LOW
MPLADS-008222,HIGH_VALUE_LEGITIMATE,0,LOW,NONE,LOW
MPLADS-008223,LEGITIMATE,0,LOW,NONE,LOW
MPLADS-008224,LEGITIMATE,0,LOW,NONE,LOW
MPLADS-008225,LEGITIMATE,0,LOW,NONE,LOW
MPLADS-008226,LEGITIMATE,0,LOW,NONE,LOW
MPLADS-008227,HIGH_VALUE_LEGITIMATE,0,MEDIUM,NONE,LOW
MPLADS-008228,LEGITIMATE,0,LOW,NONE,LOW
MPLADS-008229,LEGITIMATE,0,LOW,NONE,LOW
MPLADS-008230,HIGH_VALUE_LEGITIMATE,0,LOW,NONE,LOW
MPLADS-008231,ABANDONED_PROJECT,1,HIGH,ABANDONED_PROJECT,HIGH
MPLADS-008232,SUSPICIOUS_CONTRACTOR,1,HIGH,SUSPICIOUS_CONTRACTOR,HIGH
MPLADS-008233,LEGITIMATE,0,LOW,NONE,LOW
MPLADS-008234,LEGITIMATE,0,LOW,NONE,LOW
MPLADS-008235,GHOST_WORK,1,CRITICAL,GHOST_WORK,URGENT
MPLADS-008236,LEGITIMATE,0,LOW,NONE,LOW
MPLADS-008237,HIGH_VALUE_LEGITIMATE,0,MEDIUM,NONE,LOW
MPLADS-008238,SUSPICIOUS_PROCUREMENT,1,HIGH,PROCUREMENT,HIGH
MPLADS-008239,LEGITIMATE,0,LOW,NONE,LOW
MPLADS-008240,LEGITIMATE,0,LOW,NONE,LOW
MPLADS-008241,LEGITIMATE,0,LOW,NONE,LOW
MPLADS-008242,LEGITIMATE,0,LOW,NONE,LOW
MPLADS-008243,PAYMENT_PROGRESS_MISMATCH,1,CRITICAL,PROGRESS,URGENT
MPLADS-008244,LEGITIMATE,0,LOW,NONE,LOW
MPLADS-008245,LEGITIMATE,0,LOW,NONE,LOW
MPLADS-008246,HIGH_VALUE_LEGITIMATE,0,MEDIUM,NONE,LOW
MPLADS-008247,HIGH_VALUE_LEGITIMATE,0,MEDIUM,NONE,LOW
MPLADS-008248,LEGITIMATE,0,LOW,NONE,LOW
MPLADS-008249,PAYMENT_PROGRESS_MISMATCH,1,CRITICAL,PROGRESS,URGENT
MPLADS-008250,DUPLICATE_PROJECT,1,HIGH,DUPLICATE_PROJECT,HIGH
MPLADS-008251,ABANDONED_PROJECT,1,HIGH,ABANDONED_PROJECT,HIGH
MPLADS-008252,LEGITIMATE,0,LOW,NONE,LOW
MPLADS-008253,HIGH_VALUE_LEGITIMATE,0,LOW,NONE,LOW
MPLADS-008254,LEGITIMATE,0,LOW,NONE,LOW
MPLADS-008255,LEGITIMATE,0,LOW,NONE,LOW
MPLADS-008256,LEGITIMATE,0,LOW,NONE,LOW
MPLADS-008257,LEGITIMATE,0,LOW,NONE,LOW
MPLADS-008258,LEGITIMATE,0,LOW,NONE,LOW
MPLADS-008259,LEGITIMATE,0,LOW,NONE,LOW
MPLADS-008260,LEGITIMATE,0,LOW,NONE,LOW
MPLADS-008261,LEGITIMATE,0,LOW,NONE,LOW
MPLADS-008262,LEGITIMATE,0,LOW,NONE,LOW
MPLADS-008263,LEGITIMATE,0,LOW,NONE,LOW
MPLADS-008264,COST_OVERRUN,1,HIGH,COST,HIGH
MPLADS-008265,LEGITIMATE,0,LOW,NONE,LOW
MPLADS-008266,LEGITIMATE,0,LOW,NONE,LOW
MPLADS-008267,LEGITIMATE,0,LOW,NONE,LOW
MPLADS-008268,LEGITIMATE,0,LOW,NONE,LOW
MPLADS-008269,LEGITIMATE,0,LOW,NONE,LOW
MPLADS-008270,HIGH_VALUE_LEGITIMATE,0,LOW,NONE,LOW
MPLADS-008271,SUSPICIOUS_PROCUREMENT,1,HIGH,PROCUREMENT,HIGH
MPLADS-008272,LEGITIMATE,0,LOW,NONE,LOW
MPLADS-008273,LEGITIMATE,0,LOW,NONE,LOW
MPLADS-008274,HIGH_VALUE_LEGITIMATE,0,LOW,NONE,LOW
MPLADS-008275,HIGH_VALUE_LEGITIMATE,0,LOW,NONE,LOW
MPLADS-008276,HIGH_VALUE_LEGITIMATE,0,LOW,NONE,LOW
MPLADS-008277,HIGH_VALUE_LEGITIMATE,0,LOW,NONE,LOW
MPLADS-008278,COST_OVERRUN,1,HIGH,COST,HIGH
MPLADS-008279,LEGITIMATE,0,LOW,NONE,LOW
MPLADS-008280,DELAYED_PROJECT,1,MEDIUM,TIMELINE,LOW
MPLADS-008281,CONTRACTOR_MONOPOLY,1,HIGH,CONTRACTOR,HIGH
MPLADS-008282,LEGITIMATE,0,LOW,NONE,LOW
MPLADS-008283,LEGITIMATE,0,LOW,NONE,LOW
MPLADS-008284,SUSPICIOUS_CONTRACTOR,1,HIGH,SUSPICIOUS_CONTRACTOR,HIGH
MPLADS-008285,COST_OVERRUN,1,HIGH,COST,HIGH
MPLADS-008286,LEGITIMATE,0,LOW,NONE,LOW
MPLADS-008287,LEGITIMATE,0,LOW,NONE,LOW
MPLADS-008288,PAYMENT_PROGRESS_MISMATCH,1,CRITICAL,PROGRESS,URGENT
MPLADS-008289,LEGITIMATE,0,LOW,NONE,LOW
MPLADS-008290,LEGITIMATE,0,LOW,NONE,LOW
MPLADS-008291,LEGITIMATE,0,LOW,NONE,LOW
MPLADS-008292,LEGITIMATE,0,LOW,NONE,LOW
MPLADS-008293,LEGITIMATE,0,LOW,NONE,LOW
MPLADS-008294,LEGITIMATE,0,LOW,NONE,LOW
MPLADS-008295,LEGITIMATE,0,LOW,NONE,LOW
MPLADS-008296,LEGITIMATE,0,LOW,NONE,LOW
MPLADS-008297,LEGITIMATE,0,LOW,NONE,LOW
MPLADS-008298,LEGITIMATE,0,LOW,NONE,LOW
MPLADS-008299,COST_OVERRUN,1,HIGH,COST,HIGH
MPLADS-008300,LEGITIMATE,0,LOW,NONE,LOW
MPLADS-008301,LEGITIMATE,0,LOW,NONE,LOW
MPLADS-008302,LEGITIMATE,0,LOW,NONE,LOW
MPLADS-008303,LEGITIMATE,0,LOW,NONE,LOW
MPLADS-008304,LEGITIMATE,0,LOW,NONE,LOW
MPLADS-008305,PAYMENT_PROGRESS_MISMATCH,1,CRITICAL,PROGRESS,URGENT
MPLADS-008306,LEGITIMATE,0,LOW,NONE,LOW
MPLADS-008307,DELAYED_PROJECT,1,MEDIUM,TIMELINE,LOW
MPLADS-008308,LEGITIMATE,0,LOW,NONE,LOW
MPLADS-008309,LEGITIMATE,0,LOW,NONE,LOW
MPLADS-008310,DELAYED_PROJECT,1,MEDIUM,TIMELINE,LOW
MPLADS-008311,LEGITIMATE,0,LOW,NONE,LOW
MPLADS-008312,LEGITIMATE,0,LOW,NONE,LOW
MPLADS-008313,LEGITIMATE,0,LOW,NONE,LOW
MPLADS-008314,HIGH_VALUE_LEGITIMATE,0,LOW,NONE,LOW
MPLADS-008315,HIGH_VALUE_LEGITIMATE,0,LOW,NONE,LOW
MPLADS-008316,LEGITIMATE,0,LOW,NONE,LOW
MPLADS-008317,HIGH_VALUE_LEGITIMATE,0,MEDIUM,NONE,LOW
MPLADS-008318,LEGITIMATE,0,LOW,NONE,LOW
MPLADS-008319,LEGITIMATE,0,LOW,NONE,LOW
MPLADS-008320,GHOST_WORK,1,CRITICAL,GHOST_WORK,URGENT
MPLADS-008321,LEGITIMATE,0,LOW,NONE,LOW
MPLADS-008322,HIGH_VALUE_LEGITIMATE,0,MEDIUM,NONE,LOW
MPLADS-008323,CONTRACTOR_MONOPOLY,1,HIGH,CONTRACTOR,HIGH
MPLADS-008324,HIGH_VALUE_LEGITIMATE,0,MEDIUM,NONE,LOW
MPLADS-008325,DELAYED_PROJECT,1,MEDIUM,TIMELINE,LOW
MPLADS-008326,PAYMENT_PROGRESS_MISMATCH,1,CRITICAL,PROGRESS,URGENT
MPLADS-008327,DELAYED_PROJECT,1,MEDIUM,TIMELINE,LOW
MPLADS-008328,LEGITIMATE,0,LOW,NONE,LOW
MPLADS-008329,DELAYED_PROJECT,1,MEDIUM,TIMELINE,LOW
MPLADS-008330,LEGITIMATE,0,LOW,NONE,LOW
MPLADS-008331,LEGITIMATE,0,LOW,NONE,LOW
MPLADS-008332,LEGITIMATE,0,LOW,NONE,LOW
MPLADS-008333,LEGITIMATE,0,LOW,NONE,LOW
MPLADS-008334,LEGITIMATE,0,LOW,NONE,LOW
MPLADS-008335,LEGITIMATE,0,LOW,NONE,LOW
MPLADS-008336,LEGITIMATE,0,LOW,NONE,LOW
MPLADS-008337,LEGITIMATE,0,LOW,NONE,LOW
MPLADS-008338,LEGITIMATE,0,LOW,NONE,LOW
MPLADS-008339,COST_OVERRUN,1,HIGH,COST,HIGH
MPLADS-008340,DELAYED_PROJECT,1,MEDIUM,TIMELINE,LOW
MPLADS-008341,LEGITIMATE,0,LOW,NONE,LOW
MPLADS-008342,LEGITIMATE,0,LOW,NONE,LOW
MPLADS-008343,LEGITIMATE,0,LOW,NONE,LOW
MPLADS-008344,LEGITIMATE,0,LOW,NONE,LOW
MPLADS-008345,LEGITIMATE,0,LOW,NONE,LOW
MPLADS-008346,LEGITIMATE,0,LOW,NONE,LOW
MPLADS-008347,HIGH_VALUE_LEGITIMATE,0,MEDIUM,NONE,LOW
MPLADS-008348,HIGH_VALUE_LEGITIMATE,0,LOW,NONE,LOW
MPLADS-008349,HIGH_VALUE_LEGITIMATE,0,LOW,NONE,LOW
MPLADS-008350,LEGITIMATE,0,LOW,NONE,LOW
MPLADS-008351,LEGITIMATE,0,LOW,NONE,LOW
MPLADS-008352,PAYMENT_PROGRESS_MISMATCH,1,CRITICAL,PROGRESS,URGENT
MPLADS-008353,LEGITIMATE,0,LOW,NONE,LOW
MPLADS-008354,DUPLICATE_PROJECT,1,HIGH,DUPLICATE_PROJECT,HIGH
MPLADS-008355,LEGITIMATE,0,LOW,NONE,LOW
MPLADS-008356,HIGH_VALUE_LEGITIMATE,0,MEDIUM,NONE,LOW
MPLADS-008357,SUSPICIOUS_PROCUREMENT,1,HIGH,PROCUREMENT,HIGH
MPLADS-008358,LEGITIMATE,0,LOW,NONE,LOW
MPLADS-008359,LEGITIMATE,0,LOW,NONE,LOW
MPLADS-008360,LEGITIMATE,0,LOW,NONE,LOW
MPLADS-008361,LEGITIMATE,0,LOW,NONE,LOW
MPLADS-008362,HIGH_VALUE_LEGITIMATE,0,LOW,NONE,LOW
MPLADS-008363,LEGITIMATE,0,LOW,NONE,LOW
MPLADS-008364,DELAYED_PROJECT,1,MEDIUM,TIMELINE,LOW
MPLADS-008365,LEGITIMATE,0,LOW,NONE,LOW
MPLADS-008366,DUPLICATE_PROJECT,1,HIGH,DUPLICATE_PROJECT,HIGH
MPLADS-008367,SUSPICIOUS_CONTRACTOR,1,HIGH,SUSPICIOUS_CONTRACTOR,HIGH
MPLADS-008368,LEGITIMATE,0,LOW,NONE,LOW
MPLADS-008369,LEGITIMATE,0,LOW,NONE,LOW
MPLADS-008370,GHOST_WORK,1,CRITICAL,GHOST_WORK,URGENT
MPLADS-008371,LEGITIMATE,0,LOW,NONE,LOW
MPLADS-008372,LEGITIMATE,0,LOW,NONE,LOW
MPLADS-008373,HIGH_VALUE_LEGITIMATE,0,LOW,NONE,LOW
MPLADS-008374,HIGH_VALUE_LEGITIMATE,0,MEDIUM,NONE,LOW
MPLADS-008375,LEGITIMATE,0,LOW,NONE,LOW
MPLADS-008376,LEGITIMATE,0,LOW,NONE,LOW
MPLADS-008377,LEGITIMATE,0,LOW,NONE,LOW
MPLADS-008378,LEGITIMATE,0,LOW,NONE,LOW
MPLADS-008379,LEGITIMATE,0,LOW,NONE,LOW
MPLADS-008380,PAYMENT_PROGRESS_MISMATCH,1,CRITICAL,PROGRESS,URGENT
MPLADS-008381,LEGITIMATE,0,LOW,NONE,LOW
MPLADS-008382,HIGH_VALUE_LEGITIMATE,0,MEDIUM,NONE,LOW
MPLADS-008383,LEGITIMATE,0,LOW,NONE,LOW
MPLADS-008384,LEGITIMATE,0,LOW,NONE,LOW
MPLADS-008385,LEGITIMATE,0,LOW,NONE,LOW
MPLADS-008386,HIGH_VALUE_LEGITIMATE,0,LOW,NONE,LOW
MPLADS-008387,LEGITIMATE,0,LOW,NONE,LOW
MPLADS-008388,HIGH_VALUE_LEGITIMATE,0,MEDIUM,NONE,LOW
MPLADS-008389,HIGH_VALUE_LEGITIMATE,0,LOW,NONE,LOW
MPLADS-008390,CONTRACTOR_MONOPOLY,1,HIGH,CONTRACTOR,HIGH
MPLADS-008391,SUSPICIOUS_CONTRACTOR,1,HIGH,SUSPICIOUS_CONTRACTOR,HIGH
MPLADS-008392,PAYMENT_PROGRESS_MISMATCH,1,CRITICAL,PROGRESS,URGENT
MPLADS-008393,LEGITIMATE,0,LOW,NONE,LOW
MPLADS-008394,COST_OVERRUN,1,HIGH,COST,HIGH
MPLADS-008395,PAYMENT_PROGRESS_MISMATCH,1,CRITICAL,PROGRESS,URGENT
MPLADS-008396,DELAYED_PROJECT,1,MEDIUM,TIMELINE,LOW
MPLADS-008397,LEGITIMATE,0,LOW,NONE,LOW
MPLADS-008398,LEGITIMATE,0,LOW,NONE,LOW
MPLADS-008399,HIGH_VALUE_LEGITIMATE,0,MEDIUM,NONE,LOW
MPLADS-008400,LEGITIMATE,0,LOW,NONE,LOW
MPLADS-008401,COST_OVERRUN,1,HIGH,COST,HIGH
MPLADS-008402,DUPLICATE_PROJECT,1,HIGH,DUPLICATE_PROJECT,HIGH
MPLADS-008403,LEGITIMATE,0,LOW,NONE,LOW
MPLADS-008404,LEGITIMATE,0,LOW,NONE,LOW
MPLADS-008405,HIGH_VALUE_LEGITIMATE,0,MEDIUM,NONE,LOW
MPLADS-008406,LEGITIMATE,0,LOW,NONE,LOW
MPLADS-008407,DELAYED_PROJECT,1,MEDIUM,TIMELINE,LOW
MPLADS-008408,PAYMENT_PROGRESS_MISMATCH,1,CRITICAL,PROGRESS,URGENT
MPLADS-008409,LEGITIMATE,0,LOW,NONE,LOW
MPLADS-008410,LEGITIMATE,0,LOW,NONE,LOW
MPLADS-008411,HIGH_VALUE_LEGITIMATE,0,MEDIUM,NONE,LOW
MPLADS-008412,GHOST_WORK,1,CRITICAL,GHOST_WORK,URGENT
MPLADS-008413,CONTRACTOR_MONOPOLY,1,HIGH,CONTRACTOR,HIGH
MPLADS-008414,LEGITIMATE,0,LOW,NONE,LOW
MPLADS-008415,LEGITIMATE,0,LOW,NONE,LOW
MPLADS-008416,DOCUMENTATION_ANOMALY,1,HIGH,DOCUMENTATION,HIGH
MPLADS-008417,LEGITIMATE,0,LOW,NONE,LOW
MPLADS-008418,LEGITIMATE,0,LOW,NONE,LOW
MPLADS-008419,HIGH_VALUE_LEGITIMATE,0,MEDIUM,NONE,LOW
MPLADS-008420,PAYMENT_PROGRESS_MISMATCH,1,CRITICAL,PROGRESS,URGENT
MPLADS-008421,COST_OVERRUN,1,HIGH,COST,HIGH
MPLADS-008422,LEGITIMATE,0,LOW,NONE,LOW
MPLADS-008423,LEGITIMATE,0,LOW,NONE,LOW
MPLADS-008424,DOCUMENTATION_ANOMALY,1,HIGH,DOCUMENTATION,HIGH
MPLADS-008425,LEGITIMATE,0,LOW,NONE,LOW
MPLADS-008426,LEGITIMATE,0,LOW,NONE,LOW
MPLADS-008427,LEGITIMATE,0,LOW,NONE,LOW
MPLADS-008428,PAYMENT_PROGRESS_MISMATCH,1,CRITICAL,PROGRESS,URGENT
MPLADS-008429,LEGITIMATE,0,LOW,NONE,LOW
MPLADS-008430,LEGITIMATE,0,LOW,NONE,LOW
MPLADS-008431,LEGITIMATE,0,LOW,NONE,LOW
MPLADS-008432,SUSPICIOUS_PROCUREMENT,1,HIGH,PROCUREMENT,HIGH
MPLADS-008433,DELAYED_PROJECT,1,MEDIUM,TIMELINE,LOW
MPLADS-008434,LEGITIMATE,0,LOW,NONE,LOW
MPLADS-008435,GHOST_WORK,1,CRITICAL,GHOST_WORK,URGENT
MPLADS-008436,LEGITIMATE,0,LOW,NONE,LOW
MPLADS-008437,LEGITIMATE,0,LOW,NONE,LOW
MPLADS-008438,COST_OVERRUN,1,HIGH,COST,HIGH
MPLADS-008439,LEGITIMATE,0,LOW,NONE,LOW
MPLADS-008440,LEGITIMATE,0,LOW,NONE,LOW
MPLADS-008441,LEGITIMATE,0,LOW,NONE,LOW
MPLADS-008442,LEGITIMATE,0,LOW,NONE,LOW
MPLADS-008443,LEGITIMATE,0,LOW,NONE,LOW
MPLADS-008444,LEGITIMATE,0,LOW,NONE,LOW
MPLADS-008445,LEGITIMATE,0,LOW,NONE,LOW
MPLADS-008446,LEGITIMATE,0,LOW,NONE,LOW
MPLADS-008447,LEGITIMATE,0,LOW,NONE,LOW
MPLADS-008448,LEGITIMATE,0,LOW,NONE,LOW
MPLADS-008449,LEGITIMATE,0,LOW,NONE,LOW
MPLADS-008450,LEGITIMATE,0,LOW,NONE,LOW
MPLADS-008451,LEGITIMATE,0,LOW,NONE,LOW
MPLADS-008452,HIGH_VALUE_LEGITIMATE,0,MEDIUM,NONE,LOW
MPLADS-008453,LEGITIMATE,0,LOW,NONE,LOW
MPLADS-008454,LEGITIMATE,0,LOW,NONE,LOW
MPLADS-008455,LEGITIMATE,0,LOW,NONE,LOW
MPLADS-008456,LEGITIMATE,0,LOW,NONE,LOW
MPLADS-008457,DUPLICATE_PROJECT,1,HIGH,DUPLICATE_PROJECT,HIGH
MPLADS-008458,LEGITIMATE,0,LOW,NONE,LOW
MPLADS-008459,LEGITIMATE,0,LOW,NONE,LOW
MPLADS-008460,HIGH_VALUE_LEGITIMATE,0,MEDIUM,NONE,LOW
MPLADS-008461,DOCUMENTATION_ANOMALY,1,HIGH,DOCUMENTATION,HIGH
MPLADS-008462,ABANDONED_PROJECT,1,HIGH,ABANDONED_PROJECT,HIGH
MPLADS-008463,LEGITIMATE,0,LOW,NONE,LOW
MPLADS-008464,CONTRACTOR_MONOPOLY,1,HIGH,CONTRACTOR,HIGH
MPLADS-008465,SUSPICIOUS_PROCUREMENT,1,HIGH,PROCUREMENT,HIGH
MPLADS-008466,LEGITIMATE,0,LOW,NONE,LOW
MPLADS-008467,LEGITIMATE,0,LOW,NONE,LOW
MPLADS-008468,PAYMENT_PROGRESS_MISMATCH,1,CRITICAL,PROGRESS,URGENT
MPLADS-008469,LEGITIMATE,0,LOW,NONE,LOW
MPLADS-008470,LEGITIMATE,0,LOW,NONE,LOW
MPLADS-008471,HIGH_VALUE_LEGITIMATE,0,MEDIUM,NONE,LOW
MPLADS-008472,LEGITIMATE,0,LOW,NONE,LOW
MPLADS-008473,LEGITIMATE,0,LOW,NONE,LOW
MPLADS-008474,CONTRACTOR_MONOPOLY,1,HIGH,CONTRACTOR,HIGH
MPLADS-008475,SUSPICIOUS_CONTRACTOR,1,HIGH,SUSPICIOUS_CONTRACTOR,HIGH
MPLADS-008476,LEGITIMATE,0,LOW,NONE,LOW
MPLADS-008477,GHOST_WORK,1,CRITICAL,GHOST_WORK,URGENT
MPLADS-008478,LEGITIMATE,0,LOW,NONE,LOW
MPLADS-008479,LEGITIMATE,0,LOW,NONE,LOW
MPLADS-008480,LEGITIMATE,0,LOW,NONE,LOW
MPLADS-008481,DELAYED_PROJECT,1,MEDIUM,TIMELINE,LOW
MPLADS-008482,SUSPICIOUS_CONTRACTOR,1,HIGH,SUSPICIOUS_CONTRACTOR,HIGH
MPLADS-008483,LEGITIMATE,0,LOW,NONE,LOW
MPLADS-008484,LEGITIMATE,0,LOW,NONE,LOW
MPLADS-008485,SUSPICIOUS_PROCUREMENT,1,HIGH,PROCUREMENT,HIGH
MPLADS-008486,LEGITIMATE,0,LOW,NONE,LOW
MPLADS-008487,LEGITIMATE,0,LOW,NONE,LOW
MPLADS-008488,LEGITIMATE,0,LOW,NONE,LOW
MPLADS-008489,LEGITIMATE,0,LOW,NONE,LOW
MPLADS-008490,LEGITIMATE,0,LOW,NONE,LOW
MPLADS-008491,HIGH_VALUE_LEGITIMATE,0,MEDIUM,NONE,LOW
MPLADS-008492,LEGITIMATE,0,LOW,NONE,LOW
MPLADS-008493,LEGITIMATE,0,LOW,NONE,LOW
MPLADS-008494,LEGITIMATE,0,LOW,NONE,LOW
MPLADS-008495,DELAYED_PROJECT,1,MEDIUM,TIMELINE,LOW
MPLADS-008496,LEGITIMATE,0,LOW,NONE,LOW
MPLADS-008497,LEGITIMATE,0,LOW,NONE,LOW
MPLADS-008498,LEGITIMATE,0,LOW,NONE,LOW
MPLADS-008499,LEGITIMATE,0,LOW,NONE,LOW
MPLADS-008500,LEGITIMATE,0,LOW,NONE,LOW
MPLADS-008501,LEGITIMATE,0,LOW,NONE,LOW
MPLADS-008502,DOCUMENTATION_ANOMALY,1,HIGH,DOCUMENTATION,HIGH
MPLADS-008503,LEGITIMATE,0,LOW,NONE,LOW
MPLADS-008504,PAYMENT_PROGRESS_MISMATCH,1,CRITICAL,PROGRESS,URGENT
MPLADS-008505,LEGITIMATE,0,LOW,NONE,LOW
MPLADS-008506,LEGITIMATE,0,LOW,NONE,LOW
MPLADS-008507,PAYMENT_PROGRESS_MISMATCH,1,CRITICAL,PROGRESS,URGENT
MPLADS-008508,LEGITIMATE,0,LOW,NONE,LOW
MPLADS-008509,DOCUMENTATION_ANOMALY,1,HIGH,DOCUMENTATION,HIGH
MPLADS-008510,LEGITIMATE,0,LOW,NONE,LOW
MPLADS-008511,LEGITIMATE,0,LOW,NONE,LOW
MPLADS-008512,LEGITIMATE,0,LOW,NONE,LOW
MPLADS-008513,LEGITIMATE,0,LOW,NONE,LOW
MPLADS-008514,HIGH_VALUE_LEGITIMATE,0,LOW,NONE,LOW
MPLADS-008515,LEGITIMATE,0,LOW,NONE,LOW
MPLADS-008516,DELAYED_PROJECT,1,MEDIUM,TIMELINE,LOW
MPLADS-008517,LEGITIMATE,0,LOW,NONE,LOW
MPLADS-008518,COST_OVERRUN,1,HIGH,COST,HIGH
MPLADS-008519,HIGH_VALUE_LEGITIMATE,0,LOW,NONE,LOW
MPLADS-008520,LEGITIMATE,0,LOW,NONE,LOW
MPLADS-008521,LEGITIMATE,0,LOW,NONE,LOW
MPLADS-008522,LEGITIMATE,0,LOW,NONE,LOW
MPLADS-008523,PAYMENT_PROGRESS_MISMATCH,1,CRITICAL,PROGRESS,URGENT
MPLADS-008524,LEGITIMATE,0,LOW,NONE,LOW
MPLADS-008525,DELAYED_PROJECT,1,MEDIUM,TIMELINE,LOW
MPLADS-008526,LEGITIMATE,0,LOW,NONE,LOW
MPLADS-008527,LEGITIMATE,0,LOW,NONE,LOW
MPLADS-008528,DUPLICATE_PROJECT,1,HIGH,DUPLICATE_PROJECT,HIGH
MPLADS-008529,LEGITIMATE,0,LOW,NONE,LOW
MPLADS-008530,GHOST_WORK,1,CRITICAL,GHOST_WORK,URGENT
MPLADS-008531,LEGITIMATE,0,LOW,NONE,LOW
MPLADS-008532,GHOST_WORK,1,CRITICAL,GHOST_WORK,URGENT
MPLADS-008533,DELAYED_PROJECT,1,MEDIUM,TIMELINE,LOW
MPLADS-008534,LEGITIMATE,0,LOW,NONE,LOW
MPLADS-008535,DOCUMENTATION_ANOMALY,1,HIGH,DOCUMENTATION,HIGH
MPLADS-008536,LEGITIMATE,0,LOW,NONE,LOW
MPLADS-008537,LEGITIMATE,0,LOW,NONE,LOW
MPLADS-008538,LEGITIMATE,0,LOW,NONE,LOW
MPLADS-008539,LEGITIMATE,0,LOW,NONE,LOW
MPLADS-008540,LEGITIMATE,0,LOW,NONE,LOW
MPLADS-008541,SUSPICIOUS_CONTRACTOR,1,HIGH,SUSPICIOUS_CONTRACTOR,HIGH
MPLADS-008542,LEGITIMATE,0,LOW,NONE,LOW
MPLADS-008543,COST_OVERRUN,1,HIGH,COST,HIGH
MPLADS-008544,LEGITIMATE,0,LOW,NONE,LOW
MPLADS-008545,LEGITIMATE,0,LOW,NONE,LOW
MPLADS-008546,LEGITIMATE,0,LOW,NONE,LOW
MPLADS-008547,PAYMENT_PROGRESS_MISMATCH,1,CRITICAL,PROGRESS,URGENT
MPLADS-008548,LEGITIMATE,0,LOW,NONE,LOW
MPLADS-008549,LEGITIMATE,0,LOW,NONE,LOW
MPLADS-008550,COST_OVERRUN,1,HIGH,COST,HIGH
MPLADS-008551,LEGITIMATE,0,LOW,NONE,LOW
MPLADS-008552,DELAYED_PROJECT,1,MEDIUM,TIMELINE,LOW
MPLADS-008553,LEGITIMATE,0,LOW,NONE,LOW
MPLADS-008554,LEGITIMATE,0,LOW,NONE,LOW
MPLADS-008555,LEGITIMATE,0,LOW,NONE,LOW
MPLADS-008556,HIGH_VALUE_LEGITIMATE,0,LOW,NONE,LOW
MPLADS-008557,LEGITIMATE,0,LOW,NONE,LOW
MPLADS-008558,LEGITIMATE,0,LOW,NONE,LOW
MPLADS-008559,LEGITIMATE,0,LOW,NONE,LOW
MPLADS-008560,GHOST_WORK,1,CRITICAL,GHOST_WORK,URGENT
MPLADS-008561,LEGITIMATE,0,LOW,NONE,LOW
MPLADS-008562,LEGITIMATE,0,LOW,NONE,LOW
MPLADS-008563,LEGITIMATE,0,LOW,NONE,LOW
MPLADS-008564,LEGITIMATE,0,LOW,NONE,LOW
MPLADS-008565,SUSPICIOUS_CONTRACTOR,1,HIGH,SUSPICIOUS_CONTRACTOR,HIGH
MPLADS-008566,LEGITIMATE,0,LOW,NONE,LOW
MPLADS-008567,LEGITIMATE,0,LOW,NONE,LOW
MPLADS-008568,HIGH_VALUE_LEGITIMATE,0,MEDIUM,NONE,LOW
MPLADS-008569,LEGITIMATE,0,LOW,NONE,LOW
MPLADS-008570,LEGITIMATE,0,LOW,NONE,LOW
MPLADS-008571,LEGITIMATE,0,LOW,NONE,LOW
MPLADS-008572,LEGITIMATE,0,LOW,NONE,LOW
MPLADS-008573,LEGITIMATE,0,LOW,NONE,LOW
MPLADS-008574,LEGITIMATE,0,LOW,NONE,LOW
MPLADS-008575,HIGH_VALUE_LEGITIMATE,0,MEDIUM,NONE,LOW
MPLADS-008576,LEGITIMATE,0,LOW,NONE,LOW
MPLADS-008577,LEGITIMATE,0,LOW,NONE,LOW
MPLADS-008578,LEGITIMATE,0,LOW,NONE,LOW
MPLADS-008579,LEGITIMATE,0,LOW,NONE,LOW
MPLADS-008580,HIGH_VALUE_LEGITIMATE,0,LOW,NONE,LOW
MPLADS-008581,LEGITIMATE,0,LOW,NONE,LOW
MPLADS-008582,LEGITIMATE,0,LOW,NONE,LOW
MPLADS-008583,LEGITIMATE,0,LOW,NONE,LOW
MPLADS-008584,LEGITIMATE,0,LOW,NONE,LOW
MPLADS-008585,LEGITIMATE,0,LOW,NONE,LOW
MPLADS-008586,HIGH_VALUE_LEGITIMATE,0,MEDIUM,NONE,LOW
MPLADS-008587,COST_OVERRUN,1,HIGH,COST,HIGH
MPLADS-008588,PAYMENT_PROGRESS_MISMATCH,1,CRITICAL,PROGRESS,URGENT
MPLADS-008589,HIGH_VALUE_LEGITIMATE,0,LOW,NONE,LOW
MPLADS-008590,SUSPICIOUS_CONTRACTOR,1,HIGH,SUSPICIOUS_CONTRACTOR,HIGH
MPLADS-008591,LEGITIMATE,0,LOW,NONE,LOW
MPLADS-008592,PAYMENT_PROGRESS_MISMATCH,1,CRITICAL,PROGRESS,URGENT
MPLADS-008593,LEGITIMATE,0,LOW,NONE,LOW
MPLADS-008594,HIGH_VALUE_LEGITIMATE,0,MEDIUM,NONE,LOW
MPLADS-008595,LEGITIMATE,0,LOW,NONE,LOW
MPLADS-008596,LEGITIMATE,0,LOW,NONE,LOW
MPLADS-008597,PAYMENT_PROGRESS_MISMATCH,1,CRITICAL,PROGRESS,URGENT
MPLADS-008598,LEGITIMATE,0,LOW,NONE,LOW
MPLADS-008599,LEGITIMATE,0,LOW,NONE,LOW
MPLADS-008600,HIGH_VALUE_LEGITIMATE,0,MEDIUM,NONE,LOW
MPLADS-008601,LEGITIMATE,0,LOW,NONE,LOW
MPLADS-008602,CONTRACTOR_MONOPOLY,1,HIGH,CONTRACTOR,HIGH
MPLADS-008603,LEGITIMATE,0,LOW,NONE,LOW
MPLADS-008604,LEGITIMATE,0,LOW,NONE,LOW
MPLADS-008605,PAYMENT_PROGRESS_MISMATCH,1,CRITICAL,PROGRESS,URGENT
MPLADS-008606,GHOST_WORK,1,CRITICAL,GHOST_WORK,URGENT
MPLADS-008607,DUPLICATE_PROJECT,1,HIGH,DUPLICATE_PROJECT,HIGH
MPLADS-008608,LEGITIMATE,0,LOW,NONE,LOW
MPLADS-008609,LEGITIMATE,0,LOW,NONE,LOW
MPLADS-008610,LEGITIMATE,0,LOW,NONE,LOW
MPLADS-008611,LEGITIMATE,0,LOW,NONE,LOW
MPLADS-008612,LEGITIMATE,0,LOW,NONE,LOW
MPLADS-008613,LEGITIMATE,0,LOW,NONE,LOW
MPLADS-008614,LEGITIMATE,0,LOW,NONE,LOW
MPLADS-008615,LEGITIMATE,0,LOW,NONE,LOW
MPLADS-008616,LEGITIMATE,0,LOW,NONE,LOW
MPLADS-008617,LEGITIMATE,0,LOW,NONE,LOW
MPLADS-008618,HIGH_VALUE_LEGITIMATE,0,LOW,NONE,LOW
MPLADS-008619,LEGITIMATE,0,LOW,NONE,LOW
MPLADS-008620,LEGITIMATE,0,LOW,NONE,LOW
MPLADS-008621,LEGITIMATE,0,LOW,NONE,LOW
MPLADS-008622,LEGITIMATE,0,LOW,NONE,LOW
MPLADS-008623,LEGITIMATE,0,LOW,NONE,LOW
MPLADS-008624,GHOST_WORK,1,CRITICAL,GHOST_WORK,URGENT
MPLADS-008625,HIGH_VALUE_LEGITIMATE,0,MEDIUM,NONE,LOW
MPLADS-008626,COST_OVERRUN,1,HIGH,COST,HIGH
MPLADS-008627,LEGITIMATE,0,LOW,NONE,LOW
MPLADS-008628,HIGH_VALUE_LEGITIMATE,0,LOW,NONE,LOW
MPLADS-008629,LEGITIMATE,0,LOW,NONE,LOW
MPLADS-008630,LEGITIMATE,0,LOW,NONE,LOW
MPLADS-008631,GHOST_WORK,1,CRITICAL,GHOST_WORK,URGENT
MPLADS-008632,LEGITIMATE,0,LOW,NONE,LOW
MPLADS-008633,LEGITIMATE,0,LOW,NONE,LOW
MPLADS-008634,HIGH_VALUE_LEGITIMATE,0,MEDIUM,NONE,LOW
MPLADS-008635,LEGITIMATE,0,LOW,NONE,LOW
MPLADS-008636,LEGITIMATE,0,LOW,NONE,LOW
MPLADS-008637,LEGITIMATE,0,LOW,NONE,LOW
MPLADS-008638,LEGITIMATE,0,LOW,NONE,LOW
MPLADS-008639,LEGITIMATE,0,LOW,NONE,LOW
MPLADS-008640,LEGITIMATE,0,LOW,NONE,LOW
MPLADS-008641,LEGITIMATE,0,LOW,NONE,LOW
MPLADS-008642,COST_OVERRUN,1,HIGH,COST,HIGH
MPLADS-008643,ABANDONED_PROJECT,1,HIGH,ABANDONED_PROJECT,HIGH
MPLADS-008644,LEGITIMATE,0,LOW,NONE,LOW
MPLADS-008645,PAYMENT_PROGRESS_MISMATCH,1,CRITICAL,PROGRESS,URGENT
MPLADS-008646,LEGITIMATE,0,LOW,NONE,LOW
MPLADS-008647,LEGITIMATE,0,LOW,NONE,LOW
MPLADS-008648,LEGITIMATE,0,LOW,NONE,LOW
MPLADS-008649,LEGITIMATE,0,LOW,NONE,LOW
MPLADS-008650,HIGH_VALUE_LEGITIMATE,0,MEDIUM,NONE,LOW
MPLADS-008651,HIGH_VALUE_LEGITIMATE,0,LOW,NONE,LOW
MPLADS-008652,HIGH_VALUE_LEGITIMATE,0,MEDIUM,NONE,LOW
MPLADS-008653,LEGITIMATE,0,LOW,NONE,LOW
MPLADS-008654,LEGITIMATE,0,LOW,NONE,LOW
MPLADS-008655,LEGITIMATE,0,LOW,NONE,LOW
MPLADS-008656,LEGITIMATE,0,LOW,NONE,LOW
MPLADS-008657,LEGITIMATE,0,LOW,NONE,LOW
MPLADS-008658,LEGITIMATE,0,LOW,NONE,LOW
MPLADS-008659,LEGITIMATE,0,LOW,NONE,LOW
MPLADS-008660,LEGITIMATE,0,LOW,NONE,LOW
MPLADS-008661,LEGITIMATE,0,LOW,NONE,LOW
MPLADS-008662,HIGH_VALUE_LEGITIMATE,0,MEDIUM,NONE,LOW
MPLADS-008663,LEGITIMATE,0,LOW,NONE,LOW
MPLADS-008664,LEGITIMATE,0,LOW,NONE,LOW
MPLADS-008665,COST_OVERRUN,1,HIGH,COST,HIGH
MPLADS-008666,LEGITIMATE,0,LOW,NONE,LOW
MPLADS-008667,LEGITIMATE,0,LOW,NONE,LOW
MPLADS-008668,LEGITIMATE,0,LOW,NONE,LOW
MPLADS-008669,SUSPICIOUS_PROCUREMENT,1,HIGH,PROCUREMENT,HIGH
MPLADS-008670,HIGH_VALUE_LEGITIMATE,0,MEDIUM,NONE,LOW
MPLADS-008671,LEGITIMATE,0,LOW,NONE,LOW
MPLADS-008672,LEGITIMATE,0,LOW,NONE,LOW
MPLADS-008673,LEGITIMATE,0,LOW,NONE,LOW
MPLADS-008674,DELAYED_PROJECT,1,MEDIUM,TIMELINE,LOW
MPLADS-008675,LEGITIMATE,0,LOW,NONE,LOW
MPLADS-008676,LEGITIMATE,0,LOW,NONE,LOW
MPLADS-008677,LEGITIMATE,0,LOW,NONE,LOW
MPLADS-008678,LEGITIMATE,0,LOW,NONE,LOW
MPLADS-008679,LEGITIMATE,0,LOW,NONE,LOW
MPLADS-008680,LEGITIMATE,0,LOW,NONE,LOW
MPLADS-008681,LEGITIMATE,0,LOW,NONE,LOW
MPLADS-008682,LEGITIMATE,0,LOW,NONE,LOW
MPLADS-008683,LEGITIMATE,0,LOW,NONE,LOW
MPLADS-008684,LEGITIMATE,0,LOW,NONE,LOW
MPLADS-008685,PAYMENT_PROGRESS_MISMATCH,1,CRITICAL,PROGRESS,URGENT
MPLADS-008686,HIGH_VALUE_LEGITIMATE,0,MEDIUM,NONE,LOW
MPLADS-008687,LEGITIMATE,0,LOW,NONE,LOW
MPLADS-008688,ABANDONED_PROJECT,1,HIGH,ABANDONED_PROJECT,HIGH
MPLADS-008689,LEGITIMATE,0,LOW,NONE,LOW
MPLADS-008690,HIGH_VALUE_LEGITIMATE,0,MEDIUM,NONE,LOW
MPLADS-008691,COST_OVERRUN,1,HIGH,COST,HIGH
MPLADS-008692,LEGITIMATE,0,LOW,NONE,LOW
MPLADS-008693,GHOST_WORK,1,CRITICAL,GHOST_WORK,URGENT
MPLADS-008694,LEGITIMATE,0,LOW,NONE,LOW
MPLADS-008695,LEGITIMATE,0,LOW,NONE,LOW
MPLADS-008696,LEGITIMATE,0,LOW,NONE,LOW
MPLADS-008697,HIGH_VALUE_LEGITIMATE,0,MEDIUM,NONE,LOW
MPLADS-008698,HIGH_VALUE_LEGITIMATE,0,MEDIUM,NONE,LOW
MPLADS-008699,LEGITIMATE,0,LOW,NONE,LOW
MPLADS-008700,LEGITIMATE,0,LOW,NONE,LOW
MPLADS-008701,LEGITIMATE,0,LOW,NONE,LOW
MPLADS-008702,LEGITIMATE,0,LOW,NONE,LOW
MPLADS-008703,HIGH_VALUE_LEGITIMATE,0,LOW,NONE,LOW
MPLADS-008704,LEGITIMATE,0,LOW,NONE,LOW
MPLADS-008705,LEGITIMATE,0,LOW,NONE,LOW
MPLADS-008706,HIGH_VALUE_LEGITIMATE,0,MEDIUM,NONE,LOW
MPLADS-008707,LEGITIMATE,0,LOW,NONE,LOW
MPLADS-008708,LEGITIMATE,0,LOW,NONE,LOW
MPLADS-008709,COST_OVERRUN,1,HIGH,COST,HIGH
MPLADS-008710,LEGITIMATE,0,LOW,NONE,LOW
MPLADS-008711,LEGITIMATE,0,LOW,NONE,LOW
MPLADS-008712,LEGITIMATE,0,LOW,NONE,LOW
MPLADS-008713,LEGITIMATE,0,LOW,NONE,LOW
MPLADS-008714,HIGH_VALUE_LEGITIMATE,0,MEDIUM,NONE,LOW
MPLADS-008715,LEGITIMATE,0,LOW,NONE,LOW
MPLADS-008716,LEGITIMATE,0,LOW,NONE,LOW
MPLADS-008717,LEGITIMATE,0,LOW,NONE,LOW
MPLADS-008718,LEGITIMATE,0,LOW,NONE,LOW
MPLADS-008719,LEGITIMATE,0,LOW,NONE,LOW
MPLADS-008720,SUSPICIOUS_CONTRACTOR,1,HIGH,SUSPICIOUS_CONTRACTOR,HIGH
MPLADS-008721,HIGH_VALUE_LEGITIMATE,0,MEDIUM,NONE,LOW
MPLADS-008722,DUPLICATE_PROJECT,1,HIGH,DUPLICATE_PROJECT,HIGH
MPLADS-008723,LEGITIMATE,0,LOW,NONE,LOW
MPLADS-008724,LEGITIMATE,0,LOW,NONE,LOW
MPLADS-008725,LEGITIMATE,0,LOW,NONE,LOW
MPLADS-008726,LEGITIMATE,0,LOW,NONE,LOW
MPLADS-008727,LEGITIMATE,0,LOW,NONE,LOW
MPLADS-008728,LEGITIMATE,0,LOW,NONE,LOW
MPLADS-008729,LEGITIMATE,0,LOW,NONE,LOW
MPLADS-008730,LEGITIMATE,0,LOW,NONE,LOW
MPLADS-008731,LEGITIMATE,0,LOW,NONE,LOW
MPLADS-008732,LEGITIMATE,0,LOW,NONE,LOW
MPLADS-008733,LEGITIMATE,0,LOW,NONE,LOW
MPLADS-008734,PAYMENT_PROGRESS_MISMATCH,1,CRITICAL,PROGRESS,URGENT
MPLADS-008735,LEGITIMATE,0,LOW,NONE,LOW
MPLADS-008736,LEGITIMATE,0,LOW,NONE,LOW
MPLADS-008737,HIGH_VALUE_LEGITIMATE,0,LOW,NONE,LOW
MPLADS-008738,DELAYED_PROJECT,1,MEDIUM,TIMELINE,LOW
MPLADS-008739,HIGH_VALUE_LEGITIMATE,0,MEDIUM,NONE,LOW
MPLADS-008740,LEGITIMATE,0,LOW,NONE,LOW
MPLADS-008741,LEGITIMATE,0,LOW,NONE,LOW
MPLADS-008742,DELAYED_PROJECT,1,MEDIUM,TIMELINE,LOW
MPLADS-008743,LEGITIMATE,0,LOW,NONE,LOW
MPLADS-008744,HIGH_VALUE_LEGITIMATE,0,MEDIUM,NONE,LOW
MPLADS-008745,HIGH_VALUE_LEGITIMATE,0,MEDIUM,NONE,LOW
MPLADS-008746,LEGITIMATE,0,LOW,NONE,LOW
MPLADS-008747,LEGITIMATE,0,LOW,NONE,LOW
MPLADS-008748,LEGITIMATE,0,LOW,NONE,LOW
MPLADS-008749,COST_OVERRUN,1,HIGH,COST,HIGH
MPLADS-008750,LEGITIMATE,0,LOW,NONE,LOW
MPLADS-008751,HIGH_VALUE_LEGITIMATE,0,MEDIUM,NONE,LOW
MPLADS-008752,HIGH_VALUE_LEGITIMATE,0,LOW,NONE,LOW
MPLADS-008753,CONTRACTOR_MONOPOLY,1,HIGH,CONTRACTOR,HIGH
MPLADS-008754,LEGITIMATE,0,LOW,NONE,LOW
MPLADS-008755,HIGH_VALUE_LEGITIMATE,0,MEDIUM,NONE,LOW
MPLADS-008756,LEGITIMATE,0,LOW,NONE,LOW
MPLADS-008757,LEGITIMATE,0,LOW,NONE,LOW
MPLADS-008758,LEGITIMATE,0,LOW,NONE,LOW
MPLADS-008759,LEGITIMATE,0,LOW,NONE,LOW
MPLADS-008760,LEGITIMATE,0,LOW,NONE,LOW
MPLADS-008761,LEGITIMATE,0,LOW,NONE,LOW
MPLADS-008762,PAYMENT_PROGRESS_MISMATCH,1,CRITICAL,PROGRESS,URGENT
MPLADS-008763,LEGITIMATE,0,LOW,NONE,LOW
MPLADS-008764,LEGITIMATE,0,LOW,NONE,LOW
MPLADS-008765,LEGITIMATE,0,LOW,NONE,LOW
MPLADS-008766,LEGITIMATE,0,LOW,NONE,LOW
MPLADS-008767,LEGITIMATE,0,LOW,NONE,LOW
MPLADS-008768,LEGITIMATE,0,LOW,NONE,LOW
MPLADS-008769,LEGITIMATE,0,LOW,NONE,LOW
MPLADS-008770,GHOST_WORK,1,CRITICAL,GHOST_WORK,URGENT
MPLADS-008771,LEGITIMATE,0,LOW,NONE,LOW
MPLADS-008772,HIGH_VALUE_LEGITIMATE,0,LOW,NONE,LOW
MPLADS-008773,LEGITIMATE,0,LOW,NONE,LOW
MPLADS-008774,PAYMENT_PROGRESS_MISMATCH,1,CRITICAL,PROGRESS,URGENT
MPLADS-008775,DUPLICATE_PROJECT,1,HIGH,DUPLICATE_PROJECT,HIGH
MPLADS-008776,LEGITIMATE,0,LOW,NONE,LOW
MPLADS-008777,LEGITIMATE,0,LOW,NONE,LOW
MPLADS-008778,DELAYED_PROJECT,1,MEDIUM,TIMELINE,LOW
MPLADS-008779,LEGITIMATE,0,LOW,NONE,LOW
MPLADS-008780,DELAYED_PROJECT,1,MEDIUM,TIMELINE,LOW
MPLADS-008781,DELAYED_PROJECT,1,MEDIUM,TIMELINE,LOW
MPLADS-008782,LEGITIMATE,0,LOW,NONE,LOW
MPLADS-008783,LEGITIMATE,0,LOW,NONE,LOW
MPLADS-008784,LEGITIMATE,0,LOW,NONE,LOW
MPLADS-008785,LEGITIMATE,0,LOW,NONE,LOW
MPLADS-008786,LEGITIMATE,0,LOW,NONE,LOW
MPLADS-008787,LEGITIMATE,0,LOW,NONE,LOW
MPLADS-008788,HIGH_VALUE_LEGITIMATE,0,MEDIUM,NONE,LOW
MPLADS-008789,LEGITIMATE,0,LOW,NONE,LOW
MPLADS-008790,COST_OVERRUN,1,HIGH,COST,HIGH
MPLADS-008791,HIGH_VALUE_LEGITIMATE,0,MEDIUM,NONE,LOW
MPLADS-008792,HIGH_VALUE_LEGITIMATE,0,LOW,NONE,LOW
MPLADS-008793,LEGITIMATE,0,LOW,NONE,LOW
MPLADS-008794,LEGITIMATE,0,LOW,NONE,LOW
MPLADS-008795,SUSPICIOUS_PROCUREMENT,1,HIGH,PROCUREMENT,HIGH
MPLADS-008796,DUPLICATE_PROJECT,1,HIGH,DUPLICATE_PROJECT,HIGH
MPLADS-008797,LEGITIMATE,0,LOW,NONE,LOW
MPLADS-008798,HIGH_VALUE_LEGITIMATE,0,MEDIUM,NONE,LOW
MPLADS-008799,PAYMENT_PROGRESS_MISMATCH,1,CRITICAL,PROGRESS,URGENT
MPLADS-008800,DUPLICATE_PROJECT,1,HIGH,DUPLICATE_PROJECT,HIGH
MPLADS-008801,LEGITIMATE,0,LOW,NONE,LOW
MPLADS-008802,LEGITIMATE,0,LOW,NONE,LOW
MPLADS-008803,HIGH_VALUE_LEGITIMATE,0,MEDIUM,NONE,LOW
MPLADS-008804,HIGH_VALUE_LEGITIMATE,0,LOW,NONE,LOW
MPLADS-008805,ABANDONED_PROJECT,1,HIGH,ABANDONED_PROJECT,HIGH
MPLADS-008806,LEGITIMATE,0,LOW,NONE,LOW
MPLADS-008807,LEGITIMATE,0,LOW,NONE,LOW
MPLADS-008808,LEGITIMATE,0,LOW,NONE,LOW
MPLADS-008809,HIGH_VALUE_LEGITIMATE,0,LOW,NONE,LOW
MPLADS-008810,DUPLICATE_PROJECT,1,HIGH,DUPLICATE_PROJECT,HIGH
MPLADS-008811,LEGITIMATE,0,LOW,NONE,LOW
MPLADS-008812,LEGITIMATE,0,LOW,NONE,LOW
MPLADS-008813,LEGITIMATE,0,LOW,NONE,LOW
MPLADS-008814,LEGITIMATE,0,LOW,NONE,LOW
MPLADS-008815,LEGITIMATE,0,LOW,NONE,LOW
MPLADS-008816,LEGITIMATE,0,LOW,NONE,LOW
MPLADS-008817,LEGITIMATE,0,LOW,NONE,LOW
MPLADS-008818,PAYMENT_PROGRESS_MISMATCH,1,CRITICAL,PROGRESS,URGENT
MPLADS-008819,LEGITIMATE,0,LOW,NONE,LOW
MPLADS-008820,LEGITIMATE,0,LOW,NONE,LOW
MPLADS-008821,LEGITIMATE,0,LOW,NONE,LOW
MPLADS-008822,LEGITIMATE,0,LOW,NONE,LOW
MPLADS-008823,LEGITIMATE,0,LOW,NONE,LOW
MPLADS-008824,HIGH_VALUE_LEGITIMATE,0,MEDIUM,NONE,LOW
MPLADS-008825,HIGH_VALUE_LEGITIMATE,0,LOW,NONE,LOW
MPLADS-008826,LEGITIMATE,0,LOW,NONE,LOW
MPLADS-008827,HIGH_VALUE_LEGITIMATE,0,LOW,NONE,LOW
MPLADS-008828,LEGITIMATE,0,LOW,NONE,LOW
MPLADS-008829,LEGITIMATE,0,LOW,NONE,LOW
MPLADS-008830,LEGITIMATE,0,LOW,NONE,LOW
MPLADS-008831,LEGITIMATE,0,LOW,NONE,LOW
MPLADS-008832,HIGH_VALUE_LEGITIMATE,0,MEDIUM,NONE,LOW
MPLADS-008833,LEGITIMATE,0,LOW,NONE,LOW
MPLADS-008834,HIGH_VALUE_LEGITIMATE,0,LOW,NONE,LOW
MPLADS-008835,LEGITIMATE,0,LOW,NONE,LOW
MPLADS-008836,LEGITIMATE,0,LOW,NONE,LOW
MPLADS-008837,LEGITIMATE,0,LOW,NONE,LOW
MPLADS-008838,LEGITIMATE,0,LOW,NONE,LOW
MPLADS-008839,LEGITIMATE,0,LOW,NONE,LOW
MPLADS-008840,HIGH_VALUE_LEGITIMATE,0,LOW,NONE,LOW
MPLADS-008841,LEGITIMATE,0,LOW,NONE,LOW
MPLADS-008842,COST_OVERRUN,1,HIGH,COST,HIGH
MPLADS-008843,LEGITIMATE,0,LOW,NONE,LOW
MPLADS-008844,CONTRACTOR_MONOPOLY,1,HIGH,CONTRACTOR,HIGH
MPLADS-008845,COST_OVERRUN,1,HIGH,COST,HIGH
MPLADS-008846,GHOST_WORK,1,CRITICAL,GHOST_WORK,URGENT
MPLADS-008847,LEGITIMATE,0,LOW,NONE,LOW
MPLADS-008848,GHOST_WORK,1,CRITICAL,GHOST_WORK,URGENT
MPLADS-008849,LEGITIMATE,0,LOW,NONE,LOW
MPLADS-008850,LEGITIMATE,0,LOW,NONE,LOW
MPLADS-008851,LEGITIMATE,0,LOW,NONE,LOW
MPLADS-008852,SUSPICIOUS_CONTRACTOR,1,HIGH,SUSPICIOUS_CONTRACTOR,HIGH
MPLADS-008853,SUSPICIOUS_CONTRACTOR,1,HIGH,SUSPICIOUS_CONTRACTOR,HIGH
MPLADS-008854,LEGITIMATE,0,LOW,NONE,LOW
MPLADS-008855,LEGITIMATE,0,LOW,NONE,LOW
MPLADS-008856,PAYMENT_PROGRESS_MISMATCH,1,CRITICAL,PROGRESS,URGENT
MPLADS-008857,LEGITIMATE,0,LOW,NONE,LOW
MPLADS-008858,DUPLICATE_PROJECT,1,HIGH,DUPLICATE_PROJECT,HIGH
MPLADS-008859,LEGITIMATE,0,LOW,NONE,LOW
MPLADS-008860,LEGITIMATE,0,LOW,NONE,LOW
MPLADS-008861,LEGITIMATE,0,LOW,NONE,LOW
MPLADS-008862,LEGITIMATE,0,LOW,NONE,LOW
MPLADS-008863,HIGH_VALUE_LEGITIMATE,0,LOW,NONE,LOW
MPLADS-008864,LEGITIMATE,0,LOW,NONE,LOW
MPLADS-008865,DELAYED_PROJECT,1,MEDIUM,TIMELINE,LOW
MPLADS-008866,LEGITIMATE,0,LOW,NONE,LOW
MPLADS-008867,DELAYED_PROJECT,1,MEDIUM,TIMELINE,LOW
MPLADS-008868,LEGITIMATE,0,LOW,NONE,LOW
MPLADS-008869,LEGITIMATE,0,LOW,NONE,LOW
MPLADS-008870,HIGH_VALUE_LEGITIMATE,0,MEDIUM,NONE,LOW
MPLADS-008871,LEGITIMATE,0,LOW,NONE,LOW
MPLADS-008872,LEGITIMATE,0,LOW,NONE,LOW
MPLADS-008873,HIGH_VALUE_LEGITIMATE,0,LOW,NONE,LOW
MPLADS-008874,PAYMENT_PROGRESS_MISMATCH,1,CRITICAL,PROGRESS,URGENT
MPLADS-008875,LEGITIMATE,0,LOW,NONE,LOW
MPLADS-008876,LEGITIMATE,0,LOW,NONE,LOW
MPLADS-008877,LEGITIMATE,0,LOW,NONE,LOW
MPLADS-008878,LEGITIMATE,0,LOW,NONE,LOW
MPLADS-008879,LEGITIMATE,0,LOW,NONE,LOW
MPLADS-008880,LEGITIMATE,0,LOW,NONE,LOW
MPLADS-008881,LEGITIMATE,0,LOW,NONE,LOW
MPLADS-008882,LEGITIMATE,0,LOW,NONE,LOW
MPLADS-008883,LEGITIMATE,0,LOW,NONE,LOW
MPLADS-008884,COST_OVERRUN,1,HIGH,COST,HIGH
MPLADS-008885,LEGITIMATE,0,LOW,NONE,LOW
MPLADS-008886,LEGITIMATE,0,LOW,NONE,LOW
MPLADS-008887,LEGITIMATE,0,LOW,NONE,LOW
MPLADS-008888,PAYMENT_PROGRESS_MISMATCH,1,CRITICAL,PROGRESS,URGENT
MPLADS-008889,LEGITIMATE,0,LOW,NONE,LOW
MPLADS-008890,LEGITIMATE,0,LOW,NONE,LOW
MPLADS-008891,LEGITIMATE,0,LOW,NONE,LOW
MPLADS-008892,LEGITIMATE,0,LOW,NONE,LOW
MPLADS-008893,LEGITIMATE,0,LOW,NONE,LOW
MPLADS-008894,DOCUMENTATION_ANOMALY,1,HIGH,DOCUMENTATION,HIGH
MPLADS-008895,LEGITIMATE,0,LOW,NONE,LOW
MPLADS-008896,LEGITIMATE,0,LOW,NONE,LOW
MPLADS-008897,HIGH_VALUE_LEGITIMATE,0,MEDIUM,NONE,LOW
MPLADS-008898,SUSPICIOUS_CONTRACTOR,1,HIGH,SUSPICIOUS_CONTRACTOR,HIGH
MPLADS-008899,DELAYED_PROJECT,1,MEDIUM,TIMELINE,LOW
MPLADS-008900,LEGITIMATE,0,LOW,NONE,LOW
MPLADS-008901,HIGH_VALUE_LEGITIMATE,0,MEDIUM,NONE,LOW
MPLADS-008902,LEGITIMATE,0,LOW,NONE,LOW
MPLADS-008903,LEGITIMATE,0,LOW,NONE,LOW
MPLADS-008904,LEGITIMATE,0,LOW,NONE,LOW
MPLADS-008905,LEGITIMATE,0,LOW,NONE,LOW
MPLADS-008906,HIGH_VALUE_LEGITIMATE,0,MEDIUM,NONE,LOW
MPLADS-008907,LEGITIMATE,0,LOW,NONE,LOW
MPLADS-008908,LEGITIMATE,0,LOW,NONE,LOW
MPLADS-008909,LEGITIMATE,0,LOW,NONE,LOW
MPLADS-008910,COST_OVERRUN,1,HIGH,COST,HIGH
MPLADS-008911,LEGITIMATE,0,LOW,NONE,LOW
MPLADS-008912,LEGITIMATE,0,LOW,NONE,LOW
MPLADS-008913,LEGITIMATE,0,LOW,NONE,LOW
MPLADS-008914,GHOST_WORK,1,CRITICAL,GHOST_WORK,URGENT
MPLADS-008915,LEGITIMATE,0,LOW,NONE,LOW
MPLADS-008916,HIGH_VALUE_LEGITIMATE,0,LOW,NONE,LOW
MPLADS-008917,LEGITIMATE,0,LOW,NONE,LOW
MPLADS-008918,LEGITIMATE,0,LOW,NONE,LOW
MPLADS-008919,LEGITIMATE,0,LOW,NONE,LOW
MPLADS-008920,LEGITIMATE,0,LOW,NONE,LOW
MPLADS-008921,LEGITIMATE,0,LOW,NONE,LOW
MPLADS-008922,LEGITIMATE,0,LOW,NONE,LOW
MPLADS-008923,LEGITIMATE,0,LOW,NONE,LOW
MPLADS-008924,DELAYED_PROJECT,1,MEDIUM,TIMELINE,LOW
MPLADS-008925,LEGITIMATE,0,LOW,NONE,LOW
MPLADS-008926,HIGH_VALUE_LEGITIMATE,0,LOW,NONE,LOW
MPLADS-008927,HIGH_VALUE_LEGITIMATE,0,LOW,NONE,LOW
MPLADS-008928,HIGH_VALUE_LEGITIMATE,0,LOW,NONE,LOW
MPLADS-008929,LEGITIMATE,0,LOW,NONE,LOW
MPLADS-008930,COST_OVERRUN,1,HIGH,COST,HIGH
MPLADS-008931,ABANDONED_PROJECT,1,HIGH,ABANDONED_PROJECT,HIGH
MPLADS-008932,LEGITIMATE,0,LOW,NONE,LOW
MPLADS-008933,LEGITIMATE,0,LOW,NONE,LOW
MPLADS-008934,LEGITIMATE,0,LOW,NONE,LOW
MPLADS-008935,LEGITIMATE,0,LOW,NONE,LOW
MPLADS-008936,LEGITIMATE,0,LOW,NONE,LOW
MPLADS-008937,LEGITIMATE,0,LOW,NONE,LOW
MPLADS-008938,LEGITIMATE,0,LOW,NONE,LOW
MPLADS-008939,HIGH_VALUE_LEGITIMATE,0,MEDIUM,NONE,LOW
MPLADS-008940,HIGH_VALUE_LEGITIMATE,0,MEDIUM,NONE,LOW
MPLADS-008941,LEGITIMATE,0,LOW,NONE,LOW
MPLADS-008942,LEGITIMATE,0,LOW,NONE,LOW
MPLADS-008943,LEGITIMATE,0,LOW,NONE,LOW
MPLADS-008944,LEGITIMATE,0,LOW,NONE,LOW
MPLADS-008945,COST_OVERRUN,1,HIGH,COST,HIGH
MPLADS-008946,LEGITIMATE,0,LOW,NONE,LOW
MPLADS-008947,LEGITIMATE,0,LOW,NONE,LOW
MPLADS-008948,COST_OVERRUN,1,HIGH,COST,HIGH
MPLADS-008949,LEGITIMATE,0,LOW,NONE,LOW
MPLADS-008950,LEGITIMATE,0,LOW,NONE,LOW
MPLADS-008951,PAYMENT_PROGRESS_MISMATCH,1,CRITICAL,PROGRESS,URGENT
MPLADS-008952,PAYMENT_PROGRESS_MISMATCH,1,CRITICAL,PROGRESS,URGENT
MPLADS-008953,LEGITIMATE,0,LOW,NONE,LOW
MPLADS-008954,DELAYED_PROJECT,1,MEDIUM,TIMELINE,LOW
MPLADS-008955,HIGH_VALUE_LEGITIMATE,0,LOW,NONE,LOW
MPLADS-008956,LEGITIMATE,0,LOW,NONE,LOW
MPLADS-008957,LEGITIMATE,0,LOW,NONE,LOW
MPLADS-008958,COST_OVERRUN,1,HIGH,COST,HIGH
MPLADS-008959,HIGH_VALUE_LEGITIMATE,0,MEDIUM,NONE,LOW
MPLADS-008960,LEGITIMATE,0,LOW,NONE,LOW
MPLADS-008961,LEGITIMATE,0,LOW,NONE,LOW
MPLADS-008962,LEGITIMATE,0,LOW,NONE,LOW
MPLADS-008963,LEGITIMATE,0,LOW,NONE,LOW
MPLADS-008964,HIGH_VALUE_LEGITIMATE,0,MEDIUM,NONE,LOW
MPLADS-008965,LEGITIMATE,0,LOW,NONE,LOW
MPLADS-008966,LEGITIMATE,0,LOW,NONE,LOW
MPLADS-008967,HIGH_VALUE_LEGITIMATE,0,LOW,NONE,LOW
MPLADS-008968,LEGITIMATE,0,LOW,NONE,LOW
MPLADS-008969,LEGITIMATE,0,LOW,NONE,LOW
MPLADS-008970,LEGITIMATE,0,LOW,NONE,LOW
MPLADS-008971,HIGH_VALUE_LEGITIMATE,0,LOW,NONE,LOW
MPLADS-008972,PAYMENT_PROGRESS_MISMATCH,1,CRITICAL,PROGRESS,URGENT
MPLADS-008973,DOCUMENTATION_ANOMALY,1,HIGH,DOCUMENTATION,HIGH
MPLADS-008974,HIGH_VALUE_LEGITIMATE,0,LOW,NONE,LOW
MPLADS-008975,HIGH_VALUE_LEGITIMATE,0,MEDIUM,NONE,LOW
MPLADS-008976,LEGITIMATE,0,LOW,NONE,LOW
MPLADS-008977,LEGITIMATE,0,LOW,NONE,LOW
MPLADS-008978,LEGITIMATE,0,LOW,NONE,LOW
MPLADS-008979,LEGITIMATE,0,LOW,NONE,LOW
MPLADS-008980,LEGITIMATE,0,LOW,NONE,LOW
MPLADS-008981,LEGITIMATE,0,LOW,NONE,LOW
MPLADS-008982,COST_OVERRUN,1,HIGH,COST,HIGH
MPLADS-008983,LEGITIMATE,0,LOW,NONE,LOW
MPLADS-008984,LEGITIMATE,0,LOW,NONE,LOW
MPLADS-008985,LEGITIMATE,0,LOW,NONE,LOW
MPLADS-008986,HIGH_VALUE_LEGITIMATE,0,LOW,NONE,LOW
MPLADS-008987,LEGITIMATE,0,LOW,NONE,LOW
MPLADS-008988,COST_OVERRUN,1,HIGH,COST,HIGH
MPLADS-008989,COST_OVERRUN,1,HIGH,COST,HIGH
MPLADS-008990,HIGH_VALUE_LEGITIMATE,0,LOW,NONE,LOW
MPLADS-008991,LEGITIMATE,0,LOW,NONE,LOW
MPLADS-008992,LEGITIMATE,0,LOW,NONE,LOW
MPLADS-008993,HIGH_VALUE_LEGITIMATE,0,LOW,NONE,LOW
MPLADS-008994,HIGH_VALUE_LEGITIMATE,0,MEDIUM,NONE,LOW
MPLADS-008995,SUSPICIOUS_CONTRACTOR,1,HIGH,SUSPICIOUS_CONTRACTOR,HIGH
MPLADS-008996,LEGITIMATE,0,LOW,NONE,LOW
MPLADS-008997,DUPLICATE_PROJECT,1,HIGH,DUPLICATE_PROJECT,HIGH
MPLADS-008998,LEGITIMATE,0,LOW,NONE,LOW
MPLADS-008999,HIGH_VALUE_LEGITIMATE,0,LOW,NONE,LOW
MPLADS-009000,LEGITIMATE,0,LOW,NONE,LOW
MPLADS-009001,LEGITIMATE,0,LOW,NONE,LOW
MPLADS-009002,LEGITIMATE,0,LOW,NONE,LOW
MPLADS-009003,LEGITIMATE,0,LOW,NONE,LOW
MPLADS-009004,LEGITIMATE,0,LOW,NONE,LOW
MPLADS-009005,HIGH_VALUE_LEGITIMATE,0,LOW,NONE,LOW
MPLADS-009006,PAYMENT_PROGRESS_MISMATCH,1,CRITICAL,PROGRESS,URGENT
MPLADS-009007,LEGITIMATE,0,LOW,NONE,LOW
MPLADS-009008,HIGH_VALUE_LEGITIMATE,0,LOW,NONE,LOW
MPLADS-009009,GHOST_WORK,1,CRITICAL,GHOST_WORK,URGENT
MPLADS-009010,LEGITIMATE,0,LOW,NONE,LOW
MPLADS-009011,LEGITIMATE,0,LOW,NONE,LOW
MPLADS-009012,LEGITIMATE,0,LOW,NONE,LOW
MPLADS-009013,PAYMENT_PROGRESS_MISMATCH,1,CRITICAL,PROGRESS,URGENT
MPLADS-009014,LEGITIMATE,0,LOW,NONE,LOW
MPLADS-009015,HIGH_VALUE_LEGITIMATE,0,MEDIUM,NONE,LOW
MPLADS-009016,HIGH_VALUE_LEGITIMATE,0,MEDIUM,NONE,LOW
MPLADS-009017,LEGITIMATE,0,LOW,NONE,LOW
MPLADS-009018,LEGITIMATE,0,LOW,NONE,LOW
MPLADS-009019,CONTRACTOR_MONOPOLY,1,HIGH,CONTRACTOR,HIGH
MPLADS-009020,LEGITIMATE,0,LOW,NONE,LOW
MPLADS-009021,LEGITIMATE,0,LOW,NONE,LOW
MPLADS-009022,LEGITIMATE,0,LOW,NONE,LOW
MPLADS-009023,SUSPICIOUS_CONTRACTOR,1,HIGH,SUSPICIOUS_CONTRACTOR,HIGH
MPLADS-009024,CONTRACTOR_MONOPOLY,1,HIGH,CONTRACTOR,HIGH
MPLADS-009025,LEGITIMATE,0,LOW,NONE,LOW
MPLADS-009026,LEGITIMATE,0,LOW,NONE,LOW
MPLADS-009027,DUPLICATE_PROJECT,1,HIGH,DUPLICATE_PROJECT,HIGH
MPLADS-009028,LEGITIMATE,0,LOW,NONE,LOW
MPLADS-009029,LEGITIMATE,0,LOW,NONE,LOW
MPLADS-009030,PAYMENT_PROGRESS_MISMATCH,1,CRITICAL,PROGRESS,URGENT
MPLADS-009031,LEGITIMATE,0,LOW,NONE,LOW
MPLADS-009032,LEGITIMATE,0,LOW,NONE,LOW
MPLADS-009033,DELAYED_PROJECT,1,MEDIUM,TIMELINE,LOW
MPLADS-009034,LEGITIMATE,0,LOW,NONE,LOW
MPLADS-009035,LEGITIMATE,0,LOW,NONE,LOW
MPLADS-009036,LEGITIMATE,0,LOW,NONE,LOW
MPLADS-009037,LEGITIMATE,0,LOW,NONE,LOW
MPLADS-009038,LEGITIMATE,0,LOW,NONE,LOW
MPLADS-009039,LEGITIMATE,0,LOW,NONE,LOW
MPLADS-009040,LEGITIMATE,0,LOW,NONE,LOW
MPLADS-009041,LEGITIMATE,0,LOW,NONE,LOW
MPLADS-009042,LEGITIMATE,0,LOW,NONE,LOW
MPLADS-009043,LEGITIMATE,0,LOW,NONE,LOW
MPLADS-009044,CONTRACTOR_MONOPOLY,1,HIGH,CONTRACTOR,HIGH
MPLADS-009045,LEGITIMATE,0,LOW,NONE,LOW
MPLADS-009046,SUSPICIOUS_CONTRACTOR,1,HIGH,SUSPICIOUS_CONTRACTOR,HIGH
MPLADS-009047,PAYMENT_PROGRESS_MISMATCH,1,CRITICAL,PROGRESS,URGENT
MPLADS-009048,LEGITIMATE,0,LOW,NONE,LOW
MPLADS-009049,LEGITIMATE,0,LOW,NONE,LOW
MPLADS-009050,LEGITIMATE,0,LOW,NONE,LOW
MPLADS-009051,LEGITIMATE,0,LOW,NONE,LOW
MPLADS-009052,HIGH_VALUE_LEGITIMATE,0,LOW,NONE,LOW
MPLADS-009053,LEGITIMATE,0,LOW,NONE,LOW
MPLADS-009054,LEGITIMATE,0,LOW,NONE,LOW
MPLADS-009055,HIGH_VALUE_LEGITIMATE,0,LOW,NONE,LOW
MPLADS-009056,LEGITIMATE,0,LOW,NONE,LOW
MPLADS-009057,LEGITIMATE,0,LOW,NONE,LOW
MPLADS-009058,DELAYED_PROJECT,1,MEDIUM,TIMELINE,LOW
MPLADS-009059,LEGITIMATE,0,LOW,NONE,LOW
MPLADS-009060,LEGITIMATE,0,LOW,NONE,LOW
MPLADS-009061,LEGITIMATE,0,LOW,NONE,LOW
MPLADS-009062,HIGH_VALUE_LEGITIMATE,0,MEDIUM,NONE,LOW
MPLADS-009063,LEGITIMATE,0,LOW,NONE,LOW
MPLADS-009064,LEGITIMATE,0,LOW,NONE,LOW
MPLADS-009065,DELAYED_PROJECT,1,MEDIUM,TIMELINE,LOW
MPLADS-009066,DOCUMENTATION_ANOMALY,1,HIGH,DOCUMENTATION,HIGH
MPLADS-009067,GHOST_WORK,1,CRITICAL,GHOST_WORK,URGENT
MPLADS-009068,GHOST_WORK,1,CRITICAL,GHOST_WORK,URGENT
MPLADS-009069,HIGH_VALUE_LEGITIMATE,0,MEDIUM,NONE,LOW
MPLADS-009070,PAYMENT_PROGRESS_MISMATCH,1,CRITICAL,PROGRESS,URGENT
MPLADS-009071,HIGH_VALUE_LEGITIMATE,0,LOW,NONE,LOW
MPLADS-009072,COST_OVERRUN,1,HIGH,COST,HIGH
MPLADS-009073,LEGITIMATE,0,LOW,NONE,LOW
MPLADS-009074,PAYMENT_PROGRESS_MISMATCH,1,CRITICAL,PROGRESS,URGENT
MPLADS-009075,COST_OVERRUN,1,HIGH,COST,HIGH
MPLADS-009076,LEGITIMATE,0,LOW,NONE,LOW
MPLADS-009077,LEGITIMATE,0,LOW,NONE,LOW
MPLADS-009078,HIGH_VALUE_LEGITIMATE,0,LOW,NONE,LOW
MPLADS-009079,LEGITIMATE,0,LOW,NONE,LOW
MPLADS-009080,LEGITIMATE,0,LOW,NONE,LOW
MPLADS-009081,SUSPICIOUS_PROCUREMENT,1,HIGH,PROCUREMENT,HIGH
MPLADS-009082,LEGITIMATE,0,LOW,NONE,LOW
MPLADS-009083,LEGITIMATE,0,LOW,NONE,LOW
MPLADS-009084,LEGITIMATE,0,LOW,NONE,LOW
MPLADS-009085,PAYMENT_PROGRESS_MISMATCH,1,CRITICAL,PROGRESS,URGENT
MPLADS-009086,HIGH_VALUE_LEGITIMATE,0,MEDIUM,NONE,LOW
MPLADS-009087,LEGITIMATE,0,LOW,NONE,LOW
MPLADS-009088,LEGITIMATE,0,LOW,NONE,LOW
MPLADS-009089,LEGITIMATE,0,LOW,NONE,LOW
MPLADS-009090,LEGITIMATE,0,LOW,NONE,LOW
MPLADS-009091,LEGITIMATE,0,LOW,NONE,LOW
MPLADS-009092,LEGITIMATE,0,LOW,NONE,LOW
MPLADS-009093,HIGH_VALUE_LEGITIMATE,0,LOW,NONE,LOW
MPLADS-009094,LEGITIMATE,0,LOW,NONE,LOW
MPLADS-009095,LEGITIMATE,0,LOW,NONE,LOW
MPLADS-009096,LEGITIMATE,0,LOW,NONE,LOW
MPLADS-009097,LEGITIMATE,0,LOW,NONE,LOW
MPLADS-009098,LEGITIMATE,0,LOW,NONE,LOW
MPLADS-009099,LEGITIMATE,0,LOW,NONE,LOW
MPLADS-009100,LEGITIMATE,0,LOW,NONE,LOW
MPLADS-009101,LEGITIMATE,0,LOW,NONE,LOW
MPLADS-009102,LEGITIMATE,0,LOW,NONE,LOW
MPLADS-009103,COST_OVERRUN,1,HIGH,COST,HIGH
MPLADS-009104,LEGITIMATE,0,LOW,NONE,LOW
MPLADS-009105,LEGITIMATE,0,LOW,NONE,LOW
MPLADS-009106,LEGITIMATE,0,LOW,NONE,LOW
MPLADS-009107,LEGITIMATE,0,LOW,NONE,LOW
MPLADS-009108,LEGITIMATE,0,LOW,NONE,LOW
MPLADS-009109,LEGITIMATE,0,LOW,NONE,LOW
MPLADS-009110,LEGITIMATE,0,LOW,NONE,LOW
MPLADS-009111,HIGH_VALUE_LEGITIMATE,0,MEDIUM,NONE,LOW
MPLADS-009112,LEGITIMATE,0,LOW,NONE,LOW
MPLADS-009113,LEGITIMATE,0,LOW,NONE,LOW
MPLADS-009114,LEGITIMATE,0,LOW,NONE,LOW
MPLADS-009115,LEGITIMATE,0,LOW,NONE,LOW
MPLADS-009116,LEGITIMATE,0,LOW,NONE,LOW
MPLADS-009117,LEGITIMATE,0,LOW,NONE,LOW
MPLADS-009118,LEGITIMATE,0,LOW,NONE,LOW
MPLADS-009119,LEGITIMATE,0,LOW,NONE,LOW
MPLADS-009120,LEGITIMATE,0,LOW,NONE,LOW
MPLADS-009121,LEGITIMATE,0,LOW,NONE,LOW
MPLADS-009122,LEGITIMATE,0,LOW,NONE,LOW
MPLADS-009123,PAYMENT_PROGRESS_MISMATCH,1,CRITICAL,PROGRESS,URGENT
MPLADS-009124,LEGITIMATE,0,LOW,NONE,LOW
MPLADS-009125,HIGH_VALUE_LEGITIMATE,0,MEDIUM,NONE,LOW
MPLADS-009126,HIGH_VALUE_LEGITIMATE,0,MEDIUM,NONE,LOW
MPLADS-009127,HIGH_VALUE_LEGITIMATE,0,LOW,NONE,LOW
MPLADS-009128,HIGH_VALUE_LEGITIMATE,0,LOW,NONE,LOW
MPLADS-009129,LEGITIMATE,0,LOW,NONE,LOW
MPLADS-009130,LEGITIMATE,0,LOW,NONE,LOW
MPLADS-009131,LEGITIMATE,0,LOW,NONE,LOW
MPLADS-009132,GHOST_WORK,1,CRITICAL,GHOST_WORK,URGENT
MPLADS-009133,LEGITIMATE,0,LOW,NONE,LOW
MPLADS-009134,LEGITIMATE,0,LOW,NONE,LOW
MPLADS-009135,PAYMENT_PROGRESS_MISMATCH,1,CRITICAL,PROGRESS,URGENT
MPLADS-009136,LEGITIMATE,0,LOW,NONE,LOW
MPLADS-009137,HIGH_VALUE_LEGITIMATE,0,LOW,NONE,LOW
MPLADS-009138,LEGITIMATE,0,LOW,NONE,LOW
MPLADS-009139,COST_OVERRUN,1,HIGH,COST,HIGH
MPLADS-009140,LEGITIMATE,0,LOW,NONE,LOW
MPLADS-009141,LEGITIMATE,0,LOW,NONE,LOW
MPLADS-009142,LEGITIMATE,0,LOW,NONE,LOW
MPLADS-009143,SUSPICIOUS_PROCUREMENT,1,HIGH,PROCUREMENT,HIGH
MPLADS-009144,HIGH_VALUE_LEGITIMATE,0,LOW,NONE,LOW
MPLADS-009145,LEGITIMATE,0,LOW,NONE,LOW
MPLADS-009146,LEGITIMATE,0,LOW,NONE,LOW
MPLADS-009147,LEGITIMATE,0,LOW,NONE,LOW
MPLADS-009148,DELAYED_PROJECT,1,MEDIUM,TIMELINE,LOW
MPLADS-009149,LEGITIMATE,0,LOW,NONE,LOW
MPLADS-009150,LEGITIMATE,0,LOW,NONE,LOW
MPLADS-009151,COST_OVERRUN,1,HIGH,COST,HIGH
MPLADS-009152,PAYMENT_PROGRESS_MISMATCH,1,CRITICAL,PROGRESS,URGENT
MPLADS-009153,DUPLICATE_PROJECT,1,HIGH,DUPLICATE_PROJECT,HIGH
MPLADS-009154,DELAYED_PROJECT,1,MEDIUM,TIMELINE,LOW
MPLADS-009155,LEGITIMATE,0,LOW,NONE,LOW
MPLADS-009156,LEGITIMATE,0,LOW,NONE,LOW
MPLADS-009157,LEGITIMATE,0,LOW,NONE,LOW
MPLADS-009158,LEGITIMATE,0,LOW,NONE,LOW
MPLADS-009159,LEGITIMATE,0,LOW,NONE,LOW
MPLADS-009160,DELAYED_PROJECT,1,MEDIUM,TIMELINE,LOW
MPLADS-009161,LEGITIMATE,0,LOW,NONE,LOW
MPLADS-009162,LEGITIMATE,0,LOW,NONE,LOW
MPLADS-009163,LEGITIMATE,0,LOW,NONE,LOW
MPLADS-009164,LEGITIMATE,0,LOW,NONE,LOW
MPLADS-009165,HIGH_VALUE_LEGITIMATE,0,LOW,NONE,LOW
MPLADS-009166,LEGITIMATE,0,LOW,NONE,LOW
MPLADS-009167,LEGITIMATE,0,LOW,NONE,LOW
MPLADS-009168,LEGITIMATE,0,LOW,NONE,LOW
MPLADS-009169,SUSPICIOUS_PROCUREMENT,1,HIGH,PROCUREMENT,HIGH
MPLADS-009170,HIGH_VALUE_LEGITIMATE,0,MEDIUM,NONE,LOW
MPLADS-009171,COST_OVERRUN,1,HIGH,COST,HIGH
MPLADS-009172,LEGITIMATE,0,LOW,NONE,LOW
MPLADS-009173,LEGITIMATE,0,LOW,NONE,LOW
MPLADS-009174,LEGITIMATE,0,LOW,NONE,LOW
MPLADS-009175,GHOST_WORK,1,CRITICAL,GHOST_WORK,URGENT
MPLADS-009176,LEGITIMATE,0,LOW,NONE,LOW
MPLADS-009177,LEGITIMATE,0,LOW,NONE,LOW
MPLADS-009178,LEGITIMATE,0,LOW,NONE,LOW
MPLADS-009179,LEGITIMATE,0,LOW,NONE,LOW
MPLADS-009180,PAYMENT_PROGRESS_MISMATCH,1,CRITICAL,PROGRESS,URGENT
MPLADS-009181,HIGH_VALUE_LEGITIMATE,0,MEDIUM,NONE,LOW
MPLADS-009182,HIGH_VALUE_LEGITIMATE,0,MEDIUM,NONE,LOW
MPLADS-009183,LEGITIMATE,0,LOW,NONE,LOW
MPLADS-009184,LEGITIMATE,0,LOW,NONE,LOW
MPLADS-009185,LEGITIMATE,0,LOW,NONE,LOW
MPLADS-009186,LEGITIMATE,0,LOW,NONE,LOW
MPLADS-009187,LEGITIMATE,0,LOW,NONE,LOW
MPLADS-009188,LEGITIMATE,0,LOW,NONE,LOW
MPLADS-009189,HIGH_VALUE_LEGITIMATE,0,MEDIUM,NONE,LOW
MPLADS-009190,LEGITIMATE,0,LOW,NONE,LOW
MPLADS-009191,HIGH_VALUE_LEGITIMATE,0,LOW,NONE,LOW
MPLADS-009192,LEGITIMATE,0,LOW,NONE,LOW
MPLADS-009193,SUSPICIOUS_CONTRACTOR,1,HIGH,SUSPICIOUS_CONTRACTOR,HIGH
MPLADS-009194,HIGH_VALUE_LEGITIMATE,0,LOW,NONE,LOW
MPLADS-009195,LEGITIMATE,0,LOW,NONE,LOW
MPLADS-009196,SUSPICIOUS_CONTRACTOR,1,HIGH,SUSPICIOUS_CONTRACTOR,HIGH
MPLADS-009197,CONTRACTOR_MONOPOLY,1,HIGH,CONTRACTOR,HIGH
MPLADS-009198,COST_OVERRUN,1,HIGH,COST,HIGH
MPLADS-009199,LEGITIMATE,0,LOW,NONE,LOW
MPLADS-009200,LEGITIMATE,0,LOW,NONE,LOW
MPLADS-009201,LEGITIMATE,0,LOW,NONE,LOW
MPLADS-009202,CONTRACTOR_MONOPOLY,1,HIGH,CONTRACTOR,HIGH
MPLADS-009203,LEGITIMATE,0,LOW,NONE,LOW
MPLADS-009204,DELAYED_PROJECT,1,MEDIUM,TIMELINE,LOW
MPLADS-009205,LEGITIMATE,0,LOW,NONE,LOW
MPLADS-009206,PAYMENT_PROGRESS_MISMATCH,1,CRITICAL,PROGRESS,URGENT
MPLADS-009207,DELAYED_PROJECT,1,MEDIUM,TIMELINE,LOW
MPLADS-009208,LEGITIMATE,0,LOW,NONE,LOW
MPLADS-009209,LEGITIMATE,0,LOW,NONE,LOW
MPLADS-009210,LEGITIMATE,0,LOW,NONE,LOW
MPLADS-009211,LEGITIMATE,0,LOW,NONE,LOW
MPLADS-009212,LEGITIMATE,0,LOW,NONE,LOW
MPLADS-009213,LEGITIMATE,0,LOW,NONE,LOW
MPLADS-009214,LEGITIMATE,0,LOW,NONE,LOW
MPLADS-009215,LEGITIMATE,0,LOW,NONE,LOW
MPLADS-009216,LEGITIMATE,0,LOW,NONE,LOW
MPLADS-009217,LEGITIMATE,0,LOW,NONE,LOW
MPLADS-009218,COST_OVERRUN,1,HIGH,COST,HIGH
MPLADS-009219,LEGITIMATE,0,LOW,NONE,LOW
MPLADS-009220,LEGITIMATE,0,LOW,NONE,LOW
MPLADS-009221,HIGH_VALUE_LEGITIMATE,0,MEDIUM,NONE,LOW
MPLADS-009222,LEGITIMATE,0,LOW,NONE,LOW
MPLADS-009223,LEGITIMATE,0,LOW,NONE,LOW
MPLADS-009224,LEGITIMATE,0,LOW,NONE,LOW
MPLADS-009225,LEGITIMATE,0,LOW,NONE,LOW
MPLADS-009226,DUPLICATE_PROJECT,1,HIGH,DUPLICATE_PROJECT,HIGH
MPLADS-009227,LEGITIMATE,0,LOW,NONE,LOW
MPLADS-009228,LEGITIMATE,0,LOW,NONE,LOW
MPLADS-009229,DUPLICATE_PROJECT,1,HIGH,DUPLICATE_PROJECT,HIGH
MPLADS-009230,LEGITIMATE,0,LOW,NONE,LOW
MPLADS-009231,SUSPICIOUS_CONTRACTOR,1,HIGH,SUSPICIOUS_CONTRACTOR,HIGH
MPLADS-009232,LEGITIMATE,0,LOW,NONE,LOW
MPLADS-009233,HIGH_VALUE_LEGITIMATE,0,LOW,NONE,LOW
MPLADS-009234,HIGH_VALUE_LEGITIMATE,0,MEDIUM,NONE,LOW
MPLADS-009235,LEGITIMATE,0,LOW,NONE,LOW
MPLADS-009236,LEGITIMATE,0,LOW,NONE,LOW
MPLADS-009237,LEGITIMATE,0,LOW,NONE,LOW
MPLADS-009238,PAYMENT_PROGRESS_MISMATCH,1,CRITICAL,PROGRESS,URGENT
MPLADS-009239,LEGITIMATE,0,LOW,NONE,LOW
MPLADS-009240,LEGITIMATE,0,LOW,NONE,LOW
MPLADS-009241,LEGITIMATE,0,LOW,NONE,LOW
MPLADS-009242,LEGITIMATE,0,LOW,NONE,LOW
MPLADS-009243,LEGITIMATE,0,LOW,NONE,LOW
MPLADS-009244,LEGITIMATE,0,LOW,NONE,LOW
MPLADS-009245,LEGITIMATE,0,LOW,NONE,LOW
MPLADS-009246,HIGH_VALUE_LEGITIMATE,0,LOW,NONE,LOW
MPLADS-009247,LEGITIMATE,0,LOW,NONE,LOW
MPLADS-009248,LEGITIMATE,0,LOW,NONE,LOW
MPLADS-009249,DOCUMENTATION_ANOMALY,1,HIGH,DOCUMENTATION,HIGH
MPLADS-009250,LEGITIMATE,0,LOW,NONE,LOW
MPLADS-009251,LEGITIMATE,0,LOW,NONE,LOW
MPLADS-009252,LEGITIMATE,0,LOW,NONE,LOW
MPLADS-009253,CONTRACTOR_MONOPOLY,1,HIGH,CONTRACTOR,HIGH
MPLADS-009254,LEGITIMATE,0,LOW,NONE,LOW
MPLADS-009255,LEGITIMATE,0,LOW,NONE,LOW
MPLADS-009256,LEGITIMATE,0,LOW,NONE,LOW
MPLADS-009257,GHOST_WORK,1,CRITICAL,GHOST_WORK,URGENT
MPLADS-009258,LEGITIMATE,0,LOW,NONE,LOW
MPLADS-009259,HIGH_VALUE_LEGITIMATE,0,MEDIUM,NONE,LOW
MPLADS-009260,LEGITIMATE,0,LOW,NONE,LOW
MPLADS-009261,LEGITIMATE,0,LOW,NONE,LOW
MPLADS-009262,HIGH_VALUE_LEGITIMATE,0,MEDIUM,NONE,LOW
MPLADS-009263,LEGITIMATE,0,LOW,NONE,LOW
MPLADS-009264,LEGITIMATE,0,LOW,NONE,LOW
MPLADS-009265,HIGH_VALUE_LEGITIMATE,0,LOW,NONE,LOW
MPLADS-009266,LEGITIMATE,0,LOW,NONE,LOW
MPLADS-009267,HIGH_VALUE_LEGITIMATE,0,LOW,NONE,LOW
MPLADS-009268,LEGITIMATE,0,LOW,NONE,LOW
MPLADS-009269,LEGITIMATE,0,LOW,NONE,LOW
MPLADS-009270,ABANDONED_PROJECT,1,HIGH,ABANDONED_PROJECT,HIGH
MPLADS-009271,HIGH_VALUE_LEGITIMATE,0,MEDIUM,NONE,LOW
MPLADS-009272,LEGITIMATE,0,LOW,NONE,LOW
MPLADS-009273,LEGITIMATE,0,LOW,NONE,LOW
MPLADS-009274,LEGITIMATE,0,LOW,NONE,LOW
MPLADS-009275,LEGITIMATE,0,LOW,NONE,LOW
MPLADS-009276,HIGH_VALUE_LEGITIMATE,0,MEDIUM,NONE,LOW
MPLADS-009277,LEGITIMATE,0,LOW,NONE,LOW
MPLADS-009278,LEGITIMATE,0,LOW,NONE,LOW
MPLADS-009279,PAYMENT_PROGRESS_MISMATCH,1,CRITICAL,PROGRESS,URGENT
MPLADS-009280,HIGH_VALUE_LEGITIMATE,0,MEDIUM,NONE,LOW
MPLADS-009281,LEGITIMATE,0,LOW,NONE,LOW
MPLADS-009282,SUSPICIOUS_CONTRACTOR,1,HIGH,SUSPICIOUS_CONTRACTOR,HIGH
MPLADS-009283,SUSPICIOUS_CONTRACTOR,1,HIGH,SUSPICIOUS_CONTRACTOR,HIGH
MPLADS-009284,LEGITIMATE,0,LOW,NONE,LOW
MPLADS-009285,COST_OVERRUN,1,HIGH,COST,HIGH
MPLADS-009286,LEGITIMATE,0,LOW,NONE,LOW
MPLADS-009287,LEGITIMATE,0,LOW,NONE,LOW
MPLADS-009288,LEGITIMATE,0,LOW,NONE,LOW
MPLADS-009289,HIGH_VALUE_LEGITIMATE,0,MEDIUM,NONE,LOW
MPLADS-009290,LEGITIMATE,0,LOW,NONE,LOW
MPLADS-009291,HIGH_VALUE_LEGITIMATE,0,MEDIUM,NONE,LOW
MPLADS-009292,HIGH_VALUE_LEGITIMATE,0,LOW,NONE,LOW
MPLADS-009293,LEGITIMATE,0,LOW,NONE,LOW
MPLADS-009294,LEGITIMATE,0,LOW,NONE,LOW
MPLADS-009295,LEGITIMATE,0,LOW,NONE,LOW
MPLADS-009296,LEGITIMATE,0,LOW,NONE,LOW
MPLADS-009297,LEGITIMATE,0,LOW,NONE,LOW
MPLADS-009298,LEGITIMATE,0,LOW,NONE,LOW
MPLADS-009299,LEGITIMATE,0,LOW,NONE,LOW
MPLADS-009300,LEGITIMATE,0,LOW,NONE,LOW
MPLADS-009301,LEGITIMATE,0,LOW,NONE,LOW
MPLADS-009302,PAYMENT_PROGRESS_MISMATCH,1,CRITICAL,PROGRESS,URGENT
MPLADS-009303,LEGITIMATE,0,LOW,NONE,LOW
MPLADS-009304,LEGITIMATE,0,LOW,NONE,LOW
MPLADS-009305,LEGITIMATE,0,LOW,NONE,LOW
MPLADS-009306,COST_OVERRUN,1,HIGH,COST,HIGH
MPLADS-009307,LEGITIMATE,0,LOW,NONE,LOW
MPLADS-009308,LEGITIMATE,0,LOW,NONE,LOW
MPLADS-009309,LEGITIMATE,0,LOW,NONE,LOW
MPLADS-009310,LEGITIMATE,0,LOW,NONE,LOW
MPLADS-009311,HIGH_VALUE_LEGITIMATE,0,MEDIUM,NONE,LOW
MPLADS-009312,LEGITIMATE,0,LOW,NONE,LOW
MPLADS-009313,LEGITIMATE,0,LOW,NONE,LOW
MPLADS-009314,LEGITIMATE,0,LOW,NONE,LOW
MPLADS-009315,HIGH_VALUE_LEGITIMATE,0,LOW,NONE,LOW
MPLADS-009316,PAYMENT_PROGRESS_MISMATCH,1,CRITICAL,PROGRESS,URGENT
MPLADS-009317,LEGITIMATE,0,LOW,NONE,LOW
MPLADS-009318,LEGITIMATE,0,LOW,NONE,LOW
MPLADS-009319,LEGITIMATE,0,LOW,NONE,LOW
MPLADS-009320,LEGITIMATE,0,LOW,NONE,LOW
MPLADS-009321,PAYMENT_PROGRESS_MISMATCH,1,CRITICAL,PROGRESS,URGENT
MPLADS-009322,LEGITIMATE,0,LOW,NONE,LOW
MPLADS-009323,LEGITIMATE,0,LOW,NONE,LOW
MPLADS-009324,HIGH_VALUE_LEGITIMATE,0,LOW,NONE,LOW
MPLADS-009325,LEGITIMATE,0,LOW,NONE,LOW
MPLADS-009326,LEGITIMATE,0,LOW,NONE,LOW
MPLADS-009327,COST_OVERRUN,1,HIGH,COST,HIGH
MPLADS-009328,LEGITIMATE,0,LOW,NONE,LOW
MPLADS-009329,SUSPICIOUS_PROCUREMENT,1,HIGH,PROCUREMENT,HIGH
MPLADS-009330,LEGITIMATE,0,LOW,NONE,LOW
MPLADS-009331,LEGITIMATE,0,LOW,NONE,LOW
MPLADS-009332,HIGH_VALUE_LEGITIMATE,0,LOW,NONE,LOW
MPLADS-009333,LEGITIMATE,0,LOW,NONE,LOW
MPLADS-009334,HIGH_VALUE_LEGITIMATE,0,MEDIUM,NONE,LOW
MPLADS-009335,LEGITIMATE,0,LOW,NONE,LOW
MPLADS-009336,LEGITIMATE,0,LOW,NONE,LOW
MPLADS-009337,LEGITIMATE,0,LOW,NONE,LOW
MPLADS-009338,ABANDONED_PROJECT,1,HIGH,ABANDONED_PROJECT,HIGH
MPLADS-009339,LEGITIMATE,0,LOW,NONE,LOW
MPLADS-009340,LEGITIMATE,0,LOW,NONE,LOW
MPLADS-009341,HIGH_VALUE_LEGITIMATE,0,MEDIUM,NONE,LOW
MPLADS-009342,LEGITIMATE,0,LOW,NONE,LOW
MPLADS-009343,HIGH_VALUE_LEGITIMATE,0,LOW,NONE,LOW
MPLADS-009344,LEGITIMATE,0,LOW,NONE,LOW
MPLADS-009345,LEGITIMATE,0,LOW,NONE,LOW
MPLADS-009346,LEGITIMATE,0,LOW,NONE,LOW
MPLADS-009347,LEGITIMATE,0,LOW,NONE,LOW
MPLADS-009348,LEGITIMATE,0,LOW,NONE,LOW
MPLADS-009349,PAYMENT_PROGRESS_MISMATCH,1,CRITICAL,PROGRESS,URGENT
MPLADS-009350,LEGITIMATE,0,LOW,NONE,LOW
MPLADS-009351,LEGITIMATE,0,LOW,NONE,LOW
MPLADS-009352,LEGITIMATE,0,LOW,NONE,LOW
MPLADS-009353,LEGITIMATE,0,LOW,NONE,LOW
MPLADS-009354,LEGITIMATE,0,LOW,NONE,LOW
MPLADS-009355,LEGITIMATE,0,LOW,NONE,LOW
MPLADS-009356,LEGITIMATE,0,LOW,NONE,LOW
MPLADS-009357,LEGITIMATE,0,LOW,NONE,LOW
MPLADS-009358,LEGITIMATE,0,LOW,NONE,LOW
MPLADS-009359,LEGITIMATE,0,LOW,NONE,LOW
MPLADS-009360,LEGITIMATE,0,LOW,NONE,LOW
MPLADS-009361,LEGITIMATE,0,LOW,NONE,LOW
MPLADS-009362,CONTRACTOR_MONOPOLY,1,HIGH,CONTRACTOR,HIGH
MPLADS-009363,LEGITIMATE,0,LOW,NONE,LOW
MPLADS-009364,LEGITIMATE,0,LOW,NONE,LOW
MPLADS-009365,LEGITIMATE,0,LOW,NONE,LOW
MPLADS-009366,LEGITIMATE,0,LOW,NONE,LOW
MPLADS-009367,LEGITIMATE,0,LOW,NONE,LOW
MPLADS-009368,LEGITIMATE,0,LOW,NONE,LOW
MPLADS-009369,LEGITIMATE,0,LOW,NONE,LOW
MPLADS-009370,LEGITIMATE,0,LOW,NONE,LOW
MPLADS-009371,LEGITIMATE,0,LOW,NONE,LOW
MPLADS-009372,HIGH_VALUE_LEGITIMATE,0,MEDIUM,NONE,LOW
MPLADS-009373,HIGH_VALUE_LEGITIMATE,0,LOW,NONE,LOW
MPLADS-009374,LEGITIMATE,0,LOW,NONE,LOW
MPLADS-009375,DUPLICATE_PROJECT,1,HIGH,DUPLICATE_PROJECT,HIGH
MPLADS-009376,LEGITIMATE,0,LOW,NONE,LOW
MPLADS-009377,LEGITIMATE,0,LOW,NONE,LOW
MPLADS-009378,SUSPICIOUS_CONTRACTOR,1,HIGH,SUSPICIOUS_CONTRACTOR,HIGH
MPLADS-009379,DELAYED_PROJECT,1,MEDIUM,TIMELINE,LOW
MPLADS-009380,DUPLICATE_PROJECT,1,HIGH,DUPLICATE_PROJECT,HIGH
MPLADS-009381,LEGITIMATE,0,LOW,NONE,LOW
MPLADS-009382,LEGITIMATE,0,LOW,NONE,LOW
MPLADS-009383,LEGITIMATE,0,LOW,NONE,LOW
MPLADS-009384,LEGITIMATE,0,LOW,NONE,LOW
MPLADS-009385,LEGITIMATE,0,LOW,NONE,LOW
MPLADS-009386,HIGH_VALUE_LEGITIMATE,0,MEDIUM,NONE,LOW
MPLADS-009387,DELAYED_PROJECT,1,MEDIUM,TIMELINE,LOW
MPLADS-009388,DOCUMENTATION_ANOMALY,1,HIGH,DOCUMENTATION,HIGH
MPLADS-009389,LEGITIMATE,0,LOW,NONE,LOW
MPLADS-009390,PAYMENT_PROGRESS_MISMATCH,1,CRITICAL,PROGRESS,URGENT
MPLADS-009391,LEGITIMATE,0,LOW,NONE,LOW
MPLADS-009392,LEGITIMATE,0,LOW,NONE,LOW
MPLADS-009393,LEGITIMATE,0,LOW,NONE,LOW
MPLADS-009394,DELAYED_PROJECT,1,MEDIUM,TIMELINE,LOW
MPLADS-009395,HIGH_VALUE_LEGITIMATE,0,LOW,NONE,LOW
MPLADS-009396,LEGITIMATE,0,LOW,NONE,LOW
MPLADS-009397,HIGH_VALUE_LEGITIMATE,0,MEDIUM,NONE,LOW
MPLADS-009398,LEGITIMATE,0,LOW,NONE,LOW
MPLADS-009399,HIGH_VALUE_LEGITIMATE,0,MEDIUM,NONE,LOW
MPLADS-009400,PAYMENT_PROGRESS_MISMATCH,1,CRITICAL,PROGRESS,URGENT
MPLADS-009401,GHOST_WORK,1,CRITICAL,GHOST_WORK,URGENT
MPLADS-009402,LEGITIMATE,0,LOW,NONE,LOW
MPLADS-009403,LEGITIMATE,0,LOW,NONE,LOW
MPLADS-009404,LEGITIMATE,0,LOW,NONE,LOW
MPLADS-009405,GHOST_WORK,1,CRITICAL,GHOST_WORK,URGENT
MPLADS-009406,PAYMENT_PROGRESS_MISMATCH,1,CRITICAL,PROGRESS,URGENT
MPLADS-009407,LEGITIMATE,0,LOW,NONE,LOW
MPLADS-009408,LEGITIMATE,0,LOW,NONE,LOW
MPLADS-009409,LEGITIMATE,0,LOW,NONE,LOW
MPLADS-009410,LEGITIMATE,0,LOW,NONE,LOW
MPLADS-009411,LEGITIMATE,0,LOW,NONE,LOW
MPLADS-009412,LEGITIMATE,0,LOW,NONE,LOW
MPLADS-009413,LEGITIMATE,0,LOW,NONE,LOW
MPLADS-009414,LEGITIMATE,0,LOW,NONE,LOW
MPLADS-009415,LEGITIMATE,0,LOW,NONE,LOW
MPLADS-009416,PAYMENT_PROGRESS_MISMATCH,1,CRITICAL,PROGRESS,URGENT
MPLADS-009417,HIGH_VALUE_LEGITIMATE,0,LOW,NONE,LOW
MPLADS-009418,LEGITIMATE,0,LOW,NONE,LOW
MPLADS-009419,CONTRACTOR_MONOPOLY,1,HIGH,CONTRACTOR,HIGH
MPLADS-009420,LEGITIMATE,0,LOW,NONE,LOW
MPLADS-009421,LEGITIMATE,0,LOW,NONE,LOW
MPLADS-009422,LEGITIMATE,0,LOW,NONE,LOW
MPLADS-009423,LEGITIMATE,0,LOW,NONE,LOW
MPLADS-009424,LEGITIMATE,0,LOW,NONE,LOW
MPLADS-009425,LEGITIMATE,0,LOW,NONE,LOW
MPLADS-009426,LEGITIMATE,0,LOW,NONE,LOW
MPLADS-009427,CONTRACTOR_MONOPOLY,1,HIGH,CONTRACTOR,HIGH
MPLADS-009428,LEGITIMATE,0,LOW,NONE,LOW
MPLADS-009429,LEGITIMATE,0,LOW,NONE,LOW
MPLADS-009430,LEGITIMATE,0,LOW,NONE,LOW
MPLADS-009431,LEGITIMATE,0,LOW,NONE,LOW
MPLADS-009432,LEGITIMATE,0,LOW,NONE,LOW
MPLADS-009433,LEGITIMATE,0,LOW,NONE,LOW
MPLADS-009434,LEGITIMATE,0,LOW,NONE,LOW
MPLADS-009435,HIGH_VALUE_LEGITIMATE,0,LOW,NONE,LOW
MPLADS-009436,GHOST_WORK,1,CRITICAL,GHOST_WORK,URGENT
MPLADS-009437,LEGITIMATE,0,LOW,NONE,LOW
MPLADS-009438,LEGITIMATE,0,LOW,NONE,LOW
MPLADS-009439,LEGITIMATE,0,LOW,NONE,LOW
MPLADS-009440,GHOST_WORK,1,CRITICAL,GHOST_WORK,URGENT
MPLADS-009441,LEGITIMATE,0,LOW,NONE,LOW
MPLADS-009442,HIGH_VALUE_LEGITIMATE,0,LOW,NONE,LOW
MPLADS-009443,COST_OVERRUN,1,HIGH,COST,HIGH
MPLADS-009444,LEGITIMATE,0,LOW,NONE,LOW
MPLADS-009445,PAYMENT_PROGRESS_MISMATCH,1,CRITICAL,PROGRESS,URGENT
MPLADS-009446,LEGITIMATE,0,LOW,NONE,LOW
MPLADS-009447,LEGITIMATE,0,LOW,NONE,LOW
MPLADS-009448,LEGITIMATE,0,LOW,NONE,LOW
MPLADS-009449,HIGH_VALUE_LEGITIMATE,0,LOW,NONE,LOW
MPLADS-009450,LEGITIMATE,0,LOW,NONE,LOW
MPLADS-009451,HIGH_VALUE_LEGITIMATE,0,MEDIUM,NONE,LOW
MPLADS-009452,LEGITIMATE,0,LOW,NONE,LOW
MPLADS-009453,DELAYED_PROJECT,1,MEDIUM,TIMELINE,LOW
MPLADS-009454,LEGITIMATE,0,LOW,NONE,LOW
MPLADS-009455,LEGITIMATE,0,LOW,NONE,LOW
MPLADS-009456,SUSPICIOUS_CONTRACTOR,1,HIGH,SUSPICIOUS_CONTRACTOR,HIGH
MPLADS-009457,PAYMENT_PROGRESS_MISMATCH,1,CRITICAL,PROGRESS,URGENT
MPLADS-009458,LEGITIMATE,0,LOW,NONE,LOW
MPLADS-009459,GHOST_WORK,1,CRITICAL,GHOST_WORK,URGENT
MPLADS-009460,LEGITIMATE,0,LOW,NONE,LOW
MPLADS-009461,LEGITIMATE,0,LOW,NONE,LOW
MPLADS-009462,LEGITIMATE,0,LOW,NONE,LOW
MPLADS-009463,LEGITIMATE,0,LOW,NONE,LOW
MPLADS-009464,LEGITIMATE,0,LOW,NONE,LOW
MPLADS-009465,LEGITIMATE,0,LOW,NONE,LOW
MPLADS-009466,LEGITIMATE,0,LOW,NONE,LOW
MPLADS-009467,LEGITIMATE,0,LOW,NONE,LOW
MPLADS-009468,DELAYED_PROJECT,1,MEDIUM,TIMELINE,LOW
MPLADS-009469,ABANDONED_PROJECT,1,HIGH,ABANDONED_PROJECT,HIGH
MPLADS-009470,LEGITIMATE,0,LOW,NONE,LOW
MPLADS-009471,LEGITIMATE,0,LOW,NONE,LOW
MPLADS-009472,LEGITIMATE,0,LOW,NONE,LOW
MPLADS-009473,GHOST_WORK,1,CRITICAL,GHOST_WORK,URGENT
MPLADS-009474,LEGITIMATE,0,LOW,NONE,LOW
MPLADS-009475,LEGITIMATE,0,LOW,NONE,LOW
MPLADS-009476,LEGITIMATE,0,LOW,NONE,LOW
MPLADS-009477,LEGITIMATE,0,LOW,NONE,LOW
MPLADS-009478,LEGITIMATE,0,LOW,NONE,LOW
MPLADS-009479,LEGITIMATE,0,LOW,NONE,LOW
MPLADS-009480,HIGH_VALUE_LEGITIMATE,0,MEDIUM,NONE,LOW
MPLADS-009481,SUSPICIOUS_CONTRACTOR,1,HIGH,SUSPICIOUS_CONTRACTOR,HIGH
MPLADS-009482,HIGH_VALUE_LEGITIMATE,0,LOW,NONE,LOW
MPLADS-009483,LEGITIMATE,0,LOW,NONE,LOW
MPLADS-009484,HIGH_VALUE_LEGITIMATE,0,MEDIUM,NONE,LOW
MPLADS-009485,SUSPICIOUS_CONTRACTOR,1,HIGH,SUSPICIOUS_CONTRACTOR,HIGH
MPLADS-009486,LEGITIMATE,0,LOW,NONE,LOW
MPLADS-009487,LEGITIMATE,0,LOW,NONE,LOW
MPLADS-009488,LEGITIMATE,0,LOW,NONE,LOW
MPLADS-009489,DELAYED_PROJECT,1,MEDIUM,TIMELINE,LOW
MPLADS-009490,LEGITIMATE,0,LOW,NONE,LOW
MPLADS-009491,LEGITIMATE,0,LOW,NONE,LOW
MPLADS-009492,LEGITIMATE,0,LOW,NONE,LOW
MPLADS-009493,HIGH_VALUE_LEGITIMATE,0,LOW,NONE,LOW
MPLADS-009494,PAYMENT_PROGRESS_MISMATCH,1,CRITICAL,PROGRESS,URGENT
MPLADS-009495,LEGITIMATE,0,LOW,NONE,LOW
MPLADS-009496,LEGITIMATE,0,LOW,NONE,LOW
MPLADS-009497,HIGH_VALUE_LEGITIMATE,0,LOW,NONE,LOW
MPLADS-009498,SUSPICIOUS_CONTRACTOR,1,HIGH,SUSPICIOUS_CONTRACTOR,HIGH
MPLADS-009499,LEGITIMATE,0,LOW,NONE,LOW
MPLADS-009500,LEGITIMATE,0,LOW,NONE,LOW
MPLADS-009501,LEGITIMATE,0,LOW,NONE,LOW
MPLADS-009502,COST_OVERRUN,1,HIGH,COST,HIGH
MPLADS-009503,ABANDONED_PROJECT,1,HIGH,ABANDONED_PROJECT,HIGH
MPLADS-009504,LEGITIMATE,0,LOW,NONE,LOW
MPLADS-009505,DELAYED_PROJECT,1,MEDIUM,TIMELINE,LOW
MPLADS-009506,LEGITIMATE,0,LOW,NONE,LOW
MPLADS-009507,COST_OVERRUN,1,HIGH,COST,HIGH
MPLADS-009508,LEGITIMATE,0,LOW,NONE,LOW
MPLADS-009509,LEGITIMATE,0,LOW,NONE,LOW
MPLADS-009510,HIGH_VALUE_LEGITIMATE,0,LOW,NONE,LOW
MPLADS-009511,LEGITIMATE,0,LOW,NONE,LOW
MPLADS-009512,LEGITIMATE,0,LOW,NONE,LOW
MPLADS-009513,LEGITIMATE,0,LOW,NONE,LOW
MPLADS-009514,LEGITIMATE,0,LOW,NONE,LOW
MPLADS-009515,LEGITIMATE,0,LOW,NONE,LOW
MPLADS-009516,HIGH_VALUE_LEGITIMATE,0,MEDIUM,NONE,LOW
MPLADS-009517,LEGITIMATE,0,LOW,NONE,LOW
MPLADS-009518,HIGH_VALUE_LEGITIMATE,0,LOW,NONE,LOW
MPLADS-009519,HIGH_VALUE_LEGITIMATE,0,MEDIUM,NONE,LOW
MPLADS-009520,LEGITIMATE,0,LOW,NONE,LOW
MPLADS-009521,LEGITIMATE,0,LOW,NONE,LOW
MPLADS-009522,LEGITIMATE,0,LOW,NONE,LOW
MPLADS-009523,DELAYED_PROJECT,1,MEDIUM,TIMELINE,LOW
MPLADS-009524,LEGITIMATE,0,LOW,NONE,LOW
MPLADS-009525,LEGITIMATE,0,LOW,NONE,LOW
MPLADS-009526,LEGITIMATE,0,LOW,NONE,LOW
MPLADS-009527,LEGITIMATE,0,LOW,NONE,LOW
MPLADS-009528,LEGITIMATE,0,LOW,NONE,LOW
MPLADS-009529,ABANDONED_PROJECT,1,HIGH,ABANDONED_PROJECT,HIGH
MPLADS-009530,LEGITIMATE,0,LOW,NONE,LOW
MPLADS-009531,LEGITIMATE,0,LOW,NONE,LOW
MPLADS-009532,LEGITIMATE,0,LOW,NONE,LOW
MPLADS-009533,HIGH_VALUE_LEGITIMATE,0,LOW,NONE,LOW
MPLADS-009534,LEGITIMATE,0,LOW,NONE,LOW
MPLADS-009535,LEGITIMATE,0,LOW,NONE,LOW
MPLADS-009536,LEGITIMATE,0,LOW,NONE,LOW
MPLADS-009537,LEGITIMATE,0,LOW,NONE,LOW
MPLADS-009538,DELAYED_PROJECT,1,MEDIUM,TIMELINE,LOW
MPLADS-009539,LEGITIMATE,0,LOW,NONE,LOW
MPLADS-009540,LEGITIMATE,0,LOW,NONE,LOW
MPLADS-009541,LEGITIMATE,0,LOW,NONE,LOW
MPLADS-009542,COST_OVERRUN,1,HIGH,COST,HIGH
MPLADS-009543,LEGITIMATE,0,LOW,NONE,LOW
MPLADS-009544,LEGITIMATE,0,LOW,NONE,LOW
MPLADS-009545,LEGITIMATE,0,LOW,NONE,LOW
MPLADS-009546,HIGH_VALUE_LEGITIMATE,0,MEDIUM,NONE,LOW
MPLADS-009547,LEGITIMATE,0,LOW,NONE,LOW
MPLADS-009548,DELAYED_PROJECT,1,MEDIUM,TIMELINE,LOW
MPLADS-009549,LEGITIMATE,0,LOW,NONE,LOW
MPLADS-009550,LEGITIMATE,0,LOW,NONE,LOW
MPLADS-009551,LEGITIMATE,0,LOW,NONE,LOW
MPLADS-009552,LEGITIMATE,0,LOW,NONE,LOW
MPLADS-009553,LEGITIMATE,0,LOW,NONE,LOW
MPLADS-009554,LEGITIMATE,0,LOW,NONE,LOW
MPLADS-009555,LEGITIMATE,0,LOW,NONE,LOW
MPLADS-009556,LEGITIMATE,0,LOW,NONE,LOW
MPLADS-009557,HIGH_VALUE_LEGITIMATE,0,LOW,NONE,LOW
MPLADS-009558,COST_OVERRUN,1,HIGH,COST,HIGH
MPLADS-009559,LEGITIMATE,0,LOW,NONE,LOW
MPLADS-009560,LEGITIMATE,0,LOW,NONE,LOW
MPLADS-009561,LEGITIMATE,0,LOW,NONE,LOW
MPLADS-009562,CONTRACTOR_MONOPOLY,1,HIGH,CONTRACTOR,HIGH
MPLADS-009563,PAYMENT_PROGRESS_MISMATCH,1,CRITICAL,PROGRESS,URGENT
MPLADS-009564,DOCUMENTATION_ANOMALY,1,HIGH,DOCUMENTATION,HIGH
MPLADS-009565,LEGITIMATE,0,LOW,NONE,LOW
MPLADS-009566,PAYMENT_PROGRESS_MISMATCH,1,CRITICAL,PROGRESS,URGENT
MPLADS-009567,LEGITIMATE,0,LOW,NONE,LOW
MPLADS-009568,GHOST_WORK,1,CRITICAL,GHOST_WORK,URGENT
MPLADS-009569,PAYMENT_PROGRESS_MISMATCH,1,CRITICAL,PROGRESS,URGENT
MPLADS-009570,LEGITIMATE,0,LOW,NONE,LOW
MPLADS-009571,LEGITIMATE,0,LOW,NONE,LOW
MPLADS-009572,LEGITIMATE,0,LOW,NONE,LOW
MPLADS-009573,LEGITIMATE,0,LOW,NONE,LOW
MPLADS-009574,LEGITIMATE,0,LOW,NONE,LOW
MPLADS-009575,LEGITIMATE,0,LOW,NONE,LOW
MPLADS-009576,PAYMENT_PROGRESS_MISMATCH,1,CRITICAL,PROGRESS,URGENT
MPLADS-009577,LEGITIMATE,0,LOW,NONE,LOW
MPLADS-009578,LEGITIMATE,0,LOW,NONE,LOW
MPLADS-009579,LEGITIMATE,0,LOW,NONE,LOW
MPLADS-009580,LEGITIMATE,0,LOW,NONE,LOW
MPLADS-009581,LEGITIMATE,0,LOW,NONE,LOW
MPLADS-009582,LEGITIMATE,0,LOW,NONE,LOW
MPLADS-009583,LEGITIMATE,0,LOW,NONE,LOW
MPLADS-009584,LEGITIMATE,0,LOW,NONE,LOW
MPLADS-009585,LEGITIMATE,0,LOW,NONE,LOW
MPLADS-009586,LEGITIMATE,0,LOW,NONE,LOW
MPLADS-009587,HIGH_VALUE_LEGITIMATE,0,MEDIUM,NONE,LOW
MPLADS-009588,LEGITIMATE,0,LOW,NONE,LOW
MPLADS-009589,LEGITIMATE,0,LOW,NONE,LOW
MPLADS-009590,HIGH_VALUE_LEGITIMATE,0,MEDIUM,NONE,LOW
MPLADS-009591,LEGITIMATE,0,LOW,NONE,LOW
MPLADS-009592,LEGITIMATE,0,LOW,NONE,LOW
MPLADS-009593,SUSPICIOUS_PROCUREMENT,1,HIGH,PROCUREMENT,HIGH
MPLADS-009594,LEGITIMATE,0,LOW,NONE,LOW
MPLADS-009595,LEGITIMATE,0,LOW,NONE,LOW
MPLADS-009596,LEGITIMATE,0,LOW,NONE,LOW
MPLADS-009597,GHOST_WORK,1,CRITICAL,GHOST_WORK,URGENT
MPLADS-009598,HIGH_VALUE_LEGITIMATE,0,LOW,NONE,LOW
MPLADS-009599,PAYMENT_PROGRESS_MISMATCH,1,CRITICAL,PROGRESS,URGENT
MPLADS-009600,LEGITIMATE,0,LOW,NONE,LOW
MPLADS-009601,LEGITIMATE,0,LOW,NONE,LOW
MPLADS-009602,LEGITIMATE,0,LOW,NONE,LOW
MPLADS-009603,LEGITIMATE,0,LOW,NONE,LOW
MPLADS-009604,LEGITIMATE,0,LOW,NONE,LOW
MPLADS-009605,SUSPICIOUS_CONTRACTOR,1,HIGH,SUSPICIOUS_CONTRACTOR,HIGH
MPLADS-009606,LEGITIMATE,0,LOW,NONE,LOW
MPLADS-009607,LEGITIMATE,0,LOW,NONE,LOW
MPLADS-009608,HIGH_VALUE_LEGITIMATE,0,LOW,NONE,LOW
MPLADS-009609,ABANDONED_PROJECT,1,HIGH,ABANDONED_PROJECT,HIGH
MPLADS-009610,LEGITIMATE,0,LOW,NONE,LOW
MPLADS-009611,LEGITIMATE,0,LOW,NONE,LOW
MPLADS-009612,LEGITIMATE,0,LOW,NONE,LOW
MPLADS-009613,LEGITIMATE,0,LOW,NONE,LOW
MPLADS-009614,LEGITIMATE,0,LOW,NONE,LOW
MPLADS-009615,LEGITIMATE,0,LOW,NONE,LOW
MPLADS-009616,LEGITIMATE,0,LOW,NONE,LOW
MPLADS-009617,LEGITIMATE,0,LOW,NONE,LOW
MPLADS-009618,LEGITIMATE,0,LOW,NONE,LOW
MPLADS-009619,LEGITIMATE,0,LOW,NONE,LOW
MPLADS-009620,LEGITIMATE,0,LOW,NONE,LOW
MPLADS-009621,LEGITIMATE,0,LOW,NONE,LOW
MPLADS-009622,LEGITIMATE,0,LOW,NONE,LOW
MPLADS-009623,LEGITIMATE,0,LOW,NONE,LOW
MPLADS-009624,LEGITIMATE,0,LOW,NONE,LOW
MPLADS-009625,LEGITIMATE,0,LOW,NONE,LOW
MPLADS-009626,LEGITIMATE,0,LOW,NONE,LOW
MPLADS-009627,COST_OVERRUN,1,HIGH,COST,HIGH
MPLADS-009628,LEGITIMATE,0,LOW,NONE,LOW
MPLADS-009629,SUSPICIOUS_PROCUREMENT,1,HIGH,PROCUREMENT,HIGH
MPLADS-009630,LEGITIMATE,0,LOW,NONE,LOW
MPLADS-009631,ABANDONED_PROJECT,1,HIGH,ABANDONED_PROJECT,HIGH
MPLADS-009632,COST_OVERRUN,1,HIGH,COST,HIGH
MPLADS-009633,LEGITIMATE,0,LOW,NONE,LOW
MPLADS-009634,LEGITIMATE,0,LOW,NONE,LOW
MPLADS-009635,LEGITIMATE,0,LOW,NONE,LOW
MPLADS-009636,LEGITIMATE,0,LOW,NONE,LOW
MPLADS-009637,LEGITIMATE,0,LOW,NONE,LOW
MPLADS-009638,DUPLICATE_PROJECT,1,HIGH,DUPLICATE_PROJECT,HIGH
MPLADS-009639,LEGITIMATE,0,LOW,NONE,LOW
MPLADS-009640,HIGH_VALUE_LEGITIMATE,0,LOW,NONE,LOW
MPLADS-009641,HIGH_VALUE_LEGITIMATE,0,MEDIUM,NONE,LOW
MPLADS-009642,LEGITIMATE,0,LOW,NONE,LOW
MPLADS-009643,LEGITIMATE,0,LOW,NONE,LOW
MPLADS-009644,LEGITIMATE,0,LOW,NONE,LOW
MPLADS-009645,DELAYED_PROJECT,1,MEDIUM,TIMELINE,LOW
MPLADS-009646,LEGITIMATE,0,LOW,NONE,LOW
MPLADS-009647,LEGITIMATE,0,LOW,NONE,LOW
MPLADS-009648,PAYMENT_PROGRESS_MISMATCH,1,CRITICAL,PROGRESS,URGENT
MPLADS-009649,LEGITIMATE,0,LOW,NONE,LOW
MPLADS-009650,LEGITIMATE,0,LOW,NONE,LOW
MPLADS-009651,PAYMENT_PROGRESS_MISMATCH,1,CRITICAL,PROGRESS,URGENT
MPLADS-009652,HIGH_VALUE_LEGITIMATE,0,LOW,NONE,LOW
MPLADS-009653,ABANDONED_PROJECT,1,HIGH,ABANDONED_PROJECT,HIGH
MPLADS-009654,LEGITIMATE,0,LOW,NONE,LOW
MPLADS-009655,LEGITIMATE,0,LOW,NONE,LOW
MPLADS-009656,LEGITIMATE,0,LOW,NONE,LOW
MPLADS-009657,DELAYED_PROJECT,1,MEDIUM,TIMELINE,LOW
MPLADS-009658,LEGITIMATE,0,LOW,NONE,LOW
MPLADS-009659,LEGITIMATE,0,LOW,NONE,LOW
MPLADS-009660,SUSPICIOUS_CONTRACTOR,1,HIGH,SUSPICIOUS_CONTRACTOR,HIGH
MPLADS-009661,LEGITIMATE,0,LOW,NONE,LOW
MPLADS-009662,LEGITIMATE,0,LOW,NONE,LOW
MPLADS-009663,SUSPICIOUS_CONTRACTOR,1,HIGH,SUSPICIOUS_CONTRACTOR,HIGH
MPLADS-009664,LEGITIMATE,0,LOW,NONE,LOW
MPLADS-009665,PAYMENT_PROGRESS_MISMATCH,1,CRITICAL,PROGRESS,URGENT
MPLADS-009666,LEGITIMATE,0,LOW,NONE,LOW
MPLADS-009667,COST_OVERRUN,1,HIGH,COST,HIGH
MPLADS-009668,LEGITIMATE,0,LOW,NONE,LOW
MPLADS-009669,LEGITIMATE,0,LOW,NONE,LOW
MPLADS-009670,HIGH_VALUE_LEGITIMATE,0,MEDIUM,NONE,LOW
MPLADS-009671,HIGH_VALUE_LEGITIMATE,0,MEDIUM,NONE,LOW
MPLADS-009672,LEGITIMATE,0,LOW,NONE,LOW
MPLADS-009673,LEGITIMATE,0,LOW,NONE,LOW
MPLADS-009674,LEGITIMATE,0,LOW,NONE,LOW
MPLADS-009675,LEGITIMATE,0,LOW,NONE,LOW
MPLADS-009676,LEGITIMATE,0,LOW,NONE,LOW
MPLADS-009677,HIGH_VALUE_LEGITIMATE,0,LOW,NONE,LOW
MPLADS-009678,LEGITIMATE,0,LOW,NONE,LOW
MPLADS-009679,LEGITIMATE,0,LOW,NONE,LOW
MPLADS-009680,LEGITIMATE,0,LOW,NONE,LOW
MPLADS-009681,LEGITIMATE,0,LOW,NONE,LOW
MPLADS-009682,LEGITIMATE,0,LOW,NONE,LOW
MPLADS-009683,LEGITIMATE,0,LOW,NONE,LOW
MPLADS-009684,LEGITIMATE,0,LOW,NONE,LOW
MPLADS-009685,LEGITIMATE,0,LOW,NONE,LOW
MPLADS-009686,LEGITIMATE,0,LOW,NONE,LOW
MPLADS-009687,LEGITIMATE,0,LOW,NONE,LOW
MPLADS-009688,LEGITIMATE,0,LOW,NONE,LOW
MPLADS-009689,LEGITIMATE,0,LOW,NONE,LOW
MPLADS-009690,HIGH_VALUE_LEGITIMATE,0,MEDIUM,NONE,LOW
MPLADS-009691,LEGITIMATE,0,LOW,NONE,LOW
MPLADS-009692,LEGITIMATE,0,LOW,NONE,LOW
MPLADS-009693,LEGITIMATE,0,LOW,NONE,LOW
MPLADS-009694,DELAYED_PROJECT,1,MEDIUM,TIMELINE,LOW
MPLADS-009695,LEGITIMATE,0,LOW,NONE,LOW
MPLADS-009696,PAYMENT_PROGRESS_MISMATCH,1,CRITICAL,PROGRESS,URGENT
MPLADS-009697,ABANDONED_PROJECT,1,HIGH,ABANDONED_PROJECT,HIGH
MPLADS-009698,DELAYED_PROJECT,1,MEDIUM,TIMELINE,LOW
MPLADS-009699,LEGITIMATE,0,LOW,NONE,LOW
MPLADS-009700,LEGITIMATE,0,LOW,NONE,LOW
MPLADS-009701,LEGITIMATE,0,LOW,NONE,LOW
MPLADS-009702,HIGH_VALUE_LEGITIMATE,0,LOW,NONE,LOW
MPLADS-009703,HIGH_VALUE_LEGITIMATE,0,LOW,NONE,LOW
MPLADS-009704,DELAYED_PROJECT,1,MEDIUM,TIMELINE,LOW
MPLADS-009705,LEGITIMATE,0,LOW,NONE,LOW
MPLADS-009706,HIGH_VALUE_LEGITIMATE,0,LOW,NONE,LOW
MPLADS-009707,LEGITIMATE,0,LOW,NONE,LOW
MPLADS-009708,LEGITIMATE,0,LOW,NONE,LOW
MPLADS-009709,LEGITIMATE,0,LOW,NONE,LOW
MPLADS-009710,LEGITIMATE,0,LOW,NONE,LOW
MPLADS-009711,LEGITIMATE,0,LOW,NONE,LOW
MPLADS-009712,LEGITIMATE,0,LOW,NONE,LOW
MPLADS-009713,LEGITIMATE,0,LOW,NONE,LOW
MPLADS-009714,GHOST_WORK,1,CRITICAL,GHOST_WORK,URGENT
MPLADS-009715,PAYMENT_PROGRESS_MISMATCH,1,CRITICAL,PROGRESS,URGENT
MPLADS-009716,LEGITIMATE,0,LOW,NONE,LOW
MPLADS-009717,PAYMENT_PROGRESS_MISMATCH,1,CRITICAL,PROGRESS,URGENT
MPLADS-009718,COST_OVERRUN,1,HIGH,COST,HIGH
MPLADS-009719,PAYMENT_PROGRESS_MISMATCH,1,CRITICAL,PROGRESS,URGENT
MPLADS-009720,LEGITIMATE,0,LOW,NONE,LOW
MPLADS-009721,LEGITIMATE,0,LOW,NONE,LOW
MPLADS-009722,LEGITIMATE,0,LOW,NONE,LOW
MPLADS-009723,LEGITIMATE,0,LOW,NONE,LOW
MPLADS-009724,LEGITIMATE,0,LOW,NONE,LOW
MPLADS-009725,HIGH_VALUE_LEGITIMATE,0,MEDIUM,NONE,LOW
MPLADS-009726,LEGITIMATE,0,LOW,NONE,LOW
MPLADS-009727,SUSPICIOUS_PROCUREMENT,1,HIGH,PROCUREMENT,HIGH
MPLADS-009728,PAYMENT_PROGRESS_MISMATCH,1,CRITICAL,PROGRESS,URGENT
MPLADS-009729,LEGITIMATE,0,LOW,NONE,LOW
MPLADS-009730,LEGITIMATE,0,LOW,NONE,LOW
MPLADS-009731,LEGITIMATE,0,LOW,NONE,LOW
MPLADS-009732,LEGITIMATE,0,LOW,NONE,LOW
MPLADS-009733,LEGITIMATE,0,LOW,NONE,LOW
MPLADS-009734,LEGITIMATE,0,LOW,NONE,LOW
MPLADS-009735,LEGITIMATE,0,LOW,NONE,LOW
MPLADS-009736,LEGITIMATE,0,LOW,NONE,LOW
MPLADS-009737,LEGITIMATE,0,LOW,NONE,LOW
MPLADS-009738,SUSPICIOUS_CONTRACTOR,1,HIGH,SUSPICIOUS_CONTRACTOR,HIGH
MPLADS-009739,LEGITIMATE,0,LOW,NONE,LOW
MPLADS-009740,HIGH_VALUE_LEGITIMATE,0,LOW,NONE,LOW
MPLADS-009741,LEGITIMATE,0,LOW,NONE,LOW
MPLADS-009742,LEGITIMATE,0,LOW,NONE,LOW
MPLADS-009743,GHOST_WORK,1,CRITICAL,GHOST_WORK,URGENT
MPLADS-009744,LEGITIMATE,0,LOW,NONE,LOW
MPLADS-009745,LEGITIMATE,0,LOW,NONE,LOW
MPLADS-009746,DUPLICATE_PROJECT,1,HIGH,DUPLICATE_PROJECT,HIGH
MPLADS-009747,LEGITIMATE,0,LOW,NONE,LOW
MPLADS-009748,HIGH_VALUE_LEGITIMATE,0,MEDIUM,NONE,LOW
MPLADS-009749,LEGITIMATE,0,LOW,NONE,LOW
MPLADS-009750,LEGITIMATE,0,LOW,NONE,LOW
MPLADS-009751,LEGITIMATE,0,LOW,NONE,LOW
MPLADS-009752,LEGITIMATE,0,LOW,NONE,LOW
MPLADS-009753,HIGH_VALUE_LEGITIMATE,0,LOW,NONE,LOW
MPLADS-009754,LEGITIMATE,0,LOW,NONE,LOW
MPLADS-009755,LEGITIMATE,0,LOW,NONE,LOW
MPLADS-009756,LEGITIMATE,0,LOW,NONE,LOW
MPLADS-009757,LEGITIMATE,0,LOW,NONE,LOW
MPLADS-009758,LEGITIMATE,0,LOW,NONE,LOW
MPLADS-009759,HIGH_VALUE_LEGITIMATE,0,MEDIUM,NONE,LOW
MPLADS-009760,LEGITIMATE,0,LOW,NONE,LOW
MPLADS-009761,COST_OVERRUN,1,HIGH,COST,HIGH
MPLADS-009762,LEGITIMATE,0,LOW,NONE,LOW
MPLADS-009763,PAYMENT_PROGRESS_MISMATCH,1,CRITICAL,PROGRESS,URGENT
MPLADS-009764,LEGITIMATE,0,LOW,NONE,LOW
MPLADS-009765,LEGITIMATE,0,LOW,NONE,LOW
MPLADS-009766,ABANDONED_PROJECT,1,HIGH,ABANDONED_PROJECT,HIGH
MPLADS-009767,LEGITIMATE,0,LOW,NONE,LOW
MPLADS-009768,LEGITIMATE,0,LOW,NONE,LOW
MPLADS-009769,PAYMENT_PROGRESS_MISMATCH,1,CRITICAL,PROGRESS,URGENT
MPLADS-009770,LEGITIMATE,0,LOW,NONE,LOW
MPLADS-009771,LEGITIMATE,0,LOW,NONE,LOW
MPLADS-009772,LEGITIMATE,0,LOW,NONE,LOW
MPLADS-009773,LEGITIMATE,0,LOW,NONE,LOW
MPLADS-009774,SUSPICIOUS_CONTRACTOR,1,HIGH,SUSPICIOUS_CONTRACTOR,HIGH
MPLADS-009775,LEGITIMATE,0,LOW,NONE,LOW
MPLADS-009776,SUSPICIOUS_PROCUREMENT,1,HIGH,PROCUREMENT,HIGH
MPLADS-009777,SUSPICIOUS_CONTRACTOR,1,HIGH,SUSPICIOUS_CONTRACTOR,HIGH
MPLADS-009778,LEGITIMATE,0,LOW,NONE,LOW
MPLADS-009779,GHOST_WORK,1,CRITICAL,GHOST_WORK,URGENT
MPLADS-009780,LEGITIMATE,0,LOW,NONE,LOW
MPLADS-009781,LEGITIMATE,0,LOW,NONE,LOW
MPLADS-009782,HIGH_VALUE_LEGITIMATE,0,LOW,NONE,LOW
MPLADS-009783,LEGITIMATE,0,LOW,NONE,LOW
MPLADS-009784,LEGITIMATE,0,LOW,NONE,LOW
MPLADS-009785,LEGITIMATE,0,LOW,NONE,LOW
MPLADS-009786,HIGH_VALUE_LEGITIMATE,0,MEDIUM,NONE,LOW
MPLADS-009787,DELAYED_PROJECT,1,MEDIUM,TIMELINE,LOW
MPLADS-009788,LEGITIMATE,0,LOW,NONE,LOW
MPLADS-009789,SUSPICIOUS_CONTRACTOR,1,HIGH,SUSPICIOUS_CONTRACTOR,HIGH
MPLADS-009790,SUSPICIOUS_CONTRACTOR,1,HIGH,SUSPICIOUS_CONTRACTOR,HIGH
MPLADS-009791,GHOST_WORK,1,CRITICAL,GHOST_WORK,URGENT
MPLADS-009792,LEGITIMATE,0,LOW,NONE,LOW
MPLADS-009793,HIGH_VALUE_LEGITIMATE,0,MEDIUM,NONE,LOW
MPLADS-009794,LEGITIMATE,0,LOW,NONE,LOW
MPLADS-009795,LEGITIMATE,0,LOW,NONE,LOW
MPLADS-009796,LEGITIMATE,0,LOW,NONE,LOW
MPLADS-009797,LEGITIMATE,0,LOW,NONE,LOW
MPLADS-009798,LEGITIMATE,0,LOW,NONE,LOW
MPLADS-009799,LEGITIMATE,0,LOW,NONE,LOW
MPLADS-009800,LEGITIMATE,0,LOW,NONE,LOW
MPLADS-009801,SUSPICIOUS_CONTRACTOR,1,HIGH,SUSPICIOUS_CONTRACTOR,HIGH
MPLADS-009802,PAYMENT_PROGRESS_MISMATCH,1,CRITICAL,PROGRESS,URGENT
MPLADS-009803,LEGITIMATE,0,LOW,NONE,LOW
MPLADS-009804,LEGITIMATE,0,LOW,NONE,LOW
MPLADS-009805,LEGITIMATE,0,LOW,NONE,LOW
MPLADS-009806,ABANDONED_PROJECT,1,HIGH,ABANDONED_PROJECT,HIGH
MPLADS-009807,LEGITIMATE,0,LOW,NONE,LOW
MPLADS-009808,LEGITIMATE,0,LOW,NONE,LOW
MPLADS-009809,GHOST_WORK,1,CRITICAL,GHOST_WORK,URGENT
MPLADS-009810,LEGITIMATE,0,LOW,NONE,LOW
MPLADS-009811,LEGITIMATE,0,LOW,NONE,LOW
MPLADS-009812,LEGITIMATE,0,LOW,NONE,LOW
MPLADS-009813,HIGH_VALUE_LEGITIMATE,0,LOW,NONE,LOW
MPLADS-009814,PAYMENT_PROGRESS_MISMATCH,1,CRITICAL,PROGRESS,URGENT
MPLADS-009815,HIGH_VALUE_LEGITIMATE,0,MEDIUM,NONE,LOW
MPLADS-009816,LEGITIMATE,0,LOW,NONE,LOW
MPLADS-009817,LEGITIMATE,0,LOW,NONE,LOW
MPLADS-009818,HIGH_VALUE_LEGITIMATE,0,LOW,NONE,LOW
MPLADS-009819,LEGITIMATE,0,LOW,NONE,LOW
MPLADS-009820,LEGITIMATE,0,LOW,NONE,LOW
MPLADS-009821,LEGITIMATE,0,LOW,NONE,LOW
MPLADS-009822,LEGITIMATE,0,LOW,NONE,LOW
MPLADS-009823,LEGITIMATE,0,LOW,NONE,LOW
MPLADS-009824,LEGITIMATE,0,LOW,NONE,LOW
MPLADS-009825,HIGH_VALUE_LEGITIMATE,0,MEDIUM,NONE,LOW
MPLADS-009826,LEGITIMATE,0,LOW,NONE,LOW
MPLADS-009827,LEGITIMATE,0,LOW,NONE,LOW
MPLADS-009828,LEGITIMATE,0,LOW,NONE,LOW
MPLADS-009829,LEGITIMATE,0,LOW,NONE,LOW
MPLADS-009830,PAYMENT_PROGRESS_MISMATCH,1,CRITICAL,PROGRESS,URGENT
MPLADS-009831,LEGITIMATE,0,LOW,NONE,LOW
MPLADS-009832,LEGITIMATE,0,LOW,NONE,LOW
MPLADS-009833,HIGH_VALUE_LEGITIMATE,0,MEDIUM,NONE,LOW
MPLADS-009834,LEGITIMATE,0,LOW,NONE,LOW
MPLADS-009835,LEGITIMATE,0,LOW,NONE,LOW
MPLADS-009836,HIGH_VALUE_LEGITIMATE,0,MEDIUM,NONE,LOW
MPLADS-009837,LEGITIMATE,0,LOW,NONE,LOW
MPLADS-009838,DELAYED_PROJECT,1,MEDIUM,TIMELINE,LOW
MPLADS-009839,SUSPICIOUS_PROCUREMENT,1,HIGH,PROCUREMENT,HIGH
MPLADS-009840,PAYMENT_PROGRESS_MISMATCH,1,CRITICAL,PROGRESS,URGENT
MPLADS-009841,LEGITIMATE,0,LOW,NONE,LOW
MPLADS-009842,HIGH_VALUE_LEGITIMATE,0,MEDIUM,NONE,LOW
MPLADS-009843,LEGITIMATE,0,LOW,NONE,LOW
MPLADS-009844,LEGITIMATE,0,LOW,NONE,LOW
MPLADS-009845,GHOST_WORK,1,CRITICAL,GHOST_WORK,URGENT
MPLADS-009846,PAYMENT_PROGRESS_MISMATCH,1,CRITICAL,PROGRESS,URGENT
MPLADS-009847,LEGITIMATE,0,LOW,NONE,LOW
MPLADS-009848,LEGITIMATE,0,LOW,NONE,LOW
MPLADS-009849,LEGITIMATE,0,LOW,NONE,LOW
MPLADS-009850,LEGITIMATE,0,LOW,NONE,LOW
MPLADS-009851,LEGITIMATE,0,LOW,NONE,LOW
MPLADS-009852,ABANDONED_PROJECT,1,HIGH,ABANDONED_PROJECT,HIGH
MPLADS-009853,HIGH_VALUE_LEGITIMATE,0,LOW,NONE,LOW
MPLADS-009854,PAYMENT_PROGRESS_MISMATCH,1,CRITICAL,PROGRESS,URGENT
MPLADS-009855,LEGITIMATE,0,LOW,NONE,LOW
MPLADS-009856,LEGITIMATE,0,LOW,NONE,LOW
MPLADS-009857,PAYMENT_PROGRESS_MISMATCH,1,CRITICAL,PROGRESS,URGENT
MPLADS-009858,LEGITIMATE,0,LOW,NONE,LOW
MPLADS-009859,LEGITIMATE,0,LOW,NONE,LOW
MPLADS-009860,LEGITIMATE,0,LOW,NONE,LOW
MPLADS-009861,LEGITIMATE,0,LOW,NONE,LOW
MPLADS-009862,HIGH_VALUE_LEGITIMATE,0,LOW,NONE,LOW
MPLADS-009863,LEGITIMATE,0,LOW,NONE,LOW
MPLADS-009864,LEGITIMATE,0,LOW,NONE,LOW
MPLADS-009865,CONTRACTOR_MONOPOLY,1,HIGH,CONTRACTOR,HIGH
MPLADS-009866,LEGITIMATE,0,LOW,NONE,LOW
MPLADS-009867,LEGITIMATE,0,LOW,NONE,LOW
MPLADS-009868,CONTRACTOR_MONOPOLY,1,HIGH,CONTRACTOR,HIGH
MPLADS-009869,LEGITIMATE,0,LOW,NONE,LOW
MPLADS-009870,HIGH_VALUE_LEGITIMATE,0,LOW,NONE,LOW
MPLADS-009871,HIGH_VALUE_LEGITIMATE,0,MEDIUM,NONE,LOW
MPLADS-009872,ABANDONED_PROJECT,1,HIGH,ABANDONED_PROJECT,HIGH
MPLADS-009873,LEGITIMATE,0,LOW,NONE,LOW
MPLADS-009874,HIGH_VALUE_LEGITIMATE,0,LOW,NONE,LOW
MPLADS-009875,ABANDONED_PROJECT,1,HIGH,ABANDONED_PROJECT,HIGH
MPLADS-009876,LEGITIMATE,0,LOW,NONE,LOW
MPLADS-009877,LEGITIMATE,0,LOW,NONE,LOW
MPLADS-009878,DELAYED_PROJECT,1,MEDIUM,TIMELINE,LOW
MPLADS-009879,LEGITIMATE,0,LOW,NONE,LOW
MPLADS-009880,LEGITIMATE,0,LOW,NONE,LOW
MPLADS-009881,LEGITIMATE,0,LOW,NONE,LOW
MPLADS-009882,HIGH_VALUE_LEGITIMATE,0,LOW,NONE,LOW
MPLADS-009883,LEGITIMATE,0,LOW,NONE,LOW
MPLADS-009884,LEGITIMATE,0,LOW,NONE,LOW
MPLADS-009885,LEGITIMATE,0,LOW,NONE,LOW
MPLADS-009886,DELAYED_PROJECT,1,MEDIUM,TIMELINE,LOW
MPLADS-009887,DELAYED_PROJECT,1,MEDIUM,TIMELINE,LOW
MPLADS-009888,LEGITIMATE,0,LOW,NONE,LOW
MPLADS-009889,LEGITIMATE,0,LOW,NONE,LOW
MPLADS-009890,SUSPICIOUS_PROCUREMENT,1,HIGH,PROCUREMENT,HIGH
MPLADS-009891,CONTRACTOR_MONOPOLY,1,HIGH,CONTRACTOR,HIGH
MPLADS-009892,LEGITIMATE,0,LOW,NONE,LOW
MPLADS-009893,LEGITIMATE,0,LOW,NONE,LOW
MPLADS-009894,LEGITIMATE,0,LOW,NONE,LOW
MPLADS-009895,LEGITIMATE,0,LOW,NONE,LOW
MPLADS-009896,DELAYED_PROJECT,1,MEDIUM,TIMELINE,LOW
MPLADS-009897,LEGITIMATE,0,LOW,NONE,LOW
MPLADS-009898,LEGITIMATE,0,LOW,NONE,LOW
MPLADS-009899,LEGITIMATE,0,LOW,NONE,LOW
MPLADS-009900,SUSPICIOUS_CONTRACTOR,1,HIGH,SUSPICIOUS_CONTRACTOR,HIGH
MPLADS-009901,LEGITIMATE,0,LOW,NONE,LOW
MPLADS-009902,LEGITIMATE,0,LOW,NONE,LOW
MPLADS-009903,LEGITIMATE,0,LOW,NONE,LOW
MPLADS-009904,LEGITIMATE,0,LOW,NONE,LOW
MPLADS-009905,LEGITIMATE,0,LOW,NONE,LOW
MPLADS-009906,LEGITIMATE,0,LOW,NONE,LOW
MPLADS-009907,HIGH_VALUE_LEGITIMATE,0,MEDIUM,NONE,LOW
MPLADS-009908,LEGITIMATE,0,LOW,NONE,LOW
MPLADS-009909,HIGH_VALUE_LEGITIMATE,0,MEDIUM,NONE,LOW
MPLADS-009910,SUSPICIOUS_PROCUREMENT,1,HIGH,PROCUREMENT,HIGH
MPLADS-009911,HIGH_VALUE_LEGITIMATE,0,MEDIUM,NONE,LOW
MPLADS-009912,LEGITIMATE,0,LOW,NONE,LOW
MPLADS-009913,LEGITIMATE,0,LOW,NONE,LOW
MPLADS-009914,HIGH_VALUE_LEGITIMATE,0,MEDIUM,NONE,LOW
MPLADS-009915,HIGH_VALUE_LEGITIMATE,0,MEDIUM,NONE,LOW
MPLADS-009916,LEGITIMATE,0,LOW,NONE,LOW
MPLADS-009917,LEGITIMATE,0,LOW,NONE,LOW
MPLADS-009918,LEGITIMATE,0,LOW,NONE,LOW
MPLADS-009919,LEGITIMATE,0,LOW,NONE,LOW
MPLADS-009920,LEGITIMATE,0,LOW,NONE,LOW
MPLADS-009921,LEGITIMATE,0,LOW,NONE,LOW
MPLADS-009922,ABANDONED_PROJECT,1,HIGH,ABANDONED_PROJECT,HIGH
MPLADS-009923,HIGH_VALUE_LEGITIMATE,0,MEDIUM,NONE,LOW
MPLADS-009924,LEGITIMATE,0,LOW,NONE,LOW
MPLADS-009925,LEGITIMATE,0,LOW,NONE,LOW
MPLADS-009926,LEGITIMATE,0,LOW,NONE,LOW
MPLADS-009927,COST_OVERRUN,1,HIGH,COST,HIGH
MPLADS-009928,DUPLICATE_PROJECT,1,HIGH,DUPLICATE_PROJECT,HIGH
MPLADS-009929,LEGITIMATE,0,LOW,NONE,LOW
MPLADS-009930,LEGITIMATE,0,LOW,NONE,LOW
MPLADS-009931,LEGITIMATE,0,LOW,NONE,LOW
MPLADS-009932,LEGITIMATE,0,LOW,NONE,LOW
MPLADS-009933,LEGITIMATE,0,LOW,NONE,LOW
MPLADS-009934,HIGH_VALUE_LEGITIMATE,0,LOW,NONE,LOW
MPLADS-009935,HIGH_VALUE_LEGITIMATE,0,MEDIUM,NONE,LOW
MPLADS-009936,LEGITIMATE,0,LOW,NONE,LOW
MPLADS-009937,HIGH_VALUE_LEGITIMATE,0,LOW,NONE,LOW
MPLADS-009938,GHOST_WORK,1,CRITICAL,GHOST_WORK,URGENT
MPLADS-009939,HIGH_VALUE_LEGITIMATE,0,MEDIUM,NONE,LOW
MPLADS-009940,ABANDONED_PROJECT,1,HIGH,ABANDONED_PROJECT,HIGH
MPLADS-009941,LEGITIMATE,0,LOW,NONE,LOW
MPLADS-009942,LEGITIMATE,0,LOW,NONE,LOW
MPLADS-009943,LEGITIMATE,0,LOW,NONE,LOW
MPLADS-009944,LEGITIMATE,0,LOW,NONE,LOW
MPLADS-009945,HIGH_VALUE_LEGITIMATE,0,MEDIUM,NONE,LOW
MPLADS-009946,CONTRACTOR_MONOPOLY,1,HIGH,CONTRACTOR,HIGH
MPLADS-009947,LEGITIMATE,0,LOW,NONE,LOW
MPLADS-009948,LEGITIMATE,0,LOW,NONE,LOW
MPLADS-009949,LEGITIMATE,0,LOW,NONE,LOW
MPLADS-009950,LEGITIMATE,0,LOW,NONE,LOW
MPLADS-009951,LEGITIMATE,0,LOW,NONE,LOW
MPLADS-009952,LEGITIMATE,0,LOW,NONE,LOW
MPLADS-009953,LEGITIMATE,0,LOW,NONE,LOW
MPLADS-009954,LEGITIMATE,0,LOW,NONE,LOW
MPLADS-009955,LEGITIMATE,0,LOW,NONE,LOW
MPLADS-009956,PAYMENT_PROGRESS_MISMATCH,1,CRITICAL,PROGRESS,URGENT
MPLADS-009957,LEGITIMATE,0,LOW,NONE,LOW
MPLADS-009958,LEGITIMATE,0,LOW,NONE,LOW
MPLADS-009959,LEGITIMATE,0,LOW,NONE,LOW
MPLADS-009960,HIGH_VALUE_LEGITIMATE,0,MEDIUM,NONE,LOW
MPLADS-009961,LEGITIMATE,0,LOW,NONE,LOW
MPLADS-009962,LEGITIMATE,0,LOW,NONE,LOW
MPLADS-009963,LEGITIMATE,0,LOW,NONE,LOW
MPLADS-009964,LEGITIMATE,0,LOW,NONE,LOW
MPLADS-009965,LEGITIMATE,0,LOW,NONE,LOW
MPLADS-009966,LEGITIMATE,0,LOW,NONE,LOW
MPLADS-009967,LEGITIMATE,0,LOW,NONE,LOW
MPLADS-009968,LEGITIMATE,0,LOW,NONE,LOW
MPLADS-009969,LEGITIMATE,0,LOW,NONE,LOW
MPLADS-009970,LEGITIMATE,0,LOW,NONE,LOW
MPLADS-009971,LEGITIMATE,0,LOW,NONE,LOW
MPLADS-009972,SUSPICIOUS_CONTRACTOR,1,HIGH,SUSPICIOUS_CONTRACTOR,HIGH
MPLADS-009973,DELAYED_PROJECT,1,MEDIUM,TIMELINE,LOW
MPLADS-009974,LEGITIMATE,0,LOW,NONE,LOW
MPLADS-009975,LEGITIMATE,0,LOW,NONE,LOW
MPLADS-009976,LEGITIMATE,0,LOW,NONE,LOW
MPLADS-009977,LEGITIMATE,0,LOW,NONE,LOW
MPLADS-009978,PAYMENT_PROGRESS_MISMATCH,1,CRITICAL,PROGRESS,URGENT
MPLADS-009979,COST_OVERRUN,1,HIGH,COST,HIGH
MPLADS-009980,HIGH_VALUE_LEGITIMATE,0,MEDIUM,NONE,LOW
MPLADS-009981,LEGITIMATE,0,LOW,NONE,LOW
MPLADS-009982,LEGITIMATE,0,LOW,NONE,LOW
MPLADS-009983,LEGITIMATE,0,LOW,NONE,LOW
MPLADS-009984,LEGITIMATE,0,LOW,NONE,LOW
MPLADS-009985,PAYMENT_PROGRESS_MISMATCH,1,CRITICAL,PROGRESS,URGENT
MPLADS-009986,LEGITIMATE,0,LOW,NONE,LOW
MPLADS-009987,LEGITIMATE,0,LOW,NONE,LOW
MPLADS-009988,LEGITIMATE,0,LOW,NONE,LOW
MPLADS-009989,LEGITIMATE,0,LOW,NONE,LOW
MPLADS-009990,LEGITIMATE,0,LOW,NONE,LOW
MPLADS-009991,HIGH_VALUE_LEGITIMATE,0,LOW,NONE,LOW
MPLADS-009992,HIGH_VALUE_LEGITIMATE,0,MEDIUM,NONE,LOW
MPLADS-009993,LEGITIMATE,0,LOW,NONE,LOW
MPLADS-009994,HIGH_VALUE_LEGITIMATE,0,MEDIUM,NONE,LOW
MPLADS-009995,LEGITIMATE,0,LOW,NONE,LOW
MPLADS-009996,GHOST_WORK,1,CRITICAL,GHOST_WORK,URGENT
MPLADS-009997,DELAYED_PROJECT,1,MEDIUM,TIMELINE,LOW
MPLADS-009998,HIGH_VALUE_LEGITIMATE,0,MEDIUM,NONE,LOW
MPLADS-009999,HIGH_VALUE_LEGITIMATE,0,MEDIUM,NONE,LOW
MPLADS-010000,LEGITIMATE,0,LOW,NONE,LOW
