project_id,work_name,work_type,category,district_id,state_id,constituency_id,contractor_id,agency_id,recommendation_date,sanction_date,target_completion_date,status,project_latitude,project_longitude
MPLADS-000001,Deep Tube Well at Ward-49,Deep Tube Well,Drinking Water,DIST-0524,ST-15,PC-0769,CONT-0233,AGENCY-1012,2023-09-17,2023-10-22,2024-01-20,WORK_IN_PROGRESS,25.34156,91.91828
MPLADS-000002,Community Tank at Ward-73,Community Tank,Drinking Water,DIST-0568,ST-17,PC-0837,CONT-0100,AGENCY-0073,2022-04-17,2022-06-06,2022-09-04,WORK_IN_PROGRESS,19.43032,80.1088
MPLADS-000003,Multi-Village Hospital Block at Ward-90,Multi-Village Hospital Block,Mega Infrastructure,DIST-0600,ST-18,PC-0883,CONT-0280,AGENCY-0570,2023-05-25,2023-06-17,2024-07-21,WORK_IN_PROGRESS,30.6895,76.1485
MPLADS-000004,Yatri Shed at Ward-29,Yatri Shed,Community Infrastructure,DIST-0199,ST-05,PC-0287,CONT-0281,AGENCY-0140,2023-04-09,2023-06-01,2023-09-29,COMPLETED,23.53635,76.86384
MPLADS-000005,Solar High-Mast Light at Ward-85,Solar High-Mast Light,Renewable Energy,DIST-0480,ST-13,PC-0700,CONT-0116,AGENCY-1017,2023-10-07,2023-11-18,2024-01-17,COMPLETED,9.59795,74.9521
MPLADS-000006,School Additional Classroom at Ward-20,School Additional Classroom,Education Infrastructure,DIST-0042,ST-01,PC-0062,CONT-0190,AGENCY-1015,2023-10-21,2023-11-15,2024-04-13,WORK_IN_PROGRESS,25.6809,79.79672
MPLADS-000007,Solar Rooftop Panel at Ward-94,Solar Rooftop Panel,Renewable Energy,DIST-0501,ST-14,PC-0730,CONT-0001,AGENCY-0998,2022-11-17,2023-01-02,2023-03-03,WORK_IN_PROGRESS,23.85654,86.95489
MPLADS-000008,Community Tank at Ward-33,Community Tank,Drinking Water,DIST-0391,ST-10,PC-0565,CONT-0065,AGENCY-0667,2023-04-21,2023-06-16,2023-09-14,WORK_IN_PROGRESS,15.07013,83.32211
MPLADS-000009,Community Tank at Ward-45,Community Tank,Drinking Water,DIST-0118,ST-03,PC-0171,CONT-0058,AGENCY-0865,2023-06-06,2023-06-30,2023-09-28,WORK_IN_PROGRESS,26.58556,87.53812
MPLADS-000010,Ambulance Vehicle at Ward-28,Ambulance Vehicle,Public Health,DIST-0542,ST-16,PC-0794,CONT-0137,AGENCY-0080,2023-09-11,2023-10-17,2024-05-14,WORK_IN_PROGRESS,31.79008,75.88673
MPLADS-000011,Yatri Shed at Ward-79,Yatri Shed,Community Infrastructure,DIST-0166,ST-04,PC-0235,CONT-0317,AGENCY-0995,2022-10-24,2022-12-20,2023-04-19,COMPLETED,24.14726,87.22226
MPLADS-000012,Multi-Village Hospital Block at Ward-62,Multi-Village Hospital Block,Mega Infrastructure,DIST-0328,ST-08,PC-0479,CONT-0060,AGENCY-0716,2023-10-15,2023-11-30,2025-01-03,WORK_IN_PROGRESS,13.16355,74.00758
MPLADS-000013,District Sports Complex at Ward-61,District Sports Complex,Mega Infrastructure,DIST-0533,ST-15,PC-0782,CONT-0025,AGENCY-0795,2022-01-24,2022-03-17,2023-04-21,WORK_IN_PROGRESS,26.30958,95.77437
MPLADS-000014,Deep Tube Well at Ward-42,Deep Tube Well,Drinking Water,DIST-0212,ST-05,PC-0308,CONT-0293,AGENCY-0481,2023-03-15,2023-03-30,2023-06-28,WORK_IN_PROGRESS,22.58193,74.59624
MPLADS-000015,Culvert Bridge at Ward-15,Culvert Bridge,Roads & Bridges,DIST-0324,ST-08,PC-0473,CONT-0309,AGENCY-0146,2022-03-30,2022-04-29,2022-10-26,WORK_IN_PROGRESS,12.60463,78.55363
MPLADS-000016,Major River Overbridge at Ward-64,Major River Overbridge,Mega Infrastructure,DIST-0561,ST-16,PC-0825,CONT-0205,AGENCY-1105,2022-08-28,2022-10-19,2023-11-23,WORK_IN_PROGRESS,32.18576,74.17396
MPLADS-000017,Lift Irrigation Scheme at Ward-74,Lift Irrigation Scheme,Irrigation & Agriculture,DIST-0438,ST-12,PC-0639,CONT-0165,AGENCY-0125,2023-11-11,2023-11-28,2024-05-06,WORK_IN_PROGRESS,17.6377,80.79187
MPLADS-000018,Ambulance Vehicle at Ward-73,Ambulance Vehicle,Public Health,DIST-0600,ST-18,PC-0883,CONT-0071,AGENCY-0728,2023-04-06,2023-05-22,2023-12-18,COMPLETED,30.82435,76.24672
MPLADS-000019,Check Dam at Ward-81,Check Dam,Irrigation & Agriculture,DIST-0392,ST-10,PC-0567,CONT-0122,AGENCY-0290,2023-05-03,2023-05-20,2023-10-27,WORK_IN_PROGRESS,17.80317,81.93713
MPLADS-000020,Primary Health Sub-Centre at Ward-19,Primary Health Sub-Centre,Public Health,DIST-0572,ST-17,PC-0844,CONT-0235,AGENCY-0702,2023-05-02,2023-06-04,2023-12-31,WORK_IN_PROGRESS,22.95223,82.827
MPLADS-000021,Solar Street Lighting at Ward-79,Solar Street Lighting,Renewable Energy,DIST-0080,ST-02,PC-0118,CONT-0130,AGENCY-0056,2023-11-24,2024-01-12,2024-03-12,DELAYED,19.12799,73.34775
MPLADS-000022,Piped Water Network at Ward-68,Piped Water Network,Drinking Water,DIST-0141,ST-03,PC-0201,CONT-0199,AGENCY-0005,2023-05-27,2023-07-16,2023-10-14,WORK_IN_PROGRESS,26.92214,85.64187
MPLADS-000023,Smart Classroom Lab at Ward-85,Smart Classroom Lab,Education Infrastructure,DIST-0413,ST-11,PC-0603,CONT-0196,AGENCY-1229,2023-04-05,2023-05-08,2023-10-05,WORK_IN_PROGRESS,18.69253,84.86751
MPLADS-000024,Community Hall at Ward-43,Community Hall,Community Infrastructure,DIST-0020,ST-01,PC-0029,CONT-0129,AGENCY-0075,2023-07-13,2023-08-23,2023-12-21,WORK_IN_PROGRESS,27.31168,78.91988
MPLADS-000025,School Boundary Wall at Ward-40,School Boundary Wall,Education Infrastructure,DIST-0105,ST-02,PC-0149,CONT-0262,AGENCY-1029,2022-08-07,2022-09-26,2023-02-23,WORK_IN_PROGRESS,16.8033,80.02797
MPLADS-000026,Paver Block Road at Ward-24,Paver Block Road,Roads & Bridges,DIST-0064,ST-01,PC-0093,CONT-0167,AGENCY-1150,2022-01-02,2022-02-07,2022-08-06,WORK_IN_PROGRESS,26.27295,83.40852
MPLADS-000027,District Sports Complex at Ward-64,District Sports Complex,Mega Infrastructure,DIST-0423,ST-11,PC-0618,CONT-0318,AGENCY-0684,2022-04-03,2022-05-15,2023-06-19,WORK_IN_PROGRESS,19.17202,81.71404
MPLADS-000028,Piped Water Network at Ward-62,Piped Water Network,Drinking Water,DIST-0383,ST-10,PC-0553,CONT-0303,AGENCY-0823,2023-09-11,2023-10-08,2024-01-06,WORK_IN_PROGRESS,13.52039,80.70684
MPLADS-000029,Public Toilet Complex at Ward-58,Public Toilet Complex,Community Infrastructure,DIST-0591,ST-17,PC-0871,CONT-0263,AGENCY-0964,2023-07-08,2023-08-27,2023-12-25,WORK_IN_PROGRESS,18.62948,81.19144
MPLADS-000030,Paver Block Road at Ward-29,Paver Block Road,Roads & Bridges,DIST-0459,ST-12,PC-0670,CONT-0011,AGENCY-0524,2023-07-06,2023-08-26,2024-02-22,WORK_IN_PROGRESS,16.6512,79.69801
MPLADS-000031,Multi-Village Hospital Block at Ward-72,Multi-Village Hospital Block,Mega Infrastructure,DIST-0053,ST-01,PC-0079,CONT-0010,AGENCY-0825,2022-06-01,2022-06-22,2023-07-27,WORK_IN_PROGRESS,26.58202,80.58003
MPLADS-000032,Maternity Ward Facility at Ward-08,Maternity Ward Facility,Public Health,DIST-0391,ST-10,PC-0565,CONT-0034,AGENCY-1227,2022-07-13,2022-09-04,2023-04-02,WORK_IN_PROGRESS,15.01405,83.35673
MPLADS-000033,Deep Tube Well at Ward-67,Deep Tube Well,Drinking Water,DIST-0574,ST-17,PC-0846,CONT-0141,AGENCY-1216,2023-03-02,2023-04-20,2023-07-19,WORK_IN_PROGRESS,19.64633,82.712
MPLADS-000034,Solar Street Lighting at Ward-55,Solar Street Lighting,Renewable Energy,DIST-0123,ST-03,PC-0179,CONT-0297,AGENCY-1198,2023-09-14,2023-11-01,2023-12-31,WORK_IN_PROGRESS,24.4973,84.64682
MPLADS-000035,Maternity Ward Facility at Ward-36,Maternity Ward Facility,Public Health,DIST-0028,ST-01,PC-0040,CONT-0107,AGENCY-0445,2023-03-05,2023-04-21,2023-11-17,COMPLETED,27.88892,83.5499
MPLADS-000036,Major River Overbridge at Ward-55,Major River Overbridge,Mega Infrastructure,DIST-0099,ST-02,PC-0142,CONT-0229,AGENCY-0828,2022-11-24,2023-01-06,2024-02-10,WORK_IN_PROGRESS,18.54888,74.0447
MPLADS-000037,Maternity Ward Facility at Ward-85,Maternity Ward Facility,Public Health,DIST-0398,ST-10,PC-0577,CONT-0231,AGENCY-0569,2023-04-02,2023-05-06,2023-12-02,COMPLETED,13.71463,84.22424
MPLADS-000038,Lift Irrigation Scheme at Ward-83,Lift Irrigation Scheme,Irrigation & Agriculture,DIST-0379,ST-09,PC-0549,CONT-0027,AGENCY-0053,2022-03-20,2022-05-13,2022-10-20,WORK_IN_PROGRESS,21.21031,68.82134
MPLADS-000039,Solar Street Lighting at Ward-26,Solar Street Lighting,Renewable Energy,DIST-0035,ST-01,PC-0052,CONT-0265,AGENCY-1158,2022-03-21,2022-04-05,2022-06-04,COMPLETED,28.16944,79.03373
MPLADS-000040,District Sports Complex at Ward-85,District Sports Complex,Mega Infrastructure,DIST-0394,ST-10,PC-0570,CONT-0188,AGENCY-1070,2022-08-01,2022-09-20,2023-10-25,WORK_IN_PROGRESS,13.27246,77.66183
MPLADS-000041,Farm Pond Renovation at Ward-72,Farm Pond Renovation,Irrigation & Agriculture,DIST-0188,ST-05,PC-0266,CONT-0277,AGENCY-0965,2022-07-28,2022-09-12,2023-02-19,COMPLETED,26.08449,80.14306
MPLADS-000042,Crematorium Shed at Ward-03,Crematorium Shed,Community Infrastructure,DIST-0496,ST-14,PC-0724,CONT-0107,AGENCY-0559,2022-08-30,2022-10-02,2023-01-30,WORK_IN_PROGRESS,23.64005,85.72386
MPLADS-000043,Major River Overbridge at Ward-90,Major River Overbridge,Mega Infrastructure,DIST-0022,ST-01,PC-0033,CONT-0245,AGENCY-0414,2023-01-23,2023-03-18,2024-04-21,WORK_IN_PROGRESS,30.16119,78.80599
MPLADS-000044,Bituminous Road at Ward-74,Bituminous Road,Roads & Bridges,DIST-0473,ST-13,PC-0689,CONT-0070,AGENCY-1179,2022-04-07,2022-05-27,2022-11-23,WORK_IN_PROGRESS,10.96757,76.95869
MPLADS-000045,Farm Pond Renovation at Ward-30,Farm Pond Renovation,Irrigation & Agriculture,DIST-0338,ST-08,PC-0493,CONT-0199,AGENCY-1162,2023-08-04,2023-09-24,2024-03-02,WORK_IN_PROGRESS,17.57854,76.77927
MPLADS-000046,School Boundary Wall at Ward-79,School Boundary Wall,Education Infrastructure,DIST-0038,ST-01,PC-0056,CONT-0298,AGENCY-1099,2023-02-04,2023-02-20,2023-07-20,WORK_IN_PROGRESS,27.9924,77.66388
MPLADS-000047,Farm Pond Renovation at Ward-32,Farm Pond Renovation,Irrigation & Agriculture,DIST-0438,ST-12,PC-0639,CONT-0089,AGENCY-1155,2023-05-11,2023-06-15,2023-11-22,COMPLETED,17.65553,80.74848
MPLADS-000048,Solar Street Lighting at Ward-72,Solar Street Lighting,Renewable Energy,DIST-0505,ST-14,PC-0736,CONT-0036,AGENCY-0116,2022-10-18,2022-11-23,2023-01-22,WORK_IN_PROGRESS,24.00762,86.38308
MPLADS-000049,Solar Street Lighting at Ward-78,Solar Street Lighting,Renewable Energy,DIST-0300,ST-07,PC-0439,CONT-0038,AGENCY-0210,2023-07-30,2023-09-27,2023-11-26,WORK_IN_PROGRESS,25.07921,73.85702
MPLADS-000050,School Additional Classroom at Ward-80,School Additional Classroom,Education Infrastructure,DIST-0574,ST-17,PC-0846,CONT-0154,AGENCY-0331,2023-03-10,2023-05-03,2023-09-30,WORK_IN_PROGRESS,19.62428,82.6337
MPLADS-000051,Bituminous Road at Ward-90,Bituminous Road,Roads & Bridges,DIST-0150,ST-04,PC-0212,CONT-0117,AGENCY-0948,2023-07-19,2023-09-10,2024-03-08,COMPLETED,22.51537,87.89198
MPLADS-000052,District Sports Complex at Ward-33,District Sports Complex,Mega Infrastructure,DIST-0617,ST-18,PC-0909,CONT-0045,AGENCY-0062,2022-09-29,2022-10-16,2023-11-20,WORK_IN_PROGRESS,29.36573,76.31091
MPLADS-000053,RO Water Plant at Ward-73,RO Water Plant,Drinking Water,DIST-0550,ST-16,PC-0808,CONT-0220,AGENCY-1001,2022-07-13,2022-08-16,2022-11-14,WORK_IN_PROGRESS,31.4251,74.12688
MPLADS-000054,District Sports Complex at Ward-57,District Sports Complex,Mega Infrastructure,DIST-0094,ST-02,PC-0136,CONT-0227,AGENCY-0158,2023-02-06,2023-03-12,2024-04-15,COMPLETED,15.56794,78.89997
MPLADS-000055,Yatri Shed at Ward-91,Yatri Shed,Community Infrastructure,DIST-0405,ST-10,PC-0589,CONT-0157,AGENCY-0232,2022-03-11,2022-04-25,2022-08-23,WORK_IN_PROGRESS,16.88076,81.69313
MPLADS-000056,Maternity Ward Facility at Ward-56,Maternity Ward Facility,Public Health,DIST-0284,ST-07,PC-0416,CONT-0304,AGENCY-1234,2022-11-15,2022-12-16,2023-07-14,WORK_IN_PROGRESS,25.95563,77.79752
MPLADS-000057,Paver Block Road at Ward-40,Paver Block Road,Roads & Bridges,DIST-0145,ST-03,PC-0206,CONT-0286,AGENCY-0463,2023-09-21,2023-10-21,2024-04-18,WORK_IN_PROGRESS,26.18139,84.58804
MPLADS-000058,Ambulance Vehicle at Ward-04,Ambulance Vehicle,Public Health,DIST-0580,ST-17,PC-0857,CONT-0072,AGENCY-0841,2023-06-28,2023-07-19,2024-02-14,WORK_IN_PROGRESS,23.69432,84.12695
MPLADS-000059,Ayurvedic Dispensary at Ward-75,Ayurvedic Dispensary,Public Health,DIST-0502,ST-14,PC-0731,CONT-0171,AGENCY-0567,2023-03-31,2023-05-03,2023-11-29,COMPLETED,24.62629,83.62015
MPLADS-000060,Community Hall at Ward-21,Community Hall,Community Infrastructure,DIST-0003,ST-01,PC-0005,CONT-0182,AGENCY-0217,2023-10-04,2023-10-23,2024-02-20,WORK_IN_PROGRESS,28.09461,82.72701
MPLADS-000061,Crematorium Shed at Ward-11,Crematorium Shed,Community Infrastructure,DIST-0283,ST-07,PC-0414,CONT-0104,AGENCY-1171,2023-05-24,2023-06-11,2023-10-09,WORK_IN_PROGRESS,27.23525,76.21873
MPLADS-000062,School Boundary Wall at Ward-08,School Boundary Wall,Education Infrastructure,DIST-0452,ST-12,PC-0659,CONT-0248,AGENCY-0185,2022-09-04,2022-10-21,2023-03-20,COMPLETED,18.15407,79.47281
MPLADS-000063,Community Tank at Ward-44,Community Tank,Drinking Water,DIST-0375,ST-09,PC-0542,CONT-0009,AGENCY-0561,2023-05-21,2023-06-19,2023-09-17,WORK_IN_PROGRESS,21.53594,71.28635
MPLADS-000064,CC Road Construction at Ward-51,CC Road Construction,Roads & Bridges,DIST-0113,ST-03,PC-0163,CONT-0111,AGENCY-0261,2023-06-24,2023-07-10,2024-01-06,WORK_IN_PROGRESS,26.64687,85.35457
MPLADS-000065,Yatri Shed at Ward-86,Yatri Shed,Community Infrastructure,DIST-0107,ST-02,PC-0152,CONT-0289,AGENCY-0388,2022-07-13,2022-09-08,2023-01-06,WORK_IN_PROGRESS,16.61113,80.00099
MPLADS-000066,Ayurvedic Dispensary at Ward-85,Ayurvedic Dispensary,Public Health,DIST-0274,ST-07,PC-0400,CONT-0230,AGENCY-0430,2023-10-17,2023-12-09,2024-07-06,WORK_IN_PROGRESS,27.58665,74.08287
MPLADS-000067,Ayurvedic Dispensary at Ward-87,Ayurvedic Dispensary,Public Health,DIST-0527,ST-15,PC-0773,CONT-0228,AGENCY-0221,2023-11-30,2023-12-24,2024-07-21,WORK_IN_PROGRESS,25.6917,91.49304
MPLADS-000068,Primary Health Sub-Centre at Ward-51,Primary Health Sub-Centre,Public Health,DIST-0047,ST-01,PC-0069,CONT-0187,AGENCY-0208,2023-09-16,2023-10-20,2024-05-17,COMPLETED,25.57567,78.13003
MPLADS-000069,Solar Rooftop Panel at Ward-12,Solar Rooftop Panel,Renewable Energy,DIST-0497,ST-14,PC-0725,CONT-0117,AGENCY-1014,2023-11-27,2024-01-20,2024-03-20,WORK_IN_PROGRESS,23.22248,84.14586
MPLADS-000070,Solar Street Lighting at Ward-05,Solar Street Lighting,Renewable Energy,DIST-0598,ST-18,PC-0879,CONT-0203,AGENCY-0026,2023-09-15,2023-11-08,2024-01-07,WORK_IN_PROGRESS,28.53939,74.91469
MPLADS-000071,Solar Street Lighting at Ward-54,Solar Street Lighting,Renewable Energy,DIST-0605,ST-18,PC-0891,CONT-0105,AGENCY-0476,2023-06-17,2023-07-30,2023-09-28,WORK_IN_PROGRESS,30.08282,74.72958
MPLADS-000072,Solar Rooftop Panel at Ward-55,Solar Rooftop Panel,Renewable Energy,DIST-0356,ST-09,PC-0517,CONT-0054,AGENCY-1186,2023-11-01,2023-12-18,2024-02-16,WORK_IN_PROGRESS,23.25998,73.64075
MPLADS-000073,Bituminous Road at Ward-46,Bituminous Road,Roads & Bridges,DIST-0599,ST-18,PC-0881,CONT-0284,AGENCY-0575,2023-10-15,2023-12-07,2024-06-04,WORK_IN_PROGRESS,30.46945,75.148
MPLADS-000074,Bituminous Road at Ward-42,Bituminous Road,Roads & Bridges,DIST-0200,ST-05,PC-0288,CONT-0088,AGENCY-0159,2023-02-03,2023-02-27,2023-08-26,WORK_IN_PROGRESS,24.7606,81.32526
MPLADS-000075,Solar High-Mast Light at Ward-49,Solar High-Mast Light,Renewable Energy,DIST-0493,ST-14,PC-0720,CONT-0161,AGENCY-0763,2023-01-29,2023-02-23,2023-04-24,DELAYED,23.76511,84.65685
MPLADS-000076,Community Tank at Ward-39,Community Tank,Drinking Water,DIST-0596,ST-17,PC-0877,CONT-0108,AGENCY-0386,2022-12-09,2023-02-04,2023-05-05,WORK_IN_PROGRESS,21.75202,82.94989
MPLADS-000077,School Additional Classroom at Ward-15,School Additional Classroom,Education Infrastructure,DIST-0494,ST-14,PC-0721,CONT-0038,AGENCY-1104,2022-06-24,2022-07-13,2022-12-10,WORK_IN_PROGRESS,22.13126,84.71662
MPLADS-000078,Solar Rooftop Panel at Ward-69,Solar Rooftop Panel,Renewable Energy,DIST-0237,ST-06,PC-0345,CONT-0155,AGENCY-1048,2023-09-03,2023-09-20,2023-11-19,WORK_IN_PROGRESS,8.25691,77.2513
MPLADS-000079,Lift Irrigation Scheme at Ward-04,Lift Irrigation Scheme,Irrigation & Agriculture,DIST-0592,ST-17,PC-0872,CONT-0263,AGENCY-0866,2022-06-04,2022-07-30,2023-01-06,WORK_IN_PROGRESS,23.53667,81.76604
MPLADS-000080,Primary Health Sub-Centre at Ward-49,Primary Health Sub-Centre,Public Health,DIST-0366,ST-09,PC-0530,CONT-0032,AGENCY-1195,2022-09-17,2022-11-08,2023-06-06,COMPLETED,23.20855,73.36909
MPLADS-000081,RO Water Plant at Ward-81,RO Water Plant,Drinking Water,DIST-0385,ST-10,PC-0556,CONT-0217,AGENCY-0379,2022-07-12,2022-08-15,2022-11-13,WORK_IN_PROGRESS,12.79167,79.41507
MPLADS-000082,Ambulance Vehicle at Ward-33,Ambulance Vehicle,Public Health,DIST-0196,ST-05,PC-0282,CONT-0101,AGENCY-0928,2023-06-06,2023-08-02,2024-02-28,WORK_IN_PROGRESS,24.54208,75.75028
MPLADS-000083,Bituminous Road at Ward-64,Bituminous Road,Roads & Bridges,DIST-0374,ST-09,PC-0541,CONT-0269,AGENCY-0992,2022-01-11,2022-01-30,2022-07-29,WORK_IN_PROGRESS,23.06416,73.11549
MPLADS-000084,Paver Block Road at Ward-85,Paver Block Road,Roads & Bridges,DIST-0538,ST-15,PC-0790,CONT-0077,AGENCY-0829,2022-04-23,2022-05-16,2022-11-12,WORK_IN_PROGRESS,27.63375,93.32023
MPLADS-000085,Primary Health Sub-Centre at Ward-48,Primary Health Sub-Centre,Public Health,DIST-0012,ST-01,PC-0017,CONT-0141,AGENCY-0452,2022-09-03,2022-09-22,2023-04-20,WORK_IN_PROGRESS,30.29941,83.87274
MPLADS-000086,Multi-Village Hospital Block at Ward-96,Multi-Village Hospital Block,Mega Infrastructure,DIST-0554,ST-16,PC-0814,CONT-0259,AGENCY-0995,2022-03-28,2022-05-15,2023-06-19,WORK_IN_PROGRESS,31.28231,74.87661
MPLADS-000087,Crematorium Shed at Ward-04,Crematorium Shed,Community Infrastructure,DIST-0317,ST-08,PC-0464,CONT-0289,AGENCY-0844,2022-05-12,2022-06-19,2022-10-17,WORK_IN_PROGRESS,16.96807,75.90406
MPLADS-000088,Solar Rooftop Panel at Ward-52,Solar Rooftop Panel,Renewable Energy,DIST-0247,ST-06,PC-0359,CONT-0268,AGENCY-0818,2023-03-23,2023-04-11,2023-06-10,WORK_IN_PROGRESS,13.5361,77.97876
MPLADS-000089,Lift Irrigation Scheme at Ward-32,Lift Irrigation Scheme,Irrigation & Agriculture,DIST-0059,ST-01,PC-0087,CONT-0233,AGENCY-0340,2023-03-02,2023-04-06,2023-09-13,WORK_IN_PROGRESS,26.33448,84.24308
MPLADS-000090,Ambulance Vehicle at Ward-41,Ambulance Vehicle,Public Health,DIST-0003,ST-01,PC-0005,CONT-0091,AGENCY-0701,2022-01-14,2022-02-08,2022-09-06,WORK_IN_PROGRESS,28.11325,82.63214
MPLADS-000091,Major River Overbridge at Ward-51,Major River Overbridge,Mega Infrastructure,DIST-0320,ST-08,PC-0469,CONT-0307,AGENCY-0119,2022-10-24,2022-11-11,2023-12-16,COMPLETED,17.95037,74.14714
MPLADS-000092,District Sports Complex at Ward-50,District Sports Complex,Mega Infrastructure,DIST-0191,ST-05,PC-0273,CONT-0215,AGENCY-0956,2022-07-23,2022-09-16,2023-10-21,COMPLETED,24.52096,77.99599
MPLADS-000093,Yatri Shed at Ward-12,Yatri Shed,Community Infrastructure,DIST-0542,ST-16,PC-0794,CONT-0018,AGENCY-1022,2023-10-22,2023-12-05,2024-04-03,WORK_IN_PROGRESS,31.78942,75.78185
MPLADS-000094,Community Tank at Ward-02,Community Tank,Drinking Water,DIST-0515,ST-15,PC-0753,CONT-0034,AGENCY-0849,2023-02-11,2023-02-26,2023-05-27,WORK_IN_PROGRESS,25.79511,92.78363
MPLADS-000095,Library Room at Ward-09,Library Room,Education Infrastructure,DIST-0510,ST-15,PC-0743,CONT-0085,AGENCY-1003,2023-11-04,2024-01-02,2024-05-31,WORK_IN_PROGRESS,24.60954,91.81451
MPLADS-000096,Deep Tube Well at Ward-33,Deep Tube Well,Drinking Water,DIST-0091,ST-02,PC-0132,CONT-0303,AGENCY-0839,2023-05-18,2023-06-04,2023-09-02,WORK_IN_PROGRESS,19.22168,73.54089
MPLADS-000097,Primary Health Sub-Centre at Ward-58,Primary Health Sub-Centre,Public Health,DIST-0337,ST-08,PC-0492,CONT-0072,AGENCY-0019,2022-11-25,2023-01-01,2023-07-30,WORK_IN_PROGRESS,13.73816,75.03708
MPLADS-000098,Solar Street Lighting at Ward-35,Solar Street Lighting,Renewable Energy,DIST-0064,ST-01,PC-0093,CONT-0162,AGENCY-0618,2023-10-30,2023-12-26,2024-02-24,COMPLETED,26.20256,83.33027
MPLADS-000099,Maternity Ward Facility at Ward-37,Maternity Ward Facility,Public Health,DIST-0165,ST-04,PC-0234,CONT-0105,AGENCY-0413,2023-01-24,2023-03-09,2023-10-05,WORK_IN_PROGRESS,26.64681,86.27942
MPLADS-000100,School Additional Classroom at Ward-55,School Additional Classroom,Education Infrastructure,DIST-0467,ST-12,PC-0683,CONT-0072,AGENCY-0068,2022-05-16,2022-07-06,2022-12-03,WORK_IN_PROGRESS,16.06054,77.37607
MPLADS-000101,Primary Health Sub-Centre at Ward-52,Primary Health Sub-Centre,Public Health,DIST-0245,ST-06,PC-0356,CONT-0171,AGENCY-0174,2022-08-12,2022-10-08,2023-05-06,WORK_IN_PROGRESS,11.90182,76.31697
MPLADS-000102,School Additional Classroom at Ward-10,School Additional Classroom,Education Infrastructure,DIST-0377,ST-09,PC-0545,CONT-0113,AGENCY-0296,2023-09-20,2023-10-21,2024-03-19,WORK_IN_PROGRESS,20.13965,73.50358
MPLADS-000103,Multi-Village Hospital Block at Ward-30,Multi-Village Hospital Block,Mega Infrastructure,DIST-0593,ST-17,PC-0873,CONT-0154,AGENCY-0516,2022-01-15,2022-03-15,2023-04-19,WORK_IN_PROGRESS,18.46781,82.78994
MPLADS-000104,Paver Block Road at Ward-37,Paver Block Road,Roads & Bridges,DIST-0431,ST-11,PC-0628,CONT-0156,AGENCY-0333,2022-06-25,2022-08-04,2023-01-31,WORK_IN_PROGRESS,20.90105,83.58995
MPLADS-000105,Deep Tube Well at Ward-44,Deep Tube Well,Drinking Water,DIST-0029,ST-01,PC-0041,CONT-0256,AGENCY-0438,2022-12-23,2023-01-27,2023-04-27,WORK_IN_PROGRESS,26.95342,78.78439
MPLADS-000106,Culvert Bridge at Ward-84,Culvert Bridge,Roads & Bridges,DIST-0578,ST-17,PC-0854,CONT-0118,AGENCY-0585,2022-12-23,2023-02-03,2023-08-02,WORK_IN_PROGRESS,21.91936,83.99341
MPLADS-000107,Solar Street Lighting at Ward-42,Solar Street Lighting,Renewable Energy,DIST-0371,ST-09,PC-0537,CONT-0209,AGENCY-1223,2023-04-22,2023-05-25,2023-07-24,WORK_IN_PROGRESS,20.46843,68.60748
MPLADS-000108,Crematorium Shed at Ward-79,Crematorium Shed,Community Infrastructure,DIST-0326,ST-08,PC-0476,CONT-0117,AGENCY-0440,2022-01-03,2022-02-17,2022-06-17,WORK_IN_PROGRESS,16.38955,78.51039
MPLADS-000109,Smart Classroom Lab at Ward-94,Smart Classroom Lab,Education Infrastructure,DIST-0048,ST-01,PC-0070,CONT-0056,AGENCY-0266,2022-11-16,2023-01-01,2023-05-31,WORK_IN_PROGRESS,27.94378,82.93156
MPLADS-000110,Farm Pond Renovation at Ward-54,Farm Pond Renovation,Irrigation & Agriculture,DIST-0190,ST-05,PC-0270,CONT-0219,AGENCY-0797,2023-06-28,2023-07-14,2023-12-21,WORK_IN_PROGRESS,24.65319,78.45536
MPLADS-000111,Solar Rooftop Panel at Ward-42,Solar Rooftop Panel,Renewable Energy,DIST-0580,ST-17,PC-0857,CONT-0077,AGENCY-1058,2022-12-31,2023-02-26,2023-04-27,WORK_IN_PROGRESS,23.79756,84.17241
MPLADS-000112,Check Dam at Ward-17,Check Dam,Irrigation & Agriculture,DIST-0130,ST-03,PC-0189,CONT-0098,AGENCY-0409,2023-09-16,2023-10-10,2024-03-18,WORK_IN_PROGRESS,26.99121,83.84389
MPLADS-000113,School Additional Classroom at Ward-42,School Additional Classroom,Education Infrastructure,DIST-0546,ST-16,PC-0802,CONT-0242,AGENCY-0913,2023-10-08,2023-11-02,2024-03-31,WORK_IN_PROGRESS,30.93951,74.50987
MPLADS-000114,Library Room at Ward-32,Library Room,Education Infrastructure,DIST-0375,ST-09,PC-0543,CONT-0055,AGENCY-0935,2023-03-09,2023-04-02,2023-08-30,WORK_IN_PROGRESS,21.50903,71.2644
MPLADS-000115,Community Tank at Ward-13,Community Tank,Drinking Water,DIST-0362,ST-09,PC-0524,CONT-0290,AGENCY-0304,2023-03-26,2023-04-17,2023-07-16,WORK_IN_PROGRESS,21.52848,70.11483
MPLADS-000116,School Boundary Wall at Ward-24,School Boundary Wall,Education Infrastructure,DIST-0105,ST-02,PC-0149,CONT-0053,AGENCY-0722,2023-07-22,2023-08-27,2024-01-24,WORK_IN_PROGRESS,16.7844,79.99724
MPLADS-000117,Major River Overbridge at Ward-81,Major River Overbridge,Mega Infrastructure,DIST-0187,ST-05,PC-0265,CONT-0082,AGENCY-0297,2023-11-13,2023-12-28,2025-01-31,WORK_IN_PROGRESS,25.60318,81.23036
MPLADS-000118,CC Road Construction at Ward-39,CC Road Construction,Roads & Bridges,DIST-0564,ST-16,PC-0829,CONT-0103,AGENCY-1158,2023-07-17,2023-08-14,2024-02-10,DELAYED,32.25471,75.32936
MPLADS-000119,Paver Block Road at Ward-60,Paver Block Road,Roads & Bridges,DIST-0440,ST-12,PC-0642,CONT-0097,AGENCY-0187,2022-03-11,2022-03-30,2022-09-26,COMPLETED,16.28275,80.92511
MPLADS-000120,Check Dam at Ward-51,Check Dam,Irrigation & Agriculture,DIST-0410,ST-11,PC-0597,CONT-0297,AGENCY-0206,2023-11-26,2023-12-23,2024-05-31,WORK_IN_PROGRESS,21.52749,86.70915
MPLADS-000121,Bituminous Road at Ward-63,Bituminous Road,Roads & Bridges,DIST-0344,ST-08,PC-0503,CONT-0287,AGENCY-0665,2023-04-08,2023-05-27,2023-11-23,WORK_IN_PROGRESS,16.04338,77.55988
MPLADS-000122,School Additional Classroom at Ward-49,School Additional Classroom,Education Infrastructure,DIST-0087,ST-02,PC-0127,CONT-0173,AGENCY-0797,2022-11-25,2023-01-13,2023-06-12,COMPLETED,20.5258,79.32577
MPLADS-000123,District Sports Complex at Ward-42,District Sports Complex,Mega Infrastructure,DIST-0004,ST-01,PC-0006,CONT-0158,AGENCY-1059,2023-11-30,2024-01-05,2025-02-08,WORK_IN_PROGRESS,24.93432,82.20121
MPLADS-000124,Check Dam at Ward-57,Check Dam,Irrigation & Agriculture,DIST-0114,ST-03,PC-0164,CONT-0127,AGENCY-0684,2022-01-14,2022-02-08,2022-07-18,COMPLETED,24.6176,85.29372
MPLADS-000125,Culvert Bridge at Ward-38,Culvert Bridge,Roads & Bridges,DIST-0551,ST-16,PC-0810,CONT-0302,AGENCY-0160,2022-05-13,2022-07-07,2023-01-03,COMPLETED,31.29602,76.22943
MPLADS-000126,Public Toilet Complex at Ward-89,Public Toilet Complex,Community Infrastructure,DIST-0456,ST-12,PC-0666,CONT-0259,AGENCY-0827,2023-08-01,2023-08-19,2023-12-17,WORK_IN_PROGRESS,15.72788,77.84588
MPLADS-000127,Ayurvedic Dispensary at Ward-33,Ayurvedic Dispensary,Public Health,DIST-0260,ST-06,PC-0379,CONT-0223,AGENCY-0032,2023-07-14,2023-08-30,2024-03-27,WORK_IN_PROGRESS,11.21551,78.27595
MPLADS-000128,Maternity Ward Facility at Ward-11,Maternity Ward Facility,Public Health,DIST-0367,ST-09,PC-0532,CONT-0256,AGENCY-0072,2022-08-25,2022-10-14,2023-05-12,COMPLETED,20.45527,69.24499
MPLADS-000129,Lift Irrigation Scheme at Ward-01,Lift Irrigation Scheme,Irrigation & Agriculture,DIST-0266,ST-07,PC-0387,CONT-0027,AGENCY-0738,2023-10-13,2023-10-30,2024-04-07,WORK_IN_PROGRESS,25.09284,70.76773
MPLADS-000130,Public Toilet Complex at Ward-28,Public Toilet Complex,Community Infrastructure,DIST-0558,ST-16,PC-0820,CONT-0244,AGENCY-0195,2022-03-04,2022-03-24,2022-07-22,DELAYED,30.63648,74.30552
MPLADS-000131,Paver Block Road at Ward-35,Paver Block Road,Roads & Bridges,DIST-0144,ST-03,PC-0205,CONT-0158,AGENCY-1177,2023-08-01,2023-08-20,2024-02-16,COMPLETED,27.20543,87.65227
MPLADS-000132,Farm Pond Renovation at Ward-29,Farm Pond Renovation,Irrigation & Agriculture,DIST-0224,ST-05,PC-0327,CONT-0169,AGENCY-0839,2022-08-13,2022-09-24,2023-03-03,WORK_IN_PROGRESS,25.89722,78.20282
MPLADS-000133,School Additional Classroom at Ward-82,School Additional Classroom,Education Infrastructure,DIST-0079,ST-02,PC-0115,CONT-0159,AGENCY-0226,2022-02-23,2022-03-12,2022-08-09,COMPLETED,20.65871,78.71726
MPLADS-000134,CC Road Construction at Ward-37,CC Road Construction,Roads & Bridges,DIST-0274,ST-07,PC-0400,CONT-0278,AGENCY-1168,2023-04-21,2023-06-03,2023-11-30,WORK_IN_PROGRESS,27.48124,74.10739
MPLADS-000135,Major River Overbridge at Ward-09,Major River Overbridge,Mega Infrastructure,DIST-0175,ST-05,PC-0247,CONT-0198,AGENCY-0818,2023-03-11,2023-04-10,2024-05-14,WORK_IN_PROGRESS,24.46896,81.44385
MPLADS-000136,Deep Tube Well at Ward-62,Deep Tube Well,Drinking Water,DIST-0002,ST-01,PC-0003,CONT-0289,AGENCY-0214,2023-02-08,2023-04-03,2023-07-02,WORK_IN_PROGRESS,26.36365,83.8726
MPLADS-000137,Check Dam at Ward-48,Check Dam,Irrigation & Agriculture,DIST-0153,ST-04,PC-0216,CONT-0137,AGENCY-0947,2022-05-19,2022-06-28,2022-12-05,COMPLETED,24.86797,85.60031
MPLADS-000138,Solar High-Mast Light at Ward-74,Solar High-Mast Light,Renewable Energy,DIST-0214,ST-05,PC-0312,CONT-0207,AGENCY-0771,2023-03-16,2023-05-13,2023-07-12,WORK_IN_PROGRESS,22.14663,79.642
MPLADS-000139,Library Room at Ward-45,Library Room,Education Infrastructure,DIST-0307,ST-07,PC-0452,CONT-0031,AGENCY-0776,2022-09-13,2022-10-19,2023-03-18,DELAYED,28.90494,70.13132
MPLADS-000140,Paver Block Road at Ward-71,Paver Block Road,Roads & Bridges,DIST-0149,ST-03,PC-0211,CONT-0186,AGENCY-1162,2022-02-15,2022-04-07,2022-10-04,WORK_IN_PROGRESS,26.16984,84.39151
MPLADS-000141,Yatri Shed at Ward-69,Yatri Shed,Community Infrastructure,DIST-0410,ST-11,PC-0598,CONT-0118,AGENCY-0934,2022-06-08,2022-08-04,2022-12-02,DELAYED,21.48831,86.72628
MPLADS-000142,Culvert Bridge at Ward-66,Culvert Bridge,Roads & Bridges,DIST-0131,ST-03,PC-0190,CONT-0228,AGENCY-0004,2023-08-30,2023-10-15,2024-04-12,COMPLETED,26.7925,84.33552
MPLADS-000143,District Sports Complex at Ward-98,District Sports Complex,Mega Infrastructure,DIST-0473,ST-13,PC-0689,CONT-0201,AGENCY-0083,2022-12-14,2023-01-04,2024-02-08,COMPLETED,10.91753,76.96054
MPLADS-000144,CC Road Construction at Ward-08,CC Road Construction,Roads & Bridges,DIST-0596,ST-17,PC-0877,CONT-0162,AGENCY-0608,2023-06-17,2023-07-10,2024-01-06,WORK_IN_PROGRESS,21.81032,82.92061
MPLADS-000145,Lift Irrigation Scheme at Ward-97,Lift Irrigation Scheme,Irrigation & Agriculture,DIST-0346,ST-08,PC-0505,CONT-0228,AGENCY-0737,2022-10-24,2022-12-19,2023-05-28,WORK_IN_PROGRESS,12.70484,78.26861
MPLADS-000146,Solar Street Lighting at Ward-04,Solar Street Lighting,Renewable Energy,DIST-0587,ST-17,PC-0865,CONT-0053,AGENCY-0280,2023-08-04,2023-09-02,2023-11-01,WORK_IN_PROGRESS,22.79586,83.84439
MPLADS-000147,School Additional Classroom at Ward-66,School Additional Classroom,Education Infrastructure,DIST-0039,ST-01,PC-0058,CONT-0290,AGENCY-0258,2022-02-18,2022-04-05,2022-09-02,WORK_IN_PROGRESS,29.05341,82.92338
MPLADS-000148,Solar Rooftop Panel at Ward-96,Solar Rooftop Panel,Renewable Energy,DIST-0021,ST-01,PC-0031,CONT-0291,AGENCY-0041,2022-12-07,2023-02-02,2023-04-03,COMPLETED,29.75935,83.67942
MPLADS-000149,Ayurvedic Dispensary at Ward-60,Ayurvedic Dispensary,Public Health,DIST-0220,ST-05,PC-0320,CONT-0228,AGENCY-0189,2022-03-29,2022-05-14,2022-12-10,WORK_IN_PROGRESS,23.79001,76.60648
MPLADS-000150,CC Road Construction at Ward-98,CC Road Construction,Roads & Bridges,DIST-0525,ST-15,PC-0770,CONT-0298,AGENCY-0226,2023-07-16,2023-08-25,2024-02-21,WORK_IN_PROGRESS,24.95179,93.45985
MPLADS-000151,Solar Street Lighting at Ward-45,Solar Street Lighting,Renewable Energy,DIST-0017,ST-01,PC-0025,CONT-0195,AGENCY-1070,2023-07-28,2023-08-27,2023-10-26,WORK_IN_PROGRESS,27.08582,78.98084
MPLADS-000152,Major River Overbridge at Ward-20,Major River Overbridge,Mega Infrastructure,DIST-0469,ST-13,PC-0685,CONT-0319,AGENCY-1059,2023-05-19,2023-07-13,2024-08-16,WORK_IN_PROGRESS,11.36031,75.47294
MPLADS-000153,Yatri Shed at Ward-08,Yatri Shed,Community Infrastructure,DIST-0514,ST-15,PC-0751,CONT-0082,AGENCY-0105,2023-09-13,2023-10-12,2024-02-09,WORK_IN_PROGRESS,27.82481,95.13388
MPLADS-000154,Solar Rooftop Panel at Ward-52,Solar Rooftop Panel,Renewable Energy,DIST-0161,ST-04,PC-0227,CONT-0299,AGENCY-1198,2023-07-09,2023-08-28,2023-10-27,WORK_IN_PROGRESS,21.6591,86.19946
MPLADS-000155,Public Toilet Complex at Ward-02,Public Toilet Complex,Community Infrastructure,DIST-0458,ST-12,PC-0668,CONT-0151,AGENCY-1082,2022-02-02,2022-03-31,2022-07-29,WORK_IN_PROGRESS,18.39295,80.27234
MPLADS-000156,Solar Street Lighting at Ward-32,Solar Street Lighting,Renewable Energy,DIST-0348,ST-09,PC-0507,CONT-0044,AGENCY-0315,2023-11-13,2023-12-06,2024-02-04,WORK_IN_PROGRESS,20.78993,72.34822
MPLADS-000157,Crematorium Shed at Ward-63,Crematorium Shed,Community Infrastructure,DIST-0265,ST-06,PC-0386,CONT-0001,AGENCY-0873,2023-05-31,2023-07-26,2023-11-23,WORK_IN_PROGRESS,9.63836,77.13184
MPLADS-000158,Solar Street Lighting at Ward-20,Solar Street Lighting,Renewable Energy,DIST-0510,ST-15,PC-0744,CONT-0139,AGENCY-1088,2022-11-02,2022-11-24,2023-01-23,COMPLETED,24.6391,91.9447
MPLADS-000159,Community Hall at Ward-34,Community Hall,Community Infrastructure,DIST-0520,ST-15,PC-0760,CONT-0159,AGENCY-0177,2022-03-19,2022-05-17,2022-09-14,WORK_IN_PROGRESS,26.3226,92.08686
MPLADS-000160,Yatri Shed at Ward-04,Yatri Shed,Community Infrastructure,DIST-0505,ST-14,PC-0736,CONT-0056,AGENCY-0941,2023-05-06,2023-06-21,2023-10-19,WORK_IN_PROGRESS,24.00167,86.32958
MPLADS-000161,Solar Rooftop Panel at Ward-87,Solar Rooftop Panel,Renewable Energy,DIST-0594,ST-17,PC-0874,CONT-0035,AGENCY-0054,2023-02-03,2023-04-01,2023-05-31,DELAYED,19.78946,83.43031
MPLADS-000162,District Sports Complex at Ward-15,District Sports Complex,Mega Infrastructure,DIST-0591,ST-17,PC-0871,CONT-0300,AGENCY-0779,2023-04-24,2023-05-15,2024-06-18,WORK_IN_PROGRESS,18.68966,81.26993
MPLADS-000163,School Additional Classroom at Ward-36,School Additional Classroom,Education Infrastructure,DIST-0310,ST-07,PC-0456,CONT-0167,AGENCY-0422,2023-05-23,2023-06-19,2023-11-16,DELAYED,24.29266,70.36802
MPLADS-000164,RO Water Plant at Ward-41,RO Water Plant,Drinking Water,DIST-0398,ST-10,PC-0578,CONT-0267,AGENCY-0941,2022-04-26,2022-06-03,2022-09-01,WORK_IN_PROGRESS,13.63206,84.36636
MPLADS-000165,Multi-Village Hospital Block at Ward-69,Multi-Village Hospital Block,Mega Infrastructure,DIST-0388,ST-10,PC-0561,CONT-0190,AGENCY-0076,2022-10-17,2022-11-04,2023-12-09,WORK_IN_PROGRESS,15.37659,80.02024
MPLADS-000166,CC Road Construction at Ward-08,CC Road Construction,Roads & Bridges,DIST-0161,ST-04,PC-0227,CONT-0195,AGENCY-0310,2023-10-15,2023-12-03,2024-05-31,WORK_IN_PROGRESS,21.69906,86.15816
MPLADS-000167,Deep Tube Well at Ward-11,Deep Tube Well,Drinking Water,DIST-0006,ST-01,PC-0008,CONT-0125,AGENCY-0770,2022-09-17,2022-10-03,2023-01-01,WORK_IN_PROGRESS,29.29381,79.93993
MPLADS-000168,School Boundary Wall at Ward-40,School Boundary Wall,Education Infrastructure,DIST-0262,ST-06,PC-0382,CONT-0244,AGENCY-0282,2022-08-27,2022-09-24,2023-02-21,WORK_IN_PROGRESS,12.66998,79.74692
MPLADS-000169,Solar Street Lighting at Ward-43,Solar Street Lighting,Renewable Energy,DIST-0252,ST-06,PC-0366,CONT-0089,AGENCY-0472,2022-09-16,2022-10-13,2022-12-12,WORK_IN_PROGRESS,10.79898,80.07003
MPLADS-000170,Library Room at Ward-26,Library Room,Education Infrastructure,DIST-0204,ST-05,PC-0295,CONT-0276,AGENCY-0071,2022-03-02,2022-03-21,2022-08-18,WORK_IN_PROGRESS,24.37577,80.26598
MPLADS-000171,Major River Overbridge at Ward-03,Major River Overbridge,Mega Infrastructure,DIST-0045,ST-01,PC-0066,CONT-0078,AGENCY-0343,2022-07-15,2022-08-17,2023-09-21,WORK_IN_PROGRESS,25.88774,80.40776
MPLADS-000172,Community Hall at Ward-39,Community Hall,Community Infrastructure,DIST-0335,ST-08,PC-0490,CONT-0044,AGENCY-0591,2022-05-20,2022-06-10,2022-10-08,WORK_IN_PROGRESS,17.29433,76.61549
MPLADS-000173,Solar Street Lighting at Ward-97,Solar Street Lighting,Renewable Energy,DIST-0455,ST-12,PC-0664,CONT-0231,AGENCY-1069,2023-03-03,2023-04-16,2023-06-15,WORK_IN_PROGRESS,17.34371,78.61899
MPLADS-000174,Maternity Ward Facility at Ward-70,Maternity Ward Facility,Public Health,DIST-0560,ST-16,PC-0822,CONT-0054,AGENCY-0178,2023-05-12,2023-05-28,2023-12-24,COMPLETED,30.51875,75.52308
MPLADS-000175,School Boundary Wall at Ward-95,School Boundary Wall,Education Infrastructure,DIST-0280,ST-07,PC-0410,CONT-0034,AGENCY-0036,2022-03-30,2022-05-02,2022-09-29,WORK_IN_PROGRESS,27.73802,73.49382
MPLADS-000176,Lift Irrigation Scheme at Ward-35,Lift Irrigation Scheme,Irrigation & Agriculture,DIST-0158,ST-04,PC-0223,CONT-0153,AGENCY-1110,2023-08-10,2023-08-31,2024-02-07,COMPLETED,21.99908,89.01437
MPLADS-000177,School Boundary Wall at Ward-22,School Boundary Wall,Education Infrastructure,DIST-0117,ST-03,PC-0170,CONT-0257,AGENCY-0635,2023-09-07,2023-10-27,2024-03-25,WORK_IN_PROGRESS,25.43454,84.06429
MPLADS-000178,Yatri Shed at Ward-93,Yatri Shed,Community Infrastructure,DIST-0222,ST-05,PC-0324,CONT-0164,AGENCY-1219,2023-01-21,2023-02-27,2023-06-27,WORK_IN_PROGRESS,24.84649,82.43913
MPLADS-000179,School Additional Classroom at Ward-97,School Additional Classroom,Education Infrastructure,DIST-0294,ST-07,PC-0430,CONT-0082,AGENCY-0450,2023-08-13,2023-09-28,2024-02-25,WORK_IN_PROGRESS,26.82479,73.10764
MPLADS-000180,Community Hall at Ward-91,Community Hall,Community Infrastructure,DIST-0199,ST-05,PC-0287,CONT-0245,AGENCY-0682,2022-03-26,2022-04-22,2022-08-20,COMPLETED,23.51092,76.87138
MPLADS-000181,Solar Street Lighting at Ward-26,Solar Street Lighting,Renewable Energy,DIST-0317,ST-08,PC-0465,CONT-0064,AGENCY-1037,2022-03-04,2022-04-20,2022-06-19,COMPLETED,16.9549,75.93403
MPLADS-000182,Solar Rooftop Panel at Ward-75,Solar Rooftop Panel,Renewable Energy,DIST-0248,ST-06,PC-0361,CONT-0035,AGENCY-1028,2023-11-21,2023-12-28,2024-02-26,WORK_IN_PROGRESS,9.9085,78.03255
MPLADS-000183,Community Hall at Ward-31,Community Hall,Community Infrastructure,DIST-0386,ST-10,PC-0558,CONT-0244,AGENCY-0591,2023-11-10,2023-12-05,2024-04-03,WORK_IN_PROGRESS,12.48369,76.71131
MPLADS-000184,Multi-Village Hospital Block at Ward-34,Multi-Village Hospital Block,Mega Infrastructure,DIST-0605,ST-18,PC-0891,CONT-0179,AGENCY-0841,2022-03-05,2022-03-27,2023-05-01,WORK_IN_PROGRESS,30.12601,74.7471
MPLADS-000185,Deep Tube Well at Ward-06,Deep Tube Well,Drinking Water,DIST-0586,ST-17,PC-0864,CONT-0027,AGENCY-0272,2022-11-17,2022-12-18,2023-03-18,WORK_IN_PROGRESS,19.9749,80.27136
MPLADS-000186,Lift Irrigation Scheme at Ward-79,Lift Irrigation Scheme,Irrigation & Agriculture,DIST-0548,ST-16,PC-0805,CONT-0227,AGENCY-0482,2022-07-24,2022-09-16,2023-02-23,COMPLETED,32.21923,74.86824
MPLADS-000187,Solar High-Mast Light at Ward-86,Solar High-Mast Light,Renewable Energy,DIST-0388,ST-10,PC-0561,CONT-0013,AGENCY-0135,2022-05-12,2022-07-09,2022-09-07,WORK_IN_PROGRESS,15.33229,80.12868
MPLADS-000188,Solar Street Lighting at Ward-62,Solar Street Lighting,Renewable Energy,DIST-0457,ST-12,PC-0667,CONT-0282,AGENCY-0395,2023-03-12,2023-04-01,2023-05-31,WORK_IN_PROGRESS,17.94913,80.09708
MPLADS-000189,RO Water Plant at Ward-32,RO Water Plant,Drinking Water,DIST-0015,ST-01,PC-0022,CONT-0005,AGENCY-0060,2022-04-21,2022-05-20,2022-08-18,WORK_IN_PROGRESS,27.19763,79.46292
MPLADS-000190,Multi-Village Hospital Block at Ward-23,Multi-Village Hospital Block,Mega Infrastructure,DIST-0307,ST-07,PC-0451,CONT-0215,AGENCY-0125,2023-03-25,2023-04-26,2024-05-30,WORK_IN_PROGRESS,28.99314,70.1852
MPLADS-000191,Check Dam at Ward-68,Check Dam,Irrigation & Agriculture,DIST-0487,ST-14,PC-0711,CONT-0013,AGENCY-0505,2022-12-28,2023-01-21,2023-06-30,WORK_IN_PROGRESS,23.60208,85.89339
MPLADS-000192,Solar Street Lighting at Ward-64,Solar Street Lighting,Renewable Energy,DIST-0148,ST-03,PC-0210,CONT-0159,AGENCY-0883,2023-01-05,2023-01-30,2023-03-31,COMPLETED,27.03828,85.54388
MPLADS-000193,Multi-Village Hospital Block at Ward-19,Multi-Village Hospital Block,Mega Infrastructure,DIST-0168,ST-04,PC-0238,CONT-0196,AGENCY-0643,2022-09-07,2022-10-21,2023-11-25,WORK_IN_PROGRESS,24.91622,86.93803
MPLADS-000194,Lift Irrigation Scheme at Ward-09,Lift Irrigation Scheme,Irrigation & Agriculture,DIST-0093,ST-02,PC-0135,CONT-0238,AGENCY-1075,2023-08-01,2023-09-04,2024-02-11,WORK_IN_PROGRESS,19.12274,75.64865
MPLADS-000195,Paver Block Road at Ward-42,Paver Block Road,Roads & Bridges,DIST-0217,ST-05,PC-0316,CONT-0108,AGENCY-1179,2022-11-22,2022-12-28,2023-06-26,WORK_IN_PROGRESS,23.22118,75.50651
MPLADS-000196,District Sports Complex at Ward-16,District Sports Complex,Mega Infrastructure,DIST-0390,ST-10,PC-0563,CONT-0120,AGENCY-0389,2022-06-04,2022-06-24,2023-07-29,COMPLETED,17.41009,78.21971
MPLADS-000197,District Sports Complex at Ward-61,District Sports Complex,Mega Infrastructure,DIST-0330,ST-08,PC-0481,CONT-0210,AGENCY-0129,2022-12-13,2023-01-15,2024-02-19,WORK_IN_PROGRESS,13.87804,74.76851
MPLADS-000198,Solar Street Lighting at Ward-73,Solar Street Lighting,Renewable Energy,DIST-0047,ST-01,PC-0069,CONT-0295,AGENCY-0722,2023-10-24,2023-11-12,2024-01-11,WORK_IN_PROGRESS,25.58209,78.07255
MPLADS-000199,Solar Street Lighting at Ward-25,Solar Street Lighting,Renewable Energy,DIST-0105,ST-02,PC-0150,CONT-0302,AGENCY-0572,2023-09-24,2023-11-16,2024-01-15,COMPLETED,16.87399,80.02033
MPLADS-000200,Piped Water Network at Ward-15,Piped Water Network,Drinking Water,DIST-0429,ST-11,PC-0626,CONT-0191,AGENCY-1156,2022-10-03,2022-12-01,2023-03-01,WORK_IN_PROGRESS,22.35306,84.47051
MPLADS-000201,Community Hall at Ward-16,Community Hall,Community Infrastructure,DIST-0411,ST-11,PC-0600,CONT-0155,AGENCY-0695,2022-12-13,2023-01-12,2023-05-12,WORK_IN_PROGRESS,19.96644,82.61839
MPLADS-000202,Crematorium Shed at Ward-55,Crematorium Shed,Community Infrastructure,DIST-0164,ST-04,PC-0232,CONT-0054,AGENCY-0533,2022-04-15,2022-05-22,2022-09-19,WORK_IN_PROGRESS,24.40044,86.25668
MPLADS-000203,Community Hall at Ward-36,Community Hall,Community Infrastructure,DIST-0363,ST-09,PC-0527,CONT-0020,AGENCY-1159,2023-07-26,2023-09-17,2024-01-15,WORK_IN_PROGRESS,23.5771,73.7959
MPLADS-000204,Solar Rooftop Panel at Ward-68,Solar Rooftop Panel,Renewable Energy,DIST-0224,ST-05,PC-0327,CONT-0297,AGENCY-0007,2022-08-25,2022-10-03,2022-12-02,WORK_IN_PROGRESS,25.91986,78.21735
MPLADS-000205,Piped Water Network at Ward-48,Piped Water Network,Drinking Water,DIST-0588,ST-17,PC-0868,CONT-0044,AGENCY-0498,2023-03-30,2023-04-29,2023-07-28,WORK_IN_PROGRESS,23.87081,81.63935
MPLADS-000206,Community Tank at Ward-16,Community Tank,Drinking Water,DIST-0236,ST-06,PC-0343,CONT-0014,AGENCY-0961,2023-03-09,2023-04-17,2023-07-16,WORK_IN_PROGRESS,9.02901,78.80767
MPLADS-000207,Culvert Bridge at Ward-88,Culvert Bridge,Roads & Bridges,DIST-0388,ST-10,PC-0561,CONT-0029,AGENCY-0801,2022-03-17,2022-04-12,2022-10-09,WORK_IN_PROGRESS,15.383,80.07133
MPLADS-000208,Maternity Ward Facility at Ward-47,Maternity Ward Facility,Public Health,DIST-0427,ST-11,PC-0623,CONT-0174,AGENCY-0071,2023-10-17,2023-12-01,2024-06-28,WORK_IN_PROGRESS,19.14448,87.07542
MPLADS-000209,School Boundary Wall at Ward-68,School Boundary Wall,Education Infrastructure,DIST-0008,ST-01,PC-0011,CONT-0318,AGENCY-0108,2022-07-03,2022-08-22,2023-01-19,WORK_IN_PROGRESS,27.74357,82.72703
MPLADS-000210,Check Dam at Ward-14,Check Dam,Irrigation & Agriculture,DIST-0317,ST-08,PC-0464,CONT-0031,AGENCY-0659,2023-01-30,2023-03-24,2023-08-31,WORK_IN_PROGRESS,16.98826,75.93904
MPLADS-000211,Primary Health Sub-Centre at Ward-76,Primary Health Sub-Centre,Public Health,DIST-0558,ST-16,PC-0820,CONT-0299,AGENCY-0535,2022-02-09,2022-03-08,2022-10-04,WORK_IN_PROGRESS,30.74424,74.4014
MPLADS-000212,Solar Street Lighting at Ward-95,Solar Street Lighting,Renewable Energy,DIST-0435,ST-11,PC-0634,CONT-0300,AGENCY-0180,2022-11-24,2022-12-15,2023-02-13,WORK_IN_PROGRESS,18.17895,82.71005
MPLADS-000213,Lift Irrigation Scheme at Ward-09,Lift Irrigation Scheme,Irrigation & Agriculture,DIST-0270,ST-07,PC-0393,CONT-0275,AGENCY-0092,2023-02-18,2023-03-29,2023-09-05,WORK_IN_PROGRESS,26.8789,70.13248
MPLADS-000214,Maternity Ward Facility at Ward-80,Maternity Ward Facility,Public Health,DIST-0608,ST-18,PC-0895,CONT-0163,AGENCY-1051,2022-10-21,2022-12-03,2023-07-01,WORK_IN_PROGRESS,27.8574,74.88037
MPLADS-000215,Solar Rooftop Panel at Ward-59,Solar Rooftop Panel,Renewable Energy,DIST-0052,ST-01,PC-0077,CONT-0118,AGENCY-0478,2023-04-17,2023-05-19,2023-07-18,COMPLETED,24.88727,84.02176
MPLADS-000216,Multi-Village Hospital Block at Ward-74,Multi-Village Hospital Block,Mega Infrastructure,DIST-0033,ST-01,PC-0048,CONT-0290,AGENCY-0840,2023-10-27,2023-12-18,2025-01-21,WORK_IN_PROGRESS,24.65524,83.26171
MPLADS-000217,School Boundary Wall at Ward-37,School Boundary Wall,Education Infrastructure,DIST-0257,ST-06,PC-0375,CONT-0258,AGENCY-0395,2023-05-05,2023-06-18,2023-11-15,DELAYED,12.11144,78.19545
MPLADS-000218,Public Toilet Complex at Ward-50,Public Toilet Complex,Community Infrastructure,DIST-0229,ST-06,PC-0334,CONT-0062,AGENCY-1175,2023-07-13,2023-08-30,2023-12-28,COMPLETED,13.48503,75.99648
MPLADS-000219,Farm Pond Renovation at Ward-91,Farm Pond Renovation,Irrigation & Agriculture,DIST-0301,ST-07,PC-0442,CONT-0213,AGENCY-0652,2022-09-08,2022-10-06,2023-03-15,WORK_IN_PROGRESS,23.67146,72.85625
MPLADS-000220,Public Toilet Complex at Ward-97,Public Toilet Complex,Community Infrastructure,DIST-0462,ST-12,PC-0675,CONT-0015,AGENCY-1142,2023-01-28,2023-02-21,2023-06-21,WORK_IN_PROGRESS,17.0247,79.18211
MPLADS-000221,Solar High-Mast Light at Ward-58,Solar High-Mast Light,Renewable Energy,DIST-0025,ST-01,PC-0036,CONT-0224,AGENCY-0505,2023-11-28,2024-01-24,2024-03-24,WORK_IN_PROGRESS,28.76945,77.98
MPLADS-000222,RO Water Plant at Ward-55,RO Water Plant,Drinking Water,DIST-0513,ST-15,PC-0748,CONT-0297,AGENCY-0827,2022-10-10,2022-11-25,2023-02-23,COMPLETED,25.55689,93.52218
MPLADS-000223,Solar High-Mast Light at Ward-36,Solar High-Mast Light,Renewable Energy,DIST-0106,ST-02,PC-0151,CONT-0208,AGENCY-1232,2023-07-06,2023-08-01,2023-09-30,WORK_IN_PROGRESS,17.04829,78.22971
MPLADS-000224,Lift Irrigation Scheme at Ward-36,Lift Irrigation Scheme,Irrigation & Agriculture,DIST-0378,ST-09,PC-0547,CONT-0136,AGENCY-0789,2023-10-18,2023-11-16,2024-04-24,WORK_IN_PROGRESS,23.83372,74.05457
MPLADS-000225,Culvert Bridge at Ward-79,Culvert Bridge,Roads & Bridges,DIST-0194,ST-05,PC-0278,CONT-0094,AGENCY-0646,2022-12-21,2023-02-12,2023-08-11,COMPLETED,25.04389,76.17967
MPLADS-000226,Yatri Shed at Ward-58,Yatri Shed,Community Infrastructure,DIST-0565,ST-17,PC-0831,CONT-0067,AGENCY-0908,2023-03-20,2023-04-06,2023-08-04,DELAYED,20.45711,82.35377
MPLADS-000227,Check Dam at Ward-29,Check Dam,Irrigation & Agriculture,DIST-0103,ST-02,PC-0147,CONT-0304,AGENCY-0968,2022-08-20,2022-10-17,2023-03-26,COMPLETED,17.44174,76.99054
MPLADS-000228,School Boundary Wall at Ward-08,School Boundary Wall,Education Infrastructure,DIST-0118,ST-03,PC-0171,CONT-0282,AGENCY-0734,2023-12-01,2023-12-24,2024-05-22,WORK_IN_PROGRESS,26.50369,87.50953
MPLADS-000229,Farm Pond Renovation at Ward-12,Farm Pond Renovation,Irrigation & Agriculture,DIST-0501,ST-14,PC-0730,CONT-0280,AGENCY-0825,2022-02-26,2022-04-08,2022-09-15,COMPLETED,23.85061,86.94911
MPLADS-000230,Culvert Bridge at Ward-15,Culvert Bridge,Roads & Bridges,DIST-0265,ST-06,PC-0386,CONT-0018,AGENCY-0071,2023-06-21,2023-08-07,2024-02-03,WORK_IN_PROGRESS,9.65668,77.09015
MPLADS-000231,Solar Rooftop Panel at Ward-37,Solar Rooftop Panel,Renewable Energy,DIST-0444,ST-12,PC-0647,CONT-0115,AGENCY-0651,2023-03-01,2023-04-06,2023-06-05,COMPLETED,18.11545,77.40082
MPLADS-000232,Check Dam at Ward-72,Check Dam,Irrigation & Agriculture,DIST-0601,ST-18,PC-0884,CONT-0146,AGENCY-0133,2022-07-28,2022-08-18,2023-01-25,WORK_IN_PROGRESS,28.5991,76.54646
MPLADS-000233,Community Hall at Ward-89,Community Hall,Community Infrastructure,DIST-0029,ST-01,PC-0041,CONT-0284,AGENCY-0330,2022-02-18,2022-03-14,2022-07-12,WORK_IN_PROGRESS,26.98689,78.90291
MPLADS-000234,Solar Rooftop Panel at Ward-55,Solar Rooftop Panel,Renewable Energy,DIST-0314,ST-07,PC-0461,CONT-0310,AGENCY-1173,2023-01-11,2023-02-04,2023-04-05,WORK_IN_PROGRESS,27.08986,71.86355
MPLADS-000235,School Additional Classroom at Ward-70,School Additional Classroom,Education Infrastructure,DIST-0488,ST-14,PC-0712,CONT-0092,AGENCY-0497,2022-10-09,2022-10-24,2023-03-23,COMPLETED,22.59664,86.32555
MPLADS-000236,Solar Rooftop Panel at Ward-11,Solar Rooftop Panel,Renewable Energy,DIST-0321,ST-08,PC-0470,CONT-0163,AGENCY-0384,2022-02-16,2022-03-03,2022-05-02,WORK_IN_PROGRESS,13.36434,75.78315
MPLADS-000237,CC Road Construction at Ward-80,CC Road Construction,Roads & Bridges,DIST-0443,ST-12,PC-0646,CONT-0057,AGENCY-1075,2022-01-05,2022-03-05,2022-09-01,WORK_IN_PROGRESS,16.0927,81.26328
MPLADS-000238,Solar High-Mast Light at Ward-12,Solar High-Mast Light,Renewable Energy,DIST-0115,ST-03,PC-0166,CONT-0130,AGENCY-0916,2023-07-18,2023-08-27,2023-10-26,WORK_IN_PROGRESS,27.36698,84.77168
MPLADS-000239,Ayurvedic Dispensary at Ward-61,Ayurvedic Dispensary,Public Health,DIST-0362,ST-09,PC-0525,CONT-0153,AGENCY-0461,2023-10-24,2023-11-23,2024-06-20,WORK_IN_PROGRESS,21.60824,70.12202
MPLADS-000240,RO Water Plant at Ward-36,RO Water Plant,Drinking Water,DIST-0080,ST-02,PC-0118,CONT-0316,AGENCY-0777,2023-04-30,2023-05-23,2023-08-21,WORK_IN_PROGRESS,19.07824,73.27748
MPLADS-000241,Library Room at Ward-39,Library Room,Education Infrastructure,DIST-0022,ST-01,PC-0033,CONT-0167,AGENCY-0777,2022-11-17,2022-12-05,2023-05-04,COMPLETED,30.04101,78.75852
MPLADS-000242,Major River Overbridge at Ward-01,Major River Overbridge,Mega Infrastructure,DIST-0314,ST-07,PC-0461,CONT-0123,AGENCY-1103,2022-08-13,2022-09-29,2023-11-03,WORK_IN_PROGRESS,27.0949,71.90906
MPLADS-000243,CC Road Construction at Ward-83,CC Road Construction,Roads & Bridges,DIST-0613,ST-18,PC-0902,CONT-0163,AGENCY-1006,2022-02-11,2022-03-10,2022-09-06,WORK_IN_PROGRESS,28.83629,75.0263
MPLADS-000244,Ambulance Vehicle at Ward-79,Ambulance Vehicle,Public Health,DIST-0093,ST-02,PC-0135,CONT-0113,AGENCY-0704,2022-07-02,2022-08-02,2023-02-28,WORK_IN_PROGRESS,19.01823,75.6326
MPLADS-000245,Piped Water Network at Ward-54,Piped Water Network,Drinking Water,DIST-0239,ST-06,PC-0347,CONT-0172,AGENCY-0282,2022-04-02,2022-05-27,2022-08-25,COMPLETED,12.15896,79.73775
MPLADS-000246,Public Toilet Complex at Ward-11,Public Toilet Complex,Community Infrastructure,DIST-0029,ST-01,PC-0041,CONT-0178,AGENCY-1118,2022-01-12,2022-01-27,2022-05-27,WORK_IN_PROGRESS,26.98717,78.92693
MPLADS-000247,Primary Health Sub-Centre at Ward-78,Primary Health Sub-Centre,Public Health,DIST-0440,ST-12,PC-0642,CONT-0236,AGENCY-0019,2022-12-08,2023-02-04,2023-09-02,WORK_IN_PROGRESS,16.24099,80.98407
MPLADS-000248,Solar Rooftop Panel at Ward-32,Solar Rooftop Panel,Renewable Energy,DIST-0338,ST-08,PC-0493,CONT-0155,AGENCY-0431,2023-03-24,2023-05-03,2023-07-02,COMPLETED,17.57325,76.75305
MPLADS-000249,CC Road Construction at Ward-49,CC Road Construction,Roads & Bridges,DIST-0589,ST-17,PC-0869,CONT-0079,AGENCY-0038,2022-07-21,2022-08-07,2023-02-03,WORK_IN_PROGRESS,20.33526,83.84111
MPLADS-000250,Crematorium Shed at Ward-03,Crematorium Shed,Community Infrastructure,DIST-0272,ST-07,PC-0396,CONT-0037,AGENCY-0262,2023-07-01,2023-08-03,2023-12-01,WORK_IN_PROGRESS,29.78899,74.49106
MPLADS-000251,RO Water Plant at Ward-35,RO Water Plant,Drinking Water,DIST-0360,ST-09,PC-0522,CONT-0232,AGENCY-0392,2022-12-11,2023-01-03,2023-04-03,COMPLETED,23.59675,72.99966
MPLADS-000252,Maternity Ward Facility at Ward-06,Maternity Ward Facility,Public Health,DIST-0454,ST-12,PC-0662,CONT-0210,AGENCY-0770,2023-09-08,2023-10-24,2024-05-21,WORK_IN_PROGRESS,16.99413,79.98376
MPLADS-000253,School Boundary Wall at Ward-06,School Boundary Wall,Education Infrastructure,DIST-0349,ST-09,PC-0508,CONT-0087,AGENCY-0398,2023-10-07,2023-11-28,2024-04-26,WORK_IN_PROGRESS,20.81391,69.27461
MPLADS-000254,Multi-Village Hospital Block at Ward-55,Multi-Village Hospital Block,Mega Infrastructure,DIST-0089,ST-02,PC-0129,CONT-0193,AGENCY-0450,2022-05-24,2022-07-13,2023-08-17,WORK_IN_PROGRESS,17.79108,72.67131
MPLADS-000255,Solar Rooftop Panel at Ward-55,Solar Rooftop Panel,Renewable Energy,DIST-0328,ST-08,PC-0479,CONT-0195,AGENCY-0694,2022-10-09,2022-12-07,2023-02-05,WORK_IN_PROGRESS,13.22227,74.09029
MPLADS-000256,Ambulance Vehicle at Ward-95,Ambulance Vehicle,Public Health,DIST-0449,ST-12,PC-0653,CONT-0250,AGENCY-0293,2022-02-20,2022-03-26,2022-10-22,WORK_IN_PROGRESS,16.83358,80.99821
MPLADS-000257,Multi-Village Hospital Block at Ward-61,Multi-Village Hospital Block,Mega Infrastructure,DIST-0212,ST-05,PC-0308,CONT-0265,AGENCY-0801,2022-06-30,2022-08-13,2023-09-17,WORK_IN_PROGRESS,22.53023,74.51484
MPLADS-000258,School Boundary Wall at Ward-56,School Boundary Wall,Education Infrastructure,DIST-0311,ST-07,PC-0457,CONT-0003,AGENCY-0381,2022-09-20,2022-11-11,2023-04-10,COMPLETED,29.64804,72.83633
MPLADS-000259,Smart Classroom Lab at Ward-25,Smart Classroom Lab,Education Infrastructure,DIST-0227,ST-05,PC-0331,CONT-0235,AGENCY-0838,2022-01-03,2022-02-20,2022-07-20,WORK_IN_PROGRESS,22.93885,77.6524
MPLADS-000260,Community Hall at Ward-18,Community Hall,Community Infrastructure,DIST-0511,ST-15,PC-0745,CONT-0098,AGENCY-0775,2022-09-01,2022-09-25,2023-01-23,WORK_IN_PROGRESS,27.10393,95.00211
MPLADS-000261,Lift Irrigation Scheme at Ward-47,Lift Irrigation Scheme,Irrigation & Agriculture,DIST-0070,ST-01,PC-0102,CONT-0020,AGENCY-0926,2023-09-10,2023-10-11,2024-03-19,DELAYED,26.69334,82.93206
MPLADS-000262,Check Dam at Ward-06,Check Dam,Irrigation & Agriculture,DIST-0310,ST-07,PC-0456,CONT-0238,AGENCY-0166,2023-11-21,2024-01-05,2024-06-13,WORK_IN_PROGRESS,24.18188,70.39692
MPLADS-000263,Check Dam at Ward-41,Check Dam,Irrigation & Agriculture,DIST-0061,ST-01,PC-0089,CONT-0062,AGENCY-0008,2023-11-17,2024-01-09,2024-06-17,WORK_IN_PROGRESS,30.43454,77.99963
MPLADS-000264,Crematorium Shed at Ward-74,Crematorium Shed,Community Infrastructure,DIST-0564,ST-16,PC-0829,CONT-0061,AGENCY-0423,2023-08-23,2023-09-09,2024-01-07,WORK_IN_PROGRESS,32.32048,75.23562
MPLADS-000265,CC Road Construction at Ward-69,CC Road Construction,Roads & Bridges,DIST-0384,ST-10,PC-0554,CONT-0130,AGENCY-0044,2022-01-23,2022-03-03,2022-08-30,COMPLETED,14.06405,77.0389
MPLADS-000266,Major River Overbridge at Ward-19,Major River Overbridge,Mega Infrastructure,DIST-0238,ST-06,PC-0346,CONT-0261,AGENCY-0758,2023-04-20,2023-05-09,2024-06-12,WORK_IN_PROGRESS,9.16375,79.35357
MPLADS-000267,Maternity Ward Facility at Ward-20,Maternity Ward Facility,Public Health,DIST-0619,ST-18,PC-0912,CONT-0213,AGENCY-0794,2022-05-18,2022-06-23,2023-01-19,WORK_IN_PROGRESS,30.69908,75.54079
MPLADS-000268,Ambulance Vehicle at Ward-92,Ambulance Vehicle,Public Health,DIST-0206,ST-05,PC-0298,CONT-0139,AGENCY-1148,2023-07-13,2023-07-30,2024-02-25,WORK_IN_PROGRESS,21.83026,81.96196
MPLADS-000269,RO Water Plant at Ward-74,RO Water Plant,Drinking Water,DIST-0219,ST-05,PC-0319,CONT-0164,AGENCY-0249,2023-02-18,2023-03-11,2023-06-09,WORK_IN_PROGRESS,24.39521,77.54373
MPLADS-000270,Solar Street Lighting at Ward-39,Solar Street Lighting,Renewable Energy,DIST-0597,ST-17,PC-0878,CONT-0086,AGENCY-0998,2023-05-12,2023-06-19,2023-08-18,COMPLETED,21.67824,80.41058
MPLADS-000271,Solar Street Lighting at Ward-08,Solar Street Lighting,Renewable Energy,DIST-0279,ST-07,PC-0408,CONT-0084,AGENCY-0699,2022-06-21,2022-07-27,2022-09-25,WORK_IN_PROGRESS,26.80776,69.76423
MPLADS-000272,Paver Block Road at Ward-81,Paver Block Road,Roads & Bridges,DIST-0447,ST-12,PC-0651,CONT-0153,AGENCY-0030,2023-06-27,2023-08-21,2024-02-17,WORK_IN_PROGRESS,17.72611,77.82467
MPLADS-000273,Community Tank at Ward-80,Community Tank,Drinking Water,DIST-0317,ST-08,PC-0464,CONT-0199,AGENCY-0459,2023-04-17,2023-06-08,2023-09-06,WORK_IN_PROGRESS,16.97719,75.91198
MPLADS-000274,Crematorium Shed at Ward-32,Crematorium Shed,Community Infrastructure,DIST-0134,ST-03,PC-0193,CONT-0080,AGENCY-1191,2023-03-18,2023-05-16,2023-09-13,WORK_IN_PROGRESS,26.40781,84.4747
MPLADS-000275,Major River Overbridge at Ward-46,Major River Overbridge,Mega Infrastructure,DIST-0124,ST-03,PC-0180,CONT-0174,AGENCY-0381,2022-05-06,2022-05-24,2023-06-28,COMPLETED,25.08431,83.75425
MPLADS-000276,Smart Classroom Lab at Ward-94,Smart Classroom Lab,Education Infrastructure,DIST-0212,ST-05,PC-0308,CONT-0149,AGENCY-1172,2022-04-16,2022-05-12,2022-10-09,WORK_IN_PROGRESS,22.51399,74.62134
MPLADS-000277,Solar Street Lighting at Ward-42,Solar Street Lighting,Renewable Energy,DIST-0364,ST-09,PC-0528,CONT-0044,AGENCY-0589,2022-08-19,2022-09-11,2022-11-10,WORK_IN_PROGRESS,21.35252,71.68733
MPLADS-000278,Deep Tube Well at Ward-19,Deep Tube Well,Drinking Water,DIST-0042,ST-01,PC-0062,CONT-0147,AGENCY-0396,2022-12-20,2023-01-13,2023-04-13,WORK_IN_PROGRESS,25.81187,79.67064
MPLADS-000279,Community Tank at Ward-86,Community Tank,Drinking Water,DIST-0267,ST-07,PC-0389,CONT-0015,AGENCY-0670,2022-07-29,2022-09-08,2022-12-07,WORK_IN_PROGRESS,27.36158,75.97903
MPLADS-000280,Yatri Shed at Ward-54,Yatri Shed,Community Infrastructure,DIST-0457,ST-12,PC-0667,CONT-0122,AGENCY-0212,2022-12-07,2023-02-04,2023-06-04,COMPLETED,17.97579,80.1438
MPLADS-000281,Maternity Ward Facility at Ward-57,Maternity Ward Facility,Public Health,DIST-0004,ST-01,PC-0006,CONT-0199,AGENCY-0312,2022-06-15,2022-08-08,2023-03-06,COMPLETED,25.06625,82.08007
MPLADS-000282,Bituminous Road at Ward-02,Bituminous Road,Roads & Bridges,DIST-0310,ST-07,PC-0456,CONT-0072,AGENCY-0496,2023-02-28,2023-04-14,2023-10-11,WORK_IN_PROGRESS,24.25899,70.41348
MPLADS-000283,Primary Health Sub-Centre at Ward-08,Primary Health Sub-Centre,Public Health,DIST-0032,ST-01,PC-0046,CONT-0163,AGENCY-0973,2022-10-31,2022-12-08,2023-07-06,WORK_IN_PROGRESS,24.30474,78.31789
MPLADS-000284,Ambulance Vehicle at Ward-23,Ambulance Vehicle,Public Health,DIST-0429,ST-11,PC-0626,CONT-0044,AGENCY-0362,2022-04-25,2022-06-11,2023-01-07,WORK_IN_PROGRESS,22.36164,84.56586
MPLADS-000285,Crematorium Shed at Ward-29,Crematorium Shed,Community Infrastructure,DIST-0001,ST-01,PC-0001,CONT-0018,AGENCY-0848,2022-12-19,2023-02-06,2023-06-06,WORK_IN_PROGRESS,29.09905,80.23598
MPLADS-000286,Culvert Bridge at Ward-48,Culvert Bridge,Roads & Bridges,DIST-0368,ST-09,PC-0533,CONT-0139,AGENCY-0659,2022-08-16,2022-10-10,2023-04-08,WORK_IN_PROGRESS,22.58583,71.13772
MPLADS-000287,Ayurvedic Dispensary at Ward-79,Ayurvedic Dispensary,Public Health,DIST-0597,ST-17,PC-0878,CONT-0035,AGENCY-0266,2023-06-26,2023-07-18,2024-02-13,WORK_IN_PROGRESS,21.76487,80.29725
MPLADS-000288,Ambulance Vehicle at Ward-76,Ambulance Vehicle,Public Health,DIST-0520,ST-15,PC-0760,CONT-0035,AGENCY-0779,2023-06-04,2023-07-18,2024-02-13,WORK_IN_PROGRESS,26.30381,92.15566
MPLADS-000289,Primary Health Sub-Centre at Ward-39,Primary Health Sub-Centre,Public Health,DIST-0058,ST-01,PC-0085,CONT-0190,AGENCY-0006,2022-09-02,2022-09-19,2023-04-17,WORK_IN_PROGRESS,28.84877,77.15212
MPLADS-000290,Deep Tube Well at Ward-34,Deep Tube Well,Drinking Water,DIST-0252,ST-06,PC-0366,CONT-0027,AGENCY-0030,2023-11-08,2023-12-11,2024-03-10,WORK_IN_PROGRESS,10.81161,80.01581
MPLADS-000291,Community Hall at Ward-23,Community Hall,Community Infrastructure,DIST-0449,ST-12,PC-0653,CONT-0266,AGENCY-0170,2022-08-27,2022-09-13,2023-01-11,DELAYED,16.78679,81.13083
MPLADS-000292,Solar Rooftop Panel at Ward-41,Solar Rooftop Panel,Renewable Energy,DIST-0377,ST-09,PC-0545,CONT-0163,AGENCY-0363,2023-10-13,2023-11-13,2024-01-12,WORK_IN_PROGRESS,20.09154,73.60805
MPLADS-000293,Piped Water Network at Ward-76,Piped Water Network,Drinking Water,DIST-0163,ST-04,PC-0230,CONT-0281,AGENCY-1035,2023-10-07,2023-11-19,2024-02-17,COMPLETED,24.96505,88.9982
MPLADS-000294,Solar Street Lighting at Ward-71,Solar Street Lighting,Renewable Energy,DIST-0203,ST-05,PC-0292,CONT-0009,AGENCY-1061,2022-07-13,2022-08-27,2022-10-26,WORK_IN_PROGRESS,22.23695,81.07493
MPLADS-000295,Lift Irrigation Scheme at Ward-28,Lift Irrigation Scheme,Irrigation & Agriculture,DIST-0532,ST-15,PC-0781,CONT-0118,AGENCY-0390,2022-12-20,2023-01-10,2023-06-19,WORK_IN_PROGRESS,24.2362,92.2379
MPLADS-000296,Primary Health Sub-Centre at Ward-75,Primary Health Sub-Centre,Public Health,DIST-0150,ST-04,PC-0213,CONT-0016,AGENCY-0566,2022-02-17,2022-03-06,2022-10-02,WORK_IN_PROGRESS,22.58503,87.82899
MPLADS-000297,Major River Overbridge at Ward-67,Major River Overbridge,Mega Infrastructure,DIST-0191,ST-05,PC-0273,CONT-0003,AGENCY-1152,2023-02-10,2023-03-23,2024-04-26,COMPLETED,24.49826,77.94852
MPLADS-000298,District Sports Complex at Ward-54,District Sports Complex,Mega Infrastructure,DIST-0405,ST-10,PC-0589,CONT-0202,AGENCY-0459,2023-09-01,2023-10-15,2024-11-18,COMPLETED,16.80646,81.64744
MPLADS-000299,Piped Water Network at Ward-53,Piped Water Network,Drinking Water,DIST-0317,ST-08,PC-0465,CONT-0298,AGENCY-1060,2022-07-03,2022-07-28,2022-10-26,WORK_IN_PROGRESS,17.04775,75.86968
MPLADS-000300,Farm Pond Renovation at Ward-83,Farm Pond Renovation,Irrigation & Agriculture,DIST-0246,ST-06,PC-0357,CONT-0235,AGENCY-0772,2023-05-24,2023-06-19,2023-11-26,COMPLETED,13.1358,80.01869
MPLADS-000301,Community Tank at Ward-48,Community Tank,Drinking Water,DIST-0272,ST-07,PC-0397,CONT-0156,AGENCY-1105,2022-06-05,2022-07-28,2022-10-26,COMPLETED,29.67639,74.55557
MPLADS-000302,Ayurvedic Dispensary at Ward-77,Ayurvedic Dispensary,Public Health,DIST-0230,ST-06,PC-0335,CONT-0284,AGENCY-0934,2022-06-29,2022-08-11,2023-03-09,WORK_IN_PROGRESS,8.27152,80.23571
MPLADS-000303,Farm Pond Renovation at Ward-64,Farm Pond Renovation,Irrigation & Agriculture,DIST-0332,ST-08,PC-0484,CONT-0101,AGENCY-0472,2023-02-10,2023-03-06,2023-08-13,COMPLETED,18.04294,76.25163
MPLADS-000304,District Sports Complex at Ward-23,District Sports Complex,Mega Infrastructure,DIST-0151,ST-04,PC-0214,CONT-0019,AGENCY-0674,2022-07-14,2022-08-02,2023-09-06,WORK_IN_PROGRESS,24.84014,87.20153
MPLADS-000305,Yatri Shed at Ward-22,Yatri Shed,Community Infrastructure,DIST-0161,ST-04,PC-0227,CONT-0314,AGENCY-0102,2023-01-11,2023-02-16,2023-06-16,WORK_IN_PROGRESS,21.66442,86.15159
MPLADS-000306,Multi-Village Hospital Block at Ward-19,Multi-Village Hospital Block,Mega Infrastructure,DIST-0593,ST-17,PC-0873,CONT-0101,AGENCY-0103,2023-01-16,2023-03-07,2024-04-10,COMPLETED,18.37983,82.68476
MPLADS-000307,Community Tank at Ward-49,Community Tank,Drinking Water,DIST-0472,ST-13,PC-0688,CONT-0097,AGENCY-0093,2023-06-04,2023-06-28,2023-09-26,COMPLETED,8.11278,76.75324
MPLADS-000308,Public Toilet Complex at Ward-98,Public Toilet Complex,Community Infrastructure,DIST-0444,ST-12,PC-0647,CONT-0160,AGENCY-1007,2022-01-11,2022-03-02,2022-06-30,WORK_IN_PROGRESS,18.09872,77.44663
MPLADS-000309,CC Road Construction at Ward-84,CC Road Construction,Roads & Bridges,DIST-0140,ST-03,PC-0200,CONT-0130,AGENCY-1193,2022-07-31,2022-09-26,2023-03-25,WORK_IN_PROGRESS,27.3419,83.56831
MPLADS-000310,District Sports Complex at Ward-50,District Sports Complex,Mega Infrastructure,DIST-0139,ST-03,PC-0199,CONT-0031,AGENCY-0486,2022-10-28,2022-11-25,2023-12-30,WORK_IN_PROGRESS,27.05033,84.53811
MPLADS-000311,School Boundary Wall at Ward-02,School Boundary Wall,Education Infrastructure,DIST-0566,ST-17,PC-0832,CONT-0007,AGENCY-1035,2023-11-09,2024-01-04,2024-06-02,WORK_IN_PROGRESS,20.26855,80.25936
MPLADS-000312,District Sports Complex at Ward-17,District Sports Complex,Mega Infrastructure,DIST-0279,ST-07,PC-0408,CONT-0163,AGENCY-0293,2023-11-16,2023-12-31,2025-02-03,WORK_IN_PROGRESS,26.66326,69.82292
MPLADS-000313,Library Room at Ward-08,Library Room,Education Infrastructure,DIST-0100,ST-02,PC-0143,CONT-0109,AGENCY-0044,2023-07-02,2023-08-16,2024-01-13,WORK_IN_PROGRESS,17.07407,73.21867
MPLADS-000314,Deep Tube Well at Ward-80,Deep Tube Well,Drinking Water,DIST-0288,ST-07,PC-0423,CONT-0058,AGENCY-1168,2023-07-03,2023-07-19,2023-10-17,DELAYED,28.88816,70.21131
MPLADS-000315,Bituminous Road at Ward-55,Bituminous Road,Roads & Bridges,DIST-0304,ST-07,PC-0447,CONT-0082,AGENCY-0656,2023-11-05,2023-12-03,2024-05-31,WORK_IN_PROGRESS,28.58094,70.6516
MPLADS-000316,Solar Street Lighting at Ward-17,Solar Street Lighting,Renewable Energy,DIST-0165,ST-04,PC-0234,CONT-0218,AGENCY-0268,2022-02-23,2022-03-22,2022-05-21,WORK_IN_PROGRESS,26.59996,86.21383
MPLADS-000317,Check Dam at Ward-41,Check Dam,Irrigation & Agriculture,DIST-0206,ST-05,PC-0298,CONT-0302,AGENCY-0670,2022-09-24,2022-11-14,2023-04-23,COMPLETED,21.82474,82.06424
MPLADS-000318,Bituminous Road at Ward-48,Bituminous Road,Roads & Bridges,DIST-0606,ST-18,PC-0893,CONT-0300,AGENCY-0384,2022-07-07,2022-08-16,2023-02-12,WORK_IN_PROGRESS,30.125,77.4199
MPLADS-000319,Culvert Bridge at Ward-21,Culvert Bridge,Roads & Bridges,DIST-0169,ST-04,PC-0240,CONT-0314,AGENCY-0515,2023-07-06,2023-08-01,2024-01-28,WORK_IN_PROGRESS,25.62648,87.31489
MPLADS-000320,Paver Block Road at Ward-01,Paver Block Road,Roads & Bridges,DIST-0030,ST-01,PC-0043,CONT-0216,AGENCY-0743,2022-08-30,2022-10-20,2023-04-18,WORK_IN_PROGRESS,29.33614,79.40351
MPLADS-000321,Bituminous Road at Ward-26,Bituminous Road,Roads & Bridges,DIST-0393,ST-10,PC-0568,CONT-0060,AGENCY-0379,2022-03-31,2022-05-16,2022-11-12,WORK_IN_PROGRESS,16.49893,77.81616
MPLADS-000322,Solar High-Mast Light at Ward-32,Solar High-Mast Light,Renewable Energy,DIST-0028,ST-01,PC-0040,CONT-0131,AGENCY-0572,2023-06-28,2023-07-20,2023-09-18,WORK_IN_PROGRESS,27.87823,83.52448
MPLADS-000323,Ambulance Vehicle at Ward-80,Ambulance Vehicle,Public Health,DIST-0028,ST-01,PC-0040,CONT-0136,AGENCY-0736,2023-01-02,2023-01-23,2023-08-21,WORK_IN_PROGRESS,28.01341,83.49609
MPLADS-000324,Community Tank at Ward-03,Community Tank,Drinking Water,DIST-0209,ST-05,PC-0303,CONT-0157,AGENCY-0838,2023-05-07,2023-06-11,2023-09-09,WORK_IN_PROGRESS,23.87044,81.15129
MPLADS-000325,Yatri Shed at Ward-31,Yatri Shed,Community Infrastructure,DIST-0320,ST-08,PC-0469,CONT-0258,AGENCY-0658,2023-08-06,2023-08-24,2023-12-22,COMPLETED,18.00814,74.22755
MPLADS-000326,Solar Street Lighting at Ward-86,Solar Street Lighting,Renewable Energy,DIST-0462,ST-12,PC-0675,CONT-0136,AGENCY-0059,2022-03-13,2022-05-09,2022-07-08,WORK_IN_PROGRESS,17.08054,79.15482
MPLADS-000327,Public Toilet Complex at Ward-12,Public Toilet Complex,Community Infrastructure,DIST-0011,ST-01,PC-0016,CONT-0006,AGENCY-0243,2022-12-17,2023-01-13,2023-05-13,WORK_IN_PROGRESS,27.23831,78.16913
MPLADS-000328,RO Water Plant at Ward-71,RO Water Plant,Drinking Water,DIST-0581,ST-17,PC-0858,CONT-0196,AGENCY-1161,2022-10-09,2022-11-16,2023-02-14,WORK_IN_PROGRESS,18.11674,82.59011
MPLADS-000329,Community Hall at Ward-22,Community Hall,Community Infrastructure,DIST-0421,ST-11,PC-0614,CONT-0017,AGENCY-1235,2022-03-09,2022-04-02,2022-07-31,WORK_IN_PROGRESS,21.56411,86.19649
MPLADS-000330,Ambulance Vehicle at Ward-92,Ambulance Vehicle,Public Health,DIST-0251,ST-06,PC-0365,CONT-0204,AGENCY-0830,2023-08-14,2023-10-05,2024-05-02,WORK_IN_PROGRESS,9.42215,78.78949
MPLADS-000331,Bituminous Road at Ward-44,Bituminous Road,Roads & Bridges,DIST-0484,ST-14,PC-0707,CONT-0036,AGENCY-0601,2023-08-21,2023-09-17,2024-03-15,WORK_IN_PROGRESS,22.46717,83.95671
MPLADS-000332,Crematorium Shed at Ward-92,Crematorium Shed,Community Infrastructure,DIST-0018,ST-01,PC-0027,CONT-0230,AGENCY-0891,2022-06-04,2022-06-24,2022-10-22,WORK_IN_PROGRESS,27.55627,77.82438
MPLADS-000333,Check Dam at Ward-15,Check Dam,Irrigation & Agriculture,DIST-0501,ST-14,PC-0730,CONT-0093,AGENCY-0650,2023-09-19,2023-10-17,2024-03-25,WORK_IN_PROGRESS,23.84606,86.87966
MPLADS-000334,Community Tank at Ward-69,Community Tank,Drinking Water,DIST-0442,ST-12,PC-0644,CONT-0046,AGENCY-0146,2023-07-02,2023-08-15,2023-11-13,COMPLETED,16.09681,80.08332
MPLADS-000335,Crematorium Shed at Ward-39,Crematorium Shed,Community Infrastructure,DIST-0509,ST-15,PC-0742,CONT-0123,AGENCY-0883,2022-01-24,2022-03-23,2022-07-21,COMPLETED,25.08117,94.7294
MPLADS-000336,Yatri Shed at Ward-29,Yatri Shed,Community Infrastructure,DIST-0042,ST-01,PC-0062,CONT-0203,AGENCY-0338,2022-01-22,2022-02-06,2022-06-06,WORK_IN_PROGRESS,25.8079,79.75797
MPLADS-000337,CC Road Construction at Ward-91,CC Road Construction,Roads & Bridges,DIST-0446,ST-12,PC-0649,CONT-0078,AGENCY-0877,2023-05-23,2023-07-10,2024-01-06,WORK_IN_PROGRESS,15.90895,79.01311
MPLADS-000338,Solar Street Lighting at Ward-16,Solar Street Lighting,Renewable Energy,DIST-0492,ST-14,PC-0718,CONT-0006,AGENCY-1052,2023-05-17,2023-07-08,2023-09-06,WORK_IN_PROGRESS,23.22049,83.72569
MPLADS-000339,Library Room at Ward-59,Library Room,Education Infrastructure,DIST-0614,ST-18,PC-0903,CONT-0201,AGENCY-1093,2022-07-07,2022-08-05,2023-01-02,WORK_IN_PROGRESS,27.88727,77.46711
MPLADS-000340,District Sports Complex at Ward-60,District Sports Complex,Mega Infrastructure,DIST-0564,ST-16,PC-0829,CONT-0129,AGENCY-0415,2022-06-23,2022-07-18,2023-08-22,WORK_IN_PROGRESS,32.23809,75.26501
MPLADS-000341,Paver Block Road at Ward-43,Paver Block Road,Roads & Bridges,DIST-0501,ST-14,PC-0730,CONT-0075,AGENCY-0599,2022-02-13,2022-03-11,2022-09-07,COMPLETED,23.78417,86.92808
MPLADS-000342,Smart Classroom Lab at Ward-50,Smart Classroom Lab,Education Infrastructure,DIST-0030,ST-01,PC-0043,CONT-0253,AGENCY-0663,2023-05-16,2023-06-04,2023-11-01,COMPLETED,29.33241,79.24903
MPLADS-000343,School Boundary Wall at Ward-96,School Boundary Wall,Education Infrastructure,DIST-0326,ST-08,PC-0475,CONT-0260,AGENCY-0233,2022-05-11,2022-06-18,2022-11-15,WORK_IN_PROGRESS,16.41138,78.54608
MPLADS-000344,District Sports Complex at Ward-43,District Sports Complex,Mega Infrastructure,DIST-0457,ST-12,PC-0667,CONT-0015,AGENCY-0881,2022-04-05,2022-04-21,2023-05-26,WORK_IN_PROGRESS,17.91875,80.12306
MPLADS-000345,Piped Water Network at Ward-29,Piped Water Network,Drinking Water,DIST-0075,ST-01,PC-0108,CONT-0195,AGENCY-0450,2022-10-02,2022-10-25,2023-01-23,WORK_IN_PROGRESS,26.6086,78.0873
MPLADS-000346,Crematorium Shed at Ward-69,Crematorium Shed,Community Infrastructure,DIST-0510,ST-15,PC-0743,CONT-0022,AGENCY-0230,2022-09-07,2022-10-02,2023-01-30,WORK_IN_PROGRESS,24.66687,91.87547
MPLADS-000347,Major River Overbridge at Ward-20,Major River Overbridge,Mega Infrastructure,DIST-0412,ST-11,PC-0601,CONT-0022,AGENCY-0347,2023-08-08,2023-09-20,2024-10-24,WORK_IN_PROGRESS,20.13548,86.01336
MPLADS-000348,Solar Rooftop Panel at Ward-89,Solar Rooftop Panel,Renewable Energy,DIST-0420,ST-11,PC-0613,CONT-0075,AGENCY-1125,2022-02-28,2022-03-19,2022-05-18,WORK_IN_PROGRESS,21.4481,84.62438
MPLADS-000349,Solar High-Mast Light at Ward-25,Solar High-Mast Light,Renewable Energy,DIST-0417,ST-11,PC-0609,CONT-0207,AGENCY-0456,2023-08-11,2023-09-13,2023-11-12,WORK_IN_PROGRESS,21.43546,84.20977
MPLADS-000350,Crematorium Shed at Ward-79,Crematorium Shed,Community Infrastructure,DIST-0279,ST-07,PC-0408,CONT-0160,AGENCY-0558,2022-04-11,2022-04-27,2022-08-25,WORK_IN_PROGRESS,26.79286,69.84243
MPLADS-000351,District Sports Complex at Ward-10,District Sports Complex,Mega Infrastructure,DIST-0191,ST-05,PC-0273,CONT-0210,AGENCY-0872,2023-11-27,2023-12-22,2025-01-25,COMPLETED,24.431,77.98379
MPLADS-000352,District Sports Complex at Ward-68,District Sports Complex,Mega Infrastructure,DIST-0104,ST-02,PC-0148,CONT-0103,AGENCY-0487,2022-02-12,2022-03-30,2023-05-04,COMPLETED,21.01304,77.111
MPLADS-000353,Smart Classroom Lab at Ward-83,Smart Classroom Lab,Education Infrastructure,DIST-0209,ST-05,PC-0302,CONT-0271,AGENCY-0436,2023-10-06,2023-10-25,2024-03-23,WORK_IN_PROGRESS,23.91105,81.00191
MPLADS-000354,Ambulance Vehicle at Ward-01,Ambulance Vehicle,Public Health,DIST-0186,ST-05,PC-0263,CONT-0137,AGENCY-0021,2023-01-04,2023-02-06,2023-09-04,WORK_IN_PROGRESS,22.24296,81.21161
MPLADS-000355,Deep Tube Well at Ward-94,Deep Tube Well,Drinking Water,DIST-0090,ST-02,PC-0131,CONT-0088,AGENCY-0367,2022-01-10,2022-02-23,2022-05-24,WORK_IN_PROGRESS,16.35045,73.57067
MPLADS-000356,Paver Block Road at Ward-52,Paver Block Road,Roads & Bridges,DIST-0530,ST-15,PC-0778,CONT-0158,AGENCY-0714,2023-10-07,2023-11-22,2024-05-20,WORK_IN_PROGRESS,27.93705,89.87747
MPLADS-000357,Community Hall at Ward-23,Community Hall,Community Infrastructure,DIST-0093,ST-02,PC-0135,CONT-0305,AGENCY-0440,2022-09-24,2022-10-27,2023-02-24,WORK_IN_PROGRESS,19.16253,75.60427
MPLADS-000358,Lift Irrigation Scheme at Ward-57,Lift Irrigation Scheme,Irrigation & Agriculture,DIST-0343,ST-08,PC-0502,CONT-0279,AGENCY-0891,2022-04-26,2022-05-15,2022-10-22,COMPLETED,17.2183,77.2701
MPLADS-000359,Community Tank at Ward-40,Community Tank,Drinking Water,DIST-0102,ST-02,PC-0146,CONT-0218,AGENCY-1198,2022-10-31,2022-12-21,2023-03-21,WORK_IN_PROGRESS,20.3997,79.51824
MPLADS-000360,Culvert Bridge at Ward-90,Culvert Bridge,Roads & Bridges,DIST-0260,ST-06,PC-0379,CONT-0304,AGENCY-0517,2022-02-24,2022-03-16,2022-09-12,COMPLETED,11.14909,78.26367
MPLADS-000361,School Boundary Wall at Ward-69,School Boundary Wall,Education Infrastructure,DIST-0460,ST-12,PC-0673,CONT-0049,AGENCY-0614,2023-03-18,2023-04-27,2023-09-24,WORK_IN_PROGRESS,16.15498,79.27475
MPLADS-000362,Check Dam at Ward-14,Check Dam,Irrigation & Agriculture,DIST-0397,ST-10,PC-0576,CONT-0012,AGENCY-0133,2022-12-02,2022-12-22,2023-05-31,WORK_IN_PROGRESS,15.80628,78.83741
MPLADS-000363,Culvert Bridge at Ward-49,Culvert Bridge,Roads & Bridges,DIST-0057,ST-01,PC-0084,CONT-0109,AGENCY-0045,2023-03-12,2023-04-06,2023-10-03,WORK_IN_PROGRESS,26.08936,83.21091
MPLADS-000364,Solar Street Lighting at Ward-36,Solar Street Lighting,Renewable Energy,DIST-0490,ST-14,PC-0715,CONT-0113,AGENCY-0142,2022-03-26,2022-05-20,2022-07-19,WORK_IN_PROGRESS,24.25329,84.99348
MPLADS-000365,School Additional Classroom at Ward-40,School Additional Classroom,Education Infrastructure,DIST-0241,ST-06,PC-0351,CONT-0232,AGENCY-0063,2023-08-12,2023-09-05,2024-02-02,COMPLETED,8.47998,77.21999
MPLADS-000366,Farm Pond Renovation at Ward-67,Farm Pond Renovation,Irrigation & Agriculture,DIST-0452,ST-12,PC-0658,CONT-0313,AGENCY-0538,2022-03-19,2022-05-14,2022-10-21,DELAYED,18.23587,79.47536
MPLADS-000367,Community Hall at Ward-59,Community Hall,Community Infrastructure,DIST-0476,ST-13,PC-0695,CONT-0011,AGENCY-0958,2022-07-27,2022-09-10,2023-01-08,WORK_IN_PROGRESS,11.68153,76.96533
MPLADS-000368,Library Room at Ward-82,Library Room,Education Infrastructure,DIST-0592,ST-17,PC-0872,CONT-0219,AGENCY-0721,2022-05-30,2022-06-21,2022-11-18,WORK_IN_PROGRESS,23.51175,81.81901
MPLADS-000369,RO Water Plant at Ward-55,RO Water Plant,Drinking Water,DIST-0426,ST-11,PC-0622,CONT-0154,AGENCY-0425,2022-12-26,2023-01-16,2023-04-16,COMPLETED,21.70924,86.05787
MPLADS-000370,Public Toilet Complex at Ward-44,Public Toilet Complex,Community Infrastructure,DIST-0452,ST-12,PC-0658,CONT-0144,AGENCY-0104,2022-06-04,2022-06-23,2022-10-21,WORK_IN_PROGRESS,18.1888,79.38599
MPLADS-000371,Primary Health Sub-Centre at Ward-01,Primary Health Sub-Centre,Public Health,DIST-0164,ST-04,PC-0233,CONT-0311,AGENCY-0589,2022-01-20,2022-02-07,2022-09-05,WORK_IN_PROGRESS,24.46857,86.22438
MPLADS-000372,Check Dam at Ward-65,Check Dam,Irrigation & Agriculture,DIST-0252,ST-06,PC-0367,CONT-0001,AGENCY-0015,2023-02-27,2023-04-27,2023-10-04,COMPLETED,10.8998,80.02898
MPLADS-000373,CC Road Construction at Ward-66,CC Road Construction,Roads & Bridges,DIST-0303,ST-07,PC-0446,CONT-0140,AGENCY-0794,2023-04-06,2023-04-29,2023-10-26,WORK_IN_PROGRESS,26.79643,77.9248
MPLADS-000374,Ambulance Vehicle at Ward-82,Ambulance Vehicle,Public Health,DIST-0360,ST-09,PC-0522,CONT-0163,AGENCY-1099,2022-03-07,2022-04-28,2022-11-24,WORK_IN_PROGRESS,23.73134,72.96408
MPLADS-000375,Yatri Shed at Ward-43,Yatri Shed,Community Infrastructure,DIST-0063,ST-01,PC-0091,CONT-0189,AGENCY-0449,2023-06-24,2023-08-16,2023-12-14,COMPLETED,24.5121,78.80009
MPLADS-000376,Lift Irrigation Scheme at Ward-89,Lift Irrigation Scheme,Irrigation & Agriculture,DIST-0262,ST-06,PC-0382,CONT-0247,AGENCY-0199,2023-07-25,2023-09-05,2024-02-12,DELAYED,12.73905,79.83887
MPLADS-000377,School Additional Classroom at Ward-37,School Additional Classroom,Education Infrastructure,DIST-0351,ST-09,PC-0511,CONT-0224,AGENCY-0310,2023-01-20,2023-03-13,2023-08-10,COMPLETED,24.42711,68.33438
MPLADS-000378,Yatri Shed at Ward-47,Yatri Shed,Community Infrastructure,DIST-0454,ST-12,PC-0663,CONT-0024,AGENCY-1136,2022-09-19,2022-11-06,2023-03-06,DELAYED,17.06168,79.96739
MPLADS-000379,Solar Street Lighting at Ward-83,Solar Street Lighting,Renewable Energy,DIST-0035,ST-01,PC-0051,CONT-0229,AGENCY-0134,2022-05-08,2022-05-25,2022-07-24,WORK_IN_PROGRESS,28.17657,79.02312
MPLADS-000380,Solar High-Mast Light at Ward-67,Solar High-Mast Light,Renewable Energy,DIST-0074,ST-01,PC-0107,CONT-0141,AGENCY-0819,2023-09-02,2023-10-10,2023-12-09,WORK_IN_PROGRESS,29.69403,78.43538
MPLADS-000381,Paver Block Road at Ward-30,Paver Block Road,Roads & Bridges,DIST-0164,ST-04,PC-0233,CONT-0294,AGENCY-0366,2023-08-10,2023-09-08,2024-03-06,WORK_IN_PROGRESS,24.45841,86.28573
MPLADS-000382,Library Room at Ward-74,Library Room,Education Infrastructure,DIST-0248,ST-06,PC-0362,CONT-0310,AGENCY-0309,2023-04-30,2023-06-19,2023-11-16,WORK_IN_PROGRESS,9.99923,78.06629
MPLADS-000383,Smart Classroom Lab at Ward-87,Smart Classroom Lab,Education Infrastructure,DIST-0157,ST-04,PC-0222,CONT-0192,AGENCY-1056,2023-11-12,2023-12-13,2024-05-11,WORK_IN_PROGRESS,26.56399,87.81661
MPLADS-000384,Major River Overbridge at Ward-12,Major River Overbridge,Mega Infrastructure,DIST-0085,ST-02,PC-0125,CONT-0160,AGENCY-0364,2023-01-08,2023-02-06,2024-03-12,COMPLETED,16.4792,72.92422
MPLADS-000385,Piped Water Network at Ward-95,Piped Water Network,Drinking Water,DIST-0165,ST-04,PC-0234,CONT-0220,AGENCY-0384,2023-10-13,2023-12-07,2024-03-06,DELAYED,26.71236,86.28049
MPLADS-000386,Yatri Shed at Ward-98,Yatri Shed,Community Infrastructure,DIST-0568,ST-17,PC-0837,CONT-0245,AGENCY-0797,2023-02-16,2023-03-28,2023-07-26,COMPLETED,19.43195,80.14114
MPLADS-000387,Community Tank at Ward-37,Community Tank,Drinking Water,DIST-0378,ST-09,PC-0547,CONT-0240,AGENCY-0181,2023-01-07,2023-02-16,2023-05-17,WORK_IN_PROGRESS,23.97178,74.037
MPLADS-000388,CC Road Construction at Ward-11,CC Road Construction,Roads & Bridges,DIST-0606,ST-18,PC-0892,CONT-0160,AGENCY-0683,2023-01-02,2023-01-19,2023-07-18,WORK_IN_PROGRESS,30.10208,77.35045
MPLADS-000389,Ambulance Vehicle at Ward-14,Ambulance Vehicle,Public Health,DIST-0030,ST-01,PC-0042,CONT-0114,AGENCY-0721,2023-06-08,2023-07-20,2024-02-15,COMPLETED,29.38897,79.28546
MPLADS-000390,Multi-Village Hospital Block at Ward-73,Multi-Village Hospital Block,Mega Infrastructure,DIST-0386,ST-10,PC-0559,CONT-0228,AGENCY-0786,2023-08-12,2023-08-29,2024-10-02,WORK_IN_PROGRESS,12.44387,76.76942
MPLADS-000391,Bituminous Road at Ward-13,Bituminous Road,Roads & Bridges,DIST-0352,ST-09,PC-0512,CONT-0211,AGENCY-0484,2023-02-05,2023-03-01,2023-08-28,WORK_IN_PROGRESS,22.71726,70.27265
MPLADS-000392,Yatri Shed at Ward-10,Yatri Shed,Community Infrastructure,DIST-0340,ST-08,PC-0497,CONT-0005,AGENCY-1180,2023-08-25,2023-09-28,2024-01-26,WORK_IN_PROGRESS,18.24916,75.99807
MPLADS-000393,Piped Water Network at Ward-40,Piped Water Network,Drinking Water,DIST-0139,ST-03,PC-0199,CONT-0174,AGENCY-0176,2023-02-10,2023-03-26,2023-06-24,COMPLETED,27.04491,84.54384
MPLADS-000394,RO Water Plant at Ward-80,RO Water Plant,Drinking Water,DIST-0528,ST-15,PC-0775,CONT-0190,AGENCY-0308,2022-02-02,2022-03-12,2022-06-10,COMPLETED,26.61908,90.91936
MPLADS-000395,Major River Overbridge at Ward-69,Major River Overbridge,Mega Infrastructure,DIST-0607,ST-18,PC-0894,CONT-0239,AGENCY-0386,2022-04-20,2022-05-14,2023-06-18,DELAYED,30.11716,74.96913
MPLADS-000396,Solar Rooftop Panel at Ward-60,Solar Rooftop Panel,Renewable Energy,DIST-0403,ST-10,PC-0585,CONT-0222,AGENCY-0307,2023-06-18,2023-07-22,2023-09-20,COMPLETED,13.87264,78.34273
MPLADS-000397,Community Tank at Ward-64,Community Tank,Drinking Water,DIST-0082,ST-02,PC-0121,CONT-0233,AGENCY-0409,2022-10-13,2022-11-08,2023-02-06,WORK_IN_PROGRESS,20.0416,74.1394
MPLADS-000398,Maternity Ward Facility at Ward-62,Maternity Ward Facility,Public Health,DIST-0401,ST-10,PC-0581,CONT-0140,AGENCY-0586,2023-07-04,2023-07-27,2024-02-22,WORK_IN_PROGRESS,14.48122,82.85253
MPLADS-000399,School Additional Classroom at Ward-67,School Additional Classroom,Education Infrastructure,DIST-0027,ST-01,PC-0039,CONT-0252,AGENCY-0969,2022-06-10,2022-07-21,2022-12-18,WORK_IN_PROGRESS,29.29131,80.56589
MPLADS-000400,Community Tank at Ward-62,Community Tank,Drinking Water,DIST-0181,ST-05,PC-0255,CONT-0159,AGENCY-1178,2022-11-10,2022-12-29,2023-03-29,COMPLETED,22.44808,80.58104
MPLADS-000401,Farm Pond Renovation at Ward-73,Farm Pond Renovation,Irrigation & Agriculture,DIST-0104,ST-02,PC-0148,CONT-0013,AGENCY-1219,2023-09-18,2023-11-05,2024-04-13,WORK_IN_PROGRESS,21.03013,77.15973
MPLADS-000402,Culvert Bridge at Ward-57,Culvert Bridge,Roads & Bridges,DIST-0260,ST-06,PC-0379,CONT-0008,AGENCY-0111,2022-02-25,2022-04-19,2022-10-16,WORK_IN_PROGRESS,11.2068,78.18957
MPLADS-000403,Check Dam at Ward-62,Check Dam,Irrigation & Agriculture,DIST-0381,ST-10,PC-0551,CONT-0278,AGENCY-0790,2023-07-17,2023-08-16,2024-01-23,WORK_IN_PROGRESS,14.11002,80.60487
MPLADS-000404,Library Room at Ward-65,Library Room,Education Infrastructure,DIST-0503,ST-14,PC-0733,CONT-0293,AGENCY-0687,2023-10-29,2023-11-15,2024-04-13,COMPLETED,22.72223,86.54004
MPLADS-000405,School Additional Classroom at Ward-79,School Additional Classroom,Education Infrastructure,DIST-0533,ST-15,PC-0782,CONT-0110,AGENCY-0944,2023-02-05,2023-03-20,2023-08-17,WORK_IN_PROGRESS,26.28217,95.79437
MPLADS-000406,Public Toilet Complex at Ward-26,Public Toilet Complex,Community Infrastructure,DIST-0052,ST-01,PC-0076,CONT-0078,AGENCY-1174,2022-04-16,2022-06-14,2022-10-12,WORK_IN_PROGRESS,25.01196,84.12852
MPLADS-000407,Primary Health Sub-Centre at Ward-30,Primary Health Sub-Centre,Public Health,DIST-0010,ST-01,PC-0013,CONT-0267,AGENCY-1010,2022-03-13,2022-04-17,2022-11-13,COMPLETED,28.29944,80.09223
MPLADS-000408,School Boundary Wall at Ward-43,School Boundary Wall,Education Infrastructure,DIST-0260,ST-06,PC-0379,CONT-0024,AGENCY-0818,2022-06-10,2022-07-08,2022-12-05,WORK_IN_PROGRESS,11.23418,78.29855
MPLADS-000409,Yatri Shed at Ward-77,Yatri Shed,Community Infrastructure,DIST-0539,ST-15,PC-0791,CONT-0046,AGENCY-0844,2023-10-18,2023-12-01,2024-03-30,WORK_IN_PROGRESS,24.04248,90.22889
MPLADS-000410,District Sports Complex at Ward-82,District Sports Complex,Mega Infrastructure,DIST-0410,ST-11,PC-0597,CONT-0177,AGENCY-1088,2023-03-30,2023-05-25,2024-06-28,WORK_IN_PROGRESS,21.40589,86.79437
MPLADS-000411,Community Hall at Ward-33,Community Hall,Community Infrastructure,DIST-0534,ST-15,PC-0783,CONT-0109,AGENCY-1173,2022-10-21,2022-11-20,2023-03-20,COMPLETED,25.04815,95.78449
MPLADS-000412,School Additional Classroom at Ward-44,School Additional Classroom,Education Infrastructure,DIST-0300,ST-07,PC-0440,CONT-0258,AGENCY-0422,2023-06-25,2023-07-16,2023-12-13,WORK_IN_PROGRESS,25.19432,73.91505
MPLADS-000413,Major River Overbridge at Ward-35,Major River Overbridge,Mega Infrastructure,DIST-0485,ST-14,PC-0708,CONT-0044,AGENCY-0359,2022-04-03,2022-04-20,2023-05-25,WORK_IN_PROGRESS,23.8339,86.83166
MPLADS-000414,Major River Overbridge at Ward-56,Major River Overbridge,Mega Infrastructure,DIST-0078,ST-02,PC-0113,CONT-0273,AGENCY-0917,2022-05-20,2022-06-06,2023-07-11,WORK_IN_PROGRESS,19.26485,77.65663
MPLADS-000415,Farm Pond Renovation at Ward-77,Farm Pond Renovation,Irrigation & Agriculture,DIST-0383,ST-10,PC-0553,CONT-0003,AGENCY-0293,2022-11-25,2022-12-16,2023-05-25,COMPLETED,13.54483,80.78642
MPLADS-000416,School Boundary Wall at Ward-97,School Boundary Wall,Education Infrastructure,DIST-0537,ST-15,PC-0788,CONT-0036,AGENCY-0248,2023-06-04,2023-07-06,2023-12-03,WORK_IN_PROGRESS,26.1769,94.16056
MPLADS-000417,Community Hall at Ward-16,Community Hall,Community Infrastructure,DIST-0150,ST-04,PC-0213,CONT-0102,AGENCY-0716,2022-11-11,2022-12-11,2023-04-10,COMPLETED,22.54239,87.87436
MPLADS-000418,Lift Irrigation Scheme at Ward-70,Lift Irrigation Scheme,Irrigation & Agriculture,DIST-0610,ST-18,PC-0898,CONT-0108,AGENCY-1233,2022-10-18,2022-11-27,2023-05-06,WORK_IN_PROGRESS,31.04719,74.57619
MPLADS-000419,Piped Water Network at Ward-34,Piped Water Network,Drinking Water,DIST-0417,ST-11,PC-0609,CONT-0104,AGENCY-0464,2022-07-12,2022-08-24,2022-11-22,WORK_IN_PROGRESS,21.41518,84.06761
MPLADS-000420,CC Road Construction at Ward-08,CC Road Construction,Roads & Bridges,DIST-0438,ST-12,PC-0639,CONT-0192,AGENCY-1157,2022-07-22,2022-08-20,2023-02-16,WORK_IN_PROGRESS,17.70457,80.70831
MPLADS-000421,Farm Pond Renovation at Ward-68,Farm Pond Renovation,Irrigation & Agriculture,DIST-0186,ST-05,PC-0262,CONT-0139,AGENCY-0553,2022-02-11,2022-03-08,2022-08-15,WORK_IN_PROGRESS,22.22185,81.16171
MPLADS-000422,Culvert Bridge at Ward-57,Culvert Bridge,Roads & Bridges,DIST-0124,ST-03,PC-0180,CONT-0291,AGENCY-0203,2022-12-21,2023-02-03,2023-08-02,WORK_IN_PROGRESS,25.07472,83.7628
MPLADS-000423,Primary Health Sub-Centre at Ward-62,Primary Health Sub-Centre,Public Health,DIST-0193,ST-05,PC-0276,CONT-0300,AGENCY-0677,2022-08-01,2022-09-15,2023-04-13,WORK_IN_PROGRESS,24.86235,78.808
MPLADS-000424,Ambulance Vehicle at Ward-21,Ambulance Vehicle,Public Health,DIST-0385,ST-10,PC-0556,CONT-0092,AGENCY-0613,2022-04-24,2022-06-19,2023-01-15,WORK_IN_PROGRESS,12.70405,79.40599
MPLADS-000425,School Boundary Wall at Ward-77,School Boundary Wall,Education Infrastructure,DIST-0575,ST-17,PC-0847,CONT-0226,AGENCY-0390,2022-12-18,2023-01-22,2023-06-21,WORK_IN_PROGRESS,21.6477,83.28351
MPLADS-000426,Culvert Bridge at Ward-93,Culvert Bridge,Roads & Bridges,DIST-0442,ST-12,PC-0644,CONT-0079,AGENCY-1011,2023-08-16,2023-09-14,2024-03-12,WORK_IN_PROGRESS,16.08515,80.20046
MPLADS-000427,Check Dam at Ward-30,Check Dam,Irrigation & Agriculture,DIST-0607,ST-18,PC-0894,CONT-0146,AGENCY-0926,2023-07-16,2023-08-20,2024-01-27,WORK_IN_PROGRESS,30.15402,75.04232
MPLADS-000428,CC Road Construction at Ward-59,CC Road Construction,Roads & Bridges,DIST-0195,ST-05,PC-0279,CONT-0307,AGENCY-0791,2023-03-18,2023-04-10,2023-10-07,DELAYED,22.30787,75.98316
MPLADS-000429,Ambulance Vehicle at Ward-49,Ambulance Vehicle,Public Health,DIST-0231,ST-06,PC-0336,CONT-0089,AGENCY-1091,2023-06-13,2023-07-18,2024-02-13,WORK_IN_PROGRESS,13.30186,77.19686
MPLADS-000430,School Boundary Wall at Ward-54,School Boundary Wall,Education Infrastructure,DIST-0477,ST-13,PC-0697,CONT-0181,AGENCY-1038,2023-02-03,2023-02-19,2023-07-19,WORK_IN_PROGRESS,9.76892,77.07332
MPLADS-000431,Crematorium Shed at Ward-27,Crematorium Shed,Community Infrastructure,DIST-0389,ST-10,PC-0562,CONT-0047,AGENCY-0013,2022-11-30,2022-12-22,2023-04-21,COMPLETED,18.52087,80.9472
MPLADS-000432,School Boundary Wall at Ward-35,School Boundary Wall,Education Infrastructure,DIST-0533,ST-15,PC-0782,CONT-0128,AGENCY-1025,2023-09-25,2023-11-16,2024-04-14,WORK_IN_PROGRESS,26.29006,95.81736
MPLADS-000433,RO Water Plant at Ward-39,RO Water Plant,Drinking Water,DIST-0372,ST-09,PC-0539,CONT-0077,AGENCY-0316,2023-01-15,2023-02-17,2023-05-18,DELAYED,23.80135,71.36686
MPLADS-000434,Multi-Village Hospital Block at Ward-72,Multi-Village Hospital Block,Mega Infrastructure,DIST-0055,ST-01,PC-0082,CONT-0028,AGENCY-0868,2023-07-15,2023-08-07,2024-09-10,COMPLETED,27.73009,82.23113
MPLADS-000435,CC Road Construction at Ward-58,CC Road Construction,Roads & Bridges,DIST-0098,ST-02,PC-0141,CONT-0105,AGENCY-0231,2022-06-16,2022-07-17,2023-01-13,WORK_IN_PROGRESS,20.24491,79.59676
MPLADS-000436,Lift Irrigation Scheme at Ward-50,Lift Irrigation Scheme,Irrigation & Agriculture,DIST-0460,ST-12,PC-0672,CONT-0075,AGENCY-0333,2023-06-21,2023-08-19,2024-01-26,COMPLETED,16.14517,79.3562
MPLADS-000437,Solar High-Mast Light at Ward-84,Solar High-Mast Light,Renewable Energy,DIST-0107,ST-02,PC-0152,CONT-0126,AGENCY-0633,2023-08-18,2023-09-30,2023-11-29,WORK_IN_PROGRESS,16.54935,80.0802
MPLADS-000438,Public Toilet Complex at Ward-55,Public Toilet Complex,Community Infrastructure,DIST-0531,ST-15,PC-0780,CONT-0259,AGENCY-0607,2023-09-03,2023-10-26,2024-02-23,WORK_IN_PROGRESS,26.70767,93.22461
MPLADS-000439,Deep Tube Well at Ward-14,Deep Tube Well,Drinking Water,DIST-0337,ST-08,PC-0492,CONT-0206,AGENCY-0942,2022-03-23,2022-05-10,2022-08-08,WORK_IN_PROGRESS,13.74939,74.99892
MPLADS-000440,Piped Water Network at Ward-62,Piped Water Network,Drinking Water,DIST-0467,ST-12,PC-0683,CONT-0266,AGENCY-0442,2022-11-27,2023-01-23,2023-04-23,WORK_IN_PROGRESS,16.01886,77.38539
MPLADS-000441,School Additional Classroom at Ward-75,School Additional Classroom,Education Infrastructure,DIST-0336,ST-08,PC-0491,CONT-0146,AGENCY-1228,2022-12-13,2023-01-24,2023-06-23,WORK_IN_PROGRESS,13.50574,78.05304
MPLADS-000442,Check Dam at Ward-04,Check Dam,Irrigation & Agriculture,DIST-0186,ST-05,PC-0263,CONT-0207,AGENCY-0053,2023-10-04,2023-11-30,2024-05-08,WORK_IN_PROGRESS,22.24494,81.21774
MPLADS-000443,Public Toilet Complex at Ward-95,Public Toilet Complex,Community Infrastructure,DIST-0383,ST-10,PC-0553,CONT-0319,AGENCY-0309,2022-12-31,2023-01-18,2023-05-18,WORK_IN_PROGRESS,13.48384,80.80876
MPLADS-000444,Ambulance Vehicle at Ward-97,Ambulance Vehicle,Public Health,DIST-0073,ST-01,PC-0106,CONT-0164,AGENCY-0418,2022-03-25,2022-04-11,2022-11-07,COMPLETED,28.36302,78.8613
MPLADS-000445,Yatri Shed at Ward-71,Yatri Shed,Community Infrastructure,DIST-0065,ST-01,PC-0094,CONT-0305,AGENCY-0649,2022-02-20,2022-03-23,2022-07-21,COMPLETED,29.48272,79.57795
MPLADS-000446,Solar Rooftop Panel at Ward-45,Solar Rooftop Panel,Renewable Energy,DIST-0003,ST-01,PC-0005,CONT-0301,AGENCY-0853,2023-08-09,2023-09-02,2023-11-01,WORK_IN_PROGRESS,28.07755,82.71927
MPLADS-000447,Solar High-Mast Light at Ward-33,Solar High-Mast Light,Renewable Energy,DIST-0604,ST-18,PC-0889,CONT-0306,AGENCY-0642,2023-04-18,2023-06-02,2023-08-01,WORK_IN_PROGRESS,29.76668,77.28011
MPLADS-000448,Maternity Ward Facility at Ward-66,Maternity Ward Facility,Public Health,DIST-0071,ST-01,PC-0103,CONT-0066,AGENCY-0708,2023-08-26,2023-10-01,2024-04-28,WORK_IN_PROGRESS,24.33218,77.80605
MPLADS-000449,Ambulance Vehicle at Ward-07,Ambulance Vehicle,Public Health,DIST-0363,ST-09,PC-0526,CONT-0253,AGENCY-0242,2022-02-19,2022-03-25,2022-10-21,WORK_IN_PROGRESS,23.59241,73.75059
MPLADS-000450,Culvert Bridge at Ward-92,Culvert Bridge,Roads & Bridges,DIST-0545,ST-16,PC-0799,CONT-0274,AGENCY-0295,2022-06-18,2022-07-18,2023-01-14,WORK_IN_PROGRESS,30.12335,74.48237
MPLADS-000451,Library Room at Ward-41,Library Room,Education Infrastructure,DIST-0167,ST-04,PC-0237,CONT-0219,AGENCY-0894,2023-02-27,2023-04-03,2023-08-31,COMPLETED,26.36935,87.38017
MPLADS-000452,Major River Overbridge at Ward-60,Major River Overbridge,Mega Infrastructure,DIST-0453,ST-12,PC-0661,CONT-0287,AGENCY-0178,2023-05-22,2023-06-12,2024-07-16,WORK_IN_PROGRESS,19.43109,80.24256
MPLADS-000453,CC Road Construction at Ward-66,CC Road Construction,Roads & Bridges,DIST-0403,ST-10,PC-0586,CONT-0167,AGENCY-1018,2022-04-12,2022-04-28,2022-10-25,WORK_IN_PROGRESS,13.72003,78.26242
MPLADS-000454,Ayurvedic Dispensary at Ward-98,Ayurvedic Dispensary,Public Health,DIST-0486,ST-14,PC-0709,CONT-0152,AGENCY-0403,2023-03-15,2023-04-05,2023-11-01,DELAYED,23.17618,85.45397
MPLADS-000455,Solar Rooftop Panel at Ward-96,Solar Rooftop Panel,Renewable Energy,DIST-0617,ST-18,PC-0908,CONT-0127,AGENCY-0502,2023-07-12,2023-08-11,2023-10-10,WORK_IN_PROGRESS,29.39006,76.23417
MPLADS-000456,Check Dam at Ward-35,Check Dam,Irrigation & Agriculture,DIST-0164,ST-04,PC-0232,CONT-0272,AGENCY-1212,2022-07-09,2022-08-07,2023-01-14,WORK_IN_PROGRESS,24.53787,86.21011
MPLADS-000457,Culvert Bridge at Ward-35,Culvert Bridge,Roads & Bridges,DIST-0521,ST-15,PC-0762,CONT-0101,AGENCY-0849,2022-02-04,2022-03-07,2022-09-03,COMPLETED,25.1545,93.83174
MPLADS-000458,Major River Overbridge at Ward-93,Major River Overbridge,Mega Infrastructure,DIST-0038,ST-01,PC-0056,CONT-0047,AGENCY-0703,2022-10-13,2022-10-29,2023-12-03,WORK_IN_PROGRESS,27.91444,77.64193
MPLADS-000459,Community Tank at Ward-58,Community Tank,Drinking Water,DIST-0472,ST-13,PC-0688,CONT-0160,AGENCY-1202,2022-07-09,2022-08-18,2022-11-16,WORK_IN_PROGRESS,8.07514,76.89857
MPLADS-000460,Deep Tube Well at Ward-24,Deep Tube Well,Drinking Water,DIST-0248,ST-06,PC-0361,CONT-0276,AGENCY-0861,2023-08-15,2023-10-04,2024-01-02,COMPLETED,9.8821,78.02233
MPLADS-000461,Paver Block Road at Ward-42,Paver Block Road,Roads & Bridges,DIST-0311,ST-07,PC-0457,CONT-0108,AGENCY-0946,2022-10-27,2022-11-12,2023-05-11,COMPLETED,29.58401,72.84207
MPLADS-000462,Maternity Ward Facility at Ward-66,Maternity Ward Facility,Public Health,DIST-0417,ST-11,PC-0609,CONT-0258,AGENCY-0289,2022-07-31,2022-08-30,2023-03-28,WORK_IN_PROGRESS,21.41657,84.14383
MPLADS-000463,Farm Pond Renovation at Ward-06,Farm Pond Renovation,Irrigation & Agriculture,DIST-0300,ST-07,PC-0439,CONT-0109,AGENCY-0938,2023-04-24,2023-06-09,2023-11-16,WORK_IN_PROGRESS,25.10083,73.91061
MPLADS-000464,Paver Block Road at Ward-58,Paver Block Road,Roads & Bridges,DIST-0383,ST-10,PC-0553,CONT-0307,AGENCY-0974,2022-04-13,2022-06-10,2022-12-07,WORK_IN_PROGRESS,13.54283,80.71359
MPLADS-000465,Major River Overbridge at Ward-97,Major River Overbridge,Mega Infrastructure,DIST-0451,ST-12,PC-0657,CONT-0231,AGENCY-0321,2023-08-01,2023-09-14,2024-10-18,COMPLETED,16.0858,81.20802
MPLADS-000466,Deep Tube Well at Ward-22,Deep Tube Well,Drinking Water,DIST-0252,ST-06,PC-0367,CONT-0037,AGENCY-0905,2023-08-05,2023-09-19,2023-12-18,COMPLETED,10.87505,80.14344
MPLADS-000467,Solar High-Mast Light at Ward-54,Solar High-Mast Light,Renewable Energy,DIST-0063,ST-01,PC-0092,CONT-0202,AGENCY-0240,2023-05-24,2023-07-10,2023-09-08,WORK_IN_PROGRESS,24.49374,78.74871
MPLADS-000468,Primary Health Sub-Centre at Ward-61,Primary Health Sub-Centre,Public Health,DIST-0465,ST-12,PC-0679,CONT-0150,AGENCY-0551,2022-11-11,2022-12-04,2023-07-02,COMPLETED,17.27039,81.37313
MPLADS-000469,District Sports Complex at Ward-08,District Sports Complex,Mega Infrastructure,DIST-0376,ST-09,PC-0544,CONT-0108,AGENCY-0547,2023-06-10,2023-07-19,2024-08-22,WORK_IN_PROGRESS,22.62178,70.09941
MPLADS-000470,CC Road Construction at Ward-07,CC Road Construction,Roads & Bridges,DIST-0332,ST-08,PC-0485,CONT-0222,AGENCY-0855,2022-02-10,2022-03-12,2022-09-08,WORK_IN_PROGRESS,18.03496,76.25635
MPLADS-000471,Primary Health Sub-Centre at Ward-70,Primary Health Sub-Centre,Public Health,DIST-0042,ST-01,PC-0062,CONT-0024,AGENCY-0312,2023-01-07,2023-02-04,2023-09-02,WORK_IN_PROGRESS,25.79267,79.74642
MPLADS-000472,District Sports Complex at Ward-21,District Sports Complex,Mega Infrastructure,DIST-0613,ST-18,PC-0902,CONT-0079,AGENCY-0807,2023-10-01,2023-11-12,2024-12-16,COMPLETED,28.83107,75.02063
MPLADS-000473,Culvert Bridge at Ward-21,Culvert Bridge,Roads & Bridges,DIST-0100,ST-02,PC-0143,CONT-0275,AGENCY-0336,2023-03-07,2023-04-30,2023-10-27,WORK_IN_PROGRESS,17.01799,73.24734
MPLADS-000474,Lift Irrigation Scheme at Ward-41,Lift Irrigation Scheme,Irrigation & Agriculture,DIST-0175,ST-05,PC-0247,CONT-0081,AGENCY-0440,2022-03-18,2022-04-06,2022-09-13,WORK_IN_PROGRESS,24.5989,81.3302
MPLADS-000475,Library Room at Ward-59,Library Room,Education Infrastructure,DIST-0552,ST-16,PC-0812,CONT-0195,AGENCY-0189,2023-11-19,2023-12-14,2024-05-12,WORK_IN_PROGRESS,32.01053,74.29983
MPLADS-000476,Public Toilet Complex at Ward-12,Public Toilet Complex,Community Infrastructure,DIST-0175,ST-05,PC-0247,CONT-0233,AGENCY-1012,2023-09-28,2023-10-13,2024-02-10,WORK_IN_PROGRESS,24.52126,81.39622
MPLADS-000477,District Sports Complex at Ward-13,District Sports Complex,Mega Infrastructure,DIST-0097,ST-02,PC-0139,CONT-0071,AGENCY-0107,2022-11-18,2023-01-01,2024-02-05,WORK_IN_PROGRESS,21.4129,79.36617
MPLADS-000478,Maternity Ward Facility at Ward-38,Maternity Ward Facility,Public Health,DIST-0303,ST-07,PC-0446,CONT-0300,AGENCY-0312,2023-10-31,2023-12-16,2024-07-13,WORK_IN_PROGRESS,26.85013,77.84403
MPLADS-000479,Community Tank at Ward-55,Community Tank,Drinking Water,DIST-0076,ST-02,PC-0109,CONT-0172,AGENCY-0736,2022-06-22,2022-07-15,2022-10-13,WORK_IN_PROGRESS,16.40154,75.4058
MPLADS-000480,District Sports Complex at Ward-22,District Sports Complex,Mega Infrastructure,DIST-0067,ST-01,PC-0096,CONT-0206,AGENCY-0569,2022-04-04,2022-05-31,2023-07-05,WORK_IN_PROGRESS,28.12085,84.40808
MPLADS-000481,Crematorium Shed at Ward-24,Crematorium Shed,Community Infrastructure,DIST-0523,ST-15,PC-0767,CONT-0080,AGENCY-0805,2023-10-07,2023-11-26,2024-03-25,COMPLETED,26.88958,95.05518
MPLADS-000482,Major River Overbridge at Ward-85,Major River Overbridge,Mega Infrastructure,DIST-0062,ST-01,PC-0090,CONT-0244,AGENCY-0102,2022-09-22,2022-10-27,2023-12-01,WORK_IN_PROGRESS,25.12213,83.75697
MPLADS-000483,Community Tank at Ward-26,Community Tank,Drinking Water,DIST-0225,ST-05,PC-0328,CONT-0261,AGENCY-0823,2022-11-28,2023-01-17,2023-04-17,WORK_IN_PROGRESS,23.33685,78.48022
MPLADS-000484,Ambulance Vehicle at Ward-53,Ambulance Vehicle,Public Health,DIST-0443,ST-12,PC-0646,CONT-0134,AGENCY-0539,2022-02-19,2022-04-07,2022-11-03,WORK_IN_PROGRESS,16.04283,81.35831
MPLADS-000485,Farm Pond Renovation at Ward-97,Farm Pond Renovation,Irrigation & Agriculture,DIST-0461,ST-12,PC-0674,CONT-0300,AGENCY-1181,2022-01-14,2022-02-27,2022-08-06,WORK_IN_PROGRESS,17.60847,77.16768
MPLADS-000486,Lift Irrigation Scheme at Ward-21,Lift Irrigation Scheme,Irrigation & Agriculture,DIST-0361,ST-09,PC-0523,CONT-0183,AGENCY-1140,2023-02-08,2023-03-13,2023-08-20,COMPLETED,22.21354,70.81013
MPLADS-000487,Yatri Shed at Ward-74,Yatri Shed,Community Infrastructure,DIST-0602,ST-18,PC-0885,CONT-0025,AGENCY-0328,2022-03-23,2022-04-07,2022-08-05,WORK_IN_PROGRESS,28.66304,75.00986
MPLADS-000488,District Sports Complex at Ward-89,District Sports Complex,Mega Infrastructure,DIST-0535,ST-15,PC-0784,CONT-0091,AGENCY-0244,2022-04-17,2022-05-28,2023-07-02,DELAYED,25.74402,90.90331
MPLADS-000489,Library Room at Ward-19,Library Room,Education Infrastructure,DIST-0003,ST-01,PC-0005,CONT-0163,AGENCY-0483,2022-03-30,2022-05-28,2022-10-25,WORK_IN_PROGRESS,28.10014,82.68824
MPLADS-000490,Yatri Shed at Ward-03,Yatri Shed,Community Infrastructure,DIST-0243,ST-06,PC-0353,CONT-0018,AGENCY-0045,2022-09-17,2022-10-15,2023-02-12,WORK_IN_PROGRESS,10.01517,78.4815
MPLADS-000491,Culvert Bridge at Ward-82,Culvert Bridge,Roads & Bridges,DIST-0318,ST-08,PC-0466,CONT-0070,AGENCY-0697,2023-10-23,2023-11-14,2024-05-12,WORK_IN_PROGRESS,14.16798,76.01941
MPLADS-000492,Lift Irrigation Scheme at Ward-82,Lift Irrigation Scheme,Irrigation & Agriculture,DIST-0482,ST-13,PC-0704,CONT-0045,AGENCY-1174,2023-02-18,2023-03-13,2023-08-20,WORK_IN_PROGRESS,10.76081,75.07163
MPLADS-000493,Check Dam at Ward-46,Check Dam,Irrigation & Agriculture,DIST-0423,ST-11,PC-0618,CONT-0028,AGENCY-0950,2022-09-21,2022-10-24,2023-04-02,WORK_IN_PROGRESS,19.13865,81.56673
MPLADS-000494,Solar High-Mast Light at Ward-11,Solar High-Mast Light,Renewable Energy,DIST-0268,ST-07,PC-0390,CONT-0118,AGENCY-0452,2022-02-17,2022-03-28,2022-05-27,WORK_IN_PROGRESS,27.13111,74.63898
MPLADS-000495,Public Toilet Complex at Ward-01,Public Toilet Complex,Community Infrastructure,DIST-0619,ST-18,PC-0913,CONT-0291,AGENCY-0617,2022-07-09,2022-08-20,2022-12-18,WORK_IN_PROGRESS,30.71751,75.56527
MPLADS-000496,Smart Classroom Lab at Ward-23,Smart Classroom Lab,Education Infrastructure,DIST-0219,ST-05,PC-0319,CONT-0160,AGENCY-0265,2023-10-18,2023-12-12,2024-05-10,WORK_IN_PROGRESS,24.30533,77.47883
MPLADS-000497,Major River Overbridge at Ward-71,Major River Overbridge,Mega Infrastructure,DIST-0462,ST-12,PC-0675,CONT-0304,AGENCY-0655,2022-08-26,2022-10-10,2023-11-14,WORK_IN_PROGRESS,16.97689,79.13958
MPLADS-000498,Paver Block Road at Ward-18,Paver Block Road,Roads & Bridges,DIST-0619,ST-18,PC-0912,CONT-0200,AGENCY-0389,2023-01-09,2023-03-02,2023-08-29,WORK_IN_PROGRESS,30.73218,75.66214
MPLADS-000499,Lift Irrigation Scheme at Ward-82,Lift Irrigation Scheme,Irrigation & Agriculture,DIST-0316,ST-08,PC-0463,CONT-0047,AGENCY-0605,2023-11-16,2024-01-05,2024-06-13,WORK_IN_PROGRESS,14.80706,77.77437
MPLADS-000500,Community Tank at Ward-98,Community Tank,Drinking Water,DIST-0569,ST-17,PC-0839,CONT-0239,AGENCY-0390,2022-11-17,2022-12-19,2023-03-19,WORK_IN_PROGRESS,18.63946,82.77019
MPLADS-000501,Major River Overbridge at Ward-30,Major River Overbridge,Mega Infrastructure,DIST-0538,ST-15,PC-0790,CONT-0190,AGENCY-0079,2023-06-09,2023-07-03,2024-08-06,WORK_IN_PROGRESS,27.63907,93.42835
MPLADS-000502,Check Dam at Ward-21,Check Dam,Irrigation & Agriculture,DIST-0186,ST-05,PC-0263,CONT-0276,AGENCY-0388,2023-04-12,2023-05-05,2023-10-12,COMPLETED,22.24331,81.21428
MPLADS-000503,Crematorium Shed at Ward-19,Crematorium Shed,Community Infrastructure,DIST-0520,ST-15,PC-0760,CONT-0211,AGENCY-1046,2022-03-22,2022-04-19,2022-08-17,WORK_IN_PROGRESS,26.24957,92.14053
MPLADS-000504,Major River Overbridge at Ward-88,Major River Overbridge,Mega Infrastructure,DIST-0615,ST-18,PC-0904,CONT-0004,AGENCY-0711,2022-07-05,2022-08-28,2023-10-02,WORK_IN_PROGRESS,29.08068,76.51697
MPLADS-000505,Public Toilet Complex at Ward-83,Public Toilet Complex,Community Infrastructure,DIST-0178,ST-05,PC-0250,CONT-0150,AGENCY-1028,2023-08-11,2023-10-02,2024-01-30,WORK_IN_PROGRESS,24.41307,81.92844
MPLADS-000506,Maternity Ward Facility at Ward-15,Maternity Ward Facility,Public Health,DIST-0560,ST-16,PC-0822,CONT-0117,AGENCY-1236,2022-04-26,2022-05-18,2022-12-14,COMPLETED,30.48336,75.54341
MPLADS-000507,Crematorium Shed at Ward-89,Crematorium Shed,Community Infrastructure,DIST-0173,ST-05,PC-0245,CONT-0177,AGENCY-0530,2022-06-22,2022-07-25,2022-11-22,WORK_IN_PROGRESS,22.26274,77.00066
MPLADS-000508,Major River Overbridge at Ward-39,Major River Overbridge,Mega Infrastructure,DIST-0049,ST-01,PC-0071,CONT-0034,AGENCY-0325,2023-05-24,2023-07-14,2024-08-17,WORK_IN_PROGRESS,28.54976,83.36362
MPLADS-000509,Farm Pond Renovation at Ward-47,Farm Pond Renovation,Irrigation & Agriculture,DIST-0312,ST-07,PC-0459,CONT-0040,AGENCY-0632,2023-05-17,2023-06-12,2023-11-19,DELAYED,25.83029,75.22144
MPLADS-000510,Check Dam at Ward-50,Check Dam,Irrigation & Agriculture,DIST-0157,ST-04,PC-0221,CONT-0078,AGENCY-0081,2023-02-25,2023-04-25,2023-10-02,WORK_IN_PROGRESS,26.48436,87.79815
MPLADS-000511,Paver Block Road at Ward-89,Paver Block Road,Roads & Bridges,DIST-0102,ST-02,PC-0146,CONT-0057,AGENCY-1002,2022-08-10,2022-08-28,2023-02-24,COMPLETED,20.41109,79.54722
MPLADS-000512,Culvert Bridge at Ward-48,Culvert Bridge,Roads & Bridges,DIST-0301,ST-07,PC-0442,CONT-0088,AGENCY-0980,2023-07-03,2023-08-31,2024-02-27,WORK_IN_PROGRESS,23.74392,72.89029
MPLADS-000513,Culvert Bridge at Ward-48,Culvert Bridge,Roads & Bridges,DIST-0553,ST-16,PC-0813,CONT-0221,AGENCY-1182,2022-01-18,2022-02-22,2022-08-21,DELAYED,29.50818,74.84848
MPLADS-000514,Yatri Shed at Ward-67,Yatri Shed,Community Infrastructure,DIST-0342,ST-08,PC-0500,CONT-0207,AGENCY-1181,2023-04-16,2023-05-06,2023-09-03,WORK_IN_PROGRESS,14.05587,75.94497
MPLADS-000515,Primary Health Sub-Centre at Ward-69,Primary Health Sub-Centre,Public Health,DIST-0168,ST-04,PC-0239,CONT-0065,AGENCY-0830,2022-01-10,2022-01-30,2022-08-28,WORK_IN_PROGRESS,24.95496,86.95418
MPLADS-000516,Public Toilet Complex at Ward-27,Public Toilet Complex,Community Infrastructure,DIST-0442,ST-12,PC-0644,CONT-0314,AGENCY-0268,2023-06-01,2023-07-07,2023-11-04,WORK_IN_PROGRESS,16.03419,80.08564
MPLADS-000517,Library Room at Ward-05,Library Room,Education Infrastructure,DIST-0608,ST-18,PC-0895,CONT-0274,AGENCY-0218,2022-12-11,2023-01-03,2023-06-02,WORK_IN_PROGRESS,27.82276,74.85799
MPLADS-000518,Solar High-Mast Light at Ward-40,Solar High-Mast Light,Renewable Energy,DIST-0034,ST-01,PC-0049,CONT-0258,AGENCY-0765,2023-08-29,2023-10-14,2023-12-13,WORK_IN_PROGRESS,29.04277,81.87315
MPLADS-000519,Solar High-Mast Light at Ward-58,Solar High-Mast Light,Renewable Energy,DIST-0116,ST-03,PC-0168,CONT-0132,AGENCY-0660,2023-02-22,2023-04-06,2023-06-05,WORK_IN_PROGRESS,25.52114,84.97974
MPLADS-000520,Maternity Ward Facility at Ward-42,Maternity Ward Facility,Public Health,DIST-0548,ST-16,PC-0804,CONT-0260,AGENCY-0798,2023-10-26,2023-12-03,2024-06-30,WORK_IN_PROGRESS,32.27504,74.99969
MPLADS-000521,Solar Rooftop Panel at Ward-62,Solar Rooftop Panel,Renewable Energy,DIST-0544,ST-16,PC-0798,CONT-0153,AGENCY-0677,2023-07-17,2023-08-24,2023-10-23,COMPLETED,31.27108,74.7553
MPLADS-000522,Bituminous Road at Ward-09,Bituminous Road,Roads & Bridges,DIST-0490,ST-14,PC-0715,CONT-0145,AGENCY-0029,2022-08-27,2022-10-04,2023-04-02,WORK_IN_PROGRESS,24.30299,84.92742
MPLADS-000523,Yatri Shed at Ward-29,Yatri Shed,Community Infrastructure,DIST-0041,ST-01,PC-0060,CONT-0304,AGENCY-0144,2022-10-19,2022-12-10,2023-04-09,WORK_IN_PROGRESS,24.82521,77.95785
MPLADS-000524,Culvert Bridge at Ward-72,Culvert Bridge,Roads & Bridges,DIST-0536,ST-15,PC-0786,CONT-0161,AGENCY-0560,2022-09-19,2022-10-15,2023-04-13,WORK_IN_PROGRESS,26.04964,93.95244
MPLADS-000525,Major River Overbridge at Ward-44,Major River Overbridge,Mega Infrastructure,DIST-0484,ST-14,PC-0707,CONT-0306,AGENCY-1023,2022-11-29,2022-12-25,2024-01-29,WORK_IN_PROGRESS,22.4867,84.01431
MPLADS-000526,Smart Classroom Lab at Ward-91,Smart Classroom Lab,Education Infrastructure,DIST-0052,ST-01,PC-0077,CONT-0279,AGENCY-0324,2022-12-25,2023-02-17,2023-07-17,WORK_IN_PROGRESS,24.88432,84.12735
MPLADS-000527,Multi-Village Hospital Block at Ward-52,Multi-Village Hospital Block,Mega Infrastructure,DIST-0026,ST-01,PC-0038,CONT-0132,AGENCY-0761,2023-06-09,2023-07-14,2024-08-17,WORK_IN_PROGRESS,27.63274,81.68918
MPLADS-000528,Crematorium Shed at Ward-16,Crematorium Shed,Community Infrastructure,DIST-0465,ST-12,PC-0679,CONT-0108,AGENCY-0245,2023-05-03,2023-06-06,2023-10-04,WORK_IN_PROGRESS,17.34451,81.27363
MPLADS-000529,Maternity Ward Facility at Ward-20,Maternity Ward Facility,Public Health,DIST-0256,ST-06,PC-0374,CONT-0237,AGENCY-0279,2022-08-24,2022-10-14,2023-05-12,WORK_IN_PROGRESS,11.42676,77.37623
MPLADS-000530,Culvert Bridge at Ward-49,Culvert Bridge,Roads & Bridges,DIST-0560,ST-16,PC-0823,CONT-0286,AGENCY-0450,2023-10-14,2023-11-30,2024-05-28,COMPLETED,30.51744,75.50427
MPLADS-000531,Farm Pond Renovation at Ward-15,Farm Pond Renovation,Irrigation & Agriculture,DIST-0426,ST-11,PC-0622,CONT-0113,AGENCY-0620,2022-03-22,2022-04-18,2022-09-25,COMPLETED,21.68016,86.11748
MPLADS-000532,Check Dam at Ward-75,Check Dam,Irrigation & Agriculture,DIST-0610,ST-18,PC-0898,CONT-0297,AGENCY-0540,2023-04-23,2023-06-17,2023-11-24,WORK_IN_PROGRESS,31.05907,74.60268
MPLADS-000533,Maternity Ward Facility at Ward-11,Maternity Ward Facility,Public Health,DIST-0619,ST-18,PC-0912,CONT-0129,AGENCY-0243,2023-09-06,2023-09-28,2024-04-25,WORK_IN_PROGRESS,30.76715,75.5667
MPLADS-000534,CC Road Construction at Ward-62,CC Road Construction,Roads & Bridges,DIST-0395,ST-10,PC-0572,CONT-0063,AGENCY-0269,2023-07-22,2023-08-26,2024-02-22,WORK_IN_PROGRESS,17.15375,82.91758
MPLADS-000535,Ayurvedic Dispensary at Ward-74,Ayurvedic Dispensary,Public Health,DIST-0610,ST-18,PC-0898,CONT-0165,AGENCY-0773,2022-10-28,2022-11-15,2023-06-13,WORK_IN_PROGRESS,30.93995,74.64524
MPLADS-000536,Community Hall at Ward-40,Community Hall,Community Infrastructure,DIST-0601,ST-18,PC-0884,CONT-0007,AGENCY-0548,2023-08-09,2023-10-05,2024-02-02,WORK_IN_PROGRESS,28.64236,76.63961
MPLADS-000537,Community Hall at Ward-85,Community Hall,Community Infrastructure,DIST-0073,ST-01,PC-0106,CONT-0075,AGENCY-0655,2023-01-05,2023-02-16,2023-06-16,WORK_IN_PROGRESS,28.35682,78.71672
MPLADS-000538,District Sports Complex at Ward-04,District Sports Complex,Mega Infrastructure,DIST-0263,ST-06,PC-0384,CONT-0076,AGENCY-0202,2023-08-15,2023-10-06,2024-11-09,COMPLETED,10.41208,79.52207
MPLADS-000539,Library Room at Ward-55,Library Room,Education Infrastructure,DIST-0012,ST-01,PC-0017,CONT-0189,AGENCY-1010,2022-05-10,2022-06-20,2022-11-17,WORK_IN_PROGRESS,30.24661,83.85563
MPLADS-000540,Lift Irrigation Scheme at Ward-90,Lift Irrigation Scheme,Irrigation & Agriculture,DIST-0519,ST-15,PC-0759,CONT-0128,AGENCY-0399,2023-01-09,2023-02-13,2023-07-23,WORK_IN_PROGRESS,25.58716,95.20189
MPLADS-000541,Paver Block Road at Ward-54,Paver Block Road,Roads & Bridges,DIST-0262,ST-06,PC-0382,CONT-0299,AGENCY-0729,2023-01-12,2023-01-30,2023-07-29,WORK_IN_PROGRESS,12.66904,79.78027
MPLADS-000542,Ambulance Vehicle at Ward-23,Ambulance Vehicle,Public Health,DIST-0143,ST-03,PC-0204,CONT-0130,AGENCY-0982,2022-12-19,2023-02-06,2023-09-04,COMPLETED,25.46541,83.92874
MPLADS-000543,Culvert Bridge at Ward-04,Culvert Bridge,Roads & Bridges,DIST-0575,ST-17,PC-0847,CONT-0123,AGENCY-0158,2023-09-09,2023-10-04,2024-04-01,WORK_IN_PROGRESS,21.79182,83.23153
MPLADS-000544,Ayurvedic Dispensary at Ward-58,Ayurvedic Dispensary,Public Health,DIST-0027,ST-01,PC-0039,CONT-0062,AGENCY-0507,2022-09-20,2022-11-12,2023-06-10,WORK_IN_PROGRESS,29.2296,80.56083
MPLADS-000545,Deep Tube Well at Ward-29,Deep Tube Well,Drinking Water,DIST-0345,ST-08,PC-0504,CONT-0051,AGENCY-0149,2023-05-03,2023-05-20,2023-08-18,WORK_IN_PROGRESS,17.62271,78.11247
MPLADS-000546,Community Tank at Ward-79,Community Tank,Drinking Water,DIST-0427,ST-11,PC-0623,CONT-0100,AGENCY-0382,2023-10-21,2023-12-16,2024-03-15,WORK_IN_PROGRESS,19.07298,87.08079
MPLADS-000547,School Boundary Wall at Ward-27,School Boundary Wall,Education Infrastructure,DIST-0514,ST-15,PC-0751,CONT-0181,AGENCY-0248,2022-12-09,2023-01-05,2023-06-04,WORK_IN_PROGRESS,27.89995,95.17761
MPLADS-000548,Deep Tube Well at Ward-24,Deep Tube Well,Drinking Water,DIST-0005,ST-01,PC-0007,CONT-0133,AGENCY-0071,2022-09-18,2022-10-31,2023-01-29,WORK_IN_PROGRESS,24.85075,80.64229
MPLADS-000549,Ambulance Vehicle at Ward-59,Ambulance Vehicle,Public Health,DIST-0450,ST-12,PC-0655,CONT-0151,AGENCY-1031,2022-05-03,2022-05-31,2022-12-27,COMPLETED,18.09691,79.43112
MPLADS-000550,Farm Pond Renovation at Ward-49,Farm Pond Renovation,Irrigation & Agriculture,DIST-0483,ST-14,PC-0706,CONT-0057,AGENCY-1169,2023-10-25,2023-12-14,2024-05-22,WORK_IN_PROGRESS,22.35776,87.2397
MPLADS-000551,Farm Pond Renovation at Ward-73,Farm Pond Renovation,Irrigation & Agriculture,DIST-0008,ST-01,PC-0010,CONT-0211,AGENCY-1212,2023-05-27,2023-07-23,2023-12-30,DELAYED,27.62617,82.79815
MPLADS-000552,Check Dam at Ward-54,Check Dam,Irrigation & Agriculture,DIST-0260,ST-06,PC-0379,CONT-0270,AGENCY-0851,2022-12-12,2023-02-08,2023-07-18,WORK_IN_PROGRESS,11.08097,78.16538
MPLADS-000553,Maternity Ward Facility at Ward-26,Maternity Ward Facility,Public Health,DIST-0431,ST-11,PC-0628,CONT-0037,AGENCY-0244,2022-02-22,2022-03-15,2022-10-11,COMPLETED,20.85111,83.55033
MPLADS-000554,Public Toilet Complex at Ward-07,Public Toilet Complex,Community Infrastructure,DIST-0344,ST-08,PC-0503,CONT-0055,AGENCY-0678,2023-03-22,2023-05-12,2023-09-09,WORK_IN_PROGRESS,16.15128,77.53234
MPLADS-000555,Major River Overbridge at Ward-26,Major River Overbridge,Mega Infrastructure,DIST-0505,ST-14,PC-0735,CONT-0154,AGENCY-0464,2023-06-18,2023-07-14,2024-08-17,WORK_IN_PROGRESS,23.90243,86.32939
MPLADS-000556,Community Tank at Ward-31,Community Tank,Drinking Water,DIST-0304,ST-07,PC-0447,CONT-0281,AGENCY-0810,2022-02-09,2022-03-23,2022-06-21,WORK_IN_PROGRESS,28.67554,70.64692
MPLADS-000557,Multi-Village Hospital Block at Ward-96,Multi-Village Hospital Block,Mega Infrastructure,DIST-0608,ST-18,PC-0895,CONT-0071,AGENCY-0965,2023-05-04,2023-06-22,2024-07-26,WORK_IN_PROGRESS,27.96551,74.83259
MPLADS-000558,District Sports Complex at Ward-22,District Sports Complex,Mega Infrastructure,DIST-0011,ST-01,PC-0016,CONT-0233,AGENCY-0399,2023-05-27,2023-07-06,2024-08-09,COMPLETED,27.23949,78.19622
MPLADS-000559,RO Water Plant at Ward-49,RO Water Plant,Drinking Water,DIST-0105,ST-02,PC-0149,CONT-0066,AGENCY-0318,2022-10-16,2022-11-21,2023-02-19,WORK_IN_PROGRESS,16.8607,80.07727
MPLADS-000560,Piped Water Network at Ward-51,Piped Water Network,Drinking Water,DIST-0431,ST-11,PC-0628,CONT-0117,AGENCY-0123,2023-08-11,2023-09-22,2023-12-21,COMPLETED,20.81196,83.6128
MPLADS-000561,CC Road Construction at Ward-36,CC Road Construction,Roads & Bridges,DIST-0315,ST-07,PC-0462,CONT-0296,AGENCY-0473,2022-03-24,2022-04-13,2022-10-10,WORK_IN_PROGRESS,29.7801,77.79468
MPLADS-000562,Multi-Village Hospital Block at Ward-30,Multi-Village Hospital Block,Mega Infrastructure,DIST-0089,ST-02,PC-0129,CONT-0178,AGENCY-0926,2023-08-09,2023-08-29,2024-10-02,WORK_IN_PROGRESS,17.77299,72.68755
MPLADS-000563,Community Hall at Ward-57,Community Hall,Community Infrastructure,DIST-0274,ST-07,PC-0400,CONT-0145,AGENCY-1145,2023-07-31,2023-08-22,2023-12-20,WORK_IN_PROGRESS,27.59788,74.0724
MPLADS-000564,School Additional Classroom at Ward-27,School Additional Classroom,Education Infrastructure,DIST-0348,ST-09,PC-0507,CONT-0132,AGENCY-0229,2023-04-29,2023-06-03,2023-10-31,COMPLETED,20.72242,72.43746
MPLADS-000565,Solar High-Mast Light at Ward-60,Solar High-Mast Light,Renewable Energy,DIST-0347,ST-09,PC-0506,CONT-0174,AGENCY-0668,2023-11-20,2024-01-08,2024-03-08,COMPLETED,22.95451,69.23801
MPLADS-000566,Major River Overbridge at Ward-43,Major River Overbridge,Mega Infrastructure,DIST-0310,ST-07,PC-0456,CONT-0270,AGENCY-0325,2023-06-19,2023-07-08,2024-08-11,WORK_IN_PROGRESS,24.23369,70.35853
MPLADS-000567,School Additional Classroom at Ward-36,School Additional Classroom,Education Infrastructure,DIST-0025,ST-01,PC-0036,CONT-0232,AGENCY-0032,2022-08-06,2022-09-20,2023-02-17,WORK_IN_PROGRESS,28.80863,77.92098
MPLADS-000568,Major River Overbridge at Ward-24,Major River Overbridge,Mega Infrastructure,DIST-0601,ST-18,PC-0884,CONT-0097,AGENCY-0162,2023-09-18,2023-10-09,2024-11-12,WORK_IN_PROGRESS,28.57677,76.53672
MPLADS-000569,Check Dam at Ward-73,Check Dam,Irrigation & Agriculture,DIST-0519,ST-15,PC-0759,CONT-0024,AGENCY-0743,2023-10-06,2023-11-20,2024-04-28,WORK_IN_PROGRESS,25.66379,95.19389
MPLADS-000570,Lift Irrigation Scheme at Ward-62,Lift Irrigation Scheme,Irrigation & Agriculture,DIST-0107,ST-02,PC-0152,CONT-0028,AGENCY-1161,2022-11-09,2022-11-30,2023-05-09,WORK_IN_PROGRESS,16.60643,80.02636
MPLADS-000571,Smart Classroom Lab at Ward-77,Smart Classroom Lab,Education Infrastructure,DIST-0246,ST-06,PC-0358,CONT-0010,AGENCY-0751,2022-12-30,2023-02-03,2023-07-03,COMPLETED,13.13745,80.08482
MPLADS-000572,Smart Classroom Lab at Ward-57,Smart Classroom Lab,Education Infrastructure,DIST-0272,ST-07,PC-0396,CONT-0257,AGENCY-0441,2023-02-19,2023-04-04,2023-09-01,WORK_IN_PROGRESS,29.71289,74.45927
MPLADS-000573,Solar High-Mast Light at Ward-30,Solar High-Mast Light,Renewable Energy,DIST-0295,ST-07,PC-0431,CONT-0054,AGENCY-0801,2023-05-17,2023-06-16,2023-08-15,COMPLETED,27.24153,76.77361
MPLADS-000574,Ambulance Vehicle at Ward-12,Ambulance Vehicle,Public Health,DIST-0335,ST-08,PC-0489,CONT-0153,AGENCY-0967,2022-08-04,2022-09-15,2023-04-13,COMPLETED,17.26985,76.68714
MPLADS-000575,Farm Pond Renovation at Ward-43,Farm Pond Renovation,Irrigation & Agriculture,DIST-0287,ST-07,PC-0421,CONT-0029,AGENCY-0652,2022-12-08,2023-01-20,2023-06-29,WORK_IN_PROGRESS,28.43732,76.47209
MPLADS-000576,Bituminous Road at Ward-98,Bituminous Road,Roads & Bridges,DIST-0077,ST-02,PC-0111,CONT-0147,AGENCY-0438,2023-03-17,2023-04-28,2023-10-25,WORK_IN_PROGRESS,21.74712,78.55104
MPLADS-000577,Solar High-Mast Light at Ward-37,Solar High-Mast Light,Renewable Energy,DIST-0300,ST-07,PC-0439,CONT-0114,AGENCY-0052,2022-11-04,2022-11-28,2023-01-27,WORK_IN_PROGRESS,25.15718,73.8091
MPLADS-000578,Library Room at Ward-22,Library Room,Education Infrastructure,DIST-0301,ST-07,PC-0441,CONT-0273,AGENCY-0663,2022-03-17,2022-04-07,2022-09-04,WORK_IN_PROGRESS,23.75941,72.9006
MPLADS-000579,Smart Classroom Lab at Ward-43,Smart Classroom Lab,Education Infrastructure,DIST-0454,ST-12,PC-0662,CONT-0080,AGENCY-0239,2022-06-11,2022-07-16,2022-12-13,WORK_IN_PROGRESS,17.03001,79.94286
MPLADS-000580,Solar Rooftop Panel at Ward-03,Solar Rooftop Panel,Renewable Energy,DIST-0110,ST-02,PC-0158,CONT-0260,AGENCY-1164,2023-07-06,2023-08-30,2023-10-29,WORK_IN_PROGRESS,20.81223,78.43378
MPLADS-000581,Maternity Ward Facility at Ward-27,Maternity Ward Facility,Public Health,DIST-0255,ST-06,PC-0372,CONT-0237,AGENCY-0353,2023-04-05,2023-06-02,2023-12-29,WORK_IN_PROGRESS,11.9239,76.98127
MPLADS-000582,Yatri Shed at Ward-11,Yatri Shed,Community Infrastructure,DIST-0363,ST-09,PC-0527,CONT-0270,AGENCY-0765,2023-07-05,2023-07-21,2023-11-18,WORK_IN_PROGRESS,23.67636,73.71959
MPLADS-000583,Farm Pond Renovation at Ward-78,Farm Pond Renovation,Irrigation & Agriculture,DIST-0195,ST-05,PC-0280,CONT-0096,AGENCY-0645,2023-07-23,2023-09-18,2024-02-25,COMPLETED,22.34689,76.01102
MPLADS-000584,Primary Health Sub-Centre at Ward-33,Primary Health Sub-Centre,Public Health,DIST-0075,ST-01,PC-0108,CONT-0300,AGENCY-0504,2022-06-25,2022-07-19,2023-02-14,DELAYED,26.63786,77.98004
MPLADS-000585,Bituminous Road at Ward-93,Bituminous Road,Roads & Bridges,DIST-0039,ST-01,PC-0058,CONT-0259,AGENCY-0001,2023-01-26,2023-03-02,2023-08-29,WORK_IN_PROGRESS,29.08032,83.01632
MPLADS-000586,Check Dam at Ward-93,Check Dam,Irrigation & Agriculture,DIST-0432,ST-11,PC-0630,CONT-0174,AGENCY-0553,2022-12-12,2023-01-30,2023-07-09,WORK_IN_PROGRESS,18.02937,82.22779
MPLADS-000587,Farm Pond Renovation at Ward-11,Farm Pond Renovation,Irrigation & Agriculture,DIST-0484,ST-14,PC-0707,CONT-0122,AGENCY-0193,2022-11-27,2022-12-21,2023-05-30,WORK_IN_PROGRESS,22.49038,84.02181
MPLADS-000588,Bituminous Road at Ward-50,Bituminous Road,Roads & Bridges,DIST-0368,ST-09,PC-0533,CONT-0280,AGENCY-0108,2022-05-22,2022-06-21,2022-12-18,WORK_IN_PROGRESS,22.54929,71.14619
MPLADS-000589,Solar High-Mast Light at Ward-20,Solar High-Mast Light,Renewable Energy,DIST-0005,ST-01,PC-0007,CONT-0208,AGENCY-0891,2022-05-01,2022-06-05,2022-08-04,WORK_IN_PROGRESS,24.85887,80.64439
MPLADS-000590,Public Toilet Complex at Ward-72,Public Toilet Complex,Community Infrastructure,DIST-0067,ST-01,PC-0096,CONT-0317,AGENCY-0040,2023-01-21,2023-02-25,2023-06-25,WORK_IN_PROGRESS,28.18436,84.39916
MPLADS-000591,School Additional Classroom at Ward-56,School Additional Classroom,Education Infrastructure,DIST-0264,ST-06,PC-0385,CONT-0091,AGENCY-0301,2022-04-23,2022-06-14,2022-11-11,WORK_IN_PROGRESS,11.61223,79.11408
MPLADS-000592,Library Room at Ward-14,Library Room,Education Infrastructure,DIST-0179,ST-05,PC-0252,CONT-0160,AGENCY-0935,2023-06-26,2023-07-24,2023-12-21,WORK_IN_PROGRESS,26.25091,77.36892
MPLADS-000593,Major River Overbridge at Ward-73,Major River Overbridge,Mega Infrastructure,DIST-0319,ST-08,PC-0468,CONT-0117,AGENCY-0919,2023-11-09,2023-12-09,2025-01-12,COMPLETED,16.79529,76.0023
MPLADS-000594,Maternity Ward Facility at Ward-80,Maternity Ward Facility,Public Health,DIST-0062,ST-01,PC-0090,CONT-0158,AGENCY-0628,2022-01-30,2022-03-15,2022-10-11,WORK_IN_PROGRESS,25.21667,83.86949
MPLADS-000595,School Additional Classroom at Ward-37,School Additional Classroom,Education Infrastructure,DIST-0286,ST-07,PC-0419,CONT-0050,AGENCY-0235,2022-12-01,2022-12-26,2023-05-25,COMPLETED,26.78594,74.63286
MPLADS-000596,Ambulance Vehicle at Ward-12,Ambulance Vehicle,Public Health,DIST-0166,ST-04,PC-0235,CONT-0308,AGENCY-1030,2022-06-27,2022-07-13,2023-02-08,WORK_IN_PROGRESS,24.13047,87.21627
MPLADS-000597,Yatri Shed at Ward-39,Yatri Shed,Community Infrastructure,DIST-0333,ST-08,PC-0486,CONT-0298,AGENCY-0941,2022-10-08,2022-11-03,2023-03-03,WORK_IN_PROGRESS,12.20153,76.71441
MPLADS-000598,Crematorium Shed at Ward-52,Crematorium Shed,Community Infrastructure,DIST-0600,ST-18,PC-0883,CONT-0063,AGENCY-0903,2023-08-02,2023-09-18,2024-01-16,WORK_IN_PROGRESS,30.70545,76.12357
MPLADS-000599,Lift Irrigation Scheme at Ward-16,Lift Irrigation Scheme,Irrigation & Agriculture,DIST-0364,ST-09,PC-0528,CONT-0170,AGENCY-0740,2023-03-21,2023-04-12,2023-09-19,WORK_IN_PROGRESS,21.40994,71.63123
MPLADS-000600,RO Water Plant at Ward-42,RO Water Plant,Drinking Water,DIST-0338,ST-08,PC-0493,CONT-0058,AGENCY-0992,2022-10-28,2022-11-14,2023-02-12,WORK_IN_PROGRESS,17.44188,76.66715
MPLADS-000601,Deep Tube Well at Ward-74,Deep Tube Well,Drinking Water,DIST-0248,ST-06,PC-0362,CONT-0311,AGENCY-0617,2023-07-09,2023-08-10,2023-11-08,WORK_IN_PROGRESS,9.89232,78.06314
MPLADS-000602,Primary Health Sub-Centre at Ward-67,Primary Health Sub-Centre,Public Health,DIST-0601,ST-18,PC-0884,CONT-0180,AGENCY-0472,2023-08-14,2023-09-13,2024-04-10,WORK_IN_PROGRESS,28.66694,76.63408
MPLADS-000603,CC Road Construction at Ward-47,CC Road Construction,Roads & Bridges,DIST-0562,ST-16,PC-0826,CONT-0283,AGENCY-0662,2022-11-07,2022-11-24,2023-05-23,WORK_IN_PROGRESS,30.23591,76.40142
MPLADS-000604,District Sports Complex at Ward-38,District Sports Complex,Mega Infrastructure,DIST-0038,ST-01,PC-0056,CONT-0295,AGENCY-0126,2023-11-01,2023-12-21,2025-01-24,WORK_IN_PROGRESS,28.05259,77.70189
MPLADS-000605,Multi-Village Hospital Block at Ward-82,Multi-Village Hospital Block,Mega Infrastructure,DIST-0303,ST-07,PC-0446,CONT-0190,AGENCY-0347,2023-09-18,2023-10-24,2024-11-27,WORK_IN_PROGRESS,26.70334,77.89591
MPLADS-000606,Yatri Shed at Ward-30,Yatri Shed,Community Infrastructure,DIST-0461,ST-12,PC-0674,CONT-0057,AGENCY-1155,2022-07-28,2022-09-17,2023-01-15,WORK_IN_PROGRESS,17.57105,77.1355
MPLADS-000607,Lift Irrigation Scheme at Ward-34,Lift Irrigation Scheme,Irrigation & Agriculture,DIST-0397,ST-10,PC-0575,CONT-0201,AGENCY-0473,2022-12-08,2022-12-31,2023-06-09,WORK_IN_PROGRESS,15.81398,78.87005
MPLADS-000608,Ayurvedic Dispensary at Ward-73,Ayurvedic Dispensary,Public Health,DIST-0611,ST-18,PC-0899,CONT-0231,AGENCY-1176,2022-11-26,2022-12-27,2023-07-25,WORK_IN_PROGRESS,27.97002,75.72334
MPLADS-000609,Smart Classroom Lab at Ward-77,Smart Classroom Lab,Education Infrastructure,DIST-0206,ST-05,PC-0298,CONT-0035,AGENCY-0849,2022-05-20,2022-06-13,2022-11-10,WORK_IN_PROGRESS,21.81437,82.07516
MPLADS-000610,Paver Block Road at Ward-69,Paver Block Road,Roads & Bridges,DIST-0070,ST-01,PC-0101,CONT-0269,AGENCY-0872,2022-02-24,2022-03-17,2022-09-13,WORK_IN_PROGRESS,26.72137,82.94975
MPLADS-000611,Ambulance Vehicle at Ward-10,Ambulance Vehicle,Public Health,DIST-0025,ST-01,PC-0037,CONT-0102,AGENCY-0043,2023-04-17,2023-05-19,2023-12-15,DELAYED,28.79789,77.93347
MPLADS-000612,CC Road Construction at Ward-27,CC Road Construction,Roads & Bridges,DIST-0181,ST-05,PC-0254,CONT-0196,AGENCY-1228,2023-07-11,2023-08-16,2024-02-12,COMPLETED,22.43275,80.56506
MPLADS-000613,Lift Irrigation Scheme at Ward-86,Lift Irrigation Scheme,Irrigation & Agriculture,DIST-0541,ST-15,PC-0793,CONT-0212,AGENCY-1159,2022-01-26,2022-02-20,2022-07-30,WORK_IN_PROGRESS,24.40156,95.64004
MPLADS-000614,Check Dam at Ward-84,Check Dam,Irrigation & Agriculture,DIST-0402,ST-10,PC-0583,CONT-0231,AGENCY-0290,2022-07-06,2022-07-21,2022-12-28,WORK_IN_PROGRESS,15.31475,78.76407
MPLADS-000615,Solar High-Mast Light at Ward-63,Solar High-Mast Light,Renewable Energy,DIST-0042,ST-01,PC-0062,CONT-0301,AGENCY-0303,2023-11-26,2024-01-12,2024-03-12,WORK_IN_PROGRESS,25.80718,79.67351
MPLADS-000616,District Sports Complex at Ward-12,District Sports Complex,Mega Infrastructure,DIST-0363,ST-09,PC-0526,CONT-0307,AGENCY-0203,2023-02-01,2023-03-29,2024-05-02,WORK_IN_PROGRESS,23.63478,73.74486
MPLADS-000617,School Additional Classroom at Ward-23,School Additional Classroom,Education Infrastructure,DIST-0006,ST-01,PC-0008,CONT-0208,AGENCY-0093,2022-05-20,2022-06-04,2022-11-01,WORK_IN_PROGRESS,29.23453,79.84553
MPLADS-000618,District Sports Complex at Ward-78,District Sports Complex,Mega Infrastructure,DIST-0341,ST-08,PC-0498,CONT-0072,AGENCY-0862,2023-07-16,2023-08-01,2024-09-04,WORK_IN_PROGRESS,15.84692,76.21171
MPLADS-000619,Solar High-Mast Light at Ward-24,Solar High-Mast Light,Renewable Energy,DIST-0349,ST-09,PC-0508,CONT-0111,AGENCY-0752,2022-07-27,2022-09-05,2022-11-04,WORK_IN_PROGRESS,20.78069,69.32243
MPLADS-000620,Farm Pond Renovation at Ward-25,Farm Pond Renovation,Irrigation & Agriculture,DIST-0250,ST-06,PC-0364,CONT-0010,AGENCY-1064,2022-03-21,2022-05-02,2022-10-09,WORK_IN_PROGRESS,10.04449,78.36216
MPLADS-000621,Ambulance Vehicle at Ward-22,Ambulance Vehicle,Public Health,DIST-0370,ST-09,PC-0535,CONT-0261,AGENCY-1161,2022-06-28,2022-07-28,2023-02-23,COMPLETED,20.37182,74.09217
MPLADS-000622,Major River Overbridge at Ward-27,Major River Overbridge,Mega Infrastructure,DIST-0387,ST-10,PC-0560,CONT-0138,AGENCY-0328,2023-07-27,2023-08-12,2024-09-15,WORK_IN_PROGRESS,17.6698,76.51507
MPLADS-000623,Major River Overbridge at Ward-49,Major River Overbridge,Mega Infrastructure,DIST-0339,ST-08,PC-0494,CONT-0268,AGENCY-0205,2022-11-06,2022-12-01,2024-01-05,WORK_IN_PROGRESS,16.51978,76.82241
MPLADS-000624,Paver Block Road at Ward-89,Paver Block Road,Roads & Bridges,DIST-0328,ST-08,PC-0479,CONT-0169,AGENCY-0920,2023-03-21,2023-05-10,2023-11-06,COMPLETED,13.24775,74.00227
MPLADS-000625,Solar Street Lighting at Ward-25,Solar Street Lighting,Renewable Energy,DIST-0182,ST-05,PC-0256,CONT-0157,AGENCY-0933,2023-08-02,2023-09-18,2023-11-17,DELAYED,22.0751,78.48563
MPLADS-000626,Major River Overbridge at Ward-26,Major River Overbridge,Mega Infrastructure,DIST-0404,ST-10,PC-0587,CONT-0219,AGENCY-0600,2023-10-16,2023-11-16,2024-12-20,WORK_IN_PROGRESS,14.60352,84.2649
MPLADS-000627,Check Dam at Ward-31,Check Dam,Irrigation & Agriculture,DIST-0476,ST-13,PC-0695,CONT-0024,AGENCY-0445,2023-03-14,2023-04-03,2023-09-10,WORK_IN_PROGRESS,11.6782,76.98905
MPLADS-000628,Culvert Bridge at Ward-35,Culvert Bridge,Roads & Bridges,DIST-0256,ST-06,PC-0373,CONT-0113,AGENCY-0293,2022-08-20,2022-10-06,2023-04-04,COMPLETED,11.41439,77.41957
MPLADS-000629,Library Room at Ward-84,Library Room,Education Infrastructure,DIST-0539,ST-15,PC-0791,CONT-0116,AGENCY-0868,2023-04-18,2023-05-09,2023-10-06,WORK_IN_PROGRESS,24.07152,90.31753
MPLADS-000630,School Boundary Wall at Ward-51,School Boundary Wall,Education Infrastructure,DIST-0019,ST-01,PC-0028,CONT-0282,AGENCY-0344,2022-06-22,2022-08-12,2023-01-09,WORK_IN_PROGRESS,25.43524,77.22171
MPLADS-000631,Bituminous Road at Ward-57,Bituminous Road,Roads & Bridges,DIST-0175,ST-05,PC-0247,CONT-0269,AGENCY-0343,2023-11-06,2023-12-19,2024-06-16,WORK_IN_PROGRESS,24.57177,81.44341
MPLADS-000632,Primary Health Sub-Centre at Ward-05,Primary Health Sub-Centre,Public Health,DIST-0261,ST-06,PC-0381,CONT-0263,AGENCY-0788,2023-10-20,2023-11-07,2024-06-04,WORK_IN_PROGRESS,12.81056,77.71238
MPLADS-000633,RO Water Plant at Ward-57,RO Water Plant,Drinking Water,DIST-0454,ST-12,PC-0662,CONT-0053,AGENCY-0542,2023-05-19,2023-06-26,2023-09-24,WORK_IN_PROGRESS,17.06653,79.90127
MPLADS-000634,School Additional Classroom at Ward-81,School Additional Classroom,Education Infrastructure,DIST-0245,ST-06,PC-0356,CONT-0259,AGENCY-0072,2023-08-30,2023-10-12,2024-03-10,WORK_IN_PROGRESS,11.95318,76.21603
MPLADS-000635,Culvert Bridge at Ward-08,Culvert Bridge,Roads & Bridges,DIST-0487,ST-14,PC-0711,CONT-0299,AGENCY-1060,2023-07-31,2023-09-17,2024-03-15,DELAYED,23.6357,85.79626
MPLADS-000636,Solar High-Mast Light at Ward-05,Solar High-Mast Light,Renewable Energy,DIST-0535,ST-15,PC-0784,CONT-0012,AGENCY-0053,2023-10-05,2023-11-28,2024-01-27,WORK_IN_PROGRESS,25.77913,90.81283
MPLADS-000637,CC Road Construction at Ward-35,CC Road Construction,Roads & Bridges,DIST-0229,ST-06,PC-0334,CONT-0001,AGENCY-0191,2022-12-02,2023-01-29,2023-07-28,COMPLETED,13.45503,76.07606
MPLADS-000638,Community Tank at Ward-87,Community Tank,Drinking Water,DIST-0090,ST-02,PC-0130,CONT-0254,AGENCY-0059,2023-07-19,2023-09-16,2023-12-15,WORK_IN_PROGRESS,16.35183,73.64896
MPLADS-000639,Lift Irrigation Scheme at Ward-52,Lift Irrigation Scheme,Irrigation & Agriculture,DIST-0294,ST-07,PC-0430,CONT-0161,AGENCY-0511,2023-03-24,2023-04-30,2023-10-07,WORK_IN_PROGRESS,26.92272,73.18604
MPLADS-000640,Community Hall at Ward-68,Community Hall,Community Infrastructure,DIST-0492,ST-14,PC-0717,CONT-0223,AGENCY-0959,2023-01-01,2023-02-12,2023-06-12,WORK_IN_PROGRESS,23.25218,83.64318
MPLADS-000641,Crematorium Shed at Ward-72,Crematorium Shed,Community Infrastructure,DIST-0176,ST-05,PC-0248,CONT-0123,AGENCY-0705,2023-06-13,2023-07-11,2023-11-08,COMPLETED,21.13383,78.05454
MPLADS-000642,District Sports Complex at Ward-14,District Sports Complex,Mega Infrastructure,DIST-0390,ST-10,PC-0563,CONT-0151,AGENCY-0566,2022-07-04,2022-09-01,2023-10-06,WORK_IN_PROGRESS,17.36339,78.09883
MPLADS-000643,Community Hall at Ward-40,Community Hall,Community Infrastructure,DIST-0476,ST-13,PC-0694,CONT-0242,AGENCY-0322,2023-06-12,2023-07-31,2023-11-28,COMPLETED,11.71523,76.99949
MPLADS-000644,Smart Classroom Lab at Ward-59,Smart Classroom Lab,Education Infrastructure,DIST-0183,ST-05,PC-0259,CONT-0235,AGENCY-1015,2022-07-19,2022-08-04,2023-01-01,WORK_IN_PROGRESS,23.18042,78.04495
MPLADS-000645,Ambulance Vehicle at Ward-49,Ambulance Vehicle,Public Health,DIST-0585,ST-17,PC-0863,CONT-0270,AGENCY-0488,2022-05-14,2022-07-11,2023-02-06,WORK_IN_PROGRESS,23.15084,82.78241
MPLADS-000646,Primary Health Sub-Centre at Ward-36,Primary Health Sub-Centre,Public Health,DIST-0161,ST-04,PC-0226,CONT-0296,AGENCY-0465,2023-04-10,2023-05-01,2023-11-27,WORK_IN_PROGRESS,21.623,86.18933
MPLADS-000647,Farm Pond Renovation at Ward-93,Farm Pond Renovation,Irrigation & Agriculture,DIST-0424,ST-11,PC-0619,CONT-0263,AGENCY-0957,2022-01-14,2022-02-16,2022-07-26,WORK_IN_PROGRESS,18.45761,83.39739
MPLADS-000648,Solar Street Lighting at Ward-66,Solar Street Lighting,Renewable Energy,DIST-0119,ST-03,PC-0173,CONT-0006,AGENCY-0168,2023-10-08,2023-11-13,2024-01-12,WORK_IN_PROGRESS,26.38625,84.55535
MPLADS-000649,Solar Rooftop Panel at Ward-72,Solar Rooftop Panel,Renewable Energy,DIST-0316,ST-08,PC-0463,CONT-0204,AGENCY-0290,2022-02-12,2022-03-27,2022-05-26,WORK_IN_PROGRESS,14.6614,77.73486
MPLADS-000650,Ayurvedic Dispensary at Ward-57,Ayurvedic Dispensary,Public Health,DIST-0223,ST-05,PC-0325,CONT-0002,AGENCY-0867,2022-04-06,2022-05-26,2022-12-22,WORK_IN_PROGRESS,22.57194,76.89816
MPLADS-000651,Smart Classroom Lab at Ward-94,Smart Classroom Lab,Education Infrastructure,DIST-0194,ST-05,PC-0278,CONT-0031,AGENCY-0673,2023-11-08,2023-12-03,2024-05-01,COMPLETED,25.19648,76.1902
MPLADS-000652,Ambulance Vehicle at Ward-98,Ambulance Vehicle,Public Health,DIST-0614,ST-18,PC-0903,CONT-0245,AGENCY-0204,2022-07-04,2022-07-31,2023-02-26,WORK_IN_PROGRESS,27.92569,77.37354
MPLADS-000653,Ayurvedic Dispensary at Ward-33,Ayurvedic Dispensary,Public Health,DIST-0322,ST-08,PC-0471,CONT-0297,AGENCY-0995,2023-04-18,2023-06-04,2023-12-31,COMPLETED,13.03549,74.1232
MPLADS-000654,Lift Irrigation Scheme at Ward-33,Lift Irrigation Scheme,Irrigation & Agriculture,DIST-0312,ST-07,PC-0458,CONT-0198,AGENCY-0183,2022-11-30,2023-01-17,2023-06-26,WORK_IN_PROGRESS,25.78417,75.27272
MPLADS-000655,Solar Street Lighting at Ward-14,Solar Street Lighting,Renewable Energy,DIST-0529,ST-15,PC-0777,CONT-0167,AGENCY-0686,2023-09-06,2023-10-11,2023-12-10,WORK_IN_PROGRESS,27.39911,90.25897
MPLADS-000656,Yatri Shed at Ward-77,Yatri Shed,Community Infrastructure,DIST-0325,ST-08,PC-0474,CONT-0310,AGENCY-0063,2022-07-20,2022-08-12,2022-12-10,WORK_IN_PROGRESS,16.44071,74.63543
MPLADS-000657,Multi-Village Hospital Block at Ward-07,Multi-Village Hospital Block,Mega Infrastructure,DIST-0305,ST-07,PC-0448,CONT-0086,AGENCY-0226,2023-03-09,2023-03-29,2024-05-02,WORK_IN_PROGRESS,25.23102,73.40756
MPLADS-000658,Smart Classroom Lab at Ward-61,Smart Classroom Lab,Education Infrastructure,DIST-0440,ST-12,PC-0642,CONT-0082,AGENCY-0213,2022-03-06,2022-04-12,2022-09-09,WORK_IN_PROGRESS,16.26759,80.91663
MPLADS-000659,Bituminous Road at Ward-39,Bituminous Road,Roads & Bridges,DIST-0298,ST-07,PC-0436,CONT-0309,AGENCY-1204,2023-02-10,2023-02-28,2023-08-27,WORK_IN_PROGRESS,27.53509,73.3698
MPLADS-000660,Solar Street Lighting at Ward-38,Solar Street Lighting,Renewable Energy,DIST-0277,ST-07,PC-0406,CONT-0182,AGENCY-0061,2022-09-18,2022-11-13,2023-01-12,WORK_IN_PROGRESS,25.0038,70.45897
MPLADS-000661,Solar Street Lighting at Ward-69,Solar Street Lighting,Renewable Energy,DIST-0255,ST-06,PC-0372,CONT-0087,AGENCY-0929,2022-04-05,2022-05-30,2022-07-29,WORK_IN_PROGRESS,11.8977,76.88652
MPLADS-000662,Maternity Ward Facility at Ward-09,Maternity Ward Facility,Public Health,DIST-0599,ST-18,PC-0881,CONT-0155,AGENCY-0018,2023-09-21,2023-10-28,2024-05-25,WORK_IN_PROGRESS,30.47686,75.08167
MPLADS-000663,Paver Block Road at Ward-34,Paver Block Road,Roads & Bridges,DIST-0443,ST-12,PC-0646,CONT-0118,AGENCY-0459,2023-01-21,2023-02-22,2023-08-21,WORK_IN_PROGRESS,16.15002,81.32976
MPLADS-000664,CC Road Construction at Ward-22,CC Road Construction,Roads & Bridges,DIST-0422,ST-11,PC-0616,CONT-0129,AGENCY-0033,2022-06-08,2022-07-28,2023-01-24,COMPLETED,18.59785,84.64616
MPLADS-000665,Community Tank at Ward-66,Community Tank,Drinking Water,DIST-0416,ST-11,PC-0608,CONT-0204,AGENCY-0797,2023-04-08,2023-05-25,2023-08-23,WORK_IN_PROGRESS,21.27664,87.19172
MPLADS-000666,Lift Irrigation Scheme at Ward-29,Lift Irrigation Scheme,Irrigation & Agriculture,DIST-0445,ST-12,PC-0648,CONT-0203,AGENCY-0688,2022-02-20,2022-03-10,2022-08-17,WORK_IN_PROGRESS,17.33255,81.52168
MPLADS-000667,Multi-Village Hospital Block at Ward-15,Multi-Village Hospital Block,Mega Infrastructure,DIST-0035,ST-01,PC-0051,CONT-0120,AGENCY-0657,2022-12-09,2023-01-03,2024-02-07,WORK_IN_PROGRESS,28.21064,79.00777
MPLADS-000668,Solar Street Lighting at Ward-35,Solar Street Lighting,Renewable Energy,DIST-0380,ST-10,PC-0550,CONT-0150,AGENCY-0163,2022-11-05,2023-01-01,2023-03-02,WORK_IN_PROGRESS,16.78298,77.12252
MPLADS-000669,Solar Rooftop Panel at Ward-30,Solar Rooftop Panel,Renewable Energy,DIST-0019,ST-01,PC-0028,CONT-0210,AGENCY-0460,2023-01-21,2023-02-25,2023-04-26,COMPLETED,25.47046,77.33078
MPLADS-000670,Multi-Village Hospital Block at Ward-12,Multi-Village Hospital Block,Mega Infrastructure,DIST-0381,ST-10,PC-0551,CONT-0051,AGENCY-0553,2023-11-26,2023-12-30,2025-02-02,WORK_IN_PROGRESS,14.08807,80.47817
MPLADS-000671,Solar Rooftop Panel at Ward-25,Solar Rooftop Panel,Renewable Energy,DIST-0204,ST-05,PC-0294,CONT-0186,AGENCY-0655,2022-03-15,2022-04-16,2022-06-15,WORK_IN_PROGRESS,24.26673,80.21525
MPLADS-000672,Maternity Ward Facility at Ward-11,Maternity Ward Facility,Public Health,DIST-0279,ST-07,PC-0408,CONT-0177,AGENCY-1097,2023-02-13,2023-03-16,2023-10-12,COMPLETED,26.6715,69.85287
MPLADS-000673,RO Water Plant at Ward-92,RO Water Plant,Drinking Water,DIST-0061,ST-01,PC-0089,CONT-0285,AGENCY-0215,2023-08-30,2023-10-25,2024-01-23,WORK_IN_PROGRESS,30.42026,78.06757
MPLADS-000674,Solar Rooftop Panel at Ward-06,Solar Rooftop Panel,Renewable Energy,DIST-0575,ST-17,PC-0848,CONT-0265,AGENCY-0858,2023-01-12,2023-02-19,2023-04-20,WORK_IN_PROGRESS,21.64247,83.25326
MPLADS-000675,Bituminous Road at Ward-56,Bituminous Road,Roads & Bridges,DIST-0230,ST-06,PC-0335,CONT-0218,AGENCY-0630,2022-10-22,2022-11-20,2023-05-19,WORK_IN_PROGRESS,8.34524,80.26322
MPLADS-000676,Solar Street Lighting at Ward-80,Solar Street Lighting,Renewable Energy,DIST-0451,ST-12,PC-0657,CONT-0012,AGENCY-0247,2023-03-21,2023-04-21,2023-06-20,WORK_IN_PROGRESS,16.04195,81.15941
MPLADS-000677,Crematorium Shed at Ward-02,Crematorium Shed,Community Infrastructure,DIST-0449,ST-12,PC-0653,CONT-0094,AGENCY-0036,2022-08-02,2022-09-04,2023-01-02,WORK_IN_PROGRESS,16.68304,81.1272
MPLADS-000678,Culvert Bridge at Ward-67,Culvert Bridge,Roads & Bridges,DIST-0195,ST-05,PC-0280,CONT-0299,AGENCY-0771,2022-06-02,2022-07-27,2023-01-23,WORK_IN_PROGRESS,22.39894,75.88254
MPLADS-000679,School Boundary Wall at Ward-78,School Boundary Wall,Education Infrastructure,DIST-0084,ST-02,PC-0124,CONT-0126,AGENCY-0799,2022-01-04,2022-02-19,2022-07-19,WORK_IN_PROGRESS,18.69041,78.01496
MPLADS-000680,Deep Tube Well at Ward-60,Deep Tube Well,Drinking Water,DIST-0426,ST-11,PC-0622,CONT-0118,AGENCY-1139,2023-05-08,2023-06-01,2023-08-30,WORK_IN_PROGRESS,21.74965,86.10688
MPLADS-000681,Solar High-Mast Light at Ward-70,Solar High-Mast Light,Renewable Energy,DIST-0513,ST-15,PC-0749,CONT-0255,AGENCY-0559,2023-02-23,2023-03-23,2023-05-22,COMPLETED,25.53551,93.5571
MPLADS-000682,RO Water Plant at Ward-11,RO Water Plant,Drinking Water,DIST-0387,ST-10,PC-0560,CONT-0309,AGENCY-0067,2023-03-23,2023-05-04,2023-08-02,COMPLETED,17.69718,76.5054
MPLADS-000683,Yatri Shed at Ward-46,Yatri Shed,Community Infrastructure,DIST-0499,ST-14,PC-0727,CONT-0172,AGENCY-0463,2023-07-15,2023-08-16,2023-12-14,WORK_IN_PROGRESS,24.20808,83.71674
MPLADS-000684,Ayurvedic Dispensary at Ward-39,Ayurvedic Dispensary,Public Health,DIST-0058,ST-01,PC-0085,CONT-0187,AGENCY-0530,2023-08-23,2023-10-17,2024-05-14,WORK_IN_PROGRESS,28.87228,77.18079
MPLADS-000685,Ayurvedic Dispensary at Ward-84,Ayurvedic Dispensary,Public Health,DIST-0248,ST-06,PC-0362,CONT-0053,AGENCY-0412,2023-11-21,2023-12-16,2024-07-13,WORK_IN_PROGRESS,9.88659,77.96773
MPLADS-000686,Lift Irrigation Scheme at Ward-01,Lift Irrigation Scheme,Irrigation & Agriculture,DIST-0574,ST-17,PC-0846,CONT-0238,AGENCY-0896,2023-01-19,2023-03-09,2023-08-16,WORK_IN_PROGRESS,19.66534,82.61889
MPLADS-000687,Check Dam at Ward-60,Check Dam,Irrigation & Agriculture,DIST-0586,ST-17,PC-0864,CONT-0117,AGENCY-1230,2022-04-18,2022-05-15,2022-10-22,WORK_IN_PROGRESS,19.82801,80.15297
MPLADS-000688,Yatri Shed at Ward-11,Yatri Shed,Community Infrastructure,DIST-0222,ST-05,PC-0323,CONT-0224,AGENCY-1079,2022-08-19,2022-09-22,2023-01-20,WORK_IN_PROGRESS,24.78806,82.32786
MPLADS-000689,Piped Water Network at Ward-01,Piped Water Network,Drinking Water,DIST-0441,ST-12,PC-0643,CONT-0174,AGENCY-0299,2023-03-06,2023-04-04,2023-07-03,WORK_IN_PROGRESS,19.28098,80.19328
MPLADS-000690,Solar High-Mast Light at Ward-71,Solar High-Mast Light,Renewable Energy,DIST-0014,ST-01,PC-0020,CONT-0038,AGENCY-0363,2022-04-09,2022-05-27,2022-07-26,WORK_IN_PROGRESS,28.65783,80.28233
MPLADS-000691,Crematorium Shed at Ward-70,Crematorium Shed,Community Infrastructure,DIST-0270,ST-07,PC-0393,CONT-0164,AGENCY-0278,2023-05-27,2023-07-23,2023-11-20,WORK_IN_PROGRESS,26.89348,70.03585
MPLADS-000692,Smart Classroom Lab at Ward-39,Smart Classroom Lab,Education Infrastructure,DIST-0430,ST-11,PC-0627,CONT-0132,AGENCY-0179,2023-03-20,2023-04-13,2023-09-10,WORK_IN_PROGRESS,20.53152,82.86118
MPLADS-000693,Solar Street Lighting at Ward-01,Solar Street Lighting,Renewable Energy,DIST-0401,ST-10,PC-0581,CONT-0295,AGENCY-0234,2022-01-21,2022-02-21,2022-04-22,WORK_IN_PROGRESS,14.43358,82.89676
MPLADS-000694,School Additional Classroom at Ward-66,School Additional Classroom,Education Infrastructure,DIST-0484,ST-14,PC-0707,CONT-0176,AGENCY-0714,2022-09-18,2022-11-15,2023-04-14,WORK_IN_PROGRESS,22.40101,84.0489
MPLADS-000695,Library Room at Ward-24,Library Room,Education Infrastructure,DIST-0366,ST-09,PC-0530,CONT-0229,AGENCY-0833,2022-02-19,2022-03-12,2022-08-09,COMPLETED,23.15389,73.34664
MPLADS-000696,Farm Pond Renovation at Ward-52,Farm Pond Renovation,Irrigation & Agriculture,DIST-0015,ST-01,PC-0021,CONT-0055,AGENCY-0539,2022-09-18,2022-11-09,2023-04-18,WORK_IN_PROGRESS,27.25437,79.40022
MPLADS-000697,RO Water Plant at Ward-24,RO Water Plant,Drinking Water,DIST-0467,ST-12,PC-0682,CONT-0287,AGENCY-0368,2023-09-17,2023-11-12,2024-02-10,WORK_IN_PROGRESS,16.08751,77.34899
MPLADS-000698,Paver Block Road at Ward-88,Paver Block Road,Roads & Bridges,DIST-0305,ST-07,PC-0448,CONT-0204,AGENCY-0243,2023-10-21,2023-12-14,2024-06-11,WORK_IN_PROGRESS,25.32289,73.38072
MPLADS-000699,Major River Overbridge at Ward-52,Major River Overbridge,Mega Infrastructure,DIST-0015,ST-01,PC-0022,CONT-0199,AGENCY-0685,2022-03-20,2022-05-18,2023-06-22,WORK_IN_PROGRESS,27.19919,79.44888
MPLADS-000700,Check Dam at Ward-84,Check Dam,Irrigation & Agriculture,DIST-0040,ST-01,PC-0059,CONT-0137,AGENCY-0641,2022-06-27,2022-08-05,2023-01-12,DELAYED,27.67126,80.55295
MPLADS-000701,Community Hall at Ward-73,Community Hall,Community Infrastructure,DIST-0111,ST-02,PC-0160,CONT-0004,AGENCY-0292,2022-03-13,2022-04-21,2022-08-19,WORK_IN_PROGRESS,19.50604,78.43831
MPLADS-000702,Community Tank at Ward-35,Community Tank,Drinking Water,DIST-0274,ST-07,PC-0401,CONT-0320,AGENCY-0982,2022-10-08,2022-11-07,2023-02-05,WORK_IN_PROGRESS,27.63445,74.02933
MPLADS-000703,School Boundary Wall at Ward-11,School Boundary Wall,Education Infrastructure,DIST-0322,ST-08,PC-0471,CONT-0051,AGENCY-1070,2023-06-26,2023-07-13,2023-12-10,WORK_IN_PROGRESS,13.06581,74.16573
MPLADS-000704,Yatri Shed at Ward-98,Yatri Shed,Community Infrastructure,DIST-0195,ST-05,PC-0279,CONT-0185,AGENCY-0300,2022-03-30,2022-04-20,2022-08-18,WORK_IN_PROGRESS,22.43084,75.89923
MPLADS-000705,RO Water Plant at Ward-82,RO Water Plant,Drinking Water,DIST-0543,ST-16,PC-0797,CONT-0042,AGENCY-1054,2023-10-05,2023-11-07,2024-02-05,WORK_IN_PROGRESS,31.64009,75.5786
MPLADS-000706,Community Hall at Ward-18,Community Hall,Community Infrastructure,DIST-0460,ST-12,PC-0672,CONT-0232,AGENCY-0421,2022-01-10,2022-02-24,2022-06-24,WORK_IN_PROGRESS,16.05985,79.25626
MPLADS-000707,Library Room at Ward-39,Library Room,Education Infrastructure,DIST-0024,ST-01,PC-0035,CONT-0283,AGENCY-0784,2023-11-07,2023-12-18,2024-05-16,WORK_IN_PROGRESS,28.39736,77.97884
MPLADS-000708,Solar High-Mast Light at Ward-05,Solar High-Mast Light,Renewable Energy,DIST-0020,ST-01,PC-0029,CONT-0080,AGENCY-0608,2022-07-13,2022-08-17,2022-10-16,WORK_IN_PROGRESS,27.37163,78.97252
MPLADS-000709,Solar Street Lighting at Ward-31,Solar Street Lighting,Renewable Energy,DIST-0430,ST-11,PC-0627,CONT-0003,AGENCY-0607,2023-10-23,2023-12-11,2024-02-09,DELAYED,20.48328,82.82543
MPLADS-000710,Yatri Shed at Ward-12,Yatri Shed,Community Infrastructure,DIST-0384,ST-10,PC-0555,CONT-0123,AGENCY-0780,2022-10-01,2022-11-14,2023-03-14,WORK_IN_PROGRESS,14.17594,77.16298
MPLADS-000711,Lift Irrigation Scheme at Ward-98,Lift Irrigation Scheme,Irrigation & Agriculture,DIST-0444,ST-12,PC-0647,CONT-0014,AGENCY-0486,2023-08-12,2023-09-30,2024-03-08,WORK_IN_PROGRESS,18.13537,77.39316
MPLADS-000712,Culvert Bridge at Ward-94,Culvert Bridge,Roads & Bridges,DIST-0003,ST-01,PC-0005,CONT-0080,AGENCY-0863,2022-03-28,2022-04-23,2022-10-20,COMPLETED,28.13724,82.62661
MPLADS-000713,CC Road Construction at Ward-27,CC Road Construction,Roads & Bridges,DIST-0219,ST-05,PC-0319,CONT-0282,AGENCY-0645,2023-06-06,2023-07-16,2024-01-12,WORK_IN_PROGRESS,24.39755,77.57839
MPLADS-000714,School Additional Classroom at Ward-16,School Additional Classroom,Education Infrastructure,DIST-0489,ST-14,PC-0713,CONT-0061,AGENCY-0980,2022-09-06,2022-09-30,2023-02-27,COMPLETED,23.61628,86.90418
MPLADS-000715,Multi-Village Hospital Block at Ward-37,Multi-Village Hospital Block,Mega Infrastructure,DIST-0504,ST-14,PC-0734,CONT-0268,AGENCY-1132,2022-11-20,2022-12-17,2024-01-21,COMPLETED,22.98705,86.5054
MPLADS-000716,Solar High-Mast Light at Ward-09,Solar High-Mast Light,Renewable Energy,DIST-0125,ST-03,PC-0181,CONT-0167,AGENCY-0360,2022-06-06,2022-07-28,2022-09-26,WORK_IN_PROGRESS,26.90926,84.36596
MPLADS-000717,RO Water Plant at Ward-11,RO Water Plant,Drinking Water,DIST-0338,ST-08,PC-0493,CONT-0287,AGENCY-0760,2022-07-31,2022-09-11,2022-12-10,WORK_IN_PROGRESS,17.54739,76.68939
MPLADS-000718,Crematorium Shed at Ward-03,Crematorium Shed,Community Infrastructure,DIST-0004,ST-01,PC-0006,CONT-0255,AGENCY-0477,2023-04-27,2023-06-23,2023-10-21,DELAYED,24.94198,82.04292
MPLADS-000719,Solar Rooftop Panel at Ward-36,Solar Rooftop Panel,Renewable Energy,DIST-0299,ST-07,PC-0437,CONT-0071,AGENCY-0539,2023-05-18,2023-06-28,2023-08-27,COMPLETED,28.32773,72.42141
MPLADS-000720,Farm Pond Renovation at Ward-48,Farm Pond Renovation,Irrigation & Agriculture,DIST-0164,ST-04,PC-0233,CONT-0089,AGENCY-1111,2023-03-13,2023-04-16,2023-09-23,WORK_IN_PROGRESS,24.54592,86.19804
MPLADS-000721,Solar Rooftop Panel at Ward-78,Solar Rooftop Panel,Renewable Energy,DIST-0150,ST-04,PC-0213,CONT-0148,AGENCY-1062,2022-07-06,2022-08-21,2022-10-20,WORK_IN_PROGRESS,22.5194,87.89674
MPLADS-000722,Deep Tube Well at Ward-96,Deep Tube Well,Drinking Water,DIST-0617,ST-18,PC-0909,CONT-0203,AGENCY-0378,2022-02-19,2022-03-08,2022-06-06,WORK_IN_PROGRESS,29.34418,76.29126
MPLADS-000723,Culvert Bridge at Ward-07,Culvert Bridge,Roads & Bridges,DIST-0298,ST-07,PC-0436,CONT-0057,AGENCY-0578,2023-11-21,2024-01-08,2024-07-06,WORK_IN_PROGRESS,27.46095,73.30215
MPLADS-000724,CC Road Construction at Ward-62,CC Road Construction,Roads & Bridges,DIST-0157,ST-04,PC-0221,CONT-0108,AGENCY-0581,2022-11-21,2022-12-11,2023-06-09,WORK_IN_PROGRESS,26.56165,87.69469
MPLADS-000725,Multi-Village Hospital Block at Ward-30,Multi-Village Hospital Block,Mega Infrastructure,DIST-0506,ST-14,PC-0738,CONT-0067,AGENCY-1190,2023-01-08,2023-02-03,2024-03-09,WORK_IN_PROGRESS,22.33063,86.10587
MPLADS-000726,Deep Tube Well at Ward-21,Deep Tube Well,Drinking Water,DIST-0177,ST-05,PC-0249,CONT-0220,AGENCY-0830,2023-10-23,2023-12-11,2024-03-10,COMPLETED,22.29894,80.75647
MPLADS-000727,School Additional Classroom at Ward-73,School Additional Classroom,Education Infrastructure,DIST-0157,ST-04,PC-0221,CONT-0026,AGENCY-0195,2022-12-10,2023-01-06,2023-06-05,WORK_IN_PROGRESS,26.52168,87.8046
MPLADS-000728,Piped Water Network at Ward-98,Piped Water Network,Drinking Water,DIST-0420,ST-11,PC-0613,CONT-0065,AGENCY-0110,2022-07-06,2022-09-03,2022-12-02,WORK_IN_PROGRESS,21.52443,84.4989
MPLADS-000729,Deep Tube Well at Ward-60,Deep Tube Well,Drinking Water,DIST-0249,ST-06,PC-0363,CONT-0086,AGENCY-0315,2023-02-27,2023-04-27,2023-07-26,COMPLETED,11.52613,77.55994
MPLADS-000730,Solar Street Lighting at Ward-41,Solar Street Lighting,Renewable Energy,DIST-0462,ST-12,PC-0675,CONT-0082,AGENCY-0725,2022-09-22,2022-11-19,2023-01-18,WORK_IN_PROGRESS,17.04925,79.10293
MPLADS-000731,Solar Street Lighting at Ward-22,Solar Street Lighting,Renewable Energy,DIST-0470,ST-13,PC-0686,CONT-0029,AGENCY-0176,2023-05-07,2023-05-24,2023-07-23,WORK_IN_PROGRESS,10.62323,75.3863
MPLADS-000732,Solar Street Lighting at Ward-77,Solar Street Lighting,Renewable Energy,DIST-0234,ST-06,PC-0340,CONT-0211,AGENCY-0877,2022-06-04,2022-07-15,2022-09-13,WORK_IN_PROGRESS,12.89267,77.57465
MPLADS-000733,Crematorium Shed at Ward-57,Crematorium Shed,Community Infrastructure,DIST-0351,ST-09,PC-0511,CONT-0113,AGENCY-0914,2022-06-26,2022-08-09,2022-12-07,WORK_IN_PROGRESS,24.43553,68.36019
MPLADS-000734,Lift Irrigation Scheme at Ward-84,Lift Irrigation Scheme,Irrigation & Agriculture,DIST-0501,ST-14,PC-0730,CONT-0225,AGENCY-0410,2023-06-21,2023-07-23,2023-12-30,WORK_IN_PROGRESS,23.83583,86.90725
MPLADS-000735,Community Tank at Ward-17,Community Tank,Drinking Water,DIST-0187,ST-05,PC-0264,CONT-0167,AGENCY-0833,2023-11-02,2023-12-04,2024-03-03,DELAYED,25.66528,81.24201
MPLADS-000736,Farm Pond Renovation at Ward-10,Farm Pond Renovation,Irrigation & Agriculture,DIST-0187,ST-05,PC-0264,CONT-0022,AGENCY-0132,2022-03-18,2022-05-14,2022-10-21,WORK_IN_PROGRESS,25.65199,81.24173
MPLADS-000737,Major River Overbridge at Ward-12,Major River Overbridge,Mega Infrastructure,DIST-0118,ST-03,PC-0171,CONT-0139,AGENCY-1133,2023-02-07,2023-03-14,2024-04-17,WORK_IN_PROGRESS,26.49686,87.56496
MPLADS-000738,Crematorium Shed at Ward-27,Crematorium Shed,Community Infrastructure,DIST-0489,ST-14,PC-0713,CONT-0199,AGENCY-1026,2022-03-23,2022-04-25,2022-08-23,WORK_IN_PROGRESS,23.5826,86.78984
MPLADS-000739,CC Road Construction at Ward-15,CC Road Construction,Roads & Bridges,DIST-0439,ST-12,PC-0641,CONT-0179,AGENCY-0244,2022-07-06,2022-08-07,2023-02-03,WORK_IN_PROGRESS,17.5629,78.12906
MPLADS-000740,Community Hall at Ward-07,Community Hall,Community Infrastructure,DIST-0219,ST-05,PC-0319,CONT-0262,AGENCY-0192,2022-01-03,2022-02-10,2022-06-10,DELAYED,24.30478,77.56191
MPLADS-000741,Lift Irrigation Scheme at Ward-26,Lift Irrigation Scheme,Irrigation & Agriculture,DIST-0213,ST-05,PC-0309,CONT-0108,AGENCY-0828,2023-07-14,2023-08-29,2024-02-05,WORK_IN_PROGRESS,23.44821,77.68901
MPLADS-000742,Culvert Bridge at Ward-65,Culvert Bridge,Roads & Bridges,DIST-0162,ST-04,PC-0229,CONT-0174,AGENCY-0987,2023-07-09,2023-08-06,2024-02-02,WORK_IN_PROGRESS,22.33529,85.73294
MPLADS-000743,District Sports Complex at Ward-09,District Sports Complex,Mega Infrastructure,DIST-0105,ST-02,PC-0149,CONT-0137,AGENCY-1132,2022-06-19,2022-07-20,2023-08-24,WORK_IN_PROGRESS,16.8862,80.02952
MPLADS-000744,Solar Street Lighting at Ward-75,Solar Street Lighting,Renewable Energy,DIST-0551,ST-16,PC-0809,CONT-0035,AGENCY-0535,2023-02-24,2023-04-14,2023-06-13,WORK_IN_PROGRESS,31.20742,76.2251
MPLADS-000745,Solar Street Lighting at Ward-54,Solar Street Lighting,Renewable Energy,DIST-0289,ST-07,PC-0424,CONT-0136,AGENCY-0888,2023-04-18,2023-06-16,2023-08-15,COMPLETED,28.42197,77.05565
MPLADS-000746,Solar Rooftop Panel at Ward-58,Solar Rooftop Panel,Renewable Energy,DIST-0320,ST-08,PC-0469,CONT-0168,AGENCY-0845,2023-06-18,2023-07-12,2023-09-10,WORK_IN_PROGRESS,18.09389,74.14026
MPLADS-000747,School Additional Classroom at Ward-31,School Additional Classroom,Education Infrastructure,DIST-0083,ST-02,PC-0123,CONT-0140,AGENCY-0776,2023-07-18,2023-09-14,2024-02-11,WORK_IN_PROGRESS,15.50298,76.55422
MPLADS-000748,Lift Irrigation Scheme at Ward-39,Lift Irrigation Scheme,Irrigation & Agriculture,DIST-0316,ST-08,PC-0463,CONT-0046,AGENCY-1208,2022-07-31,2022-09-24,2023-03-03,COMPLETED,14.78099,77.77257
MPLADS-000749,Community Tank at Ward-37,Community Tank,Drinking Water,DIST-0365,ST-09,PC-0529,CONT-0279,AGENCY-0325,2023-11-24,2023-12-22,2024-03-21,WORK_IN_PROGRESS,20.98862,69.22644
MPLADS-000750,District Sports Complex at Ward-61,District Sports Complex,Mega Infrastructure,DIST-0501,ST-14,PC-0730,CONT-0116,AGENCY-0626,2022-07-26,2022-08-28,2023-10-02,COMPLETED,23.84181,86.92383
MPLADS-000751,Farm Pond Renovation at Ward-67,Farm Pond Renovation,Irrigation & Agriculture,DIST-0028,ST-01,PC-0040,CONT-0128,AGENCY-0039,2022-12-07,2022-12-29,2023-06-07,COMPLETED,27.89755,83.51783
MPLADS-000752,Primary Health Sub-Centre at Ward-22,Primary Health Sub-Centre,Public Health,DIST-0128,ST-03,PC-0184,CONT-0240,AGENCY-0845,2022-01-19,2022-02-10,2022-09-08,WORK_IN_PROGRESS,26.9495,85.09433
MPLADS-000753,Crematorium Shed at Ward-82,Crematorium Shed,Community Infrastructure,DIST-0166,ST-04,PC-0236,CONT-0064,AGENCY-0298,2022-12-13,2023-01-20,2023-05-20,WORK_IN_PROGRESS,24.10396,87.20381
MPLADS-000754,Piped Water Network at Ward-04,Piped Water Network,Drinking Water,DIST-0529,ST-15,PC-0777,CONT-0196,AGENCY-0141,2022-11-23,2023-01-16,2023-04-16,WORK_IN_PROGRESS,27.52569,90.17636
MPLADS-000755,Check Dam at Ward-61,Check Dam,Irrigation & Agriculture,DIST-0472,ST-13,PC-0688,CONT-0241,AGENCY-0480,2023-05-08,2023-05-24,2023-10-31,WORK_IN_PROGRESS,8.1167,76.82167
MPLADS-000756,Community Tank at Ward-33,Community Tank,Drinking Water,DIST-0334,ST-08,PC-0488,CONT-0061,AGENCY-0529,2022-05-03,2022-06-06,2022-09-04,WORK_IN_PROGRESS,17.22628,75.46819
MPLADS-000757,Check Dam at Ward-22,Check Dam,Irrigation & Agriculture,DIST-0401,ST-10,PC-0581,CONT-0318,AGENCY-1166,2023-07-20,2023-09-16,2024-02-23,WORK_IN_PROGRESS,14.37966,82.91637
MPLADS-000758,Bituminous Road at Ward-46,Bituminous Road,Roads & Bridges,DIST-0372,ST-09,PC-0539,CONT-0137,AGENCY-0178,2022-11-05,2022-11-20,2023-05-19,WORK_IN_PROGRESS,23.87635,71.25068
MPLADS-000759,Ayurvedic Dispensary at Ward-39,Ayurvedic Dispensary,Public Health,DIST-0222,ST-05,PC-0323,CONT-0219,AGENCY-0511,2022-05-12,2022-06-13,2023-01-09,WORK_IN_PROGRESS,24.89025,82.3855
MPLADS-000760,Community Hall at Ward-05,Community Hall,Community Infrastructure,DIST-0609,ST-18,PC-0896,CONT-0078,AGENCY-0432,2022-02-20,2022-03-13,2022-07-11,WORK_IN_PROGRESS,27.8708,76.43737
MPLADS-000761,Culvert Bridge at Ward-75,Culvert Bridge,Roads & Bridges,DIST-0126,ST-03,PC-0182,CONT-0187,AGENCY-0008,2023-09-29,2023-11-16,2024-05-14,WORK_IN_PROGRESS,25.95802,86.42814
MPLADS-000762,Solar Rooftop Panel at Ward-51,Solar Rooftop Panel,Renewable Energy,DIST-0333,ST-08,PC-0486,CONT-0190,AGENCY-1079,2023-09-23,2023-11-03,2024-01-02,WORK_IN_PROGRESS,12.13945,76.6851
MPLADS-000763,Library Room at Ward-73,Library Room,Education Infrastructure,DIST-0422,ST-11,PC-0616,CONT-0193,AGENCY-0644,2022-05-15,2022-06-12,2022-11-09,COMPLETED,18.63827,84.63421
MPLADS-000764,School Additional Classroom at Ward-75,School Additional Classroom,Education Infrastructure,DIST-0183,ST-05,PC-0259,CONT-0082,AGENCY-0263,2022-06-26,2022-07-27,2022-12-24,WORK_IN_PROGRESS,23.30112,78.00937
MPLADS-000765,Paver Block Road at Ward-68,Paver Block Road,Roads & Bridges,DIST-0513,ST-15,PC-0748,CONT-0064,AGENCY-1018,2022-02-05,2022-02-28,2022-08-27,WORK_IN_PROGRESS,25.65161,93.47325
MPLADS-000766,Deep Tube Well at Ward-87,Deep Tube Well,Drinking Water,DIST-0343,ST-08,PC-0501,CONT-0080,AGENCY-1024,2023-09-08,2023-10-12,2024-01-10,WORK_IN_PROGRESS,17.1689,77.24149
MPLADS-000767,Lift Irrigation Scheme at Ward-69,Lift Irrigation Scheme,Irrigation & Agriculture,DIST-0379,ST-09,PC-0548,CONT-0078,AGENCY-0677,2022-08-18,2022-09-12,2023-02-19,DELAYED,21.22518,68.94352
MPLADS-000768,Community Tank at Ward-27,Community Tank,Drinking Water,DIST-0066,ST-01,PC-0095,CONT-0092,AGENCY-0937,2022-02-13,2022-03-13,2022-06-11,WORK_IN_PROGRESS,24.14398,83.93713
MPLADS-000769,Lift Irrigation Scheme at Ward-39,Lift Irrigation Scheme,Irrigation & Agriculture,DIST-0067,ST-01,PC-0096,CONT-0133,AGENCY-0267,2022-10-06,2022-10-27,2023-04-05,COMPLETED,28.17907,84.29429
MPLADS-000770,School Boundary Wall at Ward-11,School Boundary Wall,Education Infrastructure,DIST-0011,ST-01,PC-0016,CONT-0182,AGENCY-0805,2023-09-09,2023-11-04,2024-04-02,COMPLETED,27.31875,78.20168
MPLADS-000771,Solar Rooftop Panel at Ward-01,Solar Rooftop Panel,Renewable Energy,DIST-0468,ST-12,PC-0684,CONT-0051,AGENCY-0602,2023-10-06,2023-10-29,2023-12-28,WORK_IN_PROGRESS,18.99364,77.74545
MPLADS-000772,Crematorium Shed at Ward-28,Crematorium Shed,Community Infrastructure,DIST-0543,ST-16,PC-0797,CONT-0093,AGENCY-0194,2022-08-19,2022-09-23,2023-01-21,WORK_IN_PROGRESS,31.62283,75.59392
MPLADS-000773,Farm Pond Renovation at Ward-33,Farm Pond Renovation,Irrigation & Agriculture,DIST-0417,ST-11,PC-0609,CONT-0019,AGENCY-0696,2022-04-13,2022-05-11,2022-10-18,WORK_IN_PROGRESS,21.46983,84.16127
MPLADS-000774,Solar High-Mast Light at Ward-91,Solar High-Mast Light,Renewable Energy,DIST-0126,ST-03,PC-0182,CONT-0216,AGENCY-0021,2022-06-28,2022-08-07,2022-10-06,WORK_IN_PROGRESS,26.0521,86.44161
MPLADS-000775,CC Road Construction at Ward-57,CC Road Construction,Roads & Bridges,DIST-0333,ST-08,PC-0486,CONT-0171,AGENCY-0911,2023-09-26,2023-11-02,2024-04-30,COMPLETED,12.23521,76.7829
MPLADS-000776,Bituminous Road at Ward-63,Bituminous Road,Roads & Bridges,DIST-0265,ST-06,PC-0386,CONT-0151,AGENCY-0617,2023-11-14,2024-01-02,2024-06-30,COMPLETED,9.62391,77.11661
MPLADS-000777,Piped Water Network at Ward-50,Piped Water Network,Drinking Water,DIST-0442,ST-12,PC-0644,CONT-0265,AGENCY-1183,2022-11-04,2022-12-19,2023-03-19,WORK_IN_PROGRESS,16.00479,80.0974
MPLADS-000778,Deep Tube Well at Ward-64,Deep Tube Well,Drinking Water,DIST-0028,ST-01,PC-0040,CONT-0285,AGENCY-0379,2022-04-08,2022-04-30,2022-07-29,WORK_IN_PROGRESS,27.99013,83.458
MPLADS-000779,Culvert Bridge at Ward-23,Culvert Bridge,Roads & Bridges,DIST-0413,ST-11,PC-0602,CONT-0026,AGENCY-0880,2022-08-30,2022-10-09,2023-04-07,COMPLETED,18.75792,85.02427
MPLADS-000780,Bituminous Road at Ward-53,Bituminous Road,Roads & Bridges,DIST-0324,ST-08,PC-0473,CONT-0318,AGENCY-0807,2022-10-09,2022-12-04,2023-06-02,DELAYED,12.57917,78.43113
MPLADS-000781,Solar High-Mast Light at Ward-84,Solar High-Mast Light,Renewable Energy,DIST-0313,ST-07,PC-0460,CONT-0146,AGENCY-0521,2023-02-15,2023-04-01,2023-05-31,WORK_IN_PROGRESS,25.64946,75.76982
MPLADS-000782,Multi-Village Hospital Block at Ward-50,Multi-Village Hospital Block,Mega Infrastructure,DIST-0572,ST-17,PC-0844,CONT-0308,AGENCY-0060,2022-12-21,2023-02-15,2024-03-21,COMPLETED,23.02568,82.78226
MPLADS-000783,School Additional Classroom at Ward-60,School Additional Classroom,Education Infrastructure,DIST-0493,ST-14,PC-0720,CONT-0104,AGENCY-1205,2022-03-01,2022-03-22,2022-08-19,WORK_IN_PROGRESS,23.7089,84.71217
MPLADS-000784,Farm Pond Renovation at Ward-12,Farm Pond Renovation,Irrigation & Agriculture,DIST-0566,ST-17,PC-0832,CONT-0300,AGENCY-0875,2022-09-09,2022-11-06,2023-04-15,WORK_IN_PROGRESS,20.14929,80.26822
MPLADS-000785,Community Tank at Ward-13,Community Tank,Drinking Water,DIST-0258,ST-06,PC-0376,CONT-0232,AGENCY-0639,2023-02-25,2023-03-15,2023-06-13,WORK_IN_PROGRESS,13.41108,76.31971
MPLADS-000786,Culvert Bridge at Ward-11,Culvert Bridge,Roads & Bridges,DIST-0101,ST-02,PC-0144,CONT-0294,AGENCY-1223,2022-07-28,2022-09-01,2023-02-28,WORK_IN_PROGRESS,18.48663,74.60946
MPLADS-000787,Culvert Bridge at Ward-33,Culvert Bridge,Roads & Bridges,DIST-0125,ST-03,PC-0181,CONT-0021,AGENCY-0464,2022-07-30,2022-08-27,2023-02-23,WORK_IN_PROGRESS,26.91893,84.35491
MPLADS-000788,Paver Block Road at Ward-56,Paver Block Road,Roads & Bridges,DIST-0180,ST-05,PC-0253,CONT-0044,AGENCY-0748,2023-07-02,2023-08-22,2024-02-18,WORK_IN_PROGRESS,24.71483,80.99027
MPLADS-000789,Deep Tube Well at Ward-80,Deep Tube Well,Drinking Water,DIST-0393,ST-10,PC-0568,CONT-0305,AGENCY-0182,2023-04-20,2023-05-22,2023-08-20,WORK_IN_PROGRESS,16.44468,77.83422
MPLADS-000790,Bituminous Road at Ward-17,Bituminous Road,Roads & Bridges,DIST-0117,ST-03,PC-0170,CONT-0072,AGENCY-0891,2023-07-27,2023-09-01,2024-02-28,COMPLETED,25.42753,84.02537
MPLADS-000791,School Additional Classroom at Ward-83,School Additional Classroom,Education Infrastructure,DIST-0067,ST-01,PC-0096,CONT-0264,AGENCY-1007,2023-03-27,2023-05-08,2023-10-05,WORK_IN_PROGRESS,28.12606,84.29114
MPLADS-000792,Farm Pond Renovation at Ward-08,Farm Pond Renovation,Irrigation & Agriculture,DIST-0279,ST-07,PC-0409,CONT-0224,AGENCY-0230,2022-04-14,2022-05-19,2022-10-26,WORK_IN_PROGRESS,26.78994,69.75695
MPLADS-000793,Public Toilet Complex at Ward-87,Public Toilet Complex,Community Infrastructure,DIST-0220,ST-05,PC-0320,CONT-0088,AGENCY-0016,2022-08-07,2022-08-26,2022-12-24,WORK_IN_PROGRESS,23.73943,76.64724
MPLADS-000794,Lift Irrigation Scheme at Ward-34,Lift Irrigation Scheme,Irrigation & Agriculture,DIST-0422,ST-11,PC-0616,CONT-0005,AGENCY-0923,2022-01-06,2022-01-31,2022-07-10,WORK_IN_PROGRESS,18.61144,84.71479
MPLADS-000795,Major River Overbridge at Ward-77,Major River Overbridge,Mega Infrastructure,DIST-0300,ST-07,PC-0439,CONT-0061,AGENCY-1035,2022-03-29,2022-05-04,2023-06-08,WORK_IN_PROGRESS,25.18416,73.88851
MPLADS-000796,Multi-Village Hospital Block at Ward-85,Multi-Village Hospital Block,Mega Infrastructure,DIST-0102,ST-02,PC-0146,CONT-0040,AGENCY-1178,2022-08-24,2022-09-11,2023-10-16,WORK_IN_PROGRESS,20.53292,79.52445
MPLADS-000797,Bituminous Road at Ward-28,Bituminous Road,Roads & Bridges,DIST-0309,ST-07,PC-0455,CONT-0288,AGENCY-1156,2022-07-20,2022-08-31,2023-02-27,DELAYED,28.70751,77.07242
MPLADS-000798,Ambulance Vehicle at Ward-15,Ambulance Vehicle,Public Health,DIST-0269,ST-07,PC-0391,CONT-0128,AGENCY-0957,2023-02-22,2023-04-18,2023-11-14,WORK_IN_PROGRESS,25.39395,72.30937
MPLADS-000799,Bituminous Road at Ward-24,Bituminous Road,Roads & Bridges,DIST-0271,ST-07,PC-0395,CONT-0258,AGENCY-1040,2022-01-15,2022-02-28,2022-08-27,WORK_IN_PROGRESS,28.28915,70.07457
MPLADS-000800,Paver Block Road at Ward-23,Paver Block Road,Roads & Bridges,DIST-0324,ST-08,PC-0473,CONT-0028,AGENCY-0327,2022-09-20,2022-11-04,2023-05-03,WORK_IN_PROGRESS,12.54687,78.56613
MPLADS-000801,Deep Tube Well at Ward-67,Deep Tube Well,Drinking Water,DIST-0037,ST-01,PC-0055,CONT-0010,AGENCY-0654,2022-08-13,2022-09-05,2022-12-04,WORK_IN_PROGRESS,28.27867,83.03201
MPLADS-000802,Deep Tube Well at Ward-02,Deep Tube Well,Drinking Water,DIST-0190,ST-05,PC-0271,CONT-0032,AGENCY-1100,2023-01-29,2023-02-27,2023-05-28,WORK_IN_PROGRESS,24.67603,78.48729
MPLADS-000803,Primary Health Sub-Centre at Ward-67,Primary Health Sub-Centre,Public Health,DIST-0177,ST-05,PC-0249,CONT-0313,AGENCY-1215,2023-01-21,2023-02-26,2023-09-24,WORK_IN_PROGRESS,22.25574,80.6779
MPLADS-000804,RO Water Plant at Ward-13,RO Water Plant,Drinking Water,DIST-0349,ST-09,PC-0508,CONT-0184,AGENCY-0198,2022-11-11,2022-11-28,2023-02-26,COMPLETED,20.78952,69.23496
MPLADS-000805,Lift Irrigation Scheme at Ward-58,Lift Irrigation Scheme,Irrigation & Agriculture,DIST-0536,ST-15,PC-0786,CONT-0108,AGENCY-0905,2022-08-09,2022-09-10,2023-02-17,WORK_IN_PROGRESS,26.07803,94.00287
MPLADS-000806,Solar Rooftop Panel at Ward-22,Solar Rooftop Panel,Renewable Energy,DIST-0492,ST-14,PC-0717,CONT-0034,AGENCY-0595,2022-11-25,2023-01-01,2023-03-02,WORK_IN_PROGRESS,23.33083,83.7061
MPLADS-000807,Solar High-Mast Light at Ward-23,Solar High-Mast Light,Renewable Energy,DIST-0460,ST-12,PC-0673,CONT-0015,AGENCY-1104,2022-10-14,2022-11-11,2023-01-10,WORK_IN_PROGRESS,16.07146,79.28019
MPLADS-000808,Community Hall at Ward-17,Community Hall,Community Infrastructure,DIST-0447,ST-12,PC-0650,CONT-0052,AGENCY-1213,2023-10-19,2023-11-13,2024-03-12,WORK_IN_PROGRESS,17.61167,77.89015
MPLADS-000809,Crematorium Shed at Ward-24,Crematorium Shed,Community Infrastructure,DIST-0463,ST-12,PC-0677,CONT-0290,AGENCY-0295,2023-10-23,2023-11-11,2024-03-10,COMPLETED,17.21383,79.10747
MPLADS-000810,Solar Rooftop Panel at Ward-24,Solar Rooftop Panel,Renewable Energy,DIST-0055,ST-01,PC-0082,CONT-0266,AGENCY-1040,2023-09-18,2023-11-15,2024-01-14,COMPLETED,27.73468,82.29324
MPLADS-000811,Piped Water Network at Ward-76,Piped Water Network,Drinking Water,DIST-0507,ST-15,PC-0739,CONT-0145,AGENCY-0586,2023-09-10,2023-10-19,2024-01-17,WORK_IN_PROGRESS,25.05021,95.92782
MPLADS-000812,Community Tank at Ward-58,Community Tank,Drinking Water,DIST-0129,ST-03,PC-0186,CONT-0136,AGENCY-1048,2022-09-22,2022-11-13,2023-02-11,WORK_IN_PROGRESS,24.75497,83.77307
MPLADS-000813,Crematorium Shed at Ward-11,Crematorium Shed,Community Infrastructure,DIST-0389,ST-10,PC-0562,CONT-0262,AGENCY-0262,2023-01-16,2023-01-31,2023-05-31,DELAYED,18.49106,81.05155
MPLADS-000814,Ambulance Vehicle at Ward-36,Ambulance Vehicle,Public Health,DIST-0056,ST-01,PC-0083,CONT-0192,AGENCY-0136,2022-12-02,2023-01-25,2023-08-23,COMPLETED,26.32201,80.78955
MPLADS-000815,Check Dam at Ward-37,Check Dam,Irrigation & Agriculture,DIST-0143,ST-03,PC-0204,CONT-0312,AGENCY-0100,2023-01-06,2023-02-15,2023-07-25,WORK_IN_PROGRESS,25.48112,83.93171
MPLADS-000816,School Boundary Wall at Ward-89,School Boundary Wall,Education Infrastructure,DIST-0151,ST-04,PC-0214,CONT-0207,AGENCY-0612,2023-07-11,2023-08-10,2024-01-07,WORK_IN_PROGRESS,24.88535,87.27585
MPLADS-000817,Lift Irrigation Scheme at Ward-81,Lift Irrigation Scheme,Irrigation & Agriculture,DIST-0107,ST-02,PC-0152,CONT-0310,AGENCY-0376,2023-03-15,2023-04-14,2023-09-21,WORK_IN_PROGRESS,16.46865,80.08686
MPLADS-000818,Culvert Bridge at Ward-22,Culvert Bridge,Roads & Bridges,DIST-0131,ST-03,PC-0190,CONT-0266,AGENCY-0313,2022-08-01,2022-08-21,2023-02-17,WORK_IN_PROGRESS,26.69246,84.26079
MPLADS-000819,Maternity Ward Facility at Ward-98,Maternity Ward Facility,Public Health,DIST-0070,ST-01,PC-0102,CONT-0184,AGENCY-0317,2022-05-11,2022-06-28,2023-01-24,WORK_IN_PROGRESS,26.64418,82.89548
MPLADS-000820,Major River Overbridge at Ward-80,Major River Overbridge,Mega Infrastructure,DIST-0109,ST-02,PC-0155,CONT-0107,AGENCY-0117,2022-08-31,2022-10-15,2023-11-19,WORK_IN_PROGRESS,15.68992,73.49749
MPLADS-000821,Community Hall at Ward-07,Community Hall,Community Infrastructure,DIST-0323,ST-08,PC-0472,CONT-0295,AGENCY-0466,2022-05-10,2022-06-02,2022-09-30,COMPLETED,15.78624,78.39728
MPLADS-000822,Crematorium Shed at Ward-62,Crematorium Shed,Community Infrastructure,DIST-0162,ST-04,PC-0228,CONT-0266,AGENCY-0739,2023-05-09,2023-06-16,2023-10-14,WORK_IN_PROGRESS,22.37335,85.79166
MPLADS-000823,Yatri Shed at Ward-32,Yatri Shed,Community Infrastructure,DIST-0612,ST-18,PC-0901,CONT-0286,AGENCY-0916,2022-03-02,2022-03-28,2022-07-26,WORK_IN_PROGRESS,30.93585,75.36617
MPLADS-000824,School Boundary Wall at Ward-23,School Boundary Wall,Education Infrastructure,DIST-0497,ST-14,PC-0725,CONT-0218,AGENCY-0281,2023-06-28,2023-07-14,2023-12-11,WORK_IN_PROGRESS,23.23957,84.10463
MPLADS-000825,CC Road Construction at Ward-74,CC Road Construction,Roads & Bridges,DIST-0319,ST-08,PC-0467,CONT-0099,AGENCY-0102,2023-07-07,2023-07-24,2024-01-20,WORK_IN_PROGRESS,16.72415,76.07679
MPLADS-000826,Community Hall at Ward-31,Community Hall,Community Infrastructure,DIST-0540,ST-15,PC-0792,CONT-0181,AGENCY-1118,2023-04-06,2023-05-26,2023-09-23,WORK_IN_PROGRESS,24.59311,93.68486
MPLADS-000827,Ambulance Vehicle at Ward-11,Ambulance Vehicle,Public Health,DIST-0007,ST-01,PC-0009,CONT-0068,AGENCY-0136,2023-11-29,2024-01-27,2024-08-24,WORK_IN_PROGRESS,28.35908,82.28786
MPLADS-000828,Lift Irrigation Scheme at Ward-82,Lift Irrigation Scheme,Irrigation & Agriculture,DIST-0088,ST-02,PC-0128,CONT-0169,AGENCY-0954,2022-07-01,2022-07-27,2023-01-03,WORK_IN_PROGRESS,17.55388,78.93512
MPLADS-000829,Culvert Bridge at Ward-70,Culvert Bridge,Roads & Bridges,DIST-0374,ST-09,PC-0541,CONT-0079,AGENCY-0200,2022-07-23,2022-08-22,2023-02-18,WORK_IN_PROGRESS,23.05979,73.09588
MPLADS-000830,Solar Street Lighting at Ward-89,Solar Street Lighting,Renewable Energy,DIST-0199,ST-05,PC-0287,CONT-0176,AGENCY-0336,2022-09-03,2022-10-09,2022-12-08,WORK_IN_PROGRESS,23.50777,76.91559
MPLADS-000831,Solar Rooftop Panel at Ward-52,Solar Rooftop Panel,Renewable Energy,DIST-0490,ST-14,PC-0715,CONT-0201,AGENCY-0637,2022-12-24,2023-02-13,2023-04-14,WORK_IN_PROGRESS,24.32404,84.92029
MPLADS-000832,District Sports Complex at Ward-67,District Sports Complex,Mega Infrastructure,DIST-0104,ST-02,PC-0148,CONT-0251,AGENCY-0013,2023-08-06,2023-09-07,2024-10-11,COMPLETED,21.0381,77.11873
MPLADS-000833,Maternity Ward Facility at Ward-84,Maternity Ward Facility,Public Health,DIST-0022,ST-01,PC-0033,CONT-0217,AGENCY-0601,2023-03-23,2023-04-20,2023-11-16,WORK_IN_PROGRESS,30.02843,78.76038
MPLADS-000834,Paver Block Road at Ward-70,Paver Block Road,Roads & Bridges,DIST-0576,ST-17,PC-0850,CONT-0153,AGENCY-0830,2023-07-09,2023-08-21,2024-02-17,WORK_IN_PROGRESS,18.68278,80.14348
MPLADS-000835,Culvert Bridge at Ward-27,Culvert Bridge,Roads & Bridges,DIST-0295,ST-07,PC-0431,CONT-0026,AGENCY-0094,2023-01-05,2023-02-19,2023-08-18,DELAYED,27.3137,76.77219
MPLADS-000836,Solar Street Lighting at Ward-35,Solar Street Lighting,Renewable Energy,DIST-0103,ST-02,PC-0147,CONT-0281,AGENCY-0514,2023-04-02,2023-05-18,2023-07-17,COMPLETED,17.52896,76.85016
MPLADS-000837,Community Hall at Ward-64,Community Hall,Community Infrastructure,DIST-0531,ST-15,PC-0780,CONT-0022,AGENCY-1231,2023-04-10,2023-04-27,2023-08-25,DELAYED,26.57744,93.20849
MPLADS-000838,Piped Water Network at Ward-34,Piped Water Network,Drinking Water,DIST-0468,ST-12,PC-0684,CONT-0195,AGENCY-0219,2022-09-15,2022-10-29,2023-01-27,WORK_IN_PROGRESS,19.06245,77.83356
MPLADS-000839,RO Water Plant at Ward-57,RO Water Plant,Drinking Water,DIST-0602,ST-18,PC-0886,CONT-0068,AGENCY-0505,2022-07-06,2022-08-25,2022-11-23,WORK_IN_PROGRESS,28.72876,74.95989
MPLADS-000840,Solar Rooftop Panel at Ward-53,Solar Rooftop Panel,Renewable Energy,DIST-0314,ST-07,PC-0461,CONT-0061,AGENCY-0615,2022-01-30,2022-02-19,2022-04-20,COMPLETED,27.17395,71.87294
MPLADS-000841,Maternity Ward Facility at Ward-53,Maternity Ward Facility,Public Health,DIST-0431,ST-11,PC-0629,CONT-0054,AGENCY-0293,2023-09-23,2023-10-20,2024-05-17,WORK_IN_PROGRESS,20.94431,83.61372
MPLADS-000842,Multi-Village Hospital Block at Ward-14,Multi-Village Hospital Block,Mega Infrastructure,DIST-0016,ST-01,PC-0023,CONT-0111,AGENCY-0618,2023-03-23,2023-04-30,2024-06-03,WORK_IN_PROGRESS,24.1888,84.22903
MPLADS-000843,Public Toilet Complex at Ward-78,Public Toilet Complex,Community Infrastructure,DIST-0529,ST-15,PC-0777,CONT-0260,AGENCY-0775,2022-10-02,2022-11-01,2023-03-01,WORK_IN_PROGRESS,27.55068,90.18677
MPLADS-000844,District Sports Complex at Ward-42,District Sports Complex,Mega Infrastructure,DIST-0081,ST-02,PC-0120,CONT-0154,AGENCY-0331,2022-07-21,2022-09-16,2023-10-21,WORK_IN_PROGRESS,15.80923,74.52696
MPLADS-000845,Solar High-Mast Light at Ward-09,Solar High-Mast Light,Renewable Energy,DIST-0556,ST-16,PC-0816,CONT-0089,AGENCY-0577,2023-06-17,2023-08-05,2023-10-04,WORK_IN_PROGRESS,31.99081,75.97761
MPLADS-000846,Major River Overbridge at Ward-52,Major River Overbridge,Mega Infrastructure,DIST-0363,ST-09,PC-0526,CONT-0245,AGENCY-0409,2022-09-27,2022-10-31,2023-12-05,COMPLETED,23.63199,73.78403
MPLADS-000847,RO Water Plant at Ward-17,RO Water Plant,Drinking Water,DIST-0596,ST-17,PC-0877,CONT-0042,AGENCY-0556,2022-01-16,2022-02-14,2022-05-15,DELAYED,21.83163,82.96362
MPLADS-000848,Crematorium Shed at Ward-10,Crematorium Shed,Community Infrastructure,DIST-0451,ST-12,PC-0657,CONT-0219,AGENCY-0178,2023-03-19,2023-04-20,2023-08-18,COMPLETED,15.98033,81.08295
MPLADS-000849,School Additional Classroom at Ward-60,School Additional Classroom,Education Infrastructure,DIST-0057,ST-01,PC-0084,CONT-0196,AGENCY-0742,2022-06-13,2022-06-29,2022-11-26,COMPLETED,26.02082,83.31207
MPLADS-000850,Solar Rooftop Panel at Ward-65,Solar Rooftop Panel,Renewable Energy,DIST-0017,ST-01,PC-0025,CONT-0121,AGENCY-1125,2022-05-25,2022-07-01,2022-08-30,WORK_IN_PROGRESS,27.1508,79.06171
MPLADS-000851,Yatri Shed at Ward-62,Yatri Shed,Community Infrastructure,DIST-0240,ST-06,PC-0348,CONT-0282,AGENCY-0430,2022-01-18,2022-02-08,2022-06-08,COMPLETED,13.45863,79.43555
MPLADS-000852,District Sports Complex at Ward-16,District Sports Complex,Mega Infrastructure,DIST-0315,ST-07,PC-0462,CONT-0011,AGENCY-0584,2022-01-30,2022-02-21,2023-03-28,COMPLETED,29.75752,77.91221
MPLADS-000853,Crematorium Shed at Ward-96,Crematorium Shed,Community Infrastructure,DIST-0448,ST-12,PC-0652,CONT-0190,AGENCY-0763,2023-04-03,2023-05-31,2023-09-28,WORK_IN_PROGRESS,17.79978,79.47161
MPLADS-000854,Check Dam at Ward-92,Check Dam,Irrigation & Agriculture,DIST-0270,ST-07,PC-0393,CONT-0068,AGENCY-0705,2022-02-24,2022-03-16,2022-08-23,WORK_IN_PROGRESS,27.00211,70.04834
MPLADS-000855,Lift Irrigation Scheme at Ward-78,Lift Irrigation Scheme,Irrigation & Agriculture,DIST-0475,ST-13,PC-0693,CONT-0166,AGENCY-1017,2022-04-20,2022-05-12,2022-10-19,WORK_IN_PROGRESS,10.03507,77.43225
MPLADS-000856,Farm Pond Renovation at Ward-57,Farm Pond Renovation,Irrigation & Agriculture,DIST-0435,ST-11,PC-0634,CONT-0239,AGENCY-0227,2023-11-06,2023-11-22,2024-04-30,WORK_IN_PROGRESS,18.12192,82.72372
MPLADS-000857,Primary Health Sub-Centre at Ward-80,Primary Health Sub-Centre,Public Health,DIST-0488,ST-14,PC-0712,CONT-0209,AGENCY-1117,2023-06-28,2023-08-12,2024-03-09,WORK_IN_PROGRESS,22.65842,86.39785
MPLADS-000858,Solar High-Mast Light at Ward-94,Solar High-Mast Light,Renewable Energy,DIST-0205,ST-05,PC-0296,CONT-0202,AGENCY-1062,2023-07-11,2023-08-29,2023-10-28,DELAYED,23.43144,75.53496
MPLADS-000859,CC Road Construction at Ward-06,CC Road Construction,Roads & Bridges,DIST-0385,ST-10,PC-0556,CONT-0144,AGENCY-1177,2023-09-14,2023-10-21,2024-04-18,WORK_IN_PROGRESS,12.73345,79.41059
MPLADS-000860,Major River Overbridge at Ward-63,Major River Overbridge,Mega Infrastructure,DIST-0200,ST-05,PC-0288,CONT-0029,AGENCY-0313,2023-05-17,2023-07-01,2024-08-04,WORK_IN_PROGRESS,24.8198,81.20395
MPLADS-000861,District Sports Complex at Ward-15,District Sports Complex,Mega Infrastructure,DIST-0135,ST-03,PC-0194,CONT-0037,AGENCY-0104,2022-03-29,2022-05-04,2023-06-08,WORK_IN_PROGRESS,24.64755,86.02767
MPLADS-000862,Paver Block Road at Ward-84,Paver Block Road,Roads & Bridges,DIST-0108,ST-02,PC-0154,CONT-0079,AGENCY-1067,2022-11-28,2023-01-15,2023-07-14,WORK_IN_PROGRESS,16.3392,73.51453
MPLADS-000863,Public Toilet Complex at Ward-39,Public Toilet Complex,Community Infrastructure,DIST-0076,ST-02,PC-0110,CONT-0135,AGENCY-0463,2022-07-26,2022-09-11,2023-01-09,WORK_IN_PROGRESS,16.43958,75.48323
MPLADS-000864,Primary Health Sub-Centre at Ward-75,Primary Health Sub-Centre,Public Health,DIST-0175,ST-05,PC-0247,CONT-0268,AGENCY-1035,2023-05-27,2023-07-25,2024-02-20,WORK_IN_PROGRESS,24.513,81.31452
MPLADS-000865,Ayurvedic Dispensary at Ward-67,Ayurvedic Dispensary,Public Health,DIST-0397,ST-10,PC-0576,CONT-0119,AGENCY-0286,2022-01-24,2022-03-18,2022-10-14,DELAYED,15.8073,78.85787
MPLADS-000866,Check Dam at Ward-10,Check Dam,Irrigation & Agriculture,DIST-0128,ST-03,PC-0184,CONT-0188,AGENCY-0250,2022-09-09,2022-10-17,2023-03-26,WORK_IN_PROGRESS,26.8904,85.07569
MPLADS-000867,School Additional Classroom at Ward-52,School Additional Classroom,Education Infrastructure,DIST-0005,ST-01,PC-0007,CONT-0238,AGENCY-0842,2023-06-24,2023-08-14,2024-01-11,WORK_IN_PROGRESS,24.76456,80.53495
MPLADS-000868,Multi-Village Hospital Block at Ward-96,Multi-Village Hospital Block,Mega Infrastructure,DIST-0597,ST-17,PC-0878,CONT-0215,AGENCY-0270,2022-05-29,2022-06-16,2023-07-21,WORK_IN_PROGRESS,21.63322,80.2846
MPLADS-000869,School Boundary Wall at Ward-13,School Boundary Wall,Education Infrastructure,DIST-0246,ST-06,PC-0357,CONT-0015,AGENCY-0002,2022-04-12,2022-05-30,2022-10-27,WORK_IN_PROGRESS,13.19277,80.05474
MPLADS-000870,Paver Block Road at Ward-97,Paver Block Road,Roads & Bridges,DIST-0171,ST-04,PC-0243,CONT-0075,AGENCY-0001,2023-11-15,2023-12-01,2024-05-29,COMPLETED,25.45501,86.19012
MPLADS-000871,Maternity Ward Facility at Ward-12,Maternity Ward Facility,Public Health,DIST-0219,ST-05,PC-0319,CONT-0176,AGENCY-0103,2023-10-04,2023-11-04,2024-06-01,WORK_IN_PROGRESS,24.44108,77.62502
MPLADS-000872,Solar High-Mast Light at Ward-20,Solar High-Mast Light,Renewable Energy,DIST-0103,ST-02,PC-0147,CONT-0151,AGENCY-0089,2022-04-02,2022-05-20,2022-07-19,DELAYED,17.40923,76.85115
MPLADS-000873,RO Water Plant at Ward-71,RO Water Plant,Drinking Water,DIST-0095,ST-02,PC-0137,CONT-0085,AGENCY-0168,2022-09-27,2022-11-15,2023-02-13,WORK_IN_PROGRESS,16.42084,80.12403
MPLADS-000874,Crematorium Shed at Ward-44,Crematorium Shed,Community Infrastructure,DIST-0255,ST-06,PC-0372,CONT-0078,AGENCY-0954,2023-09-30,2023-10-20,2024-02-17,WORK_IN_PROGRESS,11.90719,76.95252
MPLADS-000875,Crematorium Shed at Ward-15,Crematorium Shed,Community Infrastructure,DIST-0386,ST-10,PC-0558,CONT-0229,AGENCY-0466,2023-04-15,2023-05-10,2023-09-07,WORK_IN_PROGRESS,12.46425,76.82691
MPLADS-000876,School Additional Classroom at Ward-25,School Additional Classroom,Education Infrastructure,DIST-0116,ST-03,PC-0167,CONT-0078,AGENCY-1055,2022-11-18,2022-12-20,2023-05-19,COMPLETED,25.5244,84.97979
MPLADS-000877,Community Tank at Ward-54,Community Tank,Drinking Water,DIST-0369,ST-09,PC-0534,CONT-0294,AGENCY-0724,2022-01-03,2022-02-21,2022-05-22,WORK_IN_PROGRESS,24.18487,70.01267
MPLADS-000878,Lift Irrigation Scheme at Ward-55,Lift Irrigation Scheme,Irrigation & Agriculture,DIST-0545,ST-16,PC-0800,CONT-0223,AGENCY-0934,2023-08-12,2023-09-06,2024-02-13,WORK_IN_PROGRESS,30.17088,74.52816
MPLADS-000879,Lift Irrigation Scheme at Ward-08,Lift Irrigation Scheme,Irrigation & Agriculture,DIST-0537,ST-15,PC-0788,CONT-0208,AGENCY-0166,2023-10-18,2023-11-13,2024-04-21,WORK_IN_PROGRESS,26.16512,94.10161
MPLADS-000880,Ambulance Vehicle at Ward-27,Ambulance Vehicle,Public Health,DIST-0020,ST-01,PC-0029,CONT-0134,AGENCY-0220,2023-07-14,2023-08-05,2024-03-02,WORK_IN_PROGRESS,27.40832,78.92244
MPLADS-000881,Ayurvedic Dispensary at Ward-38,Ayurvedic Dispensary,Public Health,DIST-0024,ST-01,PC-0035,CONT-0275,AGENCY-0661,2023-02-25,2023-04-04,2023-10-31,WORK_IN_PROGRESS,28.388,77.95622
MPLADS-000882,Crematorium Shed at Ward-79,Crematorium Shed,Community Infrastructure,DIST-0091,ST-02,PC-0132,CONT-0178,AGENCY-0322,2023-11-28,2024-01-12,2024-05-11,WORK_IN_PROGRESS,19.32598,73.57015
MPLADS-000883,Check Dam at Ward-98,Check Dam,Irrigation & Agriculture,DIST-0222,ST-05,PC-0323,CONT-0094,AGENCY-0866,2022-03-30,2022-05-15,2022-10-22,WORK_IN_PROGRESS,24.8099,82.46427
MPLADS-000884,Smart Classroom Lab at Ward-67,Smart Classroom Lab,Education Infrastructure,DIST-0284,ST-07,PC-0416,CONT-0188,AGENCY-1120,2022-08-17,2022-10-07,2023-03-06,DELAYED,26.0161,77.73836
MPLADS-000885,Yatri Shed at Ward-45,Yatri Shed,Community Infrastructure,DIST-0241,ST-06,PC-0350,CONT-0280,AGENCY-0170,2022-07-07,2022-08-02,2022-11-30,WORK_IN_PROGRESS,8.57895,77.20149
MPLADS-000886,Community Hall at Ward-71,Community Hall,Community Infrastructure,DIST-0609,ST-18,PC-0896,CONT-0009,AGENCY-0337,2022-01-23,2022-02-27,2022-06-27,WORK_IN_PROGRESS,27.79553,76.37038
MPLADS-000887,School Boundary Wall at Ward-86,School Boundary Wall,Education Infrastructure,DIST-0022,ST-01,PC-0033,CONT-0198,AGENCY-0939,2022-11-07,2022-12-04,2023-05-03,WORK_IN_PROGRESS,30.13364,78.86313
MPLADS-000888,Public Toilet Complex at Ward-38,Public Toilet Complex,Community Infrastructure,DIST-0036,ST-01,PC-0053,CONT-0254,AGENCY-0240,2022-06-04,2022-07-10,2022-11-07,WORK_IN_PROGRESS,28.39626,79.16251
MPLADS-000889,CC Road Construction at Ward-73,CC Road Construction,Roads & Bridges,DIST-0281,ST-07,PC-0412,CONT-0193,AGENCY-0348,2022-03-25,2022-05-14,2022-11-10,WORK_IN_PROGRESS,27.05357,71.35913
MPLADS-000890,Yatri Shed at Ward-83,Yatri Shed,Community Infrastructure,DIST-0385,ST-10,PC-0556,CONT-0202,AGENCY-1163,2023-08-28,2023-09-13,2024-01-11,WORK_IN_PROGRESS,12.815,79.38486
MPLADS-000891,RO Water Plant at Ward-97,RO Water Plant,Drinking Water,DIST-0293,ST-07,PC-0428,CONT-0287,AGENCY-0848,2023-10-21,2023-12-11,2024-03-10,WORK_IN_PROGRESS,27.27941,73.13588
MPLADS-000892,Lift Irrigation Scheme at Ward-01,Lift Irrigation Scheme,Irrigation & Agriculture,DIST-0461,ST-12,PC-0674,CONT-0028,AGENCY-0787,2023-11-30,2023-12-16,2024-05-24,WORK_IN_PROGRESS,17.46855,77.15716
MPLADS-000893,Public Toilet Complex at Ward-50,Public Toilet Complex,Community Infrastructure,DIST-0221,ST-05,PC-0322,CONT-0155,AGENCY-1219,2022-07-20,2022-08-17,2022-12-15,COMPLETED,25.09339,75.82987
MPLADS-000894,School Additional Classroom at Ward-56,School Additional Classroom,Education Infrastructure,DIST-0515,ST-15,PC-0753,CONT-0285,AGENCY-0012,2022-12-18,2023-01-04,2023-06-03,WORK_IN_PROGRESS,25.79602,92.86156
MPLADS-000895,Bituminous Road at Ward-41,Bituminous Road,Roads & Bridges,DIST-0275,ST-07,PC-0403,CONT-0023,AGENCY-1094,2022-08-26,2022-09-19,2023-03-18,WORK_IN_PROGRESS,27.31595,71.34566
MPLADS-000896,Solar High-Mast Light at Ward-66,Solar High-Mast Light,Renewable Energy,DIST-0444,ST-12,PC-0647,CONT-0217,AGENCY-0686,2023-01-02,2023-03-02,2023-05-01,WORK_IN_PROGRESS,18.1645,77.36147
MPLADS-000897,Deep Tube Well at Ward-21,Deep Tube Well,Drinking Water,DIST-0499,ST-14,PC-0727,CONT-0318,AGENCY-1201,2022-09-08,2022-11-03,2023-02-01,WORK_IN_PROGRESS,24.19263,83.62702
MPLADS-000898,Yatri Shed at Ward-65,Yatri Shed,Community Infrastructure,DIST-0307,ST-07,PC-0451,CONT-0320,AGENCY-0883,2022-09-10,2022-10-22,2023-02-19,DELAYED,28.90503,70.25335
MPLADS-000899,Community Hall at Ward-42,Community Hall,Community Infrastructure,DIST-0222,ST-05,PC-0323,CONT-0063,AGENCY-1235,2023-03-15,2023-04-03,2023-08-01,WORK_IN_PROGRESS,24.76908,82.36664
MPLADS-000900,Check Dam at Ward-51,Check Dam,Irrigation & Agriculture,DIST-0284,ST-07,PC-0416,CONT-0037,AGENCY-0186,2023-07-29,2023-09-06,2024-02-13,COMPLETED,26.00581,77.68016
MPLADS-000901,Solar Street Lighting at Ward-76,Solar Street Lighting,Renewable Energy,DIST-0342,ST-08,PC-0500,CONT-0288,AGENCY-0153,2023-03-13,2023-04-30,2023-06-29,WORK_IN_PROGRESS,14.16116,76.01181
MPLADS-000902,Multi-Village Hospital Block at Ward-65,Multi-Village Hospital Block,Mega Infrastructure,DIST-0612,ST-18,PC-0901,CONT-0225,AGENCY-0325,2022-03-27,2022-04-14,2023-05-19,WORK_IN_PROGRESS,30.94725,75.40463
MPLADS-000903,Solar High-Mast Light at Ward-05,Solar High-Mast Light,Renewable Energy,DIST-0295,ST-07,PC-0431,CONT-0212,AGENCY-1097,2022-04-01,2022-04-17,2022-06-16,WORK_IN_PROGRESS,27.20083,76.81902
MPLADS-000904,Ambulance Vehicle at Ward-18,Ambulance Vehicle,Public Health,DIST-0512,ST-15,PC-0746,CONT-0112,AGENCY-0275,2023-03-18,2023-05-03,2023-11-29,WORK_IN_PROGRESS,24.88754,92.68744
MPLADS-000905,Deep Tube Well at Ward-74,Deep Tube Well,Drinking Water,DIST-0544,ST-16,PC-0798,CONT-0179,AGENCY-0957,2023-04-04,2023-05-03,2023-08-01,WORK_IN_PROGRESS,31.36271,74.75676
MPLADS-000906,Smart Classroom Lab at Ward-19,Smart Classroom Lab,Education Infrastructure,DIST-0089,ST-02,PC-0129,CONT-0229,AGENCY-1118,2023-09-04,2023-09-26,2024-02-23,WORK_IN_PROGRESS,17.75732,72.58942
MPLADS-000907,School Boundary Wall at Ward-90,School Boundary Wall,Education Infrastructure,DIST-0585,ST-17,PC-0863,CONT-0280,AGENCY-0626,2022-03-10,2022-05-07,2022-10-04,WORK_IN_PROGRESS,23.19316,82.77464
MPLADS-000908,District Sports Complex at Ward-39,District Sports Complex,Mega Infrastructure,DIST-0050,ST-01,PC-0072,CONT-0320,AGENCY-0949,2022-10-27,2022-12-09,2024-01-13,WORK_IN_PROGRESS,28.72577,78.40653
MPLADS-000909,Ambulance Vehicle at Ward-97,Ambulance Vehicle,Public Health,DIST-0567,ST-17,PC-0834,CONT-0218,AGENCY-0939,2022-01-29,2022-03-13,2022-10-09,WORK_IN_PROGRESS,22.50656,81.54234
MPLADS-000910,Lift Irrigation Scheme at Ward-64,Lift Irrigation Scheme,Irrigation & Agriculture,DIST-0608,ST-18,PC-0895,CONT-0117,AGENCY-0471,2022-09-05,2022-09-24,2023-03-03,WORK_IN_PROGRESS,27.89742,74.82191
MPLADS-000911,Solar High-Mast Light at Ward-94,Solar High-Mast Light,Renewable Energy,DIST-0153,ST-04,PC-0216,CONT-0118,AGENCY-0031,2023-02-20,2023-04-02,2023-06-01,DELAYED,24.87616,85.73293
MPLADS-000912,Library Room at Ward-17,Library Room,Education Infrastructure,DIST-0325,ST-08,PC-0474,CONT-0087,AGENCY-0272,2023-08-06,2023-10-04,2024-03-02,WORK_IN_PROGRESS,16.42178,74.70898
MPLADS-000913,School Additional Classroom at Ward-52,School Additional Classroom,Education Infrastructure,DIST-0314,ST-07,PC-0461,CONT-0094,AGENCY-0043,2022-11-30,2023-01-18,2023-06-17,WORK_IN_PROGRESS,27.10897,71.85284
MPLADS-000914,Library Room at Ward-34,Library Room,Education Infrastructure,DIST-0168,ST-04,PC-0239,CONT-0253,AGENCY-0305,2022-08-02,2022-09-22,2023-02-19,DELAYED,24.90209,86.84872
MPLADS-000915,School Additional Classroom at Ward-64,School Additional Classroom,Education Infrastructure,DIST-0131,ST-03,PC-0190,CONT-0152,AGENCY-1227,2022-06-23,2022-07-16,2022-12-13,WORK_IN_PROGRESS,26.77018,84.34766
MPLADS-000916,Yatri Shed at Ward-34,Yatri Shed,Community Infrastructure,DIST-0480,ST-13,PC-0700,CONT-0192,AGENCY-1159,2023-08-15,2023-09-16,2024-01-14,WORK_IN_PROGRESS,9.53342,75.09083
MPLADS-000917,Deep Tube Well at Ward-29,Deep Tube Well,Drinking Water,DIST-0111,ST-02,PC-0159,CONT-0195,AGENCY-0068,2022-05-24,2022-07-14,2022-10-12,WORK_IN_PROGRESS,19.51163,78.54512
MPLADS-000918,Deep Tube Well at Ward-74,Deep Tube Well,Drinking Water,DIST-0548,ST-16,PC-0805,CONT-0115,AGENCY-0246,2023-10-17,2023-11-27,2024-02-25,WORK_IN_PROGRESS,32.2088,75.00111
MPLADS-000919,Solar Rooftop Panel at Ward-68,Solar Rooftop Panel,Renewable Energy,DIST-0458,ST-12,PC-0668,CONT-0146,AGENCY-0062,2022-07-01,2022-07-18,2022-09-16,WORK_IN_PROGRESS,18.34175,80.19841
MPLADS-000920,Yatri Shed at Ward-20,Yatri Shed,Community Infrastructure,DIST-0069,ST-01,PC-0100,CONT-0035,AGENCY-0249,2023-05-14,2023-06-26,2023-10-24,WORK_IN_PROGRESS,28.77684,82.69486
MPLADS-000921,RO Water Plant at Ward-95,RO Water Plant,Drinking Water,DIST-0098,ST-02,PC-0141,CONT-0123,AGENCY-0334,2022-12-08,2023-01-24,2023-04-24,WORK_IN_PROGRESS,20.15321,79.62575
MPLADS-000922,Solar Rooftop Panel at Ward-27,Solar Rooftop Panel,Renewable Energy,DIST-0473,ST-13,PC-0689,CONT-0013,AGENCY-0879,2022-04-19,2022-05-13,2022-07-12,WORK_IN_PROGRESS,10.90844,76.91999
MPLADS-000923,Solar High-Mast Light at Ward-13,Solar High-Mast Light,Renewable Energy,DIST-0029,ST-01,PC-0041,CONT-0199,AGENCY-0505,2022-03-24,2022-05-03,2022-07-02,WORK_IN_PROGRESS,26.92688,78.93343
MPLADS-000924,Yatri Shed at Ward-50,Yatri Shed,Community Infrastructure,DIST-0509,ST-15,PC-0742,CONT-0159,AGENCY-0660,2023-08-13,2023-09-15,2024-01-13,WORK_IN_PROGRESS,25.09346,94.83254
MPLADS-000925,Major River Overbridge at Ward-23,Major River Overbridge,Mega Infrastructure,DIST-0081,ST-02,PC-0120,CONT-0248,AGENCY-1052,2022-10-24,2022-11-15,2023-12-20,COMPLETED,15.69964,74.45935
MPLADS-000926,School Additional Classroom at Ward-02,School Additional Classroom,Education Infrastructure,DIST-0432,ST-11,PC-0630,CONT-0214,AGENCY-0200,2023-07-03,2023-08-30,2024-01-27,DELAYED,18.01556,82.22855
MPLADS-000927,District Sports Complex at Ward-32,District Sports Complex,Mega Infrastructure,DIST-0185,ST-05,PC-0261,CONT-0190,AGENCY-0543,2022-12-01,2022-12-23,2024-01-27,WORK_IN_PROGRESS,25.32904,81.65583
MPLADS-000928,Yatri Shed at Ward-74,Yatri Shed,Community Infrastructure,DIST-0081,ST-02,PC-0119,CONT-0074,AGENCY-1140,2023-01-10,2023-02-01,2023-06-01,WORK_IN_PROGRESS,15.7911,74.46456
MPLADS-000929,Ayurvedic Dispensary at Ward-13,Ayurvedic Dispensary,Public Health,DIST-0230,ST-06,PC-0335,CONT-0229,AGENCY-1211,2023-07-23,2023-09-14,2024-04-11,WORK_IN_PROGRESS,8.33767,80.3195
MPLADS-000930,District Sports Complex at Ward-63,District Sports Complex,Mega Infrastructure,DIST-0441,ST-12,PC-0643,CONT-0121,AGENCY-0682,2023-06-14,2023-08-07,2024-09-10,DELAYED,19.33625,80.16798
MPLADS-000931,Solar Street Lighting at Ward-05,Solar Street Lighting,Renewable Energy,DIST-0162,ST-04,PC-0229,CONT-0041,AGENCY-0419,2022-07-01,2022-08-17,2022-10-16,WORK_IN_PROGRESS,22.27117,85.67399
MPLADS-000932,Piped Water Network at Ward-01,Piped Water Network,Drinking Water,DIST-0103,ST-02,PC-0147,CONT-0175,AGENCY-0694,2023-09-20,2023-10-30,2024-01-28,WORK_IN_PROGRESS,17.47302,76.96164
MPLADS-000933,Culvert Bridge at Ward-77,Culvert Bridge,Roads & Bridges,DIST-0184,ST-05,PC-0260,CONT-0075,AGENCY-0668,2022-03-15,2022-05-03,2022-10-30,WORK_IN_PROGRESS,24.94796,80.40954
MPLADS-000934,Ambulance Vehicle at Ward-77,Ambulance Vehicle,Public Health,DIST-0293,ST-07,PC-0428,CONT-0310,AGENCY-0011,2023-09-03,2023-10-07,2024-05-04,WORK_IN_PROGRESS,27.21619,73.1398
MPLADS-000935,Farm Pond Renovation at Ward-08,Farm Pond Renovation,Irrigation & Agriculture,DIST-0198,ST-05,PC-0285,CONT-0206,AGENCY-0467,2023-03-16,2023-04-20,2023-09-27,WORK_IN_PROGRESS,21.66539,81.09103
MPLADS-000936,Lift Irrigation Scheme at Ward-06,Lift Irrigation Scheme,Irrigation & Agriculture,DIST-0229,ST-06,PC-0334,CONT-0193,AGENCY-0938,2022-04-10,2022-05-08,2022-10-15,WORK_IN_PROGRESS,13.408,76.0673
MPLADS-000937,Community Hall at Ward-49,Community Hall,Community Infrastructure,DIST-0310,ST-07,PC-0456,CONT-0008,AGENCY-0594,2022-04-25,2022-06-14,2022-10-12,WORK_IN_PROGRESS,24.28427,70.40711
MPLADS-000938,Public Toilet Complex at Ward-09,Public Toilet Complex,Community Infrastructure,DIST-0306,ST-07,PC-0450,CONT-0080,AGENCY-0833,2022-09-11,2022-10-30,2023-02-27,WORK_IN_PROGRESS,28.53302,72.6197
MPLADS-000939,Paver Block Road at Ward-23,Paver Block Road,Roads & Bridges,DIST-0326,ST-08,PC-0476,CONT-0238,AGENCY-0263,2023-01-24,2023-03-03,2023-08-30,COMPLETED,16.45477,78.55378
MPLADS-000940,Paver Block Road at Ward-83,Paver Block Road,Roads & Bridges,DIST-0291,ST-07,PC-0426,CONT-0214,AGENCY-0718,2023-04-28,2023-06-12,2023-12-09,COMPLETED,25.0069,75.10819
MPLADS-000941,Major River Overbridge at Ward-72,Major River Overbridge,Mega Infrastructure,DIST-0439,ST-12,PC-0640,CONT-0309,AGENCY-0142,2023-02-11,2023-04-09,2024-05-13,WORK_IN_PROGRESS,17.49632,78.20624
MPLADS-000942,Ayurvedic Dispensary at Ward-91,Ayurvedic Dispensary,Public Health,DIST-0168,ST-04,PC-0238,CONT-0232,AGENCY-1083,2022-05-16,2022-07-14,2023-02-09,WORK_IN_PROGRESS,25.0204,86.82455
MPLADS-000943,Solar Street Lighting at Ward-36,Solar Street Lighting,Renewable Energy,DIST-0233,ST-06,PC-0339,CONT-0077,AGENCY-0290,2023-11-07,2024-01-01,2024-03-01,WORK_IN_PROGRESS,9.43771,77.55116
MPLADS-000944,Public Toilet Complex at Ward-65,Public Toilet Complex,Community Infrastructure,DIST-0330,ST-08,PC-0481,CONT-0093,AGENCY-0969,2023-06-26,2023-08-19,2023-12-17,COMPLETED,13.85514,74.62817
MPLADS-000945,Major River Overbridge at Ward-59,Major River Overbridge,Mega Infrastructure,DIST-0063,ST-01,PC-0092,CONT-0308,AGENCY-1009,2022-06-24,2022-07-17,2023-08-21,WORK_IN_PROGRESS,24.54194,78.83298
MPLADS-000946,Major River Overbridge at Ward-60,Major River Overbridge,Mega Infrastructure,DIST-0175,ST-05,PC-0247,CONT-0121,AGENCY-0305,2022-05-11,2022-05-26,2023-06-30,WORK_IN_PROGRESS,24.58079,81.42722
MPLADS-000947,Lift Irrigation Scheme at Ward-98,Lift Irrigation Scheme,Irrigation & Agriculture,DIST-0434,ST-11,PC-0633,CONT-0048,AGENCY-0703,2023-06-01,2023-07-22,2023-12-29,COMPLETED,18.79256,82.40482
MPLADS-000948,Maternity Ward Facility at Ward-75,Maternity Ward Facility,Public Health,DIST-0022,ST-01,PC-0033,CONT-0158,AGENCY-0441,2022-09-11,2022-11-03,2023-06-01,COMPLETED,30.12664,78.84398
MPLADS-000949,Major River Overbridge at Ward-92,Major River Overbridge,Mega Infrastructure,DIST-0489,ST-14,PC-0714,CONT-0013,AGENCY-0437,2022-07-11,2022-09-02,2023-10-07,WORK_IN_PROGRESS,23.63443,86.90721
MPLADS-000950,School Additional Classroom at Ward-10,School Additional Classroom,Education Infrastructure,DIST-0562,ST-16,PC-0826,CONT-0308,AGENCY-0857,2022-03-16,2022-04-26,2022-09-23,WORK_IN_PROGRESS,30.15791,76.44117
MPLADS-000951,Primary Health Sub-Centre at Ward-34,Primary Health Sub-Centre,Public Health,DIST-0020,ST-01,PC-0030,CONT-0297,AGENCY-0575,2023-10-24,2023-12-06,2024-07-03,WORK_IN_PROGRESS,27.38189,78.99517
MPLADS-000952,Check Dam at Ward-27,Check Dam,Irrigation & Agriculture,DIST-0583,ST-17,PC-0860,CONT-0199,AGENCY-0361,2022-07-19,2022-09-02,2023-02-09,WORK_IN_PROGRESS,18.1257,81.93811
MPLADS-000953,Piped Water Network at Ward-34,Piped Water Network,Drinking Water,DIST-0293,ST-07,PC-0429,CONT-0047,AGENCY-0540,2023-01-29,2023-03-18,2023-06-16,WORK_IN_PROGRESS,27.26556,73.10311
MPLADS-000954,Community Tank at Ward-14,Community Tank,Drinking Water,DIST-0147,ST-03,PC-0209,CONT-0043,AGENCY-0891,2023-09-17,2023-11-12,2024-02-10,WORK_IN_PROGRESS,25.65158,87.69949
MPLADS-000955,Maternity Ward Facility at Ward-51,Maternity Ward Facility,Public Health,DIST-0397,ST-10,PC-0575,CONT-0220,AGENCY-0248,2023-11-29,2024-01-02,2024-07-30,WORK_IN_PROGRESS,15.83198,78.88402
MPLADS-000956,CC Road Construction at Ward-55,CC Road Construction,Roads & Bridges,DIST-0099,ST-02,PC-0142,CONT-0273,AGENCY-0548,2023-08-09,2023-08-29,2024-02-25,WORK_IN_PROGRESS,18.59095,74.03074
MPLADS-000957,Multi-Village Hospital Block at Ward-13,Multi-Village Hospital Block,Mega Infrastructure,DIST-0504,ST-14,PC-0734,CONT-0057,AGENCY-0433,2022-07-01,2022-08-09,2023-09-13,COMPLETED,23.01197,86.60077
MPLADS-000958,Public Toilet Complex at Ward-83,Public Toilet Complex,Community Infrastructure,DIST-0403,ST-10,PC-0585,CONT-0142,AGENCY-0588,2023-04-18,2023-05-28,2023-09-25,WORK_IN_PROGRESS,13.82001,78.26857
MPLADS-000959,Deep Tube Well at Ward-35,Deep Tube Well,Drinking Water,DIST-0195,ST-05,PC-0280,CONT-0318,AGENCY-0559,2022-05-09,2022-06-20,2022-09-18,COMPLETED,22.31475,75.93246
MPLADS-000960,Crematorium Shed at Ward-87,Crematorium Shed,Community Infrastructure,DIST-0212,ST-05,PC-0308,CONT-0252,AGENCY-0539,2022-10-03,2022-10-21,2023-02-18,WORK_IN_PROGRESS,22.55892,74.5206
MPLADS-000961,Solar High-Mast Light at Ward-13,Solar High-Mast Light,Renewable Energy,DIST-0172,ST-04,PC-0244,CONT-0238,AGENCY-1172,2022-04-18,2022-05-21,2022-07-20,DELAYED,25.34567,85.81268
MPLADS-000962,Ayurvedic Dispensary at Ward-92,Ayurvedic Dispensary,Public Health,DIST-0156,ST-04,PC-0219,CONT-0203,AGENCY-0101,2023-06-17,2023-08-08,2024-03-05,WORK_IN_PROGRESS,26.44318,85.70955
MPLADS-000963,Public Toilet Complex at Ward-76,Public Toilet Complex,Community Infrastructure,DIST-0285,ST-07,PC-0418,CONT-0171,AGENCY-0451,2023-11-14,2023-12-25,2024-04-23,WORK_IN_PROGRESS,29.73709,71.97536
MPLADS-000964,Community Tank at Ward-12,Community Tank,Drinking Water,DIST-0022,ST-01,PC-0033,CONT-0153,AGENCY-0542,2022-07-23,2022-08-14,2022-11-12,COMPLETED,30.12139,78.77153
MPLADS-000965,Ambulance Vehicle at Ward-71,Ambulance Vehicle,Public Health,DIST-0614,ST-18,PC-0903,CONT-0227,AGENCY-0287,2023-05-14,2023-07-01,2024-01-27,WORK_IN_PROGRESS,27.89278,77.46891
MPLADS-000966,RO Water Plant at Ward-31,RO Water Plant,Drinking Water,DIST-0249,ST-06,PC-0363,CONT-0035,AGENCY-0978,2022-02-17,2022-03-07,2022-06-05,WORK_IN_PROGRESS,11.5542,77.59168
MPLADS-000967,Lift Irrigation Scheme at Ward-77,Lift Irrigation Scheme,Irrigation & Agriculture,DIST-0372,ST-09,PC-0538,CONT-0214,AGENCY-0787,2023-09-02,2023-10-28,2024-04-05,WORK_IN_PROGRESS,23.88352,71.29249
MPLADS-000968,Library Room at Ward-30,Library Room,Education Infrastructure,DIST-0500,ST-14,PC-0728,CONT-0083,AGENCY-0348,2022-02-06,2022-03-13,2022-08-10,WORK_IN_PROGRESS,24.2617,86.65899
MPLADS-000969,Ambulance Vehicle at Ward-68,Ambulance Vehicle,Public Health,DIST-0438,ST-12,PC-0639,CONT-0011,AGENCY-0328,2022-11-02,2022-12-11,2023-07-09,WORK_IN_PROGRESS,17.71965,80.68065
MPLADS-000970,District Sports Complex at Ward-41,District Sports Complex,Mega Infrastructure,DIST-0078,ST-02,PC-0113,CONT-0320,AGENCY-0106,2023-09-27,2023-11-05,2024-12-09,WORK_IN_PROGRESS,19.31772,77.75205
MPLADS-000971,Major River Overbridge at Ward-13,Major River Overbridge,Mega Infrastructure,DIST-0347,ST-09,PC-0506,CONT-0211,AGENCY-0018,2022-01-31,2022-02-16,2023-03-23,WORK_IN_PROGRESS,22.93437,69.19227
MPLADS-000972,RO Water Plant at Ward-78,RO Water Plant,Drinking Water,DIST-0558,ST-16,PC-0820,CONT-0280,AGENCY-0315,2023-08-28,2023-10-18,2024-01-16,WORK_IN_PROGRESS,30.67569,74.25515
MPLADS-000973,Bituminous Road at Ward-36,Bituminous Road,Roads & Bridges,DIST-0257,ST-06,PC-0375,CONT-0280,AGENCY-0403,2022-09-06,2022-10-09,2023-04-07,WORK_IN_PROGRESS,12.11198,78.19848
MPLADS-000974,Smart Classroom Lab at Ward-66,Smart Classroom Lab,Education Infrastructure,DIST-0213,ST-05,PC-0310,CONT-0138,AGENCY-0971,2022-02-26,2022-04-14,2022-09-11,WORK_IN_PROGRESS,23.47915,77.83141
MPLADS-000975,Major River Overbridge at Ward-34,Major River Overbridge,Mega Infrastructure,DIST-0387,ST-10,PC-0560,CONT-0262,AGENCY-0694,2022-03-31,2022-05-07,2023-06-11,WORK_IN_PROGRESS,17.63522,76.55928
MPLADS-000976,Crematorium Shed at Ward-51,Crematorium Shed,Community Infrastructure,DIST-0005,ST-01,PC-0007,CONT-0241,AGENCY-0761,2023-06-15,2023-07-22,2023-11-19,WORK_IN_PROGRESS,24.80417,80.62695
MPLADS-000977,Smart Classroom Lab at Ward-53,Smart Classroom Lab,Education Infrastructure,DIST-0494,ST-14,PC-0721,CONT-0048,AGENCY-0578,2022-06-19,2022-08-05,2023-01-02,COMPLETED,22.02667,84.77412
MPLADS-000978,Check Dam at Ward-82,Check Dam,Irrigation & Agriculture,DIST-0255,ST-06,PC-0372,CONT-0133,AGENCY-0372,2022-12-12,2023-02-09,2023-07-19,WORK_IN_PROGRESS,11.9251,76.93183
MPLADS-000979,Maternity Ward Facility at Ward-67,Maternity Ward Facility,Public Health,DIST-0547,ST-16,PC-0803,CONT-0067,AGENCY-0276,2023-03-17,2023-05-13,2023-12-09,COMPLETED,30.11818,73.97729
MPLADS-000980,Yatri Shed at Ward-12,Yatri Shed,Community Infrastructure,DIST-0528,ST-15,PC-0776,CONT-0140,AGENCY-0726,2023-07-30,2023-08-14,2023-12-12,COMPLETED,26.58365,90.87083
MPLADS-000981,CC Road Construction at Ward-67,CC Road Construction,Roads & Bridges,DIST-0057,ST-01,PC-0084,CONT-0184,AGENCY-0979,2023-05-24,2023-06-23,2023-12-20,WORK_IN_PROGRESS,26.06026,83.2476
MPLADS-000982,Bituminous Road at Ward-46,Bituminous Road,Roads & Bridges,DIST-0583,ST-17,PC-0861,CONT-0087,AGENCY-0137,2023-07-06,2023-08-11,2024-02-07,WORK_IN_PROGRESS,18.17817,81.98767
MPLADS-000983,Crematorium Shed at Ward-06,Crematorium Shed,Community Infrastructure,DIST-0245,ST-06,PC-0356,CONT-0101,AGENCY-0493,2022-09-25,2022-10-17,2023-02-14,WORK_IN_PROGRESS,11.98828,76.2619
MPLADS-000984,Deep Tube Well at Ward-61,Deep Tube Well,Drinking Water,DIST-0041,ST-01,PC-0060,CONT-0011,AGENCY-0329,2023-02-08,2023-03-02,2023-05-31,WORK_IN_PROGRESS,24.75852,77.86717
MPLADS-000985,Public Toilet Complex at Ward-65,Public Toilet Complex,Community Infrastructure,DIST-0143,ST-03,PC-0204,CONT-0267,AGENCY-0039,2022-05-13,2022-07-02,2022-10-30,WORK_IN_PROGRESS,25.44709,83.93293
MPLADS-000986,District Sports Complex at Ward-72,District Sports Complex,Mega Infrastructure,DIST-0022,ST-01,PC-0033,CONT-0235,AGENCY-0328,2023-05-07,2023-06-13,2024-07-17,WORK_IN_PROGRESS,30.06121,78.87583
MPLADS-000987,Solar Street Lighting at Ward-78,Solar Street Lighting,Renewable Energy,DIST-0578,ST-17,PC-0854,CONT-0125,AGENCY-0826,2023-02-19,2023-03-24,2023-05-23,WORK_IN_PROGRESS,21.90559,84.00534
MPLADS-000988,Community Hall at Ward-49,Community Hall,Community Infrastructure,DIST-0092,ST-02,PC-0134,CONT-0165,AGENCY-0664,2023-11-28,2023-12-30,2024-04-28,WORK_IN_PROGRESS,19.78359,79.16952
MPLADS-000989,Lift Irrigation Scheme at Ward-04,Lift Irrigation Scheme,Irrigation & Agriculture,DIST-0426,ST-11,PC-0622,CONT-0243,AGENCY-0491,2023-10-08,2023-11-11,2024-04-19,DELAYED,21.6287,86.03639
MPLADS-000990,Lift Irrigation Scheme at Ward-79,Lift Irrigation Scheme,Irrigation & Agriculture,DIST-0290,ST-07,PC-0425,CONT-0216,AGENCY-0414,2023-07-10,2023-08-13,2024-01-20,WORK_IN_PROGRESS,29.61859,72.96868
MPLADS-000991,Public Toilet Complex at Ward-86,Public Toilet Complex,Community Infrastructure,DIST-0444,ST-12,PC-0647,CONT-0309,AGENCY-0960,2023-01-04,2023-03-01,2023-06-29,WORK_IN_PROGRESS,18.08295,77.32303
MPLADS-000992,Smart Classroom Lab at Ward-31,Smart Classroom Lab,Education Infrastructure,DIST-0371,ST-09,PC-0537,CONT-0233,AGENCY-1117,2023-07-12,2023-07-28,2023-12-25,COMPLETED,20.52458,68.57492
MPLADS-000993,Ambulance Vehicle at Ward-57,Ambulance Vehicle,Public Health,DIST-0213,ST-05,PC-0310,CONT-0178,AGENCY-0420,2023-04-25,2023-05-17,2023-12-13,DELAYED,23.50394,77.80585
MPLADS-000994,RO Water Plant at Ward-29,RO Water Plant,Drinking Water,DIST-0177,ST-05,PC-0249,CONT-0230,AGENCY-0844,2023-06-03,2023-07-05,2023-10-03,WORK_IN_PROGRESS,22.2118,80.70381
MPLADS-000995,Deep Tube Well at Ward-24,Deep Tube Well,Drinking Water,DIST-0458,ST-12,PC-0669,CONT-0062,AGENCY-0008,2023-09-04,2023-10-02,2023-12-31,WORK_IN_PROGRESS,18.27641,80.21929
MPLADS-000996,Primary Health Sub-Centre at Ward-19,Primary Health Sub-Centre,Public Health,DIST-0322,ST-08,PC-0471,CONT-0288,AGENCY-0994,2022-06-01,2022-06-18,2023-01-14,COMPLETED,13.07386,74.08444
MPLADS-000997,Multi-Village Hospital Block at Ward-79,Multi-Village Hospital Block,Mega Infrastructure,DIST-0466,ST-12,PC-0680,CONT-0215,AGENCY-0383,2023-03-22,2023-04-27,2024-05-31,WORK_IN_PROGRESS,18.1442,81.00589
MPLADS-000998,Culvert Bridge at Ward-10,Culvert Bridge,Roads & Bridges,DIST-0254,ST-06,PC-0370,CONT-0111,AGENCY-1074,2022-02-24,2022-04-08,2022-10-05,WORK_IN_PROGRESS,12.72653,76.20218
MPLADS-000999,School Additional Classroom at Ward-40,School Additional Classroom,Education Infrastructure,DIST-0436,ST-12,PC-0636,CONT-0033,AGENCY-0797,2023-01-31,2023-03-18,2023-08-15,WORK_IN_PROGRESS,17.63978,80.72431
MPLADS-001000,Maternity Ward Facility at Ward-69,Maternity Ward Facility,Public Health,DIST-0159,ST-04,PC-0224,CONT-0062,AGENCY-0802,2022-06-26,2022-08-09,2023-03-07,WORK_IN_PROGRESS,25.84795,87.65211
MPLADS-001001,Major River Overbridge at Ward-49,Major River Overbridge,Mega Infrastructure,DIST-0062,ST-01,PC-0090,CONT-0319,AGENCY-0195,2022-03-12,2022-04-14,2023-05-19,WORK_IN_PROGRESS,25.14742,83.83665
MPLADS-001002,Check Dam at Ward-69,Check Dam,Irrigation & Agriculture,DIST-0270,ST-07,PC-0393,CONT-0246,AGENCY-0161,2023-02-07,2023-03-18,2023-08-25,WORK_IN_PROGRESS,26.88423,70.02046
MPLADS-001003,Primary Health Sub-Centre at Ward-33,Primary Health Sub-Centre,Public Health,DIST-0043,ST-01,PC-0063,CONT-0162,AGENCY-0334,2023-04-01,2023-05-30,2023-12-26,WORK_IN_PROGRESS,28.69067,81.14466
MPLADS-001004,Community Hall at Ward-19,Community Hall,Community Infrastructure,DIST-0394,ST-10,PC-0570,CONT-0096,AGENCY-0571,2023-04-27,2023-05-19,2023-09-16,DELAYED,13.24455,77.7174
MPLADS-001005,Yatri Shed at Ward-67,Yatri Shed,Community Infrastructure,DIST-0453,ST-12,PC-0661,CONT-0306,AGENCY-0881,2023-06-13,2023-08-01,2023-11-29,WORK_IN_PROGRESS,19.43533,80.09907
MPLADS-001006,Deep Tube Well at Ward-58,Deep Tube Well,Drinking Water,DIST-0118,ST-03,PC-0171,CONT-0315,AGENCY-0612,2023-01-11,2023-02-03,2023-05-04,WORK_IN_PROGRESS,26.55571,87.54046
MPLADS-001007,Community Tank at Ward-20,Community Tank,Drinking Water,DIST-0186,ST-05,PC-0262,CONT-0213,AGENCY-0653,2022-12-17,2023-01-18,2023-04-18,WORK_IN_PROGRESS,22.24645,81.21029
MPLADS-001008,Ambulance Vehicle at Ward-66,Ambulance Vehicle,Public Health,DIST-0547,ST-16,PC-0803,CONT-0025,AGENCY-0066,2022-11-19,2022-12-27,2023-07-25,WORK_IN_PROGRESS,30.15566,73.84293
MPLADS-001009,District Sports Complex at Ward-87,District Sports Complex,Mega Infrastructure,DIST-0039,ST-01,PC-0058,CONT-0101,AGENCY-0706,2023-04-06,2023-04-21,2024-05-25,WORK_IN_PROGRESS,29.09889,83.00016
MPLADS-001010,Solar Rooftop Panel at Ward-96,Solar Rooftop Panel,Renewable Energy,DIST-0347,ST-09,PC-0506,CONT-0320,AGENCY-0989,2022-12-20,2023-02-09,2023-04-10,WORK_IN_PROGRESS,22.98007,69.26752
MPLADS-001011,Ayurvedic Dispensary at Ward-29,Ayurvedic Dispensary,Public Health,DIST-0354,ST-09,PC-0514,CONT-0198,AGENCY-0701,2023-08-09,2023-09-15,2024-04-12,COMPLETED,20.41333,71.92487
MPLADS-001012,Lift Irrigation Scheme at Ward-90,Lift Irrigation Scheme,Irrigation & Agriculture,DIST-0537,ST-15,PC-0789,CONT-0311,AGENCY-0772,2022-07-01,2022-07-22,2022-12-29,WORK_IN_PROGRESS,26.15078,94.17752
MPLADS-001013,Community Tank at Ward-32,Community Tank,Drinking Water,DIST-0607,ST-18,PC-0894,CONT-0299,AGENCY-0132,2023-08-31,2023-09-19,2023-12-18,COMPLETED,30.04285,75.03369
MPLADS-001014,Library Room at Ward-81,Library Room,Education Infrastructure,DIST-0610,ST-18,PC-0898,CONT-0140,AGENCY-0131,2022-12-06,2023-01-09,2023-06-08,COMPLETED,31.04952,74.51846
MPLADS-001015,Major River Overbridge at Ward-95,Major River Overbridge,Mega Infrastructure,DIST-0023,ST-01,PC-0034,CONT-0146,AGENCY-0316,2023-11-19,2023-12-19,2025-01-22,WORK_IN_PROGRESS,25.33451,79.31655
MPLADS-001016,Multi-Village Hospital Block at Ward-74,Multi-Village Hospital Block,Mega Infrastructure,DIST-0610,ST-18,PC-0898,CONT-0162,AGENCY-0596,2023-04-10,2023-04-28,2024-06-01,WORK_IN_PROGRESS,31.06155,74.54582
MPLADS-001017,Library Room at Ward-22,Library Room,Education Infrastructure,DIST-0215,ST-05,PC-0313,CONT-0302,AGENCY-0126,2022-09-25,2022-11-15,2023-04-14,WORK_IN_PROGRESS,22.22955,74.37023
MPLADS-001018,Solar Rooftop Panel at Ward-29,Solar Rooftop Panel,Renewable Energy,DIST-0184,ST-05,PC-0260,CONT-0234,AGENCY-0526,2022-02-19,2022-03-11,2022-05-10,WORK_IN_PROGRESS,24.99713,80.44941
MPLADS-001019,District Sports Complex at Ward-22,District Sports Complex,Mega Infrastructure,DIST-0259,ST-06,PC-0378,CONT-0139,AGENCY-0048,2023-01-06,2023-03-05,2024-04-08,WORK_IN_PROGRESS,13.05449,76.1023
MPLADS-001020,Primary Health Sub-Centre at Ward-54,Primary Health Sub-Centre,Public Health,DIST-0433,ST-11,PC-0631,CONT-0308,AGENCY-0935,2023-04-11,2023-05-26,2023-12-22,WORK_IN_PROGRESS,21.09171,87.0053
MPLADS-001021,Solar Street Lighting at Ward-11,Solar Street Lighting,Renewable Energy,DIST-0031,ST-01,PC-0044,CONT-0070,AGENCY-0900,2022-07-08,2022-09-04,2022-11-03,WORK_IN_PROGRESS,24.39679,78.25319
MPLADS-001022,CC Road Construction at Ward-43,CC Road Construction,Roads & Bridges,DIST-0130,ST-03,PC-0189,CONT-0108,AGENCY-0156,2022-07-10,2022-08-13,2023-02-09,WORK_IN_PROGRESS,27.03267,83.87953
MPLADS-001023,School Additional Classroom at Ward-61,School Additional Classroom,Education Infrastructure,DIST-0431,ST-11,PC-0628,CONT-0138,AGENCY-1150,2023-03-06,2023-04-26,2023-09-23,WORK_IN_PROGRESS,20.90796,83.55304
MPLADS-001024,Solar Street Lighting at Ward-48,Solar Street Lighting,Renewable Energy,DIST-0413,ST-11,PC-0602,CONT-0198,AGENCY-0565,2022-01-25,2022-03-17,2022-05-16,WORK_IN_PROGRESS,18.74578,85.00985
MPLADS-001025,District Sports Complex at Ward-61,District Sports Complex,Mega Infrastructure,DIST-0157,ST-04,PC-0221,CONT-0031,AGENCY-0167,2022-09-21,2022-10-23,2023-11-27,WORK_IN_PROGRESS,26.61361,87.80835
MPLADS-001026,Smart Classroom Lab at Ward-52,Smart Classroom Lab,Education Infrastructure,DIST-0311,ST-07,PC-0457,CONT-0276,AGENCY-0050,2022-01-17,2022-02-06,2022-07-06,WORK_IN_PROGRESS,29.59772,72.76547
MPLADS-001027,Community Hall at Ward-65,Community Hall,Community Infrastructure,DIST-0510,ST-15,PC-0744,CONT-0086,AGENCY-0406,2023-03-09,2023-04-19,2023-08-17,WORK_IN_PROGRESS,24.57149,91.83529
MPLADS-001028,Solar Street Lighting at Ward-03,Solar Street Lighting,Renewable Energy,DIST-0430,ST-11,PC-0627,CONT-0014,AGENCY-0388,2023-04-26,2023-05-29,2023-07-28,WORK_IN_PROGRESS,20.52905,82.80444
MPLADS-001029,Crematorium Shed at Ward-62,Crematorium Shed,Community Infrastructure,DIST-0607,ST-18,PC-0894,CONT-0206,AGENCY-0583,2022-01-10,2022-03-02,2022-06-30,WORK_IN_PROGRESS,30.16603,75.00573
MPLADS-001030,Solar High-Mast Light at Ward-42,Solar High-Mast Light,Renewable Energy,DIST-0377,ST-09,PC-0546,CONT-0234,AGENCY-0102,2023-11-26,2024-01-07,2024-03-07,WORK_IN_PROGRESS,20.17303,73.51327
MPLADS-001031,Crematorium Shed at Ward-62,Crematorium Shed,Community Infrastructure,DIST-0403,ST-10,PC-0586,CONT-0075,AGENCY-0126,2023-11-24,2023-12-23,2024-04-21,COMPLETED,13.82906,78.32215
MPLADS-001032,Lift Irrigation Scheme at Ward-53,Lift Irrigation Scheme,Irrigation & Agriculture,DIST-0445,ST-12,PC-0648,CONT-0191,AGENCY-0030,2023-02-14,2023-03-11,2023-08-18,WORK_IN_PROGRESS,17.41921,81.39217
MPLADS-001033,Community Tank at Ward-72,Community Tank,Drinking Water,DIST-0114,ST-03,PC-0164,CONT-0018,AGENCY-0768,2022-01-29,2022-03-12,2022-06-10,WORK_IN_PROGRESS,24.56721,85.29591
MPLADS-001034,Multi-Village Hospital Block at Ward-65,Multi-Village Hospital Block,Mega Infrastructure,DIST-0180,ST-05,PC-0253,CONT-0132,AGENCY-0390,2022-03-18,2022-04-18,2023-05-23,WORK_IN_PROGRESS,24.72498,80.97102
MPLADS-001035,Public Toilet Complex at Ward-47,Public Toilet Complex,Community Infrastructure,DIST-0343,ST-08,PC-0502,CONT-0043,AGENCY-1007,2022-12-25,2023-02-08,2023-06-08,WORK_IN_PROGRESS,17.21966,77.28517
MPLADS-001036,Solar High-Mast Light at Ward-35,Solar High-Mast Light,Renewable Energy,DIST-0223,ST-05,PC-0325,CONT-0135,AGENCY-0362,2022-05-17,2022-06-23,2022-08-22,WORK_IN_PROGRESS,22.64187,76.87271
MPLADS-001037,Community Tank at Ward-42,Community Tank,Drinking Water,DIST-0386,ST-10,PC-0559,CONT-0079,AGENCY-0747,2022-10-01,2022-10-31,2023-01-29,COMPLETED,12.47834,76.72834
MPLADS-001038,School Additional Classroom at Ward-39,School Additional Classroom,Education Infrastructure,DIST-0079,ST-02,PC-0115,CONT-0268,AGENCY-0922,2022-11-15,2022-12-25,2023-05-24,WORK_IN_PROGRESS,20.71179,78.71506
MPLADS-001039,Major River Overbridge at Ward-85,Major River Overbridge,Mega Infrastructure,DIST-0380,ST-10,PC-0550,CONT-0028,AGENCY-1134,2022-05-20,2022-06-12,2023-07-17,WORK_IN_PROGRESS,16.68308,77.05384
MPLADS-001040,Ayurvedic Dispensary at Ward-71,Ayurvedic Dispensary,Public Health,DIST-0409,ST-11,PC-0596,CONT-0199,AGENCY-0286,2022-05-08,2022-06-28,2023-01-24,WORK_IN_PROGRESS,18.74075,83.94366
MPLADS-001041,Major River Overbridge at Ward-60,Major River Overbridge,Mega Infrastructure,DIST-0116,ST-03,PC-0168,CONT-0034,AGENCY-0766,2023-02-03,2023-02-19,2024-03-25,WORK_IN_PROGRESS,25.58165,85.09823
MPLADS-001042,CC Road Construction at Ward-36,CC Road Construction,Roads & Bridges,DIST-0474,ST-13,PC-0690,CONT-0250,AGENCY-1127,2023-11-04,2023-12-23,2024-06-20,WORK_IN_PROGRESS,8.85787,76.97004
MPLADS-001043,Culvert Bridge at Ward-25,Culvert Bridge,Roads & Bridges,DIST-0242,ST-06,PC-0352,CONT-0056,AGENCY-0478,2023-10-26,2023-11-29,2024-05-27,WORK_IN_PROGRESS,12.98871,77.92986
MPLADS-001044,Public Toilet Complex at Ward-96,Public Toilet Complex,Community Infrastructure,DIST-0065,ST-01,PC-0094,CONT-0032,AGENCY-0410,2022-08-02,2022-09-26,2023-01-24,WORK_IN_PROGRESS,29.5297,79.47475
MPLADS-001045,Piped Water Network at Ward-23,Piped Water Network,Drinking Water,DIST-0026,ST-01,PC-0038,CONT-0049,AGENCY-0192,2022-08-30,2022-10-16,2023-01-14,WORK_IN_PROGRESS,27.54247,81.77854
MPLADS-001046,District Sports Complex at Ward-04,District Sports Complex,Mega Infrastructure,DIST-0464,ST-12,PC-0678,CONT-0225,AGENCY-0643,2023-04-30,2023-05-23,2024-06-26,WORK_IN_PROGRESS,16.68165,80.92348
MPLADS-001047,Piped Water Network at Ward-13,Piped Water Network,Drinking Water,DIST-0566,ST-17,PC-0833,CONT-0183,AGENCY-0863,2022-01-30,2022-02-25,2022-05-26,WORK_IN_PROGRESS,20.24418,80.22986
MPLADS-001048,Ambulance Vehicle at Ward-65,Ambulance Vehicle,Public Health,DIST-0308,ST-07,PC-0453,CONT-0292,AGENCY-0671,2023-01-14,2023-02-19,2023-09-17,WORK_IN_PROGRESS,24.23138,72.24128
MPLADS-001049,Solar High-Mast Light at Ward-96,Solar High-Mast Light,Renewable Energy,DIST-0480,ST-13,PC-0701,CONT-0022,AGENCY-0092,2023-11-21,2023-12-18,2024-02-16,WORK_IN_PROGRESS,9.56683,74.97452
MPLADS-001050,Solar Rooftop Panel at Ward-94,Solar Rooftop Panel,Renewable Energy,DIST-0308,ST-07,PC-0454,CONT-0243,AGENCY-0439,2022-01-03,2022-01-23,2022-03-24,WORK_IN_PROGRESS,24.19122,72.25073
MPLADS-001051,Solar High-Mast Light at Ward-82,Solar High-Mast Light,Renewable Energy,DIST-0508,ST-15,PC-0740,CONT-0093,AGENCY-1000,2023-08-31,2023-10-07,2023-12-06,WORK_IN_PROGRESS,24.95034,94.39071
MPLADS-001052,RO Water Plant at Ward-63,RO Water Plant,Drinking Water,DIST-0389,ST-10,PC-0562,CONT-0078,AGENCY-0671,2023-05-08,2023-06-01,2023-08-30,WORK_IN_PROGRESS,18.54553,81.01314
MPLADS-001053,Crematorium Shed at Ward-44,Crematorium Shed,Community Infrastructure,DIST-0129,ST-03,PC-0187,CONT-0266,AGENCY-0377,2022-11-21,2023-01-15,2023-05-15,WORK_IN_PROGRESS,24.79383,83.70075
MPLADS-001054,Community Hall at Ward-17,Community Hall,Community Infrastructure,DIST-0335,ST-08,PC-0489,CONT-0118,AGENCY-0555,2023-11-24,2023-12-25,2024-04-23,WORK_IN_PROGRESS,17.2499,76.7075
MPLADS-001055,Crematorium Shed at Ward-45,Crematorium Shed,Community Infrastructure,DIST-0346,ST-08,PC-0505,CONT-0187,AGENCY-0530,2023-08-27,2023-09-18,2024-01-16,WORK_IN_PROGRESS,12.74451,78.32465
MPLADS-001056,Multi-Village Hospital Block at Ward-57,Multi-Village Hospital Block,Mega Infrastructure,DIST-0473,ST-13,PC-0689,CONT-0248,AGENCY-1050,2023-05-09,2023-05-26,2024-06-29,WORK_IN_PROGRESS,10.88234,76.89782
MPLADS-001057,Primary Health Sub-Centre at Ward-24,Primary Health Sub-Centre,Public Health,DIST-0170,ST-04,PC-0241,CONT-0107,AGENCY-0652,2023-11-02,2023-12-16,2024-07-13,DELAYED,22.95883,85.92199
MPLADS-001058,Ambulance Vehicle at Ward-81,Ambulance Vehicle,Public Health,DIST-0290,ST-07,PC-0425,CONT-0107,AGENCY-0560,2022-05-03,2022-05-21,2022-12-17,WORK_IN_PROGRESS,29.66391,72.9664
MPLADS-001059,Major River Overbridge at Ward-46,Major River Overbridge,Mega Infrastructure,DIST-0461,ST-12,PC-0674,CONT-0294,AGENCY-0352,2022-08-17,2022-10-05,2023-11-09,WORK_IN_PROGRESS,17.47316,77.02222
MPLADS-001060,Smart Classroom Lab at Ward-22,Smart Classroom Lab,Education Infrastructure,DIST-0471,ST-13,PC-0687,CONT-0044,AGENCY-0715,2022-08-30,2022-10-07,2023-03-06,WORK_IN_PROGRESS,9.53585,75.38342
MPLADS-001061,Community Tank at Ward-97,Community Tank,Drinking Water,DIST-0098,ST-02,PC-0141,CONT-0152,AGENCY-0833,2023-04-03,2023-04-23,2023-07-22,WORK_IN_PROGRESS,20.17915,79.64419
MPLADS-001062,District Sports Complex at Ward-11,District Sports Complex,Mega Infrastructure,DIST-0578,ST-17,PC-0854,CONT-0264,AGENCY-0259,2023-03-23,2023-05-14,2024-06-17,COMPLETED,21.86923,84.03668
MPLADS-001063,Maternity Ward Facility at Ward-32,Maternity Ward Facility,Public Health,DIST-0425,ST-11,PC-0620,CONT-0128,AGENCY-1064,2023-04-24,2023-05-30,2023-12-26,COMPLETED,21.5041,84.83618
MPLADS-001064,School Additional Classroom at Ward-75,School Additional Classroom,Education Infrastructure,DIST-0397,ST-10,PC-0575,CONT-0261,AGENCY-0166,2022-12-17,2023-01-16,2023-06-15,WORK_IN_PROGRESS,15.86523,78.7837
MPLADS-001065,Crematorium Shed at Ward-69,Crematorium Shed,Community Infrastructure,DIST-0576,ST-17,PC-0849,CONT-0038,AGENCY-0495,2022-04-20,2022-06-06,2022-10-04,COMPLETED,18.63253,80.17928
MPLADS-001066,Lift Irrigation Scheme at Ward-98,Lift Irrigation Scheme,Irrigation & Agriculture,DIST-0557,ST-16,PC-0818,CONT-0013,AGENCY-0230,2022-09-20,2022-10-06,2023-03-15,WORK_IN_PROGRESS,31.30076,74.27374
MPLADS-001067,School Boundary Wall at Ward-39,School Boundary Wall,Education Infrastructure,DIST-0098,ST-02,PC-0141,CONT-0147,AGENCY-0823,2023-01-29,2023-02-17,2023-07-17,COMPLETED,20.25259,79.67517
MPLADS-001068,School Boundary Wall at Ward-27,School Boundary Wall,Education Infrastructure,DIST-0290,ST-07,PC-0425,CONT-0104,AGENCY-0177,2022-11-06,2022-12-14,2023-05-13,COMPLETED,29.72763,73.00394
MPLADS-001069,Solar Street Lighting at Ward-92,Solar Street Lighting,Renewable Energy,DIST-0290,ST-07,PC-0425,CONT-0164,AGENCY-0992,2022-07-09,2022-07-27,2022-09-25,WORK_IN_PROGRESS,29.65879,72.98689
MPLADS-001070,Ambulance Vehicle at Ward-80,Ambulance Vehicle,Public Health,DIST-0205,ST-05,PC-0296,CONT-0262,AGENCY-0231,2023-10-12,2023-11-19,2024-06-16,WORK_IN_PROGRESS,23.48786,75.52969
MPLADS-001071,District Sports Complex at Ward-20,District Sports Complex,Mega Infrastructure,DIST-0243,ST-06,PC-0353,CONT-0038,AGENCY-0036,2022-09-17,2022-10-26,2023-11-30,WORK_IN_PROGRESS,9.93561,78.48735
MPLADS-001072,Farm Pond Renovation at Ward-61,Farm Pond Renovation,Irrigation & Agriculture,DIST-0265,ST-06,PC-0386,CONT-0023,AGENCY-0084,2023-07-27,2023-08-29,2024-02-05,WORK_IN_PROGRESS,9.65358,77.19186
MPLADS-001073,Major River Overbridge at Ward-33,Major River Overbridge,Mega Infrastructure,DIST-0171,ST-04,PC-0243,CONT-0200,AGENCY-0317,2023-06-23,2023-07-25,2024-08-28,WORK_IN_PROGRESS,25.39844,86.20994
MPLADS-001074,Farm Pond Renovation at Ward-25,Farm Pond Renovation,Irrigation & Agriculture,DIST-0175,ST-05,PC-0247,CONT-0171,AGENCY-0980,2023-01-17,2023-03-04,2023-08-11,WORK_IN_PROGRESS,24.52457,81.31602
MPLADS-001075,CC Road Construction at Ward-18,CC Road Construction,Roads & Bridges,DIST-0203,ST-05,PC-0293,CONT-0295,AGENCY-0705,2023-10-20,2023-11-05,2024-05-03,WORK_IN_PROGRESS,22.28334,81.08551
MPLADS-001076,Lift Irrigation Scheme at Ward-39,Lift Irrigation Scheme,Irrigation & Agriculture,DIST-0009,ST-01,PC-0012,CONT-0219,AGENCY-0025,2023-11-12,2023-12-27,2024-06-04,WORK_IN_PROGRESS,26.64068,83.3584
MPLADS-001077,Major River Overbridge at Ward-52,Major River Overbridge,Mega Infrastructure,DIST-0163,ST-04,PC-0230,CONT-0092,AGENCY-0981,2022-12-31,2023-02-19,2024-03-25,COMPLETED,24.97667,89.03021
MPLADS-001078,School Boundary Wall at Ward-50,School Boundary Wall,Education Infrastructure,DIST-0409,ST-11,PC-0595,CONT-0014,AGENCY-0145,2023-01-24,2023-03-09,2023-08-06,COMPLETED,18.66877,83.94612
MPLADS-001079,Farm Pond Renovation at Ward-42,Farm Pond Renovation,Irrigation & Agriculture,DIST-0014,ST-01,PC-0020,CONT-0096,AGENCY-0490,2023-04-04,2023-05-16,2023-10-23,WORK_IN_PROGRESS,28.70478,80.25078
MPLADS-001080,District Sports Complex at Ward-20,District Sports Complex,Mega Infrastructure,DIST-0290,ST-07,PC-0425,CONT-0180,AGENCY-1138,2023-03-10,2023-04-03,2024-05-07,WORK_IN_PROGRESS,29.64083,73.03885
MPLADS-001081,Farm Pond Renovation at Ward-97,Farm Pond Renovation,Irrigation & Agriculture,DIST-0486,ST-14,PC-0710,CONT-0086,AGENCY-0750,2023-01-09,2023-01-30,2023-07-09,WORK_IN_PROGRESS,23.16345,85.37432
MPLADS-001082,RO Water Plant at Ward-26,RO Water Plant,Drinking Water,DIST-0318,ST-08,PC-0466,CONT-0261,AGENCY-0599,2022-05-09,2022-06-18,2022-09-16,WORK_IN_PROGRESS,14.11191,76.0162
MPLADS-001083,Primary Health Sub-Centre at Ward-34,Primary Health Sub-Centre,Public Health,DIST-0463,ST-12,PC-0677,CONT-0203,AGENCY-0064,2022-04-14,2022-05-23,2022-12-19,WORK_IN_PROGRESS,17.28789,79.16198
MPLADS-001084,School Additional Classroom at Ward-46,School Additional Classroom,Education Infrastructure,DIST-0544,ST-16,PC-0798,CONT-0219,AGENCY-0645,2023-08-30,2023-09-19,2024-02-16,WORK_IN_PROGRESS,31.28567,74.71804
MPLADS-001085,Multi-Village Hospital Block at Ward-35,Multi-Village Hospital Block,Mega Infrastructure,DIST-0403,ST-10,PC-0585,CONT-0311,AGENCY-0840,2022-02-04,2022-02-26,2023-04-02,WORK_IN_PROGRESS,13.86233,78.29757
MPLADS-001086,Multi-Village Hospital Block at Ward-15,Multi-Village Hospital Block,Mega Infrastructure,DIST-0044,ST-01,PC-0065,CONT-0112,AGENCY-0124,2022-01-29,2022-03-27,2023-05-01,COMPLETED,24.80439,83.34124
MPLADS-001087,Solar Rooftop Panel at Ward-89,Solar Rooftop Panel,Renewable Energy,DIST-0575,ST-17,PC-0847,CONT-0026,AGENCY-0922,2023-01-17,2023-02-21,2023-04-22,DELAYED,21.79136,83.36446
MPLADS-001088,Community Tank at Ward-62,Community Tank,Drinking Water,DIST-0318,ST-08,PC-0466,CONT-0110,AGENCY-0292,2022-08-16,2022-09-07,2022-12-06,WORK_IN_PROGRESS,14.16553,75.96952
MPLADS-001089,Culvert Bridge at Ward-74,Culvert Bridge,Roads & Bridges,DIST-0153,ST-04,PC-0216,CONT-0145,AGENCY-0032,2023-06-06,2023-07-05,2024-01-01,WORK_IN_PROGRESS,24.89274,85.65886
MPLADS-001090,Paver Block Road at Ward-62,Paver Block Road,Roads & Bridges,DIST-0088,ST-02,PC-0128,CONT-0314,AGENCY-0435,2022-05-27,2022-06-11,2022-12-08,WORK_IN_PROGRESS,17.63105,78.90525
MPLADS-001091,Community Tank at Ward-70,Community Tank,Drinking Water,DIST-0251,ST-06,PC-0365,CONT-0283,AGENCY-0053,2023-02-16,2023-03-14,2023-06-12,WORK_IN_PROGRESS,9.46802,78.78088
MPLADS-001092,Ayurvedic Dispensary at Ward-10,Ayurvedic Dispensary,Public Health,DIST-0252,ST-06,PC-0367,CONT-0197,AGENCY-0166,2023-08-20,2023-09-13,2024-04-10,WORK_IN_PROGRESS,10.81965,80.15843
MPLADS-001093,Yatri Shed at Ward-96,Yatri Shed,Community Infrastructure,DIST-0416,ST-11,PC-0608,CONT-0151,AGENCY-0203,2023-05-28,2023-07-18,2023-11-15,WORK_IN_PROGRESS,21.32763,87.10347
MPLADS-001094,Library Room at Ward-71,Library Room,Education Infrastructure,DIST-0170,ST-04,PC-0241,CONT-0253,AGENCY-0706,2023-09-27,2023-11-09,2024-04-07,WORK_IN_PROGRESS,22.92959,85.9734
MPLADS-001095,Community Hall at Ward-20,Community Hall,Community Infrastructure,DIST-0370,ST-09,PC-0535,CONT-0017,AGENCY-0586,2023-09-15,2023-11-08,2024-03-07,WORK_IN_PROGRESS,20.36048,74.02055
MPLADS-001096,District Sports Complex at Ward-24,District Sports Complex,Mega Infrastructure,DIST-0084,ST-02,PC-0124,CONT-0179,AGENCY-1186,2023-04-20,2023-06-13,2024-07-17,COMPLETED,18.65389,77.95411
MPLADS-001097,Solar Rooftop Panel at Ward-32,Solar Rooftop Panel,Renewable Energy,DIST-0563,ST-16,PC-0827,CONT-0054,AGENCY-0148,2023-06-08,2023-07-09,2023-09-07,WORK_IN_PROGRESS,31.90881,74.40224
MPLADS-001098,Yatri Shed at Ward-15,Yatri Shed,Community Infrastructure,DIST-0509,ST-15,PC-0742,CONT-0093,AGENCY-0791,2023-09-28,2023-10-25,2024-02-22,WORK_IN_PROGRESS,25.08219,94.83236
MPLADS-001099,Smart Classroom Lab at Ward-77,Smart Classroom Lab,Education Infrastructure,DIST-0054,ST-01,PC-0080,CONT-0090,AGENCY-0598,2023-02-08,2023-03-14,2023-08-11,WORK_IN_PROGRESS,26.69276,78.60124
MPLADS-001100,Public Toilet Complex at Ward-56,Public Toilet Complex,Community Infrastructure,DIST-0356,ST-09,PC-0517,CONT-0236,AGENCY-0213,2023-02-19,2023-03-18,2023-07-16,WORK_IN_PROGRESS,23.20239,73.66358
MPLADS-001101,Smart Classroom Lab at Ward-08,Smart Classroom Lab,Education Infrastructure,DIST-0108,ST-02,PC-0153,CONT-0080,AGENCY-0829,2022-04-30,2022-06-18,2022-11-15,WORK_IN_PROGRESS,16.36592,73.46385
MPLADS-001102,Paver Block Road at Ward-49,Paver Block Road,Roads & Bridges,DIST-0274,ST-07,PC-0401,CONT-0174,AGENCY-0113,2022-06-27,2022-08-07,2023-02-03,WORK_IN_PROGRESS,27.6343,74.01913
MPLADS-001103,Check Dam at Ward-98,Check Dam,Irrigation & Agriculture,DIST-0495,ST-14,PC-0722,CONT-0144,AGENCY-0043,2023-10-30,2023-12-03,2024-05-11,WORK_IN_PROGRESS,22.8295,84.65762
MPLADS-001104,Multi-Village Hospital Block at Ward-74,Multi-Village Hospital Block,Mega Infrastructure,DIST-0313,ST-07,PC-0460,CONT-0274,AGENCY-0129,2022-11-06,2022-12-28,2024-02-01,WORK_IN_PROGRESS,25.70854,75.71502
MPLADS-001105,Culvert Bridge at Ward-52,Culvert Bridge,Roads & Bridges,DIST-0516,ST-15,PC-0754,CONT-0179,AGENCY-1105,2023-04-12,2023-05-26,2023-11-22,WORK_IN_PROGRESS,24.81021,91.22174
MPLADS-001106,Library Room at Ward-45,Library Room,Education Infrastructure,DIST-0519,ST-15,PC-0758,CONT-0156,AGENCY-0747,2023-04-12,2023-04-28,2023-09-25,COMPLETED,25.72216,95.17349
MPLADS-001107,Primary Health Sub-Centre at Ward-56,Primary Health Sub-Centre,Public Health,DIST-0237,ST-06,PC-0345,CONT-0248,AGENCY-1100,2022-03-15,2022-04-15,2022-11-11,WORK_IN_PROGRESS,8.13108,77.24426
MPLADS-001108,Ayurvedic Dispensary at Ward-72,Ayurvedic Dispensary,Public Health,DIST-0095,ST-02,PC-0137,CONT-0153,AGENCY-1101,2023-05-28,2023-06-21,2024-01-17,WORK_IN_PROGRESS,16.44698,80.2127
MPLADS-001109,Lift Irrigation Scheme at Ward-81,Lift Irrigation Scheme,Irrigation & Agriculture,DIST-0243,ST-06,PC-0353,CONT-0047,AGENCY-0589,2022-04-15,2022-05-18,2022-10-25,WORK_IN_PROGRESS,9.97136,78.54434
MPLADS-001110,Crematorium Shed at Ward-83,Crematorium Shed,Community Infrastructure,DIST-0318,ST-08,PC-0466,CONT-0025,AGENCY-0321,2023-03-06,2023-03-22,2023-07-20,WORK_IN_PROGRESS,14.12602,75.92679
MPLADS-001111,Community Hall at Ward-46,Community Hall,Community Infrastructure,DIST-0333,ST-08,PC-0486,CONT-0314,AGENCY-0234,2022-05-09,2022-06-12,2022-10-10,WORK_IN_PROGRESS,12.23987,76.78904
MPLADS-001112,Solar Street Lighting at Ward-91,Solar Street Lighting,Renewable Energy,DIST-0533,ST-15,PC-0782,CONT-0078,AGENCY-1111,2022-04-01,2022-04-28,2022-06-27,WORK_IN_PROGRESS,26.34509,95.77405
MPLADS-001113,Bituminous Road at Ward-45,Bituminous Road,Roads & Bridges,DIST-0135,ST-03,PC-0194,CONT-0255,AGENCY-1101,2023-10-13,2023-11-27,2024-05-25,DELAYED,24.68739,86.02005
MPLADS-001114,Major River Overbridge at Ward-17,Major River Overbridge,Mega Infrastructure,DIST-0538,ST-15,PC-0790,CONT-0233,AGENCY-0507,2023-02-19,2023-04-04,2024-05-08,WORK_IN_PROGRESS,27.69313,93.36284
MPLADS-001115,Farm Pond Renovation at Ward-78,Farm Pond Renovation,Irrigation & Agriculture,DIST-0600,ST-18,PC-0883,CONT-0266,AGENCY-0061,2022-01-14,2022-02-24,2022-08-03,WORK_IN_PROGRESS,30.73629,76.24509
MPLADS-001116,CC Road Construction at Ward-03,CC Road Construction,Roads & Bridges,DIST-0087,ST-02,PC-0127,CONT-0223,AGENCY-0729,2023-04-18,2023-05-18,2023-11-14,WORK_IN_PROGRESS,20.4644,79.29554
MPLADS-001117,Paver Block Road at Ward-64,Paver Block Road,Roads & Bridges,DIST-0254,ST-06,PC-0370,CONT-0206,AGENCY-0658,2022-06-12,2022-07-18,2023-01-14,WORK_IN_PROGRESS,12.79833,76.16601
MPLADS-001118,Paver Block Road at Ward-67,Paver Block Road,Roads & Bridges,DIST-0181,ST-05,PC-0255,CONT-0073,AGENCY-0787,2023-03-25,2023-04-28,2023-10-25,COMPLETED,22.40256,80.51716
MPLADS-001119,Yatri Shed at Ward-83,Yatri Shed,Community Infrastructure,DIST-0472,ST-13,PC-0688,CONT-0271,AGENCY-0703,2023-05-03,2023-05-21,2023-09-18,WORK_IN_PROGRESS,8.20393,76.77024
MPLADS-001120,Crematorium Shed at Ward-54,Crematorium Shed,Community Infrastructure,DIST-0149,ST-03,PC-0211,CONT-0010,AGENCY-1183,2022-03-07,2022-04-11,2022-08-09,COMPLETED,26.16928,84.38803
MPLADS-001121,Smart Classroom Lab at Ward-72,Smart Classroom Lab,Education Infrastructure,DIST-0315,ST-07,PC-0462,CONT-0177,AGENCY-1002,2023-04-02,2023-05-16,2023-10-13,DELAYED,29.64982,77.76828
MPLADS-001122,Solar Rooftop Panel at Ward-16,Solar Rooftop Panel,Renewable Energy,DIST-0156,ST-04,PC-0220,CONT-0284,AGENCY-0516,2022-07-02,2022-08-01,2022-09-30,WORK_IN_PROGRESS,26.50781,85.67063
MPLADS-001123,Paver Block Road at Ward-22,Paver Block Road,Roads & Bridges,DIST-0395,ST-10,PC-0572,CONT-0107,AGENCY-0555,2023-04-15,2023-05-14,2023-11-10,WORK_IN_PROGRESS,17.08028,82.80961
MPLADS-001124,Lift Irrigation Scheme at Ward-51,Lift Irrigation Scheme,Irrigation & Agriculture,DIST-0356,ST-09,PC-0517,CONT-0101,AGENCY-0281,2022-11-13,2023-01-06,2023-06-15,COMPLETED,23.31198,73.58346
MPLADS-001125,School Additional Classroom at Ward-88,School Additional Classroom,Education Infrastructure,DIST-0112,ST-03,PC-0161,CONT-0118,AGENCY-0167,2023-10-20,2023-11-06,2024-04-04,WORK_IN_PROGRESS,24.67655,85.27124
MPLADS-001126,Multi-Village Hospital Block at Ward-96,Multi-Village Hospital Block,Mega Infrastructure,DIST-0179,ST-05,PC-0252,CONT-0074,AGENCY-1148,2023-10-14,2023-11-25,2024-12-29,COMPLETED,26.1591,77.48562
MPLADS-001127,Bituminous Road at Ward-30,Bituminous Road,Roads & Bridges,DIST-0026,ST-01,PC-0038,CONT-0223,AGENCY-0397,2022-03-24,2022-04-29,2022-10-26,WORK_IN_PROGRESS,27.67843,81.74187
MPLADS-001128,Library Room at Ward-35,Library Room,Education Infrastructure,DIST-0533,ST-15,PC-0782,CONT-0318,AGENCY-0559,2023-05-06,2023-05-22,2023-10-19,WORK_IN_PROGRESS,26.3715,95.7968
MPLADS-001129,Smart Classroom Lab at Ward-26,Smart Classroom Lab,Education Infrastructure,DIST-0174,ST-05,PC-0246,CONT-0169,AGENCY-0501,2022-10-11,2022-11-11,2023-04-10,DELAYED,21.77754,77.72338
MPLADS-001130,School Additional Classroom at Ward-01,School Additional Classroom,Education Infrastructure,DIST-0328,ST-08,PC-0479,CONT-0245,AGENCY-0737,2022-06-24,2022-07-29,2022-12-26,WORK_IN_PROGRESS,13.23905,74.03675
MPLADS-001131,School Additional Classroom at Ward-10,School Additional Classroom,Education Infrastructure,DIST-0270,ST-07,PC-0393,CONT-0202,AGENCY-0561,2022-09-26,2022-11-02,2023-04-01,WORK_IN_PROGRESS,26.85002,70.04113
MPLADS-001132,Solar Rooftop Panel at Ward-20,Solar Rooftop Panel,Renewable Energy,DIST-0550,ST-16,PC-0808,CONT-0008,AGENCY-0711,2023-07-16,2023-08-24,2023-10-23,WORK_IN_PROGRESS,31.32696,74.08496
MPLADS-001133,Culvert Bridge at Ward-28,Culvert Bridge,Roads & Bridges,DIST-0469,ST-13,PC-0685,CONT-0041,AGENCY-1127,2022-03-01,2022-04-23,2022-10-20,DELAYED,11.35955,75.44903
MPLADS-001134,Lift Irrigation Scheme at Ward-40,Lift Irrigation Scheme,Irrigation & Agriculture,DIST-0432,ST-11,PC-0630,CONT-0207,AGENCY-0593,2022-02-08,2022-02-26,2022-08-05,COMPLETED,18.09191,82.16523
MPLADS-001135,CC Road Construction at Ward-66,CC Road Construction,Roads & Bridges,DIST-0409,ST-11,PC-0595,CONT-0007,AGENCY-0035,2022-04-16,2022-05-03,2022-10-30,WORK_IN_PROGRESS,18.73183,84.00692
MPLADS-001136,Farm Pond Renovation at Ward-44,Farm Pond Renovation,Irrigation & Agriculture,DIST-0376,ST-09,PC-0544,CONT-0073,AGENCY-0527,2022-04-06,2022-05-09,2022-10-16,WORK_IN_PROGRESS,22.71154,70.09511
MPLADS-001137,School Boundary Wall at Ward-56,School Boundary Wall,Education Infrastructure,DIST-0555,ST-16,PC-0815,CONT-0129,AGENCY-0291,2022-10-06,2022-11-19,2023-04-18,WORK_IN_PROGRESS,30.46102,74.12077
MPLADS-001138,School Additional Classroom at Ward-03,School Additional Classroom,Education Infrastructure,DIST-0242,ST-06,PC-0352,CONT-0105,AGENCY-0791,2022-06-13,2022-08-11,2023-01-08,WORK_IN_PROGRESS,12.85272,77.84052
MPLADS-001139,Community Tank at Ward-10,Community Tank,Drinking Water,DIST-0297,ST-07,PC-0434,CONT-0096,AGENCY-0153,2022-11-15,2022-12-28,2023-03-28,WORK_IN_PROGRESS,28.99989,72.92114
MPLADS-001140,Bituminous Road at Ward-25,Bituminous Road,Roads & Bridges,DIST-0087,ST-02,PC-0127,CONT-0172,AGENCY-1104,2022-04-24,2022-06-17,2022-12-14,WORK_IN_PROGRESS,20.57405,79.35628
MPLADS-001141,Farm Pond Renovation at Ward-39,Farm Pond Renovation,Irrigation & Agriculture,DIST-0083,ST-02,PC-0123,CONT-0196,AGENCY-1133,2022-06-07,2022-06-29,2022-12-06,WORK_IN_PROGRESS,15.57044,76.5432
MPLADS-001142,Ayurvedic Dispensary at Ward-38,Ayurvedic Dispensary,Public Health,DIST-0448,ST-12,PC-0652,CONT-0115,AGENCY-0190,2022-09-11,2022-10-31,2023-05-29,COMPLETED,17.70025,79.45243
MPLADS-001143,Community Tank at Ward-73,Community Tank,Drinking Water,DIST-0434,ST-11,PC-0633,CONT-0198,AGENCY-1092,2022-10-01,2022-10-22,2023-01-20,WORK_IN_PROGRESS,18.73994,82.27843
MPLADS-001144,Major River Overbridge at Ward-95,Major River Overbridge,Mega Infrastructure,DIST-0517,ST-15,PC-0756,CONT-0104,AGENCY-0501,2022-03-30,2022-05-24,2023-06-28,WORK_IN_PROGRESS,26.74542,90.64245
MPLADS-001145,Deep Tube Well at Ward-24,Deep Tube Well,Drinking Water,DIST-0241,ST-06,PC-0351,CONT-0038,AGENCY-1189,2022-10-14,2022-11-11,2023-02-09,COMPLETED,8.57894,77.20033
MPLADS-001146,Culvert Bridge at Ward-79,Culvert Bridge,Roads & Bridges,DIST-0054,ST-01,PC-0081,CONT-0272,AGENCY-0610,2022-02-07,2022-02-23,2022-08-22,WORK_IN_PROGRESS,26.72474,78.57562
MPLADS-001147,District Sports Complex at Ward-17,District Sports Complex,Mega Infrastructure,DIST-0467,ST-12,PC-0682,CONT-0139,AGENCY-0937,2023-10-11,2023-11-02,2024-12-06,WORK_IN_PROGRESS,16.04865,77.37792
MPLADS-001148,Public Toilet Complex at Ward-71,Public Toilet Complex,Community Infrastructure,DIST-0519,ST-15,PC-0758,CONT-0210,AGENCY-0502,2023-06-29,2023-07-14,2023-11-11,WORK_IN_PROGRESS,25.69148,95.09422
MPLADS-001149,Multi-Village Hospital Block at Ward-86,Multi-Village Hospital Block,Mega Infrastructure,DIST-0504,ST-14,PC-0734,CONT-0288,AGENCY-0211,2022-05-21,2022-07-13,2023-08-17,DELAYED,23.05308,86.5582
MPLADS-001150,Deep Tube Well at Ward-91,Deep Tube Well,Drinking Water,DIST-0443,ST-12,PC-0645,CONT-0207,AGENCY-0909,2022-07-12,2022-08-19,2022-11-17,COMPLETED,16.04201,81.31292
MPLADS-001151,Ambulance Vehicle at Ward-71,Ambulance Vehicle,Public Health,DIST-0255,ST-06,PC-0372,CONT-0270,AGENCY-0045,2022-08-15,2022-09-15,2023-04-13,WORK_IN_PROGRESS,11.7916,76.98924
MPLADS-001152,Maternity Ward Facility at Ward-89,Maternity Ward Facility,Public Health,DIST-0554,ST-16,PC-0814,CONT-0296,AGENCY-0121,2022-10-27,2022-12-05,2023-07-03,WORK_IN_PROGRESS,31.27296,75.01919
MPLADS-001153,Culvert Bridge at Ward-79,Culvert Bridge,Roads & Bridges,DIST-0053,ST-01,PC-0078,CONT-0153,AGENCY-0244,2022-03-20,2022-05-14,2022-11-10,WORK_IN_PROGRESS,26.66509,80.48172
MPLADS-001154,Solar Street Lighting at Ward-44,Solar Street Lighting,Renewable Energy,DIST-0382,ST-10,PC-0552,CONT-0036,AGENCY-0259,2022-04-01,2022-05-06,2022-07-05,WORK_IN_PROGRESS,16.5903,82.7937
MPLADS-001155,Solar Rooftop Panel at Ward-40,Solar Rooftop Panel,Renewable Energy,DIST-0414,ST-11,PC-0604,CONT-0188,AGENCY-0093,2023-07-09,2023-08-09,2023-10-08,WORK_IN_PROGRESS,21.26632,87.48309
MPLADS-001156,Crematorium Shed at Ward-71,Crematorium Shed,Community Infrastructure,DIST-0060,ST-01,PC-0088,CONT-0218,AGENCY-0894,2022-07-13,2022-08-11,2022-12-09,WORK_IN_PROGRESS,25.29444,81.01775
MPLADS-001157,Multi-Village Hospital Block at Ward-01,Multi-Village Hospital Block,Mega Infrastructure,DIST-0461,ST-12,PC-0674,CONT-0270,AGENCY-0152,2023-01-26,2023-03-15,2024-04-18,WORK_IN_PROGRESS,17.56642,77.01931
MPLADS-001158,Primary Health Sub-Centre at Ward-72,Primary Health Sub-Centre,Public Health,DIST-0113,ST-03,PC-0162,CONT-0057,AGENCY-1142,2023-08-14,2023-08-29,2024-03-26,WORK_IN_PROGRESS,26.61944,85.35244
MPLADS-001159,Ayurvedic Dispensary at Ward-54,Ayurvedic Dispensary,Public Health,DIST-0481,ST-13,PC-0702,CONT-0017,AGENCY-0133,2022-08-27,2022-09-23,2023-04-21,WORK_IN_PROGRESS,9.23297,76.97691
MPLADS-001160,Primary Health Sub-Centre at Ward-15,Primary Health Sub-Centre,Public Health,DIST-0488,ST-14,PC-0712,CONT-0122,AGENCY-1090,2022-12-26,2023-02-08,2023-09-06,COMPLETED,22.6632,86.3247
MPLADS-001161,Farm Pond Renovation at Ward-90,Farm Pond Renovation,Irrigation & Agriculture,DIST-0188,ST-05,PC-0266,CONT-0183,AGENCY-0445,2023-03-24,2023-04-24,2023-10-01,WORK_IN_PROGRESS,26.17474,80.22577
MPLADS-001162,Solar High-Mast Light at Ward-77,Solar High-Mast Light,Renewable Energy,DIST-0145,ST-03,PC-0207,CONT-0186,AGENCY-0299,2022-12-03,2023-01-09,2023-03-10,COMPLETED,26.12921,84.66833
MPLADS-001163,Solar Rooftop Panel at Ward-81,Solar Rooftop Panel,Renewable Energy,DIST-0220,ST-05,PC-0320,CONT-0126,AGENCY-0028,2023-02-04,2023-03-18,2023-05-17,WORK_IN_PROGRESS,23.8529,76.57841
MPLADS-001164,Deep Tube Well at Ward-37,Deep Tube Well,Drinking Water,DIST-0472,ST-13,PC-0688,CONT-0077,AGENCY-0023,2023-11-18,2023-12-13,2024-03-12,COMPLETED,8.10151,76.78964
MPLADS-001165,Maternity Ward Facility at Ward-68,Maternity Ward Facility,Public Health,DIST-0269,ST-07,PC-0392,CONT-0268,AGENCY-0500,2023-08-13,2023-08-28,2024-03-25,WORK_IN_PROGRESS,25.48206,72.23981
MPLADS-001166,Bituminous Road at Ward-06,Bituminous Road,Roads & Bridges,DIST-0010,ST-01,PC-0013,CONT-0039,AGENCY-0404,2022-08-21,2022-10-11,2023-04-09,WORK_IN_PROGRESS,28.28633,79.99759
MPLADS-001167,Multi-Village Hospital Block at Ward-52,Multi-Village Hospital Block,Mega Infrastructure,DIST-0105,ST-02,PC-0150,CONT-0206,AGENCY-0953,2023-09-19,2023-11-17,2024-12-21,COMPLETED,16.88308,80.01422
MPLADS-001168,Maternity Ward Facility at Ward-11,Maternity Ward Facility,Public Health,DIST-0436,ST-12,PC-0637,CONT-0023,AGENCY-0765,2023-02-21,2023-03-23,2023-10-19,WORK_IN_PROGRESS,17.64812,80.6606
MPLADS-001169,Bituminous Road at Ward-01,Bituminous Road,Roads & Bridges,DIST-0351,ST-09,PC-0511,CONT-0207,AGENCY-1144,2023-03-01,2023-03-31,2023-09-27,WORK_IN_PROGRESS,24.4424,68.4175
MPLADS-001170,Primary Health Sub-Centre at Ward-19,Primary Health Sub-Centre,Public Health,DIST-0017,ST-01,PC-0025,CONT-0187,AGENCY-0992,2023-11-26,2024-01-09,2024-08-06,COMPLETED,27.03441,78.9476
MPLADS-001171,School Additional Classroom at Ward-54,School Additional Classroom,Education Infrastructure,DIST-0409,ST-11,PC-0596,CONT-0299,AGENCY-0991,2023-11-27,2024-01-08,2024-06-06,WORK_IN_PROGRESS,18.72757,83.96607
MPLADS-001172,Solar Street Lighting at Ward-20,Solar Street Lighting,Renewable Energy,DIST-0372,ST-09,PC-0538,CONT-0253,AGENCY-0034,2023-08-10,2023-09-04,2023-11-03,COMPLETED,23.85743,71.35248
MPLADS-001173,Major River Overbridge at Ward-90,Major River Overbridge,Mega Infrastructure,DIST-0166,ST-04,PC-0236,CONT-0056,AGENCY-0844,2022-12-16,2023-02-08,2024-03-14,WORK_IN_PROGRESS,24.10747,87.15073
MPLADS-001174,Deep Tube Well at Ward-31,Deep Tube Well,Drinking Water,DIST-0382,ST-10,PC-0552,CONT-0236,AGENCY-0202,2022-02-01,2022-02-23,2022-05-24,WORK_IN_PROGRESS,16.55306,82.7156
MPLADS-001175,Solar Rooftop Panel at Ward-44,Solar Rooftop Panel,Renewable Energy,DIST-0219,ST-05,PC-0319,CONT-0086,AGENCY-0769,2022-12-25,2023-02-08,2023-04-09,WORK_IN_PROGRESS,24.38916,77.53149
MPLADS-001176,Solar Street Lighting at Ward-15,Solar Street Lighting,Renewable Energy,DIST-0414,ST-11,PC-0604,CONT-0107,AGENCY-1000,2022-12-15,2023-01-09,2023-03-10,WORK_IN_PROGRESS,21.21929,87.40446
MPLADS-001177,Library Room at Ward-75,Library Room,Education Infrastructure,DIST-0374,ST-09,PC-0541,CONT-0072,AGENCY-0827,2023-11-26,2024-01-08,2024-06-06,COMPLETED,22.95882,73.18634
MPLADS-001178,Solar High-Mast Light at Ward-42,Solar High-Mast Light,Renewable Energy,DIST-0406,ST-11,PC-0591,CONT-0320,AGENCY-0385,2023-04-18,2023-05-27,2023-07-26,WORK_IN_PROGRESS,21.62939,82.78957
MPLADS-001179,Solar High-Mast Light at Ward-14,Solar High-Mast Light,Renewable Energy,DIST-0395,ST-10,PC-0572,CONT-0135,AGENCY-0152,2022-08-02,2022-08-26,2022-10-25,WORK_IN_PROGRESS,17.13978,82.85641
MPLADS-001180,Solar High-Mast Light at Ward-59,Solar High-Mast Light,Renewable Energy,DIST-0083,ST-02,PC-0123,CONT-0303,AGENCY-0187,2023-01-11,2023-02-21,2023-04-22,COMPLETED,15.58029,76.58248
MPLADS-001181,Major River Overbridge at Ward-47,Major River Overbridge,Mega Infrastructure,DIST-0052,ST-01,PC-0077,CONT-0149,AGENCY-0453,2022-05-06,2022-06-22,2023-07-27,WORK_IN_PROGRESS,24.90354,84.14588
MPLADS-001182,Major River Overbridge at Ward-55,Major River Overbridge,Mega Infrastructure,DIST-0615,ST-18,PC-0905,CONT-0217,AGENCY-0037,2023-03-23,2023-04-19,2024-05-23,WORK_IN_PROGRESS,29.0585,76.48974
MPLADS-001183,Public Toilet Complex at Ward-25,Public Toilet Complex,Community Infrastructure,DIST-0209,ST-05,PC-0302,CONT-0149,AGENCY-0532,2023-10-30,2023-11-20,2024-03-19,DELAYED,23.92212,81.07452
MPLADS-001184,Yatri Shed at Ward-85,Yatri Shed,Community Infrastructure,DIST-0103,ST-02,PC-0147,CONT-0027,AGENCY-0562,2022-05-25,2022-07-15,2022-11-12,WORK_IN_PROGRESS,17.55036,76.98345
MPLADS-001185,Community Hall at Ward-85,Community Hall,Community Infrastructure,DIST-0536,ST-15,PC-0786,CONT-0183,AGENCY-0621,2023-08-02,2023-08-29,2023-12-27,WORK_IN_PROGRESS,26.08955,93.98161
MPLADS-001186,Library Room at Ward-94,Library Room,Education Infrastructure,DIST-0612,ST-18,PC-0900,CONT-0048,AGENCY-0844,2023-05-23,2023-06-26,2023-11-23,WORK_IN_PROGRESS,30.82094,75.37918
MPLADS-001187,CC Road Construction at Ward-24,CC Road Construction,Roads & Bridges,DIST-0570,ST-17,PC-0840,CONT-0238,AGENCY-0601,2022-11-02,2022-12-23,2023-06-21,WORK_IN_PROGRESS,21.59094,81.4189
MPLADS-001188,Culvert Bridge at Ward-35,Culvert Bridge,Roads & Bridges,DIST-0313,ST-07,PC-0460,CONT-0003,AGENCY-1090,2023-07-04,2023-07-27,2024-01-23,DELAYED,25.62419,75.71152
MPLADS-001189,Yatri Shed at Ward-12,Yatri Shed,Community Infrastructure,DIST-0159,ST-04,PC-0224,CONT-0114,AGENCY-0392,2022-10-22,2022-11-27,2023-03-27,WORK_IN_PROGRESS,25.91851,87.68412
MPLADS-001190,CC Road Construction at Ward-85,CC Road Construction,Roads & Bridges,DIST-0482,ST-13,PC-0704,CONT-0311,AGENCY-0743,2022-06-11,2022-07-09,2023-01-05,WORK_IN_PROGRESS,10.78993,75.0791
MPLADS-001191,Bituminous Road at Ward-91,Bituminous Road,Roads & Bridges,DIST-0449,ST-12,PC-0653,CONT-0242,AGENCY-0486,2023-09-15,2023-10-14,2024-04-11,DELAYED,16.76397,81.08445
MPLADS-001192,Culvert Bridge at Ward-49,Culvert Bridge,Roads & Bridges,DIST-0339,ST-08,PC-0494,CONT-0060,AGENCY-0922,2022-06-23,2022-07-12,2023-01-08,COMPLETED,16.48756,76.70189
MPLADS-001193,Smart Classroom Lab at Ward-82,Smart Classroom Lab,Education Infrastructure,DIST-0011,ST-01,PC-0015,CONT-0002,AGENCY-1180,2022-01-23,2022-02-18,2022-07-18,COMPLETED,27.26766,78.16996
MPLADS-001194,Multi-Village Hospital Block at Ward-84,Multi-Village Hospital Block,Mega Infrastructure,DIST-0578,ST-17,PC-0854,CONT-0114,AGENCY-0113,2022-10-14,2022-11-29,2024-01-03,WORK_IN_PROGRESS,21.82745,83.94674
MPLADS-001195,Bituminous Road at Ward-69,Bituminous Road,Roads & Bridges,DIST-0420,ST-11,PC-0613,CONT-0215,AGENCY-0829,2022-02-23,2022-04-21,2022-10-18,WORK_IN_PROGRESS,21.47422,84.53783
MPLADS-001196,Solar Street Lighting at Ward-37,Solar Street Lighting,Renewable Energy,DIST-0563,ST-16,PC-0828,CONT-0113,AGENCY-0032,2022-06-24,2022-07-21,2022-09-19,WORK_IN_PROGRESS,32.02093,74.44425
MPLADS-001197,Solar Street Lighting at Ward-49,Solar Street Lighting,Renewable Energy,DIST-0108,ST-02,PC-0154,CONT-0182,AGENCY-0159,2023-09-25,2023-11-21,2024-01-20,COMPLETED,16.31744,73.44605
MPLADS-001198,Public Toilet Complex at Ward-84,Public Toilet Complex,Community Infrastructure,DIST-0423,ST-11,PC-0618,CONT-0292,AGENCY-0087,2022-06-04,2022-06-24,2022-10-22,WORK_IN_PROGRESS,19.09205,81.68897
MPLADS-001199,Paver Block Road at Ward-09,Paver Block Road,Roads & Bridges,DIST-0149,ST-03,PC-0211,CONT-0092,AGENCY-1228,2023-03-11,2023-05-07,2023-11-03,WORK_IN_PROGRESS,26.17204,84.40932
MPLADS-001200,Solar High-Mast Light at Ward-31,Solar High-Mast Light,Renewable Energy,DIST-0485,ST-14,PC-0708,CONT-0115,AGENCY-1008,2022-12-22,2023-02-09,2023-04-10,WORK_IN_PROGRESS,23.81515,86.90519
MPLADS-001201,Solar Street Lighting at Ward-70,Solar Street Lighting,Renewable Energy,DIST-0033,ST-01,PC-0048,CONT-0142,AGENCY-0547,2022-10-10,2022-12-01,2023-01-30,WORK_IN_PROGRESS,24.61565,83.22899
MPLADS-001202,Check Dam at Ward-20,Check Dam,Irrigation & Agriculture,DIST-0473,ST-13,PC-0689,CONT-0179,AGENCY-0791,2023-07-10,2023-08-06,2024-01-13,WORK_IN_PROGRESS,10.93577,77.0083
MPLADS-001203,Check Dam at Ward-79,Check Dam,Irrigation & Agriculture,DIST-0291,ST-07,PC-0426,CONT-0202,AGENCY-0355,2022-01-06,2022-01-29,2022-07-08,COMPLETED,24.98476,75.21593
MPLADS-001204,Multi-Village Hospital Block at Ward-64,Multi-Village Hospital Block,Mega Infrastructure,DIST-0399,ST-10,PC-0579,CONT-0073,AGENCY-0684,2022-02-08,2022-04-02,2023-05-07,COMPLETED,14.47837,80.03688
MPLADS-001205,Solar Street Lighting at Ward-03,Solar Street Lighting,Renewable Energy,DIST-0542,ST-16,PC-0794,CONT-0144,AGENCY-0211,2023-01-11,2023-02-07,2023-04-08,COMPLETED,31.79655,75.74059
MPLADS-001206,Solar High-Mast Light at Ward-70,Solar High-Mast Light,Renewable Energy,DIST-0149,ST-03,PC-0211,CONT-0195,AGENCY-0496,2022-11-19,2022-12-20,2023-02-18,COMPLETED,26.23814,84.35267
MPLADS-001207,District Sports Complex at Ward-48,District Sports Complex,Mega Infrastructure,DIST-0565,ST-17,PC-0831,CONT-0221,AGENCY-0500,2023-01-19,2023-02-19,2024-03-25,WORK_IN_PROGRESS,20.4173,82.34113
MPLADS-001208,Check Dam at Ward-09,Check Dam,Irrigation & Agriculture,DIST-0222,ST-05,PC-0324,CONT-0244,AGENCY-0766,2023-08-28,2023-09-20,2024-02-27,WORK_IN_PROGRESS,24.85397,82.4162
MPLADS-001209,Solar Rooftop Panel at Ward-67,Solar Rooftop Panel,Renewable Energy,DIST-0389,ST-10,PC-0562,CONT-0059,AGENCY-0908,2022-12-07,2022-12-29,2023-02-27,WORK_IN_PROGRESS,18.50972,81.02428
MPLADS-001210,Solar Rooftop Panel at Ward-25,Solar Rooftop Panel,Renewable Energy,DIST-0616,ST-18,PC-0906,CONT-0058,AGENCY-0910,2023-01-31,2023-03-04,2023-05-03,WORK_IN_PROGRESS,29.38422,75.58953
MPLADS-001211,Crematorium Shed at Ward-56,Crematorium Shed,Community Infrastructure,DIST-0006,ST-01,PC-0008,CONT-0014,AGENCY-0549,2023-06-11,2023-07-01,2023-10-29,WORK_IN_PROGRESS,29.26038,79.91027
MPLADS-001212,Multi-Village Hospital Block at Ward-33,Multi-Village Hospital Block,Mega Infrastructure,DIST-0551,ST-16,PC-0809,CONT-0080,AGENCY-0213,2022-01-10,2022-03-08,2023-04-12,WORK_IN_PROGRESS,31.20704,76.31905
MPLADS-001213,Piped Water Network at Ward-33,Piped Water Network,Drinking Water,DIST-0040,ST-01,PC-0059,CONT-0217,AGENCY-0034,2022-01-17,2022-03-09,2022-06-07,COMPLETED,27.69053,80.42509
MPLADS-001214,Community Tank at Ward-39,Community Tank,Drinking Water,DIST-0437,ST-12,PC-0638,CONT-0229,AGENCY-0434,2022-12-15,2023-01-03,2023-04-03,WORK_IN_PROGRESS,17.61383,79.90781
MPLADS-001215,CC Road Construction at Ward-74,CC Road Construction,Roads & Bridges,DIST-0405,ST-10,PC-0589,CONT-0076,AGENCY-0096,2023-10-30,2023-11-14,2024-05-12,WORK_IN_PROGRESS,16.84926,81.72025
MPLADS-001216,Deep Tube Well at Ward-76,Deep Tube Well,Drinking Water,DIST-0579,ST-17,PC-0855,CONT-0058,AGENCY-1196,2022-11-17,2022-12-22,2023-03-22,WORK_IN_PROGRESS,18.58204,82.05366
MPLADS-001217,RO Water Plant at Ward-97,RO Water Plant,Drinking Water,DIST-0123,ST-03,PC-0179,CONT-0027,AGENCY-0472,2022-03-20,2022-04-30,2022-07-29,WORK_IN_PROGRESS,24.57772,84.61678
MPLADS-001218,Ambulance Vehicle at Ward-18,Ambulance Vehicle,Public Health,DIST-0375,ST-09,PC-0542,CONT-0079,AGENCY-0570,2022-02-04,2022-03-19,2022-10-15,WORK_IN_PROGRESS,21.51545,71.24138
MPLADS-001219,Lift Irrigation Scheme at Ward-26,Lift Irrigation Scheme,Irrigation & Agriculture,DIST-0538,ST-15,PC-0790,CONT-0043,AGENCY-1127,2022-12-02,2023-01-18,2023-06-27,WORK_IN_PROGRESS,27.68007,93.39621
MPLADS-001220,Library Room at Ward-62,Library Room,Education Infrastructure,DIST-0195,ST-05,PC-0279,CONT-0040,AGENCY-0294,2023-06-23,2023-07-12,2023-12-09,WORK_IN_PROGRESS,22.38828,75.92297
MPLADS-001221,Lift Irrigation Scheme at Ward-92,Lift Irrigation Scheme,Irrigation & Agriculture,DIST-0522,ST-15,PC-0765,CONT-0104,AGENCY-0251,2022-07-19,2022-08-16,2023-01-23,WORK_IN_PROGRESS,27.00295,95.9241
MPLADS-001222,School Boundary Wall at Ward-35,School Boundary Wall,Education Infrastructure,DIST-0433,ST-11,PC-0631,CONT-0001,AGENCY-0648,2022-01-17,2022-03-15,2022-08-12,COMPLETED,21.05375,86.93867
MPLADS-001223,Public Toilet Complex at Ward-50,Public Toilet Complex,Community Infrastructure,DIST-0449,ST-12,PC-0653,CONT-0098,AGENCY-0816,2022-02-08,2022-03-21,2022-07-19,WORK_IN_PROGRESS,16.75365,81.11431
MPLADS-001224,Lift Irrigation Scheme at Ward-11,Lift Irrigation Scheme,Irrigation & Agriculture,DIST-0252,ST-06,PC-0366,CONT-0040,AGENCY-0374,2023-05-02,2023-06-21,2023-11-28,WORK_IN_PROGRESS,10.93913,80.12818
MPLADS-001225,Paver Block Road at Ward-52,Paver Block Road,Roads & Bridges,DIST-0308,ST-07,PC-0453,CONT-0308,AGENCY-0520,2022-03-27,2022-05-06,2022-11-02,WORK_IN_PROGRESS,24.22785,72.24668
MPLADS-001226,Public Toilet Complex at Ward-55,Public Toilet Complex,Community Infrastructure,DIST-0515,ST-15,PC-0752,CONT-0299,AGENCY-0023,2022-05-19,2022-07-06,2022-11-03,WORK_IN_PROGRESS,25.8261,92.83435
MPLADS-001227,Multi-Village Hospital Block at Ward-49,Multi-Village Hospital Block,Mega Infrastructure,DIST-0382,ST-10,PC-0552,CONT-0057,AGENCY-0520,2023-09-22,2023-10-28,2024-12-01,COMPLETED,16.57233,82.81101
MPLADS-001228,District Sports Complex at Ward-53,District Sports Complex,Mega Infrastructure,DIST-0054,ST-01,PC-0081,CONT-0131,AGENCY-0250,2022-12-10,2023-01-03,2024-02-07,WORK_IN_PROGRESS,26.71679,78.60917
MPLADS-001229,Public Toilet Complex at Ward-91,Public Toilet Complex,Community Infrastructure,DIST-0222,ST-05,PC-0323,CONT-0139,AGENCY-0577,2023-04-19,2023-05-10,2023-09-07,WORK_IN_PROGRESS,24.84118,82.36595
MPLADS-001230,Major River Overbridge at Ward-40,Major River Overbridge,Mega Infrastructure,DIST-0048,ST-01,PC-0070,CONT-0094,AGENCY-0476,2023-08-05,2023-09-04,2024-10-08,WORK_IN_PROGRESS,27.90042,82.98365
MPLADS-001231,Check Dam at Ward-98,Check Dam,Irrigation & Agriculture,DIST-0231,ST-06,PC-0337,CONT-0217,AGENCY-0455,2023-11-06,2023-12-03,2024-05-11,COMPLETED,13.38649,77.15822
MPLADS-001232,CC Road Construction at Ward-50,CC Road Construction,Roads & Bridges,DIST-0495,ST-14,PC-0723,CONT-0153,AGENCY-0744,2023-11-09,2023-12-29,2024-06-26,WORK_IN_PROGRESS,22.83939,84.65661
MPLADS-001233,Lift Irrigation Scheme at Ward-13,Lift Irrigation Scheme,Irrigation & Agriculture,DIST-0338,ST-08,PC-0493,CONT-0198,AGENCY-0988,2023-08-21,2023-10-04,2024-03-12,WORK_IN_PROGRESS,17.53373,76.7475
MPLADS-001234,Major River Overbridge at Ward-61,Major River Overbridge,Mega Infrastructure,DIST-0174,ST-05,PC-0246,CONT-0138,AGENCY-0514,2023-03-03,2023-04-01,2024-05-05,WORK_IN_PROGRESS,21.65591,77.80537
MPLADS-001235,Community Tank at Ward-54,Community Tank,Drinking Water,DIST-0348,ST-09,PC-0507,CONT-0308,AGENCY-0412,2023-06-06,2023-06-21,2023-09-19,WORK_IN_PROGRESS,20.69857,72.38302
MPLADS-001236,Crematorium Shed at Ward-91,Crematorium Shed,Community Infrastructure,DIST-0505,ST-14,PC-0735,CONT-0066,AGENCY-0171,2022-09-12,2022-10-26,2023-02-23,WORK_IN_PROGRESS,23.9492,86.472
MPLADS-001237,Maternity Ward Facility at Ward-23,Maternity Ward Facility,Public Health,DIST-0537,ST-15,PC-0789,CONT-0187,AGENCY-0143,2022-11-08,2022-12-06,2023-07-04,COMPLETED,26.1669,94.14791
MPLADS-001238,Public Toilet Complex at Ward-56,Public Toilet Complex,Community Infrastructure,DIST-0411,ST-11,PC-0599,CONT-0010,AGENCY-0627,2023-05-27,2023-06-29,2023-10-27,WORK_IN_PROGRESS,19.88725,82.5294
MPLADS-001239,CC Road Construction at Ward-28,CC Road Construction,Roads & Bridges,DIST-0075,ST-01,PC-0108,CONT-0163,AGENCY-1097,2023-05-15,2023-06-12,2023-12-09,WORK_IN_PROGRESS,26.72548,78.06082
MPLADS-001240,Lift Irrigation Scheme at Ward-60,Lift Irrigation Scheme,Irrigation & Agriculture,DIST-0330,ST-08,PC-0482,CONT-0116,AGENCY-0962,2022-01-15,2022-02-17,2022-07-27,WORK_IN_PROGRESS,13.87934,74.6276
MPLADS-001241,Public Toilet Complex at Ward-05,Public Toilet Complex,Community Infrastructure,DIST-0103,ST-02,PC-0147,CONT-0061,AGENCY-0395,2023-09-16,2023-11-12,2024-03-11,WORK_IN_PROGRESS,17.48422,76.91136
MPLADS-001242,Solar Rooftop Panel at Ward-77,Solar Rooftop Panel,Renewable Energy,DIST-0337,ST-08,PC-0492,CONT-0102,AGENCY-0197,2022-03-01,2022-04-07,2022-06-06,WORK_IN_PROGRESS,13.79612,75.12021
MPLADS-001243,Piped Water Network at Ward-21,Piped Water Network,Drinking Water,DIST-0231,ST-06,PC-0337,CONT-0063,AGENCY-1097,2023-07-24,2023-08-24,2023-11-22,WORK_IN_PROGRESS,13.36588,77.13481
MPLADS-001244,Smart Classroom Lab at Ward-14,Smart Classroom Lab,Education Infrastructure,DIST-0333,ST-08,PC-0486,CONT-0030,AGENCY-0341,2023-03-20,2023-04-05,2023-09-02,WORK_IN_PROGRESS,12.20807,76.76741
MPLADS-001245,Farm Pond Renovation at Ward-88,Farm Pond Renovation,Irrigation & Agriculture,DIST-0554,ST-16,PC-0814,CONT-0205,AGENCY-0988,2023-04-29,2023-06-25,2023-12-02,WORK_IN_PROGRESS,31.17595,75.00119
MPLADS-001246,Solar High-Mast Light at Ward-38,Solar High-Mast Light,Renewable Energy,DIST-0533,ST-15,PC-0782,CONT-0298,AGENCY-1101,2022-11-19,2023-01-07,2023-03-08,WORK_IN_PROGRESS,26.28161,95.85594
MPLADS-001247,Solar Rooftop Panel at Ward-23,Solar Rooftop Panel,Renewable Energy,DIST-0053,ST-01,PC-0078,CONT-0198,AGENCY-0292,2022-09-17,2022-10-04,2022-12-03,WORK_IN_PROGRESS,26.56794,80.48532
MPLADS-001248,Solar Street Lighting at Ward-83,Solar Street Lighting,Renewable Energy,DIST-0139,ST-03,PC-0199,CONT-0225,AGENCY-0521,2022-05-03,2022-05-28,2022-07-27,WORK_IN_PROGRESS,27.0227,84.53682
MPLADS-001249,School Additional Classroom at Ward-65,School Additional Classroom,Education Infrastructure,DIST-0293,ST-07,PC-0428,CONT-0272,AGENCY-0483,2023-06-19,2023-08-12,2024-01-09,WORK_IN_PROGRESS,27.22736,73.10637
MPLADS-001250,Culvert Bridge at Ward-73,Culvert Bridge,Roads & Bridges,DIST-0292,ST-07,PC-0427,CONT-0079,AGENCY-0297,2023-04-29,2023-06-02,2023-11-29,WORK_IN_PROGRESS,24.82415,76.88337
MPLADS-001251,Paver Block Road at Ward-97,Paver Block Road,Roads & Bridges,DIST-0103,ST-02,PC-0147,CONT-0065,AGENCY-0503,2023-10-07,2023-11-26,2024-05-24,WORK_IN_PROGRESS,17.44134,76.98368
MPLADS-001252,Ayurvedic Dispensary at Ward-42,Ayurvedic Dispensary,Public Health,DIST-0084,ST-02,PC-0124,CONT-0231,AGENCY-0297,2022-06-13,2022-08-01,2023-02-27,WORK_IN_PROGRESS,18.55702,77.91591
MPLADS-001253,Check Dam at Ward-92,Check Dam,Irrigation & Agriculture,DIST-0076,ST-02,PC-0110,CONT-0184,AGENCY-0272,2022-09-30,2022-11-19,2023-04-28,WORK_IN_PROGRESS,16.33682,75.4503
MPLADS-001254,School Boundary Wall at Ward-29,School Boundary Wall,Education Infrastructure,DIST-0470,ST-13,PC-0686,CONT-0100,AGENCY-1009,2022-09-21,2022-11-12,2023-04-11,COMPLETED,10.55175,75.45743
MPLADS-001255,Bituminous Road at Ward-38,Bituminous Road,Roads & Bridges,DIST-0483,ST-14,PC-0705,CONT-0210,AGENCY-0399,2022-09-12,2022-09-30,2023-03-29,WORK_IN_PROGRESS,22.3873,87.26498
MPLADS-001256,Ayurvedic Dispensary at Ward-26,Ayurvedic Dispensary,Public Health,DIST-0551,ST-16,PC-0809,CONT-0283,AGENCY-0951,2023-02-26,2023-04-19,2023-11-15,WORK_IN_PROGRESS,31.31011,76.31746
MPLADS-001257,Check Dam at Ward-79,Check Dam,Irrigation & Agriculture,DIST-0316,ST-08,PC-0463,CONT-0256,AGENCY-0897,2023-04-20,2023-06-13,2023-11-20,COMPLETED,14.67176,77.67972
MPLADS-001258,Farm Pond Renovation at Ward-10,Farm Pond Renovation,Irrigation & Agriculture,DIST-0520,ST-15,PC-0761,CONT-0181,AGENCY-1195,2023-06-21,2023-08-04,2024-01-11,WORK_IN_PROGRESS,26.31101,92.14176
MPLADS-001259,Farm Pond Renovation at Ward-55,Farm Pond Renovation,Irrigation & Agriculture,DIST-0275,ST-07,PC-0403,CONT-0171,AGENCY-0524,2023-01-14,2023-03-08,2023-08-15,WORK_IN_PROGRESS,27.34903,71.36704
MPLADS-001260,Solar Street Lighting at Ward-87,Solar Street Lighting,Renewable Energy,DIST-0317,ST-08,PC-0465,CONT-0081,AGENCY-0947,2022-03-22,2022-04-18,2022-06-17,WORK_IN_PROGRESS,16.97129,75.90542
MPLADS-001261,Public Toilet Complex at Ward-45,Public Toilet Complex,Community Infrastructure,DIST-0227,ST-05,PC-0331,CONT-0214,AGENCY-0768,2022-12-23,2023-02-06,2023-06-06,WORK_IN_PROGRESS,22.95665,77.65412
MPLADS-001262,Deep Tube Well at Ward-87,Deep Tube Well,Drinking Water,DIST-0215,ST-05,PC-0313,CONT-0243,AGENCY-0114,2023-10-30,2023-12-11,2024-03-10,COMPLETED,22.28718,74.33888
MPLADS-001263,Lift Irrigation Scheme at Ward-91,Lift Irrigation Scheme,Irrigation & Agriculture,DIST-0420,ST-11,PC-0613,CONT-0199,AGENCY-0220,2023-01-10,2023-02-01,2023-07-11,COMPLETED,21.41233,84.51633
MPLADS-001264,Maternity Ward Facility at Ward-07,Maternity Ward Facility,Public Health,DIST-0143,ST-03,PC-0204,CONT-0091,AGENCY-1128,2023-05-30,2023-06-22,2024-01-18,COMPLETED,25.48331,83.94827
MPLADS-001265,Bituminous Road at Ward-67,Bituminous Road,Roads & Bridges,DIST-0387,ST-10,PC-0560,CONT-0252,AGENCY-0814,2023-11-21,2024-01-12,2024-07-10,WORK_IN_PROGRESS,17.55986,76.63046
MPLADS-001266,Maternity Ward Facility at Ward-91,Maternity Ward Facility,Public Health,DIST-0002,ST-01,PC-0004,CONT-0293,AGENCY-0716,2023-11-04,2023-12-20,2024-07-17,WORK_IN_PROGRESS,26.43406,84.00489
MPLADS-001267,Major River Overbridge at Ward-44,Major River Overbridge,Mega Infrastructure,DIST-0082,ST-02,PC-0121,CONT-0179,AGENCY-0552,2023-10-17,2023-11-02,2024-12-06,WORK_IN_PROGRESS,19.97286,74.09014
MPLADS-001268,Deep Tube Well at Ward-58,Deep Tube Well,Drinking Water,DIST-0071,ST-01,PC-0103,CONT-0285,AGENCY-1186,2022-06-05,2022-06-29,2022-09-27,COMPLETED,24.31057,77.74932
MPLADS-001269,Ayurvedic Dispensary at Ward-55,Ayurvedic Dispensary,Public Health,DIST-0572,ST-17,PC-0844,CONT-0154,AGENCY-0722,2022-10-09,2022-11-08,2023-06-06,COMPLETED,22.91885,82.74081
MPLADS-001270,Farm Pond Renovation at Ward-27,Farm Pond Renovation,Irrigation & Agriculture,DIST-0076,ST-02,PC-0109,CONT-0303,AGENCY-1210,2023-02-25,2023-04-17,2023-09-24,WORK_IN_PROGRESS,16.44043,75.40758
MPLADS-001271,Culvert Bridge at Ward-72,Culvert Bridge,Roads & Bridges,DIST-0071,ST-01,PC-0103,CONT-0295,AGENCY-0812,2022-08-05,2022-09-01,2023-02-28,WORK_IN_PROGRESS,24.35439,77.75714
MPLADS-001272,Paver Block Road at Ward-31,Paver Block Road,Roads & Bridges,DIST-0214,ST-05,PC-0312,CONT-0022,AGENCY-0543,2022-08-22,2022-10-13,2023-04-11,WORK_IN_PROGRESS,22.1137,79.60273
MPLADS-001273,District Sports Complex at Ward-05,District Sports Complex,Mega Infrastructure,DIST-0180,ST-05,PC-0253,CONT-0140,AGENCY-0160,2023-05-03,2023-06-14,2024-07-18,WORK_IN_PROGRESS,24.66835,80.87102
MPLADS-001274,Farm Pond Renovation at Ward-36,Farm Pond Renovation,Irrigation & Agriculture,DIST-0001,ST-01,PC-0001,CONT-0267,AGENCY-1139,2022-10-23,2022-12-21,2023-05-30,WORK_IN_PROGRESS,28.97327,80.26787
MPLADS-001275,Community Tank at Ward-57,Community Tank,Drinking Water,DIST-0396,ST-10,PC-0574,CONT-0043,AGENCY-0277,2023-11-09,2023-12-28,2024-03-27,COMPLETED,14.59631,80.22129
MPLADS-001276,Bituminous Road at Ward-90,Bituminous Road,Roads & Bridges,DIST-0027,ST-01,PC-0039,CONT-0025,AGENCY-0483,2023-06-10,2023-08-01,2024-01-28,WORK_IN_PROGRESS,29.23334,80.55772
MPLADS-001277,Bituminous Road at Ward-56,Bituminous Road,Roads & Bridges,DIST-0574,ST-17,PC-0846,CONT-0242,AGENCY-0241,2022-10-27,2022-12-19,2023-06-17,WORK_IN_PROGRESS,19.62151,82.71304
MPLADS-001278,School Additional Classroom at Ward-94,School Additional Classroom,Education Infrastructure,DIST-0571,ST-17,PC-0843,CONT-0306,AGENCY-1060,2023-09-22,2023-11-11,2024-04-09,WORK_IN_PROGRESS,23.9208,81.35716
MPLADS-001279,Check Dam at Ward-78,Check Dam,Irrigation & Agriculture,DIST-0079,ST-02,PC-0116,CONT-0251,AGENCY-0775,2022-02-11,2022-03-19,2022-08-26,WORK_IN_PROGRESS,20.72744,78.8081
MPLADS-001280,District Sports Complex at Ward-72,District Sports Complex,Mega Infrastructure,DIST-0419,ST-11,PC-0612,CONT-0031,AGENCY-0250,2023-06-11,2023-07-03,2024-08-06,WORK_IN_PROGRESS,18.85304,83.20118
MPLADS-001281,Solar Street Lighting at Ward-62,Solar Street Lighting,Renewable Energy,DIST-0051,ST-01,PC-0074,CONT-0277,AGENCY-0003,2023-11-20,2023-12-15,2024-02-13,WORK_IN_PROGRESS,29.69597,82.36235
MPLADS-001282,Piped Water Network at Ward-56,Piped Water Network,Drinking Water,DIST-0451,ST-12,PC-0657,CONT-0052,AGENCY-0439,2022-01-03,2022-02-26,2022-05-27,WORK_IN_PROGRESS,15.96682,81.15952
MPLADS-001283,Solar High-Mast Light at Ward-42,Solar High-Mast Light,Renewable Energy,DIST-0064,ST-01,PC-0093,CONT-0239,AGENCY-0949,2022-07-06,2022-08-19,2022-10-18,WORK_IN_PROGRESS,26.20918,83.31389
MPLADS-001284,Farm Pond Renovation at Ward-70,Farm Pond Renovation,Irrigation & Agriculture,DIST-0407,ST-11,PC-0593,CONT-0243,AGENCY-0290,2023-01-02,2023-01-22,2023-07-01,WORK_IN_PROGRESS,21.20404,83.66082
MPLADS-001285,Solar Rooftop Panel at Ward-71,Solar Rooftop Panel,Renewable Energy,DIST-0481,ST-13,PC-0703,CONT-0122,AGENCY-0292,2022-08-04,2022-09-21,2022-11-20,COMPLETED,9.15176,77.08893
MPLADS-001286,Maternity Ward Facility at Ward-86,Maternity Ward Facility,Public Health,DIST-0490,ST-14,PC-0715,CONT-0312,AGENCY-0663,2023-01-19,2023-02-03,2023-09-01,WORK_IN_PROGRESS,24.21524,85.01652
MPLADS-001287,Solar High-Mast Light at Ward-83,Solar High-Mast Light,Renewable Energy,DIST-0025,ST-01,PC-0036,CONT-0004,AGENCY-0492,2023-03-03,2023-04-30,2023-06-29,WORK_IN_PROGRESS,28.85439,77.99213
MPLADS-001288,Library Room at Ward-47,Library Room,Education Infrastructure,DIST-0506,ST-14,PC-0738,CONT-0087,AGENCY-0461,2022-12-10,2023-01-13,2023-06-12,WORK_IN_PROGRESS,22.25432,86.17897
MPLADS-001289,Public Toilet Complex at Ward-39,Public Toilet Complex,Community Infrastructure,DIST-0322,ST-08,PC-0471,CONT-0113,AGENCY-0863,2022-05-15,2022-06-28,2022-10-26,WORK_IN_PROGRESS,13.10895,74.16967
MPLADS-001290,Solar Rooftop Panel at Ward-03,Solar Rooftop Panel,Renewable Energy,DIST-0140,ST-03,PC-0200,CONT-0171,AGENCY-0376,2022-05-19,2022-07-04,2022-09-02,WORK_IN_PROGRESS,27.24223,83.43037
MPLADS-001291,Solar High-Mast Light at Ward-39,Solar High-Mast Light,Renewable Energy,DIST-0619,ST-18,PC-0912,CONT-0138,AGENCY-0951,2023-07-13,2023-08-27,2023-10-26,WORK_IN_PROGRESS,30.67819,75.62694
MPLADS-001292,Maternity Ward Facility at Ward-64,Maternity Ward Facility,Public Health,DIST-0585,ST-17,PC-0863,CONT-0024,AGENCY-0890,2023-05-13,2023-07-08,2024-02-03,WORK_IN_PROGRESS,23.19064,82.68416
MPLADS-001293,District Sports Complex at Ward-51,District Sports Complex,Mega Infrastructure,DIST-0292,ST-07,PC-0427,CONT-0028,AGENCY-0250,2022-07-10,2022-08-15,2023-09-19,COMPLETED,24.82689,76.86951
MPLADS-001294,Solar Rooftop Panel at Ward-74,Solar Rooftop Panel,Renewable Energy,DIST-0197,ST-05,PC-0283,CONT-0289,AGENCY-1024,2022-11-27,2022-12-14,2023-02-12,WORK_IN_PROGRESS,26.09033,76.76988
MPLADS-001295,Multi-Village Hospital Block at Ward-23,Multi-Village Hospital Block,Mega Infrastructure,DIST-0411,ST-11,PC-0600,CONT-0245,AGENCY-0496,2023-04-08,2023-06-02,2024-07-06,WORK_IN_PROGRESS,19.98674,82.67044
MPLADS-001296,Paver Block Road at Ward-01,Paver Block Road,Roads & Bridges,DIST-0442,ST-12,PC-0644,CONT-0241,AGENCY-0202,2022-01-25,2022-02-10,2022-08-09,WORK_IN_PROGRESS,16.08696,80.07091
MPLADS-001297,Check Dam at Ward-03,Check Dam,Irrigation & Agriculture,DIST-0118,ST-03,PC-0171,CONT-0154,AGENCY-0021,2023-08-31,2023-10-06,2024-03-14,WORK_IN_PROGRESS,26.47711,87.61587
MPLADS-001298,Solar High-Mast Light at Ward-29,Solar High-Mast Light,Renewable Energy,DIST-0521,ST-15,PC-0762,CONT-0225,AGENCY-0614,2022-06-04,2022-07-05,2022-09-03,COMPLETED,25.12093,93.86782
MPLADS-001299,Piped Water Network at Ward-98,Piped Water Network,Drinking Water,DIST-0044,ST-01,PC-0064,CONT-0126,AGENCY-0033,2022-10-23,2022-11-18,2023-02-16,WORK_IN_PROGRESS,24.81323,83.31722
MPLADS-001300,Deep Tube Well at Ward-57,Deep Tube Well,Drinking Water,DIST-0245,ST-06,PC-0356,CONT-0266,AGENCY-0436,2023-01-16,2023-03-03,2023-06-01,WORK_IN_PROGRESS,12.00402,76.21364
MPLADS-001301,Lift Irrigation Scheme at Ward-83,Lift Irrigation Scheme,Irrigation & Agriculture,DIST-0455,ST-12,PC-0664,CONT-0107,AGENCY-1060,2023-04-12,2023-05-22,2023-10-29,WORK_IN_PROGRESS,17.23065,78.61149
MPLADS-001302,Primary Health Sub-Centre at Ward-21,Primary Health Sub-Centre,Public Health,DIST-0505,ST-14,PC-0735,CONT-0035,AGENCY-0274,2023-10-09,2023-12-05,2024-07-02,WORK_IN_PROGRESS,23.88869,86.47377
MPLADS-001303,CC Road Construction at Ward-88,CC Road Construction,Roads & Bridges,DIST-0166,ST-04,PC-0236,CONT-0197,AGENCY-0595,2022-12-15,2023-01-29,2023-07-28,WORK_IN_PROGRESS,24.09569,87.10974
MPLADS-001304,Major River Overbridge at Ward-88,Major River Overbridge,Mega Infrastructure,DIST-0132,ST-03,PC-0191,CONT-0253,AGENCY-0712,2023-11-20,2023-12-05,2025-01-08,WORK_IN_PROGRESS,26.74344,83.58307
MPLADS-001305,Bituminous Road at Ward-23,Bituminous Road,Roads & Bridges,DIST-0125,ST-03,PC-0181,CONT-0031,AGENCY-1041,2022-01-08,2022-02-14,2022-08-13,DELAYED,26.95053,84.28042
MPLADS-001306,School Additional Classroom at Ward-86,School Additional Classroom,Education Infrastructure,DIST-0511,ST-15,PC-0745,CONT-0150,AGENCY-0330,2023-05-19,2023-06-11,2023-11-08,WORK_IN_PROGRESS,27.1441,95.03647
MPLADS-001307,Check Dam at Ward-92,Check Dam,Irrigation & Agriculture,DIST-0535,ST-15,PC-0785,CONT-0147,AGENCY-0158,2022-04-22,2022-06-01,2022-11-08,WORK_IN_PROGRESS,25.76321,90.88816
MPLADS-001308,Public Toilet Complex at Ward-58,Public Toilet Complex,Community Infrastructure,DIST-0457,ST-12,PC-0667,CONT-0132,AGENCY-1232,2022-12-08,2023-02-01,2023-06-01,WORK_IN_PROGRESS,18.03515,80.02993
MPLADS-001309,Community Tank at Ward-13,Community Tank,Drinking Water,DIST-0480,ST-13,PC-0701,CONT-0112,AGENCY-0047,2022-01-08,2022-03-04,2022-06-02,WORK_IN_PROGRESS,9.58639,75.04966
MPLADS-001310,Paver Block Road at Ward-87,Paver Block Road,Roads & Bridges,DIST-0163,ST-04,PC-0231,CONT-0223,AGENCY-1058,2023-09-22,2023-11-09,2024-05-07,WORK_IN_PROGRESS,24.8591,88.88135
MPLADS-001311,Community Hall at Ward-72,Community Hall,Community Infrastructure,DIST-0526,ST-15,PC-0771,CONT-0283,AGENCY-0486,2023-09-04,2023-10-12,2024-02-09,WORK_IN_PROGRESS,25.77902,93.10588
MPLADS-001312,RO Water Plant at Ward-80,RO Water Plant,Drinking Water,DIST-0048,ST-01,PC-0070,CONT-0245,AGENCY-0435,2023-05-20,2023-06-13,2023-09-11,WORK_IN_PROGRESS,27.90433,83.03312
MPLADS-001313,Ambulance Vehicle at Ward-81,Ambulance Vehicle,Public Health,DIST-0014,ST-01,PC-0020,CONT-0085,AGENCY-0224,2023-03-11,2023-04-10,2023-11-06,WORK_IN_PROGRESS,28.6596,80.31197
MPLADS-001314,School Additional Classroom at Ward-34,School Additional Classroom,Education Infrastructure,DIST-0279,ST-07,PC-0408,CONT-0193,AGENCY-0343,2023-01-16,2023-02-04,2023-07-04,WORK_IN_PROGRESS,26.66264,69.83023
MPLADS-001315,Culvert Bridge at Ward-25,Culvert Bridge,Roads & Bridges,DIST-0363,ST-09,PC-0527,CONT-0102,AGENCY-1062,2023-09-27,2023-10-21,2024-04-18,COMPLETED,23.59181,73.746
MPLADS-001316,Community Hall at Ward-05,Community Hall,Community Infrastructure,DIST-0086,ST-02,PC-0126,CONT-0027,AGENCY-0902,2022-05-15,2022-06-09,2022-10-07,WORK_IN_PROGRESS,17.10158,76.99494
MPLADS-001317,Solar Street Lighting at Ward-19,Solar Street Lighting,Renewable Energy,DIST-0281,ST-07,PC-0412,CONT-0288,AGENCY-0782,2023-03-21,2023-04-09,2023-06-08,WORK_IN_PROGRESS,27.06069,71.2699
MPLADS-001318,Piped Water Network at Ward-23,Piped Water Network,Drinking Water,DIST-0490,ST-14,PC-0715,CONT-0254,AGENCY-0509,2022-09-13,2022-11-11,2023-02-09,WORK_IN_PROGRESS,24.33958,84.99182
MPLADS-001319,Ayurvedic Dispensary at Ward-58,Ayurvedic Dispensary,Public Health,DIST-0253,ST-06,PC-0369,CONT-0138,AGENCY-0574,2023-02-12,2023-03-08,2023-10-04,WORK_IN_PROGRESS,11.02156,76.51322
MPLADS-001320,Community Tank at Ward-62,Community Tank,Drinking Water,DIST-0055,ST-01,PC-0082,CONT-0246,AGENCY-0929,2023-09-28,2023-11-25,2024-02-23,COMPLETED,27.69791,82.22675
MPLADS-001321,Solar High-Mast Light at Ward-14,Solar High-Mast Light,Renewable Energy,DIST-0093,ST-02,PC-0135,CONT-0106,AGENCY-0040,2022-01-25,2022-03-13,2022-05-12,WORK_IN_PROGRESS,19.04703,75.64909
MPLADS-001322,Maternity Ward Facility at Ward-56,Maternity Ward Facility,Public Health,DIST-0340,ST-08,PC-0497,CONT-0163,AGENCY-0271,2023-11-21,2023-12-16,2024-07-13,WORK_IN_PROGRESS,18.28121,76.10156
MPLADS-001323,Major River Overbridge at Ward-22,Major River Overbridge,Mega Infrastructure,DIST-0280,ST-07,PC-0411,CONT-0142,AGENCY-0933,2023-06-12,2023-07-30,2024-09-02,WORK_IN_PROGRESS,27.62228,73.4565
MPLADS-001324,Solar High-Mast Light at Ward-15,Solar High-Mast Light,Renewable Energy,DIST-0171,ST-04,PC-0243,CONT-0232,AGENCY-0078,2022-09-30,2022-10-19,2022-12-18,WORK_IN_PROGRESS,25.33171,86.24835
MPLADS-001325,Deep Tube Well at Ward-75,Deep Tube Well,Drinking Water,DIST-0368,ST-09,PC-0533,CONT-0008,AGENCY-0211,2022-11-26,2022-12-26,2023-03-26,WORK_IN_PROGRESS,22.56614,71.25056
MPLADS-001326,School Boundary Wall at Ward-75,School Boundary Wall,Education Infrastructure,DIST-0616,ST-18,PC-0907,CONT-0053,AGENCY-0932,2023-02-24,2023-03-18,2023-08-15,WORK_IN_PROGRESS,29.24178,75.5285
MPLADS-001327,Multi-Village Hospital Block at Ward-61,Multi-Village Hospital Block,Mega Infrastructure,DIST-0390,ST-10,PC-0563,CONT-0081,AGENCY-0394,2023-11-07,2023-12-25,2025-01-28,WORK_IN_PROGRESS,17.37014,78.12124
MPLADS-001328,Maternity Ward Facility at Ward-44,Maternity Ward Facility,Public Health,DIST-0098,ST-02,PC-0141,CONT-0126,AGENCY-0792,2023-06-13,2023-07-26,2024-02-21,COMPLETED,20.18021,79.58161
MPLADS-001329,Paver Block Road at Ward-10,Paver Block Road,Roads & Bridges,DIST-0238,ST-06,PC-0346,CONT-0181,AGENCY-0243,2022-05-29,2022-07-10,2023-01-06,WORK_IN_PROGRESS,9.18233,79.33044
MPLADS-001330,Major River Overbridge at Ward-54,Major River Overbridge,Mega Infrastructure,DIST-0019,ST-01,PC-0028,CONT-0140,AGENCY-0202,2022-09-13,2022-10-12,2023-11-16,WORK_IN_PROGRESS,25.47515,77.25549
MPLADS-001331,Ayurvedic Dispensary at Ward-67,Ayurvedic Dispensary,Public Health,DIST-0301,ST-07,PC-0442,CONT-0220,AGENCY-0833,2023-10-28,2023-12-20,2024-07-17,WORK_IN_PROGRESS,23.74207,72.84688
MPLADS-001332,School Additional Classroom at Ward-82,School Additional Classroom,Education Infrastructure,DIST-0391,ST-10,PC-0565,CONT-0164,AGENCY-0758,2023-02-15,2023-03-21,2023-08-18,WORK_IN_PROGRESS,15.01075,83.34423
MPLADS-001333,Smart Classroom Lab at Ward-49,Smart Classroom Lab,Education Infrastructure,DIST-0210,ST-05,PC-0305,CONT-0076,AGENCY-0855,2022-11-09,2022-12-05,2023-05-04,COMPLETED,24.0632,78.77579
MPLADS-001334,Deep Tube Well at Ward-48,Deep Tube Well,Drinking Water,DIST-0458,ST-12,PC-0669,CONT-0057,AGENCY-0693,2023-11-10,2023-11-25,2024-02-23,DELAYED,18.28374,80.29448
MPLADS-001335,Crematorium Shed at Ward-16,Crematorium Shed,Community Infrastructure,DIST-0401,ST-10,PC-0582,CONT-0307,AGENCY-0306,2022-02-12,2022-03-19,2022-07-17,WORK_IN_PROGRESS,14.46851,82.99686
MPLADS-001336,Solar Street Lighting at Ward-31,Solar Street Lighting,Renewable Energy,DIST-0533,ST-15,PC-0782,CONT-0011,AGENCY-0881,2022-05-27,2022-06-27,2022-08-26,WORK_IN_PROGRESS,26.41754,95.71596
MPLADS-001337,Solar Street Lighting at Ward-33,Solar Street Lighting,Renewable Energy,DIST-0037,ST-01,PC-0054,CONT-0171,AGENCY-1185,2022-08-25,2022-10-03,2022-12-02,DELAYED,28.31537,82.97842
MPLADS-001338,Paver Block Road at Ward-01,Paver Block Road,Roads & Bridges,DIST-0316,ST-08,PC-0463,CONT-0137,AGENCY-0864,2022-04-09,2022-06-02,2022-11-29,WORK_IN_PROGRESS,14.79351,77.67034
MPLADS-001339,Solar High-Mast Light at Ward-94,Solar High-Mast Light,Renewable Energy,DIST-0546,ST-16,PC-0801,CONT-0059,AGENCY-0174,2023-08-24,2023-09-27,2023-11-26,WORK_IN_PROGRESS,30.94504,74.4859
MPLADS-001340,Lift Irrigation Scheme at Ward-44,Lift Irrigation Scheme,Irrigation & Agriculture,DIST-0043,ST-01,PC-0063,CONT-0037,AGENCY-0250,2022-05-29,2022-07-05,2022-12-12,WORK_IN_PROGRESS,28.67112,81.16027
MPLADS-001341,School Additional Classroom at Ward-17,School Additional Classroom,Education Infrastructure,DIST-0215,ST-05,PC-0313,CONT-0230,AGENCY-0740,2022-01-30,2022-02-15,2022-07-15,COMPLETED,22.16379,74.44849
MPLADS-001342,School Boundary Wall at Ward-45,School Boundary Wall,Education Infrastructure,DIST-0043,ST-01,PC-0063,CONT-0210,AGENCY-0104,2022-04-02,2022-05-08,2022-10-05,WORK_IN_PROGRESS,28.76167,81.20588
MPLADS-001343,RO Water Plant at Ward-03,RO Water Plant,Drinking Water,DIST-0228,ST-06,PC-0333,CONT-0137,AGENCY-0306,2023-04-06,2023-05-12,2023-08-10,COMPLETED,12.38959,78.77452
MPLADS-001344,Paver Block Road at Ward-03,Paver Block Road,Roads & Bridges,DIST-0427,ST-11,PC-0623,CONT-0267,AGENCY-0923,2022-01-10,2022-03-06,2022-09-02,WORK_IN_PROGRESS,19.1057,87.1757
MPLADS-001345,Farm Pond Renovation at Ward-38,Farm Pond Renovation,Irrigation & Agriculture,DIST-0548,ST-16,PC-0804,CONT-0231,AGENCY-0931,2022-08-20,2022-10-01,2023-03-10,WORK_IN_PROGRESS,32.25516,75.00432
MPLADS-001346,Primary Health Sub-Centre at Ward-02,Primary Health Sub-Centre,Public Health,DIST-0073,ST-01,PC-0106,CONT-0172,AGENCY-0260,2022-03-18,2022-04-17,2022-11-13,WORK_IN_PROGRESS,28.37181,78.72844
MPLADS-001347,Major River Overbridge at Ward-94,Major River Overbridge,Mega Infrastructure,DIST-0350,ST-09,PC-0510,CONT-0171,AGENCY-0193,2022-05-21,2022-07-08,2023-08-12,WORK_IN_PROGRESS,20.15081,72.69073
MPLADS-001348,Ayurvedic Dispensary at Ward-46,Ayurvedic Dispensary,Public Health,DIST-0076,ST-02,PC-0109,CONT-0276,AGENCY-0304,2022-03-13,2022-04-09,2022-11-05,WORK_IN_PROGRESS,16.30053,75.40998
MPLADS-001349,Smart Classroom Lab at Ward-95,Smart Classroom Lab,Education Infrastructure,DIST-0099,ST-02,PC-0142,CONT-0089,AGENCY-0929,2023-01-06,2023-01-31,2023-06-30,WORK_IN_PROGRESS,18.46118,74.09008
MPLADS-001350,School Additional Classroom at Ward-46,School Additional Classroom,Education Infrastructure,DIST-0386,ST-10,PC-0559,CONT-0132,AGENCY-0978,2022-11-01,2022-12-16,2023-05-15,WORK_IN_PROGRESS,12.5378,76.80088
MPLADS-001351,Bituminous Road at Ward-75,Bituminous Road,Roads & Bridges,DIST-0567,ST-17,PC-0834,CONT-0081,AGENCY-0875,2022-06-06,2022-07-30,2023-01-26,WORK_IN_PROGRESS,22.46301,81.48157
MPLADS-001352,Ayurvedic Dispensary at Ward-02,Ayurvedic Dispensary,Public Health,DIST-0465,ST-12,PC-0679,CONT-0276,AGENCY-1124,2022-06-20,2022-08-02,2023-02-28,WORK_IN_PROGRESS,17.33976,81.28824
MPLADS-001353,Public Toilet Complex at Ward-88,Public Toilet Complex,Community Infrastructure,DIST-0100,ST-02,PC-0143,CONT-0067,AGENCY-0443,2023-05-06,2023-05-23,2023-09-20,COMPLETED,17.11072,73.23693
MPLADS-001354,Multi-Village Hospital Block at Ward-78,Multi-Village Hospital Block,Mega Infrastructure,DIST-0088,ST-02,PC-0128,CONT-0034,AGENCY-0818,2022-07-18,2022-08-18,2023-09-22,WORK_IN_PROGRESS,17.58059,78.86478
MPLADS-001355,Solar Rooftop Panel at Ward-64,Solar Rooftop Panel,Renewable Energy,DIST-0014,ST-01,PC-0020,CONT-0278,AGENCY-0727,2022-06-30,2022-07-20,2022-09-18,COMPLETED,28.71555,80.28382
MPLADS-001356,Major River Overbridge at Ward-50,Major River Overbridge,Mega Infrastructure,DIST-0425,ST-11,PC-0621,CONT-0061,AGENCY-0383,2022-03-05,2022-04-05,2023-05-10,WORK_IN_PROGRESS,21.49637,84.88658
MPLADS-001357,School Additional Classroom at Ward-22,School Additional Classroom,Education Infrastructure,DIST-0028,ST-01,PC-0040,CONT-0056,AGENCY-1176,2023-01-17,2023-02-28,2023-07-28,WORK_IN_PROGRESS,28.00059,83.49906
MPLADS-001358,Smart Classroom Lab at Ward-21,Smart Classroom Lab,Education Infrastructure,DIST-0333,ST-08,PC-0486,CONT-0265,AGENCY-0930,2022-03-03,2022-04-02,2022-08-30,WORK_IN_PROGRESS,12.24702,76.66565
MPLADS-001359,Primary Health Sub-Centre at Ward-26,Primary Health Sub-Centre,Public Health,DIST-0382,ST-10,PC-0552,CONT-0130,AGENCY-0879,2023-07-19,2023-08-03,2024-02-29,WORK_IN_PROGRESS,16.51394,82.72518
MPLADS-001360,School Additional Classroom at Ward-29,School Additional Classroom,Education Infrastructure,DIST-0460,ST-12,PC-0672,CONT-0080,AGENCY-0890,2023-02-26,2023-04-10,2023-09-07,WORK_IN_PROGRESS,16.18635,79.40974
MPLADS-001361,Deep Tube Well at Ward-76,Deep Tube Well,Drinking Water,DIST-0086,ST-02,PC-0126,CONT-0196,AGENCY-0931,2023-04-14,2023-06-10,2023-09-08,WORK_IN_PROGRESS,17.11692,77.11949
MPLADS-001362,Ayurvedic Dispensary at Ward-45,Ayurvedic Dispensary,Public Health,DIST-0300,ST-07,PC-0440,CONT-0100,AGENCY-0377,2022-09-21,2022-10-13,2023-05-11,WORK_IN_PROGRESS,25.15243,73.8921
MPLADS-001363,Multi-Village Hospital Block at Ward-08,Multi-Village Hospital Block,Mega Infrastructure,DIST-0344,ST-08,PC-0503,CONT-0303,AGENCY-0215,2023-11-04,2023-11-19,2024-12-23,WORK_IN_PROGRESS,16.1721,77.47999
MPLADS-001364,Solar Rooftop Panel at Ward-31,Solar Rooftop Panel,Renewable Energy,DIST-0584,ST-17,PC-0862,CONT-0309,AGENCY-0691,2022-11-16,2022-12-12,2023-02-10,WORK_IN_PROGRESS,18.82158,80.46981
MPLADS-001365,Solar High-Mast Light at Ward-57,Solar High-Mast Light,Renewable Energy,DIST-0613,ST-18,PC-0902,CONT-0173,AGENCY-0175,2023-05-30,2023-07-03,2023-09-01,WORK_IN_PROGRESS,28.74063,75.04184
MPLADS-001366,District Sports Complex at Ward-08,District Sports Complex,Mega Infrastructure,DIST-0470,ST-13,PC-0686,CONT-0044,AGENCY-0569,2022-11-18,2022-12-22,2024-01-26,DELAYED,10.63195,75.39014
MPLADS-001367,RO Water Plant at Ward-55,RO Water Plant,Drinking Water,DIST-0265,ST-06,PC-0386,CONT-0025,AGENCY-0363,2022-11-24,2023-01-02,2023-04-02,COMPLETED,9.69837,77.16625
MPLADS-001368,Solar Street Lighting at Ward-09,Solar Street Lighting,Renewable Energy,DIST-0334,ST-08,PC-0488,CONT-0300,AGENCY-0976,2022-07-03,2022-08-17,2022-10-16,COMPLETED,17.29633,75.43271
MPLADS-001369,Piped Water Network at Ward-52,Piped Water Network,Drinking Water,DIST-0057,ST-01,PC-0084,CONT-0239,AGENCY-0978,2022-08-06,2022-09-26,2022-12-25,WORK_IN_PROGRESS,25.99778,83.28936
MPLADS-001370,Community Tank at Ward-98,Community Tank,Drinking Water,DIST-0585,ST-17,PC-0863,CONT-0224,AGENCY-0361,2023-01-07,2023-02-15,2023-05-16,WORK_IN_PROGRESS,23.22388,82.65095
MPLADS-001371,District Sports Complex at Ward-79,District Sports Complex,Mega Infrastructure,DIST-0493,ST-14,PC-0720,CONT-0111,AGENCY-0496,2023-07-08,2023-07-31,2024-09-03,WORK_IN_PROGRESS,23.83391,84.76765
MPLADS-001372,District Sports Complex at Ward-93,District Sports Complex,Mega Infrastructure,DIST-0581,ST-17,PC-0858,CONT-0255,AGENCY-0709,2022-11-12,2022-12-08,2024-01-12,WORK_IN_PROGRESS,18.14166,82.48529
MPLADS-001373,Lift Irrigation Scheme at Ward-64,Lift Irrigation Scheme,Irrigation & Agriculture,DIST-0172,ST-04,PC-0244,CONT-0310,AGENCY-0590,2022-12-21,2023-01-16,2023-06-25,COMPLETED,25.38604,85.71097
MPLADS-001374,Farm Pond Renovation at Ward-08,Farm Pond Renovation,Irrigation & Agriculture,DIST-0289,ST-07,PC-0424,CONT-0063,AGENCY-1139,2022-11-09,2022-12-02,2023-05-11,WORK_IN_PROGRESS,28.44582,77.09139
MPLADS-001375,Multi-Village Hospital Block at Ward-03,Multi-Village Hospital Block,Mega Infrastructure,DIST-0362,ST-09,PC-0524,CONT-0048,AGENCY-0831,2023-04-26,2023-05-26,2024-06-29,WORK_IN_PROGRESS,21.58834,70.14572
MPLADS-001376,Paver Block Road at Ward-17,Paver Block Road,Roads & Bridges,DIST-0078,ST-02,PC-0113,CONT-0157,AGENCY-0070,2022-06-30,2022-08-19,2023-02-15,COMPLETED,19.40677,77.77414
MPLADS-001377,Bituminous Road at Ward-82,Bituminous Road,Roads & Bridges,DIST-0081,ST-02,PC-0120,CONT-0167,AGENCY-0902,2023-04-15,2023-05-04,2023-10-31,DELAYED,15.70705,74.49586
MPLADS-001378,District Sports Complex at Ward-22,District Sports Complex,Mega Infrastructure,DIST-0083,ST-02,PC-0123,CONT-0172,AGENCY-0451,2023-05-08,2023-05-26,2024-06-29,WORK_IN_PROGRESS,15.57611,76.50069
MPLADS-001379,Ayurvedic Dispensary at Ward-57,Ayurvedic Dispensary,Public Health,DIST-0144,ST-03,PC-0205,CONT-0022,AGENCY-1105,2023-08-30,2023-10-06,2024-05-03,WORK_IN_PROGRESS,27.34078,87.73565
MPLADS-001380,District Sports Complex at Ward-63,District Sports Complex,Mega Infrastructure,DIST-0171,ST-04,PC-0243,CONT-0155,AGENCY-1190,2022-12-27,2023-02-14,2024-03-20,WORK_IN_PROGRESS,25.40438,86.24055
MPLADS-001381,Ayurvedic Dispensary at Ward-87,Ayurvedic Dispensary,Public Health,DIST-0274,ST-07,PC-0400,CONT-0166,AGENCY-1003,2022-02-16,2022-03-15,2022-10-11,WORK_IN_PROGRESS,27.59904,74.081
MPLADS-001382,Multi-Village Hospital Block at Ward-59,Multi-Village Hospital Block,Mega Infrastructure,DIST-0068,ST-01,PC-0097,CONT-0224,AGENCY-0845,2023-03-05,2023-03-29,2024-05-02,WORK_IN_PROGRESS,29.64309,77.87592
MPLADS-001383,Smart Classroom Lab at Ward-82,Smart Classroom Lab,Education Infrastructure,DIST-0216,ST-05,PC-0315,CONT-0160,AGENCY-0466,2023-05-06,2023-06-07,2023-11-04,WORK_IN_PROGRESS,25.53528,79.97414
MPLADS-001384,Community Hall at Ward-98,Community Hall,Community Infrastructure,DIST-0597,ST-17,PC-0878,CONT-0136,AGENCY-0424,2023-07-28,2023-08-29,2023-12-27,WORK_IN_PROGRESS,21.75258,80.41451
MPLADS-001385,School Boundary Wall at Ward-80,School Boundary Wall,Education Infrastructure,DIST-0291,ST-07,PC-0426,CONT-0040,AGENCY-0677,2023-07-27,2023-08-15,2024-01-12,WORK_IN_PROGRESS,24.96188,75.1036
MPLADS-001386,Multi-Village Hospital Block at Ward-48,Multi-Village Hospital Block,Mega Infrastructure,DIST-0143,ST-03,PC-0204,CONT-0065,AGENCY-0241,2023-08-07,2023-08-31,2024-10-04,WORK_IN_PROGRESS,25.46229,83.99296
MPLADS-001387,Solar Rooftop Panel at Ward-20,Solar Rooftop Panel,Renewable Energy,DIST-0016,ST-01,PC-0024,CONT-0181,AGENCY-0965,2023-08-13,2023-09-13,2023-11-12,WORK_IN_PROGRESS,24.08917,84.13589
MPLADS-001388,Community Tank at Ward-46,Community Tank,Drinking Water,DIST-0006,ST-01,PC-0008,CONT-0017,AGENCY-0673,2022-12-30,2023-01-28,2023-04-28,WORK_IN_PROGRESS,29.23503,79.82678
MPLADS-001389,Major River Overbridge at Ward-81,Major River Overbridge,Mega Infrastructure,DIST-0593,ST-17,PC-0873,CONT-0284,AGENCY-0310,2023-06-19,2023-07-04,2024-08-07,WORK_IN_PROGRESS,18.40717,82.67196
MPLADS-001390,Solar Rooftop Panel at Ward-60,Solar Rooftop Panel,Renewable Energy,DIST-0315,ST-07,PC-0462,CONT-0187,AGENCY-0405,2023-09-13,2023-10-25,2023-12-24,WORK_IN_PROGRESS,29.64364,77.76365
MPLADS-001391,CC Road Construction at Ward-60,CC Road Construction,Roads & Bridges,DIST-0571,ST-17,PC-0843,CONT-0221,AGENCY-0194,2023-08-09,2023-09-19,2024-03-17,COMPLETED,23.84664,81.39217
MPLADS-001392,Smart Classroom Lab at Ward-10,Smart Classroom Lab,Education Infrastructure,DIST-0238,ST-06,PC-0346,CONT-0116,AGENCY-0369,2022-09-06,2022-09-23,2023-02-20,WORK_IN_PROGRESS,9.06726,79.34139
MPLADS-001393,Maternity Ward Facility at Ward-06,Maternity Ward Facility,Public Health,DIST-0188,ST-05,PC-0267,CONT-0166,AGENCY-0322,2022-07-21,2022-08-30,2023-03-28,WORK_IN_PROGRESS,26.11583,80.25061
MPLADS-001394,Farm Pond Renovation at Ward-74,Farm Pond Renovation,Irrigation & Agriculture,DIST-0003,ST-01,PC-0005,CONT-0234,AGENCY-0203,2023-09-02,2023-09-22,2024-02-29,WORK_IN_PROGRESS,28.10033,82.64278
MPLADS-001395,CC Road Construction at Ward-72,CC Road Construction,Roads & Bridges,DIST-0368,ST-09,PC-0533,CONT-0179,AGENCY-0183,2023-01-17,2023-02-09,2023-08-08,WORK_IN_PROGRESS,22.63697,71.18408
MPLADS-001396,Crematorium Shed at Ward-77,Crematorium Shed,Community Infrastructure,DIST-0306,ST-07,PC-0450,CONT-0017,AGENCY-0772,2022-07-14,2022-08-24,2022-12-22,WORK_IN_PROGRESS,28.41598,72.57607
MPLADS-001397,Culvert Bridge at Ward-83,Culvert Bridge,Roads & Bridges,DIST-0573,ST-17,PC-0845,CONT-0126,AGENCY-1010,2023-08-10,2023-09-09,2024-03-07,DELAYED,20.59304,84.00613
MPLADS-001398,Community Tank at Ward-02,Community Tank,Drinking Water,DIST-0474,ST-13,PC-0690,CONT-0178,AGENCY-0382,2023-10-17,2023-12-14,2024-03-13,WORK_IN_PROGRESS,8.85785,76.97146
MPLADS-001399,Solar High-Mast Light at Ward-12,Solar High-Mast Light,Renewable Energy,DIST-0067,ST-01,PC-0096,CONT-0141,AGENCY-0004,2023-01-27,2023-03-17,2023-05-16,WORK_IN_PROGRESS,28.11011,84.39698
MPLADS-001400,Multi-Village Hospital Block at Ward-31,Multi-Village Hospital Block,Mega Infrastructure,DIST-0590,ST-17,PC-0870,CONT-0027,AGENCY-0385,2022-09-21,2022-10-21,2023-11-25,WORK_IN_PROGRESS,21.05528,82.73226
MPLADS-001401,Lift Irrigation Scheme at Ward-32,Lift Irrigation Scheme,Irrigation & Agriculture,DIST-0595,ST-17,PC-0875,CONT-0111,AGENCY-1156,2022-06-04,2022-06-27,2022-12-04,COMPLETED,23.18805,82.63711
MPLADS-001402,Public Toilet Complex at Ward-65,Public Toilet Complex,Community Infrastructure,DIST-0346,ST-08,PC-0505,CONT-0302,AGENCY-0348,2023-06-13,2023-08-02,2023-11-30,WORK_IN_PROGRESS,12.63228,78.2231
MPLADS-001403,Bituminous Road at Ward-18,Bituminous Road,Roads & Bridges,DIST-0090,ST-02,PC-0130,CONT-0082,AGENCY-1198,2023-03-24,2023-05-08,2023-11-04,COMPLETED,16.24843,73.68693
MPLADS-001404,District Sports Complex at Ward-89,District Sports Complex,Mega Infrastructure,DIST-0467,ST-12,PC-0683,CONT-0241,AGENCY-0187,2023-07-16,2023-08-09,2024-09-12,WORK_IN_PROGRESS,16.06921,77.23567
MPLADS-001405,Primary Health Sub-Centre at Ward-63,Primary Health Sub-Centre,Public Health,DIST-0039,ST-01,PC-0058,CONT-0243,AGENCY-0756,2023-01-11,2023-02-09,2023-09-07,COMPLETED,29.07354,83.01148
MPLADS-001406,Piped Water Network at Ward-66,Piped Water Network,Drinking Water,DIST-0426,ST-11,PC-0622,CONT-0281,AGENCY-0094,2022-11-22,2022-12-11,2023-03-11,WORK_IN_PROGRESS,21.66544,86.08395
MPLADS-001407,Check Dam at Ward-12,Check Dam,Irrigation & Agriculture,DIST-0539,ST-15,PC-0791,CONT-0122,AGENCY-0179,2022-01-26,2022-02-11,2022-07-21,WORK_IN_PROGRESS,23.99511,90.25879
MPLADS-001408,Farm Pond Renovation at Ward-29,Farm Pond Renovation,Irrigation & Agriculture,DIST-0061,ST-01,PC-0089,CONT-0231,AGENCY-0973,2022-02-08,2022-03-01,2022-08-08,WORK_IN_PROGRESS,30.50706,78.12153
MPLADS-001409,Lift Irrigation Scheme at Ward-76,Lift Irrigation Scheme,Irrigation & Agriculture,DIST-0479,ST-13,PC-0699,CONT-0186,AGENCY-0561,2023-07-21,2023-08-27,2024-02-03,COMPLETED,11.71832,75.97034
MPLADS-001410,Multi-Village Hospital Block at Ward-27,Multi-Village Hospital Block,Mega Infrastructure,DIST-0563,ST-16,PC-0827,CONT-0308,AGENCY-0057,2023-02-01,2023-03-14,2024-04-17,DELAYED,31.87931,74.42571
MPLADS-001411,Lift Irrigation Scheme at Ward-31,Lift Irrigation Scheme,Irrigation & Agriculture,DIST-0088,ST-02,PC-0128,CONT-0165,AGENCY-0391,2023-05-03,2023-05-28,2023-11-04,WORK_IN_PROGRESS,17.49713,78.84863
MPLADS-001412,Solar High-Mast Light at Ward-63,Solar High-Mast Light,Renewable Energy,DIST-0379,ST-09,PC-0549,CONT-0146,AGENCY-1031,2022-01-09,2022-01-31,2022-04-01,WORK_IN_PROGRESS,21.17059,68.96133
MPLADS-001413,RO Water Plant at Ward-37,RO Water Plant,Drinking Water,DIST-0359,ST-09,PC-0521,CONT-0059,AGENCY-0787,2022-09-13,2022-09-29,2022-12-28,COMPLETED,23.58205,71.86283
MPLADS-001414,District Sports Complex at Ward-17,District Sports Complex,Mega Infrastructure,DIST-0412,ST-11,PC-0601,CONT-0240,AGENCY-0480,2022-10-29,2022-11-30,2024-01-04,WORK_IN_PROGRESS,20.23426,86.04793
MPLADS-001415,Community Tank at Ward-50,Community Tank,Drinking Water,DIST-0104,ST-02,PC-0148,CONT-0305,AGENCY-0461,2023-06-19,2023-07-12,2023-10-10,WORK_IN_PROGRESS,21.04135,77.19835
MPLADS-001416,Paver Block Road at Ward-75,Paver Block Road,Roads & Bridges,DIST-0600,ST-18,PC-0883,CONT-0065,AGENCY-1039,2022-09-17,2022-10-18,2023-04-16,WORK_IN_PROGRESS,30.83512,76.11758
MPLADS-001417,Maternity Ward Facility at Ward-33,Maternity Ward Facility,Public Health,DIST-0405,ST-10,PC-0589,CONT-0302,AGENCY-0522,2022-11-19,2023-01-01,2023-07-30,WORK_IN_PROGRESS,16.85212,81.61539
MPLADS-001418,Culvert Bridge at Ward-44,Culvert Bridge,Roads & Bridges,DIST-0371,ST-09,PC-0536,CONT-0138,AGENCY-1002,2022-05-21,2022-07-19,2023-01-15,WORK_IN_PROGRESS,20.47233,68.51884
MPLADS-001419,Piped Water Network at Ward-73,Piped Water Network,Drinking Water,DIST-0003,ST-01,PC-0005,CONT-0160,AGENCY-0468,2023-07-28,2023-09-19,2023-12-18,COMPLETED,28.03588,82.75786
MPLADS-001420,Community Tank at Ward-07,Community Tank,Drinking Water,DIST-0551,ST-16,PC-0810,CONT-0252,AGENCY-0521,2022-03-07,2022-04-06,2022-07-05,WORK_IN_PROGRESS,31.28788,76.27068
MPLADS-001421,Check Dam at Ward-57,Check Dam,Irrigation & Agriculture,DIST-0448,ST-12,PC-0652,CONT-0197,AGENCY-1038,2022-06-03,2022-06-22,2022-11-29,WORK_IN_PROGRESS,17.73102,79.49357
MPLADS-001422,Smart Classroom Lab at Ward-18,Smart Classroom Lab,Education Infrastructure,DIST-0062,ST-01,PC-0090,CONT-0283,AGENCY-0641,2023-04-21,2023-05-12,2023-10-09,WORK_IN_PROGRESS,25.13427,83.83845
MPLADS-001423,District Sports Complex at Ward-19,District Sports Complex,Mega Infrastructure,DIST-0563,ST-16,PC-0828,CONT-0145,AGENCY-0171,2023-08-15,2023-10-07,2024-11-10,WORK_IN_PROGRESS,31.97153,74.51244
MPLADS-001424,Check Dam at Ward-70,Check Dam,Irrigation & Agriculture,DIST-0053,ST-01,PC-0079,CONT-0071,AGENCY-0370,2023-02-06,2023-03-10,2023-08-17,WORK_IN_PROGRESS,26.58093,80.49926
MPLADS-001425,District Sports Complex at Ward-73,District Sports Complex,Mega Infrastructure,DIST-0429,ST-11,PC-0625,CONT-0226,AGENCY-0567,2023-09-06,2023-10-23,2024-11-26,COMPLETED,22.32275,84.56171
MPLADS-001426,Piped Water Network at Ward-25,Piped Water Network,Drinking Water,DIST-0172,ST-04,PC-0244,CONT-0119,AGENCY-0257,2022-06-13,2022-06-30,2022-09-28,WORK_IN_PROGRESS,25.42223,85.75669
MPLADS-001427,Maternity Ward Facility at Ward-53,Maternity Ward Facility,Public Health,DIST-0521,ST-15,PC-0762,CONT-0027,AGENCY-0621,2023-09-25,2023-10-20,2024-05-17,WORK_IN_PROGRESS,25.17889,93.77714
MPLADS-001428,Public Toilet Complex at Ward-74,Public Toilet Complex,Community Infrastructure,DIST-0293,ST-07,PC-0429,CONT-0134,AGENCY-0953,2022-06-20,2022-07-25,2022-11-22,WORK_IN_PROGRESS,27.19374,73.02337
MPLADS-001429,Bituminous Road at Ward-41,Bituminous Road,Roads & Bridges,DIST-0472,ST-13,PC-0688,CONT-0151,AGENCY-0314,2022-02-23,2022-04-15,2022-10-12,DELAYED,8.192,76.87499
MPLADS-001430,Public Toilet Complex at Ward-51,Public Toilet Complex,Community Infrastructure,DIST-0183,ST-05,PC-0259,CONT-0262,AGENCY-1154,2022-01-12,2022-02-24,2022-06-24,WORK_IN_PROGRESS,23.30297,78.1352
MPLADS-001431,Public Toilet Complex at Ward-12,Public Toilet Complex,Community Infrastructure,DIST-0317,ST-08,PC-0464,CONT-0109,AGENCY-0463,2023-04-10,2023-05-12,2023-09-09,WORK_IN_PROGRESS,16.99852,75.92382
MPLADS-001432,Lift Irrigation Scheme at Ward-63,Lift Irrigation Scheme,Irrigation & Agriculture,DIST-0557,ST-16,PC-0817,CONT-0244,AGENCY-0376,2023-11-05,2023-12-31,2024-06-08,WORK_IN_PROGRESS,31.32954,74.27233
MPLADS-001433,Culvert Bridge at Ward-30,Culvert Bridge,Roads & Bridges,DIST-0582,ST-17,PC-0859,CONT-0025,AGENCY-0412,2022-06-24,2022-08-19,2023-02-15,WORK_IN_PROGRESS,19.06011,83.62996
MPLADS-001434,Smart Classroom Lab at Ward-86,Smart Classroom Lab,Education Infrastructure,DIST-0196,ST-05,PC-0281,CONT-0190,AGENCY-1025,2023-11-03,2023-12-19,2024-05-17,WORK_IN_PROGRESS,24.559,75.74846
MPLADS-001435,School Boundary Wall at Ward-32,School Boundary Wall,Education Infrastructure,DIST-0454,ST-12,PC-0663,CONT-0151,AGENCY-1105,2022-04-19,2022-05-23,2022-10-20,WORK_IN_PROGRESS,17.08933,79.84922
MPLADS-001436,Smart Classroom Lab at Ward-13,Smart Classroom Lab,Education Infrastructure,DIST-0555,ST-16,PC-0815,CONT-0236,AGENCY-0950,2023-11-06,2023-12-30,2024-05-28,WORK_IN_PROGRESS,30.48002,74.05955
MPLADS-001437,Solar Rooftop Panel at Ward-03,Solar Rooftop Panel,Renewable Energy,DIST-0306,ST-07,PC-0449,CONT-0040,AGENCY-0898,2022-03-12,2022-04-27,2022-06-26,WORK_IN_PROGRESS,28.51492,72.62554
MPLADS-001438,Farm Pond Renovation at Ward-44,Farm Pond Renovation,Irrigation & Agriculture,DIST-0182,ST-05,PC-0256,CONT-0197,AGENCY-0744,2022-10-27,2022-11-29,2023-05-08,WORK_IN_PROGRESS,22.21111,78.3436
MPLADS-001439,Bituminous Road at Ward-85,Bituminous Road,Roads & Bridges,DIST-0186,ST-05,PC-0263,CONT-0104,AGENCY-0244,2023-08-25,2023-09-19,2024-03-17,WORK_IN_PROGRESS,22.16548,81.20606
MPLADS-001440,Ayurvedic Dispensary at Ward-23,Ayurvedic Dispensary,Public Health,DIST-0102,ST-02,PC-0146,CONT-0196,AGENCY-0812,2022-07-12,2022-08-13,2023-03-11,DELAYED,20.5135,79.54247
MPLADS-001441,School Boundary Wall at Ward-90,School Boundary Wall,Education Infrastructure,DIST-0537,ST-15,PC-0788,CONT-0228,AGENCY-0014,2023-05-17,2023-06-07,2023-11-04,WORK_IN_PROGRESS,26.26437,94.11128
MPLADS-001442,Public Toilet Complex at Ward-56,Public Toilet Complex,Community Infrastructure,DIST-0463,ST-12,PC-0677,CONT-0229,AGENCY-1224,2022-08-27,2022-09-19,2023-01-17,COMPLETED,17.28704,79.0741
MPLADS-001443,Primary Health Sub-Centre at Ward-95,Primary Health Sub-Centre,Public Health,DIST-0030,ST-01,PC-0043,CONT-0203,AGENCY-1027,2022-11-12,2023-01-06,2023-08-04,WORK_IN_PROGRESS,29.32737,79.31255
MPLADS-001444,Solar Street Lighting at Ward-98,Solar Street Lighting,Renewable Energy,DIST-0406,ST-11,PC-0590,CONT-0277,AGENCY-0130,2023-09-06,2023-10-09,2023-12-08,WORK_IN_PROGRESS,21.66599,82.80349
MPLADS-001445,Lift Irrigation Scheme at Ward-03,Lift Irrigation Scheme,Irrigation & Agriculture,DIST-0140,ST-03,PC-0200,CONT-0166,AGENCY-0601,2022-05-30,2022-07-20,2022-12-27,WORK_IN_PROGRESS,27.27368,83.54391
MPLADS-001446,Primary Health Sub-Centre at Ward-95,Primary Health Sub-Centre,Public Health,DIST-0218,ST-05,PC-0318,CONT-0298,AGENCY-0808,2023-02-08,2023-03-10,2023-10-06,COMPLETED,21.06508,80.47768
MPLADS-001447,CC Road Construction at Ward-72,CC Road Construction,Roads & Bridges,DIST-0060,ST-01,PC-0088,CONT-0096,AGENCY-1228,2023-10-26,2023-11-11,2024-05-09,WORK_IN_PROGRESS,25.31164,80.94269
MPLADS-001448,Community Tank at Ward-86,Community Tank,Drinking Water,DIST-0383,ST-10,PC-0553,CONT-0133,AGENCY-0726,2022-07-25,2022-08-15,2022-11-13,WORK_IN_PROGRESS,13.51054,80.65755
MPLADS-001449,Ayurvedic Dispensary at Ward-73,Ayurvedic Dispensary,Public Health,DIST-0407,ST-11,PC-0593,CONT-0272,AGENCY-0369,2022-09-09,2022-10-09,2023-05-07,WORK_IN_PROGRESS,21.3311,83.53352
MPLADS-001450,School Boundary Wall at Ward-85,School Boundary Wall,Education Infrastructure,DIST-0557,ST-16,PC-0817,CONT-0073,AGENCY-0246,2022-09-01,2022-10-13,2023-03-12,WORK_IN_PROGRESS,31.39161,74.24036
MPLADS-001451,Culvert Bridge at Ward-85,Culvert Bridge,Roads & Bridges,DIST-0111,ST-02,PC-0159,CONT-0172,AGENCY-0090,2022-07-29,2022-08-22,2023-02-18,WORK_IN_PROGRESS,19.48886,78.56014
MPLADS-001452,Yatri Shed at Ward-02,Yatri Shed,Community Infrastructure,DIST-0352,ST-09,PC-0512,CONT-0281,AGENCY-1035,2023-05-27,2023-06-13,2023-10-11,WORK_IN_PROGRESS,22.7711,70.3753
MPLADS-001453,Solar High-Mast Light at Ward-74,Solar High-Mast Light,Renewable Energy,DIST-0114,ST-03,PC-0164,CONT-0264,AGENCY-0433,2023-09-04,2023-10-13,2023-12-12,WORK_IN_PROGRESS,24.67571,85.18595
MPLADS-001454,Community Tank at Ward-80,Community Tank,Drinking Water,DIST-0589,ST-17,PC-0869,CONT-0154,AGENCY-0754,2022-04-07,2022-05-24,2022-08-22,WORK_IN_PROGRESS,20.4471,83.81242
MPLADS-001455,Solar Street Lighting at Ward-22,Solar Street Lighting,Renewable Energy,DIST-0271,ST-07,PC-0395,CONT-0125,AGENCY-0238,2023-12-01,2023-12-28,2024-02-26,WORK_IN_PROGRESS,28.27615,70.10685
MPLADS-001456,Multi-Village Hospital Block at Ward-44,Multi-Village Hospital Block,Mega Infrastructure,DIST-0441,ST-12,PC-0643,CONT-0050,AGENCY-0427,2023-01-23,2023-02-23,2024-03-29,WORK_IN_PROGRESS,19.23848,80.20916
MPLADS-001457,Yatri Shed at Ward-44,Yatri Shed,Community Infrastructure,DIST-0619,ST-18,PC-0912,CONT-0108,AGENCY-0633,2022-03-01,2022-04-29,2022-08-27,WORK_IN_PROGRESS,30.73787,75.59033
MPLADS-001458,Culvert Bridge at Ward-54,Culvert Bridge,Roads & Bridges,DIST-0246,ST-06,PC-0358,CONT-0188,AGENCY-0453,2023-05-17,2023-06-06,2023-12-03,WORK_IN_PROGRESS,13.12054,80.01127
MPLADS-001459,Paver Block Road at Ward-76,Paver Block Road,Roads & Bridges,DIST-0135,ST-03,PC-0194,CONT-0248,AGENCY-0870,2023-04-19,2023-05-07,2023-11-03,WORK_IN_PROGRESS,24.63492,85.97706
MPLADS-001460,Maternity Ward Facility at Ward-37,Maternity Ward Facility,Public Health,DIST-0304,ST-07,PC-0447,CONT-0059,AGENCY-0034,2022-07-09,2022-09-01,2023-03-30,WORK_IN_PROGRESS,28.57097,70.65807
MPLADS-001461,Farm Pond Renovation at Ward-32,Farm Pond Renovation,Irrigation & Agriculture,DIST-0337,ST-08,PC-0492,CONT-0065,AGENCY-0007,2023-04-28,2023-05-22,2023-10-29,WORK_IN_PROGRESS,13.8552,75.00079
MPLADS-001462,Paver Block Road at Ward-25,Paver Block Road,Roads & Bridges,DIST-0216,ST-05,PC-0315,CONT-0146,AGENCY-0232,2023-01-06,2023-01-29,2023-07-28,COMPLETED,25.45342,80.04591
MPLADS-001463,School Additional Classroom at Ward-40,School Additional Classroom,Education Infrastructure,DIST-0173,ST-05,PC-0245,CONT-0242,AGENCY-1189,2022-03-18,2022-04-13,2022-09-10,WORK_IN_PROGRESS,22.30937,77.06378
MPLADS-001464,Crematorium Shed at Ward-58,Crematorium Shed,Community Infrastructure,DIST-0145,ST-03,PC-0207,CONT-0192,AGENCY-0248,2023-03-18,2023-04-25,2023-08-23,WORK_IN_PROGRESS,26.2071,84.53278
MPLADS-001465,Solar High-Mast Light at Ward-15,Solar High-Mast Light,Renewable Energy,DIST-0569,ST-17,PC-0838,CONT-0315,AGENCY-0432,2022-07-14,2022-08-18,2022-10-17,WORK_IN_PROGRESS,18.62038,82.72064
MPLADS-001466,Bituminous Road at Ward-22,Bituminous Road,Roads & Bridges,DIST-0342,ST-08,PC-0500,CONT-0273,AGENCY-0943,2023-05-26,2023-07-04,2023-12-31,WORK_IN_PROGRESS,14.18738,76.04817
MPLADS-001467,Primary Health Sub-Centre at Ward-06,Primary Health Sub-Centre,Public Health,DIST-0245,ST-06,PC-0356,CONT-0105,AGENCY-1144,2022-12-11,2023-01-16,2023-08-14,WORK_IN_PROGRESS,11.92568,76.31624
MPLADS-001468,Ayurvedic Dispensary at Ward-02,Ayurvedic Dispensary,Public Health,DIST-0617,ST-18,PC-0909,CONT-0242,AGENCY-0537,2022-07-05,2022-08-01,2023-02-27,WORK_IN_PROGRESS,29.34673,76.26942
MPLADS-001469,Solar Street Lighting at Ward-69,Solar Street Lighting,Renewable Energy,DIST-0155,ST-04,PC-0218,CONT-0283,AGENCY-1038,2023-03-23,2023-04-26,2023-06-25,WORK_IN_PROGRESS,23.82802,87.25466
MPLADS-001470,Primary Health Sub-Centre at Ward-68,Primary Health Sub-Centre,Public Health,DIST-0463,ST-12,PC-0677,CONT-0006,AGENCY-0476,2022-06-13,2022-08-02,2023-02-28,COMPLETED,17.26861,79.06984
MPLADS-001471,Multi-Village Hospital Block at Ward-86,Multi-Village Hospital Block,Mega Infrastructure,DIST-0612,ST-18,PC-0901,CONT-0312,AGENCY-1182,2022-10-16,2022-11-28,2024-01-02,COMPLETED,30.87682,75.40043
MPLADS-001472,Major River Overbridge at Ward-73,Major River Overbridge,Mega Infrastructure,DIST-0045,ST-01,PC-0066,CONT-0308,AGENCY-0618,2022-07-22,2022-08-27,2023-10-01,WORK_IN_PROGRESS,25.94572,80.43991
MPLADS-001473,Community Hall at Ward-67,Community Hall,Community Infrastructure,DIST-0388,ST-10,PC-0561,CONT-0277,AGENCY-1183,2022-06-19,2022-07-17,2022-11-14,WORK_IN_PROGRESS,15.38805,80.12239
MPLADS-001474,CC Road Construction at Ward-16,CC Road Construction,Roads & Bridges,DIST-0309,ST-07,PC-0455,CONT-0127,AGENCY-0668,2022-04-18,2022-05-23,2022-11-19,WORK_IN_PROGRESS,28.77482,77.1143
MPLADS-001475,District Sports Complex at Ward-54,District Sports Complex,Mega Infrastructure,DIST-0417,ST-11,PC-0609,CONT-0014,AGENCY-0550,2022-07-14,2022-09-03,2023-10-08,WORK_IN_PROGRESS,21.40667,84.1537
MPLADS-001476,Ayurvedic Dispensary at Ward-51,Ayurvedic Dispensary,Public Health,DIST-0558,ST-16,PC-0819,CONT-0139,AGENCY-0166,2022-08-14,2022-10-01,2023-04-29,WORK_IN_PROGRESS,30.66781,74.26159
MPLADS-001477,Lift Irrigation Scheme at Ward-36,Lift Irrigation Scheme,Irrigation & Agriculture,DIST-0359,ST-09,PC-0521,CONT-0053,AGENCY-0391,2023-01-08,2023-03-07,2023-08-14,WORK_IN_PROGRESS,23.51306,71.89548
MPLADS-001478,Culvert Bridge at Ward-84,Culvert Bridge,Roads & Bridges,DIST-0206,ST-05,PC-0298,CONT-0105,AGENCY-0023,2022-08-01,2022-08-20,2023-02-16,WORK_IN_PROGRESS,21.90734,82.06601
MPLADS-001479,Bituminous Road at Ward-53,Bituminous Road,Roads & Bridges,DIST-0330,ST-08,PC-0481,CONT-0319,AGENCY-0697,2023-10-06,2023-11-03,2024-05-01,WORK_IN_PROGRESS,13.83593,74.68122
MPLADS-001480,Multi-Village Hospital Block at Ward-94,Multi-Village Hospital Block,Mega Infrastructure,DIST-0618,ST-18,PC-0910,CONT-0119,AGENCY-1065,2023-02-07,2023-03-02,2024-04-05,WORK_IN_PROGRESS,27.6886,75.56379
MPLADS-001481,School Boundary Wall at Ward-94,School Boundary Wall,Education Infrastructure,DIST-0158,ST-04,PC-0223,CONT-0039,AGENCY-0982,2023-03-28,2023-04-20,2023-09-17,WORK_IN_PROGRESS,22.0282,88.98749
MPLADS-001482,District Sports Complex at Ward-25,District Sports Complex,Mega Infrastructure,DIST-0282,ST-07,PC-0413,CONT-0056,AGENCY-0955,2022-02-12,2022-02-28,2023-04-04,WORK_IN_PROGRESS,29.43427,76.60851
MPLADS-001483,Culvert Bridge at Ward-21,Culvert Bridge,Roads & Bridges,DIST-0229,ST-06,PC-0334,CONT-0022,AGENCY-0279,2022-06-25,2022-08-09,2023-02-05,WORK_IN_PROGRESS,13.44971,76.06373
MPLADS-001484,Crematorium Shed at Ward-36,Crematorium Shed,Community Infrastructure,DIST-0094,ST-02,PC-0136,CONT-0288,AGENCY-0372,2022-04-24,2022-05-20,2022-09-17,COMPLETED,15.53202,78.83955
MPLADS-001485,District Sports Complex at Ward-17,District Sports Complex,Mega Infrastructure,DIST-0235,ST-06,PC-0342,CONT-0077,AGENCY-0972,2022-04-20,2022-05-13,2023-06-17,DELAYED,13.08314,78.76609
MPLADS-001486,Piped Water Network at Ward-11,Piped Water Network,Drinking Water,DIST-0286,ST-07,PC-0420,CONT-0169,AGENCY-1011,2022-06-18,2022-07-11,2022-10-09,WORK_IN_PROGRESS,26.88825,74.67359
MPLADS-001487,Solar High-Mast Light at Ward-11,Solar High-Mast Light,Renewable Energy,DIST-0200,ST-05,PC-0288,CONT-0317,AGENCY-0329,2022-11-29,2023-01-03,2023-03-04,WORK_IN_PROGRESS,24.7277,81.32419
MPLADS-001488,Piped Water Network at Ward-10,Piped Water Network,Drinking Water,DIST-0048,ST-01,PC-0070,CONT-0102,AGENCY-0729,2022-07-16,2022-09-13,2022-12-12,WORK_IN_PROGRESS,27.91846,82.96549
MPLADS-001489,Smart Classroom Lab at Ward-80,Smart Classroom Lab,Education Infrastructure,DIST-0270,ST-07,PC-0393,CONT-0140,AGENCY-1168,2022-03-07,2022-03-23,2022-08-20,WORK_IN_PROGRESS,26.93051,70.02567
MPLADS-001490,Yatri Shed at Ward-94,Yatri Shed,Community Infrastructure,DIST-0169,ST-04,PC-0240,CONT-0213,AGENCY-0708,2023-02-26,2023-03-18,2023-07-16,WORK_IN_PROGRESS,25.58646,87.25944
MPLADS-001491,Farm Pond Renovation at Ward-92,Farm Pond Renovation,Irrigation & Agriculture,DIST-0315,ST-07,PC-0462,CONT-0124,AGENCY-1040,2023-10-22,2023-12-12,2024-05-20,COMPLETED,29.72705,77.83748
MPLADS-001492,Lift Irrigation Scheme at Ward-96,Lift Irrigation Scheme,Irrigation & Agriculture,DIST-0107,ST-02,PC-0152,CONT-0026,AGENCY-0575,2022-10-22,2022-12-16,2023-05-25,WORK_IN_PROGRESS,16.61166,80.02373
MPLADS-001493,Public Toilet Complex at Ward-19,Public Toilet Complex,Community Infrastructure,DIST-0301,ST-07,PC-0441,CONT-0014,AGENCY-0683,2023-05-02,2023-06-15,2023-10-13,WORK_IN_PROGRESS,23.77935,72.84834
MPLADS-001494,Smart Classroom Lab at Ward-77,Smart Classroom Lab,Education Infrastructure,DIST-0495,ST-14,PC-0722,CONT-0169,AGENCY-0743,2023-09-10,2023-09-25,2024-02-22,WORK_IN_PROGRESS,22.85165,84.72475
MPLADS-001495,Community Hall at Ward-62,Community Hall,Community Infrastructure,DIST-0106,ST-02,PC-0151,CONT-0145,AGENCY-0710,2022-01-19,2022-02-22,2022-06-22,WORK_IN_PROGRESS,17.15715,78.17148
MPLADS-001496,Solar High-Mast Light at Ward-09,Solar High-Mast Light,Renewable Energy,DIST-0521,ST-15,PC-0763,CONT-0314,AGENCY-0155,2022-10-23,2022-12-05,2023-02-03,WORK_IN_PROGRESS,25.10881,93.79738
MPLADS-001497,School Boundary Wall at Ward-79,School Boundary Wall,Education Infrastructure,DIST-0607,ST-18,PC-0894,CONT-0028,AGENCY-0047,2022-11-05,2022-11-23,2023-04-22,WORK_IN_PROGRESS,30.04206,74.95238
MPLADS-001498,Solar Street Lighting at Ward-79,Solar Street Lighting,Renewable Energy,DIST-0098,ST-02,PC-0140,CONT-0070,AGENCY-0079,2022-04-16,2022-06-04,2022-08-03,WORK_IN_PROGRESS,20.20576,79.54385
MPLADS-001499,Piped Water Network at Ward-83,Piped Water Network,Drinking Water,DIST-0428,ST-11,PC-0624,CONT-0051,AGENCY-0828,2022-07-13,2022-08-23,2022-11-21,WORK_IN_PROGRESS,20.98202,81.75456
MPLADS-001500,Smart Classroom Lab at Ward-85,Smart Classroom Lab,Education Infrastructure,DIST-0380,ST-10,PC-0550,CONT-0016,AGENCY-1079,2023-01-25,2023-02-28,2023-07-28,WORK_IN_PROGRESS,16.70689,77.02623
MPLADS-001501,Maternity Ward Facility at Ward-89,Maternity Ward Facility,Public Health,DIST-0413,ST-11,PC-0602,CONT-0065,AGENCY-0661,2022-11-01,2022-12-27,2023-07-25,COMPLETED,18.7799,84.97063
MPLADS-001502,School Additional Classroom at Ward-59,School Additional Classroom,Education Infrastructure,DIST-0243,ST-06,PC-0353,CONT-0222,AGENCY-0488,2022-05-14,2022-06-03,2022-10-31,WORK_IN_PROGRESS,10.0052,78.60915
MPLADS-001503,Check Dam at Ward-87,Check Dam,Irrigation & Agriculture,DIST-0084,ST-02,PC-0124,CONT-0112,AGENCY-1175,2022-12-20,2023-01-13,2023-06-22,COMPLETED,18.6773,78.03456
MPLADS-001504,Community Hall at Ward-92,Community Hall,Community Infrastructure,DIST-0467,ST-12,PC-0683,CONT-0112,AGENCY-0985,2022-10-10,2022-11-08,2023-03-08,WORK_IN_PROGRESS,15.96623,77.27706
MPLADS-001505,Public Toilet Complex at Ward-48,Public Toilet Complex,Community Infrastructure,DIST-0244,ST-06,PC-0355,CONT-0239,AGENCY-0125,2023-10-18,2023-11-07,2024-03-06,WORK_IN_PROGRESS,8.82457,78.40948
MPLADS-001506,Major River Overbridge at Ward-63,Major River Overbridge,Mega Infrastructure,DIST-0380,ST-10,PC-0550,CONT-0159,AGENCY-0307,2022-12-01,2023-01-25,2024-02-29,WORK_IN_PROGRESS,16.72951,77.00495
MPLADS-001507,RO Water Plant at Ward-11,RO Water Plant,Drinking Water,DIST-0165,ST-04,PC-0234,CONT-0165,AGENCY-0667,2023-11-23,2024-01-10,2024-04-09,WORK_IN_PROGRESS,26.69037,86.18833
MPLADS-001508,Deep Tube Well at Ward-81,Deep Tube Well,Drinking Water,DIST-0028,ST-01,PC-0040,CONT-0173,AGENCY-0974,2022-09-12,2022-10-11,2023-01-09,DELAYED,27.90202,83.53747
MPLADS-001509,Yatri Shed at Ward-59,Yatri Shed,Community Infrastructure,DIST-0025,ST-01,PC-0037,CONT-0028,AGENCY-0043,2022-10-20,2022-12-13,2023-04-12,WORK_IN_PROGRESS,28.81175,77.91623
MPLADS-001510,School Additional Classroom at Ward-09,School Additional Classroom,Education Infrastructure,DIST-0200,ST-05,PC-0288,CONT-0107,AGENCY-0061,2023-05-11,2023-06-18,2023-11-15,WORK_IN_PROGRESS,24.83685,81.34237
MPLADS-001511,Ambulance Vehicle at Ward-64,Ambulance Vehicle,Public Health,DIST-0356,ST-09,PC-0517,CONT-0058,AGENCY-0565,2022-04-05,2022-05-21,2022-12-17,DELAYED,23.1982,73.56222
MPLADS-001512,Piped Water Network at Ward-01,Piped Water Network,Drinking Water,DIST-0561,ST-16,PC-0824,CONT-0167,AGENCY-1233,2022-10-14,2022-11-22,2023-02-20,WORK_IN_PROGRESS,32.14232,74.2445
MPLADS-001513,Deep Tube Well at Ward-41,Deep Tube Well,Drinking Water,DIST-0425,ST-11,PC-0620,CONT-0180,AGENCY-0269,2023-01-05,2023-02-21,2023-05-22,WORK_IN_PROGRESS,21.41606,84.98179
MPLADS-001514,Ambulance Vehicle at Ward-60,Ambulance Vehicle,Public Health,DIST-0104,ST-02,PC-0148,CONT-0025,AGENCY-0099,2022-05-14,2022-06-03,2022-12-30,WORK_IN_PROGRESS,21.01293,77.21398
MPLADS-001515,Smart Classroom Lab at Ward-52,Smart Classroom Lab,Education Infrastructure,DIST-0026,ST-01,PC-0038,CONT-0062,AGENCY-0150,2022-07-18,2022-08-28,2023-01-25,WORK_IN_PROGRESS,27.59005,81.77937
MPLADS-001516,Farm Pond Renovation at Ward-03,Farm Pond Renovation,Irrigation & Agriculture,DIST-0067,ST-01,PC-0096,CONT-0007,AGENCY-1235,2022-08-12,2022-08-28,2023-02-04,COMPLETED,28.19101,84.30621
MPLADS-001517,Community Hall at Ward-36,Community Hall,Community Infrastructure,DIST-0349,ST-09,PC-0508,CONT-0282,AGENCY-0141,2023-03-01,2023-03-17,2023-07-15,WORK_IN_PROGRESS,20.9186,69.24157
MPLADS-001518,Solar Street Lighting at Ward-69,Solar Street Lighting,Renewable Energy,DIST-0546,ST-16,PC-0802,CONT-0271,AGENCY-0876,2022-02-21,2022-04-12,2022-06-11,WORK_IN_PROGRESS,30.99428,74.51561
MPLADS-001519,Deep Tube Well at Ward-38,Deep Tube Well,Drinking Water,DIST-0188,ST-05,PC-0266,CONT-0228,AGENCY-0944,2022-05-20,2022-06-24,2022-09-22,WORK_IN_PROGRESS,26.23746,80.16335
MPLADS-001520,Ambulance Vehicle at Ward-42,Ambulance Vehicle,Public Health,DIST-0463,ST-12,PC-0677,CONT-0237,AGENCY-0024,2023-01-03,2023-02-25,2023-09-23,COMPLETED,17.25358,79.19788
MPLADS-001521,Major River Overbridge at Ward-28,Major River Overbridge,Mega Infrastructure,DIST-0072,ST-01,PC-0105,CONT-0237,AGENCY-1171,2022-09-25,2022-10-17,2023-11-21,WORK_IN_PROGRESS,25.44998,81.63589
MPLADS-001522,Solar Street Lighting at Ward-75,Solar Street Lighting,Renewable Energy,DIST-0408,ST-11,PC-0594,CONT-0079,AGENCY-0622,2022-08-03,2022-09-04,2022-11-03,WORK_IN_PROGRESS,17.83579,82.42844
MPLADS-001523,Lift Irrigation Scheme at Ward-86,Lift Irrigation Scheme,Irrigation & Agriculture,DIST-0273,ST-07,PC-0399,CONT-0234,AGENCY-0879,2023-09-29,2023-10-27,2024-04-04,WORK_IN_PROGRESS,26.6624,74.30717
MPLADS-001524,Community Hall at Ward-29,Community Hall,Community Infrastructure,DIST-0086,ST-02,PC-0126,CONT-0224,AGENCY-1210,2023-10-12,2023-11-21,2024-03-20,WORK_IN_PROGRESS,16.99579,77.02377
MPLADS-001525,Bituminous Road at Ward-92,Bituminous Road,Roads & Bridges,DIST-0260,ST-06,PC-0379,CONT-0294,AGENCY-0142,2023-04-05,2023-05-09,2023-11-05,COMPLETED,11.12099,78.29764
MPLADS-001526,Solar High-Mast Light at Ward-66,Solar High-Mast Light,Renewable Energy,DIST-0162,ST-04,PC-0229,CONT-0030,AGENCY-0116,2022-08-10,2022-09-05,2022-11-04,WORK_IN_PROGRESS,22.27319,85.73174
MPLADS-001527,Primary Health Sub-Centre at Ward-95,Primary Health Sub-Centre,Public Health,DIST-0025,ST-01,PC-0037,CONT-0113,AGENCY-0259,2022-04-09,2022-05-07,2022-12-03,WORK_IN_PROGRESS,28.72686,78.00137
MPLADS-001528,Community Tank at Ward-16,Community Tank,Drinking Water,DIST-0179,ST-05,PC-0251,CONT-0080,AGENCY-1150,2022-01-07,2022-02-26,2022-05-27,WORK_IN_PROGRESS,26.15691,77.48972
MPLADS-001529,Solar Street Lighting at Ward-15,Solar Street Lighting,Renewable Energy,DIST-0140,ST-03,PC-0200,CONT-0302,AGENCY-0012,2022-03-06,2022-03-24,2022-05-23,WORK_IN_PROGRESS,27.29062,83.47134
MPLADS-001530,Lift Irrigation Scheme at Ward-80,Lift Irrigation Scheme,Irrigation & Agriculture,DIST-0563,ST-16,PC-0828,CONT-0114,AGENCY-0735,2022-09-07,2022-10-01,2023-03-10,WORK_IN_PROGRESS,31.88143,74.44242
MPLADS-001531,Maternity Ward Facility at Ward-26,Maternity Ward Facility,Public Health,DIST-0564,ST-16,PC-0829,CONT-0313,AGENCY-0538,2022-09-27,2022-10-22,2023-05-20,WORK_IN_PROGRESS,32.33407,75.22202
MPLADS-001532,Library Room at Ward-30,Library Room,Education Infrastructure,DIST-0612,ST-18,PC-0900,CONT-0027,AGENCY-0162,2022-09-28,2022-11-23,2023-04-22,WORK_IN_PROGRESS,30.82436,75.43336
MPLADS-001533,RO Water Plant at Ward-17,RO Water Plant,Drinking Water,DIST-0136,ST-03,PC-0196,CONT-0241,AGENCY-1134,2023-11-19,2023-12-14,2024-03-13,WORK_IN_PROGRESS,25.25454,85.63859
MPLADS-001534,Smart Classroom Lab at Ward-39,Smart Classroom Lab,Education Infrastructure,DIST-0596,ST-17,PC-0877,CONT-0235,AGENCY-0054,2023-01-21,2023-03-10,2023-08-07,WORK_IN_PROGRESS,21.78477,82.96163
MPLADS-001535,District Sports Complex at Ward-07,District Sports Complex,Mega Infrastructure,DIST-0303,ST-07,PC-0446,CONT-0027,AGENCY-0921,2022-06-13,2022-07-06,2023-08-10,WORK_IN_PROGRESS,26.71203,77.95778
MPLADS-001536,District Sports Complex at Ward-85,District Sports Complex,Mega Infrastructure,DIST-0173,ST-05,PC-0245,CONT-0121,AGENCY-1193,2022-04-25,2022-05-19,2023-06-23,WORK_IN_PROGRESS,22.38025,77.04893
MPLADS-001537,Maternity Ward Facility at Ward-48,Maternity Ward Facility,Public Health,DIST-0435,ST-11,PC-0635,CONT-0276,AGENCY-0439,2023-01-08,2023-03-01,2023-09-27,WORK_IN_PROGRESS,18.22503,82.65081
MPLADS-001538,Culvert Bridge at Ward-50,Culvert Bridge,Roads & Bridges,DIST-0061,ST-01,PC-0089,CONT-0073,AGENCY-1011,2023-10-11,2023-11-01,2024-04-29,WORK_IN_PROGRESS,30.42744,78.01494
MPLADS-001539,Farm Pond Renovation at Ward-25,Farm Pond Renovation,Irrigation & Agriculture,DIST-0415,ST-11,PC-0605,CONT-0176,AGENCY-0756,2023-07-25,2023-08-24,2024-01-31,WORK_IN_PROGRESS,19.81093,85.27659
MPLADS-001540,Crematorium Shed at Ward-42,Crematorium Shed,Community Infrastructure,DIST-0191,ST-05,PC-0273,CONT-0257,AGENCY-1046,2022-04-19,2022-05-16,2022-09-13,DELAYED,24.48996,77.98226
MPLADS-001541,Public Toilet Complex at Ward-64,Public Toilet Complex,Community Infrastructure,DIST-0148,ST-03,PC-0210,CONT-0272,AGENCY-1141,2023-06-14,2023-07-08,2023-11-05,WORK_IN_PROGRESS,27.09509,85.47743
MPLADS-001542,Solar Street Lighting at Ward-64,Solar Street Lighting,Renewable Energy,DIST-0465,ST-12,PC-0679,CONT-0246,AGENCY-0481,2022-12-17,2023-01-12,2023-03-13,WORK_IN_PROGRESS,17.35467,81.32398
MPLADS-001543,Community Tank at Ward-50,Community Tank,Drinking Water,DIST-0494,ST-14,PC-0721,CONT-0281,AGENCY-0121,2023-08-27,2023-09-24,2023-12-23,WORK_IN_PROGRESS,22.10605,84.67701
MPLADS-001544,Paver Block Road at Ward-07,Paver Block Road,Roads & Bridges,DIST-0180,ST-05,PC-0253,CONT-0268,AGENCY-0467,2023-02-16,2023-03-20,2023-09-16,WORK_IN_PROGRESS,24.75562,80.85979
MPLADS-001545,Solar Rooftop Panel at Ward-22,Solar Rooftop Panel,Renewable Energy,DIST-0259,ST-06,PC-0378,CONT-0182,AGENCY-0961,2023-04-27,2023-06-25,2023-08-24,WORK_IN_PROGRESS,13.12137,76.11619
MPLADS-001546,Solar Street Lighting at Ward-13,Solar Street Lighting,Renewable Energy,DIST-0225,ST-05,PC-0329,CONT-0283,AGENCY-0730,2022-07-17,2022-09-10,2022-11-09,WORK_IN_PROGRESS,23.2031,78.50595
MPLADS-001547,Solar Street Lighting at Ward-17,Solar Street Lighting,Renewable Energy,DIST-0384,ST-10,PC-0554,CONT-0126,AGENCY-1172,2023-01-15,2023-02-02,2023-04-03,WORK_IN_PROGRESS,14.04733,77.06521
MPLADS-001548,Solar Street Lighting at Ward-88,Solar Street Lighting,Renewable Energy,DIST-0353,ST-09,PC-0513,CONT-0054,AGENCY-0752,2022-12-31,2023-02-01,2023-04-02,COMPLETED,21.39096,74.37131
MPLADS-001549,Bituminous Road at Ward-93,Bituminous Road,Roads & Bridges,DIST-0492,ST-14,PC-0717,CONT-0109,AGENCY-0723,2023-03-14,2023-05-02,2023-10-29,WORK_IN_PROGRESS,23.37359,83.74705
MPLADS-001550,Lift Irrigation Scheme at Ward-17,Lift Irrigation Scheme,Irrigation & Agriculture,DIST-0182,ST-05,PC-0257,CONT-0277,AGENCY-1134,2023-10-03,2023-11-29,2024-05-07,WORK_IN_PROGRESS,22.07662,78.42897
MPLADS-001551,Ambulance Vehicle at Ward-83,Ambulance Vehicle,Public Health,DIST-0488,ST-14,PC-0712,CONT-0200,AGENCY-0120,2023-06-07,2023-07-06,2024-02-01,COMPLETED,22.66639,86.44392
MPLADS-001552,Community Tank at Ward-24,Community Tank,Drinking Water,DIST-0037,ST-01,PC-0055,CONT-0158,AGENCY-0313,2022-12-01,2023-01-22,2023-04-22,WORK_IN_PROGRESS,28.2484,82.99711
MPLADS-001553,Check Dam at Ward-23,Check Dam,Irrigation & Agriculture,DIST-0355,ST-09,PC-0516,CONT-0245,AGENCY-0541,2022-12-10,2023-01-17,2023-06-26,WORK_IN_PROGRESS,23.85778,70.37638
MPLADS-001554,Community Tank at Ward-88,Community Tank,Drinking Water,DIST-0220,ST-05,PC-0320,CONT-0102,AGENCY-0268,2022-03-29,2022-05-15,2022-08-13,COMPLETED,23.72903,76.68766
MPLADS-001555,Solar Street Lighting at Ward-56,Solar Street Lighting,Renewable Energy,DIST-0496,ST-14,PC-0724,CONT-0034,AGENCY-0487,2022-07-09,2022-08-31,2022-10-30,WORK_IN_PROGRESS,23.66934,85.67896
MPLADS-001556,Solar Street Lighting at Ward-48,Solar Street Lighting,Renewable Energy,DIST-0502,ST-14,PC-0731,CONT-0069,AGENCY-1035,2023-01-30,2023-03-29,2023-05-28,WORK_IN_PROGRESS,24.65541,83.59702
MPLADS-001557,CC Road Construction at Ward-27,CC Road Construction,Roads & Bridges,DIST-0529,ST-15,PC-0777,CONT-0178,AGENCY-1129,2023-05-06,2023-05-30,2023-11-26,WORK_IN_PROGRESS,27.40877,90.21073
MPLADS-001558,Bituminous Road at Ward-92,Bituminous Road,Roads & Bridges,DIST-0163,ST-04,PC-0230,CONT-0206,AGENCY-1096,2023-10-08,2023-11-28,2024-05-26,WORK_IN_PROGRESS,24.86213,88.92202
MPLADS-001559,Crematorium Shed at Ward-85,Crematorium Shed,Community Infrastructure,DIST-0005,ST-01,PC-0007,CONT-0264,AGENCY-0308,2022-09-03,2022-09-24,2023-01-22,WORK_IN_PROGRESS,24.91173,80.62762
MPLADS-001560,District Sports Complex at Ward-68,District Sports Complex,Mega Infrastructure,DIST-0497,ST-14,PC-0725,CONT-0086,AGENCY-0914,2022-05-05,2022-06-20,2023-07-25,WORK_IN_PROGRESS,23.16656,84.1431
MPLADS-001561,Farm Pond Renovation at Ward-76,Farm Pond Renovation,Irrigation & Agriculture,DIST-0534,ST-15,PC-0783,CONT-0055,AGENCY-0292,2022-01-03,2022-02-06,2022-07-16,WORK_IN_PROGRESS,25.05808,95.69838
MPLADS-001562,Primary Health Sub-Centre at Ward-68,Primary Health Sub-Centre,Public Health,DIST-0325,ST-08,PC-0474,CONT-0048,AGENCY-0417,2023-08-29,2023-10-19,2024-05-16,WORK_IN_PROGRESS,16.39627,74.72987
MPLADS-001563,Multi-Village Hospital Block at Ward-74,Multi-Village Hospital Block,Mega Infrastructure,DIST-0265,ST-06,PC-0386,CONT-0025,AGENCY-0586,2022-05-21,2022-06-09,2023-07-14,COMPLETED,9.70669,77.16929
MPLADS-001564,Deep Tube Well at Ward-03,Deep Tube Well,Drinking Water,DIST-0259,ST-06,PC-0378,CONT-0091,AGENCY-1071,2023-10-24,2023-11-18,2024-02-16,COMPLETED,13.04105,76.16061
MPLADS-001565,Bituminous Road at Ward-42,Bituminous Road,Roads & Bridges,DIST-0081,ST-02,PC-0119,CONT-0289,AGENCY-0338,2023-11-18,2023-12-19,2024-06-16,WORK_IN_PROGRESS,15.73163,74.44458
MPLADS-001566,Maternity Ward Facility at Ward-90,Maternity Ward Facility,Public Health,DIST-0497,ST-14,PC-0725,CONT-0026,AGENCY-1169,2022-10-22,2022-12-13,2023-07-11,WORK_IN_PROGRESS,23.23376,84.01759
MPLADS-001567,Paver Block Road at Ward-31,Paver Block Road,Roads & Bridges,DIST-0134,ST-03,PC-0193,CONT-0319,AGENCY-0662,2023-07-11,2023-08-01,2024-01-28,COMPLETED,26.42973,84.40316
MPLADS-001568,Piped Water Network at Ward-85,Piped Water Network,Drinking Water,DIST-0181,ST-05,PC-0255,CONT-0007,AGENCY-0865,2022-10-01,2022-10-19,2023-01-17,DELAYED,22.45839,80.55929
MPLADS-001569,Maternity Ward Facility at Ward-10,Maternity Ward Facility,Public Health,DIST-0198,ST-05,PC-0284,CONT-0204,AGENCY-0714,2023-05-05,2023-07-01,2024-01-27,WORK_IN_PROGRESS,21.69427,81.02658
MPLADS-001570,School Boundary Wall at Ward-52,School Boundary Wall,Education Infrastructure,DIST-0082,ST-02,PC-0121,CONT-0007,AGENCY-0151,2022-04-22,2022-05-17,2022-10-14,WORK_IN_PROGRESS,19.98977,74.09021
MPLADS-001571,School Additional Classroom at Ward-14,School Additional Classroom,Education Infrastructure,DIST-0166,ST-04,PC-0236,CONT-0106,AGENCY-0644,2023-04-20,2023-06-07,2023-11-04,WORK_IN_PROGRESS,24.09998,87.18262
MPLADS-001572,Public Toilet Complex at Ward-39,Public Toilet Complex,Community Infrastructure,DIST-0226,ST-05,PC-0330,CONT-0149,AGENCY-0206,2023-08-17,2023-09-30,2024-01-28,COMPLETED,23.47141,77.39785
MPLADS-001573,Check Dam at Ward-89,Check Dam,Irrigation & Agriculture,DIST-0016,ST-01,PC-0023,CONT-0308,AGENCY-0437,2023-06-17,2023-07-03,2023-12-10,WORK_IN_PROGRESS,24.12364,84.25198
MPLADS-001574,Ayurvedic Dispensary at Ward-76,Ayurvedic Dispensary,Public Health,DIST-0581,ST-17,PC-0858,CONT-0046,AGENCY-0396,2023-07-11,2023-07-31,2024-02-26,COMPLETED,18.15001,82.54747
MPLADS-001575,Crematorium Shed at Ward-48,Crematorium Shed,Community Infrastructure,DIST-0428,ST-11,PC-0624,CONT-0281,AGENCY-0213,2022-10-09,2022-12-01,2023-03-31,WORK_IN_PROGRESS,20.91492,81.76055
MPLADS-001576,CC Road Construction at Ward-53,CC Road Construction,Roads & Bridges,DIST-0440,ST-12,PC-0642,CONT-0151,AGENCY-1186,2023-08-19,2023-09-23,2024-03-21,DELAYED,16.17188,80.9295
MPLADS-001577,Check Dam at Ward-64,Check Dam,Irrigation & Agriculture,DIST-0479,ST-13,PC-0699,CONT-0240,AGENCY-0691,2023-09-04,2023-10-27,2024-04-04,WORK_IN_PROGRESS,11.5681,76.08437
MPLADS-001578,Paver Block Road at Ward-76,Paver Block Road,Roads & Bridges,DIST-0023,ST-01,PC-0034,CONT-0174,AGENCY-0388,2023-04-03,2023-05-22,2023-11-18,COMPLETED,25.2717,79.37515
MPLADS-001579,District Sports Complex at Ward-10,District Sports Complex,Mega Infrastructure,DIST-0599,ST-18,PC-0882,CONT-0092,AGENCY-1135,2022-01-28,2022-03-21,2023-04-25,WORK_IN_PROGRESS,30.3249,75.14015
MPLADS-001580,Check Dam at Ward-24,Check Dam,Irrigation & Agriculture,DIST-0198,ST-05,PC-0284,CONT-0233,AGENCY-0269,2022-04-20,2022-05-13,2022-10-20,WORK_IN_PROGRESS,21.73168,81.00042
MPLADS-001581,Solar Street Lighting at Ward-89,Solar Street Lighting,Renewable Energy,DIST-0132,ST-03,PC-0191,CONT-0141,AGENCY-0032,2023-02-04,2023-03-06,2023-05-05,WORK_IN_PROGRESS,26.82405,83.65001
MPLADS-001582,Primary Health Sub-Centre at Ward-18,Primary Health Sub-Centre,Public Health,DIST-0197,ST-05,PC-0283,CONT-0187,AGENCY-1122,2022-10-03,2022-10-30,2023-05-28,WORK_IN_PROGRESS,26.07418,76.79624
MPLADS-001583,Culvert Bridge at Ward-63,Culvert Bridge,Roads & Bridges,DIST-0486,ST-14,PC-0709,CONT-0034,AGENCY-1214,2023-06-29,2023-08-20,2024-02-16,WORK_IN_PROGRESS,23.11441,85.47373
MPLADS-001584,Multi-Village Hospital Block at Ward-40,Multi-Village Hospital Block,Mega Infrastructure,DIST-0042,ST-01,PC-0062,CONT-0003,AGENCY-0286,2023-05-08,2023-07-03,2024-08-06,WORK_IN_PROGRESS,25.70274,79.74351
MPLADS-001585,Solar High-Mast Light at Ward-17,Solar High-Mast Light,Renewable Energy,DIST-0436,ST-12,PC-0637,CONT-0303,AGENCY-1071,2023-05-25,2023-06-09,2023-08-08,WORK_IN_PROGRESS,17.61247,80.72589
MPLADS-001586,Paver Block Road at Ward-83,Paver Block Road,Roads & Bridges,DIST-0493,ST-14,PC-0719,CONT-0299,AGENCY-0163,2023-07-02,2023-08-23,2024-02-19,WORK_IN_PROGRESS,23.83644,84.65762
MPLADS-001587,Check Dam at Ward-22,Check Dam,Irrigation & Agriculture,DIST-0425,ST-11,PC-0621,CONT-0010,AGENCY-1133,2022-12-30,2023-01-26,2023-07-05,WORK_IN_PROGRESS,21.50217,84.84126
MPLADS-001588,District Sports Complex at Ward-08,District Sports Complex,Mega Infrastructure,DIST-0121,ST-03,PC-0176,CONT-0070,AGENCY-1009,2022-03-30,2022-04-20,2023-05-25,WORK_IN_PROGRESS,27.20026,87.26823
MPLADS-001589,Piped Water Network at Ward-54,Piped Water Network,Drinking Water,DIST-0253,ST-06,PC-0368,CONT-0239,AGENCY-0320,2023-06-20,2023-07-15,2023-10-13,WORK_IN_PROGRESS,11.05135,76.62795
MPLADS-001590,Major River Overbridge at Ward-01,Major River Overbridge,Mega Infrastructure,DIST-0047,ST-01,PC-0069,CONT-0278,AGENCY-0255,2022-07-23,2022-08-28,2023-10-02,DELAYED,25.54853,78.02495
MPLADS-001591,Paver Block Road at Ward-88,Paver Block Road,Roads & Bridges,DIST-0434,ST-11,PC-0633,CONT-0098,AGENCY-0649,2022-09-15,2022-10-17,2023-04-15,WORK_IN_PROGRESS,18.81445,82.36582
MPLADS-001592,Solar Rooftop Panel at Ward-19,Solar Rooftop Panel,Renewable Energy,DIST-0085,ST-02,PC-0125,CONT-0225,AGENCY-0089,2023-07-28,2023-08-31,2023-10-30,WORK_IN_PROGRESS,16.44653,72.80487
MPLADS-001593,Major River Overbridge at Ward-33,Major River Overbridge,Mega Infrastructure,DIST-0351,ST-09,PC-0511,CONT-0056,AGENCY-0559,2022-09-05,2022-10-07,2023-11-11,WORK_IN_PROGRESS,24.48563,68.46173
MPLADS-001594,Lift Irrigation Scheme at Ward-43,Lift Irrigation Scheme,Irrigation & Agriculture,DIST-0381,ST-10,PC-0551,CONT-0049,AGENCY-0839,2022-07-29,2022-08-14,2023-01-21,WORK_IN_PROGRESS,14.14932,80.47884
MPLADS-001595,CC Road Construction at Ward-50,CC Road Construction,Roads & Bridges,DIST-0453,ST-12,PC-0660,CONT-0131,AGENCY-0737,2022-09-03,2022-10-24,2023-04-22,WORK_IN_PROGRESS,19.41292,80.0911
MPLADS-001596,Ambulance Vehicle at Ward-15,Ambulance Vehicle,Public Health,DIST-0188,ST-05,PC-0267,CONT-0250,AGENCY-1086,2023-11-20,2024-01-04,2024-08-01,WORK_IN_PROGRESS,26.23285,80.22725
MPLADS-001597,Piped Water Network at Ward-03,Piped Water Network,Drinking Water,DIST-0145,ST-03,PC-0206,CONT-0032,AGENCY-0407,2023-03-21,2023-04-12,2023-07-11,WORK_IN_PROGRESS,26.11204,84.54084
MPLADS-001598,Ayurvedic Dispensary at Ward-81,Ayurvedic Dispensary,Public Health,DIST-0209,ST-05,PC-0303,CONT-0309,AGENCY-0763,2023-08-23,2023-09-29,2024-04-26,WORK_IN_PROGRESS,23.98175,81.14603
MPLADS-001599,Bituminous Road at Ward-38,Bituminous Road,Roads & Bridges,DIST-0350,ST-09,PC-0509,CONT-0176,AGENCY-0150,2023-06-19,2023-08-15,2024-02-11,WORK_IN_PROGRESS,20.15203,72.75116
MPLADS-001600,Crematorium Shed at Ward-68,Crematorium Shed,Community Infrastructure,DIST-0364,ST-09,PC-0528,CONT-0096,AGENCY-0162,2022-11-02,2022-12-05,2023-04-04,WORK_IN_PROGRESS,21.44651,71.66785
MPLADS-001601,Solar Rooftop Panel at Ward-27,Solar Rooftop Panel,Renewable Energy,DIST-0128,ST-03,PC-0184,CONT-0250,AGENCY-0171,2022-08-02,2022-08-23,2022-10-22,COMPLETED,26.89733,85.01481
MPLADS-001602,Solar Street Lighting at Ward-28,Solar Street Lighting,Renewable Energy,DIST-0584,ST-17,PC-0862,CONT-0033,AGENCY-0566,2023-04-10,2023-05-11,2023-07-10,COMPLETED,18.78641,80.46718
MPLADS-001603,Ayurvedic Dispensary at Ward-31,Ayurvedic Dispensary,Public Health,DIST-0067,ST-01,PC-0096,CONT-0315,AGENCY-1005,2023-07-25,2023-09-19,2024-04-16,WORK_IN_PROGRESS,28.18433,84.31974
MPLADS-001604,Check Dam at Ward-36,Check Dam,Irrigation & Agriculture,DIST-0417,ST-11,PC-0609,CONT-0254,AGENCY-0066,2022-07-01,2022-08-21,2023-01-28,WORK_IN_PROGRESS,21.45464,84.18579
MPLADS-001605,Maternity Ward Facility at Ward-30,Maternity Ward Facility,Public Health,DIST-0149,ST-03,PC-0211,CONT-0007,AGENCY-0101,2023-08-29,2023-09-16,2024-04-13,WORK_IN_PROGRESS,26.13561,84.38344
MPLADS-001606,Ambulance Vehicle at Ward-32,Ambulance Vehicle,Public Health,DIST-0409,ST-11,PC-0595,CONT-0038,AGENCY-1182,2022-06-10,2022-07-29,2023-02-24,WORK_IN_PROGRESS,18.71922,83.99908
MPLADS-001607,District Sports Complex at Ward-71,District Sports Complex,Mega Infrastructure,DIST-0376,ST-09,PC-0544,CONT-0224,AGENCY-0779,2022-06-23,2022-08-21,2023-09-25,WORK_IN_PROGRESS,22.62749,70.08417
MPLADS-001608,Lift Irrigation Scheme at Ward-66,Lift Irrigation Scheme,Irrigation & Agriculture,DIST-0511,ST-15,PC-0745,CONT-0074,AGENCY-0841,2023-05-31,2023-07-21,2023-12-28,WORK_IN_PROGRESS,27.2015,94.98613
MPLADS-001609,Community Hall at Ward-65,Community Hall,Community Infrastructure,DIST-0613,ST-18,PC-0902,CONT-0270,AGENCY-0172,2022-02-15,2022-04-06,2022-08-04,WORK_IN_PROGRESS,28.78947,75.01762
MPLADS-001610,Ayurvedic Dispensary at Ward-34,Ayurvedic Dispensary,Public Health,DIST-0049,ST-01,PC-0071,CONT-0079,AGENCY-0732,2022-02-19,2022-03-13,2022-10-09,WORK_IN_PROGRESS,28.58385,83.2421
MPLADS-001611,Major River Overbridge at Ward-25,Major River Overbridge,Mega Infrastructure,DIST-0089,ST-02,PC-0129,CONT-0190,AGENCY-0738,2022-12-07,2022-12-25,2024-01-29,WORK_IN_PROGRESS,17.75293,72.62449
MPLADS-001612,School Boundary Wall at Ward-56,School Boundary Wall,Education Infrastructure,DIST-0078,ST-02,PC-0113,CONT-0275,AGENCY-0661,2023-06-05,2023-07-27,2023-12-24,WORK_IN_PROGRESS,19.36966,77.68204
MPLADS-001613,Farm Pond Renovation at Ward-21,Farm Pond Renovation,Irrigation & Agriculture,DIST-0272,ST-07,PC-0397,CONT-0007,AGENCY-0634,2023-09-04,2023-09-19,2024-02-26,WORK_IN_PROGRESS,29.67584,74.55201
MPLADS-001614,Ambulance Vehicle at Ward-28,Ambulance Vehicle,Public Health,DIST-0049,ST-01,PC-0071,CONT-0076,AGENCY-0904,2023-02-04,2023-03-10,2023-10-06,WORK_IN_PROGRESS,28.58931,83.33311
MPLADS-001615,Multi-Village Hospital Block at Ward-53,Multi-Village Hospital Block,Mega Infrastructure,DIST-0437,ST-12,PC-0638,CONT-0030,AGENCY-0987,2023-06-07,2023-06-30,2024-08-03,WORK_IN_PROGRESS,17.72474,79.98866
MPLADS-001616,RO Water Plant at Ward-23,RO Water Plant,Drinking Water,DIST-0199,ST-05,PC-0286,CONT-0097,AGENCY-0574,2023-03-25,2023-04-29,2023-07-28,WORK_IN_PROGRESS,23.50062,76.93219
MPLADS-001617,School Boundary Wall at Ward-80,School Boundary Wall,Education Infrastructure,DIST-0533,ST-15,PC-0782,CONT-0107,AGENCY-0952,2023-04-24,2023-05-09,2023-10-06,WORK_IN_PROGRESS,26.34502,95.71471
MPLADS-001618,Solar Rooftop Panel at Ward-30,Solar Rooftop Panel,Renewable Energy,DIST-0282,ST-07,PC-0413,CONT-0009,AGENCY-0919,2023-09-30,2023-11-23,2024-01-22,COMPLETED,29.29362,76.59194
MPLADS-001619,Deep Tube Well at Ward-41,Deep Tube Well,Drinking Water,DIST-0205,ST-05,PC-0297,CONT-0291,AGENCY-0667,2023-02-07,2023-03-26,2023-06-24,WORK_IN_PROGRESS,23.53114,75.61355
MPLADS-001620,Major River Overbridge at Ward-49,Major River Overbridge,Mega Infrastructure,DIST-0574,ST-17,PC-0846,CONT-0311,AGENCY-0506,2022-08-16,2022-09-13,2023-10-18,COMPLETED,19.54178,82.65723
MPLADS-001621,Solar Street Lighting at Ward-67,Solar Street Lighting,Renewable Energy,DIST-0214,ST-05,PC-0311,CONT-0167,AGENCY-0094,2022-07-26,2022-09-05,2022-11-04,COMPLETED,22.14364,79.65834
MPLADS-001622,Primary Health Sub-Centre at Ward-08,Primary Health Sub-Centre,Public Health,DIST-0362,ST-09,PC-0525,CONT-0083,AGENCY-0777,2022-04-18,2022-05-11,2022-12-07,WORK_IN_PROGRESS,21.56436,70.06581
MPLADS-001623,CC Road Construction at Ward-57,CC Road Construction,Roads & Bridges,DIST-0079,ST-02,PC-0115,CONT-0233,AGENCY-0133,2023-10-09,2023-11-21,2024-05-19,COMPLETED,20.67783,78.81728
MPLADS-001624,School Boundary Wall at Ward-90,School Boundary Wall,Education Infrastructure,DIST-0377,ST-09,PC-0545,CONT-0031,AGENCY-1229,2023-07-01,2023-07-20,2023-12-17,WORK_IN_PROGRESS,20.15729,73.48414
MPLADS-001625,RO Water Plant at Ward-70,RO Water Plant,Drinking Water,DIST-0617,ST-18,PC-0908,CONT-0009,AGENCY-0320,2022-01-30,2022-02-25,2022-05-26,WORK_IN_PROGRESS,29.45407,76.28718
MPLADS-001626,Piped Water Network at Ward-97,Piped Water Network,Drinking Water,DIST-0471,ST-13,PC-0687,CONT-0079,AGENCY-0961,2022-10-05,2022-12-02,2023-03-02,WORK_IN_PROGRESS,9.45566,75.38706
MPLADS-001627,Primary Health Sub-Centre at Ward-19,Primary Health Sub-Centre,Public Health,DIST-0542,ST-16,PC-0795,CONT-0024,AGENCY-0288,2023-11-23,2023-12-13,2024-07-10,WORK_IN_PROGRESS,31.77256,75.85208
MPLADS-001628,Community Tank at Ward-96,Community Tank,Drinking Water,DIST-0255,ST-06,PC-0372,CONT-0146,AGENCY-0819,2022-04-13,2022-06-07,2022-09-05,WORK_IN_PROGRESS,11.83265,76.86307
MPLADS-001629,Primary Health Sub-Centre at Ward-89,Primary Health Sub-Centre,Public Health,DIST-0021,ST-01,PC-0031,CONT-0179,AGENCY-0240,2023-04-15,2023-05-24,2023-12-20,WORK_IN_PROGRESS,29.86978,83.65851
MPLADS-001630,Ayurvedic Dispensary at Ward-49,Ayurvedic Dispensary,Public Health,DIST-0409,ST-11,PC-0596,CONT-0251,AGENCY-0679,2023-08-01,2023-08-17,2024-03-14,WORK_IN_PROGRESS,18.75592,84.09122
MPLADS-001631,RO Water Plant at Ward-93,RO Water Plant,Drinking Water,DIST-0308,ST-07,PC-0453,CONT-0254,AGENCY-0563,2023-02-25,2023-03-26,2023-06-24,COMPLETED,24.12577,72.24332
MPLADS-001632,Multi-Village Hospital Block at Ward-40,Multi-Village Hospital Block,Mega Infrastructure,DIST-0364,ST-09,PC-0528,CONT-0024,AGENCY-0228,2022-11-17,2022-12-15,2024-01-19,WORK_IN_PROGRESS,21.45801,71.68307
MPLADS-001633,Community Tank at Ward-47,Community Tank,Drinking Water,DIST-0429,ST-11,PC-0626,CONT-0005,AGENCY-0463,2023-04-15,2023-05-21,2023-08-19,COMPLETED,22.32509,84.52876
MPLADS-001634,Solar Street Lighting at Ward-27,Solar Street Lighting,Renewable Energy,DIST-0024,ST-01,PC-0035,CONT-0109,AGENCY-0419,2023-07-24,2023-09-12,2023-11-11,WORK_IN_PROGRESS,28.37738,77.92963
MPLADS-001635,Library Room at Ward-62,Library Room,Education Infrastructure,DIST-0016,ST-01,PC-0024,CONT-0139,AGENCY-0085,2022-08-20,2022-10-17,2023-03-16,WORK_IN_PROGRESS,24.1289,84.21771
MPLADS-001636,Paver Block Road at Ward-72,Paver Block Road,Roads & Bridges,DIST-0429,ST-11,PC-0626,CONT-0287,AGENCY-0474,2022-06-25,2022-08-19,2023-02-15,WORK_IN_PROGRESS,22.23738,84.48989
MPLADS-001637,Community Hall at Ward-68,Community Hall,Community Infrastructure,DIST-0015,ST-01,PC-0021,CONT-0231,AGENCY-0259,2022-06-09,2022-07-27,2022-11-24,WORK_IN_PROGRESS,27.18847,79.46579
MPLADS-001638,Ayurvedic Dispensary at Ward-05,Ayurvedic Dispensary,Public Health,DIST-0040,ST-01,PC-0059,CONT-0095,AGENCY-0336,2023-03-27,2023-05-02,2023-11-28,DELAYED,27.66123,80.50692
MPLADS-001639,Ambulance Vehicle at Ward-91,Ambulance Vehicle,Public Health,DIST-0104,ST-02,PC-0148,CONT-0254,AGENCY-0663,2023-07-18,2023-09-12,2024-04-09,DELAYED,21.11409,77.12517
MPLADS-001640,Lift Irrigation Scheme at Ward-80,Lift Irrigation Scheme,Irrigation & Agriculture,DIST-0523,ST-15,PC-0766,CONT-0176,AGENCY-0181,2022-06-26,2022-07-22,2022-12-29,WORK_IN_PROGRESS,26.96219,95.05276
MPLADS-001641,Multi-Village Hospital Block at Ward-20,Multi-Village Hospital Block,Mega Infrastructure,DIST-0608,ST-18,PC-0895,CONT-0013,AGENCY-1226,2023-11-14,2024-01-10,2025-02-13,WORK_IN_PROGRESS,27.82289,74.87702
MPLADS-001642,School Boundary Wall at Ward-44,School Boundary Wall,Education Infrastructure,DIST-0592,ST-17,PC-0872,CONT-0195,AGENCY-0622,2022-06-09,2022-08-02,2022-12-30,WORK_IN_PROGRESS,23.5106,81.84305
MPLADS-001643,Solar High-Mast Light at Ward-61,Solar High-Mast Light,Renewable Energy,DIST-0433,ST-11,PC-0631,CONT-0167,AGENCY-0734,2023-03-06,2023-03-31,2023-05-30,WORK_IN_PROGRESS,21.15407,86.95033
MPLADS-001644,Library Room at Ward-95,Library Room,Education Infrastructure,DIST-0172,ST-04,PC-0244,CONT-0208,AGENCY-1138,2023-08-17,2023-10-13,2024-03-11,WORK_IN_PROGRESS,25.33178,85.79926
MPLADS-001645,RO Water Plant at Ward-70,RO Water Plant,Drinking Water,DIST-0582,ST-17,PC-0859,CONT-0268,AGENCY-1060,2023-09-22,2023-11-09,2024-02-07,WORK_IN_PROGRESS,18.98948,83.53755
MPLADS-001646,Paver Block Road at Ward-51,Paver Block Road,Roads & Bridges,DIST-0289,ST-07,PC-0424,CONT-0126,AGENCY-1123,2023-07-03,2023-08-08,2024-02-04,WORK_IN_PROGRESS,28.54222,77.05948
MPLADS-001647,Check Dam at Ward-45,Check Dam,Irrigation & Agriculture,DIST-0217,ST-05,PC-0316,CONT-0044,AGENCY-0408,2022-09-21,2022-11-09,2023-04-18,WORK_IN_PROGRESS,23.31195,75.46956
MPLADS-001648,Bituminous Road at Ward-56,Bituminous Road,Roads & Bridges,DIST-0558,ST-16,PC-0819,CONT-0120,AGENCY-0984,2022-07-22,2022-08-06,2023-02-02,WORK_IN_PROGRESS,30.66623,74.36908
MPLADS-001649,CC Road Construction at Ward-37,CC Road Construction,Roads & Bridges,DIST-0088,ST-02,PC-0128,CONT-0123,AGENCY-0531,2023-03-09,2023-04-07,2023-10-04,WORK_IN_PROGRESS,17.61658,78.95032
MPLADS-001650,Paver Block Road at Ward-90,Paver Block Road,Roads & Bridges,DIST-0470,ST-13,PC-0686,CONT-0301,AGENCY-0768,2022-03-17,2022-04-10,2022-10-07,WORK_IN_PROGRESS,10.62119,75.53938
MPLADS-001651,Major River Overbridge at Ward-40,Major River Overbridge,Mega Infrastructure,DIST-0158,ST-04,PC-0223,CONT-0220,AGENCY-0769,2022-10-30,2022-12-06,2024-01-10,COMPLETED,22.03425,88.99461
MPLADS-001652,Maternity Ward Facility at Ward-88,Maternity Ward Facility,Public Health,DIST-0505,ST-14,PC-0735,CONT-0205,AGENCY-0112,2023-06-25,2023-08-19,2024-03-16,WORK_IN_PROGRESS,23.94461,86.41454
MPLADS-001653,Community Hall at Ward-57,Community Hall,Community Infrastructure,DIST-0483,ST-14,PC-0705,CONT-0127,AGENCY-0426,2022-08-27,2022-10-01,2023-01-29,WORK_IN_PROGRESS,22.33667,87.19954
MPLADS-001654,Solar High-Mast Light at Ward-21,Solar High-Mast Light,Renewable Energy,DIST-0525,ST-15,PC-0770,CONT-0053,AGENCY-0160,2022-06-20,2022-07-24,2022-09-22,COMPLETED,24.99818,93.44306
MPLADS-001655,Ambulance Vehicle at Ward-27,Ambulance Vehicle,Public Health,DIST-0264,ST-06,PC-0385,CONT-0233,AGENCY-1178,2023-07-30,2023-08-17,2024-03-14,COMPLETED,11.72679,79.00876
MPLADS-001656,Paver Block Road at Ward-79,Paver Block Road,Roads & Bridges,DIST-0544,ST-16,PC-0798,CONT-0045,AGENCY-1111,2022-01-15,2022-01-31,2022-07-30,WORK_IN_PROGRESS,31.3733,74.7223
MPLADS-001657,Smart Classroom Lab at Ward-33,Smart Classroom Lab,Education Infrastructure,DIST-0148,ST-03,PC-0210,CONT-0308,AGENCY-0054,2022-09-05,2022-10-06,2023-03-05,WORK_IN_PROGRESS,27.09264,85.40777
MPLADS-001658,Lift Irrigation Scheme at Ward-84,Lift Irrigation Scheme,Irrigation & Agriculture,DIST-0580,ST-17,PC-0857,CONT-0117,AGENCY-0859,2022-03-09,2022-04-02,2022-09-09,WORK_IN_PROGRESS,23.75817,84.11679
MPLADS-001659,School Boundary Wall at Ward-59,School Boundary Wall,Education Infrastructure,DIST-0043,ST-01,PC-0063,CONT-0197,AGENCY-0414,2022-04-13,2022-05-21,2022-10-18,WORK_IN_PROGRESS,28.79837,81.20696
MPLADS-001660,District Sports Complex at Ward-90,District Sports Complex,Mega Infrastructure,DIST-0134,ST-03,PC-0193,CONT-0065,AGENCY-0693,2022-12-26,2023-01-17,2024-02-21,WORK_IN_PROGRESS,26.45299,84.38411
MPLADS-001661,Primary Health Sub-Centre at Ward-96,Primary Health Sub-Centre,Public Health,DIST-0280,ST-07,PC-0410,CONT-0193,AGENCY-0935,2023-03-02,2023-04-11,2023-11-07,WORK_IN_PROGRESS,27.69307,73.47867
MPLADS-001662,Multi-Village Hospital Block at Ward-35,Multi-Village Hospital Block,Mega Infrastructure,DIST-0566,ST-17,PC-0832,CONT-0298,AGENCY-1092,2023-06-01,2023-07-18,2024-08-21,WORK_IN_PROGRESS,20.22845,80.18103
MPLADS-001663,Paver Block Road at Ward-53,Paver Block Road,Roads & Bridges,DIST-0562,ST-16,PC-0826,CONT-0317,AGENCY-0207,2022-09-10,2022-10-31,2023-04-29,DELAYED,30.11003,76.35731
MPLADS-001664,Piped Water Network at Ward-82,Piped Water Network,Drinking Water,DIST-0480,ST-13,PC-0701,CONT-0209,AGENCY-0488,2023-05-12,2023-06-26,2023-09-24,WORK_IN_PROGRESS,9.59248,75.00482
MPLADS-001665,Farm Pond Renovation at Ward-41,Farm Pond Renovation,Irrigation & Agriculture,DIST-0154,ST-04,PC-0217,CONT-0059,AGENCY-0763,2023-11-03,2023-12-05,2024-05-13,WORK_IN_PROGRESS,26.77583,87.09967
MPLADS-001666,Maternity Ward Facility at Ward-22,Maternity Ward Facility,Public Health,DIST-0203,ST-05,PC-0292,CONT-0303,AGENCY-0562,2022-01-08,2022-02-02,2022-08-31,WORK_IN_PROGRESS,22.37105,81.07414
MPLADS-001667,Major River Overbridge at Ward-37,Major River Overbridge,Mega Infrastructure,DIST-0556,ST-16,PC-0816,CONT-0088,AGENCY-1045,2023-10-14,2023-11-18,2024-12-22,WORK_IN_PROGRESS,32.01212,75.94218
MPLADS-001668,Primary Health Sub-Centre at Ward-50,Primary Health Sub-Centre,Public Health,DIST-0038,ST-01,PC-0057,CONT-0250,AGENCY-0545,2023-01-17,2023-02-18,2023-09-16,WORK_IN_PROGRESS,27.98524,77.78357
MPLADS-001669,Bituminous Road at Ward-74,Bituminous Road,Roads & Bridges,DIST-0127,ST-03,PC-0183,CONT-0179,AGENCY-0141,2022-05-17,2022-07-01,2022-12-28,WORK_IN_PROGRESS,27.38665,84.65499
MPLADS-001670,Farm Pond Renovation at Ward-35,Farm Pond Renovation,Irrigation & Agriculture,DIST-0308,ST-07,PC-0453,CONT-0131,AGENCY-0641,2023-08-25,2023-10-14,2024-03-22,WORK_IN_PROGRESS,24.09633,72.20351
MPLADS-001671,Major River Overbridge at Ward-73,Major River Overbridge,Mega Infrastructure,DIST-0386,ST-10,PC-0559,CONT-0137,AGENCY-1148,2023-07-26,2023-08-20,2024-09-23,WORK_IN_PROGRESS,12.48212,76.72811
MPLADS-001672,Public Toilet Complex at Ward-15,Public Toilet Complex,Community Infrastructure,DIST-0009,ST-01,PC-0012,CONT-0240,AGENCY-0503,2022-05-14,2022-07-07,2022-11-04,WORK_IN_PROGRESS,26.64224,83.47209
MPLADS-001673,Solar Rooftop Panel at Ward-68,Solar Rooftop Panel,Renewable Energy,DIST-0206,ST-05,PC-0299,CONT-0124,AGENCY-1127,2023-02-28,2023-03-20,2023-05-19,WORK_IN_PROGRESS,21.892,82.05932
MPLADS-001674,Solar Rooftop Panel at Ward-54,Solar Rooftop Panel,Renewable Energy,DIST-0364,ST-09,PC-0528,CONT-0307,AGENCY-0625,2022-03-18,2022-05-09,2022-07-08,WORK_IN_PROGRESS,21.43245,71.6618
MPLADS-001675,Farm Pond Renovation at Ward-12,Farm Pond Renovation,Irrigation & Agriculture,DIST-0478,ST-13,PC-0698,CONT-0200,AGENCY-1004,2023-01-20,2023-02-13,2023-07-23,WORK_IN_PROGRESS,12.11789,75.50977
MPLADS-001676,Ayurvedic Dispensary at Ward-36,Ayurvedic Dispensary,Public Health,DIST-0427,ST-11,PC-0623,CONT-0278,AGENCY-0590,2023-09-23,2023-10-21,2024-05-18,COMPLETED,19.09274,87.15838
MPLADS-001677,Crematorium Shed at Ward-39,Crematorium Shed,Community Infrastructure,DIST-0251,ST-06,PC-0365,CONT-0165,AGENCY-1068,2022-12-05,2023-01-15,2023-05-15,WORK_IN_PROGRESS,9.40135,78.81979
MPLADS-001678,Bituminous Road at Ward-25,Bituminous Road,Roads & Bridges,DIST-0040,ST-01,PC-0059,CONT-0035,AGENCY-0839,2022-11-13,2023-01-10,2023-07-09,WORK_IN_PROGRESS,27.65519,80.48078
MPLADS-001679,Library Room at Ward-29,Library Room,Education Infrastructure,DIST-0553,ST-16,PC-0813,CONT-0004,AGENCY-0643,2023-10-28,2023-11-24,2024-04-22,WORK_IN_PROGRESS,29.52711,74.78386
MPLADS-001680,Bituminous Road at Ward-32,Bituminous Road,Roads & Bridges,DIST-0031,ST-01,PC-0045,CONT-0066,AGENCY-0601,2023-05-12,2023-05-31,2023-11-27,WORK_IN_PROGRESS,24.34115,78.2409
MPLADS-001681,School Additional Classroom at Ward-98,School Additional Classroom,Education Infrastructure,DIST-0005,ST-01,PC-0007,CONT-0178,AGENCY-0567,2023-03-22,2023-04-06,2023-09-03,WORK_IN_PROGRESS,24.79158,80.62109
MPLADS-001682,Solar Rooftop Panel at Ward-71,Solar Rooftop Panel,Renewable Energy,DIST-0305,ST-07,PC-0448,CONT-0013,AGENCY-1086,2023-04-14,2023-05-02,2023-07-01,WORK_IN_PROGRESS,25.24972,73.37024
MPLADS-001683,Smart Classroom Lab at Ward-62,Smart Classroom Lab,Education Infrastructure,DIST-0285,ST-07,PC-0417,CONT-0231,AGENCY-0525,2023-03-15,2023-05-13,2023-10-10,WORK_IN_PROGRESS,29.64736,71.90826
MPLADS-001684,Multi-Village Hospital Block at Ward-51,Multi-Village Hospital Block,Mega Infrastructure,DIST-0392,ST-10,PC-0567,CONT-0122,AGENCY-0990,2022-11-16,2022-12-10,2024-01-14,WORK_IN_PROGRESS,17.77076,81.97811
MPLADS-001685,RO Water Plant at Ward-63,RO Water Plant,Drinking Water,DIST-0210,ST-05,PC-0304,CONT-0228,AGENCY-0344,2023-06-28,2023-08-06,2023-11-04,WORK_IN_PROGRESS,23.97395,78.72709
MPLADS-001686,Primary Health Sub-Centre at Ward-51,Primary Health Sub-Centre,Public Health,DIST-0393,ST-10,PC-0568,CONT-0135,AGENCY-1068,2022-09-19,2022-11-01,2023-05-30,WORK_IN_PROGRESS,16.46875,77.93286
MPLADS-001687,Community Hall at Ward-25,Community Hall,Community Infrastructure,DIST-0474,ST-13,PC-0691,CONT-0094,AGENCY-0663,2022-12-07,2023-01-23,2023-05-23,DELAYED,8.93351,77.05953
MPLADS-001688,Maternity Ward Facility at Ward-33,Maternity Ward Facility,Public Health,DIST-0173,ST-05,PC-0245,CONT-0275,AGENCY-0807,2022-09-22,2022-10-16,2023-05-14,WORK_IN_PROGRESS,22.30107,77.04582
MPLADS-001689,Multi-Village Hospital Block at Ward-22,Multi-Village Hospital Block,Mega Infrastructure,DIST-0120,ST-03,PC-0174,CONT-0271,AGENCY-0272,2022-03-13,2022-04-10,2023-05-15,WORK_IN_PROGRESS,27.3307,87.22876
MPLADS-001690,School Additional Classroom at Ward-08,School Additional Classroom,Education Infrastructure,DIST-0521,ST-15,PC-0762,CONT-0178,AGENCY-0109,2022-05-09,2022-05-27,2022-10-24,WORK_IN_PROGRESS,25.2048,93.85223
MPLADS-001691,Culvert Bridge at Ward-29,Culvert Bridge,Roads & Bridges,DIST-0596,ST-17,PC-0877,CONT-0182,AGENCY-0245,2022-08-09,2022-10-02,2023-03-31,WORK_IN_PROGRESS,21.83068,82.97013
MPLADS-001692,RO Water Plant at Ward-06,RO Water Plant,Drinking Water,DIST-0484,ST-14,PC-0707,CONT-0235,AGENCY-0106,2022-01-27,2022-03-22,2022-06-20,WORK_IN_PROGRESS,22.51245,83.99346
MPLADS-001693,Major River Overbridge at Ward-81,Major River Overbridge,Mega Infrastructure,DIST-0382,ST-10,PC-0552,CONT-0183,AGENCY-0253,2022-07-28,2022-09-07,2023-10-12,COMPLETED,16.57268,82.87142
MPLADS-001694,Maternity Ward Facility at Ward-09,Maternity Ward Facility,Public Health,DIST-0545,ST-16,PC-0800,CONT-0165,AGENCY-0314,2022-12-21,2023-02-10,2023-09-08,WORK_IN_PROGRESS,30.12985,74.48195
MPLADS-001695,District Sports Complex at Ward-72,District Sports Complex,Mega Infrastructure,DIST-0043,ST-01,PC-0063,CONT-0040,AGENCY-0318,2023-03-03,2023-04-24,2024-05-28,WORK_IN_PROGRESS,28.72718,81.11261
MPLADS-001696,School Additional Classroom at Ward-51,School Additional Classroom,Education Infrastructure,DIST-0465,ST-12,PC-0679,CONT-0316,AGENCY-0654,2022-02-22,2022-03-17,2022-08-14,WORK_IN_PROGRESS,17.35614,81.28531
MPLADS-001697,Primary Health Sub-Centre at Ward-46,Primary Health Sub-Centre,Public Health,DIST-0105,ST-02,PC-0150,CONT-0316,AGENCY-0906,2022-03-23,2022-04-11,2022-11-07,WORK_IN_PROGRESS,16.92333,80.0152
MPLADS-001698,Farm Pond Renovation at Ward-13,Farm Pond Renovation,Irrigation & Agriculture,DIST-0022,ST-01,PC-0033,CONT-0005,AGENCY-0102,2023-07-09,2023-08-08,2024-01-15,WORK_IN_PROGRESS,30.09425,78.75245
MPLADS-001699,Deep Tube Well at Ward-39,Deep Tube Well,Drinking Water,DIST-0068,ST-01,PC-0098,CONT-0248,AGENCY-0531,2022-09-13,2022-10-05,2023-01-03,WORK_IN_PROGRESS,29.70286,77.86693
MPLADS-001700,Ayurvedic Dispensary at Ward-03,Ayurvedic Dispensary,Public Health,DIST-0503,ST-14,PC-0732,CONT-0045,AGENCY-0707,2022-04-17,2022-05-30,2022-12-26,WORK_IN_PROGRESS,22.66803,86.5594
MPLADS-001701,School Additional Classroom at Ward-42,School Additional Classroom,Education Infrastructure,DIST-0196,ST-05,PC-0282,CONT-0310,AGENCY-0270,2022-10-27,2022-11-30,2023-04-29,WORK_IN_PROGRESS,24.54001,75.75424
MPLADS-001702,Ambulance Vehicle at Ward-38,Ambulance Vehicle,Public Health,DIST-0056,ST-01,PC-0083,CONT-0011,AGENCY-0099,2023-10-06,2023-11-27,2024-06-24,COMPLETED,26.28787,80.88848
MPLADS-001703,Solar High-Mast Light at Ward-85,Solar High-Mast Light,Renewable Energy,DIST-0191,ST-05,PC-0272,CONT-0098,AGENCY-0612,2023-06-18,2023-07-10,2023-09-08,WORK_IN_PROGRESS,24.43076,78.05649
MPLADS-001704,Yatri Shed at Ward-31,Yatri Shed,Community Infrastructure,DIST-0203,ST-05,PC-0293,CONT-0067,AGENCY-1208,2022-05-27,2022-06-29,2022-10-27,COMPLETED,22.26448,81.08686
MPLADS-001705,Crematorium Shed at Ward-64,Crematorium Shed,Community Infrastructure,DIST-0277,ST-07,PC-0406,CONT-0288,AGENCY-0688,2023-03-07,2023-04-01,2023-07-30,WORK_IN_PROGRESS,25.05712,70.32308
MPLADS-001706,Crematorium Shed at Ward-42,Crematorium Shed,Community Infrastructure,DIST-0065,ST-01,PC-0094,CONT-0072,AGENCY-1022,2022-09-13,2022-10-01,2023-01-29,WORK_IN_PROGRESS,29.50981,79.59148
MPLADS-001707,Crematorium Shed at Ward-35,Crematorium Shed,Community Infrastructure,DIST-0609,ST-18,PC-0896,CONT-0184,AGENCY-0055,2022-10-28,2022-12-04,2023-04-03,WORK_IN_PROGRESS,27.89739,76.37505
MPLADS-001708,Solar High-Mast Light at Ward-55,Solar High-Mast Light,Renewable Energy,DIST-0233,ST-06,PC-0339,CONT-0313,AGENCY-0660,2023-06-24,2023-08-15,2023-10-14,WORK_IN_PROGRESS,9.48133,77.58168
MPLADS-001709,Solar Street Lighting at Ward-04,Solar Street Lighting,Renewable Energy,DIST-0310,ST-07,PC-0456,CONT-0168,AGENCY-0928,2022-04-12,2022-04-29,2022-06-28,WORK_IN_PROGRESS,24.25968,70.29852
MPLADS-001710,Major River Overbridge at Ward-91,Major River Overbridge,Mega Infrastructure,DIST-0056,ST-01,PC-0083,CONT-0020,AGENCY-1154,2023-10-16,2023-11-28,2025-01-01,WORK_IN_PROGRESS,26.37016,80.91294
MPLADS-001711,Solar Street Lighting at Ward-94,Solar Street Lighting,Renewable Energy,DIST-0538,ST-15,PC-0790,CONT-0064,AGENCY-0139,2023-10-01,2023-11-07,2024-01-06,WORK_IN_PROGRESS,27.57585,93.34878
MPLADS-001712,Public Toilet Complex at Ward-69,Public Toilet Complex,Community Infrastructure,DIST-0394,ST-10,PC-0570,CONT-0239,AGENCY-0752,2023-10-13,2023-12-11,2024-04-09,WORK_IN_PROGRESS,13.23208,77.76632
MPLADS-001713,Smart Classroom Lab at Ward-40,Smart Classroom Lab,Education Infrastructure,DIST-0305,ST-07,PC-0448,CONT-0172,AGENCY-1025,2022-04-03,2022-04-28,2022-09-25,WORK_IN_PROGRESS,25.25813,73.43209
MPLADS-001714,Solar Street Lighting at Ward-36,Solar Street Lighting,Renewable Energy,DIST-0498,ST-14,PC-0726,CONT-0230,AGENCY-0068,2023-03-14,2023-05-08,2023-07-07,WORK_IN_PROGRESS,22.63042,84.05632
MPLADS-001715,Crematorium Shed at Ward-92,Crematorium Shed,Community Infrastructure,DIST-0450,ST-12,PC-0655,CONT-0179,AGENCY-0191,2022-01-19,2022-02-10,2022-06-10,WORK_IN_PROGRESS,18.11424,79.44602
MPLADS-001716,Culvert Bridge at Ward-55,Culvert Bridge,Roads & Bridges,DIST-0125,ST-03,PC-0181,CONT-0010,AGENCY-0039,2023-09-23,2023-11-04,2024-05-02,WORK_IN_PROGRESS,26.84986,84.3755
MPLADS-001717,Multi-Village Hospital Block at Ward-29,Multi-Village Hospital Block,Mega Infrastructure,DIST-0050,ST-01,PC-0073,CONT-0259,AGENCY-0509,2023-08-28,2023-10-03,2024-11-06,WORK_IN_PROGRESS,28.85467,78.37559
MPLADS-001718,Smart Classroom Lab at Ward-07,Smart Classroom Lab,Education Infrastructure,DIST-0308,ST-07,PC-0454,CONT-0272,AGENCY-0865,2022-11-19,2023-01-02,2023-06-01,WORK_IN_PROGRESS,24.07958,72.20941
MPLADS-001719,Major River Overbridge at Ward-14,Major River Overbridge,Mega Infrastructure,DIST-0305,ST-07,PC-0448,CONT-0299,AGENCY-0994,2022-03-12,2022-04-20,2023-05-25,WORK_IN_PROGRESS,25.28731,73.43424
MPLADS-001720,Yatri Shed at Ward-17,Yatri Shed,Community Infrastructure,DIST-0403,ST-10,PC-0586,CONT-0136,AGENCY-0205,2022-01-21,2022-03-10,2022-07-08,WORK_IN_PROGRESS,13.77739,78.27322
MPLADS-001721,Community Hall at Ward-62,Community Hall,Community Infrastructure,DIST-0482,ST-13,PC-0704,CONT-0145,AGENCY-0049,2023-06-25,2023-08-19,2023-12-17,WORK_IN_PROGRESS,10.71826,75.17118
MPLADS-001722,Primary Health Sub-Centre at Ward-62,Primary Health Sub-Centre,Public Health,DIST-0530,ST-15,PC-0779,CONT-0100,AGENCY-0999,2022-08-29,2022-09-13,2023-04-11,WORK_IN_PROGRESS,27.98428,89.97921
MPLADS-001723,Yatri Shed at Ward-23,Yatri Shed,Community Infrastructure,DIST-0490,ST-14,PC-0715,CONT-0005,AGENCY-0078,2023-03-02,2023-04-07,2023-08-05,WORK_IN_PROGRESS,24.28004,84.89275
MPLADS-001724,Ambulance Vehicle at Ward-61,Ambulance Vehicle,Public Health,DIST-0413,ST-11,PC-0602,CONT-0269,AGENCY-0075,2022-09-23,2022-10-18,2023-05-16,WORK_IN_PROGRESS,18.75711,84.88545
MPLADS-001725,Lift Irrigation Scheme at Ward-94,Lift Irrigation Scheme,Irrigation & Agriculture,DIST-0083,ST-02,PC-0122,CONT-0290,AGENCY-1182,2022-11-09,2022-12-06,2023-05-15,WORK_IN_PROGRESS,15.58173,76.64104
MPLADS-001726,Library Room at Ward-48,Library Room,Education Infrastructure,DIST-0417,ST-11,PC-0609,CONT-0171,AGENCY-1127,2022-05-29,2022-07-26,2022-12-23,WORK_IN_PROGRESS,21.55705,84.16326
MPLADS-001727,Solar High-Mast Light at Ward-28,Solar High-Mast Light,Renewable Energy,DIST-0597,ST-17,PC-0878,CONT-0216,AGENCY-0671,2022-01-02,2022-01-18,2022-03-19,COMPLETED,21.63387,80.28285
MPLADS-001728,Multi-Village Hospital Block at Ward-03,Multi-Village Hospital Block,Mega Infrastructure,DIST-0471,ST-13,PC-0687,CONT-0248,AGENCY-0115,2023-10-04,2023-11-25,2024-12-29,WORK_IN_PROGRESS,9.49478,75.30903
MPLADS-001729,Check Dam at Ward-83,Check Dam,Irrigation & Agriculture,DIST-0548,ST-16,PC-0805,CONT-0188,AGENCY-1144,2022-10-11,2022-11-12,2023-04-21,WORK_IN_PROGRESS,32.25002,74.89931
MPLADS-001730,Primary Health Sub-Centre at Ward-78,Primary Health Sub-Centre,Public Health,DIST-0533,ST-15,PC-0782,CONT-0214,AGENCY-0653,2023-09-18,2023-11-10,2024-06-07,WORK_IN_PROGRESS,26.38173,95.74898
MPLADS-001731,Solar Rooftop Panel at Ward-87,Solar Rooftop Panel,Renewable Energy,DIST-0081,ST-02,PC-0119,CONT-0241,AGENCY-0819,2023-09-05,2023-09-29,2023-11-28,WORK_IN_PROGRESS,15.83815,74.4298
MPLADS-001732,Multi-Village Hospital Block at Ward-51,Multi-Village Hospital Block,Mega Infrastructure,DIST-0350,ST-09,PC-0510,CONT-0288,AGENCY-0126,2023-07-10,2023-08-07,2024-09-10,WORK_IN_PROGRESS,20.26014,72.72004
MPLADS-001733,Ayurvedic Dispensary at Ward-93,Ayurvedic Dispensary,Public Health,DIST-0144,ST-03,PC-0205,CONT-0106,AGENCY-1048,2023-11-27,2024-01-17,2024-08-14,COMPLETED,27.2224,87.62836
MPLADS-001734,Paver Block Road at Ward-53,Paver Block Road,Roads & Bridges,DIST-0379,ST-09,PC-0549,CONT-0181,AGENCY-0986,2023-02-23,2023-03-11,2023-09-07,WORK_IN_PROGRESS,21.2717,68.85395
MPLADS-001735,Ambulance Vehicle at Ward-98,Ambulance Vehicle,Public Health,DIST-0534,ST-15,PC-0783,CONT-0208,AGENCY-0126,2022-10-22,2022-12-05,2023-07-03,WORK_IN_PROGRESS,25.05297,95.77171
MPLADS-001736,Paver Block Road at Ward-97,Paver Block Road,Roads & Bridges,DIST-0304,ST-07,PC-0447,CONT-0223,AGENCY-0591,2022-01-07,2022-02-03,2022-08-02,WORK_IN_PROGRESS,28.60464,70.67881
MPLADS-001737,Lift Irrigation Scheme at Ward-80,Lift Irrigation Scheme,Irrigation & Agriculture,DIST-0322,ST-08,PC-0471,CONT-0204,AGENCY-0193,2023-11-26,2023-12-12,2024-05-20,WORK_IN_PROGRESS,12.99345,74.15929
MPLADS-001738,Solar Street Lighting at Ward-37,Solar Street Lighting,Renewable Energy,DIST-0450,ST-12,PC-0656,CONT-0257,AGENCY-0577,2022-11-05,2022-12-11,2023-02-09,DELAYED,18.11284,79.40794
MPLADS-001739,Solar High-Mast Light at Ward-27,Solar High-Mast Light,Renewable Energy,DIST-0509,ST-15,PC-0742,CONT-0198,AGENCY-0319,2022-07-01,2022-08-23,2022-10-22,WORK_IN_PROGRESS,25.15487,94.86528
MPLADS-001740,Solar Rooftop Panel at Ward-68,Solar Rooftop Panel,Renewable Energy,DIST-0459,ST-12,PC-0671,CONT-0234,AGENCY-0337,2022-04-22,2022-06-19,2022-08-18,WORK_IN_PROGRESS,16.5717,79.63607
MPLADS-001741,Public Toilet Complex at Ward-98,Public Toilet Complex,Community Infrastructure,DIST-0515,ST-15,PC-0753,CONT-0317,AGENCY-0512,2022-07-15,2022-09-06,2023-01-04,COMPLETED,25.79777,92.83562
MPLADS-001742,School Additional Classroom at Ward-26,School Additional Classroom,Education Infrastructure,DIST-0496,ST-14,PC-0724,CONT-0042,AGENCY-0846,2023-09-28,2023-11-12,2024-04-10,WORK_IN_PROGRESS,23.64543,85.79181
MPLADS-001743,Solar Rooftop Panel at Ward-56,Solar Rooftop Panel,Renewable Energy,DIST-0141,ST-03,PC-0201,CONT-0234,AGENCY-0224,2022-01-21,2022-03-14,2022-05-13,WORK_IN_PROGRESS,26.93978,85.55486
MPLADS-001744,Paver Block Road at Ward-95,Paver Block Road,Roads & Bridges,DIST-0341,ST-08,PC-0498,CONT-0049,AGENCY-0854,2023-07-10,2023-08-24,2024-02-20,WORK_IN_PROGRESS,15.84267,76.1679
MPLADS-001745,Paver Block Road at Ward-52,Paver Block Road,Roads & Bridges,DIST-0245,ST-06,PC-0356,CONT-0178,AGENCY-0495,2022-03-30,2022-05-09,2022-11-05,COMPLETED,11.92691,76.2876
MPLADS-001746,Multi-Village Hospital Block at Ward-75,Multi-Village Hospital Block,Mega Infrastructure,DIST-0213,ST-05,PC-0310,CONT-0136,AGENCY-0188,2022-12-20,2023-01-17,2024-02-21,WORK_IN_PROGRESS,23.52195,77.81937
MPLADS-001747,Community Hall at Ward-76,Community Hall,Community Infrastructure,DIST-0396,ST-10,PC-0574,CONT-0224,AGENCY-0676,2023-06-25,2023-08-08,2023-12-06,WORK_IN_PROGRESS,14.70369,80.33497
MPLADS-001748,Piped Water Network at Ward-03,Piped Water Network,Drinking Water,DIST-0097,ST-02,PC-0139,CONT-0283,AGENCY-1101,2023-10-30,2023-11-23,2024-02-21,WORK_IN_PROGRESS,21.37898,79.41569
MPLADS-001749,Solar Rooftop Panel at Ward-84,Solar Rooftop Panel,Renewable Energy,DIST-0386,ST-10,PC-0558,CONT-0289,AGENCY-0547,2023-06-19,2023-07-29,2023-09-27,WORK_IN_PROGRESS,12.50258,76.73199
MPLADS-001750,Yatri Shed at Ward-47,Yatri Shed,Community Infrastructure,DIST-0322,ST-08,PC-0471,CONT-0158,AGENCY-0519,2023-09-19,2023-11-09,2024-03-08,WORK_IN_PROGRESS,13.12379,74.12261
MPLADS-001751,Yatri Shed at Ward-88,Yatri Shed,Community Infrastructure,DIST-0255,ST-06,PC-0372,CONT-0154,AGENCY-0105,2022-03-22,2022-04-15,2022-08-13,WORK_IN_PROGRESS,11.82174,76.98229
MPLADS-001752,Primary Health Sub-Centre at Ward-43,Primary Health Sub-Centre,Public Health,DIST-0077,ST-02,PC-0111,CONT-0311,AGENCY-0674,2022-08-22,2022-10-04,2023-05-02,WORK_IN_PROGRESS,21.78299,78.52004
MPLADS-001753,Solar High-Mast Light at Ward-16,Solar High-Mast Light,Renewable Energy,DIST-0352,ST-09,PC-0512,CONT-0223,AGENCY-0454,2022-12-02,2023-01-06,2023-03-07,WORK_IN_PROGRESS,22.64765,70.22289
MPLADS-001754,Community Hall at Ward-59,Community Hall,Community Infrastructure,DIST-0175,ST-05,PC-0247,CONT-0309,AGENCY-0147,2023-07-30,2023-09-13,2024-01-11,COMPLETED,24.56334,81.42002
MPLADS-001755,Major River Overbridge at Ward-39,Major River Overbridge,Mega Infrastructure,DIST-0462,ST-12,PC-0676,CONT-0190,AGENCY-0278,2022-11-22,2022-12-16,2024-01-20,WORK_IN_PROGRESS,16.96191,79.07434
MPLADS-001756,Major River Overbridge at Ward-66,Major River Overbridge,Mega Infrastructure,DIST-0153,ST-04,PC-0216,CONT-0171,AGENCY-0674,2023-06-01,2023-07-05,2024-08-08,WORK_IN_PROGRESS,24.84621,85.73056
MPLADS-001757,School Additional Classroom at Ward-35,School Additional Classroom,Education Infrastructure,DIST-0213,ST-05,PC-0309,CONT-0012,AGENCY-0233,2022-07-27,2022-08-19,2023-01-16,WORK_IN_PROGRESS,23.52202,77.6872
MPLADS-001758,Community Tank at Ward-82,Community Tank,Drinking Water,DIST-0254,ST-06,PC-0371,CONT-0153,AGENCY-1074,2023-02-09,2023-03-25,2023-06-23,WORK_IN_PROGRESS,12.79698,76.1417
MPLADS-001759,Smart Classroom Lab at Ward-97,Smart Classroom Lab,Education Infrastructure,DIST-0238,ST-06,PC-0346,CONT-0152,AGENCY-0869,2022-06-24,2022-07-17,2022-12-14,WORK_IN_PROGRESS,9.061,79.32517
MPLADS-001760,Smart Classroom Lab at Ward-97,Smart Classroom Lab,Education Infrastructure,DIST-0455,ST-12,PC-0664,CONT-0166,AGENCY-0005,2023-07-16,2023-08-20,2024-01-17,WORK_IN_PROGRESS,17.32095,78.69341
MPLADS-001761,School Boundary Wall at Ward-37,School Boundary Wall,Education Infrastructure,DIST-0210,ST-05,PC-0305,CONT-0080,AGENCY-0199,2023-03-20,2023-05-02,2023-09-29,WORK_IN_PROGRESS,24.08355,78.7831
MPLADS-001762,School Boundary Wall at Ward-56,School Boundary Wall,Education Infrastructure,DIST-0242,ST-06,PC-0352,CONT-0026,AGENCY-0896,2022-08-02,2022-08-28,2023-01-25,WORK_IN_PROGRESS,12.93723,77.92817
MPLADS-001763,Bituminous Road at Ward-43,Bituminous Road,Roads & Bridges,DIST-0207,ST-05,PC-0300,CONT-0270,AGENCY-0566,2023-06-12,2023-06-28,2023-12-25,DELAYED,25.97102,78.3253
MPLADS-001764,District Sports Complex at Ward-07,District Sports Complex,Mega Infrastructure,DIST-0238,ST-06,PC-0346,CONT-0090,AGENCY-0192,2022-04-16,2022-06-06,2023-07-11,WORK_IN_PROGRESS,9.07658,79.44077
MPLADS-001765,Crematorium Shed at Ward-69,Crematorium Shed,Community Infrastructure,DIST-0121,ST-03,PC-0177,CONT-0219,AGENCY-0146,2023-03-24,2023-05-18,2023-09-15,WORK_IN_PROGRESS,27.29724,87.28891
MPLADS-001766,Paver Block Road at Ward-04,Paver Block Road,Roads & Bridges,DIST-0302,ST-07,PC-0443,CONT-0257,AGENCY-0093,2023-06-29,2023-07-14,2024-01-10,COMPLETED,25.0186,71.01997
MPLADS-001767,District Sports Complex at Ward-49,District Sports Complex,Mega Infrastructure,DIST-0433,ST-11,PC-0631,CONT-0282,AGENCY-0339,2022-08-22,2022-09-07,2023-10-12,COMPLETED,21.03163,87.02029
MPLADS-001768,Solar Rooftop Panel at Ward-09,Solar Rooftop Panel,Renewable Energy,DIST-0028,ST-01,PC-0040,CONT-0089,AGENCY-0413,2022-12-26,2023-02-05,2023-04-06,WORK_IN_PROGRESS,28.00199,83.48464
MPLADS-001769,Lift Irrigation Scheme at Ward-17,Lift Irrigation Scheme,Irrigation & Agriculture,DIST-0365,ST-09,PC-0529,CONT-0188,AGENCY-1204,2022-05-13,2022-07-01,2022-12-08,WORK_IN_PROGRESS,20.9953,69.25816
MPLADS-001770,Farm Pond Renovation at Ward-56,Farm Pond Renovation,Irrigation & Agriculture,DIST-0443,ST-12,PC-0645,CONT-0293,AGENCY-0759,2023-10-31,2023-11-27,2024-05-05,COMPLETED,16.13724,81.24502
MPLADS-001771,Multi-Village Hospital Block at Ward-32,Multi-Village Hospital Block,Mega Infrastructure,DIST-0273,ST-07,PC-0399,CONT-0116,AGENCY-1030,2022-06-09,2022-07-08,2023-08-12,COMPLETED,26.65637,74.32963
MPLADS-001772,Primary Health Sub-Centre at Ward-59,Primary Health Sub-Centre,Public Health,DIST-0369,ST-09,PC-0534,CONT-0298,AGENCY-1032,2023-05-07,2023-07-04,2024-01-30,WORK_IN_PROGRESS,24.1969,70.05852
MPLADS-001773,Multi-Village Hospital Block at Ward-54,Multi-Village Hospital Block,Mega Infrastructure,DIST-0517,ST-15,PC-0756,CONT-0262,AGENCY-0416,2023-07-31,2023-09-14,2024-10-18,WORK_IN_PROGRESS,26.68261,90.66965
MPLADS-001774,Solar Street Lighting at Ward-64,Solar Street Lighting,Renewable Energy,DIST-0084,ST-02,PC-0124,CONT-0319,AGENCY-0248,2022-09-14,2022-10-28,2022-12-27,WORK_IN_PROGRESS,18.55581,77.90445
MPLADS-001775,Library Room at Ward-17,Library Room,Education Infrastructure,DIST-0614,ST-18,PC-0903,CONT-0232,AGENCY-1020,2023-07-19,2023-08-23,2024-01-20,WORK_IN_PROGRESS,27.83023,77.39508
MPLADS-001776,Lift Irrigation Scheme at Ward-44,Lift Irrigation Scheme,Irrigation & Agriculture,DIST-0409,ST-11,PC-0596,CONT-0038,AGENCY-0095,2022-07-18,2022-09-04,2023-02-11,WORK_IN_PROGRESS,18.75721,84.05642
MPLADS-001777,CC Road Construction at Ward-34,CC Road Construction,Roads & Bridges,DIST-0327,ST-08,PC-0478,CONT-0311,AGENCY-1218,2022-12-01,2023-01-29,2023-07-28,COMPLETED,14.12689,77.18399
MPLADS-001778,Ambulance Vehicle at Ward-65,Ambulance Vehicle,Public Health,DIST-0402,ST-10,PC-0583,CONT-0263,AGENCY-0886,2023-06-09,2023-07-21,2024-02-16,WORK_IN_PROGRESS,15.30193,78.79873
MPLADS-001779,School Additional Classroom at Ward-12,School Additional Classroom,Education Infrastructure,DIST-0409,ST-11,PC-0595,CONT-0245,AGENCY-0390,2023-03-13,2023-04-09,2023-09-06,DELAYED,18.7402,84.01953
MPLADS-001780,Culvert Bridge at Ward-94,Culvert Bridge,Roads & Bridges,DIST-0565,ST-17,PC-0830,CONT-0280,AGENCY-0179,2022-02-26,2022-03-14,2022-09-10,WORK_IN_PROGRESS,20.41369,82.20465
MPLADS-001781,Primary Health Sub-Centre at Ward-69,Primary Health Sub-Centre,Public Health,DIST-0125,ST-03,PC-0181,CONT-0033,AGENCY-0145,2022-01-20,2022-02-21,2022-09-19,COMPLETED,26.85094,84.38221
MPLADS-001782,Ambulance Vehicle at Ward-37,Ambulance Vehicle,Public Health,DIST-0574,ST-17,PC-0846,CONT-0250,AGENCY-0313,2023-02-26,2023-03-30,2023-10-26,WORK_IN_PROGRESS,19.57817,82.6683
MPLADS-001783,Primary Health Sub-Centre at Ward-57,Primary Health Sub-Centre,Public Health,DIST-0370,ST-09,PC-0535,CONT-0262,AGENCY-0128,2022-11-17,2023-01-11,2023-08-09,WORK_IN_PROGRESS,20.33576,74.04734
MPLADS-001784,Community Hall at Ward-55,Community Hall,Community Infrastructure,DIST-0460,ST-12,PC-0672,CONT-0169,AGENCY-1084,2022-03-22,2022-05-19,2022-09-16,WORK_IN_PROGRESS,16.08086,79.37876
MPLADS-001785,Farm Pond Renovation at Ward-45,Farm Pond Renovation,Irrigation & Agriculture,DIST-0170,ST-04,PC-0241,CONT-0088,AGENCY-1107,2022-05-23,2022-06-27,2022-12-04,WORK_IN_PROGRESS,22.99353,85.89757
MPLADS-001786,Smart Classroom Lab at Ward-61,Smart Classroom Lab,Education Infrastructure,DIST-0267,ST-07,PC-0389,CONT-0260,AGENCY-0991,2022-03-10,2022-04-25,2022-09-22,WORK_IN_PROGRESS,27.39053,75.87484
MPLADS-001787,Farm Pond Renovation at Ward-50,Farm Pond Renovation,Irrigation & Agriculture,DIST-0474,ST-13,PC-0690,CONT-0054,AGENCY-0438,2023-06-15,2023-07-04,2023-12-11,WORK_IN_PROGRESS,8.87595,77.05293
MPLADS-001788,Solar High-Mast Light at Ward-28,Solar High-Mast Light,Renewable Energy,DIST-0597,ST-17,PC-0878,CONT-0259,AGENCY-0385,2023-05-17,2023-06-02,2023-08-01,COMPLETED,21.63056,80.33849
MPLADS-001789,Community Tank at Ward-51,Community Tank,Drinking Water,DIST-0136,ST-03,PC-0195,CONT-0244,AGENCY-0142,2022-02-06,2022-03-10,2022-06-08,WORK_IN_PROGRESS,25.31021,85.62167
MPLADS-001790,Lift Irrigation Scheme at Ward-95,Lift Irrigation Scheme,Irrigation & Agriculture,DIST-0464,ST-12,PC-0678,CONT-0246,AGENCY-0989,2022-08-22,2022-10-19,2023-03-28,COMPLETED,16.60843,80.80041
MPLADS-001791,Piped Water Network at Ward-56,Piped Water Network,Drinking Water,DIST-0168,ST-04,PC-0238,CONT-0137,AGENCY-1143,2023-09-13,2023-10-19,2024-01-17,WORK_IN_PROGRESS,24.93256,86.93704
MPLADS-001792,Solar High-Mast Light at Ward-72,Solar High-Mast Light,Renewable Energy,DIST-0304,ST-07,PC-0447,CONT-0229,AGENCY-0329,2023-01-13,2023-03-11,2023-05-10,WORK_IN_PROGRESS,28.58486,70.69595
MPLADS-001793,School Additional Classroom at Ward-88,School Additional Classroom,Education Infrastructure,DIST-0401,ST-10,PC-0582,CONT-0281,AGENCY-0713,2023-05-08,2023-06-20,2023-11-17,COMPLETED,14.3657,82.98093
MPLADS-001794,Piped Water Network at Ward-27,Piped Water Network,Drinking Water,DIST-0618,ST-18,PC-0911,CONT-0247,AGENCY-0425,2023-04-10,2023-05-24,2023-08-22,WORK_IN_PROGRESS,27.67898,75.62452
MPLADS-001795,Check Dam at Ward-02,Check Dam,Irrigation & Agriculture,DIST-0246,ST-06,PC-0358,CONT-0030,AGENCY-0857,2022-10-19,2022-12-13,2023-05-22,WORK_IN_PROGRESS,13.1231,80.00276
MPLADS-001796,Check Dam at Ward-64,Check Dam,Irrigation & Agriculture,DIST-0432,ST-11,PC-0630,CONT-0026,AGENCY-0309,2023-03-14,2023-05-02,2023-10-09,WORK_IN_PROGRESS,18.03649,82.16307
MPLADS-001797,Primary Health Sub-Centre at Ward-51,Primary Health Sub-Centre,Public Health,DIST-0202,ST-05,PC-0291,CONT-0237,AGENCY-0635,2023-03-14,2023-05-08,2023-12-04,COMPLETED,24.72962,74.58277
MPLADS-001798,Ambulance Vehicle at Ward-23,Ambulance Vehicle,Public Health,DIST-0051,ST-01,PC-0075,CONT-0260,AGENCY-1191,2022-12-18,2023-01-29,2023-08-27,WORK_IN_PROGRESS,29.72811,82.39229
MPLADS-001799,Farm Pond Renovation at Ward-49,Farm Pond Renovation,Irrigation & Agriculture,DIST-0018,ST-01,PC-0027,CONT-0251,AGENCY-1024,2023-05-27,2023-07-20,2023-12-27,WORK_IN_PROGRESS,27.67548,77.86497
MPLADS-001800,School Boundary Wall at Ward-71,School Boundary Wall,Education Infrastructure,DIST-0388,ST-10,PC-0561,CONT-0221,AGENCY-0966,2022-01-28,2022-02-13,2022-07-13,WORK_IN_PROGRESS,15.42358,80.14655
MPLADS-001801,Community Hall at Ward-12,Community Hall,Community Infrastructure,DIST-0382,ST-10,PC-0552,CONT-0044,AGENCY-0181,2022-11-21,2022-12-25,2023-04-24,WORK_IN_PROGRESS,16.51943,82.74306
MPLADS-001802,School Boundary Wall at Ward-02,School Boundary Wall,Education Infrastructure,DIST-0232,ST-06,PC-0338,CONT-0021,AGENCY-0416,2023-04-10,2023-05-23,2023-10-20,WORK_IN_PROGRESS,8.98181,77.29649
MPLADS-001803,Ayurvedic Dispensary at Ward-73,Ayurvedic Dispensary,Public Health,DIST-0079,ST-02,PC-0116,CONT-0098,AGENCY-0044,2023-05-22,2023-06-30,2024-01-26,WORK_IN_PROGRESS,20.63389,78.77783
MPLADS-001804,Farm Pond Renovation at Ward-89,Farm Pond Renovation,Irrigation & Agriculture,DIST-0590,ST-17,PC-0870,CONT-0066,AGENCY-0139,2022-05-08,2022-07-06,2022-12-13,WORK_IN_PROGRESS,21.1346,82.80969
MPLADS-001805,CC Road Construction at Ward-87,CC Road Construction,Roads & Bridges,DIST-0560,ST-16,PC-0822,CONT-0212,AGENCY-0841,2023-09-08,2023-09-26,2024-03-24,WORK_IN_PROGRESS,30.51515,75.49678
MPLADS-001806,Primary Health Sub-Centre at Ward-35,Primary Health Sub-Centre,Public Health,DIST-0573,ST-17,PC-0845,CONT-0139,AGENCY-1202,2022-03-11,2022-04-29,2022-11-25,WORK_IN_PROGRESS,20.56187,83.95819
MPLADS-001807,Lift Irrigation Scheme at Ward-33,Lift Irrigation Scheme,Irrigation & Agriculture,DIST-0464,ST-12,PC-0678,CONT-0258,AGENCY-0748,2023-05-29,2023-06-13,2023-11-20,WORK_IN_PROGRESS,16.60581,80.79209
MPLADS-001808,Crematorium Shed at Ward-19,Crematorium Shed,Community Infrastructure,DIST-0558,ST-16,PC-0820,CONT-0159,AGENCY-0764,2022-01-27,2022-03-09,2022-07-07,WORK_IN_PROGRESS,30.73729,74.29051
MPLADS-001809,Paver Block Road at Ward-85,Paver Block Road,Roads & Bridges,DIST-0001,ST-01,PC-0002,CONT-0152,AGENCY-0413,2022-09-01,2022-10-06,2023-04-04,WORK_IN_PROGRESS,29.10551,80.22152
MPLADS-001810,Check Dam at Ward-39,Check Dam,Irrigation & Agriculture,DIST-0413,ST-11,PC-0602,CONT-0204,AGENCY-1112,2022-01-05,2022-02-28,2022-08-07,WORK_IN_PROGRESS,18.75381,84.97179
MPLADS-001811,School Additional Classroom at Ward-77,School Additional Classroom,Education Infrastructure,DIST-0401,ST-10,PC-0581,CONT-0303,AGENCY-0949,2023-04-30,2023-06-06,2023-11-03,WORK_IN_PROGRESS,14.46249,82.96466
MPLADS-001812,Crematorium Shed at Ward-58,Crematorium Shed,Community Infrastructure,DIST-0386,ST-10,PC-0558,CONT-0207,AGENCY-0632,2023-07-09,2023-08-30,2023-12-28,WORK_IN_PROGRESS,12.51541,76.78864
MPLADS-001813,Ayurvedic Dispensary at Ward-59,Ayurvedic Dispensary,Public Health,DIST-0094,ST-02,PC-0136,CONT-0312,AGENCY-0019,2023-08-22,2023-09-21,2024-04-18,COMPLETED,15.61703,78.80599
MPLADS-001814,Ambulance Vehicle at Ward-88,Ambulance Vehicle,Public Health,DIST-0198,ST-05,PC-0284,CONT-0226,AGENCY-1084,2023-08-22,2023-10-04,2024-05-01,WORK_IN_PROGRESS,21.65412,81.06933
MPLADS-001815,Public Toilet Complex at Ward-67,Public Toilet Complex,Community Infrastructure,DIST-0229,ST-06,PC-0334,CONT-0200,AGENCY-0880,2023-07-02,2023-07-29,2023-11-26,COMPLETED,13.37358,76.13301
MPLADS-001816,Deep Tube Well at Ward-07,Deep Tube Well,Drinking Water,DIST-0543,ST-16,PC-0797,CONT-0237,AGENCY-0756,2022-11-28,2023-01-16,2023-04-16,DELAYED,31.65512,75.51522
MPLADS-001817,Yatri Shed at Ward-69,Yatri Shed,Community Infrastructure,DIST-0284,ST-07,PC-0416,CONT-0229,AGENCY-0321,2023-11-02,2023-12-18,2024-04-16,WORK_IN_PROGRESS,25.98376,77.67831
MPLADS-001818,Yatri Shed at Ward-69,Yatri Shed,Community Infrastructure,DIST-0369,ST-09,PC-0534,CONT-0256,AGENCY-0773,2022-05-20,2022-07-03,2022-10-31,DELAYED,24.29927,70.12201
MPLADS-001819,District Sports Complex at Ward-70,District Sports Complex,Mega Infrastructure,DIST-0210,ST-05,PC-0305,CONT-0251,AGENCY-0291,2022-04-04,2022-05-14,2023-06-18,WORK_IN_PROGRESS,23.96595,78.77072
MPLADS-001820,Farm Pond Renovation at Ward-77,Farm Pond Renovation,Irrigation & Agriculture,DIST-0324,ST-08,PC-0473,CONT-0082,AGENCY-0599,2023-06-01,2023-07-25,2024-01-01,COMPLETED,12.59948,78.49997
MPLADS-001821,Maternity Ward Facility at Ward-66,Maternity Ward Facility,Public Health,DIST-0342,ST-08,PC-0500,CONT-0127,AGENCY-0557,2022-06-26,2022-08-09,2023-03-07,COMPLETED,14.07605,75.94516
MPLADS-001822,Solar High-Mast Light at Ward-75,Solar High-Mast Light,Renewable Energy,DIST-0138,ST-03,PC-0198,CONT-0142,AGENCY-0223,2022-12-07,2023-02-03,2023-04-04,WORK_IN_PROGRESS,25.16577,86.35325
MPLADS-001823,CC Road Construction at Ward-24,CC Road Construction,Roads & Bridges,DIST-0198,ST-05,PC-0284,CONT-0237,AGENCY-0479,2022-06-15,2022-07-23,2023-01-19,WORK_IN_PROGRESS,21.66162,81.10749
MPLADS-001824,Farm Pond Renovation at Ward-18,Farm Pond Renovation,Irrigation & Agriculture,DIST-0062,ST-01,PC-0090,CONT-0295,AGENCY-0454,2022-11-11,2022-11-29,2023-05-08,WORK_IN_PROGRESS,25.23199,83.80009
MPLADS-001825,Piped Water Network at Ward-79,Piped Water Network,Drinking Water,DIST-0032,ST-01,PC-0046,CONT-0048,AGENCY-0394,2023-04-17,2023-05-20,2023-08-18,WORK_IN_PROGRESS,24.26037,78.40867
MPLADS-001826,Check Dam at Ward-94,Check Dam,Irrigation & Agriculture,DIST-0185,ST-05,PC-0261,CONT-0009,AGENCY-0979,2023-11-07,2023-12-13,2024-05-21,WORK_IN_PROGRESS,25.35043,81.68556
MPLADS-001827,CC Road Construction at Ward-47,CC Road Construction,Roads & Bridges,DIST-0601,ST-18,PC-0884,CONT-0066,AGENCY-0989,2022-12-31,2023-02-28,2023-08-27,WORK_IN_PROGRESS,28.63828,76.54241
MPLADS-001828,Farm Pond Renovation at Ward-50,Farm Pond Renovation,Irrigation & Agriculture,DIST-0540,ST-15,PC-0792,CONT-0013,AGENCY-0437,2022-05-31,2022-06-20,2022-11-27,COMPLETED,24.5591,93.83574
MPLADS-001829,Yatri Shed at Ward-46,Yatri Shed,Community Infrastructure,DIST-0536,ST-15,PC-0786,CONT-0150,AGENCY-0960,2023-08-18,2023-09-22,2024-01-20,DELAYED,26.07109,93.86022
MPLADS-001830,Library Room at Ward-96,Library Room,Education Infrastructure,DIST-0002,ST-01,PC-0004,CONT-0045,AGENCY-0664,2022-01-06,2022-02-24,2022-07-24,COMPLETED,26.38686,83.92907
MPLADS-001831,School Additional Classroom at Ward-55,School Additional Classroom,Education Infrastructure,DIST-0321,ST-08,PC-0470,CONT-0166,AGENCY-0526,2023-01-03,2023-02-19,2023-07-19,WORK_IN_PROGRESS,13.48865,75.78639
MPLADS-001832,Lift Irrigation Scheme at Ward-89,Lift Irrigation Scheme,Irrigation & Agriculture,DIST-0547,ST-16,PC-0803,CONT-0227,AGENCY-1144,2023-03-14,2023-03-30,2023-09-06,WORK_IN_PROGRESS,30.09751,73.99533
MPLADS-001833,Piped Water Network at Ward-89,Piped Water Network,Drinking Water,DIST-0411,ST-11,PC-0599,CONT-0184,AGENCY-0126,2023-11-19,2023-12-27,2024-03-26,WORK_IN_PROGRESS,19.96613,82.61446
MPLADS-001834,Crematorium Shed at Ward-63,Crematorium Shed,Community Infrastructure,DIST-0125,ST-03,PC-0181,CONT-0037,AGENCY-0338,2022-03-30,2022-05-08,2022-09-05,COMPLETED,26.95017,84.39715
MPLADS-001835,Multi-Village Hospital Block at Ward-62,Multi-Village Hospital Block,Mega Infrastructure,DIST-0517,ST-15,PC-0756,CONT-0144,AGENCY-0102,2023-07-24,2023-08-13,2024-09-16,COMPLETED,26.69691,90.72162
MPLADS-001836,Primary Health Sub-Centre at Ward-58,Primary Health Sub-Centre,Public Health,DIST-0456,ST-12,PC-0666,CONT-0154,AGENCY-0526,2022-12-31,2023-01-24,2023-08-22,COMPLETED,15.77793,77.79875
MPLADS-001837,RO Water Plant at Ward-73,RO Water Plant,Drinking Water,DIST-0431,ST-11,PC-0628,CONT-0144,AGENCY-0475,2023-08-24,2023-09-11,2023-12-10,WORK_IN_PROGRESS,20.82732,83.62701
MPLADS-001838,Lift Irrigation Scheme at Ward-98,Lift Irrigation Scheme,Irrigation & Agriculture,DIST-0476,ST-13,PC-0695,CONT-0127,AGENCY-0614,2023-10-21,2023-12-16,2024-05-24,WORK_IN_PROGRESS,11.72584,76.98354
MPLADS-001839,Culvert Bridge at Ward-31,Culvert Bridge,Roads & Bridges,DIST-0177,ST-05,PC-0249,CONT-0295,AGENCY-0432,2022-09-09,2022-11-05,2023-05-04,WORK_IN_PROGRESS,22.20876,80.79633
MPLADS-001840,RO Water Plant at Ward-13,RO Water Plant,Drinking Water,DIST-0125,ST-03,PC-0181,CONT-0121,AGENCY-1062,2023-03-20,2023-05-08,2023-08-06,WORK_IN_PROGRESS,26.89674,84.32528
MPLADS-001841,Smart Classroom Lab at Ward-36,Smart Classroom Lab,Education Infrastructure,DIST-0370,ST-09,PC-0535,CONT-0257,AGENCY-0514,2022-10-20,2022-12-14,2023-05-13,WORK_IN_PROGRESS,20.28282,74.09173
MPLADS-001842,Farm Pond Renovation at Ward-73,Farm Pond Renovation,Irrigation & Agriculture,DIST-0176,ST-05,PC-0248,CONT-0115,AGENCY-0894,2023-10-25,2023-12-18,2024-05-26,DELAYED,21.11687,77.99859
MPLADS-001843,Yatri Shed at Ward-44,Yatri Shed,Community Infrastructure,DIST-0535,ST-15,PC-0785,CONT-0311,AGENCY-0492,2022-10-11,2022-11-25,2023-03-25,WORK_IN_PROGRESS,25.71596,90.8779
MPLADS-001844,Yatri Shed at Ward-61,Yatri Shed,Community Infrastructure,DIST-0241,ST-06,PC-0351,CONT-0227,AGENCY-0492,2023-08-14,2023-09-01,2023-12-30,WORK_IN_PROGRESS,8.60835,77.20806
MPLADS-001845,Public Toilet Complex at Ward-53,Public Toilet Complex,Community Infrastructure,DIST-0459,ST-12,PC-0671,CONT-0182,AGENCY-0446,2023-01-03,2023-02-24,2023-06-24,WORK_IN_PROGRESS,16.59888,79.59986
MPLADS-001846,School Boundary Wall at Ward-76,School Boundary Wall,Education Infrastructure,DIST-0133,ST-03,PC-0192,CONT-0103,AGENCY-0966,2022-08-29,2022-09-16,2023-02-13,WORK_IN_PROGRESS,24.85603,86.19022
MPLADS-001847,Check Dam at Ward-85,Check Dam,Irrigation & Agriculture,DIST-0534,ST-15,PC-0783,CONT-0096,AGENCY-1042,2022-02-23,2022-03-25,2022-09-01,WORK_IN_PROGRESS,25.16189,95.73255
MPLADS-001848,Solar Rooftop Panel at Ward-80,Solar Rooftop Panel,Renewable Energy,DIST-0006,ST-01,PC-0008,CONT-0257,AGENCY-0595,2023-10-28,2023-12-09,2024-02-07,WORK_IN_PROGRESS,29.16187,79.921
MPLADS-001849,Yatri Shed at Ward-25,Yatri Shed,Community Infrastructure,DIST-0594,ST-17,PC-0874,CONT-0051,AGENCY-0556,2022-11-23,2023-01-01,2023-05-01,WORK_IN_PROGRESS,19.8213,83.50027
MPLADS-001850,Multi-Village Hospital Block at Ward-58,Multi-Village Hospital Block,Mega Infrastructure,DIST-0305,ST-07,PC-0448,CONT-0128,AGENCY-0977,2023-03-21,2023-04-22,2024-05-26,WORK_IN_PROGRESS,25.20502,73.41396
MPLADS-001851,Multi-Village Hospital Block at Ward-30,Multi-Village Hospital Block,Mega Infrastructure,DIST-0547,ST-16,PC-0803,CONT-0254,AGENCY-0217,2022-08-16,2022-10-09,2023-11-13,COMPLETED,30.07548,73.97857
MPLADS-001852,Ayurvedic Dispensary at Ward-30,Ayurvedic Dispensary,Public Health,DIST-0365,ST-09,PC-0529,CONT-0115,AGENCY-0104,2023-11-06,2023-12-31,2024-07-28,WORK_IN_PROGRESS,21.06706,69.1514
MPLADS-001853,Community Hall at Ward-69,Community Hall,Community Infrastructure,DIST-0262,ST-06,PC-0382,CONT-0059,AGENCY-0394,2022-11-09,2022-11-25,2023-03-25,COMPLETED,12.71514,79.68504
MPLADS-001854,Piped Water Network at Ward-40,Piped Water Network,Drinking Water,DIST-0156,ST-04,PC-0219,CONT-0246,AGENCY-0595,2022-01-04,2022-02-11,2022-05-12,WORK_IN_PROGRESS,26.52709,85.68563
MPLADS-001855,Crematorium Shed at Ward-29,Crematorium Shed,Community Infrastructure,DIST-0198,ST-05,PC-0284,CONT-0234,AGENCY-0389,2022-02-05,2022-02-22,2022-06-22,WORK_IN_PROGRESS,21.68506,80.95421
MPLADS-001856,Farm Pond Renovation at Ward-56,Farm Pond Renovation,Irrigation & Agriculture,DIST-0333,ST-08,PC-0486,CONT-0147,AGENCY-0732,2023-01-31,2023-03-09,2023-08-16,WORK_IN_PROGRESS,12.20431,76.6612
MPLADS-001857,Solar High-Mast Light at Ward-07,Solar High-Mast Light,Renewable Energy,DIST-0200,ST-05,PC-0288,CONT-0048,AGENCY-0051,2023-07-22,2023-08-13,2023-10-12,WORK_IN_PROGRESS,24.70322,81.20268
MPLADS-001858,School Boundary Wall at Ward-11,School Boundary Wall,Education Infrastructure,DIST-0164,ST-04,PC-0233,CONT-0220,AGENCY-0103,2023-06-29,2023-08-01,2023-12-29,WORK_IN_PROGRESS,24.46212,86.20487
MPLADS-001859,Ambulance Vehicle at Ward-62,Ambulance Vehicle,Public Health,DIST-0232,ST-06,PC-0338,CONT-0198,AGENCY-1223,2023-04-01,2023-05-13,2023-12-09,WORK_IN_PROGRESS,9.09123,77.41576
MPLADS-001860,Farm Pond Renovation at Ward-66,Farm Pond Renovation,Irrigation & Agriculture,DIST-0312,ST-07,PC-0458,CONT-0145,AGENCY-1178,2022-11-20,2022-12-08,2023-05-17,WORK_IN_PROGRESS,25.8537,75.33196
MPLADS-001861,Solar Street Lighting at Ward-16,Solar Street Lighting,Renewable Energy,DIST-0329,ST-08,PC-0480,CONT-0112,AGENCY-0316,2022-03-25,2022-04-09,2022-06-08,DELAYED,13.83421,77.60603
MPLADS-001862,Solar Rooftop Panel at Ward-77,Solar Rooftop Panel,Renewable Energy,DIST-0183,ST-05,PC-0258,CONT-0110,AGENCY-1128,2022-03-23,2022-05-17,2022-07-16,WORK_IN_PROGRESS,23.18875,78.03546
MPLADS-001863,Ambulance Vehicle at Ward-01,Ambulance Vehicle,Public Health,DIST-0388,ST-10,PC-0561,CONT-0130,AGENCY-0768,2022-02-13,2022-04-07,2022-11-03,WORK_IN_PROGRESS,15.32403,80.06064
MPLADS-001864,Check Dam at Ward-87,Check Dam,Irrigation & Agriculture,DIST-0155,ST-04,PC-0218,CONT-0250,AGENCY-0477,2023-04-29,2023-06-23,2023-11-30,WORK_IN_PROGRESS,23.78921,87.21149
MPLADS-001865,District Sports Complex at Ward-01,District Sports Complex,Mega Infrastructure,DIST-0495,ST-14,PC-0723,CONT-0293,AGENCY-1226,2022-08-09,2022-09-23,2023-10-28,WORK_IN_PROGRESS,22.82597,84.66261
MPLADS-001866,Public Toilet Complex at Ward-78,Public Toilet Complex,Community Infrastructure,DIST-0416,ST-11,PC-0607,CONT-0014,AGENCY-0935,2023-11-02,2023-11-29,2024-03-28,WORK_IN_PROGRESS,21.27368,87.10769
MPLADS-001867,Farm Pond Renovation at Ward-42,Farm Pond Renovation,Irrigation & Agriculture,DIST-0184,ST-05,PC-0260,CONT-0185,AGENCY-1095,2023-02-24,2023-03-26,2023-09-02,WORK_IN_PROGRESS,24.93725,80.41658
MPLADS-001868,Solar Street Lighting at Ward-87,Solar Street Lighting,Renewable Energy,DIST-0035,ST-01,PC-0052,CONT-0065,AGENCY-1228,2023-05-19,2023-06-18,2023-08-17,DELAYED,28.15311,78.95212
MPLADS-001869,Ayurvedic Dispensary at Ward-12,Ayurvedic Dispensary,Public Health,DIST-0466,ST-12,PC-0680,CONT-0314,AGENCY-1203,2023-04-16,2023-06-14,2024-01-10,WORK_IN_PROGRESS,18.04497,81.11653
MPLADS-001870,Solar Rooftop Panel at Ward-65,Solar Rooftop Panel,Renewable Energy,DIST-0318,ST-08,PC-0466,CONT-0055,AGENCY-0153,2023-07-27,2023-09-18,2023-11-17,WORK_IN_PROGRESS,14.22136,75.90105
MPLADS-001871,Major River Overbridge at Ward-46,Major River Overbridge,Mega Infrastructure,DIST-0072,ST-01,PC-0105,CONT-0267,AGENCY-0581,2022-04-03,2022-05-21,2023-06-25,WORK_IN_PROGRESS,25.46598,81.65112
MPLADS-001872,Ambulance Vehicle at Ward-28,Ambulance Vehicle,Public Health,DIST-0095,ST-02,PC-0137,CONT-0196,AGENCY-0021,2023-11-23,2024-01-17,2024-08-14,WORK_IN_PROGRESS,16.3942,80.16531
MPLADS-001873,Multi-Village Hospital Block at Ward-36,Multi-Village Hospital Block,Mega Infrastructure,DIST-0538,ST-15,PC-0790,CONT-0036,AGENCY-1194,2022-06-05,2022-07-04,2023-08-08,WORK_IN_PROGRESS,27.66,93.39897
MPLADS-001874,Farm Pond Renovation at Ward-11,Farm Pond Renovation,Irrigation & Agriculture,DIST-0500,ST-14,PC-0729,CONT-0250,AGENCY-0467,2023-05-26,2023-06-13,2023-11-20,WORK_IN_PROGRESS,24.21206,86.65661
MPLADS-001875,School Boundary Wall at Ward-25,School Boundary Wall,Education Infrastructure,DIST-0587,ST-17,PC-0866,CONT-0090,AGENCY-0858,2023-11-10,2023-12-29,2024-05-27,WORK_IN_PROGRESS,22.88476,83.81647
MPLADS-001876,Ayurvedic Dispensary at Ward-40,Ayurvedic Dispensary,Public Health,DIST-0241,ST-06,PC-0351,CONT-0173,AGENCY-0047,2022-06-17,2022-07-24,2023-02-19,WORK_IN_PROGRESS,8.56395,77.27716
MPLADS-001877,Solar Rooftop Panel at Ward-02,Solar Rooftop Panel,Renewable Energy,DIST-0003,ST-01,PC-0005,CONT-0061,AGENCY-0294,2022-12-16,2023-02-06,2023-04-07,WORK_IN_PROGRESS,28.06772,82.64956
MPLADS-001878,District Sports Complex at Ward-92,District Sports Complex,Mega Infrastructure,DIST-0052,ST-01,PC-0076,CONT-0091,AGENCY-0020,2023-08-05,2023-09-11,2024-10-15,WORK_IN_PROGRESS,25.00028,84.09987
MPLADS-001879,Community Hall at Ward-84,Community Hall,Community Infrastructure,DIST-0146,ST-03,PC-0208,CONT-0021,AGENCY-0746,2022-09-18,2022-10-21,2023-02-18,COMPLETED,26.8331,84.24916
MPLADS-001880,Primary Health Sub-Centre at Ward-68,Primary Health Sub-Centre,Public Health,DIST-0381,ST-10,PC-0551,CONT-0053,AGENCY-0610,2023-05-17,2023-07-06,2024-02-01,DELAYED,14.08115,80.54769
MPLADS-001881,Piped Water Network at Ward-05,Piped Water Network,Drinking Water,DIST-0082,ST-02,PC-0121,CONT-0174,AGENCY-0520,2022-05-10,2022-06-05,2022-09-03,WORK_IN_PROGRESS,20.09256,74.08275
MPLADS-001882,District Sports Complex at Ward-60,District Sports Complex,Mega Infrastructure,DIST-0512,ST-15,PC-0747,CONT-0130,AGENCY-0010,2022-06-14,2022-07-24,2023-08-28,WORK_IN_PROGRESS,25.01919,92.66711
MPLADS-001883,Paver Block Road at Ward-13,Paver Block Road,Roads & Bridges,DIST-0433,ST-11,PC-0631,CONT-0103,AGENCY-0216,2022-03-21,2022-04-29,2022-10-26,WORK_IN_PROGRESS,21.16709,87.04487
MPLADS-001884,Solar Rooftop Panel at Ward-94,Solar Rooftop Panel,Renewable Energy,DIST-0489,ST-14,PC-0714,CONT-0253,AGENCY-0400,2023-01-14,2023-02-07,2023-04-08,WORK_IN_PROGRESS,23.68796,86.83786
MPLADS-001885,Community Tank at Ward-25,Community Tank,Drinking Water,DIST-0415,ST-11,PC-0605,CONT-0092,AGENCY-0196,2023-05-21,2023-06-19,2023-09-17,WORK_IN_PROGRESS,19.80074,85.26174
MPLADS-001886,School Additional Classroom at Ward-35,School Additional Classroom,Education Infrastructure,DIST-0352,ST-09,PC-0512,CONT-0160,AGENCY-0924,2023-06-08,2023-06-23,2023-11-20,WORK_IN_PROGRESS,22.70904,70.29788
MPLADS-001887,Solar Rooftop Panel at Ward-82,Solar Rooftop Panel,Renewable Energy,DIST-0316,ST-08,PC-0463,CONT-0258,AGENCY-1158,2023-09-06,2023-11-04,2024-01-03,COMPLETED,14.7925,77.72823
MPLADS-001888,Paver Block Road at Ward-74,Paver Block Road,Roads & Bridges,DIST-0367,ST-09,PC-0532,CONT-0107,AGENCY-0300,2022-04-21,2022-06-08,2022-12-05,WORK_IN_PROGRESS,20.36373,69.26469
MPLADS-001889,RO Water Plant at Ward-56,RO Water Plant,Drinking Water,DIST-0524,ST-15,PC-0768,CONT-0004,AGENCY-1233,2022-10-22,2022-11-09,2023-02-07,WORK_IN_PROGRESS,25.43404,91.86879
MPLADS-001890,Library Room at Ward-70,Library Room,Education Infrastructure,DIST-0516,ST-15,PC-0754,CONT-0185,AGENCY-0913,2023-07-03,2023-08-19,2024-01-16,WORK_IN_PROGRESS,24.73611,91.17294
MPLADS-001891,District Sports Complex at Ward-41,District Sports Complex,Mega Infrastructure,DIST-0310,ST-07,PC-0456,CONT-0225,AGENCY-0384,2023-08-02,2023-09-21,2024-10-25,WORK_IN_PROGRESS,24.33019,70.35023
MPLADS-001892,RO Water Plant at Ward-94,RO Water Plant,Drinking Water,DIST-0338,ST-08,PC-0493,CONT-0312,AGENCY-0208,2023-10-23,2023-11-20,2024-02-18,WORK_IN_PROGRESS,17.50205,76.79013
MPLADS-001893,Bituminous Road at Ward-34,Bituminous Road,Roads & Bridges,DIST-0344,ST-08,PC-0503,CONT-0103,AGENCY-0785,2023-08-18,2023-10-02,2024-03-30,COMPLETED,16.1446,77.51246
MPLADS-001894,Community Tank at Ward-73,Community Tank,Drinking Water,DIST-0162,ST-04,PC-0229,CONT-0154,AGENCY-0014,2023-05-16,2023-07-09,2023-10-07,WORK_IN_PROGRESS,22.38238,85.82405
MPLADS-001895,Bituminous Road at Ward-83,Bituminous Road,Roads & Bridges,DIST-0337,ST-08,PC-0492,CONT-0218,AGENCY-0810,2022-03-25,2022-05-14,2022-11-10,WORK_IN_PROGRESS,13.70386,75.06808
MPLADS-001896,Deep Tube Well at Ward-28,Deep Tube Well,Drinking Water,DIST-0571,ST-17,PC-0843,CONT-0251,AGENCY-0844,2023-10-29,2023-12-16,2024-03-15,WORK_IN_PROGRESS,23.90981,81.3016
MPLADS-001897,Piped Water Network at Ward-98,Piped Water Network,Drinking Water,DIST-0190,ST-05,PC-0270,CONT-0027,AGENCY-0340,2023-10-30,2023-12-19,2024-03-18,WORK_IN_PROGRESS,24.66033,78.39751
MPLADS-001898,Culvert Bridge at Ward-28,Culvert Bridge,Roads & Bridges,DIST-0495,ST-14,PC-0723,CONT-0208,AGENCY-0828,2022-05-15,2022-06-19,2022-12-16,WORK_IN_PROGRESS,22.82626,84.68497
MPLADS-001899,School Additional Classroom at Ward-77,School Additional Classroom,Education Infrastructure,DIST-0340,ST-08,PC-0496,CONT-0025,AGENCY-1164,2023-10-09,2023-11-01,2024-03-30,WORK_IN_PROGRESS,18.3181,75.99653
MPLADS-001900,District Sports Complex at Ward-06,District Sports Complex,Mega Infrastructure,DIST-0583,ST-17,PC-0860,CONT-0038,AGENCY-0316,2022-01-10,2022-02-24,2023-03-31,WORK_IN_PROGRESS,18.14762,82.034
MPLADS-001901,Maternity Ward Facility at Ward-32,Maternity Ward Facility,Public Health,DIST-0278,ST-07,PC-0407,CONT-0158,AGENCY-1121,2022-12-16,2023-01-27,2023-08-25,DELAYED,26.13081,69.89823
MPLADS-001902,Solar Rooftop Panel at Ward-44,Solar Rooftop Panel,Renewable Energy,DIST-0164,ST-04,PC-0233,CONT-0061,AGENCY-0777,2023-04-23,2023-05-28,2023-07-27,WORK_IN_PROGRESS,24.4641,86.22866
MPLADS-001903,Community Tank at Ward-46,Community Tank,Drinking Water,DIST-0295,ST-07,PC-0431,CONT-0078,AGENCY-0998,2022-03-28,2022-05-19,2022-08-17,DELAYED,27.25487,76.84277
MPLADS-001904,Community Hall at Ward-44,Community Hall,Community Infrastructure,DIST-0379,ST-09,PC-0549,CONT-0059,AGENCY-1149,2022-03-17,2022-05-09,2022-09-06,COMPLETED,21.19791,68.92216
MPLADS-001905,Check Dam at Ward-51,Check Dam,Irrigation & Agriculture,DIST-0333,ST-08,PC-0486,CONT-0100,AGENCY-0271,2023-05-15,2023-06-09,2023-11-16,WORK_IN_PROGRESS,12.19679,76.72698
MPLADS-001906,Ambulance Vehicle at Ward-84,Ambulance Vehicle,Public Health,DIST-0057,ST-01,PC-0084,CONT-0219,AGENCY-0137,2022-01-22,2022-02-08,2022-09-06,WORK_IN_PROGRESS,26.06361,83.32288
MPLADS-001907,Community Tank at Ward-73,Community Tank,Drinking Water,DIST-0396,ST-10,PC-0573,CONT-0113,AGENCY-1176,2023-05-20,2023-06-09,2023-09-07,WORK_IN_PROGRESS,14.57337,80.2701
MPLADS-001908,Paver Block Road at Ward-21,Paver Block Road,Roads & Bridges,DIST-0594,ST-17,PC-0874,CONT-0111,AGENCY-0424,2022-05-29,2022-06-20,2022-12-17,WORK_IN_PROGRESS,19.86348,83.4932
MPLADS-001909,Multi-Village Hospital Block at Ward-12,Multi-Village Hospital Block,Mega Infrastructure,DIST-0569,ST-17,PC-0839,CONT-0292,AGENCY-0885,2022-07-05,2022-08-04,2023-09-08,WORK_IN_PROGRESS,18.61276,82.80277
MPLADS-001910,School Additional Classroom at Ward-29,School Additional Classroom,Education Infrastructure,DIST-0372,ST-09,PC-0538,CONT-0183,AGENCY-0096,2023-02-06,2023-02-24,2023-07-24,WORK_IN_PROGRESS,23.85743,71.28937
MPLADS-001911,Major River Overbridge at Ward-08,Major River Overbridge,Mega Infrastructure,DIST-0562,ST-16,PC-0826,CONT-0308,AGENCY-0977,2023-10-24,2023-11-26,2024-12-30,WORK_IN_PROGRESS,30.24265,76.38797
MPLADS-001912,Solar Street Lighting at Ward-51,Solar Street Lighting,Renewable Energy,DIST-0275,ST-07,PC-0402,CONT-0021,AGENCY-0068,2022-12-20,2023-02-12,2023-04-13,COMPLETED,27.38577,71.35351
MPLADS-001913,Ayurvedic Dispensary at Ward-85,Ayurvedic Dispensary,Public Health,DIST-0462,ST-12,PC-0675,CONT-0232,AGENCY-1201,2023-04-30,2023-05-31,2023-12-27,WORK_IN_PROGRESS,16.96569,79.17881
MPLADS-001914,District Sports Complex at Ward-21,District Sports Complex,Mega Infrastructure,DIST-0138,ST-03,PC-0198,CONT-0132,AGENCY-1014,2023-07-05,2023-08-20,2024-09-23,WORK_IN_PROGRESS,25.10064,86.43372
MPLADS-001915,Smart Classroom Lab at Ward-83,Smart Classroom Lab,Education Infrastructure,DIST-0396,ST-10,PC-0573,CONT-0010,AGENCY-0106,2022-06-22,2022-07-12,2022-12-09,COMPLETED,14.67824,80.27956
MPLADS-001916,Smart Classroom Lab at Ward-65,Smart Classroom Lab,Education Infrastructure,DIST-0044,ST-01,PC-0064,CONT-0052,AGENCY-1083,2023-03-06,2023-04-05,2023-09-02,WORK_IN_PROGRESS,24.78311,83.42708
MPLADS-001917,Multi-Village Hospital Block at Ward-89,Multi-Village Hospital Block,Mega Infrastructure,DIST-0052,ST-01,PC-0076,CONT-0073,AGENCY-0334,2023-04-17,2023-05-20,2024-06-23,WORK_IN_PROGRESS,24.99968,84.06893
MPLADS-001918,Solar Rooftop Panel at Ward-38,Solar Rooftop Panel,Renewable Energy,DIST-0494,ST-14,PC-0721,CONT-0222,AGENCY-1095,2022-10-28,2022-11-15,2023-01-14,WORK_IN_PROGRESS,22.0855,84.68183
MPLADS-001919,Solar High-Mast Light at Ward-90,Solar High-Mast Light,Renewable Energy,DIST-0563,ST-16,PC-0827,CONT-0015,AGENCY-0594,2022-02-13,2022-03-18,2022-05-17,COMPLETED,32.00291,74.45282
MPLADS-001920,Paver Block Road at Ward-88,Paver Block Road,Roads & Bridges,DIST-0608,ST-18,PC-0895,CONT-0234,AGENCY-0442,2023-05-08,2023-06-06,2023-12-03,WORK_IN_PROGRESS,27.95856,74.76452
MPLADS-001921,Ayurvedic Dispensary at Ward-52,Ayurvedic Dispensary,Public Health,DIST-0202,ST-05,PC-0291,CONT-0198,AGENCY-0953,2023-03-09,2023-04-19,2023-11-15,COMPLETED,24.78718,74.61399
MPLADS-001922,Piped Water Network at Ward-41,Piped Water Network,Drinking Water,DIST-0005,ST-01,PC-0007,CONT-0094,AGENCY-0456,2023-01-28,2023-03-25,2023-06-23,WORK_IN_PROGRESS,24.87842,80.58306
MPLADS-001923,Community Hall at Ward-27,Community Hall,Community Infrastructure,DIST-0212,ST-05,PC-0308,CONT-0254,AGENCY-0935,2023-07-10,2023-08-15,2023-12-13,WORK_IN_PROGRESS,22.56541,74.6245
MPLADS-001924,Culvert Bridge at Ward-08,Culvert Bridge,Roads & Bridges,DIST-0055,ST-01,PC-0082,CONT-0271,AGENCY-0419,2022-08-10,2022-09-02,2023-03-01,DELAYED,27.63563,82.21657
MPLADS-001925,Smart Classroom Lab at Ward-48,Smart Classroom Lab,Education Infrastructure,DIST-0006,ST-01,PC-0008,CONT-0260,AGENCY-0411,2023-09-12,2023-10-26,2024-03-24,WORK_IN_PROGRESS,29.26403,79.84425
MPLADS-001926,CC Road Construction at Ward-26,CC Road Construction,Roads & Bridges,DIST-0580,ST-17,PC-0857,CONT-0102,AGENCY-1145,2022-11-05,2022-12-10,2023-06-08,WORK_IN_PROGRESS,23.82835,84.16104
MPLADS-001927,Ayurvedic Dispensary at Ward-20,Ayurvedic Dispensary,Public Health,DIST-0138,ST-03,PC-0198,CONT-0090,AGENCY-0363,2022-07-29,2022-08-30,2023-03-28,WORK_IN_PROGRESS,25.11931,86.37214
MPLADS-001928,Multi-Village Hospital Block at Ward-32,Multi-Village Hospital Block,Mega Infrastructure,DIST-0292,ST-07,PC-0427,CONT-0096,AGENCY-0172,2022-01-05,2022-02-09,2023-03-16,WORK_IN_PROGRESS,24.72434,76.86535
MPLADS-001929,Paver Block Road at Ward-98,Paver Block Road,Roads & Bridges,DIST-0080,ST-02,PC-0118,CONT-0263,AGENCY-1194,2022-03-10,2022-04-23,2022-10-20,WORK_IN_PROGRESS,19.14023,73.31949
MPLADS-001930,Yatri Shed at Ward-63,Yatri Shed,Community Infrastructure,DIST-0278,ST-07,PC-0407,CONT-0018,AGENCY-0008,2022-03-09,2022-03-31,2022-07-29,WORK_IN_PROGRESS,26.14601,69.96308
MPLADS-001931,District Sports Complex at Ward-50,District Sports Complex,Mega Infrastructure,DIST-0404,ST-10,PC-0588,CONT-0161,AGENCY-1089,2023-06-17,2023-08-06,2024-09-09,WORK_IN_PROGRESS,14.54327,84.22145
MPLADS-001932,Crematorium Shed at Ward-67,Crematorium Shed,Community Infrastructure,DIST-0463,ST-12,PC-0677,CONT-0186,AGENCY-1228,2023-09-07,2023-11-04,2024-03-03,WORK_IN_PROGRESS,17.17836,79.09836
MPLADS-001933,Primary Health Sub-Centre at Ward-08,Primary Health Sub-Centre,Public Health,DIST-0109,ST-02,PC-0156,CONT-0137,AGENCY-0764,2023-08-23,2023-09-12,2024-04-09,WORK_IN_PROGRESS,15.66997,73.41206
MPLADS-001934,Solar Street Lighting at Ward-45,Solar Street Lighting,Renewable Energy,DIST-0580,ST-17,PC-0857,CONT-0037,AGENCY-0786,2023-11-08,2024-01-02,2024-03-02,COMPLETED,23.71155,84.14604
MPLADS-001935,Public Toilet Complex at Ward-73,Public Toilet Complex,Community Infrastructure,DIST-0163,ST-04,PC-0231,CONT-0003,AGENCY-0119,2023-03-03,2023-04-14,2023-08-12,COMPLETED,24.89806,88.88104
MPLADS-001936,Multi-Village Hospital Block at Ward-67,Multi-Village Hospital Block,Mega Infrastructure,DIST-0339,ST-08,PC-0495,CONT-0250,AGENCY-0716,2022-12-17,2023-02-07,2024-03-13,WORK_IN_PROGRESS,16.52009,76.72948
MPLADS-001937,Paver Block Road at Ward-24,Paver Block Road,Roads & Bridges,DIST-0143,ST-03,PC-0204,CONT-0167,AGENCY-0209,2023-04-12,2023-06-04,2023-12-01,WORK_IN_PROGRESS,25.45097,83.91996
MPLADS-001938,Public Toilet Complex at Ward-22,Public Toilet Complex,Community Infrastructure,DIST-0003,ST-01,PC-0005,CONT-0164,AGENCY-0906,2022-01-11,2022-02-23,2022-06-23,WORK_IN_PROGRESS,28.0668,82.66866
MPLADS-001939,Major River Overbridge at Ward-08,Major River Overbridge,Mega Infrastructure,DIST-0092,ST-02,PC-0134,CONT-0126,AGENCY-0773,2022-03-21,2022-04-14,2023-05-19,WORK_IN_PROGRESS,19.84522,79.25345
MPLADS-001940,Major River Overbridge at Ward-91,Major River Overbridge,Mega Infrastructure,DIST-0373,ST-09,PC-0540,CONT-0007,AGENCY-1216,2023-09-08,2023-10-01,2024-11-04,WORK_IN_PROGRESS,22.35889,73.76489
MPLADS-001941,Check Dam at Ward-03,Check Dam,Irrigation & Agriculture,DIST-0142,ST-03,PC-0202,CONT-0024,AGENCY-1075,2023-11-08,2023-12-14,2024-05-22,COMPLETED,24.96933,87.95244
MPLADS-001942,Library Room at Ward-49,Library Room,Education Infrastructure,DIST-0171,ST-04,PC-0243,CONT-0132,AGENCY-0719,2022-02-14,2022-03-26,2022-08-23,WORK_IN_PROGRESS,25.37322,86.18972
MPLADS-001943,Crematorium Shed at Ward-11,Crematorium Shed,Community Infrastructure,DIST-0576,ST-17,PC-0850,CONT-0151,AGENCY-0335,2023-03-02,2023-03-17,2023-07-15,WORK_IN_PROGRESS,18.65087,80.26483
MPLADS-001944,Lift Irrigation Scheme at Ward-89,Lift Irrigation Scheme,Irrigation & Agriculture,DIST-0552,ST-16,PC-0811,CONT-0131,AGENCY-1133,2022-03-09,2022-04-22,2022-09-29,WORK_IN_PROGRESS,32.00988,74.27436
MPLADS-001945,Community Tank at Ward-96,Community Tank,Drinking Water,DIST-0568,ST-17,PC-0836,CONT-0074,AGENCY-1220,2023-03-13,2023-04-21,2023-07-20,WORK_IN_PROGRESS,19.41892,80.1028
MPLADS-001946,Smart Classroom Lab at Ward-65,Smart Classroom Lab,Education Infrastructure,DIST-0083,ST-02,PC-0123,CONT-0221,AGENCY-0550,2022-03-05,2022-04-03,2022-08-31,WORK_IN_PROGRESS,15.52703,76.61746
MPLADS-001947,School Boundary Wall at Ward-37,School Boundary Wall,Education Infrastructure,DIST-0033,ST-01,PC-0048,CONT-0172,AGENCY-0985,2023-06-27,2023-07-27,2023-12-24,WORK_IN_PROGRESS,24.69298,83.23223
MPLADS-001948,Crematorium Shed at Ward-87,Crematorium Shed,Community Infrastructure,DIST-0119,ST-03,PC-0173,CONT-0268,AGENCY-0349,2022-09-11,2022-10-16,2023-02-13,WORK_IN_PROGRESS,26.36237,84.53972
MPLADS-001949,Solar Rooftop Panel at Ward-38,Solar Rooftop Panel,Renewable Energy,DIST-0114,ST-03,PC-0164,CONT-0276,AGENCY-0991,2023-08-24,2023-09-23,2023-11-22,WORK_IN_PROGRESS,24.6344,85.29731
MPLADS-001950,Solar Street Lighting at Ward-30,Solar Street Lighting,Renewable Energy,DIST-0157,ST-04,PC-0221,CONT-0193,AGENCY-0911,2022-08-10,2022-09-18,2022-11-17,DELAYED,26.58148,87.81483
MPLADS-001951,Bituminous Road at Ward-01,Bituminous Road,Roads & Bridges,DIST-0185,ST-05,PC-0261,CONT-0277,AGENCY-0825,2023-09-10,2023-09-25,2024-03-23,WORK_IN_PROGRESS,25.40732,81.76723
MPLADS-001952,Culvert Bridge at Ward-14,Culvert Bridge,Roads & Bridges,DIST-0395,ST-10,PC-0571,CONT-0054,AGENCY-0241,2022-11-04,2022-12-05,2023-06-03,WORK_IN_PROGRESS,17.03378,82.90848
MPLADS-001953,Community Tank at Ward-91,Community Tank,Drinking Water,DIST-0410,ST-11,PC-0598,CONT-0061,AGENCY-0358,2023-03-19,2023-04-27,2023-07-26,WORK_IN_PROGRESS,21.45331,86.77428
MPLADS-001954,Lift Irrigation Scheme at Ward-69,Lift Irrigation Scheme,Irrigation & Agriculture,DIST-0608,ST-18,PC-0895,CONT-0097,AGENCY-0050,2023-04-28,2023-06-17,2023-11-24,WORK_IN_PROGRESS,27.82849,74.79638
MPLADS-001955,Solar Rooftop Panel at Ward-83,Solar Rooftop Panel,Renewable Energy,DIST-0424,ST-11,PC-0619,CONT-0176,AGENCY-0340,2022-04-06,2022-05-30,2022-07-29,DELAYED,18.59675,83.35583
MPLADS-001956,Community Tank at Ward-16,Community Tank,Drinking Water,DIST-0217,ST-05,PC-0316,CONT-0224,AGENCY-0006,2022-08-10,2022-10-06,2023-01-04,WORK_IN_PROGRESS,23.20386,75.48055
MPLADS-001957,Major River Overbridge at Ward-71,Major River Overbridge,Mega Infrastructure,DIST-0274,ST-07,PC-0401,CONT-0283,AGENCY-0450,2022-01-04,2022-03-04,2023-04-08,WORK_IN_PROGRESS,27.57009,74.12242
MPLADS-001958,Smart Classroom Lab at Ward-47,Smart Classroom Lab,Education Infrastructure,DIST-0196,ST-05,PC-0282,CONT-0180,AGENCY-0406,2023-06-26,2023-07-18,2023-12-15,WORK_IN_PROGRESS,24.46038,75.79197
MPLADS-001959,Farm Pond Renovation at Ward-63,Farm Pond Renovation,Irrigation & Agriculture,DIST-0277,ST-07,PC-0406,CONT-0233,AGENCY-0905,2023-10-04,2023-12-01,2024-05-09,WORK_IN_PROGRESS,25.08468,70.35839
MPLADS-001960,Lift Irrigation Scheme at Ward-98,Lift Irrigation Scheme,Irrigation & Agriculture,DIST-0247,ST-06,PC-0360,CONT-0083,AGENCY-0479,2022-12-29,2023-01-18,2023-06-27,DELAYED,13.50253,78.11519
MPLADS-001961,Maternity Ward Facility at Ward-35,Maternity Ward Facility,Public Health,DIST-0445,ST-12,PC-0648,CONT-0152,AGENCY-0947,2023-10-15,2023-12-01,2024-06-28,WORK_IN_PROGRESS,17.3807,81.50383
MPLADS-001962,Multi-Village Hospital Block at Ward-89,Multi-Village Hospital Block,Mega Infrastructure,DIST-0376,ST-09,PC-0544,CONT-0018,AGENCY-0964,2023-01-22,2023-03-21,2024-04-24,WORK_IN_PROGRESS,22.76146,70.01766
MPLADS-001963,District Sports Complex at Ward-77,District Sports Complex,Mega Infrastructure,DIST-0205,ST-05,PC-0296,CONT-0036,AGENCY-0493,2022-05-20,2022-07-08,2023-08-12,WORK_IN_PROGRESS,23.50749,75.50313
MPLADS-001964,Maternity Ward Facility at Ward-85,Maternity Ward Facility,Public Health,DIST-0072,ST-01,PC-0105,CONT-0240,AGENCY-1177,2022-06-18,2022-07-17,2023-02-12,WORK_IN_PROGRESS,25.52169,81.70694
MPLADS-001965,Solar Rooftop Panel at Ward-59,Solar Rooftop Panel,Renewable Energy,DIST-0467,ST-12,PC-0683,CONT-0196,AGENCY-0946,2022-05-13,2022-07-06,2022-09-04,WORK_IN_PROGRESS,16.03698,77.35287
MPLADS-001966,Primary Health Sub-Centre at Ward-81,Primary Health Sub-Centre,Public Health,DIST-0134,ST-03,PC-0193,CONT-0064,AGENCY-1206,2022-10-01,2022-11-15,2023-06-13,COMPLETED,26.54737,84.3787
MPLADS-001967,Bituminous Road at Ward-55,Bituminous Road,Roads & Bridges,DIST-0051,ST-01,PC-0075,CONT-0217,AGENCY-0859,2023-11-12,2023-12-13,2024-06-10,WORK_IN_PROGRESS,29.82086,82.28142
MPLADS-001968,Ayurvedic Dispensary at Ward-41,Ayurvedic Dispensary,Public Health,DIST-0477,ST-13,PC-0697,CONT-0154,AGENCY-0871,2023-02-27,2023-04-11,2023-11-07,WORK_IN_PROGRESS,9.75076,77.16225
MPLADS-001969,Community Tank at Ward-81,Community Tank,Drinking Water,DIST-0381,ST-10,PC-0551,CONT-0309,AGENCY-1090,2022-08-07,2022-08-27,2022-11-25,WORK_IN_PROGRESS,14.19126,80.53014
MPLADS-001970,RO Water Plant at Ward-46,RO Water Plant,Drinking Water,DIST-0366,ST-09,PC-0531,CONT-0287,AGENCY-1123,2022-10-23,2022-12-12,2023-03-12,COMPLETED,23.18071,73.3236
MPLADS-001971,Community Tank at Ward-39,Community Tank,Drinking Water,DIST-0526,ST-15,PC-0772,CONT-0319,AGENCY-1108,2023-03-11,2023-05-09,2023-08-07,WORK_IN_PROGRESS,25.72728,93.06314
MPLADS-001972,Community Tank at Ward-61,Community Tank,Drinking Water,DIST-0013,ST-01,PC-0018,CONT-0005,AGENCY-0738,2022-10-29,2022-11-16,2023-02-14,WORK_IN_PROGRESS,25.71578,77.69887
MPLADS-001973,District Sports Complex at Ward-69,District Sports Complex,Mega Infrastructure,DIST-0356,ST-09,PC-0517,CONT-0190,AGENCY-1221,2023-10-12,2023-11-08,2024-12-12,WORK_IN_PROGRESS,23.33365,73.68338
MPLADS-001974,Ayurvedic Dispensary at Ward-46,Ayurvedic Dispensary,Public Health,DIST-0060,ST-01,PC-0088,CONT-0179,AGENCY-1227,2022-06-29,2022-07-20,2023-02-15,WORK_IN_PROGRESS,25.32104,80.98901
MPLADS-001975,Lift Irrigation Scheme at Ward-64,Lift Irrigation Scheme,Irrigation & Agriculture,DIST-0506,ST-14,PC-0737,CONT-0048,AGENCY-1204,2022-08-17,2022-09-18,2023-02-25,COMPLETED,22.31171,86.17556
MPLADS-001976,Primary Health Sub-Centre at Ward-09,Primary Health Sub-Centre,Public Health,DIST-0618,ST-18,PC-0910,CONT-0159,AGENCY-0719,2022-04-22,2022-05-21,2022-12-17,COMPLETED,27.67873,75.57439
MPLADS-001977,Crematorium Shed at Ward-68,Crematorium Shed,Community Infrastructure,DIST-0374,ST-09,PC-0541,CONT-0187,AGENCY-0644,2023-03-23,2023-04-23,2023-08-21,WORK_IN_PROGRESS,23.0579,73.20437
MPLADS-001978,Solar Rooftop Panel at Ward-85,Solar Rooftop Panel,Renewable Energy,DIST-0106,ST-02,PC-0151,CONT-0282,AGENCY-0867,2023-05-30,2023-06-29,2023-08-28,WORK_IN_PROGRESS,17.13027,78.12911
MPLADS-001979,Primary Health Sub-Centre at Ward-30,Primary Health Sub-Centre,Public Health,DIST-0496,ST-14,PC-0724,CONT-0105,AGENCY-0903,2023-10-04,2023-11-07,2024-06-04,WORK_IN_PROGRESS,23.78418,85.78673
MPLADS-001980,Piped Water Network at Ward-18,Piped Water Network,Drinking Water,DIST-0451,ST-12,PC-0657,CONT-0248,AGENCY-0960,2022-07-14,2022-09-03,2022-12-02,WORK_IN_PROGRESS,16.00063,81.18748
MPLADS-001981,Public Toilet Complex at Ward-95,Public Toilet Complex,Community Infrastructure,DIST-0392,ST-10,PC-0566,CONT-0301,AGENCY-0162,2023-05-12,2023-06-07,2023-10-05,WORK_IN_PROGRESS,17.73437,81.94289
MPLADS-001982,Solar High-Mast Light at Ward-62,Solar High-Mast Light,Renewable Energy,DIST-0269,ST-07,PC-0392,CONT-0010,AGENCY-0921,2023-07-13,2023-09-02,2023-11-01,DELAYED,25.43548,72.26242
MPLADS-001983,Solar Rooftop Panel at Ward-08,Solar Rooftop Panel,Renewable Energy,DIST-0611,ST-18,PC-0899,CONT-0132,AGENCY-1027,2022-02-10,2022-03-27,2022-05-26,COMPLETED,27.99908,75.69929
MPLADS-001984,Public Toilet Complex at Ward-56,Public Toilet Complex,Community Infrastructure,DIST-0518,ST-15,PC-0757,CONT-0081,AGENCY-0768,2022-11-15,2022-12-18,2023-04-17,WORK_IN_PROGRESS,27.70514,90.96277
MPLADS-001985,Community Tank at Ward-33,Community Tank,Drinking Water,DIST-0118,ST-03,PC-0171,CONT-0135,AGENCY-1149,2023-11-09,2023-12-03,2024-03-02,WORK_IN_PROGRESS,26.46354,87.48881
MPLADS-001986,District Sports Complex at Ward-39,District Sports Complex,Mega Infrastructure,DIST-0606,ST-18,PC-0892,CONT-0210,AGENCY-0310,2022-08-13,2022-09-16,2023-10-21,COMPLETED,30.14299,77.39903
MPLADS-001987,Ayurvedic Dispensary at Ward-08,Ayurvedic Dispensary,Public Health,DIST-0090,ST-02,PC-0131,CONT-0176,AGENCY-0216,2022-09-05,2022-10-19,2023-05-17,WORK_IN_PROGRESS,16.27806,73.65077
MPLADS-001988,Farm Pond Renovation at Ward-78,Farm Pond Renovation,Irrigation & Agriculture,DIST-0099,ST-02,PC-0142,CONT-0172,AGENCY-0542,2023-08-30,2023-10-13,2024-03-21,WORK_IN_PROGRESS,18.46537,74.04229
MPLADS-001989,Major River Overbridge at Ward-49,Major River Overbridge,Mega Infrastructure,DIST-0393,ST-10,PC-0568,CONT-0229,AGENCY-0599,2023-09-05,2023-09-24,2024-10-28,WORK_IN_PROGRESS,16.45372,77.87591
MPLADS-001990,Check Dam at Ward-59,Check Dam,Irrigation & Agriculture,DIST-0590,ST-17,PC-0870,CONT-0137,AGENCY-0669,2023-05-24,2023-07-15,2023-12-22,WORK_IN_PROGRESS,21.09589,82.71135
MPLADS-001991,RO Water Plant at Ward-61,RO Water Plant,Drinking Water,DIST-0016,ST-01,PC-0024,CONT-0235,AGENCY-0878,2022-11-24,2022-12-27,2023-03-27,WORK_IN_PROGRESS,24.09405,84.19113
MPLADS-001992,Culvert Bridge at Ward-04,Culvert Bridge,Roads & Bridges,DIST-0132,ST-03,PC-0191,CONT-0182,AGENCY-0336,2022-10-30,2022-11-26,2023-05-25,WORK_IN_PROGRESS,26.82479,83.53643
MPLADS-001993,Piped Water Network at Ward-87,Piped Water Network,Drinking Water,DIST-0197,ST-05,PC-0283,CONT-0270,AGENCY-0006,2023-06-05,2023-08-01,2023-10-30,DELAYED,25.99941,76.77216
MPLADS-001994,Crematorium Shed at Ward-10,Crematorium Shed,Community Infrastructure,DIST-0529,ST-15,PC-0777,CONT-0003,AGENCY-0809,2022-05-01,2022-06-12,2022-10-10,WORK_IN_PROGRESS,27.49757,90.22031
MPLADS-001995,Bituminous Road at Ward-42,Bituminous Road,Roads & Bridges,DIST-0480,ST-13,PC-0700,CONT-0126,AGENCY-0053,2022-09-22,2022-11-09,2023-05-08,COMPLETED,9.53281,75.09235
MPLADS-001996,School Additional Classroom at Ward-77,School Additional Classroom,Education Infrastructure,DIST-0592,ST-17,PC-0872,CONT-0267,AGENCY-0606,2023-02-03,2023-03-22,2023-08-19,COMPLETED,23.4954,81.82836
MPLADS-001997,District Sports Complex at Ward-88,District Sports Complex,Mega Infrastructure,DIST-0176,ST-05,PC-0248,CONT-0013,AGENCY-0654,2022-05-29,2022-07-15,2023-08-19,DELAYED,21.01531,78.05785
MPLADS-001998,Community Tank at Ward-72,Community Tank,Drinking Water,DIST-0614,ST-18,PC-0903,CONT-0299,AGENCY-0208,2023-11-11,2023-11-27,2024-02-25,WORK_IN_PROGRESS,27.82585,77.41324
MPLADS-001999,Primary Health Sub-Centre at Ward-86,Primary Health Sub-Centre,Public Health,DIST-0250,ST-06,PC-0364,CONT-0258,AGENCY-0597,2023-10-26,2023-11-26,2024-06-23,WORK_IN_PROGRESS,10.09573,78.3955
MPLADS-002000,School Boundary Wall at Ward-05,School Boundary Wall,Education Infrastructure,DIST-0405,ST-10,PC-0589,CONT-0044,AGENCY-0846,2023-09-17,2023-11-12,2024-04-10,WORK_IN_PROGRESS,16.79231,81.60396
MPLADS-002001,Solar High-Mast Light at Ward-38,Solar High-Mast Light,Renewable Energy,DIST-0282,ST-07,PC-0413,CONT-0238,AGENCY-0181,2023-03-01,2023-04-09,2023-06-08,WORK_IN_PROGRESS,29.35434,76.50471
MPLADS-002002,Solar Rooftop Panel at Ward-30,Solar Rooftop Panel,Renewable Energy,DIST-0153,ST-04,PC-0216,CONT-0097,AGENCY-0185,2023-06-04,2023-07-11,2023-09-09,WORK_IN_PROGRESS,24.86628,85.66735
MPLADS-002003,RO Water Plant at Ward-81,RO Water Plant,Drinking Water,DIST-0524,ST-15,PC-0769,CONT-0118,AGENCY-0872,2023-02-14,2023-03-12,2023-06-10,DELAYED,25.40488,92.00812
MPLADS-002004,Maternity Ward Facility at Ward-50,Maternity Ward Facility,Public Health,DIST-0593,ST-17,PC-0873,CONT-0214,AGENCY-0912,2023-06-27,2023-07-26,2024-02-21,WORK_IN_PROGRESS,18.50383,82.64099
MPLADS-002005,Check Dam at Ward-08,Check Dam,Irrigation & Agriculture,DIST-0255,ST-06,PC-0372,CONT-0096,AGENCY-0058,2023-04-22,2023-06-14,2023-11-21,COMPLETED,11.87536,76.96493
MPLADS-002006,Check Dam at Ward-14,Check Dam,Irrigation & Agriculture,DIST-0487,ST-14,PC-0711,CONT-0247,AGENCY-0968,2022-01-21,2022-03-15,2022-08-22,COMPLETED,23.6892,85.9055
MPLADS-002007,Solar High-Mast Light at Ward-11,Solar High-Mast Light,Renewable Energy,DIST-0211,ST-05,PC-0307,CONT-0177,AGENCY-1231,2022-06-30,2022-08-14,2022-10-13,WORK_IN_PROGRESS,22.05303,81.2613
MPLADS-002008,RO Water Plant at Ward-07,RO Water Plant,Drinking Water,DIST-0414,ST-11,PC-0604,CONT-0119,AGENCY-0034,2022-10-12,2022-11-13,2023-02-11,DELAYED,21.25023,87.50095
MPLADS-002009,Culvert Bridge at Ward-65,Culvert Bridge,Roads & Bridges,DIST-0048,ST-01,PC-0070,CONT-0085,AGENCY-1055,2022-11-07,2022-11-26,2023-05-25,WORK_IN_PROGRESS,27.96907,83.07371
MPLADS-002010,Lift Irrigation Scheme at Ward-63,Lift Irrigation Scheme,Irrigation & Agriculture,DIST-0425,ST-11,PC-0620,CONT-0307,AGENCY-0791,2022-06-18,2022-08-09,2023-01-16,WORK_IN_PROGRESS,21.48188,84.94622
MPLADS-002011,Piped Water Network at Ward-20,Piped Water Network,Drinking Water,DIST-0402,ST-10,PC-0583,CONT-0152,AGENCY-0779,2022-04-27,2022-05-27,2022-08-25,COMPLETED,15.2819,78.84648
MPLADS-002012,Farm Pond Renovation at Ward-27,Farm Pond Renovation,Irrigation & Agriculture,DIST-0359,ST-09,PC-0521,CONT-0023,AGENCY-0076,2023-02-17,2023-04-16,2023-09-23,COMPLETED,23.52395,71.8464
MPLADS-002013,District Sports Complex at Ward-84,District Sports Complex,Mega Infrastructure,DIST-0385,ST-10,PC-0557,CONT-0085,AGENCY-0799,2022-11-15,2022-12-28,2024-02-01,WORK_IN_PROGRESS,12.70895,79.35742
MPLADS-002014,Community Hall at Ward-86,Community Hall,Community Infrastructure,DIST-0365,ST-09,PC-0529,CONT-0098,AGENCY-0746,2023-01-14,2023-03-06,2023-07-04,WORK_IN_PROGRESS,21.04567,69.20355
MPLADS-002015,Solar Rooftop Panel at Ward-02,Solar Rooftop Panel,Renewable Energy,DIST-0492,ST-14,PC-0718,CONT-0228,AGENCY-0714,2022-12-02,2022-12-23,2023-02-21,WORK_IN_PROGRESS,23.2858,83.6584
MPLADS-002016,Solar High-Mast Light at Ward-11,Solar High-Mast Light,Renewable Energy,DIST-0601,ST-18,PC-0884,CONT-0132,AGENCY-0397,2022-11-09,2022-12-17,2023-02-15,WORK_IN_PROGRESS,28.56338,76.5653
MPLADS-002017,Bituminous Road at Ward-14,Bituminous Road,Roads & Bridges,DIST-0560,ST-16,PC-0823,CONT-0158,AGENCY-0108,2023-08-18,2023-09-17,2024-03-15,COMPLETED,30.46546,75.53801
MPLADS-002018,Bituminous Road at Ward-66,Bituminous Road,Roads & Bridges,DIST-0539,ST-15,PC-0791,CONT-0132,AGENCY-0171,2022-11-25,2022-12-23,2023-06-21,WORK_IN_PROGRESS,24.05291,90.34368
MPLADS-002019,Major River Overbridge at Ward-56,Major River Overbridge,Mega Infrastructure,DIST-0604,ST-18,PC-0889,CONT-0088,AGENCY-0212,2022-09-22,2022-10-20,2023-11-24,WORK_IN_PROGRESS,29.7337,77.3576
MPLADS-002020,Major River Overbridge at Ward-07,Major River Overbridge,Mega Infrastructure,DIST-0080,ST-02,PC-0118,CONT-0090,AGENCY-0001,2022-03-10,2022-05-04,2023-06-08,WORK_IN_PROGRESS,19.11996,73.24244
MPLADS-002021,School Additional Classroom at Ward-53,School Additional Classroom,Education Infrastructure,DIST-0313,ST-07,PC-0460,CONT-0042,AGENCY-0013,2023-08-09,2023-09-04,2024-02-01,WORK_IN_PROGRESS,25.58417,75.70911
MPLADS-002022,CC Road Construction at Ward-29,CC Road Construction,Roads & Bridges,DIST-0583,ST-17,PC-0860,CONT-0129,AGENCY-0493,2023-03-09,2023-04-19,2023-10-16,WORK_IN_PROGRESS,18.19816,81.94798
MPLADS-002023,Solar Street Lighting at Ward-32,Solar Street Lighting,Renewable Energy,DIST-0208,ST-05,PC-0301,CONT-0276,AGENCY-1110,2022-07-02,2022-08-07,2022-10-06,WORK_IN_PROGRESS,24.24066,82.46952
MPLADS-002024,Library Room at Ward-29,Library Room,Education Infrastructure,DIST-0408,ST-11,PC-0594,CONT-0002,AGENCY-0169,2023-03-26,2023-04-24,2023-09-21,WORK_IN_PROGRESS,17.8918,82.49767
MPLADS-002025,Solar High-Mast Light at Ward-51,Solar High-Mast Light,Renewable Energy,DIST-0127,ST-03,PC-0183,CONT-0053,AGENCY-0294,2022-04-21,2022-06-10,2022-08-09,WORK_IN_PROGRESS,27.46331,84.64679
MPLADS-002026,Solar High-Mast Light at Ward-41,Solar High-Mast Light,Renewable Energy,DIST-0040,ST-01,PC-0059,CONT-0265,AGENCY-0092,2022-11-02,2022-11-25,2023-01-24,WORK_IN_PROGRESS,27.67799,80.55636
MPLADS-002027,Major River Overbridge at Ward-36,Major River Overbridge,Mega Infrastructure,DIST-0410,ST-11,PC-0598,CONT-0154,AGENCY-0877,2023-04-22,2023-06-12,2024-07-16,WORK_IN_PROGRESS,21.48858,86.76514
MPLADS-002028,Culvert Bridge at Ward-31,Culvert Bridge,Roads & Bridges,DIST-0098,ST-02,PC-0141,CONT-0230,AGENCY-0069,2023-05-22,2023-07-01,2023-12-28,WORK_IN_PROGRESS,20.22592,79.57213
MPLADS-002029,Culvert Bridge at Ward-02,Culvert Bridge,Roads & Bridges,DIST-0396,ST-10,PC-0573,CONT-0114,AGENCY-0154,2022-01-01,2022-01-24,2022-07-23,WORK_IN_PROGRESS,14.7146,80.33664
MPLADS-002030,Bituminous Road at Ward-75,Bituminous Road,Roads & Bridges,DIST-0611,ST-18,PC-0899,CONT-0279,AGENCY-0452,2023-03-16,2023-04-03,2023-09-30,WORK_IN_PROGRESS,28.04229,75.73594
MPLADS-002031,School Boundary Wall at Ward-18,School Boundary Wall,Education Infrastructure,DIST-0123,ST-03,PC-0179,CONT-0121,AGENCY-0257,2023-07-15,2023-08-10,2024-01-07,WORK_IN_PROGRESS,24.59387,84.6031
MPLADS-002032,Library Room at Ward-48,Library Room,Education Infrastructure,DIST-0450,ST-12,PC-0655,CONT-0008,AGENCY-0254,2022-12-30,2023-02-10,2023-07-10,WORK_IN_PROGRESS,18.1186,79.51624
MPLADS-002033,Culvert Bridge at Ward-68,Culvert Bridge,Roads & Bridges,DIST-0164,ST-04,PC-0232,CONT-0318,AGENCY-0173,2023-07-27,2023-08-25,2024-02-21,WORK_IN_PROGRESS,24.4316,86.23127
MPLADS-002034,Solar High-Mast Light at Ward-05,Solar High-Mast Light,Renewable Energy,DIST-0381,ST-10,PC-0551,CONT-0077,AGENCY-0136,2022-12-13,2023-01-15,2023-03-16,COMPLETED,14.14328,80.51114
MPLADS-002035,Solar High-Mast Light at Ward-62,Solar High-Mast Light,Renewable Energy,DIST-0498,ST-14,PC-0726,CONT-0267,AGENCY-0944,2023-11-19,2023-12-30,2024-02-28,WORK_IN_PROGRESS,22.60726,84.08463
MPLADS-002036,Smart Classroom Lab at Ward-36,Smart Classroom Lab,Education Infrastructure,DIST-0197,ST-05,PC-0283,CONT-0051,AGENCY-0664,2022-10-15,2022-11-06,2023-04-05,WORK_IN_PROGRESS,26.02182,76.81926
MPLADS-002037,Solar Street Lighting at Ward-29,Solar Street Lighting,Renewable Energy,DIST-0609,ST-18,PC-0897,CONT-0114,AGENCY-0068,2022-09-09,2022-11-02,2023-01-01,WORK_IN_PROGRESS,27.76975,76.45661
MPLADS-002038,School Boundary Wall at Ward-23,School Boundary Wall,Education Infrastructure,DIST-0213,ST-05,PC-0310,CONT-0194,AGENCY-0391,2022-04-12,2022-05-15,2022-10-12,WORK_IN_PROGRESS,23.41198,77.77262
MPLADS-002039,Deep Tube Well at Ward-60,Deep Tube Well,Drinking Water,DIST-0122,ST-03,PC-0178,CONT-0085,AGENCY-0875,2023-11-23,2023-12-08,2024-03-07,DELAYED,25.40516,84.27528
MPLADS-002040,School Additional Classroom at Ward-17,School Additional Classroom,Education Infrastructure,DIST-0412,ST-11,PC-0601,CONT-0073,AGENCY-1160,2022-11-28,2022-12-16,2023-05-15,WORK_IN_PROGRESS,20.23533,85.98205
MPLADS-002041,Primary Health Sub-Centre at Ward-48,Primary Health Sub-Centre,Public Health,DIST-0066,ST-01,PC-0095,CONT-0192,AGENCY-0116,2022-05-27,2022-07-03,2023-01-29,WORK_IN_PROGRESS,24.19431,83.99398
MPLADS-002042,RO Water Plant at Ward-25,RO Water Plant,Drinking Water,DIST-0483,ST-14,PC-0705,CONT-0108,AGENCY-0173,2022-06-13,2022-08-05,2022-11-03,COMPLETED,22.37953,87.1879
MPLADS-002043,School Boundary Wall at Ward-81,School Boundary Wall,Education Infrastructure,DIST-0370,ST-09,PC-0535,CONT-0210,AGENCY-0300,2022-03-16,2022-04-05,2022-09-02,COMPLETED,20.34828,74.09897
MPLADS-002044,Solar High-Mast Light at Ward-31,Solar High-Mast Light,Renewable Energy,DIST-0513,ST-15,PC-0748,CONT-0171,AGENCY-0149,2022-08-29,2022-10-12,2022-12-11,WORK_IN_PROGRESS,25.64552,93.59705
MPLADS-002045,Yatri Shed at Ward-31,Yatri Shed,Community Infrastructure,DIST-0002,ST-01,PC-0004,CONT-0177,AGENCY-0183,2022-01-25,2022-02-21,2022-06-21,WORK_IN_PROGRESS,26.44776,83.98248
MPLADS-002046,Major River Overbridge at Ward-78,Major River Overbridge,Mega Infrastructure,DIST-0463,ST-12,PC-0677,CONT-0223,AGENCY-0548,2022-02-13,2022-04-06,2023-05-11,COMPLETED,17.23933,79.20566
MPLADS-002047,Solar Rooftop Panel at Ward-14,Solar Rooftop Panel,Renewable Energy,DIST-0550,ST-16,PC-0808,CONT-0137,AGENCY-0263,2023-10-14,2023-12-05,2024-02-03,WORK_IN_PROGRESS,31.41379,74.11644
MPLADS-002048,Crematorium Shed at Ward-42,Crematorium Shed,Community Infrastructure,DIST-0111,ST-02,PC-0160,CONT-0209,AGENCY-1006,2023-03-17,2023-04-28,2023-08-26,WORK_IN_PROGRESS,19.5547,78.43524
MPLADS-002049,Solar Rooftop Panel at Ward-59,Solar Rooftop Panel,Renewable Energy,DIST-0184,ST-05,PC-0260,CONT-0162,AGENCY-1222,2022-04-16,2022-06-08,2022-08-07,WORK_IN_PROGRESS,24.976,80.42713
MPLADS-002050,Smart Classroom Lab at Ward-18,Smart Classroom Lab,Education Infrastructure,DIST-0053,ST-01,PC-0078,CONT-0254,AGENCY-0817,2022-01-09,2022-01-26,2022-06-25,WORK_IN_PROGRESS,26.57509,80.47953
MPLADS-002051,Solar High-Mast Light at Ward-12,Solar High-Mast Light,Renewable Energy,DIST-0203,ST-05,PC-0293,CONT-0062,AGENCY-0682,2023-05-13,2023-07-06,2023-09-04,WORK_IN_PROGRESS,22.25352,81.03716
MPLADS-002052,Check Dam at Ward-78,Check Dam,Irrigation & Agriculture,DIST-0549,ST-16,PC-0806,CONT-0168,AGENCY-0665,2023-09-06,2023-10-07,2024-03-15,WORK_IN_PROGRESS,31.62774,74.55609
MPLADS-002053,Multi-Village Hospital Block at Ward-86,Multi-Village Hospital Block,Mega Infrastructure,DIST-0503,ST-14,PC-0733,CONT-0172,AGENCY-0539,2023-03-23,2023-05-16,2024-06-19,WORK_IN_PROGRESS,22.68,86.54341
MPLADS-002054,Piped Water Network at Ward-33,Piped Water Network,Drinking Water,DIST-0618,ST-18,PC-0911,CONT-0148,AGENCY-1172,2023-11-13,2023-12-06,2024-03-05,DELAYED,27.65945,75.47446
MPLADS-002055,Major River Overbridge at Ward-60,Major River Overbridge,Mega Infrastructure,DIST-0021,ST-01,PC-0032,CONT-0172,AGENCY-0962,2022-12-09,2022-12-24,2024-01-28,WORK_IN_PROGRESS,29.72846,83.76833
MPLADS-002056,CC Road Construction at Ward-87,CC Road Construction,Roads & Bridges,DIST-0237,ST-06,PC-0345,CONT-0039,AGENCY-0242,2023-04-19,2023-05-07,2023-11-03,WORK_IN_PROGRESS,8.19193,77.25881
MPLADS-002057,Solar Street Lighting at Ward-13,Solar Street Lighting,Renewable Energy,DIST-0570,ST-17,PC-0840,CONT-0240,AGENCY-1121,2022-11-07,2022-12-28,2023-02-26,DELAYED,21.55552,81.40992
MPLADS-002058,Bituminous Road at Ward-36,Bituminous Road,Roads & Bridges,DIST-0437,ST-12,PC-0638,CONT-0068,AGENCY-0972,2023-11-16,2024-01-01,2024-06-29,COMPLETED,17.75091,79.95085
MPLADS-002059,Library Room at Ward-70,Library Room,Education Infrastructure,DIST-0372,ST-09,PC-0538,CONT-0037,AGENCY-0109,2022-07-26,2022-09-14,2023-02-11,WORK_IN_PROGRESS,23.81612,71.26813
MPLADS-002060,Multi-Village Hospital Block at Ward-92,Multi-Village Hospital Block,Mega Infrastructure,DIST-0020,ST-01,PC-0029,CONT-0303,AGENCY-0718,2022-09-14,2022-10-06,2023-11-10,WORK_IN_PROGRESS,27.42613,78.86035
MPLADS-002061,Deep Tube Well at Ward-36,Deep Tube Well,Drinking Water,DIST-0582,ST-17,PC-0859,CONT-0272,AGENCY-0940,2023-10-21,2023-11-07,2024-02-05,WORK_IN_PROGRESS,18.98268,83.65854
MPLADS-002062,Farm Pond Renovation at Ward-34,Farm Pond Renovation,Irrigation & Agriculture,DIST-0089,ST-02,PC-0129,CONT-0019,AGENCY-0475,2023-08-06,2023-09-06,2024-02-13,WORK_IN_PROGRESS,17.75616,72.66832
MPLADS-002063,RO Water Plant at Ward-16,RO Water Plant,Drinking Water,DIST-0538,ST-15,PC-0790,CONT-0239,AGENCY-1188,2023-07-23,2023-08-12,2023-11-10,WORK_IN_PROGRESS,27.59771,93.29212
MPLADS-002064,Yatri Shed at Ward-55,Yatri Shed,Community Infrastructure,DIST-0179,ST-05,PC-0251,CONT-0262,AGENCY-0920,2023-03-21,2023-05-04,2023-09-01,WORK_IN_PROGRESS,26.2881,77.40081
MPLADS-002065,Lift Irrigation Scheme at Ward-31,Lift Irrigation Scheme,Irrigation & Agriculture,DIST-0254,ST-06,PC-0371,CONT-0291,AGENCY-0282,2023-01-09,2023-03-03,2023-08-10,COMPLETED,12.71243,76.13009
MPLADS-002066,Bituminous Road at Ward-61,Bituminous Road,Roads & Bridges,DIST-0435,ST-11,PC-0635,CONT-0236,AGENCY-0142,2022-07-15,2022-09-02,2023-03-01,WORK_IN_PROGRESS,18.14328,82.6588
MPLADS-002067,CC Road Construction at Ward-56,CC Road Construction,Roads & Bridges,DIST-0464,ST-12,PC-0678,CONT-0187,AGENCY-0517,2023-05-17,2023-06-14,2023-12-11,COMPLETED,16.61373,80.83964
MPLADS-002068,Piped Water Network at Ward-37,Piped Water Network,Drinking Water,DIST-0441,ST-12,PC-0643,CONT-0096,AGENCY-0941,2022-09-05,2022-10-05,2023-01-03,WORK_IN_PROGRESS,19.21378,80.26301
MPLADS-002069,CC Road Construction at Ward-58,CC Road Construction,Roads & Bridges,DIST-0156,ST-04,PC-0219,CONT-0027,AGENCY-1167,2023-01-26,2023-03-11,2023-09-07,WORK_IN_PROGRESS,26.46212,85.60339
MPLADS-002070,Maternity Ward Facility at Ward-68,Maternity Ward Facility,Public Health,DIST-0028,ST-01,PC-0040,CONT-0023,AGENCY-1148,2023-08-16,2023-10-02,2024-04-29,WORK_IN_PROGRESS,27.88329,83.44316
MPLADS-002071,Bituminous Road at Ward-12,Bituminous Road,Roads & Bridges,DIST-0440,ST-12,PC-0642,CONT-0155,AGENCY-0296,2022-07-10,2022-08-16,2023-02-12,WORK_IN_PROGRESS,16.14512,80.91198
MPLADS-002072,Major River Overbridge at Ward-21,Major River Overbridge,Mega Infrastructure,DIST-0078,ST-02,PC-0114,CONT-0267,AGENCY-0493,2023-01-18,2023-03-09,2024-04-12,COMPLETED,19.3501,77.75265
MPLADS-002073,CC Road Construction at Ward-83,CC Road Construction,Roads & Bridges,DIST-0266,ST-07,PC-0388,CONT-0149,AGENCY-0853,2023-04-22,2023-05-20,2023-11-16,WORK_IN_PROGRESS,25.09095,70.83411
MPLADS-002074,Deep Tube Well at Ward-06,Deep Tube Well,Drinking Water,DIST-0148,ST-03,PC-0210,CONT-0138,AGENCY-0151,2022-05-15,2022-06-05,2022-09-03,WORK_IN_PROGRESS,27.03568,85.54284
MPLADS-002075,RO Water Plant at Ward-53,RO Water Plant,Drinking Water,DIST-0387,ST-10,PC-0560,CONT-0161,AGENCY-0871,2023-08-28,2023-10-09,2024-01-07,WORK_IN_PROGRESS,17.61541,76.53611
MPLADS-002076,RO Water Plant at Ward-13,RO Water Plant,Drinking Water,DIST-0157,ST-04,PC-0221,CONT-0105,AGENCY-0100,2023-08-15,2023-09-01,2023-11-30,WORK_IN_PROGRESS,26.60528,87.72798
MPLADS-002077,Check Dam at Ward-03,Check Dam,Irrigation & Agriculture,DIST-0526,ST-15,PC-0771,CONT-0136,AGENCY-0478,2022-03-03,2022-03-18,2022-08-25,WORK_IN_PROGRESS,25.75479,92.99923
MPLADS-002078,Check Dam at Ward-12,Check Dam,Irrigation & Agriculture,DIST-0561,ST-16,PC-0824,CONT-0043,AGENCY-0048,2022-07-23,2022-09-06,2023-02-13,WORK_IN_PROGRESS,32.20545,74.1705
MPLADS-002079,Paver Block Road at Ward-83,Paver Block Road,Roads & Bridges,DIST-0391,ST-10,PC-0565,CONT-0098,AGENCY-0638,2022-03-13,2022-04-30,2022-10-27,WORK_IN_PROGRESS,14.98125,83.40236
MPLADS-002080,Farm Pond Renovation at Ward-65,Farm Pond Renovation,Irrigation & Agriculture,DIST-0112,ST-03,PC-0161,CONT-0124,AGENCY-0741,2023-04-12,2023-05-02,2023-10-09,WORK_IN_PROGRESS,24.66158,85.22496
MPLADS-002081,Piped Water Network at Ward-95,Piped Water Network,Drinking Water,DIST-0294,ST-07,PC-0430,CONT-0150,AGENCY-0850,2023-08-23,2023-10-13,2024-01-11,WORK_IN_PROGRESS,26.81525,73.22027
MPLADS-002082,Library Room at Ward-54,Library Room,Education Infrastructure,DIST-0319,ST-08,PC-0468,CONT-0250,AGENCY-1101,2023-09-10,2023-10-27,2024-03-25,WORK_IN_PROGRESS,16.75001,76.02361
MPLADS-002083,School Boundary Wall at Ward-71,School Boundary Wall,Education Infrastructure,DIST-0422,ST-11,PC-0616,CONT-0307,AGENCY-0740,2023-06-18,2023-07-08,2023-12-05,COMPLETED,18.70653,84.72207
MPLADS-002084,Culvert Bridge at Ward-20,Culvert Bridge,Roads & Bridges,DIST-0528,ST-15,PC-0776,CONT-0315,AGENCY-1139,2023-03-04,2023-03-19,2023-09-15,WORK_IN_PROGRESS,26.59449,90.80031
MPLADS-002085,Paver Block Road at Ward-08,Paver Block Road,Roads & Bridges,DIST-0124,ST-03,PC-0180,CONT-0295,AGENCY-0901,2023-10-09,2023-11-05,2024-05-03,COMPLETED,25.04971,83.80182
MPLADS-002086,RO Water Plant at Ward-87,RO Water Plant,Drinking Water,DIST-0484,ST-14,PC-0707,CONT-0017,AGENCY-0310,2022-12-04,2023-01-11,2023-04-11,COMPLETED,22.50017,83.92451
MPLADS-002087,Library Room at Ward-28,Library Room,Education Infrastructure,DIST-0484,ST-14,PC-0707,CONT-0221,AGENCY-0248,2022-05-13,2022-07-11,2022-12-08,WORK_IN_PROGRESS,22.50258,83.94225
MPLADS-002088,Solar High-Mast Light at Ward-40,Solar High-Mast Light,Renewable Energy,DIST-0388,ST-10,PC-0561,CONT-0205,AGENCY-0439,2023-08-05,2023-09-11,2023-11-10,WORK_IN_PROGRESS,15.41281,80.01245
MPLADS-002089,School Boundary Wall at Ward-06,School Boundary Wall,Education Infrastructure,DIST-0243,ST-06,PC-0353,CONT-0130,AGENCY-0962,2023-04-17,2023-05-23,2023-10-20,WORK_IN_PROGRESS,9.95174,78.59318
MPLADS-002090,Check Dam at Ward-28,Check Dam,Irrigation & Agriculture,DIST-0506,ST-14,PC-0737,CONT-0181,AGENCY-0208,2023-07-02,2023-08-06,2024-01-13,WORK_IN_PROGRESS,22.36788,86.22275
MPLADS-002091,Solar Rooftop Panel at Ward-91,Solar Rooftop Panel,Renewable Energy,DIST-0270,ST-07,PC-0393,CONT-0080,AGENCY-1105,2023-08-02,2023-09-05,2023-11-04,WORK_IN_PROGRESS,26.99572,70.12235
MPLADS-002092,Community Tank at Ward-85,Community Tank,Drinking Water,DIST-0091,ST-02,PC-0133,CONT-0251,AGENCY-1205,2023-05-11,2023-05-31,2023-08-29,WORK_IN_PROGRESS,19.36602,73.462
MPLADS-002093,School Additional Classroom at Ward-66,School Additional Classroom,Education Infrastructure,DIST-0187,ST-05,PC-0264,CONT-0010,AGENCY-1189,2022-01-01,2022-02-13,2022-07-13,WORK_IN_PROGRESS,25.71056,81.25891
MPLADS-002094,Library Room at Ward-62,Library Room,Education Infrastructure,DIST-0467,ST-12,PC-0682,CONT-0078,AGENCY-0537,2022-04-02,2022-05-09,2022-10-06,WORK_IN_PROGRESS,16.08812,77.35911
MPLADS-002095,Major River Overbridge at Ward-79,Major River Overbridge,Mega Infrastructure,DIST-0471,ST-13,PC-0687,CONT-0169,AGENCY-0303,2023-10-30,2023-11-22,2024-12-26,COMPLETED,9.48716,75.44691
MPLADS-002096,Multi-Village Hospital Block at Ward-10,Multi-Village Hospital Block,Mega Infrastructure,DIST-0526,ST-15,PC-0771,CONT-0260,AGENCY-0069,2022-03-09,2022-04-08,2023-05-13,WORK_IN_PROGRESS,25.81857,93.00827
MPLADS-002097,Smart Classroom Lab at Ward-30,Smart Classroom Lab,Education Infrastructure,DIST-0304,ST-07,PC-0447,CONT-0058,AGENCY-1113,2023-02-12,2023-03-27,2023-08-24,WORK_IN_PROGRESS,28.6732,70.64728
MPLADS-002098,District Sports Complex at Ward-82,District Sports Complex,Mega Infrastructure,DIST-0085,ST-02,PC-0125,CONT-0292,AGENCY-1168,2022-06-26,2022-08-05,2023-09-09,WORK_IN_PROGRESS,16.51638,72.8363
MPLADS-002099,Smart Classroom Lab at Ward-93,Smart Classroom Lab,Education Infrastructure,DIST-0165,ST-04,PC-0234,CONT-0290,AGENCY-0068,2022-12-24,2023-02-14,2023-07-14,WORK_IN_PROGRESS,26.57903,86.20369
MPLADS-002100,Solar Rooftop Panel at Ward-39,Solar Rooftop Panel,Renewable Energy,DIST-0096,ST-02,PC-0138,CONT-0282,AGENCY-0639,2022-03-18,2022-04-12,2022-06-11,WORK_IN_PROGRESS,21.24643,75.51706
MPLADS-002101,Major River Overbridge at Ward-73,Major River Overbridge,Mega Infrastructure,DIST-0340,ST-08,PC-0497,CONT-0300,AGENCY-0731,2023-01-13,2023-02-04,2024-03-10,WORK_IN_PROGRESS,18.38213,76.12204
MPLADS-002102,Bituminous Road at Ward-54,Bituminous Road,Roads & Bridges,DIST-0408,ST-11,PC-0594,CONT-0001,AGENCY-0376,2022-06-29,2022-07-31,2023-01-27,WORK_IN_PROGRESS,17.84195,82.51178
MPLADS-002103,CC Road Construction at Ward-44,CC Road Construction,Roads & Bridges,DIST-0499,ST-14,PC-0727,CONT-0282,AGENCY-0544,2022-09-11,2022-10-16,2023-04-14,WORK_IN_PROGRESS,24.27118,83.73742
MPLADS-002104,Paver Block Road at Ward-15,Paver Block Road,Roads & Bridges,DIST-0068,ST-01,PC-0097,CONT-0244,AGENCY-0819,2023-07-10,2023-08-14,2024-02-10,WORK_IN_PROGRESS,29.60967,77.91296
MPLADS-002105,Community Tank at Ward-35,Community Tank,Drinking Water,DIST-0583,ST-17,PC-0861,CONT-0136,AGENCY-0968,2023-10-04,2023-11-15,2024-02-13,WORK_IN_PROGRESS,18.17063,81.98559
MPLADS-002106,Major River Overbridge at Ward-39,Major River Overbridge,Mega Infrastructure,DIST-0149,ST-03,PC-0211,CONT-0101,AGENCY-0069,2022-09-02,2022-10-16,2023-11-20,WORK_IN_PROGRESS,26.15891,84.3237
MPLADS-002107,School Boundary Wall at Ward-15,School Boundary Wall,Education Infrastructure,DIST-0502,ST-14,PC-0731,CONT-0043,AGENCY-0415,2023-07-27,2023-08-15,2024-01-12,COMPLETED,24.72292,83.54478
MPLADS-002108,Library Room at Ward-98,Library Room,Education Infrastructure,DIST-0186,ST-05,PC-0262,CONT-0201,AGENCY-0020,2022-05-14,2022-06-21,2022-11-18,WORK_IN_PROGRESS,22.19933,81.20384
MPLADS-002109,Solar Street Lighting at Ward-88,Solar Street Lighting,Renewable Energy,DIST-0607,ST-18,PC-0894,CONT-0195,AGENCY-0677,2022-12-31,2023-01-18,2023-03-19,WORK_IN_PROGRESS,30.17304,75.01095
MPLADS-002110,Primary Health Sub-Centre at Ward-46,Primary Health Sub-Centre,Public Health,DIST-0280,ST-07,PC-0410,CONT-0269,AGENCY-0457,2022-03-21,2022-05-10,2022-12-06,WORK_IN_PROGRESS,27.71375,73.50346
MPLADS-002111,Community Hall at Ward-24,Community Hall,Community Infrastructure,DIST-0406,ST-11,PC-0590,CONT-0069,AGENCY-0432,2022-10-13,2022-11-24,2023-03-24,WORK_IN_PROGRESS,21.62067,82.72275
MPLADS-002112,Lift Irrigation Scheme at Ward-34,Lift Irrigation Scheme,Irrigation & Agriculture,DIST-0454,ST-12,PC-0662,CONT-0282,AGENCY-0893,2023-09-28,2023-11-18,2024-04-26,WORK_IN_PROGRESS,17.01642,79.97371
MPLADS-002113,Solar Street Lighting at Ward-81,Solar Street Lighting,Renewable Energy,DIST-0332,ST-08,PC-0485,CONT-0094,AGENCY-0107,2023-05-16,2023-06-07,2023-08-06,WORK_IN_PROGRESS,18.0266,76.25774
MPLADS-002114,Major River Overbridge at Ward-97,Major River Overbridge,Mega Infrastructure,DIST-0417,ST-11,PC-0609,CONT-0148,AGENCY-1065,2023-02-10,2023-02-27,2024-04-02,COMPLETED,21.53114,84.0687
MPLADS-002115,Lift Irrigation Scheme at Ward-69,Lift Irrigation Scheme,Irrigation & Agriculture,DIST-0580,ST-17,PC-0857,CONT-0167,AGENCY-0853,2023-11-19,2023-12-09,2024-05-17,WORK_IN_PROGRESS,23.79621,84.06613
MPLADS-002116,Public Toilet Complex at Ward-58,Public Toilet Complex,Community Infrastructure,DIST-0384,ST-10,PC-0554,CONT-0136,AGENCY-1230,2022-09-30,2022-11-20,2023-03-20,COMPLETED,14.07446,77.11147
MPLADS-002117,Library Room at Ward-28,Library Room,Education Infrastructure,DIST-0190,ST-05,PC-0271,CONT-0290,AGENCY-0240,2022-09-28,2022-10-19,2023-03-18,COMPLETED,24.67942,78.43638
MPLADS-002118,Piped Water Network at Ward-54,Piped Water Network,Drinking Water,DIST-0337,ST-08,PC-0492,CONT-0193,AGENCY-0279,2022-02-21,2022-03-09,2022-06-07,COMPLETED,13.73246,75.13167
MPLADS-002119,Deep Tube Well at Ward-48,Deep Tube Well,Drinking Water,DIST-0410,ST-11,PC-0598,CONT-0014,AGENCY-0559,2022-08-24,2022-09-13,2022-12-12,WORK_IN_PROGRESS,21.50029,86.80974
MPLADS-002120,Ambulance Vehicle at Ward-77,Ambulance Vehicle,Public Health,DIST-0237,ST-06,PC-0345,CONT-0085,AGENCY-0330,2023-06-07,2023-07-28,2024-02-23,WORK_IN_PROGRESS,8.20773,77.2759
MPLADS-002121,District Sports Complex at Ward-70,District Sports Complex,Mega Infrastructure,DIST-0192,ST-05,PC-0274,CONT-0175,AGENCY-0356,2023-06-21,2023-07-17,2024-08-20,WORK_IN_PROGRESS,25.84334,76.60197
MPLADS-002122,Ayurvedic Dispensary at Ward-06,Ayurvedic Dispensary,Public Health,DIST-0370,ST-09,PC-0535,CONT-0129,AGENCY-0664,2023-08-24,2023-09-16,2024-04-13,DELAYED,20.27324,74.07631
MPLADS-002123,Paver Block Road at Ward-67,Paver Block Road,Roads & Bridges,DIST-0379,ST-09,PC-0549,CONT-0124,AGENCY-0174,2023-08-06,2023-09-18,2024-03-16,WORK_IN_PROGRESS,21.22512,68.87495
MPLADS-002124,Solar Street Lighting at Ward-68,Solar Street Lighting,Renewable Energy,DIST-0087,ST-02,PC-0127,CONT-0061,AGENCY-0367,2022-09-28,2022-11-06,2023-01-05,WORK_IN_PROGRESS,20.57551,79.33211
MPLADS-002125,Community Tank at Ward-25,Community Tank,Drinking Water,DIST-0094,ST-02,PC-0136,CONT-0032,AGENCY-0127,2023-10-10,2023-12-04,2024-03-03,WORK_IN_PROGRESS,15.64477,78.8446
MPLADS-002126,Ayurvedic Dispensary at Ward-30,Ayurvedic Dispensary,Public Health,DIST-0232,ST-06,PC-0338,CONT-0008,AGENCY-1145,2022-07-30,2022-09-09,2023-04-07,COMPLETED,9.05088,77.37006
MPLADS-002127,Ayurvedic Dispensary at Ward-01,Ayurvedic Dispensary,Public Health,DIST-0578,ST-17,PC-0854,CONT-0218,AGENCY-0901,2023-07-15,2023-09-06,2024-04-03,WORK_IN_PROGRESS,21.96037,83.98628
MPLADS-002128,Community Tank at Ward-86,Community Tank,Drinking Water,DIST-0381,ST-10,PC-0551,CONT-0179,AGENCY-0804,2023-07-15,2023-09-11,2023-12-10,WORK_IN_PROGRESS,14.14107,80.58585
MPLADS-002129,Check Dam at Ward-11,Check Dam,Irrigation & Agriculture,DIST-0317,ST-08,PC-0464,CONT-0099,AGENCY-0814,2022-05-24,2022-06-24,2022-12-01,WORK_IN_PROGRESS,17.05327,75.97696
MPLADS-002130,District Sports Complex at Ward-97,District Sports Complex,Mega Infrastructure,DIST-0014,ST-01,PC-0020,CONT-0041,AGENCY-0389,2022-08-08,2022-09-19,2023-10-24,WORK_IN_PROGRESS,28.74917,80.21936
MPLADS-002131,School Boundary Wall at Ward-68,School Boundary Wall,Education Infrastructure,DIST-0023,ST-01,PC-0034,CONT-0007,AGENCY-0710,2023-03-18,2023-04-24,2023-09-21,COMPLETED,25.29683,79.25708
MPLADS-002132,Major River Overbridge at Ward-87,Major River Overbridge,Mega Infrastructure,DIST-0606,ST-18,PC-0893,CONT-0138,AGENCY-1039,2023-11-09,2024-01-03,2025-02-06,WORK_IN_PROGRESS,30.06311,77.3271
MPLADS-002133,Yatri Shed at Ward-89,Yatri Shed,Community Infrastructure,DIST-0594,ST-17,PC-0874,CONT-0065,AGENCY-1068,2022-02-12,2022-03-18,2022-07-16,COMPLETED,19.87675,83.51438
MPLADS-002134,Yatri Shed at Ward-76,Yatri Shed,Community Infrastructure,DIST-0074,ST-01,PC-0107,CONT-0235,AGENCY-0840,2022-06-22,2022-08-12,2022-12-10,WORK_IN_PROGRESS,29.77703,78.43305
MPLADS-002135,Maternity Ward Facility at Ward-68,Maternity Ward Facility,Public Health,DIST-0172,ST-04,PC-0244,CONT-0196,AGENCY-1208,2023-05-05,2023-06-23,2024-01-19,WORK_IN_PROGRESS,25.30297,85.84481
MPLADS-002136,Paver Block Road at Ward-90,Paver Block Road,Roads & Bridges,DIST-0104,ST-02,PC-0148,CONT-0200,AGENCY-0374,2022-11-18,2023-01-15,2023-07-14,WORK_IN_PROGRESS,20.97319,77.21041
MPLADS-002137,Piped Water Network at Ward-49,Piped Water Network,Drinking Water,DIST-0575,ST-17,PC-0848,CONT-0154,AGENCY-0011,2023-10-01,2023-11-14,2024-02-12,WORK_IN_PROGRESS,21.76235,83.36495
MPLADS-002138,School Additional Classroom at Ward-16,School Additional Classroom,Education Infrastructure,DIST-0200,ST-05,PC-0288,CONT-0029,AGENCY-0393,2023-04-08,2023-06-05,2023-11-02,WORK_IN_PROGRESS,24.76855,81.20368
MPLADS-002139,Crematorium Shed at Ward-68,Crematorium Shed,Community Infrastructure,DIST-0317,ST-08,PC-0465,CONT-0211,AGENCY-0224,2022-06-06,2022-07-20,2022-11-17,WORK_IN_PROGRESS,16.96568,75.97841
MPLADS-002140,Primary Health Sub-Centre at Ward-71,Primary Health Sub-Centre,Public Health,DIST-0322,ST-08,PC-0471,CONT-0003,AGENCY-0121,2023-10-30,2023-12-04,2024-07-01,WORK_IN_PROGRESS,13.12922,74.13671
MPLADS-002141,Public Toilet Complex at Ward-01,Public Toilet Complex,Community Infrastructure,DIST-0149,ST-03,PC-0211,CONT-0015,AGENCY-0284,2022-06-06,2022-07-10,2022-11-07,WORK_IN_PROGRESS,26.11689,84.32273
MPLADS-002142,Paver Block Road at Ward-79,Paver Block Road,Roads & Bridges,DIST-0311,ST-07,PC-0457,CONT-0014,AGENCY-0706,2022-09-13,2022-11-04,2023-05-03,WORK_IN_PROGRESS,29.55395,72.77483
MPLADS-002143,Maternity Ward Facility at Ward-41,Maternity Ward Facility,Public Health,DIST-0479,ST-13,PC-0699,CONT-0007,AGENCY-0704,2022-01-17,2022-02-08,2022-09-06,COMPLETED,11.65893,75.97852
MPLADS-002144,Solar Street Lighting at Ward-93,Solar Street Lighting,Renewable Energy,DIST-0067,ST-01,PC-0096,CONT-0146,AGENCY-0417,2022-05-22,2022-06-27,2022-08-26,WORK_IN_PROGRESS,28.17468,84.31103
MPLADS-002145,Primary Health Sub-Centre at Ward-44,Primary Health Sub-Centre,Public Health,DIST-0372,ST-09,PC-0539,CONT-0075,AGENCY-0862,2022-08-21,2022-10-06,2023-05-04,WORK_IN_PROGRESS,23.82579,71.35597
MPLADS-002146,School Additional Classroom at Ward-77,School Additional Classroom,Education Infrastructure,DIST-0314,ST-07,PC-0461,CONT-0018,AGENCY-1026,2022-12-16,2023-01-27,2023-06-26,WORK_IN_PROGRESS,27.05946,71.86191
MPLADS-002147,Lift Irrigation Scheme at Ward-97,Lift Irrigation Scheme,Irrigation & Agriculture,DIST-0449,ST-12,PC-0654,CONT-0003,AGENCY-0487,2022-12-30,2023-01-17,2023-06-26,WORK_IN_PROGRESS,16.80148,81.10898
MPLADS-002148,Major River Overbridge at Ward-41,Major River Overbridge,Mega Infrastructure,DIST-0312,ST-07,PC-0458,CONT-0193,AGENCY-0941,2022-05-22,2022-07-04,2023-08-08,WORK_IN_PROGRESS,25.78161,75.27667
MPLADS-002149,Check Dam at Ward-95,Check Dam,Irrigation & Agriculture,DIST-0015,ST-01,PC-0022,CONT-0025,AGENCY-0474,2022-02-07,2022-03-25,2022-09-01,WORK_IN_PROGRESS,27.17511,79.48724
MPLADS-002150,Major River Overbridge at Ward-38,Major River Overbridge,Mega Infrastructure,DIST-0145,ST-03,PC-0206,CONT-0164,AGENCY-0056,2023-04-25,2023-06-16,2024-07-20,WORK_IN_PROGRESS,26.11829,84.55572
MPLADS-002151,Farm Pond Renovation at Ward-75,Farm Pond Renovation,Irrigation & Agriculture,DIST-0414,ST-11,PC-0604,CONT-0026,AGENCY-0397,2023-02-24,2023-04-22,2023-09-29,WORK_IN_PROGRESS,21.36588,87.47754
MPLADS-002152,RO Water Plant at Ward-73,RO Water Plant,Drinking Water,DIST-0563,ST-16,PC-0827,CONT-0042,AGENCY-0906,2022-09-16,2022-10-29,2023-01-27,WORK_IN_PROGRESS,31.95473,74.47035
MPLADS-002153,CC Road Construction at Ward-97,CC Road Construction,Roads & Bridges,DIST-0566,ST-17,PC-0832,CONT-0112,AGENCY-0862,2022-09-22,2022-10-13,2023-04-11,WORK_IN_PROGRESS,20.22537,80.20137
MPLADS-002154,Bituminous Road at Ward-12,Bituminous Road,Roads & Bridges,DIST-0487,ST-14,PC-0711,CONT-0255,AGENCY-0650,2023-11-07,2023-11-27,2024-05-25,COMPLETED,23.58665,85.79508
MPLADS-002155,Culvert Bridge at Ward-81,Culvert Bridge,Roads & Bridges,DIST-0061,ST-01,PC-0089,CONT-0013,AGENCY-1087,2022-11-22,2022-12-29,2023-06-27,COMPLETED,30.46122,78.07998
MPLADS-002156,Bituminous Road at Ward-08,Bituminous Road,Roads & Bridges,DIST-0456,ST-12,PC-0665,CONT-0301,AGENCY-0847,2022-08-10,2022-09-28,2023-03-27,WORK_IN_PROGRESS,15.8068,77.74647
MPLADS-002157,Ayurvedic Dispensary at Ward-62,Ayurvedic Dispensary,Public Health,DIST-0275,ST-07,PC-0402,CONT-0185,AGENCY-1036,2022-09-29,2022-11-11,2023-06-09,WORK_IN_PROGRESS,27.29303,71.42198
MPLADS-002158,Farm Pond Renovation at Ward-75,Farm Pond Renovation,Irrigation & Agriculture,DIST-0322,ST-08,PC-0471,CONT-0139,AGENCY-0208,2023-07-05,2023-08-24,2024-01-31,COMPLETED,13.08505,74.11593
MPLADS-002159,RO Water Plant at Ward-21,RO Water Plant,Drinking Water,DIST-0614,ST-18,PC-0903,CONT-0198,AGENCY-0424,2023-10-18,2023-11-21,2024-02-19,WORK_IN_PROGRESS,27.81021,77.39288
MPLADS-002160,Crematorium Shed at Ward-57,Crematorium Shed,Community Infrastructure,DIST-0470,ST-13,PC-0686,CONT-0006,AGENCY-0331,2022-10-12,2022-11-29,2023-03-29,COMPLETED,10.47789,75.47834
MPLADS-002161,Ambulance Vehicle at Ward-16,Ambulance Vehicle,Public Health,DIST-0290,ST-07,PC-0425,CONT-0176,AGENCY-1038,2022-05-13,2022-06-28,2023-01-24,COMPLETED,29.7194,72.98635
MPLADS-002162,Paver Block Road at Ward-50,Paver Block Road,Roads & Bridges,DIST-0556,ST-16,PC-0816,CONT-0096,AGENCY-0512,2022-02-08,2022-04-07,2022-10-04,WORK_IN_PROGRESS,32.1154,75.98788
MPLADS-002163,District Sports Complex at Ward-23,District Sports Complex,Mega Infrastructure,DIST-0257,ST-06,PC-0375,CONT-0309,AGENCY-0260,2023-08-21,2023-10-03,2024-11-06,WORK_IN_PROGRESS,12.11507,78.10657
MPLADS-002164,School Boundary Wall at Ward-16,School Boundary Wall,Education Infrastructure,DIST-0515,ST-15,PC-0753,CONT-0296,AGENCY-1058,2022-02-26,2022-04-22,2022-09-19,COMPLETED,25.77162,92.78818
MPLADS-002165,Solar High-Mast Light at Ward-29,Solar High-Mast Light,Renewable Energy,DIST-0068,ST-01,PC-0097,CONT-0216,AGENCY-0642,2023-05-20,2023-06-29,2023-08-28,WORK_IN_PROGRESS,29.59197,77.79724
MPLADS-002166,Community Tank at Ward-01,Community Tank,Drinking Water,DIST-0227,ST-05,PC-0331,CONT-0083,AGENCY-0256,2022-10-02,2022-10-26,2023-01-24,WORK_IN_PROGRESS,22.88547,77.52125
MPLADS-002167,Paver Block Road at Ward-03,Paver Block Road,Roads & Bridges,DIST-0230,ST-06,PC-0335,CONT-0177,AGENCY-0364,2022-04-19,2022-06-01,2022-11-28,WORK_IN_PROGRESS,8.24945,80.22838
MPLADS-002168,Multi-Village Hospital Block at Ward-02,Multi-Village Hospital Block,Mega Infrastructure,DIST-0584,ST-17,PC-0862,CONT-0066,AGENCY-0997,2023-07-28,2023-08-21,2024-09-24,WORK_IN_PROGRESS,18.81998,80.4822
MPLADS-002169,Solar High-Mast Light at Ward-54,Solar High-Mast Light,Renewable Energy,DIST-0388,ST-10,PC-0561,CONT-0018,AGENCY-0165,2022-11-28,2023-01-07,2023-03-08,DELAYED,15.39849,80.06789
MPLADS-002170,School Additional Classroom at Ward-90,School Additional Classroom,Education Infrastructure,DIST-0014,ST-01,PC-0020,CONT-0042,AGENCY-0465,2022-10-02,2022-11-27,2023-04-26,WORK_IN_PROGRESS,28.64323,80.29561
MPLADS-002171,Major River Overbridge at Ward-92,Major River Overbridge,Mega Infrastructure,DIST-0402,ST-10,PC-0584,CONT-0208,AGENCY-0661,2022-05-21,2022-07-14,2023-08-18,WORK_IN_PROGRESS,15.42564,78.85142
MPLADS-002172,Ambulance Vehicle at Ward-78,Ambulance Vehicle,Public Health,DIST-0588,ST-17,PC-0867,CONT-0259,AGENCY-0882,2023-04-07,2023-05-26,2023-12-22,WORK_IN_PROGRESS,23.91164,81.62883
MPLADS-002173,School Additional Classroom at Ward-56,School Additional Classroom,Education Infrastructure,DIST-0382,ST-10,PC-0552,CONT-0287,AGENCY-0241,2023-02-23,2023-03-13,2023-08-10,COMPLETED,16.4796,82.82747
MPLADS-002174,Paver Block Road at Ward-93,Paver Block Road,Roads & Bridges,DIST-0593,ST-17,PC-0873,CONT-0250,AGENCY-1233,2023-11-13,2023-12-09,2024-06-06,DELAYED,18.46024,82.68335
MPLADS-002175,CC Road Construction at Ward-56,CC Road Construction,Roads & Bridges,DIST-0599,ST-18,PC-0882,CONT-0079,AGENCY-0005,2022-02-26,2022-04-20,2022-10-17,WORK_IN_PROGRESS,30.47156,75.08108
MPLADS-002176,Deep Tube Well at Ward-55,Deep Tube Well,Drinking Water,DIST-0553,ST-16,PC-0813,CONT-0148,AGENCY-0956,2023-07-12,2023-08-19,2023-11-17,DELAYED,29.45003,74.83242
MPLADS-002177,School Additional Classroom at Ward-52,School Additional Classroom,Education Infrastructure,DIST-0527,ST-15,PC-0774,CONT-0085,AGENCY-0543,2023-02-19,2023-04-01,2023-08-29,WORK_IN_PROGRESS,25.57282,91.48239
MPLADS-002178,Primary Health Sub-Centre at Ward-58,Primary Health Sub-Centre,Public Health,DIST-0024,ST-01,PC-0035,CONT-0035,AGENCY-0274,2023-04-06,2023-04-23,2023-11-19,WORK_IN_PROGRESS,28.41065,77.87417
MPLADS-002179,CC Road Construction at Ward-56,CC Road Construction,Roads & Bridges,DIST-0248,ST-06,PC-0362,CONT-0140,AGENCY-0742,2023-11-02,2023-12-29,2024-06-26,WORK_IN_PROGRESS,10.02363,78.09427
MPLADS-002180,Ayurvedic Dispensary at Ward-73,Ayurvedic Dispensary,Public Health,DIST-0131,ST-03,PC-0190,CONT-0294,AGENCY-0588,2022-07-04,2022-08-01,2023-02-27,COMPLETED,26.64631,84.25088
MPLADS-002181,Community Tank at Ward-65,Community Tank,Drinking Water,DIST-0061,ST-01,PC-0089,CONT-0280,AGENCY-0820,2022-07-08,2022-08-09,2022-11-07,COMPLETED,30.50616,78.07856
MPLADS-002182,Community Hall at Ward-92,Community Hall,Community Infrastructure,DIST-0273,ST-07,PC-0398,CONT-0061,AGENCY-0780,2023-01-15,2023-03-13,2023-07-11,WORK_IN_PROGRESS,26.67731,74.32845
MPLADS-002183,District Sports Complex at Ward-61,District Sports Complex,Mega Infrastructure,DIST-0550,ST-16,PC-0808,CONT-0212,AGENCY-0147,2022-11-03,2022-12-05,2024-01-09,WORK_IN_PROGRESS,31.45931,74.18565
MPLADS-002184,Public Toilet Complex at Ward-13,Public Toilet Complex,Community Infrastructure,DIST-0451,ST-12,PC-0657,CONT-0186,AGENCY-0542,2023-05-05,2023-06-13,2023-10-11,DELAYED,16.08828,81.14805
MPLADS-002185,Primary Health Sub-Centre at Ward-22,Primary Health Sub-Centre,Public Health,DIST-0389,ST-10,PC-0562,CONT-0009,AGENCY-1068,2022-03-03,2022-04-24,2022-11-20,DELAYED,18.54233,81.02786
MPLADS-002186,Piped Water Network at Ward-70,Piped Water Network,Drinking Water,DIST-0166,ST-04,PC-0236,CONT-0044,AGENCY-1227,2023-02-11,2023-03-10,2023-06-08,WORK_IN_PROGRESS,24.05426,87.13767
MPLADS-002187,Solar High-Mast Light at Ward-26,Solar High-Mast Light,Renewable Energy,DIST-0529,ST-15,PC-0777,CONT-0009,AGENCY-0584,2022-10-06,2022-10-31,2022-12-30,WORK_IN_PROGRESS,27.47391,90.26376
MPLADS-002188,Ayurvedic Dispensary at Ward-06,Ayurvedic Dispensary,Public Health,DIST-0168,ST-04,PC-0239,CONT-0212,AGENCY-0682,2022-11-10,2022-12-08,2023-07-06,WORK_IN_PROGRESS,24.96947,86.95899
MPLADS-002189,Check Dam at Ward-86,Check Dam,Irrigation & Agriculture,DIST-0524,ST-15,PC-0768,CONT-0036,AGENCY-0177,2023-08-11,2023-08-29,2024-02-05,WORK_IN_PROGRESS,25.43821,91.92556
MPLADS-002190,Paver Block Road at Ward-98,Paver Block Road,Roads & Bridges,DIST-0283,ST-07,PC-0414,CONT-0061,AGENCY-0770,2022-09-26,2022-11-05,2023-05-04,WORK_IN_PROGRESS,27.35889,76.13477
MPLADS-002191,Check Dam at Ward-44,Check Dam,Irrigation & Agriculture,DIST-0573,ST-17,PC-0845,CONT-0152,AGENCY-0935,2023-11-10,2023-12-01,2024-05-09,WORK_IN_PROGRESS,20.61174,84.06976
MPLADS-002192,Ambulance Vehicle at Ward-65,Ambulance Vehicle,Public Health,DIST-0053,ST-01,PC-0079,CONT-0065,AGENCY-0927,2023-05-23,2023-06-12,2024-01-08,DELAYED,26.65959,80.50498
MPLADS-002193,Bituminous Road at Ward-89,Bituminous Road,Roads & Bridges,DIST-0189,ST-05,PC-0268,CONT-0256,AGENCY-1001,2023-06-23,2023-08-19,2024-02-15,COMPLETED,21.65406,76.07817
MPLADS-002194,Piped Water Network at Ward-04,Piped Water Network,Drinking Water,DIST-0311,ST-07,PC-0457,CONT-0182,AGENCY-0506,2023-09-08,2023-10-21,2024-01-19,WORK_IN_PROGRESS,29.53069,72.77496
MPLADS-002195,Solar High-Mast Light at Ward-27,Solar High-Mast Light,Renewable Energy,DIST-0598,ST-18,PC-0879,CONT-0269,AGENCY-0779,2023-07-19,2023-08-22,2023-10-21,WORK_IN_PROGRESS,28.58796,74.98741
MPLADS-002196,School Boundary Wall at Ward-52,School Boundary Wall,Education Infrastructure,DIST-0042,ST-01,PC-0062,CONT-0274,AGENCY-0107,2022-02-15,2022-03-11,2022-08-08,WORK_IN_PROGRESS,25.67903,79.79738
MPLADS-002197,Piped Water Network at Ward-77,Piped Water Network,Drinking Water,DIST-0360,ST-09,PC-0522,CONT-0297,AGENCY-1010,2022-07-12,2022-08-13,2022-11-11,COMPLETED,23.6258,73.00825
MPLADS-002198,Major River Overbridge at Ward-30,Major River Overbridge,Mega Infrastructure,DIST-0401,ST-10,PC-0581,CONT-0148,AGENCY-0893,2022-12-19,2023-02-13,2024-03-19,COMPLETED,14.3653,83.00244
MPLADS-002199,Community Tank at Ward-20,Community Tank,Drinking Water,DIST-0246,ST-06,PC-0357,CONT-0272,AGENCY-0044,2023-08-24,2023-09-11,2023-12-10,WORK_IN_PROGRESS,13.15183,79.97678
MPLADS-002200,Major River Overbridge at Ward-34,Major River Overbridge,Mega Infrastructure,DIST-0572,ST-17,PC-0844,CONT-0117,AGENCY-0316,2023-02-10,2023-03-10,2024-04-13,WORK_IN_PROGRESS,22.91267,82.83044
MPLADS-002201,Deep Tube Well at Ward-28,Deep Tube Well,Drinking Water,DIST-0077,ST-02,PC-0111,CONT-0154,AGENCY-0678,2023-01-28,2023-02-14,2023-05-15,WORK_IN_PROGRESS,21.69985,78.50172
MPLADS-002202,Piped Water Network at Ward-95,Piped Water Network,Drinking Water,DIST-0566,ST-17,PC-0832,CONT-0254,AGENCY-0868,2023-03-27,2023-05-01,2023-07-30,WORK_IN_PROGRESS,20.14822,80.19583
MPLADS-002203,Solar High-Mast Light at Ward-64,Solar High-Mast Light,Renewable Energy,DIST-0417,ST-11,PC-0609,CONT-0233,AGENCY-0635,2023-03-29,2023-04-18,2023-06-17,DELAYED,21.44812,84.14323
MPLADS-002204,Yatri Shed at Ward-94,Yatri Shed,Community Infrastructure,DIST-0317,ST-08,PC-0465,CONT-0307,AGENCY-0756,2022-08-25,2022-10-10,2023-02-07,WORK_IN_PROGRESS,16.98686,75.87735
MPLADS-002205,Yatri Shed at Ward-64,Yatri Shed,Community Infrastructure,DIST-0287,ST-07,PC-0421,CONT-0298,AGENCY-0011,2023-05-28,2023-07-21,2023-11-18,WORK_IN_PROGRESS,28.32293,76.47874
MPLADS-002206,Paver Block Road at Ward-87,Paver Block Road,Roads & Bridges,DIST-0616,ST-18,PC-0906,CONT-0258,AGENCY-0608,2022-06-12,2022-07-14,2023-01-10,WORK_IN_PROGRESS,29.36175,75.46841
MPLADS-002207,Solar Street Lighting at Ward-59,Solar Street Lighting,Renewable Energy,DIST-0347,ST-09,PC-0506,CONT-0252,AGENCY-0278,2023-11-10,2023-12-13,2024-02-11,COMPLETED,22.86865,69.21471
MPLADS-002208,District Sports Complex at Ward-92,District Sports Complex,Mega Infrastructure,DIST-0219,ST-05,PC-0319,CONT-0089,AGENCY-1204,2023-08-18,2023-10-14,2024-11-17,WORK_IN_PROGRESS,24.39875,77.48904
MPLADS-002209,RO Water Plant at Ward-47,RO Water Plant,Drinking Water,DIST-0376,ST-09,PC-0544,CONT-0047,AGENCY-0151,2023-05-02,2023-06-14,2023-09-12,COMPLETED,22.64212,70.085
MPLADS-002210,Farm Pond Renovation at Ward-35,Farm Pond Renovation,Irrigation & Agriculture,DIST-0036,ST-01,PC-0053,CONT-0072,AGENCY-0359,2022-11-26,2022-12-28,2023-06-06,WORK_IN_PROGRESS,28.5369,79.2262
MPLADS-002211,Solar High-Mast Light at Ward-52,Solar High-Mast Light,Renewable Energy,DIST-0378,ST-09,PC-0547,CONT-0175,AGENCY-0394,2023-07-18,2023-08-15,2023-10-14,WORK_IN_PROGRESS,23.8839,73.93359
MPLADS-002212,CC Road Construction at Ward-03,CC Road Construction,Roads & Bridges,DIST-0320,ST-08,PC-0469,CONT-0095,AGENCY-0358,2023-11-18,2024-01-13,2024-07-11,COMPLETED,18.01413,74.17
MPLADS-002213,Library Room at Ward-77,Library Room,Education Infrastructure,DIST-0061,ST-01,PC-0089,CONT-0120,AGENCY-1156,2022-01-11,2022-01-31,2022-06-30,WORK_IN_PROGRESS,30.50792,78.00773
MPLADS-002214,Farm Pond Renovation at Ward-25,Farm Pond Renovation,Irrigation & Agriculture,DIST-0108,ST-02,PC-0154,CONT-0217,AGENCY-0916,2022-12-11,2022-12-31,2023-06-09,WORK_IN_PROGRESS,16.3302,73.47382
MPLADS-002215,Paver Block Road at Ward-71,Paver Block Road,Roads & Bridges,DIST-0439,ST-12,PC-0641,CONT-0024,AGENCY-1024,2022-07-08,2022-08-16,2023-02-12,COMPLETED,17.43679,78.19787
MPLADS-002216,Solar Rooftop Panel at Ward-72,Solar Rooftop Panel,Renewable Energy,DIST-0191,ST-05,PC-0273,CONT-0166,AGENCY-1206,2023-03-06,2023-05-04,2023-07-03,WORK_IN_PROGRESS,24.51313,78.00354
MPLADS-002217,Major River Overbridge at Ward-11,Major River Overbridge,Mega Infrastructure,DIST-0534,ST-15,PC-0783,CONT-0018,AGENCY-0114,2023-07-17,2023-09-13,2024-10-17,COMPLETED,25.06495,95.64227
MPLADS-002218,Public Toilet Complex at Ward-68,Public Toilet Complex,Community Infrastructure,DIST-0529,ST-15,PC-0777,CONT-0237,AGENCY-0438,2023-10-16,2023-11-09,2024-03-08,COMPLETED,27.40279,90.14212
MPLADS-002219,Crematorium Shed at Ward-13,Crematorium Shed,Community Infrastructure,DIST-0556,ST-16,PC-0816,CONT-0126,AGENCY-1095,2023-10-24,2023-11-20,2024-03-19,WORK_IN_PROGRESS,32.07192,75.92248
MPLADS-002220,Major River Overbridge at Ward-67,Major River Overbridge,Mega Infrastructure,DIST-0467,ST-12,PC-0682,CONT-0165,AGENCY-0285,2022-03-08,2022-05-03,2023-06-07,WORK_IN_PROGRESS,15.97735,77.28944
MPLADS-002221,Culvert Bridge at Ward-23,Culvert Bridge,Roads & Bridges,DIST-0249,ST-06,PC-0363,CONT-0270,AGENCY-0372,2022-05-09,2022-06-24,2022-12-21,WORK_IN_PROGRESS,11.55342,77.58729
MPLADS-002222,School Additional Classroom at Ward-03,School Additional Classroom,Education Infrastructure,DIST-0244,ST-06,PC-0355,CONT-0025,AGENCY-0937,2023-05-22,2023-06-20,2023-11-17,WORK_IN_PROGRESS,8.81291,78.34249
MPLADS-002223,Library Room at Ward-34,Library Room,Education Infrastructure,DIST-0268,ST-07,PC-0390,CONT-0019,AGENCY-1234,2023-09-30,2023-10-26,2024-03-24,COMPLETED,27.16423,74.62521
MPLADS-002224,Solar Street Lighting at Ward-40,Solar Street Lighting,Renewable Energy,DIST-0335,ST-08,PC-0489,CONT-0036,AGENCY-0088,2022-04-04,2022-05-03,2022-07-02,WORK_IN_PROGRESS,17.37861,76.62432
MPLADS-002225,Community Hall at Ward-96,Community Hall,Community Infrastructure,DIST-0034,ST-01,PC-0049,CONT-0168,AGENCY-0850,2022-12-30,2023-02-25,2023-06-25,WORK_IN_PROGRESS,29.07849,81.79113
MPLADS-002226,Primary Health Sub-Centre at Ward-57,Primary Health Sub-Centre,Public Health,DIST-0366,ST-09,PC-0531,CONT-0231,AGENCY-0612,2022-08-22,2022-10-12,2023-05-10,WORK_IN_PROGRESS,23.24287,73.27761
MPLADS-002227,Piped Water Network at Ward-51,Piped Water Network,Drinking Water,DIST-0224,ST-05,PC-0326,CONT-0193,AGENCY-0499,2023-09-09,2023-09-27,2023-12-26,COMPLETED,25.79773,78.118
MPLADS-002228,Major River Overbridge at Ward-19,Major River Overbridge,Mega Infrastructure,DIST-0013,ST-01,PC-0019,CONT-0166,AGENCY-0898,2023-03-04,2023-04-02,2024-05-06,WORK_IN_PROGRESS,25.79347,77.69771
MPLADS-002229,Bituminous Road at Ward-47,Bituminous Road,Roads & Bridges,DIST-0064,ST-01,PC-0093,CONT-0052,AGENCY-0959,2022-06-21,2022-07-16,2023-01-12,WORK_IN_PROGRESS,26.19833,83.32306
MPLADS-002230,Library Room at Ward-08,Library Room,Education Infrastructure,DIST-0167,ST-04,PC-0237,CONT-0113,AGENCY-0475,2022-01-28,2022-02-23,2022-07-23,DELAYED,26.41637,87.33958
MPLADS-002231,Piped Water Network at Ward-66,Piped Water Network,Drinking Water,DIST-0091,ST-02,PC-0132,CONT-0257,AGENCY-0111,2023-02-19,2023-03-24,2023-06-22,WORK_IN_PROGRESS,19.32279,73.4832
MPLADS-002232,Library Room at Ward-70,Library Room,Education Infrastructure,DIST-0454,ST-12,PC-0663,CONT-0022,AGENCY-0003,2022-01-27,2022-03-05,2022-08-02,WORK_IN_PROGRESS,17.07084,79.98201
MPLADS-002233,Ambulance Vehicle at Ward-43,Ambulance Vehicle,Public Health,DIST-0558,ST-16,PC-0820,CONT-0243,AGENCY-0360,2023-04-08,2023-05-04,2023-11-30,COMPLETED,30.69851,74.27607
MPLADS-002234,District Sports Complex at Ward-48,District Sports Complex,Mega Infrastructure,DIST-0362,ST-09,PC-0524,CONT-0049,AGENCY-0385,2022-01-03,2022-02-15,2023-03-22,COMPLETED,21.67172,70.16415
MPLADS-002235,Solar Rooftop Panel at Ward-37,Solar Rooftop Panel,Renewable Energy,DIST-0326,ST-08,PC-0476,CONT-0263,AGENCY-0919,2022-08-15,2022-09-18,2022-11-17,WORK_IN_PROGRESS,16.4403,78.47929
MPLADS-002236,Public Toilet Complex at Ward-01,Public Toilet Complex,Community Infrastructure,DIST-0509,ST-15,PC-0741,CONT-0213,AGENCY-1187,2023-04-28,2023-05-26,2023-09-23,COMPLETED,25.08943,94.71416
MPLADS-002237,Crematorium Shed at Ward-82,Crematorium Shed,Community Infrastructure,DIST-0588,ST-17,PC-0867,CONT-0297,AGENCY-0344,2023-05-15,2023-07-02,2023-10-30,COMPLETED,23.87902,81.68129
MPLADS-002238,Deep Tube Well at Ward-34,Deep Tube Well,Drinking Water,DIST-0329,ST-08,PC-0480,CONT-0186,AGENCY-1002,2023-02-04,2023-03-26,2023-06-24,WORK_IN_PROGRESS,13.76953,77.63075
MPLADS-002239,Bituminous Road at Ward-19,Bituminous Road,Roads & Bridges,DIST-0290,ST-07,PC-0425,CONT-0103,AGENCY-0315,2022-08-24,2022-09-18,2023-03-17,WORK_IN_PROGRESS,29.66714,73.00288
MPLADS-002240,School Boundary Wall at Ward-40,School Boundary Wall,Education Infrastructure,DIST-0032,ST-01,PC-0046,CONT-0056,AGENCY-0592,2022-11-21,2022-12-27,2023-05-26,WORK_IN_PROGRESS,24.27574,78.35683
MPLADS-002241,Yatri Shed at Ward-77,Yatri Shed,Community Infrastructure,DIST-0051,ST-01,PC-0075,CONT-0056,AGENCY-0714,2022-02-17,2022-03-08,2022-07-06,COMPLETED,29.71555,82.27955
MPLADS-002242,Community Tank at Ward-33,Community Tank,Drinking Water,DIST-0508,ST-15,PC-0740,CONT-0111,AGENCY-1148,2022-07-14,2022-07-29,2022-10-27,WORK_IN_PROGRESS,24.97728,94.42191
MPLADS-002243,Bituminous Road at Ward-67,Bituminous Road,Roads & Bridges,DIST-0317,ST-08,PC-0464,CONT-0158,AGENCY-0969,2023-03-15,2023-04-24,2023-10-21,WORK_IN_PROGRESS,16.9625,75.96569
MPLADS-002244,Smart Classroom Lab at Ward-40,Smart Classroom Lab,Education Infrastructure,DIST-0351,ST-09,PC-0511,CONT-0121,AGENCY-0957,2023-07-15,2023-08-07,2024-01-04,WORK_IN_PROGRESS,24.40867,68.45963
MPLADS-002245,Multi-Village Hospital Block at Ward-69,Multi-Village Hospital Block,Mega Infrastructure,DIST-0438,ST-12,PC-0639,CONT-0251,AGENCY-0103,2022-07-28,2022-09-11,2023-10-16,COMPLETED,17.62162,80.80338
MPLADS-002246,Bituminous Road at Ward-16,Bituminous Road,Roads & Bridges,DIST-0330,ST-08,PC-0481,CONT-0273,AGENCY-1236,2023-10-02,2023-11-03,2024-05-01,WORK_IN_PROGRESS,13.77523,74.70864
MPLADS-002247,Public Toilet Complex at Ward-93,Public Toilet Complex,Community Infrastructure,DIST-0058,ST-01,PC-0085,CONT-0128,AGENCY-0966,2023-10-31,2023-11-26,2024-03-25,WORK_IN_PROGRESS,28.89441,77.06782
MPLADS-002248,Solar Street Lighting at Ward-63,Solar Street Lighting,Renewable Energy,DIST-0548,ST-16,PC-0805,CONT-0116,AGENCY-1191,2023-01-22,2023-03-17,2023-05-16,WORK_IN_PROGRESS,32.25745,74.93506
MPLADS-002249,RO Water Plant at Ward-87,RO Water Plant,Drinking Water,DIST-0113,ST-03,PC-0163,CONT-0086,AGENCY-0781,2023-09-16,2023-11-11,2024-02-09,WORK_IN_PROGRESS,26.6238,85.34874
MPLADS-002250,Bituminous Road at Ward-48,Bituminous Road,Roads & Bridges,DIST-0210,ST-05,PC-0305,CONT-0057,AGENCY-0898,2022-11-01,2022-12-03,2023-06-01,WORK_IN_PROGRESS,24.01744,78.71005
MPLADS-002251,Lift Irrigation Scheme at Ward-83,Lift Irrigation Scheme,Irrigation & Agriculture,DIST-0256,ST-06,PC-0374,CONT-0116,AGENCY-1041,2022-04-15,2022-05-20,2022-10-27,WORK_IN_PROGRESS,11.28861,77.35182
MPLADS-002252,Solar Rooftop Panel at Ward-28,Solar Rooftop Panel,Renewable Energy,DIST-0246,ST-06,PC-0357,CONT-0011,AGENCY-1132,2023-07-07,2023-08-26,2023-10-25,WORK_IN_PROGRESS,13.12413,79.97751
MPLADS-002253,Culvert Bridge at Ward-31,Culvert Bridge,Roads & Bridges,DIST-0409,ST-11,PC-0596,CONT-0184,AGENCY-1194,2022-03-31,2022-04-16,2022-10-13,WORK_IN_PROGRESS,18.71315,83.95517
MPLADS-002254,Maternity Ward Facility at Ward-20,Maternity Ward Facility,Public Health,DIST-0233,ST-06,PC-0339,CONT-0273,AGENCY-0880,2022-12-09,2022-12-29,2023-07-27,DELAYED,9.46874,77.54077
MPLADS-002255,Ayurvedic Dispensary at Ward-93,Ayurvedic Dispensary,Public Health,DIST-0425,ST-11,PC-0621,CONT-0183,AGENCY-0448,2022-11-24,2022-12-27,2023-07-25,WORK_IN_PROGRESS,21.46784,84.90974
MPLADS-002256,Community Tank at Ward-26,Community Tank,Drinking Water,DIST-0136,ST-03,PC-0195,CONT-0198,AGENCY-0333,2023-02-19,2023-03-09,2023-06-07,WORK_IN_PROGRESS,25.27481,85.67022
MPLADS-002257,Lift Irrigation Scheme at Ward-86,Lift Irrigation Scheme,Irrigation & Agriculture,DIST-0614,ST-18,PC-0903,CONT-0238,AGENCY-0368,2023-02-19,2023-03-22,2023-08-29,DELAYED,27.93115,77.48075
MPLADS-002258,Farm Pond Renovation at Ward-66,Farm Pond Renovation,Irrigation & Agriculture,DIST-0609,ST-18,PC-0897,CONT-0031,AGENCY-0527,2023-04-18,2023-06-11,2023-11-18,WORK_IN_PROGRESS,27.86814,76.36921
MPLADS-002259,Community Hall at Ward-72,Community Hall,Community Infrastructure,DIST-0369,ST-09,PC-0534,CONT-0210,AGENCY-0765,2023-08-12,2023-10-02,2024-01-30,WORK_IN_PROGRESS,24.27692,70.08699
MPLADS-002260,Library Room at Ward-41,Library Room,Education Infrastructure,DIST-0430,ST-11,PC-0627,CONT-0277,AGENCY-0916,2022-04-20,2022-06-17,2022-11-14,WORK_IN_PROGRESS,20.47858,82.80132
MPLADS-002261,Yatri Shed at Ward-05,Yatri Shed,Community Infrastructure,DIST-0063,ST-01,PC-0092,CONT-0139,AGENCY-1201,2023-01-30,2023-02-27,2023-06-27,COMPLETED,24.59527,78.76291
MPLADS-002262,School Boundary Wall at Ward-33,School Boundary Wall,Education Infrastructure,DIST-0219,ST-05,PC-0319,CONT-0025,AGENCY-0902,2022-08-29,2022-10-22,2023-03-21,WORK_IN_PROGRESS,24.35144,77.47661
MPLADS-002263,Solar Street Lighting at Ward-88,Solar Street Lighting,Renewable Energy,DIST-0125,ST-03,PC-0181,CONT-0305,AGENCY-0064,2022-09-19,2022-10-21,2022-12-20,WORK_IN_PROGRESS,26.82309,84.34224
MPLADS-002264,Solar High-Mast Light at Ward-68,Solar High-Mast Light,Renewable Energy,DIST-0014,ST-01,PC-0020,CONT-0208,AGENCY-0565,2022-03-26,2022-04-24,2022-06-23,WORK_IN_PROGRESS,28.63419,80.26105
MPLADS-002265,Library Room at Ward-55,Library Room,Education Infrastructure,DIST-0597,ST-17,PC-0878,CONT-0260,AGENCY-0999,2022-05-02,2022-06-22,2022-11-19,WORK_IN_PROGRESS,21.61901,80.3055
MPLADS-002266,Public Toilet Complex at Ward-28,Public Toilet Complex,Community Infrastructure,DIST-0369,ST-09,PC-0534,CONT-0294,AGENCY-0584,2022-05-24,2022-06-30,2022-10-28,WORK_IN_PROGRESS,24.16407,70.13991
MPLADS-002267,Solar Rooftop Panel at Ward-52,Solar Rooftop Panel,Renewable Energy,DIST-0599,ST-18,PC-0881,CONT-0263,AGENCY-0260,2022-09-07,2022-10-07,2022-12-06,WORK_IN_PROGRESS,30.44184,75.19229
MPLADS-002268,Paver Block Road at Ward-01,Paver Block Road,Roads & Bridges,DIST-0416,ST-11,PC-0608,CONT-0266,AGENCY-0329,2023-02-17,2023-03-15,2023-09-11,WORK_IN_PROGRESS,21.25671,87.17569
MPLADS-002269,Library Room at Ward-67,Library Room,Education Infrastructure,DIST-0467,ST-12,PC-0682,CONT-0169,AGENCY-1231,2022-02-09,2022-03-03,2022-07-31,WORK_IN_PROGRESS,16.01061,77.34174
MPLADS-002270,Multi-Village Hospital Block at Ward-85,Multi-Village Hospital Block,Mega Infrastructure,DIST-0160,ST-04,PC-0225,CONT-0215,AGENCY-0430,2022-03-04,2022-04-03,2023-05-08,WORK_IN_PROGRESS,23.48448,87.04432
MPLADS-002271,Paver Block Road at Ward-22,Paver Block Road,Roads & Bridges,DIST-0241,ST-06,PC-0351,CONT-0017,AGENCY-0728,2022-12-31,2023-02-16,2023-08-15,WORK_IN_PROGRESS,8.54925,77.22231
MPLADS-002272,Paver Block Road at Ward-76,Paver Block Road,Roads & Bridges,DIST-0032,ST-01,PC-0046,CONT-0088,AGENCY-0652,2022-07-20,2022-09-06,2023-03-05,COMPLETED,24.22334,78.4145
MPLADS-002273,Farm Pond Renovation at Ward-32,Farm Pond Renovation,Irrigation & Agriculture,DIST-0185,ST-05,PC-0261,CONT-0263,AGENCY-0680,2022-02-10,2022-04-01,2022-09-08,WORK_IN_PROGRESS,25.34971,81.78208
MPLADS-002274,CC Road Construction at Ward-51,CC Road Construction,Roads & Bridges,DIST-0473,ST-13,PC-0689,CONT-0105,AGENCY-0999,2022-11-12,2022-11-27,2023-05-26,WORK_IN_PROGRESS,10.90122,76.90364
MPLADS-002275,Smart Classroom Lab at Ward-70,Smart Classroom Lab,Education Infrastructure,DIST-0569,ST-17,PC-0838,CONT-0264,AGENCY-0631,2023-11-12,2023-12-14,2024-05-12,COMPLETED,18.65568,82.79972
MPLADS-002276,Library Room at Ward-65,Library Room,Education Infrastructure,DIST-0060,ST-01,PC-0088,CONT-0053,AGENCY-0597,2023-10-21,2023-12-07,2024-05-05,COMPLETED,25.29253,80.87603
MPLADS-002277,Public Toilet Complex at Ward-43,Public Toilet Complex,Community Infrastructure,DIST-0498,ST-14,PC-0726,CONT-0041,AGENCY-0487,2022-04-15,2022-05-21,2022-09-18,WORK_IN_PROGRESS,22.67135,84.05553
MPLADS-002278,Solar High-Mast Light at Ward-98,Solar High-Mast Light,Renewable Energy,DIST-0204,ST-05,PC-0294,CONT-0317,AGENCY-0753,2023-09-28,2023-11-22,2024-01-21,WORK_IN_PROGRESS,24.3247,80.25747
MPLADS-002279,Piped Water Network at Ward-84,Piped Water Network,Drinking Water,DIST-0100,ST-02,PC-0143,CONT-0230,AGENCY-0628,2023-07-11,2023-08-09,2023-11-07,WORK_IN_PROGRESS,17.04802,73.30048
MPLADS-002280,Community Tank at Ward-82,Community Tank,Drinking Water,DIST-0115,ST-03,PC-0165,CONT-0310,AGENCY-0113,2023-05-16,2023-07-05,2023-10-03,WORK_IN_PROGRESS,27.30431,84.77867
MPLADS-002281,Ambulance Vehicle at Ward-96,Ambulance Vehicle,Public Health,DIST-0012,ST-01,PC-0017,CONT-0143,AGENCY-0484,2023-04-29,2023-06-16,2024-01-12,DELAYED,30.23746,83.75842
MPLADS-002282,Major River Overbridge at Ward-43,Major River Overbridge,Mega Infrastructure,DIST-0589,ST-17,PC-0869,CONT-0028,AGENCY-1147,2023-09-06,2023-10-11,2024-11-14,WORK_IN_PROGRESS,20.37353,83.92222
MPLADS-002283,Farm Pond Renovation at Ward-40,Farm Pond Renovation,Irrigation & Agriculture,DIST-0515,ST-15,PC-0753,CONT-0225,AGENCY-1226,2023-11-14,2023-12-13,2024-05-21,COMPLETED,25.72551,92.84839
MPLADS-002284,School Additional Classroom at Ward-32,School Additional Classroom,Education Infrastructure,DIST-0109,ST-02,PC-0155,CONT-0078,AGENCY-0675,2023-06-26,2023-08-04,2024-01-01,WORK_IN_PROGRESS,15.77163,73.5185
MPLADS-002285,Ambulance Vehicle at Ward-07,Ambulance Vehicle,Public Health,DIST-0307,ST-07,PC-0452,CONT-0208,AGENCY-0307,2022-07-21,2022-09-06,2023-04-04,WORK_IN_PROGRESS,28.87321,70.16985
MPLADS-002286,Smart Classroom Lab at Ward-70,Smart Classroom Lab,Education Infrastructure,DIST-0602,ST-18,PC-0886,CONT-0198,AGENCY-0587,2022-10-10,2022-11-16,2023-04-15,WORK_IN_PROGRESS,28.75852,74.91373
MPLADS-002287,Primary Health Sub-Centre at Ward-56,Primary Health Sub-Centre,Public Health,DIST-0608,ST-18,PC-0895,CONT-0151,AGENCY-0306,2022-11-06,2022-12-22,2023-07-20,WORK_IN_PROGRESS,27.88932,74.82652
MPLADS-002288,Smart Classroom Lab at Ward-55,Smart Classroom Lab,Education Infrastructure,DIST-0016,ST-01,PC-0023,CONT-0089,AGENCY-0825,2022-09-30,2022-10-21,2023-03-20,COMPLETED,24.14083,84.22455
MPLADS-002289,Solar Street Lighting at Ward-72,Solar Street Lighting,Renewable Energy,DIST-0553,ST-16,PC-0813,CONT-0053,AGENCY-0701,2023-03-01,2023-04-26,2023-06-25,WORK_IN_PROGRESS,29.47075,74.81722
MPLADS-002290,Smart Classroom Lab at Ward-48,Smart Classroom Lab,Education Infrastructure,DIST-0513,ST-15,PC-0748,CONT-0040,AGENCY-0664,2022-05-02,2022-06-24,2022-11-21,WORK_IN_PROGRESS,25.51567,93.54961
MPLADS-002291,Bituminous Road at Ward-20,Bituminous Road,Roads & Bridges,DIST-0327,ST-08,PC-0478,CONT-0146,AGENCY-1061,2022-09-24,2022-11-13,2023-05-12,WORK_IN_PROGRESS,13.99789,77.08163
MPLADS-002292,Deep Tube Well at Ward-84,Deep Tube Well,Drinking Water,DIST-0086,ST-02,PC-0126,CONT-0017,AGENCY-0940,2023-07-21,2023-09-07,2023-12-06,WORK_IN_PROGRESS,16.99474,77.01001
MPLADS-002293,Public Toilet Complex at Ward-60,Public Toilet Complex,Community Infrastructure,DIST-0044,ST-01,PC-0064,CONT-0004,AGENCY-0522,2023-09-07,2023-10-03,2024-01-31,WORK_IN_PROGRESS,24.79695,83.39273
MPLADS-002294,Deep Tube Well at Ward-45,Deep Tube Well,Drinking Water,DIST-0154,ST-04,PC-0217,CONT-0292,AGENCY-0760,2023-09-02,2023-09-23,2023-12-22,WORK_IN_PROGRESS,26.71365,87.13395
MPLADS-002295,Maternity Ward Facility at Ward-87,Maternity Ward Facility,Public Health,DIST-0611,ST-18,PC-0899,CONT-0111,AGENCY-0221,2022-05-11,2022-06-30,2023-01-26,COMPLETED,27.92435,75.66064
MPLADS-002296,Solar High-Mast Light at Ward-59,Solar High-Mast Light,Renewable Energy,DIST-0305,ST-07,PC-0448,CONT-0071,AGENCY-0536,2023-05-11,2023-06-20,2023-08-19,WORK_IN_PROGRESS,25.34598,73.46467
MPLADS-002297,Crematorium Shed at Ward-30,Crematorium Shed,Community Infrastructure,DIST-0535,ST-15,PC-0784,CONT-0223,AGENCY-0571,2023-05-22,2023-06-10,2023-10-08,WORK_IN_PROGRESS,25.78993,90.84541
MPLADS-002298,Piped Water Network at Ward-49,Piped Water Network,Drinking Water,DIST-0543,ST-16,PC-0796,CONT-0184,AGENCY-0448,2023-01-27,2023-02-16,2023-05-17,COMPLETED,31.58645,75.46867
MPLADS-002299,Smart Classroom Lab at Ward-81,Smart Classroom Lab,Education Infrastructure,DIST-0143,ST-03,PC-0204,CONT-0257,AGENCY-0096,2022-12-22,2023-02-19,2023-07-19,WORK_IN_PROGRESS,25.46785,83.95658
MPLADS-002300,Solar High-Mast Light at Ward-06,Solar High-Mast Light,Renewable Energy,DIST-0045,ST-01,PC-0066,CONT-0072,AGENCY-0675,2022-07-03,2022-08-13,2022-10-12,WORK_IN_PROGRESS,25.96678,80.38287
MPLADS-002301,RO Water Plant at Ward-78,RO Water Plant,Drinking Water,DIST-0037,ST-01,PC-0055,CONT-0104,AGENCY-0888,2022-02-10,2022-02-28,2022-05-29,WORK_IN_PROGRESS,28.16327,82.98232
MPLADS-002302,Solar Rooftop Panel at Ward-74,Solar Rooftop Panel,Renewable Energy,DIST-0552,ST-16,PC-0811,CONT-0181,AGENCY-0100,2022-11-10,2022-12-02,2023-01-31,WORK_IN_PROGRESS,32.02127,74.41597
MPLADS-002303,Library Room at Ward-73,Library Room,Education Infrastructure,DIST-0575,ST-17,PC-0848,CONT-0042,AGENCY-1006,2023-07-20,2023-08-04,2024-01-01,WORK_IN_PROGRESS,21.78052,83.26135
MPLADS-002304,School Additional Classroom at Ward-35,School Additional Classroom,Education Infrastructure,DIST-0436,ST-12,PC-0637,CONT-0135,AGENCY-0125,2022-08-13,2022-09-19,2023-02-16,WORK_IN_PROGRESS,17.72897,80.70526
MPLADS-002305,Major River Overbridge at Ward-21,Major River Overbridge,Mega Infrastructure,DIST-0471,ST-13,PC-0687,CONT-0289,AGENCY-0067,2022-05-16,2022-06-06,2023-07-11,WORK_IN_PROGRESS,9.48724,75.39104
MPLADS-002306,Ambulance Vehicle at Ward-89,Ambulance Vehicle,Public Health,DIST-0206,ST-05,PC-0298,CONT-0108,AGENCY-0732,2023-03-04,2023-04-08,2023-11-04,WORK_IN_PROGRESS,21.77874,82.0326
MPLADS-002307,Check Dam at Ward-16,Check Dam,Irrigation & Agriculture,DIST-0018,ST-01,PC-0026,CONT-0161,AGENCY-0448,2022-03-25,2022-05-03,2022-10-10,WORK_IN_PROGRESS,27.55357,77.74791
MPLADS-002308,Smart Classroom Lab at Ward-78,Smart Classroom Lab,Education Infrastructure,DIST-0472,ST-13,PC-0688,CONT-0278,AGENCY-0120,2022-05-31,2022-07-06,2022-12-03,WORK_IN_PROGRESS,8.09435,76.86642
MPLADS-002309,Lift Irrigation Scheme at Ward-24,Lift Irrigation Scheme,Irrigation & Agriculture,DIST-0158,ST-04,PC-0223,CONT-0058,AGENCY-1111,2022-08-25,2022-10-21,2023-03-30,WORK_IN_PROGRESS,22.08273,89.01543
MPLADS-002310,Culvert Bridge at Ward-79,Culvert Bridge,Roads & Bridges,DIST-0353,ST-09,PC-0513,CONT-0168,AGENCY-1003,2023-04-09,2023-04-25,2023-10-22,WORK_IN_PROGRESS,21.47495,74.41065
MPLADS-002311,Crematorium Shed at Ward-48,Crematorium Shed,Community Infrastructure,DIST-0345,ST-08,PC-0504,CONT-0300,AGENCY-0806,2023-07-28,2023-09-05,2024-01-03,WORK_IN_PROGRESS,17.68375,78.13061
MPLADS-002312,Check Dam at Ward-46,Check Dam,Irrigation & Agriculture,DIST-0016,ST-01,PC-0023,CONT-0216,AGENCY-1223,2022-06-07,2022-07-31,2023-01-07,WORK_IN_PROGRESS,24.14465,84.2491
MPLADS-002313,Check Dam at Ward-13,Check Dam,Irrigation & Agriculture,DIST-0327,ST-08,PC-0477,CONT-0056,AGENCY-0229,2022-05-08,2022-05-27,2022-11-03,WORK_IN_PROGRESS,14.07554,77.16121
MPLADS-002314,Multi-Village Hospital Block at Ward-50,Multi-Village Hospital Block,Mega Infrastructure,DIST-0587,ST-17,PC-0866,CONT-0149,AGENCY-0524,2023-07-07,2023-08-16,2024-09-19,WORK_IN_PROGRESS,22.92293,83.849
MPLADS-002315,Deep Tube Well at Ward-81,Deep Tube Well,Drinking Water,DIST-0532,ST-15,PC-0781,CONT-0153,AGENCY-1236,2022-01-26,2022-02-12,2022-05-13,WORK_IN_PROGRESS,24.22526,92.31425
MPLADS-002316,Piped Water Network at Ward-59,Piped Water Network,Drinking Water,DIST-0280,ST-07,PC-0410,CONT-0256,AGENCY-0399,2023-05-14,2023-06-13,2023-09-11,WORK_IN_PROGRESS,27.73818,73.45813
MPLADS-002317,Primary Health Sub-Centre at Ward-94,Primary Health Sub-Centre,Public Health,DIST-0502,ST-14,PC-0731,CONT-0170,AGENCY-0486,2023-10-01,2023-10-27,2024-05-24,WORK_IN_PROGRESS,24.7107,83.52354
MPLADS-002318,Lift Irrigation Scheme at Ward-21,Lift Irrigation Scheme,Irrigation & Agriculture,DIST-0113,ST-03,PC-0162,CONT-0147,AGENCY-0385,2022-02-24,2022-04-01,2022-09-08,COMPLETED,26.60975,85.36681
MPLADS-002319,RO Water Plant at Ward-61,RO Water Plant,Drinking Water,DIST-0163,ST-04,PC-0231,CONT-0235,AGENCY-0953,2023-05-13,2023-06-03,2023-09-01,WORK_IN_PROGRESS,24.97619,89.00423
MPLADS-002320,RO Water Plant at Ward-58,RO Water Plant,Drinking Water,DIST-0317,ST-08,PC-0464,CONT-0294,AGENCY-0591,2022-02-16,2022-03-26,2022-06-24,WORK_IN_PROGRESS,17.06484,75.9143
MPLADS-002321,Culvert Bridge at Ward-88,Culvert Bridge,Roads & Bridges,DIST-0573,ST-17,PC-0845,CONT-0213,AGENCY-1163,2023-07-25,2023-08-26,2024-02-22,WORK_IN_PROGRESS,20.68962,83.98332
MPLADS-002322,Library Room at Ward-95,Library Room,Education Infrastructure,DIST-0559,ST-16,PC-0821,CONT-0141,AGENCY-0029,2022-10-23,2022-12-11,2023-05-10,WORK_IN_PROGRESS,31.38146,74.9576
MPLADS-002323,District Sports Complex at Ward-27,District Sports Complex,Mega Infrastructure,DIST-0343,ST-08,PC-0502,CONT-0305,AGENCY-0571,2022-07-15,2022-08-16,2023-09-20,WORK_IN_PROGRESS,17.19314,77.26652
MPLADS-002324,Solar High-Mast Light at Ward-53,Solar High-Mast Light,Renewable Energy,DIST-0057,ST-01,PC-0084,CONT-0053,AGENCY-0115,2023-03-11,2023-05-02,2023-07-01,WORK_IN_PROGRESS,26.07121,83.30309
MPLADS-002325,School Boundary Wall at Ward-90,School Boundary Wall,Education Infrastructure,DIST-0614,ST-18,PC-0903,CONT-0238,AGENCY-0780,2022-01-25,2022-03-20,2022-08-17,WORK_IN_PROGRESS,27.84715,77.36881
MPLADS-002326,Solar High-Mast Light at Ward-01,Solar High-Mast Light,Renewable Energy,DIST-0065,ST-01,PC-0094,CONT-0180,AGENCY-0371,2023-04-29,2023-06-26,2023-08-25,WORK_IN_PROGRESS,29.48305,79.58074
MPLADS-002327,Crematorium Shed at Ward-37,Crematorium Shed,Community Infrastructure,DIST-0075,ST-01,PC-0108,CONT-0187,AGENCY-0995,2022-03-09,2022-03-31,2022-07-29,COMPLETED,26.62501,78.06849
MPLADS-002328,Solar High-Mast Light at Ward-31,Solar High-Mast Light,Renewable Energy,DIST-0194,ST-05,PC-0278,CONT-0234,AGENCY-0955,2022-01-21,2022-03-09,2022-05-08,WORK_IN_PROGRESS,25.09207,76.18075
MPLADS-002329,Check Dam at Ward-68,Check Dam,Irrigation & Agriculture,DIST-0151,ST-04,PC-0214,CONT-0130,AGENCY-0661,2022-12-02,2022-12-22,2023-05-31,WORK_IN_PROGRESS,24.82463,87.26768
MPLADS-002330,Multi-Village Hospital Block at Ward-20,Multi-Village Hospital Block,Mega Infrastructure,DIST-0016,ST-01,PC-0023,CONT-0167,AGENCY-1213,2023-01-08,2023-03-08,2024-04-11,WORK_IN_PROGRESS,24.11146,84.20027
MPLADS-002331,Library Room at Ward-68,Library Room,Education Infrastructure,DIST-0195,ST-05,PC-0279,CONT-0140,AGENCY-1065,2023-11-27,2024-01-04,2024-06-02,WORK_IN_PROGRESS,22.33821,75.90448
MPLADS-002332,RO Water Plant at Ward-48,RO Water Plant,Drinking Water,DIST-0516,ST-15,PC-0754,CONT-0120,AGENCY-1052,2022-06-29,2022-07-30,2022-10-28,WORK_IN_PROGRESS,24.82515,91.28929
MPLADS-002333,Multi-Village Hospital Block at Ward-77,Multi-Village Hospital Block,Mega Infrastructure,DIST-0529,ST-15,PC-0777,CONT-0187,AGENCY-0992,2022-01-19,2022-02-10,2023-03-17,WORK_IN_PROGRESS,27.50482,90.28965
MPLADS-002334,Lift Irrigation Scheme at Ward-70,Lift Irrigation Scheme,Irrigation & Agriculture,DIST-0117,ST-03,PC-0169,CONT-0289,AGENCY-0755,2023-04-10,2023-05-13,2023-10-20,WORK_IN_PROGRESS,25.48023,83.97787
MPLADS-002335,School Boundary Wall at Ward-78,School Boundary Wall,Education Infrastructure,DIST-0268,ST-07,PC-0390,CONT-0031,AGENCY-0498,2023-02-21,2023-04-11,2023-09-08,WORK_IN_PROGRESS,27.03887,74.63524
MPLADS-002336,School Additional Classroom at Ward-30,School Additional Classroom,Education Infrastructure,DIST-0299,ST-07,PC-0437,CONT-0043,AGENCY-0044,2023-05-12,2023-06-16,2023-11-13,WORK_IN_PROGRESS,28.41771,72.43811
MPLADS-002337,Community Tank at Ward-68,Community Tank,Drinking Water,DIST-0177,ST-05,PC-0249,CONT-0207,AGENCY-0210,2023-08-07,2023-09-19,2023-12-18,COMPLETED,22.19267,80.81676
MPLADS-002338,Smart Classroom Lab at Ward-43,Smart Classroom Lab,Education Infrastructure,DIST-0583,ST-17,PC-0861,CONT-0009,AGENCY-0427,2022-09-02,2022-09-29,2023-02-26,WORK_IN_PROGRESS,18.12815,81.8902
MPLADS-002339,Community Tank at Ward-49,Community Tank,Drinking Water,DIST-0484,ST-14,PC-0707,CONT-0262,AGENCY-0206,2023-04-15,2023-05-27,2023-08-25,WORK_IN_PROGRESS,22.51852,83.9484
MPLADS-002340,Primary Health Sub-Centre at Ward-03,Primary Health Sub-Centre,Public Health,DIST-0392,ST-10,PC-0566,CONT-0201,AGENCY-0046,2022-08-12,2022-09-21,2023-04-19,WORK_IN_PROGRESS,17.78787,81.93924
MPLADS-002341,CC Road Construction at Ward-48,CC Road Construction,Roads & Bridges,DIST-0434,ST-11,PC-0632,CONT-0134,AGENCY-0306,2022-05-10,2022-07-04,2022-12-31,WORK_IN_PROGRESS,18.81226,82.35397
MPLADS-002342,Maternity Ward Facility at Ward-83,Maternity Ward Facility,Public Health,DIST-0241,ST-06,PC-0351,CONT-0121,AGENCY-0702,2022-10-25,2022-12-17,2023-07-15,WORK_IN_PROGRESS,8.60254,77.24248
MPLADS-002343,Farm Pond Renovation at Ward-98,Farm Pond Renovation,Irrigation & Agriculture,DIST-0123,ST-03,PC-0179,CONT-0295,AGENCY-0586,2022-05-31,2022-06-28,2022-12-05,WORK_IN_PROGRESS,24.48075,84.66082
MPLADS-002344,Deep Tube Well at Ward-74,Deep Tube Well,Drinking Water,DIST-0151,ST-04,PC-0214,CONT-0225,AGENCY-0944,2023-11-30,2024-01-04,2024-04-03,COMPLETED,24.83478,87.1691
MPLADS-002345,Smart Classroom Lab at Ward-19,Smart Classroom Lab,Education Infrastructure,DIST-0069,ST-01,PC-0100,CONT-0219,AGENCY-0417,2023-02-04,2023-03-13,2023-08-10,WORK_IN_PROGRESS,28.73822,82.64562
MPLADS-002346,Piped Water Network at Ward-65,Piped Water Network,Drinking Water,DIST-0176,ST-05,PC-0248,CONT-0270,AGENCY-0546,2022-01-24,2022-03-08,2022-06-06,WORK_IN_PROGRESS,21.01929,78.11028
MPLADS-002347,Library Room at Ward-89,Library Room,Education Infrastructure,DIST-0016,ST-01,PC-0024,CONT-0110,AGENCY-0501,2022-05-07,2022-07-03,2022-11-30,WORK_IN_PROGRESS,24.16564,84.17683
MPLADS-002348,Lift Irrigation Scheme at Ward-14,Lift Irrigation Scheme,Irrigation & Agriculture,DIST-0119,ST-03,PC-0173,CONT-0058,AGENCY-0089,2023-07-14,2023-08-04,2024-01-11,COMPLETED,26.4369,84.6015
MPLADS-002349,District Sports Complex at Ward-39,District Sports Complex,Mega Infrastructure,DIST-0336,ST-08,PC-0491,CONT-0082,AGENCY-0434,2023-11-27,2024-01-17,2025-02-20,WORK_IN_PROGRESS,13.62236,78.01624
MPLADS-002350,Yatri Shed at Ward-15,Yatri Shed,Community Infrastructure,DIST-0099,ST-02,PC-0142,CONT-0204,AGENCY-0902,2022-06-19,2022-08-07,2022-12-05,WORK_IN_PROGRESS,18.4788,73.99899
MPLADS-002351,CC Road Construction at Ward-93,CC Road Construction,Roads & Bridges,DIST-0163,ST-04,PC-0231,CONT-0280,AGENCY-0305,2022-07-30,2022-08-14,2023-02-10,WORK_IN_PROGRESS,24.85181,88.92255
MPLADS-002352,Community Hall at Ward-14,Community Hall,Community Infrastructure,DIST-0495,ST-14,PC-0723,CONT-0266,AGENCY-0721,2023-07-26,2023-08-30,2023-12-28,COMPLETED,22.83202,84.73241
MPLADS-002353,Ambulance Vehicle at Ward-17,Ambulance Vehicle,Public Health,DIST-0527,ST-15,PC-0773,CONT-0170,AGENCY-1160,2023-04-23,2023-06-19,2024-01-15,WORK_IN_PROGRESS,25.5746,91.52041
MPLADS-002354,Farm Pond Renovation at Ward-15,Farm Pond Renovation,Irrigation & Agriculture,DIST-0102,ST-02,PC-0146,CONT-0185,AGENCY-1181,2023-06-17,2023-07-29,2024-01-05,WORK_IN_PROGRESS,20.50911,79.46661
MPLADS-002355,Solar Rooftop Panel at Ward-27,Solar Rooftop Panel,Renewable Energy,DIST-0422,ST-11,PC-0616,CONT-0275,AGENCY-0563,2022-02-25,2022-04-22,2022-06-21,COMPLETED,18.67346,84.71337
MPLADS-002356,Farm Pond Renovation at Ward-37,Farm Pond Renovation,Irrigation & Agriculture,DIST-0570,ST-17,PC-0840,CONT-0188,AGENCY-0294,2023-07-23,2023-08-11,2024-01-18,WORK_IN_PROGRESS,21.51678,81.41036
MPLADS-002357,Community Hall at Ward-50,Community Hall,Community Infrastructure,DIST-0159,ST-04,PC-0224,CONT-0142,AGENCY-0997,2022-10-14,2022-11-24,2023-03-24,COMPLETED,25.84682,87.70663
MPLADS-002358,Paver Block Road at Ward-75,Paver Block Road,Roads & Bridges,DIST-0136,ST-03,PC-0195,CONT-0218,AGENCY-0302,2023-07-23,2023-08-28,2024-02-24,WORK_IN_PROGRESS,25.25675,85.57677
MPLADS-002359,Community Hall at Ward-38,Community Hall,Community Infrastructure,DIST-0230,ST-06,PC-0335,CONT-0169,AGENCY-0923,2023-02-06,2023-04-01,2023-07-30,WORK_IN_PROGRESS,8.26016,80.32946
MPLADS-002360,Culvert Bridge at Ward-94,Culvert Bridge,Roads & Bridges,DIST-0375,ST-09,PC-0543,CONT-0268,AGENCY-0717,2023-11-10,2023-12-23,2024-06-20,COMPLETED,21.53536,71.2378
MPLADS-002361,Solar Rooftop Panel at Ward-66,Solar Rooftop Panel,Renewable Energy,DIST-0024,ST-01,PC-0035,CONT-0253,AGENCY-0992,2022-03-29,2022-05-25,2022-07-24,COMPLETED,28.35721,77.98714
MPLADS-002362,Major River Overbridge at Ward-15,Major River Overbridge,Mega Infrastructure,DIST-0195,ST-05,PC-0279,CONT-0287,AGENCY-0972,2023-09-09,2023-09-29,2024-11-02,COMPLETED,22.28331,75.96115
MPLADS-002363,Library Room at Ward-03,Library Room,Education Infrastructure,DIST-0069,ST-01,PC-0100,CONT-0024,AGENCY-0242,2023-08-25,2023-10-15,2024-03-13,WORK_IN_PROGRESS,28.81821,82.60949
MPLADS-002364,Multi-Village Hospital Block at Ward-80,Multi-Village Hospital Block,Mega Infrastructure,DIST-0267,ST-07,PC-0389,CONT-0199,AGENCY-0340,2023-05-30,2023-07-28,2024-08-31,WORK_IN_PROGRESS,27.27069,75.93222
MPLADS-002365,Solar Rooftop Panel at Ward-37,Solar Rooftop Panel,Renewable Energy,DIST-0378,ST-09,PC-0547,CONT-0195,AGENCY-0944,2023-09-10,2023-10-20,2023-12-19,WORK_IN_PROGRESS,23.89995,73.97919
MPLADS-002366,Solar Street Lighting at Ward-37,Solar Street Lighting,Renewable Energy,DIST-0077,ST-02,PC-0112,CONT-0167,AGENCY-0980,2022-07-10,2022-08-01,2022-09-30,WORK_IN_PROGRESS,21.69181,78.55637
MPLADS-002367,District Sports Complex at Ward-25,District Sports Complex,Mega Infrastructure,DIST-0589,ST-17,PC-0869,CONT-0182,AGENCY-0191,2022-05-16,2022-07-14,2023-08-18,WORK_IN_PROGRESS,20.42716,83.87855
MPLADS-002368,Maternity Ward Facility at Ward-62,Maternity Ward Facility,Public Health,DIST-0011,ST-01,PC-0015,CONT-0247,AGENCY-0838,2022-12-09,2023-01-28,2023-08-26,WORK_IN_PROGRESS,27.23594,78.15253
MPLADS-002369,Public Toilet Complex at Ward-51,Public Toilet Complex,Community Infrastructure,DIST-0537,ST-15,PC-0789,CONT-0072,AGENCY-1023,2022-06-02,2022-06-22,2022-10-20,WORK_IN_PROGRESS,26.139,94.17438
MPLADS-002370,CC Road Construction at Ward-75,CC Road Construction,Roads & Bridges,DIST-0017,ST-01,PC-0025,CONT-0100,AGENCY-0318,2022-04-24,2022-06-01,2022-11-28,WORK_IN_PROGRESS,27.14553,78.94859
MPLADS-002371,Farm Pond Renovation at Ward-18,Farm Pond Renovation,Irrigation & Agriculture,DIST-0437,ST-12,PC-0638,CONT-0184,AGENCY-1099,2022-05-15,2022-06-14,2022-11-21,COMPLETED,17.75719,79.97983
MPLADS-002372,Ayurvedic Dispensary at Ward-49,Ayurvedic Dispensary,Public Health,DIST-0159,ST-04,PC-0224,CONT-0063,AGENCY-0643,2022-10-21,2022-12-09,2023-07-07,WORK_IN_PROGRESS,25.91953,87.62627
MPLADS-002373,Library Room at Ward-87,Library Room,Education Infrastructure,DIST-0050,ST-01,PC-0072,CONT-0022,AGENCY-0946,2023-07-30,2023-09-24,2024-02-21,WORK_IN_PROGRESS,28.76852,78.43346
MPLADS-002374,Farm Pond Renovation at Ward-61,Farm Pond Renovation,Irrigation & Agriculture,DIST-0504,ST-14,PC-0734,CONT-0016,AGENCY-0463,2022-03-04,2022-04-19,2022-09-26,WORK_IN_PROGRESS,23.04997,86.62953
MPLADS-002375,Deep Tube Well at Ward-05,Deep Tube Well,Drinking Water,DIST-0137,ST-03,PC-0197,CONT-0162,AGENCY-0498,2022-04-07,2022-04-29,2022-07-28,WORK_IN_PROGRESS,26.40074,83.81206
MPLADS-002376,Maternity Ward Facility at Ward-84,Maternity Ward Facility,Public Health,DIST-0189,ST-05,PC-0268,CONT-0187,AGENCY-0400,2023-05-31,2023-07-15,2024-02-10,WORK_IN_PROGRESS,21.66252,75.94687
MPLADS-002377,Solar Rooftop Panel at Ward-11,Solar Rooftop Panel,Renewable Energy,DIST-0515,ST-15,PC-0753,CONT-0233,AGENCY-0338,2023-09-07,2023-10-19,2023-12-18,WORK_IN_PROGRESS,25.76063,92.82769
MPLADS-002378,Smart Classroom Lab at Ward-46,Smart Classroom Lab,Education Infrastructure,DIST-0100,ST-02,PC-0143,CONT-0243,AGENCY-0559,2023-09-24,2023-10-19,2024-03-17,WORK_IN_PROGRESS,17.08022,73.33331
MPLADS-002379,School Boundary Wall at Ward-01,School Boundary Wall,Education Infrastructure,DIST-0139,ST-03,PC-0199,CONT-0307,AGENCY-0513,2022-11-20,2023-01-08,2023-06-07,WORK_IN_PROGRESS,27.12559,84.57871
MPLADS-002380,Ayurvedic Dispensary at Ward-81,Ayurvedic Dispensary,Public Health,DIST-0377,ST-09,PC-0545,CONT-0087,AGENCY-0386,2023-03-01,2023-04-19,2023-11-15,WORK_IN_PROGRESS,20.15143,73.58184
MPLADS-002381,Solar Rooftop Panel at Ward-33,Solar Rooftop Panel,Renewable Energy,DIST-0075,ST-01,PC-0108,CONT-0030,AGENCY-0838,2022-10-29,2022-12-01,2023-01-30,WORK_IN_PROGRESS,26.6746,78.06028
MPLADS-002382,Community Tank at Ward-75,Community Tank,Drinking Water,DIST-0503,ST-14,PC-0732,CONT-0115,AGENCY-0873,2023-07-28,2023-08-28,2023-11-26,COMPLETED,22.61973,86.45304
MPLADS-002383,Maternity Ward Facility at Ward-34,Maternity Ward Facility,Public Health,DIST-0167,ST-04,PC-0237,CONT-0230,AGENCY-0758,2023-01-02,2023-02-27,2023-09-25,WORK_IN_PROGRESS,26.38948,87.39173
MPLADS-002384,Culvert Bridge at Ward-90,Culvert Bridge,Roads & Bridges,DIST-0497,ST-14,PC-0725,CONT-0234,AGENCY-0244,2023-07-15,2023-08-04,2024-01-31,WORK_IN_PROGRESS,23.11751,84.08011
MPLADS-002385,Farm Pond Renovation at Ward-05,Farm Pond Renovation,Irrigation & Agriculture,DIST-0466,ST-12,PC-0680,CONT-0064,AGENCY-0904,2022-09-01,2022-09-25,2023-03-04,WORK_IN_PROGRESS,18.13045,81.09842
MPLADS-002386,Community Tank at Ward-78,Community Tank,Drinking Water,DIST-0027,ST-01,PC-0039,CONT-0017,AGENCY-0232,2022-09-15,2022-11-02,2023-01-31,COMPLETED,29.27657,80.49221
MPLADS-002387,Solar Rooftop Panel at Ward-18,Solar Rooftop Panel,Renewable Energy,DIST-0034,ST-01,PC-0050,CONT-0004,AGENCY-0560,2022-07-30,2022-09-02,2022-11-01,COMPLETED,29.01392,81.81512
MPLADS-002388,Community Tank at Ward-41,Community Tank,Drinking Water,DIST-0436,ST-12,PC-0637,CONT-0037,AGENCY-0880,2023-10-31,2023-12-28,2024-03-27,WORK_IN_PROGRESS,17.6944,80.70492
MPLADS-002389,Paver Block Road at Ward-40,Paver Block Road,Roads & Bridges,DIST-0255,ST-06,PC-0372,CONT-0036,AGENCY-0541,2022-10-06,2022-10-23,2023-04-21,WORK_IN_PROGRESS,11.81467,76.95976
MPLADS-002390,Culvert Bridge at Ward-03,Culvert Bridge,Roads & Bridges,DIST-0365,ST-09,PC-0529,CONT-0209,AGENCY-0400,2023-06-08,2023-07-25,2024-01-21,WORK_IN_PROGRESS,21.01531,69.26063
MPLADS-002391,District Sports Complex at Ward-63,District Sports Complex,Mega Infrastructure,DIST-0593,ST-17,PC-0873,CONT-0055,AGENCY-1183,2023-08-13,2023-09-03,2024-10-07,WORK_IN_PROGRESS,18.41329,82.69603
MPLADS-002392,RO Water Plant at Ward-51,RO Water Plant,Drinking Water,DIST-0288,ST-07,PC-0423,CONT-0134,AGENCY-0120,2022-12-26,2023-02-15,2023-05-16,WORK_IN_PROGRESS,28.91075,70.15686
MPLADS-002393,Deep Tube Well at Ward-65,Deep Tube Well,Drinking Water,DIST-0171,ST-04,PC-0243,CONT-0025,AGENCY-0141,2022-03-08,2022-04-04,2022-07-03,COMPLETED,25.4424,86.21807
MPLADS-002394,Yatri Shed at Ward-87,Yatri Shed,Community Infrastructure,DIST-0596,ST-17,PC-0877,CONT-0227,AGENCY-0101,2023-09-08,2023-10-29,2024-02-26,DELAYED,21.75831,82.93222
MPLADS-002395,Primary Health Sub-Centre at Ward-28,Primary Health Sub-Centre,Public Health,DIST-0496,ST-14,PC-0724,CONT-0154,AGENCY-1054,2022-03-30,2022-05-18,2022-12-14,COMPLETED,23.73368,85.68305
MPLADS-002396,Paver Block Road at Ward-21,Paver Block Road,Roads & Bridges,DIST-0542,ST-16,PC-0794,CONT-0025,AGENCY-1212,2022-07-19,2022-09-04,2023-03-03,WORK_IN_PROGRESS,31.85954,75.7881
MPLADS-002397,Paver Block Road at Ward-31,Paver Block Road,Roads & Bridges,DIST-0397,ST-10,PC-0575,CONT-0070,AGENCY-0938,2022-01-21,2022-02-27,2022-08-26,WORK_IN_PROGRESS,15.86143,78.91644
MPLADS-002398,Culvert Bridge at Ward-68,Culvert Bridge,Roads & Bridges,DIST-0376,ST-09,PC-0544,CONT-0310,AGENCY-1133,2022-06-25,2022-08-21,2023-02-17,WORK_IN_PROGRESS,22.69952,69.99579
MPLADS-002399,Community Hall at Ward-53,Community Hall,Community Infrastructure,DIST-0614,ST-18,PC-0903,CONT-0127,AGENCY-0904,2023-11-25,2023-12-14,2024-04-12,WORK_IN_PROGRESS,27.8346,77.45667
MPLADS-002400,Public Toilet Complex at Ward-47,Public Toilet Complex,Community Infrastructure,DIST-0019,ST-01,PC-0028,CONT-0170,AGENCY-0613,2022-08-18,2022-10-04,2023-02-01,WORK_IN_PROGRESS,25.44549,77.28615
MPLADS-002401,Public Toilet Complex at Ward-46,Public Toilet Complex,Community Infrastructure,DIST-0260,ST-06,PC-0379,CONT-0190,AGENCY-0424,2023-01-30,2023-03-29,2023-07-27,WORK_IN_PROGRESS,11.18857,78.16775
MPLADS-002402,Ayurvedic Dispensary at Ward-43,Ayurvedic Dispensary,Public Health,DIST-0078,ST-02,PC-0113,CONT-0234,AGENCY-1119,2023-11-22,2023-12-29,2024-07-26,COMPLETED,19.41735,77.70658
MPLADS-002403,Check Dam at Ward-10,Check Dam,Irrigation & Agriculture,DIST-0390,ST-10,PC-0563,CONT-0071,AGENCY-1024,2022-06-20,2022-07-06,2022-12-13,WORK_IN_PROGRESS,17.28133,78.19619
MPLADS-002404,Solar High-Mast Light at Ward-26,Solar High-Mast Light,Renewable Energy,DIST-0274,ST-07,PC-0400,CONT-0017,AGENCY-0048,2023-01-27,2023-02-27,2023-04-28,WORK_IN_PROGRESS,27.49962,74.13056
MPLADS-002405,Ayurvedic Dispensary at Ward-54,Ayurvedic Dispensary,Public Health,DIST-0080,ST-02,PC-0117,CONT-0192,AGENCY-1185,2022-07-12,2022-09-02,2023-03-31,WORK_IN_PROGRESS,19.19629,73.29283
MPLADS-002406,Community Tank at Ward-90,Community Tank,Drinking Water,DIST-0078,ST-02,PC-0114,CONT-0274,AGENCY-0376,2023-11-17,2023-12-10,2024-03-09,COMPLETED,19.33974,77.73887
MPLADS-002407,Community Tank at Ward-42,Community Tank,Drinking Water,DIST-0312,ST-07,PC-0459,CONT-0285,AGENCY-0519,2022-04-30,2022-05-19,2022-08-17,WORK_IN_PROGRESS,25.76089,75.31212
MPLADS-002408,Public Toilet Complex at Ward-50,Public Toilet Complex,Community Infrastructure,DIST-0430,ST-11,PC-0627,CONT-0295,AGENCY-0997,2023-06-14,2023-07-24,2023-11-21,WORK_IN_PROGRESS,20.52085,82.8802
MPLADS-002409,School Additional Classroom at Ward-96,School Additional Classroom,Education Infrastructure,DIST-0128,ST-03,PC-0184,CONT-0091,AGENCY-0603,2022-01-06,2022-02-04,2022-07-04,WORK_IN_PROGRESS,26.97748,85.11457
MPLADS-002410,Community Hall at Ward-52,Community Hall,Community Infrastructure,DIST-0437,ST-12,PC-0638,CONT-0166,AGENCY-0191,2022-08-01,2022-09-05,2023-01-03,WORK_IN_PROGRESS,17.60629,79.93586
MPLADS-002411,Multi-Village Hospital Block at Ward-58,Multi-Village Hospital Block,Mega Infrastructure,DIST-0118,ST-03,PC-0171,CONT-0154,AGENCY-1098,2022-01-18,2022-02-15,2023-03-22,WORK_IN_PROGRESS,26.57083,87.51787
MPLADS-002412,Bituminous Road at Ward-32,Bituminous Road,Roads & Bridges,DIST-0082,ST-02,PC-0121,CONT-0133,AGENCY-0155,2022-01-28,2022-02-27,2022-08-26,WORK_IN_PROGRESS,20.07379,74.19711
MPLADS-002413,Smart Classroom Lab at Ward-15,Smart Classroom Lab,Education Infrastructure,DIST-0362,ST-09,PC-0525,CONT-0188,AGENCY-1110,2022-01-06,2022-02-23,2022-07-23,WORK_IN_PROGRESS,21.61751,70.05509
MPLADS-002414,Solar Rooftop Panel at Ward-93,Solar Rooftop Panel,Renewable Energy,DIST-0263,ST-06,PC-0383,CONT-0287,AGENCY-0756,2022-03-31,2022-05-19,2022-07-18,WORK_IN_PROGRESS,10.32264,79.56205
MPLADS-002415,Multi-Village Hospital Block at Ward-71,Multi-Village Hospital Block,Mega Infrastructure,DIST-0011,ST-01,PC-0015,CONT-0118,AGENCY-0660,2022-10-03,2022-10-30,2023-12-04,WORK_IN_PROGRESS,27.27663,78.09121
MPLADS-002416,Multi-Village Hospital Block at Ward-01,Multi-Village Hospital Block,Mega Infrastructure,DIST-0284,ST-07,PC-0416,CONT-0065,AGENCY-0510,2022-04-30,2022-06-14,2023-07-19,COMPLETED,25.8855,77.71856
MPLADS-002417,District Sports Complex at Ward-38,District Sports Complex,Mega Infrastructure,DIST-0475,ST-13,PC-0692,CONT-0052,AGENCY-0365,2023-07-11,2023-08-02,2024-09-05,WORK_IN_PROGRESS,10.10603,77.4126
MPLADS-002418,Solar Street Lighting at Ward-56,Solar Street Lighting,Renewable Energy,DIST-0087,ST-02,PC-0127,CONT-0222,AGENCY-0832,2023-04-05,2023-04-28,2023-06-27,WORK_IN_PROGRESS,20.48078,79.34095
MPLADS-002419,Community Tank at Ward-36,Community Tank,Drinking Water,DIST-0418,ST-11,PC-0610,CONT-0061,AGENCY-0394,2023-08-10,2023-08-28,2023-11-26,COMPLETED,21.88701,83.30662
MPLADS-002420,Lift Irrigation Scheme at Ward-91,Lift Irrigation Scheme,Irrigation & Agriculture,DIST-0053,ST-01,PC-0078,CONT-0234,AGENCY-0242,2023-11-26,2024-01-22,2024-06-30,WORK_IN_PROGRESS,26.65177,80.57344
MPLADS-002421,Crematorium Shed at Ward-41,Crematorium Shed,Community Infrastructure,DIST-0149,ST-03,PC-0211,CONT-0253,AGENCY-0209,2022-02-10,2022-02-25,2022-06-25,WORK_IN_PROGRESS,26.12838,84.39273
MPLADS-002422,School Boundary Wall at Ward-49,School Boundary Wall,Education Infrastructure,DIST-0232,ST-06,PC-0338,CONT-0108,AGENCY-0385,2023-05-08,2023-06-01,2023-10-29,WORK_IN_PROGRESS,9.05626,77.2906
MPLADS-002423,Deep Tube Well at Ward-83,Deep Tube Well,Drinking Water,DIST-0372,ST-09,PC-0539,CONT-0127,AGENCY-0999,2023-05-15,2023-06-03,2023-09-01,COMPLETED,23.7607,71.34171
MPLADS-002424,Smart Classroom Lab at Ward-49,Smart Classroom Lab,Education Infrastructure,DIST-0285,ST-07,PC-0417,CONT-0120,AGENCY-1047,2022-03-07,2022-04-06,2022-09-03,WORK_IN_PROGRESS,29.74095,71.97454
MPLADS-002425,Major River Overbridge at Ward-28,Major River Overbridge,Mega Infrastructure,DIST-0593,ST-17,PC-0873,CONT-0309,AGENCY-1046,2022-08-11,2022-09-30,2023-11-04,WORK_IN_PROGRESS,18.41655,82.70706
MPLADS-002426,Community Tank at Ward-64,Community Tank,Drinking Water,DIST-0367,ST-09,PC-0532,CONT-0069,AGENCY-0403,2022-06-12,2022-06-29,2022-09-27,WORK_IN_PROGRESS,20.37065,69.29487
MPLADS-002427,Culvert Bridge at Ward-80,Culvert Bridge,Roads & Bridges,DIST-0062,ST-01,PC-0090,CONT-0024,AGENCY-0283,2022-06-04,2022-06-29,2022-12-26,WORK_IN_PROGRESS,25.24924,83.72371
MPLADS-002428,Solar Street Lighting at Ward-40,Solar Street Lighting,Renewable Energy,DIST-0379,ST-09,PC-0548,CONT-0026,AGENCY-0188,2023-04-25,2023-05-16,2023-07-15,WORK_IN_PROGRESS,21.15713,68.84779
MPLADS-002429,CC Road Construction at Ward-54,CC Road Construction,Roads & Bridges,DIST-0274,ST-07,PC-0400,CONT-0108,AGENCY-0465,2022-06-04,2022-07-21,2023-01-17,WORK_IN_PROGRESS,27.49406,74.12481
MPLADS-002430,Check Dam at Ward-21,Check Dam,Irrigation & Agriculture,DIST-0600,ST-18,PC-0883,CONT-0113,AGENCY-0042,2023-08-25,2023-10-12,2024-03-20,WORK_IN_PROGRESS,30.75517,76.22552
MPLADS-002431,Ambulance Vehicle at Ward-82,Ambulance Vehicle,Public Health,DIST-0149,ST-03,PC-0211,CONT-0210,AGENCY-1076,2023-09-07,2023-10-31,2024-05-28,WORK_IN_PROGRESS,26.25675,84.33272
MPLADS-002432,Library Room at Ward-90,Library Room,Education Infrastructure,DIST-0528,ST-15,PC-0776,CONT-0244,AGENCY-0761,2022-01-25,2022-02-14,2022-07-14,WORK_IN_PROGRESS,26.48478,90.84323
MPLADS-002433,Check Dam at Ward-41,Check Dam,Irrigation & Agriculture,DIST-0589,ST-17,PC-0869,CONT-0193,AGENCY-1128,2022-10-18,2022-12-05,2023-05-14,WORK_IN_PROGRESS,20.46344,83.92678
MPLADS-002434,Multi-Village Hospital Block at Ward-10,Multi-Village Hospital Block,Mega Infrastructure,DIST-0485,ST-14,PC-0708,CONT-0028,AGENCY-0110,2022-12-05,2023-01-05,2024-02-09,WORK_IN_PROGRESS,23.88693,86.77234
MPLADS-002435,District Sports Complex at Ward-68,District Sports Complex,Mega Infrastructure,DIST-0500,ST-14,PC-0728,CONT-0193,AGENCY-0911,2022-10-23,2022-12-14,2024-01-18,WORK_IN_PROGRESS,24.24177,86.72897
MPLADS-002436,Smart Classroom Lab at Ward-39,Smart Classroom Lab,Education Infrastructure,DIST-0227,ST-05,PC-0331,CONT-0211,AGENCY-0605,2023-11-07,2023-12-24,2024-05-22,WORK_IN_PROGRESS,22.92636,77.60831
MPLADS-002437,Check Dam at Ward-32,Check Dam,Irrigation & Agriculture,DIST-0279,ST-07,PC-0408,CONT-0135,AGENCY-0575,2023-04-28,2023-05-22,2023-10-29,WORK_IN_PROGRESS,26.78922,69.73692
MPLADS-002438,Solar High-Mast Light at Ward-47,Solar High-Mast Light,Renewable Energy,DIST-0558,ST-16,PC-0819,CONT-0238,AGENCY-0378,2022-07-03,2022-07-20,2022-09-18,WORK_IN_PROGRESS,30.7111,74.30051
MPLADS-002439,Community Tank at Ward-79,Community Tank,Drinking Water,DIST-0370,ST-09,PC-0535,CONT-0247,AGENCY-1049,2022-09-02,2022-09-28,2022-12-27,COMPLETED,20.29579,74.14237
MPLADS-002440,Ambulance Vehicle at Ward-15,Ambulance Vehicle,Public Health,DIST-0385,ST-10,PC-0557,CONT-0260,AGENCY-0781,2023-02-15,2023-04-09,2023-11-05,WORK_IN_PROGRESS,12.81337,79.406
MPLADS-002441,School Boundary Wall at Ward-80,School Boundary Wall,Education Infrastructure,DIST-0466,ST-12,PC-0680,CONT-0306,AGENCY-0764,2023-03-09,2023-03-28,2023-08-25,WORK_IN_PROGRESS,18.1077,81.09832
MPLADS-002442,Crematorium Shed at Ward-05,Crematorium Shed,Community Infrastructure,DIST-0614,ST-18,PC-0903,CONT-0203,AGENCY-0692,2022-11-28,2023-01-01,2023-05-01,COMPLETED,27.81595,77.46381
MPLADS-002443,Deep Tube Well at Ward-05,Deep Tube Well,Drinking Water,DIST-0207,ST-05,PC-0300,CONT-0032,AGENCY-0309,2022-09-27,2022-10-20,2023-01-18,WORK_IN_PROGRESS,26.02138,78.22754
MPLADS-002444,Deep Tube Well at Ward-65,Deep Tube Well,Drinking Water,DIST-0068,ST-01,PC-0097,CONT-0280,AGENCY-0937,2022-04-12,2022-05-26,2022-08-24,WORK_IN_PROGRESS,29.60379,77.91759
MPLADS-002445,Multi-Village Hospital Block at Ward-73,Multi-Village Hospital Block,Mega Infrastructure,DIST-0273,ST-07,PC-0399,CONT-0178,AGENCY-0228,2022-02-18,2022-03-08,2023-04-12,WORK_IN_PROGRESS,26.60654,74.41079
MPLADS-002446,Solar High-Mast Light at Ward-29,Solar High-Mast Light,Renewable Energy,DIST-0405,ST-10,PC-0589,CONT-0169,AGENCY-0505,2022-06-16,2022-08-10,2022-10-09,WORK_IN_PROGRESS,16.79989,81.56976
MPLADS-002447,Crematorium Shed at Ward-25,Crematorium Shed,Community Infrastructure,DIST-0480,ST-13,PC-0701,CONT-0123,AGENCY-0192,2023-04-18,2023-05-07,2023-09-04,WORK_IN_PROGRESS,9.62336,75.03725
MPLADS-002448,Check Dam at Ward-08,Check Dam,Irrigation & Agriculture,DIST-0144,ST-03,PC-0205,CONT-0031,AGENCY-1050,2022-12-26,2023-01-29,2023-07-08,WORK_IN_PROGRESS,27.33782,87.70357
MPLADS-002449,School Boundary Wall at Ward-31,School Boundary Wall,Education Infrastructure,DIST-0569,ST-17,PC-0839,CONT-0086,AGENCY-1003,2023-05-13,2023-06-20,2023-11-17,WORK_IN_PROGRESS,18.66207,82.79953
MPLADS-002450,Lift Irrigation Scheme at Ward-93,Lift Irrigation Scheme,Irrigation & Agriculture,DIST-0547,ST-16,PC-0803,CONT-0194,AGENCY-0891,2023-08-03,2023-09-12,2024-02-19,WORK_IN_PROGRESS,30.10859,73.91984
MPLADS-002451,Deep Tube Well at Ward-41,Deep Tube Well,Drinking Water,DIST-0478,ST-13,PC-0698,CONT-0092,AGENCY-0790,2022-09-11,2022-10-08,2023-01-06,WORK_IN_PROGRESS,12.16759,75.60562
MPLADS-002452,Maternity Ward Facility at Ward-73,Maternity Ward Facility,Public Health,DIST-0261,ST-06,PC-0380,CONT-0202,AGENCY-0028,2022-05-06,2022-06-10,2023-01-06,WORK_IN_PROGRESS,12.76414,77.68907
MPLADS-002453,Check Dam at Ward-83,Check Dam,Irrigation & Agriculture,DIST-0399,ST-10,PC-0579,CONT-0066,AGENCY-0062,2022-01-07,2022-02-07,2022-07-17,WORK_IN_PROGRESS,14.45215,80.11384
MPLADS-002454,Paver Block Road at Ward-62,Paver Block Road,Roads & Bridges,DIST-0254,ST-06,PC-0371,CONT-0177,AGENCY-1183,2022-01-07,2022-02-15,2022-08-14,COMPLETED,12.75903,76.23454
MPLADS-002455,School Boundary Wall at Ward-74,School Boundary Wall,Education Infrastructure,DIST-0024,ST-01,PC-0035,CONT-0266,AGENCY-0949,2022-05-16,2022-06-08,2022-11-05,WORK_IN_PROGRESS,28.34967,77.9597
MPLADS-002456,Solar High-Mast Light at Ward-04,Solar High-Mast Light,Renewable Energy,DIST-0574,ST-17,PC-0846,CONT-0270,AGENCY-0878,2023-06-09,2023-07-07,2023-09-05,WORK_IN_PROGRESS,19.63062,82.73114
MPLADS-002457,Ayurvedic Dispensary at Ward-02,Ayurvedic Dispensary,Public Health,DIST-0174,ST-05,PC-0246,CONT-0006,AGENCY-1090,2022-12-01,2022-12-30,2023-07-28,WORK_IN_PROGRESS,21.77377,77.70173
MPLADS-002458,Culvert Bridge at Ward-18,Culvert Bridge,Roads & Bridges,DIST-0092,ST-02,PC-0134,CONT-0188,AGENCY-1198,2022-06-28,2022-08-03,2023-01-30,WORK_IN_PROGRESS,19.87866,79.21971
MPLADS-002459,Paver Block Road at Ward-95,Paver Block Road,Roads & Bridges,DIST-0536,ST-15,PC-0786,CONT-0023,AGENCY-0920,2022-12-18,2023-01-13,2023-07-12,WORK_IN_PROGRESS,26.0747,94.00385
MPLADS-002460,Deep Tube Well at Ward-36,Deep Tube Well,Drinking Water,DIST-0455,ST-12,PC-0664,CONT-0212,AGENCY-1029,2023-01-07,2023-02-28,2023-05-29,WORK_IN_PROGRESS,17.2645,78.68499
MPLADS-002461,Solar Street Lighting at Ward-54,Solar Street Lighting,Renewable Energy,DIST-0267,ST-07,PC-0389,CONT-0032,AGENCY-1160,2022-06-17,2022-08-09,2022-10-08,WORK_IN_PROGRESS,27.38865,75.95853
MPLADS-002462,Culvert Bridge at Ward-33,Culvert Bridge,Roads & Bridges,DIST-0383,ST-10,PC-0553,CONT-0206,AGENCY-0369,2022-04-05,2022-04-25,2022-10-22,WORK_IN_PROGRESS,13.57342,80.65027
MPLADS-002463,Farm Pond Renovation at Ward-15,Farm Pond Renovation,Irrigation & Agriculture,DIST-0041,ST-01,PC-0061,CONT-0159,AGENCY-0497,2022-10-18,2022-11-17,2023-04-26,WORK_IN_PROGRESS,24.73651,77.88638
MPLADS-002464,Smart Classroom Lab at Ward-90,Smart Classroom Lab,Education Infrastructure,DIST-0140,ST-03,PC-0200,CONT-0038,AGENCY-0319,2022-08-05,2022-08-31,2023-01-28,COMPLETED,27.29533,83.56854
MPLADS-002465,Ambulance Vehicle at Ward-85,Ambulance Vehicle,Public Health,DIST-0106,ST-02,PC-0151,CONT-0088,AGENCY-0178,2023-02-17,2023-04-13,2023-11-09,WORK_IN_PROGRESS,17.04754,78.18582
MPLADS-002466,Maternity Ward Facility at Ward-84,Maternity Ward Facility,Public Health,DIST-0180,ST-05,PC-0253,CONT-0267,AGENCY-0584,2023-04-09,2023-05-05,2023-12-01,COMPLETED,24.72626,80.98049
MPLADS-002467,Public Toilet Complex at Ward-35,Public Toilet Complex,Community Infrastructure,DIST-0261,ST-06,PC-0381,CONT-0189,AGENCY-0214,2023-08-10,2023-10-08,2024-02-05,WORK_IN_PROGRESS,12.72199,77.59465
MPLADS-002468,Piped Water Network at Ward-08,Piped Water Network,Drinking Water,DIST-0006,ST-01,PC-0008,CONT-0183,AGENCY-1153,2022-11-25,2022-12-21,2023-03-21,COMPLETED,29.16115,79.89728
MPLADS-002469,Solar High-Mast Light at Ward-27,Solar High-Mast Light,Renewable Energy,DIST-0318,ST-08,PC-0466,CONT-0254,AGENCY-0703,2023-01-08,2023-02-25,2023-04-26,WORK_IN_PROGRESS,14.10057,75.96394
MPLADS-002470,Primary Health Sub-Centre at Ward-36,Primary Health Sub-Centre,Public Health,DIST-0424,ST-11,PC-0619,CONT-0170,AGENCY-0693,2023-04-08,2023-05-25,2023-12-21,WORK_IN_PROGRESS,18.52389,83.38803
MPLADS-002471,Community Hall at Ward-35,Community Hall,Community Infrastructure,DIST-0039,ST-01,PC-0058,CONT-0296,AGENCY-0399,2023-11-07,2023-12-03,2024-04-01,WORK_IN_PROGRESS,29.10788,82.99876
MPLADS-002472,Yatri Shed at Ward-04,Yatri Shed,Community Infrastructure,DIST-0292,ST-07,PC-0427,CONT-0253,AGENCY-0698,2022-07-08,2022-08-28,2022-12-26,WORK_IN_PROGRESS,24.8469,76.87645
MPLADS-002473,Maternity Ward Facility at Ward-47,Maternity Ward Facility,Public Health,DIST-0247,ST-06,PC-0360,CONT-0123,AGENCY-0560,2022-10-14,2022-11-25,2023-06-23,WORK_IN_PROGRESS,13.56499,78.02685
MPLADS-002474,Bituminous Road at Ward-25,Bituminous Road,Roads & Bridges,DIST-0137,ST-03,PC-0197,CONT-0153,AGENCY-0820,2022-06-24,2022-07-18,2023-01-14,WORK_IN_PROGRESS,26.35953,83.8172
MPLADS-002475,Primary Health Sub-Centre at Ward-93,Primary Health Sub-Centre,Public Health,DIST-0471,ST-13,PC-0687,CONT-0183,AGENCY-1080,2022-05-23,2022-06-25,2023-01-21,COMPLETED,9.46997,75.3897
MPLADS-002476,Paver Block Road at Ward-86,Paver Block Road,Roads & Bridges,DIST-0066,ST-01,PC-0095,CONT-0114,AGENCY-0274,2022-08-30,2022-10-24,2023-04-22,WORK_IN_PROGRESS,24.15918,83.8875
MPLADS-002477,Library Room at Ward-14,Library Room,Education Infrastructure,DIST-0591,ST-17,PC-0871,CONT-0239,AGENCY-0294,2022-05-25,2022-06-23,2022-11-20,WORK_IN_PROGRESS,18.73227,81.32384
MPLADS-002478,School Boundary Wall at Ward-10,School Boundary Wall,Education Infrastructure,DIST-0408,ST-11,PC-0594,CONT-0046,AGENCY-0242,2023-04-07,2023-06-02,2023-10-30,WORK_IN_PROGRESS,17.8685,82.46692
MPLADS-002479,Crematorium Shed at Ward-76,Crematorium Shed,Community Infrastructure,DIST-0511,ST-15,PC-0745,CONT-0109,AGENCY-0781,2023-02-03,2023-03-09,2023-07-07,WORK_IN_PROGRESS,27.13785,95.04624
MPLADS-002480,District Sports Complex at Ward-44,District Sports Complex,Mega Infrastructure,DIST-0187,ST-05,PC-0264,CONT-0284,AGENCY-0381,2023-08-20,2023-09-14,2024-10-18,WORK_IN_PROGRESS,25.69372,81.21208
MPLADS-002481,Community Hall at Ward-68,Community Hall,Community Infrastructure,DIST-0325,ST-08,PC-0474,CONT-0204,AGENCY-0415,2022-05-21,2022-07-05,2022-11-02,WORK_IN_PROGRESS,16.40702,74.74479
MPLADS-002482,Maternity Ward Facility at Ward-34,Maternity Ward Facility,Public Health,DIST-0589,ST-17,PC-0869,CONT-0299,AGENCY-0816,2022-10-20,2022-12-17,2023-07-15,WORK_IN_PROGRESS,20.41804,83.84169
MPLADS-002483,Major River Overbridge at Ward-04,Major River Overbridge,Mega Infrastructure,DIST-0561,ST-16,PC-0824,CONT-0303,AGENCY-0963,2022-10-21,2022-11-26,2023-12-31,WORK_IN_PROGRESS,32.12726,74.14034
MPLADS-002484,Major River Overbridge at Ward-94,Major River Overbridge,Mega Infrastructure,DIST-0575,ST-17,PC-0848,CONT-0287,AGENCY-0550,2022-02-11,2022-04-05,2023-05-10,COMPLETED,21.66707,83.28287
MPLADS-002485,Lift Irrigation Scheme at Ward-33,Lift Irrigation Scheme,Irrigation & Agriculture,DIST-0185,ST-05,PC-0261,CONT-0083,AGENCY-0704,2023-07-11,2023-08-31,2024-02-07,WORK_IN_PROGRESS,25.39329,81.7714
MPLADS-002486,Ambulance Vehicle at Ward-28,Ambulance Vehicle,Public Health,DIST-0165,ST-04,PC-0234,CONT-0294,AGENCY-0856,2022-04-03,2022-05-06,2022-12-02,WORK_IN_PROGRESS,26.68926,86.19902
MPLADS-002487,Maternity Ward Facility at Ward-24,Maternity Ward Facility,Public Health,DIST-0005,ST-01,PC-0007,CONT-0033,AGENCY-0920,2022-06-30,2022-08-01,2023-02-27,WORK_IN_PROGRESS,24.79096,80.56975
MPLADS-002488,Lift Irrigation Scheme at Ward-12,Lift Irrigation Scheme,Irrigation & Agriculture,DIST-0098,ST-02,PC-0141,CONT-0036,AGENCY-1047,2022-07-04,2022-08-19,2023-01-26,WORK_IN_PROGRESS,20.19497,79.64416
MPLADS-002489,Bituminous Road at Ward-89,Bituminous Road,Roads & Bridges,DIST-0198,ST-05,PC-0285,CONT-0097,AGENCY-0287,2022-08-18,2022-09-15,2023-03-14,WORK_IN_PROGRESS,21.66759,81.07291
MPLADS-002490,Ambulance Vehicle at Ward-28,Ambulance Vehicle,Public Health,DIST-0221,ST-05,PC-0322,CONT-0064,AGENCY-0480,2022-08-05,2022-09-15,2023-04-13,WORK_IN_PROGRESS,25.04196,75.75335
MPLADS-002491,Solar Rooftop Panel at Ward-66,Solar Rooftop Panel,Renewable Energy,DIST-0169,ST-04,PC-0240,CONT-0012,AGENCY-1092,2022-10-20,2022-12-12,2023-02-10,WORK_IN_PROGRESS,25.59104,87.38333
MPLADS-002492,Paver Block Road at Ward-70,Paver Block Road,Roads & Bridges,DIST-0102,ST-02,PC-0146,CONT-0061,AGENCY-0319,2023-02-15,2023-04-06,2023-10-03,WORK_IN_PROGRESS,20.39536,79.45664
MPLADS-002493,Ambulance Vehicle at Ward-22,Ambulance Vehicle,Public Health,DIST-0572,ST-17,PC-0844,CONT-0269,AGENCY-1036,2022-09-20,2022-10-13,2023-05-11,WORK_IN_PROGRESS,22.9152,82.72036
MPLADS-002494,Farm Pond Renovation at Ward-43,Farm Pond Renovation,Irrigation & Agriculture,DIST-0535,ST-15,PC-0785,CONT-0294,AGENCY-1027,2023-04-19,2023-05-29,2023-11-05,WORK_IN_PROGRESS,25.79927,90.92651
MPLADS-002495,Maternity Ward Facility at Ward-11,Maternity Ward Facility,Public Health,DIST-0555,ST-16,PC-0815,CONT-0009,AGENCY-0703,2023-06-08,2023-07-08,2024-02-03,WORK_IN_PROGRESS,30.4794,74.00932
MPLADS-002496,District Sports Complex at Ward-57,District Sports Complex,Mega Infrastructure,DIST-0053,ST-01,PC-0079,CONT-0106,AGENCY-1122,2023-01-09,2023-02-06,2024-03-12,WORK_IN_PROGRESS,26.61256,80.55907
MPLADS-002497,Solar High-Mast Light at Ward-41,Solar High-Mast Light,Renewable Energy,DIST-0202,ST-05,PC-0291,CONT-0063,AGENCY-0129,2022-09-01,2022-10-24,2022-12-23,DELAYED,24.78896,74.69386
MPLADS-002498,Solar High-Mast Light at Ward-27,Solar High-Mast Light,Renewable Energy,DIST-0237,ST-06,PC-0345,CONT-0173,AGENCY-0844,2022-11-10,2022-12-31,2023-03-01,WORK_IN_PROGRESS,8.14589,77.31222
MPLADS-002499,Culvert Bridge at Ward-67,Culvert Bridge,Roads & Bridges,DIST-0010,ST-01,PC-0014,CONT-0167,AGENCY-0758,2022-10-13,2022-11-19,2023-05-18,WORK_IN_PROGRESS,28.2915,80.03352
MPLADS-002500,Ayurvedic Dispensary at Ward-49,Ayurvedic Dispensary,Public Health,DIST-0218,ST-05,PC-0317,CONT-0071,AGENCY-0271,2022-05-20,2022-06-08,2023-01-04,WORK_IN_PROGRESS,21.10592,80.51942
MPLADS-002501,Lift Irrigation Scheme at Ward-76,Lift Irrigation Scheme,Irrigation & Agriculture,DIST-0334,ST-08,PC-0487,CONT-0156,AGENCY-0705,2023-06-17,2023-08-05,2024-01-12,COMPLETED,17.24762,75.43496
MPLADS-002502,CC Road Construction at Ward-66,CC Road Construction,Roads & Bridges,DIST-0547,ST-16,PC-0803,CONT-0173,AGENCY-0814,2022-03-01,2022-04-18,2022-10-15,WORK_IN_PROGRESS,30.15543,73.99345
MPLADS-002503,Yatri Shed at Ward-59,Yatri Shed,Community Infrastructure,DIST-0242,ST-06,PC-0352,CONT-0220,AGENCY-0382,2022-09-06,2022-09-29,2023-01-27,WORK_IN_PROGRESS,12.85716,77.86026
MPLADS-002504,District Sports Complex at Ward-43,District Sports Complex,Mega Infrastructure,DIST-0492,ST-14,PC-0718,CONT-0275,AGENCY-1148,2022-02-08,2022-04-06,2023-05-11,WORK_IN_PROGRESS,23.25399,83.68231
MPLADS-002505,Solar High-Mast Light at Ward-55,Solar High-Mast Light,Renewable Energy,DIST-0121,ST-03,PC-0176,CONT-0140,AGENCY-0197,2023-05-30,2023-07-15,2023-09-13,WORK_IN_PROGRESS,27.20304,87.22786
MPLADS-002506,Farm Pond Renovation at Ward-09,Farm Pond Renovation,Irrigation & Agriculture,DIST-0280,ST-07,PC-0410,CONT-0165,AGENCY-0971,2023-08-18,2023-10-15,2024-03-23,WORK_IN_PROGRESS,27.70645,73.50742
MPLADS-002507,Lift Irrigation Scheme at Ward-36,Lift Irrigation Scheme,Irrigation & Agriculture,DIST-0530,ST-15,PC-0779,CONT-0153,AGENCY-1025,2022-12-11,2023-01-17,2023-06-26,WORK_IN_PROGRESS,27.8984,89.95152
MPLADS-002508,Community Tank at Ward-39,Community Tank,Drinking Water,DIST-0459,ST-12,PC-0670,CONT-0042,AGENCY-0405,2023-03-22,2023-04-12,2023-07-11,WORK_IN_PROGRESS,16.60907,79.73132
MPLADS-002509,Farm Pond Renovation at Ward-65,Farm Pond Renovation,Irrigation & Agriculture,DIST-0001,ST-01,PC-0002,CONT-0286,AGENCY-1074,2022-07-28,2022-09-22,2023-03-01,COMPLETED,29.0794,80.28976
MPLADS-002510,Ayurvedic Dispensary at Ward-68,Ayurvedic Dispensary,Public Health,DIST-0479,ST-13,PC-0699,CONT-0139,AGENCY-1105,2022-07-31,2022-09-18,2023-04-16,WORK_IN_PROGRESS,11.56336,75.9647
MPLADS-002511,Primary Health Sub-Centre at Ward-90,Primary Health Sub-Centre,Public Health,DIST-0516,ST-15,PC-0755,CONT-0242,AGENCY-0153,2023-04-12,2023-05-17,2023-12-13,COMPLETED,24.84912,91.28552
MPLADS-002512,Solar Street Lighting at Ward-65,Solar Street Lighting,Renewable Energy,DIST-0578,ST-17,PC-0853,CONT-0019,AGENCY-0213,2023-04-09,2023-05-17,2023-07-16,WORK_IN_PROGRESS,21.90886,83.96662
MPLADS-002513,Solar High-Mast Light at Ward-23,Solar High-Mast Light,Renewable Energy,DIST-0030,ST-01,PC-0042,CONT-0286,AGENCY-0016,2023-06-04,2023-06-26,2023-08-25,WORK_IN_PROGRESS,29.36962,79.38196
MPLADS-002514,Solar Street Lighting at Ward-32,Solar Street Lighting,Renewable Energy,DIST-0400,ST-10,PC-0580,CONT-0166,AGENCY-1117,2023-06-19,2023-08-13,2023-10-12,WORK_IN_PROGRESS,17.57155,79.70526
MPLADS-002515,Crematorium Shed at Ward-89,Crematorium Shed,Community Infrastructure,DIST-0220,ST-05,PC-0320,CONT-0250,AGENCY-0766,2023-03-27,2023-04-28,2023-08-26,WORK_IN_PROGRESS,23.77732,76.59908
MPLADS-002516,Paver Block Road at Ward-22,Paver Block Road,Roads & Bridges,DIST-0319,ST-08,PC-0468,CONT-0160,AGENCY-0424,2022-01-18,2022-02-04,2022-08-03,WORK_IN_PROGRESS,16.72237,76.06772
MPLADS-002517,Major River Overbridge at Ward-33,Major River Overbridge,Mega Infrastructure,DIST-0237,ST-06,PC-0345,CONT-0090,AGENCY-1049,2023-08-15,2023-10-05,2024-11-08,WORK_IN_PROGRESS,8.18216,77.2069
MPLADS-002518,RO Water Plant at Ward-68,RO Water Plant,Drinking Water,DIST-0555,ST-16,PC-0815,CONT-0110,AGENCY-1051,2023-07-25,2023-08-21,2023-11-19,DELAYED,30.42555,74.0336
MPLADS-002519,School Boundary Wall at Ward-32,School Boundary Wall,Education Infrastructure,DIST-0337,ST-08,PC-0492,CONT-0081,AGENCY-0112,2022-12-15,2023-01-30,2023-06-29,COMPLETED,13.72287,75.00652
MPLADS-002520,Solar Rooftop Panel at Ward-20,Solar Rooftop Panel,Renewable Energy,DIST-0338,ST-08,PC-0493,CONT-0307,AGENCY-0385,2023-07-09,2023-07-25,2023-09-23,WORK_IN_PROGRESS,17.49912,76.75059
MPLADS-002521,Lift Irrigation Scheme at Ward-86,Lift Irrigation Scheme,Irrigation & Agriculture,DIST-0152,ST-04,PC-0215,CONT-0122,AGENCY-0300,2022-04-23,2022-06-17,2022-11-24,WORK_IN_PROGRESS,26.33867,85.66174
MPLADS-002522,Major River Overbridge at Ward-07,Major River Overbridge,Mega Infrastructure,DIST-0170,ST-04,PC-0241,CONT-0304,AGENCY-0823,2023-11-20,2024-01-13,2025-02-16,WORK_IN_PROGRESS,22.997,85.8827
MPLADS-002523,Ambulance Vehicle at Ward-77,Ambulance Vehicle,Public Health,DIST-0584,ST-17,PC-0862,CONT-0202,AGENCY-0003,2022-10-06,2022-11-09,2023-06-07,WORK_IN_PROGRESS,18.75883,80.52839
MPLADS-002524,Farm Pond Renovation at Ward-40,Farm Pond Renovation,Irrigation & Agriculture,DIST-0342,ST-08,PC-0500,CONT-0018,AGENCY-0812,2022-03-11,2022-03-29,2022-09-05,WORK_IN_PROGRESS,14.07237,76.06239
MPLADS-002525,Library Room at Ward-25,Library Room,Education Infrastructure,DIST-0121,ST-03,PC-0176,CONT-0046,AGENCY-0323,2023-05-22,2023-06-29,2023-11-26,WORK_IN_PROGRESS,27.24708,87.18967
MPLADS-002526,Library Room at Ward-20,Library Room,Education Infrastructure,DIST-0283,ST-07,PC-0414,CONT-0158,AGENCY-0327,2023-09-20,2023-10-11,2024-03-09,WORK_IN_PROGRESS,27.23653,76.11057
MPLADS-002527,Solar High-Mast Light at Ward-21,Solar High-Mast Light,Renewable Energy,DIST-0024,ST-01,PC-0035,CONT-0274,AGENCY-0495,2022-04-05,2022-05-01,2022-06-30,WORK_IN_PROGRESS,28.4031,77.94003
MPLADS-002528,Ambulance Vehicle at Ward-77,Ambulance Vehicle,Public Health,DIST-0046,ST-01,PC-0067,CONT-0267,AGENCY-0481,2022-09-27,2022-11-15,2023-06-13,WORK_IN_PROGRESS,25.89334,83.31247
MPLADS-002529,RO Water Plant at Ward-19,RO Water Plant,Drinking Water,DIST-0088,ST-02,PC-0128,CONT-0061,AGENCY-0762,2023-08-29,2023-09-16,2023-12-15,WORK_IN_PROGRESS,17.57575,78.84911
MPLADS-002530,School Boundary Wall at Ward-32,School Boundary Wall,Education Infrastructure,DIST-0005,ST-01,PC-0007,CONT-0231,AGENCY-0655,2022-05-14,2022-07-08,2022-12-05,WORK_IN_PROGRESS,24.91412,80.51598
MPLADS-002531,Farm Pond Renovation at Ward-01,Farm Pond Renovation,Irrigation & Agriculture,DIST-0283,ST-07,PC-0414,CONT-0248,AGENCY-0994,2023-10-20,2023-11-06,2024-04-14,WORK_IN_PROGRESS,27.37101,76.08874
MPLADS-002532,Culvert Bridge at Ward-55,Culvert Bridge,Roads & Bridges,DIST-0133,ST-03,PC-0192,CONT-0206,AGENCY-1040,2022-04-03,2022-05-23,2022-11-19,WORK_IN_PROGRESS,24.86531,86.1918
MPLADS-002533,Community Hall at Ward-70,Community Hall,Community Infrastructure,DIST-0547,ST-16,PC-0803,CONT-0214,AGENCY-0492,2023-03-24,2023-04-17,2023-08-15,WORK_IN_PROGRESS,30.17622,73.95072
MPLADS-002534,Farm Pond Renovation at Ward-19,Farm Pond Renovation,Irrigation & Agriculture,DIST-0533,ST-15,PC-0782,CONT-0318,AGENCY-0077,2022-03-02,2022-04-07,2022-09-14,WORK_IN_PROGRESS,26.37767,95.85391
MPLADS-002535,School Boundary Wall at Ward-83,School Boundary Wall,Education Infrastructure,DIST-0309,ST-07,PC-0455,CONT-0087,AGENCY-1170,2022-04-20,2022-06-10,2022-11-07,WORK_IN_PROGRESS,28.67065,77.03415
MPLADS-002536,Major River Overbridge at Ward-40,Major River Overbridge,Mega Infrastructure,DIST-0610,ST-18,PC-0898,CONT-0043,AGENCY-0249,2022-04-15,2022-06-11,2023-07-16,WORK_IN_PROGRESS,31.0266,74.65095
MPLADS-002537,District Sports Complex at Ward-06,District Sports Complex,Mega Infrastructure,DIST-0110,ST-02,PC-0158,CONT-0045,AGENCY-0847,2023-02-06,2023-03-28,2024-05-01,WORK_IN_PROGRESS,20.74683,78.45447
MPLADS-002538,Bituminous Road at Ward-41,Bituminous Road,Roads & Bridges,DIST-0254,ST-06,PC-0371,CONT-0114,AGENCY-0739,2023-05-18,2023-06-06,2023-12-03,WORK_IN_PROGRESS,12.80708,76.22991
MPLADS-002539,Culvert Bridge at Ward-34,Culvert Bridge,Roads & Bridges,DIST-0380,ST-10,PC-0550,CONT-0308,AGENCY-1032,2023-11-13,2024-01-11,2024-07-09,WORK_IN_PROGRESS,16.74259,77.01758
MPLADS-002540,Deep Tube Well at Ward-81,Deep Tube Well,Drinking Water,DIST-0294,ST-07,PC-0430,CONT-0119,AGENCY-1059,2022-02-04,2022-03-21,2022-06-19,WORK_IN_PROGRESS,26.84223,73.09899
MPLADS-002541,Ambulance Vehicle at Ward-14,Ambulance Vehicle,Public Health,DIST-0142,ST-03,PC-0203,CONT-0117,AGENCY-0956,2022-11-14,2022-12-08,2023-07-06,WORK_IN_PROGRESS,25.02528,87.96508
MPLADS-002542,District Sports Complex at Ward-17,District Sports Complex,Mega Infrastructure,DIST-0151,ST-04,PC-0214,CONT-0100,AGENCY-0022,2022-08-08,2022-09-17,2023-10-22,WORK_IN_PROGRESS,24.86908,87.14356
MPLADS-002543,Paver Block Road at Ward-10,Paver Block Road,Roads & Bridges,DIST-0477,ST-13,PC-0696,CONT-0263,AGENCY-0171,2023-07-22,2023-09-03,2024-03-01,WORK_IN_PROGRESS,9.82235,77.19017
MPLADS-002544,Solar Street Lighting at Ward-54,Solar Street Lighting,Renewable Energy,DIST-0413,ST-11,PC-0603,CONT-0179,AGENCY-0681,2022-06-02,2022-07-30,2022-09-28,COMPLETED,18.6436,85.00315
MPLADS-002545,Maternity Ward Facility at Ward-93,Maternity Ward Facility,Public Health,DIST-0592,ST-17,PC-0872,CONT-0151,AGENCY-0082,2022-05-12,2022-07-01,2023-01-27,WORK_IN_PROGRESS,23.47882,81.90704
MPLADS-002546,Deep Tube Well at Ward-86,Deep Tube Well,Drinking Water,DIST-0327,ST-08,PC-0477,CONT-0006,AGENCY-0226,2023-06-24,2023-08-10,2023-11-08,WORK_IN_PROGRESS,14.07308,77.07284
MPLADS-002547,Ayurvedic Dispensary at Ward-30,Ayurvedic Dispensary,Public Health,DIST-0521,ST-15,PC-0763,CONT-0029,AGENCY-0862,2023-11-24,2023-12-17,2024-07-14,WORK_IN_PROGRESS,25.19962,93.75796
MPLADS-002548,Smart Classroom Lab at Ward-35,Smart Classroom Lab,Education Infrastructure,DIST-0476,ST-13,PC-0695,CONT-0191,AGENCY-0371,2022-06-03,2022-07-18,2022-12-15,WORK_IN_PROGRESS,11.6405,76.93416
MPLADS-002549,Farm Pond Renovation at Ward-38,Farm Pond Renovation,Irrigation & Agriculture,DIST-0289,ST-07,PC-0424,CONT-0301,AGENCY-0386,2022-09-17,2022-10-02,2023-03-11,WORK_IN_PROGRESS,28.43586,77.16287
MPLADS-002550,School Boundary Wall at Ward-39,School Boundary Wall,Education Infrastructure,DIST-0513,ST-15,PC-0748,CONT-0070,AGENCY-1028,2023-10-01,2023-10-28,2024-03-26,WORK_IN_PROGRESS,25.5972,93.55827
MPLADS-002551,Primary Health Sub-Centre at Ward-21,Primary Health Sub-Centre,Public Health,DIST-0078,ST-02,PC-0113,CONT-0225,AGENCY-0881,2022-11-17,2023-01-08,2023-08-06,WORK_IN_PROGRESS,19.27479,77.69218
MPLADS-002552,Community Hall at Ward-39,Community Hall,Community Infrastructure,DIST-0182,ST-05,PC-0257,CONT-0020,AGENCY-0210,2022-12-27,2023-01-26,2023-05-26,WORK_IN_PROGRESS,22.11928,78.33679
MPLADS-002553,Maternity Ward Facility at Ward-91,Maternity Ward Facility,Public Health,DIST-0105,ST-02,PC-0150,CONT-0133,AGENCY-0962,2022-05-31,2022-07-02,2023-01-28,WORK_IN_PROGRESS,16.82762,80.04485
MPLADS-002554,Smart Classroom Lab at Ward-64,Smart Classroom Lab,Education Infrastructure,DIST-0329,ST-08,PC-0480,CONT-0137,AGENCY-0206,2022-11-11,2022-12-08,2023-05-07,WORK_IN_PROGRESS,13.71938,77.59405
MPLADS-002555,School Additional Classroom at Ward-50,School Additional Classroom,Education Infrastructure,DIST-0567,ST-17,PC-0834,CONT-0246,AGENCY-0419,2023-11-13,2023-12-26,2024-05-24,COMPLETED,22.44005,81.54047
MPLADS-002556,District Sports Complex at Ward-07,District Sports Complex,Mega Infrastructure,DIST-0335,ST-08,PC-0489,CONT-0027,AGENCY-1168,2022-09-20,2022-10-16,2023-11-20,DELAYED,17.31446,76.65424
MPLADS-002557,Crematorium Shed at Ward-64,Crematorium Shed,Community Infrastructure,DIST-0241,ST-06,PC-0351,CONT-0114,AGENCY-0914,2022-10-25,2022-12-21,2023-04-20,WORK_IN_PROGRESS,8.4727,77.20873
MPLADS-002558,Paver Block Road at Ward-13,Paver Block Road,Roads & Bridges,DIST-0203,ST-05,PC-0293,CONT-0122,AGENCY-0191,2022-06-17,2022-08-01,2023-01-28,WORK_IN_PROGRESS,22.37034,81.01949
MPLADS-002559,RO Water Plant at Ward-97,RO Water Plant,Drinking Water,DIST-0472,ST-13,PC-0688,CONT-0303,AGENCY-1005,2023-08-25,2023-10-04,2024-01-02,DELAYED,8.21558,76.88226
MPLADS-002560,Culvert Bridge at Ward-04,Culvert Bridge,Roads & Bridges,DIST-0115,ST-03,PC-0165,CONT-0079,AGENCY-0726,2022-03-29,2022-04-29,2022-10-26,COMPLETED,27.37524,84.81087
MPLADS-002561,Primary Health Sub-Centre at Ward-24,Primary Health Sub-Centre,Public Health,DIST-0258,ST-06,PC-0377,CONT-0127,AGENCY-0231,2022-10-06,2022-10-22,2023-05-20,DELAYED,13.41044,76.33105
MPLADS-002562,Multi-Village Hospital Block at Ward-09,Multi-Village Hospital Block,Mega Infrastructure,DIST-0263,ST-06,PC-0384,CONT-0184,AGENCY-0277,2022-04-17,2022-05-31,2023-07-05,WORK_IN_PROGRESS,10.27069,79.62886
MPLADS-002563,Solar Rooftop Panel at Ward-26,Solar Rooftop Panel,Renewable Energy,DIST-0014,ST-01,PC-0020,CONT-0218,AGENCY-1219,2022-03-21,2022-04-09,2022-06-08,WORK_IN_PROGRESS,28.61785,80.30385
MPLADS-002564,District Sports Complex at Ward-03,District Sports Complex,Mega Infrastructure,DIST-0245,ST-06,PC-0356,CONT-0153,AGENCY-0312,2023-03-07,2023-04-18,2024-05-22,WORK_IN_PROGRESS,12.04105,76.23252
MPLADS-002565,Multi-Village Hospital Block at Ward-77,Multi-Village Hospital Block,Mega Infrastructure,DIST-0168,ST-04,PC-0238,CONT-0112,AGENCY-0770,2022-03-17,2022-04-24,2023-05-29,WORK_IN_PROGRESS,25.00278,86.93334
MPLADS-002566,Lift Irrigation Scheme at Ward-16,Lift Irrigation Scheme,Irrigation & Agriculture,DIST-0027,ST-01,PC-0039,CONT-0010,AGENCY-0172,2023-09-03,2023-09-22,2024-02-29,DELAYED,29.18227,80.58287
MPLADS-002567,Yatri Shed at Ward-96,Yatri Shed,Community Infrastructure,DIST-0291,ST-07,PC-0426,CONT-0139,AGENCY-0058,2022-04-10,2022-05-17,2022-09-14,WORK_IN_PROGRESS,25.05094,75.22064
MPLADS-002568,Multi-Village Hospital Block at Ward-35,Multi-Village Hospital Block,Mega Infrastructure,DIST-0409,ST-11,PC-0596,CONT-0059,AGENCY-0821,2023-04-27,2023-05-21,2024-06-24,WORK_IN_PROGRESS,18.71932,83.94246
MPLADS-002569,Solar Street Lighting at Ward-01,Solar Street Lighting,Renewable Energy,DIST-0073,ST-01,PC-0106,CONT-0055,AGENCY-0279,2023-10-02,2023-10-28,2023-12-27,WORK_IN_PROGRESS,28.37308,78.85945
MPLADS-002570,Community Tank at Ward-01,Community Tank,Drinking Water,DIST-0581,ST-17,PC-0858,CONT-0128,AGENCY-0894,2022-06-26,2022-08-21,2022-11-19,WORK_IN_PROGRESS,18.14935,82.55417
MPLADS-002571,Ambulance Vehicle at Ward-53,Ambulance Vehicle,Public Health,DIST-0282,ST-07,PC-0413,CONT-0060,AGENCY-0831,2023-03-23,2023-04-25,2023-11-21,WORK_IN_PROGRESS,29.29755,76.55382
MPLADS-002572,Solar Street Lighting at Ward-23,Solar Street Lighting,Renewable Energy,DIST-0465,ST-12,PC-0679,CONT-0208,AGENCY-0792,2022-04-14,2022-05-23,2022-07-22,WORK_IN_PROGRESS,17.41222,81.29333
MPLADS-002573,School Additional Classroom at Ward-54,School Additional Classroom,Education Infrastructure,DIST-0316,ST-08,PC-0463,CONT-0242,AGENCY-0217,2022-08-06,2022-08-31,2023-01-28,WORK_IN_PROGRESS,14.69043,77.64893
MPLADS-002574,Crematorium Shed at Ward-14,Crematorium Shed,Community Infrastructure,DIST-0594,ST-17,PC-0874,CONT-0028,AGENCY-0071,2022-12-15,2023-02-01,2023-06-01,WORK_IN_PROGRESS,19.75573,83.47333
MPLADS-002575,Public Toilet Complex at Ward-70,Public Toilet Complex,Community Infrastructure,DIST-0263,ST-06,PC-0384,CONT-0166,AGENCY-0836,2023-02-13,2023-03-05,2023-07-03,WORK_IN_PROGRESS,10.40148,79.55888
MPLADS-002576,Community Hall at Ward-51,Community Hall,Community Infrastructure,DIST-0216,ST-05,PC-0314,CONT-0176,AGENCY-1172,2023-06-23,2023-07-13,2023-11-10,WORK_IN_PROGRESS,25.41669,80.05343
MPLADS-002577,District Sports Complex at Ward-41,District Sports Complex,Mega Infrastructure,DIST-0053,ST-01,PC-0078,CONT-0236,AGENCY-0231,2022-01-21,2022-02-05,2023-03-12,WORK_IN_PROGRESS,26.69465,80.58722
MPLADS-002578,Paver Block Road at Ward-56,Paver Block Road,Roads & Bridges,DIST-0466,ST-12,PC-0680,CONT-0067,AGENCY-0018,2022-03-27,2022-05-06,2022-11-02,WORK_IN_PROGRESS,18.12818,81.08056
MPLADS-002579,Farm Pond Renovation at Ward-17,Farm Pond Renovation,Irrigation & Agriculture,DIST-0585,ST-17,PC-0863,CONT-0038,AGENCY-1090,2022-12-27,2023-01-13,2023-06-22,WORK_IN_PROGRESS,23.20881,82.71238
MPLADS-002580,Smart Classroom Lab at Ward-52,Smart Classroom Lab,Education Infrastructure,DIST-0585,ST-17,PC-0863,CONT-0061,AGENCY-0174,2022-07-01,2022-08-28,2023-01-25,DELAYED,23.11581,82.71611
MPLADS-002581,School Boundary Wall at Ward-71,School Boundary Wall,Education Infrastructure,DIST-0565,ST-17,PC-0830,CONT-0289,AGENCY-0191,2023-03-26,2023-05-01,2023-09-28,WORK_IN_PROGRESS,20.42618,82.26546
MPLADS-002582,Ayurvedic Dispensary at Ward-01,Ayurvedic Dispensary,Public Health,DIST-0484,ST-14,PC-0707,CONT-0222,AGENCY-0072,2022-02-02,2022-03-22,2022-10-18,WORK_IN_PROGRESS,22.47004,84.07623
MPLADS-002583,Multi-Village Hospital Block at Ward-40,Multi-Village Hospital Block,Mega Infrastructure,DIST-0326,ST-08,PC-0476,CONT-0015,AGENCY-0595,2022-05-17,2022-07-07,2023-08-11,WORK_IN_PROGRESS,16.40464,78.43612
MPLADS-002584,Multi-Village Hospital Block at Ward-26,Multi-Village Hospital Block,Mega Infrastructure,DIST-0336,ST-08,PC-0491,CONT-0065,AGENCY-0889,2022-08-31,2022-10-01,2023-11-05,WORK_IN_PROGRESS,13.4797,77.93038
MPLADS-002585,Ambulance Vehicle at Ward-06,Ambulance Vehicle,Public Health,DIST-0241,ST-06,PC-0351,CONT-0185,AGENCY-0745,2022-07-21,2022-08-11,2023-03-09,WORK_IN_PROGRESS,8.61409,77.28429
MPLADS-002586,Piped Water Network at Ward-72,Piped Water Network,Drinking Water,DIST-0039,ST-01,PC-0058,CONT-0299,AGENCY-0974,2022-05-11,2022-06-08,2022-09-06,WORK_IN_PROGRESS,29.0954,82.94495
MPLADS-002587,District Sports Complex at Ward-65,District Sports Complex,Mega Infrastructure,DIST-0015,ST-01,PC-0021,CONT-0032,AGENCY-0279,2022-10-10,2022-11-08,2023-12-13,WORK_IN_PROGRESS,27.23833,79.55234
MPLADS-002588,Solar Rooftop Panel at Ward-01,Solar Rooftop Panel,Renewable Energy,DIST-0559,ST-16,PC-0821,CONT-0023,AGENCY-0061,2023-04-30,2023-05-28,2023-07-27,WORK_IN_PROGRESS,31.25156,74.98439
MPLADS-002589,Primary Health Sub-Centre at Ward-39,Primary Health Sub-Centre,Public Health,DIST-0613,ST-18,PC-0902,CONT-0038,AGENCY-0157,2023-04-07,2023-05-19,2023-12-15,WORK_IN_PROGRESS,28.77277,74.94216
MPLADS-002590,Solar Rooftop Panel at Ward-76,Solar Rooftop Panel,Renewable Energy,DIST-0221,ST-05,PC-0322,CONT-0216,AGENCY-0254,2023-09-01,2023-09-16,2023-11-15,WORK_IN_PROGRESS,25.04817,75.87703
MPLADS-002591,Major River Overbridge at Ward-42,Major River Overbridge,Mega Infrastructure,DIST-0591,ST-17,PC-0871,CONT-0066,AGENCY-1045,2022-11-11,2022-12-05,2024-01-09,WORK_IN_PROGRESS,18.74271,81.30441
MPLADS-002592,Solar Rooftop Panel at Ward-57,Solar Rooftop Panel,Renewable Energy,DIST-0057,ST-01,PC-0084,CONT-0041,AGENCY-0253,2022-05-07,2022-06-15,2022-08-14,WORK_IN_PROGRESS,26.03601,83.24378
MPLADS-002593,Smart Classroom Lab at Ward-60,Smart Classroom Lab,Education Infrastructure,DIST-0569,ST-17,PC-0839,CONT-0002,AGENCY-0026,2023-08-08,2023-09-02,2024-01-30,WORK_IN_PROGRESS,18.54527,82.77915
MPLADS-002594,Maternity Ward Facility at Ward-29,Maternity Ward Facility,Public Health,DIST-0131,ST-03,PC-0190,CONT-0185,AGENCY-0862,2023-05-21,2023-06-29,2024-01-25,COMPLETED,26.72982,84.34555
MPLADS-002595,Deep Tube Well at Ward-25,Deep Tube Well,Drinking Water,DIST-0547,ST-16,PC-0803,CONT-0183,AGENCY-0533,2023-07-25,2023-09-04,2023-12-03,WORK_IN_PROGRESS,30.12597,73.95943
MPLADS-002596,Lift Irrigation Scheme at Ward-54,Lift Irrigation Scheme,Irrigation & Agriculture,DIST-0224,ST-05,PC-0326,CONT-0086,AGENCY-1125,2023-09-12,2023-10-04,2024-03-12,WORK_IN_PROGRESS,25.8144,78.2006
MPLADS-002597,RO Water Plant at Ward-61,RO Water Plant,Drinking Water,DIST-0323,ST-08,PC-0472,CONT-0070,AGENCY-0356,2022-09-15,2022-10-12,2023-01-10,WORK_IN_PROGRESS,15.77994,78.5054
MPLADS-002598,Primary Health Sub-Centre at Ward-02,Primary Health Sub-Centre,Public Health,DIST-0222,ST-05,PC-0323,CONT-0192,AGENCY-0439,2022-08-16,2022-10-03,2023-05-01,COMPLETED,24.77805,82.37334
MPLADS-002599,CC Road Construction at Ward-28,CC Road Construction,Roads & Bridges,DIST-0371,ST-09,PC-0536,CONT-0044,AGENCY-0853,2022-08-11,2022-08-26,2023-02-22,WORK_IN_PROGRESS,20.47851,68.6149
MPLADS-002600,Major River Overbridge at Ward-76,Major River Overbridge,Mega Infrastructure,DIST-0090,ST-02,PC-0131,CONT-0194,AGENCY-0156,2022-05-19,2022-06-27,2023-08-01,WORK_IN_PROGRESS,16.37519,73.70135
MPLADS-002601,Ayurvedic Dispensary at Ward-39,Ayurvedic Dispensary,Public Health,DIST-0478,ST-13,PC-0698,CONT-0077,AGENCY-0039,2022-12-15,2023-01-23,2023-08-21,WORK_IN_PROGRESS,12.022,75.52133
MPLADS-002602,RO Water Plant at Ward-51,RO Water Plant,Drinking Water,DIST-0298,ST-07,PC-0436,CONT-0079,AGENCY-0133,2023-03-08,2023-04-12,2023-07-11,WORK_IN_PROGRESS,27.55529,73.28621
MPLADS-002603,Culvert Bridge at Ward-75,Culvert Bridge,Roads & Bridges,DIST-0031,ST-01,PC-0044,CONT-0112,AGENCY-0348,2023-01-25,2023-03-25,2023-09-21,WORK_IN_PROGRESS,24.33636,78.23337
MPLADS-002604,District Sports Complex at Ward-02,District Sports Complex,Mega Infrastructure,DIST-0005,ST-01,PC-0007,CONT-0248,AGENCY-0226,2022-03-19,2022-05-10,2023-06-14,WORK_IN_PROGRESS,24.83354,80.50057
MPLADS-002605,Ambulance Vehicle at Ward-24,Ambulance Vehicle,Public Health,DIST-0369,ST-09,PC-0534,CONT-0199,AGENCY-0940,2023-04-19,2023-05-15,2023-12-11,WORK_IN_PROGRESS,24.22191,70.05029
MPLADS-002606,RO Water Plant at Ward-49,RO Water Plant,Drinking Water,DIST-0258,ST-06,PC-0376,CONT-0279,AGENCY-1035,2023-03-16,2023-05-04,2023-08-02,WORK_IN_PROGRESS,13.44238,76.2885
MPLADS-002607,School Additional Classroom at Ward-87,School Additional Classroom,Education Infrastructure,DIST-0218,ST-05,PC-0317,CONT-0222,AGENCY-0739,2022-07-07,2022-08-04,2023-01-01,WORK_IN_PROGRESS,21.04645,80.50984
MPLADS-002608,Smart Classroom Lab at Ward-40,Smart Classroom Lab,Education Infrastructure,DIST-0267,ST-07,PC-0389,CONT-0074,AGENCY-0977,2022-03-05,2022-04-24,2022-09-21,WORK_IN_PROGRESS,27.37927,75.90125
MPLADS-002609,Major River Overbridge at Ward-51,Major River Overbridge,Mega Infrastructure,DIST-0280,ST-07,PC-0410,CONT-0221,AGENCY-0810,2023-01-03,2023-03-03,2024-04-06,WORK_IN_PROGRESS,27.72462,73.4184
MPLADS-002610,Piped Water Network at Ward-64,Piped Water Network,Drinking Water,DIST-0068,ST-01,PC-0098,CONT-0120,AGENCY-0734,2022-02-06,2022-03-20,2022-06-18,WORK_IN_PROGRESS,29.68169,77.911
MPLADS-002611,RO Water Plant at Ward-95,RO Water Plant,Drinking Water,DIST-0421,ST-11,PC-0614,CONT-0292,AGENCY-0386,2022-03-25,2022-04-21,2022-07-20,WORK_IN_PROGRESS,21.58698,86.33418
MPLADS-002612,Maternity Ward Facility at Ward-18,Maternity Ward Facility,Public Health,DIST-0529,ST-15,PC-0777,CONT-0248,AGENCY-0438,2022-06-09,2022-08-07,2023-03-05,WORK_IN_PROGRESS,27.45508,90.19047
MPLADS-002613,Check Dam at Ward-10,Check Dam,Irrigation & Agriculture,DIST-0132,ST-03,PC-0191,CONT-0058,AGENCY-0230,2022-10-28,2022-12-21,2023-05-30,WORK_IN_PROGRESS,26.74018,83.62736
MPLADS-002614,School Additional Classroom at Ward-47,School Additional Classroom,Education Infrastructure,DIST-0034,ST-01,PC-0050,CONT-0104,AGENCY-0120,2022-06-22,2022-08-01,2022-12-29,WORK_IN_PROGRESS,28.9956,81.77459
MPLADS-002615,Solar High-Mast Light at Ward-52,Solar High-Mast Light,Renewable Energy,DIST-0031,ST-01,PC-0044,CONT-0214,AGENCY-0199,2022-08-20,2022-09-04,2022-11-03,COMPLETED,24.43723,78.36644
MPLADS-002616,Community Tank at Ward-54,Community Tank,Drinking Water,DIST-0403,ST-10,PC-0585,CONT-0270,AGENCY-0272,2022-07-25,2022-09-16,2022-12-15,WORK_IN_PROGRESS,13.80793,78.34705
MPLADS-002617,Smart Classroom Lab at Ward-64,Smart Classroom Lab,Education Infrastructure,DIST-0394,ST-10,PC-0570,CONT-0077,AGENCY-0061,2023-10-29,2023-12-16,2024-05-14,WORK_IN_PROGRESS,13.20897,77.71548
MPLADS-002618,Primary Health Sub-Centre at Ward-49,Primary Health Sub-Centre,Public Health,DIST-0128,ST-03,PC-0184,CONT-0311,AGENCY-0840,2022-05-12,2022-06-21,2023-01-17,WORK_IN_PROGRESS,27.03739,85.11584
MPLADS-002619,Crematorium Shed at Ward-08,Crematorium Shed,Community Infrastructure,DIST-0428,ST-11,PC-0624,CONT-0178,AGENCY-0578,2023-06-08,2023-07-21,2023-11-18,WORK_IN_PROGRESS,20.96167,81.80749
MPLADS-002620,Check Dam at Ward-60,Check Dam,Irrigation & Agriculture,DIST-0583,ST-17,PC-0861,CONT-0092,AGENCY-0118,2022-12-29,2023-02-09,2023-07-19,WORK_IN_PROGRESS,18.24265,81.90122
MPLADS-002621,Library Room at Ward-29,Library Room,Education Infrastructure,DIST-0158,ST-04,PC-0223,CONT-0108,AGENCY-0453,2022-05-05,2022-06-03,2022-10-31,WORK_IN_PROGRESS,22.02473,88.96453
MPLADS-002622,RO Water Plant at Ward-86,RO Water Plant,Drinking Water,DIST-0052,ST-01,PC-0076,CONT-0014,AGENCY-0234,2023-05-15,2023-06-23,2023-09-21,WORK_IN_PROGRESS,24.90301,84.09005
MPLADS-002623,Smart Classroom Lab at Ward-16,Smart Classroom Lab,Education Infrastructure,DIST-0190,ST-05,PC-0270,CONT-0112,AGENCY-0348,2022-11-01,2022-12-30,2023-05-29,WORK_IN_PROGRESS,24.68264,78.43538
MPLADS-002624,Ayurvedic Dispensary at Ward-91,Ayurvedic Dispensary,Public Health,DIST-0605,ST-18,PC-0891,CONT-0280,AGENCY-0683,2023-11-05,2023-12-01,2024-06-28,COMPLETED,30.13482,74.85421
MPLADS-002625,RO Water Plant at Ward-79,RO Water Plant,Drinking Water,DIST-0294,ST-07,PC-0430,CONT-0145,AGENCY-0524,2023-04-16,2023-05-23,2023-08-21,COMPLETED,26.93723,73.1759
MPLADS-002626,Multi-Village Hospital Block at Ward-90,Multi-Village Hospital Block,Mega Infrastructure,DIST-0026,ST-01,PC-0038,CONT-0192,AGENCY-1205,2023-01-29,2023-03-05,2024-04-08,DELAYED,27.61614,81.69667
MPLADS-002627,Public Toilet Complex at Ward-69,Public Toilet Complex,Community Infrastructure,DIST-0412,ST-11,PC-0601,CONT-0265,AGENCY-1169,2023-07-26,2023-08-31,2023-12-29,WORK_IN_PROGRESS,20.24916,86.06807
MPLADS-002628,Crematorium Shed at Ward-20,Crematorium Shed,Community Infrastructure,DIST-0090,ST-02,PC-0130,CONT-0262,AGENCY-0018,2023-04-08,2023-06-06,2023-10-04,WORK_IN_PROGRESS,16.24196,73.66527
MPLADS-002629,Primary Health Sub-Centre at Ward-91,Primary Health Sub-Centre,Public Health,DIST-0150,ST-04,PC-0212,CONT-0318,AGENCY-0285,2023-01-28,2023-03-07,2023-10-03,WORK_IN_PROGRESS,22.60419,87.87784
MPLADS-002630,Ambulance Vehicle at Ward-25,Ambulance Vehicle,Public Health,DIST-0323,ST-08,PC-0472,CONT-0018,AGENCY-0308,2023-05-27,2023-07-22,2024-02-17,WORK_IN_PROGRESS,15.8436,78.37585
MPLADS-002631,District Sports Complex at Ward-09,District Sports Complex,Mega Infrastructure,DIST-0308,ST-07,PC-0454,CONT-0255,AGENCY-0634,2023-06-09,2023-07-15,2024-08-18,WORK_IN_PROGRESS,24.22797,72.1967
MPLADS-002632,Deep Tube Well at Ward-56,Deep Tube Well,Drinking Water,DIST-0406,ST-11,PC-0590,CONT-0305,AGENCY-1137,2023-10-29,2023-12-04,2024-03-03,DELAYED,21.57831,82.81265
MPLADS-002633,Primary Health Sub-Centre at Ward-84,Primary Health Sub-Centre,Public Health,DIST-0196,ST-05,PC-0282,CONT-0053,AGENCY-0328,2022-07-09,2022-08-31,2023-03-29,DELAYED,24.44878,75.68463
MPLADS-002634,Multi-Village Hospital Block at Ward-34,Multi-Village Hospital Block,Mega Infrastructure,DIST-0334,ST-08,PC-0487,CONT-0188,AGENCY-0180,2023-09-25,2023-11-01,2024-12-05,WORK_IN_PROGRESS,17.30377,75.32614
MPLADS-002635,Smart Classroom Lab at Ward-36,Smart Classroom Lab,Education Infrastructure,DIST-0504,ST-14,PC-0734,CONT-0003,AGENCY-1176,2022-09-06,2022-10-08,2023-03-07,WORK_IN_PROGRESS,23.06993,86.61495
MPLADS-002636,Paver Block Road at Ward-29,Paver Block Road,Roads & Bridges,DIST-0325,ST-08,PC-0474,CONT-0273,AGENCY-1212,2022-12-16,2023-01-13,2023-07-12,WORK_IN_PROGRESS,16.42947,74.69746
MPLADS-002637,School Boundary Wall at Ward-94,School Boundary Wall,Education Infrastructure,DIST-0417,ST-11,PC-0609,CONT-0306,AGENCY-1108,2022-12-26,2023-01-13,2023-06-12,WORK_IN_PROGRESS,21.50499,84.09276
MPLADS-002638,School Boundary Wall at Ward-73,School Boundary Wall,Education Infrastructure,DIST-0193,ST-05,PC-0276,CONT-0065,AGENCY-0434,2023-03-31,2023-04-15,2023-09-12,WORK_IN_PROGRESS,24.89889,78.7648
MPLADS-002639,Piped Water Network at Ward-78,Piped Water Network,Drinking Water,DIST-0036,ST-01,PC-0053,CONT-0056,AGENCY-0801,2022-11-17,2023-01-10,2023-04-10,WORK_IN_PROGRESS,28.46943,79.20518
MPLADS-002640,Piped Water Network at Ward-49,Piped Water Network,Drinking Water,DIST-0008,ST-01,PC-0010,CONT-0093,AGENCY-0562,2022-05-10,2022-06-26,2022-09-24,COMPLETED,27.73291,82.8038
MPLADS-002641,Solar High-Mast Light at Ward-83,Solar High-Mast Light,Renewable Energy,DIST-0236,ST-06,PC-0344,CONT-0107,AGENCY-1044,2023-05-23,2023-06-21,2023-08-20,WORK_IN_PROGRESS,8.98013,78.74351
MPLADS-002642,Solar Street Lighting at Ward-88,Solar Street Lighting,Renewable Energy,DIST-0508,ST-15,PC-0740,CONT-0139,AGENCY-0955,2023-03-09,2023-04-17,2023-06-16,WORK_IN_PROGRESS,24.93116,94.38827
MPLADS-002643,Solar Rooftop Panel at Ward-53,Solar Rooftop Panel,Renewable Energy,DIST-0249,ST-06,PC-0363,CONT-0264,AGENCY-0447,2023-02-13,2023-03-12,2023-05-11,WORK_IN_PROGRESS,11.6389,77.51173
MPLADS-002644,Smart Classroom Lab at Ward-07,Smart Classroom Lab,Education Infrastructure,DIST-0010,ST-01,PC-0014,CONT-0278,AGENCY-0433,2023-10-23,2023-11-10,2024-04-08,WORK_IN_PROGRESS,28.35324,79.97108
MPLADS-002645,Check Dam at Ward-51,Check Dam,Irrigation & Agriculture,DIST-0189,ST-05,PC-0269,CONT-0246,AGENCY-0304,2022-01-13,2022-02-08,2022-07-18,WORK_IN_PROGRESS,21.69881,76.01441
MPLADS-002646,Solar Street Lighting at Ward-42,Solar Street Lighting,Renewable Energy,DIST-0251,ST-06,PC-0365,CONT-0269,AGENCY-1203,2022-05-11,2022-06-28,2022-08-27,WORK_IN_PROGRESS,9.46413,78.84245
MPLADS-002647,Solar Rooftop Panel at Ward-02,Solar Rooftop Panel,Renewable Energy,DIST-0088,ST-02,PC-0128,CONT-0106,AGENCY-0862,2022-11-04,2022-12-27,2023-02-25,WORK_IN_PROGRESS,17.58438,78.87379
MPLADS-002648,Bituminous Road at Ward-01,Bituminous Road,Roads & Bridges,DIST-0354,ST-09,PC-0514,CONT-0073,AGENCY-0802,2023-06-01,2023-07-04,2023-12-31,WORK_IN_PROGRESS,20.33923,71.85674
MPLADS-002649,Maternity Ward Facility at Ward-98,Maternity Ward Facility,Public Health,DIST-0521,ST-15,PC-0763,CONT-0216,AGENCY-0658,2023-03-27,2023-04-21,2023-11-17,WORK_IN_PROGRESS,25.09747,93.84738
MPLADS-002650,Major River Overbridge at Ward-09,Major River Overbridge,Mega Infrastructure,DIST-0504,ST-14,PC-0734,CONT-0079,AGENCY-0490,2022-10-20,2022-11-25,2023-12-30,WORK_IN_PROGRESS,23.03292,86.55777
MPLADS-002651,RO Water Plant at Ward-64,RO Water Plant,Drinking Water,DIST-0321,ST-08,PC-0470,CONT-0274,AGENCY-1035,2022-06-12,2022-07-31,2022-10-29,COMPLETED,13.46815,75.74729
MPLADS-002652,Crematorium Shed at Ward-10,Crematorium Shed,Community Infrastructure,DIST-0319,ST-08,PC-0467,CONT-0311,AGENCY-0313,2022-08-02,2022-09-25,2023-01-23,WORK_IN_PROGRESS,16.67891,76.1236
MPLADS-002653,District Sports Complex at Ward-52,District Sports Complex,Mega Infrastructure,DIST-0353,ST-09,PC-0513,CONT-0126,AGENCY-1207,2023-10-22,2023-11-16,2024-12-20,WORK_IN_PROGRESS,21.38739,74.4515
MPLADS-002654,Ambulance Vehicle at Ward-75,Ambulance Vehicle,Public Health,DIST-0239,ST-06,PC-0347,CONT-0203,AGENCY-0584,2022-08-27,2022-10-16,2023-05-14,WORK_IN_PROGRESS,12.13874,79.77384
MPLADS-002655,Crematorium Shed at Ward-98,Crematorium Shed,Community Infrastructure,DIST-0054,ST-01,PC-0081,CONT-0047,AGENCY-0803,2022-10-23,2022-11-14,2023-03-14,WORK_IN_PROGRESS,26.61158,78.58527
MPLADS-002656,Smart Classroom Lab at Ward-19,Smart Classroom Lab,Education Infrastructure,DIST-0325,ST-08,PC-0474,CONT-0117,AGENCY-0771,2023-02-12,2023-04-08,2023-09-05,WORK_IN_PROGRESS,16.38224,74.64642
MPLADS-002657,Check Dam at Ward-72,Check Dam,Irrigation & Agriculture,DIST-0251,ST-06,PC-0365,CONT-0311,AGENCY-0694,2023-09-16,2023-10-05,2024-03-13,WORK_IN_PROGRESS,9.41147,78.88938
MPLADS-002658,Community Hall at Ward-51,Community Hall,Community Infrastructure,DIST-0184,ST-05,PC-0260,CONT-0305,AGENCY-1158,2023-02-15,2023-03-17,2023-07-15,WORK_IN_PROGRESS,25.01484,80.39904
MPLADS-002659,Solar High-Mast Light at Ward-21,Solar High-Mast Light,Renewable Energy,DIST-0233,ST-06,PC-0339,CONT-0219,AGENCY-0260,2022-06-26,2022-08-09,2022-10-08,WORK_IN_PROGRESS,9.51116,77.58679
MPLADS-002660,Solar High-Mast Light at Ward-32,Solar High-Mast Light,Renewable Energy,DIST-0339,ST-08,PC-0495,CONT-0037,AGENCY-0383,2022-11-10,2022-11-25,2023-01-24,COMPLETED,16.40122,76.71644
MPLADS-002661,Farm Pond Renovation at Ward-78,Farm Pond Renovation,Irrigation & Agriculture,DIST-0036,ST-01,PC-0053,CONT-0119,AGENCY-0765,2023-01-23,2023-02-21,2023-07-31,WORK_IN_PROGRESS,28.41003,79.27365
MPLADS-002662,Culvert Bridge at Ward-34,Culvert Bridge,Roads & Bridges,DIST-0415,ST-11,PC-0605,CONT-0293,AGENCY-0398,2022-03-23,2022-05-07,2022-11-03,DELAYED,19.87855,85.37277
MPLADS-002663,Yatri Shed at Ward-04,Yatri Shed,Community Infrastructure,DIST-0272,ST-07,PC-0397,CONT-0233,AGENCY-1045,2023-08-05,2023-09-12,2024-01-10,WORK_IN_PROGRESS,29.75233,74.50197
MPLADS-002664,Solar Rooftop Panel at Ward-77,Solar Rooftop Panel,Renewable Energy,DIST-0387,ST-10,PC-0560,CONT-0195,AGENCY-0368,2023-08-19,2023-10-05,2023-12-04,COMPLETED,17.56459,76.53752
MPLADS-002665,Paver Block Road at Ward-84,Paver Block Road,Roads & Bridges,DIST-0600,ST-18,PC-0883,CONT-0113,AGENCY-0611,2022-12-21,2023-02-07,2023-08-06,DELAYED,30.78363,76.18002
MPLADS-002666,School Boundary Wall at Ward-82,School Boundary Wall,Education Infrastructure,DIST-0302,ST-07,PC-0444,CONT-0151,AGENCY-0366,2023-03-05,2023-04-23,2023-09-20,WORK_IN_PROGRESS,25.07456,70.96255
MPLADS-002667,School Boundary Wall at Ward-25,School Boundary Wall,Education Infrastructure,DIST-0383,ST-10,PC-0553,CONT-0222,AGENCY-0370,2023-05-30,2023-06-30,2023-11-27,WORK_IN_PROGRESS,13.50108,80.75513
MPLADS-002668,Community Hall at Ward-39,Community Hall,Community Infrastructure,DIST-0375,ST-09,PC-0542,CONT-0036,AGENCY-1159,2023-08-17,2023-09-27,2024-01-25,DELAYED,21.52798,71.26753
MPLADS-002669,Crematorium Shed at Ward-31,Crematorium Shed,Community Infrastructure,DIST-0166,ST-04,PC-0235,CONT-0056,AGENCY-0539,2022-12-14,2023-01-18,2023-05-18,WORK_IN_PROGRESS,24.07605,87.11006
MPLADS-002670,Check Dam at Ward-29,Check Dam,Irrigation & Agriculture,DIST-0193,ST-05,PC-0277,CONT-0196,AGENCY-0131,2023-08-13,2023-10-11,2024-03-19,WORK_IN_PROGRESS,24.88536,78.75998
MPLADS-002671,Library Room at Ward-07,Library Room,Education Infrastructure,DIST-0047,ST-01,PC-0069,CONT-0287,AGENCY-0388,2022-06-16,2022-07-23,2022-12-20,COMPLETED,25.58653,78.13032
MPLADS-002672,Check Dam at Ward-46,Check Dam,Irrigation & Agriculture,DIST-0063,ST-01,PC-0091,CONT-0302,AGENCY-0815,2022-11-18,2023-01-15,2023-06-24,WORK_IN_PROGRESS,24.54397,78.77791
MPLADS-002673,Multi-Village Hospital Block at Ward-04,Multi-Village Hospital Block,Mega Infrastructure,DIST-0484,ST-14,PC-0707,CONT-0148,AGENCY-0549,2022-12-27,2023-02-03,2024-03-09,WORK_IN_PROGRESS,22.45076,83.96907
MPLADS-002674,Lift Irrigation Scheme at Ward-54,Lift Irrigation Scheme,Irrigation & Agriculture,DIST-0570,ST-17,PC-0841,CONT-0217,AGENCY-1119,2022-08-28,2022-09-28,2023-03-07,WORK_IN_PROGRESS,21.55487,81.3364
MPLADS-002675,CC Road Construction at Ward-79,CC Road Construction,Roads & Bridges,DIST-0403,ST-10,PC-0585,CONT-0135,AGENCY-0283,2023-04-03,2023-04-23,2023-10-20,WORK_IN_PROGRESS,13.7598,78.26054
MPLADS-002676,Crematorium Shed at Ward-49,Crematorium Shed,Community Infrastructure,DIST-0298,ST-07,PC-0436,CONT-0064,AGENCY-1037,2022-06-12,2022-07-01,2022-10-29,WORK_IN_PROGRESS,27.55679,73.3048
MPLADS-002677,Multi-Village Hospital Block at Ward-89,Multi-Village Hospital Block,Mega Infrastructure,DIST-0505,ST-14,PC-0736,CONT-0107,AGENCY-0091,2023-10-13,2023-12-10,2025-01-13,WORK_IN_PROGRESS,23.87539,86.35928
MPLADS-002678,Deep Tube Well at Ward-06,Deep Tube Well,Drinking Water,DIST-0325,ST-08,PC-0474,CONT-0012,AGENCY-0588,2022-07-04,2022-08-16,2022-11-14,WORK_IN_PROGRESS,16.48909,74.61842
MPLADS-002679,District Sports Complex at Ward-79,District Sports Complex,Mega Infrastructure,DIST-0167,ST-04,PC-0237,CONT-0247,AGENCY-0736,2022-03-22,2022-05-16,2023-06-20,WORK_IN_PROGRESS,26.47907,87.41654
MPLADS-002680,Solar Rooftop Panel at Ward-04,Solar Rooftop Panel,Renewable Energy,DIST-0591,ST-17,PC-0871,CONT-0164,AGENCY-0011,2023-02-22,2023-03-20,2023-05-19,DELAYED,18.70736,81.25648
MPLADS-002681,School Boundary Wall at Ward-30,School Boundary Wall,Education Infrastructure,DIST-0010,ST-01,PC-0013,CONT-0001,AGENCY-0648,2023-04-23,2023-05-20,2023-10-17,WORK_IN_PROGRESS,28.26401,80.12483
MPLADS-002682,Check Dam at Ward-93,Check Dam,Irrigation & Agriculture,DIST-0504,ST-14,PC-0734,CONT-0022,AGENCY-0025,2022-06-25,2022-07-31,2023-01-07,WORK_IN_PROGRESS,23.05265,86.55267
MPLADS-002683,Farm Pond Renovation at Ward-97,Farm Pond Renovation,Irrigation & Agriculture,DIST-0252,ST-06,PC-0366,CONT-0086,AGENCY-0478,2022-10-30,2022-11-17,2023-04-26,WORK_IN_PROGRESS,10.85672,80.09106
MPLADS-002684,CC Road Construction at Ward-11,CC Road Construction,Roads & Bridges,DIST-0300,ST-07,PC-0439,CONT-0286,AGENCY-0390,2023-04-03,2023-05-17,2023-11-13,COMPLETED,25.22267,73.78574
MPLADS-002685,Yatri Shed at Ward-65,Yatri Shed,Community Infrastructure,DIST-0074,ST-01,PC-0107,CONT-0208,AGENCY-0404,2022-11-11,2022-12-13,2023-04-12,WORK_IN_PROGRESS,29.71128,78.33459
MPLADS-002686,Yatri Shed at Ward-13,Yatri Shed,Community Infrastructure,DIST-0457,ST-12,PC-0667,CONT-0268,AGENCY-0690,2022-12-31,2023-01-31,2023-05-31,WORK_IN_PROGRESS,18.05537,80.10813
MPLADS-002687,School Boundary Wall at Ward-97,School Boundary Wall,Education Infrastructure,DIST-0584,ST-17,PC-0862,CONT-0201,AGENCY-0436,2022-03-09,2022-03-31,2022-08-28,DELAYED,18.745,80.45449
MPLADS-002688,Maternity Ward Facility at Ward-19,Maternity Ward Facility,Public Health,DIST-0409,ST-11,PC-0596,CONT-0223,AGENCY-0811,2023-07-17,2023-08-16,2024-03-13,WORK_IN_PROGRESS,18.68023,84.03897
MPLADS-002689,Piped Water Network at Ward-33,Piped Water Network,Drinking Water,DIST-0575,ST-17,PC-0848,CONT-0252,AGENCY-0682,2022-05-17,2022-07-01,2022-09-29,WORK_IN_PROGRESS,21.70553,83.27159
MPLADS-002690,Public Toilet Complex at Ward-85,Public Toilet Complex,Community Infrastructure,DIST-0330,ST-08,PC-0481,CONT-0300,AGENCY-0832,2022-01-07,2022-02-20,2022-06-20,WORK_IN_PROGRESS,13.92833,74.67883
MPLADS-002691,Check Dam at Ward-18,Check Dam,Irrigation & Agriculture,DIST-0002,ST-01,PC-0004,CONT-0237,AGENCY-1152,2023-08-07,2023-09-23,2024-03-01,WORK_IN_PROGRESS,26.42077,84.02064
MPLADS-002692,Farm Pond Renovation at Ward-65,Farm Pond Renovation,Irrigation & Agriculture,DIST-0074,ST-01,PC-0107,CONT-0058,AGENCY-1187,2022-02-01,2022-03-20,2022-08-27,WORK_IN_PROGRESS,29.75472,78.38649
MPLADS-002693,Solar Street Lighting at Ward-25,Solar Street Lighting,Renewable Energy,DIST-0149,ST-03,PC-0211,CONT-0246,AGENCY-0828,2023-07-06,2023-08-22,2023-10-21,WORK_IN_PROGRESS,26.23595,84.34946
MPLADS-002694,Check Dam at Ward-37,Check Dam,Irrigation & Agriculture,DIST-0232,ST-06,PC-0338,CONT-0154,AGENCY-0352,2023-04-21,2023-05-10,2023-10-17,WORK_IN_PROGRESS,9.04004,77.43204
MPLADS-002695,RO Water Plant at Ward-35,RO Water Plant,Drinking Water,DIST-0207,ST-05,PC-0300,CONT-0272,AGENCY-0777,2023-10-20,2023-12-14,2024-03-13,COMPLETED,25.90766,78.19409
MPLADS-002696,Solar Street Lighting at Ward-23,Solar Street Lighting,Renewable Energy,DIST-0613,ST-18,PC-0902,CONT-0127,AGENCY-0106,2022-04-09,2022-05-08,2022-07-07,WORK_IN_PROGRESS,28.79583,75.03497
MPLADS-002697,Public Toilet Complex at Ward-54,Public Toilet Complex,Community Infrastructure,DIST-0504,ST-14,PC-0734,CONT-0250,AGENCY-0413,2022-02-13,2022-03-18,2022-07-16,COMPLETED,22.97458,86.52145
MPLADS-002698,CC Road Construction at Ward-01,CC Road Construction,Roads & Bridges,DIST-0128,ST-03,PC-0185,CONT-0083,AGENCY-0899,2022-07-27,2022-08-13,2023-02-09,WORK_IN_PROGRESS,26.91054,85.099
MPLADS-002699,CC Road Construction at Ward-84,CC Road Construction,Roads & Bridges,DIST-0060,ST-01,PC-0088,CONT-0046,AGENCY-0929,2022-11-26,2022-12-26,2023-06-24,COMPLETED,25.32742,81.0162
MPLADS-002700,School Additional Classroom at Ward-96,School Additional Classroom,Education Infrastructure,DIST-0200,ST-05,PC-0288,CONT-0222,AGENCY-0673,2022-06-14,2022-07-23,2022-12-20,WORK_IN_PROGRESS,24.7055,81.28306
MPLADS-002701,Check Dam at Ward-35,Check Dam,Irrigation & Agriculture,DIST-0278,ST-07,PC-0407,CONT-0212,AGENCY-0284,2022-07-27,2022-08-17,2023-01-24,WORK_IN_PROGRESS,26.0473,69.92084
MPLADS-002702,Deep Tube Well at Ward-74,Deep Tube Well,Drinking Water,DIST-0143,ST-03,PC-0204,CONT-0239,AGENCY-0144,2022-11-07,2022-12-07,2023-03-07,COMPLETED,25.51012,83.96006
MPLADS-002703,Library Room at Ward-41,Library Room,Education Infrastructure,DIST-0552,ST-16,PC-0811,CONT-0143,AGENCY-0675,2022-01-04,2022-01-21,2022-06-20,COMPLETED,32.04323,74.37162
MPLADS-002704,Ambulance Vehicle at Ward-16,Ambulance Vehicle,Public Health,DIST-0197,ST-05,PC-0283,CONT-0217,AGENCY-0221,2022-08-10,2022-09-06,2023-04-04,WORK_IN_PROGRESS,26.06811,76.89522
MPLADS-002705,Solar Rooftop Panel at Ward-08,Solar Rooftop Panel,Renewable Energy,DIST-0360,ST-09,PC-0522,CONT-0274,AGENCY-0703,2022-05-19,2022-07-15,2022-09-13,WORK_IN_PROGRESS,23.59964,72.96918
MPLADS-002706,Culvert Bridge at Ward-61,Culvert Bridge,Roads & Bridges,DIST-0412,ST-11,PC-0601,CONT-0253,AGENCY-0837,2023-05-14,2023-06-02,2023-11-29,WORK_IN_PROGRESS,20.2435,86.07763
MPLADS-002707,Primary Health Sub-Centre at Ward-57,Primary Health Sub-Centre,Public Health,DIST-0212,ST-05,PC-0308,CONT-0244,AGENCY-1001,2023-03-27,2023-05-14,2023-12-10,WORK_IN_PROGRESS,22.54469,74.51712
MPLADS-002708,Solar Rooftop Panel at Ward-97,Solar Rooftop Panel,Renewable Energy,DIST-0327,ST-08,PC-0477,CONT-0279,AGENCY-0538,2023-03-27,2023-05-20,2023-07-19,WORK_IN_PROGRESS,14.08769,77.20801
MPLADS-002709,Public Toilet Complex at Ward-61,Public Toilet Complex,Community Infrastructure,DIST-0201,ST-05,PC-0290,CONT-0277,AGENCY-1022,2023-10-07,2023-10-24,2024-02-21,DELAYED,22.59757,78.78263
MPLADS-002710,Major River Overbridge at Ward-01,Major River Overbridge,Mega Infrastructure,DIST-0293,ST-07,PC-0428,CONT-0169,AGENCY-0743,2022-12-18,2023-01-23,2024-02-27,WORK_IN_PROGRESS,27.27789,73.11487
MPLADS-002711,Deep Tube Well at Ward-10,Deep Tube Well,Drinking Water,DIST-0365,ST-09,PC-0529,CONT-0156,AGENCY-0206,2022-07-24,2022-08-10,2022-11-08,WORK_IN_PROGRESS,20.9696,69.20119
MPLADS-002712,Ayurvedic Dispensary at Ward-93,Ayurvedic Dispensary,Public Health,DIST-0576,ST-17,PC-0849,CONT-0284,AGENCY-0419,2022-10-04,2022-11-20,2023-06-18,COMPLETED,18.64156,80.28765
MPLADS-002713,Library Room at Ward-66,Library Room,Education Infrastructure,DIST-0415,ST-11,PC-0605,CONT-0191,AGENCY-1203,2022-03-28,2022-05-22,2022-10-19,COMPLETED,19.94694,85.40119
MPLADS-002714,School Boundary Wall at Ward-03,School Boundary Wall,Education Infrastructure,DIST-0245,ST-06,PC-0356,CONT-0278,AGENCY-1061,2023-05-01,2023-06-16,2023-11-13,WORK_IN_PROGRESS,12.02995,76.27933
MPLADS-002715,Ambulance Vehicle at Ward-70,Ambulance Vehicle,Public Health,DIST-0210,ST-05,PC-0304,CONT-0237,AGENCY-0669,2022-10-12,2022-11-16,2023-06-14,WORK_IN_PROGRESS,23.9962,78.81388
MPLADS-002716,Library Room at Ward-37,Library Room,Education Infrastructure,DIST-0457,ST-12,PC-0667,CONT-0058,AGENCY-0834,2023-01-28,2023-03-04,2023-08-01,WORK_IN_PROGRESS,17.96592,80.06189
MPLADS-002717,Check Dam at Ward-44,Check Dam,Irrigation & Agriculture,DIST-0225,ST-05,PC-0328,CONT-0165,AGENCY-0338,2022-11-15,2022-12-26,2023-06-04,COMPLETED,23.34347,78.38469
MPLADS-002718,Ayurvedic Dispensary at Ward-52,Ayurvedic Dispensary,Public Health,DIST-0277,ST-07,PC-0405,CONT-0177,AGENCY-1136,2023-01-03,2023-02-12,2023-09-10,WORK_IN_PROGRESS,25.03868,70.46542
MPLADS-002719,Ayurvedic Dispensary at Ward-56,Ayurvedic Dispensary,Public Health,DIST-0164,ST-04,PC-0232,CONT-0013,AGENCY-0652,2022-08-08,2022-09-11,2023-04-09,WORK_IN_PROGRESS,24.43184,86.27242
MPLADS-002720,Check Dam at Ward-11,Check Dam,Irrigation & Agriculture,DIST-0431,ST-11,PC-0629,CONT-0089,AGENCY-0400,2022-11-25,2022-12-20,2023-05-29,WORK_IN_PROGRESS,20.95743,83.53702
MPLADS-002721,Check Dam at Ward-97,Check Dam,Irrigation & Agriculture,DIST-0340,ST-08,PC-0497,CONT-0230,AGENCY-0575,2022-01-21,2022-03-18,2022-08-25,WORK_IN_PROGRESS,18.37326,76.13741
MPLADS-002722,Deep Tube Well at Ward-50,Deep Tube Well,Drinking Water,DIST-0308,ST-07,PC-0453,CONT-0004,AGENCY-0181,2022-09-05,2022-09-30,2022-12-29,WORK_IN_PROGRESS,24.07775,72.23356
MPLADS-002723,School Additional Classroom at Ward-85,School Additional Classroom,Education Infrastructure,DIST-0481,ST-13,PC-0702,CONT-0296,AGENCY-0638,2022-11-09,2022-12-20,2023-05-19,WORK_IN_PROGRESS,9.15032,77.11097
MPLADS-002724,Crematorium Shed at Ward-93,Crematorium Shed,Community Infrastructure,DIST-0231,ST-06,PC-0337,CONT-0115,AGENCY-0495,2023-01-19,2023-03-17,2023-07-15,COMPLETED,13.38175,77.19145
MPLADS-002725,Check Dam at Ward-11,Check Dam,Irrigation & Agriculture,DIST-0283,ST-07,PC-0414,CONT-0099,AGENCY-1148,2022-06-22,2022-07-23,2022-12-30,WORK_IN_PROGRESS,27.3211,76.22184
MPLADS-002726,Community Tank at Ward-77,Community Tank,Drinking Water,DIST-0309,ST-07,PC-0455,CONT-0210,AGENCY-1096,2023-02-03,2023-03-01,2023-05-30,WORK_IN_PROGRESS,28.70254,77.09183
MPLADS-002727,Major River Overbridge at Ward-77,Major River Overbridge,Mega Infrastructure,DIST-0168,ST-04,PC-0239,CONT-0234,AGENCY-0696,2022-03-28,2022-05-05,2023-06-09,WORK_IN_PROGRESS,25.04595,86.88796
MPLADS-002728,Check Dam at Ward-74,Check Dam,Irrigation & Agriculture,DIST-0431,ST-11,PC-0629,CONT-0175,AGENCY-0383,2023-07-23,2023-08-13,2024-01-20,WORK_IN_PROGRESS,20.90891,83.50078
MPLADS-002729,Public Toilet Complex at Ward-95,Public Toilet Complex,Community Infrastructure,DIST-0010,ST-01,PC-0013,CONT-0315,AGENCY-0216,2023-02-02,2023-03-10,2023-07-08,WORK_IN_PROGRESS,28.26496,80.05776
MPLADS-002730,Multi-Village Hospital Block at Ward-61,Multi-Village Hospital Block,Mega Infrastructure,DIST-0535,ST-15,PC-0785,CONT-0262,AGENCY-0665,2022-04-03,2022-05-17,2023-06-21,COMPLETED,25.67211,90.87418
MPLADS-002731,Library Room at Ward-84,Library Room,Education Infrastructure,DIST-0421,ST-11,PC-0615,CONT-0081,AGENCY-0868,2023-09-03,2023-09-25,2024-02-22,WORK_IN_PROGRESS,21.6084,86.2749
MPLADS-002732,Bituminous Road at Ward-46,Bituminous Road,Roads & Bridges,DIST-0002,ST-01,PC-0003,CONT-0269,AGENCY-0605,2022-02-16,2022-03-09,2022-09-05,WORK_IN_PROGRESS,26.37658,84.01213
MPLADS-002733,Ambulance Vehicle at Ward-79,Ambulance Vehicle,Public Health,DIST-0351,ST-09,PC-0511,CONT-0296,AGENCY-1227,2022-05-22,2022-07-10,2023-02-05,WORK_IN_PROGRESS,24.4976,68.43791
MPLADS-002734,Major River Overbridge at Ward-62,Major River Overbridge,Mega Infrastructure,DIST-0527,ST-15,PC-0774,CONT-0140,AGENCY-0228,2022-06-19,2022-08-02,2023-09-06,COMPLETED,25.59222,91.48568
MPLADS-002735,District Sports Complex at Ward-61,District Sports Complex,Mega Infrastructure,DIST-0196,ST-05,PC-0282,CONT-0160,AGENCY-0910,2022-04-30,2022-06-11,2023-07-16,WORK_IN_PROGRESS,24.54067,75.68016
MPLADS-002736,Yatri Shed at Ward-35,Yatri Shed,Community Infrastructure,DIST-0533,ST-15,PC-0782,CONT-0014,AGENCY-0922,2022-07-15,2022-08-23,2022-12-21,WORK_IN_PROGRESS,26.28169,95.70915
MPLADS-002737,Multi-Village Hospital Block at Ward-51,Multi-Village Hospital Block,Mega Infrastructure,DIST-0050,ST-01,PC-0072,CONT-0286,AGENCY-1081,2023-07-07,2023-08-30,2024-10-03,WORK_IN_PROGRESS,28.71462,78.48534
MPLADS-002738,Check Dam at Ward-11,Check Dam,Irrigation & Agriculture,DIST-0077,ST-02,PC-0112,CONT-0282,AGENCY-1151,2022-04-05,2022-05-08,2022-10-15,WORK_IN_PROGRESS,21.79717,78.55844
MPLADS-002739,Major River Overbridge at Ward-81,Major River Overbridge,Mega Infrastructure,DIST-0149,ST-03,PC-0211,CONT-0266,AGENCY-0745,2022-02-24,2022-03-11,2023-04-15,DELAYED,26.17747,84.39447
MPLADS-002740,District Sports Complex at Ward-52,District Sports Complex,Mega Infrastructure,DIST-0164,ST-04,PC-0232,CONT-0197,AGENCY-0823,2023-07-26,2023-09-12,2024-10-16,WORK_IN_PROGRESS,24.54056,86.17425
MPLADS-002741,Check Dam at Ward-56,Check Dam,Irrigation & Agriculture,DIST-0331,ST-08,PC-0483,CONT-0138,AGENCY-0731,2022-10-14,2022-11-08,2023-04-17,DELAYED,13.28244,76.38226
MPLADS-002742,Crematorium Shed at Ward-91,Crematorium Shed,Community Infrastructure,DIST-0360,ST-09,PC-0522,CONT-0176,AGENCY-0734,2023-11-26,2023-12-27,2024-04-25,COMPLETED,23.69136,72.90914
MPLADS-002743,Public Toilet Complex at Ward-04,Public Toilet Complex,Community Infrastructure,DIST-0601,ST-18,PC-0884,CONT-0225,AGENCY-0847,2023-03-29,2023-05-27,2023-09-24,WORK_IN_PROGRESS,28.63308,76.64165
MPLADS-002744,Crematorium Shed at Ward-14,Crematorium Shed,Community Infrastructure,DIST-0610,ST-18,PC-0898,CONT-0305,AGENCY-0491,2023-05-18,2023-06-05,2023-10-03,WORK_IN_PROGRESS,31.02757,74.52591
MPLADS-002745,Major River Overbridge at Ward-17,Major River Overbridge,Mega Infrastructure,DIST-0581,ST-17,PC-0858,CONT-0019,AGENCY-0587,2023-06-24,2023-07-13,2024-08-16,WORK_IN_PROGRESS,18.13943,82.59351
MPLADS-002746,Yatri Shed at Ward-49,Yatri Shed,Community Infrastructure,DIST-0160,ST-04,PC-0225,CONT-0015,AGENCY-0644,2023-07-07,2023-07-30,2023-11-27,WORK_IN_PROGRESS,23.42123,87.12294
MPLADS-002747,Community Tank at Ward-97,Community Tank,Drinking Water,DIST-0590,ST-17,PC-0870,CONT-0069,AGENCY-1091,2023-11-27,2024-01-05,2024-04-04,DELAYED,21.15354,82.69769
MPLADS-002748,Smart Classroom Lab at Ward-72,Smart Classroom Lab,Education Infrastructure,DIST-0196,ST-05,PC-0281,CONT-0187,AGENCY-0667,2022-05-13,2022-06-19,2022-11-16,WORK_IN_PROGRESS,24.49513,75.71635
MPLADS-002749,Solar High-Mast Light at Ward-42,Solar High-Mast Light,Renewable Energy,DIST-0206,ST-05,PC-0298,CONT-0307,AGENCY-0141,2023-09-05,2023-10-31,2023-12-30,WORK_IN_PROGRESS,21.90479,81.93544
MPLADS-002750,Culvert Bridge at Ward-35,Culvert Bridge,Roads & Bridges,DIST-0075,ST-01,PC-0108,CONT-0062,AGENCY-0053,2022-10-16,2022-11-28,2023-05-27,WORK_IN_PROGRESS,26.72127,77.95797
MPLADS-002751,Smart Classroom Lab at Ward-54,Smart Classroom Lab,Education Infrastructure,DIST-0072,ST-01,PC-0104,CONT-0317,AGENCY-0857,2022-08-30,2022-10-24,2023-03-23,COMPLETED,25.45876,81.59661
MPLADS-002752,Lift Irrigation Scheme at Ward-74,Lift Irrigation Scheme,Irrigation & Agriculture,DIST-0016,ST-01,PC-0024,CONT-0078,AGENCY-0117,2022-07-17,2022-09-14,2023-02-21,COMPLETED,24.20052,84.13394
MPLADS-002753,Public Toilet Complex at Ward-73,Public Toilet Complex,Community Infrastructure,DIST-0100,ST-02,PC-0143,CONT-0171,AGENCY-0390,2022-06-29,2022-08-19,2022-12-17,WORK_IN_PROGRESS,17.13334,73.28563
MPLADS-002754,Solar Rooftop Panel at Ward-02,Solar Rooftop Panel,Renewable Energy,DIST-0356,ST-09,PC-0517,CONT-0002,AGENCY-1161,2023-05-30,2023-07-23,2023-09-21,WORK_IN_PROGRESS,23.33015,73.54928
MPLADS-002755,Piped Water Network at Ward-77,Piped Water Network,Drinking Water,DIST-0064,ST-01,PC-0093,CONT-0303,AGENCY-0591,2022-03-16,2022-04-20,2022-07-19,COMPLETED,26.17437,83.33459
MPLADS-002756,Paver Block Road at Ward-32,Paver Block Road,Roads & Bridges,DIST-0119,ST-03,PC-0173,CONT-0238,AGENCY-1018,2022-01-02,2022-02-03,2022-08-02,WORK_IN_PROGRESS,26.37604,84.67532
MPLADS-002757,Smart Classroom Lab at Ward-09,Smart Classroom Lab,Education Infrastructure,DIST-0033,ST-01,PC-0048,CONT-0063,AGENCY-0918,2022-07-07,2022-08-11,2023-01-08,WORK_IN_PROGRESS,24.60484,83.26385
MPLADS-002758,Maternity Ward Facility at Ward-57,Maternity Ward Facility,Public Health,DIST-0478,ST-13,PC-0698,CONT-0194,AGENCY-0882,2022-10-17,2022-12-11,2023-07-09,WORK_IN_PROGRESS,12.15209,75.57739
MPLADS-002759,Community Hall at Ward-15,Community Hall,Community Infrastructure,DIST-0035,ST-01,PC-0051,CONT-0011,AGENCY-0584,2022-01-20,2022-03-20,2022-07-18,WORK_IN_PROGRESS,28.17102,78.97495
MPLADS-002760,CC Road Construction at Ward-93,CC Road Construction,Roads & Bridges,DIST-0579,ST-17,PC-0855,CONT-0130,AGENCY-0358,2022-10-28,2022-12-09,2023-06-07,DELAYED,18.58678,82.14597
MPLADS-002761,Lift Irrigation Scheme at Ward-35,Lift Irrigation Scheme,Irrigation & Agriculture,DIST-0547,ST-16,PC-0803,CONT-0114,AGENCY-0254,2022-06-26,2022-08-05,2023-01-12,WORK_IN_PROGRESS,30.1166,73.95974
MPLADS-002762,Community Hall at Ward-46,Community Hall,Community Infrastructure,DIST-0343,ST-08,PC-0502,CONT-0148,AGENCY-0447,2023-02-03,2023-03-20,2023-07-18,COMPLETED,17.14327,77.29833
MPLADS-002763,Community Tank at Ward-94,Community Tank,Drinking Water,DIST-0316,ST-08,PC-0463,CONT-0082,AGENCY-1101,2023-10-02,2023-11-04,2024-02-02,WORK_IN_PROGRESS,14.81011,77.67506
MPLADS-002764,Solar Rooftop Panel at Ward-09,Solar Rooftop Panel,Renewable Energy,DIST-0570,ST-17,PC-0841,CONT-0252,AGENCY-0064,2023-10-26,2023-12-23,2024-02-21,WORK_IN_PROGRESS,21.59507,81.36622
MPLADS-002765,Ambulance Vehicle at Ward-76,Ambulance Vehicle,Public Health,DIST-0265,ST-06,PC-0386,CONT-0288,AGENCY-0429,2022-08-13,2022-09-28,2023-04-26,WORK_IN_PROGRESS,9.70262,77.06203
MPLADS-002766,RO Water Plant at Ward-49,RO Water Plant,Drinking Water,DIST-0376,ST-09,PC-0544,CONT-0276,AGENCY-0828,2023-05-23,2023-06-24,2023-09-22,WORK_IN_PROGRESS,22.75374,70.03929
MPLADS-002767,Multi-Village Hospital Block at Ward-93,Multi-Village Hospital Block,Mega Infrastructure,DIST-0235,ST-06,PC-0342,CONT-0075,AGENCY-0034,2022-10-04,2022-10-21,2023-11-25,WORK_IN_PROGRESS,13.07991,78.72847
MPLADS-002768,Multi-Village Hospital Block at Ward-13,Multi-Village Hospital Block,Mega Infrastructure,DIST-0092,ST-02,PC-0134,CONT-0297,AGENCY-0178,2023-10-05,2023-10-31,2024-12-04,WORK_IN_PROGRESS,19.75731,79.17043
MPLADS-002769,Deep Tube Well at Ward-46,Deep Tube Well,Drinking Water,DIST-0259,ST-06,PC-0378,CONT-0039,AGENCY-1107,2022-09-30,2022-10-30,2023-01-28,WORK_IN_PROGRESS,13.06634,76.19607
MPLADS-002770,Yatri Shed at Ward-34,Yatri Shed,Community Infrastructure,DIST-0278,ST-07,PC-0407,CONT-0054,AGENCY-1077,2022-10-04,2022-11-26,2023-03-26,WORK_IN_PROGRESS,26.03913,69.96082
MPLADS-002771,Crematorium Shed at Ward-73,Crematorium Shed,Community Infrastructure,DIST-0363,ST-09,PC-0527,CONT-0250,AGENCY-0262,2023-02-18,2023-03-19,2023-07-17,WORK_IN_PROGRESS,23.5492,73.67828
MPLADS-002772,Culvert Bridge at Ward-70,Culvert Bridge,Roads & Bridges,DIST-0381,ST-10,PC-0551,CONT-0116,AGENCY-0213,2023-09-04,2023-10-11,2024-04-08,WORK_IN_PROGRESS,14.11307,80.56355
MPLADS-002773,Crematorium Shed at Ward-39,Crematorium Shed,Community Infrastructure,DIST-0601,ST-18,PC-0884,CONT-0292,AGENCY-0798,2023-09-04,2023-09-27,2024-01-25,WORK_IN_PROGRESS,28.71738,76.59359
MPLADS-002774,District Sports Complex at Ward-71,District Sports Complex,Mega Infrastructure,DIST-0328,ST-08,PC-0479,CONT-0142,AGENCY-0797,2022-11-30,2023-01-16,2024-02-20,WORK_IN_PROGRESS,13.25703,74.02108
MPLADS-002775,Culvert Bridge at Ward-93,Culvert Bridge,Roads & Bridges,DIST-0005,ST-01,PC-0007,CONT-0276,AGENCY-0744,2023-09-09,2023-09-26,2024-03-24,WORK_IN_PROGRESS,24.78425,80.49979
MPLADS-002776,Maternity Ward Facility at Ward-06,Maternity Ward Facility,Public Health,DIST-0367,ST-09,PC-0532,CONT-0050,AGENCY-0008,2023-01-12,2023-02-17,2023-09-15,WORK_IN_PROGRESS,20.37455,69.21115
MPLADS-002777,Solar High-Mast Light at Ward-89,Solar High-Mast Light,Renewable Energy,DIST-0354,ST-09,PC-0514,CONT-0181,AGENCY-0374,2022-05-02,2022-05-19,2022-07-18,WORK_IN_PROGRESS,20.32685,71.91343
MPLADS-002778,Bituminous Road at Ward-53,Bituminous Road,Roads & Bridges,DIST-0263,ST-06,PC-0384,CONT-0122,AGENCY-0377,2022-04-22,2022-06-03,2022-11-30,WORK_IN_PROGRESS,10.322,79.6403
MPLADS-002779,Solar Rooftop Panel at Ward-51,Solar Rooftop Panel,Renewable Energy,DIST-0202,ST-05,PC-0291,CONT-0197,AGENCY-0442,2023-10-20,2023-11-28,2024-01-27,WORK_IN_PROGRESS,24.72249,74.57715
MPLADS-002780,Solar High-Mast Light at Ward-11,Solar High-Mast Light,Renewable Energy,DIST-0427,ST-11,PC-0623,CONT-0252,AGENCY-0631,2022-10-10,2022-11-02,2023-01-01,WORK_IN_PROGRESS,19.17093,87.09814
MPLADS-002781,Crematorium Shed at Ward-05,Crematorium Shed,Community Infrastructure,DIST-0415,ST-11,PC-0606,CONT-0043,AGENCY-1005,2022-10-29,2022-12-02,2023-04-01,WORK_IN_PROGRESS,19.87202,85.35401
MPLADS-002782,Solar High-Mast Light at Ward-43,Solar High-Mast Light,Renewable Energy,DIST-0384,ST-10,PC-0555,CONT-0245,AGENCY-1129,2022-02-03,2022-03-13,2022-05-12,WORK_IN_PROGRESS,14.10656,77.10459
MPLADS-002783,Smart Classroom Lab at Ward-45,Smart Classroom Lab,Education Infrastructure,DIST-0160,ST-04,PC-0225,CONT-0012,AGENCY-0329,2022-01-22,2022-03-18,2022-08-15,WORK_IN_PROGRESS,23.43488,87.11675
MPLADS-002784,School Additional Classroom at Ward-86,School Additional Classroom,Education Infrastructure,DIST-0396,ST-10,PC-0574,CONT-0227,AGENCY-1063,2023-06-10,2023-07-11,2023-12-08,WORK_IN_PROGRESS,14.62573,80.25019
MPLADS-002785,Community Tank at Ward-21,Community Tank,Drinking Water,DIST-0013,ST-01,PC-0019,CONT-0165,AGENCY-0876,2022-07-05,2022-07-29,2022-10-27,WORK_IN_PROGRESS,25.81314,77.78924
MPLADS-002786,Public Toilet Complex at Ward-08,Public Toilet Complex,Community Infrastructure,DIST-0367,ST-09,PC-0532,CONT-0137,AGENCY-0193,2022-08-03,2022-09-29,2023-01-27,WORK_IN_PROGRESS,20.46047,69.29269
MPLADS-002787,Smart Classroom Lab at Ward-81,Smart Classroom Lab,Education Infrastructure,DIST-0353,ST-09,PC-0513,CONT-0293,AGENCY-0678,2022-05-11,2022-05-28,2022-10-25,WORK_IN_PROGRESS,21.4769,74.43983
MPLADS-002788,RO Water Plant at Ward-83,RO Water Plant,Drinking Water,DIST-0386,ST-10,PC-0558,CONT-0258,AGENCY-1005,2023-10-16,2023-11-26,2024-02-24,WORK_IN_PROGRESS,12.45784,76.72343
MPLADS-002789,Crematorium Shed at Ward-68,Crematorium Shed,Community Infrastructure,DIST-0319,ST-08,PC-0468,CONT-0205,AGENCY-0436,2023-06-07,2023-08-01,2023-11-29,WORK_IN_PROGRESS,16.72054,76.02229
MPLADS-002790,Major River Overbridge at Ward-13,Major River Overbridge,Mega Infrastructure,DIST-0375,ST-09,PC-0543,CONT-0022,AGENCY-1089,2022-06-08,2022-07-11,2023-08-15,WORK_IN_PROGRESS,21.52486,71.15585
MPLADS-002791,Solar Street Lighting at Ward-28,Solar Street Lighting,Renewable Energy,DIST-0304,ST-07,PC-0447,CONT-0222,AGENCY-1049,2023-02-19,2023-04-02,2023-06-01,WORK_IN_PROGRESS,28.55892,70.71436
MPLADS-002792,Culvert Bridge at Ward-65,Culvert Bridge,Roads & Bridges,DIST-0533,ST-15,PC-0782,CONT-0290,AGENCY-1101,2023-05-17,2023-07-07,2024-01-03,WORK_IN_PROGRESS,26.37418,95.72222
MPLADS-002793,Multi-Village Hospital Block at Ward-71,Multi-Village Hospital Block,Mega Infrastructure,DIST-0261,ST-06,PC-0381,CONT-0189,AGENCY-1131,2022-03-16,2022-04-30,2023-06-04,WORK_IN_PROGRESS,12.84436,77.61914
MPLADS-002794,District Sports Complex at Ward-44,District Sports Complex,Mega Infrastructure,DIST-0352,ST-09,PC-0512,CONT-0064,AGENCY-0181,2022-08-20,2022-09-19,2023-10-24,WORK_IN_PROGRESS,22.67001,70.23241
MPLADS-002795,Public Toilet Complex at Ward-13,Public Toilet Complex,Community Infrastructure,DIST-0257,ST-06,PC-0375,CONT-0286,AGENCY-1145,2022-12-17,2023-01-03,2023-05-03,WORK_IN_PROGRESS,12.14651,78.1859
MPLADS-002796,School Additional Classroom at Ward-66,School Additional Classroom,Education Infrastructure,DIST-0199,ST-05,PC-0287,CONT-0017,AGENCY-0584,2022-03-06,2022-04-21,2022-09-18,WORK_IN_PROGRESS,23.49084,76.96186
MPLADS-002797,Ayurvedic Dispensary at Ward-47,Ayurvedic Dispensary,Public Health,DIST-0480,ST-13,PC-0700,CONT-0209,AGENCY-0328,2022-01-07,2022-02-05,2022-09-03,WORK_IN_PROGRESS,9.6184,74.98373
MPLADS-002798,Solar Rooftop Panel at Ward-73,Solar Rooftop Panel,Renewable Energy,DIST-0187,ST-05,PC-0264,CONT-0216,AGENCY-0001,2022-07-23,2022-09-04,2022-11-03,WORK_IN_PROGRESS,25.68285,81.25525
MPLADS-002799,School Additional Classroom at Ward-69,School Additional Classroom,Education Infrastructure,DIST-0004,ST-01,PC-0006,CONT-0067,AGENCY-1161,2023-06-19,2023-08-17,2024-01-14,DELAYED,24.92674,82.05032
MPLADS-002800,District Sports Complex at Ward-13,District Sports Complex,Mega Infrastructure,DIST-0302,ST-07,PC-0444,CONT-0227,AGENCY-0121,2022-04-04,2022-04-19,2023-05-24,COMPLETED,24.93829,70.9224
MPLADS-002801,Bituminous Road at Ward-95,Bituminous Road,Roads & Bridges,DIST-0083,ST-02,PC-0122,CONT-0121,AGENCY-1191,2023-04-20,2023-05-28,2023-11-24,WORK_IN_PROGRESS,15.43376,76.50059
MPLADS-002802,Bituminous Road at Ward-63,Bituminous Road,Roads & Bridges,DIST-0573,ST-17,PC-0845,CONT-0049,AGENCY-0788,2023-07-16,2023-09-11,2024-03-09,WORK_IN_PROGRESS,20.67998,84.06509
MPLADS-002803,Community Tank at Ward-29,Community Tank,Drinking Water,DIST-0382,ST-10,PC-0552,CONT-0256,AGENCY-1167,2022-04-25,2022-06-18,2022-09-16,WORK_IN_PROGRESS,16.58709,82.87326
MPLADS-002804,Primary Health Sub-Centre at Ward-21,Primary Health Sub-Centre,Public Health,DIST-0002,ST-01,PC-0004,CONT-0181,AGENCY-1092,2023-02-27,2023-04-25,2023-11-21,WORK_IN_PROGRESS,26.36174,83.96425
MPLADS-002805,Community Hall at Ward-10,Community Hall,Community Infrastructure,DIST-0313,ST-07,PC-0460,CONT-0119,AGENCY-0215,2023-07-18,2023-08-20,2023-12-18,COMPLETED,25.68255,75.78239
MPLADS-002806,Piped Water Network at Ward-24,Piped Water Network,Drinking Water,DIST-0023,ST-01,PC-0034,CONT-0317,AGENCY-1001,2022-11-05,2022-12-26,2023-03-26,WORK_IN_PROGRESS,25.26607,79.3476
MPLADS-002807,Piped Water Network at Ward-54,Piped Water Network,Drinking Water,DIST-0088,ST-02,PC-0128,CONT-0041,AGENCY-0324,2022-10-25,2022-11-28,2023-02-26,WORK_IN_PROGRESS,17.56834,78.97279
MPLADS-002808,Community Tank at Ward-86,Community Tank,Drinking Water,DIST-0513,ST-15,PC-0749,CONT-0230,AGENCY-0122,2022-06-17,2022-07-22,2022-10-20,WORK_IN_PROGRESS,25.62355,93.54413
MPLADS-002809,District Sports Complex at Ward-95,District Sports Complex,Mega Infrastructure,DIST-0033,ST-01,PC-0048,CONT-0193,AGENCY-0615,2023-02-15,2023-03-05,2024-04-08,WORK_IN_PROGRESS,24.71059,83.18108
MPLADS-002810,Crematorium Shed at Ward-08,Crematorium Shed,Community Infrastructure,DIST-0515,ST-15,PC-0752,CONT-0172,AGENCY-0026,2022-03-19,2022-05-06,2022-09-03,WORK_IN_PROGRESS,25.81533,92.89053
MPLADS-002811,Library Room at Ward-19,Library Room,Education Infrastructure,DIST-0443,ST-12,PC-0646,CONT-0094,AGENCY-0317,2023-10-21,2023-12-03,2024-05-01,WORK_IN_PROGRESS,16.06146,81.36192
MPLADS-002812,Lift Irrigation Scheme at Ward-82,Lift Irrigation Scheme,Irrigation & Agriculture,DIST-0251,ST-06,PC-0365,CONT-0072,AGENCY-0792,2023-03-12,2023-04-08,2023-09-15,WORK_IN_PROGRESS,9.39946,78.81602
MPLADS-002813,Crematorium Shed at Ward-52,Crematorium Shed,Community Infrastructure,DIST-0082,ST-02,PC-0121,CONT-0229,AGENCY-0386,2023-01-01,2023-02-23,2023-06-23,WORK_IN_PROGRESS,20.0492,74.15039
MPLADS-002814,Lift Irrigation Scheme at Ward-53,Lift Irrigation Scheme,Irrigation & Agriculture,DIST-0146,ST-03,PC-0208,CONT-0214,AGENCY-0617,2023-03-31,2023-05-12,2023-10-19,WORK_IN_PROGRESS,26.69144,84.24229
MPLADS-002815,Multi-Village Hospital Block at Ward-91,Multi-Village Hospital Block,Mega Infrastructure,DIST-0112,ST-03,PC-0161,CONT-0230,AGENCY-0854,2022-09-21,2022-10-25,2023-11-29,WORK_IN_PROGRESS,24.62062,85.2954
MPLADS-002816,Community Tank at Ward-91,Community Tank,Drinking Water,DIST-0095,ST-02,PC-0137,CONT-0169,AGENCY-0755,2022-06-15,2022-07-14,2022-10-12,WORK_IN_PROGRESS,16.48087,80.14279
MPLADS-002817,RO Water Plant at Ward-94,RO Water Plant,Drinking Water,DIST-0520,ST-15,PC-0761,CONT-0119,AGENCY-0775,2023-01-11,2023-01-26,2023-04-26,WORK_IN_PROGRESS,26.36908,92.11703
MPLADS-002818,Library Room at Ward-55,Library Room,Education Infrastructure,DIST-0127,ST-03,PC-0183,CONT-0198,AGENCY-0943,2022-11-06,2022-12-21,2023-05-20,WORK_IN_PROGRESS,27.35215,84.61127
MPLADS-002819,Ayurvedic Dispensary at Ward-39,Ayurvedic Dispensary,Public Health,DIST-0361,ST-09,PC-0523,CONT-0138,AGENCY-1097,2022-06-03,2022-07-26,2023-02-21,WORK_IN_PROGRESS,22.10566,70.831
MPLADS-002820,Multi-Village Hospital Block at Ward-17,Multi-Village Hospital Block,Mega Infrastructure,DIST-0486,ST-14,PC-0709,CONT-0123,AGENCY-0214,2023-09-03,2023-10-08,2024-11-11,WORK_IN_PROGRESS,23.142,85.36565
MPLADS-002821,Farm Pond Renovation at Ward-44,Farm Pond Renovation,Irrigation & Agriculture,DIST-0143,ST-03,PC-0204,CONT-0109,AGENCY-1231,2022-07-28,2022-09-03,2023-02-10,COMPLETED,25.50485,83.92143
MPLADS-002822,Community Tank at Ward-32,Community Tank,Drinking Water,DIST-0312,ST-07,PC-0459,CONT-0085,AGENCY-0458,2022-11-15,2022-11-30,2023-02-28,WORK_IN_PROGRESS,25.75548,75.24483
MPLADS-002823,Bituminous Road at Ward-81,Bituminous Road,Roads & Bridges,DIST-0418,ST-11,PC-0610,CONT-0305,AGENCY-1219,2023-11-28,2024-01-06,2024-07-04,WORK_IN_PROGRESS,21.82866,83.33673
MPLADS-002824,School Boundary Wall at Ward-89,School Boundary Wall,Education Infrastructure,DIST-0218,ST-05,PC-0318,CONT-0057,AGENCY-0106,2023-02-23,2023-03-20,2023-08-17,COMPLETED,21.14028,80.52968
MPLADS-002825,Ayurvedic Dispensary at Ward-21,Ayurvedic Dispensary,Public Health,DIST-0401,ST-10,PC-0582,CONT-0157,AGENCY-1174,2023-09-17,2023-11-06,2024-06-03,WORK_IN_PROGRESS,14.37111,82.8882
MPLADS-002826,Multi-Village Hospital Block at Ward-88,Multi-Village Hospital Block,Mega Infrastructure,DIST-0065,ST-01,PC-0094,CONT-0150,AGENCY-1056,2022-07-16,2022-09-06,2023-10-11,WORK_IN_PROGRESS,29.53611,79.49239
MPLADS-002827,Community Tank at Ward-80,Community Tank,Drinking Water,DIST-0058,ST-01,PC-0085,CONT-0055,AGENCY-1040,2022-10-20,2022-11-23,2023-02-21,WORK_IN_PROGRESS,28.87907,77.15985
MPLADS-002828,Yatri Shed at Ward-29,Yatri Shed,Community Infrastructure,DIST-0426,ST-11,PC-0622,CONT-0295,AGENCY-1226,2022-06-12,2022-07-16,2022-11-13,COMPLETED,21.66748,86.03188
MPLADS-002829,CC Road Construction at Ward-13,CC Road Construction,Roads & Bridges,DIST-0139,ST-03,PC-0199,CONT-0137,AGENCY-0291,2023-06-20,2023-07-25,2024-01-21,WORK_IN_PROGRESS,27.01854,84.60406
MPLADS-002830,Solar Rooftop Panel at Ward-20,Solar Rooftop Panel,Renewable Energy,DIST-0061,ST-01,PC-0089,CONT-0119,AGENCY-0708,2022-02-16,2022-04-08,2022-06-07,WORK_IN_PROGRESS,30.46032,78.13273
MPLADS-002831,Lift Irrigation Scheme at Ward-42,Lift Irrigation Scheme,Irrigation & Agriculture,DIST-0558,ST-16,PC-0819,CONT-0106,AGENCY-0347,2023-04-02,2023-05-06,2023-10-13,WORK_IN_PROGRESS,30.69991,74.2611
MPLADS-002832,Solar High-Mast Light at Ward-07,Solar High-Mast Light,Renewable Energy,DIST-0562,ST-16,PC-0826,CONT-0302,AGENCY-0134,2023-08-17,2023-10-01,2023-11-30,WORK_IN_PROGRESS,30.11286,76.41479
MPLADS-002833,Maternity Ward Facility at Ward-67,Maternity Ward Facility,Public Health,DIST-0017,ST-01,PC-0025,CONT-0120,AGENCY-0686,2023-04-09,2023-05-11,2023-12-07,WORK_IN_PROGRESS,27.10795,79.07511
MPLADS-002834,Check Dam at Ward-76,Check Dam,Irrigation & Agriculture,DIST-0184,ST-05,PC-0260,CONT-0055,AGENCY-0509,2022-02-16,2022-03-25,2022-09-01,COMPLETED,25.04837,80.39921
MPLADS-002835,Solar Rooftop Panel at Ward-91,Solar Rooftop Panel,Renewable Energy,DIST-0609,ST-18,PC-0896,CONT-0050,AGENCY-1143,2022-11-02,2022-12-26,2023-02-24,WORK_IN_PROGRESS,27.85529,76.40292
MPLADS-002836,Solar High-Mast Light at Ward-22,Solar High-Mast Light,Renewable Energy,DIST-0148,ST-03,PC-0210,CONT-0302,AGENCY-0951,2022-09-07,2022-09-24,2022-11-23,COMPLETED,27.00107,85.40323
MPLADS-002837,School Boundary Wall at Ward-74,School Boundary Wall,Education Infrastructure,DIST-0452,ST-12,PC-0658,CONT-0033,AGENCY-0241,2023-07-29,2023-09-22,2024-02-19,WORK_IN_PROGRESS,18.10156,79.51887
MPLADS-002838,Bituminous Road at Ward-61,Bituminous Road,Roads & Bridges,DIST-0273,ST-07,PC-0398,CONT-0190,AGENCY-0133,2023-04-16,2023-06-01,2023-11-28,WORK_IN_PROGRESS,26.68461,74.31039
MPLADS-002839,Community Hall at Ward-71,Community Hall,Community Infrastructure,DIST-0307,ST-07,PC-0452,CONT-0278,AGENCY-0592,2023-03-17,2023-04-14,2023-08-12,WORK_IN_PROGRESS,28.91555,70.18929
MPLADS-002840,Solar Street Lighting at Ward-10,Solar Street Lighting,Renewable Energy,DIST-0224,ST-05,PC-0326,CONT-0028,AGENCY-0722,2022-03-26,2022-05-18,2022-07-17,WORK_IN_PROGRESS,25.83156,78.23204
MPLADS-002841,School Additional Classroom at Ward-71,School Additional Classroom,Education Infrastructure,DIST-0157,ST-04,PC-0221,CONT-0168,AGENCY-0928,2023-08-12,2023-09-24,2024-02-21,COMPLETED,26.61205,87.76319
MPLADS-002842,RO Water Plant at Ward-48,RO Water Plant,Drinking Water,DIST-0529,ST-15,PC-0777,CONT-0082,AGENCY-0982,2023-07-24,2023-08-08,2023-11-06,WORK_IN_PROGRESS,27.54586,90.29645
MPLADS-002843,Public Toilet Complex at Ward-89,Public Toilet Complex,Community Infrastructure,DIST-0129,ST-03,PC-0187,CONT-0238,AGENCY-0610,2023-02-20,2023-04-05,2023-08-03,WORK_IN_PROGRESS,24.85182,83.75016
MPLADS-002844,Farm Pond Renovation at Ward-91,Farm Pond Renovation,Irrigation & Agriculture,DIST-0481,ST-13,PC-0703,CONT-0272,AGENCY-1063,2023-09-16,2023-11-07,2024-04-15,WORK_IN_PROGRESS,9.08875,76.99545
MPLADS-002845,Primary Health Sub-Centre at Ward-07,Primary Health Sub-Centre,Public Health,DIST-0274,ST-07,PC-0401,CONT-0094,AGENCY-0568,2023-10-24,2023-11-24,2024-06-21,WORK_IN_PROGRESS,27.52492,74.11593
MPLADS-002846,Maternity Ward Facility at Ward-48,Maternity Ward Facility,Public Health,DIST-0051,ST-01,PC-0075,CONT-0019,AGENCY-0993,2023-09-09,2023-09-24,2024-04-21,WORK_IN_PROGRESS,29.77864,82.38697
MPLADS-002847,Smart Classroom Lab at Ward-66,Smart Classroom Lab,Education Infrastructure,DIST-0119,ST-03,PC-0172,CONT-0035,AGENCY-0868,2023-04-06,2023-04-25,2023-09-22,COMPLETED,26.38038,84.59027
MPLADS-002848,Solar Street Lighting at Ward-17,Solar Street Lighting,Renewable Energy,DIST-0248,ST-06,PC-0361,CONT-0274,AGENCY-0794,2022-10-22,2022-12-14,2023-02-12,WORK_IN_PROGRESS,10.02368,77.96474
MPLADS-002849,Lift Irrigation Scheme at Ward-16,Lift Irrigation Scheme,Irrigation & Agriculture,DIST-0160,ST-04,PC-0225,CONT-0318,AGENCY-0522,2023-02-08,2023-03-30,2023-09-06,WORK_IN_PROGRESS,23.50593,87.11122
MPLADS-002850,Check Dam at Ward-58,Check Dam,Irrigation & Agriculture,DIST-0584,ST-17,PC-0862,CONT-0231,AGENCY-1036,2022-02-03,2022-03-27,2022-09-03,WORK_IN_PROGRESS,18.87303,80.38783
MPLADS-002851,RO Water Plant at Ward-70,RO Water Plant,Drinking Water,DIST-0155,ST-04,PC-0218,CONT-0215,AGENCY-1090,2023-04-07,2023-06-04,2023-09-02,COMPLETED,23.80254,87.2959
MPLADS-002852,Yatri Shed at Ward-88,Yatri Shed,Community Infrastructure,DIST-0394,ST-10,PC-0570,CONT-0318,AGENCY-0574,2022-12-22,2023-01-09,2023-05-09,WORK_IN_PROGRESS,13.16961,77.73226
MPLADS-002853,Library Room at Ward-64,Library Room,Education Infrastructure,DIST-0319,ST-08,PC-0468,CONT-0169,AGENCY-0803,2023-06-21,2023-07-09,2023-12-06,WORK_IN_PROGRESS,16.71712,76.05486
MPLADS-002854,Solar Rooftop Panel at Ward-94,Solar Rooftop Panel,Renewable Energy,DIST-0324,ST-08,PC-0473,CONT-0271,AGENCY-0743,2022-02-17,2022-04-11,2022-06-10,WORK_IN_PROGRESS,12.5939,78.49428
MPLADS-002855,Public Toilet Complex at Ward-85,Public Toilet Complex,Community Infrastructure,DIST-0207,ST-05,PC-0300,CONT-0092,AGENCY-0679,2023-05-27,2023-07-24,2023-11-21,WORK_IN_PROGRESS,26.04492,78.32855
MPLADS-002856,Community Hall at Ward-85,Community Hall,Community Infrastructure,DIST-0095,ST-02,PC-0137,CONT-0258,AGENCY-0292,2023-04-20,2023-06-07,2023-10-05,WORK_IN_PROGRESS,16.49546,80.1904
MPLADS-002857,Solar High-Mast Light at Ward-45,Solar High-Mast Light,Renewable Energy,DIST-0475,ST-13,PC-0692,CONT-0019,AGENCY-1016,2022-07-22,2022-09-04,2022-11-03,WORK_IN_PROGRESS,10.16735,77.3646
MPLADS-002858,Smart Classroom Lab at Ward-41,Smart Classroom Lab,Education Infrastructure,DIST-0583,ST-17,PC-0861,CONT-0315,AGENCY-0278,2022-02-17,2022-04-13,2022-09-10,WORK_IN_PROGRESS,18.23561,81.89472
MPLADS-002859,Library Room at Ward-91,Library Room,Education Infrastructure,DIST-0395,ST-10,PC-0571,CONT-0254,AGENCY-0222,2022-06-05,2022-08-03,2022-12-31,WORK_IN_PROGRESS,17.07134,82.78328
MPLADS-002860,Maternity Ward Facility at Ward-80,Maternity Ward Facility,Public Health,DIST-0279,ST-07,PC-0408,CONT-0190,AGENCY-0587,2022-09-04,2022-10-18,2023-05-16,WORK_IN_PROGRESS,26.6821,69.79022
MPLADS-002861,Ambulance Vehicle at Ward-27,Ambulance Vehicle,Public Health,DIST-0302,ST-07,PC-0443,CONT-0040,AGENCY-0653,2023-05-30,2023-07-14,2024-02-09,WORK_IN_PROGRESS,25.0242,70.99873
MPLADS-002862,RO Water Plant at Ward-33,RO Water Plant,Drinking Water,DIST-0157,ST-04,PC-0221,CONT-0127,AGENCY-0687,2022-08-19,2022-09-12,2022-12-11,DELAYED,26.5337,87.81824
MPLADS-002863,Ayurvedic Dispensary at Ward-87,Ayurvedic Dispensary,Public Health,DIST-0230,ST-06,PC-0335,CONT-0082,AGENCY-1096,2022-04-06,2022-05-26,2022-12-22,WORK_IN_PROGRESS,8.32409,80.23791
MPLADS-002864,Paver Block Road at Ward-41,Paver Block Road,Roads & Bridges,DIST-0227,ST-05,PC-0331,CONT-0254,AGENCY-0871,2023-06-01,2023-07-16,2024-01-12,WORK_IN_PROGRESS,22.8662,77.65261
MPLADS-002865,Bituminous Road at Ward-82,Bituminous Road,Roads & Bridges,DIST-0434,ST-11,PC-0633,CONT-0139,AGENCY-0883,2023-10-19,2023-12-02,2024-05-30,WORK_IN_PROGRESS,18.72569,82.42321
MPLADS-002866,CC Road Construction at Ward-59,CC Road Construction,Roads & Bridges,DIST-0333,ST-08,PC-0486,CONT-0015,AGENCY-0800,2023-11-09,2024-01-03,2024-07-01,WORK_IN_PROGRESS,12.14319,76.76274
MPLADS-002867,Bituminous Road at Ward-89,Bituminous Road,Roads & Bridges,DIST-0567,ST-17,PC-0835,CONT-0257,AGENCY-0983,2023-11-21,2023-12-25,2024-06-22,WORK_IN_PROGRESS,22.45906,81.49673
MPLADS-002868,Deep Tube Well at Ward-85,Deep Tube Well,Drinking Water,DIST-0234,ST-06,PC-0340,CONT-0135,AGENCY-0979,2022-04-09,2022-05-21,2022-08-19,WORK_IN_PROGRESS,12.96118,77.47716
MPLADS-002869,RO Water Plant at Ward-96,RO Water Plant,Drinking Water,DIST-0412,ST-11,PC-0601,CONT-0188,AGENCY-0040,2022-04-08,2022-04-28,2022-07-27,COMPLETED,20.16705,86.0075
MPLADS-002870,RO Water Plant at Ward-62,RO Water Plant,Drinking Water,DIST-0344,ST-08,PC-0503,CONT-0187,AGENCY-0050,2022-07-19,2022-08-04,2022-11-02,WORK_IN_PROGRESS,16.06086,77.45653
MPLADS-002871,Maternity Ward Facility at Ward-94,Maternity Ward Facility,Public Health,DIST-0531,ST-15,PC-0780,CONT-0268,AGENCY-0680,2022-01-25,2022-03-10,2022-10-06,WORK_IN_PROGRESS,26.58876,93.16487
MPLADS-002872,Major River Overbridge at Ward-08,Major River Overbridge,Mega Infrastructure,DIST-0346,ST-08,PC-0505,CONT-0300,AGENCY-1022,2022-11-15,2022-12-24,2024-01-28,WORK_IN_PROGRESS,12.75584,78.24002
MPLADS-002873,Solar Rooftop Panel at Ward-92,Solar Rooftop Panel,Renewable Energy,DIST-0005,ST-01,PC-0007,CONT-0052,AGENCY-0992,2023-11-05,2023-12-02,2024-01-31,WORK_IN_PROGRESS,24.83372,80.63944
MPLADS-002874,Multi-Village Hospital Block at Ward-10,Multi-Village Hospital Block,Mega Infrastructure,DIST-0467,ST-12,PC-0682,CONT-0022,AGENCY-0588,2022-02-14,2022-03-12,2023-04-16,WORK_IN_PROGRESS,16.09223,77.33644
MPLADS-002875,Ayurvedic Dispensary at Ward-63,Ayurvedic Dispensary,Public Health,DIST-0387,ST-10,PC-0560,CONT-0072,AGENCY-1058,2023-06-10,2023-07-14,2024-02-09,WORK_IN_PROGRESS,17.58894,76.53859
MPLADS-002876,Check Dam at Ward-50,Check Dam,Irrigation & Agriculture,DIST-0514,ST-15,PC-0751,CONT-0027,AGENCY-0250,2023-02-14,2023-03-30,2023-09-06,WORK_IN_PROGRESS,27.93827,95.17312
MPLADS-002877,RO Water Plant at Ward-29,RO Water Plant,Drinking Water,DIST-0107,ST-02,PC-0152,CONT-0246,AGENCY-0420,2022-11-10,2022-12-24,2023-03-24,WORK_IN_PROGRESS,16.56567,80.0443
MPLADS-002878,Paver Block Road at Ward-20,Paver Block Road,Roads & Bridges,DIST-0529,ST-15,PC-0777,CONT-0107,AGENCY-0649,2022-06-08,2022-07-20,2023-01-16,COMPLETED,27.41573,90.2053
MPLADS-002879,Piped Water Network at Ward-23,Piped Water Network,Drinking Water,DIST-0601,ST-18,PC-0884,CONT-0115,AGENCY-0578,2022-02-11,2022-02-26,2022-05-27,COMPLETED,28.58301,76.58675
MPLADS-002880,Yatri Shed at Ward-75,Yatri Shed,Community Infrastructure,DIST-0480,ST-13,PC-0701,CONT-0070,AGENCY-0555,2023-03-03,2023-03-26,2023-07-24,WORK_IN_PROGRESS,9.56114,75.00451
MPLADS-002881,Yatri Shed at Ward-45,Yatri Shed,Community Infrastructure,DIST-0602,ST-18,PC-0885,CONT-0200,AGENCY-0050,2022-01-03,2022-02-18,2022-06-18,WORK_IN_PROGRESS,28.70307,74.92145
MPLADS-002882,Crematorium Shed at Ward-34,Crematorium Shed,Community Infrastructure,DIST-0456,ST-12,PC-0665,CONT-0011,AGENCY-1142,2022-06-04,2022-08-01,2022-11-29,WORK_IN_PROGRESS,15.71629,77.75299
MPLADS-002883,Crematorium Shed at Ward-79,Crematorium Shed,Community Infrastructure,DIST-0049,ST-01,PC-0071,CONT-0041,AGENCY-1065,2023-08-19,2023-09-26,2024-01-24,WORK_IN_PROGRESS,28.55381,83.28384
MPLADS-002884,Paver Block Road at Ward-95,Paver Block Road,Roads & Bridges,DIST-0597,ST-17,PC-0878,CONT-0293,AGENCY-1116,2023-04-28,2023-05-14,2023-11-10,COMPLETED,21.74572,80.34834
MPLADS-002885,School Boundary Wall at Ward-65,School Boundary Wall,Education Infrastructure,DIST-0486,ST-14,PC-0709,CONT-0306,AGENCY-0079,2022-06-15,2022-08-04,2023-01-01,WORK_IN_PROGRESS,23.08669,85.38628
MPLADS-002886,Community Hall at Ward-03,Community Hall,Community Infrastructure,DIST-0209,ST-05,PC-0302,CONT-0083,AGENCY-0004,2023-07-05,2023-08-31,2023-12-29,WORK_IN_PROGRESS,23.83652,81.01655
MPLADS-002887,Ayurvedic Dispensary at Ward-70,Ayurvedic Dispensary,Public Health,DIST-0071,ST-01,PC-0103,CONT-0266,AGENCY-1024,2022-07-09,2022-08-01,2023-02-27,WORK_IN_PROGRESS,24.25413,77.84506
MPLADS-002888,Library Room at Ward-59,Library Room,Education Infrastructure,DIST-0084,ST-02,PC-0124,CONT-0155,AGENCY-0130,2022-10-26,2022-12-20,2023-05-19,WORK_IN_PROGRESS,18.59642,77.96123
MPLADS-002889,Yatri Shed at Ward-51,Yatri Shed,Community Infrastructure,DIST-0080,ST-02,PC-0117,CONT-0231,AGENCY-0754,2023-04-26,2023-05-27,2023-09-24,WORK_IN_PROGRESS,19.19464,73.25947
MPLADS-002890,Maternity Ward Facility at Ward-82,Maternity Ward Facility,Public Health,DIST-0532,ST-15,PC-0781,CONT-0016,AGENCY-0330,2022-12-27,2023-02-08,2023-09-06,WORK_IN_PROGRESS,24.2467,92.36148
MPLADS-002891,Major River Overbridge at Ward-21,Major River Overbridge,Mega Infrastructure,DIST-0109,ST-02,PC-0156,CONT-0243,AGENCY-1031,2023-11-30,2024-01-24,2025-02-27,WORK_IN_PROGRESS,15.72358,73.42596
MPLADS-002892,School Boundary Wall at Ward-97,School Boundary Wall,Education Infrastructure,DIST-0294,ST-07,PC-0430,CONT-0312,AGENCY-0568,2022-01-03,2022-02-26,2022-07-26,WORK_IN_PROGRESS,26.93708,73.21069
MPLADS-002893,Community Hall at Ward-42,Community Hall,Community Infrastructure,DIST-0274,ST-07,PC-0401,CONT-0268,AGENCY-0415,2023-10-06,2023-11-19,2024-03-18,WORK_IN_PROGRESS,27.63695,74.05482
MPLADS-002894,Solar Street Lighting at Ward-24,Solar Street Lighting,Renewable Energy,DIST-0046,ST-01,PC-0068,CONT-0241,AGENCY-0230,2022-12-27,2023-02-13,2023-04-14,WORK_IN_PROGRESS,25.8801,83.33518
MPLADS-002895,Solar High-Mast Light at Ward-40,Solar High-Mast Light,Renewable Energy,DIST-0164,ST-04,PC-0232,CONT-0038,AGENCY-0128,2022-03-11,2022-04-10,2022-06-09,WORK_IN_PROGRESS,24.55139,86.24712
MPLADS-002896,Farm Pond Renovation at Ward-39,Farm Pond Renovation,Irrigation & Agriculture,DIST-0579,ST-17,PC-0855,CONT-0055,AGENCY-0633,2022-09-06,2022-10-18,2023-03-27,WORK_IN_PROGRESS,18.5544,82.12555
MPLADS-002897,Public Toilet Complex at Ward-09,Public Toilet Complex,Community Infrastructure,DIST-0618,ST-18,PC-0910,CONT-0057,AGENCY-0696,2022-09-24,2022-10-29,2023-02-26,WORK_IN_PROGRESS,27.71842,75.51162
MPLADS-002898,Check Dam at Ward-67,Check Dam,Irrigation & Agriculture,DIST-0119,ST-03,PC-0173,CONT-0226,AGENCY-1161,2023-01-21,2023-02-22,2023-08-01,WORK_IN_PROGRESS,26.39108,84.59267
MPLADS-002899,Solar Rooftop Panel at Ward-73,Solar Rooftop Panel,Renewable Energy,DIST-0105,ST-02,PC-0150,CONT-0178,AGENCY-0924,2022-03-30,2022-04-27,2022-06-26,WORK_IN_PROGRESS,16.82211,80.10503
MPLADS-002900,Culvert Bridge at Ward-01,Culvert Bridge,Roads & Bridges,DIST-0079,ST-02,PC-0115,CONT-0141,AGENCY-0461,2023-06-27,2023-08-07,2024-02-03,WORK_IN_PROGRESS,20.64043,78.76305
MPLADS-002901,CC Road Construction at Ward-93,CC Road Construction,Roads & Bridges,DIST-0534,ST-15,PC-0783,CONT-0144,AGENCY-1020,2023-09-27,2023-10-13,2024-04-10,DELAYED,25.17116,95.6537
MPLADS-002902,Paver Block Road at Ward-19,Paver Block Road,Roads & Bridges,DIST-0428,ST-11,PC-0624,CONT-0228,AGENCY-1022,2022-08-03,2022-09-15,2023-03-14,COMPLETED,20.99823,81.80317
MPLADS-002903,District Sports Complex at Ward-63,District Sports Complex,Mega Infrastructure,DIST-0317,ST-08,PC-0465,CONT-0171,AGENCY-0749,2022-08-10,2022-09-16,2023-10-21,WORK_IN_PROGRESS,16.95783,75.98867
MPLADS-002904,Solar Street Lighting at Ward-39,Solar Street Lighting,Renewable Energy,DIST-0327,ST-08,PC-0478,CONT-0110,AGENCY-0195,2022-02-28,2022-03-17,2022-05-16,WORK_IN_PROGRESS,14.09934,77.07143
MPLADS-002905,District Sports Complex at Ward-57,District Sports Complex,Mega Infrastructure,DIST-0121,ST-03,PC-0176,CONT-0143,AGENCY-0569,2023-05-23,2023-06-23,2024-07-27,DELAYED,27.27128,87.21261
MPLADS-002906,RO Water Plant at Ward-56,RO Water Plant,Drinking Water,DIST-0101,ST-02,PC-0145,CONT-0051,AGENCY-0340,2023-10-23,2023-12-06,2024-03-05,WORK_IN_PROGRESS,18.61528,74.64695
MPLADS-002907,Ayurvedic Dispensary at Ward-33,Ayurvedic Dispensary,Public Health,DIST-0583,ST-17,PC-0861,CONT-0274,AGENCY-0522,2023-02-17,2023-04-16,2023-11-12,WORK_IN_PROGRESS,18.20028,81.94984
MPLADS-002908,Primary Health Sub-Centre at Ward-79,Primary Health Sub-Centre,Public Health,DIST-0174,ST-05,PC-0246,CONT-0193,AGENCY-0799,2023-04-24,2023-05-09,2023-12-05,WORK_IN_PROGRESS,21.76483,77.68668
MPLADS-002909,Bituminous Road at Ward-12,Bituminous Road,Roads & Bridges,DIST-0392,ST-10,PC-0567,CONT-0224,AGENCY-0421,2022-10-04,2022-11-09,2023-05-08,WORK_IN_PROGRESS,17.81004,81.98019
MPLADS-002910,Multi-Village Hospital Block at Ward-51,Multi-Village Hospital Block,Mega Infrastructure,DIST-0166,ST-04,PC-0236,CONT-0116,AGENCY-1223,2023-02-06,2023-03-08,2024-04-11,WORK_IN_PROGRESS,24.17703,87.1134
MPLADS-002911,Major River Overbridge at Ward-79,Major River Overbridge,Mega Infrastructure,DIST-0619,ST-18,PC-0912,CONT-0013,AGENCY-0761,2023-02-23,2023-04-17,2024-05-21,WORK_IN_PROGRESS,30.68878,75.61493
MPLADS-002912,Piped Water Network at Ward-26,Piped Water Network,Drinking Water,DIST-0136,ST-03,PC-0195,CONT-0074,AGENCY-0292,2023-08-09,2023-09-16,2023-12-15,WORK_IN_PROGRESS,25.26436,85.62984
MPLADS-002913,Deep Tube Well at Ward-14,Deep Tube Well,Drinking Water,DIST-0103,ST-02,PC-0147,CONT-0296,AGENCY-1001,2022-05-16,2022-06-25,2022-09-23,COMPLETED,17.42514,76.99358
MPLADS-002914,Deep Tube Well at Ward-25,Deep Tube Well,Drinking Water,DIST-0340,ST-08,PC-0497,CONT-0069,AGENCY-0733,2023-07-11,2023-08-21,2023-11-19,DELAYED,18.3797,76.00483
MPLADS-002915,Maternity Ward Facility at Ward-89,Maternity Ward Facility,Public Health,DIST-0362,ST-09,PC-0525,CONT-0147,AGENCY-0631,2022-05-04,2022-06-05,2023-01-01,WORK_IN_PROGRESS,21.59604,70.05055
MPLADS-002916,Check Dam at Ward-45,Check Dam,Irrigation & Agriculture,DIST-0013,ST-01,PC-0019,CONT-0083,AGENCY-0965,2022-07-21,2022-09-10,2023-02-17,COMPLETED,25.825,77.76785
MPLADS-002917,CC Road Construction at Ward-16,CC Road Construction,Roads & Bridges,DIST-0349,ST-09,PC-0508,CONT-0169,AGENCY-0512,2022-01-30,2022-02-25,2022-08-24,WORK_IN_PROGRESS,20.82486,69.2915
MPLADS-002918,Solar Rooftop Panel at Ward-93,Solar Rooftop Panel,Renewable Energy,DIST-0196,ST-05,PC-0282,CONT-0179,AGENCY-0030,2022-01-29,2022-02-28,2022-04-29,COMPLETED,24.56483,75.68964
MPLADS-002919,Community Hall at Ward-70,Community Hall,Community Infrastructure,DIST-0064,ST-01,PC-0093,CONT-0299,AGENCY-0031,2022-03-20,2022-04-11,2022-08-09,WORK_IN_PROGRESS,26.20674,83.39179
MPLADS-002920,Paver Block Road at Ward-74,Paver Block Road,Roads & Bridges,DIST-0588,ST-17,PC-0868,CONT-0237,AGENCY-0441,2022-05-26,2022-07-18,2023-01-14,WORK_IN_PROGRESS,23.89926,81.76302
MPLADS-002921,Primary Health Sub-Centre at Ward-93,Primary Health Sub-Centre,Public Health,DIST-0138,ST-03,PC-0198,CONT-0213,AGENCY-1094,2022-05-15,2022-07-10,2023-02-05,WORK_IN_PROGRESS,25.01662,86.32612
MPLADS-002922,Major River Overbridge at Ward-16,Major River Overbridge,Mega Infrastructure,DIST-0357,ST-09,PC-0518,CONT-0072,AGENCY-0683,2022-11-16,2022-12-01,2024-01-05,WORK_IN_PROGRESS,22.91857,70.50082
MPLADS-002923,Check Dam at Ward-25,Check Dam,Irrigation & Agriculture,DIST-0544,ST-16,PC-0798,CONT-0232,AGENCY-1053,2022-08-27,2022-09-28,2023-03-07,WORK_IN_PROGRESS,31.32836,74.71626
MPLADS-002924,Smart Classroom Lab at Ward-36,Smart Classroom Lab,Education Infrastructure,DIST-0226,ST-05,PC-0330,CONT-0265,AGENCY-0578,2023-10-15,2023-12-12,2024-05-10,WORK_IN_PROGRESS,23.57916,77.40531
MPLADS-002925,Public Toilet Complex at Ward-04,Public Toilet Complex,Community Infrastructure,DIST-0262,ST-06,PC-0382,CONT-0220,AGENCY-1044,2023-05-20,2023-07-03,2023-10-31,WORK_IN_PROGRESS,12.75829,79.78273
MPLADS-002926,Primary Health Sub-Centre at Ward-44,Primary Health Sub-Centre,Public Health,DIST-0340,ST-08,PC-0497,CONT-0081,AGENCY-0474,2023-09-30,2023-11-25,2024-06-22,WORK_IN_PROGRESS,18.30988,76.09278
MPLADS-002927,Solar Street Lighting at Ward-38,Solar Street Lighting,Renewable Energy,DIST-0490,ST-14,PC-0715,CONT-0058,AGENCY-1214,2022-10-21,2022-11-28,2023-01-27,WORK_IN_PROGRESS,24.32833,84.99928
MPLADS-002928,School Additional Classroom at Ward-83,School Additional Classroom,Education Infrastructure,DIST-0296,ST-07,PC-0433,CONT-0268,AGENCY-0984,2023-11-25,2023-12-20,2024-05-18,WORK_IN_PROGRESS,26.19504,76.39595
MPLADS-002929,Culvert Bridge at Ward-67,Culvert Bridge,Roads & Bridges,DIST-0543,ST-16,PC-0797,CONT-0013,AGENCY-0274,2023-06-22,2023-08-11,2024-02-07,COMPLETED,31.5881,75.50771
MPLADS-002930,Check Dam at Ward-04,Check Dam,Irrigation & Agriculture,DIST-0240,ST-06,PC-0349,CONT-0028,AGENCY-0588,2023-08-19,2023-10-12,2024-03-20,WORK_IN_PROGRESS,13.47983,79.47313
MPLADS-002931,CC Road Construction at Ward-10,CC Road Construction,Roads & Bridges,DIST-0054,ST-01,PC-0080,CONT-0243,AGENCY-0785,2023-07-24,2023-09-01,2024-02-28,WORK_IN_PROGRESS,26.58329,78.58515
MPLADS-002932,Paver Block Road at Ward-03,Paver Block Road,Roads & Bridges,DIST-0216,ST-05,PC-0314,CONT-0246,AGENCY-0285,2023-06-30,2023-07-29,2024-01-25,DELAYED,25.42561,80.04695
MPLADS-002933,School Additional Classroom at Ward-25,School Additional Classroom,Education Infrastructure,DIST-0089,ST-02,PC-0129,CONT-0011,AGENCY-0597,2023-09-17,2023-10-17,2024-03-15,WORK_IN_PROGRESS,17.79569,72.6182
MPLADS-002934,Smart Classroom Lab at Ward-48,Smart Classroom Lab,Education Infrastructure,DIST-0114,ST-03,PC-0164,CONT-0253,AGENCY-0623,2022-02-28,2022-04-20,2022-09-17,WORK_IN_PROGRESS,24.64087,85.27765
MPLADS-002935,Crematorium Shed at Ward-66,Crematorium Shed,Community Infrastructure,DIST-0592,ST-17,PC-0872,CONT-0297,AGENCY-0427,2023-05-31,2023-07-14,2023-11-11,COMPLETED,23.45014,81.81746
MPLADS-002936,Multi-Village Hospital Block at Ward-37,Multi-Village Hospital Block,Mega Infrastructure,DIST-0596,ST-17,PC-0877,CONT-0174,AGENCY-0379,2022-10-01,2022-11-18,2023-12-23,WORK_IN_PROGRESS,21.73215,82.95367
MPLADS-002937,Smart Classroom Lab at Ward-84,Smart Classroom Lab,Education Infrastructure,DIST-0563,ST-16,PC-0827,CONT-0262,AGENCY-0817,2023-01-02,2023-01-22,2023-06-21,WORK_IN_PROGRESS,32.00544,74.44703
MPLADS-002938,RO Water Plant at Ward-92,RO Water Plant,Drinking Water,DIST-0287,ST-07,PC-0421,CONT-0180,AGENCY-0622,2022-12-21,2023-01-09,2023-04-09,WORK_IN_PROGRESS,28.41911,76.49436
MPLADS-002939,Ayurvedic Dispensary at Ward-44,Ayurvedic Dispensary,Public Health,DIST-0260,ST-06,PC-0379,CONT-0290,AGENCY-1154,2023-10-23,2023-11-28,2024-06-25,WORK_IN_PROGRESS,11.10306,78.30402
MPLADS-002940,Crematorium Shed at Ward-89,Crematorium Shed,Community Infrastructure,DIST-0447,ST-12,PC-0650,CONT-0139,AGENCY-0755,2022-06-25,2022-08-03,2022-12-01,WORK_IN_PROGRESS,17.69145,77.76701
MPLADS-002941,Paver Block Road at Ward-01,Paver Block Road,Roads & Bridges,DIST-0250,ST-06,PC-0364,CONT-0005,AGENCY-1123,2022-11-23,2023-01-04,2023-07-03,WORK_IN_PROGRESS,10.0164,78.36743
MPLADS-002942,School Boundary Wall at Ward-42,School Boundary Wall,Education Infrastructure,DIST-0217,ST-05,PC-0316,CONT-0185,AGENCY-1202,2023-07-21,2023-08-23,2024-01-20,WORK_IN_PROGRESS,23.26879,75.54704
MPLADS-002943,Maternity Ward Facility at Ward-57,Maternity Ward Facility,Public Health,DIST-0385,ST-10,PC-0557,CONT-0156,AGENCY-1223,2022-07-22,2022-09-06,2023-04-04,WORK_IN_PROGRESS,12.79942,79.40587
MPLADS-002944,Piped Water Network at Ward-34,Piped Water Network,Drinking Water,DIST-0078,ST-02,PC-0113,CONT-0111,AGENCY-0721,2023-03-17,2023-05-05,2023-08-03,WORK_IN_PROGRESS,19.39778,77.75614
MPLADS-002945,Solar Rooftop Panel at Ward-02,Solar Rooftop Panel,Renewable Energy,DIST-0524,ST-15,PC-0769,CONT-0063,AGENCY-0263,2022-02-18,2022-03-25,2022-05-24,COMPLETED,25.31086,91.92156
MPLADS-002946,Culvert Bridge at Ward-30,Culvert Bridge,Roads & Bridges,DIST-0038,ST-01,PC-0056,CONT-0139,AGENCY-0105,2023-04-10,2023-05-06,2023-11-02,WORK_IN_PROGRESS,28.04444,77.67598
MPLADS-002947,Maternity Ward Facility at Ward-14,Maternity Ward Facility,Public Health,DIST-0339,ST-08,PC-0494,CONT-0191,AGENCY-0869,2022-02-11,2022-04-05,2022-11-01,COMPLETED,16.45351,76.7217
MPLADS-002948,Check Dam at Ward-04,Check Dam,Irrigation & Agriculture,DIST-0527,ST-15,PC-0774,CONT-0151,AGENCY-1073,2023-02-21,2023-04-21,2023-09-28,WORK_IN_PROGRESS,25.57372,91.55761
MPLADS-002949,Solar Rooftop Panel at Ward-75,Solar Rooftop Panel,Renewable Energy,DIST-0061,ST-01,PC-0089,CONT-0266,AGENCY-0050,2022-12-10,2023-01-05,2023-03-06,DELAYED,30.46992,78.10462
MPLADS-002950,Farm Pond Renovation at Ward-86,Farm Pond Renovation,Irrigation & Agriculture,DIST-0169,ST-04,PC-0240,CONT-0041,AGENCY-0448,2022-05-18,2022-06-10,2022-11-17,DELAYED,25.51589,87.37716
MPLADS-002951,Smart Classroom Lab at Ward-72,Smart Classroom Lab,Education Infrastructure,DIST-0391,ST-10,PC-0565,CONT-0079,AGENCY-1019,2022-07-14,2022-08-28,2023-01-25,WORK_IN_PROGRESS,15.0233,83.35701
MPLADS-002952,Solar Rooftop Panel at Ward-32,Solar Rooftop Panel,Renewable Energy,DIST-0560,ST-16,PC-0822,CONT-0214,AGENCY-0099,2023-11-03,2023-12-23,2024-02-21,COMPLETED,30.44601,75.53708
MPLADS-002953,Multi-Village Hospital Block at Ward-45,Multi-Village Hospital Block,Mega Infrastructure,DIST-0429,ST-11,PC-0625,CONT-0203,AGENCY-0210,2022-05-17,2022-06-30,2023-08-04,WORK_IN_PROGRESS,22.2335,84.54155
MPLADS-002954,School Additional Classroom at Ward-76,School Additional Classroom,Education Infrastructure,DIST-0028,ST-01,PC-0040,CONT-0306,AGENCY-0499,2022-08-18,2022-09-16,2023-02-13,WORK_IN_PROGRESS,27.94045,83.4969
MPLADS-002955,Crematorium Shed at Ward-06,Crematorium Shed,Community Infrastructure,DIST-0465,ST-12,PC-0679,CONT-0034,AGENCY-0879,2022-08-08,2022-09-15,2023-01-13,COMPLETED,17.31503,81.37777
MPLADS-002956,Solar High-Mast Light at Ward-83,Solar High-Mast Light,Renewable Energy,DIST-0397,ST-10,PC-0576,CONT-0283,AGENCY-0331,2022-11-27,2022-12-27,2023-02-25,WORK_IN_PROGRESS,15.83495,78.79858
MPLADS-002957,Solar High-Mast Light at Ward-87,Solar High-Mast Light,Renewable Energy,DIST-0228,ST-06,PC-0332,CONT-0141,AGENCY-0786,2023-05-23,2023-07-07,2023-09-05,COMPLETED,12.39694,78.90726
MPLADS-002958,Lift Irrigation Scheme at Ward-17,Lift Irrigation Scheme,Irrigation & Agriculture,DIST-0504,ST-14,PC-0734,CONT-0274,AGENCY-0638,2022-06-23,2022-08-13,2023-01-20,WORK_IN_PROGRESS,23.02465,86.60764
MPLADS-002959,Community Tank at Ward-47,Community Tank,Drinking Water,DIST-0049,ST-01,PC-0071,CONT-0213,AGENCY-1116,2022-09-11,2022-10-06,2023-01-04,WORK_IN_PROGRESS,28.5742,83.27385
MPLADS-002960,Deep Tube Well at Ward-89,Deep Tube Well,Drinking Water,DIST-0114,ST-03,PC-0164,CONT-0102,AGENCY-1165,2023-04-09,2023-05-05,2023-08-03,WORK_IN_PROGRESS,24.63728,85.3213
MPLADS-002961,RO Water Plant at Ward-88,RO Water Plant,Drinking Water,DIST-0404,ST-10,PC-0588,CONT-0157,AGENCY-0468,2023-05-19,2023-06-20,2023-09-18,DELAYED,14.64708,84.19468
MPLADS-002962,Multi-Village Hospital Block at Ward-16,Multi-Village Hospital Block,Mega Infrastructure,DIST-0247,ST-06,PC-0359,CONT-0070,AGENCY-0821,2023-04-12,2023-04-30,2024-06-03,WORK_IN_PROGRESS,13.42686,78.01462
MPLADS-002963,Crematorium Shed at Ward-42,Crematorium Shed,Community Infrastructure,DIST-0262,ST-06,PC-0382,CONT-0174,AGENCY-1102,2022-05-07,2022-05-27,2022-09-24,WORK_IN_PROGRESS,12.73799,79.71882
MPLADS-002964,Community Hall at Ward-63,Community Hall,Community Infrastructure,DIST-0022,ST-01,PC-0033,CONT-0069,AGENCY-0918,2023-05-01,2023-05-28,2023-09-25,WORK_IN_PROGRESS,30.09027,78.84701
MPLADS-002965,School Additional Classroom at Ward-90,School Additional Classroom,Education Infrastructure,DIST-0459,ST-12,PC-0671,CONT-0276,AGENCY-0280,2022-10-08,2022-11-05,2023-04-04,WORK_IN_PROGRESS,16.52133,79.71632
MPLADS-002966,Community Tank at Ward-05,Community Tank,Drinking Water,DIST-0021,ST-01,PC-0031,CONT-0240,AGENCY-0970,2023-01-02,2023-02-11,2023-05-12,WORK_IN_PROGRESS,29.85777,83.65589
MPLADS-002967,Crematorium Shed at Ward-34,Crematorium Shed,Community Infrastructure,DIST-0174,ST-05,PC-0246,CONT-0021,AGENCY-0647,2023-03-17,2023-04-26,2023-08-24,WORK_IN_PROGRESS,21.72556,77.77334
MPLADS-002968,Lift Irrigation Scheme at Ward-37,Lift Irrigation Scheme,Irrigation & Agriculture,DIST-0279,ST-07,PC-0408,CONT-0236,AGENCY-1112,2022-01-12,2022-03-08,2022-08-15,WORK_IN_PROGRESS,26.72505,69.83357
MPLADS-002969,School Boundary Wall at Ward-33,School Boundary Wall,Education Infrastructure,DIST-0453,ST-12,PC-0661,CONT-0239,AGENCY-1112,2023-04-27,2023-06-04,2023-11-01,COMPLETED,19.28933,80.24567
MPLADS-002970,Major River Overbridge at Ward-24,Major River Overbridge,Mega Infrastructure,DIST-0124,ST-03,PC-0180,CONT-0100,AGENCY-0691,2023-06-29,2023-08-27,2024-09-30,WORK_IN_PROGRESS,25.05018,83.75506
MPLADS-002971,Solar High-Mast Light at Ward-92,Solar High-Mast Light,Renewable Energy,DIST-0319,ST-08,PC-0467,CONT-0071,AGENCY-0463,2022-03-18,2022-05-12,2022-07-11,WORK_IN_PROGRESS,16.70851,76.08493
MPLADS-002972,Solar Rooftop Panel at Ward-69,Solar Rooftop Panel,Renewable Energy,DIST-0165,ST-04,PC-0234,CONT-0284,AGENCY-1008,2022-04-08,2022-05-26,2022-07-25,WORK_IN_PROGRESS,26.59815,86.29839
MPLADS-002973,Yatri Shed at Ward-50,Yatri Shed,Community Infrastructure,DIST-0554,ST-16,PC-0814,CONT-0147,AGENCY-0679,2022-12-27,2023-02-17,2023-06-17,WORK_IN_PROGRESS,31.29961,74.90879
MPLADS-002974,Primary Health Sub-Centre at Ward-30,Primary Health Sub-Centre,Public Health,DIST-0579,ST-17,PC-0855,CONT-0241,AGENCY-0971,2023-06-06,2023-06-27,2024-01-23,WORK_IN_PROGRESS,18.52718,82.08381
MPLADS-002975,Primary Health Sub-Centre at Ward-17,Primary Health Sub-Centre,Public Health,DIST-0604,ST-18,PC-0889,CONT-0162,AGENCY-0963,2023-11-20,2023-12-16,2024-07-13,WORK_IN_PROGRESS,29.73365,77.36787
MPLADS-002976,Check Dam at Ward-54,Check Dam,Irrigation & Agriculture,DIST-0132,ST-03,PC-0191,CONT-0014,AGENCY-0570,2022-01-24,2022-03-22,2022-08-29,WORK_IN_PROGRESS,26.77521,83.58031
MPLADS-002977,Piped Water Network at Ward-32,Piped Water Network,Drinking Water,DIST-0434,ST-11,PC-0632,CONT-0131,AGENCY-0631,2023-01-30,2023-03-16,2023-06-14,WORK_IN_PROGRESS,18.8172,82.29497
MPLADS-002978,District Sports Complex at Ward-28,District Sports Complex,Mega Infrastructure,DIST-0254,ST-06,PC-0370,CONT-0210,AGENCY-0385,2022-07-28,2022-09-06,2023-10-11,WORK_IN_PROGRESS,12.7411,76.1202
MPLADS-002979,Solar High-Mast Light at Ward-19,Solar High-Mast Light,Renewable Energy,DIST-0509,ST-15,PC-0741,CONT-0195,AGENCY-0371,2022-01-12,2022-02-16,2022-04-17,COMPLETED,25.06551,94.85609
MPLADS-002980,Check Dam at Ward-39,Check Dam,Irrigation & Agriculture,DIST-0369,ST-09,PC-0534,CONT-0304,AGENCY-0426,2023-01-24,2023-03-13,2023-08-20,WORK_IN_PROGRESS,24.17258,70.1204
MPLADS-002981,Yatri Shed at Ward-51,Yatri Shed,Community Infrastructure,DIST-0145,ST-03,PC-0206,CONT-0179,AGENCY-0047,2022-11-07,2023-01-05,2023-05-05,WORK_IN_PROGRESS,26.18193,84.66765
MPLADS-002982,Library Room at Ward-74,Library Room,Education Infrastructure,DIST-0412,ST-11,PC-0601,CONT-0052,AGENCY-1198,2022-05-02,2022-06-22,2022-11-19,WORK_IN_PROGRESS,20.17168,85.94101
MPLADS-002983,Ambulance Vehicle at Ward-13,Ambulance Vehicle,Public Health,DIST-0219,ST-05,PC-0319,CONT-0112,AGENCY-0103,2023-04-01,2023-05-01,2023-11-27,WORK_IN_PROGRESS,24.36963,77.53185
MPLADS-002984,Crematorium Shed at Ward-30,Crematorium Shed,Community Infrastructure,DIST-0068,ST-01,PC-0097,CONT-0038,AGENCY-0433,2023-11-28,2024-01-02,2024-05-01,DELAYED,29.7069,77.87885
MPLADS-002985,Ayurvedic Dispensary at Ward-13,Ayurvedic Dispensary,Public Health,DIST-0212,ST-05,PC-0308,CONT-0236,AGENCY-0653,2022-03-31,2022-04-25,2022-11-21,WORK_IN_PROGRESS,22.46214,74.57491
MPLADS-002986,Maternity Ward Facility at Ward-96,Maternity Ward Facility,Public Health,DIST-0344,ST-08,PC-0503,CONT-0221,AGENCY-0594,2022-10-02,2022-11-15,2023-06-13,WORK_IN_PROGRESS,16.05296,77.55649
MPLADS-002987,Smart Classroom Lab at Ward-22,Smart Classroom Lab,Education Infrastructure,DIST-0187,ST-05,PC-0264,CONT-0272,AGENCY-0513,2023-06-25,2023-08-15,2024-01-12,WORK_IN_PROGRESS,25.65205,81.21389
MPLADS-002988,Crematorium Shed at Ward-54,Crematorium Shed,Community Infrastructure,DIST-0611,ST-18,PC-0899,CONT-0236,AGENCY-0312,2023-03-13,2023-04-13,2023-08-11,WORK_IN_PROGRESS,27.99218,75.72199
MPLADS-002989,CC Road Construction at Ward-18,CC Road Construction,Roads & Bridges,DIST-0237,ST-06,PC-0345,CONT-0283,AGENCY-0222,2023-05-30,2023-06-15,2023-12-12,WORK_IN_PROGRESS,8.11088,77.32706
MPLADS-002990,District Sports Complex at Ward-63,District Sports Complex,Mega Infrastructure,DIST-0257,ST-06,PC-0375,CONT-0252,AGENCY-0639,2022-06-03,2022-07-01,2023-08-05,WORK_IN_PROGRESS,12.15922,78.13069
MPLADS-002991,Check Dam at Ward-81,Check Dam,Irrigation & Agriculture,DIST-0068,ST-01,PC-0097,CONT-0056,AGENCY-1150,2022-03-24,2022-05-02,2022-10-09,COMPLETED,29.56436,77.91085
MPLADS-002992,Maternity Ward Facility at Ward-18,Maternity Ward Facility,Public Health,DIST-0225,ST-05,PC-0329,CONT-0023,AGENCY-0438,2023-09-09,2023-10-16,2024-05-13,WORK_IN_PROGRESS,23.24282,78.50666
MPLADS-002993,Solar High-Mast Light at Ward-59,Solar High-Mast Light,Renewable Energy,DIST-0094,ST-02,PC-0136,CONT-0082,AGENCY-0720,2023-02-12,2023-04-11,2023-06-10,WORK_IN_PROGRESS,15.58285,78.86723
MPLADS-002994,Solar High-Mast Light at Ward-48,Solar High-Mast Light,Renewable Energy,DIST-0133,ST-03,PC-0192,CONT-0037,AGENCY-0581,2023-07-07,2023-08-26,2023-10-25,WORK_IN_PROGRESS,24.93092,86.27597
MPLADS-002995,Lift Irrigation Scheme at Ward-98,Lift Irrigation Scheme,Irrigation & Agriculture,DIST-0244,ST-06,PC-0354,CONT-0151,AGENCY-1032,2023-01-04,2023-02-15,2023-07-25,WORK_IN_PROGRESS,8.78559,78.32535
MPLADS-002996,School Boundary Wall at Ward-95,School Boundary Wall,Education Infrastructure,DIST-0030,ST-01,PC-0042,CONT-0221,AGENCY-0576,2023-08-08,2023-09-21,2024-02-18,DELAYED,29.36809,79.32351
MPLADS-002997,Lift Irrigation Scheme at Ward-05,Lift Irrigation Scheme,Irrigation & Agriculture,DIST-0369,ST-09,PC-0534,CONT-0237,AGENCY-0180,2022-09-09,2022-10-15,2023-03-24,WORK_IN_PROGRESS,24.30079,70.11539
MPLADS-002998,Crematorium Shed at Ward-79,Crematorium Shed,Community Infrastructure,DIST-0477,ST-13,PC-0697,CONT-0130,AGENCY-0903,2022-12-27,2023-02-18,2023-06-18,WORK_IN_PROGRESS,9.77603,77.1975
MPLADS-002999,Public Toilet Complex at Ward-26,Public Toilet Complex,Community Infrastructure,DIST-0161,ST-04,PC-0227,CONT-0203,AGENCY-0613,2023-07-31,2023-08-16,2023-12-14,COMPLETED,21.68441,86.15544
MPLADS-003000,Community Tank at Ward-10,Community Tank,Drinking Water,DIST-0602,ST-18,PC-0885,CONT-0153,AGENCY-0773,2023-03-25,2023-04-26,2023-07-25,COMPLETED,28.67601,75.06886
MPLADS-003001,Community Tank at Ward-13,Community Tank,Drinking Water,DIST-0131,ST-03,PC-0190,CONT-0264,AGENCY-0752,2022-12-31,2023-01-23,2023-04-23,WORK_IN_PROGRESS,26.65366,84.34167
MPLADS-003002,Bituminous Road at Ward-67,Bituminous Road,Roads & Bridges,DIST-0125,ST-03,PC-0181,CONT-0156,AGENCY-0207,2022-03-30,2022-05-17,2022-11-13,WORK_IN_PROGRESS,26.86525,84.35264
MPLADS-003003,Culvert Bridge at Ward-93,Culvert Bridge,Roads & Bridges,DIST-0233,ST-06,PC-0339,CONT-0233,AGENCY-0328,2023-11-11,2024-01-08,2024-07-06,WORK_IN_PROGRESS,9.45574,77.67088
MPLADS-003004,Solar High-Mast Light at Ward-59,Solar High-Mast Light,Renewable Energy,DIST-0359,ST-09,PC-0521,CONT-0188,AGENCY-0807,2022-10-29,2022-11-20,2023-01-19,WORK_IN_PROGRESS,23.59352,71.7981
MPLADS-003005,Ayurvedic Dispensary at Ward-30,Ayurvedic Dispensary,Public Health,DIST-0436,ST-12,PC-0636,CONT-0084,AGENCY-0604,2022-05-05,2022-05-28,2022-12-24,WORK_IN_PROGRESS,17.66149,80.63441
MPLADS-003006,Yatri Shed at Ward-18,Yatri Shed,Community Infrastructure,DIST-0531,ST-15,PC-0780,CONT-0274,AGENCY-0218,2022-07-01,2022-08-22,2022-12-20,WORK_IN_PROGRESS,26.63851,93.24709
MPLADS-003007,Community Hall at Ward-73,Community Hall,Community Infrastructure,DIST-0045,ST-01,PC-0066,CONT-0236,AGENCY-1129,2023-01-08,2023-03-07,2023-07-05,DELAYED,25.88101,80.39368
MPLADS-003008,Bituminous Road at Ward-58,Bituminous Road,Roads & Bridges,DIST-0559,ST-16,PC-0821,CONT-0026,AGENCY-0629,2023-03-17,2023-04-22,2023-10-19,COMPLETED,31.29947,74.99465
MPLADS-003009,Community Hall at Ward-60,Community Hall,Community Infrastructure,DIST-0582,ST-17,PC-0859,CONT-0104,AGENCY-0166,2023-02-10,2023-03-10,2023-07-08,WORK_IN_PROGRESS,19.01984,83.53408
MPLADS-003010,Farm Pond Renovation at Ward-82,Farm Pond Renovation,Irrigation & Agriculture,DIST-0541,ST-15,PC-0793,CONT-0204,AGENCY-0903,2023-03-05,2023-03-22,2023-08-29,WORK_IN_PROGRESS,24.27504,95.65931
MPLADS-003011,Farm Pond Renovation at Ward-73,Farm Pond Renovation,Irrigation & Agriculture,DIST-0223,ST-05,PC-0325,CONT-0015,AGENCY-0073,2022-04-07,2022-04-26,2022-10-03,COMPLETED,22.5465,76.89361
MPLADS-003012,Solar Street Lighting at Ward-69,Solar Street Lighting,Renewable Energy,DIST-0350,ST-09,PC-0510,CONT-0020,AGENCY-0938,2023-08-07,2023-08-22,2023-10-21,WORK_IN_PROGRESS,20.13774,72.65922
MPLADS-003013,Smart Classroom Lab at Ward-18,Smart Classroom Lab,Education Infrastructure,DIST-0232,ST-06,PC-0338,CONT-0059,AGENCY-0058,2023-05-04,2023-06-04,2023-11-01,WORK_IN_PROGRESS,9.02474,77.30485
MPLADS-003014,District Sports Complex at Ward-57,District Sports Complex,Mega Infrastructure,DIST-0428,ST-11,PC-0624,CONT-0050,AGENCY-0201,2022-08-07,2022-09-18,2023-10-23,WORK_IN_PROGRESS,20.98178,81.7916
MPLADS-003015,Solar Rooftop Panel at Ward-49,Solar Rooftop Panel,Renewable Energy,DIST-0069,ST-01,PC-0099,CONT-0102,AGENCY-0233,2023-05-15,2023-05-30,2023-07-29,WORK_IN_PROGRESS,28.69397,82.56521
MPLADS-003016,Farm Pond Renovation at Ward-47,Farm Pond Renovation,Irrigation & Agriculture,DIST-0274,ST-07,PC-0400,CONT-0098,AGENCY-0027,2022-03-18,2022-04-28,2022-10-05,WORK_IN_PROGRESS,27.52002,74.11925
MPLADS-003017,Culvert Bridge at Ward-13,Culvert Bridge,Roads & Bridges,DIST-0164,ST-04,PC-0232,CONT-0275,AGENCY-0757,2022-08-29,2022-09-13,2023-03-12,WORK_IN_PROGRESS,24.52081,86.25513
MPLADS-003018,Major River Overbridge at Ward-42,Major River Overbridge,Mega Infrastructure,DIST-0488,ST-14,PC-0712,CONT-0253,AGENCY-0281,2023-06-14,2023-07-20,2024-08-23,WORK_IN_PROGRESS,22.54502,86.40239
MPLADS-003019,Farm Pond Renovation at Ward-26,Farm Pond Renovation,Irrigation & Agriculture,DIST-0391,ST-10,PC-0565,CONT-0243,AGENCY-1154,2022-09-06,2022-09-23,2023-03-02,WORK_IN_PROGRESS,15.07647,83.25989
MPLADS-003020,Solar Street Lighting at Ward-44,Solar Street Lighting,Renewable Energy,DIST-0524,ST-15,PC-0769,CONT-0108,AGENCY-0128,2023-01-15,2023-03-06,2023-05-05,WORK_IN_PROGRESS,25.33218,91.95568
MPLADS-003021,Deep Tube Well at Ward-33,Deep Tube Well,Drinking Water,DIST-0303,ST-07,PC-0445,CONT-0146,AGENCY-0078,2022-09-24,2022-11-14,2023-02-12,WORK_IN_PROGRESS,26.78873,77.88786
MPLADS-003022,Paver Block Road at Ward-97,Paver Block Road,Roads & Bridges,DIST-0058,ST-01,PC-0085,CONT-0080,AGENCY-0006,2022-04-17,2022-05-18,2022-11-14,WORK_IN_PROGRESS,28.76369,77.08871
MPLADS-003023,Farm Pond Renovation at Ward-25,Farm Pond Renovation,Irrigation & Agriculture,DIST-0422,ST-11,PC-0616,CONT-0088,AGENCY-1238,2023-03-12,2023-03-30,2023-09-06,WORK_IN_PROGRESS,18.64276,84.69131
MPLADS-003024,Yatri Shed at Ward-68,Yatri Shed,Community Infrastructure,DIST-0413,ST-11,PC-0602,CONT-0062,AGENCY-0939,2023-01-24,2023-02-17,2023-06-17,WORK_IN_PROGRESS,18.78809,84.95593
MPLADS-003025,Solar Rooftop Panel at Ward-19,Solar Rooftop Panel,Renewable Energy,DIST-0431,ST-11,PC-0628,CONT-0181,AGENCY-0482,2022-09-26,2022-10-25,2022-12-24,WORK_IN_PROGRESS,20.89768,83.62691
MPLADS-003026,Public Toilet Complex at Ward-67,Public Toilet Complex,Community Infrastructure,DIST-0425,ST-11,PC-0620,CONT-0277,AGENCY-0334,2022-03-28,2022-05-19,2022-09-16,WORK_IN_PROGRESS,21.44681,84.91157
MPLADS-003027,District Sports Complex at Ward-01,District Sports Complex,Mega Infrastructure,DIST-0193,ST-05,PC-0276,CONT-0016,AGENCY-0748,2022-12-28,2023-01-15,2024-02-19,WORK_IN_PROGRESS,24.86878,78.86739
MPLADS-003028,Smart Classroom Lab at Ward-82,Smart Classroom Lab,Education Infrastructure,DIST-0532,ST-15,PC-0781,CONT-0300,AGENCY-0941,2022-02-02,2022-03-13,2022-08-10,WORK_IN_PROGRESS,24.23764,92.3736
MPLADS-003029,Paver Block Road at Ward-55,Paver Block Road,Roads & Bridges,DIST-0537,ST-15,PC-0789,CONT-0042,AGENCY-0671,2023-04-14,2023-05-27,2023-11-23,WORK_IN_PROGRESS,26.20726,94.18601
MPLADS-003030,Check Dam at Ward-08,Check Dam,Irrigation & Agriculture,DIST-0398,ST-10,PC-0578,CONT-0281,AGENCY-0364,2023-05-22,2023-07-14,2023-12-21,WORK_IN_PROGRESS,13.74918,84.28641
MPLADS-003031,Multi-Village Hospital Block at Ward-53,Multi-Village Hospital Block,Mega Infrastructure,DIST-0022,ST-01,PC-0033,CONT-0208,AGENCY-1154,2023-02-12,2023-03-16,2024-04-19,WORK_IN_PROGRESS,30.01419,78.85625
MPLADS-003032,Public Toilet Complex at Ward-55,Public Toilet Complex,Community Infrastructure,DIST-0586,ST-17,PC-0864,CONT-0077,AGENCY-0984,2022-08-15,2022-09-10,2023-01-08,WORK_IN_PROGRESS,19.87817,80.25676
MPLADS-003033,Crematorium Shed at Ward-58,Crematorium Shed,Community Infrastructure,DIST-0095,ST-02,PC-0137,CONT-0114,AGENCY-0383,2022-09-17,2022-10-11,2023-02-08,WORK_IN_PROGRESS,16.495,80.21663
MPLADS-003034,Primary Health Sub-Centre at Ward-97,Primary Health Sub-Centre,Public Health,DIST-0281,ST-07,PC-0412,CONT-0195,AGENCY-0850,2023-01-18,2023-03-17,2023-10-13,WORK_IN_PROGRESS,27.08816,71.27866
MPLADS-003035,Ambulance Vehicle at Ward-54,Ambulance Vehicle,Public Health,DIST-0502,ST-14,PC-0731,CONT-0306,AGENCY-0499,2023-02-21,2023-04-18,2023-11-14,WORK_IN_PROGRESS,24.70724,83.54454
MPLADS-003036,Check Dam at Ward-54,Check Dam,Irrigation & Agriculture,DIST-0601,ST-18,PC-0884,CONT-0230,AGENCY-0820,2022-12-23,2023-01-22,2023-07-01,WORK_IN_PROGRESS,28.6965,76.52946
MPLADS-003037,School Additional Classroom at Ward-53,School Additional Classroom,Education Infrastructure,DIST-0172,ST-04,PC-0244,CONT-0187,AGENCY-0617,2023-04-02,2023-05-13,2023-10-10,WORK_IN_PROGRESS,25.39519,85.77928
MPLADS-003038,Solar High-Mast Light at Ward-54,Solar High-Mast Light,Renewable Energy,DIST-0057,ST-01,PC-0084,CONT-0160,AGENCY-0553,2022-10-13,2022-12-07,2023-02-05,WORK_IN_PROGRESS,26.05289,83.314
MPLADS-003039,Lift Irrigation Scheme at Ward-02,Lift Irrigation Scheme,Irrigation & Agriculture,DIST-0222,ST-05,PC-0323,CONT-0072,AGENCY-0477,2022-03-20,2022-04-05,2022-09-12,WORK_IN_PROGRESS,24.83367,82.41252
MPLADS-003040,Culvert Bridge at Ward-22,Culvert Bridge,Roads & Bridges,DIST-0010,ST-01,PC-0014,CONT-0001,AGENCY-0033,2022-04-29,2022-06-25,2022-12-22,WORK_IN_PROGRESS,28.26854,80.01265
MPLADS-003041,Smart Classroom Lab at Ward-80,Smart Classroom Lab,Education Infrastructure,DIST-0493,ST-14,PC-0719,CONT-0063,AGENCY-0316,2022-05-18,2022-06-24,2022-11-21,WORK_IN_PROGRESS,23.77901,84.70698
MPLADS-003042,Yatri Shed at Ward-81,Yatri Shed,Community Infrastructure,DIST-0618,ST-18,PC-0911,CONT-0222,AGENCY-0755,2023-09-10,2023-11-04,2024-03-03,WORK_IN_PROGRESS,27.72638,75.47258
MPLADS-003043,Community Tank at Ward-54,Community Tank,Drinking Water,DIST-0024,ST-01,PC-0035,CONT-0284,AGENCY-0149,2023-03-14,2023-03-30,2023-06-28,WORK_IN_PROGRESS,28.42469,77.86378
MPLADS-003044,Ayurvedic Dispensary at Ward-38,Ayurvedic Dispensary,Public Health,DIST-0562,ST-16,PC-0826,CONT-0242,AGENCY-0304,2023-04-23,2023-06-04,2023-12-31,WORK_IN_PROGRESS,30.14942,76.44757
MPLADS-003045,Check Dam at Ward-67,Check Dam,Irrigation & Agriculture,DIST-0183,ST-05,PC-0258,CONT-0119,AGENCY-0188,2023-07-06,2023-08-03,2024-01-10,WORK_IN_PROGRESS,23.20089,78.01336
MPLADS-003046,Solar Street Lighting at Ward-34,Solar Street Lighting,Renewable Energy,DIST-0114,ST-03,PC-0164,CONT-0204,AGENCY-0969,2023-03-30,2023-04-14,2023-06-13,COMPLETED,24.661,85.24174
MPLADS-003047,Lift Irrigation Scheme at Ward-62,Lift Irrigation Scheme,Irrigation & Agriculture,DIST-0532,ST-15,PC-0781,CONT-0118,AGENCY-1036,2022-08-07,2022-09-25,2023-03-04,WORK_IN_PROGRESS,24.32702,92.33965
MPLADS-003048,Public Toilet Complex at Ward-66,Public Toilet Complex,Community Infrastructure,DIST-0607,ST-18,PC-0894,CONT-0292,AGENCY-0257,2022-08-31,2022-09-30,2023-01-28,WORK_IN_PROGRESS,30.16567,75.08205
MPLADS-003049,Solar Rooftop Panel at Ward-88,Solar Rooftop Panel,Renewable Energy,DIST-0511,ST-15,PC-0745,CONT-0095,AGENCY-0621,2023-03-31,2023-05-21,2023-07-20,WORK_IN_PROGRESS,27.09621,95.02227
MPLADS-003050,School Boundary Wall at Ward-51,School Boundary Wall,Education Infrastructure,DIST-0414,ST-11,PC-0604,CONT-0063,AGENCY-0204,2022-03-30,2022-05-15,2022-10-12,WORK_IN_PROGRESS,21.29359,87.52971
MPLADS-003051,Major River Overbridge at Ward-74,Major River Overbridge,Mega Infrastructure,DIST-0277,ST-07,PC-0406,CONT-0114,AGENCY-0937,2023-10-22,2023-12-17,2025-01-20,WORK_IN_PROGRESS,25.09454,70.43799
MPLADS-003052,RO Water Plant at Ward-04,RO Water Plant,Drinking Water,DIST-0548,ST-16,PC-0804,CONT-0227,AGENCY-1231,2023-07-10,2023-08-11,2023-11-09,WORK_IN_PROGRESS,32.28725,74.97158
MPLADS-003053,RO Water Plant at Ward-08,RO Water Plant,Drinking Water,DIST-0298,ST-07,PC-0436,CONT-0124,AGENCY-0195,2022-05-24,2022-06-29,2022-09-27,COMPLETED,27.53626,73.22835
MPLADS-003054,Deep Tube Well at Ward-13,Deep Tube Well,Drinking Water,DIST-0483,ST-14,PC-0705,CONT-0310,AGENCY-0434,2022-11-20,2023-01-07,2023-04-07,WORK_IN_PROGRESS,22.43285,87.30752
MPLADS-003055,Check Dam at Ward-70,Check Dam,Irrigation & Agriculture,DIST-0612,ST-18,PC-0900,CONT-0026,AGENCY-0322,2023-10-20,2023-12-15,2024-05-23,WORK_IN_PROGRESS,30.79935,75.42077
MPLADS-003056,School Boundary Wall at Ward-57,School Boundary Wall,Education Infrastructure,DIST-0070,ST-01,PC-0102,CONT-0005,AGENCY-1076,2023-03-07,2023-05-05,2023-10-02,WORK_IN_PROGRESS,26.7098,82.89411
MPLADS-003057,Maternity Ward Facility at Ward-92,Maternity Ward Facility,Public Health,DIST-0003,ST-01,PC-0005,CONT-0004,AGENCY-0376,2022-04-12,2022-06-02,2022-12-29,WORK_IN_PROGRESS,28.08599,82.75028
MPLADS-003058,Yatri Shed at Ward-90,Yatri Shed,Community Infrastructure,DIST-0456,ST-12,PC-0666,CONT-0135,AGENCY-0160,2022-06-07,2022-07-21,2022-11-18,WORK_IN_PROGRESS,15.75526,77.74395
MPLADS-003059,Community Hall at Ward-56,Community Hall,Community Infrastructure,DIST-0456,ST-12,PC-0666,CONT-0316,AGENCY-0264,2022-03-26,2022-05-08,2022-09-05,COMPLETED,15.82923,77.78273
MPLADS-003060,Bituminous Road at Ward-18,Bituminous Road,Roads & Bridges,DIST-0361,ST-09,PC-0523,CONT-0144,AGENCY-1005,2023-01-15,2023-02-22,2023-08-21,WORK_IN_PROGRESS,22.13946,70.89245
MPLADS-003061,Farm Pond Renovation at Ward-69,Farm Pond Renovation,Irrigation & Agriculture,DIST-0548,ST-16,PC-0804,CONT-0005,AGENCY-0343,2023-03-17,2023-04-27,2023-10-04,WORK_IN_PROGRESS,32.25674,74.99325
MPLADS-003062,Ambulance Vehicle at Ward-20,Ambulance Vehicle,Public Health,DIST-0323,ST-08,PC-0472,CONT-0024,AGENCY-1062,2023-03-03,2023-04-06,2023-11-02,WORK_IN_PROGRESS,15.79703,78.36846
MPLADS-003063,Primary Health Sub-Centre at Ward-56,Primary Health Sub-Centre,Public Health,DIST-0062,ST-01,PC-0090,CONT-0100,AGENCY-0876,2022-01-29,2022-03-12,2022-10-08,COMPLETED,25.18922,83.81266
MPLADS-003064,Crematorium Shed at Ward-37,Crematorium Shed,Community Infrastructure,DIST-0556,ST-16,PC-0816,CONT-0054,AGENCY-0654,2023-09-01,2023-09-27,2024-01-25,WORK_IN_PROGRESS,32.12343,75.94795
MPLADS-003065,Primary Health Sub-Centre at Ward-39,Primary Health Sub-Centre,Public Health,DIST-0506,ST-14,PC-0737,CONT-0126,AGENCY-0884,2023-11-11,2023-12-02,2024-06-29,WORK_IN_PROGRESS,22.32739,86.21267
MPLADS-003066,Community Tank at Ward-36,Community Tank,Drinking Water,DIST-0289,ST-07,PC-0424,CONT-0289,AGENCY-0668,2022-09-04,2022-10-17,2023-01-15,WORK_IN_PROGRESS,28.52047,77.10435
MPLADS-003067,Solar Street Lighting at Ward-56,Solar Street Lighting,Renewable Energy,DIST-0221,ST-05,PC-0322,CONT-0318,AGENCY-0224,2022-09-19,2022-11-10,2023-01-09,WORK_IN_PROGRESS,24.98733,75.8597
MPLADS-003068,CC Road Construction at Ward-41,CC Road Construction,Roads & Bridges,DIST-0101,ST-02,PC-0144,CONT-0160,AGENCY-0393,2023-06-05,2023-06-20,2023-12-17,DELAYED,18.57184,74.53686
MPLADS-003069,Culvert Bridge at Ward-72,Culvert Bridge,Roads & Bridges,DIST-0372,ST-09,PC-0538,CONT-0162,AGENCY-0170,2022-01-03,2022-01-30,2022-07-29,WORK_IN_PROGRESS,23.86448,71.23419
MPLADS-003070,Crematorium Shed at Ward-81,Crematorium Shed,Community Infrastructure,DIST-0345,ST-08,PC-0504,CONT-0290,AGENCY-1015,2023-11-03,2023-12-30,2024-04-28,WORK_IN_PROGRESS,17.68905,78.07027
MPLADS-003071,Culvert Bridge at Ward-70,Culvert Bridge,Roads & Bridges,DIST-0512,ST-15,PC-0747,CONT-0078,AGENCY-0426,2023-10-17,2023-12-02,2024-05-30,DELAYED,24.96622,92.65154
MPLADS-003072,Crematorium Shed at Ward-86,Crematorium Shed,Community Infrastructure,DIST-0462,ST-12,PC-0675,CONT-0175,AGENCY-0243,2023-05-27,2023-07-10,2023-11-07,WORK_IN_PROGRESS,17.05177,79.14182
MPLADS-003073,Library Room at Ward-54,Library Room,Education Infrastructure,DIST-0244,ST-06,PC-0354,CONT-0131,AGENCY-0546,2022-01-08,2022-02-28,2022-07-28,WORK_IN_PROGRESS,8.82616,78.33997
MPLADS-003074,Library Room at Ward-40,Library Room,Education Infrastructure,DIST-0169,ST-04,PC-0240,CONT-0178,AGENCY-0454,2022-07-30,2022-09-24,2023-02-21,DELAYED,25.53628,87.37785
MPLADS-003075,Paver Block Road at Ward-05,Paver Block Road,Roads & Bridges,DIST-0394,ST-10,PC-0570,CONT-0184,AGENCY-1209,2023-05-23,2023-07-17,2024-01-13,WORK_IN_PROGRESS,13.16533,77.7841
MPLADS-003076,Solar Street Lighting at Ward-58,Solar Street Lighting,Renewable Energy,DIST-0246,ST-06,PC-0357,CONT-0151,AGENCY-0026,2022-06-29,2022-08-27,2022-10-26,WORK_IN_PROGRESS,13.08196,80.05044
MPLADS-003077,RO Water Plant at Ward-14,RO Water Plant,Drinking Water,DIST-0283,ST-07,PC-0415,CONT-0213,AGENCY-1171,2022-09-12,2022-10-23,2023-01-21,WORK_IN_PROGRESS,27.26389,76.16476
MPLADS-003078,Solar High-Mast Light at Ward-91,Solar High-Mast Light,Renewable Energy,DIST-0274,ST-07,PC-0400,CONT-0298,AGENCY-0230,2023-06-18,2023-08-16,2023-10-15,WORK_IN_PROGRESS,27.51211,74.08141
MPLADS-003079,Yatri Shed at Ward-71,Yatri Shed,Community Infrastructure,DIST-0290,ST-07,PC-0425,CONT-0210,AGENCY-0050,2023-10-15,2023-12-04,2024-04-02,WORK_IN_PROGRESS,29.63614,73.03338
MPLADS-003080,Crematorium Shed at Ward-62,Crematorium Shed,Community Infrastructure,DIST-0079,ST-02,PC-0115,CONT-0204,AGENCY-0631,2023-03-17,2023-04-17,2023-08-15,WORK_IN_PROGRESS,20.59474,78.81369
MPLADS-003081,CC Road Construction at Ward-01,CC Road Construction,Roads & Bridges,DIST-0035,ST-01,PC-0051,CONT-0053,AGENCY-1215,2022-06-15,2022-07-29,2023-01-25,WORK_IN_PROGRESS,28.1082,79.01291
MPLADS-003082,Culvert Bridge at Ward-70,Culvert Bridge,Roads & Bridges,DIST-0138,ST-03,PC-0198,CONT-0216,AGENCY-0221,2022-07-03,2022-08-12,2023-02-08,WORK_IN_PROGRESS,25.10232,86.44829
MPLADS-003083,CC Road Construction at Ward-23,CC Road Construction,Roads & Bridges,DIST-0506,ST-14,PC-0738,CONT-0082,AGENCY-0680,2022-10-14,2022-11-22,2023-05-21,COMPLETED,22.27424,86.19771
MPLADS-003084,Smart Classroom Lab at Ward-64,Smart Classroom Lab,Education Infrastructure,DIST-0101,ST-02,PC-0145,CONT-0092,AGENCY-0395,2022-11-04,2022-12-21,2023-05-20,WORK_IN_PROGRESS,18.59427,74.59801
MPLADS-003085,Community Hall at Ward-75,Community Hall,Community Infrastructure,DIST-0233,ST-06,PC-0339,CONT-0255,AGENCY-0428,2023-06-30,2023-08-03,2023-12-01,WORK_IN_PROGRESS,9.46258,77.67079
MPLADS-003086,Lift Irrigation Scheme at Ward-78,Lift Irrigation Scheme,Irrigation & Agriculture,DIST-0451,ST-12,PC-0657,CONT-0089,AGENCY-1109,2023-10-05,2023-12-01,2024-05-09,WORK_IN_PROGRESS,16.02819,81.19386
MPLADS-003087,Solar Street Lighting at Ward-73,Solar Street Lighting,Renewable Energy,DIST-0542,ST-16,PC-0794,CONT-0295,AGENCY-0582,2023-10-11,2023-11-23,2024-01-22,WORK_IN_PROGRESS,31.81114,75.81803
MPLADS-003088,Community Hall at Ward-96,Community Hall,Community Infrastructure,DIST-0416,ST-11,PC-0608,CONT-0112,AGENCY-0823,2022-07-07,2022-08-17,2022-12-15,WORK_IN_PROGRESS,21.24959,87.086
MPLADS-003089,Major River Overbridge at Ward-44,Major River Overbridge,Mega Infrastructure,DIST-0390,ST-10,PC-0564,CONT-0025,AGENCY-0993,2023-02-05,2023-04-05,2024-05-09,WORK_IN_PROGRESS,17.28563,78.12766
MPLADS-003090,School Additional Classroom at Ward-94,School Additional Classroom,Education Infrastructure,DIST-0358,ST-09,PC-0519,CONT-0044,AGENCY-0785,2022-03-07,2022-04-03,2022-08-31,WORK_IN_PROGRESS,22.90806,74.0981
MPLADS-003091,School Additional Classroom at Ward-68,School Additional Classroom,Education Infrastructure,DIST-0587,ST-17,PC-0865,CONT-0278,AGENCY-0486,2022-05-02,2022-05-20,2022-10-17,WORK_IN_PROGRESS,22.83646,83.81447
MPLADS-003092,RO Water Plant at Ward-90,RO Water Plant,Drinking Water,DIST-0328,ST-08,PC-0479,CONT-0251,AGENCY-0197,2023-03-03,2023-04-24,2023-07-23,WORK_IN_PROGRESS,13.22698,74.12371
MPLADS-003093,Multi-Village Hospital Block at Ward-90,Multi-Village Hospital Block,Mega Infrastructure,DIST-0419,ST-11,PC-0612,CONT-0122,AGENCY-0656,2022-11-03,2022-12-15,2024-01-19,WORK_IN_PROGRESS,18.76818,83.20936
MPLADS-003094,Piped Water Network at Ward-82,Piped Water Network,Drinking Water,DIST-0077,ST-02,PC-0112,CONT-0084,AGENCY-0617,2022-05-15,2022-06-13,2022-09-11,WORK_IN_PROGRESS,21.69311,78.57128
MPLADS-003095,Paver Block Road at Ward-52,Paver Block Road,Roads & Bridges,DIST-0601,ST-18,PC-0884,CONT-0218,AGENCY-0576,2022-03-23,2022-05-10,2022-11-06,COMPLETED,28.56357,76.61655
MPLADS-003096,Major River Overbridge at Ward-92,Major River Overbridge,Mega Infrastructure,DIST-0305,ST-07,PC-0448,CONT-0005,AGENCY-0490,2022-09-30,2022-10-28,2023-12-02,WORK_IN_PROGRESS,25.22028,73.48622
MPLADS-003097,School Additional Classroom at Ward-29,School Additional Classroom,Education Infrastructure,DIST-0081,ST-02,PC-0119,CONT-0259,AGENCY-0136,2023-06-18,2023-08-02,2023-12-30,WORK_IN_PROGRESS,15.80636,74.5205
MPLADS-003098,CC Road Construction at Ward-13,CC Road Construction,Roads & Bridges,DIST-0592,ST-17,PC-0872,CONT-0170,AGENCY-1015,2022-04-06,2022-05-13,2022-11-09,WORK_IN_PROGRESS,23.42753,81.75795
MPLADS-003099,Culvert Bridge at Ward-64,Culvert Bridge,Roads & Bridges,DIST-0339,ST-08,PC-0495,CONT-0320,AGENCY-0076,2023-05-12,2023-06-23,2023-12-20,COMPLETED,16.42593,76.72495
MPLADS-003100,Paver Block Road at Ward-81,Paver Block Road,Roads & Bridges,DIST-0434,ST-11,PC-0633,CONT-0062,AGENCY-0970,2022-11-02,2022-12-03,2023-06-01,WORK_IN_PROGRESS,18.7927,82.42817
MPLADS-003101,Solar High-Mast Light at Ward-97,Solar High-Mast Light,Renewable Energy,DIST-0470,ST-13,PC-0686,CONT-0134,AGENCY-0848,2023-10-07,2023-11-19,2024-01-18,COMPLETED,10.622,75.46689
MPLADS-003102,Lift Irrigation Scheme at Ward-11,Lift Irrigation Scheme,Irrigation & Agriculture,DIST-0515,ST-15,PC-0752,CONT-0125,AGENCY-1044,2022-03-16,2022-05-03,2022-10-10,WORK_IN_PROGRESS,25.83343,92.82271
MPLADS-003103,Bituminous Road at Ward-59,Bituminous Road,Roads & Bridges,DIST-0542,ST-16,PC-0794,CONT-0131,AGENCY-0913,2023-07-31,2023-09-06,2024-03-04,WORK_IN_PROGRESS,31.86051,75.87654
MPLADS-003104,Piped Water Network at Ward-34,Piped Water Network,Drinking Water,DIST-0309,ST-07,PC-0455,CONT-0103,AGENCY-1055,2022-05-26,2022-07-13,2022-10-11,WORK_IN_PROGRESS,28.73208,76.98257
MPLADS-003105,Maternity Ward Facility at Ward-61,Maternity Ward Facility,Public Health,DIST-0488,ST-14,PC-0712,CONT-0037,AGENCY-1166,2022-09-05,2022-10-08,2023-05-06,WORK_IN_PROGRESS,22.53862,86.45092
MPLADS-003106,Farm Pond Renovation at Ward-85,Farm Pond Renovation,Irrigation & Agriculture,DIST-0149,ST-03,PC-0211,CONT-0104,AGENCY-0196,2022-12-20,2023-02-07,2023-07-17,WORK_IN_PROGRESS,26.20923,84.37761
MPLADS-003107,Solar Rooftop Panel at Ward-17,Solar Rooftop Panel,Renewable Energy,DIST-0592,ST-17,PC-0872,CONT-0026,AGENCY-0037,2023-01-09,2023-02-14,2023-04-15,WORK_IN_PROGRESS,23.5297,81.82972
MPLADS-003108,Multi-Village Hospital Block at Ward-30,Multi-Village Hospital Block,Mega Infrastructure,DIST-0447,ST-12,PC-0651,CONT-0307,AGENCY-1130,2022-01-24,2022-03-16,2023-04-20,DELAYED,17.7254,77.87499
MPLADS-003109,Maternity Ward Facility at Ward-40,Maternity Ward Facility,Public Health,DIST-0101,ST-02,PC-0145,CONT-0114,AGENCY-0342,2022-05-19,2022-06-21,2023-01-17,WORK_IN_PROGRESS,18.57445,74.522
MPLADS-003110,Library Room at Ward-30,Library Room,Education Infrastructure,DIST-0545,ST-16,PC-0799,CONT-0065,AGENCY-0143,2022-08-27,2022-09-21,2023-02-18,WORK_IN_PROGRESS,30.25378,74.55182
MPLADS-003111,Deep Tube Well at Ward-52,Deep Tube Well,Drinking Water,DIST-0139,ST-03,PC-0199,CONT-0185,AGENCY-0710,2023-08-29,2023-10-02,2023-12-31,WORK_IN_PROGRESS,27.11213,84.66442
MPLADS-003112,Solar Rooftop Panel at Ward-27,Solar Rooftop Panel,Renewable Energy,DIST-0046,ST-01,PC-0067,CONT-0219,AGENCY-0043,2022-03-11,2022-04-26,2022-06-25,WORK_IN_PROGRESS,25.90559,83.3232
MPLADS-003113,Smart Classroom Lab at Ward-39,Smart Classroom Lab,Education Infrastructure,DIST-0050,ST-01,PC-0073,CONT-0006,AGENCY-0341,2022-10-29,2022-12-12,2023-05-11,WORK_IN_PROGRESS,28.80405,78.37753
MPLADS-003114,Multi-Village Hospital Block at Ward-12,Multi-Village Hospital Block,Mega Infrastructure,DIST-0404,ST-10,PC-0588,CONT-0024,AGENCY-0311,2023-03-30,2023-04-25,2024-05-29,COMPLETED,14.53469,84.26125
MPLADS-003115,Farm Pond Renovation at Ward-52,Farm Pond Renovation,Irrigation & Agriculture,DIST-0113,ST-03,PC-0162,CONT-0042,AGENCY-0827,2023-11-01,2023-12-29,2024-06-06,DELAYED,26.74611,85.36657
MPLADS-003116,RO Water Plant at Ward-90,RO Water Plant,Drinking Water,DIST-0067,ST-01,PC-0096,CONT-0057,AGENCY-1028,2023-10-15,2023-11-06,2024-02-04,COMPLETED,28.18629,84.3407
MPLADS-003117,Lift Irrigation Scheme at Ward-43,Lift Irrigation Scheme,Irrigation & Agriculture,DIST-0127,ST-03,PC-0183,CONT-0135,AGENCY-0589,2022-10-13,2022-11-08,2023-04-17,WORK_IN_PROGRESS,27.36258,84.56063
MPLADS-003118,District Sports Complex at Ward-20,District Sports Complex,Mega Infrastructure,DIST-0049,ST-01,PC-0071,CONT-0249,AGENCY-0491,2022-09-22,2022-10-26,2023-11-30,WORK_IN_PROGRESS,28.53346,83.31639
MPLADS-003119,CC Road Construction at Ward-62,CC Road Construction,Roads & Bridges,DIST-0332,ST-08,PC-0484,CONT-0310,AGENCY-1211,2022-02-17,2022-03-04,2022-08-31,WORK_IN_PROGRESS,17.94252,76.23575
MPLADS-003120,Ambulance Vehicle at Ward-77,Ambulance Vehicle,Public Health,DIST-0189,ST-05,PC-0269,CONT-0099,AGENCY-0098,2022-07-03,2022-07-28,2023-02-23,WORK_IN_PROGRESS,21.61985,76.02725
MPLADS-003121,Crematorium Shed at Ward-26,Crematorium Shed,Community Infrastructure,DIST-0260,ST-06,PC-0379,CONT-0135,AGENCY-0460,2022-08-08,2022-09-11,2023-01-09,WORK_IN_PROGRESS,11.14571,78.16864
MPLADS-003122,Maternity Ward Facility at Ward-86,Maternity Ward Facility,Public Health,DIST-0617,ST-18,PC-0908,CONT-0217,AGENCY-1085,2022-10-09,2022-12-07,2023-07-05,COMPLETED,29.46685,76.30629
MPLADS-003123,Major River Overbridge at Ward-90,Major River Overbridge,Mega Infrastructure,DIST-0092,ST-02,PC-0134,CONT-0150,AGENCY-0261,2022-10-16,2022-11-17,2023-12-22,WORK_IN_PROGRESS,19.81239,79.13513
MPLADS-003124,RO Water Plant at Ward-80,RO Water Plant,Drinking Water,DIST-0077,ST-02,PC-0112,CONT-0281,AGENCY-0478,2023-05-01,2023-05-24,2023-08-22,WORK_IN_PROGRESS,21.77968,78.46121
MPLADS-003125,Community Tank at Ward-80,Community Tank,Drinking Water,DIST-0583,ST-17,PC-0860,CONT-0111,AGENCY-0349,2023-06-25,2023-08-13,2023-11-11,WORK_IN_PROGRESS,18.13224,81.95797
MPLADS-003126,Solar High-Mast Light at Ward-76,Solar High-Mast Light,Renewable Energy,DIST-0278,ST-07,PC-0407,CONT-0166,AGENCY-0339,2022-05-12,2022-06-15,2022-08-14,WORK_IN_PROGRESS,26.13532,69.9039
MPLADS-003127,Solar Rooftop Panel at Ward-95,Solar Rooftop Panel,Renewable Energy,DIST-0316,ST-08,PC-0463,CONT-0253,AGENCY-1220,2023-09-24,2023-10-10,2023-12-09,WORK_IN_PROGRESS,14.75693,77.69789
MPLADS-003128,Smart Classroom Lab at Ward-42,Smart Classroom Lab,Education Infrastructure,DIST-0396,ST-10,PC-0574,CONT-0186,AGENCY-0849,2022-04-09,2022-05-08,2022-10-05,WORK_IN_PROGRESS,14.57381,80.24854
MPLADS-003129,Ayurvedic Dispensary at Ward-58,Ayurvedic Dispensary,Public Health,DIST-0281,ST-07,PC-0412,CONT-0098,AGENCY-0172,2023-11-21,2024-01-06,2024-08-03,WORK_IN_PROGRESS,27.06584,71.25922
MPLADS-003130,Piped Water Network at Ward-91,Piped Water Network,Drinking Water,DIST-0612,ST-18,PC-0900,CONT-0246,AGENCY-1153,2023-05-29,2023-07-01,2023-09-29,WORK_IN_PROGRESS,30.82163,75.43204
MPLADS-003131,Solar Street Lighting at Ward-39,Solar Street Lighting,Renewable Energy,DIST-0613,ST-18,PC-0902,CONT-0313,AGENCY-0793,2023-09-27,2023-11-01,2023-12-31,WORK_IN_PROGRESS,28.72737,75.06515
MPLADS-003132,Multi-Village Hospital Block at Ward-72,Multi-Village Hospital Block,Mega Infrastructure,DIST-0124,ST-03,PC-0180,CONT-0317,AGENCY-0067,2023-08-23,2023-10-04,2024-11-07,WORK_IN_PROGRESS,25.03865,83.81437
MPLADS-003133,Deep Tube Well at Ward-44,Deep Tube Well,Drinking Water,DIST-0266,ST-07,PC-0387,CONT-0116,AGENCY-1109,2023-03-17,2023-04-18,2023-07-17,WORK_IN_PROGRESS,25.09262,70.83454
MPLADS-003134,Crematorium Shed at Ward-34,Crematorium Shed,Community Infrastructure,DIST-0305,ST-07,PC-0448,CONT-0143,AGENCY-0093,2022-06-08,2022-06-29,2022-10-27,WORK_IN_PROGRESS,25.34031,73.44347
MPLADS-003135,School Boundary Wall at Ward-51,School Boundary Wall,Education Infrastructure,DIST-0229,ST-06,PC-0334,CONT-0018,AGENCY-0621,2022-10-23,2022-12-02,2023-05-01,WORK_IN_PROGRESS,13.40719,76.13642
MPLADS-003136,Ambulance Vehicle at Ward-39,Ambulance Vehicle,Public Health,DIST-0607,ST-18,PC-0894,CONT-0202,AGENCY-1203,2022-11-15,2023-01-07,2023-08-05,WORK_IN_PROGRESS,30.10519,75.06363
MPLADS-003137,Crematorium Shed at Ward-75,Crematorium Shed,Community Infrastructure,DIST-0258,ST-06,PC-0377,CONT-0104,AGENCY-0072,2023-11-05,2023-12-27,2024-04-25,WORK_IN_PROGRESS,13.48183,76.31811
MPLADS-003138,Community Tank at Ward-09,Community Tank,Drinking Water,DIST-0085,ST-02,PC-0125,CONT-0111,AGENCY-0270,2022-02-17,2022-03-14,2022-06-12,WORK_IN_PROGRESS,16.40608,72.80993
MPLADS-003139,Farm Pond Renovation at Ward-57,Farm Pond Renovation,Irrigation & Agriculture,DIST-0491,ST-14,PC-0716,CONT-0101,AGENCY-0145,2022-12-10,2023-01-27,2023-07-06,WORK_IN_PROGRESS,24.6313,83.6111
MPLADS-003140,Farm Pond Renovation at Ward-62,Farm Pond Renovation,Irrigation & Agriculture,DIST-0322,ST-08,PC-0471,CONT-0044,AGENCY-0744,2023-01-06,2023-03-05,2023-08-12,WORK_IN_PROGRESS,13.00115,74.03413
MPLADS-003141,Solar Street Lighting at Ward-04,Solar Street Lighting,Renewable Energy,DIST-0506,ST-14,PC-0738,CONT-0083,AGENCY-0286,2023-04-03,2023-04-29,2023-06-28,WORK_IN_PROGRESS,22.27665,86.24216
MPLADS-003142,District Sports Complex at Ward-44,District Sports Complex,Mega Infrastructure,DIST-0179,ST-05,PC-0251,CONT-0300,AGENCY-0713,2022-05-08,2022-06-15,2023-07-20,WORK_IN_PROGRESS,26.1735,77.41118
MPLADS-003143,Maternity Ward Facility at Ward-85,Maternity Ward Facility,Public Health,DIST-0314,ST-07,PC-0461,CONT-0221,AGENCY-0910,2023-03-16,2023-05-03,2023-11-29,WORK_IN_PROGRESS,27.17809,71.82207
MPLADS-003144,Farm Pond Renovation at Ward-24,Farm Pond Renovation,Irrigation & Agriculture,DIST-0189,ST-05,PC-0268,CONT-0194,AGENCY-0333,2022-07-17,2022-08-25,2023-02-01,WORK_IN_PROGRESS,21.67321,76.02278
MPLADS-003145,Deep Tube Well at Ward-62,Deep Tube Well,Drinking Water,DIST-0536,ST-15,PC-0786,CONT-0179,AGENCY-0052,2022-12-22,2023-01-06,2023-04-06,WORK_IN_PROGRESS,26.12714,93.89158
MPLADS-003146,Crematorium Shed at Ward-44,Crematorium Shed,Community Infrastructure,DIST-0108,ST-02,PC-0153,CONT-0280,AGENCY-0869,2022-09-09,2022-11-03,2023-03-03,WORK_IN_PROGRESS,16.3553,73.44667
MPLADS-003147,Ayurvedic Dispensary at Ward-51,Ayurvedic Dispensary,Public Health,DIST-0600,ST-18,PC-0883,CONT-0017,AGENCY-0443,2022-04-06,2022-05-26,2022-12-22,WORK_IN_PROGRESS,30.82415,76.11875
MPLADS-003148,Farm Pond Renovation at Ward-17,Farm Pond Renovation,Irrigation & Agriculture,DIST-0587,ST-17,PC-0866,CONT-0100,AGENCY-0098,2023-09-26,2023-10-27,2024-04-04,WORK_IN_PROGRESS,22.90193,83.90486
MPLADS-003149,Public Toilet Complex at Ward-07,Public Toilet Complex,Community Infrastructure,DIST-0076,ST-02,PC-0109,CONT-0045,AGENCY-1045,2023-08-24,2023-10-04,2024-02-01,WORK_IN_PROGRESS,16.31251,75.49542
MPLADS-003150,Solar High-Mast Light at Ward-65,Solar High-Mast Light,Renewable Energy,DIST-0331,ST-08,PC-0483,CONT-0306,AGENCY-1182,2023-01-30,2023-03-25,2023-05-24,WORK_IN_PROGRESS,13.28227,76.46109
MPLADS-003151,Community Tank at Ward-30,Community Tank,Drinking Water,DIST-0070,ST-01,PC-0101,CONT-0303,AGENCY-0987,2023-02-22,2023-03-18,2023-06-16,COMPLETED,26.66939,82.88499
MPLADS-003152,Piped Water Network at Ward-83,Piped Water Network,Drinking Water,DIST-0169,ST-04,PC-0240,CONT-0269,AGENCY-0240,2022-01-18,2022-02-19,2022-05-20,WORK_IN_PROGRESS,25.58806,87.3255
MPLADS-003153,Public Toilet Complex at Ward-26,Public Toilet Complex,Community Infrastructure,DIST-0252,ST-06,PC-0367,CONT-0160,AGENCY-0447,2023-02-08,2023-03-15,2023-07-13,COMPLETED,10.84961,80.14948
MPLADS-003154,Multi-Village Hospital Block at Ward-75,Multi-Village Hospital Block,Mega Infrastructure,DIST-0190,ST-05,PC-0270,CONT-0303,AGENCY-0801,2023-07-01,2023-07-26,2024-08-29,WORK_IN_PROGRESS,24.66518,78.46172
MPLADS-003155,Library Room at Ward-13,Library Room,Education Infrastructure,DIST-0156,ST-04,PC-0219,CONT-0079,AGENCY-0162,2023-11-29,2023-12-25,2024-05-23,COMPLETED,26.41026,85.64359
MPLADS-003156,CC Road Construction at Ward-69,CC Road Construction,Roads & Bridges,DIST-0461,ST-12,PC-0674,CONT-0207,AGENCY-0565,2022-05-24,2022-07-05,2023-01-01,WORK_IN_PROGRESS,17.56065,77.06792
MPLADS-003157,Culvert Bridge at Ward-27,Culvert Bridge,Roads & Bridges,DIST-0272,ST-07,PC-0396,CONT-0011,AGENCY-0624,2023-04-18,2023-06-08,2023-12-05,WORK_IN_PROGRESS,29.7639,74.56971
MPLADS-003158,RO Water Plant at Ward-79,RO Water Plant,Drinking Water,DIST-0087,ST-02,PC-0127,CONT-0121,AGENCY-0770,2023-09-17,2023-10-11,2024-01-09,WORK_IN_PROGRESS,20.48695,79.40181
MPLADS-003159,Smart Classroom Lab at Ward-46,Smart Classroom Lab,Education Infrastructure,DIST-0552,ST-16,PC-0812,CONT-0079,AGENCY-1233,2022-10-23,2022-11-29,2023-04-28,WORK_IN_PROGRESS,32.1518,74.35603
MPLADS-003160,Multi-Village Hospital Block at Ward-73,Multi-Village Hospital Block,Mega Infrastructure,DIST-0541,ST-15,PC-0793,CONT-0194,AGENCY-0721,2022-10-21,2022-12-11,2024-01-15,WORK_IN_PROGRESS,24.28006,95.72655
MPLADS-003161,Solar Street Lighting at Ward-50,Solar Street Lighting,Renewable Energy,DIST-0455,ST-12,PC-0664,CONT-0068,AGENCY-0154,2022-09-06,2022-09-27,2022-11-26,WORK_IN_PROGRESS,17.30758,78.63581
MPLADS-003162,Piped Water Network at Ward-17,Piped Water Network,Drinking Water,DIST-0596,ST-17,PC-0877,CONT-0219,AGENCY-0799,2022-04-06,2022-05-31,2022-08-29,WORK_IN_PROGRESS,21.78922,82.88533
MPLADS-003163,CC Road Construction at Ward-05,CC Road Construction,Roads & Bridges,DIST-0612,ST-18,PC-0900,CONT-0228,AGENCY-0465,2022-07-31,2022-08-15,2023-02-11,WORK_IN_PROGRESS,30.87841,75.49252
MPLADS-003164,Check Dam at Ward-73,Check Dam,Irrigation & Agriculture,DIST-0447,ST-12,PC-0650,CONT-0136,AGENCY-0294,2022-09-23,2022-10-12,2023-03-21,WORK_IN_PROGRESS,17.63168,77.89211
MPLADS-003165,Farm Pond Renovation at Ward-72,Farm Pond Renovation,Irrigation & Agriculture,DIST-0405,ST-10,PC-0589,CONT-0177,AGENCY-0885,2022-01-25,2022-02-11,2022-07-21,WORK_IN_PROGRESS,16.91054,81.72099
MPLADS-003166,Smart Classroom Lab at Ward-21,Smart Classroom Lab,Education Infrastructure,DIST-0549,ST-16,PC-0806,CONT-0011,AGENCY-1110,2023-08-18,2023-09-08,2024-02-05,WORK_IN_PROGRESS,31.59937,74.48126
MPLADS-003167,Culvert Bridge at Ward-66,Culvert Bridge,Roads & Bridges,DIST-0565,ST-17,PC-0830,CONT-0090,AGENCY-0433,2023-09-21,2023-10-22,2024-04-19,WORK_IN_PROGRESS,20.40586,82.32796
MPLADS-003168,Solar High-Mast Light at Ward-96,Solar High-Mast Light,Renewable Energy,DIST-0031,ST-01,PC-0045,CONT-0135,AGENCY-0200,2023-07-02,2023-07-17,2023-09-15,WORK_IN_PROGRESS,24.39335,78.36192
MPLADS-003169,CC Road Construction at Ward-47,CC Road Construction,Roads & Bridges,DIST-0298,ST-07,PC-0436,CONT-0187,AGENCY-0472,2022-04-11,2022-05-28,2022-11-24,COMPLETED,27.46478,73.31791
MPLADS-003170,Check Dam at Ward-27,Check Dam,Irrigation & Agriculture,DIST-0573,ST-17,PC-0845,CONT-0279,AGENCY-0483,2022-10-11,2022-11-03,2023-04-12,WORK_IN_PROGRESS,20.69606,84.04079
MPLADS-003171,Lift Irrigation Scheme at Ward-61,Lift Irrigation Scheme,Irrigation & Agriculture,DIST-0066,ST-01,PC-0095,CONT-0062,AGENCY-0770,2023-08-24,2023-09-29,2024-03-07,WORK_IN_PROGRESS,24.15544,84.01147
MPLADS-003172,Solar Rooftop Panel at Ward-69,Solar Rooftop Panel,Renewable Energy,DIST-0465,ST-12,PC-0679,CONT-0036,AGENCY-0118,2022-04-21,2022-06-17,2022-08-16,WORK_IN_PROGRESS,17.36613,81.40104
MPLADS-003173,Solar Street Lighting at Ward-13,Solar Street Lighting,Renewable Energy,DIST-0362,ST-09,PC-0524,CONT-0307,AGENCY-0364,2023-01-05,2023-03-03,2023-05-02,WORK_IN_PROGRESS,21.60192,70.05226
MPLADS-003174,Culvert Bridge at Ward-62,Culvert Bridge,Roads & Bridges,DIST-0379,ST-09,PC-0548,CONT-0245,AGENCY-1013,2022-01-29,2022-03-10,2022-09-06,WORK_IN_PROGRESS,21.26562,68.83067
MPLADS-003175,Crematorium Shed at Ward-39,Crematorium Shed,Community Infrastructure,DIST-0486,ST-14,PC-0710,CONT-0304,AGENCY-1194,2023-06-13,2023-07-04,2023-11-01,WORK_IN_PROGRESS,23.12966,85.50574
MPLADS-003176,Solar Rooftop Panel at Ward-86,Solar Rooftop Panel,Renewable Energy,DIST-0153,ST-04,PC-0216,CONT-0026,AGENCY-0852,2022-01-14,2022-02-06,2022-04-07,WORK_IN_PROGRESS,24.88886,85.71412
MPLADS-003177,CC Road Construction at Ward-88,CC Road Construction,Roads & Bridges,DIST-0197,ST-05,PC-0283,CONT-0174,AGENCY-0225,2022-07-07,2022-08-04,2023-01-31,WORK_IN_PROGRESS,26.09446,76.84044
MPLADS-003178,Farm Pond Renovation at Ward-55,Farm Pond Renovation,Irrigation & Agriculture,DIST-0462,ST-12,PC-0676,CONT-0107,AGENCY-1078,2022-02-27,2022-04-06,2022-09-13,WORK_IN_PROGRESS,16.96801,79.18765
MPLADS-003179,Ambulance Vehicle at Ward-24,Ambulance Vehicle,Public Health,DIST-0527,ST-15,PC-0774,CONT-0235,AGENCY-0186,2022-04-07,2022-06-05,2023-01-01,WORK_IN_PROGRESS,25.56861,91.56356
MPLADS-003180,Solar Rooftop Panel at Ward-49,Solar Rooftop Panel,Renewable Energy,DIST-0261,ST-06,PC-0381,CONT-0245,AGENCY-0936,2022-12-04,2023-01-13,2023-03-14,COMPLETED,12.7637,77.61934
MPLADS-003181,Community Tank at Ward-82,Community Tank,Drinking Water,DIST-0228,ST-06,PC-0332,CONT-0151,AGENCY-0907,2022-07-14,2022-08-13,2022-11-11,WORK_IN_PROGRESS,12.37265,78.92335
MPLADS-003182,CC Road Construction at Ward-69,CC Road Construction,Roads & Bridges,DIST-0197,ST-05,PC-0283,CONT-0294,AGENCY-0363,2022-10-18,2022-11-15,2023-05-14,COMPLETED,26.12978,76.8451
MPLADS-003183,Public Toilet Complex at Ward-94,Public Toilet Complex,Community Infrastructure,DIST-0228,ST-06,PC-0333,CONT-0212,AGENCY-0726,2022-08-22,2022-09-23,2023-01-21,COMPLETED,12.2941,78.86638
MPLADS-003184,Community Tank at Ward-85,Community Tank,Drinking Water,DIST-0293,ST-07,PC-0429,CONT-0190,AGENCY-0509,2023-09-06,2023-10-19,2024-01-17,WORK_IN_PROGRESS,27.29154,73.03711
MPLADS-003185,Lift Irrigation Scheme at Ward-17,Lift Irrigation Scheme,Irrigation & Agriculture,DIST-0137,ST-03,PC-0197,CONT-0267,AGENCY-1218,2022-05-10,2022-05-31,2022-11-07,WORK_IN_PROGRESS,26.45164,83.87819
MPLADS-003186,Solar Rooftop Panel at Ward-66,Solar Rooftop Panel,Renewable Energy,DIST-0157,ST-04,PC-0222,CONT-0217,AGENCY-0836,2022-02-22,2022-04-10,2022-06-09,WORK_IN_PROGRESS,26.47924,87.77124
MPLADS-003187,Multi-Village Hospital Block at Ward-34,Multi-Village Hospital Block,Mega Infrastructure,DIST-0372,ST-09,PC-0538,CONT-0018,AGENCY-0520,2023-06-02,2023-07-12,2024-08-15,WORK_IN_PROGRESS,23.8219,71.27904
MPLADS-003188,Bituminous Road at Ward-20,Bituminous Road,Roads & Bridges,DIST-0077,ST-02,PC-0112,CONT-0239,AGENCY-0178,2022-04-19,2022-05-26,2022-11-22,WORK_IN_PROGRESS,21.77007,78.45268
MPLADS-003189,Culvert Bridge at Ward-39,Culvert Bridge,Roads & Bridges,DIST-0332,ST-08,PC-0485,CONT-0273,AGENCY-0507,2023-09-07,2023-10-12,2024-04-09,WORK_IN_PROGRESS,18.08732,76.32321
MPLADS-003190,Smart Classroom Lab at Ward-45,Smart Classroom Lab,Education Infrastructure,DIST-0234,ST-06,PC-0340,CONT-0021,AGENCY-0262,2023-03-05,2023-04-01,2023-08-29,WORK_IN_PROGRESS,12.93169,77.53768
MPLADS-003191,CC Road Construction at Ward-11,CC Road Construction,Roads & Bridges,DIST-0064,ST-01,PC-0093,CONT-0028,AGENCY-1030,2022-07-07,2022-08-26,2023-02-22,WORK_IN_PROGRESS,26.25707,83.30025
MPLADS-003192,Smart Classroom Lab at Ward-31,Smart Classroom Lab,Education Infrastructure,DIST-0562,ST-16,PC-0826,CONT-0162,AGENCY-0429,2022-08-26,2022-10-02,2023-03-01,WORK_IN_PROGRESS,30.13446,76.42778
MPLADS-003193,Community Hall at Ward-61,Community Hall,Community Infrastructure,DIST-0317,ST-08,PC-0464,CONT-0171,AGENCY-1145,2022-11-01,2022-12-26,2023-04-25,WORK_IN_PROGRESS,16.97951,75.95984
MPLADS-003194,Paver Block Road at Ward-17,Paver Block Road,Roads & Bridges,DIST-0187,ST-05,PC-0264,CONT-0015,AGENCY-0875,2022-07-23,2022-08-18,2023-02-14,WORK_IN_PROGRESS,25.68655,81.25159
MPLADS-003195,Yatri Shed at Ward-35,Yatri Shed,Community Infrastructure,DIST-0103,ST-02,PC-0147,CONT-0106,AGENCY-0648,2023-03-16,2023-05-07,2023-09-04,WORK_IN_PROGRESS,17.43053,76.94114
MPLADS-003196,RO Water Plant at Ward-39,RO Water Plant,Drinking Water,DIST-0508,ST-15,PC-0740,CONT-0150,AGENCY-0314,2023-02-13,2023-03-28,2023-06-26,WORK_IN_PROGRESS,24.96695,94.31829
MPLADS-003197,Solar High-Mast Light at Ward-03,Solar High-Mast Light,Renewable Energy,DIST-0003,ST-01,PC-0005,CONT-0031,AGENCY-0185,2023-04-06,2023-04-26,2023-06-25,WORK_IN_PROGRESS,28.16544,82.65447
MPLADS-003198,Crematorium Shed at Ward-43,Crematorium Shed,Community Infrastructure,DIST-0324,ST-08,PC-0473,CONT-0248,AGENCY-0737,2023-06-14,2023-07-18,2023-11-15,WORK_IN_PROGRESS,12.4863,78.4116
MPLADS-003199,Farm Pond Renovation at Ward-56,Farm Pond Renovation,Irrigation & Agriculture,DIST-0207,ST-05,PC-0300,CONT-0083,AGENCY-0846,2022-03-24,2022-04-24,2022-10-01,COMPLETED,25.95414,78.17216
MPLADS-003200,Multi-Village Hospital Block at Ward-82,Multi-Village Hospital Block,Mega Infrastructure,DIST-0587,ST-17,PC-0866,CONT-0285,AGENCY-0792,2022-01-04,2022-02-04,2023-03-11,DELAYED,22.88516,83.79426
MPLADS-003201,School Additional Classroom at Ward-73,School Additional Classroom,Education Infrastructure,DIST-0168,ST-04,PC-0239,CONT-0005,AGENCY-0982,2022-05-26,2022-06-20,2022-11-17,WORK_IN_PROGRESS,24.91366,86.89453
MPLADS-003202,School Boundary Wall at Ward-71,School Boundary Wall,Education Infrastructure,DIST-0489,ST-14,PC-0713,CONT-0258,AGENCY-0399,2023-08-13,2023-09-05,2024-02-02,WORK_IN_PROGRESS,23.65989,86.87182
MPLADS-003203,Major River Overbridge at Ward-71,Major River Overbridge,Mega Infrastructure,DIST-0216,ST-05,PC-0314,CONT-0250,AGENCY-0018,2022-09-11,2022-10-20,2023-11-24,WORK_IN_PROGRESS,25.48114,80.12224
MPLADS-003204,CC Road Construction at Ward-76,CC Road Construction,Roads & Bridges,DIST-0221,ST-05,PC-0322,CONT-0069,AGENCY-1108,2022-08-10,2022-08-26,2023-02-22,COMPLETED,24.96795,75.86898
MPLADS-003205,School Boundary Wall at Ward-64,School Boundary Wall,Education Infrastructure,DIST-0339,ST-08,PC-0495,CONT-0216,AGENCY-0236,2023-07-16,2023-08-24,2024-01-21,WORK_IN_PROGRESS,16.46138,76.84695
MPLADS-003206,Lift Irrigation Scheme at Ward-54,Lift Irrigation Scheme,Irrigation & Agriculture,DIST-0506,ST-14,PC-0738,CONT-0021,AGENCY-1078,2022-10-01,2022-11-06,2023-04-15,WORK_IN_PROGRESS,22.29204,86.17758
MPLADS-003207,School Boundary Wall at Ward-80,School Boundary Wall,Education Infrastructure,DIST-0543,ST-16,PC-0797,CONT-0116,AGENCY-0652,2023-08-31,2023-09-28,2024-02-25,WORK_IN_PROGRESS,31.66402,75.51346
MPLADS-003208,School Additional Classroom at Ward-85,School Additional Classroom,Education Infrastructure,DIST-0447,ST-12,PC-0651,CONT-0021,AGENCY-1196,2022-11-04,2022-12-21,2023-05-20,COMPLETED,17.60244,77.81775
MPLADS-003209,Public Toilet Complex at Ward-22,Public Toilet Complex,Community Infrastructure,DIST-0122,ST-03,PC-0178,CONT-0071,AGENCY-0807,2023-01-19,2023-03-04,2023-07-02,WORK_IN_PROGRESS,25.43677,84.26156
MPLADS-003210,School Boundary Wall at Ward-86,School Boundary Wall,Education Infrastructure,DIST-0492,ST-14,PC-0718,CONT-0070,AGENCY-0610,2022-11-28,2022-12-31,2023-05-30,WORK_IN_PROGRESS,23.34167,83.65207
MPLADS-003211,Piped Water Network at Ward-33,Piped Water Network,Drinking Water,DIST-0125,ST-03,PC-0181,CONT-0235,AGENCY-0275,2023-10-19,2023-12-09,2024-03-08,COMPLETED,26.94934,84.3654
MPLADS-003212,Piped Water Network at Ward-54,Piped Water Network,Drinking Water,DIST-0460,ST-12,PC-0673,CONT-0196,AGENCY-0911,2023-07-10,2023-08-20,2023-11-18,WORK_IN_PROGRESS,16.17898,79.39598
MPLADS-003213,Crematorium Shed at Ward-37,Crematorium Shed,Community Infrastructure,DIST-0216,ST-05,PC-0315,CONT-0230,AGENCY-0879,2023-06-01,2023-06-18,2023-10-16,DELAYED,25.41819,79.97517
MPLADS-003214,Smart Classroom Lab at Ward-10,Smart Classroom Lab,Education Infrastructure,DIST-0057,ST-01,PC-0084,CONT-0082,AGENCY-0589,2023-04-04,2023-05-28,2023-10-25,WORK_IN_PROGRESS,25.98322,83.33258
MPLADS-003215,Multi-Village Hospital Block at Ward-84,Multi-Village Hospital Block,Mega Infrastructure,DIST-0056,ST-01,PC-0083,CONT-0022,AGENCY-0877,2023-11-11,2023-11-29,2025-01-02,DELAYED,26.3672,80.77472
MPLADS-003216,Community Hall at Ward-84,Community Hall,Community Infrastructure,DIST-0030,ST-01,PC-0043,CONT-0268,AGENCY-0649,2022-03-04,2022-03-30,2022-07-28,WORK_IN_PROGRESS,29.31611,79.36589
MPLADS-003217,Library Room at Ward-17,Library Room,Education Infrastructure,DIST-0614,ST-18,PC-0903,CONT-0188,AGENCY-1225,2023-05-29,2023-06-18,2023-11-15,DELAYED,27.88057,77.49863
MPLADS-003218,Check Dam at Ward-29,Check Dam,Irrigation & Agriculture,DIST-0162,ST-04,PC-0228,CONT-0037,AGENCY-0481,2023-03-22,2023-04-22,2023-09-29,WORK_IN_PROGRESS,22.3792,85.80364
MPLADS-003219,District Sports Complex at Ward-71,District Sports Complex,Mega Infrastructure,DIST-0193,ST-05,PC-0277,CONT-0078,AGENCY-0886,2023-07-28,2023-09-07,2024-10-11,WORK_IN_PROGRESS,24.87637,78.74305
MPLADS-003220,School Boundary Wall at Ward-51,School Boundary Wall,Education Infrastructure,DIST-0091,ST-02,PC-0132,CONT-0206,AGENCY-0082,2023-11-01,2023-12-03,2024-05-01,WORK_IN_PROGRESS,19.23346,73.44288
MPLADS-003221,Yatri Shed at Ward-97,Yatri Shed,Community Infrastructure,DIST-0285,ST-07,PC-0417,CONT-0235,AGENCY-1075,2023-01-16,2023-03-06,2023-07-04,WORK_IN_PROGRESS,29.66696,71.9797
MPLADS-003222,Multi-Village Hospital Block at Ward-02,Multi-Village Hospital Block,Mega Infrastructure,DIST-0250,ST-06,PC-0364,CONT-0032,AGENCY-0631,2022-12-03,2023-01-11,2024-02-15,WORK_IN_PROGRESS,10.06497,78.38861
MPLADS-003223,Crematorium Shed at Ward-93,Crematorium Shed,Community Infrastructure,DIST-0123,ST-03,PC-0179,CONT-0272,AGENCY-0813,2023-01-03,2023-02-26,2023-06-26,WORK_IN_PROGRESS,24.50245,84.60294
MPLADS-003224,RO Water Plant at Ward-10,RO Water Plant,Drinking Water,DIST-0098,ST-02,PC-0141,CONT-0234,AGENCY-0100,2022-01-23,2022-03-19,2022-06-17,WORK_IN_PROGRESS,20.15809,79.67468
MPLADS-003225,Solar Rooftop Panel at Ward-27,Solar Rooftop Panel,Renewable Energy,DIST-0521,ST-15,PC-0762,CONT-0123,AGENCY-0066,2023-09-15,2023-10-05,2023-12-04,WORK_IN_PROGRESS,25.13273,93.75033
MPLADS-003226,Farm Pond Renovation at Ward-97,Farm Pond Renovation,Irrigation & Agriculture,DIST-0072,ST-01,PC-0105,CONT-0046,AGENCY-0925,2022-04-14,2022-05-04,2022-10-11,WORK_IN_PROGRESS,25.57882,81.61537
MPLADS-003227,Check Dam at Ward-75,Check Dam,Irrigation & Agriculture,DIST-0082,ST-02,PC-0121,CONT-0025,AGENCY-1147,2023-01-20,2023-02-20,2023-07-30,WORK_IN_PROGRESS,20.1002,74.18259
MPLADS-003228,Library Room at Ward-85,Library Room,Education Infrastructure,DIST-0315,ST-07,PC-0462,CONT-0121,AGENCY-0229,2023-02-18,2023-04-14,2023-09-11,COMPLETED,29.76496,77.78437
MPLADS-003229,CC Road Construction at Ward-70,CC Road Construction,Roads & Bridges,DIST-0122,ST-03,PC-0178,CONT-0050,AGENCY-1079,2022-04-18,2022-05-09,2022-11-05,WORK_IN_PROGRESS,25.3228,84.23131
MPLADS-003230,Farm Pond Renovation at Ward-40,Farm Pond Renovation,Irrigation & Agriculture,DIST-0192,ST-05,PC-0275,CONT-0095,AGENCY-0608,2023-06-18,2023-07-27,2024-01-03,COMPLETED,25.78796,76.57266
MPLADS-003231,Culvert Bridge at Ward-68,Culvert Bridge,Roads & Bridges,DIST-0619,ST-18,PC-0913,CONT-0260,AGENCY-0556,2023-06-07,2023-07-04,2023-12-31,WORK_IN_PROGRESS,30.80774,75.59747
MPLADS-003232,Farm Pond Renovation at Ward-56,Farm Pond Renovation,Irrigation & Agriculture,DIST-0431,ST-11,PC-0628,CONT-0174,AGENCY-0366,2023-07-15,2023-08-29,2024-02-05,WORK_IN_PROGRESS,20.95294,83.55314
MPLADS-003233,School Boundary Wall at Ward-31,School Boundary Wall,Education Infrastructure,DIST-0437,ST-12,PC-0638,CONT-0287,AGENCY-0784,2022-04-04,2022-05-01,2022-09-28,WORK_IN_PROGRESS,17.67942,80.02687
MPLADS-003234,Library Room at Ward-56,Library Room,Education Infrastructure,DIST-0562,ST-16,PC-0826,CONT-0120,AGENCY-0988,2022-07-02,2022-08-27,2023-01-24,COMPLETED,30.19242,76.46691
MPLADS-003235,Primary Health Sub-Centre at Ward-26,Primary Health Sub-Centre,Public Health,DIST-0502,ST-14,PC-0731,CONT-0311,AGENCY-1117,2022-07-24,2022-09-10,2023-04-08,WORK_IN_PROGRESS,24.67402,83.52112
MPLADS-003236,Lift Irrigation Scheme at Ward-45,Lift Irrigation Scheme,Irrigation & Agriculture,DIST-0429,ST-11,PC-0626,CONT-0140,AGENCY-1079,2023-02-05,2023-02-22,2023-08-01,WORK_IN_PROGRESS,22.29847,84.55419
MPLADS-003237,Piped Water Network at Ward-42,Piped Water Network,Drinking Water,DIST-0146,ST-03,PC-0208,CONT-0296,AGENCY-0275,2022-10-23,2022-11-23,2023-02-21,WORK_IN_PROGRESS,26.77173,84.26138
MPLADS-003238,Yatri Shed at Ward-17,Yatri Shed,Community Infrastructure,DIST-0048,ST-01,PC-0070,CONT-0295,AGENCY-0357,2022-11-11,2023-01-05,2023-05-05,WORK_IN_PROGRESS,27.91627,83.03249
MPLADS-003239,Solar Rooftop Panel at Ward-28,Solar Rooftop Panel,Renewable Energy,DIST-0447,ST-12,PC-0650,CONT-0014,AGENCY-0968,2022-03-11,2022-03-26,2022-05-25,WORK_IN_PROGRESS,17.71741,77.82928
MPLADS-003240,Smart Classroom Lab at Ward-70,Smart Classroom Lab,Education Infrastructure,DIST-0354,ST-09,PC-0514,CONT-0149,AGENCY-0468,2023-05-27,2023-07-25,2023-12-22,WORK_IN_PROGRESS,20.35911,71.96798
MPLADS-003241,Paver Block Road at Ward-41,Paver Block Road,Roads & Bridges,DIST-0075,ST-01,PC-0108,CONT-0189,AGENCY-0964,2023-11-13,2023-12-10,2024-06-07,WORK_IN_PROGRESS,26.66215,78.02421
MPLADS-003242,CC Road Construction at Ward-78,CC Road Construction,Roads & Bridges,DIST-0043,ST-01,PC-0063,CONT-0146,AGENCY-0252,2023-06-14,2023-07-11,2024-01-07,DELAYED,28.76929,81.128
MPLADS-003243,RO Water Plant at Ward-09,RO Water Plant,Drinking Water,DIST-0456,ST-12,PC-0666,CONT-0030,AGENCY-0052,2022-06-14,2022-07-15,2022-10-13,WORK_IN_PROGRESS,15.78859,77.72655
MPLADS-003244,Deep Tube Well at Ward-57,Deep Tube Well,Drinking Water,DIST-0065,ST-01,PC-0094,CONT-0129,AGENCY-0915,2023-04-22,2023-05-11,2023-08-09,WORK_IN_PROGRESS,29.59475,79.51987
MPLADS-003245,Crematorium Shed at Ward-40,Crematorium Shed,Community Infrastructure,DIST-0175,ST-05,PC-0247,CONT-0145,AGENCY-0996,2023-10-21,2023-12-08,2024-04-06,WORK_IN_PROGRESS,24.50435,81.40016
MPLADS-003246,CC Road Construction at Ward-10,CC Road Construction,Roads & Bridges,DIST-0381,ST-10,PC-0551,CONT-0212,AGENCY-0811,2023-08-28,2023-10-17,2024-04-14,WORK_IN_PROGRESS,14.05629,80.5395
MPLADS-003247,Farm Pond Renovation at Ward-77,Farm Pond Renovation,Irrigation & Agriculture,DIST-0400,ST-10,PC-0580,CONT-0196,AGENCY-0023,2023-07-30,2023-08-15,2024-01-22,WORK_IN_PROGRESS,17.62315,79.674
MPLADS-003248,Primary Health Sub-Centre at Ward-40,Primary Health Sub-Centre,Public Health,DIST-0572,ST-17,PC-0844,CONT-0059,AGENCY-0860,2023-10-31,2023-12-28,2024-07-25,DELAYED,22.92539,82.84055
MPLADS-003249,Bituminous Road at Ward-15,Bituminous Road,Roads & Bridges,DIST-0530,ST-15,PC-0779,CONT-0043,AGENCY-0859,2023-07-24,2023-08-10,2024-02-06,WORK_IN_PROGRESS,27.93456,89.92772
MPLADS-003250,Ayurvedic Dispensary at Ward-95,Ayurvedic Dispensary,Public Health,DIST-0527,ST-15,PC-0773,CONT-0064,AGENCY-0256,2023-06-07,2023-07-29,2024-02-24,WORK_IN_PROGRESS,25.57806,91.51425
MPLADS-003251,Primary Health Sub-Centre at Ward-10,Primary Health Sub-Centre,Public Health,DIST-0582,ST-17,PC-0859,CONT-0225,AGENCY-1109,2023-08-15,2023-09-28,2024-04-25,WORK_IN_PROGRESS,19.03329,83.6223
MPLADS-003252,District Sports Complex at Ward-17,District Sports Complex,Mega Infrastructure,DIST-0613,ST-18,PC-0902,CONT-0007,AGENCY-0137,2023-11-23,2024-01-12,2025-02-15,COMPLETED,28.75034,74.94914
MPLADS-003253,Ayurvedic Dispensary at Ward-28,Ayurvedic Dispensary,Public Health,DIST-0225,ST-05,PC-0329,CONT-0252,AGENCY-0996,2023-08-17,2023-10-15,2024-05-12,WORK_IN_PROGRESS,23.23761,78.39482
MPLADS-003254,Solar High-Mast Light at Ward-10,Solar High-Mast Light,Renewable Energy,DIST-0294,ST-07,PC-0430,CONT-0001,AGENCY-0365,2023-11-08,2023-12-29,2024-02-27,WORK_IN_PROGRESS,26.87507,73.0632
MPLADS-003255,Farm Pond Renovation at Ward-51,Farm Pond Renovation,Irrigation & Agriculture,DIST-0246,ST-06,PC-0357,CONT-0044,AGENCY-0889,2022-02-16,2022-04-14,2022-09-21,WORK_IN_PROGRESS,13.20744,79.97201
MPLADS-003256,RO Water Plant at Ward-09,RO Water Plant,Drinking Water,DIST-0505,ST-14,PC-0736,CONT-0161,AGENCY-0723,2022-12-30,2023-01-28,2023-04-28,WORK_IN_PROGRESS,23.87418,86.38798
MPLADS-003257,Yatri Shed at Ward-04,Yatri Shed,Community Infrastructure,DIST-0395,ST-10,PC-0571,CONT-0244,AGENCY-0218,2023-02-25,2023-04-21,2023-08-19,WORK_IN_PROGRESS,17.07434,82.81738
MPLADS-003258,Farm Pond Renovation at Ward-64,Farm Pond Renovation,Irrigation & Agriculture,DIST-0043,ST-01,PC-0063,CONT-0131,AGENCY-1155,2022-12-26,2023-01-29,2023-07-08,WORK_IN_PROGRESS,28.69481,81.16577
MPLADS-003259,Maternity Ward Facility at Ward-65,Maternity Ward Facility,Public Health,DIST-0112,ST-03,PC-0161,CONT-0081,AGENCY-0280,2022-11-16,2022-12-05,2023-07-03,WORK_IN_PROGRESS,24.73943,85.34296
MPLADS-003260,Community Tank at Ward-05,Community Tank,Drinking Water,DIST-0171,ST-04,PC-0243,CONT-0185,AGENCY-0201,2022-10-18,2022-12-03,2023-03-03,WORK_IN_PROGRESS,25.40373,86.27638
MPLADS-003261,Primary Health Sub-Centre at Ward-38,Primary Health Sub-Centre,Public Health,DIST-0034,ST-01,PC-0049,CONT-0151,AGENCY-0098,2022-12-08,2023-01-01,2023-07-30,COMPLETED,29.11401,81.76336
MPLADS-003262,Maternity Ward Facility at Ward-87,Maternity Ward Facility,Public Health,DIST-0601,ST-18,PC-0884,CONT-0241,AGENCY-1185,2022-06-26,2022-08-24,2023-03-22,WORK_IN_PROGRESS,28.65377,76.57642
MPLADS-003263,Yatri Shed at Ward-37,Yatri Shed,Community Infrastructure,DIST-0196,ST-05,PC-0282,CONT-0117,AGENCY-0309,2022-12-21,2023-02-08,2023-06-08,WORK_IN_PROGRESS,24.48209,75.66586
MPLADS-003264,School Boundary Wall at Ward-71,School Boundary Wall,Education Infrastructure,DIST-0544,ST-16,PC-0798,CONT-0302,AGENCY-0263,2023-04-02,2023-05-04,2023-10-01,WORK_IN_PROGRESS,31.29651,74.62267
MPLADS-003265,Check Dam at Ward-52,Check Dam,Irrigation & Agriculture,DIST-0047,ST-01,PC-0069,CONT-0014,AGENCY-0780,2022-10-18,2022-12-02,2023-05-11,WORK_IN_PROGRESS,25.49958,78.10774
MPLADS-003266,Major River Overbridge at Ward-65,Major River Overbridge,Mega Infrastructure,DIST-0450,ST-12,PC-0655,CONT-0215,AGENCY-0258,2023-09-27,2023-10-29,2024-12-02,WORK_IN_PROGRESS,18.08861,79.43743
MPLADS-003267,RO Water Plant at Ward-14,RO Water Plant,Drinking Water,DIST-0602,ST-18,PC-0886,CONT-0121,AGENCY-0397,2022-04-21,2022-05-18,2022-08-16,WORK_IN_PROGRESS,28.67749,75.01639
MPLADS-003268,Major River Overbridge at Ward-04,Major River Overbridge,Mega Infrastructure,DIST-0175,ST-05,PC-0247,CONT-0083,AGENCY-0247,2023-07-08,2023-08-12,2024-09-15,COMPLETED,24.58774,81.37332
MPLADS-003269,Crematorium Shed at Ward-46,Crematorium Shed,Community Infrastructure,DIST-0071,ST-01,PC-0103,CONT-0107,AGENCY-1036,2023-08-29,2023-10-10,2024-02-07,WORK_IN_PROGRESS,24.37546,77.74345
MPLADS-003270,Bituminous Road at Ward-86,Bituminous Road,Roads & Bridges,DIST-0265,ST-06,PC-0386,CONT-0013,AGENCY-0622,2023-04-07,2023-04-26,2023-10-23,COMPLETED,9.74898,77.14889
MPLADS-003271,Farm Pond Renovation at Ward-06,Farm Pond Renovation,Irrigation & Agriculture,DIST-0494,ST-14,PC-0721,CONT-0178,AGENCY-0841,2023-12-01,2024-01-29,2024-07-07,WORK_IN_PROGRESS,22.02697,84.73417
MPLADS-003272,Yatri Shed at Ward-23,Yatri Shed,Community Infrastructure,DIST-0015,ST-01,PC-0021,CONT-0316,AGENCY-1109,2023-05-03,2023-05-30,2023-09-27,WORK_IN_PROGRESS,27.24411,79.41552
MPLADS-003273,Major River Overbridge at Ward-92,Major River Overbridge,Mega Infrastructure,DIST-0378,ST-09,PC-0547,CONT-0157,AGENCY-0804,2022-01-21,2022-02-19,2023-03-26,WORK_IN_PROGRESS,23.95923,73.94453
MPLADS-003274,Major River Overbridge at Ward-48,Major River Overbridge,Mega Infrastructure,DIST-0179,ST-05,PC-0252,CONT-0311,AGENCY-1200,2022-03-09,2022-03-30,2023-05-04,DELAYED,26.29869,77.47673
MPLADS-003275,Paver Block Road at Ward-95,Paver Block Road,Roads & Bridges,DIST-0091,ST-02,PC-0132,CONT-0086,AGENCY-0685,2023-08-12,2023-09-04,2024-03-02,WORK_IN_PROGRESS,19.27258,73.5071
MPLADS-003276,Community Hall at Ward-82,Community Hall,Community Infrastructure,DIST-0119,ST-03,PC-0172,CONT-0221,AGENCY-0367,2023-11-07,2023-12-22,2024-04-20,WORK_IN_PROGRESS,26.45283,84.53214
MPLADS-003277,RO Water Plant at Ward-49,RO Water Plant,Drinking Water,DIST-0535,ST-15,PC-0784,CONT-0018,AGENCY-1068,2023-09-28,2023-11-16,2024-02-14,COMPLETED,25.76272,90.86798
MPLADS-003278,Smart Classroom Lab at Ward-26,Smart Classroom Lab,Education Infrastructure,DIST-0396,ST-10,PC-0574,CONT-0312,AGENCY-0030,2023-11-12,2023-12-09,2024-05-07,COMPLETED,14.61082,80.31243
MPLADS-003279,Solar Street Lighting at Ward-76,Solar Street Lighting,Renewable Energy,DIST-0560,ST-16,PC-0823,CONT-0035,AGENCY-0951,2022-02-08,2022-03-27,2022-05-26,COMPLETED,30.41138,75.62806
MPLADS-003280,Community Hall at Ward-59,Community Hall,Community Infrastructure,DIST-0221,ST-05,PC-0322,CONT-0037,AGENCY-0221,2022-05-25,2022-06-25,2022-10-23,WORK_IN_PROGRESS,25.09893,75.86885
MPLADS-003281,Community Hall at Ward-42,Community Hall,Community Infrastructure,DIST-0159,ST-04,PC-0224,CONT-0307,AGENCY-0143,2023-01-12,2023-02-08,2023-06-08,WORK_IN_PROGRESS,25.88494,87.70693
MPLADS-003282,Bituminous Road at Ward-91,Bituminous Road,Roads & Bridges,DIST-0098,ST-02,PC-0140,CONT-0258,AGENCY-0836,2022-05-01,2022-05-16,2022-11-12,WORK_IN_PROGRESS,20.12491,79.67637
MPLADS-003283,Solar Rooftop Panel at Ward-83,Solar Rooftop Panel,Renewable Energy,DIST-0004,ST-01,PC-0006,CONT-0292,AGENCY-0752,2023-09-01,2023-10-28,2023-12-27,WORK_IN_PROGRESS,24.93276,82.15839
MPLADS-003284,Ayurvedic Dispensary at Ward-93,Ayurvedic Dispensary,Public Health,DIST-0264,ST-06,PC-0385,CONT-0279,AGENCY-0891,2022-01-18,2022-02-17,2022-09-15,WORK_IN_PROGRESS,11.61539,79.00411
MPLADS-003285,Paver Block Road at Ward-10,Paver Block Road,Roads & Bridges,DIST-0079,ST-02,PC-0115,CONT-0317,AGENCY-1006,2022-07-04,2022-08-07,2023-02-03,WORK_IN_PROGRESS,20.69423,78.7437
MPLADS-003286,Solar High-Mast Light at Ward-40,Solar High-Mast Light,Renewable Energy,DIST-0117,ST-03,PC-0170,CONT-0217,AGENCY-1055,2023-11-09,2023-12-03,2024-02-01,WORK_IN_PROGRESS,25.49684,84.00949
MPLADS-003287,Solar Street Lighting at Ward-67,Solar Street Lighting,Renewable Energy,DIST-0184,ST-05,PC-0260,CONT-0260,AGENCY-0030,2023-08-16,2023-09-01,2023-10-31,COMPLETED,25.03238,80.41879
MPLADS-003288,Public Toilet Complex at Ward-18,Public Toilet Complex,Community Infrastructure,DIST-0450,ST-12,PC-0656,CONT-0101,AGENCY-0645,2023-09-24,2023-11-02,2024-03-01,COMPLETED,18.04256,79.42376
MPLADS-003289,Yatri Shed at Ward-88,Yatri Shed,Community Infrastructure,DIST-0193,ST-05,PC-0276,CONT-0029,AGENCY-1008,2022-02-16,2022-03-21,2022-07-19,COMPLETED,24.85562,78.82044
MPLADS-003290,Community Hall at Ward-42,Community Hall,Community Infrastructure,DIST-0493,ST-14,PC-0719,CONT-0253,AGENCY-0586,2022-03-16,2022-04-24,2022-08-22,WORK_IN_PROGRESS,23.77102,84.74838
MPLADS-003291,Major River Overbridge at Ward-78,Major River Overbridge,Mega Infrastructure,DIST-0095,ST-02,PC-0137,CONT-0267,AGENCY-0748,2023-10-04,2023-10-19,2024-11-22,WORK_IN_PROGRESS,16.4354,80.12063
MPLADS-003292,School Boundary Wall at Ward-72,School Boundary Wall,Education Infrastructure,DIST-0534,ST-15,PC-0783,CONT-0043,AGENCY-0356,2023-03-26,2023-04-11,2023-09-08,WORK_IN_PROGRESS,25.14639,95.73943
MPLADS-003293,Solar Rooftop Panel at Ward-90,Solar Rooftop Panel,Renewable Energy,DIST-0510,ST-15,PC-0743,CONT-0245,AGENCY-0682,2022-10-27,2022-12-01,2023-01-30,WORK_IN_PROGRESS,24.6606,91.83632
MPLADS-003294,Bituminous Road at Ward-17,Bituminous Road,Roads & Bridges,DIST-0098,ST-02,PC-0140,CONT-0116,AGENCY-0032,2022-09-11,2022-10-13,2023-04-11,WORK_IN_PROGRESS,20.25538,79.63528
MPLADS-003295,Deep Tube Well at Ward-30,Deep Tube Well,Drinking Water,DIST-0372,ST-09,PC-0539,CONT-0112,AGENCY-0786,2023-11-13,2024-01-01,2024-03-31,COMPLETED,23.83886,71.30199
MPLADS-003296,Deep Tube Well at Ward-54,Deep Tube Well,Drinking Water,DIST-0531,ST-15,PC-0780,CONT-0132,AGENCY-0373,2022-09-10,2022-10-26,2023-01-24,COMPLETED,26.64474,93.25028
MPLADS-003297,Check Dam at Ward-82,Check Dam,Irrigation & Agriculture,DIST-0073,ST-01,PC-0106,CONT-0261,AGENCY-0867,2023-02-14,2023-03-03,2023-08-10,WORK_IN_PROGRESS,28.41854,78.72969
MPLADS-003298,Check Dam at Ward-93,Check Dam,Irrigation & Agriculture,DIST-0512,ST-15,PC-0746,CONT-0292,AGENCY-0696,2023-08-13,2023-10-03,2024-03-11,WORK_IN_PROGRESS,24.93749,92.6565
MPLADS-003299,Solar Rooftop Panel at Ward-56,Solar Rooftop Panel,Renewable Energy,DIST-0596,ST-17,PC-0877,CONT-0033,AGENCY-0493,2022-11-14,2022-11-30,2023-01-29,WORK_IN_PROGRESS,21.83524,82.85933
MPLADS-003300,School Boundary Wall at Ward-12,School Boundary Wall,Education Infrastructure,DIST-0466,ST-12,PC-0681,CONT-0082,AGENCY-0987,2022-09-24,2022-10-26,2023-03-25,WORK_IN_PROGRESS,18.18476,81.05715
MPLADS-003301,Multi-Village Hospital Block at Ward-21,Multi-Village Hospital Block,Mega Infrastructure,DIST-0278,ST-07,PC-0407,CONT-0294,AGENCY-1057,2022-01-15,2022-03-01,2023-04-05,WORK_IN_PROGRESS,26.1229,70.00826
MPLADS-003302,Yatri Shed at Ward-06,Yatri Shed,Community Infrastructure,DIST-0278,ST-07,PC-0407,CONT-0145,AGENCY-0482,2022-05-09,2022-06-14,2022-10-12,WORK_IN_PROGRESS,26.13063,69.95363
MPLADS-003303,RO Water Plant at Ward-32,RO Water Plant,Drinking Water,DIST-0564,ST-16,PC-0829,CONT-0117,AGENCY-1147,2023-11-10,2023-12-30,2024-03-29,WORK_IN_PROGRESS,32.20781,75.2211
MPLADS-003304,Bituminous Road at Ward-27,Bituminous Road,Roads & Bridges,DIST-0327,ST-08,PC-0477,CONT-0212,AGENCY-1045,2022-03-15,2022-04-07,2022-10-04,WORK_IN_PROGRESS,14.03505,77.10306
MPLADS-003305,Multi-Village Hospital Block at Ward-75,Multi-Village Hospital Block,Mega Infrastructure,DIST-0289,ST-07,PC-0424,CONT-0224,AGENCY-0176,2022-09-22,2022-11-11,2023-12-16,WORK_IN_PROGRESS,28.46917,77.13056
MPLADS-003306,Smart Classroom Lab at Ward-84,Smart Classroom Lab,Education Infrastructure,DIST-0129,ST-03,PC-0186,CONT-0110,AGENCY-0568,2022-08-06,2022-09-16,2023-02-13,WORK_IN_PROGRESS,24.76448,83.76289
MPLADS-003307,CC Road Construction at Ward-05,CC Road Construction,Roads & Bridges,DIST-0379,ST-09,PC-0549,CONT-0298,AGENCY-0804,2023-10-06,2023-11-06,2024-05-04,WORK_IN_PROGRESS,21.25589,68.90831
MPLADS-003308,District Sports Complex at Ward-06,District Sports Complex,Mega Infrastructure,DIST-0241,ST-06,PC-0350,CONT-0200,AGENCY-0173,2022-06-06,2022-08-01,2023-09-05,COMPLETED,8.53439,77.20893
MPLADS-003309,Maternity Ward Facility at Ward-28,Maternity Ward Facility,Public Health,DIST-0271,ST-07,PC-0394,CONT-0155,AGENCY-0140,2022-12-11,2023-01-26,2023-08-24,WORK_IN_PROGRESS,28.29395,70.09535
MPLADS-003310,Major River Overbridge at Ward-04,Major River Overbridge,Mega Infrastructure,DIST-0289,ST-07,PC-0424,CONT-0225,AGENCY-0418,2022-06-19,2022-07-27,2023-08-31,WORK_IN_PROGRESS,28.46619,77.07863
MPLADS-003311,Maternity Ward Facility at Ward-67,Maternity Ward Facility,Public Health,DIST-0104,ST-02,PC-0148,CONT-0051,AGENCY-0822,2022-06-21,2022-08-17,2023-03-15,DELAYED,20.97508,77.10916
MPLADS-003312,Lift Irrigation Scheme at Ward-96,Lift Irrigation Scheme,Irrigation & Agriculture,DIST-0468,ST-12,PC-0684,CONT-0266,AGENCY-0493,2023-10-26,2023-12-05,2024-05-13,WORK_IN_PROGRESS,18.9778,77.73343
MPLADS-003313,Solar High-Mast Light at Ward-75,Solar High-Mast Light,Renewable Energy,DIST-0193,ST-05,PC-0277,CONT-0225,AGENCY-0103,2022-01-26,2022-02-23,2022-04-24,WORK_IN_PROGRESS,24.89976,78.86386
MPLADS-003314,Ayurvedic Dispensary at Ward-33,Ayurvedic Dispensary,Public Health,DIST-0474,ST-13,PC-0690,CONT-0176,AGENCY-0502,2023-02-07,2023-03-15,2023-10-11,COMPLETED,8.93658,76.98428
MPLADS-003315,Public Toilet Complex at Ward-14,Public Toilet Complex,Community Infrastructure,DIST-0437,ST-12,PC-0638,CONT-0139,AGENCY-0549,2022-12-20,2023-02-03,2023-06-03,DELAYED,17.75619,79.90559
MPLADS-003316,Ambulance Vehicle at Ward-44,Ambulance Vehicle,Public Health,DIST-0238,ST-06,PC-0346,CONT-0172,AGENCY-0957,2023-06-02,2023-07-13,2024-02-08,WORK_IN_PROGRESS,9.05503,79.42326
MPLADS-003317,Public Toilet Complex at Ward-90,Public Toilet Complex,Community Infrastructure,DIST-0524,ST-15,PC-0768,CONT-0184,AGENCY-0314,2022-04-08,2022-05-07,2022-09-04,COMPLETED,25.42144,91.86449
MPLADS-003318,Lift Irrigation Scheme at Ward-05,Lift Irrigation Scheme,Irrigation & Agriculture,DIST-0422,ST-11,PC-0616,CONT-0316,AGENCY-1182,2022-09-08,2022-10-04,2023-03-13,WORK_IN_PROGRESS,18.63961,84.69319
MPLADS-003319,Check Dam at Ward-71,Check Dam,Irrigation & Agriculture,DIST-0203,ST-05,PC-0293,CONT-0273,AGENCY-0981,2023-02-15,2023-03-19,2023-08-26,WORK_IN_PROGRESS,22.37791,81.1162
MPLADS-003320,Solar High-Mast Light at Ward-72,Solar High-Mast Light,Renewable Energy,DIST-0516,ST-15,PC-0755,CONT-0175,AGENCY-0647,2023-11-07,2024-01-05,2024-03-05,WORK_IN_PROGRESS,24.71404,91.27747
MPLADS-003321,Library Room at Ward-04,Library Room,Education Infrastructure,DIST-0184,ST-05,PC-0260,CONT-0281,AGENCY-0014,2023-01-11,2023-01-26,2023-06-25,COMPLETED,25.06525,80.33989
MPLADS-003322,Community Hall at Ward-16,Community Hall,Community Infrastructure,DIST-0382,ST-10,PC-0552,CONT-0203,AGENCY-0232,2022-03-14,2022-04-08,2022-08-06,WORK_IN_PROGRESS,16.5808,82.84464
MPLADS-003323,Ayurvedic Dispensary at Ward-64,Ayurvedic Dispensary,Public Health,DIST-0449,ST-12,PC-0653,CONT-0284,AGENCY-0600,2023-07-31,2023-08-17,2024-03-14,WORK_IN_PROGRESS,16.68405,81.00161
MPLADS-003324,Community Hall at Ward-32,Community Hall,Community Infrastructure,DIST-0587,ST-17,PC-0865,CONT-0053,AGENCY-1149,2022-02-20,2022-04-19,2022-08-17,WORK_IN_PROGRESS,22.87451,83.91125
MPLADS-003325,Solar Street Lighting at Ward-49,Solar Street Lighting,Renewable Energy,DIST-0023,ST-01,PC-0034,CONT-0088,AGENCY-0528,2023-02-26,2023-03-29,2023-05-28,WORK_IN_PROGRESS,25.34629,79.25761
MPLADS-003326,Culvert Bridge at Ward-81,Culvert Bridge,Roads & Bridges,DIST-0529,ST-15,PC-0777,CONT-0063,AGENCY-0218,2023-06-24,2023-08-17,2024-02-13,WORK_IN_PROGRESS,27.53814,90.21782
MPLADS-003327,Solar Street Lighting at Ward-69,Solar Street Lighting,Renewable Energy,DIST-0059,ST-01,PC-0087,CONT-0116,AGENCY-0216,2022-11-26,2022-12-16,2023-02-14,WORK_IN_PROGRESS,26.4466,84.11785
MPLADS-003328,Community Tank at Ward-65,Community Tank,Drinking Water,DIST-0072,ST-01,PC-0104,CONT-0204,AGENCY-0985,2023-06-14,2023-07-02,2023-09-30,WORK_IN_PROGRESS,25.50231,81.68748
MPLADS-003329,Solar Rooftop Panel at Ward-94,Solar Rooftop Panel,Renewable Energy,DIST-0439,ST-12,PC-0640,CONT-0006,AGENCY-0720,2022-04-16,2022-06-11,2022-08-10,WORK_IN_PROGRESS,17.47944,78.21502
MPLADS-003330,Check Dam at Ward-60,Check Dam,Irrigation & Agriculture,DIST-0032,ST-01,PC-0046,CONT-0307,AGENCY-0756,2023-07-04,2023-07-21,2023-12-28,WORK_IN_PROGRESS,24.29819,78.31634
MPLADS-003331,Library Room at Ward-14,Library Room,Education Infrastructure,DIST-0332,ST-08,PC-0485,CONT-0319,AGENCY-0637,2022-09-27,2022-11-09,2023-04-08,COMPLETED,18.07921,76.25961
MPLADS-003332,Multi-Village Hospital Block at Ward-66,Multi-Village Hospital Block,Mega Infrastructure,DIST-0597,ST-17,PC-0878,CONT-0057,AGENCY-0915,2022-10-22,2022-11-18,2023-12-23,COMPLETED,21.64513,80.4218
MPLADS-003333,Bituminous Road at Ward-97,Bituminous Road,Roads & Bridges,DIST-0594,ST-17,PC-0874,CONT-0114,AGENCY-0261,2022-12-09,2023-01-31,2023-07-30,WORK_IN_PROGRESS,19.77503,83.54887
MPLADS-003334,Primary Health Sub-Centre at Ward-11,Primary Health Sub-Centre,Public Health,DIST-0151,ST-04,PC-0214,CONT-0077,AGENCY-1048,2023-05-22,2023-06-08,2024-01-04,WORK_IN_PROGRESS,24.89627,87.26791
MPLADS-003335,Piped Water Network at Ward-18,Piped Water Network,Drinking Water,DIST-0261,ST-06,PC-0381,CONT-0256,AGENCY-0537,2022-01-28,2022-02-28,2022-05-29,WORK_IN_PROGRESS,12.71079,77.67424
MPLADS-003336,Solar High-Mast Light at Ward-31,Solar High-Mast Light,Renewable Energy,DIST-0069,ST-01,PC-0099,CONT-0183,AGENCY-0294,2023-06-07,2023-07-19,2023-09-17,WORK_IN_PROGRESS,28.79174,82.68284
MPLADS-003337,Primary Health Sub-Centre at Ward-61,Primary Health Sub-Centre,Public Health,DIST-0106,ST-02,PC-0151,CONT-0315,AGENCY-0006,2022-02-26,2022-04-22,2022-11-18,WORK_IN_PROGRESS,17.11574,78.24416
MPLADS-003338,Solar Street Lighting at Ward-07,Solar Street Lighting,Renewable Energy,DIST-0510,ST-15,PC-0744,CONT-0035,AGENCY-0670,2023-11-21,2024-01-02,2024-03-02,COMPLETED,24.70985,91.87663
MPLADS-003339,District Sports Complex at Ward-51,District Sports Complex,Mega Infrastructure,DIST-0195,ST-05,PC-0279,CONT-0087,AGENCY-0813,2023-05-23,2023-07-13,2024-08-16,WORK_IN_PROGRESS,22.29212,75.99837
MPLADS-003340,Major River Overbridge at Ward-28,Major River Overbridge,Mega Infrastructure,DIST-0502,ST-14,PC-0731,CONT-0307,AGENCY-0010,2023-03-27,2023-05-17,2024-06-20,COMPLETED,24.69279,83.52267
MPLADS-003341,School Boundary Wall at Ward-94,School Boundary Wall,Education Infrastructure,DIST-0415,ST-11,PC-0605,CONT-0264,AGENCY-0254,2022-06-17,2022-08-15,2023-01-12,WORK_IN_PROGRESS,19.88254,85.25133
MPLADS-003342,School Boundary Wall at Ward-27,School Boundary Wall,Education Infrastructure,DIST-0455,ST-12,PC-0664,CONT-0285,AGENCY-0439,2022-06-23,2022-07-26,2022-12-23,WORK_IN_PROGRESS,17.25417,78.64075
MPLADS-003343,Multi-Village Hospital Block at Ward-59,Multi-Village Hospital Block,Mega Infrastructure,DIST-0246,ST-06,PC-0358,CONT-0025,AGENCY-1215,2023-08-14,2023-08-30,2024-10-03,WORK_IN_PROGRESS,13.15299,80.03624
MPLADS-003344,Multi-Village Hospital Block at Ward-70,Multi-Village Hospital Block,Mega Infrastructure,DIST-0390,ST-10,PC-0564,CONT-0253,AGENCY-0874,2022-01-25,2022-03-17,2023-04-21,WORK_IN_PROGRESS,17.3621,78.16538
MPLADS-003345,Multi-Village Hospital Block at Ward-82,Multi-Village Hospital Block,Mega Infrastructure,DIST-0081,ST-02,PC-0119,CONT-0295,AGENCY-1156,2022-03-31,2022-04-29,2023-06-03,WORK_IN_PROGRESS,15.77259,74.48924
MPLADS-003346,Major River Overbridge at Ward-72,Major River Overbridge,Mega Infrastructure,DIST-0232,ST-06,PC-0338,CONT-0020,AGENCY-0968,2023-03-03,2023-03-28,2024-05-01,WORK_IN_PROGRESS,9.10253,77.37206
MPLADS-003347,Yatri Shed at Ward-22,Yatri Shed,Community Infrastructure,DIST-0452,ST-12,PC-0658,CONT-0051,AGENCY-0120,2023-02-02,2023-03-04,2023-07-02,COMPLETED,18.22387,79.4418
MPLADS-003348,Solar High-Mast Light at Ward-97,Solar High-Mast Light,Renewable Energy,DIST-0385,ST-10,PC-0556,CONT-0271,AGENCY-0106,2022-06-12,2022-07-29,2022-09-27,WORK_IN_PROGRESS,12.78305,79.35543
MPLADS-003349,Deep Tube Well at Ward-77,Deep Tube Well,Drinking Water,DIST-0094,ST-02,PC-0136,CONT-0270,AGENCY-0756,2023-05-22,2023-07-13,2023-10-11,WORK_IN_PROGRESS,15.6602,78.79474
MPLADS-003350,Solar High-Mast Light at Ward-35,Solar High-Mast Light,Renewable Energy,DIST-0063,ST-01,PC-0092,CONT-0283,AGENCY-0471,2022-10-08,2022-11-15,2023-01-14,WORK_IN_PROGRESS,24.56864,78.86209
MPLADS-003351,Farm Pond Renovation at Ward-75,Farm Pond Renovation,Irrigation & Agriculture,DIST-0601,ST-18,PC-0884,CONT-0166,AGENCY-0513,2023-05-03,2023-05-24,2023-10-31,WORK_IN_PROGRESS,28.71596,76.63049
MPLADS-003352,Solar High-Mast Light at Ward-52,Solar High-Mast Light,Renewable Energy,DIST-0202,ST-05,PC-0291,CONT-0100,AGENCY-0722,2023-01-11,2023-03-07,2023-05-06,WORK_IN_PROGRESS,24.79687,74.57609
MPLADS-003353,Culvert Bridge at Ward-15,Culvert Bridge,Roads & Bridges,DIST-0506,ST-14,PC-0737,CONT-0097,AGENCY-0408,2022-11-27,2023-01-19,2023-07-18,WORK_IN_PROGRESS,22.24479,86.14377
MPLADS-003354,District Sports Complex at Ward-19,District Sports Complex,Mega Infrastructure,DIST-0354,ST-09,PC-0514,CONT-0017,AGENCY-0794,2022-04-13,2022-05-15,2023-06-19,WORK_IN_PROGRESS,20.41833,71.9137
MPLADS-003355,School Additional Classroom at Ward-41,School Additional Classroom,Education Infrastructure,DIST-0375,ST-09,PC-0542,CONT-0245,AGENCY-0803,2022-01-22,2022-03-19,2022-08-16,WORK_IN_PROGRESS,21.41577,71.24099
MPLADS-003356,Piped Water Network at Ward-73,Piped Water Network,Drinking Water,DIST-0380,ST-10,PC-0550,CONT-0197,AGENCY-0699,2022-09-05,2022-09-20,2022-12-19,WORK_IN_PROGRESS,16.75993,77.01555
MPLADS-003357,Primary Health Sub-Centre at Ward-44,Primary Health Sub-Centre,Public Health,DIST-0506,ST-14,PC-0737,CONT-0067,AGENCY-0366,2022-01-07,2022-03-03,2022-09-29,WORK_IN_PROGRESS,22.30359,86.238
MPLADS-003358,Major River Overbridge at Ward-35,Major River Overbridge,Mega Infrastructure,DIST-0443,ST-12,PC-0646,CONT-0215,AGENCY-0855,2023-06-23,2023-08-09,2024-09-12,WORK_IN_PROGRESS,16.11717,81.34791
MPLADS-003359,CC Road Construction at Ward-18,CC Road Construction,Roads & Bridges,DIST-0239,ST-06,PC-0347,CONT-0015,AGENCY-1121,2023-04-05,2023-04-25,2023-10-22,WORK_IN_PROGRESS,12.22514,79.85701
MPLADS-003360,RO Water Plant at Ward-69,RO Water Plant,Drinking Water,DIST-0148,ST-03,PC-0210,CONT-0167,AGENCY-0539,2022-04-11,2022-05-14,2022-08-12,WORK_IN_PROGRESS,27.01594,85.55453
MPLADS-003361,Check Dam at Ward-22,Check Dam,Irrigation & Agriculture,DIST-0031,ST-01,PC-0044,CONT-0052,AGENCY-0649,2022-02-14,2022-03-25,2022-09-01,WORK_IN_PROGRESS,24.31369,78.29432
MPLADS-003362,Solar High-Mast Light at Ward-21,Solar High-Mast Light,Renewable Energy,DIST-0580,ST-17,PC-0857,CONT-0206,AGENCY-0419,2023-11-12,2023-12-08,2024-02-06,WORK_IN_PROGRESS,23.83357,84.09097
MPLADS-003363,Community Hall at Ward-32,Community Hall,Community Infrastructure,DIST-0612,ST-18,PC-0901,CONT-0237,AGENCY-0833,2022-11-30,2023-01-26,2023-05-26,WORK_IN_PROGRESS,30.82695,75.36015
MPLADS-003364,Piped Water Network at Ward-94,Piped Water Network,Drinking Water,DIST-0516,ST-15,PC-0755,CONT-0313,AGENCY-1173,2023-11-26,2023-12-13,2024-03-12,COMPLETED,24.804,91.1478
MPLADS-003365,Solar High-Mast Light at Ward-23,Solar High-Mast Light,Renewable Energy,DIST-0304,ST-07,PC-0447,CONT-0202,AGENCY-0759,2022-03-06,2022-04-06,2022-06-05,WORK_IN_PROGRESS,28.61657,70.73731
MPLADS-003366,Maternity Ward Facility at Ward-08,Maternity Ward Facility,Public Health,DIST-0372,ST-09,PC-0538,CONT-0197,AGENCY-0744,2022-08-22,2022-10-13,2023-05-11,WORK_IN_PROGRESS,23.74685,71.35658
MPLADS-003367,Yatri Shed at Ward-12,Yatri Shed,Community Infrastructure,DIST-0518,ST-15,PC-0757,CONT-0183,AGENCY-0552,2023-07-02,2023-08-27,2023-12-25,WORK_IN_PROGRESS,27.64465,90.86546
MPLADS-003368,Piped Water Network at Ward-49,Piped Water Network,Drinking Water,DIST-0231,ST-06,PC-0337,CONT-0064,AGENCY-1198,2022-02-16,2022-03-24,2022-06-22,COMPLETED,13.37658,77.13209
MPLADS-003369,Smart Classroom Lab at Ward-01,Smart Classroom Lab,Education Infrastructure,DIST-0548,ST-16,PC-0804,CONT-0150,AGENCY-0037,2022-12-23,2023-01-20,2023-06-19,WORK_IN_PROGRESS,32.28128,74.9419
MPLADS-003370,Solar Street Lighting at Ward-15,Solar Street Lighting,Renewable Energy,DIST-0337,ST-08,PC-0492,CONT-0085,AGENCY-0693,2022-10-30,2022-11-28,2023-01-27,COMPLETED,13.75455,75.07076
MPLADS-003371,Check Dam at Ward-89,Check Dam,Irrigation & Agriculture,DIST-0542,ST-16,PC-0795,CONT-0087,AGENCY-0738,2022-02-11,2022-03-06,2022-08-13,WORK_IN_PROGRESS,31.79303,75.74663
MPLADS-003372,Ayurvedic Dispensary at Ward-13,Ayurvedic Dispensary,Public Health,DIST-0475,ST-13,PC-0693,CONT-0018,AGENCY-0670,2022-12-14,2022-12-31,2023-07-29,WORK_IN_PROGRESS,10.17081,77.35064
MPLADS-003373,Maternity Ward Facility at Ward-52,Maternity Ward Facility,Public Health,DIST-0446,ST-12,PC-0649,CONT-0148,AGENCY-0536,2022-10-14,2022-12-04,2023-07-02,COMPLETED,15.81964,79.10102
MPLADS-003374,Community Hall at Ward-22,Community Hall,Community Infrastructure,DIST-0509,ST-15,PC-0741,CONT-0006,AGENCY-0924,2022-05-12,2022-06-25,2022-10-23,WORK_IN_PROGRESS,25.11514,94.78691
MPLADS-003375,Solar Rooftop Panel at Ward-65,Solar Rooftop Panel,Renewable Energy,DIST-0054,ST-01,PC-0080,CONT-0144,AGENCY-0401,2023-01-16,2023-02-25,2023-04-26,WORK_IN_PROGRESS,26.7303,78.59005
MPLADS-003376,Ayurvedic Dispensary at Ward-33,Ayurvedic Dispensary,Public Health,DIST-0062,ST-01,PC-0090,CONT-0179,AGENCY-0031,2023-02-03,2023-03-22,2023-10-18,WORK_IN_PROGRESS,25.13027,83.8599
MPLADS-003377,School Boundary Wall at Ward-83,School Boundary Wall,Education Infrastructure,DIST-0262,ST-06,PC-0382,CONT-0183,AGENCY-1200,2023-03-11,2023-04-25,2023-09-22,WORK_IN_PROGRESS,12.8098,79.69298
MPLADS-003378,Lift Irrigation Scheme at Ward-71,Lift Irrigation Scheme,Irrigation & Agriculture,DIST-0522,ST-15,PC-0764,CONT-0265,AGENCY-0879,2022-12-29,2023-01-27,2023-07-06,WORK_IN_PROGRESS,26.9269,95.94196
MPLADS-003379,Solar Street Lighting at Ward-90,Solar Street Lighting,Renewable Energy,DIST-0077,ST-02,PC-0111,CONT-0017,AGENCY-0176,2023-07-01,2023-08-11,2023-10-10,WORK_IN_PROGRESS,21.72401,78.54567
MPLADS-003380,Paver Block Road at Ward-70,Paver Block Road,Roads & Bridges,DIST-0575,ST-17,PC-0847,CONT-0061,AGENCY-0673,2022-08-26,2022-09-27,2023-03-26,DELAYED,21.74666,83.35927
MPLADS-003381,Major River Overbridge at Ward-75,Major River Overbridge,Mega Infrastructure,DIST-0206,ST-05,PC-0298,CONT-0252,AGENCY-0944,2023-03-14,2023-04-03,2024-05-07,WORK_IN_PROGRESS,21.7957,81.92041
MPLADS-003382,Primary Health Sub-Centre at Ward-87,Primary Health Sub-Centre,Public Health,DIST-0248,ST-06,PC-0362,CONT-0144,AGENCY-0704,2022-04-01,2022-05-18,2022-12-14,WORK_IN_PROGRESS,9.87414,78.07615
MPLADS-003383,School Boundary Wall at Ward-28,School Boundary Wall,Education Infrastructure,DIST-0215,ST-05,PC-0313,CONT-0130,AGENCY-0313,2022-01-06,2022-02-17,2022-07-17,DELAYED,22.20982,74.344
MPLADS-003384,Piped Water Network at Ward-71,Piped Water Network,Drinking Water,DIST-0592,ST-17,PC-0872,CONT-0253,AGENCY-0287,2023-04-30,2023-06-24,2023-09-22,WORK_IN_PROGRESS,23.42451,81.89908
MPLADS-003385,Solar High-Mast Light at Ward-21,Solar High-Mast Light,Renewable Energy,DIST-0432,ST-11,PC-0630,CONT-0191,AGENCY-0020,2023-06-26,2023-07-12,2023-09-10,WORK_IN_PROGRESS,18.06159,82.26101
MPLADS-003386,Maternity Ward Facility at Ward-26,Maternity Ward Facility,Public Health,DIST-0394,ST-10,PC-0570,CONT-0141,AGENCY-0524,2023-03-20,2023-04-30,2023-11-26,WORK_IN_PROGRESS,13.13821,77.72857
MPLADS-003387,Yatri Shed at Ward-75,Yatri Shed,Community Infrastructure,DIST-0163,ST-04,PC-0231,CONT-0142,AGENCY-0698,2022-01-04,2022-02-23,2022-06-23,WORK_IN_PROGRESS,24.87942,88.99292
MPLADS-003388,Public Toilet Complex at Ward-74,Public Toilet Complex,Community Infrastructure,DIST-0008,ST-01,PC-0010,CONT-0320,AGENCY-0014,2022-11-26,2023-01-15,2023-05-15,WORK_IN_PROGRESS,27.70027,82.75919
MPLADS-003389,Farm Pond Renovation at Ward-52,Farm Pond Renovation,Irrigation & Agriculture,DIST-0471,ST-13,PC-0687,CONT-0182,AGENCY-0549,2023-11-13,2023-12-14,2024-05-22,WORK_IN_PROGRESS,9.52812,75.45349
MPLADS-003390,Paver Block Road at Ward-92,Paver Block Road,Roads & Bridges,DIST-0478,ST-13,PC-0698,CONT-0314,AGENCY-0174,2023-11-06,2024-01-04,2024-07-02,WORK_IN_PROGRESS,12.05381,75.51077
MPLADS-003391,Primary Health Sub-Centre at Ward-28,Primary Health Sub-Centre,Public Health,DIST-0229,ST-06,PC-0334,CONT-0203,AGENCY-0756,2023-07-06,2023-08-06,2024-03-03,WORK_IN_PROGRESS,13.4324,76.08491
MPLADS-003392,Solar High-Mast Light at Ward-02,Solar High-Mast Light,Renewable Energy,DIST-0525,ST-15,PC-0770,CONT-0110,AGENCY-1086,2023-03-07,2023-04-27,2023-06-26,COMPLETED,24.98606,93.41579
MPLADS-003393,Bituminous Road at Ward-42,Bituminous Road,Roads & Bridges,DIST-0124,ST-03,PC-0180,CONT-0052,AGENCY-0604,2022-12-02,2023-01-08,2023-07-07,COMPLETED,25.00686,83.81636
MPLADS-003394,District Sports Complex at Ward-18,District Sports Complex,Mega Infrastructure,DIST-0389,ST-10,PC-0562,CONT-0107,AGENCY-0987,2022-01-09,2022-02-13,2023-03-20,COMPLETED,18.51973,81.03606
MPLADS-003395,Piped Water Network at Ward-97,Piped Water Network,Drinking Water,DIST-0017,ST-01,PC-0025,CONT-0260,AGENCY-1055,2023-07-01,2023-08-11,2023-11-09,DELAYED,27.07729,79.04914
MPLADS-003396,Yatri Shed at Ward-63,Yatri Shed,Community Infrastructure,DIST-0223,ST-05,PC-0325,CONT-0261,AGENCY-1119,2023-02-27,2023-04-17,2023-08-15,WORK_IN_PROGRESS,22.61283,76.82991
MPLADS-003397,Maternity Ward Facility at Ward-15,Maternity Ward Facility,Public Health,DIST-0002,ST-01,PC-0003,CONT-0173,AGENCY-1000,2023-02-18,2023-03-27,2023-10-23,WORK_IN_PROGRESS,26.36334,83.90318
MPLADS-003398,Culvert Bridge at Ward-81,Culvert Bridge,Roads & Bridges,DIST-0281,ST-07,PC-0412,CONT-0081,AGENCY-0602,2023-02-10,2023-03-30,2023-09-26,WORK_IN_PROGRESS,26.98606,71.3327
MPLADS-003399,Farm Pond Renovation at Ward-40,Farm Pond Renovation,Irrigation & Agriculture,DIST-0515,ST-15,PC-0752,CONT-0318,AGENCY-0138,2022-11-08,2022-11-23,2023-05-02,COMPLETED,25.75261,92.87414
MPLADS-003400,Farm Pond Renovation at Ward-76,Farm Pond Renovation,Irrigation & Agriculture,DIST-0291,ST-07,PC-0426,CONT-0121,AGENCY-0029,2022-12-25,2023-02-10,2023-07-20,WORK_IN_PROGRESS,25.00155,75.16409
MPLADS-003401,Farm Pond Renovation at Ward-04,Farm Pond Renovation,Irrigation & Agriculture,DIST-0141,ST-03,PC-0201,CONT-0007,AGENCY-0311,2022-05-29,2022-07-21,2022-12-28,WORK_IN_PROGRESS,26.94915,85.59525
MPLADS-003402,Solar High-Mast Light at Ward-16,Solar High-Mast Light,Renewable Energy,DIST-0115,ST-03,PC-0166,CONT-0222,AGENCY-0041,2022-05-19,2022-07-12,2022-09-10,WORK_IN_PROGRESS,27.37797,84.91051
MPLADS-003403,Community Hall at Ward-61,Community Hall,Community Infrastructure,DIST-0420,ST-11,PC-0613,CONT-0095,AGENCY-0319,2022-10-10,2022-11-16,2023-03-16,WORK_IN_PROGRESS,21.45487,84.60614
MPLADS-003404,Library Room at Ward-44,Library Room,Education Infrastructure,DIST-0488,ST-14,PC-0712,CONT-0043,AGENCY-0079,2022-01-09,2022-02-08,2022-07-08,WORK_IN_PROGRESS,22.51778,86.45494
MPLADS-003405,Lift Irrigation Scheme at Ward-96,Lift Irrigation Scheme,Irrigation & Agriculture,DIST-0305,ST-07,PC-0448,CONT-0195,AGENCY-0268,2022-08-22,2022-09-12,2023-02-19,WORK_IN_PROGRESS,25.3416,73.40199
MPLADS-003406,Yatri Shed at Ward-24,Yatri Shed,Community Infrastructure,DIST-0335,ST-08,PC-0489,CONT-0069,AGENCY-0632,2022-06-03,2022-07-21,2022-11-18,WORK_IN_PROGRESS,17.30988,76.72205
MPLADS-003407,Lift Irrigation Scheme at Ward-08,Lift Irrigation Scheme,Irrigation & Agriculture,DIST-0458,ST-12,PC-0668,CONT-0213,AGENCY-0060,2022-08-28,2022-09-28,2023-03-07,WORK_IN_PROGRESS,18.38009,80.28177
MPLADS-003408,Deep Tube Well at Ward-50,Deep Tube Well,Drinking Water,DIST-0096,ST-02,PC-0138,CONT-0315,AGENCY-0072,2023-06-24,2023-07-27,2023-10-25,WORK_IN_PROGRESS,21.28256,75.45356
MPLADS-003409,Ambulance Vehicle at Ward-31,Ambulance Vehicle,Public Health,DIST-0053,ST-01,PC-0078,CONT-0244,AGENCY-0992,2023-03-08,2023-03-27,2023-10-23,WORK_IN_PROGRESS,26.59882,80.49217
MPLADS-003410,Solar High-Mast Light at Ward-74,Solar High-Mast Light,Renewable Energy,DIST-0410,ST-11,PC-0597,CONT-0119,AGENCY-0211,2022-02-09,2022-04-08,2022-06-07,WORK_IN_PROGRESS,21.42414,86.80915
MPLADS-003411,Library Room at Ward-28,Library Room,Education Infrastructure,DIST-0582,ST-17,PC-0859,CONT-0221,AGENCY-1220,2023-02-03,2023-03-21,2023-08-18,COMPLETED,19.03712,83.64439
MPLADS-003412,Piped Water Network at Ward-27,Piped Water Network,Drinking Water,DIST-0477,ST-13,PC-0697,CONT-0033,AGENCY-0356,2023-05-15,2023-06-16,2023-09-14,WORK_IN_PROGRESS,9.79426,77.13992
MPLADS-003413,Solar High-Mast Light at Ward-71,Solar High-Mast Light,Renewable Energy,DIST-0001,ST-01,PC-0002,CONT-0316,AGENCY-1066,2023-09-09,2023-11-03,2024-01-02,WORK_IN_PROGRESS,29.07016,80.32224
MPLADS-003414,Community Hall at Ward-25,Community Hall,Community Infrastructure,DIST-0023,ST-01,PC-0034,CONT-0001,AGENCY-0894,2023-09-13,2023-10-15,2024-02-12,WORK_IN_PROGRESS,25.22309,79.31734
MPLADS-003415,Yatri Shed at Ward-20,Yatri Shed,Community Infrastructure,DIST-0119,ST-03,PC-0172,CONT-0120,AGENCY-0122,2022-11-02,2022-12-08,2023-04-07,WORK_IN_PROGRESS,26.36341,84.63495
MPLADS-003416,Farm Pond Renovation at Ward-63,Farm Pond Renovation,Irrigation & Agriculture,DIST-0221,ST-05,PC-0322,CONT-0090,AGENCY-0715,2022-11-06,2022-11-25,2023-05-04,WORK_IN_PROGRESS,25.08862,75.90098
MPLADS-003417,Public Toilet Complex at Ward-41,Public Toilet Complex,Community Infrastructure,DIST-0432,ST-11,PC-0630,CONT-0243,AGENCY-0945,2022-08-05,2022-09-08,2023-01-06,WORK_IN_PROGRESS,18.07771,82.21865
MPLADS-003418,School Additional Classroom at Ward-25,School Additional Classroom,Education Infrastructure,DIST-0339,ST-08,PC-0494,CONT-0314,AGENCY-0239,2023-06-30,2023-07-29,2023-12-26,WORK_IN_PROGRESS,16.47406,76.81451
MPLADS-003419,Solar High-Mast Light at Ward-60,Solar High-Mast Light,Renewable Energy,DIST-0586,ST-17,PC-0864,CONT-0199,AGENCY-1201,2023-08-08,2023-08-24,2023-10-23,WORK_IN_PROGRESS,19.90387,80.17724
MPLADS-003420,Public Toilet Complex at Ward-60,Public Toilet Complex,Community Infrastructure,DIST-0030,ST-01,PC-0042,CONT-0055,AGENCY-0274,2022-02-27,2022-04-20,2022-08-18,WORK_IN_PROGRESS,29.42451,79.27894
MPLADS-003421,Solar Rooftop Panel at Ward-63,Solar Rooftop Panel,Renewable Energy,DIST-0145,ST-03,PC-0207,CONT-0125,AGENCY-1191,2022-11-23,2023-01-06,2023-03-07,WORK_IN_PROGRESS,26.13393,84.57954
MPLADS-003422,Bituminous Road at Ward-70,Bituminous Road,Roads & Bridges,DIST-0475,ST-13,PC-0692,CONT-0054,AGENCY-1053,2023-09-20,2023-11-16,2024-05-14,WORK_IN_PROGRESS,10.04394,77.44378
MPLADS-003423,Ayurvedic Dispensary at Ward-59,Ayurvedic Dispensary,Public Health,DIST-0591,ST-17,PC-0871,CONT-0201,AGENCY-0640,2023-04-24,2023-06-14,2024-01-10,WORK_IN_PROGRESS,18.7391,81.34021
MPLADS-003424,Solar High-Mast Light at Ward-18,Solar High-Mast Light,Renewable Energy,DIST-0283,ST-07,PC-0415,CONT-0080,AGENCY-0778,2023-07-30,2023-09-08,2023-11-07,WORK_IN_PROGRESS,27.3652,76.17442
MPLADS-003425,School Additional Classroom at Ward-01,School Additional Classroom,Education Infrastructure,DIST-0161,ST-04,PC-0226,CONT-0050,AGENCY-0487,2022-06-29,2022-08-03,2022-12-31,WORK_IN_PROGRESS,21.70338,86.07968
MPLADS-003426,Smart Classroom Lab at Ward-04,Smart Classroom Lab,Education Infrastructure,DIST-0297,ST-07,PC-0435,CONT-0122,AGENCY-0854,2022-08-14,2022-09-22,2023-02-19,COMPLETED,28.92241,72.81952
MPLADS-003427,Crematorium Shed at Ward-06,Crematorium Shed,Community Infrastructure,DIST-0332,ST-08,PC-0484,CONT-0231,AGENCY-0586,2022-03-24,2022-05-22,2022-09-19,COMPLETED,17.95755,76.31565
MPLADS-003428,District Sports Complex at Ward-93,District Sports Complex,Mega Infrastructure,DIST-0280,ST-07,PC-0411,CONT-0150,AGENCY-0359,2022-10-09,2022-11-15,2023-12-20,WORK_IN_PROGRESS,27.70446,73.48846
MPLADS-003429,Ayurvedic Dispensary at Ward-31,Ayurvedic Dispensary,Public Health,DIST-0159,ST-04,PC-0224,CONT-0257,AGENCY-0098,2022-11-01,2022-12-22,2023-07-20,WORK_IN_PROGRESS,25.90372,87.6933
MPLADS-003430,Ayurvedic Dispensary at Ward-63,Ayurvedic Dispensary,Public Health,DIST-0533,ST-15,PC-0782,CONT-0068,AGENCY-0249,2022-12-14,2023-01-17,2023-08-15,WORK_IN_PROGRESS,26.36147,95.79743
MPLADS-003431,Solar Rooftop Panel at Ward-17,Solar Rooftop Panel,Renewable Energy,DIST-0377,ST-09,PC-0545,CONT-0272,AGENCY-0900,2022-01-18,2022-02-14,2022-04-15,WORK_IN_PROGRESS,20.11243,73.52534
MPLADS-003432,Community Hall at Ward-79,Community Hall,Community Infrastructure,DIST-0617,ST-18,PC-0908,CONT-0007,AGENCY-0892,2022-04-21,2022-05-27,2022-09-24,WORK_IN_PROGRESS,29.36246,76.2469
MPLADS-003433,Paver Block Road at Ward-85,Paver Block Road,Roads & Bridges,DIST-0558,ST-16,PC-0820,CONT-0116,AGENCY-0482,2023-02-16,2023-04-13,2023-10-10,WORK_IN_PROGRESS,30.6738,74.37642
MPLADS-003434,Multi-Village Hospital Block at Ward-30,Multi-Village Hospital Block,Mega Infrastructure,DIST-0343,ST-08,PC-0501,CONT-0203,AGENCY-0065,2023-01-14,2023-02-07,2024-03-13,COMPLETED,17.27152,77.18828
MPLADS-003435,Check Dam at Ward-59,Check Dam,Irrigation & Agriculture,DIST-0383,ST-10,PC-0553,CONT-0063,AGENCY-0205,2022-04-28,2022-06-24,2022-12-01,WORK_IN_PROGRESS,13.54679,80.76919
MPLADS-003436,Bituminous Road at Ward-21,Bituminous Road,Roads & Bridges,DIST-0593,ST-17,PC-0873,CONT-0123,AGENCY-0677,2023-03-18,2023-05-16,2023-11-12,WORK_IN_PROGRESS,18.52547,82.74049
MPLADS-003437,Crematorium Shed at Ward-82,Crematorium Shed,Community Infrastructure,DIST-0329,ST-08,PC-0480,CONT-0260,AGENCY-0551,2022-04-29,2022-06-18,2022-10-16,WORK_IN_PROGRESS,13.73406,77.5987
MPLADS-003438,Ayurvedic Dispensary at Ward-30,Ayurvedic Dispensary,Public Health,DIST-0268,ST-07,PC-0390,CONT-0201,AGENCY-0304,2023-07-19,2023-08-18,2024-03-15,COMPLETED,27.17112,74.55421
MPLADS-003439,Paver Block Road at Ward-69,Paver Block Road,Roads & Bridges,DIST-0234,ST-06,PC-0341,CONT-0033,AGENCY-0791,2023-02-17,2023-04-12,2023-10-09,WORK_IN_PROGRESS,12.88867,77.48433
MPLADS-003440,Yatri Shed at Ward-24,Yatri Shed,Community Infrastructure,DIST-0553,ST-16,PC-0813,CONT-0140,AGENCY-0899,2022-02-11,2022-03-26,2022-07-24,WORK_IN_PROGRESS,29.45167,74.74576
MPLADS-003441,CC Road Construction at Ward-52,CC Road Construction,Roads & Bridges,DIST-0014,ST-01,PC-0020,CONT-0023,AGENCY-0614,2023-05-11,2023-06-11,2023-12-08,WORK_IN_PROGRESS,28.6083,80.19084
MPLADS-003442,Yatri Shed at Ward-04,Yatri Shed,Community Infrastructure,DIST-0546,ST-16,PC-0801,CONT-0286,AGENCY-0442,2023-05-08,2023-07-05,2023-11-02,WORK_IN_PROGRESS,31.0565,74.5063
MPLADS-003443,Smart Classroom Lab at Ward-49,Smart Classroom Lab,Education Infrastructure,DIST-0226,ST-05,PC-0330,CONT-0143,AGENCY-0932,2022-05-23,2022-07-19,2022-12-16,DELAYED,23.43732,77.31915
MPLADS-003444,Bituminous Road at Ward-31,Bituminous Road,Roads & Bridges,DIST-0341,ST-08,PC-0499,CONT-0312,AGENCY-0296,2023-08-13,2023-09-30,2024-03-28,WORK_IN_PROGRESS,15.84111,76.27455
MPLADS-003445,Check Dam at Ward-38,Check Dam,Irrigation & Agriculture,DIST-0331,ST-08,PC-0483,CONT-0217,AGENCY-0990,2023-09-09,2023-10-30,2024-04-07,COMPLETED,13.3491,76.49109
MPLADS-003446,Multi-Village Hospital Block at Ward-69,Multi-Village Hospital Block,Mega Infrastructure,DIST-0164,ST-04,PC-0233,CONT-0140,AGENCY-0992,2022-09-05,2022-10-15,2023-11-19,WORK_IN_PROGRESS,24.45344,86.18095
MPLADS-003447,Solar High-Mast Light at Ward-98,Solar High-Mast Light,Renewable Energy,DIST-0159,ST-04,PC-0224,CONT-0014,AGENCY-0722,2022-04-19,2022-05-16,2022-07-15,WORK_IN_PROGRESS,25.81087,87.67624
MPLADS-003448,Community Hall at Ward-75,Community Hall,Community Infrastructure,DIST-0501,ST-14,PC-0730,CONT-0014,AGENCY-0476,2022-01-29,2022-02-20,2022-06-20,WORK_IN_PROGRESS,23.78557,86.91606
MPLADS-003449,Lift Irrigation Scheme at Ward-75,Lift Irrigation Scheme,Irrigation & Agriculture,DIST-0553,ST-16,PC-0813,CONT-0136,AGENCY-0801,2023-07-01,2023-08-01,2024-01-08,DELAYED,29.52247,74.87045
MPLADS-003450,Deep Tube Well at Ward-84,Deep Tube Well,Drinking Water,DIST-0526,ST-15,PC-0771,CONT-0095,AGENCY-0522,2022-07-21,2022-08-13,2022-11-11,WORK_IN_PROGRESS,25.71151,93.0963
MPLADS-003451,Ayurvedic Dispensary at Ward-92,Ayurvedic Dispensary,Public Health,DIST-0495,ST-14,PC-0723,CONT-0047,AGENCY-1034,2022-05-30,2022-06-26,2023-01-22,WORK_IN_PROGRESS,22.84745,84.66623
MPLADS-003452,Check Dam at Ward-90,Check Dam,Irrigation & Agriculture,DIST-0195,ST-05,PC-0280,CONT-0031,AGENCY-0778,2023-11-26,2023-12-12,2024-05-20,WORK_IN_PROGRESS,22.29362,76.00026
MPLADS-003453,Ambulance Vehicle at Ward-87,Ambulance Vehicle,Public Health,DIST-0398,ST-10,PC-0578,CONT-0271,AGENCY-1053,2023-02-04,2023-03-29,2023-10-25,COMPLETED,13.71731,84.24598
MPLADS-003454,School Boundary Wall at Ward-85,School Boundary Wall,Education Infrastructure,DIST-0121,ST-03,PC-0176,CONT-0246,AGENCY-0861,2022-05-23,2022-07-01,2022-11-28,WORK_IN_PROGRESS,27.23068,87.28756
MPLADS-003455,Yatri Shed at Ward-30,Yatri Shed,Community Infrastructure,DIST-0549,ST-16,PC-0807,CONT-0192,AGENCY-1213,2023-02-28,2023-04-20,2023-08-18,WORK_IN_PROGRESS,31.65953,74.55744
MPLADS-003456,Multi-Village Hospital Block at Ward-87,Multi-Village Hospital Block,Mega Infrastructure,DIST-0110,ST-02,PC-0158,CONT-0096,AGENCY-0186,2023-10-03,2023-11-21,2024-12-25,WORK_IN_PROGRESS,20.79363,78.39917
MPLADS-003457,Major River Overbridge at Ward-73,Major River Overbridge,Mega Infrastructure,DIST-0590,ST-17,PC-0870,CONT-0314,AGENCY-0171,2022-07-23,2022-08-29,2023-10-03,WORK_IN_PROGRESS,21.17698,82.74463
MPLADS-003458,Major River Overbridge at Ward-89,Major River Overbridge,Mega Infrastructure,DIST-0237,ST-06,PC-0345,CONT-0003,AGENCY-0548,2022-07-29,2022-09-12,2023-10-17,COMPLETED,8.22139,77.3367
MPLADS-003459,Primary Health Sub-Centre at Ward-51,Primary Health Sub-Centre,Public Health,DIST-0070,ST-01,PC-0102,CONT-0123,AGENCY-0106,2023-07-16,2023-09-12,2024-04-09,WORK_IN_PROGRESS,26.64487,82.9096
MPLADS-003460,District Sports Complex at Ward-88,District Sports Complex,Mega Infrastructure,DIST-0019,ST-01,PC-0028,CONT-0095,AGENCY-0793,2022-03-17,2022-04-18,2023-05-23,WORK_IN_PROGRESS,25.54568,77.29077
MPLADS-003461,Multi-Village Hospital Block at Ward-78,Multi-Village Hospital Block,Mega Infrastructure,DIST-0617,ST-18,PC-0909,CONT-0084,AGENCY-0405,2023-11-07,2023-12-09,2025-01-12,COMPLETED,29.37411,76.22466
MPLADS-003462,Public Toilet Complex at Ward-89,Public Toilet Complex,Community Infrastructure,DIST-0348,ST-09,PC-0507,CONT-0189,AGENCY-1056,2022-01-03,2022-02-18,2022-06-18,WORK_IN_PROGRESS,20.76619,72.38139
MPLADS-003463,Piped Water Network at Ward-06,Piped Water Network,Drinking Water,DIST-0467,ST-12,PC-0683,CONT-0106,AGENCY-0777,2023-10-26,2023-12-24,2024-03-23,WORK_IN_PROGRESS,16.02073,77.33773
MPLADS-003464,School Additional Classroom at Ward-86,School Additional Classroom,Education Infrastructure,DIST-0072,ST-01,PC-0105,CONT-0005,AGENCY-1227,2022-11-26,2022-12-16,2023-05-15,DELAYED,25.55805,81.64797
MPLADS-003465,Public Toilet Complex at Ward-50,Public Toilet Complex,Community Infrastructure,DIST-0086,ST-02,PC-0126,CONT-0015,AGENCY-0499,2023-09-21,2023-10-07,2024-02-04,COMPLETED,17.00794,77.10054
MPLADS-003466,Library Room at Ward-49,Library Room,Education Infrastructure,DIST-0175,ST-05,PC-0247,CONT-0082,AGENCY-0851,2023-10-10,2023-12-08,2024-05-06,WORK_IN_PROGRESS,24.49657,81.38644
MPLADS-003467,Yatri Shed at Ward-09,Yatri Shed,Community Infrastructure,DIST-0530,ST-15,PC-0779,CONT-0097,AGENCY-0340,2023-11-12,2023-12-30,2024-04-28,WORK_IN_PROGRESS,27.91541,90.00336
MPLADS-003468,Solar Rooftop Panel at Ward-29,Solar Rooftop Panel,Renewable Energy,DIST-0304,ST-07,PC-0447,CONT-0047,AGENCY-0485,2023-04-24,2023-06-06,2023-08-05,WORK_IN_PROGRESS,28.58376,70.70116
MPLADS-003469,Multi-Village Hospital Block at Ward-96,Multi-Village Hospital Block,Mega Infrastructure,DIST-0545,ST-16,PC-0800,CONT-0224,AGENCY-0418,2023-03-06,2023-04-01,2024-05-05,COMPLETED,30.09579,74.43768
MPLADS-003470,Solar Rooftop Panel at Ward-67,Solar Rooftop Panel,Renewable Energy,DIST-0363,ST-09,PC-0526,CONT-0023,AGENCY-0289,2023-07-20,2023-08-31,2023-10-30,WORK_IN_PROGRESS,23.61899,73.75683
MPLADS-003471,Deep Tube Well at Ward-73,Deep Tube Well,Drinking Water,DIST-0251,ST-06,PC-0365,CONT-0221,AGENCY-0697,2022-09-14,2022-10-29,2023-01-27,WORK_IN_PROGRESS,9.38033,78.77689
MPLADS-003472,Smart Classroom Lab at Ward-30,Smart Classroom Lab,Education Infrastructure,DIST-0607,ST-18,PC-0894,CONT-0163,AGENCY-0357,2023-11-30,2024-01-21,2024-06-19,WORK_IN_PROGRESS,30.06657,74.97209
MPLADS-003473,Solar Rooftop Panel at Ward-92,Solar Rooftop Panel,Renewable Energy,DIST-0591,ST-17,PC-0871,CONT-0235,AGENCY-0151,2023-01-16,2023-02-04,2023-04-05,WORK_IN_PROGRESS,18.71608,81.31971
MPLADS-003474,Culvert Bridge at Ward-95,Culvert Bridge,Roads & Bridges,DIST-0550,ST-16,PC-0808,CONT-0104,AGENCY-0553,2023-08-01,2023-09-17,2024-03-15,COMPLETED,31.43871,74.11159
MPLADS-003475,Piped Water Network at Ward-02,Piped Water Network,Drinking Water,DIST-0014,ST-01,PC-0020,CONT-0219,AGENCY-0518,2023-10-01,2023-11-19,2024-02-17,WORK_IN_PROGRESS,28.65791,80.3048
MPLADS-003476,Solar Street Lighting at Ward-21,Solar Street Lighting,Renewable Energy,DIST-0274,ST-07,PC-0401,CONT-0087,AGENCY-0133,2023-08-12,2023-09-01,2023-10-31,COMPLETED,27.52329,74.03573
MPLADS-003477,Ambulance Vehicle at Ward-45,Ambulance Vehicle,Public Health,DIST-0539,ST-15,PC-0791,CONT-0202,AGENCY-1216,2023-01-24,2023-03-10,2023-10-06,COMPLETED,23.97335,90.30051
MPLADS-003478,School Additional Classroom at Ward-51,School Additional Classroom,Education Infrastructure,DIST-0557,ST-16,PC-0818,CONT-0139,AGENCY-0142,2022-11-05,2022-12-28,2023-05-27,WORK_IN_PROGRESS,31.34896,74.32566
MPLADS-003479,Primary Health Sub-Centre at Ward-11,Primary Health Sub-Centre,Public Health,DIST-0450,ST-12,PC-0655,CONT-0179,AGENCY-0683,2022-04-29,2022-06-12,2023-01-08,WORK_IN_PROGRESS,17.99464,79.44524
MPLADS-003480,Library Room at Ward-84,Library Room,Education Infrastructure,DIST-0533,ST-15,PC-0782,CONT-0301,AGENCY-0410,2022-09-03,2022-10-01,2023-02-28,COMPLETED,26.36742,95.84526
MPLADS-003481,Multi-Village Hospital Block at Ward-38,Multi-Village Hospital Block,Mega Infrastructure,DIST-0609,ST-18,PC-0896,CONT-0126,AGENCY-0623,2022-12-06,2023-01-01,2024-02-05,WORK_IN_PROGRESS,27.83532,76.45507
MPLADS-003482,Yatri Shed at Ward-45,Yatri Shed,Community Infrastructure,DIST-0362,ST-09,PC-0524,CONT-0090,AGENCY-0196,2022-03-07,2022-04-21,2022-08-19,WORK_IN_PROGRESS,21.57188,70.13133
MPLADS-003483,Farm Pond Renovation at Ward-35,Farm Pond Renovation,Irrigation & Agriculture,DIST-0447,ST-12,PC-0650,CONT-0044,AGENCY-0289,2023-11-14,2024-01-07,2024-06-15,WORK_IN_PROGRESS,17.5918,77.82137
MPLADS-003484,Solar High-Mast Light at Ward-52,Solar High-Mast Light,Renewable Energy,DIST-0384,ST-10,PC-0554,CONT-0082,AGENCY-0904,2023-01-23,2023-03-05,2023-05-04,WORK_IN_PROGRESS,14.0459,77.1059
MPLADS-003485,RO Water Plant at Ward-79,RO Water Plant,Drinking Water,DIST-0438,ST-12,PC-0639,CONT-0187,AGENCY-0820,2022-01-19,2022-02-14,2022-05-15,WORK_IN_PROGRESS,17.72386,80.79695
MPLADS-003486,Smart Classroom Lab at Ward-26,Smart Classroom Lab,Education Infrastructure,DIST-0207,ST-05,PC-0300,CONT-0016,AGENCY-1176,2022-08-23,2022-10-15,2023-03-14,COMPLETED,26.05175,78.32229
MPLADS-003487,Solar High-Mast Light at Ward-41,Solar High-Mast Light,Renewable Energy,DIST-0168,ST-04,PC-0239,CONT-0123,AGENCY-0487,2023-03-03,2023-03-29,2023-05-28,WORK_IN_PROGRESS,24.91429,86.83678
MPLADS-003488,Bituminous Road at Ward-54,Bituminous Road,Roads & Bridges,DIST-0592,ST-17,PC-0872,CONT-0318,AGENCY-0526,2022-05-23,2022-07-02,2022-12-29,DELAYED,23.39573,81.87097
MPLADS-003489,Solar Rooftop Panel at Ward-13,Solar Rooftop Panel,Renewable Energy,DIST-0050,ST-01,PC-0072,CONT-0027,AGENCY-1119,2023-03-07,2023-04-21,2023-06-20,WORK_IN_PROGRESS,28.70946,78.46435
MPLADS-003490,Major River Overbridge at Ward-02,Major River Overbridge,Mega Infrastructure,DIST-0033,ST-01,PC-0048,CONT-0254,AGENCY-0146,2023-08-01,2023-09-24,2024-10-28,WORK_IN_PROGRESS,24.59537,83.18826
MPLADS-003491,Lift Irrigation Scheme at Ward-70,Lift Irrigation Scheme,Irrigation & Agriculture,DIST-0447,ST-12,PC-0650,CONT-0118,AGENCY-0561,2023-05-11,2023-06-04,2023-11-11,COMPLETED,17.58384,77.79135
MPLADS-003492,Solar Street Lighting at Ward-10,Solar Street Lighting,Renewable Energy,DIST-0102,ST-02,PC-0146,CONT-0266,AGENCY-0923,2022-10-20,2022-11-07,2023-01-06,COMPLETED,20.52413,79.4674
MPLADS-003493,Community Tank at Ward-28,Community Tank,Drinking Water,DIST-0593,ST-17,PC-0873,CONT-0215,AGENCY-0429,2023-01-03,2023-02-02,2023-05-03,DELAYED,18.38852,82.74594
MPLADS-003494,Culvert Bridge at Ward-29,Culvert Bridge,Roads & Bridges,DIST-0619,ST-18,PC-0913,CONT-0302,AGENCY-1090,2023-04-13,2023-05-20,2023-11-16,WORK_IN_PROGRESS,30.74303,75.60538
MPLADS-003495,Farm Pond Renovation at Ward-06,Farm Pond Renovation,Irrigation & Agriculture,DIST-0509,ST-15,PC-0741,CONT-0118,AGENCY-0543,2022-12-21,2023-02-07,2023-07-17,WORK_IN_PROGRESS,25.07302,94.86372
MPLADS-003496,Farm Pond Renovation at Ward-91,Farm Pond Renovation,Irrigation & Agriculture,DIST-0163,ST-04,PC-0230,CONT-0150,AGENCY-0006,2023-08-27,2023-09-18,2024-02-25,WORK_IN_PROGRESS,24.87792,88.99813
MPLADS-003497,Smart Classroom Lab at Ward-12,Smart Classroom Lab,Education Infrastructure,DIST-0440,ST-12,PC-0642,CONT-0228,AGENCY-0126,2022-05-06,2022-06-02,2022-10-30,DELAYED,16.26695,81.01369
MPLADS-003498,Solar Rooftop Panel at Ward-69,Solar Rooftop Panel,Renewable Energy,DIST-0043,ST-01,PC-0063,CONT-0034,AGENCY-0351,2022-05-23,2022-06-30,2022-08-29,WORK_IN_PROGRESS,28.73507,81.08564
MPLADS-003499,Culvert Bridge at Ward-72,Culvert Bridge,Roads & Bridges,DIST-0334,ST-08,PC-0488,CONT-0165,AGENCY-1238,2022-02-05,2022-03-12,2022-09-08,WORK_IN_PROGRESS,17.22136,75.37252
MPLADS-003500,Lift Irrigation Scheme at Ward-73,Lift Irrigation Scheme,Irrigation & Agriculture,DIST-0574,ST-17,PC-0846,CONT-0192,AGENCY-1209,2023-02-21,2023-04-14,2023-09-21,WORK_IN_PROGRESS,19.60673,82.5729
MPLADS-003501,Public Toilet Complex at Ward-14,Public Toilet Complex,Community Infrastructure,DIST-0547,ST-16,PC-0803,CONT-0251,AGENCY-0608,2023-10-02,2023-11-24,2024-03-23,DELAYED,30.22082,73.88997
MPLADS-003502,Farm Pond Renovation at Ward-68,Farm Pond Renovation,Irrigation & Agriculture,DIST-0421,ST-11,PC-0615,CONT-0250,AGENCY-0496,2022-06-05,2022-07-15,2022-12-22,WORK_IN_PROGRESS,21.66118,86.27657
MPLADS-003503,CC Road Construction at Ward-06,CC Road Construction,Roads & Bridges,DIST-0431,ST-11,PC-0628,CONT-0250,AGENCY-0969,2023-11-01,2023-11-24,2024-05-22,WORK_IN_PROGRESS,20.84279,83.56988
MPLADS-003504,Crematorium Shed at Ward-46,Crematorium Shed,Community Infrastructure,DIST-0351,ST-09,PC-0511,CONT-0006,AGENCY-0757,2022-03-17,2022-04-25,2022-08-23,COMPLETED,24.5043,68.4531
MPLADS-003505,Ambulance Vehicle at Ward-34,Ambulance Vehicle,Public Health,DIST-0008,ST-01,PC-0010,CONT-0199,AGENCY-0731,2022-06-21,2022-07-25,2023-02-20,WORK_IN_PROGRESS,27.68369,82.75869
MPLADS-003506,Ayurvedic Dispensary at Ward-15,Ayurvedic Dispensary,Public Health,DIST-0099,ST-02,PC-0142,CONT-0066,AGENCY-0817,2022-10-02,2022-10-17,2023-05-15,WORK_IN_PROGRESS,18.55339,74.09533
MPLADS-003507,Solar High-Mast Light at Ward-93,Solar High-Mast Light,Renewable Energy,DIST-0023,ST-01,PC-0034,CONT-0155,AGENCY-0489,2023-08-27,2023-09-11,2023-11-10,COMPLETED,25.27055,79.28761
MPLADS-003508,Community Hall at Ward-08,Community Hall,Community Infrastructure,DIST-0140,ST-03,PC-0200,CONT-0292,AGENCY-1166,2022-02-08,2022-03-06,2022-07-04,WORK_IN_PROGRESS,27.31056,83.5783
MPLADS-003509,Crematorium Shed at Ward-58,Crematorium Shed,Community Infrastructure,DIST-0459,ST-12,PC-0671,CONT-0185,AGENCY-1145,2022-07-20,2022-08-04,2022-12-02,WORK_IN_PROGRESS,16.49345,79.6302
MPLADS-003510,School Boundary Wall at Ward-47,School Boundary Wall,Education Infrastructure,DIST-0248,ST-06,PC-0361,CONT-0249,AGENCY-0338,2023-10-28,2023-11-16,2024-04-14,WORK_IN_PROGRESS,10.02123,78.01174
MPLADS-003511,Solar High-Mast Light at Ward-74,Solar High-Mast Light,Renewable Energy,DIST-0263,ST-06,PC-0384,CONT-0265,AGENCY-0793,2022-11-26,2023-01-19,2023-03-20,WORK_IN_PROGRESS,10.41361,79.56746
MPLADS-003512,Bituminous Road at Ward-82,Bituminous Road,Roads & Bridges,DIST-0515,ST-15,PC-0752,CONT-0030,AGENCY-0629,2023-03-09,2023-04-23,2023-10-20,WORK_IN_PROGRESS,25.75815,92.86104
MPLADS-003513,Solar Rooftop Panel at Ward-71,Solar Rooftop Panel,Renewable Energy,DIST-0385,ST-10,PC-0557,CONT-0192,AGENCY-0452,2022-05-12,2022-06-05,2022-08-04,COMPLETED,12.72178,79.38202
MPLADS-003514,Piped Water Network at Ward-92,Piped Water Network,Drinking Water,DIST-0069,ST-01,PC-0100,CONT-0182,AGENCY-0151,2023-07-14,2023-08-17,2023-11-15,WORK_IN_PROGRESS,28.69129,82.64622
MPLADS-003515,Multi-Village Hospital Block at Ward-86,Multi-Village Hospital Block,Mega Infrastructure,DIST-0495,ST-14,PC-0722,CONT-0291,AGENCY-0321,2023-10-11,2023-11-27,2024-12-31,WORK_IN_PROGRESS,22.89048,84.73829
MPLADS-003516,Library Room at Ward-35,Library Room,Education Infrastructure,DIST-0608,ST-18,PC-0895,CONT-0227,AGENCY-0702,2022-03-12,2022-04-18,2022-09-15,WORK_IN_PROGRESS,27.80977,74.85699
MPLADS-003517,Community Tank at Ward-39,Community Tank,Drinking Water,DIST-0480,ST-13,PC-0700,CONT-0249,AGENCY-0003,2023-05-12,2023-05-28,2023-08-26,WORK_IN_PROGRESS,9.54879,75.00809
MPLADS-003518,Multi-Village Hospital Block at Ward-68,Multi-Village Hospital Block,Mega Infrastructure,DIST-0414,ST-11,PC-0604,CONT-0193,AGENCY-1202,2022-01-31,2022-03-10,2023-04-14,WORK_IN_PROGRESS,21.32668,87.49558
MPLADS-003519,Community Tank at Ward-11,Community Tank,Drinking Water,DIST-0105,ST-02,PC-0149,CONT-0190,AGENCY-0174,2022-02-12,2022-03-14,2022-06-12,WORK_IN_PROGRESS,16.86137,80.04239
MPLADS-003520,Crematorium Shed at Ward-37,Crematorium Shed,Community Infrastructure,DIST-0408,ST-11,PC-0594,CONT-0303,AGENCY-0179,2022-03-03,2022-04-22,2022-08-20,WORK_IN_PROGRESS,17.85523,82.42869
MPLADS-003521,Solar Street Lighting at Ward-35,Solar Street Lighting,Renewable Energy,DIST-0016,ST-01,PC-0023,CONT-0296,AGENCY-1226,2022-01-11,2022-02-03,2022-04-04,WORK_IN_PROGRESS,24.14363,84.13898
MPLADS-003522,District Sports Complex at Ward-19,District Sports Complex,Mega Infrastructure,DIST-0495,ST-14,PC-0722,CONT-0004,AGENCY-0726,2022-08-12,2022-09-27,2023-11-01,WORK_IN_PROGRESS,22.89577,84.69071
MPLADS-003523,Lift Irrigation Scheme at Ward-31,Lift Irrigation Scheme,Irrigation & Agriculture,DIST-0059,ST-01,PC-0086,CONT-0236,AGENCY-1065,2022-11-09,2022-12-25,2023-06-03,WORK_IN_PROGRESS,26.33523,84.13454
MPLADS-003524,Smart Classroom Lab at Ward-18,Smart Classroom Lab,Education Infrastructure,DIST-0056,ST-01,PC-0083,CONT-0001,AGENCY-1026,2022-03-23,2022-05-10,2022-10-07,WORK_IN_PROGRESS,26.38208,80.80955
MPLADS-003525,Public Toilet Complex at Ward-68,Public Toilet Complex,Community Infrastructure,DIST-0016,ST-01,PC-0024,CONT-0144,AGENCY-0310,2023-07-07,2023-08-21,2023-12-19,WORK_IN_PROGRESS,24.21331,84.12009
MPLADS-003526,Public Toilet Complex at Ward-77,Public Toilet Complex,Community Infrastructure,DIST-0173,ST-05,PC-0245,CONT-0042,AGENCY-0156,2022-11-22,2022-12-19,2023-04-18,DELAYED,22.31317,77.03525
MPLADS-003527,Solar Rooftop Panel at Ward-37,Solar Rooftop Panel,Renewable Energy,DIST-0019,ST-01,PC-0028,CONT-0096,AGENCY-0857,2023-07-09,2023-08-11,2023-10-10,WORK_IN_PROGRESS,25.56439,77.23995
MPLADS-003528,Check Dam at Ward-83,Check Dam,Irrigation & Agriculture,DIST-0433,ST-11,PC-0631,CONT-0249,AGENCY-0349,2023-10-09,2023-10-31,2024-04-08,WORK_IN_PROGRESS,21.04503,86.92741
MPLADS-003529,Solar Rooftop Panel at Ward-96,Solar Rooftop Panel,Renewable Energy,DIST-0398,ST-10,PC-0578,CONT-0152,AGENCY-1118,2023-06-27,2023-08-22,2023-10-21,WORK_IN_PROGRESS,13.77709,84.29239
MPLADS-003530,Major River Overbridge at Ward-28,Major River Overbridge,Mega Infrastructure,DIST-0394,ST-10,PC-0570,CONT-0208,AGENCY-0550,2022-05-08,2022-06-30,2023-08-04,WORK_IN_PROGRESS,13.26343,77.78439
MPLADS-003531,Solar Rooftop Panel at Ward-47,Solar Rooftop Panel,Renewable Energy,DIST-0418,ST-11,PC-0610,CONT-0250,AGENCY-0185,2023-02-28,2023-03-16,2023-05-15,WORK_IN_PROGRESS,21.8759,83.37036
MPLADS-003532,District Sports Complex at Ward-37,District Sports Complex,Mega Infrastructure,DIST-0239,ST-06,PC-0347,CONT-0034,AGENCY-0023,2022-08-15,2022-10-09,2023-11-13,WORK_IN_PROGRESS,12.23087,79.77031
MPLADS-003533,Solar High-Mast Light at Ward-20,Solar High-Mast Light,Renewable Energy,DIST-0135,ST-03,PC-0194,CONT-0150,AGENCY-0087,2022-12-29,2023-02-21,2023-04-22,WORK_IN_PROGRESS,24.71698,86.0764
MPLADS-003534,District Sports Complex at Ward-31,District Sports Complex,Mega Infrastructure,DIST-0590,ST-17,PC-0870,CONT-0065,AGENCY-1014,2023-08-03,2023-09-28,2024-11-01,WORK_IN_PROGRESS,21.1584,82.69673
MPLADS-003535,Yatri Shed at Ward-87,Yatri Shed,Community Infrastructure,DIST-0046,ST-01,PC-0067,CONT-0096,AGENCY-0735,2022-07-28,2022-09-23,2023-01-21,WORK_IN_PROGRESS,25.87344,83.22487
MPLADS-003536,School Additional Classroom at Ward-07,School Additional Classroom,Education Infrastructure,DIST-0310,ST-07,PC-0456,CONT-0065,AGENCY-0855,2022-06-15,2022-07-01,2022-11-28,COMPLETED,24.28954,70.45546
MPLADS-003537,CC Road Construction at Ward-23,CC Road Construction,Roads & Bridges,DIST-0551,ST-16,PC-0809,CONT-0117,AGENCY-0535,2022-05-30,2022-07-08,2023-01-04,WORK_IN_PROGRESS,31.30709,76.23117
MPLADS-003538,Ambulance Vehicle at Ward-62,Ambulance Vehicle,Public Health,DIST-0358,ST-09,PC-0520,CONT-0039,AGENCY-0017,2022-01-25,2022-03-08,2022-10-04,WORK_IN_PROGRESS,22.87896,74.02299
MPLADS-003539,School Additional Classroom at Ward-09,School Additional Classroom,Education Infrastructure,DIST-0013,ST-01,PC-0019,CONT-0023,AGENCY-0617,2022-03-28,2022-05-12,2022-10-09,WORK_IN_PROGRESS,25.69575,77.75679
MPLADS-003540,Crematorium Shed at Ward-66,Crematorium Shed,Community Infrastructure,DIST-0586,ST-17,PC-0864,CONT-0110,AGENCY-0271,2022-10-14,2022-12-10,2023-04-09,COMPLETED,19.82621,80.21993
MPLADS-003541,Solar Rooftop Panel at Ward-78,Solar Rooftop Panel,Renewable Energy,DIST-0068,ST-01,PC-0098,CONT-0277,AGENCY-0629,2022-04-07,2022-05-24,2022-07-23,WORK_IN_PROGRESS,29.69186,77.93028
MPLADS-003542,Deep Tube Well at Ward-60,Deep Tube Well,Drinking Water,DIST-0078,ST-02,PC-0113,CONT-0090,AGENCY-0444,2022-08-25,2022-09-29,2022-12-28,WORK_IN_PROGRESS,19.38011,77.75645
MPLADS-003543,Maternity Ward Facility at Ward-67,Maternity Ward Facility,Public Health,DIST-0194,ST-05,PC-0278,CONT-0145,AGENCY-1060,2022-09-17,2022-10-26,2023-05-24,WORK_IN_PROGRESS,25.19946,76.20325
MPLADS-003544,Crematorium Shed at Ward-05,Crematorium Shed,Community Infrastructure,DIST-0423,ST-11,PC-0618,CONT-0049,AGENCY-0349,2023-11-27,2024-01-02,2024-05-01,WORK_IN_PROGRESS,19.10049,81.68622
MPLADS-003545,RO Water Plant at Ward-94,RO Water Plant,Drinking Water,DIST-0011,ST-01,PC-0016,CONT-0170,AGENCY-0449,2022-03-20,2022-04-07,2022-07-06,WORK_IN_PROGRESS,27.26676,78.14901
MPLADS-003546,Lift Irrigation Scheme at Ward-70,Lift Irrigation Scheme,Irrigation & Agriculture,DIST-0366,ST-09,PC-0530,CONT-0142,AGENCY-0766,2022-03-09,2022-03-27,2022-09-03,WORK_IN_PROGRESS,23.22454,73.31648
MPLADS-003547,District Sports Complex at Ward-73,District Sports Complex,Mega Infrastructure,DIST-0497,ST-14,PC-0725,CONT-0014,AGENCY-1181,2023-06-14,2023-07-07,2024-08-10,WORK_IN_PROGRESS,23.11902,84.04898
MPLADS-003548,Piped Water Network at Ward-87,Piped Water Network,Drinking Water,DIST-0200,ST-05,PC-0288,CONT-0167,AGENCY-0502,2022-09-20,2022-10-07,2023-01-05,WORK_IN_PROGRESS,24.77117,81.23076
MPLADS-003549,Piped Water Network at Ward-23,Piped Water Network,Drinking Water,DIST-0293,ST-07,PC-0428,CONT-0272,AGENCY-0495,2022-09-12,2022-10-18,2023-01-16,WORK_IN_PROGRESS,27.27565,73.1622
MPLADS-003550,Farm Pond Renovation at Ward-36,Farm Pond Renovation,Irrigation & Agriculture,DIST-0050,ST-01,PC-0073,CONT-0210,AGENCY-1084,2022-02-22,2022-03-23,2022-08-30,DELAYED,28.73025,78.49043
MPLADS-003551,Check Dam at Ward-76,Check Dam,Irrigation & Agriculture,DIST-0243,ST-06,PC-0353,CONT-0164,AGENCY-1228,2023-06-04,2023-07-30,2024-01-06,DELAYED,10.01491,78.62594
MPLADS-003552,Maternity Ward Facility at Ward-56,Maternity Ward Facility,Public Health,DIST-0298,ST-07,PC-0436,CONT-0203,AGENCY-0825,2022-02-04,2022-03-22,2022-10-18,WORK_IN_PROGRESS,27.53362,73.36126
MPLADS-003553,Public Toilet Complex at Ward-41,Public Toilet Complex,Community Infrastructure,DIST-0483,ST-14,PC-0705,CONT-0158,AGENCY-0186,2022-10-29,2022-12-08,2023-04-07,WORK_IN_PROGRESS,22.352,87.24393
MPLADS-003554,Lift Irrigation Scheme at Ward-75,Lift Irrigation Scheme,Irrigation & Agriculture,DIST-0524,ST-15,PC-0768,CONT-0057,AGENCY-0802,2022-03-14,2022-04-30,2022-10-07,WORK_IN_PROGRESS,25.34923,91.94814
MPLADS-003555,Farm Pond Renovation at Ward-27,Farm Pond Renovation,Irrigation & Agriculture,DIST-0339,ST-08,PC-0494,CONT-0132,AGENCY-0491,2022-09-22,2022-10-16,2023-03-25,WORK_IN_PROGRESS,16.42483,76.73157
MPLADS-003556,Crematorium Shed at Ward-70,Crematorium Shed,Community Infrastructure,DIST-0471,ST-13,PC-0687,CONT-0076,AGENCY-0520,2022-10-25,2022-12-18,2023-04-17,WORK_IN_PROGRESS,9.46551,75.36927
MPLADS-003557,Solar Street Lighting at Ward-03,Solar Street Lighting,Renewable Energy,DIST-0537,ST-15,PC-0788,CONT-0108,AGENCY-0933,2023-02-09,2023-04-02,2023-06-01,COMPLETED,26.19812,94.15416
MPLADS-003558,Yatri Shed at Ward-93,Yatri Shed,Community Infrastructure,DIST-0163,ST-04,PC-0231,CONT-0287,AGENCY-0879,2023-02-14,2023-03-04,2023-07-02,COMPLETED,24.88111,88.96257
MPLADS-003559,Solar Street Lighting at Ward-56,Solar Street Lighting,Renewable Energy,DIST-0268,ST-07,PC-0390,CONT-0246,AGENCY-1159,2022-08-30,2022-09-28,2022-11-27,COMPLETED,27.03473,74.51711
MPLADS-003560,Piped Water Network at Ward-40,Piped Water Network,Drinking Water,DIST-0583,ST-17,PC-0861,CONT-0073,AGENCY-0487,2022-10-19,2022-11-04,2023-02-02,WORK_IN_PROGRESS,18.26125,82.02477
MPLADS-003561,Check Dam at Ward-17,Check Dam,Irrigation & Agriculture,DIST-0063,ST-01,PC-0091,CONT-0143,AGENCY-1070,2022-02-15,2022-03-31,2022-09-07,WORK_IN_PROGRESS,24.50977,78.75617
MPLADS-003562,School Boundary Wall at Ward-85,School Boundary Wall,Education Infrastructure,DIST-0248,ST-06,PC-0361,CONT-0289,AGENCY-1082,2022-11-20,2022-12-16,2023-05-15,WORK_IN_PROGRESS,9.97034,78.05781
MPLADS-003563,Primary Health Sub-Centre at Ward-08,Primary Health Sub-Centre,Public Health,DIST-0155,ST-04,PC-0218,CONT-0305,AGENCY-0872,2022-02-06,2022-02-24,2022-09-22,WORK_IN_PROGRESS,23.86202,87.2589
MPLADS-003564,CC Road Construction at Ward-08,CC Road Construction,Roads & Bridges,DIST-0429,ST-11,PC-0625,CONT-0137,AGENCY-1209,2023-10-21,2023-11-09,2024-05-07,WORK_IN_PROGRESS,22.23801,84.61387
MPLADS-003565,Multi-Village Hospital Block at Ward-51,Multi-Village Hospital Block,Mega Infrastructure,DIST-0066,ST-01,PC-0095,CONT-0105,AGENCY-0868,2023-06-20,2023-07-22,2024-08-25,WORK_IN_PROGRESS,24.11766,83.94809
MPLADS-003566,CC Road Construction at Ward-57,CC Road Construction,Roads & Bridges,DIST-0394,ST-10,PC-0570,CONT-0156,AGENCY-0809,2023-10-06,2023-11-16,2024-05-14,WORK_IN_PROGRESS,13.23384,77.69239
MPLADS-003567,Smart Classroom Lab at Ward-27,Smart Classroom Lab,Education Infrastructure,DIST-0435,ST-11,PC-0634,CONT-0235,AGENCY-0183,2023-01-11,2023-02-08,2023-07-08,WORK_IN_PROGRESS,18.1892,82.62089
MPLADS-003568,Culvert Bridge at Ward-54,Culvert Bridge,Roads & Bridges,DIST-0063,ST-01,PC-0091,CONT-0247,AGENCY-1024,2022-09-05,2022-11-03,2023-05-02,WORK_IN_PROGRESS,24.60538,78.87718
MPLADS-003569,Community Tank at Ward-24,Community Tank,Drinking Water,DIST-0060,ST-01,PC-0088,CONT-0281,AGENCY-0948,2023-02-24,2023-03-16,2023-06-14,WORK_IN_PROGRESS,25.33374,81.00194
MPLADS-003570,Primary Health Sub-Centre at Ward-80,Primary Health Sub-Centre,Public Health,DIST-0159,ST-04,PC-0224,CONT-0028,AGENCY-1081,2022-11-04,2022-12-29,2023-07-27,WORK_IN_PROGRESS,25.9521,87.76112
MPLADS-003571,Solar Street Lighting at Ward-97,Solar Street Lighting,Renewable Energy,DIST-0566,ST-17,PC-0833,CONT-0256,AGENCY-0121,2023-06-23,2023-07-18,2023-09-16,DELAYED,20.19347,80.26576
MPLADS-003572,Community Tank at Ward-97,Community Tank,Drinking Water,DIST-0435,ST-11,PC-0635,CONT-0196,AGENCY-0382,2022-06-08,2022-08-04,2022-11-02,DELAYED,18.16119,82.72514
MPLADS-003573,Deep Tube Well at Ward-13,Deep Tube Well,Drinking Water,DIST-0003,ST-01,PC-0005,CONT-0146,AGENCY-0601,2022-07-25,2022-09-05,2022-12-04,WORK_IN_PROGRESS,28.15213,82.62761
MPLADS-003574,Farm Pond Renovation at Ward-76,Farm Pond Renovation,Irrigation & Agriculture,DIST-0344,ST-08,PC-0503,CONT-0198,AGENCY-0562,2022-11-02,2022-12-01,2023-05-10,COMPLETED,16.03627,77.45903
MPLADS-003575,District Sports Complex at Ward-13,District Sports Complex,Mega Infrastructure,DIST-0478,ST-13,PC-0698,CONT-0051,AGENCY-0315,2023-01-24,2023-03-05,2024-04-08,WORK_IN_PROGRESS,12.17257,75.59007
MPLADS-003576,Smart Classroom Lab at Ward-32,Smart Classroom Lab,Education Infrastructure,DIST-0319,ST-08,PC-0467,CONT-0209,AGENCY-0337,2022-04-10,2022-05-13,2022-10-10,WORK_IN_PROGRESS,16.66998,75.98542
MPLADS-003577,Ambulance Vehicle at Ward-61,Ambulance Vehicle,Public Health,DIST-0076,ST-02,PC-0110,CONT-0086,AGENCY-0800,2022-06-15,2022-08-09,2023-03-07,WORK_IN_PROGRESS,16.40074,75.47854
MPLADS-003578,Multi-Village Hospital Block at Ward-16,Multi-Village Hospital Block,Mega Infrastructure,DIST-0617,ST-18,PC-0908,CONT-0302,AGENCY-0104,2023-09-27,2023-10-25,2024-11-28,WORK_IN_PROGRESS,29.37398,76.33351
MPLADS-003579,Solar Street Lighting at Ward-90,Solar Street Lighting,Renewable Energy,DIST-0580,ST-17,PC-0857,CONT-0146,AGENCY-0085,2022-01-16,2022-02-27,2022-04-28,WORK_IN_PROGRESS,23.8227,84.05471
MPLADS-003580,Ambulance Vehicle at Ward-41,Ambulance Vehicle,Public Health,DIST-0011,ST-01,PC-0016,CONT-0125,AGENCY-0427,2022-08-30,2022-10-17,2023-05-15,COMPLETED,27.17738,78.11752
MPLADS-003581,Lift Irrigation Scheme at Ward-05,Lift Irrigation Scheme,Irrigation & Agriculture,DIST-0204,ST-05,PC-0295,CONT-0257,AGENCY-1019,2023-04-18,2023-05-11,2023-10-18,WORK_IN_PROGRESS,24.29911,80.30425
MPLADS-003582,Smart Classroom Lab at Ward-79,Smart Classroom Lab,Education Infrastructure,DIST-0015,ST-01,PC-0022,CONT-0247,AGENCY-0708,2023-11-22,2023-12-19,2024-05-17,WORK_IN_PROGRESS,27.22165,79.53747
MPLADS-003583,School Boundary Wall at Ward-18,School Boundary Wall,Education Infrastructure,DIST-0190,ST-05,PC-0271,CONT-0294,AGENCY-0503,2022-05-04,2022-06-28,2022-11-25,COMPLETED,24.71077,78.48833
MPLADS-003584,Community Hall at Ward-30,Community Hall,Community Infrastructure,DIST-0077,ST-02,PC-0111,CONT-0045,AGENCY-0956,2022-06-12,2022-06-29,2022-10-27,WORK_IN_PROGRESS,21.81201,78.45017
MPLADS-003585,Farm Pond Renovation at Ward-25,Farm Pond Renovation,Irrigation & Agriculture,DIST-0237,ST-06,PC-0345,CONT-0247,AGENCY-1023,2022-10-07,2022-11-19,2023-04-28,WORK_IN_PROGRESS,8.18922,77.22775
MPLADS-003586,Public Toilet Complex at Ward-80,Public Toilet Complex,Community Infrastructure,DIST-0067,ST-01,PC-0096,CONT-0041,AGENCY-0259,2022-04-08,2022-05-17,2022-09-14,WORK_IN_PROGRESS,28.09651,84.31808
MPLADS-003587,Crematorium Shed at Ward-43,Crematorium Shed,Community Infrastructure,DIST-0286,ST-07,PC-0420,CONT-0088,AGENCY-0987,2022-08-16,2022-09-04,2023-01-02,WORK_IN_PROGRESS,26.83341,74.6575
MPLADS-003588,Solar High-Mast Light at Ward-95,Solar High-Mast Light,Renewable Energy,DIST-0337,ST-08,PC-0492,CONT-0208,AGENCY-0571,2022-04-06,2022-05-16,2022-07-15,COMPLETED,13.79088,75.04203
MPLADS-003589,Ambulance Vehicle at Ward-48,Ambulance Vehicle,Public Health,DIST-0574,ST-17,PC-0846,CONT-0231,AGENCY-0804,2023-04-14,2023-05-29,2023-12-25,WORK_IN_PROGRESS,19.61133,82.6435
MPLADS-003590,Community Hall at Ward-79,Community Hall,Community Infrastructure,DIST-0558,ST-16,PC-0819,CONT-0266,AGENCY-0695,2023-08-10,2023-09-02,2023-12-31,WORK_IN_PROGRESS,30.66245,74.27597
MPLADS-003591,Solar Street Lighting at Ward-10,Solar Street Lighting,Renewable Energy,DIST-0030,ST-01,PC-0043,CONT-0215,AGENCY-0391,2022-09-03,2022-10-24,2022-12-23,WORK_IN_PROGRESS,29.43031,79.2758
MPLADS-003592,Multi-Village Hospital Block at Ward-58,Multi-Village Hospital Block,Mega Infrastructure,DIST-0107,ST-02,PC-0152,CONT-0206,AGENCY-1064,2022-04-05,2022-05-05,2023-06-09,WORK_IN_PROGRESS,16.46938,80.06484
MPLADS-003593,Library Room at Ward-73,Library Room,Education Infrastructure,DIST-0154,ST-04,PC-0217,CONT-0226,AGENCY-0970,2022-10-15,2022-11-28,2023-04-27,WORK_IN_PROGRESS,26.64524,87.1622
MPLADS-003594,Bituminous Road at Ward-13,Bituminous Road,Roads & Bridges,DIST-0204,ST-05,PC-0294,CONT-0139,AGENCY-0017,2023-09-03,2023-10-19,2024-04-16,WORK_IN_PROGRESS,24.27595,80.21129
MPLADS-003595,Lift Irrigation Scheme at Ward-27,Lift Irrigation Scheme,Irrigation & Agriculture,DIST-0334,ST-08,PC-0487,CONT-0181,AGENCY-0042,2022-05-14,2022-06-27,2022-12-04,WORK_IN_PROGRESS,17.20695,75.38153
MPLADS-003596,Smart Classroom Lab at Ward-07,Smart Classroom Lab,Education Infrastructure,DIST-0225,ST-05,PC-0329,CONT-0185,AGENCY-0967,2023-08-06,2023-09-21,2024-02-18,WORK_IN_PROGRESS,23.24481,78.41755
MPLADS-003597,Solar High-Mast Light at Ward-27,Solar High-Mast Light,Renewable Energy,DIST-0266,ST-07,PC-0387,CONT-0141,AGENCY-0193,2023-10-04,2023-10-23,2023-12-22,WORK_IN_PROGRESS,25.08697,70.81751
MPLADS-003598,CC Road Construction at Ward-78,CC Road Construction,Roads & Bridges,DIST-0261,ST-06,PC-0380,CONT-0256,AGENCY-0190,2022-01-05,2022-02-13,2022-08-12,WORK_IN_PROGRESS,12.8498,77.59115
MPLADS-003599,CC Road Construction at Ward-53,CC Road Construction,Roads & Bridges,DIST-0499,ST-14,PC-0727,CONT-0182,AGENCY-1158,2022-12-18,2023-02-01,2023-07-31,COMPLETED,24.21929,83.73757
MPLADS-003600,District Sports Complex at Ward-52,District Sports Complex,Mega Infrastructure,DIST-0333,ST-08,PC-0486,CONT-0246,AGENCY-0691,2022-05-28,2022-07-09,2023-08-13,WORK_IN_PROGRESS,12.16684,76.79384
MPLADS-003601,Culvert Bridge at Ward-75,Culvert Bridge,Roads & Bridges,DIST-0135,ST-03,PC-0194,CONT-0095,AGENCY-1054,2022-04-29,2022-05-27,2022-11-23,WORK_IN_PROGRESS,24.66789,86.06714
MPLADS-003602,Smart Classroom Lab at Ward-08,Smart Classroom Lab,Education Infrastructure,DIST-0559,ST-16,PC-0821,CONT-0094,AGENCY-0955,2022-02-28,2022-04-27,2022-09-24,COMPLETED,31.22438,74.97971
MPLADS-003603,Lift Irrigation Scheme at Ward-37,Lift Irrigation Scheme,Irrigation & Agriculture,DIST-0465,ST-12,PC-0679,CONT-0024,AGENCY-0475,2022-10-08,2022-11-01,2023-04-10,DELAYED,17.31087,81.28038
MPLADS-003604,District Sports Complex at Ward-55,District Sports Complex,Mega Infrastructure,DIST-0004,ST-01,PC-0006,CONT-0209,AGENCY-0930,2023-06-09,2023-06-28,2024-08-01,WORK_IN_PROGRESS,25.00629,82.13811
MPLADS-003605,School Additional Classroom at Ward-10,School Additional Classroom,Education Infrastructure,DIST-0564,ST-16,PC-0829,CONT-0206,AGENCY-1068,2023-11-14,2023-12-16,2024-05-14,WORK_IN_PROGRESS,32.24212,75.33612
MPLADS-003606,Solar Street Lighting at Ward-32,Solar Street Lighting,Renewable Energy,DIST-0615,ST-18,PC-0904,CONT-0257,AGENCY-0495,2023-11-15,2023-12-18,2024-02-16,WORK_IN_PROGRESS,29.01856,76.59198
MPLADS-003607,Solar Street Lighting at Ward-73,Solar Street Lighting,Renewable Energy,DIST-0050,ST-01,PC-0073,CONT-0139,AGENCY-0331,2022-09-23,2022-10-16,2022-12-15,WORK_IN_PROGRESS,28.78472,78.45691
MPLADS-003608,Bituminous Road at Ward-66,Bituminous Road,Roads & Bridges,DIST-0111,ST-02,PC-0160,CONT-0058,AGENCY-0835,2022-07-23,2022-09-12,2023-03-11,WORK_IN_PROGRESS,19.54205,78.44183
MPLADS-003609,Community Tank at Ward-10,Community Tank,Drinking Water,DIST-0372,ST-09,PC-0539,CONT-0124,AGENCY-0791,2022-11-07,2022-12-20,2023-03-20,WORK_IN_PROGRESS,23.88979,71.30456
MPLADS-003610,Community Tank at Ward-07,Community Tank,Drinking Water,DIST-0100,ST-02,PC-0143,CONT-0155,AGENCY-0086,2023-01-28,2023-03-14,2023-06-12,WORK_IN_PROGRESS,17.01249,73.25903
MPLADS-003611,Maternity Ward Facility at Ward-32,Maternity Ward Facility,Public Health,DIST-0166,ST-04,PC-0235,CONT-0025,AGENCY-0258,2022-02-01,2022-03-28,2022-10-24,WORK_IN_PROGRESS,24.19383,87.16077
MPLADS-003612,Maternity Ward Facility at Ward-23,Maternity Ward Facility,Public Health,DIST-0323,ST-08,PC-0472,CONT-0126,AGENCY-0218,2023-02-07,2023-03-25,2023-10-21,WORK_IN_PROGRESS,15.74984,78.48856
MPLADS-003613,School Boundary Wall at Ward-63,School Boundary Wall,Education Infrastructure,DIST-0118,ST-03,PC-0171,CONT-0220,AGENCY-0845,2023-10-14,2023-11-09,2024-04-07,COMPLETED,26.50435,87.48095
MPLADS-003614,CC Road Construction at Ward-25,CC Road Construction,Roads & Bridges,DIST-0482,ST-13,PC-0704,CONT-0088,AGENCY-1148,2023-11-15,2024-01-04,2024-07-02,WORK_IN_PROGRESS,10.83411,75.20738
MPLADS-003615,Maternity Ward Facility at Ward-08,Maternity Ward Facility,Public Health,DIST-0298,ST-07,PC-0436,CONT-0137,AGENCY-0990,2022-11-14,2023-01-09,2023-08-07,COMPLETED,27.53356,73.26816
MPLADS-003616,Primary Health Sub-Centre at Ward-01,Primary Health Sub-Centre,Public Health,DIST-0318,ST-08,PC-0466,CONT-0241,AGENCY-0965,2023-07-31,2023-09-01,2024-03-29,WORK_IN_PROGRESS,14.17003,75.86789
MPLADS-003617,Culvert Bridge at Ward-54,Culvert Bridge,Roads & Bridges,DIST-0543,ST-16,PC-0797,CONT-0186,AGENCY-0114,2023-07-07,2023-08-12,2024-02-08,DELAYED,31.54156,75.57768
MPLADS-003618,School Additional Classroom at Ward-85,School Additional Classroom,Education Infrastructure,DIST-0560,ST-16,PC-0822,CONT-0101,AGENCY-0403,2022-02-05,2022-02-23,2022-07-23,WORK_IN_PROGRESS,30.38698,75.55433
MPLADS-003619,Culvert Bridge at Ward-57,Culvert Bridge,Roads & Bridges,DIST-0361,ST-09,PC-0523,CONT-0286,AGENCY-0737,2022-01-28,2022-02-14,2022-08-13,WORK_IN_PROGRESS,22.20304,70.90624
MPLADS-003620,Ambulance Vehicle at Ward-70,Ambulance Vehicle,Public Health,DIST-0224,ST-05,PC-0327,CONT-0103,AGENCY-0208,2023-07-12,2023-09-09,2024-04-06,WORK_IN_PROGRESS,25.85211,78.1731
MPLADS-003621,Maternity Ward Facility at Ward-48,Maternity Ward Facility,Public Health,DIST-0284,ST-07,PC-0416,CONT-0207,AGENCY-0375,2022-09-27,2022-11-25,2023-06-23,WORK_IN_PROGRESS,25.88983,77.70165
MPLADS-003622,Community Tank at Ward-86,Community Tank,Drinking Water,DIST-0233,ST-06,PC-0339,CONT-0030,AGENCY-0291,2023-02-25,2023-04-01,2023-06-30,COMPLETED,9.37821,77.65053
MPLADS-003623,Multi-Village Hospital Block at Ward-03,Multi-Village Hospital Block,Mega Infrastructure,DIST-0551,ST-16,PC-0810,CONT-0189,AGENCY-0508,2023-07-12,2023-08-09,2024-09-12,COMPLETED,31.25516,76.29816
MPLADS-003624,Community Hall at Ward-47,Community Hall,Community Infrastructure,DIST-0478,ST-13,PC-0698,CONT-0241,AGENCY-0602,2023-07-10,2023-09-02,2023-12-31,WORK_IN_PROGRESS,12.07006,75.59422
MPLADS-003625,Paver Block Road at Ward-87,Paver Block Road,Roads & Bridges,DIST-0567,ST-17,PC-0834,CONT-0057,AGENCY-0551,2023-11-20,2023-12-20,2024-06-17,WORK_IN_PROGRESS,22.41934,81.48227
MPLADS-003626,Public Toilet Complex at Ward-63,Public Toilet Complex,Community Infrastructure,DIST-0277,ST-07,PC-0405,CONT-0132,AGENCY-0561,2022-11-09,2023-01-04,2023-05-04,WORK_IN_PROGRESS,25.04769,70.37882
MPLADS-003627,RO Water Plant at Ward-06,RO Water Plant,Drinking Water,DIST-0277,ST-07,PC-0406,CONT-0262,AGENCY-0516,2022-05-27,2022-06-26,2022-09-24,WORK_IN_PROGRESS,24.9743,70.37338
MPLADS-003628,Deep Tube Well at Ward-86,Deep Tube Well,Drinking Water,DIST-0027,ST-01,PC-0039,CONT-0079,AGENCY-0814,2022-12-27,2023-02-18,2023-05-19,WORK_IN_PROGRESS,29.23084,80.46132
MPLADS-003629,Primary Health Sub-Centre at Ward-29,Primary Health Sub-Centre,Public Health,DIST-0027,ST-01,PC-0039,CONT-0068,AGENCY-0014,2023-04-16,2023-06-13,2024-01-09,WORK_IN_PROGRESS,29.26811,80.48557
MPLADS-003630,Paver Block Road at Ward-98,Paver Block Road,Roads & Bridges,DIST-0552,ST-16,PC-0812,CONT-0287,AGENCY-0608,2023-11-26,2023-12-27,2024-06-24,WORK_IN_PROGRESS,32.00436,74.34345
MPLADS-003631,Primary Health Sub-Centre at Ward-91,Primary Health Sub-Centre,Public Health,DIST-0193,ST-05,PC-0276,CONT-0018,AGENCY-0111,2023-04-29,2023-05-14,2023-12-10,WORK_IN_PROGRESS,24.92829,78.81524
MPLADS-003632,Library Room at Ward-34,Library Room,Education Infrastructure,DIST-0213,ST-05,PC-0310,CONT-0196,AGENCY-0817,2022-10-09,2022-10-24,2023-03-23,WORK_IN_PROGRESS,23.39838,77.82226
MPLADS-003633,Community Hall at Ward-12,Community Hall,Community Infrastructure,DIST-0520,ST-15,PC-0761,CONT-0214,AGENCY-1204,2023-06-05,2023-07-19,2023-11-16,WORK_IN_PROGRESS,26.24269,92.15218
MPLADS-003634,Yatri Shed at Ward-29,Yatri Shed,Community Infrastructure,DIST-0063,ST-01,PC-0092,CONT-0244,AGENCY-0113,2023-09-08,2023-10-23,2024-02-20,WORK_IN_PROGRESS,24.60173,78.75648
MPLADS-003635,Yatri Shed at Ward-13,Yatri Shed,Community Infrastructure,DIST-0192,ST-05,PC-0275,CONT-0136,AGENCY-0604,2022-10-07,2022-11-22,2023-03-22,WORK_IN_PROGRESS,25.81216,76.51606
MPLADS-003636,School Boundary Wall at Ward-56,School Boundary Wall,Education Infrastructure,DIST-0425,ST-11,PC-0620,CONT-0038,AGENCY-0870,2023-04-13,2023-06-05,2023-11-02,WORK_IN_PROGRESS,21.4696,84.92949
MPLADS-003637,Multi-Village Hospital Block at Ward-53,Multi-Village Hospital Block,Mega Infrastructure,DIST-0103,ST-02,PC-0147,CONT-0035,AGENCY-1217,2022-06-11,2022-08-08,2023-09-12,WORK_IN_PROGRESS,17.45965,76.99679
MPLADS-003638,School Boundary Wall at Ward-87,School Boundary Wall,Education Infrastructure,DIST-0160,ST-04,PC-0225,CONT-0123,AGENCY-0131,2022-05-04,2022-06-20,2022-11-17,WORK_IN_PROGRESS,23.50744,87.11407
MPLADS-003639,Solar Rooftop Panel at Ward-09,Solar Rooftop Panel,Renewable Energy,DIST-0579,ST-17,PC-0855,CONT-0025,AGENCY-0995,2022-08-11,2022-09-14,2022-11-13,WORK_IN_PROGRESS,18.66772,82.10305
MPLADS-003640,RO Water Plant at Ward-58,RO Water Plant,Drinking Water,DIST-0429,ST-11,PC-0626,CONT-0301,AGENCY-1179,2023-01-14,2023-03-08,2023-06-06,WORK_IN_PROGRESS,22.24811,84.50627
MPLADS-003641,District Sports Complex at Ward-65,District Sports Complex,Mega Infrastructure,DIST-0038,ST-01,PC-0057,CONT-0131,AGENCY-0699,2022-08-31,2022-10-25,2023-11-29,WORK_IN_PROGRESS,28.0626,77.74008
MPLADS-003642,Multi-Village Hospital Block at Ward-27,Multi-Village Hospital Block,Mega Infrastructure,DIST-0230,ST-06,PC-0335,CONT-0278,AGENCY-0766,2023-05-01,2023-05-25,2024-06-28,WORK_IN_PROGRESS,8.23654,80.26461
MPLADS-003643,Ayurvedic Dispensary at Ward-83,Ayurvedic Dispensary,Public Health,DIST-0228,ST-06,PC-0332,CONT-0036,AGENCY-0787,2022-01-09,2022-02-26,2022-09-24,WORK_IN_PROGRESS,12.35848,78.83874
MPLADS-003644,Check Dam at Ward-58,Check Dam,Irrigation & Agriculture,DIST-0495,ST-14,PC-0723,CONT-0108,AGENCY-0493,2022-04-23,2022-05-14,2022-10-21,WORK_IN_PROGRESS,22.78055,84.69947
MPLADS-003645,Major River Overbridge at Ward-94,Major River Overbridge,Mega Infrastructure,DIST-0367,ST-09,PC-0532,CONT-0080,AGENCY-0618,2022-12-16,2023-02-12,2024-03-18,WORK_IN_PROGRESS,20.49598,69.20258
MPLADS-003646,Maternity Ward Facility at Ward-24,Maternity Ward Facility,Public Health,DIST-0423,ST-11,PC-0618,CONT-0297,AGENCY-0821,2022-03-22,2022-05-15,2022-12-11,DELAYED,19.11951,81.60488
MPLADS-003647,Paver Block Road at Ward-25,Paver Block Road,Roads & Bridges,DIST-0392,ST-10,PC-0566,CONT-0192,AGENCY-0380,2022-06-21,2022-07-25,2023-01-21,WORK_IN_PROGRESS,17.79273,81.96749
MPLADS-003648,Lift Irrigation Scheme at Ward-46,Lift Irrigation Scheme,Irrigation & Agriculture,DIST-0519,ST-15,PC-0758,CONT-0309,AGENCY-1071,2023-10-13,2023-11-28,2024-05-06,COMPLETED,25.7165,95.08504
MPLADS-003649,Community Tank at Ward-68,Community Tank,Drinking Water,DIST-0249,ST-06,PC-0363,CONT-0206,AGENCY-0491,2022-11-16,2022-12-10,2023-03-10,WORK_IN_PROGRESS,11.53418,77.58158
MPLADS-003650,Ayurvedic Dispensary at Ward-52,Ayurvedic Dispensary,Public Health,DIST-0119,ST-03,PC-0172,CONT-0058,AGENCY-0445,2023-07-19,2023-09-13,2024-04-10,WORK_IN_PROGRESS,26.34555,84.56181
MPLADS-003651,Maternity Ward Facility at Ward-48,Maternity Ward Facility,Public Health,DIST-0080,ST-02,PC-0118,CONT-0029,AGENCY-1110,2022-09-24,2022-11-07,2023-06-05,WORK_IN_PROGRESS,19.19141,73.36979
MPLADS-003652,Yatri Shed at Ward-09,Yatri Shed,Community Infrastructure,DIST-0490,ST-14,PC-0715,CONT-0065,AGENCY-0128,2022-10-26,2022-12-21,2023-04-20,WORK_IN_PROGRESS,24.20709,84.99145
MPLADS-003653,Public Toilet Complex at Ward-17,Public Toilet Complex,Community Infrastructure,DIST-0349,ST-09,PC-0508,CONT-0197,AGENCY-0358,2023-08-22,2023-09-08,2024-01-06,WORK_IN_PROGRESS,20.89217,69.31835
MPLADS-003654,Major River Overbridge at Ward-67,Major River Overbridge,Mega Infrastructure,DIST-0220,ST-05,PC-0320,CONT-0117,AGENCY-1201,2022-11-18,2022-12-04,2024-01-08,WORK_IN_PROGRESS,23.84271,76.65892
MPLADS-003655,Major River Overbridge at Ward-82,Major River Overbridge,Mega Infrastructure,DIST-0125,ST-03,PC-0181,CONT-0250,AGENCY-0708,2023-07-05,2023-07-30,2024-09-02,WORK_IN_PROGRESS,26.82089,84.30259
MPLADS-003656,Solar Street Lighting at Ward-40,Solar Street Lighting,Renewable Energy,DIST-0035,ST-01,PC-0052,CONT-0034,AGENCY-0166,2022-02-02,2022-02-24,2022-04-25,COMPLETED,28.10362,78.92548
MPLADS-003657,Deep Tube Well at Ward-83,Deep Tube Well,Drinking Water,DIST-0497,ST-14,PC-0725,CONT-0164,AGENCY-0322,2022-08-20,2022-09-18,2022-12-17,WORK_IN_PROGRESS,23.22089,84.10143
MPLADS-003658,School Additional Classroom at Ward-94,School Additional Classroom,Education Infrastructure,DIST-0404,ST-10,PC-0587,CONT-0270,AGENCY-0426,2022-08-19,2022-09-04,2023-02-01,WORK_IN_PROGRESS,14.53162,84.16725
MPLADS-003659,Solar Street Lighting at Ward-68,Solar Street Lighting,Renewable Energy,DIST-0314,ST-07,PC-0461,CONT-0119,AGENCY-0099,2023-06-11,2023-08-01,2023-09-30,WORK_IN_PROGRESS,27.15454,71.96995
MPLADS-003660,Major River Overbridge at Ward-75,Major River Overbridge,Mega Infrastructure,DIST-0222,ST-05,PC-0323,CONT-0002,AGENCY-0948,2022-04-21,2022-06-02,2023-07-07,COMPLETED,24.84312,82.42104
MPLADS-003661,Farm Pond Renovation at Ward-38,Farm Pond Renovation,Irrigation & Agriculture,DIST-0597,ST-17,PC-0878,CONT-0085,AGENCY-0101,2023-03-03,2023-03-20,2023-08-27,WORK_IN_PROGRESS,21.63586,80.35496
MPLADS-003662,Crematorium Shed at Ward-51,Crematorium Shed,Community Infrastructure,DIST-0548,ST-16,PC-0805,CONT-0207,AGENCY-0394,2023-02-09,2023-03-04,2023-07-02,WORK_IN_PROGRESS,32.29218,74.92402
MPLADS-003663,Smart Classroom Lab at Ward-37,Smart Classroom Lab,Education Infrastructure,DIST-0093,ST-02,PC-0135,CONT-0240,AGENCY-0279,2022-01-02,2022-02-26,2022-07-26,WORK_IN_PROGRESS,19.16151,75.6333
MPLADS-003664,School Boundary Wall at Ward-36,School Boundary Wall,Education Infrastructure,DIST-0040,ST-01,PC-0059,CONT-0230,AGENCY-0056,2022-04-20,2022-06-12,2022-11-09,COMPLETED,27.71054,80.4961
MPLADS-003665,District Sports Complex at Ward-87,District Sports Complex,Mega Infrastructure,DIST-0436,ST-12,PC-0636,CONT-0174,AGENCY-0192,2023-09-29,2023-10-16,2024-11-19,WORK_IN_PROGRESS,17.64244,80.69301
MPLADS-003666,Primary Health Sub-Centre at Ward-15,Primary Health Sub-Centre,Public Health,DIST-0050,ST-01,PC-0072,CONT-0200,AGENCY-1158,2023-04-13,2023-05-05,2023-12-01,WORK_IN_PROGRESS,28.76105,78.43811
MPLADS-003667,Multi-Village Hospital Block at Ward-12,Multi-Village Hospital Block,Mega Infrastructure,DIST-0527,ST-15,PC-0773,CONT-0221,AGENCY-0502,2022-07-20,2022-08-15,2023-09-19,WORK_IN_PROGRESS,25.71727,91.55218
MPLADS-003668,Lift Irrigation Scheme at Ward-90,Lift Irrigation Scheme,Irrigation & Agriculture,DIST-0049,ST-01,PC-0071,CONT-0318,AGENCY-1088,2022-07-29,2022-08-19,2023-01-26,WORK_IN_PROGRESS,28.53564,83.31692
MPLADS-003669,District Sports Complex at Ward-30,District Sports Complex,Mega Infrastructure,DIST-0586,ST-17,PC-0864,CONT-0048,AGENCY-0891,2022-01-25,2022-03-12,2023-04-16,WORK_IN_PROGRESS,19.97451,80.18285
MPLADS-003670,Primary Health Sub-Centre at Ward-45,Primary Health Sub-Centre,Public Health,DIST-0448,ST-12,PC-0652,CONT-0062,AGENCY-1001,2023-08-21,2023-09-20,2024-04-17,WORK_IN_PROGRESS,17.71403,79.50159
MPLADS-003671,School Boundary Wall at Ward-82,School Boundary Wall,Education Infrastructure,DIST-0178,ST-05,PC-0250,CONT-0058,AGENCY-0203,2022-10-20,2022-11-27,2023-04-26,COMPLETED,24.36202,82.0151
MPLADS-003672,Solar Rooftop Panel at Ward-31,Solar Rooftop Panel,Renewable Energy,DIST-0389,ST-10,PC-0562,CONT-0159,AGENCY-0230,2022-06-11,2022-06-26,2022-08-25,WORK_IN_PROGRESS,18.49615,81.04373
MPLADS-003673,Farm Pond Renovation at Ward-68,Farm Pond Renovation,Irrigation & Agriculture,DIST-0184,ST-05,PC-0260,CONT-0182,AGENCY-1054,2022-05-03,2022-06-18,2022-11-25,WORK_IN_PROGRESS,25.04837,80.48081
MPLADS-003674,Bituminous Road at Ward-29,Bituminous Road,Roads & Bridges,DIST-0059,ST-01,PC-0087,CONT-0148,AGENCY-1011,2022-08-08,2022-09-30,2023-03-29,DELAYED,26.32397,84.22075
MPLADS-003675,Ayurvedic Dispensary at Ward-66,Ayurvedic Dispensary,Public Health,DIST-0593,ST-17,PC-0873,CONT-0270,AGENCY-0066,2023-03-17,2023-04-22,2023-11-18,WORK_IN_PROGRESS,18.40781,82.63893
MPLADS-003676,Major River Overbridge at Ward-56,Major River Overbridge,Mega Infrastructure,DIST-0018,ST-01,PC-0026,CONT-0278,AGENCY-0923,2023-02-01,2023-03-22,2024-04-25,WORK_IN_PROGRESS,27.62634,77.82596
MPLADS-003677,School Additional Classroom at Ward-55,School Additional Classroom,Education Infrastructure,DIST-0309,ST-07,PC-0455,CONT-0136,AGENCY-0789,2022-09-19,2022-11-07,2023-04-06,WORK_IN_PROGRESS,28.62629,76.98437
MPLADS-003678,District Sports Complex at Ward-44,District Sports Complex,Mega Infrastructure,DIST-0038,ST-01,PC-0056,CONT-0303,AGENCY-0732,2022-08-16,2022-10-10,2023-11-14,WORK_IN_PROGRESS,28.05763,77.75288
MPLADS-003679,Ayurvedic Dispensary at Ward-07,Ayurvedic Dispensary,Public Health,DIST-0487,ST-14,PC-0711,CONT-0299,AGENCY-0784,2023-10-14,2023-11-21,2024-06-18,WORK_IN_PROGRESS,23.73374,85.85536
MPLADS-003680,Community Hall at Ward-98,Community Hall,Community Infrastructure,DIST-0520,ST-15,PC-0761,CONT-0087,AGENCY-0601,2022-11-13,2022-12-13,2023-04-12,WORK_IN_PROGRESS,26.31929,92.15314
MPLADS-003681,Ambulance Vehicle at Ward-57,Ambulance Vehicle,Public Health,DIST-0439,ST-12,PC-0640,CONT-0316,AGENCY-0589,2023-05-01,2023-06-04,2023-12-31,WORK_IN_PROGRESS,17.53132,78.22997
MPLADS-003682,Major River Overbridge at Ward-72,Major River Overbridge,Mega Infrastructure,DIST-0285,ST-07,PC-0417,CONT-0259,AGENCY-1183,2023-02-13,2023-03-08,2024-04-11,WORK_IN_PROGRESS,29.68897,71.99874
MPLADS-003683,Multi-Village Hospital Block at Ward-93,Multi-Village Hospital Block,Mega Infrastructure,DIST-0084,ST-02,PC-0124,CONT-0223,AGENCY-0224,2022-03-22,2022-05-15,2023-06-19,WORK_IN_PROGRESS,18.59936,78.02516
MPLADS-003684,Library Room at Ward-10,Library Room,Education Infrastructure,DIST-0420,ST-11,PC-0613,CONT-0143,AGENCY-1035,2022-03-03,2022-04-28,2022-09-25,COMPLETED,21.51518,84.61922
MPLADS-003685,Library Room at Ward-29,Library Room,Education Infrastructure,DIST-0449,ST-12,PC-0654,CONT-0205,AGENCY-0003,2023-01-20,2023-02-27,2023-07-27,DELAYED,16.81788,81.02541
MPLADS-003686,Culvert Bridge at Ward-97,Culvert Bridge,Roads & Bridges,DIST-0360,ST-09,PC-0522,CONT-0284,AGENCY-0343,2023-08-23,2023-09-14,2024-03-12,WORK_IN_PROGRESS,23.65804,72.98711
MPLADS-003687,Major River Overbridge at Ward-18,Major River Overbridge,Mega Infrastructure,DIST-0387,ST-10,PC-0560,CONT-0052,AGENCY-0810,2022-11-07,2022-12-31,2024-02-04,WORK_IN_PROGRESS,17.67854,76.56648
MPLADS-003688,Solar High-Mast Light at Ward-01,Solar High-Mast Light,Renewable Energy,DIST-0610,ST-18,PC-0898,CONT-0008,AGENCY-0109,2022-05-14,2022-06-06,2022-08-05,WORK_IN_PROGRESS,30.91612,74.50295
MPLADS-003689,Solar Street Lighting at Ward-25,Solar Street Lighting,Renewable Energy,DIST-0419,ST-11,PC-0612,CONT-0229,AGENCY-0519,2022-03-16,2022-04-11,2022-06-10,COMPLETED,18.82957,83.13245
MPLADS-003690,Major River Overbridge at Ward-20,Major River Overbridge,Mega Infrastructure,DIST-0584,ST-17,PC-0862,CONT-0075,AGENCY-0389,2023-03-29,2023-05-05,2024-06-08,WORK_IN_PROGRESS,18.78341,80.42907
MPLADS-003691,Ayurvedic Dispensary at Ward-48,Ayurvedic Dispensary,Public Health,DIST-0478,ST-13,PC-0698,CONT-0113,AGENCY-0011,2022-04-19,2022-05-05,2022-12-01,WORK_IN_PROGRESS,12.04394,75.57045
MPLADS-003692,Check Dam at Ward-73,Check Dam,Irrigation & Agriculture,DIST-0570,ST-17,PC-0840,CONT-0118,AGENCY-0878,2023-06-05,2023-06-29,2023-12-06,WORK_IN_PROGRESS,21.50202,81.32462
MPLADS-003693,School Boundary Wall at Ward-26,School Boundary Wall,Education Infrastructure,DIST-0187,ST-05,PC-0265,CONT-0131,AGENCY-1066,2023-03-16,2023-05-12,2023-10-09,COMPLETED,25.75694,81.13636
MPLADS-003694,Solar High-Mast Light at Ward-25,Solar High-Mast Light,Renewable Energy,DIST-0333,ST-08,PC-0486,CONT-0151,AGENCY-0756,2023-07-13,2023-08-29,2023-10-28,COMPLETED,12.24229,76.76867
MPLADS-003695,Piped Water Network at Ward-04,Piped Water Network,Drinking Water,DIST-0345,ST-08,PC-0504,CONT-0318,AGENCY-0640,2022-01-29,2022-03-08,2022-06-06,WORK_IN_PROGRESS,17.68426,78.04654
MPLADS-003696,Major River Overbridge at Ward-70,Major River Overbridge,Mega Infrastructure,DIST-0026,ST-01,PC-0038,CONT-0281,AGENCY-1211,2022-06-15,2022-08-06,2023-09-10,WORK_IN_PROGRESS,27.65916,81.74346
MPLADS-003697,Solar High-Mast Light at Ward-50,Solar High-Mast Light,Renewable Energy,DIST-0301,ST-07,PC-0441,CONT-0214,AGENCY-0409,2022-08-07,2022-09-23,2022-11-22,WORK_IN_PROGRESS,23.74904,72.80588
MPLADS-003698,Public Toilet Complex at Ward-47,Public Toilet Complex,Community Infrastructure,DIST-0098,ST-02,PC-0141,CONT-0145,AGENCY-0037,2022-05-15,2022-06-24,2022-10-22,WORK_IN_PROGRESS,20.23332,79.54461
MPLADS-003699,Solar Rooftop Panel at Ward-47,Solar Rooftop Panel,Renewable Energy,DIST-0094,ST-02,PC-0136,CONT-0177,AGENCY-0699,2023-07-02,2023-07-24,2023-09-22,WORK_IN_PROGRESS,15.53106,78.87595
MPLADS-003700,Multi-Village Hospital Block at Ward-46,Multi-Village Hospital Block,Mega Infrastructure,DIST-0544,ST-16,PC-0798,CONT-0282,AGENCY-0261,2022-03-04,2022-04-18,2023-05-23,COMPLETED,31.36949,74.62895
MPLADS-003701,Yatri Shed at Ward-35,Yatri Shed,Community Infrastructure,DIST-0387,ST-10,PC-0560,CONT-0184,AGENCY-0098,2023-03-14,2023-05-12,2023-09-09,WORK_IN_PROGRESS,17.59972,76.60552
MPLADS-003702,Deep Tube Well at Ward-53,Deep Tube Well,Drinking Water,DIST-0024,ST-01,PC-0035,CONT-0266,AGENCY-0065,2023-05-14,2023-06-14,2023-09-12,WORK_IN_PROGRESS,28.43618,77.83482
MPLADS-003703,Library Room at Ward-83,Library Room,Education Infrastructure,DIST-0332,ST-08,PC-0485,CONT-0138,AGENCY-0898,2023-01-06,2023-01-21,2023-06-20,COMPLETED,17.94711,76.27914
MPLADS-003704,Major River Overbridge at Ward-47,Major River Overbridge,Mega Infrastructure,DIST-0383,ST-10,PC-0553,CONT-0237,AGENCY-0848,2022-03-16,2022-04-24,2023-05-29,WORK_IN_PROGRESS,13.56687,80.78352
MPLADS-003705,Bituminous Road at Ward-05,Bituminous Road,Roads & Bridges,DIST-0189,ST-05,PC-0269,CONT-0071,AGENCY-1045,2023-03-21,2023-05-09,2023-11-05,WORK_IN_PROGRESS,21.57367,76.02857
MPLADS-003706,RO Water Plant at Ward-31,RO Water Plant,Drinking Water,DIST-0288,ST-07,PC-0422,CONT-0234,AGENCY-0868,2022-01-13,2022-02-22,2022-05-23,WORK_IN_PROGRESS,28.88511,70.23022
MPLADS-003707,Check Dam at Ward-16,Check Dam,Irrigation & Agriculture,DIST-0293,ST-07,PC-0428,CONT-0096,AGENCY-0751,2022-01-15,2022-02-18,2022-07-28,WORK_IN_PROGRESS,27.25304,73.14598
MPLADS-003708,Ayurvedic Dispensary at Ward-45,Ayurvedic Dispensary,Public Health,DIST-0081,ST-02,PC-0119,CONT-0177,AGENCY-0943,2023-08-17,2023-10-06,2024-05-03,WORK_IN_PROGRESS,15.82103,74.44201
MPLADS-003709,School Additional Classroom at Ward-70,School Additional Classroom,Education Infrastructure,DIST-0130,ST-03,PC-0188,CONT-0255,AGENCY-0142,2023-08-08,2023-09-02,2024-01-30,WORK_IN_PROGRESS,26.9026,83.83895
MPLADS-003710,Bituminous Road at Ward-79,Bituminous Road,Roads & Bridges,DIST-0006,ST-01,PC-0008,CONT-0282,AGENCY-1215,2023-05-27,2023-07-25,2024-01-21,COMPLETED,29.17447,79.87577
MPLADS-003711,Solar Rooftop Panel at Ward-71,Solar Rooftop Panel,Renewable Energy,DIST-0442,ST-12,PC-0644,CONT-0203,AGENCY-0302,2022-11-12,2023-01-09,2023-03-10,WORK_IN_PROGRESS,16.01473,80.17641
MPLADS-003712,Solar High-Mast Light at Ward-91,Solar High-Mast Light,Renewable Energy,DIST-0524,ST-15,PC-0769,CONT-0258,AGENCY-0737,2022-10-17,2022-11-29,2023-01-28,DELAYED,25.42355,91.95447
MPLADS-003713,Solar Street Lighting at Ward-08,Solar Street Lighting,Renewable Energy,DIST-0084,ST-02,PC-0124,CONT-0213,AGENCY-1147,2023-08-19,2023-10-11,2023-12-10,WORK_IN_PROGRESS,18.57131,77.9888
MPLADS-003714,RO Water Plant at Ward-83,RO Water Plant,Drinking Water,DIST-0407,ST-11,PC-0593,CONT-0211,AGENCY-0500,2022-08-24,2022-10-15,2023-01-13,WORK_IN_PROGRESS,21.29505,83.66927
MPLADS-003715,Yatri Shed at Ward-49,Yatri Shed,Community Infrastructure,DIST-0392,ST-10,PC-0567,CONT-0011,AGENCY-0888,2023-02-13,2023-03-08,2023-07-06,COMPLETED,17.71174,82.01181
MPLADS-003716,Solar Street Lighting at Ward-92,Solar Street Lighting,Renewable Energy,DIST-0528,ST-15,PC-0775,CONT-0163,AGENCY-0797,2023-04-12,2023-05-19,2023-07-18,WORK_IN_PROGRESS,26.49229,90.9035
MPLADS-003717,Smart Classroom Lab at Ward-43,Smart Classroom Lab,Education Infrastructure,DIST-0158,ST-04,PC-0223,CONT-0186,AGENCY-0378,2023-01-05,2023-02-24,2023-07-24,WORK_IN_PROGRESS,22.03496,88.93242
MPLADS-003718,Smart Classroom Lab at Ward-84,Smart Classroom Lab,Education Infrastructure,DIST-0113,ST-03,PC-0163,CONT-0080,AGENCY-0830,2023-08-21,2023-10-14,2024-03-12,WORK_IN_PROGRESS,26.65594,85.23989
MPLADS-003719,Piped Water Network at Ward-65,Piped Water Network,Drinking Water,DIST-0493,ST-14,PC-0719,CONT-0052,AGENCY-0688,2022-03-03,2022-04-24,2022-07-23,WORK_IN_PROGRESS,23.8447,84.70332
MPLADS-003720,Paver Block Road at Ward-90,Paver Block Road,Roads & Bridges,DIST-0186,ST-05,PC-0262,CONT-0079,AGENCY-1003,2022-08-24,2022-10-16,2023-04-14,COMPLETED,22.21869,81.27531
MPLADS-003721,Paver Block Road at Ward-83,Paver Block Road,Roads & Bridges,DIST-0019,ST-01,PC-0028,CONT-0031,AGENCY-1106,2022-09-09,2022-10-01,2023-03-30,WORK_IN_PROGRESS,25.5294,77.30731
MPLADS-003722,Solar Street Lighting at Ward-16,Solar Street Lighting,Renewable Energy,DIST-0484,ST-14,PC-0707,CONT-0155,AGENCY-0731,2022-08-01,2022-09-22,2022-11-21,WORK_IN_PROGRESS,22.46006,84.03498
MPLADS-003723,District Sports Complex at Ward-65,District Sports Complex,Mega Infrastructure,DIST-0194,ST-05,PC-0278,CONT-0148,AGENCY-0804,2022-10-13,2022-11-10,2023-12-15,WORK_IN_PROGRESS,25.04905,76.26036
MPLADS-003724,Smart Classroom Lab at Ward-76,Smart Classroom Lab,Education Infrastructure,DIST-0195,ST-05,PC-0280,CONT-0028,AGENCY-0661,2022-01-03,2022-02-19,2022-07-19,WORK_IN_PROGRESS,22.34967,75.98447
MPLADS-003725,Solar Rooftop Panel at Ward-02,Solar Rooftop Panel,Renewable Energy,DIST-0308,ST-07,PC-0454,CONT-0083,AGENCY-1069,2023-04-03,2023-05-10,2023-07-09,WORK_IN_PROGRESS,24.10192,72.215
MPLADS-003726,Piped Water Network at Ward-34,Piped Water Network,Drinking Water,DIST-0616,ST-18,PC-0906,CONT-0183,AGENCY-0875,2023-07-20,2023-08-06,2023-11-04,WORK_IN_PROGRESS,29.32048,75.51386
MPLADS-003727,Farm Pond Renovation at Ward-74,Farm Pond Renovation,Irrigation & Agriculture,DIST-0396,ST-10,PC-0574,CONT-0301,AGENCY-0498,2023-11-18,2024-01-02,2024-06-10,WORK_IN_PROGRESS,14.64166,80.19377
MPLADS-003728,Culvert Bridge at Ward-58,Culvert Bridge,Roads & Bridges,DIST-0321,ST-08,PC-0470,CONT-0182,AGENCY-1236,2022-11-20,2023-01-18,2023-07-17,WORK_IN_PROGRESS,13.35678,75.73414
MPLADS-003729,School Additional Classroom at Ward-39,School Additional Classroom,Education Infrastructure,DIST-0356,ST-09,PC-0517,CONT-0133,AGENCY-0876,2022-05-15,2022-06-03,2022-10-31,WORK_IN_PROGRESS,23.25027,73.66495
MPLADS-003730,CC Road Construction at Ward-82,CC Road Construction,Roads & Bridges,DIST-0153,ST-04,PC-0216,CONT-0252,AGENCY-0657,2023-10-15,2023-12-06,2024-06-03,WORK_IN_PROGRESS,24.85667,85.58543
MPLADS-003731,Maternity Ward Facility at Ward-63,Maternity Ward Facility,Public Health,DIST-0163,ST-04,PC-0230,CONT-0026,AGENCY-1143,2023-05-09,2023-07-07,2024-02-02,WORK_IN_PROGRESS,24.9193,88.89328
MPLADS-003732,Solar Street Lighting at Ward-19,Solar Street Lighting,Renewable Energy,DIST-0042,ST-01,PC-0062,CONT-0001,AGENCY-0462,2022-03-11,2022-04-27,2022-06-26,COMPLETED,25.76221,79.80799
MPLADS-003733,Maternity Ward Facility at Ward-89,Maternity Ward Facility,Public Health,DIST-0072,ST-01,PC-0105,CONT-0204,AGENCY-0533,2023-04-28,2023-06-02,2023-12-29,WORK_IN_PROGRESS,25.57124,81.66383
MPLADS-003734,Farm Pond Renovation at Ward-42,Farm Pond Renovation,Irrigation & Agriculture,DIST-0488,ST-14,PC-0712,CONT-0072,AGENCY-0696,2022-06-24,2022-08-08,2023-01-15,WORK_IN_PROGRESS,22.57561,86.44698
MPLADS-003735,Community Tank at Ward-20,Community Tank,Drinking Water,DIST-0357,ST-09,PC-0518,CONT-0012,AGENCY-0106,2022-07-19,2022-09-10,2022-12-09,COMPLETED,22.84954,70.57926
MPLADS-003736,Lift Irrigation Scheme at Ward-94,Lift Irrigation Scheme,Irrigation & Agriculture,DIST-0600,ST-18,PC-0883,CONT-0302,AGENCY-1220,2022-08-21,2022-09-12,2023-02-19,COMPLETED,30.70535,76.22565
MPLADS-003737,Library Room at Ward-92,Library Room,Education Infrastructure,DIST-0417,ST-11,PC-0609,CONT-0296,AGENCY-0938,2022-02-15,2022-03-19,2022-08-16,WORK_IN_PROGRESS,21.51389,84.10021
MPLADS-003738,Solar Rooftop Panel at Ward-77,Solar Rooftop Panel,Renewable Energy,DIST-0175,ST-05,PC-0247,CONT-0109,AGENCY-0173,2023-02-12,2023-03-14,2023-05-13,WORK_IN_PROGRESS,24.61442,81.34946
MPLADS-003739,Yatri Shed at Ward-78,Yatri Shed,Community Infrastructure,DIST-0045,ST-01,PC-0066,CONT-0257,AGENCY-0580,2023-10-02,2023-10-31,2024-02-28,WORK_IN_PROGRESS,25.88688,80.38518
MPLADS-003740,School Additional Classroom at Ward-70,School Additional Classroom,Education Infrastructure,DIST-0230,ST-06,PC-0335,CONT-0289,AGENCY-0639,2022-05-14,2022-07-03,2022-11-30,DELAYED,8.35762,80.18889
MPLADS-003741,Maternity Ward Facility at Ward-26,Maternity Ward Facility,Public Health,DIST-0102,ST-02,PC-0146,CONT-0049,AGENCY-0470,2022-10-25,2022-12-19,2023-07-17,COMPLETED,20.40784,79.48784
MPLADS-003742,Paver Block Road at Ward-86,Paver Block Road,Roads & Bridges,DIST-0352,ST-09,PC-0512,CONT-0040,AGENCY-0492,2023-05-18,2023-06-21,2023-12-18,WORK_IN_PROGRESS,22.61449,70.29385
MPLADS-003743,Lift Irrigation Scheme at Ward-78,Lift Irrigation Scheme,Irrigation & Agriculture,DIST-0261,ST-06,PC-0381,CONT-0037,AGENCY-0777,2022-11-22,2022-12-30,2023-06-08,WORK_IN_PROGRESS,12.83958,77.68388
MPLADS-003744,Primary Health Sub-Centre at Ward-33,Primary Health Sub-Centre,Public Health,DIST-0222,ST-05,PC-0324,CONT-0206,AGENCY-0073,2022-04-23,2022-06-16,2023-01-12,COMPLETED,24.85147,82.36757
MPLADS-003745,Solar Rooftop Panel at Ward-30,Solar Rooftop Panel,Renewable Energy,DIST-0140,ST-03,PC-0200,CONT-0263,AGENCY-1232,2023-01-11,2023-03-10,2023-05-09,COMPLETED,27.25581,83.4782
MPLADS-003746,Crematorium Shed at Ward-30,Crematorium Shed,Community Infrastructure,DIST-0186,ST-05,PC-0263,CONT-0206,AGENCY-0962,2022-12-19,2023-01-03,2023-05-03,WORK_IN_PROGRESS,22.20009,81.17501
MPLADS-003747,Maternity Ward Facility at Ward-27,Maternity Ward Facility,Public Health,DIST-0126,ST-03,PC-0182,CONT-0039,AGENCY-0534,2022-03-14,2022-04-01,2022-10-28,WORK_IN_PROGRESS,25.95952,86.42003
MPLADS-003748,Community Hall at Ward-24,Community Hall,Community Infrastructure,DIST-0172,ST-04,PC-0244,CONT-0037,AGENCY-1074,2022-05-29,2022-07-16,2022-11-13,WORK_IN_PROGRESS,25.41954,85.76265
MPLADS-003749,Solar High-Mast Light at Ward-12,Solar High-Mast Light,Renewable Energy,DIST-0233,ST-06,PC-0339,CONT-0288,AGENCY-0649,2023-05-28,2023-07-09,2023-09-07,DELAYED,9.4151,77.57906
MPLADS-003750,Piped Water Network at Ward-85,Piped Water Network,Drinking Water,DIST-0228,ST-06,PC-0333,CONT-0065,AGENCY-0095,2022-05-16,2022-06-21,2022-09-19,WORK_IN_PROGRESS,12.3174,78.86987
MPLADS-003751,Solar High-Mast Light at Ward-17,Solar High-Mast Light,Renewable Energy,DIST-0424,ST-11,PC-0619,CONT-0109,AGENCY-0326,2023-02-03,2023-03-15,2023-05-14,WORK_IN_PROGRESS,18.52063,83.34418
MPLADS-003752,District Sports Complex at Ward-93,District Sports Complex,Mega Infrastructure,DIST-0326,ST-08,PC-0475,CONT-0110,AGENCY-0439,2023-10-08,2023-11-28,2025-01-01,WORK_IN_PROGRESS,16.41752,78.48774
MPLADS-003753,Solar High-Mast Light at Ward-85,Solar High-Mast Light,Renewable Energy,DIST-0118,ST-03,PC-0171,CONT-0037,AGENCY-1010,2023-03-06,2023-05-03,2023-07-02,WORK_IN_PROGRESS,26.44907,87.59301
MPLADS-003754,Culvert Bridge at Ward-16,Culvert Bridge,Roads & Bridges,DIST-0524,ST-15,PC-0768,CONT-0098,AGENCY-0650,2022-04-22,2022-06-20,2022-12-17,COMPLETED,25.35111,91.9717
MPLADS-003755,Check Dam at Ward-95,Check Dam,Irrigation & Agriculture,DIST-0177,ST-05,PC-0249,CONT-0026,AGENCY-0434,2022-11-01,2022-11-19,2023-04-28,COMPLETED,22.20536,80.66576
MPLADS-003756,Crematorium Shed at Ward-11,Crematorium Shed,Community Infrastructure,DIST-0017,ST-01,PC-0025,CONT-0054,AGENCY-0603,2022-12-29,2023-02-08,2023-06-08,DELAYED,27.04832,78.99985
MPLADS-003757,Bituminous Road at Ward-53,Bituminous Road,Roads & Bridges,DIST-0259,ST-06,PC-0378,CONT-0085,AGENCY-0500,2022-11-05,2022-12-11,2023-06-09,WORK_IN_PROGRESS,13.07377,76.11273
MPLADS-003758,Community Hall at Ward-14,Community Hall,Community Infrastructure,DIST-0319,ST-08,PC-0467,CONT-0305,AGENCY-0916,2023-04-12,2023-06-06,2023-10-04,WORK_IN_PROGRESS,16.79809,76.02941
MPLADS-003759,RO Water Plant at Ward-09,RO Water Plant,Drinking Water,DIST-0228,ST-06,PC-0333,CONT-0228,AGENCY-0066,2022-10-17,2022-11-15,2023-02-13,WORK_IN_PROGRESS,12.30285,78.83099
MPLADS-003760,Lift Irrigation Scheme at Ward-17,Lift Irrigation Scheme,Irrigation & Agriculture,DIST-0170,ST-04,PC-0242,CONT-0195,AGENCY-1232,2023-01-07,2023-03-05,2023-08-12,WORK_IN_PROGRESS,23.06211,85.88033
MPLADS-003761,School Boundary Wall at Ward-74,School Boundary Wall,Education Infrastructure,DIST-0498,ST-14,PC-0726,CONT-0217,AGENCY-0324,2023-04-06,2023-05-10,2023-10-07,WORK_IN_PROGRESS,22.54111,84.16748
MPLADS-003762,Piped Water Network at Ward-31,Piped Water Network,Drinking Water,DIST-0120,ST-03,PC-0174,CONT-0066,AGENCY-0180,2023-04-26,2023-06-22,2023-09-20,WORK_IN_PROGRESS,27.32487,87.26489
MPLADS-003763,School Boundary Wall at Ward-68,School Boundary Wall,Education Infrastructure,DIST-0403,ST-10,PC-0586,CONT-0023,AGENCY-1152,2023-01-05,2023-02-23,2023-07-23,WORK_IN_PROGRESS,13.8422,78.29236
MPLADS-003764,Deep Tube Well at Ward-78,Deep Tube Well,Drinking Water,DIST-0319,ST-08,PC-0467,CONT-0241,AGENCY-0954,2022-12-24,2023-02-01,2023-05-02,WORK_IN_PROGRESS,16.78956,76.13604
MPLADS-003765,Solar Street Lighting at Ward-34,Solar Street Lighting,Renewable Energy,DIST-0071,ST-01,PC-0103,CONT-0259,AGENCY-0519,2022-01-27,2022-03-20,2022-05-19,WORK_IN_PROGRESS,24.39094,77.84646
MPLADS-003766,Yatri Shed at Ward-90,Yatri Shed,Community Infrastructure,DIST-0069,ST-01,PC-0099,CONT-0195,AGENCY-1198,2023-07-31,2023-09-15,2024-01-13,WORK_IN_PROGRESS,28.69157,82.67674
MPLADS-003767,Farm Pond Renovation at Ward-27,Farm Pond Renovation,Irrigation & Agriculture,DIST-0402,ST-10,PC-0584,CONT-0272,AGENCY-0878,2022-04-08,2022-05-13,2022-10-20,WORK_IN_PROGRESS,15.34009,78.86687
MPLADS-003768,School Additional Classroom at Ward-45,School Additional Classroom,Education Infrastructure,DIST-0214,ST-05,PC-0312,CONT-0004,AGENCY-1205,2022-06-03,2022-07-17,2022-12-14,WORK_IN_PROGRESS,22.17698,79.5489
MPLADS-003769,Bituminous Road at Ward-13,Bituminous Road,Roads & Bridges,DIST-0561,ST-16,PC-0825,CONT-0030,AGENCY-0689,2023-05-23,2023-07-11,2024-01-07,WORK_IN_PROGRESS,32.17112,74.21869
MPLADS-003770,School Additional Classroom at Ward-19,School Additional Classroom,Education Infrastructure,DIST-0187,ST-05,PC-0264,CONT-0165,AGENCY-1067,2022-10-23,2022-11-28,2023-04-27,WORK_IN_PROGRESS,25.65638,81.17901
MPLADS-003771,Crematorium Shed at Ward-08,Crematorium Shed,Community Infrastructure,DIST-0172,ST-04,PC-0244,CONT-0099,AGENCY-0752,2022-06-30,2022-08-15,2022-12-13,WORK_IN_PROGRESS,25.38034,85.85058
MPLADS-003772,Check Dam at Ward-36,Check Dam,Irrigation & Agriculture,DIST-0277,ST-07,PC-0405,CONT-0054,AGENCY-0142,2023-02-20,2023-04-08,2023-09-15,WORK_IN_PROGRESS,25.03457,70.34159
MPLADS-003773,Deep Tube Well at Ward-87,Deep Tube Well,Drinking Water,DIST-0309,ST-07,PC-0455,CONT-0310,AGENCY-0057,2022-07-06,2022-07-27,2022-10-25,WORK_IN_PROGRESS,28.65513,77.10145
MPLADS-003774,Community Tank at Ward-80,Community Tank,Drinking Water,DIST-0344,ST-08,PC-0503,CONT-0103,AGENCY-0257,2022-06-10,2022-07-18,2022-10-16,COMPLETED,16.05725,77.47442
MPLADS-003775,Major River Overbridge at Ward-75,Major River Overbridge,Mega Infrastructure,DIST-0103,ST-02,PC-0147,CONT-0150,AGENCY-0116,2023-11-04,2023-12-20,2025-01-23,WORK_IN_PROGRESS,17.46831,76.84869
MPLADS-003776,Solar Rooftop Panel at Ward-89,Solar Rooftop Panel,Renewable Energy,DIST-0447,ST-12,PC-0650,CONT-0162,AGENCY-0400,2023-02-27,2023-04-22,2023-06-21,WORK_IN_PROGRESS,17.6959,77.7537
MPLADS-003777,Ambulance Vehicle at Ward-05,Ambulance Vehicle,Public Health,DIST-0176,ST-05,PC-0248,CONT-0091,AGENCY-0062,2022-11-11,2022-12-15,2023-07-13,WORK_IN_PROGRESS,21.08048,78.07057
MPLADS-003778,Lift Irrigation Scheme at Ward-33,Lift Irrigation Scheme,Irrigation & Agriculture,DIST-0600,ST-18,PC-0883,CONT-0284,AGENCY-0377,2022-02-26,2022-04-24,2022-10-01,WORK_IN_PROGRESS,30.77068,76.17608
MPLADS-003779,Solar Street Lighting at Ward-48,Solar Street Lighting,Renewable Energy,DIST-0066,ST-01,PC-0095,CONT-0109,AGENCY-1152,2023-09-11,2023-10-09,2023-12-08,WORK_IN_PROGRESS,24.10665,83.88649
MPLADS-003780,Solar Street Lighting at Ward-46,Solar Street Lighting,Renewable Energy,DIST-0155,ST-04,PC-0218,CONT-0140,AGENCY-0857,2022-02-02,2022-02-28,2022-04-29,WORK_IN_PROGRESS,23.78926,87.15125
MPLADS-003781,Major River Overbridge at Ward-25,Major River Overbridge,Mega Infrastructure,DIST-0285,ST-07,PC-0417,CONT-0260,AGENCY-0134,2022-12-23,2023-02-08,2024-03-14,WORK_IN_PROGRESS,29.66858,71.84861
MPLADS-003782,Primary Health Sub-Centre at Ward-63,Primary Health Sub-Centre,Public Health,DIST-0349,ST-09,PC-0508,CONT-0048,AGENCY-0888,2022-07-25,2022-09-07,2023-04-05,WORK_IN_PROGRESS,20.86293,69.2896
MPLADS-003783,Culvert Bridge at Ward-32,Culvert Bridge,Roads & Bridges,DIST-0565,ST-17,PC-0831,CONT-0292,AGENCY-0091,2023-10-05,2023-10-31,2024-04-28,WORK_IN_PROGRESS,20.49771,82.242
MPLADS-003784,Crematorium Shed at Ward-02,Crematorium Shed,Community Infrastructure,DIST-0349,ST-09,PC-0508,CONT-0215,AGENCY-0042,2023-01-29,2023-03-26,2023-07-24,WORK_IN_PROGRESS,20.86773,69.31764
MPLADS-003785,Public Toilet Complex at Ward-84,Public Toilet Complex,Community Infrastructure,DIST-0202,ST-05,PC-0291,CONT-0239,AGENCY-0797,2022-06-09,2022-07-19,2022-11-16,WORK_IN_PROGRESS,24.69754,74.68039
MPLADS-003786,Crematorium Shed at Ward-71,Crematorium Shed,Community Infrastructure,DIST-0183,ST-05,PC-0259,CONT-0157,AGENCY-1094,2022-04-21,2022-06-12,2022-10-10,DELAYED,23.28496,78.00214
MPLADS-003787,Public Toilet Complex at Ward-42,Public Toilet Complex,Community Infrastructure,DIST-0268,ST-07,PC-0390,CONT-0313,AGENCY-0753,2023-06-15,2023-08-08,2023-12-06,WORK_IN_PROGRESS,27.04085,74.52087
MPLADS-003788,Yatri Shed at Ward-27,Yatri Shed,Community Infrastructure,DIST-0372,ST-09,PC-0538,CONT-0260,AGENCY-0858,2022-03-02,2022-04-30,2022-08-28,WORK_IN_PROGRESS,23.774,71.32758
MPLADS-003789,Farm Pond Renovation at Ward-62,Farm Pond Renovation,Irrigation & Agriculture,DIST-0392,ST-10,PC-0566,CONT-0105,AGENCY-1186,2022-06-17,2022-08-08,2023-01-15,WORK_IN_PROGRESS,17.83337,81.94997
MPLADS-003790,Solar High-Mast Light at Ward-96,Solar High-Mast Light,Renewable Energy,DIST-0118,ST-03,PC-0171,CONT-0061,AGENCY-0485,2022-11-01,2022-11-27,2023-01-26,WORK_IN_PROGRESS,26.53149,87.52294
MPLADS-003791,Check Dam at Ward-40,Check Dam,Irrigation & Agriculture,DIST-0129,ST-03,PC-0187,CONT-0212,AGENCY-1127,2022-04-26,2022-06-12,2022-11-19,COMPLETED,24.85,83.70318
MPLADS-003792,Bituminous Road at Ward-52,Bituminous Road,Roads & Bridges,DIST-0056,ST-01,PC-0083,CONT-0154,AGENCY-0817,2023-11-05,2023-12-20,2024-06-17,WORK_IN_PROGRESS,26.37969,80.90937
MPLADS-003793,Paver Block Road at Ward-73,Paver Block Road,Roads & Bridges,DIST-0258,ST-06,PC-0376,CONT-0020,AGENCY-0046,2022-07-29,2022-09-03,2023-03-02,WORK_IN_PROGRESS,13.46946,76.30059
MPLADS-003794,CC Road Construction at Ward-82,CC Road Construction,Roads & Bridges,DIST-0475,ST-13,PC-0693,CONT-0284,AGENCY-0562,2022-08-25,2022-09-28,2023-03-27,WORK_IN_PROGRESS,10.15214,77.37769
MPLADS-003795,Check Dam at Ward-19,Check Dam,Irrigation & Agriculture,DIST-0465,ST-12,PC-0679,CONT-0289,AGENCY-0182,2022-12-12,2022-12-30,2023-06-08,COMPLETED,17.37601,81.26104
MPLADS-003796,Community Tank at Ward-42,Community Tank,Drinking Water,DIST-0069,ST-01,PC-0099,CONT-0089,AGENCY-0492,2022-10-08,2022-11-17,2023-02-15,WORK_IN_PROGRESS,28.7743,82.57171
MPLADS-003797,Solar Rooftop Panel at Ward-91,Solar Rooftop Panel,Renewable Energy,DIST-0519,ST-15,PC-0759,CONT-0233,AGENCY-1044,2022-02-04,2022-02-21,2022-04-22,WORK_IN_PROGRESS,25.59153,95.08204
MPLADS-003798,Yatri Shed at Ward-23,Yatri Shed,Community Infrastructure,DIST-0129,ST-03,PC-0186,CONT-0041,AGENCY-0172,2023-04-13,2023-04-30,2023-08-28,COMPLETED,24.78279,83.80293
MPLADS-003799,Ambulance Vehicle at Ward-32,Ambulance Vehicle,Public Health,DIST-0200,ST-05,PC-0288,CONT-0170,AGENCY-0034,2022-03-24,2022-05-03,2022-11-29,COMPLETED,24.81174,81.2126
MPLADS-003800,Piped Water Network at Ward-51,Piped Water Network,Drinking Water,DIST-0019,ST-01,PC-0028,CONT-0076,AGENCY-0406,2023-07-26,2023-09-11,2023-12-10,WORK_IN_PROGRESS,25.49286,77.24668
MPLADS-003801,Farm Pond Renovation at Ward-41,Farm Pond Renovation,Irrigation & Agriculture,DIST-0206,ST-05,PC-0298,CONT-0020,AGENCY-0276,2023-09-27,2023-11-16,2024-04-24,WORK_IN_PROGRESS,21.87461,81.94909
MPLADS-003802,Library Room at Ward-68,Library Room,Education Infrastructure,DIST-0060,ST-01,PC-0088,CONT-0035,AGENCY-0097,2023-01-31,2023-03-17,2023-08-14,WORK_IN_PROGRESS,25.35634,80.90794
MPLADS-003803,Multi-Village Hospital Block at Ward-95,Multi-Village Hospital Block,Mega Infrastructure,DIST-0547,ST-16,PC-0803,CONT-0138,AGENCY-1101,2022-03-31,2022-04-25,2023-05-30,WORK_IN_PROGRESS,30.10723,73.87579
MPLADS-003804,Solar High-Mast Light at Ward-73,Solar High-Mast Light,Renewable Energy,DIST-0161,ST-04,PC-0226,CONT-0047,AGENCY-0971,2022-03-27,2022-05-22,2022-07-21,COMPLETED,21.70317,86.08423
MPLADS-003805,District Sports Complex at Ward-63,District Sports Complex,Mega Infrastructure,DIST-0599,ST-18,PC-0882,CONT-0248,AGENCY-0007,2022-03-07,2022-04-28,2023-06-02,WORK_IN_PROGRESS,30.36607,75.1354
MPLADS-003806,Public Toilet Complex at Ward-87,Public Toilet Complex,Community Infrastructure,DIST-0400,ST-10,PC-0580,CONT-0123,AGENCY-0212,2023-06-17,2023-08-13,2023-12-11,WORK_IN_PROGRESS,17.70219,79.71177
MPLADS-003807,District Sports Complex at Ward-42,District Sports Complex,Mega Infrastructure,DIST-0115,ST-03,PC-0165,CONT-0140,AGENCY-0707,2022-07-04,2022-08-13,2023-09-17,WORK_IN_PROGRESS,27.28506,84.76334
MPLADS-003808,Community Hall at Ward-62,Community Hall,Community Infrastructure,DIST-0523,ST-15,PC-0767,CONT-0183,AGENCY-0832,2023-06-25,2023-08-13,2023-12-11,WORK_IN_PROGRESS,26.92493,95.08365
MPLADS-003809,Maternity Ward Facility at Ward-73,Maternity Ward Facility,Public Health,DIST-0225,ST-05,PC-0328,CONT-0179,AGENCY-0150,2022-09-19,2022-10-16,2023-05-14,WORK_IN_PROGRESS,23.25024,78.42864
MPLADS-003810,Yatri Shed at Ward-51,Yatri Shed,Community Infrastructure,DIST-0071,ST-01,PC-0103,CONT-0079,AGENCY-0402,2023-01-09,2023-01-24,2023-05-24,COMPLETED,24.33595,77.82295
MPLADS-003811,Solar Street Lighting at Ward-26,Solar Street Lighting,Renewable Energy,DIST-0595,ST-17,PC-0876,CONT-0113,AGENCY-0583,2023-03-27,2023-04-17,2023-06-16,WORK_IN_PROGRESS,23.18709,82.62727
MPLADS-003812,Solar Rooftop Panel at Ward-06,Solar Rooftop Panel,Renewable Energy,DIST-0486,ST-14,PC-0709,CONT-0310,AGENCY-0902,2022-05-19,2022-06-15,2022-08-14,WORK_IN_PROGRESS,23.06389,85.38423
MPLADS-003813,Deep Tube Well at Ward-72,Deep Tube Well,Drinking Water,DIST-0241,ST-06,PC-0351,CONT-0319,AGENCY-0597,2023-05-13,2023-06-13,2023-09-11,DELAYED,8.51778,77.19349
MPLADS-003814,Culvert Bridge at Ward-58,Culvert Bridge,Roads & Bridges,DIST-0534,ST-15,PC-0783,CONT-0128,AGENCY-0986,2022-10-19,2022-12-07,2023-06-05,COMPLETED,25.12573,95.7086
MPLADS-003815,Solar High-Mast Light at Ward-86,Solar High-Mast Light,Renewable Energy,DIST-0552,ST-16,PC-0812,CONT-0205,AGENCY-0344,2023-10-02,2023-11-08,2024-01-07,WORK_IN_PROGRESS,32.15152,74.39815
MPLADS-003816,Deep Tube Well at Ward-53,Deep Tube Well,Drinking Water,DIST-0034,ST-01,PC-0050,CONT-0195,AGENCY-0133,2022-10-31,2022-12-29,2023-03-29,WORK_IN_PROGRESS,29.10783,81.83833
MPLADS-003817,Lift Irrigation Scheme at Ward-88,Lift Irrigation Scheme,Irrigation & Agriculture,DIST-0220,ST-05,PC-0320,CONT-0212,AGENCY-0433,2022-01-28,2022-03-08,2022-08-15,COMPLETED,23.79997,76.72465
MPLADS-003818,Paver Block Road at Ward-64,Paver Block Road,Roads & Bridges,DIST-0304,ST-07,PC-0447,CONT-0103,AGENCY-0954,2022-01-28,2022-02-20,2022-08-19,WORK_IN_PROGRESS,28.60043,70.66451
MPLADS-003819,School Additional Classroom at Ward-85,School Additional Classroom,Education Infrastructure,DIST-0193,ST-05,PC-0277,CONT-0240,AGENCY-0543,2022-11-19,2023-01-07,2023-06-06,WORK_IN_PROGRESS,24.94559,78.8635
MPLADS-003820,Piped Water Network at Ward-58,Piped Water Network,Drinking Water,DIST-0110,ST-02,PC-0158,CONT-0100,AGENCY-1004,2022-01-04,2022-02-19,2022-05-20,WORK_IN_PROGRESS,20.84937,78.39047
MPLADS-003821,Culvert Bridge at Ward-35,Culvert Bridge,Roads & Bridges,DIST-0476,ST-13,PC-0695,CONT-0183,AGENCY-0402,2022-09-14,2022-10-22,2023-04-20,WORK_IN_PROGRESS,11.64755,77.04582
MPLADS-003822,Lift Irrigation Scheme at Ward-47,Lift Irrigation Scheme,Irrigation & Agriculture,DIST-0114,ST-03,PC-0164,CONT-0011,AGENCY-0280,2022-02-23,2022-03-17,2022-08-24,WORK_IN_PROGRESS,24.56651,85.22696
MPLADS-003823,Multi-Village Hospital Block at Ward-87,Multi-Village Hospital Block,Mega Infrastructure,DIST-0295,ST-07,PC-0431,CONT-0226,AGENCY-0767,2022-09-16,2022-11-05,2023-12-10,COMPLETED,27.3122,76.90458
MPLADS-003824,Farm Pond Renovation at Ward-65,Farm Pond Renovation,Irrigation & Agriculture,DIST-0241,ST-06,PC-0351,CONT-0041,AGENCY-0382,2023-01-23,2023-03-19,2023-08-26,WORK_IN_PROGRESS,8.58038,77.23166
MPLADS-003825,Lift Irrigation Scheme at Ward-02,Lift Irrigation Scheme,Irrigation & Agriculture,DIST-0198,ST-05,PC-0285,CONT-0248,AGENCY-0476,2022-04-14,2022-05-10,2022-10-17,WORK_IN_PROGRESS,21.69046,80.98376
MPLADS-003826,Multi-Village Hospital Block at Ward-46,Multi-Village Hospital Block,Mega Infrastructure,DIST-0357,ST-09,PC-0518,CONT-0142,AGENCY-0407,2023-07-31,2023-09-11,2024-10-15,WORK_IN_PROGRESS,22.96705,70.4732
MPLADS-003827,School Additional Classroom at Ward-41,School Additional Classroom,Education Infrastructure,DIST-0379,ST-09,PC-0549,CONT-0106,AGENCY-0440,2022-12-20,2023-01-16,2023-06-15,WORK_IN_PROGRESS,21.17716,68.83645
MPLADS-003828,Paver Block Road at Ward-42,Paver Block Road,Roads & Bridges,DIST-0529,ST-15,PC-0777,CONT-0311,AGENCY-0734,2023-01-20,2023-03-15,2023-09-11,WORK_IN_PROGRESS,27.54429,90.20249
MPLADS-003829,Ayurvedic Dispensary at Ward-90,Ayurvedic Dispensary,Public Health,DIST-0538,ST-15,PC-0790,CONT-0266,AGENCY-0676,2022-10-23,2022-12-04,2023-07-02,WORK_IN_PROGRESS,27.69853,93.41859
MPLADS-003830,Check Dam at Ward-41,Check Dam,Irrigation & Agriculture,DIST-0062,ST-01,PC-0090,CONT-0123,AGENCY-1164,2023-08-09,2023-08-24,2024-01-31,WORK_IN_PROGRESS,25.24089,83.80568
MPLADS-003831,School Additional Classroom at Ward-83,School Additional Classroom,Education Infrastructure,DIST-0546,ST-16,PC-0802,CONT-0058,AGENCY-0574,2023-10-29,2023-12-20,2024-05-18,WORK_IN_PROGRESS,31.03733,74.48976
MPLADS-003832,Multi-Village Hospital Block at Ward-60,Multi-Village Hospital Block,Mega Infrastructure,DIST-0400,ST-10,PC-0580,CONT-0076,AGENCY-0479,2022-07-23,2022-08-27,2023-10-01,DELAYED,17.6266,79.67033
MPLADS-003833,Community Hall at Ward-34,Community Hall,Community Infrastructure,DIST-0006,ST-01,PC-0008,CONT-0074,AGENCY-0779,2022-07-12,2022-08-30,2022-12-28,WORK_IN_PROGRESS,29.16029,79.87337
MPLADS-003834,Major River Overbridge at Ward-52,Major River Overbridge,Mega Infrastructure,DIST-0087,ST-02,PC-0127,CONT-0079,AGENCY-1130,2023-10-09,2023-11-10,2024-12-14,WORK_IN_PROGRESS,20.49456,79.28143
MPLADS-003835,School Boundary Wall at Ward-34,School Boundary Wall,Education Infrastructure,DIST-0163,ST-04,PC-0231,CONT-0294,AGENCY-0265,2022-07-25,2022-08-18,2023-01-15,WORK_IN_PROGRESS,24.92926,89.02822
MPLADS-003836,Primary Health Sub-Centre at Ward-88,Primary Health Sub-Centre,Public Health,DIST-0173,ST-05,PC-0245,CONT-0114,AGENCY-0422,2022-12-07,2023-01-17,2023-08-15,WORK_IN_PROGRESS,22.31819,76.98864
MPLADS-003837,Library Room at Ward-78,Library Room,Education Infrastructure,DIST-0461,ST-12,PC-0674,CONT-0136,AGENCY-0572,2023-11-27,2024-01-12,2024-06-10,COMPLETED,17.60697,77.12518
MPLADS-003838,Bituminous Road at Ward-05,Bituminous Road,Roads & Bridges,DIST-0255,ST-06,PC-0372,CONT-0122,AGENCY-0590,2023-08-14,2023-09-11,2024-03-09,WORK_IN_PROGRESS,11.84434,76.92346
MPLADS-003839,Solar Street Lighting at Ward-82,Solar Street Lighting,Renewable Energy,DIST-0135,ST-03,PC-0194,CONT-0170,AGENCY-0809,2022-07-28,2022-08-20,2022-10-19,WORK_IN_PROGRESS,24.59358,86.08587
MPLADS-003840,Major River Overbridge at Ward-12,Major River Overbridge,Mega Infrastructure,DIST-0380,ST-10,PC-0550,CONT-0059,AGENCY-0942,2022-02-04,2022-02-25,2023-04-01,COMPLETED,16.69639,77.09828
MPLADS-003841,Solar Street Lighting at Ward-12,Solar Street Lighting,Renewable Energy,DIST-0094,ST-02,PC-0136,CONT-0034,AGENCY-0198,2022-08-14,2022-10-02,2022-12-01,COMPLETED,15.5102,78.92425
MPLADS-003842,School Additional Classroom at Ward-24,School Additional Classroom,Education Infrastructure,DIST-0383,ST-10,PC-0553,CONT-0137,AGENCY-0188,2022-11-27,2023-01-20,2023-06-19,WORK_IN_PROGRESS,13.43341,80.70621
MPLADS-003843,Solar High-Mast Light at Ward-31,Solar High-Mast Light,Renewable Energy,DIST-0115,ST-03,PC-0165,CONT-0141,AGENCY-0570,2022-08-21,2022-09-16,2022-11-15,WORK_IN_PROGRESS,27.41141,84.91041
MPLADS-003844,Public Toilet Complex at Ward-68,Public Toilet Complex,Community Infrastructure,DIST-0433,ST-11,PC-0631,CONT-0189,AGENCY-1178,2023-02-10,2023-04-08,2023-08-06,WORK_IN_PROGRESS,21.06706,87.00069
MPLADS-003845,Ayurvedic Dispensary at Ward-92,Ayurvedic Dispensary,Public Health,DIST-0272,ST-07,PC-0397,CONT-0137,AGENCY-0663,2023-02-07,2023-03-02,2023-09-28,COMPLETED,29.67662,74.54774
MPLADS-003846,Community Tank at Ward-59,Community Tank,Drinking Water,DIST-0126,ST-03,PC-0182,CONT-0067,AGENCY-0042,2023-02-21,2023-04-14,2023-07-13,WORK_IN_PROGRESS,25.96814,86.3737
MPLADS-003847,Crematorium Shed at Ward-13,Crematorium Shed,Community Infrastructure,DIST-0488,ST-14,PC-0712,CONT-0008,AGENCY-0950,2023-03-24,2023-04-19,2023-08-17,WORK_IN_PROGRESS,22.53689,86.40565
MPLADS-003848,Lift Irrigation Scheme at Ward-54,Lift Irrigation Scheme,Irrigation & Agriculture,DIST-0396,ST-10,PC-0574,CONT-0033,AGENCY-0421,2023-11-17,2023-12-13,2024-05-21,WORK_IN_PROGRESS,14.65162,80.27006
MPLADS-003849,Deep Tube Well at Ward-72,Deep Tube Well,Drinking Water,DIST-0473,ST-13,PC-0689,CONT-0126,AGENCY-0579,2023-02-07,2023-02-28,2023-05-29,WORK_IN_PROGRESS,10.8749,76.91828
MPLADS-003850,Solar Rooftop Panel at Ward-92,Solar Rooftop Panel,Renewable Energy,DIST-0043,ST-01,PC-0063,CONT-0118,AGENCY-0727,2022-08-22,2022-10-08,2022-12-07,COMPLETED,28.67087,81.21643
MPLADS-003851,Public Toilet Complex at Ward-30,Public Toilet Complex,Community Infrastructure,DIST-0063,ST-01,PC-0091,CONT-0076,AGENCY-0747,2022-05-15,2022-07-13,2022-11-10,WORK_IN_PROGRESS,24.52656,78.81162
MPLADS-003852,School Additional Classroom at Ward-49,School Additional Classroom,Education Infrastructure,DIST-0487,ST-14,PC-0711,CONT-0029,AGENCY-0754,2023-07-04,2023-07-28,2023-12-25,WORK_IN_PROGRESS,23.67699,85.78295
MPLADS-003853,Paver Block Road at Ward-79,Paver Block Road,Roads & Bridges,DIST-0121,ST-03,PC-0177,CONT-0188,AGENCY-0065,2022-02-05,2022-03-06,2022-09-02,WORK_IN_PROGRESS,27.27951,87.2942
MPLADS-003854,Solar Street Lighting at Ward-37,Solar Street Lighting,Renewable Energy,DIST-0164,ST-04,PC-0233,CONT-0232,AGENCY-1104,2023-06-05,2023-06-25,2023-08-24,WORK_IN_PROGRESS,24.4753,86.23216
MPLADS-003855,School Boundary Wall at Ward-21,School Boundary Wall,Education Infrastructure,DIST-0346,ST-08,PC-0505,CONT-0004,AGENCY-1020,2023-05-15,2023-07-01,2023-11-28,WORK_IN_PROGRESS,12.66618,78.24062
MPLADS-003856,RO Water Plant at Ward-81,RO Water Plant,Drinking Water,DIST-0586,ST-17,PC-0864,CONT-0145,AGENCY-0119,2023-11-03,2023-12-19,2024-03-18,WORK_IN_PROGRESS,19.95468,80.25992
MPLADS-003857,Maternity Ward Facility at Ward-88,Maternity Ward Facility,Public Health,DIST-0122,ST-03,PC-0178,CONT-0093,AGENCY-0765,2022-11-22,2023-01-05,2023-08-03,COMPLETED,25.44096,84.32864
MPLADS-003858,Check Dam at Ward-15,Check Dam,Irrigation & Agriculture,DIST-0125,ST-03,PC-0181,CONT-0112,AGENCY-0428,2022-04-26,2022-05-16,2022-10-23,COMPLETED,26.91739,84.4204
MPLADS-003859,Library Room at Ward-76,Library Room,Education Infrastructure,DIST-0108,ST-02,PC-0153,CONT-0126,AGENCY-0220,2022-07-25,2022-09-13,2023-02-10,WORK_IN_PROGRESS,16.37457,73.57931
MPLADS-003860,RO Water Plant at Ward-12,RO Water Plant,Drinking Water,DIST-0332,ST-08,PC-0485,CONT-0131,AGENCY-0224,2022-10-28,2022-12-10,2023-03-10,WORK_IN_PROGRESS,17.97338,76.29527
MPLADS-003861,Ayurvedic Dispensary at Ward-98,Ayurvedic Dispensary,Public Health,DIST-0577,ST-17,PC-0852,CONT-0061,AGENCY-0221,2023-03-28,2023-05-23,2023-12-19,WORK_IN_PROGRESS,21.90398,80.19067
MPLADS-003862,Smart Classroom Lab at Ward-81,Smart Classroom Lab,Education Infrastructure,DIST-0055,ST-01,PC-0082,CONT-0055,AGENCY-0892,2023-11-01,2023-12-24,2024-05-22,WORK_IN_PROGRESS,27.71016,82.31119
MPLADS-003863,Deep Tube Well at Ward-74,Deep Tube Well,Drinking Water,DIST-0492,ST-14,PC-0717,CONT-0206,AGENCY-0106,2023-08-14,2023-09-09,2023-12-08,WORK_IN_PROGRESS,23.23798,83.66029
MPLADS-003864,Smart Classroom Lab at Ward-51,Smart Classroom Lab,Education Infrastructure,DIST-0472,ST-13,PC-0688,CONT-0027,AGENCY-0515,2022-01-25,2022-03-08,2022-08-05,DELAYED,8.21311,76.85566
MPLADS-003865,District Sports Complex at Ward-79,District Sports Complex,Mega Infrastructure,DIST-0151,ST-04,PC-0214,CONT-0029,AGENCY-0664,2023-08-06,2023-09-18,2024-10-22,WORK_IN_PROGRESS,24.82276,87.12165
MPLADS-003866,Major River Overbridge at Ward-67,Major River Overbridge,Mega Infrastructure,DIST-0514,ST-15,PC-0751,CONT-0081,AGENCY-0179,2023-08-15,2023-08-30,2024-10-03,WORK_IN_PROGRESS,27.85896,95.13344
MPLADS-003867,Solar Rooftop Panel at Ward-19,Solar Rooftop Panel,Renewable Energy,DIST-0536,ST-15,PC-0787,CONT-0002,AGENCY-0494,2022-03-08,2022-04-06,2022-06-05,WORK_IN_PROGRESS,26.10652,93.86785
MPLADS-003868,Maternity Ward Facility at Ward-49,Maternity Ward Facility,Public Health,DIST-0110,ST-02,PC-0157,CONT-0288,AGENCY-0952,2022-01-11,2022-02-04,2022-09-02,WORK_IN_PROGRESS,20.87498,78.39071
MPLADS-003869,Solar High-Mast Light at Ward-36,Solar High-Mast Light,Renewable Energy,DIST-0211,ST-05,PC-0307,CONT-0232,AGENCY-0965,2022-03-30,2022-05-05,2022-07-04,WORK_IN_PROGRESS,22.05573,81.27945
MPLADS-003870,Library Room at Ward-37,Library Room,Education Infrastructure,DIST-0088,ST-02,PC-0128,CONT-0077,AGENCY-0720,2023-10-05,2023-10-28,2024-03-26,WORK_IN_PROGRESS,17.62763,78.896
MPLADS-003871,Major River Overbridge at Ward-22,Major River Overbridge,Mega Infrastructure,DIST-0228,ST-06,PC-0332,CONT-0165,AGENCY-0089,2022-03-05,2022-04-04,2023-05-09,WORK_IN_PROGRESS,12.41114,78.92111
MPLADS-003872,District Sports Complex at Ward-91,District Sports Complex,Mega Infrastructure,DIST-0082,ST-02,PC-0121,CONT-0047,AGENCY-0054,2023-07-07,2023-08-27,2024-09-30,DELAYED,20.00397,74.19984
MPLADS-003873,Major River Overbridge at Ward-02,Major River Overbridge,Mega Infrastructure,DIST-0057,ST-01,PC-0084,CONT-0001,AGENCY-0552,2022-11-19,2022-12-09,2024-01-13,WORK_IN_PROGRESS,26.0982,83.27927
MPLADS-003874,Solar Rooftop Panel at Ward-69,Solar Rooftop Panel,Renewable Energy,DIST-0276,ST-07,PC-0404,CONT-0089,AGENCY-0475,2022-11-23,2023-01-07,2023-03-08,COMPLETED,26.89421,72.60235
MPLADS-003875,Major River Overbridge at Ward-86,Major River Overbridge,Mega Infrastructure,DIST-0299,ST-07,PC-0438,CONT-0085,AGENCY-0388,2022-04-29,2022-06-14,2023-07-19,WORK_IN_PROGRESS,28.30404,72.42432
MPLADS-003876,Farm Pond Renovation at Ward-81,Farm Pond Renovation,Irrigation & Agriculture,DIST-0433,ST-11,PC-0631,CONT-0025,AGENCY-0153,2022-04-05,2022-05-10,2022-10-17,WORK_IN_PROGRESS,21.1408,87.02174
MPLADS-003877,Solar High-Mast Light at Ward-50,Solar High-Mast Light,Renewable Energy,DIST-0421,ST-11,PC-0614,CONT-0188,AGENCY-0249,2023-08-13,2023-09-27,2023-11-26,WORK_IN_PROGRESS,21.57803,86.23695
MPLADS-003878,Library Room at Ward-23,Library Room,Education Infrastructure,DIST-0562,ST-16,PC-0826,CONT-0106,AGENCY-0374,2022-02-01,2022-02-18,2022-07-18,WORK_IN_PROGRESS,30.24804,76.46971
MPLADS-003879,Community Hall at Ward-54,Community Hall,Community Infrastructure,DIST-0319,ST-08,PC-0468,CONT-0147,AGENCY-0948,2022-01-29,2022-02-21,2022-06-21,WORK_IN_PROGRESS,16.77343,76.13756
MPLADS-003880,Primary Health Sub-Centre at Ward-22,Primary Health Sub-Centre,Public Health,DIST-0615,ST-18,PC-0905,CONT-0160,AGENCY-0633,2022-10-20,2022-11-14,2023-06-12,WORK_IN_PROGRESS,29.02356,76.50414
MPLADS-003881,CC Road Construction at Ward-58,CC Road Construction,Roads & Bridges,DIST-0412,ST-11,PC-0601,CONT-0124,AGENCY-1127,2022-11-24,2023-01-14,2023-07-13,WORK_IN_PROGRESS,20.25821,86.02007
MPLADS-003882,Solar Rooftop Panel at Ward-69,Solar Rooftop Panel,Renewable Energy,DIST-0287,ST-07,PC-0421,CONT-0113,AGENCY-0789,2022-12-16,2023-02-08,2023-04-09,COMPLETED,28.42154,76.59743
MPLADS-003883,Community Hall at Ward-08,Community Hall,Community Infrastructure,DIST-0277,ST-07,PC-0405,CONT-0120,AGENCY-0325,2023-08-13,2023-10-06,2024-02-03,WORK_IN_PROGRESS,25.05746,70.416
MPLADS-003884,Solar High-Mast Light at Ward-20,Solar High-Mast Light,Renewable Energy,DIST-0490,ST-14,PC-0715,CONT-0294,AGENCY-1202,2022-06-25,2022-08-15,2022-10-14,COMPLETED,24.35335,84.97702
MPLADS-003885,Library Room at Ward-54,Library Room,Education Infrastructure,DIST-0303,ST-07,PC-0445,CONT-0193,AGENCY-1020,2023-10-28,2023-12-06,2024-05-04,WORK_IN_PROGRESS,26.74126,77.88177
MPLADS-003886,Lift Irrigation Scheme at Ward-87,Lift Irrigation Scheme,Irrigation & Agriculture,DIST-0416,ST-11,PC-0608,CONT-0176,AGENCY-0701,2023-02-24,2023-04-10,2023-09-17,COMPLETED,21.20667,87.05794
MPLADS-003887,Paver Block Road at Ward-95,Paver Block Road,Roads & Bridges,DIST-0337,ST-08,PC-0492,CONT-0307,AGENCY-0858,2022-01-30,2022-03-02,2022-08-29,WORK_IN_PROGRESS,13.81393,75.12482
MPLADS-003888,Paver Block Road at Ward-51,Paver Block Road,Roads & Bridges,DIST-0254,ST-06,PC-0370,CONT-0120,AGENCY-0970,2023-09-02,2023-10-25,2024-04-22,WORK_IN_PROGRESS,12.80781,76.10526
MPLADS-003889,Deep Tube Well at Ward-56,Deep Tube Well,Drinking Water,DIST-0245,ST-06,PC-0356,CONT-0237,AGENCY-0290,2022-10-27,2022-11-20,2023-02-18,COMPLETED,12.03143,76.25289
MPLADS-003890,Lift Irrigation Scheme at Ward-18,Lift Irrigation Scheme,Irrigation & Agriculture,DIST-0183,ST-05,PC-0258,CONT-0210,AGENCY-0848,2023-03-29,2023-04-27,2023-10-04,COMPLETED,23.3239,78.12413
MPLADS-003891,RO Water Plant at Ward-91,RO Water Plant,Drinking Water,DIST-0394,ST-10,PC-0570,CONT-0281,AGENCY-0013,2022-10-22,2022-12-12,2023-03-12,WORK_IN_PROGRESS,13.23079,77.68665
MPLADS-003892,Community Hall at Ward-18,Community Hall,Community Infrastructure,DIST-0423,ST-11,PC-0618,CONT-0098,AGENCY-0593,2023-10-04,2023-11-02,2024-03-01,COMPLETED,19.13326,81.57879
MPLADS-003893,Community Tank at Ward-07,Community Tank,Drinking Water,DIST-0611,ST-18,PC-0899,CONT-0193,AGENCY-0430,2022-08-04,2022-10-01,2022-12-30,WORK_IN_PROGRESS,28.0038,75.8052
MPLADS-003894,Deep Tube Well at Ward-80,Deep Tube Well,Drinking Water,DIST-0066,ST-01,PC-0095,CONT-0133,AGENCY-0866,2022-10-21,2022-11-05,2023-02-03,WORK_IN_PROGRESS,24.22523,83.98476
MPLADS-003895,Solar Rooftop Panel at Ward-08,Solar Rooftop Panel,Renewable Energy,DIST-0186,ST-05,PC-0262,CONT-0313,AGENCY-0740,2023-09-03,2023-10-15,2023-12-14,WORK_IN_PROGRESS,22.23101,81.20763
MPLADS-003896,Lift Irrigation Scheme at Ward-65,Lift Irrigation Scheme,Irrigation & Agriculture,DIST-0489,ST-14,PC-0714,CONT-0230,AGENCY-1057,2023-10-31,2023-12-08,2024-05-16,WORK_IN_PROGRESS,23.63971,86.93583
MPLADS-003897,Smart Classroom Lab at Ward-20,Smart Classroom Lab,Education Infrastructure,DIST-0607,ST-18,PC-0894,CONT-0071,AGENCY-0835,2023-08-31,2023-10-18,2024-03-16,WORK_IN_PROGRESS,30.18529,75.07183
MPLADS-003898,District Sports Complex at Ward-77,District Sports Complex,Mega Infrastructure,DIST-0130,ST-03,PC-0189,CONT-0186,AGENCY-0947,2023-10-03,2023-10-22,2024-11-25,COMPLETED,26.96251,83.89165
MPLADS-003899,Farm Pond Renovation at Ward-63,Farm Pond Renovation,Irrigation & Agriculture,DIST-0602,ST-18,PC-0886,CONT-0220,AGENCY-0528,2023-11-18,2023-12-18,2024-05-26,WORK_IN_PROGRESS,28.69079,75.04999
MPLADS-003900,RO Water Plant at Ward-89,RO Water Plant,Drinking Water,DIST-0012,ST-01,PC-0017,CONT-0058,AGENCY-0368,2023-05-04,2023-06-14,2023-09-12,WORK_IN_PROGRESS,30.25274,83.75005
MPLADS-003901,Public Toilet Complex at Ward-43,Public Toilet Complex,Community Infrastructure,DIST-0212,ST-05,PC-0308,CONT-0225,AGENCY-0026,2023-09-22,2023-10-28,2024-02-25,WORK_IN_PROGRESS,22.50792,74.62365
MPLADS-003902,Bituminous Road at Ward-41,Bituminous Road,Roads & Bridges,DIST-0326,ST-08,PC-0476,CONT-0192,AGENCY-0881,2023-01-27,2023-03-01,2023-08-28,WORK_IN_PROGRESS,16.44657,78.51202
MPLADS-003903,CC Road Construction at Ward-31,CC Road Construction,Roads & Bridges,DIST-0367,ST-09,PC-0532,CONT-0272,AGENCY-0174,2022-08-17,2022-09-20,2023-03-19,WORK_IN_PROGRESS,20.47874,69.28942
MPLADS-003904,Piped Water Network at Ward-16,Piped Water Network,Drinking Water,DIST-0027,ST-01,PC-0039,CONT-0265,AGENCY-0101,2022-01-12,2022-02-17,2022-05-18,COMPLETED,29.20903,80.5083
MPLADS-003905,CC Road Construction at Ward-85,CC Road Construction,Roads & Bridges,DIST-0321,ST-08,PC-0470,CONT-0295,AGENCY-0750,2022-08-13,2022-09-02,2023-03-01,COMPLETED,13.43992,75.80377
MPLADS-003906,Maternity Ward Facility at Ward-36,Maternity Ward Facility,Public Health,DIST-0050,ST-01,PC-0072,CONT-0280,AGENCY-0380,2022-06-01,2022-07-05,2023-01-31,WORK_IN_PROGRESS,28.72057,78.48801
MPLADS-003907,Deep Tube Well at Ward-09,Deep Tube Well,Drinking Water,DIST-0029,ST-01,PC-0041,CONT-0115,AGENCY-0276,2023-06-25,2023-08-11,2023-11-09,WORK_IN_PROGRESS,27.0117,78.86698
MPLADS-003908,Deep Tube Well at Ward-74,Deep Tube Well,Drinking Water,DIST-0537,ST-15,PC-0788,CONT-0134,AGENCY-0586,2022-12-13,2023-02-09,2023-05-10,WORK_IN_PROGRESS,26.28883,94.16429
MPLADS-003909,Farm Pond Renovation at Ward-97,Farm Pond Renovation,Irrigation & Agriculture,DIST-0179,ST-05,PC-0251,CONT-0313,AGENCY-0779,2023-07-03,2023-08-13,2024-01-20,WORK_IN_PROGRESS,26.28901,77.46299
MPLADS-003910,Culvert Bridge at Ward-36,Culvert Bridge,Roads & Bridges,DIST-0137,ST-03,PC-0197,CONT-0172,AGENCY-1120,2023-07-30,2023-08-30,2024-02-26,WORK_IN_PROGRESS,26.38548,83.78387
MPLADS-003911,CC Road Construction at Ward-85,CC Road Construction,Roads & Bridges,DIST-0335,ST-08,PC-0490,CONT-0041,AGENCY-1114,2023-10-21,2023-12-01,2024-05-29,COMPLETED,17.31489,76.66098
MPLADS-003912,Library Room at Ward-91,Library Room,Education Infrastructure,DIST-0541,ST-15,PC-0793,CONT-0237,AGENCY-0389,2023-07-31,2023-09-24,2024-02-21,WORK_IN_PROGRESS,24.29552,95.75163
MPLADS-003913,School Additional Classroom at Ward-71,School Additional Classroom,Education Infrastructure,DIST-0553,ST-16,PC-0813,CONT-0141,AGENCY-0707,2023-07-19,2023-08-31,2024-01-28,WORK_IN_PROGRESS,29.49547,74.81328
MPLADS-003914,Farm Pond Renovation at Ward-87,Farm Pond Renovation,Irrigation & Agriculture,DIST-0614,ST-18,PC-0903,CONT-0116,AGENCY-1096,2022-11-14,2022-11-29,2023-05-08,WORK_IN_PROGRESS,27.86307,77.46767
MPLADS-003915,District Sports Complex at Ward-69,District Sports Complex,Mega Infrastructure,DIST-0019,ST-01,PC-0028,CONT-0163,AGENCY-0398,2022-06-01,2022-07-14,2023-08-18,COMPLETED,25.48904,77.25202
MPLADS-003916,CC Road Construction at Ward-53,CC Road Construction,Roads & Bridges,DIST-0341,ST-08,PC-0499,CONT-0122,AGENCY-0580,2023-11-06,2023-12-12,2024-06-09,COMPLETED,15.76659,76.25105
MPLADS-003917,School Boundary Wall at Ward-70,School Boundary Wall,Education Infrastructure,DIST-0517,ST-15,PC-0756,CONT-0073,AGENCY-1098,2023-11-05,2023-12-13,2024-05-11,WORK_IN_PROGRESS,26.83479,90.63062
MPLADS-003918,Lift Irrigation Scheme at Ward-79,Lift Irrigation Scheme,Irrigation & Agriculture,DIST-0130,ST-03,PC-0188,CONT-0206,AGENCY-0451,2023-11-07,2023-12-05,2024-05-13,DELAYED,27.0169,83.83795
MPLADS-003919,Major River Overbridge at Ward-42,Major River Overbridge,Mega Infrastructure,DIST-0079,ST-02,PC-0116,CONT-0241,AGENCY-0684,2023-10-26,2023-12-05,2025-01-08,COMPLETED,20.62381,78.79462
MPLADS-003920,District Sports Complex at Ward-31,District Sports Complex,Mega Infrastructure,DIST-0346,ST-08,PC-0505,CONT-0143,AGENCY-0493,2022-07-06,2022-07-31,2023-09-04,COMPLETED,12.71051,78.22033
MPLADS-003921,Smart Classroom Lab at Ward-68,Smart Classroom Lab,Education Infrastructure,DIST-0028,ST-01,PC-0040,CONT-0073,AGENCY-1236,2022-07-23,2022-09-15,2023-02-12,WORK_IN_PROGRESS,28.00182,83.44582
MPLADS-003922,Ayurvedic Dispensary at Ward-09,Ayurvedic Dispensary,Public Health,DIST-0150,ST-04,PC-0213,CONT-0223,AGENCY-0281,2022-02-11,2022-03-15,2022-10-11,WORK_IN_PROGRESS,22.55446,87.90536
MPLADS-003923,Solar Street Lighting at Ward-30,Solar Street Lighting,Renewable Energy,DIST-0528,ST-15,PC-0776,CONT-0018,AGENCY-0763,2022-02-01,2022-03-08,2022-05-07,WORK_IN_PROGRESS,26.47947,90.93622
MPLADS-003924,Community Hall at Ward-56,Community Hall,Community Infrastructure,DIST-0177,ST-05,PC-0249,CONT-0059,AGENCY-1004,2022-12-14,2023-01-03,2023-05-03,DELAYED,22.19055,80.81012
MPLADS-003925,Maternity Ward Facility at Ward-72,Maternity Ward Facility,Public Health,DIST-0482,ST-13,PC-0704,CONT-0020,AGENCY-0480,2022-12-09,2023-02-05,2023-09-03,WORK_IN_PROGRESS,10.84035,75.09331
MPLADS-003926,Farm Pond Renovation at Ward-33,Farm Pond Renovation,Irrigation & Agriculture,DIST-0222,ST-05,PC-0324,CONT-0151,AGENCY-0943,2023-02-06,2023-04-01,2023-09-08,WORK_IN_PROGRESS,24.83869,82.35043
MPLADS-003927,Crematorium Shed at Ward-88,Crematorium Shed,Community Infrastructure,DIST-0141,ST-03,PC-0201,CONT-0015,AGENCY-1041,2022-06-21,2022-07-19,2022-11-16,WORK_IN_PROGRESS,26.95791,85.59104
MPLADS-003928,Community Hall at Ward-77,Community Hall,Community Infrastructure,DIST-0524,ST-15,PC-0769,CONT-0232,AGENCY-0110,2023-10-20,2023-11-22,2024-03-21,WORK_IN_PROGRESS,25.43123,91.99337
MPLADS-003929,Yatri Shed at Ward-82,Yatri Shed,Community Infrastructure,DIST-0427,ST-11,PC-0623,CONT-0228,AGENCY-0610,2022-02-05,2022-03-17,2022-07-15,DELAYED,19.21148,87.16711
MPLADS-003930,Piped Water Network at Ward-72,Piped Water Network,Drinking Water,DIST-0412,ST-11,PC-0601,CONT-0174,AGENCY-1142,2022-01-21,2022-02-28,2022-05-29,WORK_IN_PROGRESS,20.13827,86.07107
MPLADS-003931,School Boundary Wall at Ward-32,School Boundary Wall,Education Infrastructure,DIST-0485,ST-14,PC-0708,CONT-0053,AGENCY-0430,2023-01-17,2023-03-04,2023-08-01,WORK_IN_PROGRESS,23.87753,86.87121
MPLADS-003932,Farm Pond Renovation at Ward-13,Farm Pond Renovation,Irrigation & Agriculture,DIST-0464,ST-12,PC-0678,CONT-0165,AGENCY-0657,2023-11-19,2023-12-15,2024-05-23,COMPLETED,16.66866,80.9045
MPLADS-003933,Ambulance Vehicle at Ward-75,Ambulance Vehicle,Public Health,DIST-0020,ST-01,PC-0029,CONT-0233,AGENCY-0360,2023-06-29,2023-07-30,2024-02-25,WORK_IN_PROGRESS,27.37079,78.89059
MPLADS-003934,Ayurvedic Dispensary at Ward-14,Ayurvedic Dispensary,Public Health,DIST-0084,ST-02,PC-0124,CONT-0106,AGENCY-0708,2022-01-14,2022-03-02,2022-09-28,WORK_IN_PROGRESS,18.5921,77.89719
MPLADS-003935,Primary Health Sub-Centre at Ward-78,Primary Health Sub-Centre,Public Health,DIST-0273,ST-07,PC-0399,CONT-0274,AGENCY-0338,2022-09-22,2022-11-03,2023-06-01,WORK_IN_PROGRESS,26.56069,74.36718
MPLADS-003936,Solar High-Mast Light at Ward-67,Solar High-Mast Light,Renewable Energy,DIST-0302,ST-07,PC-0444,CONT-0234,AGENCY-0881,2023-08-12,2023-09-10,2023-11-09,WORK_IN_PROGRESS,24.9713,70.98875
MPLADS-003937,Solar Rooftop Panel at Ward-98,Solar Rooftop Panel,Renewable Energy,DIST-0035,ST-01,PC-0051,CONT-0138,AGENCY-0770,2023-02-17,2023-03-19,2023-05-18,WORK_IN_PROGRESS,28.22318,79.07238
MPLADS-003938,Culvert Bridge at Ward-27,Culvert Bridge,Roads & Bridges,DIST-0015,ST-01,PC-0022,CONT-0056,AGENCY-1130,2023-11-26,2023-12-20,2024-06-17,WORK_IN_PROGRESS,27.18745,79.53208
MPLADS-003939,Community Tank at Ward-67,Community Tank,Drinking Water,DIST-0261,ST-06,PC-0381,CONT-0134,AGENCY-0289,2022-12-02,2023-01-11,2023-04-11,WORK_IN_PROGRESS,12.69876,77.5974
MPLADS-003940,Piped Water Network at Ward-87,Piped Water Network,Drinking Water,DIST-0020,ST-01,PC-0030,CONT-0155,AGENCY-0182,2022-08-09,2022-09-08,2022-12-07,WORK_IN_PROGRESS,27.33206,78.87187
MPLADS-003941,RO Water Plant at Ward-09,RO Water Plant,Drinking Water,DIST-0111,ST-02,PC-0160,CONT-0109,AGENCY-0722,2023-10-04,2023-11-18,2024-02-16,WORK_IN_PROGRESS,19.53324,78.46777
MPLADS-003942,Public Toilet Complex at Ward-05,Public Toilet Complex,Community Infrastructure,DIST-0149,ST-03,PC-0211,CONT-0024,AGENCY-1176,2023-04-15,2023-05-11,2023-09-08,WORK_IN_PROGRESS,26.27507,84.30622
MPLADS-003943,Solar Rooftop Panel at Ward-25,Solar Rooftop Panel,Renewable Energy,DIST-0192,ST-05,PC-0275,CONT-0267,AGENCY-1009,2022-06-14,2022-07-10,2022-09-08,WORK_IN_PROGRESS,25.90667,76.48454
MPLADS-003944,Ambulance Vehicle at Ward-50,Ambulance Vehicle,Public Health,DIST-0151,ST-04,PC-0214,CONT-0192,AGENCY-0278,2023-10-31,2023-11-18,2024-06-15,WORK_IN_PROGRESS,24.89347,87.21294
MPLADS-003945,Check Dam at Ward-55,Check Dam,Irrigation & Agriculture,DIST-0117,ST-03,PC-0169,CONT-0128,AGENCY-0606,2023-07-26,2023-09-13,2024-02-20,COMPLETED,25.51825,84.05771
MPLADS-003946,Primary Health Sub-Centre at Ward-58,Primary Health Sub-Centre,Public Health,DIST-0152,ST-04,PC-0215,CONT-0300,AGENCY-0320,2022-02-25,2022-03-28,2022-10-24,WORK_IN_PROGRESS,26.26109,85.53269
MPLADS-003947,Community Hall at Ward-11,Community Hall,Community Infrastructure,DIST-0328,ST-08,PC-0479,CONT-0089,AGENCY-0660,2022-07-25,2022-08-29,2022-12-27,COMPLETED,13.25102,74.04779
MPLADS-003948,District Sports Complex at Ward-97,District Sports Complex,Mega Infrastructure,DIST-0058,ST-01,PC-0085,CONT-0073,AGENCY-1058,2023-02-14,2023-03-15,2024-04-18,WORK_IN_PROGRESS,28.82042,77.08255
MPLADS-003949,CC Road Construction at Ward-87,CC Road Construction,Roads & Bridges,DIST-0164,ST-04,PC-0233,CONT-0253,AGENCY-0774,2022-08-22,2022-09-24,2023-03-23,COMPLETED,24.48912,86.30882
MPLADS-003950,Lift Irrigation Scheme at Ward-28,Lift Irrigation Scheme,Irrigation & Agriculture,DIST-0124,ST-03,PC-0180,CONT-0220,AGENCY-1121,2023-09-11,2023-11-01,2024-04-09,COMPLETED,25.02724,83.80696
MPLADS-003951,Ambulance Vehicle at Ward-62,Ambulance Vehicle,Public Health,DIST-0468,ST-12,PC-0684,CONT-0048,AGENCY-1029,2022-07-17,2022-08-13,2023-03-11,COMPLETED,19.04795,77.75516
MPLADS-003952,District Sports Complex at Ward-66,District Sports Complex,Mega Infrastructure,DIST-0037,ST-01,PC-0055,CONT-0123,AGENCY-0137,2022-04-14,2022-05-15,2023-06-19,WORK_IN_PROGRESS,28.16186,83.04767
MPLADS-003953,Yatri Shed at Ward-83,Yatri Shed,Community Infrastructure,DIST-0290,ST-07,PC-0425,CONT-0198,AGENCY-0903,2023-04-29,2023-06-01,2023-09-29,WORK_IN_PROGRESS,29.74795,72.9346
MPLADS-003954,Maternity Ward Facility at Ward-53,Maternity Ward Facility,Public Health,DIST-0110,ST-02,PC-0158,CONT-0311,AGENCY-1071,2022-04-23,2022-06-06,2023-01-02,WORK_IN_PROGRESS,20.88439,78.44392
MPLADS-003955,Solar Rooftop Panel at Ward-69,Solar Rooftop Panel,Renewable Energy,DIST-0607,ST-18,PC-0894,CONT-0052,AGENCY-0607,2023-11-11,2023-11-29,2024-01-28,WORK_IN_PROGRESS,30.07194,75.09697
MPLADS-003956,Major River Overbridge at Ward-57,Major River Overbridge,Mega Infrastructure,DIST-0442,ST-12,PC-0644,CONT-0233,AGENCY-0943,2022-09-23,2022-10-24,2023-11-28,DELAYED,16.06936,80.14337
MPLADS-003957,Library Room at Ward-65,Library Room,Education Infrastructure,DIST-0368,ST-09,PC-0533,CONT-0185,AGENCY-0655,2023-11-23,2023-12-25,2024-05-23,COMPLETED,22.65323,71.19479
MPLADS-003958,Piped Water Network at Ward-07,Piped Water Network,Drinking Water,DIST-0310,ST-07,PC-0456,CONT-0251,AGENCY-0560,2022-04-19,2022-06-16,2022-09-14,DELAYED,24.25998,70.4424
MPLADS-003959,Solar Rooftop Panel at Ward-11,Solar Rooftop Panel,Renewable Energy,DIST-0186,ST-05,PC-0262,CONT-0305,AGENCY-0148,2022-11-29,2023-01-05,2023-03-06,WORK_IN_PROGRESS,22.27155,81.18622
MPLADS-003960,RO Water Plant at Ward-22,RO Water Plant,Drinking Water,DIST-0136,ST-03,PC-0195,CONT-0260,AGENCY-1024,2023-01-04,2023-01-28,2023-04-28,WORK_IN_PROGRESS,25.26273,85.63023
MPLADS-003961,District Sports Complex at Ward-88,District Sports Complex,Mega Infrastructure,DIST-0588,ST-17,PC-0868,CONT-0171,AGENCY-0991,2022-01-22,2022-02-09,2023-03-16,COMPLETED,23.95146,81.67017
MPLADS-003962,Maternity Ward Facility at Ward-66,Maternity Ward Facility,Public Health,DIST-0475,ST-13,PC-0693,CONT-0075,AGENCY-0757,2022-10-01,2022-11-07,2023-06-05,WORK_IN_PROGRESS,10.10986,77.45451
MPLADS-003963,Solar High-Mast Light at Ward-92,Solar High-Mast Light,Renewable Energy,DIST-0238,ST-06,PC-0346,CONT-0279,AGENCY-0663,2022-10-22,2022-11-26,2023-01-25,COMPLETED,9.12446,79.3869
MPLADS-003964,Public Toilet Complex at Ward-63,Public Toilet Complex,Community Infrastructure,DIST-0270,ST-07,PC-0393,CONT-0309,AGENCY-0256,2022-11-10,2023-01-07,2023-05-07,COMPLETED,26.94433,70.14826
MPLADS-003965,Ambulance Vehicle at Ward-06,Ambulance Vehicle,Public Health,DIST-0161,ST-04,PC-0227,CONT-0053,AGENCY-0102,2022-12-26,2023-01-21,2023-08-19,WORK_IN_PROGRESS,21.68474,86.0777
MPLADS-003966,Deep Tube Well at Ward-54,Deep Tube Well,Drinking Water,DIST-0515,ST-15,PC-0753,CONT-0063,AGENCY-0324,2023-02-19,2023-03-27,2023-06-25,WORK_IN_PROGRESS,25.76689,92.90867
MPLADS-003967,Ambulance Vehicle at Ward-71,Ambulance Vehicle,Public Health,DIST-0037,ST-01,PC-0055,CONT-0246,AGENCY-0183,2023-10-17,2023-11-09,2024-06-06,WORK_IN_PROGRESS,28.206,83.02366
MPLADS-003968,Maternity Ward Facility at Ward-97,Maternity Ward Facility,Public Health,DIST-0117,ST-03,PC-0169,CONT-0025,AGENCY-0999,2022-09-08,2022-09-28,2023-04-26,WORK_IN_PROGRESS,25.43644,83.97817
MPLADS-003969,Check Dam at Ward-14,Check Dam,Irrigation & Agriculture,DIST-0606,ST-18,PC-0892,CONT-0276,AGENCY-0368,2023-11-29,2024-01-08,2024-06-16,WORK_IN_PROGRESS,30.07796,77.3461
MPLADS-003970,Public Toilet Complex at Ward-30,Public Toilet Complex,Community Infrastructure,DIST-0060,ST-01,PC-0088,CONT-0110,AGENCY-0519,2022-05-03,2022-06-19,2022-10-17,WORK_IN_PROGRESS,25.34635,80.87628
MPLADS-003971,Ambulance Vehicle at Ward-33,Ambulance Vehicle,Public Health,DIST-0212,ST-05,PC-0308,CONT-0216,AGENCY-0577,2023-02-12,2023-03-08,2023-10-04,COMPLETED,22.50546,74.59256
MPLADS-003972,Yatri Shed at Ward-55,Yatri Shed,Community Infrastructure,DIST-0059,ST-01,PC-0086,CONT-0146,AGENCY-1123,2022-03-21,2022-04-21,2022-08-19,WORK_IN_PROGRESS,26.37287,84.13457
MPLADS-003973,Public Toilet Complex at Ward-70,Public Toilet Complex,Community Infrastructure,DIST-0224,ST-05,PC-0327,CONT-0102,AGENCY-0361,2022-05-23,2022-06-16,2022-10-14,WORK_IN_PROGRESS,25.87775,78.22875
MPLADS-003974,Yatri Shed at Ward-81,Yatri Shed,Community Infrastructure,DIST-0197,ST-05,PC-0283,CONT-0020,AGENCY-0371,2022-09-09,2022-11-07,2023-03-07,WORK_IN_PROGRESS,26.03645,76.82311
MPLADS-003975,Community Hall at Ward-81,Community Hall,Community Infrastructure,DIST-0144,ST-03,PC-0205,CONT-0082,AGENCY-0154,2022-07-05,2022-08-28,2022-12-26,WORK_IN_PROGRESS,27.33938,87.59253
MPLADS-003976,Solar Street Lighting at Ward-60,Solar Street Lighting,Renewable Energy,DIST-0610,ST-18,PC-0898,CONT-0189,AGENCY-0323,2023-05-17,2023-07-14,2023-09-12,WORK_IN_PROGRESS,31.07504,74.56594
MPLADS-003977,Maternity Ward Facility at Ward-65,Maternity Ward Facility,Public Health,DIST-0299,ST-07,PC-0438,CONT-0007,AGENCY-0436,2023-09-24,2023-10-21,2024-05-18,WORK_IN_PROGRESS,28.41232,72.46672
MPLADS-003978,School Additional Classroom at Ward-76,School Additional Classroom,Education Infrastructure,DIST-0346,ST-08,PC-0505,CONT-0247,AGENCY-1094,2022-09-10,2022-10-05,2023-03-04,WORK_IN_PROGRESS,12.66694,78.31
MPLADS-003979,Major River Overbridge at Ward-90,Major River Overbridge,Mega Infrastructure,DIST-0142,ST-03,PC-0202,CONT-0104,AGENCY-0742,2022-07-15,2022-08-13,2023-09-17,WORK_IN_PROGRESS,25.00923,87.91328
MPLADS-003980,Solar Street Lighting at Ward-24,Solar Street Lighting,Renewable Energy,DIST-0228,ST-06,PC-0333,CONT-0274,AGENCY-0551,2023-01-24,2023-03-10,2023-05-09,WORK_IN_PROGRESS,12.33248,78.81142
MPLADS-003981,Ayurvedic Dispensary at Ward-33,Ayurvedic Dispensary,Public Health,DIST-0369,ST-09,PC-0534,CONT-0180,AGENCY-1148,2022-02-01,2022-03-21,2022-10-17,WORK_IN_PROGRESS,24.17536,70.13963
MPLADS-003982,Ayurvedic Dispensary at Ward-74,Ayurvedic Dispensary,Public Health,DIST-0237,ST-06,PC-0345,CONT-0105,AGENCY-0975,2023-04-22,2023-05-16,2023-12-12,WORK_IN_PROGRESS,8.13086,77.23721
MPLADS-003983,Maternity Ward Facility at Ward-09,Maternity Ward Facility,Public Health,DIST-0462,ST-12,PC-0675,CONT-0107,AGENCY-0714,2023-06-13,2023-07-23,2024-02-18,DELAYED,17.04058,79.06594
MPLADS-003984,Community Hall at Ward-13,Community Hall,Community Infrastructure,DIST-0106,ST-02,PC-0151,CONT-0142,AGENCY-1174,2022-08-04,2022-09-19,2023-01-17,COMPLETED,17.15401,78.25794
MPLADS-003985,Multi-Village Hospital Block at Ward-30,Multi-Village Hospital Block,Mega Infrastructure,DIST-0408,ST-11,PC-0594,CONT-0155,AGENCY-0052,2022-08-04,2022-09-26,2023-10-31,WORK_IN_PROGRESS,17.88416,82.46083
MPLADS-003986,District Sports Complex at Ward-85,District Sports Complex,Mega Infrastructure,DIST-0202,ST-05,PC-0291,CONT-0177,AGENCY-0193,2023-01-10,2023-02-04,2024-03-10,WORK_IN_PROGRESS,24.83257,74.64737
MPLADS-003987,Solar Rooftop Panel at Ward-84,Solar Rooftop Panel,Renewable Energy,DIST-0431,ST-11,PC-0629,CONT-0272,AGENCY-0976,2022-03-20,2022-04-19,2022-06-18,WORK_IN_PROGRESS,20.94282,83.63001
MPLADS-003988,Farm Pond Renovation at Ward-44,Farm Pond Renovation,Irrigation & Agriculture,DIST-0388,ST-10,PC-0561,CONT-0246,AGENCY-0741,2022-10-18,2022-11-19,2023-04-28,WORK_IN_PROGRESS,15.39041,80.11644
MPLADS-003989,Maternity Ward Facility at Ward-68,Maternity Ward Facility,Public Health,DIST-0251,ST-06,PC-0365,CONT-0287,AGENCY-0591,2022-05-08,2022-06-20,2023-01-16,COMPLETED,9.37823,78.88477
MPLADS-003990,Public Toilet Complex at Ward-25,Public Toilet Complex,Community Infrastructure,DIST-0336,ST-08,PC-0491,CONT-0317,AGENCY-0336,2023-06-13,2023-07-20,2023-11-17,WORK_IN_PROGRESS,13.4795,77.96218
MPLADS-003991,School Additional Classroom at Ward-07,School Additional Classroom,Education Infrastructure,DIST-0051,ST-01,PC-0074,CONT-0170,AGENCY-0378,2023-01-12,2023-02-03,2023-07-03,WORK_IN_PROGRESS,29.71065,82.36144
MPLADS-003992,Multi-Village Hospital Block at Ward-44,Multi-Village Hospital Block,Mega Infrastructure,DIST-0617,ST-18,PC-0908,CONT-0140,AGENCY-0357,2022-10-15,2022-11-09,2023-12-14,WORK_IN_PROGRESS,29.37064,76.27373
MPLADS-003993,Multi-Village Hospital Block at Ward-65,Multi-Village Hospital Block,Mega Infrastructure,DIST-0284,ST-07,PC-0416,CONT-0091,AGENCY-0876,2023-01-17,2023-02-15,2024-03-21,WORK_IN_PROGRESS,25.87851,77.72184
MPLADS-003994,Solar Rooftop Panel at Ward-63,Solar Rooftop Panel,Renewable Energy,DIST-0129,ST-03,PC-0186,CONT-0297,AGENCY-0081,2023-04-13,2023-05-20,2023-07-19,WORK_IN_PROGRESS,24.77408,83.79694
MPLADS-003995,Bituminous Road at Ward-10,Bituminous Road,Roads & Bridges,DIST-0607,ST-18,PC-0894,CONT-0223,AGENCY-0686,2023-09-10,2023-10-01,2024-03-29,WORK_IN_PROGRESS,30.14984,74.98872
MPLADS-003996,District Sports Complex at Ward-19,District Sports Complex,Mega Infrastructure,DIST-0303,ST-07,PC-0446,CONT-0034,AGENCY-0440,2022-02-01,2022-03-13,2023-04-17,WORK_IN_PROGRESS,26.78407,77.84941
MPLADS-003997,Piped Water Network at Ward-22,Piped Water Network,Drinking Water,DIST-0176,ST-05,PC-0248,CONT-0144,AGENCY-0999,2022-10-29,2022-11-22,2023-02-20,WORK_IN_PROGRESS,21.0726,77.97643
MPLADS-003998,Deep Tube Well at Ward-06,Deep Tube Well,Drinking Water,DIST-0005,ST-01,PC-0007,CONT-0187,AGENCY-1067,2022-02-19,2022-03-15,2022-06-13,WORK_IN_PROGRESS,24.82996,80.58222
MPLADS-003999,Primary Health Sub-Centre at Ward-39,Primary Health Sub-Centre,Public Health,DIST-0559,ST-16,PC-0821,CONT-0030,AGENCY-1144,2022-01-31,2022-03-30,2022-10-26,WORK_IN_PROGRESS,31.35441,75.0506
MPLADS-004000,Major River Overbridge at Ward-39,Major River Overbridge,Mega Infrastructure,DIST-0279,ST-07,PC-0408,CONT-0252,AGENCY-1096,2022-05-23,2022-06-29,2023-08-03,WORK_IN_PROGRESS,26.71928,69.82627
