progress_id,project_id,physical_progress,financial_progress,planned_duration_days,actual_duration_days,extension_count,progress_gap
PROG-000001,MPLADS-000001,79.6,92.3,90,82,0,12.7
PROG-000002,MPLADS-000002,75.7,95.1,90,86,0,19.4
PROG-000003,MPLADS-000003,93.8,87.9,400,429,0,-5.9
PROG-000004,MPLADS-000004,98.6,96.0,120,141,0,-2.6
PROG-000005,MPLADS-000005,98.3,90.9,60,55,0,-7.4
PROG-000006,MPLADS-000006,29.2,88.3,150,137,0,59.1
PROG-000007,MPLADS-000007,72.3,87.7,60,65,0,15.4
PROG-000008,MPLADS-000008,91.5,90.2,90,117,0,-1.3
PROG-000009,MPLADS-000009,80.2,86.4,90,109,0,6.2
PROG-000010,MPLADS-000010,89.7,97.5,210,201,0,7.8
PROG-000011,MPLADS-000011,98.6,91.3,120,123,0,-7.3
PROG-000012,MPLADS-000012,79.4,93.3,400,401,0,13.9
PROG-000013,MPLADS-000013,82.8,89.4,400,388,0,6.6
PROG-000014,MPLADS-000014,92.5,85.1,90,104,0,-7.4
PROG-000015,MPLADS-000015,77.8,92.4,180,187,0,14.6
PROG-000016,MPLADS-000016,88.5,88.7,400,431,0,0.2
PROG-000017,MPLADS-000017,71.6,89.3,160,177,0,17.7
PROG-000018,MPLADS-000018,96.9,88.7,210,201,0,-8.2
PROG-000019,MPLADS-000019,88.0,86.1,160,162,0,-1.9
PROG-000020,MPLADS-000020,73.7,86.4,210,235,0,12.7
PROG-000021,MPLADS-000021,12.5,58.4,60,90,0,45.9
PROG-000022,MPLADS-000022,76.5,94.7,90,114,0,18.2
PROG-000023,MPLADS-000023,79.0,87.6,150,147,0,8.6
PROG-000024,MPLADS-000024,90.2,95.2,120,127,0,5.0
PROG-000025,MPLADS-000025,78.4,160.0,150,139,0,81.6
PROG-000026,MPLADS-000026,72.0,95.0,180,196,0,23.0
PROG-000027,MPLADS-000027,79.4,93.1,400,399,0,13.7
PROG-000028,MPLADS-000028,78.5,92.5,90,85,0,14.0
PROG-000029,MPLADS-000029,86.6,85.9,120,141,0,-0.7
PROG-000030,MPLADS-000030,79.1,86.9,180,190,0,7.8
PROG-000031,MPLADS-000031,77.2,89.2,400,394,0,12.0
PROG-000032,MPLADS-000032,79.2,95.2,210,233,0,16.0
PROG-000033,MPLADS-000033,78.3,87.6,90,105,0,9.3
PROG-000034,MPLADS-000034,70.3,97.7,60,87,0,27.4
PROG-000035,MPLADS-000035,99.5,91.8,210,211,0,-7.7
PROG-000036,MPLADS-000036,89.4,87.1,400,395,0,-2.3
PROG-000037,MPLADS-000037,96.8,95.9,210,231,0,-0.9
PROG-000038,MPLADS-000038,84.2,93.4,160,194,0,9.2
PROG-000039,MPLADS-000039,98.6,90.9,60,55,0,-7.7
PROG-000040,MPLADS-000040,87.5,87.9,400,390,0,0.4
PROG-000041,MPLADS-000041,99.1,92.1,160,150,0,-7.0
PROG-000042,MPLADS-000042,75.6,96.9,120,131,0,21.3
PROG-000043,MPLADS-000043,92.3,87.1,400,429,0,-5.2
PROG-000044,MPLADS-000044,80.5,91.6,180,202,0,11.1
PROG-000045,MPLADS-000045,75.7,96.6,160,152,0,20.9
PROG-000046,MPLADS-000046,76.8,127.7,150,168,0,50.9
PROG-000047,MPLADS-000047,97.5,88.2,160,167,0,-9.3
PROG-000048,MPLADS-000048,93.4,94.9,60,88,0,1.5
PROG-000049,MPLADS-000049,92.0,92.9,60,75,0,0.9
PROG-000050,MPLADS-000050,85.6,97.3,150,145,0,11.7
PROG-000051,MPLADS-000051,96.2,92.3,180,169,0,-3.9
PROG-000052,MPLADS-000052,76.3,87.2,400,434,0,10.9
PROG-000053,MPLADS-000053,84.2,88.1,90,117,0,3.9
PROG-000054,MPLADS-000054,98.1,92.2,400,405,0,-5.9
PROG-000055,MPLADS-000055,93.5,86.4,120,143,0,-7.1
PROG-000056,MPLADS-000056,71.8,96.4,210,198,0,24.6
PROG-000057,MPLADS-000057,89.3,90.5,180,198,0,1.2
PROG-000058,MPLADS-000058,81.5,95.0,210,207,0,13.5
PROG-000059,MPLADS-000059,97.1,86.2,210,221,0,-10.9
PROG-000060,MPLADS-000060,84.6,85.2,120,137,0,0.6
PROG-000061,MPLADS-000061,77.0,88.7,120,123,0,11.7
PROG-000062,MPLADS-000062,95.2,151.2,150,174,0,56.0
PROG-000063,MPLADS-000063,80.3,96.2,90,121,0,15.9
PROG-000064,MPLADS-000064,80.4,96.2,180,208,0,15.8
PROG-000065,MPLADS-000065,94.4,89.0,120,115,0,-5.4
PROG-000066,MPLADS-000066,91.2,95.6,210,214,0,4.4
PROG-000067,MPLADS-000067,81.7,85.7,210,240,0,4.0
PROG-000068,MPLADS-000068,95.4,96.0,210,199,0,0.6
PROG-000069,MPLADS-000069,75.3,92.1,60,78,0,16.8
PROG-000070,MPLADS-000070,86.9,93.1,60,78,0,6.2
PROG-000071,MPLADS-000071,85.8,87.4,60,60,0,1.6
PROG-000072,MPLADS-000072,81.7,93.2,60,69,0,11.5
PROG-000073,MPLADS-000073,71.0,96.8,180,208,0,25.8
PROG-000074,MPLADS-000074,75.6,95.9,180,172,0,20.3
PROG-000075,MPLADS-000075,10.7,53.5,60,73,0,42.8
PROG-000076,MPLADS-000076,88.0,87.8,90,114,0,-0.2
PROG-000077,MPLADS-000077,89.5,87.5,150,172,0,-2.0
PROG-000078,MPLADS-000078,61.0,92.3,60,240,4,31.3
PROG-000079,MPLADS-000079,87.8,88.9,160,153,0,1.1
PROG-000080,MPLADS-000080,95.8,93.4,210,226,0,-2.4
PROG-000081,MPLADS-000081,75.5,91.5,90,97,0,16.0
PROG-000082,MPLADS-000082,28.5,97.8,210,201,0,69.3
PROG-000083,MPLADS-000083,78.8,95.5,180,180,0,16.7
PROG-000084,MPLADS-000084,79.2,87.2,180,168,0,8.0
PROG-000085,MPLADS-000085,46.4,94.7,210,840,4,48.3
PROG-000086,MPLADS-000086,74.7,139.2,400,432,0,64.5
PROG-000087,MPLADS-000087,76.0,86.6,120,110,0,10.6
PROG-000088,MPLADS-000088,82.5,94.5,60,59,0,12.0
PROG-000089,MPLADS-000089,73.0,88.6,160,161,0,15.6
PROG-000090,MPLADS-000090,87.2,96.7,210,197,0,9.5
PROG-000091,MPLADS-000091,96.8,92.5,400,406,0,-4.3
PROG-000092,MPLADS-000092,96.9,93.9,400,427,0,-3.0
PROG-000093,MPLADS-000093,80.6,85.5,120,121,0,4.9
PROG-000094,MPLADS-000094,77.7,91.1,90,86,0,13.4
PROG-000095,MPLADS-000095,86.7,93.9,150,148,0,7.2
PROG-000096,MPLADS-000096,94.9,90.6,90,114,0,-4.3
PROG-000097,MPLADS-000097,31.1,98.0,210,207,0,66.9
PROG-000098,MPLADS-000098,97.2,88.4,60,75,0,-8.8
PROG-000099,MPLADS-000099,93.3,97.3,210,219,0,4.0
PROG-000100,MPLADS-000100,75.4,86.7,150,166,0,11.3
PROG-000101,MPLADS-000101,87.6,87.8,210,235,0,0.2
PROG-000102,MPLADS-000102,91.5,93.7,150,170,0,2.2
PROG-000103,MPLADS-000103,73.3,93.9,400,411,0,20.6
PROG-000104,MPLADS-000104,88.7,86.1,180,199,0,-2.6
PROG-000105,MPLADS-000105,93.3,97.3,90,89,0,4.0
PROG-000106,MPLADS-000106,80.6,92.2,180,176,0,11.6
PROG-000107,MPLADS-000107,33.4,93.6,60,73,0,60.2
PROG-000108,MPLADS-000108,79.3,91.6,120,117,0,12.3
PROG-000109,MPLADS-000109,78.6,86.3,150,160,0,7.7
PROG-000110,MPLADS-000110,78.3,93.7,160,176,0,15.4
PROG-000111,MPLADS-000111,71.0,91.7,60,55,0,20.7
PROG-000112,MPLADS-000112,51.4,92.1,160,640,4,40.7
PROG-000113,MPLADS-000113,69.6,85.5,150,450,2,15.9
PROG-000114,MPLADS-000114,76.8,92.9,150,172,0,16.1
PROG-000115,MPLADS-000115,80.0,88.1,90,84,0,8.1
PROG-000116,MPLADS-000116,70.8,90.3,150,135,0,19.5
PROG-000117,MPLADS-000117,92.7,96.5,400,389,0,3.8
PROG-000118,MPLADS-000118,23.3,98.7,180,193,0,75.4
PROG-000119,MPLADS-000119,95.8,85.2,180,206,0,-10.6
PROG-000120,MPLADS-000120,94.0,95.9,160,165,0,1.9
PROG-000121,MPLADS-000121,90.8,91.9,180,179,0,1.1
PROG-000122,MPLADS-000122,99.8,88.9,150,148,0,-10.9
PROG-000123,MPLADS-000123,73.6,93.8,400,407,0,20.2
PROG-000124,MPLADS-000124,100.0,85.2,160,174,0,-14.8
PROG-000125,MPLADS-000125,97.4,85.1,180,184,0,-12.3
PROG-000126,MPLADS-000126,79.8,93.1,120,106,0,13.3
PROG-000127,MPLADS-000127,81.0,92.9,210,218,0,11.9
PROG-000128,MPLADS-000128,96.3,86.7,210,241,0,-9.6
PROG-000129,MPLADS-000129,80.5,97.3,160,161,0,16.8
PROG-000130,MPLADS-000130,24.6,86.4,120,140,0,61.8
PROG-000131,MPLADS-000131,99.7,96.7,180,212,0,-3.0
PROG-000132,MPLADS-000132,80.4,86.3,160,186,0,5.9
PROG-000133,MPLADS-000133,98.5,95.9,150,169,0,-2.6
PROG-000134,MPLADS-000134,76.5,95.6,180,208,0,19.1
PROG-000135,MPLADS-000135,89.1,87.2,400,428,0,-1.9
PROG-000136,MPLADS-000136,91.0,88.3,90,111,0,-2.7
PROG-000137,MPLADS-000137,96.6,90.5,160,158,0,-6.1
PROG-000138,MPLADS-000138,71.6,88.1,60,48,0,16.5
PROG-000139,MPLADS-000139,0.0,100.0,150,147,0,100.0
PROG-000140,MPLADS-000140,87.3,91.3,180,188,0,4.0
PROG-000141,MPLADS-000141,23.8,89.9,120,109,0,66.1
PROG-000142,MPLADS-000142,98.4,94.6,180,177,0,-3.8
PROG-000143,MPLADS-000143,95.7,88.4,400,430,0,-7.3
PROG-000144,MPLADS-000144,79.9,91.1,180,172,0,11.2
PROG-000145,MPLADS-000145,85.2,90.5,160,193,0,5.3
PROG-000146,MPLADS-000146,79.6,142.1,60,59,0,62.5
PROG-000147,MPLADS-000147,79.4,92.0,150,169,0,12.6
PROG-000148,MPLADS-000148,99.2,90.2,60,89,0,-9.0
PROG-000149,MPLADS-000149,93.7,91.9,210,215,0,-1.8
PROG-000150,MPLADS-000150,93.8,93.0,180,179,0,-0.8
PROG-000151,MPLADS-000151,76.5,96.2,60,59,0,19.7
PROG-000152,MPLADS-000152,76.9,86.4,400,395,0,9.5
PROG-000153,MPLADS-000153,74.2,93.1,120,150,0,18.9
PROG-000154,MPLADS-000154,90.6,94.6,60,48,0,4.0
PROG-000155,MPLADS-000155,34.8,85.8,120,106,0,51.0
PROG-000156,MPLADS-000156,91.9,89.0,60,80,0,-2.9
PROG-000157,MPLADS-000157,26.4,94.0,120,130,0,67.6
PROG-000158,MPLADS-000158,95.6,86.8,60,94,0,-8.8
PROG-000159,MPLADS-000159,77.9,85.2,120,152,0,7.3
PROG-000160,MPLADS-000160,72.6,93.1,120,128,0,20.5
PROG-000161,MPLADS-000161,11.1,59.7,60,77,0,48.6
PROG-000162,MPLADS-000162,91.8,91.1,400,387,0,-0.7
PROG-000163,MPLADS-000163,16.1,45.7,150,176,0,29.6
PROG-000164,MPLADS-000164,92.8,94.2,90,104,0,1.4
PROG-000165,MPLADS-000165,84.9,86.8,400,401,0,1.9
PROG-000166,MPLADS-000166,85.0,96.6,180,203,0,11.6
PROG-000167,MPLADS-000167,70.6,89.8,90,121,0,19.2
PROG-000168,MPLADS-000168,83.9,96.5,150,161,0,12.6
PROG-000169,MPLADS-000169,75.0,95.6,60,77,0,20.6
PROG-000170,MPLADS-000170,84.7,93.5,150,157,0,8.8
PROG-000171,MPLADS-000171,78.3,142.2,400,430,0,63.9
PROG-000172,MPLADS-000172,89.6,91.9,120,129,0,2.3
PROG-000173,MPLADS-000173,73.8,86.7,60,69,0,12.9
PROG-000174,MPLADS-000174,97.1,88.8,210,218,0,-8.3
PROG-000175,MPLADS-000175,72.9,152.7,150,149,0,79.8
PROG-000176,MPLADS-000176,99.6,94.0,160,181,0,-5.6
PROG-000177,MPLADS-000177,94.3,89.7,150,139,0,-4.6
PROG-000178,MPLADS-000178,90.0,92.1,120,126,0,2.1
PROG-000179,MPLADS-000179,76.4,88.7,150,143,0,12.3
PROG-000180,MPLADS-000180,95.6,93.7,120,135,0,-1.9
PROG-000181,MPLADS-000181,97.0,95.4,60,48,0,-1.6
PROG-000182,MPLADS-000182,79.2,91.4,60,69,0,12.2
PROG-000183,MPLADS-000183,70.4,88.3,120,147,0,17.9
PROG-000184,MPLADS-000184,91.6,93.3,400,412,0,1.7
PROG-000185,MPLADS-000185,70.9,97.8,90,76,0,26.9
PROG-000186,MPLADS-000186,95.4,136.6,160,156,0,41.2
PROG-000187,MPLADS-000187,80.3,89.8,60,64,0,9.5
PROG-000188,MPLADS-000188,70.2,93.7,60,83,0,23.5
PROG-000189,MPLADS-000189,94.3,97.7,90,75,0,3.4
PROG-000190,MPLADS-000190,78.8,97.5,400,402,0,18.7
PROG-000191,MPLADS-000191,77.3,97.8,160,179,0,20.5
PROG-000192,MPLADS-000192,97.6,91.7,60,92,0,-5.9
PROG-000193,MPLADS-000193,85.3,88.5,400,416,0,3.2
PROG-000194,MPLADS-000194,81.3,97.2,160,167,0,15.9
PROG-000195,MPLADS-000195,86.4,91.0,180,197,0,4.6
PROG-000196,MPLADS-000196,97.5,90.6,400,417,0,-6.9
PROG-000197,MPLADS-000197,94.5,96.0,400,404,0,1.5
PROG-000198,MPLADS-000198,85.5,87.6,60,60,0,2.1
PROG-000199,MPLADS-000199,97.8,85.5,60,50,0,-12.3
PROG-000200,MPLADS-000200,85.5,90.6,90,113,0,5.1
PROG-000201,MPLADS-000201,86.8,93.3,120,106,0,6.5
PROG-000202,MPLADS-000202,74.0,94.4,120,149,0,20.4
PROG-000203,MPLADS-000203,74.8,96.4,120,148,0,21.6
PROG-000204,MPLADS-000204,78.2,93.5,60,60,0,15.3
PROG-000205,MPLADS-000205,89.7,88.9,90,121,0,-0.8
PROG-000206,MPLADS-000206,77.4,90.1,90,114,0,12.7
PROG-000207,MPLADS-000207,89.3,85.8,180,208,0,-3.5
PROG-000208,MPLADS-000208,71.1,87.8,210,232,0,16.7
PROG-000209,MPLADS-000209,72.3,159.9,150,142,0,87.6
PROG-000210,MPLADS-000210,83.6,96.6,160,177,0,13.0
PROG-000211,MPLADS-000211,90.7,87.2,210,209,0,-3.5
PROG-000212,MPLADS-000212,88.4,91.9,60,73,0,3.5
PROG-000213,MPLADS-000213,81.5,96.9,160,156,0,15.4
PROG-000214,MPLADS-000214,75.2,95.0,210,218,0,19.8
PROG-000215,MPLADS-000215,96.8,97.5,60,65,0,0.7
PROG-000216,MPLADS-000216,84.6,92.6,400,426,0,8.0
PROG-000217,MPLADS-000217,18.9,43.8,150,165,0,24.9
PROG-000218,MPLADS-000218,99.2,87.1,120,128,0,-12.1
PROG-000219,MPLADS-000219,70.4,86.6,160,176,0,16.2
PROG-000220,MPLADS-000220,74.4,86.9,120,132,0,12.5
PROG-000221,MPLADS-000221,78.4,91.6,60,49,0,13.2
PROG-000222,MPLADS-000222,96.4,92.4,90,97,0,-4.0
PROG-000223,MPLADS-000223,72.1,92.2,60,92,0,20.1
PROG-000224,MPLADS-000224,65.2,91.7,160,480,4,26.5
PROG-000225,MPLADS-000225,99.6,155.6,180,212,0,56.0
PROG-000226,MPLADS-000226,15.2,48.1,120,139,0,32.9
PROG-000227,MPLADS-000227,98.3,87.1,160,180,0,-11.2
PROG-000228,MPLADS-000228,90.9,85.8,150,177,0,-5.1
PROG-000229,MPLADS-000229,97.5,92.1,160,176,0,-5.4
PROG-000230,MPLADS-000230,74.5,94.5,180,192,0,20.0
PROG-000231,MPLADS-000231,95.2,89.1,60,82,0,-6.1
PROG-000232,MPLADS-000232,74.7,89.0,160,158,0,14.3
PROG-000233,MPLADS-000233,72.5,96.6,120,137,0,24.1
PROG-000234,MPLADS-000234,83.0,86.0,60,83,0,3.0
PROG-000235,MPLADS-000235,95.3,96.5,150,162,0,1.2
PROG-000236,MPLADS-000236,94.6,93.4,60,82,0,-1.2
PROG-000237,MPLADS-000237,79.8,91.4,180,210,0,11.6
PROG-000238,MPLADS-000238,70.3,94.6,60,51,0,24.3
PROG-000239,MPLADS-000239,70.2,97.7,210,195,0,27.5
PROG-000240,MPLADS-000240,82.9,97.3,90,91,0,14.4
PROG-000241,MPLADS-000241,97.8,96.2,150,178,0,-1.6
PROG-000242,MPLADS-000242,91.4,85.3,400,431,0,-6.1
PROG-000243,MPLADS-000243,70.8,95.9,180,171,0,25.1
PROG-000244,MPLADS-000244,89.7,88.6,210,219,0,-1.1
PROG-000245,MPLADS-000245,98.4,96.4,90,105,0,-2.0
PROG-000246,MPLADS-000246,92.5,90.7,120,148,0,-1.8
PROG-000247,MPLADS-000247,71.4,86.9,210,240,0,15.5
PROG-000248,MPLADS-000248,95.4,85.0,60,88,0,-10.4
PROG-000249,MPLADS-000249,92.1,94.5,180,195,0,2.4
PROG-000250,MPLADS-000250,70.7,89.1,120,107,0,18.4
PROG-000251,MPLADS-000251,95.1,88.6,90,98,0,-6.5
PROG-000252,MPLADS-000252,87.0,88.8,210,208,0,1.8
PROG-000253,MPLADS-000253,77.5,95.5,150,171,0,18.0
PROG-000254,MPLADS-000254,88.6,93.1,400,423,0,4.5
PROG-000255,MPLADS-000255,86.3,85.3,60,48,0,-1.0
PROG-000256,MPLADS-000256,77.3,86.4,210,220,0,9.1
PROG-000257,MPLADS-000257,76.4,95.6,400,406,0,19.2
PROG-000258,MPLADS-000258,96.0,90.6,150,176,0,-5.4
PROG-000259,MPLADS-000259,91.4,94.9,150,169,0,3.5
PROG-000260,MPLADS-000260,74.8,92.1,120,136,0,17.3
PROG-000261,MPLADS-000261,0.0,100.0,160,189,0,100.0
PROG-000262,MPLADS-000262,87.7,95.3,160,145,0,7.6
PROG-000263,MPLADS-000263,65.1,96.1,160,480,2,31.0
PROG-000264,MPLADS-000264,57.8,92.1,120,360,4,34.3
PROG-000265,MPLADS-000265,97.6,93.7,180,192,0,-3.9
PROG-000266,MPLADS-000266,93.7,97.5,400,433,0,3.8
PROG-000267,MPLADS-000267,85.1,97.3,210,202,0,12.2
PROG-000268,MPLADS-000268,92.0,87.6,210,197,0,-4.4
PROG-000269,MPLADS-000269,83.9,89.5,90,88,0,5.6
PROG-000270,MPLADS-000270,97.9,91.7,60,60,0,-6.2
PROG-000271,MPLADS-000271,86.8,97.7,60,85,0,10.9
PROG-000272,MPLADS-000272,29.4,96.8,180,213,0,67.4
PROG-000273,MPLADS-000273,71.2,94.1,90,99,0,22.9
PROG-000274,MPLADS-000274,74.9,95.1,120,122,0,20.2
PROG-000275,MPLADS-000275,97.7,93.3,400,421,0,-4.4
PROG-000276,MPLADS-000276,77.3,96.5,150,137,0,19.2
PROG-000277,MPLADS-000277,68.0,96.8,60,240,2,28.8
PROG-000278,MPLADS-000278,76.6,91.4,90,96,0,14.8
PROG-000279,MPLADS-000279,71.2,89.8,90,81,0,18.6
PROG-000280,MPLADS-000280,95.8,95.2,120,130,0,-0.6
PROG-000281,MPLADS-000281,95.5,90.3,210,217,0,-5.2
PROG-000282,MPLADS-000282,94.9,93.2,180,193,0,-1.7
PROG-000283,MPLADS-000283,72.7,86.0,210,244,0,13.3
PROG-000284,MPLADS-000284,94.5,96.4,210,203,0,1.9
PROG-000285,MPLADS-000285,73.0,92.8,120,137,0,19.8
PROG-000286,MPLADS-000286,91.0,95.4,180,191,0,4.4
PROG-000287,MPLADS-000287,82.9,95.0,210,235,0,12.1
PROG-000288,MPLADS-000288,77.6,94.5,210,198,0,16.9
PROG-000289,MPLADS-000289,81.6,90.4,210,206,0,8.8
PROG-000290,MPLADS-000290,93.0,90.1,90,86,0,-2.9
PROG-000291,MPLADS-000291,19.6,98.9,120,131,0,79.3
PROG-000292,MPLADS-000292,86.5,96.9,60,64,0,10.4
PROG-000293,MPLADS-000293,99.4,86.4,90,119,0,-13.0
PROG-000294,MPLADS-000294,78.5,93.7,60,79,0,15.2
PROG-000295,MPLADS-000295,92.9,96.3,160,170,0,3.4
PROG-000296,MPLADS-000296,89.5,90.2,210,237,0,0.7
PROG-000297,MPLADS-000297,99.2,88.5,400,409,0,-10.7
PROG-000298,MPLADS-000298,97.0,88.5,400,412,0,-8.5
PROG-000299,MPLADS-000299,83.1,153.7,90,124,0,70.6
PROG-000300,MPLADS-000300,98.7,94.3,160,153,0,-4.4
PROG-000301,MPLADS-000301,98.8,93.9,90,124,0,-4.9
PROG-000302,MPLADS-000302,76.9,86.6,210,199,0,9.7
PROG-000303,MPLADS-000303,95.0,92.8,160,171,0,-2.2
PROG-000304,MPLADS-000304,85.3,89.1,400,391,0,3.8
PROG-000305,MPLADS-000305,56.8,97.5,120,360,4,40.7
PROG-000306,MPLADS-000306,96.0,96.0,400,434,0,0.0
PROG-000307,MPLADS-000307,99.7,94.6,90,111,0,-5.1
PROG-000308,MPLADS-000308,81.4,96.9,120,126,0,15.5
PROG-000309,MPLADS-000309,86.7,89.7,180,190,0,3.0
PROG-000310,MPLADS-000310,73.1,95.9,400,408,0,22.8
PROG-000311,MPLADS-000311,76.1,95.0,150,165,0,18.9
PROG-000312,MPLADS-000312,93.9,91.0,400,431,0,-2.9
PROG-000313,MPLADS-000313,80.5,93.3,150,172,0,12.8
PROG-000314,MPLADS-000314,0.0,100.0,90,110,0,100.0
PROG-000315,MPLADS-000315,83.8,92.9,180,178,0,9.1
PROG-000316,MPLADS-000316,79.7,88.8,60,94,0,9.1
PROG-000317,MPLADS-000317,95.9,85.3,160,183,0,-10.6
PROG-000318,MPLADS-000318,76.2,86.7,180,182,0,10.5
PROG-000319,MPLADS-000319,71.3,87.7,180,187,0,16.4
PROG-000320,MPLADS-000320,67.3,90.3,180,540,2,23.0
PROG-000321,MPLADS-000321,28.1,88.8,180,198,0,60.7
PROG-000322,MPLADS-000322,77.2,85.2,60,73,0,8.0
PROG-000323,MPLADS-000323,80.4,85.4,210,202,0,5.0
PROG-000324,MPLADS-000324,79.4,86.1,90,78,0,6.7
PROG-000325,MPLADS-000325,95.1,89.6,120,109,0,-5.5
PROG-000326,MPLADS-000326,73.1,90.8,60,47,0,17.7
PROG-000327,MPLADS-000327,70.9,96.9,120,118,0,26.0
PROG-000328,MPLADS-000328,87.7,92.0,90,118,0,4.3
PROG-000329,MPLADS-000329,84.7,85.8,120,153,0,1.1
PROG-000330,MPLADS-000330,85.6,95.8,210,240,0,10.2
PROG-000331,MPLADS-000331,92.9,90.8,180,179,0,-2.1
PROG-000332,MPLADS-000332,93.9,93.9,120,105,0,0.0
PROG-000333,MPLADS-000333,89.2,86.2,160,145,0,-3.0
PROG-000334,MPLADS-000334,98.8,90.2,90,95,0,-8.6
PROG-000335,MPLADS-000335,97.7,86.2,120,141,0,-11.5
PROG-000336,MPLADS-000336,72.0,89.3,120,153,0,17.3
PROG-000337,MPLADS-000337,94.3,86.6,180,197,0,-7.7
PROG-000338,MPLADS-000338,82.3,94.9,60,81,0,12.6
PROG-000339,MPLADS-000339,90.4,90.4,150,175,0,0.0
PROG-000340,MPLADS-000340,40.2,90.5,400,1200,3,50.3
PROG-000341,MPLADS-000341,97.7,89.7,180,168,0,-8.0
PROG-000342,MPLADS-000342,96.7,90.3,150,183,0,-6.4
PROG-000343,MPLADS-000343,83.0,89.3,150,175,0,6.3
PROG-000344,MPLADS-000344,87.5,95.5,400,422,0,8.0
PROG-000345,MPLADS-000345,93.5,93.7,90,91,0,0.2
PROG-000346,MPLADS-000346,70.5,93.7,120,480,2,23.2
PROG-000347,MPLADS-000347,89.2,95.6,400,434,0,6.4
PROG-000348,MPLADS-000348,90.0,89.2,60,80,0,-0.8
PROG-000349,MPLADS-000349,73.1,88.4,60,78,0,15.3
PROG-000350,MPLADS-000350,67.8,91.5,120,360,2,23.7
PROG-000351,MPLADS-000351,96.8,86.4,400,428,0,-10.4
PROG-000352,MPLADS-000352,97.4,90.7,400,423,0,-6.7
PROG-000353,MPLADS-000353,77.8,88.8,150,136,0,11.0
PROG-000354,MPLADS-000354,83.0,91.2,210,205,0,8.2
PROG-000355,MPLADS-000355,78.9,85.8,90,90,0,6.9
PROG-000356,MPLADS-000356,80.6,87.4,180,196,0,6.8
PROG-000357,MPLADS-000357,87.3,95.9,120,128,0,8.6
PROG-000358,MPLADS-000358,95.2,93.2,160,149,0,-2.0
PROG-000359,MPLADS-000359,72.1,94.4,90,118,0,22.3
PROG-000360,MPLADS-000360,98.6,96.7,180,171,0,-1.9
PROG-000361,MPLADS-000361,74.2,94.2,150,146,0,20.0
PROG-000362,MPLADS-000362,72.3,92.0,160,160,0,19.7
PROG-000363,MPLADS-000363,74.8,92.5,180,184,0,17.7
PROG-000364,MPLADS-000364,87.5,97.8,60,62,0,10.3
PROG-000365,MPLADS-000365,99.6,89.4,150,137,0,-10.2
PROG-000366,MPLADS-000366,21.3,51.0,160,179,0,29.7
PROG-000367,MPLADS-000367,81.6,98.0,120,144,0,16.4
PROG-000368,MPLADS-000368,71.1,97.0,150,161,0,25.9
PROG-000369,MPLADS-000369,99.1,91.3,90,121,0,-7.8
PROG-000370,MPLADS-000370,73.7,96.3,120,112,0,22.6
PROG-000371,MPLADS-000371,32.8,90.8,210,211,0,58.0
PROG-000372,MPLADS-000372,97.6,95.0,160,187,0,-2.6
PROG-000373,MPLADS-000373,76.7,87.4,180,177,0,10.7
PROG-000374,MPLADS-000374,91.5,94.9,210,204,0,3.4
PROG-000375,MPLADS-000375,95.2,88.7,120,133,0,-6.5
PROG-000376,MPLADS-000376,16.7,64.4,160,180,0,47.7
PROG-000377,MPLADS-000377,98.0,97.3,150,173,0,-0.7
PROG-000378,MPLADS-000378,18.2,48.9,120,134,0,30.7
PROG-000379,MPLADS-000379,71.5,88.5,60,69,0,17.0
PROG-000380,MPLADS-000380,89.1,89.7,60,72,0,0.6
PROG-000381,MPLADS-000381,64.4,86.7,180,540,3,22.3
PROG-000382,MPLADS-000382,91.1,94.1,150,160,0,3.0
PROG-000383,MPLADS-000383,89.1,86.7,150,184,0,-2.4
PROG-000384,MPLADS-000384,95.3,154.6,400,424,0,59.3
PROG-000385,MPLADS-000385,24.8,87.8,90,107,0,63.0
PROG-000386,MPLADS-000386,98.2,95.9,120,115,0,-2.3
PROG-000387,MPLADS-000387,94.5,85.0,90,90,0,-9.5
PROG-000388,MPLADS-000388,77.0,137.1,180,210,0,60.1
PROG-000389,MPLADS-000389,98.6,96.5,210,200,0,-2.1
PROG-000390,MPLADS-000390,85.9,85.3,400,420,0,-0.6
PROG-000391,MPLADS-000391,76.8,97.1,180,191,0,20.3
PROG-000392,MPLADS-000392,92.2,86.0,120,142,0,-6.2
PROG-000393,MPLADS-000393,95.6,141.7,90,97,0,46.1
PROG-000394,MPLADS-000394,96.5,90.2,90,82,0,-6.3
PROG-000395,MPLADS-000395,16.5,44.6,400,392,0,28.1
PROG-000396,MPLADS-000396,97.4,85.1,60,52,0,-12.3
PROG-000397,MPLADS-000397,92.2,96.1,90,114,0,3.9
PROG-000398,MPLADS-000398,91.4,85.5,210,197,0,-5.9
PROG-000399,MPLADS-000399,72.8,88.0,150,184,0,15.2
PROG-000400,MPLADS-000400,98.4,126.3,90,105,0,27.9
PROG-000401,MPLADS-000401,73.9,88.9,160,177,0,15.0
PROG-000402,MPLADS-000402,86.2,95.0,180,173,0,8.8
PROG-000403,MPLADS-000403,84.3,93.8,160,151,0,9.5
PROG-000404,MPLADS-000404,99.3,89.9,150,159,0,-9.4
PROG-000405,MPLADS-000405,74.6,85.4,150,178,0,10.8
PROG-000406,MPLADS-000406,87.1,87.3,120,127,0,0.2
PROG-000407,MPLADS-000407,99.0,88.2,210,202,0,-10.8
PROG-000408,MPLADS-000408,93.7,91.2,150,178,0,-2.5
PROG-000409,MPLADS-000409,79.0,95.5,120,145,0,16.5
PROG-000410,MPLADS-000410,85.8,97.1,400,426,0,11.3
PROG-000411,MPLADS-000411,99.4,87.0,120,147,0,-12.4
PROG-000412,MPLADS-000412,94.3,88.4,150,144,0,-5.9
PROG-000413,MPLADS-000413,86.9,94.6,400,391,0,7.7
PROG-000414,MPLADS-000414,70.4,88.0,400,431,0,17.6
PROG-000415,MPLADS-000415,96.0,97.4,160,150,0,1.4
PROG-000416,MPLADS-000416,76.0,90.3,150,166,0,14.3
PROG-000417,MPLADS-000417,95.6,133.7,120,106,0,38.1
PROG-000418,MPLADS-000418,76.5,97.0,160,177,0,20.5
PROG-000419,MPLADS-000419,91.5,93.3,90,119,0,1.8
PROG-000420,MPLADS-000420,75.0,149.8,180,184,0,74.8
PROG-000421,MPLADS-000421,79.4,96.4,160,154,0,17.0
PROG-000422,MPLADS-000422,83.2,86.5,180,198,0,3.3
PROG-000423,MPLADS-000423,76.6,96.7,210,231,0,20.1
PROG-000424,MPLADS-000424,84.3,85.9,210,239,0,1.6
PROG-000425,MPLADS-000425,62.3,85.9,150,600,4,23.6
PROG-000426,MPLADS-000426,73.7,88.1,180,196,0,14.4
PROG-000427,MPLADS-000427,79.6,93.6,160,160,0,14.0
PROG-000428,MPLADS-000428,19.1,86.7,180,194,0,67.6
PROG-000429,MPLADS-000429,89.3,90.4,210,196,0,1.1
PROG-000430,MPLADS-000430,93.4,89.3,150,177,0,-4.1
PROG-000431,MPLADS-000431,95.4,87.3,120,126,0,-8.1
PROG-000432,MPLADS-000432,72.3,97.1,150,172,0,24.8
PROG-000433,MPLADS-000433,11.9,54.4,90,105,0,42.5
PROG-000434,MPLADS-000434,97.7,97.3,400,410,0,-0.4
PROG-000435,MPLADS-000435,79.1,93.2,180,187,0,14.1
PROG-000436,MPLADS-000436,95.5,89.6,160,155,0,-5.9
PROG-000437,MPLADS-000437,78.2,96.8,60,54,0,18.6
PROG-000438,MPLADS-000438,29.7,86.4,120,113,0,56.7
PROG-000439,MPLADS-000439,79.3,86.3,90,90,0,7.0
PROG-000440,MPLADS-000440,78.7,85.8,90,110,0,7.1
PROG-000441,MPLADS-000441,82.9,85.6,150,168,0,2.7
PROG-000442,MPLADS-000442,71.1,92.7,160,156,0,21.6
PROG-000443,MPLADS-000443,72.9,90.7,120,109,0,17.8
PROG-000444,MPLADS-000444,97.1,89.4,210,243,0,-7.7
PROG-000445,MPLADS-000445,99.2,87.3,120,115,0,-11.9
PROG-000446,MPLADS-000446,74.9,94.8,60,80,0,19.9
PROG-000447,MPLADS-000447,89.5,95.0,60,68,0,5.5
PROG-000448,MPLADS-000448,48.6,86.8,210,840,2,38.2
PROG-000449,MPLADS-000449,76.7,85.3,210,217,0,8.6
PROG-000450,MPLADS-000450,90.8,87.1,180,165,0,-3.7
PROG-000451,MPLADS-000451,96.4,89.3,150,152,0,-7.1
PROG-000452,MPLADS-000452,72.3,95.7,400,399,0,23.4
PROG-000453,MPLADS-000453,84.4,93.1,180,190,0,8.7
PROG-000454,MPLADS-000454,19.6,94.5,210,212,0,74.9
PROG-000455,MPLADS-000455,75.3,85.2,60,62,0,9.9
PROG-000456,MPLADS-000456,90.6,91.2,160,176,0,0.6
PROG-000457,MPLADS-000457,95.7,86.9,180,189,0,-8.8
PROG-000458,MPLADS-000458,77.7,95.8,400,422,0,18.1
PROG-000459,MPLADS-000459,89.0,94.6,90,75,0,5.6
PROG-000460,MPLADS-000460,96.0,89.2,90,111,0,-6.8
PROG-000461,MPLADS-000461,98.9,93.9,180,169,0,-5.0
PROG-000462,MPLADS-000462,73.5,96.7,210,232,0,23.2
PROG-000463,MPLADS-000463,50.5,90.2,160,640,4,39.7
PROG-000464,MPLADS-000464,90.7,96.9,180,206,0,6.2
PROG-000465,MPLADS-000465,96.4,96.3,400,432,0,-0.1
PROG-000466,MPLADS-000466,99.9,90.9,90,107,0,-9.0
PROG-000467,MPLADS-000467,84.5,136.1,60,47,0,51.6
PROG-000468,MPLADS-000468,95.5,88.5,210,240,0,-7.0
PROG-000469,MPLADS-000469,79.8,86.6,400,420,0,6.8
PROG-000470,MPLADS-000470,82.0,95.3,180,196,0,13.3
PROG-000471,MPLADS-000471,91.2,97.2,210,227,0,6.0
PROG-000472,MPLADS-000472,98.1,90.0,400,395,0,-8.1
PROG-000473,MPLADS-000473,73.4,153.3,180,191,0,79.9
PROG-000474,MPLADS-000474,81.5,85.8,160,176,0,4.3
PROG-000475,MPLADS-000475,71.7,89.5,150,147,0,17.8
PROG-000476,MPLADS-000476,73.6,95.7,120,108,0,22.1
PROG-000477,MPLADS-000477,83.8,92.2,400,418,0,8.4
PROG-000478,MPLADS-000478,74.2,158.0,210,196,0,83.8
PROG-000479,MPLADS-000479,87.5,96.9,90,105,0,9.4
PROG-000480,MPLADS-000480,78.8,96.8,400,387,0,18.0
PROG-000481,MPLADS-000481,96.3,88.9,120,134,0,-7.4
PROG-000482,MPLADS-000482,76.1,92.1,400,386,0,16.0
PROG-000483,MPLADS-000483,92.9,96.8,90,78,0,3.9
PROG-000484,MPLADS-000484,92.1,85.7,210,230,0,-6.4
PROG-000485,MPLADS-000485,72.5,89.2,160,189,0,16.7
PROG-000486,MPLADS-000486,95.0,88.3,160,153,0,-6.7
PROG-000487,MPLADS-000487,79.9,95.9,120,153,0,16.0
PROG-000488,MPLADS-000488,0.0,100.0,400,433,0,100.0
PROG-000489,MPLADS-000489,83.4,89.2,150,174,0,5.8
PROG-000490,MPLADS-000490,84.4,92.9,120,149,0,8.5
PROG-000491,MPLADS-000491,79.9,93.6,180,165,0,13.7
PROG-000492,MPLADS-000492,84.4,86.0,160,174,0,1.6
PROG-000493,MPLADS-000493,74.7,94.1,160,151,0,19.4
PROG-000494,MPLADS-000494,84.5,96.9,60,73,0,12.4
PROG-000495,MPLADS-000495,88.7,97.3,120,125,0,8.6
PROG-000496,MPLADS-000496,90.5,93.0,150,178,0,2.5
PROG-000497,MPLADS-000497,75.3,94.0,400,411,0,18.7
PROG-000498,MPLADS-000498,70.7,91.9,180,204,0,21.2
PROG-000499,MPLADS-000499,79.8,89.3,160,145,0,9.5
PROG-000500,MPLADS-000500,85.9,85.1,90,96,0,-0.8
PROG-000501,MPLADS-000501,79.7,97.5,400,410,0,17.8
PROG-000502,MPLADS-000502,97.9,93.7,160,172,0,-4.2
PROG-000503,MPLADS-000503,90.7,91.2,120,152,0,0.5
PROG-000504,MPLADS-000504,82.5,93.4,400,408,0,10.9
PROG-000505,MPLADS-000505,93.2,90.8,120,128,0,-2.4
PROG-000506,MPLADS-000506,99.5,91.8,210,220,0,-7.7
PROG-000507,MPLADS-000507,73.6,154.2,120,109,0,80.6
PROG-000508,MPLADS-000508,93.4,148.8,400,414,0,55.4
PROG-000509,MPLADS-000509,22.1,86.1,160,156,0,64.0
PROG-000510,MPLADS-000510,88.9,97.8,160,150,0,8.9
PROG-000511,MPLADS-000511,96.3,93.8,180,194,0,-2.5
PROG-000512,MPLADS-000512,75.0,127.8,180,206,0,52.8
PROG-000513,MPLADS-000513,20.7,87.2,180,195,0,66.5
PROG-000514,MPLADS-000514,79.6,85.9,120,130,0,6.3
PROG-000515,MPLADS-000515,76.9,91.4,210,208,0,14.5
PROG-000516,MPLADS-000516,28.5,90.1,120,147,0,61.6
PROG-000517,MPLADS-000517,86.0,85.2,150,165,0,-0.8
PROG-000518,MPLADS-000518,93.8,91.0,60,57,0,-2.8
PROG-000519,MPLADS-000519,83.2,96.8,60,45,0,13.6
PROG-000520,MPLADS-000520,77.8,92.6,210,218,0,14.8
PROG-000521,MPLADS-000521,97.5,97.9,60,80,0,0.4
PROG-000522,MPLADS-000522,91.9,86.5,180,208,0,-5.4
PROG-000523,MPLADS-000523,88.2,86.2,120,129,0,-2.0
PROG-000524,MPLADS-000524,31.2,87.0,180,197,0,55.8
PROG-000525,MPLADS-000525,26.1,98.2,400,400,0,72.1
PROG-000526,MPLADS-000526,78.7,89.2,150,155,0,10.5
PROG-000527,MPLADS-000527,72.0,95.5,400,412,0,23.5
PROG-000528,MPLADS-000528,93.1,87.2,120,117,0,-5.9
PROG-000529,MPLADS-000529,78.3,96.2,210,221,0,17.9
PROG-000530,MPLADS-000530,96.7,93.2,180,184,0,-3.5
PROG-000531,MPLADS-000531,96.1,88.8,160,182,0,-7.3
PROG-000532,MPLADS-000532,72.7,92.4,160,150,0,19.7
PROG-000533,MPLADS-000533,84.7,90.8,210,228,0,6.1
PROG-000534,MPLADS-000534,78.1,85.1,180,202,0,7.0
PROG-000535,MPLADS-000535,92.6,92.9,210,196,0,0.3
PROG-000536,MPLADS-000536,72.5,125.3,120,143,0,52.8
PROG-000537,MPLADS-000537,76.4,88.2,120,113,0,11.8
PROG-000538,MPLADS-000538,96.6,87.2,400,422,0,-9.4
PROG-000539,MPLADS-000539,80.0,92.1,150,156,0,12.1
PROG-000540,MPLADS-000540,88.3,95.5,160,194,0,7.2
PROG-000541,MPLADS-000541,76.4,94.0,180,175,0,17.6
PROG-000542,MPLADS-000542,98.8,87.1,210,202,0,-11.7
PROG-000543,MPLADS-000543,81.1,91.8,180,172,0,10.7
PROG-000544,MPLADS-000544,93.7,88.3,210,222,0,-5.4
PROG-000545,MPLADS-000545,81.2,91.6,90,96,0,10.4
PROG-000546,MPLADS-000546,81.9,89.1,90,89,0,7.2
PROG-000547,MPLADS-000547,86.3,94.6,150,183,0,8.3
PROG-000548,MPLADS-000548,79.1,94.3,90,109,0,15.2
PROG-000549,MPLADS-000549,95.9,96.4,210,199,0,0.5
PROG-000550,MPLADS-000550,93.7,90.5,160,187,0,-3.2
PROG-000551,MPLADS-000551,0.0,100.0,160,159,0,100.0
PROG-000552,MPLADS-000552,88.3,92.7,160,175,0,4.4
PROG-000553,MPLADS-000553,95.8,93.3,210,203,0,-2.5
PROG-000554,MPLADS-000554,74.6,97.9,120,154,0,23.3
PROG-000555,MPLADS-000555,53.4,87.2,400,1200,3,33.8
PROG-000556,MPLADS-000556,71.4,85.2,90,103,0,13.8
PROG-000557,MPLADS-000557,93.6,93.5,400,389,0,-0.1
PROG-000558,MPLADS-000558,95.8,94.5,400,389,0,-1.3
PROG-000559,MPLADS-000559,92.0,95.1,90,83,0,3.1
PROG-000560,MPLADS-000560,99.5,94.4,90,84,0,-5.1
PROG-000561,MPLADS-000561,81.5,86.3,180,174,0,4.8
PROG-000562,MPLADS-000562,77.7,95.1,400,424,0,17.4
PROG-000563,MPLADS-000563,77.2,87.2,120,132,0,10.0
PROG-000564,MPLADS-000564,96.4,94.9,150,174,0,-1.5
PROG-000565,MPLADS-000565,98.4,96.6,60,83,0,-1.8
PROG-000566,MPLADS-000566,83.7,89.2,400,414,0,5.5
PROG-000567,MPLADS-000567,87.1,97.3,150,136,0,10.2
PROG-000568,MPLADS-000568,88.6,93.7,400,412,0,5.1
PROG-000569,MPLADS-000569,93.0,134.8,160,179,0,41.8
PROG-000570,MPLADS-000570,84.7,89.8,160,185,0,5.1
PROG-000571,MPLADS-000571,96.6,92.4,150,158,0,-4.2
PROG-000572,MPLADS-000572,86.2,87.5,150,181,0,1.3
PROG-000573,MPLADS-000573,97.6,154.7,60,80,0,57.1
PROG-000574,MPLADS-000574,96.6,94.6,210,213,0,-2.0
PROG-000575,MPLADS-000575,84.8,95.2,160,187,0,10.4
PROG-000576,MPLADS-000576,75.3,92.9,180,206,0,17.6
PROG-000577,MPLADS-000577,73.0,95.5,60,56,0,22.5
PROG-000578,MPLADS-000578,74.5,91.1,150,183,0,16.6
PROG-000579,MPLADS-000579,85.6,91.9,150,164,0,6.3
PROG-000580,MPLADS-000580,76.7,91.2,60,85,0,14.5
PROG-000581,MPLADS-000581,90.5,97.4,210,244,0,6.9
PROG-000582,MPLADS-000582,91.5,141.8,120,151,0,50.3
PROG-000583,MPLADS-000583,97.3,93.5,160,157,0,-3.8
PROG-000584,MPLADS-000584,24.9,50.3,210,198,0,25.4
PROG-000585,MPLADS-000585,47.4,90.8,180,720,4,43.4
PROG-000586,MPLADS-000586,91.3,95.8,160,183,0,4.5
PROG-000587,MPLADS-000587,80.2,92.1,160,159,0,11.9
PROG-000588,MPLADS-000588,75.0,92.2,180,205,0,17.2
PROG-000589,MPLADS-000589,83.2,155.1,60,50,0,71.9
PROG-000590,MPLADS-000590,76.8,86.6,120,138,0,9.8
PROG-000591,MPLADS-000591,89.7,97.4,150,149,0,7.7
PROG-000592,MPLADS-000592,93.7,89.6,150,157,0,-4.1
PROG-000593,MPLADS-000593,96.6,87.7,400,430,0,-8.9
PROG-000594,MPLADS-000594,94.0,131.5,210,243,0,37.5
PROG-000595,MPLADS-000595,96.9,90.9,150,167,0,-6.0
PROG-000596,MPLADS-000596,80.7,85.3,210,208,0,4.6
PROG-000597,MPLADS-000597,70.4,86.9,120,134,0,16.5
PROG-000598,MPLADS-000598,79.6,87.5,120,154,0,7.9
PROG-000599,MPLADS-000599,70.5,88.0,160,169,0,17.5
PROG-000600,MPLADS-000600,75.0,94.5,90,81,0,19.5
PROG-000601,MPLADS-000601,72.3,91.8,90,78,0,19.5
PROG-000602,MPLADS-000602,27.3,94.4,210,198,0,67.1
PROG-000603,MPLADS-000603,72.1,91.6,180,188,0,19.5
PROG-000604,MPLADS-000604,93.4,92.0,400,417,0,-1.4
PROG-000605,MPLADS-000605,70.6,88.8,400,407,0,18.2
PROG-000606,MPLADS-000606,73.6,97.0,120,118,0,23.4
PROG-000607,MPLADS-000607,74.7,96.4,160,181,0,21.7
PROG-000608,MPLADS-000608,73.7,94.4,210,237,0,20.7
PROG-000609,MPLADS-000609,93.6,90.2,150,175,0,-3.4
PROG-000610,MPLADS-000610,71.8,91.7,180,211,0,19.9
PROG-000611,MPLADS-000611,16.8,97.1,210,206,0,80.3
PROG-000612,MPLADS-000612,99.3,86.3,180,210,0,-13.0
PROG-000613,MPLADS-000613,86.1,85.2,160,156,0,-0.9
PROG-000614,MPLADS-000614,87.6,86.9,160,145,0,-0.7
PROG-000615,MPLADS-000615,71.0,85.4,60,62,0,14.4
PROG-000616,MPLADS-000616,83.6,88.7,400,421,0,5.1
PROG-000617,MPLADS-000617,94.5,130.6,150,166,0,36.1
PROG-000618,MPLADS-000618,93.7,87.4,400,423,0,-6.3
PROG-000619,MPLADS-000619,75.3,88.6,60,76,0,13.3
PROG-000620,MPLADS-000620,85.7,86.8,160,175,0,1.1
PROG-000621,MPLADS-000621,95.2,92.5,210,199,0,-2.7
PROG-000622,MPLADS-000622,93.3,94.9,400,398,0,1.6
PROG-000623,MPLADS-000623,80.3,96.9,400,417,0,16.6
PROG-000624,MPLADS-000624,96.2,85.5,180,183,0,-10.7
PROG-000625,MPLADS-000625,21.7,96.1,60,88,0,74.4
PROG-000626,MPLADS-000626,90.5,95.8,400,417,0,5.3
PROG-000627,MPLADS-000627,90.3,91.0,160,194,0,0.7
PROG-000628,MPLADS-000628,95.1,85.9,180,176,0,-9.2
PROG-000629,MPLADS-000629,79.4,96.3,150,171,0,16.9
PROG-000630,MPLADS-000630,87.9,85.9,150,174,0,-2.0
PROG-000631,MPLADS-000631,81.9,93.0,180,182,0,11.1
PROG-000632,MPLADS-000632,74.6,92.2,210,195,0,17.6
PROG-000633,MPLADS-000633,93.1,94.9,90,87,0,1.8
PROG-000634,MPLADS-000634,73.2,85.5,150,146,0,12.3
PROG-000635,MPLADS-000635,16.5,48.5,180,179,0,32.0
PROG-000636,MPLADS-000636,78.7,87.8,60,89,0,9.1
PROG-000637,MPLADS-000637,99.8,85.2,180,171,0,-14.6
PROG-000638,MPLADS-000638,82.1,88.7,90,76,0,6.6
PROG-000639,MPLADS-000639,76.8,93.1,160,184,0,16.3
PROG-000640,MPLADS-000640,88.5,93.8,120,140,0,5.3
PROG-000641,MPLADS-000641,98.8,90.6,120,129,0,-8.2
PROG-000642,MPLADS-000642,88.1,94.9,400,404,0,6.8
PROG-000643,MPLADS-000643,99.5,95.0,120,105,0,-4.5
PROG-000644,MPLADS-000644,85.5,92.8,150,137,0,7.3
PROG-000645,MPLADS-000645,88.5,86.7,210,237,0,-1.8
PROG-000646,MPLADS-000646,94.6,90.7,210,209,0,-3.9
PROG-000647,MPLADS-000647,72.4,91.1,160,171,0,18.7
PROG-000648,MPLADS-000648,88.8,90.4,60,72,0,1.6
PROG-000649,MPLADS-000649,91.1,95.1,60,47,0,4.0
PROG-000650,MPLADS-000650,83.1,91.2,210,195,0,8.1
PROG-000651,MPLADS-000651,95.5,95.6,150,135,0,0.1
PROG-000652,MPLADS-000652,86.2,93.8,210,206,0,7.6
PROG-000653,MPLADS-000653,96.1,85.7,210,229,0,-10.4
PROG-000654,MPLADS-000654,87.3,90.6,160,176,0,3.3
PROG-000655,MPLADS-000655,90.4,94.2,60,68,0,3.8
PROG-000656,MPLADS-000656,89.0,87.4,120,140,0,-1.6
PROG-000657,MPLADS-000657,89.6,92.5,400,433,0,2.9
PROG-000658,MPLADS-000658,77.3,97.2,150,139,0,19.9
PROG-000659,MPLADS-000659,84.5,91.8,180,178,0,7.3
PROG-000660,MPLADS-000660,76.8,90.8,60,55,0,14.0
PROG-000661,MPLADS-000661,94.5,93.6,60,56,0,-0.9
PROG-000662,MPLADS-000662,90.2,87.2,210,202,0,-3.0
PROG-000663,MPLADS-000663,84.1,86.4,180,199,0,2.3
PROG-000664,MPLADS-000664,98.0,89.5,180,199,0,-8.5
PROG-000665,MPLADS-000665,79.4,91.4,90,121,0,12.0
PROG-000666,MPLADS-000666,71.5,94.6,160,188,0,23.1
PROG-000667,MPLADS-000667,90.4,93.8,400,427,0,3.4
PROG-000668,MPLADS-000668,92.7,95.8,60,61,0,3.1
PROG-000669,MPLADS-000669,98.5,153.5,60,85,0,55.0
PROG-000670,MPLADS-000670,72.3,88.1,400,406,0,15.8
PROG-000671,MPLADS-000671,44.9,89.1,60,180,3,44.2
PROG-000672,MPLADS-000672,97.4,86.8,210,214,0,-10.6
PROG-000673,MPLADS-000673,81.0,91.7,90,100,0,10.7
PROG-000674,MPLADS-000674,90.6,85.9,60,57,0,-4.7
PROG-000675,MPLADS-000675,94.7,95.6,180,185,0,0.9
PROG-000676,MPLADS-000676,74.8,90.3,60,81,0,15.5
PROG-000677,MPLADS-000677,76.5,93.2,120,148,0,16.7
PROG-000678,MPLADS-000678,80.2,90.1,180,214,0,9.9
PROG-000679,MPLADS-000679,73.6,88.4,150,177,0,14.8
PROG-000680,MPLADS-000680,49.7,87.1,90,360,2,37.4
PROG-000681,MPLADS-000681,99.0,88.8,60,50,0,-10.2
PROG-000682,MPLADS-000682,95.0,88.2,90,78,0,-6.8
PROG-000683,MPLADS-000683,87.6,90.3,120,135,0,2.7
PROG-000684,MPLADS-000684,71.2,88.4,210,233,0,17.2
PROG-000685,MPLADS-000685,81.2,92.4,210,237,0,11.2
PROG-000686,MPLADS-000686,81.8,85.8,160,169,0,4.0
PROG-000687,MPLADS-000687,70.7,91.7,160,177,0,21.0
PROG-000688,MPLADS-000688,75.0,89.7,120,112,0,14.7
PROG-000689,MPLADS-000689,92.6,95.4,90,108,0,2.8
PROG-000690,MPLADS-000690,94.8,91.1,60,51,0,-3.7
PROG-000691,MPLADS-000691,70.5,96.2,120,133,0,25.7
PROG-000692,MPLADS-000692,92.4,85.0,150,150,0,-7.4
PROG-000693,MPLADS-000693,79.9,88.0,60,62,0,8.1
PROG-000694,MPLADS-000694,79.7,91.2,150,157,0,11.5
PROG-000695,MPLADS-000695,95.2,91.3,150,143,0,-3.9
PROG-000696,MPLADS-000696,73.7,89.0,160,190,0,15.3
PROG-000697,MPLADS-000697,81.7,97.4,90,113,0,15.7
PROG-000698,MPLADS-000698,93.4,137.7,180,184,0,44.3
PROG-000699,MPLADS-000699,94.3,89.8,400,420,0,-4.5
PROG-000700,MPLADS-000700,0.0,100.0,160,149,0,100.0
PROG-000701,MPLADS-000701,75.2,87.3,120,106,0,12.1
PROG-000702,MPLADS-000702,84.1,88.2,90,89,0,4.1
PROG-000703,MPLADS-000703,91.6,86.5,150,161,0,-5.1
PROG-000704,MPLADS-000704,82.0,92.6,120,120,0,10.6
PROG-000705,MPLADS-000705,71.7,95.8,90,108,0,24.1
PROG-000706,MPLADS-000706,90.7,88.1,120,149,0,-2.6
PROG-000707,MPLADS-000707,34.3,96.6,150,146,0,62.3
PROG-000708,MPLADS-000708,80.4,96.3,60,62,0,15.9
PROG-000709,MPLADS-000709,15.4,95.6,60,47,0,80.2
PROG-000710,MPLADS-000710,61.6,89.7,120,480,3,28.1
PROG-000711,MPLADS-000711,91.9,87.8,160,153,0,-4.1
PROG-000712,MPLADS-000712,97.6,85.9,180,166,0,-11.7
PROG-000713,MPLADS-000713,27.5,90.9,180,203,0,63.4
PROG-000714,MPLADS-000714,97.1,87.1,150,141,0,-10.0
PROG-000715,MPLADS-000715,99.7,88.4,400,428,0,-11.3
PROG-000716,MPLADS-000716,83.7,88.7,60,73,0,5.0
PROG-000717,MPLADS-000717,79.6,88.0,90,82,0,8.4
PROG-000718,MPLADS-000718,16.5,91.4,120,105,0,74.9
PROG-000719,MPLADS-000719,99.4,91.8,60,69,0,-7.6
PROG-000720,MPLADS-000720,70.0,85.3,160,189,0,15.3
PROG-000721,MPLADS-000721,76.3,89.2,60,70,0,12.9
PROG-000722,MPLADS-000722,73.0,89.8,90,101,0,16.8
PROG-000723,MPLADS-000723,84.1,95.9,180,207,0,11.8
PROG-000724,MPLADS-000724,82.1,88.1,180,165,0,6.0
PROG-000725,MPLADS-000725,86.8,93.5,400,407,0,6.7
PROG-000726,MPLADS-000726,95.9,96.0,90,113,0,0.1
PROG-000727,MPLADS-000727,72.4,85.1,150,173,0,12.7
PROG-000728,MPLADS-000728,71.0,96.2,90,113,0,25.2
PROG-000729,MPLADS-000729,95.8,92.5,90,104,0,-3.3
PROG-000730,MPLADS-000730,86.2,85.4,60,45,0,-0.8
PROG-000731,MPLADS-000731,75.8,87.0,60,93,0,11.2
PROG-000732,MPLADS-000732,92.0,90.3,60,93,0,-1.7
PROG-000733,MPLADS-000733,79.0,92.5,120,110,0,13.5
PROG-000734,MPLADS-000734,75.1,134.9,160,162,0,59.8
PROG-000735,MPLADS-000735,22.0,53.9,90,85,0,31.9
PROG-000736,MPLADS-000736,80.0,93.7,160,187,0,13.7
PROG-000737,MPLADS-000737,78.0,85.8,400,385,0,7.8
PROG-000738,MPLADS-000738,75.6,87.3,120,150,0,11.7
PROG-000739,MPLADS-000739,87.9,98.0,180,189,0,10.1
PROG-000740,MPLADS-000740,14.4,61.3,120,133,0,46.9
PROG-000741,MPLADS-000741,70.4,95.4,160,164,0,25.0
PROG-000742,MPLADS-000742,87.8,96.9,180,194,0,9.1
PROG-000743,MPLADS-000743,88.0,95.2,400,387,0,7.2
PROG-000744,MPLADS-000744,84.8,140.3,60,59,0,55.5
PROG-000745,MPLADS-000745,99.5,93.1,60,79,0,-6.4
PROG-000746,MPLADS-000746,94.5,96.0,60,94,0,1.5
PROG-000747,MPLADS-000747,85.6,87.0,150,157,0,1.4
PROG-000748,MPLADS-000748,96.7,87.9,160,191,0,-8.8
PROG-000749,MPLADS-000749,78.3,97.9,90,123,0,19.6
PROG-000750,MPLADS-000750,95.2,96.7,400,405,0,1.5
PROG-000751,MPLADS-000751,95.1,92.6,160,179,0,-2.5
PROG-000752,MPLADS-000752,86.4,97.5,210,225,0,11.1
PROG-000753,MPLADS-000753,72.7,91.3,120,360,2,18.6
PROG-000754,MPLADS-000754,51.7,88.3,90,360,3,36.6
PROG-000755,MPLADS-000755,80.7,86.9,160,177,0,6.2
PROG-000756,MPLADS-000756,94.1,88.6,90,90,0,-5.5
PROG-000757,MPLADS-000757,85.3,88.2,160,156,0,2.9
PROG-000758,MPLADS-000758,70.9,87.7,180,190,0,16.8
PROG-000759,MPLADS-000759,77.5,89.1,210,243,0,11.6
PROG-000760,MPLADS-000760,77.8,94.4,120,106,0,16.6
PROG-000761,MPLADS-000761,72.1,94.9,180,187,0,22.8
PROG-000762,MPLADS-000762,93.0,89.4,60,72,0,-3.6
PROG-000763,MPLADS-000763,97.4,94.8,150,159,0,-2.6
PROG-000764,MPLADS-000764,94.6,85.2,150,148,0,-9.4
PROG-000765,MPLADS-000765,47.2,95.8,180,540,3,48.6
PROG-000766,MPLADS-000766,92.6,96.5,90,103,0,3.9
PROG-000767,MPLADS-000767,21.0,46.6,160,175,0,25.6
PROG-000768,MPLADS-000768,76.1,94.4,90,90,0,18.3
PROG-000769,MPLADS-000769,99.5,93.5,160,185,0,-6.0
PROG-000770,MPLADS-000770,97.0,89.4,150,157,0,-7.6
PROG-000771,MPLADS-000771,84.2,97.5,60,73,0,13.3
PROG-000772,MPLADS-000772,89.1,85.1,120,132,0,-4.0
PROG-000773,MPLADS-000773,82.4,137.0,160,173,0,54.6
PROG-000774,MPLADS-000774,89.1,90.8,60,87,0,1.7
PROG-000775,MPLADS-000775,95.6,89.0,180,185,0,-6.6
PROG-000776,MPLADS-000776,99.0,92.2,180,183,0,-6.8
PROG-000777,MPLADS-000777,93.6,89.0,90,89,0,-4.6
PROG-000778,MPLADS-000778,86.6,92.6,90,102,0,6.0
PROG-000779,MPLADS-000779,96.8,96.7,180,166,0,-0.1
PROG-000780,MPLADS-000780,12.4,49.4,180,196,0,37.0
PROG-000781,MPLADS-000781,93.8,93.6,60,49,0,-0.2
PROG-000782,MPLADS-000782,96.8,93.1,400,405,0,-3.7
PROG-000783,MPLADS-000783,89.2,86.5,150,142,0,-2.7
PROG-000784,MPLADS-000784,73.8,89.9,160,182,0,16.1
PROG-000785,MPLADS-000785,80.7,87.9,90,119,0,7.2
PROG-000786,MPLADS-000786,91.7,94.8,180,201,0,3.1
PROG-000787,MPLADS-000787,93.1,90.0,180,169,0,-3.1
PROG-000788,MPLADS-000788,78.7,94.1,180,210,0,15.4
PROG-000789,MPLADS-000789,72.7,91.4,90,80,0,18.7
PROG-000790,MPLADS-000790,97.9,97.4,180,166,0,-0.5
PROG-000791,MPLADS-000791,71.0,91.0,150,176,0,20.0
PROG-000792,MPLADS-000792,86.9,92.0,160,187,0,5.1
PROG-000793,MPLADS-000793,72.5,97.6,120,122,0,25.1
PROG-000794,MPLADS-000794,85.5,93.8,160,172,0,8.3
PROG-000795,MPLADS-000795,94.7,94.9,400,409,0,0.2
PROG-000796,MPLADS-000796,85.8,88.3,400,426,0,2.5
PROG-000797,MPLADS-000797,24.3,91.2,180,206,0,66.9
PROG-000798,MPLADS-000798,74.2,86.9,210,630,3,12.7
PROG-000799,MPLADS-000799,92.9,87.6,180,196,0,-5.3
PROG-000800,MPLADS-000800,91.2,86.7,180,180,0,-4.5
PROG-000801,MPLADS-000801,90.2,95.3,90,99,0,5.1
PROG-000802,MPLADS-000802,82.8,88.3,90,98,0,5.5
PROG-000803,MPLADS-000803,82.0,89.8,210,224,0,7.8
PROG-000804,MPLADS-000804,95.2,91.9,90,105,0,-3.3
PROG-000805,MPLADS-000805,75.7,97.4,160,189,0,21.7
PROG-000806,MPLADS-000806,75.9,89.1,60,87,0,13.2
PROG-000807,MPLADS-000807,90.9,96.0,60,68,0,5.1
PROG-000808,MPLADS-000808,86.2,90.8,120,134,0,4.6
PROG-000809,MPLADS-000809,98.8,98.0,120,150,0,-0.8
PROG-000810,MPLADS-000810,98.0,95.8,60,47,0,-2.2
PROG-000811,MPLADS-000811,84.4,88.2,90,95,0,3.8
PROG-000812,MPLADS-000812,91.5,92.0,90,108,0,0.5
PROG-000813,MPLADS-000813,0.0,100.0,120,115,0,100.0
PROG-000814,MPLADS-000814,98.4,85.8,210,244,0,-12.6
PROG-000815,MPLADS-000815,73.0,85.6,160,480,2,12.6
PROG-000816,MPLADS-000816,80.7,86.9,150,145,0,6.2
PROG-000817,MPLADS-000817,91.3,89.7,160,156,0,-1.6
PROG-000818,MPLADS-000818,94.0,88.4,180,205,0,-5.6
PROG-000819,MPLADS-000819,78.2,87.5,210,214,0,9.3
PROG-000820,MPLADS-000820,30.4,93.0,400,419,0,62.6
PROG-000821,MPLADS-000821,95.0,138.3,120,146,0,43.3
PROG-000822,MPLADS-000822,78.2,88.1,120,124,0,9.9
PROG-000823,MPLADS-000823,93.3,97.3,120,128,0,4.0
PROG-000824,MPLADS-000824,79.5,96.6,150,159,0,17.1
PROG-000825,MPLADS-000825,52.8,88.5,180,540,4,35.7
PROG-000826,MPLADS-000826,87.8,155.4,120,109,0,67.6
PROG-000827,MPLADS-000827,86.5,96.9,210,242,0,10.4
PROG-000828,MPLADS-000828,31.6,88.8,160,145,0,57.2
PROG-000829,MPLADS-000829,90.2,90.0,180,188,0,-0.2
PROG-000830,MPLADS-000830,88.0,96.9,60,88,0,8.9
PROG-000831,MPLADS-000831,71.3,86.9,60,94,0,15.6
PROG-000832,MPLADS-000832,99.7,144.2,400,405,0,44.5
PROG-000833,MPLADS-000833,88.8,86.0,210,206,0,-2.8
PROG-000834,MPLADS-000834,78.5,95.1,180,180,0,16.6
PROG-000835,MPLADS-000835,17.4,90.1,180,197,0,72.7
PROG-000836,MPLADS-000836,98.2,85.1,60,60,0,-13.1
PROG-000837,MPLADS-000837,21.5,88.7,120,142,0,67.2
PROG-000838,MPLADS-000838,87.9,85.3,90,80,0,-2.6
PROG-000839,MPLADS-000839,92.7,94.7,90,100,0,2.0
PROG-000840,MPLADS-000840,99.8,96.0,60,94,0,-3.8
PROG-000841,MPLADS-000841,74.5,87.7,210,225,0,13.2
PROG-000842,MPLADS-000842,87.3,89.0,400,416,0,1.7
PROG-000843,MPLADS-000843,76.0,90.3,120,123,0,14.3
PROG-000844,MPLADS-000844,94.4,85.5,400,419,0,-8.9
PROG-000845,MPLADS-000845,82.4,86.5,60,77,0,4.1
PROG-000846,MPLADS-000846,95.1,88.8,400,407,0,-6.3
PROG-000847,MPLADS-000847,12.1,42.7,90,83,0,30.6
PROG-000848,MPLADS-000848,99.4,86.6,120,117,0,-12.8
PROG-000849,MPLADS-000849,95.8,87.8,150,143,0,-8.0
PROG-000850,MPLADS-000850,92.0,95.1,60,57,0,3.1
PROG-000851,MPLADS-000851,99.0,97.5,120,125,0,-1.5
PROG-000852,MPLADS-000852,98.2,93.6,400,419,0,-4.6
PROG-000853,MPLADS-000853,92.2,157.3,120,151,0,65.1
PROG-000854,MPLADS-000854,94.1,85.3,160,166,0,-8.8
PROG-000855,MPLADS-000855,91.4,92.4,160,147,0,1.0
PROG-000856,MPLADS-000856,82.9,93.2,160,192,0,10.3
PROG-000857,MPLADS-000857,88.9,88.6,210,242,0,-0.3
PROG-000858,MPLADS-000858,0.0,100.0,60,78,0,100.0
PROG-000859,MPLADS-000859,80.5,95.1,180,185,0,14.6
PROG-000860,MPLADS-000860,34.4,90.4,400,407,0,56.0
PROG-000861,MPLADS-000861,63.6,87.8,400,1200,3,24.2
PROG-000862,MPLADS-000862,86.2,90.6,180,188,0,4.4
PROG-000863,MPLADS-000863,92.8,97.1,120,127,0,4.3
PROG-000864,MPLADS-000864,92.2,89.2,210,220,0,-3.0
PROG-000865,MPLADS-000865,21.2,86.7,210,211,0,65.5
PROG-000866,MPLADS-000866,86.2,88.6,160,172,0,2.4
PROG-000867,MPLADS-000867,91.9,88.5,150,157,0,-3.4
PROG-000868,MPLADS-000868,74.8,97.3,400,424,0,22.5
PROG-000869,MPLADS-000869,79.1,85.2,150,136,0,6.1
PROG-000870,MPLADS-000870,99.6,95.4,180,198,0,-4.2
PROG-000871,MPLADS-000871,80.0,136.0,210,234,0,56.0
PROG-000872,MPLADS-000872,19.8,87.9,60,78,0,68.1
PROG-000873,MPLADS-000873,93.7,88.1,90,101,0,-5.6
PROG-000874,MPLADS-000874,71.7,92.9,120,142,0,21.2
PROG-000875,MPLADS-000875,70.3,91.8,120,126,0,21.5
PROG-000876,MPLADS-000876,96.3,97.3,150,168,0,1.0
PROG-000877,MPLADS-000877,83.4,92.0,90,118,0,8.6
PROG-000878,MPLADS-000878,34.8,98.8,160,187,0,64.0
PROG-000879,MPLADS-000879,70.1,88.1,160,194,0,18.0
PROG-000880,MPLADS-000880,94.4,90.1,210,196,0,-4.3
PROG-000881,MPLADS-000881,89.8,92.7,210,242,0,2.9
PROG-000882,MPLADS-000882,93.0,89.0,120,149,0,-4.0
PROG-000883,MPLADS-000883,71.7,97.7,160,170,0,26.0
PROG-000884,MPLADS-000884,22.7,52.9,150,149,0,30.2
PROG-000885,MPLADS-000885,90.5,94.6,120,116,0,4.1
PROG-000886,MPLADS-000886,92.0,90.2,120,120,0,-1.8
PROG-000887,MPLADS-000887,72.3,95.0,150,152,0,22.7
PROG-000888,MPLADS-000888,92.3,91.3,120,109,0,-1.0
PROG-000889,MPLADS-000889,71.5,91.5,180,189,0,20.0
PROG-000890,MPLADS-000890,77.7,90.1,120,130,0,12.4
PROG-000891,MPLADS-000891,94.5,93.7,90,100,0,-0.8
PROG-000892,MPLADS-000892,57.0,94.8,160,640,4,37.8
PROG-000893,MPLADS-000893,96.6,96.4,120,143,0,-0.2
PROG-000894,MPLADS-000894,82.2,87.5,150,157,0,5.3
PROG-000895,MPLADS-000895,90.7,96.7,180,166,0,6.0
PROG-000896,MPLADS-000896,94.4,94.8,60,71,0,0.4
PROG-000897,MPLADS-000897,85.1,95.5,90,77,0,10.4
PROG-000898,MPLADS-000898,17.5,98.4,120,149,0,80.9
PROG-000899,MPLADS-000899,71.3,90.7,120,150,0,19.4
PROG-000900,MPLADS-000900,99.1,94.4,160,191,0,-4.7
PROG-000901,MPLADS-000901,76.0,86.8,60,49,0,10.8
PROG-000902,MPLADS-000902,87.2,88.1,400,431,0,0.9
PROG-000903,MPLADS-000903,83.6,90.8,60,50,0,7.2
PROG-000904,MPLADS-000904,79.5,88.5,210,226,0,9.0
PROG-000905,MPLADS-000905,71.7,93.9,90,92,0,22.2
PROG-000906,MPLADS-000906,77.6,88.6,150,178,0,11.0
PROG-000907,MPLADS-000907,86.6,96.4,150,164,0,9.8
PROG-000908,MPLADS-000908,90.8,85.2,400,393,0,-5.6
PROG-000909,MPLADS-000909,92.9,95.3,210,229,0,2.4
PROG-000910,MPLADS-000910,83.2,85.1,160,168,0,1.9
PROG-000911,MPLADS-000911,0.0,100.0,60,92,0,100.0
PROG-000912,MPLADS-000912,84.4,92.7,150,181,0,8.3
PROG-000913,MPLADS-000913,80.8,91.0,150,159,0,10.2
PROG-000914,MPLADS-000914,23.5,89.5,150,149,0,66.0
PROG-000915,MPLADS-000915,85.7,88.8,150,181,0,3.1
PROG-000916,MPLADS-000916,78.8,96.3,120,118,0,17.5
PROG-000917,MPLADS-000917,79.4,86.6,90,88,0,7.2
PROG-000918,MPLADS-000918,70.4,89.1,90,95,0,18.7
PROG-000919,MPLADS-000919,70.1,87.4,60,61,0,17.3
PROG-000920,MPLADS-000920,85.2,95.2,120,154,0,10.0
PROG-000921,MPLADS-000921,85.4,150.8,90,80,0,65.4
PROG-000922,MPLADS-000922,85.5,93.8,60,50,0,8.3
PROG-000923,MPLADS-000923,75.4,91.5,60,62,0,16.1
PROG-000924,MPLADS-000924,82.8,88.0,120,114,0,5.2
PROG-000925,MPLADS-000925,98.2,97.0,400,414,0,-1.2
PROG-000926,MPLADS-000926,23.2,88.7,150,175,0,65.5
PROG-000927,MPLADS-000927,79.4,88.9,400,431,0,9.5
PROG-000928,MPLADS-000928,85.5,97.9,120,144,0,12.4
PROG-000929,MPLADS-000929,83.5,91.9,210,244,0,8.4
PROG-000930,MPLADS-000930,21.0,91.3,400,390,0,70.3
PROG-000931,MPLADS-000931,70.8,88.2,60,87,0,17.4
PROG-000932,MPLADS-000932,72.9,89.7,90,104,0,16.8
PROG-000933,MPLADS-000933,93.7,86.0,180,174,0,-7.7
PROG-000934,MPLADS-000934,85.2,95.0,210,220,0,9.8
PROG-000935,MPLADS-000935,73.0,85.7,160,189,0,12.7
PROG-000936,MPLADS-000936,79.7,91.2,160,161,0,11.5
PROG-000937,MPLADS-000937,79.4,94.8,120,132,0,15.4
PROG-000938,MPLADS-000938,85.0,97.6,120,151,0,12.6
PROG-000939,MPLADS-000939,96.3,95.4,180,203,0,-0.9
PROG-000940,MPLADS-000940,98.1,96.5,180,203,0,-1.6
PROG-000941,MPLADS-000941,89.2,92.5,400,387,0,3.3
PROG-000942,MPLADS-000942,71.6,96.7,210,237,0,25.1
PROG-000943,MPLADS-000943,77.2,96.8,60,79,0,19.6
PROG-000944,MPLADS-000944,95.6,93.6,120,131,0,-2.0
PROG-000945,MPLADS-000945,92.7,95.2,400,403,0,2.5
PROG-000946,MPLADS-000946,73.3,86.7,400,1200,3,13.4
PROG-000947,MPLADS-000947,96.9,93.3,160,179,0,-3.6
PROG-000948,MPLADS-000948,99.4,87.5,210,214,0,-11.9
PROG-000949,MPLADS-000949,79.3,95.3,400,396,0,16.0
PROG-000950,MPLADS-000950,78.8,91.5,150,156,0,12.7
PROG-000951,MPLADS-000951,84.9,92.1,210,237,0,7.2
PROG-000952,MPLADS-000952,76.7,89.1,160,148,0,12.4
PROG-000953,MPLADS-000953,73.1,91.5,90,115,0,18.4
PROG-000954,MPLADS-000954,84.0,91.2,90,101,0,7.2
PROG-000955,MPLADS-000955,85.1,93.9,210,195,0,8.8
PROG-000956,MPLADS-000956,81.8,92.8,180,214,0,11.0
PROG-000957,MPLADS-000957,98.7,96.5,400,389,0,-2.2
PROG-000958,MPLADS-000958,74.6,94.1,120,144,0,19.5
PROG-000959,MPLADS-000959,95.6,97.5,90,116,0,1.9
PROG-000960,MPLADS-000960,85.9,92.7,120,138,0,6.8
PROG-000961,MPLADS-000961,19.7,69.6,60,86,0,49.9
PROG-000962,MPLADS-000962,30.4,87.5,210,230,0,57.1
PROG-000963,MPLADS-000963,40.1,95.3,120,360,4,55.2
PROG-000964,MPLADS-000964,99.0,90.7,90,100,0,-8.3
PROG-000965,MPLADS-000965,94.4,91.5,210,228,0,-2.9
PROG-000966,MPLADS-000966,82.5,92.7,90,118,0,10.2
PROG-000967,MPLADS-000967,90.0,93.9,160,182,0,3.9
PROG-000968,MPLADS-000968,80.7,86.6,150,170,0,5.9
PROG-000969,MPLADS-000969,81.4,92.2,210,199,0,10.8
PROG-000970,MPLADS-000970,83.7,85.3,400,401,0,1.6
PROG-000971,MPLADS-000971,76.9,86.3,400,400,0,9.4
PROG-000972,MPLADS-000972,90.1,93.2,90,99,0,3.1
PROG-000973,MPLADS-000973,82.6,95.8,180,184,0,13.2
PROG-000974,MPLADS-000974,77.1,87.8,150,151,0,10.7
PROG-000975,MPLADS-000975,90.3,90.8,400,402,0,0.5
PROG-000976,MPLADS-000976,93.0,88.4,120,121,0,-4.6
PROG-000977,MPLADS-000977,97.5,94.1,150,141,0,-3.4
PROG-000978,MPLADS-000978,73.3,95.4,160,147,0,22.1
PROG-000979,MPLADS-000979,99.6,93.9,210,214,0,-5.7
PROG-000980,MPLADS-000980,95.5,94.4,120,111,0,-1.1
PROG-000981,MPLADS-000981,94.9,94.9,180,172,0,0.0
PROG-000982,MPLADS-000982,52.2,92.7,180,540,3,40.5
PROG-000983,MPLADS-000983,31.6,94.5,120,109,0,62.9
PROG-000984,MPLADS-000984,93.3,86.0,90,92,0,-7.3
PROG-000985,MPLADS-000985,85.8,96.9,120,150,0,11.1
PROG-000986,MPLADS-000986,82.9,86.5,400,415,0,3.6
PROG-000987,MPLADS-000987,92.4,96.9,60,74,0,4.5
PROG-000988,MPLADS-000988,88.9,88.2,120,127,0,-0.7
PROG-000989,MPLADS-000989,15.3,43.3,160,159,0,28.0
PROG-000990,MPLADS-000990,93.2,142.1,160,182,0,48.9
PROG-000991,MPLADS-000991,79.5,94.7,120,116,0,15.2
PROG-000992,MPLADS-000992,99.2,92.9,150,167,0,-6.3
PROG-000993,MPLADS-000993,23.4,96.9,210,199,0,73.5
PROG-000994,MPLADS-000994,91.7,89.1,90,90,0,-2.6
PROG-000995,MPLADS-000995,89.8,92.3,90,87,0,2.5
PROG-000996,MPLADS-000996,99.5,90.0,210,213,0,-9.5
PROG-000997,MPLADS-000997,72.5,90.6,400,393,0,18.1
PROG-000998,MPLADS-000998,75.3,127.0,180,189,0,51.7
PROG-000999,MPLADS-000999,86.9,94.2,150,176,0,7.3
PROG-001000,MPLADS-001000,88.8,87.7,210,240,0,-1.1
PROG-001001,MPLADS-001001,83.4,90.5,400,427,0,7.1
PROG-001002,MPLADS-001002,72.9,88.7,160,145,0,15.8
PROG-001003,MPLADS-001003,86.4,85.4,210,220,0,-1.0
PROG-001004,MPLADS-001004,24.9,47.2,120,116,0,22.3
PROG-001005,MPLADS-001005,76.8,90.2,120,121,0,13.4
PROG-001006,MPLADS-001006,78.9,87.8,90,98,0,8.9
PROG-001007,MPLADS-001007,82.5,90.1,90,87,0,7.6
PROG-001008,MPLADS-001008,72.4,91.0,210,232,0,18.6
PROG-001009,MPLADS-001009,31.7,89.2,400,397,0,57.5
PROG-001010,MPLADS-001010,87.4,90.5,60,52,0,3.1
PROG-001011,MPLADS-001011,97.0,91.3,210,228,0,-5.7
PROG-001012,MPLADS-001012,94.0,91.5,160,190,0,-2.5
PROG-001013,MPLADS-001013,99.2,92.3,90,97,0,-6.9
PROG-001014,MPLADS-001014,95.8,88.0,150,153,0,-7.8
PROG-001015,MPLADS-001015,79.1,97.9,400,394,0,18.8
PROG-001016,MPLADS-001016,81.1,92.1,400,410,0,11.0
PROG-001017,MPLADS-001017,75.7,86.8,150,182,0,11.1
PROG-001018,MPLADS-001018,87.3,90.2,60,93,0,2.9
PROG-001019,MPLADS-001019,72.8,98.0,400,390,0,25.2
PROG-001020,MPLADS-001020,81.8,96.3,210,207,0,14.5
PROG-001021,MPLADS-001021,89.7,91.1,60,60,0,1.4
PROG-001022,MPLADS-001022,70.7,93.9,180,180,0,23.2
PROG-001023,MPLADS-001023,81.2,92.6,150,177,0,11.4
PROG-001024,MPLADS-001024,83.8,95.2,60,65,0,11.4
PROG-001025,MPLADS-001025,83.4,91.7,400,419,0,8.3
PROG-001026,MPLADS-001026,79.0,93.3,150,182,0,14.3
PROG-001027,MPLADS-001027,83.1,87.7,120,135,0,4.6
PROG-001028,MPLADS-001028,78.4,89.5,60,60,0,11.1
PROG-001029,MPLADS-001029,86.1,89.1,120,121,0,3.0
PROG-001030,MPLADS-001030,75.0,94.0,60,75,0,19.0
PROG-001031,MPLADS-001031,98.6,90.3,120,152,0,-8.3
PROG-001032,MPLADS-001032,76.5,89.6,160,146,0,13.1
PROG-001033,MPLADS-001033,75.8,89.1,90,97,0,13.3
PROG-001034,MPLADS-001034,76.2,159.2,400,423,0,83.0
PROG-001035,MPLADS-001035,80.1,92.3,120,137,0,12.2
PROG-001036,MPLADS-001036,80.7,98.0,60,87,0,17.3
PROG-001037,MPLADS-001037,95.2,90.2,90,117,0,-5.0
PROG-001038,MPLADS-001038,83.9,96.7,150,149,0,12.8
PROG-001039,MPLADS-001039,78.4,96.3,400,406,0,17.9
PROG-001040,MPLADS-001040,77.8,96.2,210,219,0,18.4
PROG-001041,MPLADS-001041,82.4,97.5,400,391,0,15.1
PROG-001042,MPLADS-001042,31.8,96.4,180,197,0,64.6
PROG-001043,MPLADS-001043,76.1,94.2,180,202,0,18.1
PROG-001044,MPLADS-001044,87.6,88.5,120,150,0,0.9
PROG-001045,MPLADS-001045,75.2,96.0,90,117,0,20.8
PROG-001046,MPLADS-001046,74.5,91.2,400,405,0,16.7
PROG-001047,MPLADS-001047,87.1,92.2,90,109,0,5.1
PROG-001048,MPLADS-001048,81.7,85.1,210,196,0,3.4
PROG-001049,MPLADS-001049,88.1,96.6,60,57,0,8.5
PROG-001050,MPLADS-001050,81.6,98.0,60,68,0,16.4
PROG-001051,MPLADS-001051,82.3,92.0,60,71,0,9.7
PROG-001052,MPLADS-001052,81.6,97.2,90,82,0,15.6
PROG-001053,MPLADS-001053,74.7,86.1,120,132,0,11.4
PROG-001054,MPLADS-001054,86.7,92.9,120,129,0,6.2
PROG-001055,MPLADS-001055,82.6,88.9,120,123,0,6.3
PROG-001056,MPLADS-001056,93.7,94.9,400,428,0,1.2
PROG-001057,MPLADS-001057,0.0,100.0,210,202,0,100.0
PROG-001058,MPLADS-001058,86.8,91.0,210,206,0,4.2
PROG-001059,MPLADS-001059,76.8,137.4,400,397,0,60.6
PROG-001060,MPLADS-001060,89.8,94.2,150,144,0,4.4
PROG-001061,MPLADS-001061,94.5,94.0,90,120,0,-0.5
PROG-001062,MPLADS-001062,96.3,93.7,400,388,0,-2.6
PROG-001063,MPLADS-001063,97.9,89.5,210,215,0,-8.4
PROG-001064,MPLADS-001064,85.1,86.3,150,136,0,1.2
PROG-001065,MPLADS-001065,96.1,86.9,120,133,0,-9.2
PROG-001066,MPLADS-001066,91.0,94.0,160,191,0,3.0
PROG-001067,MPLADS-001067,96.0,89.2,150,137,0,-6.8
PROG-001068,MPLADS-001068,99.0,95.9,150,143,0,-3.1
PROG-001069,MPLADS-001069,81.1,93.1,60,68,0,12.0
PROG-001070,MPLADS-001070,72.2,136.6,210,221,0,64.4
PROG-001071,MPLADS-001071,77.4,94.3,400,403,0,16.9
PROG-001072,MPLADS-001072,74.4,92.4,160,183,0,18.0
PROG-001073,MPLADS-001073,71.0,93.6,400,426,0,22.6
PROG-001074,MPLADS-001074,76.2,96.1,160,165,0,19.9
PROG-001075,MPLADS-001075,72.3,88.0,180,193,0,15.7
PROG-001076,MPLADS-001076,74.6,93.6,160,194,0,19.0
PROG-001077,MPLADS-001077,96.4,89.2,400,414,0,-7.2
PROG-001078,MPLADS-001078,99.1,96.6,150,147,0,-2.5
PROG-001079,MPLADS-001079,87.7,94.9,160,163,0,7.2
PROG-001080,MPLADS-001080,79.3,97.7,400,394,0,18.4
PROG-001081,MPLADS-001081,91.0,90.0,160,175,0,-1.0
PROG-001082,MPLADS-001082,77.7,87.3,90,86,0,9.6
PROG-001083,MPLADS-001083,89.2,97.0,210,211,0,7.8
PROG-001084,MPLADS-001084,75.9,88.0,150,183,0,12.1
PROG-001085,MPLADS-001085,74.8,96.1,400,385,0,21.3
PROG-001086,MPLADS-001086,95.0,85.0,400,413,0,-10.0
PROG-001087,MPLADS-001087,20.0,93.8,60,72,0,73.8
PROG-001088,MPLADS-001088,81.5,91.6,90,116,0,10.1
PROG-001089,MPLADS-001089,81.2,89.5,180,169,0,8.3
PROG-001090,MPLADS-001090,82.1,89.0,180,178,0,6.9
PROG-001091,MPLADS-001091,84.5,93.0,90,84,0,8.5
PROG-001092,MPLADS-001092,83.9,86.4,210,225,0,2.5
PROG-001093,MPLADS-001093,90.3,91.1,120,134,0,0.8
PROG-001094,MPLADS-001094,86.8,86.4,150,184,0,-0.4
PROG-001095,MPLADS-001095,74.8,91.0,120,126,0,16.2
PROG-001096,MPLADS-001096,99.2,86.4,400,433,0,-12.8
PROG-001097,MPLADS-001097,78.1,89.7,60,46,0,11.6
PROG-001098,MPLADS-001098,80.1,93.1,120,117,0,13.0
PROG-001099,MPLADS-001099,73.3,97.3,150,184,0,24.0
PROG-001100,MPLADS-001100,94.6,93.6,120,108,0,-1.0
PROG-001101,MPLADS-001101,91.9,94.9,150,165,0,3.0
PROG-001102,MPLADS-001102,89.2,90.9,180,189,0,1.7
PROG-001103,MPLADS-001103,78.7,92.1,160,172,0,13.4
PROG-001104,MPLADS-001104,73.7,86.3,400,394,0,12.6
PROG-001105,MPLADS-001105,75.6,94.1,180,213,0,18.5
PROG-001106,MPLADS-001106,96.6,96.6,150,167,0,0.0
PROG-001107,MPLADS-001107,84.5,91.3,210,244,0,6.8
PROG-001108,MPLADS-001108,90.4,93.3,210,206,0,2.9
PROG-001109,MPLADS-001109,77.8,86.8,160,186,0,9.0
PROG-001110,MPLADS-001110,33.6,87.4,120,123,0,53.8
PROG-001111,MPLADS-001111,88.3,87.6,120,147,0,-0.7
PROG-001112,MPLADS-001112,74.4,97.5,60,47,0,23.1
PROG-001113,MPLADS-001113,21.6,66.8,180,170,0,45.2
PROG-001114,MPLADS-001114,82.3,86.6,400,407,0,4.3
PROG-001115,MPLADS-001115,76.5,86.0,160,172,0,9.5
PROG-001116,MPLADS-001116,81.3,128.6,180,181,0,47.3
PROG-001117,MPLADS-001117,77.7,93.2,180,203,0,15.5
PROG-001118,MPLADS-001118,98.8,91.1,180,200,0,-7.7
PROG-001119,MPLADS-001119,77.7,95.0,120,138,0,17.3
PROG-001120,MPLADS-001120,95.2,90.6,120,116,0,-4.6
PROG-001121,MPLADS-001121,19.6,96.8,150,153,0,77.2
PROG-001122,MPLADS-001122,83.8,88.5,60,48,0,4.7
PROG-001123,MPLADS-001123,31.8,91.9,180,191,0,60.1
PROG-001124,MPLADS-001124,97.2,85.2,160,193,0,-12.0
PROG-001125,MPLADS-001125,90.4,88.6,150,168,0,-1.8
PROG-001126,MPLADS-001126,99.6,87.8,400,398,0,-11.8
PROG-001127,MPLADS-001127,77.0,85.6,180,173,0,8.6
PROG-001128,MPLADS-001128,79.0,90.4,150,143,0,11.4
PROG-001129,MPLADS-001129,22.7,96.7,150,181,0,74.0
PROG-001130,MPLADS-001130,79.6,94.3,150,181,0,14.7
PROG-001131,MPLADS-001131,84.0,94.1,150,166,0,10.1
PROG-001132,MPLADS-001132,91.4,87.9,60,63,0,-3.5
PROG-001133,MPLADS-001133,18.4,91.0,180,172,0,72.6
PROG-001134,MPLADS-001134,97.4,93.6,160,149,0,-3.8
PROG-001135,MPLADS-001135,81.3,86.4,180,170,0,5.1
PROG-001136,MPLADS-001136,77.7,91.9,160,145,0,14.2
PROG-001137,MPLADS-001137,89.3,97.2,150,135,0,7.9
PROG-001138,MPLADS-001138,85.5,92.9,150,156,0,7.4
PROG-001139,MPLADS-001139,86.9,96.2,90,107,0,9.3
PROG-001140,MPLADS-001140,93.9,91.7,180,182,0,-2.2
PROG-001141,MPLADS-001141,87.7,93.5,160,160,0,5.8
PROG-001142,MPLADS-001142,96.2,90.8,210,215,0,-5.4
PROG-001143,MPLADS-001143,89.7,95.6,90,89,0,5.9
PROG-001144,MPLADS-001144,74.8,96.5,400,393,0,21.7
PROG-001145,MPLADS-001145,95.0,85.8,90,101,0,-9.2
PROG-001146,MPLADS-001146,72.1,94.0,180,168,0,21.9
PROG-001147,MPLADS-001147,91.7,89.0,400,401,0,-2.7
PROG-001148,MPLADS-001148,70.7,96.3,120,137,0,25.6
PROG-001149,MPLADS-001149,18.5,97.2,400,432,0,78.7
PROG-001150,MPLADS-001150,95.7,97.6,90,92,0,1.9
PROG-001151,MPLADS-001151,79.0,86.4,210,231,0,7.4
PROG-001152,MPLADS-001152,77.1,87.2,210,236,0,10.1
PROG-001153,MPLADS-001153,85.3,95.5,180,210,0,10.2
PROG-001154,MPLADS-001154,71.4,155.1,60,48,0,83.7
PROG-001155,MPLADS-001155,74.5,95.4,60,68,0,20.9
PROG-001156,MPLADS-001156,74.0,96.2,120,146,0,22.2
PROG-001157,MPLADS-001157,88.0,94.2,400,432,0,6.2
PROG-001158,MPLADS-001158,72.5,85.1,210,214,0,12.6
PROG-001159,MPLADS-001159,74.6,93.6,210,219,0,19.0
PROG-001160,MPLADS-001160,95.4,97.9,210,199,0,2.5
PROG-001161,MPLADS-001161,80.8,86.9,160,191,0,6.1
PROG-001162,MPLADS-001162,99.3,86.1,60,80,0,-13.2
PROG-001163,MPLADS-001163,70.3,93.1,60,77,0,22.8
PROG-001164,MPLADS-001164,95.7,87.8,90,78,0,-7.9
PROG-001165,MPLADS-001165,92.1,91.4,210,210,0,-0.7
PROG-001166,MPLADS-001166,84.4,94.2,180,210,0,9.8
PROG-001167,MPLADS-001167,96.7,94.5,400,397,0,-2.2
PROG-001168,MPLADS-001168,86.6,90.9,210,199,0,4.3
PROG-001169,MPLADS-001169,82.4,89.3,180,183,0,6.9
PROG-001170,MPLADS-001170,96.2,97.4,210,243,0,1.2
PROG-001171,MPLADS-001171,70.7,93.3,150,177,0,22.6
PROG-001172,MPLADS-001172,97.0,95.5,60,57,0,-1.5
PROG-001173,MPLADS-001173,88.8,90.9,400,430,0,2.1
PROG-001174,MPLADS-001174,93.5,91.9,90,84,0,-1.6
PROG-001175,MPLADS-001175,93.4,97.8,60,92,0,4.4
PROG-001176,MPLADS-001176,83.9,95.8,60,53,0,11.9
PROG-001177,MPLADS-001177,97.5,91.0,150,174,0,-6.5
PROG-001178,MPLADS-001178,93.5,92.5,60,55,0,-1.0
PROG-001179,MPLADS-001179,92.0,88.7,60,77,0,-3.3
PROG-001180,MPLADS-001180,95.2,93.5,60,83,0,-1.7
PROG-001181,MPLADS-001181,79.6,87.6,400,430,0,8.0
PROG-001182,MPLADS-001182,73.8,85.3,400,415,0,11.5
PROG-001183,MPLADS-001183,24.5,66.0,120,125,0,41.5
PROG-001184,MPLADS-001184,85.5,85.3,120,125,0,-0.2
PROG-001185,MPLADS-001185,91.0,91.0,120,154,0,0.0
PROG-001186,MPLADS-001186,90.0,151.9,150,139,0,61.9
PROG-001187,MPLADS-001187,77.5,96.0,180,166,0,18.5
PROG-001188,MPLADS-001188,23.7,91.5,180,169,0,67.8
PROG-001189,MPLADS-001189,88.5,98.0,120,127,0,9.5
PROG-001190,MPLADS-001190,94.0,89.6,180,211,0,-4.4
PROG-001191,MPLADS-001191,21.5,56.1,180,200,0,34.6
PROG-001192,MPLADS-001192,95.3,86.9,180,189,0,-8.4
PROG-001193,MPLADS-001193,95.2,137.3,150,161,0,42.1
PROG-001194,MPLADS-001194,89.0,91.7,400,427,0,2.7
PROG-001195,MPLADS-001195,73.6,136.0,180,212,0,62.4
PROG-001196,MPLADS-001196,89.6,90.9,60,56,0,1.3
PROG-001197,MPLADS-001197,95.1,92.6,60,77,0,-2.5
PROG-001198,MPLADS-001198,82.4,94.4,120,108,0,12.0
PROG-001199,MPLADS-001199,70.5,90.7,180,177,0,20.2
PROG-001200,MPLADS-001200,77.2,90.1,60,88,0,12.9
PROG-001201,MPLADS-001201,80.8,93.8,60,74,0,13.0
PROG-001202,MPLADS-001202,44.4,95.8,160,480,2,51.4
PROG-001203,MPLADS-001203,98.2,85.8,160,161,0,-12.4
PROG-001204,MPLADS-001204,97.7,96.0,400,411,0,-1.7
PROG-001205,MPLADS-001205,95.8,95.7,60,55,0,-0.1
PROG-001206,MPLADS-001206,99.5,96.4,60,89,0,-3.1
PROG-001207,MPLADS-001207,76.6,85.1,400,419,0,8.5
PROG-001208,MPLADS-001208,79.1,90.5,160,181,0,11.4
PROG-001209,MPLADS-001209,77.2,96.8,60,63,0,19.6
PROG-001210,MPLADS-001210,71.5,90.5,60,58,0,19.0
PROG-001211,MPLADS-001211,94.0,95.6,120,132,0,1.6
PROG-001212,MPLADS-001212,94.4,95.3,400,395,0,0.9
PROG-001213,MPLADS-001213,97.0,85.3,90,99,0,-11.7
PROG-001214,MPLADS-001214,75.6,92.4,90,108,0,16.8
PROG-001215,MPLADS-001215,89.2,93.5,180,213,0,4.3
PROG-001216,MPLADS-001216,88.0,92.1,90,95,0,4.1
PROG-001217,MPLADS-001217,92.5,96.0,90,96,0,3.5
PROG-001218,MPLADS-001218,73.4,97.7,210,221,0,24.3
PROG-001219,MPLADS-001219,70.5,98.0,160,189,0,27.5
PROG-001220,MPLADS-001220,30.4,93.9,150,183,0,63.5
PROG-001221,MPLADS-001221,90.7,88.9,160,194,0,-1.8
PROG-001222,MPLADS-001222,96.1,130.9,150,142,0,34.8
PROG-001223,MPLADS-001223,73.8,93.9,120,113,0,20.1
PROG-001224,MPLADS-001224,79.2,96.4,160,175,0,17.2
PROG-001225,MPLADS-001225,71.8,87.0,180,194,0,15.2
PROG-001226,MPLADS-001226,79.2,92.3,120,117,0,13.1
PROG-001227,MPLADS-001227,98.9,91.3,400,412,0,-7.6
PROG-001228,MPLADS-001228,74.1,92.6,400,397,0,18.5
PROG-001229,MPLADS-001229,89.6,94.3,120,153,0,4.7
PROG-001230,MPLADS-001230,87.8,90.2,400,409,0,2.4
PROG-001231,MPLADS-001231,98.0,87.5,160,182,0,-10.5
PROG-001232,MPLADS-001232,91.0,90.6,180,172,0,-0.4
PROG-001233,MPLADS-001233,88.0,89.4,160,160,0,1.4
PROG-001234,MPLADS-001234,85.7,86.3,400,405,0,0.6
PROG-001235,MPLADS-001235,74.6,97.2,90,108,0,22.6
PROG-001236,MPLADS-001236,86.5,86.2,120,128,0,-0.3
PROG-001237,MPLADS-001237,95.5,86.5,210,204,0,-9.0
PROG-001238,MPLADS-001238,70.8,143.4,120,130,0,72.6
PROG-001239,MPLADS-001239,94.2,88.3,180,186,0,-5.9
PROG-001240,MPLADS-001240,92.9,89.0,160,190,0,-3.9
PROG-001241,MPLADS-001241,74.7,86.0,120,151,0,11.3
PROG-001242,MPLADS-001242,93.7,96.2,60,64,0,2.5
PROG-001243,MPLADS-001243,75.1,89.4,90,93,0,14.3
PROG-001244,MPLADS-001244,82.7,139.5,150,174,0,56.8
PROG-001245,MPLADS-001245,90.3,89.0,160,149,0,-1.3
PROG-001246,MPLADS-001246,73.2,91.0,60,77,0,17.8
PROG-001247,MPLADS-001247,82.1,95.4,60,62,0,13.3
PROG-001248,MPLADS-001248,81.7,94.8,60,78,0,13.1
PROG-001249,MPLADS-001249,94.2,91.7,150,143,0,-2.5
PROG-001250,MPLADS-001250,87.0,97.3,180,174,0,10.3
PROG-001251,MPLADS-001251,84.5,93.1,180,183,0,8.6
PROG-001252,MPLADS-001252,88.5,134.6,210,242,0,46.1
PROG-001253,MPLADS-001253,91.5,95.2,160,145,0,3.7
PROG-001254,MPLADS-001254,96.5,94.4,150,184,0,-2.1
PROG-001255,MPLADS-001255,29.7,87.7,180,190,0,58.0
PROG-001256,MPLADS-001256,74.6,91.5,210,227,0,16.9
PROG-001257,MPLADS-001257,99.1,97.7,160,147,0,-1.4
PROG-001258,MPLADS-001258,85.4,93.2,160,151,0,7.8
PROG-001259,MPLADS-001259,25.7,93.8,160,179,0,68.1
PROG-001260,MPLADS-001260,79.8,89.5,60,78,0,9.7
PROG-001261,MPLADS-001261,81.3,91.9,120,118,0,10.6
PROG-001262,MPLADS-001262,97.9,93.8,90,86,0,-4.1
PROG-001263,MPLADS-001263,97.6,94.7,160,178,0,-2.9
PROG-001264,MPLADS-001264,97.2,89.5,210,235,0,-7.7
PROG-001265,MPLADS-001265,33.6,98.8,180,193,0,65.2
PROG-001266,MPLADS-001266,86.8,94.5,210,226,0,7.7
PROG-001267,MPLADS-001267,82.0,93.0,400,393,0,11.0
PROG-001268,MPLADS-001268,98.3,95.7,90,113,0,-2.6
PROG-001269,MPLADS-001269,98.1,90.4,210,202,0,-7.7
PROG-001270,MPLADS-001270,73.1,92.9,160,180,0,19.8
PROG-001271,MPLADS-001271,72.1,86.0,180,169,0,13.9
PROG-001272,MPLADS-001272,81.4,90.4,180,201,0,9.0
PROG-001273,MPLADS-001273,75.4,89.5,400,394,0,14.1
PROG-001274,MPLADS-001274,84.0,91.5,160,187,0,7.5
PROG-001275,MPLADS-001275,97.6,87.9,90,110,0,-9.7
PROG-001276,MPLADS-001276,70.6,141.3,180,179,0,70.7
PROG-001277,MPLADS-001277,91.0,90.3,180,194,0,-0.7
PROG-001278,MPLADS-001278,93.6,91.3,150,167,0,-2.3
PROG-001279,MPLADS-001279,84.6,89.3,160,188,0,4.7
PROG-001280,MPLADS-001280,88.0,86.7,400,402,0,-1.3
PROG-001281,MPLADS-001281,71.9,97.6,60,83,0,25.7
PROG-001282,MPLADS-001282,87.8,91.9,90,107,0,4.1
PROG-001283,MPLADS-001283,79.9,93.8,60,56,0,13.9
PROG-001284,MPLADS-001284,72.1,86.6,160,480,3,14.5
PROG-001285,MPLADS-001285,96.1,88.6,60,45,0,-7.5
PROG-001286,MPLADS-001286,85.4,89.7,210,207,0,4.3
PROG-001287,MPLADS-001287,89.6,97.8,60,88,0,8.2
PROG-001288,MPLADS-001288,79.6,92.3,150,151,0,12.7
PROG-001289,MPLADS-001289,85.8,96.8,120,129,0,11.0
PROG-001290,MPLADS-001290,28.9,96.4,60,84,0,67.5
PROG-001291,MPLADS-001291,71.8,87.8,60,64,0,16.0
PROG-001292,MPLADS-001292,81.6,94.7,210,199,0,13.1
PROG-001293,MPLADS-001293,96.8,93.7,400,425,0,-3.1
PROG-001294,MPLADS-001294,70.4,138.1,60,92,0,67.7
PROG-001295,MPLADS-001295,85.9,85.4,400,397,0,-0.5
PROG-001296,MPLADS-001296,93.5,90.9,180,175,0,-2.6
PROG-001297,MPLADS-001297,89.6,88.5,160,181,0,-1.1
PROG-001298,MPLADS-001298,97.5,96.6,60,80,0,-0.9
PROG-001299,MPLADS-001299,92.1,89.5,90,90,0,-2.6
PROG-001300,MPLADS-001300,90.3,94.2,90,101,0,3.9
PROG-001301,MPLADS-001301,82.8,97.8,160,194,0,15.0
PROG-001302,MPLADS-001302,84.0,85.4,210,228,0,1.4
PROG-001303,MPLADS-001303,25.6,96.3,180,176,0,70.7
PROG-001304,MPLADS-001304,81.9,91.9,400,406,0,10.0
PROG-001305,MPLADS-001305,22.8,92.0,180,165,0,69.2
PROG-001306,MPLADS-001306,77.8,85.1,150,158,0,7.3
PROG-001307,MPLADS-001307,90.7,94.5,160,147,0,3.8
PROG-001308,MPLADS-001308,82.4,90.8,120,153,0,8.4
PROG-001309,MPLADS-001309,89.8,97.5,90,80,0,7.7
PROG-001310,MPLADS-001310,77.5,88.4,180,211,0,10.9
PROG-001311,MPLADS-001311,77.6,91.1,120,132,0,13.5
PROG-001312,MPLADS-001312,83.6,93.4,90,101,0,9.8
PROG-001313,MPLADS-001313,30.0,91.8,210,230,0,61.8
PROG-001314,MPLADS-001314,93.6,92.8,150,182,0,-0.8
PROG-001315,MPLADS-001315,96.4,91.4,180,201,0,-5.0
PROG-001316,MPLADS-001316,80.2,88.2,120,112,0,8.0
PROG-001317,MPLADS-001317,94.7,87.6,60,85,0,-7.1
PROG-001318,MPLADS-001318,92.2,97.0,90,83,0,4.8
PROG-001319,MPLADS-001319,86.9,93.6,210,234,0,6.7
PROG-001320,MPLADS-001320,99.7,94.4,90,79,0,-5.3
PROG-001321,MPLADS-001321,79.0,96.1,60,73,0,17.1
PROG-001322,MPLADS-001322,89.7,92.2,210,211,0,2.5
PROG-001323,MPLADS-001323,85.0,94.4,400,400,0,9.4
PROG-001324,MPLADS-001324,73.8,96.4,60,86,0,22.6
PROG-001325,MPLADS-001325,82.5,98.0,90,124,0,15.5
PROG-001326,MPLADS-001326,78.6,94.5,150,179,0,15.9
PROG-001327,MPLADS-001327,76.8,86.3,400,419,0,9.5
PROG-001328,MPLADS-001328,98.6,96.8,210,214,0,-1.8
PROG-001329,MPLADS-001329,94.1,95.0,180,194,0,0.9
PROG-001330,MPLADS-001330,30.6,97.8,400,419,0,67.2
PROG-001331,MPLADS-001331,76.5,92.9,210,239,0,16.4
PROG-001332,MPLADS-001332,84.4,96.0,150,144,0,11.6
PROG-001333,MPLADS-001333,97.0,89.8,150,158,0,-7.2
PROG-001334,MPLADS-001334,18.2,90.0,90,103,0,71.8
PROG-001335,MPLADS-001335,94.5,90.3,120,114,0,-4.2
PROG-001336,MPLADS-001336,87.6,95.7,60,83,0,8.1
PROG-001337,MPLADS-001337,0.0,100.0,60,63,0,100.0
PROG-001338,MPLADS-001338,82.4,89.3,180,193,0,6.9
PROG-001339,MPLADS-001339,71.8,88.9,60,73,0,17.1
PROG-001340,MPLADS-001340,82.1,89.6,160,182,0,7.5
PROG-001341,MPLADS-001341,99.2,94.0,150,137,0,-5.2
PROG-001342,MPLADS-001342,85.4,97.5,150,156,0,12.1
PROG-001343,MPLADS-001343,95.0,87.8,90,111,0,-7.2
PROG-001344,MPLADS-001344,76.5,89.9,180,169,0,13.4
PROG-001345,MPLADS-001345,91.4,85.5,160,154,0,-5.9
PROG-001346,MPLADS-001346,91.6,94.3,210,234,0,2.7
PROG-001347,MPLADS-001347,78.8,92.5,400,386,0,13.7
PROG-001348,MPLADS-001348,28.8,94.4,210,215,0,65.6
PROG-001349,MPLADS-001349,87.8,88.0,150,161,0,0.2
PROG-001350,MPLADS-001350,54.0,88.3,150,450,4,34.3
PROG-001351,MPLADS-001351,90.5,90.5,180,196,0,0.0
PROG-001352,MPLADS-001352,71.7,90.6,210,223,0,18.9
PROG-001353,MPLADS-001353,95.7,93.1,120,144,0,-2.6
PROG-001354,MPLADS-001354,70.3,96.8,400,413,0,26.5
PROG-001355,MPLADS-001355,99.8,91.4,60,69,0,-8.4
PROG-001356,MPLADS-001356,84.7,85.3,400,394,0,0.6
PROG-001357,MPLADS-001357,85.7,93.0,150,177,0,7.3
PROG-001358,MPLADS-001358,92.7,90.8,150,166,0,-1.9
PROG-001359,MPLADS-001359,72.7,97.3,210,195,0,24.6
PROG-001360,MPLADS-001360,70.3,88.1,150,145,0,17.8
PROG-001361,MPLADS-001361,77.0,94.9,90,105,0,17.9
PROG-001362,MPLADS-001362,85.7,95.1,210,206,0,9.4
PROG-001363,MPLADS-001363,85.4,86.5,400,410,0,1.1
PROG-001364,MPLADS-001364,89.3,89.3,60,86,0,0.0
PROG-001365,MPLADS-001365,91.0,155.3,60,90,0,64.3
PROG-001366,MPLADS-001366,19.0,86.0,400,407,0,67.0
PROG-001367,MPLADS-001367,96.2,93.9,90,114,0,-2.3
PROG-001368,MPLADS-001368,99.5,93.5,60,64,0,-6.0
PROG-001369,MPLADS-001369,25.6,94.6,90,85,0,69.0
PROG-001370,MPLADS-001370,89.0,97.1,90,84,0,8.1
PROG-001371,MPLADS-001371,84.1,88.5,400,404,0,4.4
PROG-001372,MPLADS-001372,71.8,89.3,400,388,0,17.5
PROG-001373,MPLADS-001373,95.6,95.7,160,183,0,0.1
PROG-001374,MPLADS-001374,71.4,85.2,160,192,0,13.8
PROG-001375,MPLADS-001375,76.3,93.2,400,395,0,16.9
PROG-001376,MPLADS-001376,95.1,90.1,180,202,0,-5.0
PROG-001377,MPLADS-001377,17.9,88.8,180,171,0,70.9
PROG-001378,MPLADS-001378,77.7,93.1,400,423,0,15.4
PROG-001379,MPLADS-001379,80.3,87.3,210,236,0,7.0
PROG-001380,MPLADS-001380,90.0,89.1,400,407,0,-0.9
PROG-001381,MPLADS-001381,85.4,88.5,210,224,0,3.1
PROG-001382,MPLADS-001382,78.3,96.6,400,389,0,18.3
PROG-001383,MPLADS-001383,76.7,88.9,150,154,0,12.2
PROG-001384,MPLADS-001384,90.0,92.3,120,107,0,2.3
PROG-001385,MPLADS-001385,92.3,91.2,150,135,0,-1.1
PROG-001386,MPLADS-001386,30.6,91.3,400,391,0,60.7
PROG-001387,MPLADS-001387,88.0,94.9,60,67,0,6.9
PROG-001388,MPLADS-001388,74.2,85.5,90,105,0,11.3
PROG-001389,MPLADS-001389,77.3,93.0,400,409,0,15.7
PROG-001390,MPLADS-001390,78.3,87.5,60,70,0,9.2
PROG-001391,MPLADS-001391,96.0,94.7,180,213,0,-1.3
PROG-001392,MPLADS-001392,72.4,96.7,150,173,0,24.3
PROG-001393,MPLADS-001393,83.5,95.3,210,227,0,11.8
PROG-001394,MPLADS-001394,73.8,88.1,160,151,0,14.3
PROG-001395,MPLADS-001395,76.5,93.7,180,202,0,17.2
PROG-001396,MPLADS-001396,76.6,135.8,120,118,0,59.2
PROG-001397,MPLADS-001397,0.0,100.0,180,187,0,100.0
PROG-001398,MPLADS-001398,70.7,95.5,90,92,0,24.8
PROG-001399,MPLADS-001399,49.4,88.5,60,180,2,39.1
PROG-001400,MPLADS-001400,91.5,156.3,400,412,0,64.8
PROG-001401,MPLADS-001401,98.5,90.5,160,193,0,-8.0
PROG-001402,MPLADS-001402,92.6,89.5,120,126,0,-3.1
PROG-001403,MPLADS-001403,96.5,94.8,180,182,0,-1.7
PROG-001404,MPLADS-001404,86.9,85.7,400,410,0,-1.2
PROG-001405,MPLADS-001405,95.1,95.4,210,218,0,0.3
PROG-001406,MPLADS-001406,92.8,97.5,90,80,0,4.7
PROG-001407,MPLADS-001407,92.3,93.7,160,182,0,1.4
PROG-001408,MPLADS-001408,94.7,86.5,160,145,0,-8.2
PROG-001409,MPLADS-001409,99.7,95.3,160,193,0,-4.4
PROG-001410,MPLADS-001410,19.8,86.0,400,432,0,66.2
PROG-001411,MPLADS-001411,90.5,94.3,160,172,0,3.8
PROG-001412,MPLADS-001412,75.6,91.9,60,52,0,16.3
PROG-001413,MPLADS-001413,98.1,88.0,90,105,0,-10.1
PROG-001414,MPLADS-001414,74.6,93.9,400,434,0,19.3
PROG-001415,MPLADS-001415,70.7,84.9,90,83,0,14.2
PROG-001416,MPLADS-001416,77.5,92.0,180,204,0,14.5
PROG-001417,MPLADS-001417,79.3,88.4,210,210,0,9.1
PROG-001418,MPLADS-001418,68.1,96.2,180,540,4,28.1
PROG-001419,MPLADS-001419,96.5,85.2,90,109,0,-11.3
PROG-001420,MPLADS-001420,80.5,93.3,90,92,0,12.8
PROG-001421,MPLADS-001421,83.8,94.4,160,191,0,10.6
PROG-001422,MPLADS-001422,76.3,86.4,150,181,0,10.1
PROG-001423,MPLADS-001423,74.5,95.9,400,407,0,21.4
PROG-001424,MPLADS-001424,74.5,94.2,160,172,0,19.7
PROG-001425,MPLADS-001425,98.8,91.5,400,418,0,-7.3
PROG-001426,MPLADS-001426,27.5,91.5,90,86,0,64.0
PROG-001427,MPLADS-001427,86.9,90.7,210,206,0,3.8
PROG-001428,MPLADS-001428,75.9,96.2,120,146,0,20.3
PROG-001429,MPLADS-001429,0.0,100.0,180,190,0,100.0
PROG-001430,MPLADS-001430,91.0,92.2,120,150,0,1.2
PROG-001431,MPLADS-001431,90.9,92.0,120,138,0,1.1
PROG-001432,MPLADS-001432,82.9,88.3,160,186,0,5.4
PROG-001433,MPLADS-001433,78.0,91.1,180,177,0,13.1
PROG-001434,MPLADS-001434,83.8,88.5,150,156,0,4.7
PROG-001435,MPLADS-001435,82.8,91.4,150,178,0,8.6
PROG-001436,MPLADS-001436,90.2,90.9,150,149,0,0.7
PROG-001437,MPLADS-001437,77.7,87.0,60,76,0,9.3
PROG-001438,MPLADS-001438,72.6,91.1,160,148,0,18.5
PROG-001439,MPLADS-001439,90.8,88.2,180,172,0,-2.6
PROG-001440,MPLADS-001440,18.6,97.1,210,244,0,78.5
PROG-001441,MPLADS-001441,77.0,91.7,150,180,0,14.7
PROG-001442,MPLADS-001442,96.7,96.9,120,114,0,0.2
PROG-001443,MPLADS-001443,92.1,95.7,210,236,0,3.6
PROG-001444,MPLADS-001444,89.0,90.4,60,66,0,1.4
PROG-001445,MPLADS-001445,71.4,86.7,160,167,0,15.3
PROG-001446,MPLADS-001446,95.9,94.9,210,236,0,-1.0
PROG-001447,MPLADS-001447,71.0,97.8,180,196,0,26.8
PROG-001448,MPLADS-001448,83.3,93.7,90,95,0,10.4
PROG-001449,MPLADS-001449,83.1,85.6,210,235,0,2.5
PROG-001450,MPLADS-001450,73.7,125.6,150,154,0,51.9
PROG-001451,MPLADS-001451,70.1,92.1,180,165,0,22.0
PROG-001452,MPLADS-001452,70.7,87.1,120,116,0,16.4
PROG-001453,MPLADS-001453,82.4,95.9,60,71,0,13.5
PROG-001454,MPLADS-001454,78.7,85.2,90,89,0,6.5
PROG-001455,MPLADS-001455,86.0,88.8,60,83,0,2.8
PROG-001456,MPLADS-001456,85.1,89.2,400,396,0,4.1
PROG-001457,MPLADS-001457,89.9,96.1,120,131,0,6.2
PROG-001458,MPLADS-001458,77.4,90.4,180,190,0,13.0
PROG-001459,MPLADS-001459,73.4,87.4,180,213,0,14.0
PROG-001460,MPLADS-001460,76.9,85.1,210,222,0,8.2
PROG-001461,MPLADS-001461,82.2,93.1,160,187,0,10.9
PROG-001462,MPLADS-001462,96.7,91.9,180,171,0,-4.8
PROG-001463,MPLADS-001463,88.2,85.7,150,142,0,-2.5
PROG-001464,MPLADS-001464,70.1,95.6,120,360,4,25.5
PROG-001465,MPLADS-001465,78.9,97.7,60,58,0,18.8
PROG-001466,MPLADS-001466,72.3,90.1,180,175,0,17.8
PROG-001467,MPLADS-001467,85.1,86.7,210,237,0,1.6
PROG-001468,MPLADS-001468,93.0,96.8,210,195,0,3.8
PROG-001469,MPLADS-001469,86.0,87.6,60,52,0,1.6
PROG-001470,MPLADS-001470,99.9,94.7,210,227,0,-5.2
PROG-001471,MPLADS-001471,99.4,87.1,400,426,0,-12.3
PROG-001472,MPLADS-001472,94.2,97.8,400,401,0,3.6
PROG-001473,MPLADS-001473,71.2,96.5,120,152,0,25.3
PROG-001474,MPLADS-001474,88.7,85.9,180,181,0,-2.8
PROG-001475,MPLADS-001475,87.4,138.7,400,408,0,51.3
PROG-001476,MPLADS-001476,71.4,89.9,210,231,0,18.5
PROG-001477,MPLADS-001477,82.4,92.2,160,192,0,9.8
PROG-001478,MPLADS-001478,91.5,85.1,180,198,0,-6.4
PROG-001479,MPLADS-001479,78.7,92.9,180,204,0,14.2
PROG-001480,MPLADS-001480,78.9,85.8,400,385,0,6.9
PROG-001481,MPLADS-001481,93.7,93.7,150,180,0,0.0
PROG-001482,MPLADS-001482,70.9,91.7,400,420,0,20.8
PROG-001483,MPLADS-001483,94.3,96.1,180,166,0,1.8
PROG-001484,MPLADS-001484,99.5,90.2,120,147,0,-9.3
PROG-001485,MPLADS-001485,0.0,100.0,400,416,0,100.0
PROG-001486,MPLADS-001486,84.6,93.8,90,99,0,9.2
PROG-001487,MPLADS-001487,89.0,92.6,60,75,0,3.6
PROG-001488,MPLADS-001488,71.1,92.0,90,104,0,20.9
PROG-001489,MPLADS-001489,85.7,94.7,150,167,0,9.0
PROG-001490,MPLADS-001490,83.5,94.3,120,144,0,10.8
PROG-001491,MPLADS-001491,96.1,94.6,160,159,0,-1.5
PROG-001492,MPLADS-001492,81.7,86.8,160,158,0,5.1
PROG-001493,MPLADS-001493,30.4,91.6,120,107,0,61.2
PROG-001494,MPLADS-001494,90.1,89.5,150,163,0,-0.6
PROG-001495,MPLADS-001495,71.5,86.2,120,124,0,14.7
PROG-001496,MPLADS-001496,81.2,84.9,60,66,0,3.7
PROG-001497,MPLADS-001497,85.3,94.2,150,177,0,8.9
PROG-001498,MPLADS-001498,76.4,93.0,60,79,0,16.6
PROG-001499,MPLADS-001499,84.9,85.9,90,119,0,1.0
PROG-001500,MPLADS-001500,91.8,94.5,150,144,0,2.7
PROG-001501,MPLADS-001501,99.7,94.6,210,204,0,-5.1
PROG-001502,MPLADS-001502,75.5,89.7,150,155,0,14.2
PROG-001503,MPLADS-001503,95.5,88.2,160,163,0,-7.3
PROG-001504,MPLADS-001504,81.9,95.1,120,118,0,13.2
PROG-001505,MPLADS-001505,93.1,86.5,120,122,0,-6.6
PROG-001506,MPLADS-001506,94.2,93.8,400,403,0,-0.4
PROG-001507,MPLADS-001507,91.2,87.9,90,124,0,-3.3
PROG-001508,MPLADS-001508,17.4,98.7,90,80,0,81.3
PROG-001509,MPLADS-001509,75.4,90.4,120,119,0,15.0
PROG-001510,MPLADS-001510,26.0,96.0,150,183,0,70.0
PROG-001511,MPLADS-001511,24.1,86.0,210,242,0,61.9
PROG-001512,MPLADS-001512,80.1,92.1,90,122,0,12.0
PROG-001513,MPLADS-001513,84.3,87.9,90,85,0,3.6
PROG-001514,MPLADS-001514,78.3,92.0,210,231,0,13.7
PROG-001515,MPLADS-001515,84.3,91.5,150,152,0,7.2
PROG-001516,MPLADS-001516,97.9,85.4,160,182,0,-12.5
PROG-001517,MPLADS-001517,74.8,92.6,120,117,0,17.8
PROG-001518,MPLADS-001518,88.0,92.8,60,59,0,4.8
PROG-001519,MPLADS-001519,92.0,86.0,90,123,0,-6.0
PROG-001520,MPLADS-001520,96.1,87.7,210,227,0,-8.4
PROG-001521,MPLADS-001521,32.1,92.3,400,430,0,60.2
PROG-001522,MPLADS-001522,89.0,94.1,60,60,0,5.1
PROG-001523,MPLADS-001523,87.1,92.0,160,148,0,4.9
PROG-001524,MPLADS-001524,89.3,148.2,120,149,0,58.9
PROG-001525,MPLADS-001525,99.2,139.1,180,177,0,39.9
PROG-001526,MPLADS-001526,79.8,90.3,60,64,0,10.5
PROG-001527,MPLADS-001527,84.8,92.5,210,237,0,7.7
PROG-001528,MPLADS-001528,82.4,95.4,90,90,0,13.0
PROG-001529,MPLADS-001529,94.9,93.0,60,53,0,-1.9
PROG-001530,MPLADS-001530,74.1,95.8,160,162,0,21.7
PROG-001531,MPLADS-001531,87.0,90.8,210,198,0,3.8
PROG-001532,MPLADS-001532,73.3,85.1,150,169,0,11.8
PROG-001533,MPLADS-001533,84.7,90.1,90,94,0,5.4
PROG-001534,MPLADS-001534,85.4,89.9,150,153,0,4.5
PROG-001535,MPLADS-001535,92.3,91.8,400,394,0,-0.5
PROG-001536,MPLADS-001536,87.5,92.6,400,405,0,5.1
PROG-001537,MPLADS-001537,93.6,91.2,210,221,0,-2.4
PROG-001538,MPLADS-001538,85.6,96.6,180,210,0,11.0
PROG-001539,MPLADS-001539,74.8,87.7,160,167,0,12.9
PROG-001540,MPLADS-001540,24.5,93.6,120,124,0,69.1
PROG-001541,MPLADS-001541,26.2,85.3,120,119,0,59.1
PROG-001542,MPLADS-001542,74.4,93.3,60,55,0,18.9
PROG-001543,MPLADS-001543,73.6,86.8,90,102,0,13.2
PROG-001544,MPLADS-001544,91.0,87.1,180,209,0,-3.9
PROG-001545,MPLADS-001545,86.1,93.5,60,45,0,7.4
PROG-001546,MPLADS-001546,80.4,96.3,60,90,0,15.9
PROG-001547,MPLADS-001547,81.5,97.7,60,91,0,16.2
PROG-001548,MPLADS-001548,99.7,85.6,60,57,0,-14.1
PROG-001549,MPLADS-001549,93.8,94.7,180,192,0,0.9
PROG-001550,MPLADS-001550,79.3,90.0,160,149,0,10.7
PROG-001551,MPLADS-001551,98.9,91.0,210,214,0,-7.9
PROG-001552,MPLADS-001552,73.9,95.6,90,117,0,21.7
PROG-001553,MPLADS-001553,72.0,87.6,160,168,0,15.6
PROG-001554,MPLADS-001554,95.0,92.5,90,107,0,-2.5
PROG-001555,MPLADS-001555,88.0,95.0,60,53,0,7.0
PROG-001556,MPLADS-001556,31.3,91.7,60,73,0,60.4
PROG-001557,MPLADS-001557,93.4,96.6,180,175,0,3.2
PROG-001558,MPLADS-001558,81.3,96.0,180,172,0,14.7
PROG-001559,MPLADS-001559,90.1,87.0,120,108,0,-3.1
PROG-001560,MPLADS-001560,74.5,131.4,400,432,0,56.9
PROG-001561,MPLADS-001561,51.2,88.6,160,640,2,37.4
PROG-001562,MPLADS-001562,89.3,129.7,210,227,0,40.4
PROG-001563,MPLADS-001563,98.4,158.8,400,392,0,60.4
PROG-001564,MPLADS-001564,97.7,96.5,90,82,0,-1.2
PROG-001565,MPLADS-001565,85.1,85.2,180,167,0,0.1
PROG-001566,MPLADS-001566,70.5,92.8,210,242,0,22.3
PROG-001567,MPLADS-001567,96.9,95.4,180,202,0,-1.5
PROG-001568,MPLADS-001568,0.0,100.0,90,102,0,100.0
PROG-001569,MPLADS-001569,87.9,96.8,210,203,0,8.9
PROG-001570,MPLADS-001570,74.1,86.3,150,149,0,12.2
PROG-001571,MPLADS-001571,59.3,86.1,150,450,3,26.8
PROG-001572,MPLADS-001572,97.2,87.9,120,140,0,-9.3
PROG-001573,MPLADS-001573,94.6,97.4,160,169,0,2.8
PROG-001574,MPLADS-001574,97.2,90.0,210,228,0,-7.2
PROG-001575,MPLADS-001575,82.8,92.6,120,130,0,9.8
PROG-001576,MPLADS-001576,25.0,86.9,180,185,0,61.9
PROG-001577,MPLADS-001577,92.7,94.6,160,158,0,1.9
PROG-001578,MPLADS-001578,96.4,92.5,180,167,0,-3.9
PROG-001579,MPLADS-001579,79.8,93.8,400,419,0,14.0
PROG-001580,MPLADS-001580,84.8,96.4,160,188,0,11.6
PROG-001581,MPLADS-001581,93.4,90.9,60,72,0,-2.5
PROG-001582,MPLADS-001582,92.6,91.2,210,205,0,-1.4
PROG-001583,MPLADS-001583,93.8,90.7,180,181,0,-3.1
PROG-001584,MPLADS-001584,89.2,94.3,400,431,0,5.1
PROG-001585,MPLADS-001585,85.8,87.0,60,57,0,1.2
PROG-001586,MPLADS-001586,78.3,93.3,180,190,0,15.0
PROG-001587,MPLADS-001587,91.7,87.9,160,149,0,-3.8
PROG-001588,MPLADS-001588,71.7,88.7,400,390,0,17.0
PROG-001589,MPLADS-001589,81.3,86.3,90,118,0,5.0
PROG-001590,MPLADS-001590,22.2,64.9,400,397,0,42.7
PROG-001591,MPLADS-001591,82.3,93.9,180,214,0,11.6
PROG-001592,MPLADS-001592,89.6,86.5,60,49,0,-3.1
PROG-001593,MPLADS-001593,81.4,86.3,400,409,0,4.9
PROG-001594,MPLADS-001594,72.8,90.2,160,156,0,17.4
PROG-001595,MPLADS-001595,84.1,90.1,180,199,0,6.0
PROG-001596,MPLADS-001596,87.5,87.0,210,208,0,-0.5
PROG-001597,MPLADS-001597,84.3,87.9,90,106,0,3.6
PROG-001598,MPLADS-001598,76.1,92.9,210,204,0,16.8
PROG-001599,MPLADS-001599,94.4,89.5,180,188,0,-4.9
PROG-001600,MPLADS-001600,79.6,85.5,120,129,0,5.9
PROG-001601,MPLADS-001601,98.5,96.2,60,94,0,-2.3
PROG-001602,MPLADS-001602,96.1,95.1,60,80,0,-1.0
PROG-001603,MPLADS-001603,94.1,86.5,210,215,0,-7.6
PROG-001604,MPLADS-001604,84.5,86.3,160,170,0,1.8
PROG-001605,MPLADS-001605,92.6,90.3,210,240,0,-2.3
PROG-001606,MPLADS-001606,85.0,88.9,210,237,0,3.9
PROG-001607,MPLADS-001607,89.0,89.1,400,406,0,0.1
PROG-001608,MPLADS-001608,87.4,94.7,160,169,0,7.3
PROG-001609,MPLADS-001609,87.6,93.2,120,133,0,5.6
PROG-001610,MPLADS-001610,73.0,95.2,210,222,0,22.2
PROG-001611,MPLADS-001611,75.7,95.4,400,390,0,19.7
PROG-001612,MPLADS-001612,94.0,89.7,150,149,0,-4.3
PROG-001613,MPLADS-001613,89.5,85.4,160,172,0,-4.1
PROG-001614,MPLADS-001614,80.6,86.7,210,207,0,6.1
PROG-001615,MPLADS-001615,72.3,94.8,400,389,0,22.5
PROG-001616,MPLADS-001616,91.8,86.6,90,104,0,-5.2
PROG-001617,MPLADS-001617,78.0,94.3,150,151,0,16.3
PROG-001618,MPLADS-001618,99.8,93.1,60,60,0,-6.7
PROG-001619,MPLADS-001619,71.3,88.0,90,95,0,16.7
PROG-001620,MPLADS-001620,98.0,86.4,400,416,0,-11.6
PROG-001621,MPLADS-001621,96.5,88.9,60,75,0,-7.6
PROG-001622,MPLADS-001622,87.3,85.8,210,221,0,-1.5
PROG-001623,MPLADS-001623,98.3,86.3,180,196,0,-12.0
PROG-001624,MPLADS-001624,92.9,96.3,150,147,0,3.4
PROG-001625,MPLADS-001625,80.0,87.7,90,92,0,7.7
PROG-001626,MPLADS-001626,87.6,90.3,90,121,0,2.7
PROG-001627,MPLADS-001627,73.2,88.0,210,221,0,14.8
PROG-001628,MPLADS-001628,85.2,88.4,90,100,0,3.2
PROG-001629,MPLADS-001629,82.4,85.9,210,233,0,3.5
PROG-001630,MPLADS-001630,70.6,86.5,210,202,0,15.9
PROG-001631,MPLADS-001631,95.5,85.7,90,91,0,-9.8
PROG-001632,MPLADS-001632,72.2,97.0,400,412,0,24.8
PROG-001633,MPLADS-001633,99.6,88.8,90,107,0,-10.8
PROG-001634,MPLADS-001634,78.5,97.0,60,89,0,18.5
PROG-001635,MPLADS-001635,31.8,88.5,150,171,0,56.7
PROG-001636,MPLADS-001636,80.3,88.0,180,202,0,7.7
PROG-001637,MPLADS-001637,88.0,92.4,120,128,0,4.4
PROG-001638,MPLADS-001638,15.8,69.4,210,201,0,53.6
PROG-001639,MPLADS-001639,0.0,100.0,210,210,0,100.0
PROG-001640,MPLADS-001640,71.0,93.0,160,172,0,22.0
PROG-001641,MPLADS-001641,80.0,95.1,400,385,0,15.1
PROG-001642,MPLADS-001642,82.4,95.6,150,146,0,13.2
PROG-001643,MPLADS-001643,81.2,87.0,60,67,0,5.8
PROG-001644,MPLADS-001644,94.3,89.9,150,179,0,-4.4
PROG-001645,MPLADS-001645,72.3,94.4,90,118,0,22.1
PROG-001646,MPLADS-001646,90.9,85.4,180,197,0,-5.5
PROG-001647,MPLADS-001647,85.4,95.5,160,145,0,10.1
PROG-001648,MPLADS-001648,93.6,89.8,180,166,0,-3.8
PROG-001649,MPLADS-001649,91.4,86.8,180,182,0,-4.6
PROG-001650,MPLADS-001650,72.7,90.2,180,209,0,17.5
PROG-001651,MPLADS-001651,95.4,95.3,400,388,0,-0.1
PROG-001652,MPLADS-001652,91.9,94.8,210,243,0,2.9
PROG-001653,MPLADS-001653,84.7,89.3,120,106,0,4.6
PROG-001654,MPLADS-001654,97.3,85.8,60,75,0,-11.5
PROG-001655,MPLADS-001655,97.3,92.3,210,196,0,-5.0
PROG-001656,MPLADS-001656,72.8,88.6,180,182,0,15.8
PROG-001657,MPLADS-001657,90.5,90.3,150,183,0,-0.2
PROG-001658,MPLADS-001658,90.1,96.6,160,179,0,6.5
PROG-001659,MPLADS-001659,81.0,92.6,150,168,0,11.6
PROG-001660,MPLADS-001660,78.2,87.1,400,411,0,8.9
PROG-001661,MPLADS-001661,31.6,88.9,210,199,0,57.3
PROG-001662,MPLADS-001662,84.7,93.5,400,432,0,8.8
PROG-001663,MPLADS-001663,15.1,53.8,180,200,0,38.7
PROG-001664,MPLADS-001664,86.6,95.1,90,122,0,8.5
PROG-001665,MPLADS-001665,92.7,89.7,160,177,0,-3.0
PROG-001666,MPLADS-001666,43.7,86.1,210,840,2,42.4
PROG-001667,MPLADS-001667,33.2,92.2,400,410,0,59.0
PROG-001668,MPLADS-001668,89.3,87.3,210,201,0,-2.0
PROG-001669,MPLADS-001669,72.7,94.6,180,181,0,21.9
PROG-001670,MPLADS-001670,75.9,88.1,160,154,0,12.2
PROG-001671,MPLADS-001671,73.5,90.8,400,431,0,17.3
PROG-001672,MPLADS-001672,80.5,85.9,120,112,0,5.4
PROG-001673,MPLADS-001673,73.7,93.3,60,86,0,19.6
PROG-001674,MPLADS-001674,90.6,88.6,60,45,0,-2.0
PROG-001675,MPLADS-001675,91.2,85.2,160,190,0,-6.0
PROG-001676,MPLADS-001676,97.7,91.3,210,237,0,-6.4
PROG-001677,MPLADS-001677,81.0,85.9,120,125,0,4.9
PROG-001678,MPLADS-001678,75.1,95.4,180,172,0,20.3
PROG-001679,MPLADS-001679,60.0,91.2,150,600,2,31.2
PROG-001680,MPLADS-001680,81.7,91.9,180,196,0,10.2
PROG-001681,MPLADS-001681,79.1,94.3,150,144,0,15.2
PROG-001682,MPLADS-001682,87.9,90.9,60,55,0,3.0
PROG-001683,MPLADS-001683,84.7,92.6,150,152,0,7.9
PROG-001684,MPLADS-001684,86.2,86.8,400,414,0,0.6
PROG-001685,MPLADS-001685,85.3,85.1,90,91,0,-0.2
PROG-001686,MPLADS-001686,82.7,88.3,210,225,0,5.6
PROG-001687,MPLADS-001687,0.0,100.0,120,140,0,100.0
PROG-001688,MPLADS-001688,88.5,147.9,210,196,0,59.4
PROG-001689,MPLADS-001689,83.4,156.1,400,409,0,72.7
PROG-001690,MPLADS-001690,77.5,92.0,150,159,0,14.5
PROG-001691,MPLADS-001691,93.4,87.5,180,208,0,-5.9
PROG-001692,MPLADS-001692,87.3,89.5,90,88,0,2.2
PROG-001693,MPLADS-001693,98.4,88.4,400,401,0,-10.0
PROG-001694,MPLADS-001694,94.4,90.9,210,199,0,-3.5
PROG-001695,MPLADS-001695,75.5,88.9,400,410,0,13.4
PROG-001696,MPLADS-001696,81.2,92.3,150,150,0,11.1
PROG-001697,MPLADS-001697,75.0,97.2,210,210,0,22.2
PROG-001698,MPLADS-001698,92.6,88.0,160,151,0,-4.6
PROG-001699,MPLADS-001699,76.3,97.2,90,90,0,20.9
PROG-001700,MPLADS-001700,84.1,90.2,210,231,0,6.1
PROG-001701,MPLADS-001701,89.7,87.9,150,146,0,-1.8
PROG-001702,MPLADS-001702,95.1,93.5,210,211,0,-1.6
PROG-001703,MPLADS-001703,72.9,95.0,60,82,0,22.1
PROG-001704,MPLADS-001704,96.4,87.0,120,132,0,-9.4
PROG-001705,MPLADS-001705,91.2,95.1,120,144,0,3.9
PROG-001706,MPLADS-001706,94.8,97.0,120,142,0,2.2
PROG-001707,MPLADS-001707,88.9,146.1,120,146,0,57.2
PROG-001708,MPLADS-001708,74.2,97.9,60,51,0,23.7
PROG-001709,MPLADS-001709,71.4,94.8,60,47,0,23.4
PROG-001710,MPLADS-001710,81.5,88.4,400,408,0,6.9
PROG-001711,MPLADS-001711,75.5,90.5,60,50,0,15.0
PROG-001712,MPLADS-001712,76.5,87.4,120,108,0,10.9
PROG-001713,MPLADS-001713,80.8,94.1,150,172,0,13.3
PROG-001714,MPLADS-001714,71.9,92.4,60,67,0,20.5
PROG-001715,MPLADS-001715,72.2,94.4,120,153,0,22.2
PROG-001716,MPLADS-001716,84.5,97.6,180,214,0,13.1
PROG-001717,MPLADS-001717,83.0,86.3,400,408,0,3.3
PROG-001718,MPLADS-001718,85.9,94.0,150,149,0,8.1
PROG-001719,MPLADS-001719,74.8,87.8,400,387,0,13.0
PROG-001720,MPLADS-001720,91.6,89.8,120,138,0,-1.8
PROG-001721,MPLADS-001721,82.3,94.0,120,135,0,11.7
PROG-001722,MPLADS-001722,83.4,91.9,210,228,0,8.5
PROG-001723,MPLADS-001723,78.8,86.8,120,126,0,8.0
PROG-001724,MPLADS-001724,86.9,88.2,210,219,0,1.3
PROG-001725,MPLADS-001725,73.1,94.3,160,190,0,21.2
PROG-001726,MPLADS-001726,92.9,88.6,150,155,0,-4.3
PROG-001727,MPLADS-001727,98.3,97.2,60,56,0,-1.1
PROG-001728,MPLADS-001728,93.0,89.4,400,426,0,-3.6
PROG-001729,MPLADS-001729,83.4,89.6,160,192,0,6.2
PROG-001730,MPLADS-001730,92.2,90.4,210,202,0,-1.8
PROG-001731,MPLADS-001731,90.0,93.7,60,50,0,3.7
PROG-001732,MPLADS-001732,85.8,89.9,400,425,0,4.1
PROG-001733,MPLADS-001733,97.9,125.5,210,230,0,27.6
PROG-001734,MPLADS-001734,91.3,97.6,180,212,0,6.3
PROG-001735,MPLADS-001735,90.3,89.9,210,232,0,-0.4
PROG-001736,MPLADS-001736,58.1,87.1,180,540,3,29.0
PROG-001737,MPLADS-001737,27.2,92.2,160,180,0,65.0
PROG-001738,MPLADS-001738,16.7,42.6,60,80,0,25.9
PROG-001739,MPLADS-001739,89.6,89.5,60,69,0,-0.1
PROG-001740,MPLADS-001740,94.5,91.5,60,65,0,-3.0
PROG-001741,MPLADS-001741,96.4,141.4,120,131,0,45.0
PROG-001742,MPLADS-001742,75.3,94.5,150,167,0,19.2
PROG-001743,MPLADS-001743,86.2,86.1,60,46,0,-0.1
PROG-001744,MPLADS-001744,90.8,91.9,180,169,0,1.1
PROG-001745,MPLADS-001745,95.2,95.1,180,213,0,-0.1
PROG-001746,MPLADS-001746,71.3,85.7,400,394,0,14.4
PROG-001747,MPLADS-001747,85.3,89.5,120,110,0,4.2
PROG-001748,MPLADS-001748,72.4,88.9,90,95,0,16.5
PROG-001749,MPLADS-001749,83.5,96.1,60,77,0,12.6
PROG-001750,MPLADS-001750,80.8,97.3,120,149,0,16.5
PROG-001751,MPLADS-001751,72.3,92.0,120,146,0,19.7
PROG-001752,MPLADS-001752,80.7,90.0,210,214,0,9.3
PROG-001753,MPLADS-001753,92.3,96.3,60,74,0,4.0
PROG-001754,MPLADS-001754,97.1,89.4,120,122,0,-7.7
PROG-001755,MPLADS-001755,83.8,129.0,400,433,0,45.2
PROG-001756,MPLADS-001756,87.9,94.2,400,414,0,6.3
PROG-001757,MPLADS-001757,94.9,94.7,150,144,0,-0.2
PROG-001758,MPLADS-001758,74.4,96.3,90,75,0,21.9
PROG-001759,MPLADS-001759,86.8,88.3,150,174,0,1.5
PROG-001760,MPLADS-001760,33.1,95.8,150,177,0,62.7
PROG-001761,MPLADS-001761,87.7,85.3,150,184,0,-2.4
PROG-001762,MPLADS-001762,47.5,93.6,150,450,4,46.1
PROG-001763,MPLADS-001763,0.0,100.0,180,199,0,100.0
PROG-001764,MPLADS-001764,93.5,86.0,400,390,0,-7.5
PROG-001765,MPLADS-001765,89.2,88.1,120,117,0,-1.1
PROG-001766,MPLADS-001766,99.9,90.4,180,170,0,-9.5
PROG-001767,MPLADS-001767,97.2,87.2,400,418,0,-10.0
PROG-001768,MPLADS-001768,76.6,94.5,60,60,0,17.9
PROG-001769,MPLADS-001769,77.4,88.7,160,158,0,11.3
PROG-001770,MPLADS-001770,98.9,85.9,160,152,0,-13.0
PROG-001771,MPLADS-001771,98.1,88.4,400,391,0,-9.7
PROG-001772,MPLADS-001772,90.0,89.8,210,222,0,-0.2
PROG-001773,MPLADS-001773,78.6,97.4,400,427,0,18.8
PROG-001774,MPLADS-001774,70.5,85.6,60,71,0,15.1
PROG-001775,MPLADS-001775,73.9,88.5,150,144,0,14.6
PROG-001776,MPLADS-001776,31.2,86.9,160,187,0,55.7
PROG-001777,MPLADS-001777,95.6,97.0,180,212,0,1.4
PROG-001778,MPLADS-001778,87.0,94.3,210,224,0,7.3
PROG-001779,MPLADS-001779,0.0,100.0,150,162,0,100.0
PROG-001780,MPLADS-001780,33.9,88.6,180,190,0,54.7
PROG-001781,MPLADS-001781,99.7,92.8,210,199,0,-6.9
PROG-001782,MPLADS-001782,91.3,94.2,210,204,0,2.9
PROG-001783,MPLADS-001783,91.9,94.4,210,196,0,2.5
PROG-001784,MPLADS-001784,74.9,96.2,120,146,0,21.3
PROG-001785,MPLADS-001785,80.8,93.3,160,162,0,12.5
PROG-001786,MPLADS-001786,84.6,92.3,150,136,0,7.7
PROG-001787,MPLADS-001787,89.9,93.1,160,178,0,3.2
PROG-001788,MPLADS-001788,97.2,90.7,60,70,0,-6.5
PROG-001789,MPLADS-001789,70.4,87.1,90,123,0,16.7
PROG-001790,MPLADS-001790,96.4,90.6,160,187,0,-5.8
PROG-001791,MPLADS-001791,78.9,85.7,90,84,0,6.8
PROG-001792,MPLADS-001792,82.9,86.1,60,56,0,3.2
PROG-001793,MPLADS-001793,96.8,86.5,150,141,0,-10.3
PROG-001794,MPLADS-001794,76.0,89.5,90,110,0,13.5
PROG-001795,MPLADS-001795,93.1,90.1,160,182,0,-3.0
PROG-001796,MPLADS-001796,91.9,91.7,160,190,0,-0.2
PROG-001797,MPLADS-001797,95.9,96.3,210,206,0,0.4
PROG-001798,MPLADS-001798,72.8,87.8,210,234,0,15.0
PROG-001799,MPLADS-001799,74.7,90.8,160,184,0,16.1
PROG-001800,MPLADS-001800,93.8,90.4,150,139,0,-3.4
PROG-001801,MPLADS-001801,90.1,97.9,120,125,0,7.8
PROG-001802,MPLADS-001802,70.9,89.3,150,136,0,18.4
PROG-001803,MPLADS-001803,83.1,92.9,210,227,0,9.8
PROG-001804,MPLADS-001804,82.0,89.2,160,163,0,7.2
PROG-001805,MPLADS-001805,29.3,93.4,180,190,0,64.1
PROG-001806,MPLADS-001806,91.8,89.4,210,232,0,-2.4
PROG-001807,MPLADS-001807,91.6,88.3,160,188,0,-3.3
PROG-001808,MPLADS-001808,73.8,93.0,120,122,0,19.2
PROG-001809,MPLADS-001809,80.8,95.1,180,210,0,14.3
PROG-001810,MPLADS-001810,75.0,92.2,160,171,0,17.2
PROG-001811,MPLADS-001811,94.2,86.4,150,147,0,-7.8
PROG-001812,MPLADS-001812,93.0,94.1,120,119,0,1.1
PROG-001813,MPLADS-001813,95.7,88.3,210,236,0,-7.4
PROG-001814,MPLADS-001814,94.4,94.5,210,195,0,0.1
PROG-001815,MPLADS-001815,98.7,87.2,120,109,0,-11.5
PROG-001816,MPLADS-001816,18.9,67.7,90,95,0,48.8
PROG-001817,MPLADS-001817,78.4,93.0,120,109,0,14.6
PROG-001818,MPLADS-001818,24.0,92.2,120,128,0,68.2
PROG-001819,MPLADS-001819,72.1,91.7,400,393,0,19.6
PROG-001820,MPLADS-001820,96.7,88.3,160,148,0,-8.4
PROG-001821,MPLADS-001821,97.5,153.8,210,239,0,56.3
PROG-001822,MPLADS-001822,89.6,94.0,60,83,0,4.4
PROG-001823,MPLADS-001823,81.4,93.5,180,180,0,12.1
PROG-001824,MPLADS-001824,81.2,130.1,160,153,0,48.9
PROG-001825,MPLADS-001825,90.0,97.9,90,77,0,7.9
PROG-001826,MPLADS-001826,74.1,87.2,160,153,0,13.1
PROG-001827,MPLADS-001827,89.1,93.0,180,177,0,3.9
PROG-001828,MPLADS-001828,97.7,87.4,160,194,0,-10.3
PROG-001829,MPLADS-001829,0.0,100.0,120,150,0,100.0
PROG-001830,MPLADS-001830,99.3,89.8,150,184,0,-9.5
PROG-001831,MPLADS-001831,84.9,94.7,150,137,0,9.8
PROG-001832,MPLADS-001832,83.0,97.9,160,172,0,14.9
PROG-001833,MPLADS-001833,49.1,92.3,90,360,4,43.2
PROG-001834,MPLADS-001834,95.8,97.1,120,138,0,1.3
PROG-001835,MPLADS-001835,96.3,95.3,400,420,0,-1.0
PROG-001836,MPLADS-001836,99.2,95.4,210,200,0,-3.8
PROG-001837,MPLADS-001837,80.5,96.2,90,107,0,15.7
PROG-001838,MPLADS-001838,69.8,95.9,160,640,2,26.1
PROG-001839,MPLADS-001839,76.9,90.1,180,191,0,13.2
PROG-001840,MPLADS-001840,73.4,96.3,90,91,0,22.9
PROG-001841,MPLADS-001841,82.5,96.7,150,177,0,14.2
PROG-001842,MPLADS-001842,0.0,100.0,160,193,0,100.0
PROG-001843,MPLADS-001843,67.4,92.9,120,360,4,25.5
PROG-001844,MPLADS-001844,81.0,93.1,120,146,0,12.1
PROG-001845,MPLADS-001845,84.9,87.9,120,120,0,3.0
PROG-001846,MPLADS-001846,76.4,87.0,150,166,0,10.6
PROG-001847,MPLADS-001847,85.7,93.0,160,146,0,7.3
PROG-001848,MPLADS-001848,94.7,88.7,60,59,0,-6.0
PROG-001849,MPLADS-001849,85.2,93.0,120,116,0,7.8
PROG-001850,MPLADS-001850,77.6,95.1,400,397,0,17.5
PROG-001851,MPLADS-001851,95.5,88.4,400,421,0,-7.1
PROG-001852,MPLADS-001852,45.1,89.8,210,840,4,44.7
PROG-001853,MPLADS-001853,98.7,96.5,120,133,0,-2.2
PROG-001854,MPLADS-001854,85.2,87.2,90,113,0,2.0
PROG-001855,MPLADS-001855,78.7,87.8,120,153,0,9.1
PROG-001856,MPLADS-001856,91.0,96.6,160,160,0,5.6
PROG-001857,MPLADS-001857,78.5,90.2,60,86,0,11.7
PROG-001858,MPLADS-001858,94.2,93.3,150,165,0,-0.9
PROG-001859,MPLADS-001859,89.1,95.5,210,216,0,6.4
PROG-001860,MPLADS-001860,89.0,94.8,160,176,0,5.8
PROG-001861,MPLADS-001861,24.3,86.7,60,82,0,62.4
PROG-001862,MPLADS-001862,81.5,95.9,60,62,0,14.4
PROG-001863,MPLADS-001863,81.1,87.8,210,200,0,6.7
PROG-001864,MPLADS-001864,88.7,85.8,160,165,0,-2.9
PROG-001865,MPLADS-001865,72.4,89.6,400,386,0,17.2
PROG-001866,MPLADS-001866,73.0,92.7,120,132,0,19.7
PROG-001867,MPLADS-001867,76.6,138.1,160,192,0,61.5
PROG-001868,MPLADS-001868,17.4,50.9,60,49,0,33.5
PROG-001869,MPLADS-001869,72.8,86.6,210,240,0,13.8
PROG-001870,MPLADS-001870,92.3,92.2,60,86,0,-0.1
PROG-001871,MPLADS-001871,92.7,97.6,400,422,0,4.9
PROG-001872,MPLADS-001872,79.5,91.8,210,234,0,12.3
PROG-001873,MPLADS-001873,80.7,92.6,400,386,0,11.9
PROG-001874,MPLADS-001874,76.7,91.5,160,163,0,14.8
PROG-001875,MPLADS-001875,87.5,86.9,150,173,0,-0.6
PROG-001876,MPLADS-001876,71.3,95.3,210,231,0,24.0
PROG-001877,MPLADS-001877,83.8,96.1,60,52,0,12.3
PROG-001878,MPLADS-001878,73.6,88.0,400,389,0,14.4
PROG-001879,MPLADS-001879,98.0,89.4,120,126,0,-8.6
PROG-001880,MPLADS-001880,18.6,40.2,210,226,0,21.6
PROG-001881,MPLADS-001881,73.3,91.5,90,111,0,18.2
PROG-001882,MPLADS-001882,93.6,97.5,400,432,0,3.9
PROG-001883,MPLADS-001883,45.1,90.3,180,720,4,45.2
PROG-001884,MPLADS-001884,91.8,89.8,60,86,0,-2.0
PROG-001885,MPLADS-001885,94.9,91.1,90,120,0,-3.8
PROG-001886,MPLADS-001886,84.9,86.5,150,173,0,1.6
PROG-001887,MPLADS-001887,98.9,96.6,60,72,0,-2.3
PROG-001888,MPLADS-001888,71.4,95.4,180,178,0,24.0
PROG-001889,MPLADS-001889,71.8,89.1,90,123,0,17.3
PROG-001890,MPLADS-001890,88.7,88.5,150,136,0,-0.2
PROG-001891,MPLADS-001891,71.4,98.0,400,390,0,26.6
PROG-001892,MPLADS-001892,73.4,95.5,90,114,0,22.1
PROG-001893,MPLADS-001893,98.7,96.7,180,213,0,-2.0
PROG-001894,MPLADS-001894,76.0,96.1,90,119,0,20.1
PROG-001895,MPLADS-001895,81.4,95.8,180,214,0,14.4
PROG-001896,MPLADS-001896,81.0,89.3,90,94,0,8.3
PROG-001897,MPLADS-001897,88.6,93.5,90,114,0,4.9
PROG-001898,MPLADS-001898,75.1,94.4,180,203,0,19.3
PROG-001899,MPLADS-001899,91.1,85.9,150,156,0,-5.2
PROG-001900,MPLADS-001900,94.5,92.6,400,431,0,-1.9
PROG-001901,MPLADS-001901,0.0,100.0,210,199,0,100.0
PROG-001902,MPLADS-001902,88.4,95.6,60,80,0,7.2
PROG-001903,MPLADS-001903,0.0,100.0,90,121,0,100.0
PROG-001904,MPLADS-001904,98.3,96.9,120,154,0,-1.4
PROG-001905,MPLADS-001905,84.6,88.4,160,180,0,3.8
PROG-001906,MPLADS-001906,52.0,91.5,210,840,4,39.5
PROG-001907,MPLADS-001907,34.8,92.9,90,115,0,58.1
PROG-001908,MPLADS-001908,93.0,92.7,180,203,0,-0.3
PROG-001909,MPLADS-001909,76.8,95.2,400,430,0,18.4
PROG-001910,MPLADS-001910,27.5,98.7,150,176,0,71.2
PROG-001911,MPLADS-001911,71.2,97.0,400,401,0,25.8
PROG-001912,MPLADS-001912,98.1,92.6,60,49,0,-5.5
PROG-001913,MPLADS-001913,86.4,95.1,210,195,0,8.7
PROG-001914,MPLADS-001914,77.4,92.8,400,427,0,15.4
PROG-001915,MPLADS-001915,95.5,95.8,150,143,0,0.3
PROG-001916,MPLADS-001916,89.4,97.9,150,165,0,8.5
PROG-001917,MPLADS-001917,89.6,96.0,400,424,0,6.4
PROG-001918,MPLADS-001918,89.3,96.3,60,53,0,7.0
PROG-001919,MPLADS-001919,98.8,88.6,60,82,0,-10.2
PROG-001920,MPLADS-001920,89.0,88.3,180,199,0,-0.7
PROG-001921,MPLADS-001921,98.2,97.7,210,227,0,-0.5
PROG-001922,MPLADS-001922,94.3,89.8,90,97,0,-4.5
PROG-001923,MPLADS-001923,83.5,89.5,120,123,0,6.0
PROG-001924,MPLADS-001924,22.4,87.5,180,193,0,65.1
PROG-001925,MPLADS-001925,84.8,96.1,150,148,0,11.3
PROG-001926,MPLADS-001926,80.5,90.8,180,214,0,10.3
PROG-001927,MPLADS-001927,92.8,97.9,210,195,0,5.1
PROG-001928,MPLADS-001928,94.9,96.0,400,396,0,1.1
PROG-001929,MPLADS-001929,92.3,92.0,180,192,0,-0.3
PROG-001930,MPLADS-001930,71.2,91.5,120,109,0,20.3
PROG-001931,MPLADS-001931,72.3,96.6,400,389,0,24.3
PROG-001932,MPLADS-001932,77.7,94.4,120,125,0,16.7
PROG-001933,MPLADS-001933,87.5,91.5,210,238,0,4.0
PROG-001934,MPLADS-001934,99.5,90.6,60,72,0,-8.9
PROG-001935,MPLADS-001935,96.3,95.4,120,141,0,-0.9
PROG-001936,MPLADS-001936,93.0,96.9,400,402,0,3.9
PROG-001937,MPLADS-001937,73.7,87.0,180,174,0,13.3
PROG-001938,MPLADS-001938,84.8,95.0,120,126,0,10.2
PROG-001939,MPLADS-001939,84.5,86.0,400,430,0,1.5
PROG-001940,MPLADS-001940,77.9,86.3,400,432,0,8.4
PROG-001941,MPLADS-001941,96.4,95.4,160,185,0,-1.0
PROG-001942,MPLADS-001942,78.4,90.9,150,174,0,12.5
PROG-001943,MPLADS-001943,73.7,89.2,120,121,0,15.5
PROG-001944,MPLADS-001944,71.6,85.9,160,176,0,14.3
PROG-001945,MPLADS-001945,76.1,89.7,90,120,0,13.6
PROG-001946,MPLADS-001946,82.2,95.4,150,151,0,13.2
PROG-001947,MPLADS-001947,70.2,85.3,150,145,0,15.1
PROG-001948,MPLADS-001948,82.2,97.6,120,140,0,15.4
PROG-001949,MPLADS-001949,90.0,94.5,60,77,0,4.5
PROG-001950,MPLADS-001950,0.0,100.0,60,61,0,100.0
PROG-001951,MPLADS-001951,86.3,152.4,180,181,0,66.1
PROG-001952,MPLADS-001952,86.4,86.1,180,187,0,-0.3
PROG-001953,MPLADS-001953,74.6,90.5,90,110,0,15.9
PROG-001954,MPLADS-001954,88.9,93.1,160,193,0,4.2
PROG-001955,MPLADS-001955,21.1,88.6,60,93,0,67.5
PROG-001956,MPLADS-001956,76.6,94.7,90,103,0,18.1
PROG-001957,MPLADS-001957,91.6,92.0,400,414,0,0.4
PROG-001958,MPLADS-001958,72.5,94.9,150,184,0,22.4
PROG-001959,MPLADS-001959,87.0,151.6,160,157,0,64.6
PROG-001960,MPLADS-001960,19.8,97.3,160,150,0,77.5
PROG-001961,MPLADS-001961,89.6,95.2,210,219,0,5.6
PROG-001962,MPLADS-001962,70.5,92.8,400,409,0,22.3
PROG-001963,MPLADS-001963,81.4,86.9,400,394,0,5.5
PROG-001964,MPLADS-001964,94.1,148.5,210,227,0,54.4
PROG-001965,MPLADS-001965,85.3,87.0,60,71,0,1.7
PROG-001966,MPLADS-001966,98.6,96.1,210,214,0,-2.5
PROG-001967,MPLADS-001967,81.8,95.8,180,166,0,14.0
PROG-001968,MPLADS-001968,33.9,97.3,210,218,0,63.4
PROG-001969,MPLADS-001969,80.2,91.8,90,82,0,11.6
PROG-001970,MPLADS-001970,97.1,90.7,90,102,0,-6.4
PROG-001971,MPLADS-001971,84.4,88.1,90,122,0,3.7
PROG-001972,MPLADS-001972,79.4,95.2,90,99,0,15.8
PROG-001973,MPLADS-001973,86.3,86.9,400,434,0,0.6
PROG-001974,MPLADS-001974,79.7,86.9,210,230,0,7.2
PROG-001975,MPLADS-001975,97.2,88.6,160,180,0,-8.6
PROG-001976,MPLADS-001976,98.1,89.2,210,236,0,-8.9
PROG-001977,MPLADS-001977,70.9,92.6,120,360,4,21.7
PROG-001978,MPLADS-001978,77.3,143.5,60,89,0,66.2
PROG-001979,MPLADS-001979,86.5,93.7,210,201,0,7.2
PROG-001980,MPLADS-001980,73.1,87.6,90,76,0,14.5
PROG-001981,MPLADS-001981,74.5,87.0,120,119,0,12.5
PROG-001982,MPLADS-001982,22.3,92.8,60,75,0,70.5
PROG-001983,MPLADS-001983,96.8,90.5,60,93,0,-6.3
PROG-001984,MPLADS-001984,77.5,97.0,120,110,0,19.5
PROG-001985,MPLADS-001985,89.6,89.4,90,82,0,-0.2
PROG-001986,MPLADS-001986,95.2,92.1,400,413,0,-3.1
PROG-001987,MPLADS-001987,75.4,88.9,210,204,0,13.5
PROG-001988,MPLADS-001988,80.5,89.2,160,162,0,8.7
PROG-001989,MPLADS-001989,80.5,89.0,400,417,0,8.5
PROG-001990,MPLADS-001990,93.2,91.3,160,145,0,-1.9
PROG-001991,MPLADS-001991,85.1,85.7,90,121,0,0.6
PROG-001992,MPLADS-001992,80.7,86.4,180,180,0,5.7
PROG-001993,MPLADS-001993,0.0,100.0,90,99,0,100.0
PROG-001994,MPLADS-001994,79.3,95.6,120,140,0,16.3
PROG-001995,MPLADS-001995,95.5,92.5,180,195,0,-3.0
PROG-001996,MPLADS-001996,95.6,93.3,150,146,0,-2.3
PROG-001997,MPLADS-001997,21.9,95.6,400,426,0,73.7
PROG-001998,MPLADS-001998,90.1,86.5,90,97,0,-3.6
PROG-001999,MPLADS-001999,93.8,94.9,210,223,0,1.1
PROG-002000,MPLADS-002000,80.5,93.5,150,142,0,13.0
PROG-002001,MPLADS-002001,94.2,90.6,60,79,0,-3.6
PROG-002002,MPLADS-002002,76.5,98.0,60,55,0,21.5
PROG-002003,MPLADS-002003,22.6,97.3,90,121,0,74.7
PROG-002004,MPLADS-002004,77.8,87.2,210,209,0,9.4
PROG-002005,MPLADS-002005,97.8,93.3,160,187,0,-4.5
PROG-002006,MPLADS-002006,97.9,95.0,160,171,0,-2.9
PROG-002007,MPLADS-002007,72.1,150.4,60,66,0,78.3
PROG-002008,MPLADS-002008,11.6,47.6,90,105,0,36.0
PROG-002009,MPLADS-002009,77.6,94.8,180,199,0,17.2
PROG-002010,MPLADS-002010,80.6,95.3,160,150,0,14.7
PROG-002011,MPLADS-002011,97.2,95.2,90,94,0,-2.0
PROG-002012,MPLADS-002012,99.1,96.5,160,156,0,-2.6
PROG-002013,MPLADS-002013,86.2,88.3,400,393,0,2.1
PROG-002014,MPLADS-002014,89.4,95.8,120,140,0,6.4
PROG-002015,MPLADS-002015,90.5,89.9,60,75,0,-0.6
PROG-002016,MPLADS-002016,70.4,94.3,60,51,0,23.9
PROG-002017,MPLADS-002017,96.5,95.3,180,194,0,-1.2
PROG-002018,MPLADS-002018,90.3,89.9,180,175,0,-0.4
PROG-002019,MPLADS-002019,77.8,97.3,400,412,0,19.5
PROG-002020,MPLADS-002020,77.7,90.0,400,430,0,12.3
PROG-002021,MPLADS-002021,82.6,93.7,150,172,0,11.1
PROG-002022,MPLADS-002022,89.2,93.8,180,189,0,4.6
PROG-002023,MPLADS-002023,73.3,90.7,60,71,0,17.4
PROG-002024,MPLADS-002024,84.6,94.5,150,163,0,9.9
PROG-002025,MPLADS-002025,90.5,85.4,60,59,0,-5.1
PROG-002026,MPLADS-002026,27.0,86.1,60,80,0,59.1
PROG-002027,MPLADS-002027,89.9,88.3,400,412,0,-1.6
PROG-002028,MPLADS-002028,70.7,88.0,180,202,0,17.3
PROG-002029,MPLADS-002029,73.3,97.4,180,720,3,24.1
PROG-002030,MPLADS-002030,94.6,93.1,180,177,0,-1.5
PROG-002031,MPLADS-002031,87.4,87.6,150,181,0,0.2
PROG-002032,MPLADS-002032,93.6,92.5,150,138,0,-1.1
PROG-002033,MPLADS-002033,91.1,91.6,180,207,0,0.5
PROG-002034,MPLADS-002034,99.7,90.6,60,61,0,-9.1
PROG-002035,MPLADS-002035,73.1,94.4,60,53,0,21.3
PROG-002036,MPLADS-002036,92.2,97.5,150,147,0,5.3
PROG-002037,MPLADS-002037,91.0,90.3,60,50,0,-0.7
PROG-002038,MPLADS-002038,88.2,88.2,150,171,0,0.0
PROG-002039,MPLADS-002039,22.2,95.1,90,93,0,72.9
PROG-002040,MPLADS-002040,77.1,91.3,150,181,0,14.2
PROG-002041,MPLADS-002041,86.5,89.8,210,232,0,3.3
PROG-002042,MPLADS-002042,95.8,92.3,90,81,0,-3.5
PROG-002043,MPLADS-002043,97.5,92.1,150,159,0,-5.4
PROG-002044,MPLADS-002044,78.0,94.0,60,80,0,16.0
PROG-002045,MPLADS-002045,70.4,88.1,120,111,0,17.7
PROG-002046,MPLADS-002046,95.7,89.1,400,431,0,-6.6
PROG-002047,MPLADS-002047,76.6,92.3,60,55,0,15.7
PROG-002048,MPLADS-002048,70.7,91.1,120,122,0,20.4
PROG-002049,MPLADS-002049,92.8,92.1,60,45,0,-0.7
PROG-002050,MPLADS-002050,71.7,96.0,150,178,0,24.3
PROG-002051,MPLADS-002051,94.2,96.7,60,72,0,2.5
PROG-002052,MPLADS-002052,83.5,96.7,160,164,0,13.2
PROG-002053,MPLADS-002053,80.7,95.0,400,411,0,14.3
PROG-002054,MPLADS-002054,17.4,94.2,90,103,0,76.8
PROG-002055,MPLADS-002055,94.8,91.2,400,430,0,-3.6
PROG-002056,MPLADS-002056,84.7,88.3,180,189,0,3.6
PROG-002057,MPLADS-002057,15.8,69.1,60,55,0,53.3
PROG-002058,MPLADS-002058,97.4,88.4,180,183,0,-9.0
PROG-002059,MPLADS-002059,88.7,95.8,150,173,0,7.1
PROG-002060,MPLADS-002060,73.5,93.7,400,1200,4,20.2
PROG-002061,MPLADS-002061,49.6,90.3,90,270,4,40.7
PROG-002062,MPLADS-002062,70.1,85.2,160,184,0,15.1
PROG-002063,MPLADS-002063,92.5,91.4,90,121,0,-1.1
PROG-002064,MPLADS-002064,78.0,94.2,120,138,0,16.2
PROG-002065,MPLADS-002065,96.0,89.1,160,184,0,-6.9
PROG-002066,MPLADS-002066,73.6,89.2,180,201,0,15.6
PROG-002067,MPLADS-002067,99.7,85.5,180,171,0,-14.2
PROG-002068,MPLADS-002068,88.3,93.0,90,86,0,4.7
PROG-002069,MPLADS-002069,78.9,149.9,180,200,0,71.0
PROG-002070,MPLADS-002070,26.9,87.6,210,230,0,60.7
PROG-002071,MPLADS-002071,73.7,87.9,180,177,0,14.2
PROG-002072,MPLADS-002072,99.6,90.8,400,407,0,-8.8
PROG-002073,MPLADS-002073,93.0,87.6,180,191,0,-5.4
PROG-002074,MPLADS-002074,72.4,85.1,90,81,0,12.7
PROG-002075,MPLADS-002075,93.6,92.2,90,87,0,-1.4
PROG-002076,MPLADS-002076,75.6,90.5,90,80,0,14.9
PROG-002077,MPLADS-002077,93.1,94.3,160,189,0,1.2
PROG-002078,MPLADS-002078,81.8,89.5,160,167,0,7.7
PROG-002079,MPLADS-002079,71.3,86.8,180,171,0,15.5
PROG-002080,MPLADS-002080,70.1,93.9,160,186,0,23.8
PROG-002081,MPLADS-002081,44.4,95.5,90,360,4,51.1
PROG-002082,MPLADS-002082,91.5,97.5,150,158,0,6.0
PROG-002083,MPLADS-002083,99.3,92.2,150,151,0,-7.1
PROG-002084,MPLADS-002084,90.7,85.3,180,180,0,-5.4
PROG-002085,MPLADS-002085,96.8,96.3,180,202,0,-0.5
PROG-002086,MPLADS-002086,98.5,92.0,90,95,0,-6.5
PROG-002087,MPLADS-002087,91.0,88.7,150,179,0,-2.3
PROG-002088,MPLADS-002088,70.1,97.3,60,89,0,27.2
PROG-002089,MPLADS-002089,92.9,96.8,150,135,0,3.9
PROG-002090,MPLADS-002090,76.0,94.6,160,169,0,18.6
PROG-002091,MPLADS-002091,80.8,87.4,60,66,0,6.6
PROG-002092,MPLADS-002092,84.4,90.9,90,123,0,6.5
PROG-002093,MPLADS-002093,70.4,97.1,150,169,0,26.7
PROG-002094,MPLADS-002094,88.9,92.2,150,183,0,3.3
PROG-002095,MPLADS-002095,95.4,90.8,400,403,0,-4.6
PROG-002096,MPLADS-002096,26.9,89.7,400,428,0,62.8
PROG-002097,MPLADS-002097,80.6,95.3,150,148,0,14.7
PROG-002098,MPLADS-002098,84.4,87.7,400,410,0,3.3
PROG-002099,MPLADS-002099,78.1,91.6,150,172,0,13.5
PROG-002100,MPLADS-002100,77.4,97.1,60,82,0,19.7
PROG-002101,MPLADS-002101,88.8,85.7,400,410,0,-3.1
PROG-002102,MPLADS-002102,84.7,97.6,180,210,0,12.9
PROG-002103,MPLADS-002103,70.7,95.4,180,194,0,24.7
PROG-002104,MPLADS-002104,72.0,92.9,180,208,0,20.9
PROG-002105,MPLADS-002105,76.7,93.7,90,119,0,17.0
PROG-002106,MPLADS-002106,94.5,91.5,400,398,0,-3.0
PROG-002107,MPLADS-002107,96.4,94.3,150,176,0,-2.1
PROG-002108,MPLADS-002108,70.3,89.3,150,153,0,19.0
PROG-002109,MPLADS-002109,71.9,90.2,60,83,0,18.3
PROG-002110,MPLADS-002110,76.5,92.3,210,197,0,15.8
PROG-002111,MPLADS-002111,71.3,85.5,120,114,0,14.2
PROG-002112,MPLADS-002112,80.5,94.4,160,174,0,13.9
PROG-002113,MPLADS-002113,83.1,95.9,60,88,0,12.8
PROG-002114,MPLADS-002114,98.3,88.2,400,404,0,-10.1
PROG-002115,MPLADS-002115,77.6,88.1,160,148,0,10.5
PROG-002116,MPLADS-002116,95.7,85.9,120,147,0,-9.8
PROG-002117,MPLADS-002117,97.7,87.7,150,137,0,-10.0
PROG-002118,MPLADS-002118,99.8,93.0,90,118,0,-6.8
PROG-002119,MPLADS-002119,87.2,91.5,90,124,0,4.3
PROG-002120,MPLADS-002120,90.7,96.7,210,242,0,6.0
PROG-002121,MPLADS-002121,89.0,90.2,400,391,0,1.2
PROG-002122,MPLADS-002122,0.0,100.0,210,228,0,100.0
PROG-002123,MPLADS-002123,87.4,93.0,180,187,0,5.6
PROG-002124,MPLADS-002124,83.6,89.9,60,54,0,6.3
PROG-002125,MPLADS-002125,75.0,89.2,90,95,0,14.2
PROG-002126,MPLADS-002126,99.1,85.2,210,232,0,-13.9
PROG-002127,MPLADS-002127,83.6,93.9,210,203,0,10.3
PROG-002128,MPLADS-002128,26.9,93.4,90,91,0,66.5
PROG-002129,MPLADS-002129,82.0,91.9,160,161,0,9.9
PROG-002130,MPLADS-002130,82.4,94.6,400,415,0,12.2
PROG-002131,MPLADS-002131,96.9,87.4,150,149,0,-9.5
PROG-002132,MPLADS-002132,74.0,96.2,400,417,0,22.2
PROG-002133,MPLADS-002133,96.0,130.0,120,123,0,34.0
PROG-002134,MPLADS-002134,78.9,93.3,120,119,0,14.4
PROG-002135,MPLADS-002135,73.2,91.6,210,210,0,18.4
PROG-002136,MPLADS-002136,58.3,96.8,180,540,3,38.5
PROG-002137,MPLADS-002137,74.2,88.1,90,84,0,13.9
PROG-002138,MPLADS-002138,91.4,89.1,150,149,0,-2.3
PROG-002139,MPLADS-002139,79.7,94.1,120,106,0,14.4
PROG-002140,MPLADS-002140,87.0,97.6,210,241,0,10.6
PROG-002141,MPLADS-002141,75.3,95.7,120,112,0,20.4
PROG-002142,MPLADS-002142,25.9,94.7,180,201,0,68.8
PROG-002143,MPLADS-002143,99.8,97.3,210,197,0,-2.5
PROG-002144,MPLADS-002144,78.5,93.2,60,50,0,14.7
PROG-002145,MPLADS-002145,31.2,95.7,210,241,0,64.5
PROG-002146,MPLADS-002146,71.3,86.3,150,161,0,15.0
PROG-002147,MPLADS-002147,86.0,86.5,160,180,0,0.5
PROG-002148,MPLADS-002148,91.4,94.6,400,409,0,3.2
PROG-002149,MPLADS-002149,73.4,91.1,160,170,0,17.7
PROG-002150,MPLADS-002150,86.4,85.3,400,393,0,-1.1
PROG-002151,MPLADS-002151,72.6,95.3,160,156,0,22.7
PROG-002152,MPLADS-002152,78.6,90.3,90,84,0,11.7
PROG-002153,MPLADS-002153,84.4,87.5,180,177,0,3.1
PROG-002154,MPLADS-002154,95.3,94.9,180,178,0,-0.4
PROG-002155,MPLADS-002155,97.8,89.9,180,177,0,-7.9
PROG-002156,MPLADS-002156,88.5,97.6,180,179,0,9.1
PROG-002157,MPLADS-002157,88.9,92.0,210,217,0,3.1
PROG-002158,MPLADS-002158,98.2,90.4,160,189,0,-7.8
PROG-002159,MPLADS-002159,72.8,88.4,90,117,0,15.6
PROG-002160,MPLADS-002160,96.8,85.4,120,109,0,-11.4
PROG-002161,MPLADS-002161,97.5,90.2,210,229,0,-7.3
PROG-002162,MPLADS-002162,88.8,86.8,180,214,0,-2.0
PROG-002163,MPLADS-002163,79.3,96.0,400,420,0,16.7
PROG-002164,MPLADS-002164,97.1,88.7,150,137,0,-8.4
PROG-002165,MPLADS-002165,73.2,86.4,60,63,0,13.2
PROG-002166,MPLADS-002166,74.5,90.8,90,118,0,16.3
PROG-002167,MPLADS-002167,79.1,86.0,180,168,0,6.9
PROG-002168,MPLADS-002168,90.4,93.0,400,401,0,2.6
PROG-002169,MPLADS-002169,24.7,98.5,60,47,0,73.8
PROG-002170,MPLADS-002170,88.3,137.3,150,169,0,49.0
PROG-002171,MPLADS-002171,77.4,90.2,400,392,0,12.8
PROG-002172,MPLADS-002172,74.0,88.8,210,195,0,14.8
PROG-002173,MPLADS-002173,96.5,96.3,150,161,0,-0.2
PROG-002174,MPLADS-002174,11.3,46.3,180,210,0,35.0
PROG-002175,MPLADS-002175,86.3,96.7,180,188,0,10.4
PROG-002176,MPLADS-002176,21.2,92.2,90,112,0,71.0
PROG-002177,MPLADS-002177,87.6,91.6,150,149,0,4.0
PROG-002178,MPLADS-002178,93.2,95.0,210,199,0,1.8
PROG-002179,MPLADS-002179,70.3,86.0,180,209,0,15.7
PROG-002180,MPLADS-002180,97.9,96.8,210,237,0,-1.1
PROG-002181,MPLADS-002181,95.0,89.9,90,88,0,-5.1
PROG-002182,MPLADS-002182,77.8,86.0,120,140,0,8.2
PROG-002183,MPLADS-002183,75.3,91.6,400,414,0,16.3
PROG-002184,MPLADS-002184,24.8,49.2,120,143,0,24.4
PROG-002185,MPLADS-002185,0.0,100.0,210,215,0,100.0
PROG-002186,MPLADS-002186,77.4,89.6,90,120,0,12.2
PROG-002187,MPLADS-002187,90.9,97.3,60,68,0,6.4
PROG-002188,MPLADS-002188,75.1,86.3,210,230,0,11.2
PROG-002189,MPLADS-002189,92.0,94.5,160,176,0,2.5
PROG-002190,MPLADS-002190,84.2,90.9,180,170,0,6.7
PROG-002191,MPLADS-002191,41.8,87.2,160,480,4,45.4
PROG-002192,MPLADS-002192,17.4,59.7,210,200,0,42.3
PROG-002193,MPLADS-002193,99.3,89.2,180,205,0,-10.1
PROG-002194,MPLADS-002194,90.9,86.6,90,101,0,-4.3
PROG-002195,MPLADS-002195,85.9,89.9,60,69,0,4.0
PROG-002196,MPLADS-002196,51.2,85.2,150,450,4,34.0
PROG-002197,MPLADS-002197,97.2,94.6,90,92,0,-2.6
PROG-002198,MPLADS-002198,96.6,92.2,400,390,0,-4.4
PROG-002199,MPLADS-002199,88.7,96.6,90,118,0,7.9
PROG-002200,MPLADS-002200,91.7,90.2,400,405,0,-1.5
PROG-002201,MPLADS-002201,87.6,96.2,90,76,0,8.6
PROG-002202,MPLADS-002202,77.2,88.6,90,114,0,11.4
PROG-002203,MPLADS-002203,23.5,85.9,60,87,0,62.4
PROG-002204,MPLADS-002204,92.1,93.0,120,112,0,0.9
PROG-002205,MPLADS-002205,71.2,85.3,120,108,0,14.1
PROG-002206,MPLADS-002206,84.6,95.5,180,173,0,10.9
PROG-002207,MPLADS-002207,97.6,88.5,60,64,0,-9.1
PROG-002208,MPLADS-002208,75.3,93.6,400,410,0,18.3
PROG-002209,MPLADS-002209,98.1,97.0,90,75,0,-1.1
PROG-002210,MPLADS-002210,90.9,92.0,160,153,0,1.1
PROG-002211,MPLADS-002211,75.4,95.1,60,45,0,19.7
PROG-002212,MPLADS-002212,96.8,86.4,180,165,0,-10.4
PROG-002213,MPLADS-002213,88.5,95.9,150,148,0,7.4
PROG-002214,MPLADS-002214,87.5,88.8,160,178,0,1.3
PROG-002215,MPLADS-002215,98.6,93.7,180,214,0,-4.9
PROG-002216,MPLADS-002216,70.9,91.8,60,81,0,20.9
PROG-002217,MPLADS-002217,96.8,94.9,400,405,0,-1.9
PROG-002218,MPLADS-002218,99.5,85.9,120,151,0,-13.6
PROG-002219,MPLADS-002219,89.2,94.0,120,141,0,4.8
PROG-002220,MPLADS-002220,79.9,88.3,400,405,0,8.4
PROG-002221,MPLADS-002221,86.3,90.0,180,203,0,3.7
PROG-002222,MPLADS-002222,71.3,96.9,150,155,0,25.6
PROG-002223,MPLADS-002223,99.4,91.0,150,161,0,-8.4
PROG-002224,MPLADS-002224,79.0,85.8,60,66,0,6.8
PROG-002225,MPLADS-002225,93.2,95.6,120,114,0,2.4
PROG-002226,MPLADS-002226,76.0,94.8,210,207,0,18.8
PROG-002227,MPLADS-002227,96.5,95.1,90,119,0,-1.4
PROG-002228,MPLADS-002228,73.2,95.3,400,425,0,22.1
PROG-002229,MPLADS-002229,74.6,90.6,180,187,0,16.0
PROG-002230,MPLADS-002230,10.7,50.1,150,147,0,39.4
PROG-002231,MPLADS-002231,82.4,93.2,90,112,0,10.8
PROG-002232,MPLADS-002232,71.3,87.7,150,170,0,16.4
PROG-002233,MPLADS-002233,97.5,88.0,210,223,0,-9.5
PROG-002234,MPLADS-002234,99.5,90.3,400,397,0,-9.2
PROG-002235,MPLADS-002235,70.0,96.0,60,63,0,26.0
PROG-002236,MPLADS-002236,98.0,88.1,120,145,0,-9.9
PROG-002237,MPLADS-002237,97.4,92.3,120,137,0,-5.1
PROG-002238,MPLADS-002238,43.9,97.4,90,270,4,53.5
PROG-002239,MPLADS-002239,70.1,91.8,180,207,0,21.7
PROG-002240,MPLADS-002240,87.8,96.1,150,143,0,8.3
PROG-002241,MPLADS-002241,96.8,88.3,120,140,0,-8.5
PROG-002242,MPLADS-002242,74.9,86.1,90,360,3,11.2
PROG-002243,MPLADS-002243,87.3,98.0,180,168,0,10.7
PROG-002244,MPLADS-002244,82.1,88.2,150,183,0,6.1
PROG-002245,MPLADS-002245,97.0,92.2,400,427,0,-4.8
PROG-002246,MPLADS-002246,71.1,90.5,180,209,0,19.4
PROG-002247,MPLADS-002247,92.8,94.2,120,153,0,1.4
PROG-002248,MPLADS-002248,72.0,86.8,60,79,0,14.8
PROG-002249,MPLADS-002249,78.0,94.0,90,79,0,16.0
PROG-002250,MPLADS-002250,86.1,86.5,180,181,0,0.4
PROG-002251,MPLADS-002251,78.5,93.8,160,194,0,15.3
PROG-002252,MPLADS-002252,92.2,92.3,60,93,0,0.1
PROG-002253,MPLADS-002253,34.3,90.0,180,182,0,55.7
PROG-002254,MPLADS-002254,0.0,100.0,210,206,0,100.0
PROG-002255,MPLADS-002255,78.1,85.8,210,205,0,7.7
PROG-002256,MPLADS-002256,70.0,87.1,90,90,0,17.1
PROG-002257,MPLADS-002257,20.2,85.1,160,174,0,64.9
PROG-002258,MPLADS-002258,88.0,93.5,160,177,0,5.5
PROG-002259,MPLADS-002259,86.3,90.5,120,118,0,4.2
PROG-002260,MPLADS-002260,84.7,88.0,150,136,0,3.3
PROG-002261,MPLADS-002261,98.3,93.0,120,109,0,-5.3
PROG-002262,MPLADS-002262,70.9,94.7,150,176,0,23.8
PROG-002263,MPLADS-002263,91.8,97.1,60,94,0,5.3
PROG-002264,MPLADS-002264,87.1,93.2,60,58,0,6.1
PROG-002265,MPLADS-002265,88.1,88.0,150,150,0,-0.1
PROG-002266,MPLADS-002266,26.6,95.1,120,137,0,68.5
PROG-002267,MPLADS-002267,87.7,96.6,60,74,0,8.9
PROG-002268,MPLADS-002268,84.8,93.3,180,204,0,8.5
PROG-002269,MPLADS-002269,72.4,85.3,150,182,0,12.9
PROG-002270,MPLADS-002270,81.4,87.2,400,392,0,5.8
PROG-002271,MPLADS-002271,85.1,92.4,180,210,0,7.3
PROG-002272,MPLADS-002272,99.1,85.8,180,193,0,-13.3
PROG-002273,MPLADS-002273,71.5,91.2,160,178,0,19.7
PROG-002274,MPLADS-002274,81.8,145.9,180,178,0,64.1
PROG-002275,MPLADS-002275,95.9,90.1,150,172,0,-5.8
PROG-002276,MPLADS-002276,97.7,87.9,150,154,0,-9.8
PROG-002277,MPLADS-002277,85.2,141.9,120,109,0,56.7
PROG-002278,MPLADS-002278,87.3,87.1,60,67,0,-0.2
PROG-002279,MPLADS-002279,86.3,89.2,90,95,0,2.9
PROG-002280,MPLADS-002280,85.3,97.6,90,106,0,12.3
PROG-002281,MPLADS-002281,15.1,85.3,210,239,0,70.2
PROG-002282,MPLADS-002282,90.1,97.3,400,424,0,7.2
PROG-002283,MPLADS-002283,99.5,91.4,160,166,0,-8.1
PROG-002284,MPLADS-002284,91.6,87.4,150,179,0,-4.2
PROG-002285,MPLADS-002285,80.5,92.3,210,239,0,11.8
PROG-002286,MPLADS-002286,91.7,136.5,150,180,0,44.8
PROG-002287,MPLADS-002287,93.4,90.0,210,195,0,-3.4
PROG-002288,MPLADS-002288,98.8,93.7,150,162,0,-5.1
PROG-002289,MPLADS-002289,73.3,85.6,60,83,0,12.3
PROG-002290,MPLADS-002290,33.7,93.9,150,176,0,60.2
PROG-002291,MPLADS-002291,90.9,96.7,180,210,0,5.8
PROG-002292,MPLADS-002292,88.5,86.9,90,98,0,-1.6
PROG-002293,MPLADS-002293,83.8,86.5,120,143,0,2.7
PROG-002294,MPLADS-002294,94.4,85.9,90,93,0,-8.5
PROG-002295,MPLADS-002295,98.2,96.2,210,238,0,-2.0
PROG-002296,MPLADS-002296,87.1,97.3,60,75,0,10.2
PROG-002297,MPLADS-002297,86.2,95.2,120,108,0,9.0
PROG-002298,MPLADS-002298,96.2,96.0,90,87,0,-0.2
PROG-002299,MPLADS-002299,72.1,97.2,150,153,0,25.1
PROG-002300,MPLADS-002300,91.4,88.4,60,90,0,-3.0
PROG-002301,MPLADS-002301,92.5,86.8,90,97,0,-5.7
PROG-002302,MPLADS-002302,81.2,92.5,60,94,0,11.3
PROG-002303,MPLADS-002303,80.7,97.5,150,139,0,16.8
PROG-002304,MPLADS-002304,82.5,85.5,150,179,0,3.0
PROG-002305,MPLADS-002305,88.9,86.8,400,432,0,-2.1
PROG-002306,MPLADS-002306,30.7,91.9,210,198,0,61.2
PROG-002307,MPLADS-002307,84.4,95.2,160,161,0,10.8
PROG-002308,MPLADS-002308,78.2,88.1,150,150,0,9.9
PROG-002309,MPLADS-002309,76.3,126.9,160,184,0,50.6
PROG-002310,MPLADS-002310,76.4,93.8,180,203,0,17.4
PROG-002311,MPLADS-002311,78.5,95.6,120,141,0,17.1
PROG-002312,MPLADS-002312,88.1,87.2,160,146,0,-0.9
PROG-002313,MPLADS-002313,76.0,95.3,160,175,0,19.3
PROG-002314,MPLADS-002314,32.1,94.3,400,409,0,62.2
PROG-002315,MPLADS-002315,72.8,95.2,90,81,0,22.4
PROG-002316,MPLADS-002316,87.5,97.5,90,104,0,10.0
PROG-002317,MPLADS-002317,77.7,93.2,210,233,0,15.5
PROG-002318,MPLADS-002318,97.9,90.0,160,193,0,-7.9
PROG-002319,MPLADS-002319,72.2,156.2,90,108,0,84.0
PROG-002320,MPLADS-002320,86.9,91.3,90,86,0,4.4
PROG-002321,MPLADS-002321,48.4,86.3,180,720,2,37.9
PROG-002322,MPLADS-002322,85.2,92.6,150,182,0,7.4
PROG-002323,MPLADS-002323,70.7,92.3,400,403,0,21.6
PROG-002324,MPLADS-002324,73.0,90.6,60,50,0,17.6
PROG-002325,MPLADS-002325,76.2,97.7,150,142,0,21.5
PROG-002326,MPLADS-002326,78.1,87.3,60,58,0,9.2
PROG-002327,MPLADS-002327,97.2,89.7,120,149,0,-7.5
PROG-002328,MPLADS-002328,89.8,96.5,60,92,0,6.7
PROG-002329,MPLADS-002329,26.8,95.4,160,153,0,68.6
PROG-002330,MPLADS-002330,86.3,92.8,400,422,0,6.5
PROG-002331,MPLADS-002331,76.0,94.9,150,142,0,18.9
PROG-002332,MPLADS-002332,82.9,87.0,90,87,0,4.1
PROG-002333,MPLADS-002333,88.5,95.8,400,418,0,7.3
PROG-002334,MPLADS-002334,27.7,94.6,160,185,0,66.9
PROG-002335,MPLADS-002335,84.6,87.3,150,175,0,2.7
PROG-002336,MPLADS-002336,90.2,97.5,150,184,0,7.3
PROG-002337,MPLADS-002337,98.3,93.2,90,111,0,-5.1
PROG-002338,MPLADS-002338,84.0,90.7,150,182,0,6.7
PROG-002339,MPLADS-002339,84.0,85.2,90,124,0,1.2
PROG-002340,MPLADS-002340,93.1,86.9,210,221,0,-6.2
PROG-002341,MPLADS-002341,77.9,89.7,180,211,0,11.8
PROG-002342,MPLADS-002342,79.3,92.2,210,230,0,12.9
PROG-002343,MPLADS-002343,85.0,90.3,160,183,0,5.3
PROG-002344,MPLADS-002344,98.1,87.5,90,79,0,-10.6
PROG-002345,MPLADS-002345,73.9,87.9,150,139,0,14.0
PROG-002346,MPLADS-002346,84.9,92.5,90,86,0,7.6
PROG-002347,MPLADS-002347,86.0,97.6,150,149,0,11.6
PROG-002348,MPLADS-002348,97.0,86.0,160,177,0,-11.0
PROG-002349,MPLADS-002349,93.8,97.0,400,415,0,3.2
PROG-002350,MPLADS-002350,88.0,92.2,120,124,0,4.2
PROG-002351,MPLADS-002351,78.0,94.5,180,171,0,16.5
PROG-002352,MPLADS-002352,96.6,87.4,120,120,0,-9.2
PROG-002353,MPLADS-002353,72.4,90.8,210,237,0,18.4
PROG-002354,MPLADS-002354,83.6,88.2,160,158,0,4.6
PROG-002355,MPLADS-002355,96.0,86.6,60,49,0,-9.4
PROG-002356,MPLADS-002356,80.9,92.8,160,173,0,11.9
PROG-002357,MPLADS-002357,95.4,88.8,120,106,0,-6.6
PROG-002358,MPLADS-002358,88.1,91.7,180,169,0,3.6
PROG-002359,MPLADS-002359,90.8,91.1,120,112,0,0.3
PROG-002360,MPLADS-002360,99.2,85.2,180,206,0,-14.0
PROG-002361,MPLADS-002361,95.1,95.9,60,54,0,0.8
PROG-002362,MPLADS-002362,98.6,93.0,400,401,0,-5.6
PROG-002363,MPLADS-002363,74.3,87.8,150,173,0,13.5
PROG-002364,MPLADS-002364,31.0,96.4,400,388,0,65.4
PROG-002365,MPLADS-002365,76.8,86.7,60,83,0,9.9
PROG-002366,MPLADS-002366,78.3,94.8,60,63,0,16.5
PROG-002367,MPLADS-002367,70.7,86.1,400,429,0,15.4
PROG-002368,MPLADS-002368,94.2,90.8,210,203,0,-3.4
PROG-002369,MPLADS-002369,94.9,87.3,120,107,0,-7.6
PROG-002370,MPLADS-002370,77.5,95.3,180,175,0,17.8
PROG-002371,MPLADS-002371,98.4,98.0,160,158,0,-0.4
PROG-002372,MPLADS-002372,31.5,94.0,210,219,0,62.5
PROG-002373,MPLADS-002373,87.5,95.2,150,144,0,7.7
PROG-002374,MPLADS-002374,80.1,89.4,160,182,0,9.3
PROG-002375,MPLADS-002375,70.1,97.5,90,104,0,27.4
PROG-002376,MPLADS-002376,93.0,96.6,210,215,0,3.6
PROG-002377,MPLADS-002377,73.1,90.8,60,54,0,17.7
PROG-002378,MPLADS-002378,78.6,87.4,150,141,0,8.8
PROG-002379,MPLADS-002379,82.3,92.2,150,172,0,9.9
PROG-002380,MPLADS-002380,89.4,87.5,210,202,0,-1.9
PROG-002381,MPLADS-002381,82.5,87.0,60,57,0,4.5
PROG-002382,MPLADS-002382,95.2,91.0,90,117,0,-4.2
PROG-002383,MPLADS-002383,94.5,92.7,210,215,0,-1.8
PROG-002384,MPLADS-002384,85.0,92.8,180,190,0,7.8
PROG-002385,MPLADS-002385,77.2,93.5,160,157,0,16.3
PROG-002386,MPLADS-002386,98.8,90.3,90,117,0,-8.5
PROG-002387,MPLADS-002387,95.5,89.5,60,88,0,-6.0
PROG-002388,MPLADS-002388,73.8,93.1,90,113,0,19.3
PROG-002389,MPLADS-002389,82.2,90.5,180,197,0,8.3
PROG-002390,MPLADS-002390,91.9,96.2,180,196,0,4.3
PROG-002391,MPLADS-002391,90.6,90.7,400,417,0,0.1
PROG-002392,MPLADS-002392,83.3,90.0,90,80,0,6.7
PROG-002393,MPLADS-002393,98.6,92.8,90,110,0,-5.8
PROG-002394,MPLADS-002394,0.0,100.0,120,117,0,100.0
PROG-002395,MPLADS-002395,95.8,94.9,210,239,0,-0.9
PROG-002396,MPLADS-002396,86.0,90.6,180,170,0,4.6
PROG-002397,MPLADS-002397,69.2,97.0,180,540,2,27.8
PROG-002398,MPLADS-002398,79.5,85.1,180,187,0,5.6
PROG-002399,MPLADS-002399,73.8,93.8,120,108,0,20.0
PROG-002400,MPLADS-002400,72.1,92.8,120,142,0,20.7
PROG-002401,MPLADS-002401,84.6,90.6,120,125,0,6.0
PROG-002402,MPLADS-002402,96.4,91.8,210,225,0,-4.6
PROG-002403,MPLADS-002403,91.6,95.9,160,145,0,4.3
PROG-002404,MPLADS-002404,82.5,88.2,60,72,0,5.7
PROG-002405,MPLADS-002405,81.6,87.2,210,215,0,5.6
PROG-002406,MPLADS-002406,96.7,87.3,90,103,0,-9.4
PROG-002407,MPLADS-002407,77.9,85.9,90,105,0,8.0
PROG-002408,MPLADS-002408,90.2,94.4,120,112,0,4.2
PROG-002409,MPLADS-002409,78.1,92.2,150,175,0,14.1
PROG-002410,MPLADS-002410,89.3,86.5,120,114,0,-2.8
PROG-002411,MPLADS-002411,92.4,93.0,400,411,0,0.6
PROG-002412,MPLADS-002412,89.8,97.7,180,207,0,7.9
PROG-002413,MPLADS-002413,87.6,94.8,150,135,0,7.2
PROG-002414,MPLADS-002414,78.8,87.9,60,80,0,9.1
PROG-002415,MPLADS-002415,80.0,85.5,400,414,0,5.5
PROG-002416,MPLADS-002416,97.4,96.4,400,404,0,-1.0
PROG-002417,MPLADS-002417,34.8,85.7,400,393,0,50.9
PROG-002418,MPLADS-002418,80.7,97.5,60,84,0,16.8
PROG-002419,MPLADS-002419,95.8,94.6,90,122,0,-1.2
PROG-002420,MPLADS-002420,93.8,90.7,160,149,0,-3.1
PROG-002421,MPLADS-002421,94.1,95.8,120,121,0,1.7
PROG-002422,MPLADS-002422,91.2,95.3,150,148,0,4.1
PROG-002423,MPLADS-002423,95.1,85.9,90,101,0,-9.2
PROG-002424,MPLADS-002424,93.2,86.3,150,165,0,-6.9
PROG-002425,MPLADS-002425,91.6,97.5,400,432,0,5.9
PROG-002426,MPLADS-002426,90.2,85.1,90,90,0,-5.1
PROG-002427,MPLADS-002427,68.2,87.9,180,720,3,19.7
PROG-002428,MPLADS-002428,53.5,94.7,60,240,2,41.2
PROG-002429,MPLADS-002429,84.6,85.3,180,179,0,0.7
PROG-002430,MPLADS-002430,77.9,94.9,160,186,0,17.0
PROG-002431,MPLADS-002431,93.4,93.0,210,224,0,-0.4
PROG-002432,MPLADS-002432,85.6,91.2,150,157,0,5.6
PROG-002433,MPLADS-002433,43.4,88.9,160,640,4,45.5
PROG-002434,MPLADS-002434,77.8,85.6,400,397,0,7.8
PROG-002435,MPLADS-002435,26.6,89.2,400,419,0,62.6
PROG-002436,MPLADS-002436,75.8,86.1,150,158,0,10.3
PROG-002437,MPLADS-002437,83.2,93.7,160,158,0,10.5
PROG-002438,MPLADS-002438,88.3,85.6,60,81,0,-2.7
PROG-002439,MPLADS-002439,96.9,93.6,90,119,0,-3.3
PROG-002440,MPLADS-002440,85.8,95.8,210,235,0,10.0
PROG-002441,MPLADS-002441,87.9,87.3,150,172,0,-0.6
PROG-002442,MPLADS-002442,97.3,96.2,120,137,0,-1.1
PROG-002443,MPLADS-002443,81.4,97.1,90,77,0,15.7
PROG-002444,MPLADS-002444,87.0,87.8,90,82,0,0.8
PROG-002445,MPLADS-002445,87.7,91.7,400,422,0,4.0
PROG-002446,MPLADS-002446,81.7,88.4,60,94,0,6.7
PROG-002447,MPLADS-002447,71.6,90.5,120,150,0,18.9
PROG-002448,MPLADS-002448,70.4,95.4,160,180,0,25.0
PROG-002449,MPLADS-002449,91.4,95.6,150,159,0,4.2
PROG-002450,MPLADS-002450,85.9,86.4,160,185,0,0.5
PROG-002451,MPLADS-002451,88.1,94.9,90,81,0,6.8
PROG-002452,MPLADS-002452,92.1,97.0,210,229,0,4.9
PROG-002453,MPLADS-002453,89.5,90.7,160,160,0,1.2
PROG-002454,MPLADS-002454,95.3,86.9,180,200,0,-8.4
PROG-002455,MPLADS-002455,86.0,92.3,150,142,0,6.3
PROG-002456,MPLADS-002456,70.6,97.7,60,84,0,27.1
PROG-002457,MPLADS-002457,94.7,89.2,210,240,0,-5.5
PROG-002458,MPLADS-002458,80.1,96.5,180,214,0,16.4
PROG-002459,MPLADS-002459,80.4,85.7,180,178,0,5.3
PROG-002460,MPLADS-002460,71.4,88.9,90,124,0,17.5
PROG-002461,MPLADS-002461,78.1,86.7,60,57,0,8.6
PROG-002462,MPLADS-002462,89.8,94.5,180,198,0,4.7
PROG-002463,MPLADS-002463,83.8,85.6,160,161,0,1.8
PROG-002464,MPLADS-002464,98.1,90.2,150,137,0,-7.9
PROG-002465,MPLADS-002465,76.9,87.2,210,216,0,10.3
PROG-002466,MPLADS-002466,97.2,92.8,210,235,0,-4.4
PROG-002467,MPLADS-002467,82.0,89.3,120,130,0,7.3
PROG-002468,MPLADS-002468,98.9,91.5,90,77,0,-7.4
PROG-002469,MPLADS-002469,82.5,90.8,60,77,0,8.3
PROG-002470,MPLADS-002470,88.2,88.3,210,217,0,0.1
PROG-002471,MPLADS-002471,61.8,92.3,120,480,4,30.5
PROG-002472,MPLADS-002472,89.8,90.4,120,129,0,0.6
PROG-002473,MPLADS-002473,92.8,90.8,210,217,0,-2.0
PROG-002474,MPLADS-002474,86.2,89.7,180,201,0,3.5
PROG-002475,MPLADS-002475,98.8,91.1,210,223,0,-7.7
PROG-002476,MPLADS-002476,73.8,87.3,180,182,0,13.5
PROG-002477,MPLADS-002477,93.1,90.6,150,146,0,-2.5
PROG-002478,MPLADS-002478,80.1,89.2,150,150,0,9.1
PROG-002479,MPLADS-002479,76.6,92.1,120,117,0,15.5
PROG-002480,MPLADS-002480,76.4,91.9,400,408,0,15.5
PROG-002481,MPLADS-002481,71.1,91.3,120,107,0,20.2
PROG-002482,MPLADS-002482,76.4,91.3,210,205,0,14.9
PROG-002483,MPLADS-002483,91.5,95.5,400,390,0,4.0
PROG-002484,MPLADS-002484,95.4,96.1,400,426,0,0.7
PROG-002485,MPLADS-002485,71.1,88.5,160,151,0,17.4
PROG-002486,MPLADS-002486,87.6,90.5,210,210,0,2.9
PROG-002487,MPLADS-002487,94.9,90.9,210,220,0,-4.0
PROG-002488,MPLADS-002488,93.1,88.8,160,158,0,-4.3
PROG-002489,MPLADS-002489,78.9,96.9,180,170,0,18.0
PROG-002490,MPLADS-002490,76.1,90.8,210,231,0,14.7
PROG-002491,MPLADS-002491,76.6,95.7,60,65,0,19.1
PROG-002492,MPLADS-002492,80.1,97.6,180,208,0,17.5
PROG-002493,MPLADS-002493,77.1,88.2,210,195,0,11.1
PROG-002494,MPLADS-002494,87.0,94.5,160,145,0,7.5
PROG-002495,MPLADS-002495,46.9,92.5,210,840,3,45.6
PROG-002496,MPLADS-002496,93.3,90.0,400,432,0,-3.3
PROG-002497,MPLADS-002497,10.2,44.4,60,88,0,34.2
PROG-002498,MPLADS-002498,76.7,86.2,60,82,0,9.5
PROG-002499,MPLADS-002499,93.4,91.3,180,208,0,-2.1
PROG-002500,MPLADS-002500,91.8,93.0,210,209,0,1.2
PROG-002501,MPLADS-002501,97.4,90.4,160,182,0,-7.0
PROG-002502,MPLADS-002502,88.4,95.2,180,210,0,6.8
PROG-002503,MPLADS-002503,75.5,86.9,120,148,0,11.4
PROG-002504,MPLADS-002504,90.2,85.4,400,428,0,-4.8
PROG-002505,MPLADS-002505,78.5,86.0,60,62,0,7.5
PROG-002506,MPLADS-002506,87.1,95.2,160,164,0,8.1
PROG-002507,MPLADS-002507,71.2,89.4,160,176,0,18.2
PROG-002508,MPLADS-002508,93.0,92.9,90,79,0,-0.1
PROG-002509,MPLADS-002509,99.2,97.0,160,193,0,-2.2
PROG-002510,MPLADS-002510,90.3,87.6,210,217,0,-2.7
PROG-002511,MPLADS-002511,95.9,85.2,210,230,0,-10.7
PROG-002512,MPLADS-002512,83.6,91.1,60,79,0,7.5
PROG-002513,MPLADS-002513,73.8,95.8,60,68,0,22.0
PROG-002514,MPLADS-002514,90.4,97.1,60,62,0,6.7
PROG-002515,MPLADS-002515,79.1,97.0,120,123,0,17.9
PROG-002516,MPLADS-002516,86.8,95.4,180,175,0,8.6
PROG-002517,MPLADS-002517,90.0,97.1,400,397,0,7.1
PROG-002518,MPLADS-002518,21.0,50.4,90,77,0,29.4
PROG-002519,MPLADS-002519,97.2,94.8,150,156,0,-2.4
PROG-002520,MPLADS-002520,78.6,90.0,60,45,0,11.4
PROG-002521,MPLADS-002521,89.4,157.7,160,163,0,68.3
PROG-002522,MPLADS-002522,71.1,93.1,400,398,0,22.0
PROG-002523,MPLADS-002523,89.5,88.8,210,204,0,-0.7
PROG-002524,MPLADS-002524,76.8,95.1,160,171,0,18.3
PROG-002525,MPLADS-002525,74.9,94.3,150,167,0,19.4
PROG-002526,MPLADS-002526,73.6,86.9,150,162,0,13.3
PROG-002527,MPLADS-002527,75.0,97.1,60,74,0,22.1
PROG-002528,MPLADS-002528,82.8,85.1,210,241,0,2.3
PROG-002529,MPLADS-002529,74.7,87.0,90,120,0,12.3
PROG-002530,MPLADS-002530,85.1,88.2,150,178,0,3.1
PROG-002531,MPLADS-002531,79.6,150.2,160,194,0,70.6
PROG-002532,MPLADS-002532,92.3,90.3,180,192,0,-2.0
PROG-002533,MPLADS-002533,78.9,90.8,120,128,0,11.9
PROG-002534,MPLADS-002534,87.0,94.6,160,179,0,7.6
PROG-002535,MPLADS-002535,90.3,97.3,150,165,0,7.0
PROG-002536,MPLADS-002536,74.2,89.2,400,414,0,15.0
PROG-002537,MPLADS-002537,87.4,89.1,400,390,0,1.7
PROG-002538,MPLADS-002538,83.1,96.8,180,188,0,13.7
PROG-002539,MPLADS-002539,82.4,89.3,180,165,0,6.9
PROG-002540,MPLADS-002540,71.3,95.4,90,104,0,24.1
PROG-002541,MPLADS-002541,71.3,89.6,210,225,0,18.3
PROG-002542,MPLADS-002542,87.1,85.8,400,397,0,-1.3
PROG-002543,MPLADS-002543,90.2,87.5,180,210,0,-2.7
PROG-002544,MPLADS-002544,97.3,86.7,60,88,0,-10.6
PROG-002545,MPLADS-002545,71.5,92.5,210,229,0,21.0
PROG-002546,MPLADS-002546,94.2,95.2,90,83,0,1.0
PROG-002547,MPLADS-002547,91.2,97.5,210,219,0,6.3
PROG-002548,MPLADS-002548,92.8,88.6,150,172,0,-4.2
PROG-002549,MPLADS-002549,78.3,91.5,160,160,0,13.2
PROG-002550,MPLADS-002550,75.7,96.6,150,135,0,20.9
PROG-002551,MPLADS-002551,86.0,92.7,210,196,0,6.7
PROG-002552,MPLADS-002552,27.2,93.5,120,131,0,66.3
PROG-002553,MPLADS-002553,74.5,85.7,210,220,0,11.2
PROG-002554,MPLADS-002554,94.8,97.7,150,151,0,2.9
PROG-002555,MPLADS-002555,96.4,92.6,150,177,0,-3.8
PROG-002556,MPLADS-002556,16.0,63.7,400,411,0,47.7
PROG-002557,MPLADS-002557,84.8,87.1,120,140,0,2.3
PROG-002558,MPLADS-002558,82.1,88.0,180,165,0,5.9
PROG-002559,MPLADS-002559,19.9,86.9,90,122,0,67.0
PROG-002560,MPLADS-002560,96.8,87.3,180,207,0,-9.5
PROG-002561,MPLADS-002561,0.0,100.0,210,212,0,100.0
PROG-002562,MPLADS-002562,74.4,89.2,400,423,0,14.8
PROG-002563,MPLADS-002563,78.3,91.9,60,64,0,13.6
PROG-002564,MPLADS-002564,74.0,98.0,400,407,0,24.0
PROG-002565,MPLADS-002565,80.7,92.6,400,399,0,11.9
PROG-002566,MPLADS-002566,21.9,86.2,160,167,0,64.3
PROG-002567,MPLADS-002567,94.2,89.3,120,152,0,-4.9
PROG-002568,MPLADS-002568,93.5,90.9,400,394,0,-2.6
PROG-002569,MPLADS-002569,72.9,85.8,60,87,0,12.9
PROG-002570,MPLADS-002570,27.1,94.3,90,106,0,67.2
PROG-002571,MPLADS-002571,73.8,88.3,210,196,0,14.5
PROG-002572,MPLADS-002572,28.5,93.1,60,81,0,64.6
PROG-002573,MPLADS-002573,78.9,85.3,150,162,0,6.4
PROG-002574,MPLADS-002574,86.8,94.1,120,112,0,7.3
PROG-002575,MPLADS-002575,73.0,86.2,120,137,0,13.2
PROG-002576,MPLADS-002576,54.0,95.1,120,360,3,41.1
PROG-002577,MPLADS-002577,94.2,87.7,400,388,0,-6.5
PROG-002578,MPLADS-002578,80.5,93.3,180,187,0,12.8
PROG-002579,MPLADS-002579,75.2,93.8,160,171,0,18.6
PROG-002580,MPLADS-002580,16.0,59.1,150,160,0,43.1
PROG-002581,MPLADS-002581,79.4,90.3,150,139,0,10.9
PROG-002582,MPLADS-002582,77.8,92.7,210,205,0,14.9
PROG-002583,MPLADS-002583,73.8,90.2,400,418,0,16.4
PROG-002584,MPLADS-002584,84.1,85.4,400,412,0,1.3
PROG-002585,MPLADS-002585,81.7,87.5,210,243,0,5.8
PROG-002586,MPLADS-002586,79.5,148.6,90,119,0,69.1
PROG-002587,MPLADS-002587,75.7,97.1,400,386,0,21.4
PROG-002588,MPLADS-002588,92.8,87.2,60,48,0,-5.6
PROG-002589,MPLADS-002589,72.5,90.3,210,203,0,17.8
PROG-002590,MPLADS-002590,86.3,87.1,60,88,0,0.8
PROG-002591,MPLADS-002591,91.5,86.3,400,405,0,-5.2
PROG-002592,MPLADS-002592,75.5,90.7,60,58,0,15.2
PROG-002593,MPLADS-002593,92.4,88.7,150,149,0,-3.7
PROG-002594,MPLADS-002594,99.4,96.6,210,218,0,-2.8
PROG-002595,MPLADS-002595,87.9,89.8,90,85,0,1.9
PROG-002596,MPLADS-002596,83.9,94.4,160,161,0,10.5
PROG-002597,MPLADS-002597,77.3,94.1,90,90,0,16.8
PROG-002598,MPLADS-002598,97.3,96.4,210,209,0,-0.9
PROG-002599,MPLADS-002599,77.3,93.8,180,173,0,16.5
PROG-002600,MPLADS-002600,79.9,94.5,400,403,0,14.6
PROG-002601,MPLADS-002601,92.1,89.8,210,217,0,-2.3
PROG-002602,MPLADS-002602,85.0,97.6,90,90,0,12.6
PROG-002603,MPLADS-002603,72.1,92.3,180,199,0,20.2
PROG-002604,MPLADS-002604,76.4,96.2,400,416,0,19.8
PROG-002605,MPLADS-002605,94.3,94.2,210,213,0,-0.1
PROG-002606,MPLADS-002606,87.5,89.4,90,104,0,1.9
PROG-002607,MPLADS-002607,88.4,93.7,150,136,0,5.3
PROG-002608,MPLADS-002608,85.0,91.3,150,136,0,6.3
PROG-002609,MPLADS-002609,79.5,90.9,400,401,0,11.4
PROG-002610,MPLADS-002610,88.3,89.9,90,116,0,1.6
PROG-002611,MPLADS-002611,77.4,96.6,90,86,0,19.2
PROG-002612,MPLADS-002612,91.2,97.6,210,231,0,6.4
PROG-002613,MPLADS-002613,85.7,87.9,160,156,0,2.2
PROG-002614,MPLADS-002614,93.3,86.3,150,182,0,-7.0
PROG-002615,MPLADS-002615,96.6,91.0,60,76,0,-5.6
PROG-002616,MPLADS-002616,91.9,86.7,90,105,0,-5.2
PROG-002617,MPLADS-002617,75.9,92.3,150,136,0,16.4
PROG-002618,MPLADS-002618,89.1,94.3,210,217,0,5.2
PROG-002619,MPLADS-002619,88.0,91.3,120,139,0,3.3
PROG-002620,MPLADS-002620,94.6,88.7,160,188,0,-5.9
PROG-002621,MPLADS-002621,89.8,89.9,150,177,0,0.1
PROG-002622,MPLADS-002622,30.4,89.6,90,92,0,59.2
PROG-002623,MPLADS-002623,72.7,97.8,150,176,0,25.1
PROG-002624,MPLADS-002624,96.5,89.5,210,214,0,-7.0
PROG-002625,MPLADS-002625,99.1,95.4,90,79,0,-3.7
PROG-002626,MPLADS-002626,12.3,54.8,400,400,0,42.5
PROG-002627,MPLADS-002627,91.3,94.9,120,141,0,3.6
PROG-002628,MPLADS-002628,82.1,85.6,120,139,0,3.5
PROG-002629,MPLADS-002629,78.5,88.8,210,243,0,10.3
PROG-002630,MPLADS-002630,90.2,85.0,210,211,0,-5.2
PROG-002631,MPLADS-002631,88.2,97.3,400,411,0,9.1
PROG-002632,MPLADS-002632,22.4,62.7,90,90,0,40.3
PROG-002633,MPLADS-002633,16.2,44.9,210,228,0,28.7
PROG-002634,MPLADS-002634,89.3,85.5,400,385,0,-3.8
PROG-002635,MPLADS-002635,76.7,88.8,150,150,0,12.1
PROG-002636,MPLADS-002636,84.2,92.6,180,184,0,8.4
PROG-002637,MPLADS-002637,83.4,94.4,150,163,0,11.0
PROG-002638,MPLADS-002638,74.2,87.3,150,167,0,13.1
PROG-002639,MPLADS-002639,78.0,88.1,90,108,0,10.1
PROG-002640,MPLADS-002640,97.7,93.7,90,101,0,-4.0
PROG-002641,MPLADS-002641,93.3,87.0,60,75,0,-6.3
PROG-002642,MPLADS-002642,93.7,92.0,60,87,0,-1.7
PROG-002643,MPLADS-002643,27.4,96.0,60,58,0,68.6
PROG-002644,MPLADS-002644,82.5,93.0,150,172,0,10.5
PROG-002645,MPLADS-002645,73.7,91.5,160,152,0,17.8
PROG-002646,MPLADS-002646,94.3,97.4,60,48,0,3.1
PROG-002647,MPLADS-002647,70.8,86.1,60,62,0,15.3
PROG-002648,MPLADS-002648,92.4,93.7,180,183,0,1.3
PROG-002649,MPLADS-002649,88.1,95.3,210,223,0,7.2
PROG-002650,MPLADS-002650,90.1,91.4,400,412,0,1.3
PROG-002651,MPLADS-002651,95.3,157.0,90,102,0,61.7
PROG-002652,MPLADS-002652,31.4,98.0,120,135,0,66.6
PROG-002653,MPLADS-002653,79.8,87.3,400,411,0,7.5
PROG-002654,MPLADS-002654,76.8,96.9,210,237,0,20.1
PROG-002655,MPLADS-002655,79.2,87.0,120,114,0,7.8
PROG-002656,MPLADS-002656,86.7,94.5,150,149,0,7.8
PROG-002657,MPLADS-002657,93.4,91.1,160,193,0,-2.3
PROG-002658,MPLADS-002658,71.9,87.4,120,121,0,15.5
PROG-002659,MPLADS-002659,87.4,88.1,60,46,0,0.7
PROG-002660,MPLADS-002660,96.1,85.0,60,73,0,-11.1
PROG-002661,MPLADS-002661,81.1,93.0,160,172,0,11.9
PROG-002662,MPLADS-002662,24.2,40.1,180,211,0,15.9
PROG-002663,MPLADS-002663,71.1,85.6,120,143,0,14.5
PROG-002664,MPLADS-002664,98.4,89.8,60,50,0,-8.6
PROG-002665,MPLADS-002665,0.0,100.0,180,209,0,100.0
PROG-002666,MPLADS-002666,85.7,88.9,150,169,0,3.2
PROG-002667,MPLADS-002667,92.7,95.0,150,161,0,2.3
PROG-002668,MPLADS-002668,19.1,51.3,120,110,0,32.2
PROG-002669,MPLADS-002669,85.1,91.2,120,127,0,6.1
PROG-002670,MPLADS-002670,89.9,86.1,160,180,0,-3.8
PROG-002671,MPLADS-002671,95.3,95.4,150,180,0,0.1
PROG-002672,MPLADS-002672,82.5,96.3,160,165,0,13.8
PROG-002673,MPLADS-002673,70.4,85.9,400,430,0,15.5
PROG-002674,MPLADS-002674,72.1,88.0,160,191,0,15.9
PROG-002675,MPLADS-002675,93.0,93.3,180,177,0,0.3
PROG-002676,MPLADS-002676,87.6,86.5,120,106,0,-1.1
PROG-002677,MPLADS-002677,87.0,92.1,400,412,0,5.1
PROG-002678,MPLADS-002678,89.9,97.0,90,124,0,7.1
PROG-002679,MPLADS-002679,91.5,93.5,400,389,0,2.0
PROG-002680,MPLADS-002680,20.4,55.1,60,88,0,34.7
PROG-002681,MPLADS-002681,94.7,95.0,150,136,0,0.3
PROG-002682,MPLADS-002682,74.6,85.3,160,194,0,10.7
PROG-002683,MPLADS-002683,75.8,85.7,160,189,0,9.9
PROG-002684,MPLADS-002684,96.2,87.4,180,209,0,-8.8
PROG-002685,MPLADS-002685,81.3,85.2,120,141,0,3.9
PROG-002686,MPLADS-002686,83.5,88.1,120,151,0,4.6
PROG-002687,MPLADS-002687,19.2,85.8,150,168,0,66.6
PROG-002688,MPLADS-002688,91.0,90.0,210,206,0,-1.0
PROG-002689,MPLADS-002689,83.1,92.0,90,106,0,8.9
PROG-002690,MPLADS-002690,87.8,95.2,120,143,0,7.4
PROG-002691,MPLADS-002691,27.6,98.5,160,185,0,70.9
PROG-002692,MPLADS-002692,79.9,88.5,160,160,0,8.6
PROG-002693,MPLADS-002693,93.5,95.0,60,63,0,1.5
PROG-002694,MPLADS-002694,86.1,95.8,160,171,0,9.7
PROG-002695,MPLADS-002695,98.7,94.6,90,114,0,-4.1
PROG-002696,MPLADS-002696,65.6,85.8,60,180,3,20.2
PROG-002697,MPLADS-002697,96.1,85.3,120,114,0,-10.8
PROG-002698,MPLADS-002698,79.2,93.7,180,200,0,14.5
PROG-002699,MPLADS-002699,96.4,87.5,180,197,0,-8.9
PROG-002700,MPLADS-002700,75.9,92.9,150,143,0,17.0
PROG-002701,MPLADS-002701,76.1,95.2,160,183,0,19.1
PROG-002702,MPLADS-002702,97.2,90.3,90,97,0,-6.9
PROG-002703,MPLADS-002703,95.8,90.9,150,163,0,-4.9
PROG-002704,MPLADS-002704,73.6,97.3,210,215,0,23.7
PROG-002705,MPLADS-002705,71.8,88.2,60,62,0,16.4
PROG-002706,MPLADS-002706,71.7,93.2,180,171,0,21.5
PROG-002707,MPLADS-002707,87.9,96.9,210,240,0,9.0
PROG-002708,MPLADS-002708,82.5,88.3,60,58,0,5.8
PROG-002709,MPLADS-002709,23.6,88.2,120,152,0,64.6
PROG-002710,MPLADS-002710,43.8,97.6,400,1600,2,53.8
PROG-002711,MPLADS-002711,34.8,86.7,90,124,0,51.9
PROG-002712,MPLADS-002712,99.0,97.9,210,228,0,-1.1
PROG-002713,MPLADS-002713,97.7,87.9,150,161,0,-9.8
PROG-002714,MPLADS-002714,42.0,94.8,150,600,2,52.8
PROG-002715,MPLADS-002715,89.9,85.3,210,235,0,-4.6
PROG-002716,MPLADS-002716,76.8,91.3,150,156,0,14.5
PROG-002717,MPLADS-002717,99.3,135.2,160,145,0,35.9
PROG-002718,MPLADS-002718,77.4,85.4,210,240,0,8.0
PROG-002719,MPLADS-002719,70.8,98.0,210,243,0,27.2
PROG-002720,MPLADS-002720,85.2,92.9,160,180,0,7.7
PROG-002721,MPLADS-002721,77.1,95.2,160,173,0,18.1
PROG-002722,MPLADS-002722,87.5,95.6,90,121,0,8.1
PROG-002723,MPLADS-002723,92.6,93.9,150,135,0,1.3
PROG-002724,MPLADS-002724,96.8,87.0,120,139,0,-9.8
PROG-002725,MPLADS-002725,80.9,92.5,160,146,0,11.6
PROG-002726,MPLADS-002726,86.9,88.2,90,110,0,1.3
PROG-002727,MPLADS-002727,90.5,94.1,400,417,0,3.6
PROG-002728,MPLADS-002728,83.1,96.9,160,184,0,13.8
PROG-002729,MPLADS-002729,85.7,85.5,120,113,0,-0.2
PROG-002730,MPLADS-002730,96.1,94.7,400,420,0,-1.4
PROG-002731,MPLADS-002731,25.1,98.2,150,161,0,73.1
PROG-002732,MPLADS-002732,86.3,94.6,180,212,0,8.3
PROG-002733,MPLADS-002733,75.7,95.5,210,199,0,19.8
PROG-002734,MPLADS-002734,98.7,86.4,400,411,0,-12.3
PROG-002735,MPLADS-002735,94.1,88.5,400,411,0,-5.6
PROG-002736,MPLADS-002736,88.2,87.3,120,121,0,-0.9
PROG-002737,MPLADS-002737,85.6,87.7,400,421,0,2.1
PROG-002738,MPLADS-002738,92.3,96.1,160,155,0,3.8
PROG-002739,MPLADS-002739,14.0,42.6,400,411,0,28.6
PROG-002740,MPLADS-002740,80.7,90.3,400,385,0,9.6
PROG-002741,MPLADS-002741,15.6,46.5,160,174,0,30.9
PROG-002742,MPLADS-002742,97.0,90.6,120,120,0,-6.4
PROG-002743,MPLADS-002743,76.0,125.8,120,126,0,49.8
PROG-002744,MPLADS-002744,92.2,88.0,120,126,0,-4.2
PROG-002745,MPLADS-002745,76.3,94.0,400,391,0,17.7
PROG-002746,MPLADS-002746,88.3,93.2,120,117,0,4.9
PROG-002747,MPLADS-002747,13.3,51.7,90,105,0,38.4
PROG-002748,MPLADS-002748,73.7,85.5,150,181,0,11.8
PROG-002749,MPLADS-002749,89.8,95.9,60,45,0,6.1
PROG-002750,MPLADS-002750,76.7,97.7,180,176,0,21.0
PROG-002751,MPLADS-002751,96.7,90.2,150,165,0,-6.5
PROG-002752,MPLADS-002752,95.6,85.3,160,184,0,-10.3
PROG-002753,MPLADS-002753,82.3,94.3,120,107,0,12.0
PROG-002754,MPLADS-002754,82.7,91.9,60,52,0,9.2
PROG-002755,MPLADS-002755,99.0,90.3,90,96,0,-8.7
PROG-002756,MPLADS-002756,83.1,94.5,180,178,0,11.4
PROG-002757,MPLADS-002757,76.0,88.2,150,163,0,12.2
PROG-002758,MPLADS-002758,88.4,90.2,210,209,0,1.8
PROG-002759,MPLADS-002759,71.1,85.1,120,129,0,14.0
PROG-002760,MPLADS-002760,0.0,100.0,180,184,0,100.0
PROG-002761,MPLADS-002761,72.3,93.5,160,153,0,21.2
PROG-002762,MPLADS-002762,96.1,88.0,120,107,0,-8.1
PROG-002763,MPLADS-002763,74.4,94.8,90,85,0,20.4
PROG-002764,MPLADS-002764,92.3,94.0,60,92,0,1.7
PROG-002765,MPLADS-002765,93.0,96.3,210,231,0,3.3
PROG-002766,MPLADS-002766,75.0,87.8,90,104,0,12.8
PROG-002767,MPLADS-002767,83.8,90.2,400,431,0,6.4
PROG-002768,MPLADS-002768,74.7,87.1,400,391,0,12.4
PROG-002769,MPLADS-002769,88.6,151.9,90,99,0,63.3
PROG-002770,MPLADS-002770,78.3,97.1,120,125,0,18.8
PROG-002771,MPLADS-002771,79.2,94.3,120,135,0,15.1
PROG-002772,MPLADS-002772,78.7,87.3,180,185,0,8.6
PROG-002773,MPLADS-002773,82.6,96.3,120,113,0,13.7
PROG-002774,MPLADS-002774,78.8,95.4,400,390,0,16.6
PROG-002775,MPLADS-002775,25.8,86.8,180,177,0,61.0
PROG-002776,MPLADS-002776,75.0,87.0,210,227,0,12.0
PROG-002777,MPLADS-002777,72.8,87.1,60,87,0,14.3
PROG-002778,MPLADS-002778,77.2,90.4,180,193,0,13.2
PROG-002779,MPLADS-002779,90.3,85.6,60,89,0,-4.7
PROG-002780,MPLADS-002780,53.0,96.0,60,180,4,43.0
PROG-002781,MPLADS-002781,70.2,88.3,120,115,0,18.1
PROG-002782,MPLADS-002782,86.6,92.9,60,71,0,6.3
PROG-002783,MPLADS-002783,93.3,94.6,150,178,0,1.3
PROG-002784,MPLADS-002784,88.6,88.2,150,169,0,-0.4
PROG-002785,MPLADS-002785,32.7,94.4,90,123,0,61.7
PROG-002786,MPLADS-002786,70.3,93.7,120,129,0,23.4
PROG-002787,MPLADS-002787,78.5,94.7,150,169,0,16.2
PROG-002788,MPLADS-002788,77.3,89.5,90,80,0,12.2
PROG-002789,MPLADS-002789,78.2,89.2,120,109,0,11.0
PROG-002790,MPLADS-002790,86.9,86.1,400,391,0,-0.8
PROG-002791,MPLADS-002791,80.9,85.1,60,92,0,4.2
PROG-002792,MPLADS-002792,79.0,94.1,180,174,0,15.1
PROG-002793,MPLADS-002793,92.8,90.9,400,428,0,-1.9
PROG-002794,MPLADS-002794,78.2,87.1,400,396,0,8.9
PROG-002795,MPLADS-002795,71.4,85.8,120,137,0,14.4
PROG-002796,MPLADS-002796,80.4,97.0,150,154,0,16.6
PROG-002797,MPLADS-002797,83.0,90.8,210,220,0,7.8
PROG-002798,MPLADS-002798,76.2,136.7,60,54,0,60.5
PROG-002799,MPLADS-002799,18.5,92.6,150,160,0,74.1
PROG-002800,MPLADS-002800,95.1,86.2,400,392,0,-8.9
PROG-002801,MPLADS-002801,75.8,85.6,180,201,0,9.8
PROG-002802,MPLADS-002802,73.0,88.1,180,211,0,15.1
PROG-002803,MPLADS-002803,79.1,86.5,90,77,0,7.4
PROG-002804,MPLADS-002804,73.1,97.3,210,206,0,24.2
PROG-002805,MPLADS-002805,96.3,142.3,120,144,0,46.0
PROG-002806,MPLADS-002806,89.4,87.1,90,113,0,-2.3
PROG-002807,MPLADS-002807,78.0,91.9,90,83,0,13.9
PROG-002808,MPLADS-002808,82.5,96.5,90,78,0,14.0
PROG-002809,MPLADS-002809,78.1,97.2,400,403,0,19.1
PROG-002810,MPLADS-002810,85.3,92.4,120,108,0,7.1
PROG-002811,MPLADS-002811,79.8,90.9,150,178,0,11.1
PROG-002812,MPLADS-002812,74.1,88.1,160,480,2,14.0
PROG-002813,MPLADS-002813,94.3,88.4,120,141,0,-5.9
PROG-002814,MPLADS-002814,81.5,95.6,160,155,0,14.1
PROG-002815,MPLADS-002815,78.7,96.0,400,389,0,17.3
PROG-002816,MPLADS-002816,74.4,97.8,90,96,0,23.4
PROG-002817,MPLADS-002817,90.5,94.6,90,83,0,4.1
PROG-002818,MPLADS-002818,84.5,85.2,150,140,0,0.7
PROG-002819,MPLADS-002819,78.9,90.1,210,208,0,11.2
PROG-002820,MPLADS-002820,86.6,141.6,400,410,0,55.0
PROG-002821,MPLADS-002821,95.1,95.6,160,178,0,0.5
PROG-002822,MPLADS-002822,28.5,95.4,90,116,0,66.9
PROG-002823,MPLADS-002823,90.1,91.2,180,199,0,1.1
PROG-002824,MPLADS-002824,95.0,133.8,150,136,0,38.8
PROG-002825,MPLADS-002825,87.6,85.4,210,223,0,-2.2
PROG-002826,MPLADS-002826,88.0,91.4,400,414,0,3.4
PROG-002827,MPLADS-002827,70.7,87.4,90,99,0,16.7
PROG-002828,MPLADS-002828,97.9,90.8,120,113,0,-7.1
PROG-002829,MPLADS-002829,87.3,97.9,180,175,0,10.6
PROG-002830,MPLADS-002830,76.2,86.0,60,78,0,9.8
PROG-002831,MPLADS-002831,70.1,95.8,160,190,0,25.7
PROG-002832,MPLADS-002832,78.4,89.3,60,60,0,10.9
PROG-002833,MPLADS-002833,71.4,91.0,210,237,0,19.6
PROG-002834,MPLADS-002834,99.6,88.3,160,168,0,-11.3
PROG-002835,MPLADS-002835,88.7,93.4,60,79,0,4.7
PROG-002836,MPLADS-002836,99.5,86.6,60,86,0,-12.9
PROG-002837,MPLADS-002837,80.3,96.9,150,168,0,16.6
PROG-002838,MPLADS-002838,75.4,94.8,180,188,0,19.4
PROG-002839,MPLADS-002839,84.9,89.9,120,122,0,5.0
PROG-002840,MPLADS-002840,81.6,87.0,60,83,0,5.4
PROG-002841,MPLADS-002841,99.9,94.1,150,136,0,-5.8
PROG-002842,MPLADS-002842,74.4,95.0,90,101,0,20.6
PROG-002843,MPLADS-002843,71.1,92.0,120,127,0,20.9
PROG-002844,MPLADS-002844,90.8,92.7,160,162,0,1.9
PROG-002845,MPLADS-002845,92.4,97.0,210,237,0,4.6
PROG-002846,MPLADS-002846,59.7,85.3,210,840,3,25.6
PROG-002847,MPLADS-002847,97.1,88.4,150,141,0,-8.7
PROG-002848,MPLADS-002848,81.3,86.6,60,45,0,5.3
PROG-002849,MPLADS-002849,89.2,94.8,160,154,0,5.6
PROG-002850,MPLADS-002850,74.7,97.9,160,177,0,23.2
PROG-002851,MPLADS-002851,99.4,86.4,90,81,0,-13.0
PROG-002852,MPLADS-002852,89.5,86.7,120,122,0,-2.8
PROG-002853,MPLADS-002853,72.6,85.8,150,143,0,13.2
PROG-002854,MPLADS-002854,77.8,90.2,60,60,0,12.4
PROG-002855,MPLADS-002855,80.9,85.8,120,124,0,4.9
PROG-002856,MPLADS-002856,88.9,86.2,120,119,0,-2.7
PROG-002857,MPLADS-002857,74.1,85.5,60,82,0,11.4
PROG-002858,MPLADS-002858,77.0,88.8,150,164,0,11.8
PROG-002859,MPLADS-002859,78.7,93.9,150,137,0,15.2
PROG-002860,MPLADS-002860,94.4,86.7,210,198,0,-7.7
PROG-002861,MPLADS-002861,74.6,87.7,210,216,0,13.1
PROG-002862,MPLADS-002862,18.8,56.2,90,87,0,37.4
PROG-002863,MPLADS-002863,75.4,86.2,210,235,0,10.8
PROG-002864,MPLADS-002864,81.9,92.2,180,207,0,10.3
PROG-002865,MPLADS-002865,87.9,90.4,180,187,0,2.5
PROG-002866,MPLADS-002866,71.8,96.3,180,211,0,24.5
PROG-002867,MPLADS-002867,79.8,89.5,180,179,0,9.7
PROG-002868,MPLADS-002868,90.0,85.5,90,107,0,-4.5
PROG-002869,MPLADS-002869,96.4,88.1,90,81,0,-8.3
PROG-002870,MPLADS-002870,79.0,88.8,90,122,0,9.8
PROG-002871,MPLADS-002871,90.4,93.7,210,201,0,3.3
PROG-002872,MPLADS-002872,83.2,87.7,400,405,0,4.5
PROG-002873,MPLADS-002873,78.6,88.0,60,70,0,9.4
PROG-002874,MPLADS-002874,89.1,89.8,400,423,0,0.7
PROG-002875,MPLADS-002875,83.3,85.4,210,196,0,2.1
PROG-002876,MPLADS-002876,71.9,85.6,160,153,0,13.7
PROG-002877,MPLADS-002877,84.6,136.5,90,117,0,51.9
PROG-002878,MPLADS-002878,96.1,91.8,180,209,0,-4.3
PROG-002879,MPLADS-002879,96.3,92.7,90,117,0,-3.6
PROG-002880,MPLADS-002880,77.5,85.3,120,143,0,7.8
PROG-002881,MPLADS-002881,87.1,97.8,120,109,0,10.7
PROG-002882,MPLADS-002882,74.9,94.7,120,138,0,19.8
PROG-002883,MPLADS-002883,87.4,86.0,120,144,0,-1.4
PROG-002884,MPLADS-002884,95.2,91.8,180,174,0,-3.4
PROG-002885,MPLADS-002885,71.9,87.2,150,164,0,15.3
PROG-002886,MPLADS-002886,88.6,98.0,120,130,0,9.4
PROG-002887,MPLADS-002887,77.4,97.8,210,231,0,20.4
PROG-002888,MPLADS-002888,83.9,95.0,150,143,0,11.1
PROG-002889,MPLADS-002889,72.8,89.7,120,109,0,16.9
PROG-002890,MPLADS-002890,80.4,89.9,210,227,0,9.5
PROG-002891,MPLADS-002891,80.4,95.8,400,397,0,15.4
PROG-002892,MPLADS-002892,90.7,88.5,150,145,0,-2.2
PROG-002893,MPLADS-002893,77.6,144.1,120,137,0,66.5
PROG-002894,MPLADS-002894,84.7,97.0,60,75,0,12.3
PROG-002895,MPLADS-002895,80.5,88.1,60,55,0,7.6
PROG-002896,MPLADS-002896,83.5,93.6,160,185,0,10.1
PROG-002897,MPLADS-002897,73.6,86.9,120,151,0,13.3
PROG-002898,MPLADS-002898,88.9,96.8,160,163,0,7.9
PROG-002899,MPLADS-002899,73.1,91.4,60,54,0,18.3
PROG-002900,MPLADS-002900,78.7,87.1,180,196,0,8.4
PROG-002901,MPLADS-002901,23.9,92.8,180,194,0,68.9
PROG-002902,MPLADS-002902,96.2,94.8,180,196,0,-1.4
PROG-002903,MPLADS-002903,78.8,90.7,400,416,0,11.9
PROG-002904,MPLADS-002904,92.4,95.0,60,74,0,2.6
PROG-002905,MPLADS-002905,0.0,100.0,400,419,0,100.0
PROG-002906,MPLADS-002906,88.5,92.9,90,80,0,4.4
PROG-002907,MPLADS-002907,81.0,93.9,210,223,0,12.9
PROG-002908,MPLADS-002908,86.6,89.7,210,236,0,3.1
PROG-002909,MPLADS-002909,83.5,92.0,180,202,0,8.5
PROG-002910,MPLADS-002910,92.0,93.6,400,413,0,1.6
PROG-002911,MPLADS-002911,75.0,86.3,400,414,0,11.3
PROG-002912,MPLADS-002912,78.1,90.7,90,96,0,12.6
PROG-002913,MPLADS-002913,99.6,92.3,90,116,0,-7.3
PROG-002914,MPLADS-002914,24.8,93.9,90,112,0,69.1
PROG-002915,MPLADS-002915,78.8,154.8,210,224,0,76.0
PROG-002916,MPLADS-002916,95.0,89.5,160,179,0,-5.5
PROG-002917,MPLADS-002917,70.7,95.5,180,172,0,24.8
PROG-002918,MPLADS-002918,96.9,93.4,60,45,0,-3.5
PROG-002919,MPLADS-002919,84.4,91.9,120,124,0,7.5
PROG-002920,MPLADS-002920,85.2,95.4,180,179,0,10.2
PROG-002921,MPLADS-002921,84.0,93.5,210,216,0,9.5
PROG-002922,MPLADS-002922,74.0,93.4,400,408,0,19.4
PROG-002923,MPLADS-002923,80.3,89.7,160,185,0,9.4
PROG-002924,MPLADS-002924,88.7,88.5,150,137,0,-0.2
PROG-002925,MPLADS-002925,76.4,87.9,120,123,0,11.5
PROG-002926,MPLADS-002926,94.5,88.9,210,237,0,-5.6
PROG-002927,MPLADS-002927,83.1,85.8,60,60,0,2.7
PROG-002928,MPLADS-002928,93.7,96.4,150,140,0,2.7
PROG-002929,MPLADS-002929,95.4,93.1,180,201,0,-2.3
PROG-002930,MPLADS-002930,91.1,92.8,160,162,0,1.7
PROG-002931,MPLADS-002931,78.5,85.9,180,207,0,7.4
PROG-002932,MPLADS-002932,17.2,88.8,180,208,0,71.6
PROG-002933,MPLADS-002933,80.7,94.1,150,167,0,13.4
PROG-002934,MPLADS-002934,85.4,150.8,150,179,0,65.4
PROG-002935,MPLADS-002935,99.5,95.5,120,132,0,-4.0
PROG-002936,MPLADS-002936,78.5,92.4,400,430,0,13.9
PROG-002937,MPLADS-002937,82.6,96.2,150,172,0,13.6
PROG-002938,MPLADS-002938,78.5,90.3,90,97,0,11.8
PROG-002939,MPLADS-002939,85.4,93.2,210,233,0,7.8
PROG-002940,MPLADS-002940,93.9,87.9,120,117,0,-6.0
PROG-002941,MPLADS-002941,83.8,142.7,180,205,0,58.9
PROG-002942,MPLADS-002942,91.6,87.2,150,156,0,-4.4
PROG-002943,MPLADS-002943,89.8,90.6,210,216,0,0.8
PROG-002944,MPLADS-002944,74.6,87.1,90,89,0,12.5
PROG-002945,MPLADS-002945,98.3,94.2,60,76,0,-4.1
PROG-002946,MPLADS-002946,79.3,85.6,180,175,0,6.3
PROG-002947,MPLADS-002947,95.8,91.5,210,202,0,-4.3
PROG-002948,MPLADS-002948,84.7,93.3,160,146,0,8.6
PROG-002949,MPLADS-002949,16.2,69.5,60,62,0,53.3
PROG-002950,MPLADS-002950,12.5,69.6,160,151,0,57.1
PROG-002951,MPLADS-002951,88.2,85.6,150,161,0,-2.6
PROG-002952,MPLADS-002952,98.1,95.4,60,64,0,-2.7
PROG-002953,MPLADS-002953,94.2,96.6,400,407,0,2.4
PROG-002954,MPLADS-002954,85.6,85.2,150,174,0,-0.4
PROG-002955,MPLADS-002955,97.5,87.8,120,117,0,-9.7
PROG-002956,MPLADS-002956,78.5,89.8,60,53,0,11.3
PROG-002957,MPLADS-002957,96.8,95.3,60,50,0,-1.5
PROG-002958,MPLADS-002958,70.4,94.6,160,170,0,24.2
PROG-002959,MPLADS-002959,84.0,94.3,90,102,0,10.3
PROG-002960,MPLADS-002960,77.6,93.9,90,100,0,16.3
PROG-002961,MPLADS-002961,12.1,64.2,90,86,0,52.1
PROG-002962,MPLADS-002962,73.9,94.6,400,430,0,20.7
PROG-002963,MPLADS-002963,83.5,91.1,120,131,0,7.6
PROG-002964,MPLADS-002964,74.6,87.6,120,121,0,13.0
PROG-002965,MPLADS-002965,70.8,148.3,150,178,0,77.5
PROG-002966,MPLADS-002966,84.6,93.7,90,75,0,9.1
PROG-002967,MPLADS-002967,83.6,97.7,120,143,0,14.1
PROG-002968,MPLADS-002968,84.9,86.7,160,177,0,1.8
PROG-002969,MPLADS-002969,98.7,95.5,150,172,0,-3.2
PROG-002970,MPLADS-002970,74.8,89.5,400,399,0,14.7
PROG-002971,MPLADS-002971,93.7,86.6,60,73,0,-7.1
PROG-002972,MPLADS-002972,85.1,88.6,60,58,0,3.5
PROG-002973,MPLADS-002973,86.8,87.5,120,136,0,0.7
PROG-002974,MPLADS-002974,83.5,90.7,210,235,0,7.2
PROG-002975,MPLADS-002975,89.5,89.7,210,236,0,0.2
PROG-002976,MPLADS-002976,89.5,88.0,160,190,0,-1.5
PROG-002977,MPLADS-002977,90.2,95.1,90,78,0,4.9
PROG-002978,MPLADS-002978,94.0,85.3,400,401,0,-8.7
PROG-002979,MPLADS-002979,98.6,86.9,60,56,0,-11.7
PROG-002980,MPLADS-002980,43.0,97.0,160,640,3,54.0
PROG-002981,MPLADS-002981,73.8,130.9,120,112,0,57.1
PROG-002982,MPLADS-002982,86.4,86.4,150,158,0,0.0
PROG-002983,MPLADS-002983,91.3,93.7,210,238,0,2.4
PROG-002984,MPLADS-002984,20.5,93.2,120,108,0,72.7
PROG-002985,MPLADS-002985,90.3,89.8,210,215,0,-0.5
PROG-002986,MPLADS-002986,71.0,93.5,210,195,0,22.5
PROG-002987,MPLADS-002987,74.2,92.8,150,183,0,18.6
PROG-002988,MPLADS-002988,75.5,147.9,120,139,0,72.4
PROG-002989,MPLADS-002989,78.2,88.1,180,182,0,9.9
PROG-002990,MPLADS-002990,89.3,95.7,400,415,0,6.4
PROG-002991,MPLADS-002991,97.8,91.3,160,151,0,-6.5
PROG-002992,MPLADS-002992,87.6,89.9,210,241,0,2.3
PROG-002993,MPLADS-002993,88.9,97.5,60,59,0,8.6
PROG-002994,MPLADS-002994,94.6,92.1,60,62,0,-2.5
PROG-002995,MPLADS-002995,78.4,97.6,160,185,0,19.2
PROG-002996,MPLADS-002996,0.0,100.0,150,152,0,100.0
PROG-002997,MPLADS-002997,92.9,90.6,160,165,0,-2.3
PROG-002998,MPLADS-002998,26.2,95.1,120,118,0,68.9
PROG-002999,MPLADS-002999,99.7,92.6,120,137,0,-7.1
PROG-003000,MPLADS-003000,98.3,91.7,90,121,0,-6.6
PROG-003001,MPLADS-003001,88.6,86.2,90,114,0,-2.4
PROG-003002,MPLADS-003002,76.7,86.8,180,192,0,10.1
PROG-003003,MPLADS-003003,84.8,90.1,180,202,0,5.3
PROG-003004,MPLADS-003004,89.2,90.3,60,83,0,1.1
PROG-003005,MPLADS-003005,92.0,89.9,210,221,0,-2.1
PROG-003006,MPLADS-003006,83.4,94.0,120,118,0,10.6
PROG-003007,MPLADS-003007,12.1,61.4,120,124,0,49.3
PROG-003008,MPLADS-003008,96.4,87.6,180,165,0,-8.8
PROG-003009,MPLADS-003009,92.5,87.7,120,151,0,-4.8
PROG-003010,MPLADS-003010,83.0,93.7,160,152,0,10.7
PROG-003011,MPLADS-003011,97.3,94.9,160,181,0,-2.4
PROG-003012,MPLADS-003012,84.8,87.1,60,65,0,2.3
PROG-003013,MPLADS-003013,81.5,97.3,150,170,0,15.8
PROG-003014,MPLADS-003014,79.3,87.9,400,429,0,8.6
PROG-003015,MPLADS-003015,71.1,92.2,60,46,0,21.1
PROG-003016,MPLADS-003016,70.6,96.7,160,146,0,26.1
PROG-003017,MPLADS-003017,82.2,85.1,180,211,0,2.9
PROG-003018,MPLADS-003018,92.0,94.5,400,394,0,2.5
PROG-003019,MPLADS-003019,82.0,93.1,160,186,0,11.1
PROG-003020,MPLADS-003020,75.2,94.7,60,64,0,19.5
PROG-003021,MPLADS-003021,86.8,92.2,90,93,0,5.4
PROG-003022,MPLADS-003022,28.2,90.6,180,167,0,62.4
PROG-003023,MPLADS-003023,87.1,155.5,160,176,0,68.4
PROG-003024,MPLADS-003024,70.3,88.7,120,118,0,18.4
PROG-003025,MPLADS-003025,92.2,86.2,60,72,0,-6.0
PROG-003026,MPLADS-003026,82.7,142.3,120,122,0,59.6
PROG-003027,MPLADS-003027,90.1,87.8,400,400,0,-2.3
PROG-003028,MPLADS-003028,82.5,87.2,150,181,0,4.7
PROG-003029,MPLADS-003029,89.4,94.0,180,209,0,4.6
PROG-003030,MPLADS-003030,92.5,89.2,160,188,0,-3.3
PROG-003031,MPLADS-003031,87.6,89.5,400,428,0,1.9
PROG-003032,MPLADS-003032,82.5,91.4,120,145,0,8.9
PROG-003033,MPLADS-003033,61.3,86.0,120,480,2,24.7
PROG-003034,MPLADS-003034,90.2,87.9,210,238,0,-2.3
PROG-003035,MPLADS-003035,56.2,93.4,210,630,3,37.2
PROG-003036,MPLADS-003036,94.9,92.3,160,155,0,-2.6
PROG-003037,MPLADS-003037,77.0,94.7,150,152,0,17.7
PROG-003038,MPLADS-003038,72.6,97.6,60,84,0,25.0
PROG-003039,MPLADS-003039,92.4,86.1,160,160,0,-6.3
PROG-003040,MPLADS-003040,83.1,137.5,180,214,0,54.4
PROG-003041,MPLADS-003041,79.1,89.2,150,147,0,10.1
PROG-003042,MPLADS-003042,92.0,92.7,120,149,0,0.7
PROG-003043,MPLADS-003043,93.4,92.7,90,107,0,-0.7
PROG-003044,MPLADS-003044,84.6,97.5,210,240,0,12.9
PROG-003045,MPLADS-003045,75.2,89.4,160,166,0,14.2
PROG-003046,MPLADS-003046,96.2,94.8,60,93,0,-1.4
PROG-003047,MPLADS-003047,72.9,86.6,160,146,0,13.7
PROG-003048,MPLADS-003048,82.2,96.1,120,136,0,13.9
PROG-003049,MPLADS-003049,88.9,97.1,60,50,0,8.2
PROG-003050,MPLADS-003050,70.9,96.9,150,156,0,26.0
PROG-003051,MPLADS-003051,77.9,94.5,400,401,0,16.6
PROG-003052,MPLADS-003052,89.1,86.3,90,124,0,-2.8
PROG-003053,MPLADS-003053,98.1,97.4,90,77,0,-0.7
PROG-003054,MPLADS-003054,91.3,97.6,90,110,0,6.3
PROG-003055,MPLADS-003055,85.6,92.9,160,187,0,7.3
PROG-003056,MPLADS-003056,77.2,87.8,150,151,0,10.6
PROG-003057,MPLADS-003057,76.6,97.6,210,209,0,21.0
PROG-003058,MPLADS-003058,83.5,91.4,120,152,0,7.9
PROG-003059,MPLADS-003059,98.1,97.3,120,138,0,-0.8
PROG-003060,MPLADS-003060,92.8,97.4,180,173,0,4.6
PROG-003061,MPLADS-003061,92.5,94.2,160,159,0,1.7
PROG-003062,MPLADS-003062,80.1,91.0,210,219,0,10.9
PROG-003063,MPLADS-003063,98.9,93.9,210,199,0,-5.0
PROG-003064,MPLADS-003064,74.1,92.7,120,131,0,18.6
PROG-003065,MPLADS-003065,88.9,96.8,210,233,0,7.9
PROG-003066,MPLADS-003066,94.7,97.0,90,83,0,2.3
PROG-003067,MPLADS-003067,70.2,88.0,60,49,0,17.8
PROG-003068,MPLADS-003068,0.0,100.0,180,182,0,100.0
PROG-003069,MPLADS-003069,89.1,89.2,180,200,0,0.1
PROG-003070,MPLADS-003070,76.7,92.1,120,106,0,15.4
PROG-003071,MPLADS-003071,20.1,59.5,180,214,0,39.4
PROG-003072,MPLADS-003072,75.6,87.6,120,105,0,12.0
PROG-003073,MPLADS-003073,82.2,87.3,150,173,0,5.1
PROG-003074,MPLADS-003074,20.2,88.4,150,136,0,68.2
PROG-003075,MPLADS-003075,91.6,87.3,180,205,0,-4.3
PROG-003076,MPLADS-003076,74.5,85.7,60,49,0,11.2
PROG-003077,MPLADS-003077,81.9,89.7,90,82,0,7.8
PROG-003078,MPLADS-003078,86.8,92.6,60,61,0,5.8
PROG-003079,MPLADS-003079,79.8,88.4,120,106,0,8.6
PROG-003080,MPLADS-003080,88.0,89.6,120,121,0,1.6
PROG-003081,MPLADS-003081,75.1,93.4,180,173,0,18.3
PROG-003082,MPLADS-003082,94.6,92.1,180,184,0,-2.5
PROG-003083,MPLADS-003083,97.8,95.5,180,166,0,-2.3
PROG-003084,MPLADS-003084,94.7,96.2,150,146,0,1.5
PROG-003085,MPLADS-003085,40.8,94.6,120,360,3,53.8
PROG-003086,MPLADS-003086,86.3,86.6,160,155,0,0.3
PROG-003087,MPLADS-003087,90.9,95.0,60,64,0,4.1
PROG-003088,MPLADS-003088,79.3,96.9,120,117,0,17.6
PROG-003089,MPLADS-003089,82.0,89.3,400,427,0,7.3
PROG-003090,MPLADS-003090,73.7,96.5,150,163,0,22.8
PROG-003091,MPLADS-003091,82.0,92.0,150,156,0,10.0
PROG-003092,MPLADS-003092,72.3,87.4,90,112,0,15.1
PROG-003093,MPLADS-003093,93.6,96.9,400,399,0,3.3
PROG-003094,MPLADS-003094,90.2,87.8,90,82,0,-2.4
PROG-003095,MPLADS-003095,99.5,86.6,180,202,0,-12.9
PROG-003096,MPLADS-003096,72.6,86.7,400,425,0,14.1
PROG-003097,MPLADS-003097,77.9,96.3,150,158,0,18.4
PROG-003098,MPLADS-003098,55.7,92.1,180,720,4,36.4
PROG-003099,MPLADS-003099,96.1,85.0,180,165,0,-11.1
PROG-003100,MPLADS-003100,77.3,96.7,180,205,0,19.4
PROG-003101,MPLADS-003101,95.8,86.5,60,92,0,-9.3
PROG-003102,MPLADS-003102,90.1,90.1,160,184,0,0.0
PROG-003103,MPLADS-003103,92.4,86.6,180,186,0,-5.8
PROG-003104,MPLADS-003104,73.7,91.5,90,99,0,17.8
PROG-003105,MPLADS-003105,89.3,87.3,210,221,0,-2.0
PROG-003106,MPLADS-003106,76.8,86.9,160,157,0,10.1
PROG-003107,MPLADS-003107,93.3,96.1,60,71,0,2.8
PROG-003108,MPLADS-003108,0.0,100.0,400,393,0,100.0
PROG-003109,MPLADS-003109,92.3,94.2,210,236,0,1.9
PROG-003110,MPLADS-003110,74.7,91.3,150,164,0,16.6
PROG-003111,MPLADS-003111,88.5,89.9,90,107,0,1.4
PROG-003112,MPLADS-003112,70.3,97.0,60,180,2,26.7
PROG-003113,MPLADS-003113,94.7,88.1,150,170,0,-6.6
PROG-003114,MPLADS-003114,96.9,87.5,400,402,0,-9.4
PROG-003115,MPLADS-003115,0.0,100.0,160,181,0,100.0
PROG-003116,MPLADS-003116,98.7,88.4,90,91,0,-10.3
PROG-003117,MPLADS-003117,82.9,90.7,160,151,0,7.8
PROG-003118,MPLADS-003118,81.3,97.1,400,433,0,15.8
PROG-003119,MPLADS-003119,79.3,90.9,180,169,0,11.6
PROG-003120,MPLADS-003120,74.9,87.9,210,199,0,13.0
PROG-003121,MPLADS-003121,70.5,92.9,120,121,0,22.4
PROG-003122,MPLADS-003122,99.2,96.1,210,201,0,-3.1
PROG-003123,MPLADS-003123,73.6,87.8,400,420,0,14.2
PROG-003124,MPLADS-003124,84.3,95.8,90,82,0,11.5
PROG-003125,MPLADS-003125,86.6,91.3,90,121,0,4.7
PROG-003126,MPLADS-003126,77.8,90.2,60,81,0,12.4
PROG-003127,MPLADS-003127,53.6,93.6,60,240,4,40.0
PROG-003128,MPLADS-003128,71.3,88.2,150,146,0,16.9
PROG-003129,MPLADS-003129,52.6,91.8,210,630,2,39.2
PROG-003130,MPLADS-003130,78.4,90.4,90,96,0,12.0
PROG-003131,MPLADS-003131,78.6,95.5,60,45,0,16.9
PROG-003132,MPLADS-003132,88.6,90.2,400,410,0,1.6
PROG-003133,MPLADS-003133,87.8,95.4,90,120,0,7.6
PROG-003134,MPLADS-003134,72.0,91.0,120,139,0,19.0
PROG-003135,MPLADS-003135,90.4,91.9,150,164,0,1.5
PROG-003136,MPLADS-003136,88.9,94.2,210,235,0,5.3
PROG-003137,MPLADS-003137,93.0,92.3,120,125,0,-0.7
PROG-003138,MPLADS-003138,70.2,94.5,90,100,0,24.3
PROG-003139,MPLADS-003139,73.2,92.9,160,173,0,19.7
PROG-003140,MPLADS-003140,70.2,97.0,160,178,0,26.8
PROG-003141,MPLADS-003141,74.1,94.5,60,88,0,20.4
PROG-003142,MPLADS-003142,71.0,95.2,400,415,0,24.2
PROG-003143,MPLADS-003143,72.4,95.4,210,199,0,23.0
PROG-003144,MPLADS-003144,74.0,85.3,160,181,0,11.3
PROG-003145,MPLADS-003145,90.3,91.4,90,95,0,1.1
PROG-003146,MPLADS-003146,86.7,85.5,120,114,0,-1.2
PROG-003147,MPLADS-003147,89.9,93.4,210,202,0,3.5
PROG-003148,MPLADS-003148,72.4,87.3,160,177,0,14.9
PROG-003149,MPLADS-003149,72.5,86.7,120,154,0,14.2
PROG-003150,MPLADS-003150,70.9,96.5,60,55,0,25.6
PROG-003151,MPLADS-003151,97.7,86.2,90,94,0,-11.5
PROG-003152,MPLADS-003152,40.3,94.1,90,360,3,53.8
PROG-003153,MPLADS-003153,99.3,86.4,120,119,0,-12.9
PROG-003154,MPLADS-003154,88.8,87.3,400,413,0,-1.5
PROG-003155,MPLADS-003155,99.6,94.6,150,147,0,-5.0
PROG-003156,MPLADS-003156,84.8,87.7,180,199,0,2.9
PROG-003157,MPLADS-003157,79.6,85.2,180,175,0,5.6
PROG-003158,MPLADS-003158,83.5,92.1,90,104,0,8.6
PROG-003159,MPLADS-003159,77.1,93.6,150,174,0,16.5
PROG-003160,MPLADS-003160,91.6,86.6,400,402,0,-5.0
PROG-003161,MPLADS-003161,81.1,91.7,60,91,0,10.6
PROG-003162,MPLADS-003162,72.1,93.5,90,88,0,21.4
PROG-003163,MPLADS-003163,32.3,95.2,180,166,0,62.9
PROG-003164,MPLADS-003164,94.0,97.9,160,176,0,3.9
PROG-003165,MPLADS-003165,93.5,94.3,160,156,0,0.8
PROG-003166,MPLADS-003166,80.5,97.3,150,138,0,16.8
PROG-003167,MPLADS-003167,76.6,97.3,180,204,0,20.7
PROG-003168,MPLADS-003168,89.0,91.0,60,50,0,2.0
PROG-003169,MPLADS-003169,98.6,89.0,180,197,0,-9.6
PROG-003170,MPLADS-003170,89.8,93.8,160,164,0,4.0
PROG-003171,MPLADS-003171,33.5,91.2,160,149,0,57.7
PROG-003172,MPLADS-003172,75.4,143.3,60,72,0,67.9
PROG-003173,MPLADS-003173,70.9,93.8,60,92,0,22.9
PROG-003174,MPLADS-003174,84.7,91.4,180,204,0,6.7
PROG-003175,MPLADS-003175,77.0,92.2,120,142,0,15.2
PROG-003176,MPLADS-003176,79.0,90.5,60,56,0,11.5
PROG-003177,MPLADS-003177,34.9,97.2,180,207,0,62.3
PROG-003178,MPLADS-003178,83.1,85.9,160,188,0,2.8
PROG-003179,MPLADS-003179,82.1,88.1,210,243,0,6.0
PROG-003180,MPLADS-003180,95.8,151.3,60,46,0,55.5
PROG-003181,MPLADS-003181,88.6,95.8,90,78,0,7.2
PROG-003182,MPLADS-003182,98.5,89.7,180,200,0,-8.8
PROG-003183,MPLADS-003183,95.7,97.8,120,134,0,2.1
PROG-003184,MPLADS-003184,86.7,96.5,90,81,0,9.8
PROG-003185,MPLADS-003185,79.8,88.4,160,194,0,8.6
PROG-003186,MPLADS-003186,83.5,92.6,60,51,0,9.1
PROG-003187,MPLADS-003187,90.3,94.6,400,393,0,4.3
PROG-003188,MPLADS-003188,91.0,94.1,180,211,0,3.1
PROG-003189,MPLADS-003189,84.8,96.3,180,214,0,11.5
PROG-003190,MPLADS-003190,75.8,93.3,150,156,0,17.5
PROG-003191,MPLADS-003191,86.8,92.2,180,189,0,5.4
PROG-003192,MPLADS-003192,90.5,87.7,150,184,0,-2.8
PROG-003193,MPLADS-003193,76.1,89.2,120,105,0,13.1
PROG-003194,MPLADS-003194,93.6,86.3,180,199,0,-7.3
PROG-003195,MPLADS-003195,89.9,86.1,120,113,0,-3.8
PROG-003196,MPLADS-003196,80.2,96.8,90,92,0,16.6
PROG-003197,MPLADS-003197,85.7,87.6,60,61,0,1.9
PROG-003198,MPLADS-003198,90.3,90.3,120,142,0,0.0
PROG-003199,MPLADS-003199,95.2,95.1,160,146,0,-0.1
PROG-003200,MPLADS-003200,24.6,41.3,400,430,0,16.7
PROG-003201,MPLADS-003201,44.3,93.7,150,450,2,49.4
PROG-003202,MPLADS-003202,89.2,91.8,150,142,0,2.6
PROG-003203,MPLADS-003203,87.7,95.2,400,387,0,7.5
PROG-003204,MPLADS-003204,99.6,91.1,180,183,0,-8.5
PROG-003205,MPLADS-003205,32.8,95.0,150,180,0,62.2
PROG-003206,MPLADS-003206,83.6,94.6,160,163,0,11.0
PROG-003207,MPLADS-003207,77.2,95.2,150,175,0,18.0
PROG-003208,MPLADS-003208,99.9,85.0,150,183,0,-14.9
PROG-003209,MPLADS-003209,90.1,94.1,120,117,0,4.0
PROG-003210,MPLADS-003210,70.8,87.9,150,136,0,17.1
PROG-003211,MPLADS-003211,95.4,96.3,90,85,0,0.9
PROG-003212,MPLADS-003212,82.1,96.4,90,80,0,14.3
PROG-003213,MPLADS-003213,17.8,98.0,120,127,0,80.2
PROG-003214,MPLADS-003214,74.1,93.6,150,145,0,19.5
PROG-003215,MPLADS-003215,0.0,100.0,400,407,0,100.0
PROG-003216,MPLADS-003216,77.9,92.1,120,128,0,14.2
PROG-003217,MPLADS-003217,20.8,91.1,150,138,0,70.3
PROG-003218,MPLADS-003218,94.6,87.1,160,176,0,-7.5
PROG-003219,MPLADS-003219,91.2,93.6,400,406,0,2.4
PROG-003220,MPLADS-003220,82.5,86.5,150,157,0,4.0
PROG-003221,MPLADS-003221,56.1,94.2,120,360,2,38.1
PROG-003222,MPLADS-003222,71.0,93.3,400,434,0,22.3
PROG-003223,MPLADS-003223,83.8,95.5,120,136,0,11.7
PROG-003224,MPLADS-003224,72.1,97.2,90,115,0,25.1
PROG-003225,MPLADS-003225,82.0,96.2,60,69,0,14.2
PROG-003226,MPLADS-003226,75.5,90.1,160,187,0,14.6
PROG-003227,MPLADS-003227,72.0,94.7,160,155,0,22.7
PROG-003228,MPLADS-003228,99.0,85.2,150,160,0,-13.8
PROG-003229,MPLADS-003229,86.9,93.5,180,211,0,6.6
PROG-003230,MPLADS-003230,98.2,85.6,160,184,0,-12.6
PROG-003231,MPLADS-003231,70.5,94.0,180,202,0,23.5
PROG-003232,MPLADS-003232,75.6,97.4,160,178,0,21.8
PROG-003233,MPLADS-003233,87.4,94.8,150,182,0,7.4
PROG-003234,MPLADS-003234,96.9,88.2,150,180,0,-8.7
PROG-003235,MPLADS-003235,78.7,85.4,210,203,0,6.7
PROG-003236,MPLADS-003236,80.3,128.9,160,192,0,48.6
PROG-003237,MPLADS-003237,73.4,92.6,90,103,0,19.2
PROG-003238,MPLADS-003238,84.0,96.8,120,115,0,12.8
PROG-003239,MPLADS-003239,74.0,97.9,60,80,0,23.9
PROG-003240,MPLADS-003240,93.9,85.3,150,170,0,-8.6
PROG-003241,MPLADS-003241,82.6,95.1,180,179,0,12.5
PROG-003242,MPLADS-003242,24.5,94.7,180,167,0,70.2
PROG-003243,MPLADS-003243,84.4,95.4,90,79,0,11.0
PROG-003244,MPLADS-003244,73.2,95.9,90,112,0,22.7
PROG-003245,MPLADS-003245,93.4,92.0,120,120,0,-1.4
PROG-003246,MPLADS-003246,72.3,95.8,180,183,0,23.5
PROG-003247,MPLADS-003247,77.5,94.1,160,169,0,16.6
PROG-003248,MPLADS-003248,0.0,100.0,210,210,0,100.0
PROG-003249,MPLADS-003249,77.2,88.7,180,196,0,11.5
PROG-003250,MPLADS-003250,71.8,90.8,210,240,0,19.0
PROG-003251,MPLADS-003251,90.4,95.3,210,222,0,4.9
PROG-003252,MPLADS-003252,95.1,88.7,400,416,0,-6.4
PROG-003253,MPLADS-003253,74.0,93.2,210,213,0,19.2
PROG-003254,MPLADS-003254,74.4,86.4,60,94,0,12.0
PROG-003255,MPLADS-003255,94.8,93.2,160,168,0,-1.6
PROG-003256,MPLADS-003256,90.4,96.3,90,98,0,5.9
PROG-003257,MPLADS-003257,74.0,93.8,120,116,0,19.8
PROG-003258,MPLADS-003258,75.1,88.8,160,151,0,13.7
PROG-003259,MPLADS-003259,81.5,93.3,210,204,0,11.8
PROG-003260,MPLADS-003260,93.9,139.0,90,75,0,45.1
PROG-003261,MPLADS-003261,97.0,90.8,210,241,0,-6.2
PROG-003262,MPLADS-003262,93.6,88.7,210,196,0,-4.9
PROG-003263,MPLADS-003263,73.6,97.7,120,140,0,24.1
PROG-003264,MPLADS-003264,73.1,94.9,150,148,0,21.8
PROG-003265,MPLADS-003265,94.4,91.2,160,147,0,-3.2
PROG-003266,MPLADS-003266,92.4,86.2,400,399,0,-6.2
PROG-003267,MPLADS-003267,86.0,91.4,90,87,0,5.4
PROG-003268,MPLADS-003268,98.3,97.0,400,403,0,-1.3
PROG-003269,MPLADS-003269,79.5,136.8,120,124,0,57.3
PROG-003270,MPLADS-003270,99.5,96.0,180,196,0,-3.5
PROG-003271,MPLADS-003271,74.3,93.8,160,162,0,19.5
PROG-003272,MPLADS-003272,82.4,94.5,120,116,0,12.1
PROG-003273,MPLADS-003273,74.0,90.2,400,399,0,16.2
PROG-003274,MPLADS-003274,22.2,95.2,400,412,0,73.0
PROG-003275,MPLADS-003275,84.7,92.3,180,198,0,7.6
PROG-003276,MPLADS-003276,90.7,90.1,120,115,0,-0.6
PROG-003277,MPLADS-003277,97.3,92.5,90,79,0,-4.8
PROG-003278,MPLADS-003278,99.5,88.9,150,140,0,-10.6
PROG-003279,MPLADS-003279,100.0,98.0,60,92,0,-2.0
PROG-003280,MPLADS-003280,73.9,87.2,120,141,0,13.3
PROG-003281,MPLADS-003281,88.4,85.7,120,144,0,-2.7
PROG-003282,MPLADS-003282,93.7,94.8,180,171,0,1.1
PROG-003283,MPLADS-003283,91.9,92.9,60,62,0,1.0
PROG-003284,MPLADS-003284,73.0,86.7,210,239,0,13.7
PROG-003285,MPLADS-003285,71.9,95.1,180,193,0,23.2
PROG-003286,MPLADS-003286,81.7,96.8,60,56,0,15.1
PROG-003287,MPLADS-003287,96.5,96.8,60,70,0,0.3
PROG-003288,MPLADS-003288,96.0,88.2,120,116,0,-7.8
PROG-003289,MPLADS-003289,99.3,86.6,120,107,0,-12.7
PROG-003290,MPLADS-003290,85.9,86.5,120,137,0,0.6
PROG-003291,MPLADS-003291,79.7,94.0,400,402,0,14.3
PROG-003292,MPLADS-003292,76.5,95.0,150,155,0,18.5
PROG-003293,MPLADS-003293,80.2,86.9,60,64,0,6.7
PROG-003294,MPLADS-003294,78.1,87.7,180,173,0,9.6
PROG-003295,MPLADS-003295,99.5,90.4,90,95,0,-9.1
PROG-003296,MPLADS-003296,97.1,91.4,90,79,0,-5.7
PROG-003297,MPLADS-003297,91.3,97.0,160,179,0,5.7
PROG-003298,MPLADS-003298,71.5,90.3,160,182,0,18.8
PROG-003299,MPLADS-003299,76.9,88.4,60,84,0,11.5
PROG-003300,MPLADS-003300,90.3,85.9,150,149,0,-4.4
PROG-003301,MPLADS-003301,84.1,87.0,400,406,0,2.9
PROG-003302,MPLADS-003302,77.7,92.7,120,106,0,15.0
PROG-003303,MPLADS-003303,81.6,88.9,90,104,0,7.3
PROG-003304,MPLADS-003304,79.7,85.3,180,196,0,5.6
PROG-003305,MPLADS-003305,73.3,97.3,400,430,0,24.0
PROG-003306,MPLADS-003306,84.4,94.4,150,175,0,10.0
PROG-003307,MPLADS-003307,78.5,91.5,180,201,0,13.0
PROG-003308,MPLADS-003308,96.6,90.8,400,408,0,-5.8
PROG-003309,MPLADS-003309,91.3,93.3,210,228,0,2.0
PROG-003310,MPLADS-003310,89.8,90.6,400,415,0,0.8
PROG-003311,MPLADS-003311,20.9,87.3,210,212,0,66.4
PROG-003312,MPLADS-003312,80.6,87.5,160,164,0,6.9
PROG-003313,MPLADS-003313,70.4,90.6,60,84,0,20.2
PROG-003314,MPLADS-003314,96.1,92.1,210,243,0,-4.0
PROG-003315,MPLADS-003315,0.0,100.0,120,148,0,100.0
PROG-003316,MPLADS-003316,72.7,93.0,210,242,0,20.3
PROG-003317,MPLADS-003317,98.8,91.0,120,118,0,-7.8
PROG-003318,MPLADS-003318,71.4,153.8,160,178,0,82.4
PROG-003319,MPLADS-003319,79.0,87.3,160,178,0,8.3
PROG-003320,MPLADS-003320,82.2,91.8,60,70,0,9.6
PROG-003321,MPLADS-003321,96.8,96.6,150,138,0,-0.2
PROG-003322,MPLADS-003322,82.7,97.0,120,107,0,14.3
PROG-003323,MPLADS-003323,72.6,93.7,210,211,0,21.1
PROG-003324,MPLADS-003324,90.0,93.7,120,142,0,3.7
PROG-003325,MPLADS-003325,79.8,91.3,60,61,0,11.5
PROG-003326,MPLADS-003326,82.8,158.3,180,179,0,75.5
PROG-003327,MPLADS-003327,94.2,85.6,60,86,0,-8.6
PROG-003328,MPLADS-003328,86.0,91.8,90,86,0,5.8
PROG-003329,MPLADS-003329,94.1,97.2,60,64,0,3.1
PROG-003330,MPLADS-003330,77.7,91.8,160,189,0,14.1
PROG-003331,MPLADS-003331,95.0,85.8,150,155,0,-9.2
PROG-003332,MPLADS-003332,96.7,93.6,400,414,0,-3.1
PROG-003333,MPLADS-003333,88.9,94.6,180,207,0,5.7
PROG-003334,MPLADS-003334,79.0,87.3,210,241,0,8.3
PROG-003335,MPLADS-003335,87.1,151.9,90,89,0,64.8
PROG-003336,MPLADS-003336,87.6,88.7,60,74,0,1.1
PROG-003337,MPLADS-003337,91.7,89.4,210,213,0,-2.3
PROG-003338,MPLADS-003338,97.3,86.1,60,88,0,-11.2
PROG-003339,MPLADS-003339,89.9,90.2,400,421,0,0.3
PROG-003340,MPLADS-003340,95.3,91.4,400,390,0,-3.9
PROG-003341,MPLADS-003341,29.7,97.2,150,184,0,67.5
PROG-003342,MPLADS-003342,77.0,88.7,150,136,0,11.7
PROG-003343,MPLADS-003343,80.8,92.6,400,395,0,11.8
PROG-003344,MPLADS-003344,92.7,94.1,400,425,0,1.4
PROG-003345,MPLADS-003345,74.5,87.4,400,417,0,12.9
PROG-003346,MPLADS-003346,89.7,88.5,400,397,0,-1.2
PROG-003347,MPLADS-003347,95.4,149.5,120,129,0,54.1
PROG-003348,MPLADS-003348,76.4,89.8,60,49,0,13.4
PROG-003349,MPLADS-003349,76.6,85.0,90,87,0,8.4
PROG-003350,MPLADS-003350,83.1,97.6,60,92,0,14.5
PROG-003351,MPLADS-003351,80.7,87.2,160,192,0,6.5
PROG-003352,MPLADS-003352,78.4,93.9,60,63,0,15.5
PROG-003353,MPLADS-003353,86.4,87.7,180,193,0,1.3
PROG-003354,MPLADS-003354,77.3,89.6,400,428,0,12.3
PROG-003355,MPLADS-003355,86.3,88.6,150,140,0,2.3
PROG-003356,MPLADS-003356,89.6,86.2,90,102,0,-3.4
PROG-003357,MPLADS-003357,71.1,86.8,210,236,0,15.7
PROG-003358,MPLADS-003358,92.6,85.3,400,411,0,-7.3
PROG-003359,MPLADS-003359,40.4,96.7,180,720,3,56.3
PROG-003360,MPLADS-003360,70.4,95.5,90,79,0,25.1
PROG-003361,MPLADS-003361,82.0,95.8,160,160,0,13.8
PROG-003362,MPLADS-003362,91.1,95.5,60,72,0,4.4
PROG-003363,MPLADS-003363,64.3,94.2,120,360,4,29.9
PROG-003364,MPLADS-003364,98.8,90.7,90,77,0,-8.1
PROG-003365,MPLADS-003365,67.6,94.4,60,240,2,26.8
PROG-003366,MPLADS-003366,70.4,92.2,210,217,0,21.8
PROG-003367,MPLADS-003367,87.3,88.5,120,113,0,1.2
PROG-003368,MPLADS-003368,96.3,90.4,90,86,0,-5.9
PROG-003369,MPLADS-003369,73.7,86.6,150,137,0,12.9
PROG-003370,MPLADS-003370,96.3,96.9,60,67,0,0.6
PROG-003371,MPLADS-003371,89.9,131.8,160,171,0,41.9
PROG-003372,MPLADS-003372,85.0,96.1,210,206,0,11.1
PROG-003373,MPLADS-003373,97.2,96.0,210,244,0,-1.2
PROG-003374,MPLADS-003374,79.1,87.2,120,153,0,8.1
PROG-003375,MPLADS-003375,76.9,89.7,60,46,0,12.8
PROG-003376,MPLADS-003376,90.3,85.9,210,228,0,-4.4
PROG-003377,MPLADS-003377,82.6,87.8,150,166,0,5.2
PROG-003378,MPLADS-003378,77.3,93.5,160,186,0,16.2
PROG-003379,MPLADS-003379,82.2,89.9,60,82,0,7.7
PROG-003380,MPLADS-003380,17.0,66.8,180,177,0,49.8
PROG-003381,MPLADS-003381,73.4,85.8,400,398,0,12.4
PROG-003382,MPLADS-003382,89.9,86.1,210,223,0,-3.8
PROG-003383,MPLADS-003383,0.0,100.0,150,138,0,100.0
PROG-003384,MPLADS-003384,27.1,94.3,90,98,0,67.2
PROG-003385,MPLADS-003385,79.1,96.9,60,49,0,17.8
PROG-003386,MPLADS-003386,81.7,96.3,210,215,0,14.6
PROG-003387,MPLADS-003387,77.2,97.9,120,114,0,20.7
PROG-003388,MPLADS-003388,88.0,93.6,120,135,0,5.6
PROG-003389,MPLADS-003389,78.0,94.7,160,147,0,16.7
PROG-003390,MPLADS-003390,88.3,96.1,180,171,0,7.8
PROG-003391,MPLADS-003391,73.5,95.1,210,238,0,21.6
PROG-003392,MPLADS-003392,95.7,96.4,60,88,0,0.7
PROG-003393,MPLADS-003393,98.3,87.5,180,198,0,-10.8
PROG-003394,MPLADS-003394,98.6,94.0,400,388,0,-4.6
PROG-003395,MPLADS-003395,24.1,95.7,90,93,0,71.6
PROG-003396,MPLADS-003396,85.6,88.4,120,125,0,2.8
PROG-003397,MPLADS-003397,79.1,86.4,210,239,0,7.3
PROG-003398,MPLADS-003398,89.7,89.3,180,171,0,-0.4
PROG-003399,MPLADS-003399,98.9,87.2,160,173,0,-11.7
PROG-003400,MPLADS-003400,91.5,88.5,160,173,0,-3.0
PROG-003401,MPLADS-003401,85.4,157.3,160,162,0,71.9
PROG-003402,MPLADS-003402,70.1,87.8,60,63,0,17.7
PROG-003403,MPLADS-003403,74.6,88.5,120,107,0,13.9
PROG-003404,MPLADS-003404,29.5,93.1,150,154,0,63.6
PROG-003405,MPLADS-003405,74.2,90.4,160,149,0,16.2
PROG-003406,MPLADS-003406,73.4,86.6,120,151,0,13.2
PROG-003407,MPLADS-003407,90.4,89.9,160,191,0,-0.5
PROG-003408,MPLADS-003408,93.0,89.8,90,115,0,-3.2
PROG-003409,MPLADS-003409,75.5,87.4,210,215,0,11.9
PROG-003410,MPLADS-003410,86.4,96.1,60,47,0,9.7
PROG-003411,MPLADS-003411,95.0,88.6,150,162,0,-6.4
PROG-003412,MPLADS-003412,94.1,91.6,90,84,0,-2.5
PROG-003413,MPLADS-003413,82.6,95.7,60,77,0,13.1
PROG-003414,MPLADS-003414,89.8,89.6,120,127,0,-0.2
PROG-003415,MPLADS-003415,86.7,86.3,120,144,0,-0.4
PROG-003416,MPLADS-003416,71.5,89.2,160,175,0,17.7
PROG-003417,MPLADS-003417,93.0,95.4,120,126,0,2.4
PROG-003418,MPLADS-003418,91.6,86.0,150,145,0,-5.6
PROG-003419,MPLADS-003419,77.4,97.9,60,87,0,20.5
PROG-003420,MPLADS-003420,78.5,93.8,120,124,0,15.3
PROG-003421,MPLADS-003421,79.5,91.1,60,56,0,11.6
PROG-003422,MPLADS-003422,74.0,88.3,180,165,0,14.3
PROG-003423,MPLADS-003423,75.6,133.8,210,238,0,58.2
PROG-003424,MPLADS-003424,82.7,92.5,60,84,0,9.8
PROG-003425,MPLADS-003425,80.2,85.6,150,173,0,5.4
PROG-003426,MPLADS-003426,95.9,97.6,150,182,0,1.7
PROG-003427,MPLADS-003427,95.7,86.9,120,119,0,-8.8
PROG-003428,MPLADS-003428,80.8,92.5,400,402,0,11.7
PROG-003429,MPLADS-003429,82.7,85.5,210,210,0,2.8
PROG-003430,MPLADS-003430,78.0,97.2,210,206,0,19.2
PROG-003431,MPLADS-003431,89.5,89.6,60,48,0,0.1
PROG-003432,MPLADS-003432,75.9,91.7,120,124,0,15.8
PROG-003433,MPLADS-003433,86.4,95.2,180,198,0,8.8
PROG-003434,MPLADS-003434,99.6,86.1,400,407,0,-13.5
PROG-003435,MPLADS-003435,73.2,97.2,160,173,0,24.0
PROG-003436,MPLADS-003436,72.4,94.3,180,720,3,21.9
PROG-003437,MPLADS-003437,94.4,89.3,120,122,0,-5.1
PROG-003438,MPLADS-003438,96.1,93.5,210,232,0,-2.6
PROG-003439,MPLADS-003439,88.8,94.1,180,194,0,5.3
PROG-003440,MPLADS-003440,34.5,93.1,120,137,0,58.6
PROG-003441,MPLADS-003441,71.7,89.8,180,169,0,18.1
PROG-003442,MPLADS-003442,77.0,93.5,120,147,0,16.5
PROG-003443,MPLADS-003443,0.0,100.0,150,147,0,100.0
PROG-003444,MPLADS-003444,90.5,87.2,180,181,0,-3.3
PROG-003445,MPLADS-003445,97.3,88.3,160,154,0,-9.0
PROG-003446,MPLADS-003446,73.5,92.5,400,392,0,19.0
PROG-003447,MPLADS-003447,83.0,89.0,60,55,0,6.0
PROG-003448,MPLADS-003448,83.3,86.1,120,140,0,2.8
PROG-003449,MPLADS-003449,0.0,100.0,160,155,0,100.0
PROG-003450,MPLADS-003450,73.0,96.7,90,102,0,23.7
PROG-003451,MPLADS-003451,86.0,96.8,210,237,0,10.8
PROG-003452,MPLADS-003452,72.0,90.0,160,194,0,18.0
PROG-003453,MPLADS-003453,95.7,86.5,210,210,0,-9.2
PROG-003454,MPLADS-003454,60.2,91.8,150,450,2,31.6
PROG-003455,MPLADS-003455,89.8,94.8,120,107,0,5.0
PROG-003456,MPLADS-003456,89.5,88.8,400,416,0,-0.7
PROG-003457,MPLADS-003457,31.9,98.3,400,398,0,66.4
PROG-003458,MPLADS-003458,99.6,86.4,400,424,0,-13.2
PROG-003459,MPLADS-003459,87.9,93.4,210,197,0,5.5
PROG-003460,MPLADS-003460,86.1,86.7,400,392,0,0.6
PROG-003461,MPLADS-003461,96.5,91.4,400,395,0,-5.1
PROG-003462,MPLADS-003462,91.3,96.9,120,145,0,5.6
PROG-003463,MPLADS-003463,90.9,89.1,90,94,0,-1.8
PROG-003464,MPLADS-003464,16.3,85.1,150,172,0,68.8
PROG-003465,MPLADS-003465,98.2,87.6,120,150,0,-10.6
PROG-003466,MPLADS-003466,75.4,93.7,150,143,0,18.3
PROG-003467,MPLADS-003467,93.4,89.4,120,111,0,-4.0
PROG-003468,MPLADS-003468,76.3,87.8,60,58,0,11.5
PROG-003469,MPLADS-003469,97.0,88.5,400,411,0,-8.5
PROG-003470,MPLADS-003470,92.3,93.5,60,82,0,1.2
PROG-003471,MPLADS-003471,86.1,97.8,90,86,0,11.7
PROG-003472,MPLADS-003472,85.1,85.1,150,173,0,0.0
PROG-003473,MPLADS-003473,73.5,88.7,60,48,0,15.2
PROG-003474,MPLADS-003474,98.4,96.3,180,190,0,-2.1
PROG-003475,MPLADS-003475,71.3,88.9,90,83,0,17.6
PROG-003476,MPLADS-003476,96.0,95.9,60,65,0,-0.1
PROG-003477,MPLADS-003477,99.1,89.1,210,233,0,-10.0
PROG-003478,MPLADS-003478,82.0,93.3,150,154,0,11.3
PROG-003479,MPLADS-003479,78.7,94.0,210,200,0,15.3
PROG-003480,MPLADS-003480,97.4,96.7,150,164,0,-0.7
PROG-003481,MPLADS-003481,73.1,96.6,400,387,0,23.5
PROG-003482,MPLADS-003482,89.4,97.2,120,147,0,7.8
PROG-003483,MPLADS-003483,79.2,87.0,160,190,0,7.8
PROG-003484,MPLADS-003484,94.0,93.8,60,86,0,-0.2
PROG-003485,MPLADS-003485,81.1,87.2,90,86,0,6.1
PROG-003486,MPLADS-003486,95.1,94.2,150,135,0,-0.9
PROG-003487,MPLADS-003487,79.7,97.6,60,49,0,17.9
PROG-003488,MPLADS-003488,19.9,64.0,180,181,0,44.1
PROG-003489,MPLADS-003489,70.3,86.5,60,78,0,16.2
PROG-003490,MPLADS-003490,75.5,94.3,400,397,0,18.8
PROG-003491,MPLADS-003491,99.4,94.4,160,180,0,-5.0
PROG-003492,MPLADS-003492,99.0,94.1,60,89,0,-4.9
PROG-003493,MPLADS-003493,23.9,56.7,90,105,0,32.8
PROG-003494,MPLADS-003494,93.1,89.7,180,211,0,-3.4
PROG-003495,MPLADS-003495,71.3,97.8,160,176,0,26.5
PROG-003496,MPLADS-003496,26.7,94.8,160,154,0,68.1
PROG-003497,MPLADS-003497,10.3,55.5,150,139,0,45.2
PROG-003498,MPLADS-003498,84.4,94.3,60,66,0,9.9
PROG-003499,MPLADS-003499,80.9,87.6,180,204,0,6.7
PROG-003500,MPLADS-003500,81.2,87.9,160,147,0,6.7
PROG-003501,MPLADS-003501,0.0,100.0,120,126,0,100.0
PROG-003502,MPLADS-003502,79.3,92.1,160,171,0,12.8
PROG-003503,MPLADS-003503,83.3,89.9,180,201,0,6.6
PROG-003504,MPLADS-003504,98.6,86.1,120,135,0,-12.5
PROG-003505,MPLADS-003505,73.1,91.1,210,242,0,18.0
PROG-003506,MPLADS-003506,79.8,97.7,210,203,0,17.9
PROG-003507,MPLADS-003507,95.0,97.1,60,76,0,2.1
PROG-003508,MPLADS-003508,81.4,95.0,120,150,0,13.6
PROG-003509,MPLADS-003509,84.5,92.5,120,140,0,8.0
PROG-003510,MPLADS-003510,72.3,90.1,150,156,0,17.8
PROG-003511,MPLADS-003511,81.2,91.9,60,71,0,10.7
PROG-003512,MPLADS-003512,94.0,85.3,180,208,0,-8.7
PROG-003513,MPLADS-003513,98.9,96.3,60,80,0,-2.6
PROG-003514,MPLADS-003514,71.9,93.9,90,91,0,22.0
PROG-003515,MPLADS-003515,92.4,97.5,400,418,0,5.1
PROG-003516,MPLADS-003516,83.9,91.4,150,142,0,7.5
PROG-003517,MPLADS-003517,74.6,89.0,90,96,0,14.4
PROG-003518,MPLADS-003518,87.9,85.4,400,404,0,-2.5
PROG-003519,MPLADS-003519,77.9,95.1,90,84,0,17.2
PROG-003520,MPLADS-003520,71.6,86.1,120,136,0,14.5
PROG-003521,MPLADS-003521,94.3,85.4,60,90,0,-8.9
PROG-003522,MPLADS-003522,86.7,87.2,400,401,0,0.5
PROG-003523,MPLADS-003523,84.4,89.7,160,182,0,5.3
PROG-003524,MPLADS-003524,84.7,94.7,150,147,0,10.0
PROG-003525,MPLADS-003525,90.5,93.7,120,123,0,3.2
PROG-003526,MPLADS-003526,19.2,89.1,120,113,0,69.9
PROG-003527,MPLADS-003527,74.0,94.9,60,74,0,20.9
PROG-003528,MPLADS-003528,81.7,89.5,160,185,0,7.8
PROG-003529,MPLADS-003529,78.4,92.1,60,90,0,13.7
PROG-003530,MPLADS-003530,85.1,96.7,400,409,0,11.6
PROG-003531,MPLADS-003531,70.7,92.5,60,49,0,21.8
PROG-003532,MPLADS-003532,71.3,96.2,400,389,0,24.9
PROG-003533,MPLADS-003533,80.9,88.8,60,79,0,7.9
PROG-003534,MPLADS-003534,82.3,85.2,400,427,0,2.9
PROG-003535,MPLADS-003535,92.8,94.7,120,107,0,1.9
PROG-003536,MPLADS-003536,99.6,89.1,150,147,0,-10.5
PROG-003537,MPLADS-003537,93.6,88.8,180,169,0,-4.8
PROG-003538,MPLADS-003538,79.8,97.7,210,196,0,17.9
PROG-003539,MPLADS-003539,91.4,88.3,150,157,0,-3.1
PROG-003540,MPLADS-003540,95.8,95.5,120,129,0,-0.3
PROG-003541,MPLADS-003541,74.4,96.0,60,79,0,21.6
PROG-003542,MPLADS-003542,81.7,85.1,90,106,0,3.4
PROG-003543,MPLADS-003543,86.1,94.9,210,199,0,8.8
PROG-003544,MPLADS-003544,73.5,96.4,120,138,0,22.9
PROG-003545,MPLADS-003545,75.1,89.7,90,105,0,14.6
PROG-003546,MPLADS-003546,74.5,97.6,160,189,0,23.1
PROG-003547,MPLADS-003547,71.8,87.2,400,421,0,15.4
PROG-003548,MPLADS-003548,91.2,87.8,90,89,0,-3.4
PROG-003549,MPLADS-003549,76.4,91.8,90,119,0,15.4
PROG-003550,MPLADS-003550,22.9,94.0,160,191,0,71.1
PROG-003551,MPLADS-003551,0.0,100.0,160,154,0,100.0
PROG-003552,MPLADS-003552,84.0,89.9,210,244,0,5.9
PROG-003553,MPLADS-003553,82.0,92.9,120,132,0,10.9
PROG-003554,MPLADS-003554,88.5,93.1,160,178,0,4.6
PROG-003555,MPLADS-003555,50.6,90.0,160,480,4,39.4
PROG-003556,MPLADS-003556,92.0,88.2,120,151,0,-3.8
PROG-003557,MPLADS-003557,99.5,87.0,60,91,0,-12.5
PROG-003558,MPLADS-003558,98.2,87.0,120,123,0,-11.2
PROG-003559,MPLADS-003559,95.4,97.3,60,85,0,1.9
PROG-003560,MPLADS-003560,77.4,144.3,90,124,0,66.9
PROG-003561,MPLADS-003561,78.0,140.2,160,185,0,62.2
PROG-003562,MPLADS-003562,78.3,95.7,150,178,0,17.4
PROG-003563,MPLADS-003563,90.0,92.1,210,236,0,2.1
PROG-003564,MPLADS-003564,77.7,94.3,180,207,0,16.6
PROG-003565,MPLADS-003565,88.1,87.8,400,405,0,-0.3
PROG-003566,MPLADS-003566,73.3,92.0,180,182,0,18.7
PROG-003567,MPLADS-003567,70.9,85.2,150,171,0,14.3
PROG-003568,MPLADS-003568,71.3,86.3,180,193,0,15.0
PROG-003569,MPLADS-003569,87.0,96.5,90,75,0,9.5
PROG-003570,MPLADS-003570,78.8,85.9,210,198,0,7.1
PROG-003571,MPLADS-003571,17.8,94.2,60,58,0,76.4
PROG-003572,MPLADS-003572,24.4,97.4,90,108,0,73.0
PROG-003573,MPLADS-003573,90.4,92.9,90,111,0,2.5
PROG-003574,MPLADS-003574,97.8,86.9,160,183,0,-10.9
PROG-003575,MPLADS-003575,74.3,91.5,400,404,0,17.2
PROG-003576,MPLADS-003576,75.9,92.9,150,176,0,17.0
PROG-003577,MPLADS-003577,93.3,89.0,210,198,0,-4.3
PROG-003578,MPLADS-003578,67.4,95.0,400,1600,3,27.6
PROG-003579,MPLADS-003579,82.8,86.3,60,61,0,3.5
PROG-003580,MPLADS-003580,98.6,96.8,210,203,0,-1.8
PROG-003581,MPLADS-003581,30.7,92.4,160,154,0,61.7
PROG-003582,MPLADS-003582,84.4,97.0,150,184,0,12.6
PROG-003583,MPLADS-003583,96.2,90.7,150,145,0,-5.5
PROG-003584,MPLADS-003584,89.0,94.7,120,135,0,5.7
PROG-003585,MPLADS-003585,87.0,95.6,160,176,0,8.6
PROG-003586,MPLADS-003586,88.3,95.1,120,117,0,6.8
PROG-003587,MPLADS-003587,74.1,97.3,120,111,0,23.2
PROG-003588,MPLADS-003588,96.1,91.5,60,53,0,-4.6
PROG-003589,MPLADS-003589,79.9,90.9,210,218,0,11.0
PROG-003590,MPLADS-003590,70.2,85.5,120,114,0,15.3
PROG-003591,MPLADS-003591,87.5,85.1,60,48,0,-2.4
PROG-003592,MPLADS-003592,83.4,86.6,400,433,0,3.2
PROG-003593,MPLADS-003593,88.4,94.7,150,159,0,6.3
PROG-003594,MPLADS-003594,86.1,96.4,180,197,0,10.3
PROG-003595,MPLADS-003595,77.8,93.9,160,148,0,16.1
PROG-003596,MPLADS-003596,92.7,90.6,150,173,0,-2.1
PROG-003597,MPLADS-003597,76.3,92.8,60,65,0,16.5
PROG-003598,MPLADS-003598,92.5,96.6,180,172,0,4.1
PROG-003599,MPLADS-003599,97.0,86.2,180,191,0,-10.8
PROG-003600,MPLADS-003600,33.0,89.2,400,391,0,56.2
PROG-003601,MPLADS-003601,73.8,88.3,180,196,0,14.5
PROG-003602,MPLADS-003602,97.4,91.3,150,181,0,-6.1
PROG-003603,MPLADS-003603,19.9,97.2,160,152,0,77.3
PROG-003604,MPLADS-003604,71.5,88.5,400,411,0,17.0
PROG-003605,MPLADS-003605,84.5,95.8,150,154,0,11.3
PROG-003606,MPLADS-003606,78.3,91.7,60,53,0,13.4
PROG-003607,MPLADS-003607,76.4,90.7,60,93,0,14.3
PROG-003608,MPLADS-003608,76.7,86.6,180,176,0,9.9
PROG-003609,MPLADS-003609,78.1,88.2,90,115,0,10.1
PROG-003610,MPLADS-003610,91.7,155.5,90,92,0,63.8
PROG-003611,MPLADS-003611,94.4,96.9,210,232,0,2.5
PROG-003612,MPLADS-003612,85.5,94.5,210,237,0,9.0
PROG-003613,MPLADS-003613,99.4,91.0,150,169,0,-8.4
PROG-003614,MPLADS-003614,88.6,86.8,180,214,0,-1.8
PROG-003615,MPLADS-003615,97.9,93.8,210,216,0,-4.1
PROG-003616,MPLADS-003616,90.5,89.5,210,220,0,-1.0
PROG-003617,MPLADS-003617,18.3,98.5,180,176,0,80.2
PROG-003618,MPLADS-003618,78.3,87.4,150,149,0,9.1
PROG-003619,MPLADS-003619,83.9,85.1,180,181,0,1.2
PROG-003620,MPLADS-003620,74.9,90.6,210,218,0,15.7
PROG-003621,MPLADS-003621,80.9,92.9,210,219,0,12.0
PROG-003622,MPLADS-003622,99.4,87.9,90,118,0,-11.5
PROG-003623,MPLADS-003623,98.1,96.7,400,426,0,-1.4
PROG-003624,MPLADS-003624,84.6,89.3,120,139,0,4.7
PROG-003625,MPLADS-003625,91.2,96.3,180,191,0,5.1
PROG-003626,MPLADS-003626,86.8,90.6,120,107,0,3.8
PROG-003627,MPLADS-003627,94.5,85.7,90,104,0,-8.8
PROG-003628,MPLADS-003628,81.7,94.0,90,98,0,12.3
PROG-003629,MPLADS-003629,87.2,91.1,210,243,0,3.9
PROG-003630,MPLADS-003630,82.2,97.6,180,165,0,15.4
PROG-003631,MPLADS-003631,94.5,93.3,210,241,0,-1.2
PROG-003632,MPLADS-003632,71.3,91.6,150,179,0,20.3
PROG-003633,MPLADS-003633,72.5,86.6,120,128,0,14.1
PROG-003634,MPLADS-003634,72.2,92.1,120,119,0,19.9
PROG-003635,MPLADS-003635,83.0,95.8,120,115,0,12.8
PROG-003636,MPLADS-003636,90.4,94.2,150,139,0,3.8
PROG-003637,MPLADS-003637,78.0,88.5,400,410,0,10.5
PROG-003638,MPLADS-003638,89.7,94.0,150,155,0,4.3
PROG-003639,MPLADS-003639,78.9,90.8,60,56,0,11.9
PROG-003640,MPLADS-003640,78.9,87.2,90,88,0,8.3
PROG-003641,MPLADS-003641,87.4,91.6,400,395,0,4.2
PROG-003642,MPLADS-003642,83.2,89.4,400,403,0,6.2
PROG-003643,MPLADS-003643,83.9,134.1,210,225,0,50.2
PROG-003644,MPLADS-003644,89.4,87.3,160,158,0,-2.1
PROG-003645,MPLADS-003645,84.6,130.0,400,430,0,45.4
PROG-003646,MPLADS-003646,0.0,100.0,210,229,0,100.0
PROG-003647,MPLADS-003647,42.3,86.7,180,540,2,44.4
PROG-003648,MPLADS-003648,99.0,94.8,160,148,0,-4.2
PROG-003649,MPLADS-003649,29.5,93.1,90,92,0,63.6
PROG-003650,MPLADS-003650,77.4,93.3,210,218,0,15.9
PROG-003651,MPLADS-003651,92.1,95.8,210,227,0,3.7
PROG-003652,MPLADS-003652,91.2,90.2,120,118,0,-1.0
PROG-003653,MPLADS-003653,93.2,85.5,120,139,0,-7.7
PROG-003654,MPLADS-003654,72.3,92.0,400,389,0,19.7
PROG-003655,MPLADS-003655,74.4,87.0,400,392,0,12.6
PROG-003656,MPLADS-003656,99.6,95.4,60,70,0,-4.2
PROG-003657,MPLADS-003657,73.8,93.5,90,85,0,19.7
PROG-003658,MPLADS-003658,73.2,90.2,150,173,0,17.0
PROG-003659,MPLADS-003659,26.0,89.2,60,92,0,63.2
PROG-003660,MPLADS-003660,96.4,96.0,400,385,0,-0.4
PROG-003661,MPLADS-003661,74.8,85.3,160,159,0,10.5
PROG-003662,MPLADS-003662,71.3,157.6,120,116,0,86.3
PROG-003663,MPLADS-003663,80.2,90.7,150,154,0,10.5
PROG-003664,MPLADS-003664,95.4,85.9,150,177,0,-9.5
PROG-003665,MPLADS-003665,87.0,97.3,400,391,0,10.3
PROG-003666,MPLADS-003666,93.8,85.1,210,198,0,-8.7
PROG-003667,MPLADS-003667,79.7,93.3,400,385,0,13.6
PROG-003668,MPLADS-003668,80.3,93.5,160,149,0,13.2
PROG-003669,MPLADS-003669,94.6,86.6,400,402,0,-8.0
PROG-003670,MPLADS-003670,80.2,85.0,210,218,0,4.8
PROG-003671,MPLADS-003671,97.1,92.3,150,164,0,-4.8
PROG-003672,MPLADS-003672,88.4,90.6,60,74,0,2.2
PROG-003673,MPLADS-003673,93.7,89.3,160,175,0,-4.4
PROG-003674,MPLADS-003674,21.5,98.8,180,190,0,77.3
PROG-003675,MPLADS-003675,85.8,88.1,210,230,0,2.3
PROG-003676,MPLADS-003676,86.4,94.4,400,394,0,8.0
PROG-003677,MPLADS-003677,79.8,97.7,150,146,0,17.9
PROG-003678,MPLADS-003678,80.7,90.2,400,431,0,9.5
PROG-003679,MPLADS-003679,83.0,93.7,210,202,0,10.7
PROG-003680,MPLADS-003680,73.9,87.8,120,145,0,13.9
PROG-003681,MPLADS-003681,82.0,94.2,210,241,0,12.2
PROG-003682,MPLADS-003682,61.2,94.7,400,1600,2,33.5
PROG-003683,MPLADS-003683,90.8,90.8,400,390,0,0.0
PROG-003684,MPLADS-003684,98.4,91.0,150,174,0,-7.4
PROG-003685,MPLADS-003685,20.1,97.1,150,164,0,77.0
PROG-003686,MPLADS-003686,77.7,88.5,180,199,0,10.8
PROG-003687,MPLADS-003687,84.3,153.7,400,417,0,69.4
PROG-003688,MPLADS-003688,70.6,86.2,60,58,0,15.6
PROG-003689,MPLADS-003689,98.7,88.8,60,79,0,-9.9
PROG-003690,MPLADS-003690,92.4,90.0,400,432,0,-2.4
PROG-003691,MPLADS-003691,84.0,91.1,210,213,0,7.1
PROG-003692,MPLADS-003692,74.0,93.8,160,171,0,19.8
PROG-003693,MPLADS-003693,96.9,152.5,150,149,0,55.6
PROG-003694,MPLADS-003694,96.5,96.2,60,81,0,-0.3
PROG-003695,MPLADS-003695,40.2,94.3,90,360,3,54.1
PROG-003696,MPLADS-003696,89.8,86.7,400,432,0,-3.1
PROG-003697,MPLADS-003697,90.6,88.6,60,70,0,-2.0
PROG-003698,MPLADS-003698,71.4,97.0,120,360,4,25.6
PROG-003699,MPLADS-003699,51.5,89.2,60,240,3,37.7
PROG-003700,MPLADS-003700,96.6,86.3,400,387,0,-10.3
PROG-003701,MPLADS-003701,88.3,97.2,120,146,0,8.9
PROG-003702,MPLADS-003702,84.6,94.0,90,115,0,9.4
PROG-003703,MPLADS-003703,96.5,95.2,150,148,0,-1.3
PROG-003704,MPLADS-003704,84.0,92.6,400,423,0,8.6
PROG-003705,MPLADS-003705,72.2,87.1,180,165,0,14.9
PROG-003706,MPLADS-003706,83.3,86.9,90,120,0,3.6
PROG-003707,MPLADS-003707,73.9,96.5,160,163,0,22.6
PROG-003708,MPLADS-003708,78.7,86.3,210,226,0,7.6
PROG-003709,MPLADS-003709,86.8,90.5,150,152,0,3.7
PROG-003710,MPLADS-003710,99.0,87.0,180,176,0,-12.0
PROG-003711,MPLADS-003711,77.9,94.5,60,59,0,16.6
PROG-003712,MPLADS-003712,0.0,100.0,60,79,0,100.0
PROG-003713,MPLADS-003713,43.4,90.8,60,240,4,47.4
PROG-003714,MPLADS-003714,87.3,97.1,90,124,0,9.8
PROG-003715,MPLADS-003715,96.7,97.8,120,123,0,1.1
PROG-003716,MPLADS-003716,45.9,93.2,60,240,2,47.3
PROG-003717,MPLADS-003717,64.1,85.9,150,600,3,21.8
PROG-003718,MPLADS-003718,30.3,89.5,150,162,0,59.2
PROG-003719,MPLADS-003719,70.6,87.1,90,82,0,16.5
PROG-003720,MPLADS-003720,99.1,86.4,180,180,0,-12.7
PROG-003721,MPLADS-003721,70.6,94.5,180,191,0,23.9
PROG-003722,MPLADS-003722,76.3,90.5,60,69,0,14.2
PROG-003723,MPLADS-003723,83.9,92.7,400,394,0,8.8
PROG-003724,MPLADS-003724,75.0,93.1,150,171,0,18.1
PROG-003725,MPLADS-003725,79.8,91.2,60,50,0,11.4
PROG-003726,MPLADS-003726,74.2,88.3,90,92,0,14.1
PROG-003727,MPLADS-003727,82.5,86.7,160,145,0,4.2
PROG-003728,MPLADS-003728,90.7,87.0,180,201,0,-3.7
PROG-003729,MPLADS-003729,83.4,92.2,150,181,0,8.8
PROG-003730,MPLADS-003730,73.4,97.0,180,214,0,23.6
PROG-003731,MPLADS-003731,81.2,97.4,210,222,0,16.2
PROG-003732,MPLADS-003732,100.0,86.6,60,62,0,-13.4
PROG-003733,MPLADS-003733,86.9,90.2,210,238,0,3.3
PROG-003734,MPLADS-003734,70.9,97.0,160,148,0,26.1
PROG-003735,MPLADS-003735,98.0,92.4,90,113,0,-5.6
PROG-003736,MPLADS-003736,99.7,90.2,160,176,0,-9.5
PROG-003737,MPLADS-003737,87.7,87.6,150,138,0,-0.1
PROG-003738,MPLADS-003738,34.4,88.9,60,47,0,54.5
PROG-003739,MPLADS-003739,85.6,90.3,120,148,0,4.7
PROG-003740,MPLADS-003740,0.0,100.0,150,162,0,100.0
PROG-003741,MPLADS-003741,95.2,93.2,210,211,0,-2.0
PROG-003742,MPLADS-003742,91.0,89.0,180,211,0,-2.0
PROG-003743,MPLADS-003743,93.0,92.9,160,145,0,-0.1
PROG-003744,MPLADS-003744,96.9,97.0,210,201,0,0.1
PROG-003745,MPLADS-003745,96.7,87.1,60,56,0,-9.6
PROG-003746,MPLADS-003746,74.3,91.9,120,137,0,17.6
PROG-003747,MPLADS-003747,86.3,96.3,210,212,0,10.0
PROG-003748,MPLADS-003748,70.9,95.1,120,125,0,24.2
PROG-003749,MPLADS-003749,0.0,100.0,60,68,0,100.0
PROG-003750,MPLADS-003750,87.7,94.4,90,113,0,6.7
PROG-003751,MPLADS-003751,73.4,94.6,60,90,0,21.2
PROG-003752,MPLADS-003752,87.3,93.9,400,422,0,6.6
PROG-003753,MPLADS-003753,78.0,90.9,60,60,0,12.9
PROG-003754,MPLADS-003754,96.3,92.1,180,187,0,-4.2
PROG-003755,MPLADS-003755,99.0,87.7,160,174,0,-11.3
PROG-003756,MPLADS-003756,21.5,90.5,120,142,0,69.0
PROG-003757,MPLADS-003757,86.6,89.9,180,197,0,3.3
PROG-003758,MPLADS-003758,78.8,89.1,120,126,0,10.3
PROG-003759,MPLADS-003759,92.1,86.0,90,113,0,-6.1
PROG-003760,MPLADS-003760,80.1,94.5,160,183,0,14.4
PROG-003761,MPLADS-003761,80.5,90.1,150,144,0,9.6
PROG-003762,MPLADS-003762,31.6,90.8,90,101,0,59.2
PROG-003763,MPLADS-003763,88.0,90.8,150,166,0,2.8
PROG-003764,MPLADS-003764,73.4,85.7,90,122,0,12.3
PROG-003765,MPLADS-003765,69.8,93.1,60,240,3,23.3
PROG-003766,MPLADS-003766,73.9,92.5,120,110,0,18.6
PROG-003767,MPLADS-003767,84.3,97.0,160,193,0,12.7
PROG-003768,MPLADS-003768,71.8,97.7,150,179,0,25.9
PROG-003769,MPLADS-003769,88.9,95.5,180,212,0,6.6
PROG-003770,MPLADS-003770,72.2,95.1,150,175,0,22.9
PROG-003771,MPLADS-003771,71.8,95.0,120,111,0,23.2
PROG-003772,MPLADS-003772,83.5,133.5,160,159,0,50.0
PROG-003773,MPLADS-003773,90.0,92.9,90,107,0,2.9
PROG-003774,MPLADS-003774,99.3,96.5,90,120,0,-2.8
PROG-003775,MPLADS-003775,86.5,89.7,400,392,0,3.2
PROG-003776,MPLADS-003776,66.6,97.8,60,180,2,31.2
PROG-003777,MPLADS-003777,80.9,88.2,210,211,0,7.3
PROG-003778,MPLADS-003778,52.4,98.0,160,640,4,45.6
PROG-003779,MPLADS-003779,88.4,152.8,60,87,0,64.4
PROG-003780,MPLADS-003780,73.4,88.8,60,78,0,15.4
PROG-003781,MPLADS-003781,74.0,90.8,400,429,0,16.8
PROG-003782,MPLADS-003782,78.1,93.9,210,221,0,15.8
PROG-003783,MPLADS-003783,84.0,86.3,180,209,0,2.3
PROG-003784,MPLADS-003784,86.2,95.8,120,130,0,9.6
PROG-003785,MPLADS-003785,84.9,89.5,120,130,0,4.6
PROG-003786,MPLADS-003786,18.7,60.5,120,120,0,41.8
PROG-003787,MPLADS-003787,72.3,97.4,120,114,0,25.1
PROG-003788,MPLADS-003788,33.3,94.6,120,119,0,61.3
PROG-003789,MPLADS-003789,94.5,96.3,160,184,0,1.8
PROG-003790,MPLADS-003790,31.0,96.3,60,85,0,65.3
PROG-003791,MPLADS-003791,96.1,94.7,160,148,0,-1.4
PROG-003792,MPLADS-003792,80.5,90.4,180,171,0,9.9
PROG-003793,MPLADS-003793,75.1,90.7,180,182,0,15.6
PROG-003794,MPLADS-003794,83.8,91.0,180,188,0,7.2
PROG-003795,MPLADS-003795,96.9,144.8,160,173,0,47.9
PROG-003796,MPLADS-003796,73.9,146.3,90,79,0,72.4
PROG-003797,MPLADS-003797,91.3,89.5,60,47,0,-1.8
PROG-003798,MPLADS-003798,95.9,91.8,120,129,0,-4.1
PROG-003799,MPLADS-003799,98.6,86.2,210,234,0,-12.4
PROG-003800,MPLADS-003800,84.9,96.9,90,121,0,12.0
PROG-003801,MPLADS-003801,85.3,143.6,160,191,0,58.3
PROG-003802,MPLADS-003802,80.3,96.5,150,168,0,16.2
PROG-003803,MPLADS-003803,78.3,97.5,400,418,0,19.2
PROG-003804,MPLADS-003804,97.3,92.0,60,87,0,-5.3
PROG-003805,MPLADS-003805,55.1,95.1,400,1200,2,40.0
PROG-003806,MPLADS-003806,76.1,91.4,120,135,0,15.3
PROG-003807,MPLADS-003807,70.4,94.6,400,386,0,24.2
PROG-003808,MPLADS-003808,80.2,149.7,120,136,0,69.5
PROG-003809,MPLADS-003809,85.3,95.8,210,202,0,10.5
PROG-003810,MPLADS-003810,98.8,89.9,120,128,0,-8.9
PROG-003811,MPLADS-003811,77.2,86.8,60,45,0,9.6
PROG-003812,MPLADS-003812,72.4,89.0,60,63,0,16.6
PROG-003813,MPLADS-003813,0.0,100.0,90,75,0,100.0
PROG-003814,MPLADS-003814,98.8,128.5,180,211,0,29.7
PROG-003815,MPLADS-003815,93.9,96.4,60,48,0,2.5
PROG-003816,MPLADS-003816,75.4,95.1,90,103,0,19.7
PROG-003817,MPLADS-003817,97.9,93.9,160,146,0,-4.0
PROG-003818,MPLADS-003818,73.5,88.1,180,213,0,14.6
PROG-003819,MPLADS-003819,74.9,95.8,150,135,0,20.9
PROG-003820,MPLADS-003820,86.4,94.1,90,98,0,7.7
PROG-003821,MPLADS-003821,87.4,88.0,180,194,0,0.6
PROG-003822,MPLADS-003822,82.2,95.9,160,190,0,13.7
PROG-003823,MPLADS-003823,95.2,96.6,400,432,0,1.4
PROG-003824,MPLADS-003824,72.5,89.8,160,157,0,17.3
PROG-003825,MPLADS-003825,83.8,91.1,160,174,0,7.3
PROG-003826,MPLADS-003826,85.5,85.8,400,389,0,0.3
PROG-003827,MPLADS-003827,72.7,92.2,150,170,0,19.5
PROG-003828,MPLADS-003828,90.2,88.0,180,176,0,-2.2
PROG-003829,MPLADS-003829,80.7,87.5,210,233,0,6.8
PROG-003830,MPLADS-003830,80.9,85.5,160,181,0,4.6
PROG-003831,MPLADS-003831,90.0,126.4,150,178,0,36.4
PROG-003832,MPLADS-003832,22.0,85.4,400,415,0,63.4
PROG-003833,MPLADS-003833,87.0,97.6,120,120,0,10.6
PROG-003834,MPLADS-003834,84.4,96.9,400,411,0,12.5
PROG-003835,MPLADS-003835,89.9,88.1,150,149,0,-1.8
PROG-003836,MPLADS-003836,68.5,89.2,210,840,3,20.7
PROG-003837,MPLADS-003837,95.6,93.0,150,173,0,-2.6
PROG-003838,MPLADS-003838,81.7,86.0,180,190,0,4.3
PROG-003839,MPLADS-003839,88.6,95.0,60,74,0,6.4
PROG-003840,MPLADS-003840,97.1,91.7,400,423,0,-5.4
PROG-003841,MPLADS-003841,97.9,90.0,60,94,0,-7.9
PROG-003842,MPLADS-003842,92.8,96.8,150,136,0,4.0
PROG-003843,MPLADS-003843,87.6,86.7,60,55,0,-0.9
PROG-003844,MPLADS-003844,75.8,88.6,120,115,0,12.8
PROG-003845,MPLADS-003845,95.8,154.2,210,206,0,58.4
PROG-003846,MPLADS-003846,79.2,97.3,90,89,0,18.1
PROG-003847,MPLADS-003847,78.2,90.7,120,118,0,12.5
PROG-003848,MPLADS-003848,90.8,93.7,160,166,0,2.9
PROG-003849,MPLADS-003849,81.5,93.0,90,105,0,11.5
PROG-003850,MPLADS-003850,97.9,88.2,60,51,0,-9.7
PROG-003851,MPLADS-003851,77.3,88.9,120,139,0,11.6
PROG-003852,MPLADS-003852,89.6,90.9,150,157,0,1.3
PROG-003853,MPLADS-003853,73.7,88.8,180,200,0,15.1
PROG-003854,MPLADS-003854,93.5,85.9,60,72,0,-7.6
PROG-003855,MPLADS-003855,78.1,96.8,150,156,0,18.7
PROG-003856,MPLADS-003856,80.6,93.2,90,79,0,12.6
PROG-003857,MPLADS-003857,95.8,90.8,210,228,0,-5.0
PROG-003858,MPLADS-003858,98.2,88.1,160,149,0,-10.1
PROG-003859,MPLADS-003859,79.4,88.2,150,179,0,8.8
PROG-003860,MPLADS-003860,89.6,87.8,90,108,0,-1.8
PROG-003861,MPLADS-003861,84.3,88.9,210,226,0,4.6
PROG-003862,MPLADS-003862,59.6,95.6,150,600,3,36.0
PROG-003863,MPLADS-003863,76.8,93.6,90,115,0,16.8
PROG-003864,MPLADS-003864,22.6,95.2,150,152,0,72.6
PROG-003865,MPLADS-003865,75.4,92.6,400,409,0,17.2
PROG-003866,MPLADS-003866,92.6,90.5,400,415,0,-2.1
PROG-003867,MPLADS-003867,79.2,138.2,60,54,0,59.0
PROG-003868,MPLADS-003868,82.1,85.6,210,231,0,3.5
PROG-003869,MPLADS-003869,26.1,96.7,60,71,0,70.6
PROG-003870,MPLADS-003870,82.2,157.0,150,140,0,74.8
PROG-003871,MPLADS-003871,72.5,95.4,400,417,0,22.9
PROG-003872,MPLADS-003872,0.0,100.0,400,395,0,100.0
PROG-003873,MPLADS-003873,82.5,93.9,400,394,0,11.4
PROG-003874,MPLADS-003874,99.8,88.3,60,49,0,-11.5
PROG-003875,MPLADS-003875,85.4,97.0,400,422,0,11.6
PROG-003876,MPLADS-003876,80.7,96.8,160,169,0,16.1
PROG-003877,MPLADS-003877,70.7,128.5,60,46,0,57.8
PROG-003878,MPLADS-003878,85.9,93.6,150,183,0,7.7
PROG-003879,MPLADS-003879,78.5,135.0,120,150,0,56.5
PROG-003880,MPLADS-003880,76.5,95.0,210,204,0,18.5
PROG-003881,MPLADS-003881,80.3,89.6,180,175,0,9.3
PROG-003882,MPLADS-003882,96.9,97.1,60,53,0,0.2
PROG-003883,MPLADS-003883,76.6,92.2,120,133,0,15.6
PROG-003884,MPLADS-003884,96.1,85.4,60,83,0,-10.7
PROG-003885,MPLADS-003885,78.8,89.6,150,182,0,10.8
PROG-003886,MPLADS-003886,95.3,91.2,160,165,0,-4.1
PROG-003887,MPLADS-003887,73.1,87.7,180,183,0,14.6
PROG-003888,MPLADS-003888,81.6,87.0,180,190,0,5.4
PROG-003889,MPLADS-003889,98.7,93.3,90,95,0,-5.4
PROG-003890,MPLADS-003890,97.5,86.9,160,192,0,-10.6
PROG-003891,MPLADS-003891,70.8,95.1,90,79,0,24.3
PROG-003892,MPLADS-003892,95.1,96.4,120,108,0,1.3
PROG-003893,MPLADS-003893,80.5,85.3,90,75,0,4.8
PROG-003894,MPLADS-003894,84.6,97.2,90,118,0,12.6
PROG-003895,MPLADS-003895,91.1,95.2,60,76,0,4.1
PROG-003896,MPLADS-003896,75.4,85.9,160,193,0,10.5
PROG-003897,MPLADS-003897,84.6,87.6,150,157,0,3.0
PROG-003898,MPLADS-003898,97.7,93.8,400,386,0,-3.9
PROG-003899,MPLADS-003899,87.9,91.3,160,147,0,3.4
PROG-003900,MPLADS-003900,78.7,93.9,90,95,0,15.2
PROG-003901,MPLADS-003901,81.8,94.1,120,154,0,12.3
PROG-003902,MPLADS-003902,94.5,87.5,180,200,0,-7.0
PROG-003903,MPLADS-003903,71.8,96.7,180,171,0,24.9
PROG-003904,MPLADS-003904,98.6,95.5,90,99,0,-3.1
PROG-003905,MPLADS-003905,96.3,96.5,180,206,0,0.2
PROG-003906,MPLADS-003906,72.0,88.8,210,218,0,16.8
PROG-003907,MPLADS-003907,71.8,97.5,90,95,0,25.7
PROG-003908,MPLADS-003908,73.3,88.4,90,75,0,15.1
PROG-003909,MPLADS-003909,94.9,94.8,160,160,0,-0.1
PROG-003910,MPLADS-003910,92.1,87.7,180,173,0,-4.4
PROG-003911,MPLADS-003911,96.5,95.7,180,204,0,-0.8
PROG-003912,MPLADS-003912,71.6,91.8,150,135,0,20.2
PROG-003913,MPLADS-003913,88.9,86.8,150,149,0,-2.1
PROG-003914,MPLADS-003914,94.4,96.3,160,175,0,1.9
PROG-003915,MPLADS-003915,95.8,89.0,400,392,0,-6.8
PROG-003916,MPLADS-003916,97.9,97.2,180,202,0,-0.7
PROG-003917,MPLADS-003917,74.2,91.9,150,171,0,17.7
PROG-003918,MPLADS-003918,21.7,59.7,160,178,0,38.0
PROG-003919,MPLADS-003919,98.9,88.6,400,388,0,-10.3
PROG-003920,MPLADS-003920,97.0,85.3,400,414,0,-11.7
PROG-003921,MPLADS-003921,81.4,96.3,150,180,0,14.9
PROG-003922,MPLADS-003922,84.7,93.6,210,228,0,8.9
PROG-003923,MPLADS-003923,87.4,88.6,60,84,0,1.2
PROG-003924,MPLADS-003924,24.7,49.4,120,123,0,24.7
PROG-003925,MPLADS-003925,71.7,91.3,210,202,0,19.6
PROG-003926,MPLADS-003926,89.3,88.8,160,155,0,-0.5
PROG-003927,MPLADS-003927,82.1,91.4,120,111,0,9.3
PROG-003928,MPLADS-003928,60.7,87.7,120,480,3,27.0
PROG-003929,MPLADS-003929,0.0,100.0,120,135,0,100.0
PROG-003930,MPLADS-003930,29.9,94.8,90,123,0,64.9
PROG-003931,MPLADS-003931,93.1,92.6,150,175,0,-0.5
PROG-003932,MPLADS-003932,98.3,94.6,160,157,0,-3.7
PROG-003933,MPLADS-003933,94.0,94.1,210,198,0,0.1
PROG-003934,MPLADS-003934,79.9,88.1,210,224,0,8.2
PROG-003935,MPLADS-003935,93.1,97.3,210,204,0,4.2
PROG-003936,MPLADS-003936,72.7,90.4,60,94,0,17.7
PROG-003937,MPLADS-003937,89.9,93.0,60,94,0,3.1
PROG-003938,MPLADS-003938,74.9,89.0,180,181,0,14.1
PROG-003939,MPLADS-003939,85.9,89.9,90,102,0,4.0
PROG-003940,MPLADS-003940,75.5,97.4,90,110,0,21.9
PROG-003941,MPLADS-003941,92.2,89.3,90,93,0,-2.9
PROG-003942,MPLADS-003942,34.9,92.6,120,151,0,57.7
PROG-003943,MPLADS-003943,81.0,89.7,60,46,0,8.7
PROG-003944,MPLADS-003944,73.5,90.6,210,224,0,17.1
PROG-003945,MPLADS-003945,97.7,90.3,160,165,0,-7.4
PROG-003946,MPLADS-003946,77.5,94.5,210,241,0,17.0
PROG-003947,MPLADS-003947,98.3,97.9,120,108,0,-0.4
PROG-003948,MPLADS-003948,80.7,94.3,400,395,0,13.6
PROG-003949,MPLADS-003949,98.4,97.7,180,181,0,-0.7
PROG-003950,MPLADS-003950,95.0,90.6,160,174,0,-4.4
PROG-003951,MPLADS-003951,97.3,88.3,210,210,0,-9.0
PROG-003952,MPLADS-003952,70.9,90.2,400,416,0,19.3
PROG-003953,MPLADS-003953,90.6,94.4,120,138,0,3.8
PROG-003954,MPLADS-003954,53.8,91.9,210,630,2,38.1
PROG-003955,MPLADS-003955,71.7,86.2,60,94,0,14.5
PROG-003956,MPLADS-003956,16.5,93.2,400,411,0,76.7
PROG-003957,MPLADS-003957,99.4,94.4,150,139,0,-5.0
PROG-003958,MPLADS-003958,15.6,96.2,90,119,0,80.6
PROG-003959,MPLADS-003959,73.3,90.4,60,46,0,17.1
PROG-003960,MPLADS-003960,77.2,98.0,90,84,0,20.8
PROG-003961,MPLADS-003961,97.3,93.8,400,397,0,-3.5
PROG-003962,MPLADS-003962,80.6,97.7,210,243,0,17.1
PROG-003963,MPLADS-003963,96.6,96.0,60,52,0,-0.6
PROG-003964,MPLADS-003964,96.3,92.6,120,146,0,-3.7
PROG-003965,MPLADS-003965,94.1,92.0,210,242,0,-2.1
PROG-003966,MPLADS-003966,94.1,97.4,90,83,0,3.3
PROG-003967,MPLADS-003967,88.5,91.5,210,240,0,3.0
PROG-003968,MPLADS-003968,80.5,92.5,210,231,0,12.0
PROG-003969,MPLADS-003969,89.5,85.0,160,179,0,-4.5
PROG-003970,MPLADS-003970,79.6,88.0,120,140,0,8.4
PROG-003971,MPLADS-003971,97.7,154.0,210,202,0,56.3
PROG-003972,MPLADS-003972,90.7,91.7,120,136,0,1.0
PROG-003973,MPLADS-003973,56.9,91.1,120,480,4,34.2
PROG-003974,MPLADS-003974,93.0,93.0,120,112,0,0.0
PROG-003975,MPLADS-003975,73.8,145.6,120,121,0,71.8
PROG-003976,MPLADS-003976,77.7,93.4,60,61,0,15.7
PROG-003977,MPLADS-003977,92.0,88.0,210,211,0,-4.0
PROG-003978,MPLADS-003978,46.0,89.1,150,450,3,43.1
PROG-003979,MPLADS-003979,74.5,96.2,400,429,0,21.7
PROG-003980,MPLADS-003980,82.9,90.5,60,79,0,7.6
PROG-003981,MPLADS-003981,70.8,92.6,210,197,0,21.8
PROG-003982,MPLADS-003982,93.7,87.1,210,233,0,-6.6
PROG-003983,MPLADS-003983,20.5,90.9,210,195,0,70.4
PROG-003984,MPLADS-003984,97.0,96.2,120,145,0,-0.8
PROG-003985,MPLADS-003985,93.8,92.6,400,433,0,-1.2
PROG-003986,MPLADS-003986,82.8,86.7,400,404,0,3.9
PROG-003987,MPLADS-003987,89.5,93.0,60,79,0,3.5
PROG-003988,MPLADS-003988,31.0,87.3,160,167,0,56.3
PROG-003989,MPLADS-003989,99.1,85.8,210,221,0,-13.3
PROG-003990,MPLADS-003990,74.3,96.0,120,150,0,21.7
PROG-003991,MPLADS-003991,93.3,94.9,150,138,0,1.6
PROG-003992,MPLADS-003992,84.4,88.3,400,400,0,3.9
PROG-003993,MPLADS-003993,71.8,94.5,400,386,0,22.7
PROG-003994,MPLADS-003994,82.1,90.6,60,68,0,8.5
PROG-003995,MPLADS-003995,80.3,89.0,180,200,0,8.7
PROG-003996,MPLADS-003996,76.7,158.0,400,398,0,81.3
PROG-003997,MPLADS-003997,71.1,87.5,90,109,0,16.4
PROG-003998,MPLADS-003998,89.0,95.7,90,86,0,6.7
PROG-003999,MPLADS-003999,89.7,97.2,210,215,0,7.5
PROG-004000,MPLADS-004000,85.8,85.3,400,432,0,-0.5
