tender_id,project_id,bid_count,single_bid_flag,tender_type,winning_bid_amount,winning_bid_deviation
TND-000001,MPLADS-000001,7,0,Open e-Tender,607000.0,0.0033
TND-000002,MPLADS-000002,4,0,Open e-Tender,973000.0,0.0104
TND-000003,MPLADS-000003,6,0,Open e-Tender,59865000.0,-0.0751
TND-000004,MPLADS-000004,3,0,Open e-Tender,1215000.0,-0.0486
TND-000005,MPLADS-000005,6,0,Open e-Tender,590000.0,-0.0605
TND-000006,MPLADS-000006,5,0,Open e-Tender,1365000.0,-0.0215
TND-000007,MPLADS-000007,5,0,Open e-Tender,633000.0,-0.0186
TND-000008,MPLADS-000008,6,0,Open e-Tender,1029000.0,0.0198
TND-000009,MPLADS-000009,4,0,Open e-Tender,837000.0,-0.0245
TND-000010,MPLADS-000010,4,0,Open e-Tender,2797000.0,-0.0241
TND-000011,MPLADS-000011,5,0,Open e-Tender,1305000.0,0.0008
TND-000012,MPLADS-000012,3,0,Open e-Tender,15118000.0,-0.0341
TND-000013,MPLADS-000013,3,0,Open e-Tender,9463000.0,0.003
TND-000014,MPLADS-000014,5,0,Open e-Tender,1063000.0,0.0066
TND-000015,MPLADS-000015,5,0,Open e-Tender,2062000.0,0.0168
TND-000016,MPLADS-000016,3,0,Open e-Tender,9084000.0,-0.0366
TND-000017,MPLADS-000017,6,0,Open e-Tender,2429000.0,-0.0392
TND-000018,MPLADS-000018,4,0,Open e-Tender,2339000.0,-0.0674
TND-000019,MPLADS-000019,6,0,Open e-Tender,1538000.0,-0.0026
TND-000020,MPLADS-000020,4,0,Open e-Tender,3932000.0,-0.0358
TND-000021,MPLADS-000021,6,0,Open e-Tender,384000.0,-0.0424
TND-000022,MPLADS-000022,6,0,Open e-Tender,1046000.0,-0.0224
TND-000023,MPLADS-000023,7,0,Open e-Tender,1732000.0,-0.0668
TND-000024,MPLADS-000024,4,0,Open e-Tender,2240000.0,-0.0332
TND-000025,MPLADS-000025,5,0,Open e-Tender,1870000.0,0.0086
TND-000026,MPLADS-000026,6,0,Open e-Tender,3270000.0,-0.013
TND-000027,MPLADS-000027,1,1,Single Tender Inquiry,12579000.0,-0.0711
TND-000028,MPLADS-000028,7,0,Open e-Tender,601000.0,-0.0697
TND-000029,MPLADS-000029,5,0,Open e-Tender,2511000.0,0.008
TND-000030,MPLADS-000030,5,0,Open e-Tender,13012000.0,0.0039
TND-000031,MPLADS-000031,4,0,Open e-Tender,10852000.0,0.0179
TND-000032,MPLADS-000032,4,0,Open e-Tender,2739000.0,-0.0144
TND-000033,MPLADS-000033,5,0,Open e-Tender,1057000.0,-0.0149
TND-000034,MPLADS-000034,4,0,Open e-Tender,427000.0,-0.007
TND-000035,MPLADS-000035,6,0,Open e-Tender,2898000.0,-0.019
TND-000036,MPLADS-000036,7,0,Open e-Tender,8797000.0,0.0015
TND-000037,MPLADS-000037,7,0,Open e-Tender,2281000.0,-0.0516
TND-000038,MPLADS-000038,6,0,Open e-Tender,1939000.0,-0.0551
TND-000039,MPLADS-000039,4,0,Open e-Tender,498000.0,-0.0254
TND-000040,MPLADS-000040,6,0,Open e-Tender,64384000.0,0.012
TND-000041,MPLADS-000041,6,0,Open e-Tender,1757000.0,-0.0341
TND-000042,MPLADS-000042,3,0,Open e-Tender,2087000.0,-0.0197
TND-000043,MPLADS-000043,5,0,Open e-Tender,10101000.0,-0.0187
TND-000044,MPLADS-000044,5,0,Open e-Tender,2913000.0,-0.0055
TND-000045,MPLADS-000045,4,0,Open e-Tender,2125000.0,0.0158
TND-000046,MPLADS-000046,4,0,Open e-Tender,1454000.0,-0.0268
TND-000047,MPLADS-000047,7,0,Open e-Tender,12231000.0,-0.0033
TND-000048,MPLADS-000048,5,0,Open e-Tender,645000.0,-0.0242
TND-000049,MPLADS-000049,7,0,Open e-Tender,2406000.0,-0.0732
TND-000050,MPLADS-000050,4,0,Open e-Tender,5592000.0,-0.0041
TND-000051,MPLADS-000051,4,0,Open e-Tender,11073000.0,-0.0375
TND-000052,MPLADS-000052,5,0,Open e-Tender,48082000.0,-0.0762
TND-000053,MPLADS-000053,6,0,Open e-Tender,850000.0,-0.0587
TND-000054,MPLADS-000054,7,0,Open e-Tender,8003000.0,-0.0502
TND-000055,MPLADS-000055,5,0,Open e-Tender,1182000.0,-0.0715
TND-000056,MPLADS-000056,3,0,Open e-Tender,2365000.0,-0.0386
TND-000057,MPLADS-000057,1,1,Single Tender Inquiry,2676000.0,-0.0695
TND-000058,MPLADS-000058,3,0,Open e-Tender,3692000.0,-0.0327
TND-000059,MPLADS-000059,3,0,Open e-Tender,2736000.0,0.0029
TND-000060,MPLADS-000060,4,0,Open e-Tender,1432000.0,-0.0357
TND-000061,MPLADS-000061,5,0,Open e-Tender,1485000.0,0.0075
TND-000062,MPLADS-000062,7,0,Open e-Tender,2042000.0,-0.0087
TND-000063,MPLADS-000063,7,0,Open e-Tender,922000.0,0.0022
TND-000064,MPLADS-000064,7,0,Open e-Tender,2628000.0,-0.0495
TND-000065,MPLADS-000065,6,0,Open e-Tender,1687000.0,-0.0649
TND-000066,MPLADS-000066,4,0,Open e-Tender,3941000.0,-0.013
TND-000067,MPLADS-000067,7,0,Open e-Tender,3904000.0,0.007
TND-000068,MPLADS-000068,7,0,Open e-Tender,2862000.0,0.0181
TND-000069,MPLADS-000069,5,0,Open e-Tender,397000.0,0.0179
TND-000070,MPLADS-000070,6,0,Open e-Tender,402000.0,-0.0219
TND-000071,MPLADS-000071,5,0,Open e-Tender,638000.0,-0.0031
TND-000072,MPLADS-000072,6,0,Open e-Tender,530000.0,-0.0586
TND-000073,MPLADS-000073,5,0,Open e-Tender,2152000.0,0.0189
TND-000074,MPLADS-000074,7,0,Open e-Tender,3074000.0,-0.0235
TND-000075,MPLADS-000075,6,0,Open e-Tender,368000.0,-0.0054
TND-000076,MPLADS-000076,6,0,Open e-Tender,582000.0,0.0034
TND-000077,MPLADS-000077,5,0,Open e-Tender,1348000.0,-0.0606
TND-000078,MPLADS-000078,5,0,Open e-Tender,613000.0,-0.0754
TND-000079,MPLADS-000079,7,0,Open e-Tender,1570000.0,-0.0473
TND-000080,MPLADS-000080,5,0,Open e-Tender,3690000.0,-0.0131
TND-000081,MPLADS-000081,5,0,Open e-Tender,740000.0,-0.0796
TND-000082,MPLADS-000082,7,0,Open e-Tender,3751000.0,0.0083
TND-000083,MPLADS-000083,5,0,Open e-Tender,3484000.0,0.0163
TND-000084,MPLADS-000084,4,0,Open e-Tender,2815000.0,-0.0601
TND-000085,MPLADS-000085,6,0,Open e-Tender,2053000.0,-0.0482
TND-000086,MPLADS-000086,7,0,Open e-Tender,14278000.0,-0.0635
TND-000087,MPLADS-000087,1,1,Single Tender Inquiry,1534000.0,0.0179
TND-000088,MPLADS-000088,6,0,Open e-Tender,535000.0,-0.0429
TND-000089,MPLADS-000089,4,0,Open e-Tender,1577000.0,-0.0483
TND-000090,MPLADS-000090,4,0,Open e-Tender,2005000.0,-0.0596
TND-000091,MPLADS-000091,3,0,Open e-Tender,11490000.0,-0.0638
TND-000092,MPLADS-000092,6,0,Open e-Tender,12514000.0,0.0084
TND-000093,MPLADS-000093,5,0,Open e-Tender,2225000.0,0.0155
TND-000094,MPLADS-000094,3,0,Open e-Tender,634000.0,-0.0676
TND-000095,MPLADS-000095,6,0,Open e-Tender,1271000.0,-0.0634
TND-000096,MPLADS-000096,3,0,Open e-Tender,914000.0,-0.0664
TND-000097,MPLADS-000097,6,0,Open e-Tender,2904000.0,-0.0079
TND-000098,MPLADS-000098,7,0,Open e-Tender,455000.0,-0.0109
TND-000099,MPLADS-000099,4,0,Open e-Tender,3728000.0,-0.0591
TND-000100,MPLADS-000100,4,0,Open e-Tender,1027000.0,-0.0756
TND-000101,MPLADS-000101,7,0,Open e-Tender,2168000.0,-0.0703
TND-000102,MPLADS-000102,3,0,Open e-Tender,8176000.0,-0.0502
TND-000103,MPLADS-000103,4,0,Open e-Tender,10009000.0,0.0129
TND-000104,MPLADS-000104,5,0,Open e-Tender,2732000.0,-0.0051
TND-000105,MPLADS-000105,5,0,Open e-Tender,1017000.0,-0.0704
TND-000106,MPLADS-000106,7,0,Open e-Tender,2539000.0,-0.0586
TND-000107,MPLADS-000107,4,0,Open e-Tender,604000.0,-0.075
TND-000108,MPLADS-000108,5,0,Open e-Tender,2447000.0,-0.0049
TND-000109,MPLADS-000109,3,0,Open e-Tender,1144000.0,-0.0172
TND-000110,MPLADS-000110,4,0,Open e-Tender,1577000.0,-0.0113
TND-000111,MPLADS-000111,7,0,Open e-Tender,526000.0,-0.0401
TND-000112,MPLADS-000112,6,0,Open e-Tender,1852000.0,-0.0763
TND-000113,MPLADS-000113,5,0,Open e-Tender,1253000.0,-0.0413
TND-000114,MPLADS-000114,3,0,Open e-Tender,1799000.0,-0.0765
TND-000115,MPLADS-000115,4,0,Open e-Tender,1026000.0,0.0179
TND-000116,MPLADS-000116,3,0,Open e-Tender,1806000.0,-0.0153
TND-000117,MPLADS-000117,1,1,Single Tender Inquiry,9738000.0,-0.0012
TND-000118,MPLADS-000118,4,0,Open e-Tender,2974000.0,-0.07
TND-000119,MPLADS-000119,7,0,Open e-Tender,2612000.0,0.0062
TND-000120,MPLADS-000120,6,0,Open e-Tender,2345000.0,-0.0105
TND-000121,MPLADS-000121,5,0,Open e-Tender,2642000.0,-0.0621
TND-000122,MPLADS-000122,6,0,Open e-Tender,5198000.0,-0.0528
TND-000123,MPLADS-000123,5,0,Open e-Tender,13295000.0,-0.0797
TND-000124,MPLADS-000124,4,0,Open e-Tender,2231000.0,-0.0308
TND-000125,MPLADS-000125,6,0,Open e-Tender,2927000.0,-0.0085
TND-000126,MPLADS-000126,7,0,Open e-Tender,1310000.0,-0.0143
TND-000127,MPLADS-000127,6,0,Open e-Tender,3615000.0,-0.0282
TND-000128,MPLADS-000128,6,0,Open e-Tender,3345000.0,-0.0065
TND-000129,MPLADS-000129,7,0,Open e-Tender,2061000.0,0.0193
TND-000130,MPLADS-000130,7,0,Open e-Tender,2524000.0,0.008
TND-000131,MPLADS-000131,6,0,Open e-Tender,2871000.0,-0.0144
TND-000132,MPLADS-000132,6,0,Open e-Tender,3021000.0,0.0155
TND-000133,MPLADS-000133,7,0,Open e-Tender,1490000.0,-0.0479
TND-000134,MPLADS-000134,3,0,Open e-Tender,11821000.0,-0.0741
TND-000135,MPLADS-000135,5,0,Open e-Tender,14668000.0,-0.0419
TND-000136,MPLADS-000136,6,0,Open e-Tender,635000.0,-0.0155
TND-000137,MPLADS-000137,6,0,Open e-Tender,1710000.0,-0.0573
TND-000138,MPLADS-000138,6,0,Open e-Tender,461000.0,-0.0233
TND-000139,MPLADS-000139,6,0,Open e-Tender,2006000.0,0.0178
TND-000140,MPLADS-000140,6,0,Open e-Tender,14499000.0,-0.0202
TND-000141,MPLADS-000141,7,0,Open e-Tender,1386000.0,-0.0014
TND-000142,MPLADS-000142,6,0,Open e-Tender,2803000.0,-0.0619
TND-000143,MPLADS-000143,6,0,Open e-Tender,14615000.0,-0.0497
TND-000144,MPLADS-000144,1,1,Single Tender Inquiry,2187000.0,-0.0166
TND-000145,MPLADS-000145,6,0,Open e-Tender,2909000.0,-0.0034
TND-000146,MPLADS-000146,3,0,Open e-Tender,347000.0,-0.0361
TND-000147,MPLADS-000147,3,0,Open e-Tender,1773000.0,-0.0045
TND-000148,MPLADS-000148,6,0,Open e-Tender,424000.0,-0.0722
TND-000149,MPLADS-000149,7,0,Open e-Tender,3942000.0,0.0041
TND-000150,MPLADS-000150,7,0,Open e-Tender,3207000.0,-0.0612
TND-000151,MPLADS-000151,3,0,Open e-Tender,416000.0,-0.0095
TND-000152,MPLADS-000152,5,0,Open e-Tender,8661000.0,-0.0552
TND-000153,MPLADS-000153,6,0,Open e-Tender,2332000.0,-0.0555
TND-000154,MPLADS-000154,3,0,Open e-Tender,499000.0,0.0122
TND-000155,MPLADS-000155,3,0,Open e-Tender,1434000.0,0.0
TND-000156,MPLADS-000156,5,0,Open e-Tender,443000.0,-0.0242
TND-000157,MPLADS-000157,6,0,Open e-Tender,1509000.0,-0.0092
TND-000158,MPLADS-000158,6,0,Open e-Tender,670000.0,0.0106
TND-000159,MPLADS-000159,6,0,Open e-Tender,1965000.0,0.0067
TND-000160,MPLADS-000160,5,0,Open e-Tender,1260000.0,-0.066
TND-000161,MPLADS-000161,7,0,Open e-Tender,420000.0,-0.0625
TND-000162,MPLADS-000162,6,0,Open e-Tender,15850000.0,-0.0491
TND-000163,MPLADS-000163,7,0,Open e-Tender,1284000.0,-0.0368
TND-000164,MPLADS-000164,7,0,Open e-Tender,835000.0,0.0158
TND-000165,MPLADS-000165,3,0,Open e-Tender,60461000.0,-0.019
TND-000166,MPLADS-000166,1,1,Single Tender Inquiry,2845000.0,-0.0687
TND-000167,MPLADS-000167,1,1,Single Tender Inquiry,818000.0,0.02
TND-000168,MPLADS-000168,7,0,Open e-Tender,1921000.0,-0.0485
TND-000169,MPLADS-000169,5,0,Open e-Tender,652000.0,-0.0151
TND-000170,MPLADS-000170,7,0,Open e-Tender,1358000.0,-0.043
TND-000171,MPLADS-000171,7,0,Open e-Tender,12987000.0,-0.0232
TND-000172,MPLADS-000172,5,0,Open e-Tender,2250000.0,0.0149
TND-000173,MPLADS-000173,3,0,Open e-Tender,571000.0,-0.0467
TND-000174,MPLADS-000174,3,0,Open e-Tender,3860000.0,-0.0422
TND-000175,MPLADS-000175,7,0,Open e-Tender,1745000.0,-0.0593
TND-000176,MPLADS-000176,4,0,Open e-Tender,1625000.0,-0.0037
TND-000177,MPLADS-000177,7,0,Open e-Tender,1908000.0,-0.0057
TND-000178,MPLADS-000178,3,0,Open e-Tender,1602000.0,-0.0756
TND-000179,MPLADS-000179,7,0,Open e-Tender,7980000.0,-0.0006
TND-000180,MPLADS-000180,5,0,Open e-Tender,1934000.0,-0.0315
TND-000181,MPLADS-000181,3,0,Open e-Tender,340000.0,-0.0634
TND-000182,MPLADS-000182,7,0,Open e-Tender,476000.0,0.0128
TND-000183,MPLADS-000183,3,0,Open e-Tender,1332000.0,-0.027
TND-000184,MPLADS-000184,6,0,Open e-Tender,11771000.0,-0.0746
TND-000185,MPLADS-000185,4,0,Open e-Tender,4537000.0,0.0011
TND-000186,MPLADS-000186,5,0,Open e-Tender,2219000.0,-0.0472
TND-000187,MPLADS-000187,3,0,Open e-Tender,450000.0,0.0045
TND-000188,MPLADS-000188,5,0,Open e-Tender,587000.0,-0.0118
TND-000189,MPLADS-000189,4,0,Open e-Tender,609000.0,-0.0394
TND-000190,MPLADS-000190,6,0,Open e-Tender,14373000.0,0.0036
TND-000191,MPLADS-000191,5,0,Open e-Tender,2327000.0,-0.0711
TND-000192,MPLADS-000192,3,0,Open e-Tender,640000.0,-0.0433
TND-000193,MPLADS-000193,6,0,Open e-Tender,12024000.0,0.0155
TND-000194,MPLADS-000194,3,0,Open e-Tender,1809000.0,-0.0017
TND-000195,MPLADS-000195,7,0,Open e-Tender,2614000.0,-0.0308
TND-000196,MPLADS-000196,7,0,Open e-Tender,11719000.0,0.0009
TND-000197,MPLADS-000197,6,0,Open e-Tender,16599000.0,0.0166
TND-000198,MPLADS-000198,4,0,Open e-Tender,665000.0,-0.0249
TND-000199,MPLADS-000199,7,0,Open e-Tender,631000.0,-0.0483
TND-000200,MPLADS-000200,3,0,Open e-Tender,3737000.0,-0.0124
TND-000201,MPLADS-000201,1,1,Single Tender Inquiry,1223000.0,-0.0556
TND-000202,MPLADS-000202,7,0,Open e-Tender,1722000.0,-0.059
TND-000203,MPLADS-000203,7,0,Open e-Tender,1945000.0,-0.0152
TND-000204,MPLADS-000204,6,0,Open e-Tender,597000.0,-0.0033
TND-000205,MPLADS-000205,7,0,Open e-Tender,1007000.0,-0.04
TND-000206,MPLADS-000206,6,0,Open e-Tender,590000.0,0.0
TND-000207,MPLADS-000207,6,0,Open e-Tender,2523000.0,-0.0229
TND-000208,MPLADS-000208,6,0,Open e-Tender,2184000.0,-0.0184
TND-000209,MPLADS-000209,6,0,Open e-Tender,1160000.0,-0.0445
TND-000210,MPLADS-000210,1,1,Single Tender Inquiry,1882000.0,-0.0364
TND-000211,MPLADS-000211,7,0,Open e-Tender,2228000.0,-0.0686
TND-000212,MPLADS-000212,5,0,Open e-Tender,633000.0,-0.0452
TND-000213,MPLADS-000213,3,0,Open e-Tender,3060000.0,0.0046
TND-000214,MPLADS-000214,7,0,Open e-Tender,2321000.0,-0.0325
TND-000215,MPLADS-000215,3,0,Open e-Tender,353000.0,-0.0028
TND-000216,MPLADS-000216,4,0,Open e-Tender,9371000.0,-0.0741
TND-000217,MPLADS-000217,4,0,Open e-Tender,1630000.0,-0.0781
TND-000218,MPLADS-000218,3,0,Open e-Tender,1911000.0,-0.0741
TND-000219,MPLADS-000219,3,0,Open e-Tender,1595000.0,0.0
TND-000220,MPLADS-000220,6,0,Open e-Tender,1729000.0,0.0165
TND-000221,MPLADS-000221,6,0,Open e-Tender,602000.0,-0.0781
TND-000222,MPLADS-000222,5,0,Open e-Tender,1111000.0,0.0009
TND-000223,MPLADS-000223,6,0,Open e-Tender,343000.0,-0.0392
TND-000224,MPLADS-000224,3,0,Open e-Tender,2009000.0,-0.0515
TND-000225,MPLADS-000225,3,0,Open e-Tender,3393000.0,-0.0148
TND-000226,MPLADS-000226,7,0,Open e-Tender,2255000.0,0.0022
TND-000227,MPLADS-000227,7,0,Open e-Tender,2157000.0,0.0136
TND-000228,MPLADS-000228,7,0,Open e-Tender,1915000.0,-0.0269
TND-000229,MPLADS-000229,5,0,Open e-Tender,2045000.0,-0.029
TND-000230,MPLADS-000230,6,0,Open e-Tender,2805000.0,-0.0571
TND-000231,MPLADS-000231,7,0,Open e-Tender,647000.0,-0.0077
TND-000232,MPLADS-000232,7,0,Open e-Tender,2396000.0,-0.0537
TND-000233,MPLADS-000233,4,0,Open e-Tender,1462000.0,0.0062
TND-000234,MPLADS-000234,6,0,Open e-Tender,528000.0,0.0019
TND-000235,MPLADS-000235,6,0,Open e-Tender,1913000.0,-0.0613
TND-000236,MPLADS-000236,4,0,Open e-Tender,401000.0,-0.0696
TND-000237,MPLADS-000237,4,0,Open e-Tender,2034000.0,-0.0333
TND-000238,MPLADS-000238,5,0,Open e-Tender,350000.0,-0.0028
TND-000239,MPLADS-000239,7,0,Open e-Tender,2187000.0,0.013
TND-000240,MPLADS-000240,4,0,Open e-Tender,1029000.0,-0.0788
TND-000241,MPLADS-000241,1,1,Single Tender Inquiry,2039000.0,0.0159
TND-000242,MPLADS-000242,7,0,Open e-Tender,10356000.0,0.0168
TND-000243,MPLADS-000243,4,0,Open e-Tender,2268000.0,-0.0581
TND-000244,MPLADS-000244,5,0,Open e-Tender,2375000.0,-0.0798
TND-000245,MPLADS-000245,3,0,Open e-Tender,3900000.0,-0.0176
TND-000246,MPLADS-000246,5,0,Open e-Tender,1952000.0,-0.0332
TND-000247,MPLADS-000247,3,0,Open e-Tender,3122000.0,0.0003
TND-000248,MPLADS-000248,7,0,Open e-Tender,364000.0,0.0111
TND-000249,MPLADS-000249,3,0,Open e-Tender,2210000.0,0.0133
TND-000250,MPLADS-000250,5,0,Open e-Tender,1913000.0,-0.0165
TND-000251,MPLADS-000251,5,0,Open e-Tender,624000.0,-0.0473
TND-000252,MPLADS-000252,4,0,Open e-Tender,3611000.0,-0.0452
TND-000253,MPLADS-000253,7,0,Open e-Tender,1541000.0,-0.07
TND-000254,MPLADS-000254,5,0,Open e-Tender,9672000.0,-0.0505
TND-000255,MPLADS-000255,4,0,Open e-Tender,411000.0,0.0123
TND-000256,MPLADS-000256,7,0,Open e-Tender,2645000.0,-0.0019
TND-000257,MPLADS-000257,5,0,Open e-Tender,9682000.0,-0.0709
TND-000258,MPLADS-000258,6,0,Open e-Tender,1509000.0,-0.0176
TND-000259,MPLADS-000259,3,0,Open e-Tender,1164000.0,-0.0651
TND-000260,MPLADS-000260,4,0,Open e-Tender,1429000.0,-0.0021
TND-000261,MPLADS-000261,5,0,Open e-Tender,1435000.0,-0.0706
TND-000262,MPLADS-000262,5,0,Open e-Tender,2216000.0,-0.0212
TND-000263,MPLADS-000263,5,0,Open e-Tender,2097000.0,0.0199
TND-000264,MPLADS-000264,3,0,Open e-Tender,2371000.0,-0.0326
TND-000265,MPLADS-000265,4,0,Open e-Tender,2092000.0,-0.0452
TND-000266,MPLADS-000266,7,0,Open e-Tender,14496000.0,0.0093
TND-000267,MPLADS-000267,3,0,Open e-Tender,4094000.0,-0.0051
TND-000268,MPLADS-000268,7,0,Open e-Tender,3631000.0,0.0047
TND-000269,MPLADS-000269,5,0,Open e-Tender,918000.0,-0.0575
TND-000270,MPLADS-000270,4,0,Open e-Tender,636000.0,-0.017
TND-000271,MPLADS-000271,6,0,Open e-Tender,413000.0,-0.0781
TND-000272,MPLADS-000272,3,0,Open e-Tender,2106000.0,0.0024
TND-000273,MPLADS-000273,7,0,Open e-Tender,837000.0,-0.0434
TND-000274,MPLADS-000274,7,0,Open e-Tender,1705000.0,-0.0719
TND-000275,MPLADS-000275,5,0,Open e-Tender,9461000.0,-0.0346
TND-000276,MPLADS-000276,3,0,Open e-Tender,1416000.0,-0.0432
TND-000277,MPLADS-000277,5,0,Open e-Tender,540000.0,-0.0253
TND-000278,MPLADS-000278,4,0,Open e-Tender,1078000.0,0.017
TND-000279,MPLADS-000279,3,0,Open e-Tender,957000.0,0.0138
TND-000280,MPLADS-000280,7,0,Open e-Tender,1392000.0,-0.0588
TND-000281,MPLADS-000281,3,0,Open e-Tender,2702000.0,-0.0605
TND-000282,MPLADS-000282,3,0,Open e-Tender,1877000.0,-0.0662
TND-000283,MPLADS-000283,5,0,Open e-Tender,3719000.0,0.012
TND-000284,MPLADS-000284,3,0,Open e-Tender,3414000.0,-0.009
TND-000285,MPLADS-000285,3,0,Open e-Tender,2299000.0,-0.0461
TND-000286,MPLADS-000286,1,1,Single Tender Inquiry,1699000.0,-0.0319
TND-000287,MPLADS-000287,5,0,Open e-Tender,3817000.0,-0.0651
TND-000288,MPLADS-000288,7,0,Open e-Tender,3666000.0,-0.0046
TND-000289,MPLADS-000289,4,0,Open e-Tender,17742000.0,0.0162
TND-000290,MPLADS-000290,7,0,Open e-Tender,824000.0,-0.0155
TND-000291,MPLADS-000291,4,0,Open e-Tender,1588000.0,0.0166
TND-000292,MPLADS-000292,4,0,Open e-Tender,662000.0,-0.0045
TND-000293,MPLADS-000293,5,0,Open e-Tender,904000.0,0.0078
TND-000294,MPLADS-000294,7,0,Open e-Tender,613000.0,-0.0598
TND-000295,MPLADS-000295,7,0,Open e-Tender,2649000.0,-0.044
TND-000296,MPLADS-000296,5,0,Open e-Tender,2267000.0,0.0121
TND-000297,MPLADS-000297,4,0,Open e-Tender,9745000.0,-0.0135
TND-000298,MPLADS-000298,1,1,Single Tender Inquiry,8975000.0,-0.0235
TND-000299,MPLADS-000299,5,0,Open e-Tender,536000.0,-0.0613
TND-000300,MPLADS-000300,4,0,Open e-Tender,2209000.0,-0.0536
TND-000301,MPLADS-000301,6,0,Open e-Tender,1077000.0,0.016
TND-000302,MPLADS-000302,5,0,Open e-Tender,2712000.0,-0.0393
TND-000303,MPLADS-000303,6,0,Open e-Tender,2454000.0,-0.0354
TND-000304,MPLADS-000304,3,0,Open e-Tender,11377000.0,-0.0108
TND-000305,MPLADS-000305,4,0,Open e-Tender,1214000.0,-0.0441
TND-000306,MPLADS-000306,1,1,Single Tender Inquiry,10795000.0,0.0047
TND-000307,MPLADS-000307,6,0,Open e-Tender,1102000.0,-0.0018
TND-000308,MPLADS-000308,3,0,Open e-Tender,2215000.0,0.0128
TND-000309,MPLADS-000309,3,0,Open e-Tender,2995000.0,-0.0661
TND-000310,MPLADS-000310,7,0,Open e-Tender,10962000.0,-0.0734
TND-000311,MPLADS-000311,4,0,Open e-Tender,1044000.0,-0.0637
TND-000312,MPLADS-000312,3,0,Open e-Tender,15097000.0,0.0098
TND-000313,MPLADS-000313,7,0,Open e-Tender,1696000.0,-0.0151
TND-000314,MPLADS-000314,3,0,Open e-Tender,828000.0,-0.0515
TND-000315,MPLADS-000315,5,0,Open e-Tender,3030000.0,-0.0039
TND-000316,MPLADS-000316,4,0,Open e-Tender,378000.0,-0.055
TND-000317,MPLADS-000317,4,0,Open e-Tender,2256000.0,0.0022
TND-000318,MPLADS-000318,6,0,Open e-Tender,3149000.0,-0.0069
TND-000319,MPLADS-000319,6,0,Open e-Tender,2190000.0,-0.0201
TND-000320,MPLADS-000320,4,0,Open e-Tender,2475000.0,-0.0143
TND-000321,MPLADS-000321,5,0,Open e-Tender,3028000.0,-0.0433
TND-000322,MPLADS-000322,7,0,Open e-Tender,467000.0,-0.0789
TND-000323,MPLADS-000323,6,0,Open e-Tender,2812000.0,-0.0277
TND-000324,MPLADS-000324,6,0,Open e-Tender,1009000.0,-0.0657
TND-000325,MPLADS-000325,1,1,Single Tender Inquiry,1572000.0,0.0122
TND-000326,MPLADS-000326,4,0,Open e-Tender,405000.0,-0.0426
TND-000327,MPLADS-000327,4,0,Open e-Tender,1977000.0,-0.0696
TND-000328,MPLADS-000328,7,0,Open e-Tender,826000.0,-0.0225
TND-000329,MPLADS-000329,3,0,Open e-Tender,1390000.0,0.0029
TND-000330,MPLADS-000330,1,1,Single Tender Inquiry,3853000.0,-0.0493
TND-000331,MPLADS-000331,1,1,Single Tender Inquiry,1830000.0,-0.0384
TND-000332,MPLADS-000332,4,0,Open e-Tender,1991000.0,-0.0349
TND-000333,MPLADS-000333,5,0,Open e-Tender,2919000.0,-0.0105
TND-000334,MPLADS-000334,5,0,Open e-Tender,887000.0,-0.0483
TND-000335,MPLADS-000335,3,0,Open e-Tender,2000000.0,-0.0403
TND-000336,MPLADS-000336,3,0,Open e-Tender,2421000.0,0.0067
TND-000337,MPLADS-000337,4,0,Open e-Tender,2653000.0,-0.0159
TND-000338,MPLADS-000338,6,0,Open e-Tender,541000.0,-0.0492
TND-000339,MPLADS-000339,3,0,Open e-Tender,1532000.0,-0.0192
TND-000340,MPLADS-000340,3,0,Open e-Tender,15174000.0,0.0196
TND-000341,MPLADS-000341,5,0,Open e-Tender,1934000.0,-0.0652
TND-000342,MPLADS-000342,3,0,Open e-Tender,2012000.0,-0.0113
TND-000343,MPLADS-000343,7,0,Open e-Tender,1023000.0,-0.0403
TND-000344,MPLADS-000344,7,0,Open e-Tender,15795000.0,-0.0004
TND-000345,MPLADS-000345,4,0,Open e-Tender,995000.0,-0.0613
TND-000346,MPLADS-000346,3,0,Open e-Tender,1935000.0,-0.0262
TND-000347,MPLADS-000347,7,0,Open e-Tender,39960000.0,-0.0643
TND-000348,MPLADS-000348,6,0,Open e-Tender,499000.0,-0.0513
TND-000349,MPLADS-000349,5,0,Open e-Tender,553000.0,0.0147
TND-000350,MPLADS-000350,3,0,Open e-Tender,1954000.0,0.0093
TND-000351,MPLADS-000351,7,0,Open e-Tender,12644000.0,0.0097
TND-000352,MPLADS-000352,1,1,Single Tender Inquiry,8768000.0,0.0148
TND-000353,MPLADS-000353,4,0,Open e-Tender,1117000.0,-0.0312
TND-000354,MPLADS-000354,4,0,Open e-Tender,3984000.0,0.0071
TND-000355,MPLADS-000355,6,0,Open e-Tender,830000.0,-0.0621
TND-000356,MPLADS-000356,4,0,Open e-Tender,3558000.0,0.0198
TND-000357,MPLADS-000357,6,0,Open e-Tender,1790000.0,-0.0787
TND-000358,MPLADS-000358,5,0,Open e-Tender,2355000.0,-0.0527
TND-000359,MPLADS-000359,3,0,Open e-Tender,4144000.0,-0.0603
TND-000360,MPLADS-000360,3,0,Open e-Tender,2292000.0,0.0061
TND-000361,MPLADS-000361,7,0,Open e-Tender,2060000.0,0.0005
TND-000362,MPLADS-000362,5,0,Open e-Tender,2139000.0,-0.0079
TND-000363,MPLADS-000363,1,1,Single Tender Inquiry,2753000.0,-0.0086
TND-000364,MPLADS-000364,6,0,Open e-Tender,500000.0,0.0101
TND-000365,MPLADS-000365,1,1,Single Tender Inquiry,1141000.0,-0.0716
TND-000366,MPLADS-000366,7,0,Open e-Tender,1566000.0,-0.0606
TND-000367,MPLADS-000367,3,0,Open e-Tender,1334000.0,-0.0539
TND-000368,MPLADS-000368,7,0,Open e-Tender,1801000.0,-0.0405
TND-000369,MPLADS-000369,1,1,Single Tender Inquiry,608000.0,-0.0617
TND-000370,MPLADS-000370,6,0,Open e-Tender,1892000.0,-0.0652
TND-000371,MPLADS-000371,6,0,Open e-Tender,2634000.0,-0.0663
TND-000372,MPLADS-000372,5,0,Open e-Tender,2920000.0,-0.0241
TND-000373,MPLADS-000373,7,0,Open e-Tender,2483000.0,-0.0501
TND-000374,MPLADS-000374,4,0,Open e-Tender,2099000.0,-0.0136
TND-000375,MPLADS-000375,5,0,Open e-Tender,1584000.0,-0.0353
TND-000376,MPLADS-000376,4,0,Open e-Tender,2533000.0,-0.0261
TND-000377,MPLADS-000377,7,0,Open e-Tender,1922000.0,-0.0308
TND-000378,MPLADS-000378,4,0,Open e-Tender,1441000.0,-0.0569
TND-000379,MPLADS-000379,3,0,Open e-Tender,474000.0,-0.0778
TND-000380,MPLADS-000380,1,1,Single Tender Inquiry,598000.0,-0.0685
TND-000381,MPLADS-000381,3,0,Open e-Tender,1951000.0,-0.0784
TND-000382,MPLADS-000382,7,0,Open e-Tender,1812000.0,-0.075
TND-000383,MPLADS-000383,7,0,Open e-Tender,1218000.0,0.0016
TND-000384,MPLADS-000384,3,0,Open e-Tender,10664000.0,-0.0102
TND-000385,MPLADS-000385,5,0,Open e-Tender,644000.0,-0.0653
TND-000386,MPLADS-000386,5,0,Open e-Tender,2344000.0,-0.0397
TND-000387,MPLADS-000387,6,0,Open e-Tender,912000.0,-0.0011
TND-000388,MPLADS-000388,7,0,Open e-Tender,3417000.0,0.0179
TND-000389,MPLADS-000389,3,0,Open e-Tender,3518000.0,-0.023
TND-000390,MPLADS-000390,7,0,Open e-Tender,13910000.0,-0.0683
TND-000391,MPLADS-000391,5,0,Open e-Tender,1708000.0,-0.0284
TND-000392,MPLADS-000392,4,0,Open e-Tender,1842000.0,-0.0753
TND-000393,MPLADS-000393,5,0,Open e-Tender,775000.0,-0.0514
TND-000394,MPLADS-000394,5,0,Open e-Tender,699000.0,-0.0251
TND-000395,MPLADS-000395,6,0,Open e-Tender,9671000.0,-0.0119
TND-000396,MPLADS-000396,3,0,Open e-Tender,562000.0,0.0163
TND-000397,MPLADS-000397,4,0,Open e-Tender,656000.0,0.0139
TND-000398,MPLADS-000398,5,0,Open e-Tender,3590000.0,-0.0572
TND-000399,MPLADS-000399,7,0,Open e-Tender,1904000.0,-0.0191
TND-000400,MPLADS-000400,6,0,Open e-Tender,913000.0,-0.0318
TND-000401,MPLADS-000401,5,0,Open e-Tender,2135000.0,-0.049
TND-000402,MPLADS-000402,1,1,Single Tender Inquiry,2526000.0,0.0128
TND-000403,MPLADS-000403,7,0,Open e-Tender,2091000.0,-0.0543
TND-000404,MPLADS-000404,4,0,Open e-Tender,1133000.0,-0.0165
TND-000405,MPLADS-000405,4,0,Open e-Tender,1596000.0,-0.0584
TND-000406,MPLADS-000406,1,1,Single Tender Inquiry,2266000.0,-0.007
TND-000407,MPLADS-000407,6,0,Open e-Tender,2291000.0,0.0169
TND-000408,MPLADS-000408,7,0,Open e-Tender,1682000.0,-0.0556
TND-000409,MPLADS-000409,4,0,Open e-Tender,1386000.0,-0.0348
TND-000410,MPLADS-000410,6,0,Open e-Tender,9175000.0,0.0182
TND-000411,MPLADS-000411,6,0,Open e-Tender,1436000.0,-0.0795
TND-000412,MPLADS-000412,3,0,Open e-Tender,1771000.0,-0.0123
TND-000413,MPLADS-000413,1,1,Single Tender Inquiry,13113000.0,-0.0086
TND-000414,MPLADS-000414,7,0,Open e-Tender,12473000.0,-0.0592
TND-000415,MPLADS-000415,6,0,Open e-Tender,2297000.0,-0.0628
TND-000416,MPLADS-000416,6,0,Open e-Tender,1048000.0,-0.0584
TND-000417,MPLADS-000417,4,0,Open e-Tender,2390000.0,-0.0512
TND-000418,MPLADS-000418,3,0,Open e-Tender,1670000.0,0.0152
TND-000419,MPLADS-000419,6,0,Open e-Tender,782000.0,-0.0089
TND-000420,MPLADS-000420,6,0,Open e-Tender,3173000.0,0.018
TND-000421,MPLADS-000421,5,0,Open e-Tender,1755000.0,-0.0129
TND-000422,MPLADS-000422,6,0,Open e-Tender,2850000.0,-0.0452
TND-000423,MPLADS-000423,7,0,Open e-Tender,2081000.0,-0.0489
TND-000424,MPLADS-000424,6,0,Open e-Tender,3169000.0,-0.0385
TND-000425,MPLADS-000425,7,0,Open e-Tender,1237000.0,-0.0796
TND-000426,MPLADS-000426,4,0,Open e-Tender,10756000.0,-0.019
TND-000427,MPLADS-000427,1,1,Single Tender Inquiry,2084000.0,-0.023
TND-000428,MPLADS-000428,7,0,Open e-Tender,2737000.0,-0.046
TND-000429,MPLADS-000429,4,0,Open e-Tender,3689000.0,0.0104
TND-000430,MPLADS-000430,4,0,Open e-Tender,1432000.0,-0.0428
TND-000431,MPLADS-000431,6,0,Open e-Tender,1526000.0,-0.0701
TND-000432,MPLADS-000432,3,0,Open e-Tender,1531000.0,-0.0142
TND-000433,MPLADS-000433,5,0,Open e-Tender,840000.0,-0.0728
TND-000434,MPLADS-000434,3,0,Open e-Tender,10778000.0,-0.0024
TND-000435,MPLADS-000435,1,1,Single Tender Inquiry,3313000.0,0.0138
TND-000436,MPLADS-000436,6,0,Open e-Tender,3092000.0,0.0154
TND-000437,MPLADS-000437,4,0,Open e-Tender,418000.0,-0.0048
TND-000438,MPLADS-000438,6,0,Open e-Tender,1494000.0,-0.0235
TND-000439,MPLADS-000439,6,0,Open e-Tender,550000.0,-0.0484
TND-000440,MPLADS-000440,7,0,Open e-Tender,999000.0,-0.0273
TND-000441,MPLADS-000441,4,0,Open e-Tender,1210000.0,-0.0465
TND-000442,MPLADS-000442,6,0,Open e-Tender,1658000.0,0.003
TND-000443,MPLADS-000443,3,0,Open e-Tender,1455000.0,0.0182
TND-000444,MPLADS-000444,1,1,Single Tender Inquiry,3213000.0,-0.0743
TND-000445,MPLADS-000445,1,1,Single Tender Inquiry,1285000.0,-0.0108
TND-000446,MPLADS-000446,4,0,Open e-Tender,672000.0,0.0105
TND-000447,MPLADS-000447,5,0,Open e-Tender,512000.0,-0.0358
TND-000448,MPLADS-000448,4,0,Open e-Tender,3168000.0,-0.0128
TND-000449,MPLADS-000449,7,0,Open e-Tender,3790000.0,-0.0297
TND-000450,MPLADS-000450,6,0,Open e-Tender,3098000.0,-0.0453
TND-000451,MPLADS-000451,3,0,Open e-Tender,1378000.0,-0.0651
TND-000452,MPLADS-000452,7,0,Open e-Tender,13465000.0,-0.0156
TND-000453,MPLADS-000453,6,0,Open e-Tender,1696000.0,-0.0347
TND-000454,MPLADS-000454,6,0,Open e-Tender,4109000.0,-0.0153
TND-000455,MPLADS-000455,3,0,Open e-Tender,595000.0,-0.0309
TND-000456,MPLADS-000456,6,0,Open e-Tender,2907000.0,-0.0235
TND-000457,MPLADS-000457,4,0,Open e-Tender,2312000.0,-0.0383
TND-000458,MPLADS-000458,6,0,Open e-Tender,9137000.0,-0.0118
TND-000459,MPLADS-000459,6,0,Open e-Tender,814000.0,-0.0729
TND-000460,MPLADS-000460,4,0,Open e-Tender,1020000.0,-0.0039
TND-000461,MPLADS-000461,6,0,Open e-Tender,1975000.0,-0.0413
TND-000462,MPLADS-000462,1,1,Single Tender Inquiry,2413000.0,0.0084
TND-000463,MPLADS-000463,4,0,Open e-Tender,2415000.0,-0.0094
TND-000464,MPLADS-000464,3,0,Open e-Tender,2702000.0,-0.016
TND-000465,MPLADS-000465,6,0,Open e-Tender,8371000.0,-0.0413
TND-000466,MPLADS-000466,6,0,Open e-Tender,886000.0,-0.0188
TND-000467,MPLADS-000467,6,0,Open e-Tender,389000.0,-0.0738
TND-000468,MPLADS-000468,6,0,Open e-Tender,3781000.0,-0.0685
TND-000469,MPLADS-000469,3,0,Open e-Tender,8400000.0,-0.0021
TND-000470,MPLADS-000470,4,0,Open e-Tender,2334000.0,-0.0004
TND-000471,MPLADS-000471,5,0,Open e-Tender,3782000.0,-0.0657
TND-000472,MPLADS-000472,7,0,Open e-Tender,8394000.0,-0.0319
TND-000473,MPLADS-000473,6,0,Open e-Tender,3149000.0,0.0109
TND-000474,MPLADS-000474,7,0,Open e-Tender,2272000.0,-0.0215
TND-000475,MPLADS-000475,3,0,Open e-Tender,1087000.0,-0.0312
TND-000476,MPLADS-000476,3,0,Open e-Tender,9843000.0,-0.0516
TND-000477,MPLADS-000477,5,0,Open e-Tender,10843000.0,-0.0018
TND-000478,MPLADS-000478,5,0,Open e-Tender,2831000.0,-0.0261
TND-000479,MPLADS-000479,4,0,Open e-Tender,552000.0,-0.0499
TND-000480,MPLADS-000480,7,0,Open e-Tender,10518000.0,0.0027
TND-000481,MPLADS-000481,6,0,Open e-Tender,2160000.0,-0.0761
TND-000482,MPLADS-000482,5,0,Open e-Tender,15241000.0,-0.0351
TND-000483,MPLADS-000483,1,1,Single Tender Inquiry,754000.0,-0.0105
TND-000484,MPLADS-000484,3,0,Open e-Tender,3671000.0,0.0155
TND-000485,MPLADS-000485,4,0,Open e-Tender,2213000.0,-0.0387
TND-000486,MPLADS-000486,7,0,Open e-Tender,2471000.0,0.0144
TND-000487,MPLADS-000487,5,0,Open e-Tender,9359000.0,-0.0311
TND-000488,MPLADS-000488,7,0,Open e-Tender,16716000.0,0.0128
TND-000489,MPLADS-000489,1,1,Single Tender Inquiry,1600000.0,-0.0413
TND-000490,MPLADS-000490,6,0,Open e-Tender,2187000.0,-0.0306
TND-000491,MPLADS-000491,7,0,Open e-Tender,2850000.0,-0.0059
TND-000492,MPLADS-000492,6,0,Open e-Tender,2468000.0,-0.0306
TND-000493,MPLADS-000493,4,0,Open e-Tender,2116000.0,-0.0691
TND-000494,MPLADS-000494,6,0,Open e-Tender,682000.0,-0.0229
TND-000495,MPLADS-000495,7,0,Open e-Tender,1693000.0,-0.0733
TND-000496,MPLADS-000496,6,0,Open e-Tender,1540000.0,-0.0191
TND-000497,MPLADS-000497,4,0,Open e-Tender,10535000.0,-0.0512
TND-000498,MPLADS-000498,6,0,Open e-Tender,1854000.0,-0.0043
TND-000499,MPLADS-000499,1,1,Single Tender Inquiry,2013000.0,-0.0123
TND-000500,MPLADS-000500,6,0,Open e-Tender,969000.0,0.0189
TND-000501,MPLADS-000501,3,0,Open e-Tender,14254000.0,-0.0465
TND-000502,MPLADS-000502,7,0,Open e-Tender,2177000.0,0.0135
TND-000503,MPLADS-000503,1,1,Single Tender Inquiry,2014000.0,-0.0377
TND-000504,MPLADS-000504,6,0,Open e-Tender,10005000.0,-0.0261
TND-000505,MPLADS-000505,4,0,Open e-Tender,1578000.0,-0.0119
TND-000506,MPLADS-000506,3,0,Open e-Tender,2490000.0,-0.004
TND-000507,MPLADS-000507,4,0,Open e-Tender,1318000.0,-0.0552
TND-000508,MPLADS-000508,4,0,Open e-Tender,16168000.0,0.009
TND-000509,MPLADS-000509,7,0,Open e-Tender,1965000.0,-0.041
TND-000510,MPLADS-000510,7,0,Open e-Tender,2793000.0,-0.0599
TND-000511,MPLADS-000511,5,0,Open e-Tender,3542000.0,0.0123
TND-000512,MPLADS-000512,6,0,Open e-Tender,2284000.0,-0.0432
TND-000513,MPLADS-000513,6,0,Open e-Tender,1879000.0,-0.0142
TND-000514,MPLADS-000514,5,0,Open e-Tender,1224000.0,-0.0656
TND-000515,MPLADS-000515,3,0,Open e-Tender,3945000.0,-0.0589
TND-000516,MPLADS-000516,5,0,Open e-Tender,1518000.0,-0.0772
TND-000517,MPLADS-000517,5,0,Open e-Tender,1536000.0,-0.0173
TND-000518,MPLADS-000518,7,0,Open e-Tender,586000.0,-0.0085
TND-000519,MPLADS-000519,3,0,Open e-Tender,542000.0,-0.0163
TND-000520,MPLADS-000520,1,1,Single Tender Inquiry,3531000.0,0.0176
TND-000521,MPLADS-000521,7,0,Open e-Tender,569000.0,-0.0748
TND-000522,MPLADS-000522,4,0,Open e-Tender,2584000.0,-0.0275
TND-000523,MPLADS-000523,4,0,Open e-Tender,1732000.0,-0.0006
TND-000524,MPLADS-000524,7,0,Open e-Tender,2970000.0,-0.0297
TND-000525,MPLADS-000525,4,0,Open e-Tender,11412000.0,-0.0023
TND-000526,MPLADS-000526,1,1,Single Tender Inquiry,1372000.0,0.0051
TND-000527,MPLADS-000527,3,0,Open e-Tender,15382000.0,0.0185
TND-000528,MPLADS-000528,6,0,Open e-Tender,1959000.0,0.0077
TND-000529,MPLADS-000529,6,0,Open e-Tender,3244000.0,-0.0442
TND-000530,MPLADS-000530,3,0,Open e-Tender,1667000.0,-0.0614
TND-000531,MPLADS-000531,4,0,Open e-Tender,2299000.0,-0.0073
TND-000532,MPLADS-000532,7,0,Open e-Tender,3025000.0,-0.0069
TND-000533,MPLADS-000533,4,0,Open e-Tender,3662000.0,0.0167
TND-000534,MPLADS-000534,5,0,Open e-Tender,2282000.0,-0.0031
TND-000535,MPLADS-000535,7,0,Open e-Tender,3643000.0,-0.0478
TND-000536,MPLADS-000536,4,0,Open e-Tender,2412000.0,0.0
TND-000537,MPLADS-000537,4,0,Open e-Tender,1623000.0,0.0195
TND-000538,MPLADS-000538,5,0,Open e-Tender,12945000.0,0.0031
TND-000539,MPLADS-000539,6,0,Open e-Tender,995000.0,-0.0701
TND-000540,MPLADS-000540,6,0,Open e-Tender,1789000.0,-0.0554
TND-000541,MPLADS-000541,7,0,Open e-Tender,2754000.0,-0.0734
TND-000542,MPLADS-000542,7,0,Open e-Tender,2807000.0,-0.052
TND-000543,MPLADS-000543,1,1,Single Tender Inquiry,2244000.0,-0.0332
TND-000544,MPLADS-000544,6,0,Open e-Tender,3583000.0,-0.0306
TND-000545,MPLADS-000545,3,0,Open e-Tender,1060000.0,-0.0468
TND-000546,MPLADS-000546,4,0,Open e-Tender,749000.0,0.004
TND-000547,MPLADS-000547,4,0,Open e-Tender,1093000.0,-0.0674
TND-000548,MPLADS-000548,3,0,Open e-Tender,888000.0,-0.0553
TND-000549,MPLADS-000549,3,0,Open e-Tender,4159000.0,0.0109
TND-000550,MPLADS-000550,6,0,Open e-Tender,2065000.0,-0.0614
TND-000551,MPLADS-000551,4,0,Open e-Tender,2812000.0,-0.029
TND-000552,MPLADS-000552,3,0,Open e-Tender,9291000.0,-0.0709
TND-000553,MPLADS-000553,7,0,Open e-Tender,3734000.0,-0.0161
TND-000554,MPLADS-000554,1,1,Single Tender Inquiry,1460000.0,-0.0162
TND-000555,MPLADS-000555,6,0,Open e-Tender,15244000.0,0.0035
TND-000556,MPLADS-000556,7,0,Open e-Tender,849000.0,-0.0297
TND-000557,MPLADS-000557,5,0,Open e-Tender,12363000.0,-0.0219
TND-000558,MPLADS-000558,3,0,Open e-Tender,61548000.0,-0.0706
TND-000559,MPLADS-000559,7,0,Open e-Tender,537000.0,-0.0773
TND-000560,MPLADS-000560,6,0,Open e-Tender,842000.0,0.0036
TND-000561,MPLADS-000561,3,0,Open e-Tender,3124000.0,0.0068
TND-000562,MPLADS-000562,4,0,Open e-Tender,16607000.0,-0.0115
TND-000563,MPLADS-000563,6,0,Open e-Tender,1994000.0,0.0112
TND-000564,MPLADS-000564,7,0,Open e-Tender,5548000.0,-0.017
TND-000565,MPLADS-000565,5,0,Open e-Tender,626000.0,0.0081
TND-000566,MPLADS-000566,5,0,Open e-Tender,16511000.0,-0.0158
TND-000567,MPLADS-000567,3,0,Open e-Tender,1051000.0,-0.0748
TND-000568,MPLADS-000568,4,0,Open e-Tender,12759000.0,-0.0674
TND-000569,MPLADS-000569,4,0,Open e-Tender,2477000.0,-0.0233
TND-000570,MPLADS-000570,1,1,Single Tender Inquiry,2855000.0,-0.0715
TND-000571,MPLADS-000571,7,0,Open e-Tender,1358000.0,-0.0389
TND-000572,MPLADS-000572,5,0,Open e-Tender,1427000.0,-0.0758
TND-000573,MPLADS-000573,5,0,Open e-Tender,578000.0,-0.0707
TND-000574,MPLADS-000574,5,0,Open e-Tender,2545000.0,-0.0678
TND-000575,MPLADS-000575,7,0,Open e-Tender,1632000.0,0.0074
TND-000576,MPLADS-000576,6,0,Open e-Tender,2505000.0,-0.0203
TND-000577,MPLADS-000577,5,0,Open e-Tender,402000.0,0.0075
TND-000578,MPLADS-000578,6,0,Open e-Tender,1881000.0,0.014
TND-000579,MPLADS-000579,7,0,Open e-Tender,1487000.0,-0.004
TND-000580,MPLADS-000580,4,0,Open e-Tender,552000.0,-0.0036
TND-000581,MPLADS-000581,5,0,Open e-Tender,2621000.0,0.005
TND-000582,MPLADS-000582,3,0,Open e-Tender,1418000.0,0.015
TND-000583,MPLADS-000583,7,0,Open e-Tender,2127000.0,-0.0764
TND-000584,MPLADS-000584,7,0,Open e-Tender,3556000.0,-0.0443
TND-000585,MPLADS-000585,6,0,Open e-Tender,2970000.0,-0.0281
TND-000586,MPLADS-000586,3,0,Open e-Tender,2872000.0,-0.0636
TND-000587,MPLADS-000587,6,0,Open e-Tender,2605000.0,-0.0302
TND-000588,MPLADS-000588,3,0,Open e-Tender,1919000.0,-0.077
TND-000589,MPLADS-000589,5,0,Open e-Tender,361000.0,-0.0137
TND-000590,MPLADS-000590,4,0,Open e-Tender,2020000.0,-0.0776
TND-000591,MPLADS-000591,7,0,Open e-Tender,1937000.0,-0.0382
TND-000592,MPLADS-000592,3,0,Open e-Tender,1595000.0,0.0133
TND-000593,MPLADS-000593,6,0,Open e-Tender,13952000.0,-0.0453
TND-000594,MPLADS-000594,4,0,Open e-Tender,3780000.0,0.0123
TND-000595,MPLADS-000595,3,0,Open e-Tender,1052000.0,-0.0159
TND-000596,MPLADS-000596,3,0,Open e-Tender,3703000.0,-0.0263
TND-000597,MPLADS-000597,5,0,Open e-Tender,1392000.0,-0.0763
TND-000598,MPLADS-000598,6,0,Open e-Tender,1939000.0,-0.001
TND-000599,MPLADS-000599,5,0,Open e-Tender,2690000.0,0.0147
TND-000600,MPLADS-000600,6,0,Open e-Tender,750000.0,0.0013
TND-000601,MPLADS-000601,6,0,Open e-Tender,606000.0,-0.0663
TND-000602,MPLADS-000602,4,0,Open e-Tender,2979000.0,-0.0381
TND-000603,MPLADS-000603,6,0,Open e-Tender,2691000.0,-0.0584
TND-000604,MPLADS-000604,6,0,Open e-Tender,52964000.0,-0.0015
TND-000605,MPLADS-000605,5,0,Open e-Tender,15442000.0,-0.0476
TND-000606,MPLADS-000606,7,0,Open e-Tender,1571000.0,-0.0553
TND-000607,MPLADS-000607,4,0,Open e-Tender,2712000.0,0.0086
TND-000608,MPLADS-000608,4,0,Open e-Tender,3377000.0,0.0015
TND-000609,MPLADS-000609,3,0,Open e-Tender,1739000.0,0.0023
TND-000610,MPLADS-000610,7,0,Open e-Tender,2847000.0,0.0018
TND-000611,MPLADS-000611,6,0,Open e-Tender,3054000.0,0.0026
TND-000612,MPLADS-000612,5,0,Open e-Tender,10701000.0,-0.0605
TND-000613,MPLADS-000613,6,0,Open e-Tender,2944000.0,0.0003
TND-000614,MPLADS-000614,3,0,Open e-Tender,1879000.0,-0.0126
TND-000615,MPLADS-000615,4,0,Open e-Tender,688000.0,0.0103
TND-000616,MPLADS-000616,7,0,Open e-Tender,9235000.0,-0.0744
TND-000617,MPLADS-000617,7,0,Open e-Tender,1869000.0,-0.066
TND-000618,MPLADS-000618,3,0,Open e-Tender,14999000.0,0.0043
TND-000619,MPLADS-000619,1,1,Single Tender Inquiry,347000.0,-0.0519
TND-000620,MPLADS-000620,3,0,Open e-Tender,2385000.0,-0.0136
TND-000621,MPLADS-000621,3,0,Open e-Tender,2764000.0,-0.0107
TND-000622,MPLADS-000622,6,0,Open e-Tender,9444000.0,0.0171
TND-000623,MPLADS-000623,7,0,Open e-Tender,10166000.0,-0.0583
TND-000624,MPLADS-000624,4,0,Open e-Tender,2318000.0,-0.075
TND-000625,MPLADS-000625,4,0,Open e-Tender,430000.0,0.0047
TND-000626,MPLADS-000626,7,0,Open e-Tender,14164000.0,-0.0572
TND-000627,MPLADS-000627,6,0,Open e-Tender,2840000.0,-0.0118
TND-000628,MPLADS-000628,3,0,Open e-Tender,2543000.0,0.0103
TND-000629,MPLADS-000629,6,0,Open e-Tender,1640000.0,0.0086
TND-000630,MPLADS-000630,4,0,Open e-Tender,1707000.0,-0.0378
TND-000631,MPLADS-000631,4,0,Open e-Tender,2376000.0,-0.0373
TND-000632,MPLADS-000632,6,0,Open e-Tender,3870000.0,0.0076
TND-000633,MPLADS-000633,6,0,Open e-Tender,896000.0,-0.0397
TND-000634,MPLADS-000634,6,0,Open e-Tender,1720000.0,-0.0632
TND-000635,MPLADS-000635,7,0,Open e-Tender,3312000.0,0.0036
TND-000636,MPLADS-000636,7,0,Open e-Tender,556000.0,-0.0364
TND-000637,MPLADS-000637,7,0,Open e-Tender,3075000.0,-0.055
TND-000638,MPLADS-000638,4,0,Open e-Tender,589000.0,-0.071
TND-000639,MPLADS-000639,3,0,Open e-Tender,9912000.0,0.0034
TND-000640,MPLADS-000640,4,0,Open e-Tender,2412000.0,-0.0371
TND-000641,MPLADS-000641,3,0,Open e-Tender,2272000.0,-0.0035
TND-000642,MPLADS-000642,6,0,Open e-Tender,67125000.0,-0.0626
TND-000643,MPLADS-000643,5,0,Open e-Tender,7839000.0,-0.0528
TND-000644,MPLADS-000644,6,0,Open e-Tender,1960000.0,-0.0041
TND-000645,MPLADS-000645,3,0,Open e-Tender,3549000.0,-0.0372
TND-000646,MPLADS-000646,1,1,Single Tender Inquiry,2789000.0,-0.018
TND-000647,MPLADS-000647,3,0,Open e-Tender,2692000.0,-0.044
TND-000648,MPLADS-000648,5,0,Open e-Tender,566000.0,-0.0174
TND-000649,MPLADS-000649,5,0,Open e-Tender,385000.0,0.0079
TND-000650,MPLADS-000650,4,0,Open e-Tender,2531000.0,-0.0384
TND-000651,MPLADS-000651,5,0,Open e-Tender,1347000.0,-0.0413
TND-000652,MPLADS-000652,5,0,Open e-Tender,2314000.0,-0.0493
TND-000653,MPLADS-000653,5,0,Open e-Tender,3135000.0,-0.0366
TND-000654,MPLADS-000654,6,0,Open e-Tender,1884000.0,-0.0446
TND-000655,MPLADS-000655,3,0,Open e-Tender,674000.0,-0.0059
TND-000656,MPLADS-000656,1,1,Single Tender Inquiry,2310000.0,-0.0407
TND-000657,MPLADS-000657,3,0,Open e-Tender,8945000.0,-0.0132
TND-000658,MPLADS-000658,6,0,Open e-Tender,1941000.0,-0.0564
TND-000659,MPLADS-000659,3,0,Open e-Tender,1659000.0,-0.0525
TND-000660,MPLADS-000660,4,0,Open e-Tender,612000.0,-0.0482
TND-000661,MPLADS-000661,7,0,Open e-Tender,608000.0,-0.044
TND-000662,MPLADS-000662,3,0,Open e-Tender,2831000.0,-0.0184
TND-000663,MPLADS-000663,4,0,Open e-Tender,12621000.0,0.0086
TND-000664,MPLADS-000664,4,0,Open e-Tender,2223000.0,-0.0592
TND-000665,MPLADS-000665,3,0,Open e-Tender,3142000.0,-0.007
TND-000666,MPLADS-000666,1,1,Single Tender Inquiry,2261000.0,-0.0009
TND-000667,MPLADS-000667,6,0,Open e-Tender,15606000.0,-0.0113
TND-000668,MPLADS-000668,6,0,Open e-Tender,461000.0,-0.0687
TND-000669,MPLADS-000669,5,0,Open e-Tender,595000.0,-0.0116
TND-000670,MPLADS-000670,6,0,Open e-Tender,11731000.0,-0.0439
TND-000671,MPLADS-000671,4,0,Open e-Tender,545000.0,-0.0455
TND-000672,MPLADS-000672,4,0,Open e-Tender,12778000.0,-0.0441
TND-000673,MPLADS-000673,3,0,Open e-Tender,673000.0,-0.0161
TND-000674,MPLADS-000674,3,0,Open e-Tender,500000.0,-0.0458
TND-000675,MPLADS-000675,5,0,Open e-Tender,2771000.0,0.0043
TND-000676,MPLADS-000676,4,0,Open e-Tender,619000.0,-0.0747
TND-000677,MPLADS-000677,4,0,Open e-Tender,2099000.0,0.0116
TND-000678,MPLADS-000678,5,0,Open e-Tender,3115000.0,-0.0612
TND-000679,MPLADS-000679,5,0,Open e-Tender,7358000.0,-0.0766
TND-000680,MPLADS-000680,3,0,Open e-Tender,564000.0,-0.007
TND-000681,MPLADS-000681,7,0,Open e-Tender,415000.0,-0.0166
TND-000682,MPLADS-000682,5,0,Open e-Tender,783000.0,-0.0309
TND-000683,MPLADS-000683,5,0,Open e-Tender,2517000.0,0.006
TND-000684,MPLADS-000684,4,0,Open e-Tender,2439000.0,-0.0306
TND-000685,MPLADS-000685,6,0,Open e-Tender,3868000.0,-0.0591
TND-000686,MPLADS-000686,3,0,Open e-Tender,1826000.0,-0.0395
TND-000687,MPLADS-000687,1,1,Single Tender Inquiry,2535000.0,-0.0649
TND-000688,MPLADS-000688,3,0,Open e-Tender,2287000.0,-0.0677
TND-000689,MPLADS-000689,6,0,Open e-Tender,752000.0,-0.0505
TND-000690,MPLADS-000690,4,0,Open e-Tender,585000.0,-0.0347
TND-000691,MPLADS-000691,5,0,Open e-Tender,1770000.0,-0.0023
TND-000692,MPLADS-000692,3,0,Open e-Tender,1321000.0,-0.0112
TND-000693,MPLADS-000693,5,0,Open e-Tender,662000.0,-0.0178
TND-000694,MPLADS-000694,3,0,Open e-Tender,1402000.0,-0.0508
TND-000695,MPLADS-000695,1,1,Single Tender Inquiry,1573000.0,-0.0218
TND-000696,MPLADS-000696,7,0,Open e-Tender,2041000.0,0.019
TND-000697,MPLADS-000697,6,0,Open e-Tender,651000.0,-0.0106
TND-000698,MPLADS-000698,3,0,Open e-Tender,2871000.0,-0.0531
TND-000699,MPLADS-000699,5,0,Open e-Tender,11538000.0,0.0072
TND-000700,MPLADS-000700,6,0,Open e-Tender,2049000.0,-0.0787
TND-000701,MPLADS-000701,3,0,Open e-Tender,1776000.0,-0.0045
TND-000702,MPLADS-000702,7,0,Open e-Tender,582000.0,-0.0412
TND-000703,MPLADS-000703,3,0,Open e-Tender,1612000.0,-0.0295
TND-000704,MPLADS-000704,6,0,Open e-Tender,1751000.0,-0.076
TND-000705,MPLADS-000705,1,1,Single Tender Inquiry,818000.0,-0.0444
TND-000706,MPLADS-000706,4,0,Open e-Tender,1323000.0,-0.0729
TND-000707,MPLADS-000707,7,0,Open e-Tender,1508000.0,-0.0498
TND-000708,MPLADS-000708,1,1,Single Tender Inquiry,490000.0,-0.0258
TND-000709,MPLADS-000709,6,0,Open e-Tender,566000.0,-0.0374
TND-000710,MPLADS-000710,6,0,Open e-Tender,2411000.0,0.0139
TND-000711,MPLADS-000711,3,0,Open e-Tender,1755000.0,-0.0261
TND-000712,MPLADS-000712,4,0,Open e-Tender,2521000.0,-0.0024
TND-000713,MPLADS-000713,4,0,Open e-Tender,2369000.0,0.018
TND-000714,MPLADS-000714,4,0,Open e-Tender,1369000.0,-0.0087
TND-000715,MPLADS-000715,3,0,Open e-Tender,13923000.0,-0.055
TND-000716,MPLADS-000716,5,0,Open e-Tender,390000.0,0.0183
TND-000717,MPLADS-000717,3,0,Open e-Tender,1028000.0,-0.0739
TND-000718,MPLADS-000718,7,0,Open e-Tender,2125000.0,-0.0496
TND-000719,MPLADS-000719,5,0,Open e-Tender,527000.0,-0.0572
TND-000720,MPLADS-000720,7,0,Open e-Tender,2703000.0,-0.0011
TND-000721,MPLADS-000721,1,1,Single Tender Inquiry,390000.0,-0.0201
TND-000722,MPLADS-000722,7,0,Open e-Tender,739000.0,0.0014
TND-000723,MPLADS-000723,1,1,Single Tender Inquiry,2855000.0,-0.0752
TND-000724,MPLADS-000724,5,0,Open e-Tender,2684000.0,-0.0204
TND-000725,MPLADS-000725,5,0,Open e-Tender,15763000.0,0.0144
TND-000726,MPLADS-000726,6,0,Open e-Tender,1089000.0,0.0083
TND-000727,MPLADS-000727,4,0,Open e-Tender,1601000.0,0.0088
TND-000728,MPLADS-000728,4,0,Open e-Tender,697000.0,-0.0211
TND-000729,MPLADS-000729,6,0,Open e-Tender,606000.0,-0.079
TND-000730,MPLADS-000730,6,0,Open e-Tender,589000.0,-0.0376
TND-000731,MPLADS-000731,4,0,Open e-Tender,528000.0,-0.0112
TND-000732,MPLADS-000732,5,0,Open e-Tender,456000.0,-0.0215
TND-000733,MPLADS-000733,3,0,Open e-Tender,1626000.0,-0.0552
TND-000734,MPLADS-000734,7,0,Open e-Tender,2362000.0,-0.0518
TND-000735,MPLADS-000735,4,0,Open e-Tender,847000.0,-0.0536
TND-000736,MPLADS-000736,3,0,Open e-Tender,10033000.0,-0.0273
TND-000737,MPLADS-000737,7,0,Open e-Tender,13632000.0,-0.0243
TND-000738,MPLADS-000738,4,0,Open e-Tender,1624000.0,0.0118
TND-000739,MPLADS-000739,6,0,Open e-Tender,2809000.0,-0.059
TND-000740,MPLADS-000740,4,0,Open e-Tender,1243000.0,-0.0151
TND-000741,MPLADS-000741,1,1,Single Tender Inquiry,1552000.0,-0.0667
TND-000742,MPLADS-000742,3,0,Open e-Tender,2355000.0,-0.0754
TND-000743,MPLADS-000743,6,0,Open e-Tender,12495000.0,-0.0379
TND-000744,MPLADS-000744,5,0,Open e-Tender,344000.0,-0.0523
TND-000745,MPLADS-000745,6,0,Open e-Tender,362000.0,0.0056
TND-000746,MPLADS-000746,6,0,Open e-Tender,425000.0,0.0071
TND-000747,MPLADS-000747,3,0,Open e-Tender,1678000.0,-0.0083
TND-000748,MPLADS-000748,7,0,Open e-Tender,7862000.0,-0.0602
TND-000749,MPLADS-000749,6,0,Open e-Tender,919000.0,-0.0574
TND-000750,MPLADS-000750,5,0,Open e-Tender,11427000.0,-0.002
TND-000751,MPLADS-000751,6,0,Open e-Tender,1924000.0,-0.0447
TND-000752,MPLADS-000752,6,0,Open e-Tender,2083000.0,-0.041
TND-000753,MPLADS-000753,4,0,Open e-Tender,2264000.0,-0.0109
TND-000754,MPLADS-000754,5,0,Open e-Tender,641000.0,0.0063
TND-000755,MPLADS-000755,6,0,Open e-Tender,2854000.0,0.0128
TND-000756,MPLADS-000756,5,0,Open e-Tender,733000.0,0.0041
TND-000757,MPLADS-000757,5,0,Open e-Tender,1964000.0,0.0145
TND-000758,MPLADS-000758,3,0,Open e-Tender,13074000.0,-0.0291
TND-000759,MPLADS-000759,4,0,Open e-Tender,2067000.0,-0.0731
TND-000760,MPLADS-000760,4,0,Open e-Tender,1700000.0,-0.0781
TND-000761,MPLADS-000761,6,0,Open e-Tender,2635000.0,-0.0586
TND-000762,MPLADS-000762,5,0,Open e-Tender,368000.0,-0.016
TND-000763,MPLADS-000763,4,0,Open e-Tender,1934000.0,-0.0402
TND-000764,MPLADS-000764,3,0,Open e-Tender,1675000.0,-0.0456
TND-000765,MPLADS-000765,4,0,Open e-Tender,1923000.0,0.0132
TND-000766,MPLADS-000766,7,0,Open e-Tender,570000.0,-0.0547
TND-000767,MPLADS-000767,4,0,Open e-Tender,2370000.0,-0.0746
TND-000768,MPLADS-000768,7,0,Open e-Tender,909000.0,0.0156
TND-000769,MPLADS-000769,5,0,Open e-Tender,1843000.0,0.0194
TND-000770,MPLADS-000770,5,0,Open e-Tender,1123000.0,-0.0563
TND-000771,MPLADS-000771,1,1,Single Tender Inquiry,478000.0,-0.0772
TND-000772,MPLADS-000772,1,1,Single Tender Inquiry,1278000.0,-0.0244
TND-000773,MPLADS-000773,5,0,Open e-Tender,2174000.0,-0.0091
TND-000774,MPLADS-000774,3,0,Open e-Tender,343000.0,-0.0705
TND-000775,MPLADS-000775,4,0,Open e-Tender,2459000.0,-0.0254
TND-000776,MPLADS-000776,3,0,Open e-Tender,2369000.0,-0.037
TND-000777,MPLADS-000777,3,0,Open e-Tender,1047000.0,-0.0593
TND-000778,MPLADS-000778,3,0,Open e-Tender,580000.0,-0.0492
TND-000779,MPLADS-000779,1,1,Single Tender Inquiry,1802000.0,-0.0556
TND-000780,MPLADS-000780,5,0,Open e-Tender,3118000.0,-0.0086
TND-000781,MPLADS-000781,1,1,Single Tender Inquiry,642000.0,-0.0614
TND-000782,MPLADS-000782,3,0,Open e-Tender,15996000.0,-0.0369
TND-000783,MPLADS-000783,7,0,Open e-Tender,2067000.0,0.0103
TND-000784,MPLADS-000784,7,0,Open e-Tender,2377000.0,-0.0556
TND-000785,MPLADS-000785,6,0,Open e-Tender,860000.0,-0.0126
TND-000786,MPLADS-000786,7,0,Open e-Tender,2471000.0,-0.0794
TND-000787,MPLADS-000787,5,0,Open e-Tender,3164000.0,-0.0162
TND-000788,MPLADS-000788,1,1,Single Tender Inquiry,3180000.0,-0.0404
TND-000789,MPLADS-000789,6,0,Open e-Tender,645000.0,0.011
TND-000790,MPLADS-000790,7,0,Open e-Tender,3188000.0,0.0006
TND-000791,MPLADS-000791,3,0,Open e-Tender,1658000.0,-0.0753
TND-000792,MPLADS-000792,7,0,Open e-Tender,2242000.0,-0.0149
TND-000793,MPLADS-000793,7,0,Open e-Tender,1619000.0,-0.0241
TND-000794,MPLADS-000794,7,0,Open e-Tender,1735000.0,-0.056
TND-000795,MPLADS-000795,4,0,Open e-Tender,14480000.0,0.0086
TND-000796,MPLADS-000796,3,0,Open e-Tender,15632000.0,-0.0318
TND-000797,MPLADS-000797,4,0,Open e-Tender,2079000.0,-0.0335
TND-000798,MPLADS-000798,7,0,Open e-Tender,2223000.0,0.0132
TND-000799,MPLADS-000799,6,0,Open e-Tender,1807000.0,-0.0136
TND-000800,MPLADS-000800,5,0,Open e-Tender,2236000.0,-0.0154
TND-000801,MPLADS-000801,6,0,Open e-Tender,610000.0,0.0099
TND-000802,MPLADS-000802,5,0,Open e-Tender,626000.0,-0.0016
TND-000803,MPLADS-000803,4,0,Open e-Tender,3169000.0,-0.0605
TND-000804,MPLADS-000804,7,0,Open e-Tender,578000.0,0.0052
TND-000805,MPLADS-000805,5,0,Open e-Tender,1835000.0,-0.0472
TND-000806,MPLADS-000806,5,0,Open e-Tender,573000.0,0.0
TND-000807,MPLADS-000807,6,0,Open e-Tender,523000.0,-0.0057
TND-000808,MPLADS-000808,3,0,Open e-Tender,2258000.0,-0.0066
TND-000809,MPLADS-000809,3,0,Open e-Tender,1264000.0,-0.0651
TND-000810,MPLADS-000810,3,0,Open e-Tender,2146000.0,-0.0714
TND-000811,MPLADS-000811,4,0,Open e-Tender,668000.0,-0.0644
TND-000812,MPLADS-000812,3,0,Open e-Tender,591000.0,-0.0498
TND-000813,MPLADS-000813,3,0,Open e-Tender,2184000.0,-0.0206
TND-000814,MPLADS-000814,3,0,Open e-Tender,2493000.0,-0.0115
TND-000815,MPLADS-000815,7,0,Open e-Tender,2767000.0,-0.0746
TND-000816,MPLADS-000816,6,0,Open e-Tender,1627000.0,-0.0452
TND-000817,MPLADS-000817,7,0,Open e-Tender,8350000.0,-0.0498
TND-000818,MPLADS-000818,3,0,Open e-Tender,3383000.0,0.0141
TND-000819,MPLADS-000819,3,0,Open e-Tender,2283000.0,-0.0375
TND-000820,MPLADS-000820,4,0,Open e-Tender,8261000.0,-0.0238
TND-000821,MPLADS-000821,3,0,Open e-Tender,1800000.0,-0.0441
TND-000822,MPLADS-000822,5,0,Open e-Tender,1956000.0,-0.0646
TND-000823,MPLADS-000823,1,1,Single Tender Inquiry,2304000.0,-0.042
TND-000824,MPLADS-000824,6,0,Open e-Tender,1224000.0,-0.0105
TND-000825,MPLADS-000825,4,0,Open e-Tender,3184000.0,0.0025
TND-000826,MPLADS-000826,7,0,Open e-Tender,1566000.0,-0.0794
TND-000827,MPLADS-000827,6,0,Open e-Tender,3075000.0,0.0049
TND-000828,MPLADS-000828,6,0,Open e-Tender,1938000.0,-0.0736
TND-000829,MPLADS-000829,1,1,Single Tender Inquiry,2664000.0,-0.0613
TND-000830,MPLADS-000830,3,0,Open e-Tender,2767000.0,-0.0402
TND-000831,MPLADS-000831,6,0,Open e-Tender,527000.0,0.0
TND-000832,MPLADS-000832,7,0,Open e-Tender,12852000.0,-0.016
TND-000833,MPLADS-000833,4,0,Open e-Tender,2272000.0,-0.0619
TND-000834,MPLADS-000834,3,0,Open e-Tender,2994000.0,0.0044
TND-000835,MPLADS-000835,4,0,Open e-Tender,2442000.0,-0.059
TND-000836,MPLADS-000836,3,0,Open e-Tender,635000.0,-0.0797
TND-000837,MPLADS-000837,7,0,Open e-Tender,1431000.0,-0.0272
TND-000838,MPLADS-000838,4,0,Open e-Tender,999000.0,-0.0477
TND-000839,MPLADS-000839,6,0,Open e-Tender,529000.0,-0.0604
TND-000840,MPLADS-000840,1,1,Single Tender Inquiry,422000.0,-0.0094
TND-000841,MPLADS-000841,7,0,Open e-Tender,2697000.0,-0.053
TND-000842,MPLADS-000842,7,0,Open e-Tender,14747000.0,0.0131
TND-000843,MPLADS-000843,5,0,Open e-Tender,2228000.0,-0.0194
TND-000844,MPLADS-000844,5,0,Open e-Tender,8831000.0,-0.0738
TND-000845,MPLADS-000845,5,0,Open e-Tender,536000.0,-0.053
TND-000846,MPLADS-000846,7,0,Open e-Tender,11591000.0,-0.0766
TND-000847,MPLADS-000847,7,0,Open e-Tender,990000.0,-0.0256
TND-000848,MPLADS-000848,1,1,Single Tender Inquiry,2220000.0,-0.0289
TND-000849,MPLADS-000849,1,1,Single Tender Inquiry,1524000.0,-0.0499
TND-000850,MPLADS-000850,3,0,Open e-Tender,515000.0,-0.055
TND-000851,MPLADS-000851,6,0,Open e-Tender,9082000.0,-0.0736
TND-000852,MPLADS-000852,5,0,Open e-Tender,10455000.0,-0.0688
TND-000853,MPLADS-000853,7,0,Open e-Tender,1575000.0,-0.0385
TND-000854,MPLADS-000854,6,0,Open e-Tender,2441000.0,0.0016
TND-000855,MPLADS-000855,7,0,Open e-Tender,1685000.0,-0.0158
TND-000856,MPLADS-000856,3,0,Open e-Tender,2334000.0,-0.0786
TND-000857,MPLADS-000857,3,0,Open e-Tender,2196000.0,-0.0148
TND-000858,MPLADS-000858,4,0,Open e-Tender,385000.0,0.0105
TND-000859,MPLADS-000859,5,0,Open e-Tender,2963000.0,-0.0712
TND-000860,MPLADS-000860,5,0,Open e-Tender,9535000.0,-0.0339
TND-000861,MPLADS-000861,5,0,Open e-Tender,10893000.0,-0.0328
TND-000862,MPLADS-000862,4,0,Open e-Tender,2837000.0,-0.0317
TND-000863,MPLADS-000863,7,0,Open e-Tender,2035000.0,0.001
TND-000864,MPLADS-000864,4,0,Open e-Tender,3216000.0,-0.0135
TND-000865,MPLADS-000865,3,0,Open e-Tender,2722000.0,-0.0512
TND-000866,MPLADS-000866,1,1,Single Tender Inquiry,2423000.0,-0.0408
TND-000867,MPLADS-000867,3,0,Open e-Tender,1227000.0,0.0183
TND-000868,MPLADS-000868,3,0,Open e-Tender,53553000.0,-0.0541
TND-000869,MPLADS-000869,4,0,Open e-Tender,1070000.0,-0.0056
TND-000870,MPLADS-000870,7,0,Open e-Tender,1877000.0,-0.0229
TND-000871,MPLADS-000871,3,0,Open e-Tender,2845000.0,-0.0336
TND-000872,MPLADS-000872,5,0,Open e-Tender,495000.0,-0.0748
TND-000873,MPLADS-000873,7,0,Open e-Tender,744000.0,0.0068
TND-000874,MPLADS-000874,4,0,Open e-Tender,1906000.0,-0.0564
TND-000875,MPLADS-000875,4,0,Open e-Tender,1579000.0,-0.0401
TND-000876,MPLADS-000876,6,0,Open e-Tender,1225000.0,-0.0145
TND-000877,MPLADS-000877,7,0,Open e-Tender,867000.0,0.0058
TND-000878,MPLADS-000878,3,0,Open e-Tender,1585000.0,-0.0025
TND-000879,MPLADS-000879,5,0,Open e-Tender,2026000.0,-0.0107
TND-000880,MPLADS-000880,3,0,Open e-Tender,3431000.0,0.0062
TND-000881,MPLADS-000881,4,0,Open e-Tender,11086000.0,-0.0346
TND-000882,MPLADS-000882,3,0,Open e-Tender,2152000.0,-0.0371
TND-000883,MPLADS-000883,7,0,Open e-Tender,2644000.0,-0.0693
TND-000884,MPLADS-000884,4,0,Open e-Tender,1044000.0,-0.0369
TND-000885,MPLADS-000885,5,0,Open e-Tender,2461000.0,-0.0036
TND-000886,MPLADS-000886,7,0,Open e-Tender,2166000.0,-0.068
TND-000887,MPLADS-000887,4,0,Open e-Tender,1890000.0,-0.0156
TND-000888,MPLADS-000888,6,0,Open e-Tender,1531000.0,-0.0255
TND-000889,MPLADS-000889,4,0,Open e-Tender,3024000.0,-0.0603
TND-000890,MPLADS-000890,6,0,Open e-Tender,2308000.0,-0.0757
TND-000891,MPLADS-000891,4,0,Open e-Tender,664000.0,-0.025
TND-000892,MPLADS-000892,7,0,Open e-Tender,2315000.0,-0.0758
TND-000893,MPLADS-000893,5,0,Open e-Tender,1704000.0,-0.0133
TND-000894,MPLADS-000894,6,0,Open e-Tender,1639000.0,-0.0342
TND-000895,MPLADS-000895,7,0,Open e-Tender,1971000.0,-0.0076
TND-000896,MPLADS-000896,1,1,Single Tender Inquiry,488000.0,-0.0161
TND-000897,MPLADS-000897,3,0,Open e-Tender,620000.0,-0.0032
TND-000898,MPLADS-000898,5,0,Open e-Tender,1822000.0,0.0117
TND-000899,MPLADS-000899,7,0,Open e-Tender,2028000.0,-0.0015
TND-000900,MPLADS-000900,1,1,Single Tender Inquiry,2015000.0,0.0
TND-000901,MPLADS-000901,3,0,Open e-Tender,505000.0,-0.0213
TND-000902,MPLADS-000902,5,0,Open e-Tender,13157000.0,0.0074
TND-000903,MPLADS-000903,7,0,Open e-Tender,543000.0,-0.067
TND-000904,MPLADS-000904,7,0,Open e-Tender,2705000.0,-0.0117
TND-000905,MPLADS-000905,1,1,Single Tender Inquiry,718000.0,-0.0151
TND-000906,MPLADS-000906,5,0,Open e-Tender,1556000.0,0.0157
TND-000907,MPLADS-000907,4,0,Open e-Tender,1963000.0,-0.019
TND-000908,MPLADS-000908,3,0,Open e-Tender,11751000.0,-0.0284
TND-000909,MPLADS-000909,4,0,Open e-Tender,17017000.0,-0.0284
TND-000910,MPLADS-000910,7,0,Open e-Tender,1727000.0,-0.0634
TND-000911,MPLADS-000911,4,0,Open e-Tender,445000.0,-0.0177
TND-000912,MPLADS-000912,6,0,Open e-Tender,7281000.0,0.0008
TND-000913,MPLADS-000913,5,0,Open e-Tender,1231000.0,-0.0322
TND-000914,MPLADS-000914,4,0,Open e-Tender,1804000.0,-0.0768
TND-000915,MPLADS-000915,5,0,Open e-Tender,1278000.0,-0.0603
TND-000916,MPLADS-000916,6,0,Open e-Tender,1869000.0,-0.0789
TND-000917,MPLADS-000917,5,0,Open e-Tender,933000.0,-0.0043
TND-000918,MPLADS-000918,7,0,Open e-Tender,941000.0,-0.0269
TND-000919,MPLADS-000919,4,0,Open e-Tender,422000.0,0.0
TND-000920,MPLADS-000920,5,0,Open e-Tender,1429000.0,-0.0505
TND-000921,MPLADS-000921,3,0,Open e-Tender,1074000.0,0.0132
TND-000922,MPLADS-000922,3,0,Open e-Tender,630000.0,-0.0172
TND-000923,MPLADS-000923,3,0,Open e-Tender,667000.0,0.0091
TND-000924,MPLADS-000924,3,0,Open e-Tender,2059000.0,0.0005
TND-000925,MPLADS-000925,6,0,Open e-Tender,10237000.0,0.0018
TND-000926,MPLADS-000926,5,0,Open e-Tender,1259000.0,0.004
TND-000927,MPLADS-000927,6,0,Open e-Tender,13588000.0,-0.0314
TND-000928,MPLADS-000928,4,0,Open e-Tender,1422000.0,-0.0784
TND-000929,MPLADS-000929,4,0,Open e-Tender,2950000.0,-0.065
TND-000930,MPLADS-000930,5,0,Open e-Tender,15594000.0,0.0018
TND-000931,MPLADS-000931,4,0,Open e-Tender,576000.0,-0.04
TND-000932,MPLADS-000932,4,0,Open e-Tender,956000.0,-0.0093
TND-000933,MPLADS-000933,3,0,Open e-Tender,3342000.0,-0.0372
TND-000934,MPLADS-000934,6,0,Open e-Tender,3899000.0,-0.0432
TND-000935,MPLADS-000935,3,0,Open e-Tender,2096000.0,-0.0597
TND-000936,MPLADS-000936,5,0,Open e-Tender,2525000.0,-0.0439
TND-000937,MPLADS-000937,4,0,Open e-Tender,1276000.0,0.0103
TND-000938,MPLADS-000938,4,0,Open e-Tender,2041000.0,-0.0078
TND-000939,MPLADS-000939,5,0,Open e-Tender,2972000.0,-0.0373
TND-000940,MPLADS-000940,5,0,Open e-Tender,2805000.0,-0.0508
TND-000941,MPLADS-000941,4,0,Open e-Tender,12341000.0,-0.0319
TND-000942,MPLADS-000942,3,0,Open e-Tender,2757000.0,-0.0196
TND-000943,MPLADS-000943,4,0,Open e-Tender,502000.0,-0.0271
TND-000944,MPLADS-000944,3,0,Open e-Tender,1931000.0,0.0195
TND-000945,MPLADS-000945,7,0,Open e-Tender,12844000.0,-0.0145
TND-000946,MPLADS-000946,5,0,Open e-Tender,13839000.0,-0.0523
TND-000947,MPLADS-000947,6,0,Open e-Tender,2223000.0,-0.0768
TND-000948,MPLADS-000948,5,0,Open e-Tender,4032000.0,0.0062
TND-000949,MPLADS-000949,6,0,Open e-Tender,13550000.0,-0.0503
TND-000950,MPLADS-000950,4,0,Open e-Tender,1308000.0,0.0069
TND-000951,MPLADS-000951,6,0,Open e-Tender,3833000.0,-0.0631
TND-000952,MPLADS-000952,4,0,Open e-Tender,1932000.0,0.0179
TND-000953,MPLADS-000953,3,0,Open e-Tender,984000.0,0.0123
TND-000954,MPLADS-000954,3,0,Open e-Tender,651000.0,-0.0076
TND-000955,MPLADS-000955,5,0,Open e-Tender,2021000.0,-0.0591
TND-000956,MPLADS-000956,7,0,Open e-Tender,2858000.0,-0.0052
TND-000957,MPLADS-000957,6,0,Open e-Tender,14953000.0,-0.0574
TND-000958,MPLADS-000958,4,0,Open e-Tender,1410000.0,0.0057
TND-000959,MPLADS-000959,1,1,Single Tender Inquiry,873000.0,0.0187
TND-000960,MPLADS-000960,7,0,Open e-Tender,2128000.0,-0.0462
TND-000961,MPLADS-000961,6,0,Open e-Tender,677000.0,-0.0044
TND-000962,MPLADS-000962,4,0,Open e-Tender,3973000.0,-0.026
TND-000963,MPLADS-000963,4,0,Open e-Tender,1465000.0,-0.0285
TND-000964,MPLADS-000964,4,0,Open e-Tender,753000.0,-0.0208
TND-000965,MPLADS-000965,6,0,Open e-Tender,3533000.0,-0.0744
TND-000966,MPLADS-000966,3,0,Open e-Tender,637000.0,0.0016
TND-000967,MPLADS-000967,5,0,Open e-Tender,2712000.0,-0.0629
TND-000968,MPLADS-000968,5,0,Open e-Tender,6810000.0,-0.0529
TND-000969,MPLADS-000969,4,0,Open e-Tender,3069000.0,-0.0003
TND-000970,MPLADS-000970,5,0,Open e-Tender,8011000.0,-0.0499
TND-000971,MPLADS-000971,5,0,Open e-Tender,15172000.0,-0.0402
TND-000972,MPLADS-000972,3,0,Open e-Tender,1068000.0,-0.0129
TND-000973,MPLADS-000973,6,0,Open e-Tender,2217000.0,-0.0005
TND-000974,MPLADS-000974,5,0,Open e-Tender,1914000.0,-0.0557
TND-000975,MPLADS-000975,3,0,Open e-Tender,13907000.0,-0.0201
TND-000976,MPLADS-000976,6,0,Open e-Tender,1585000.0,-0.0687
TND-000977,MPLADS-000977,6,0,Open e-Tender,1346000.0,-0.0548
TND-000978,MPLADS-000978,7,0,Open e-Tender,1797000.0,-0.0066
TND-000979,MPLADS-000979,1,1,Single Tender Inquiry,2848000.0,-0.0601
TND-000980,MPLADS-000980,3,0,Open e-Tender,2364000.0,-0.0331
TND-000981,MPLADS-000981,7,0,Open e-Tender,2045000.0,-0.0386
TND-000982,MPLADS-000982,3,0,Open e-Tender,2348000.0,-0.0025
TND-000983,MPLADS-000983,6,0,Open e-Tender,1264000.0,0.0032
TND-000984,MPLADS-000984,7,0,Open e-Tender,744000.0,-0.0606
TND-000985,MPLADS-000985,5,0,Open e-Tender,1939000.0,-0.0714
TND-000986,MPLADS-000986,6,0,Open e-Tender,13715000.0,-0.0204
TND-000987,MPLADS-000987,4,0,Open e-Tender,2903000.0,0.009
TND-000988,MPLADS-000988,4,0,Open e-Tender,1362000.0,-0.0435
TND-000989,MPLADS-000989,4,0,Open e-Tender,2492000.0,-0.0485
TND-000990,MPLADS-000990,7,0,Open e-Tender,2144000.0,0.008
TND-000991,MPLADS-000991,4,0,Open e-Tender,1472000.0,-0.0284
TND-000992,MPLADS-000992,4,0,Open e-Tender,1056000.0,-0.0103
TND-000993,MPLADS-000993,5,0,Open e-Tender,2385000.0,0.0059
TND-000994,MPLADS-000994,7,0,Open e-Tender,4420000.0,-0.0061
TND-000995,MPLADS-000995,5,0,Open e-Tender,1024000.0,-0.0058
TND-000996,MPLADS-000996,5,0,Open e-Tender,3790000.0,0.0142
TND-000997,MPLADS-000997,3,0,Open e-Tender,64216000.0,0.0039
TND-000998,MPLADS-000998,3,0,Open e-Tender,2413000.0,-0.0723
TND-000999,MPLADS-000999,1,1,Single Tender Inquiry,2008000.0,0.0055
TND-001000,MPLADS-001000,5,0,Open e-Tender,3140000.0,0.0159
TND-001001,MPLADS-001001,6,0,Open e-Tender,14306000.0,-0.053
TND-001002,MPLADS-001002,3,0,Open e-Tender,2502000.0,-0.0188
TND-001003,MPLADS-001003,4,0,Open e-Tender,12651000.0,-0.033
TND-001004,MPLADS-001004,6,0,Open e-Tender,1766000.0,-0.0112
TND-001005,MPLADS-001005,6,0,Open e-Tender,1868000.0,-0.0179
TND-001006,MPLADS-001006,6,0,Open e-Tender,912000.0,-0.0617
TND-001007,MPLADS-001007,4,0,Open e-Tender,784000.0,-0.0755
TND-001008,MPLADS-001008,7,0,Open e-Tender,2992000.0,-0.0209
TND-001009,MPLADS-001009,7,0,Open e-Tender,15748000.0,0.0176
TND-001010,MPLADS-001010,4,0,Open e-Tender,554000.0,-0.0229
TND-001011,MPLADS-001011,7,0,Open e-Tender,2207000.0,-0.0068
TND-001012,MPLADS-001012,6,0,Open e-Tender,1764000.0,-0.0062
TND-001013,MPLADS-001013,4,0,Open e-Tender,891000.0,0.0068
TND-001014,MPLADS-001014,6,0,Open e-Tender,1652000.0,-0.0084
TND-001015,MPLADS-001015,7,0,Open e-Tender,13926000.0,-0.0755
TND-001016,MPLADS-001016,3,0,Open e-Tender,13345000.0,-0.0606
TND-001017,MPLADS-001017,6,0,Open e-Tender,1892000.0,-0.0415
TND-001018,MPLADS-001018,5,0,Open e-Tender,441000.0,-0.009
TND-001019,MPLADS-001019,3,0,Open e-Tender,12479000.0,-0.0641
TND-001020,MPLADS-001020,7,0,Open e-Tender,2979000.0,-0.001
TND-001021,MPLADS-001021,3,0,Open e-Tender,489000.0,-0.0739
TND-001022,MPLADS-001022,3,0,Open e-Tender,1967000.0,0.0113
TND-001023,MPLADS-001023,4,0,Open e-Tender,1253000.0,-0.0369
TND-001024,MPLADS-001024,3,0,Open e-Tender,552000.0,-0.009
TND-001025,MPLADS-001025,3,0,Open e-Tender,13458000.0,0.0029
TND-001026,MPLADS-001026,6,0,Open e-Tender,4920000.0,-0.0717
TND-001027,MPLADS-001027,3,0,Open e-Tender,1284000.0,-0.0353
TND-001028,MPLADS-001028,4,0,Open e-Tender,422000.0,-0.0117
TND-001029,MPLADS-001029,7,0,Open e-Tender,1486000.0,-0.0523
TND-001030,MPLADS-001030,6,0,Open e-Tender,532000.0,0.0192
TND-001031,MPLADS-001031,6,0,Open e-Tender,1610000.0,0.0094
TND-001032,MPLADS-001032,3,0,Open e-Tender,1793000.0,-0.0767
TND-001033,MPLADS-001033,4,0,Open e-Tender,766000.0,-0.0103
TND-001034,MPLADS-001034,3,0,Open e-Tender,12721000.0,-0.0482
TND-001035,MPLADS-001035,7,0,Open e-Tender,2067000.0,0.0157
TND-001036,MPLADS-001036,7,0,Open e-Tender,555000.0,-0.048
TND-001037,MPLADS-001037,1,1,Single Tender Inquiry,781000.0,-0.0635
TND-001038,MPLADS-001038,6,0,Open e-Tender,1782000.0,-0.044
TND-001039,MPLADS-001039,6,0,Open e-Tender,11712000.0,0.0037
TND-001040,MPLADS-001040,6,0,Open e-Tender,4173000.0,0.0048
TND-001041,MPLADS-001041,7,0,Open e-Tender,9115000.0,-0.0312
TND-001042,MPLADS-001042,5,0,Open e-Tender,2827000.0,0.0111
TND-001043,MPLADS-001043,5,0,Open e-Tender,2342000.0,-0.0662
TND-001044,MPLADS-001044,3,0,Open e-Tender,2233000.0,-0.021
TND-001045,MPLADS-001045,1,1,Single Tender Inquiry,1029000.0,-0.0568
TND-001046,MPLADS-001046,5,0,Open e-Tender,12010000.0,0.0196
TND-001047,MPLADS-001047,6,0,Open e-Tender,882000.0,-0.0318
TND-001048,MPLADS-001048,4,0,Open e-Tender,2656000.0,-0.0289
TND-001049,MPLADS-001049,7,0,Open e-Tender,456000.0,0.0044
TND-001050,MPLADS-001050,7,0,Open e-Tender,614000.0,-0.0254
TND-001051,MPLADS-001051,4,0,Open e-Tender,355000.0,-0.0301
TND-001052,MPLADS-001052,3,0,Open e-Tender,723000.0,0.0084
TND-001053,MPLADS-001053,6,0,Open e-Tender,7491000.0,-0.0441
TND-001054,MPLADS-001054,4,0,Open e-Tender,1862000.0,-0.0164
TND-001055,MPLADS-001055,5,0,Open e-Tender,9905000.0,-0.0394
TND-001056,MPLADS-001056,7,0,Open e-Tender,12717000.0,-0.0492
TND-001057,MPLADS-001057,3,0,Open e-Tender,2288000.0,-0.0627
TND-001058,MPLADS-001058,6,0,Open e-Tender,2150000.0,-0.0101
TND-001059,MPLADS-001059,7,0,Open e-Tender,8552000.0,-0.0693
TND-001060,MPLADS-001060,6,0,Open e-Tender,7073000.0,-0.0788
TND-001061,MPLADS-001061,7,0,Open e-Tender,821000.0,-0.0144
TND-001062,MPLADS-001062,5,0,Open e-Tender,10286000.0,-0.0543
TND-001063,MPLADS-001063,1,1,Single Tender Inquiry,2401000.0,-0.0103
TND-001064,MPLADS-001064,5,0,Open e-Tender,5852000.0,-0.0314
TND-001065,MPLADS-001065,7,0,Open e-Tender,1673000.0,-0.0089
TND-001066,MPLADS-001066,4,0,Open e-Tender,1981000.0,-0.07
TND-001067,MPLADS-001067,4,0,Open e-Tender,1295000.0,0.0078
TND-001068,MPLADS-001068,4,0,Open e-Tender,1364000.0,-0.0708
TND-001069,MPLADS-001069,5,0,Open e-Tender,520000.0,-0.0019
TND-001070,MPLADS-001070,3,0,Open e-Tender,3375000.0,-0.0609
TND-001071,MPLADS-001071,6,0,Open e-Tender,9893000.0,-0.0734
TND-001072,MPLADS-001072,5,0,Open e-Tender,2139000.0,-0.0093
TND-001073,MPLADS-001073,3,0,Open e-Tender,14424000.0,-0.0484
TND-001074,MPLADS-001074,4,0,Open e-Tender,2909000.0,-0.0383
TND-001075,MPLADS-001075,5,0,Open e-Tender,1882000.0,-0.0383
TND-001076,MPLADS-001076,4,0,Open e-Tender,2575000.0,0.0066
TND-001077,MPLADS-001077,3,0,Open e-Tender,14967000.0,-0.0106
TND-001078,MPLADS-001078,7,0,Open e-Tender,1042000.0,-0.0379
TND-001079,MPLADS-001079,6,0,Open e-Tender,2789000.0,-0.0422
TND-001080,MPLADS-001080,7,0,Open e-Tender,11570000.0,-0.0263
TND-001081,MPLADS-001081,6,0,Open e-Tender,1690000.0,-0.0197
TND-001082,MPLADS-001082,3,0,Open e-Tender,1107000.0,0.0009
TND-001083,MPLADS-001083,6,0,Open e-Tender,2121000.0,-0.0569
TND-001084,MPLADS-001084,7,0,Open e-Tender,1935000.0,-0.0768
TND-001085,MPLADS-001085,7,0,Open e-Tender,13546000.0,-0.0317
TND-001086,MPLADS-001086,3,0,Open e-Tender,13144000.0,-0.0162
TND-001087,MPLADS-001087,6,0,Open e-Tender,444000.0,-0.0133
TND-001088,MPLADS-001088,6,0,Open e-Tender,1085000.0,-0.0055
TND-001089,MPLADS-001089,6,0,Open e-Tender,2059000.0,-0.0459
TND-001090,MPLADS-001090,4,0,Open e-Tender,1813000.0,0.0078
TND-001091,MPLADS-001091,4,0,Open e-Tender,922000.0,-0.0386
TND-001092,MPLADS-001092,5,0,Open e-Tender,3548000.0,-0.0212
TND-001093,MPLADS-001093,7,0,Open e-Tender,1394000.0,-0.0141
TND-001094,MPLADS-001094,5,0,Open e-Tender,1814000.0,-0.0279
TND-001095,MPLADS-001095,6,0,Open e-Tender,1514000.0,-0.0251
TND-001096,MPLADS-001096,4,0,Open e-Tender,9454000.0,0.0187
TND-001097,MPLADS-001097,4,0,Open e-Tender,438000.0,-0.0201
TND-001098,MPLADS-001098,1,1,Single Tender Inquiry,1733000.0,-0.0782
TND-001099,MPLADS-001099,3,0,Open e-Tender,1162000.0,-0.0317
TND-001100,MPLADS-001100,5,0,Open e-Tender,1665000.0,-0.0054
TND-001101,MPLADS-001101,6,0,Open e-Tender,1048000.0,-0.066
TND-001102,MPLADS-001102,7,0,Open e-Tender,1982000.0,-0.028
TND-001103,MPLADS-001103,4,0,Open e-Tender,1782000.0,-0.0714
TND-001104,MPLADS-001104,6,0,Open e-Tender,15756000.0,-0.0595
TND-001105,MPLADS-001105,3,0,Open e-Tender,2042000.0,-0.0049
TND-001106,MPLADS-001106,7,0,Open e-Tender,1106000.0,-0.0357
TND-001107,MPLADS-001107,7,0,Open e-Tender,3447000.0,-0.021
TND-001108,MPLADS-001108,7,0,Open e-Tender,3234000.0,-0.0271
TND-001109,MPLADS-001109,6,0,Open e-Tender,1546000.0,-0.0215
TND-001110,MPLADS-001110,6,0,Open e-Tender,1658000.0,0.0067
TND-001111,MPLADS-001111,4,0,Open e-Tender,2378000.0,-0.0165
TND-001112,MPLADS-001112,1,1,Single Tender Inquiry,602000.0,0.0
TND-001113,MPLADS-001113,5,0,Open e-Tender,2011000.0,-0.004
TND-001114,MPLADS-001114,4,0,Open e-Tender,12574000.0,-0.0396
TND-001115,MPLADS-001115,6,0,Open e-Tender,1940000.0,-0.0305
TND-001116,MPLADS-001116,6,0,Open e-Tender,1980000.0,0.0169
TND-001117,MPLADS-001117,3,0,Open e-Tender,2967000.0,-0.059
TND-001118,MPLADS-001118,3,0,Open e-Tender,2306000.0,-0.0675
TND-001119,MPLADS-001119,5,0,Open e-Tender,1751000.0,-0.0426
TND-001120,MPLADS-001120,4,0,Open e-Tender,2198000.0,0.0143
TND-001121,MPLADS-001121,5,0,Open e-Tender,1891000.0,-0.0192
TND-001122,MPLADS-001122,5,0,Open e-Tender,2777000.0,-0.0341
TND-001123,MPLADS-001123,7,0,Open e-Tender,2090000.0,-0.0297
TND-001124,MPLADS-001124,6,0,Open e-Tender,8962000.0,0.0084
TND-001125,MPLADS-001125,6,0,Open e-Tender,1185000.0,-0.0231
TND-001126,MPLADS-001126,7,0,Open e-Tender,13154000.0,-0.032
TND-001127,MPLADS-001127,7,0,Open e-Tender,2967000.0,-0.0298
TND-001128,MPLADS-001128,1,1,Single Tender Inquiry,2084000.0,0.0058
TND-001129,MPLADS-001129,6,0,Open e-Tender,2020000.0,0.0166
TND-001130,MPLADS-001130,1,1,Single Tender Inquiry,1846000.0,-0.0435
TND-001131,MPLADS-001131,4,0,Open e-Tender,1521000.0,-0.0594
TND-001132,MPLADS-001132,4,0,Open e-Tender,515000.0,0.0
TND-001133,MPLADS-001133,7,0,Open e-Tender,1821000.0,0.0022
TND-001134,MPLADS-001134,5,0,Open e-Tender,1608000.0,-0.0105
TND-001135,MPLADS-001135,7,0,Open e-Tender,2284000.0,-0.0628
TND-001136,MPLADS-001136,5,0,Open e-Tender,2637000.0,-0.0796
TND-001137,MPLADS-001137,3,0,Open e-Tender,1984000.0,0.0
TND-001138,MPLADS-001138,7,0,Open e-Tender,1805000.0,-0.028
TND-001139,MPLADS-001139,5,0,Open e-Tender,585000.0,-0.0685
TND-001140,MPLADS-001140,3,0,Open e-Tender,3229000.0,-0.0203
TND-001141,MPLADS-001141,3,0,Open e-Tender,2026000.0,0.0035
TND-001142,MPLADS-001142,6,0,Open e-Tender,3652000.0,-0.0193
TND-001143,MPLADS-001143,4,0,Open e-Tender,1086000.0,-0.0091
TND-001144,MPLADS-001144,3,0,Open e-Tender,9047000.0,-0.0665
TND-001145,MPLADS-001145,5,0,Open e-Tender,1090000.0,0.0083
TND-001146,MPLADS-001146,5,0,Open e-Tender,3317000.0,0.003
TND-001147,MPLADS-001147,3,0,Open e-Tender,9091000.0,0.0167
TND-001148,MPLADS-001148,7,0,Open e-Tender,1510000.0,-0.0345
TND-001149,MPLADS-001149,5,0,Open e-Tender,15159000.0,-0.0406
TND-001150,MPLADS-001150,7,0,Open e-Tender,1019000.0,-0.036
TND-001151,MPLADS-001151,5,0,Open e-Tender,3144000.0,-0.0073
TND-001152,MPLADS-001152,7,0,Open e-Tender,3329000.0,-0.0722
TND-001153,MPLADS-001153,4,0,Open e-Tender,2172000.0,-0.0291
TND-001154,MPLADS-001154,6,0,Open e-Tender,346000.0,-0.017
TND-001155,MPLADS-001155,1,1,Single Tender Inquiry,664000.0,-0.0487
TND-001156,MPLADS-001156,7,0,Open e-Tender,1742000.0,0.0011
TND-001157,MPLADS-001157,1,1,Single Tender Inquiry,11285000.0,0.004
TND-001158,MPLADS-001158,4,0,Open e-Tender,3150000.0,0.007
TND-001159,MPLADS-001159,3,0,Open e-Tender,3224000.0,-0.0557
TND-001160,MPLADS-001160,7,0,Open e-Tender,2915000.0,-0.0499
TND-001161,MPLADS-001161,4,0,Open e-Tender,1842000.0,-0.0295
TND-001162,MPLADS-001162,3,0,Open e-Tender,518000.0,0.0097
TND-001163,MPLADS-001163,5,0,Open e-Tender,409000.0,0.0174
TND-001164,MPLADS-001164,7,0,Open e-Tender,965000.0,0.0021
TND-001165,MPLADS-001165,6,0,Open e-Tender,2423000.0,-0.021
TND-001166,MPLADS-001166,4,0,Open e-Tender,2384000.0,-0.0128
TND-001167,MPLADS-001167,5,0,Open e-Tender,10193000.0,-0.0232
TND-001168,MPLADS-001168,5,0,Open e-Tender,3141000.0,-0.0172
TND-001169,MPLADS-001169,7,0,Open e-Tender,2763000.0,-0.0083
TND-001170,MPLADS-001170,4,0,Open e-Tender,3394000.0,0.0015
TND-001171,MPLADS-001171,6,0,Open e-Tender,1856000.0,-0.0348
TND-001172,MPLADS-001172,5,0,Open e-Tender,1917000.0,-0.0308
TND-001173,MPLADS-001173,7,0,Open e-Tender,11267000.0,0.0195
TND-001174,MPLADS-001174,7,0,Open e-Tender,709000.0,0.0042
TND-001175,MPLADS-001175,1,1,Single Tender Inquiry,463000.0,0.0022
TND-001176,MPLADS-001176,5,0,Open e-Tender,641000.0,-0.0683
TND-001177,MPLADS-001177,3,0,Open e-Tender,1925000.0,-0.0082
TND-001178,MPLADS-001178,3,0,Open e-Tender,372000.0,-0.0653
TND-001179,MPLADS-001179,6,0,Open e-Tender,467000.0,-0.0311
TND-001180,MPLADS-001180,7,0,Open e-Tender,642000.0,-0.0258
TND-001181,MPLADS-001181,3,0,Open e-Tender,9609000.0,-0.0737
TND-001182,MPLADS-001182,5,0,Open e-Tender,9369000.0,0.0051
TND-001183,MPLADS-001183,7,0,Open e-Tender,1907000.0,-0.0536
TND-001184,MPLADS-001184,4,0,Open e-Tender,2547000.0,0.0164
TND-001185,MPLADS-001185,7,0,Open e-Tender,1960000.0,0.001
TND-001186,MPLADS-001186,4,0,Open e-Tender,1321000.0,-0.0215
TND-001187,MPLADS-001187,4,0,Open e-Tender,2710000.0,-0.0616
TND-001188,MPLADS-001188,4,0,Open e-Tender,2414000.0,-0.0556
TND-001189,MPLADS-001189,6,0,Open e-Tender,1712000.0,-0.0167
TND-001190,MPLADS-001190,5,0,Open e-Tender,2829000.0,-0.0328
TND-001191,MPLADS-001191,7,0,Open e-Tender,2854000.0,-0.0263
TND-001192,MPLADS-001192,7,0,Open e-Tender,1969000.0,-0.0655
TND-001193,MPLADS-001193,7,0,Open e-Tender,1113000.0,-0.0279
TND-001194,MPLADS-001194,7,0,Open e-Tender,13744000.0,-0.0008
TND-001195,MPLADS-001195,5,0,Open e-Tender,1813000.0,-0.0402
TND-001196,MPLADS-001196,6,0,Open e-Tender,651000.0,-0.0398
TND-001197,MPLADS-001197,4,0,Open e-Tender,632000.0,-0.0733
TND-001198,MPLADS-001198,6,0,Open e-Tender,1968000.0,-0.017
TND-001199,MPLADS-001199,1,1,Single Tender Inquiry,2455000.0,-0.0529
TND-001200,MPLADS-001200,5,0,Open e-Tender,584000.0,-0.0379
TND-001201,MPLADS-001201,5,0,Open e-Tender,487000.0,-0.0279
TND-001202,MPLADS-001202,5,0,Open e-Tender,2865000.0,-0.0659
TND-001203,MPLADS-001203,6,0,Open e-Tender,2857000.0,0.0011
TND-001204,MPLADS-001204,4,0,Open e-Tender,9548000.0,-0.0168
TND-001205,MPLADS-001205,5,0,Open e-Tender,424000.0,-0.0599
TND-001206,MPLADS-001206,5,0,Open e-Tender,560000.0,-0.0744
TND-001207,MPLADS-001207,7,0,Open e-Tender,12523000.0,-0.0139
TND-001208,MPLADS-001208,3,0,Open e-Tender,3009000.0,-0.0056
TND-001209,MPLADS-001209,3,0,Open e-Tender,427000.0,-0.0778
TND-001210,MPLADS-001210,6,0,Open e-Tender,537000.0,-0.0254
TND-001211,MPLADS-001211,4,0,Open e-Tender,2128000.0,-0.0796
TND-001212,MPLADS-001212,5,0,Open e-Tender,15885000.0,-0.0126
TND-001213,MPLADS-001213,4,0,Open e-Tender,3811000.0,-0.0099
TND-001214,MPLADS-001214,5,0,Open e-Tender,661000.0,-0.0279
TND-001215,MPLADS-001215,3,0,Open e-Tender,2410000.0,-0.0644
TND-001216,MPLADS-001216,7,0,Open e-Tender,768000.0,-0.0065
TND-001217,MPLADS-001217,5,0,Open e-Tender,626000.0,-0.0443
TND-001218,MPLADS-001218,4,0,Open e-Tender,14447000.0,-0.062
TND-001219,MPLADS-001219,5,0,Open e-Tender,2443000.0,-0.0722
TND-001220,MPLADS-001220,5,0,Open e-Tender,2113000.0,0.0168
TND-001221,MPLADS-001221,3,0,Open e-Tender,2360000.0,-0.0004
TND-001222,MPLADS-001222,3,0,Open e-Tender,1169000.0,0.0104
TND-001223,MPLADS-001223,3,0,Open e-Tender,6582000.0,-0.0186
TND-001224,MPLADS-001224,3,0,Open e-Tender,2664000.0,0.0076
TND-001225,MPLADS-001225,4,0,Open e-Tender,2460000.0,-0.0607
TND-001226,MPLADS-001226,3,0,Open e-Tender,2327000.0,-0.0081
TND-001227,MPLADS-001227,7,0,Open e-Tender,14305000.0,0.015
TND-001228,MPLADS-001228,3,0,Open e-Tender,8101000.0,-0.0675
TND-001229,MPLADS-001229,4,0,Open e-Tender,1531000.0,-0.0766
TND-001230,MPLADS-001230,6,0,Open e-Tender,9057000.0,-0.0503
TND-001231,MPLADS-001231,3,0,Open e-Tender,1729000.0,0.0041
TND-001232,MPLADS-001232,4,0,Open e-Tender,2318000.0,-0.0228
TND-001233,MPLADS-001233,6,0,Open e-Tender,2159000.0,-0.0633
TND-001234,MPLADS-001234,5,0,Open e-Tender,11923000.0,-0.0236
TND-001235,MPLADS-001235,5,0,Open e-Tender,568000.0,-0.0018
TND-001236,MPLADS-001236,6,0,Open e-Tender,1318000.0,0.0138
TND-001237,MPLADS-001237,4,0,Open e-Tender,3814000.0,-0.0188
TND-001238,MPLADS-001238,3,0,Open e-Tender,2156000.0,0.0079
TND-001239,MPLADS-001239,7,0,Open e-Tender,3337000.0,-0.0285
TND-001240,MPLADS-001240,3,0,Open e-Tender,2577000.0,-0.0677
TND-001241,MPLADS-001241,4,0,Open e-Tender,7965000.0,-0.0738
TND-001242,MPLADS-001242,1,1,Single Tender Inquiry,629000.0,0.0178
TND-001243,MPLADS-001243,7,0,Open e-Tender,963000.0,-0.0399
TND-001244,MPLADS-001244,6,0,Open e-Tender,1209000.0,-0.0525
TND-001245,MPLADS-001245,7,0,Open e-Tender,2047000.0,-0.064
TND-001246,MPLADS-001246,4,0,Open e-Tender,2866000.0,-0.0288
TND-001247,MPLADS-001247,6,0,Open e-Tender,387000.0,-0.0515
TND-001248,MPLADS-001248,6,0,Open e-Tender,438000.0,-0.0581
TND-001249,MPLADS-001249,4,0,Open e-Tender,1131000.0,0.0053
TND-001250,MPLADS-001250,5,0,Open e-Tender,3430000.0,-0.0075
TND-001251,MPLADS-001251,7,0,Open e-Tender,2678000.0,-0.055
TND-001252,MPLADS-001252,6,0,Open e-Tender,3686000.0,-0.0391
TND-001253,MPLADS-001253,4,0,Open e-Tender,2253000.0,-0.0782
TND-001254,MPLADS-001254,6,0,Open e-Tender,1482000.0,-0.0333
TND-001255,MPLADS-001255,4,0,Open e-Tender,1994000.0,-0.055
TND-001256,MPLADS-001256,6,0,Open e-Tender,3556000.0,-0.0575
TND-001257,MPLADS-001257,6,0,Open e-Tender,2906000.0,0.0182
TND-001258,MPLADS-001258,6,0,Open e-Tender,11648000.0,-0.0342
TND-001259,MPLADS-001259,4,0,Open e-Tender,2409000.0,-0.0325
TND-001260,MPLADS-001260,6,0,Open e-Tender,625000.0,-0.0672
TND-001261,MPLADS-001261,4,0,Open e-Tender,1914000.0,-0.0622
TND-001262,MPLADS-001262,3,0,Open e-Tender,538000.0,-0.0643
TND-001263,MPLADS-001263,3,0,Open e-Tender,1913000.0,-0.0358
TND-001264,MPLADS-001264,1,1,Single Tender Inquiry,2072000.0,-0.0309
TND-001265,MPLADS-001265,6,0,Open e-Tender,2297000.0,-0.0397
TND-001266,MPLADS-001266,5,0,Open e-Tender,3670000.0,-0.0226
TND-001267,MPLADS-001267,6,0,Open e-Tender,13894000.0,0.0131
TND-001268,MPLADS-001268,7,0,Open e-Tender,573000.0,-0.0138
TND-001269,MPLADS-001269,5,0,Open e-Tender,2610000.0,-0.005
TND-001270,MPLADS-001270,4,0,Open e-Tender,2022000.0,-0.0265
TND-001271,MPLADS-001271,6,0,Open e-Tender,2268000.0,-0.0299
TND-001272,MPLADS-001272,7,0,Open e-Tender,2747000.0,-0.0521
TND-001273,MPLADS-001273,3,0,Open e-Tender,11101000.0,-0.0712
TND-001274,MPLADS-001274,3,0,Open e-Tender,2124000.0,-0.0301
TND-001275,MPLADS-001275,7,0,Open e-Tender,677000.0,-0.0146
TND-001276,MPLADS-001276,5,0,Open e-Tender,2771000.0,0.0007
TND-001277,MPLADS-001277,1,1,Single Tender Inquiry,3389000.0,0.0168
TND-001278,MPLADS-001278,5,0,Open e-Tender,1802000.0,-0.0322
TND-001279,MPLADS-001279,7,0,Open e-Tender,3003000.0,-0.005
TND-001280,MPLADS-001280,6,0,Open e-Tender,41000000.0,-0.0316
TND-001281,MPLADS-001281,7,0,Open e-Tender,343000.0,-0.0525
TND-001282,MPLADS-001282,4,0,Open e-Tender,807000.0,-0.0037
TND-001283,MPLADS-001283,5,0,Open e-Tender,435000.0,-0.0584
TND-001284,MPLADS-001284,7,0,Open e-Tender,1864000.0,0.0076
TND-001285,MPLADS-001285,4,0,Open e-Tender,590000.0,-0.0575
TND-001286,MPLADS-001286,5,0,Open e-Tender,2337000.0,-0.0387
TND-001287,MPLADS-001287,6,0,Open e-Tender,628000.0,-0.0737
TND-001288,MPLADS-001288,4,0,Open e-Tender,1765000.0,0.0173
TND-001289,MPLADS-001289,6,0,Open e-Tender,1240000.0,-0.0513
TND-001290,MPLADS-001290,6,0,Open e-Tender,531000.0,-0.013
TND-001291,MPLADS-001291,5,0,Open e-Tender,2310000.0,-0.0294
TND-001292,MPLADS-001292,7,0,Open e-Tender,3091000.0,-0.0301
TND-001293,MPLADS-001293,5,0,Open e-Tender,13448000.0,0.0053
TND-001294,MPLADS-001294,5,0,Open e-Tender,460000.0,-0.0612
TND-001295,MPLADS-001295,1,1,Single Tender Inquiry,16062000.0,-0.0427
TND-001296,MPLADS-001296,3,0,Open e-Tender,1866000.0,-0.0739
TND-001297,MPLADS-001297,4,0,Open e-Tender,1596000.0,0.0019
TND-001298,MPLADS-001298,3,0,Open e-Tender,341000.0,-0.0501
TND-001299,MPLADS-001299,5,0,Open e-Tender,842000.0,-0.0106
TND-001300,MPLADS-001300,6,0,Open e-Tender,849000.0,-0.0264
TND-001301,MPLADS-001301,4,0,Open e-Tender,1871000.0,-0.0617
TND-001302,MPLADS-001302,7,0,Open e-Tender,3900000.0,-0.0274
TND-001303,MPLADS-001303,5,0,Open e-Tender,3396000.0,-0.0233
TND-001304,MPLADS-001304,7,0,Open e-Tender,8583000.0,-0.0688
TND-001305,MPLADS-001305,5,0,Open e-Tender,2349000.0,-0.0404
TND-001306,MPLADS-001306,4,0,Open e-Tender,1932000.0,-0.0183
TND-001307,MPLADS-001307,3,0,Open e-Tender,2648000.0,0.0118
TND-001308,MPLADS-001308,6,0,Open e-Tender,1643000.0,-0.0191
TND-001309,MPLADS-001309,7,0,Open e-Tender,596000.0,-0.0702
TND-001310,MPLADS-001310,5,0,Open e-Tender,2452000.0,-0.0297
TND-001311,MPLADS-001311,5,0,Open e-Tender,2356000.0,-0.0336
TND-001312,MPLADS-001312,4,0,Open e-Tender,1066000.0,-0.0439
TND-001313,MPLADS-001313,5,0,Open e-Tender,2750000.0,-0.0441
TND-001314,MPLADS-001314,4,0,Open e-Tender,1363000.0,-0.0201
TND-001315,MPLADS-001315,6,0,Open e-Tender,10783000.0,0.0117
TND-001316,MPLADS-001316,7,0,Open e-Tender,1396000.0,-0.0574
TND-001317,MPLADS-001317,6,0,Open e-Tender,461000.0,-0.0295
TND-001318,MPLADS-001318,5,0,Open e-Tender,698000.0,-0.0085
TND-001319,MPLADS-001319,4,0,Open e-Tender,2176000.0,-0.0132
TND-001320,MPLADS-001320,4,0,Open e-Tender,965000.0,-0.0502
TND-001321,MPLADS-001321,3,0,Open e-Tender,404000.0,0.0075
TND-001322,MPLADS-001322,3,0,Open e-Tender,3857000.0,-0.0158
TND-001323,MPLADS-001323,5,0,Open e-Tender,11759000.0,-0.0202
TND-001324,MPLADS-001324,4,0,Open e-Tender,357000.0,-0.063
TND-001325,MPLADS-001325,6,0,Open e-Tender,574000.0,-0.0801
TND-001326,MPLADS-001326,5,0,Open e-Tender,2045000.0,0.0069
TND-001327,MPLADS-001327,3,0,Open e-Tender,16336000.0,0.0148
TND-001328,MPLADS-001328,7,0,Open e-Tender,3344000.0,-0.0086
TND-001329,MPLADS-001329,5,0,Open e-Tender,3228000.0,0.0151
TND-001330,MPLADS-001330,7,0,Open e-Tender,14402000.0,-0.0134
TND-001331,MPLADS-001331,6,0,Open e-Tender,4021000.0,-0.0262
TND-001332,MPLADS-001332,3,0,Open e-Tender,1857000.0,-0.0221
TND-001333,MPLADS-001333,7,0,Open e-Tender,1568000.0,-0.0212
TND-001334,MPLADS-001334,4,0,Open e-Tender,613000.0,-0.0081
TND-001335,MPLADS-001335,5,0,Open e-Tender,1449000.0,-0.0682
TND-001336,MPLADS-001336,4,0,Open e-Tender,530000.0,-0.0311
TND-001337,MPLADS-001337,6,0,Open e-Tender,383000.0,-0.0304
TND-001338,MPLADS-001338,4,0,Open e-Tender,2338000.0,0.0187
TND-001339,MPLADS-001339,7,0,Open e-Tender,648000.0,0.0157
TND-001340,MPLADS-001340,4,0,Open e-Tender,2174000.0,-0.0073
TND-001341,MPLADS-001341,7,0,Open e-Tender,1335000.0,-0.0104
TND-001342,MPLADS-001342,6,0,Open e-Tender,1327000.0,-0.0582
TND-001343,MPLADS-001343,6,0,Open e-Tender,1012000.0,-0.0049
TND-001344,MPLADS-001344,5,0,Open e-Tender,1646000.0,-0.0753
TND-001345,MPLADS-001345,5,0,Open e-Tender,2319000.0,-0.0157
TND-001346,MPLADS-001346,4,0,Open e-Tender,3249000.0,0.0071
TND-001347,MPLADS-001347,3,0,Open e-Tender,9812000.0,-0.0533
TND-001348,MPLADS-001348,6,0,Open e-Tender,2937000.0,-0.0581
TND-001349,MPLADS-001349,4,0,Open e-Tender,1219000.0,-0.0793
TND-001350,MPLADS-001350,3,0,Open e-Tender,1801000.0,0.0198
TND-001351,MPLADS-001351,3,0,Open e-Tender,1987000.0,-0.0461
TND-001352,MPLADS-001352,3,0,Open e-Tender,3244000.0,-0.0322
TND-001353,MPLADS-001353,6,0,Open e-Tender,9733000.0,-0.0342
TND-001354,MPLADS-001354,1,1,Single Tender Inquiry,10212000.0,-0.0099
TND-001355,MPLADS-001355,6,0,Open e-Tender,357000.0,0.0
TND-001356,MPLADS-001356,6,0,Open e-Tender,15214000.0,-0.0254
TND-001357,MPLADS-001357,3,0,Open e-Tender,1683000.0,-0.0249
TND-001358,MPLADS-001358,7,0,Open e-Tender,1672000.0,-0.0633
TND-001359,MPLADS-001359,5,0,Open e-Tender,11071000.0,-0.012
TND-001360,MPLADS-001360,3,0,Open e-Tender,1639000.0,-0.046
TND-001361,MPLADS-001361,4,0,Open e-Tender,938000.0,0.0174
TND-001362,MPLADS-001362,3,0,Open e-Tender,2092000.0,-0.0328
TND-001363,MPLADS-001363,6,0,Open e-Tender,15476000.0,-0.0452
TND-001364,MPLADS-001364,5,0,Open e-Tender,573000.0,0.016
TND-001365,MPLADS-001365,6,0,Open e-Tender,349000.0,-0.0332
TND-001366,MPLADS-001366,3,0,Open e-Tender,12447000.0,-0.0159
TND-001367,MPLADS-001367,4,0,Open e-Tender,1071000.0,-0.0395
TND-001368,MPLADS-001368,5,0,Open e-Tender,416000.0,-0.0072
TND-001369,MPLADS-001369,4,0,Open e-Tender,622000.0,-0.0143
TND-001370,MPLADS-001370,3,0,Open e-Tender,613000.0,-0.0481
TND-001371,MPLADS-001371,7,0,Open e-Tender,10739000.0,0.0004
TND-001372,MPLADS-001372,4,0,Open e-Tender,9607000.0,-0.0535
TND-001373,MPLADS-001373,7,0,Open e-Tender,2402000.0,-0.0719
TND-001374,MPLADS-001374,4,0,Open e-Tender,1846000.0,0.0199
TND-001375,MPLADS-001375,7,0,Open e-Tender,12194000.0,-0.0002
TND-001376,MPLADS-001376,7,0,Open e-Tender,1820000.0,0.0055
TND-001377,MPLADS-001377,5,0,Open e-Tender,3434000.0,0.0151
TND-001378,MPLADS-001378,7,0,Open e-Tender,12973000.0,-0.0227
TND-001379,MPLADS-001379,7,0,Open e-Tender,4090000.0,-0.0046
TND-001380,MPLADS-001380,3,0,Open e-Tender,47532000.0,-0.0712
TND-001381,MPLADS-001381,4,0,Open e-Tender,3696000.0,0.0054
TND-001382,MPLADS-001382,4,0,Open e-Tender,8857000.0,-0.0622
TND-001383,MPLADS-001383,1,1,Single Tender Inquiry,1547000.0,-0.0468
TND-001384,MPLADS-001384,4,0,Open e-Tender,7966000.0,0.01
TND-001385,MPLADS-001385,4,0,Open e-Tender,1613000.0,-0.0376
TND-001386,MPLADS-001386,3,0,Open e-Tender,10218000.0,0.0164
TND-001387,MPLADS-001387,3,0,Open e-Tender,633000.0,-0.0786
TND-001388,MPLADS-001388,7,0,Open e-Tender,898000.0,-0.0714
TND-001389,MPLADS-001389,6,0,Open e-Tender,13613000.0,-0.0756
TND-001390,MPLADS-001390,3,0,Open e-Tender,622000.0,-0.0127
TND-001391,MPLADS-001391,5,0,Open e-Tender,2881000.0,-0.0322
TND-001392,MPLADS-001392,3,0,Open e-Tender,1182000.0,-0.0626
TND-001393,MPLADS-001393,6,0,Open e-Tender,9949000.0,-0.0687
TND-001394,MPLADS-001394,4,0,Open e-Tender,2340000.0,-0.0135
TND-001395,MPLADS-001395,3,0,Open e-Tender,3207000.0,-0.0612
TND-001396,MPLADS-001396,7,0,Open e-Tender,2223000.0,-0.0288
TND-001397,MPLADS-001397,4,0,Open e-Tender,3133000.0,-0.0623
TND-001398,MPLADS-001398,7,0,Open e-Tender,605000.0,-0.0791
TND-001399,MPLADS-001399,5,0,Open e-Tender,473000.0,-0.0725
TND-001400,MPLADS-001400,5,0,Open e-Tender,15609000.0,0.0089
TND-001401,MPLADS-001401,6,0,Open e-Tender,2676000.0,-0.0391
TND-001402,MPLADS-001402,5,0,Open e-Tender,2376000.0,-0.0504
TND-001403,MPLADS-001403,3,0,Open e-Tender,1779000.0,-0.0363
TND-001404,MPLADS-001404,3,0,Open e-Tender,8100000.0,-0.0739
TND-001405,MPLADS-001405,5,0,Open e-Tender,3529000.0,-0.0292
TND-001406,MPLADS-001406,6,0,Open e-Tender,817000.0,-0.0478
TND-001407,MPLADS-001407,1,1,Single Tender Inquiry,2690000.0,-0.031
TND-001408,MPLADS-001408,7,0,Open e-Tender,2248000.0,-0.0031
TND-001409,MPLADS-001409,3,0,Open e-Tender,2382000.0,-0.0551
TND-001410,MPLADS-001410,3,0,Open e-Tender,15582000.0,0.0068
TND-001411,MPLADS-001411,1,1,Single Tender Inquiry,1702000.0,0.0095
TND-001412,MPLADS-001412,1,1,Single Tender Inquiry,701000.0,0.0115
TND-001413,MPLADS-001413,4,0,Open e-Tender,677000.0,0.0074
TND-001414,MPLADS-001414,3,0,Open e-Tender,14778000.0,-0.063
TND-001415,MPLADS-001415,7,0,Open e-Tender,644000.0,-0.0473
TND-001416,MPLADS-001416,6,0,Open e-Tender,2731000.0,0.0168
TND-001417,MPLADS-001417,5,0,Open e-Tender,3132000.0,-0.0706
TND-001418,MPLADS-001418,7,0,Open e-Tender,1937000.0,-0.0624
TND-001419,MPLADS-001419,6,0,Open e-Tender,893000.0,0.009
TND-001420,MPLADS-001420,3,0,Open e-Tender,886000.0,-0.0411
TND-001421,MPLADS-001421,6,0,Open e-Tender,2231000.0,0.0009
TND-001422,MPLADS-001422,5,0,Open e-Tender,1278000.0,-0.0685
TND-001423,MPLADS-001423,5,0,Open e-Tender,13488000.0,-0.0785
TND-001424,MPLADS-001424,4,0,Open e-Tender,10657000.0,-0.0244
TND-001425,MPLADS-001425,4,0,Open e-Tender,12570000.0,0.0078
TND-001426,MPLADS-001426,7,0,Open e-Tender,769000.0,0.0039
TND-001427,MPLADS-001427,3,0,Open e-Tender,3882000.0,-0.0389
TND-001428,MPLADS-001428,7,0,Open e-Tender,2013000.0,-0.0137
TND-001429,MPLADS-001429,5,0,Open e-Tender,3288000.0,-0.0392
TND-001430,MPLADS-001430,4,0,Open e-Tender,1320000.0,0.0092
TND-001431,MPLADS-001431,5,0,Open e-Tender,2226000.0,-0.0036
TND-001432,MPLADS-001432,4,0,Open e-Tender,2638000.0,-0.006
TND-001433,MPLADS-001433,7,0,Open e-Tender,2710000.0,-0.0266
TND-001434,MPLADS-001434,7,0,Open e-Tender,1772000.0,0.0132
TND-001435,MPLADS-001435,3,0,Open e-Tender,1298000.0,-0.0669
TND-001436,MPLADS-001436,4,0,Open e-Tender,1080000.0,0.0065
TND-001437,MPLADS-001437,7,0,Open e-Tender,484000.0,-0.0692
TND-001438,MPLADS-001438,7,0,Open e-Tender,2252000.0,-0.0405
TND-001439,MPLADS-001439,1,1,Single Tender Inquiry,2211000.0,-0.0651
TND-001440,MPLADS-001440,5,0,Open e-Tender,3352000.0,0.0036
TND-001441,MPLADS-001441,3,0,Open e-Tender,1674000.0,-0.0617
TND-001442,MPLADS-001442,4,0,Open e-Tender,1835000.0,-0.0038
TND-001443,MPLADS-001443,3,0,Open e-Tender,2437000.0,-0.015
TND-001444,MPLADS-001444,3,0,Open e-Tender,605000.0,-0.0721
TND-001445,MPLADS-001445,4,0,Open e-Tender,2493000.0,-0.0801
TND-001446,MPLADS-001446,3,0,Open e-Tender,2924000.0,-0.0613
TND-001447,MPLADS-001447,7,0,Open e-Tender,2272000.0,-0.0377
TND-001448,MPLADS-001448,3,0,Open e-Tender,620000.0,0.0114
TND-001449,MPLADS-001449,3,0,Open e-Tender,3760000.0,0.019
TND-001450,MPLADS-001450,4,0,Open e-Tender,1356000.0,-0.0738
TND-001451,MPLADS-001451,7,0,Open e-Tender,3061000.0,0.0139
TND-001452,MPLADS-001452,3,0,Open e-Tender,2099000.0,-0.0085
TND-001453,MPLADS-001453,7,0,Open e-Tender,402000.0,-0.0651
TND-001454,MPLADS-001454,4,0,Open e-Tender,586000.0,0.0086
TND-001455,MPLADS-001455,3,0,Open e-Tender,376000.0,-0.0762
TND-001456,MPLADS-001456,3,0,Open e-Tender,13645000.0,-0.0083
TND-001457,MPLADS-001457,5,0,Open e-Tender,1568000.0,-0.0588
TND-001458,MPLADS-001458,7,0,Open e-Tender,2719000.0,-0.0303
TND-001459,MPLADS-001459,5,0,Open e-Tender,1960000.0,-0.0331
TND-001460,MPLADS-001460,6,0,Open e-Tender,3207000.0,0.0031
TND-001461,MPLADS-001461,3,0,Open e-Tender,1584000.0,-0.0655
TND-001462,MPLADS-001462,1,1,Single Tender Inquiry,1841000.0,-0.0192
TND-001463,MPLADS-001463,6,0,Open e-Tender,5349000.0,-0.0305
TND-001464,MPLADS-001464,3,0,Open e-Tender,2222000.0,-0.0676
TND-001465,MPLADS-001465,1,1,Single Tender Inquiry,552000.0,-0.0213
TND-001466,MPLADS-001466,4,0,Open e-Tender,9245000.0,-0.0249
TND-001467,MPLADS-001467,5,0,Open e-Tender,3450000.0,-0.0751
TND-001468,MPLADS-001468,4,0,Open e-Tender,3101000.0,-0.0331
TND-001469,MPLADS-001469,6,0,Open e-Tender,413000.0,-0.019
TND-001470,MPLADS-001470,5,0,Open e-Tender,2407000.0,-0.0638
TND-001471,MPLADS-001471,5,0,Open e-Tender,15378000.0,0.0023
TND-001472,MPLADS-001472,7,0,Open e-Tender,10966000.0,-0.0549
TND-001473,MPLADS-001473,5,0,Open e-Tender,2454000.0,0.0178
TND-001474,MPLADS-001474,6,0,Open e-Tender,1874000.0,0.0016
TND-001475,MPLADS-001475,5,0,Open e-Tender,8314000.0,-0.0475
TND-001476,MPLADS-001476,6,0,Open e-Tender,2933000.0,-0.0647
TND-001477,MPLADS-001477,5,0,Open e-Tender,2393000.0,-0.05
TND-001478,MPLADS-001478,7,0,Open e-Tender,2857000.0,-0.0038
TND-001479,MPLADS-001479,5,0,Open e-Tender,3383000.0,0.0
TND-001480,MPLADS-001480,6,0,Open e-Tender,14027000.0,-0.068
TND-001481,MPLADS-001481,4,0,Open e-Tender,1585000.0,-0.0204
TND-001482,MPLADS-001482,5,0,Open e-Tender,11132000.0,-0.0624
TND-001483,MPLADS-001483,5,0,Open e-Tender,2958000.0,-0.0257
TND-001484,MPLADS-001484,4,0,Open e-Tender,1460000.0,-0.0075
TND-001485,MPLADS-001485,5,0,Open e-Tender,9547000.0,-0.0533
TND-001486,MPLADS-001486,1,1,Single Tender Inquiry,924000.0,-0.0455
TND-001487,MPLADS-001487,4,0,Open e-Tender,501000.0,-0.0234
TND-001488,MPLADS-001488,3,0,Open e-Tender,1003000.0,-0.0696
TND-001489,MPLADS-001489,7,0,Open e-Tender,1913000.0,-0.0655
TND-001490,MPLADS-001490,7,0,Open e-Tender,10201000.0,0.0002
TND-001491,MPLADS-001491,6,0,Open e-Tender,1694000.0,-0.0605
TND-001492,MPLADS-001492,3,0,Open e-Tender,10659000.0,-0.0337
TND-001493,MPLADS-001493,5,0,Open e-Tender,1754000.0,-0.0023
TND-001494,MPLADS-001494,7,0,Open e-Tender,2022000.0,-0.0059
TND-001495,MPLADS-001495,4,0,Open e-Tender,1386000.0,-0.01
TND-001496,MPLADS-001496,3,0,Open e-Tender,490000.0,-0.0101
TND-001497,MPLADS-001497,7,0,Open e-Tender,1501000.0,-0.002
TND-001498,MPLADS-001498,5,0,Open e-Tender,470000.0,-0.0543
TND-001499,MPLADS-001499,1,1,Single Tender Inquiry,1070000.0,0.0133
TND-001500,MPLADS-001500,6,0,Open e-Tender,1064000.0,-0.0047
TND-001501,MPLADS-001501,3,0,Open e-Tender,3670000.0,-0.0177
TND-001502,MPLADS-001502,6,0,Open e-Tender,1514000.0,0.0033
TND-001503,MPLADS-001503,3,0,Open e-Tender,2887000.0,-0.0247
TND-001504,MPLADS-001504,3,0,Open e-Tender,2025000.0,-0.0059
TND-001505,MPLADS-001505,4,0,Open e-Tender,1931000.0,-0.0183
TND-001506,MPLADS-001506,6,0,Open e-Tender,9065000.0,-0.0441
TND-001507,MPLADS-001507,5,0,Open e-Tender,833000.0,-0.0545
TND-001508,MPLADS-001508,4,0,Open e-Tender,737000.0,-0.0799
TND-001509,MPLADS-001509,1,1,Single Tender Inquiry,1820000.0,-0.0299
TND-001510,MPLADS-001510,7,0,Open e-Tender,1051000.0,-0.0113
TND-001511,MPLADS-001511,4,0,Open e-Tender,3272000.0,-0.0739
TND-001512,MPLADS-001512,6,0,Open e-Tender,586000.0,-0.0201
TND-001513,MPLADS-001513,3,0,Open e-Tender,596000.0,-0.0464
TND-001514,MPLADS-001514,5,0,Open e-Tender,3400000.0,-0.0652
TND-001515,MPLADS-001515,7,0,Open e-Tender,1562000.0,-0.0225
TND-001516,MPLADS-001516,3,0,Open e-Tender,2937000.0,-0.0094
TND-001517,MPLADS-001517,5,0,Open e-Tender,9366000.0,-0.0266
TND-001518,MPLADS-001518,5,0,Open e-Tender,540000.0,0.0075
TND-001519,MPLADS-001519,5,0,Open e-Tender,924000.0,-0.0294
TND-001520,MPLADS-001520,7,0,Open e-Tender,3881000.0,-0.0648
TND-001521,MPLADS-001521,4,0,Open e-Tender,12166000.0,-0.0791
TND-001522,MPLADS-001522,6,0,Open e-Tender,2622000.0,0.0008
TND-001523,MPLADS-001523,4,0,Open e-Tender,2610000.0,-0.0574
TND-001524,MPLADS-001524,3,0,Open e-Tender,1423000.0,0.0
TND-001525,MPLADS-001525,3,0,Open e-Tender,2563000.0,-0.05
TND-001526,MPLADS-001526,3,0,Open e-Tender,452000.0,0.0112
TND-001527,MPLADS-001527,6,0,Open e-Tender,3332000.0,0.01
TND-001528,MPLADS-001528,5,0,Open e-Tender,578000.0,-0.0737
TND-001529,MPLADS-001529,3,0,Open e-Tender,362000.0,-0.0216
TND-001530,MPLADS-001530,5,0,Open e-Tender,1759000.0,-0.0693
TND-001531,MPLADS-001531,3,0,Open e-Tender,3581000.0,-0.0119
TND-001532,MPLADS-001532,4,0,Open e-Tender,1187000.0,0.0042
TND-001533,MPLADS-001533,3,0,Open e-Tender,626000.0,-0.0781
TND-001534,MPLADS-001534,7,0,Open e-Tender,1689000.0,-0.0111
TND-001535,MPLADS-001535,6,0,Open e-Tender,13470000.0,0.0031
TND-001536,MPLADS-001536,5,0,Open e-Tender,16208000.0,0.0078
TND-001537,MPLADS-001537,3,0,Open e-Tender,2627000.0,-0.0205
TND-001538,MPLADS-001538,4,0,Open e-Tender,2703000.0,0.0185
TND-001539,MPLADS-001539,3,0,Open e-Tender,2912000.0,0.0161
TND-001540,MPLADS-001540,3,0,Open e-Tender,1679000.0,-0.0389
TND-001541,MPLADS-001541,4,0,Open e-Tender,2418000.0,-0.0266
TND-001542,MPLADS-001542,4,0,Open e-Tender,463000.0,-0.0532
TND-001543,MPLADS-001543,4,0,Open e-Tender,3325000.0,-0.0448
TND-001544,MPLADS-001544,5,0,Open e-Tender,3470000.0,-0.0003
TND-001545,MPLADS-001545,5,0,Open e-Tender,630000.0,-0.0396
TND-001546,MPLADS-001546,3,0,Open e-Tender,600000.0,-0.0164
TND-001547,MPLADS-001547,6,0,Open e-Tender,359000.0,0.0199
TND-001548,MPLADS-001548,4,0,Open e-Tender,513000.0,-0.0587
TND-001549,MPLADS-001549,5,0,Open e-Tender,3072000.0,-0.0582
TND-001550,MPLADS-001550,6,0,Open e-Tender,2263000.0,-0.0547
TND-001551,MPLADS-001551,4,0,Open e-Tender,3439000.0,-0.0351
TND-001552,MPLADS-001552,6,0,Open e-Tender,924000.0,0.0132
TND-001553,MPLADS-001553,7,0,Open e-Tender,2284000.0,-0.0719
TND-001554,MPLADS-001554,7,0,Open e-Tender,4016000.0,0.0068
TND-001555,MPLADS-001555,7,0,Open e-Tender,667000.0,-0.0104
TND-001556,MPLADS-001556,5,0,Open e-Tender,582000.0,-0.0567
TND-001557,MPLADS-001557,7,0,Open e-Tender,2896000.0,-0.0486
TND-001558,MPLADS-001558,1,1,Single Tender Inquiry,3007000.0,-0.0135
TND-001559,MPLADS-001559,6,0,Open e-Tender,1313000.0,-0.0695
TND-001560,MPLADS-001560,7,0,Open e-Tender,16047000.0,-0.0252
TND-001561,MPLADS-001561,4,0,Open e-Tender,2555000.0,0.02
TND-001562,MPLADS-001562,6,0,Open e-Tender,2151000.0,-0.0748
TND-001563,MPLADS-001563,4,0,Open e-Tender,10085000.0,-0.0156
TND-001564,MPLADS-001564,5,0,Open e-Tender,1005000.0,-0.0419
TND-001565,MPLADS-001565,4,0,Open e-Tender,13578000.0,-0.0753
TND-001566,MPLADS-001566,5,0,Open e-Tender,3285000.0,-0.0185
TND-001567,MPLADS-001567,5,0,Open e-Tender,2845000.0,-0.051
TND-001568,MPLADS-001568,5,0,Open e-Tender,871000.0,-0.0481
TND-001569,MPLADS-001569,7,0,Open e-Tender,2814000.0,-0.029
TND-001570,MPLADS-001570,4,0,Open e-Tender,1216000.0,-0.0639
TND-001571,MPLADS-001571,4,0,Open e-Tender,1259000.0,0.0186
TND-001572,MPLADS-001572,6,0,Open e-Tender,1601000.0,-0.0074
TND-001573,MPLADS-001573,6,0,Open e-Tender,2822000.0,-0.006
TND-001574,MPLADS-001574,3,0,Open e-Tender,2421000.0,-0.0671
TND-001575,MPLADS-001575,1,1,Single Tender Inquiry,1326000.0,-0.0688
TND-001576,MPLADS-001576,5,0,Open e-Tender,1651000.0,-0.0656
TND-001577,MPLADS-001577,6,0,Open e-Tender,1613000.0,-0.0218
TND-001578,MPLADS-001578,7,0,Open e-Tender,2472000.0,-0.0445
TND-001579,MPLADS-001579,4,0,Open e-Tender,13048000.0,-0.0618
TND-001580,MPLADS-001580,6,0,Open e-Tender,2241000.0,-0.0328
TND-001581,MPLADS-001581,6,0,Open e-Tender,618000.0,-0.0344
TND-001582,MPLADS-001582,1,1,Single Tender Inquiry,2561000.0,-0.0744
TND-001583,MPLADS-001583,7,0,Open e-Tender,2914000.0,-0.0208
TND-001584,MPLADS-001584,4,0,Open e-Tender,14999000.0,-0.0398
TND-001585,MPLADS-001585,4,0,Open e-Tender,509000.0,-0.0078
TND-001586,MPLADS-001586,7,0,Open e-Tender,2383000.0,-0.0781
TND-001587,MPLADS-001587,3,0,Open e-Tender,2661000.0,-0.0192
TND-001588,MPLADS-001588,5,0,Open e-Tender,15503000.0,-0.0178
TND-001589,MPLADS-001589,5,0,Open e-Tender,845000.0,-0.0231
TND-001590,MPLADS-001590,5,0,Open e-Tender,8807000.0,0.0101
TND-001591,MPLADS-001591,6,0,Open e-Tender,2600000.0,-0.0349
TND-001592,MPLADS-001592,4,0,Open e-Tender,655000.0,-0.0136
TND-001593,MPLADS-001593,1,1,Single Tender Inquiry,11478000.0,-0.0322
TND-001594,MPLADS-001594,3,0,Open e-Tender,2065000.0,-0.0686
TND-001595,MPLADS-001595,5,0,Open e-Tender,1893000.0,-0.0026
TND-001596,MPLADS-001596,5,0,Open e-Tender,2960000.0,-0.025
TND-001597,MPLADS-001597,5,0,Open e-Tender,965000.0,-0.0631
TND-001598,MPLADS-001598,5,0,Open e-Tender,3728000.0,0.0125
TND-001599,MPLADS-001599,3,0,Open e-Tender,1919000.0,-0.0234
TND-001600,MPLADS-001600,5,0,Open e-Tender,2462000.0,-0.0207
TND-001601,MPLADS-001601,3,0,Open e-Tender,439000.0,-0.0394
TND-001602,MPLADS-001602,4,0,Open e-Tender,573000.0,-0.0017
TND-001603,MPLADS-001603,6,0,Open e-Tender,3873000.0,-0.0706
TND-001604,MPLADS-001604,6,0,Open e-Tender,2265000.0,0.0189
TND-001605,MPLADS-001605,4,0,Open e-Tender,2101000.0,-0.0675
TND-001606,MPLADS-001606,7,0,Open e-Tender,3340000.0,-0.0375
TND-001607,MPLADS-001607,4,0,Open e-Tender,9491000.0,-0.0037
TND-001608,MPLADS-001608,3,0,Open e-Tender,1702000.0,-0.0433
TND-001609,MPLADS-001609,5,0,Open e-Tender,2252000.0,-0.053
TND-001610,MPLADS-001610,5,0,Open e-Tender,3887000.0,-0.0725
TND-001611,MPLADS-001611,4,0,Open e-Tender,9290000.0,-0.0455
TND-001612,MPLADS-001612,7,0,Open e-Tender,1596000.0,-0.038
TND-001613,MPLADS-001613,5,0,Open e-Tender,1961000.0,-0.0306
TND-001614,MPLADS-001614,1,1,Single Tender Inquiry,3467000.0,-0.0796
TND-001615,MPLADS-001615,7,0,Open e-Tender,9280000.0,0.0122
TND-001616,MPLADS-001616,4,0,Open e-Tender,3438000.0,0.0047
TND-001617,MPLADS-001617,6,0,Open e-Tender,1097000.0,-0.0766
TND-001618,MPLADS-001618,7,0,Open e-Tender,376000.0,-0.0183
TND-001619,MPLADS-001619,6,0,Open e-Tender,1007000.0,-0.0778
TND-001620,MPLADS-001620,3,0,Open e-Tender,9236000.0,-0.0473
TND-001621,MPLADS-001621,3,0,Open e-Tender,1979000.0,-0.0752
TND-001622,MPLADS-001622,4,0,Open e-Tender,2087000.0,-0.036
TND-001623,MPLADS-001623,3,0,Open e-Tender,2802000.0,-0.0737
TND-001624,MPLADS-001624,6,0,Open e-Tender,1944000.0,0.0136
TND-001625,MPLADS-001625,5,0,Open e-Tender,974000.0,-0.027
TND-001626,MPLADS-001626,1,1,Single Tender Inquiry,985000.0,-0.0672
TND-001627,MPLADS-001627,3,0,Open e-Tender,3895000.0,-0.0648
TND-001628,MPLADS-001628,7,0,Open e-Tender,2981000.0,-0.0265
TND-001629,MPLADS-001629,6,0,Open e-Tender,13083000.0,-0.0231
TND-001630,MPLADS-001630,5,0,Open e-Tender,3054000.0,-0.0393
TND-001631,MPLADS-001631,6,0,Open e-Tender,593000.0,-0.0617
TND-001632,MPLADS-001632,5,0,Open e-Tender,11491000.0,-0.0448
TND-001633,MPLADS-001633,7,0,Open e-Tender,517000.0,-0.0768
TND-001634,MPLADS-001634,4,0,Open e-Tender,494000.0,-0.0714
TND-001635,MPLADS-001635,5,0,Open e-Tender,1685000.0,-0.0639
TND-001636,MPLADS-001636,1,1,Single Tender Inquiry,2176000.0,-0.0376
TND-001637,MPLADS-001637,3,0,Open e-Tender,1604000.0,-0.0378
TND-001638,MPLADS-001638,4,0,Open e-Tender,3933000.0,-0.044
TND-001639,MPLADS-001639,5,0,Open e-Tender,2215000.0,-0.0546
TND-001640,MPLADS-001640,3,0,Open e-Tender,2086000.0,-0.032
TND-001641,MPLADS-001641,4,0,Open e-Tender,58247000.0,-0.0683
TND-001642,MPLADS-001642,6,0,Open e-Tender,1503000.0,-0.0705
TND-001643,MPLADS-001643,6,0,Open e-Tender,604000.0,-0.0289
TND-001644,MPLADS-001644,3,0,Open e-Tender,1540000.0,-0.0253
TND-001645,MPLADS-001645,6,0,Open e-Tender,893000.0,-0.052
TND-001646,MPLADS-001646,7,0,Open e-Tender,3019000.0,0.0151
TND-001647,MPLADS-001647,6,0,Open e-Tender,2712000.0,-0.0099
TND-001648,MPLADS-001648,3,0,Open e-Tender,2930000.0,-0.0161
TND-001649,MPLADS-001649,6,0,Open e-Tender,3509000.0,0.0089
TND-001650,MPLADS-001650,5,0,Open e-Tender,3194000.0,-0.0617
TND-001651,MPLADS-001651,3,0,Open e-Tender,12744000.0,0.0141
TND-001652,MPLADS-001652,3,0,Open e-Tender,3192000.0,0.0088
TND-001653,MPLADS-001653,6,0,Open e-Tender,1909000.0,0.0101
TND-001654,MPLADS-001654,6,0,Open e-Tender,532000.0,-0.0112
TND-001655,MPLADS-001655,4,0,Open e-Tender,2985000.0,-0.0255
TND-001656,MPLADS-001656,7,0,Open e-Tender,3087000.0,-0.0536
TND-001657,MPLADS-001657,4,0,Open e-Tender,1287000.0,-0.0578
TND-001658,MPLADS-001658,3,0,Open e-Tender,2571000.0,-0.0446
TND-001659,MPLADS-001659,7,0,Open e-Tender,1782000.0,-0.0193
TND-001660,MPLADS-001660,7,0,Open e-Tender,11885000.0,-0.0475
TND-001661,MPLADS-001661,4,0,Open e-Tender,4082000.0,-0.014
TND-001662,MPLADS-001662,7,0,Open e-Tender,12033000.0,-0.0144
TND-001663,MPLADS-001663,7,0,Open e-Tender,2124000.0,0.0129
TND-001664,MPLADS-001664,5,0,Open e-Tender,756000.0,0.0189
TND-001665,MPLADS-001665,6,0,Open e-Tender,2177000.0,0.0107
TND-001666,MPLADS-001666,3,0,Open e-Tender,2986000.0,-0.0583
TND-001667,MPLADS-001667,4,0,Open e-Tender,9597000.0,-0.0149
TND-001668,MPLADS-001668,5,0,Open e-Tender,3805000.0,-0.0637
TND-001669,MPLADS-001669,5,0,Open e-Tender,3311000.0,-0.0524
TND-001670,MPLADS-001670,5,0,Open e-Tender,1664000.0,0.0054
TND-001671,MPLADS-001671,5,0,Open e-Tender,14608000.0,0.0195
TND-001672,MPLADS-001672,1,1,Single Tender Inquiry,1427000.0,0.0135
TND-001673,MPLADS-001673,7,0,Open e-Tender,616000.0,-0.0128
TND-001674,MPLADS-001674,6,0,Open e-Tender,454000.0,-0.0237
TND-001675,MPLADS-001675,3,0,Open e-Tender,2451000.0,-0.0566
TND-001676,MPLADS-001676,7,0,Open e-Tender,3408000.0,-0.0727
TND-001677,MPLADS-001677,3,0,Open e-Tender,2334000.0,-0.0355
TND-001678,MPLADS-001678,4,0,Open e-Tender,1838000.0,-0.0326
TND-001679,MPLADS-001679,4,0,Open e-Tender,1760000.0,-0.033
TND-001680,MPLADS-001680,4,0,Open e-Tender,2304000.0,-0.042
TND-001681,MPLADS-001681,4,0,Open e-Tender,1942000.0,-0.0386
TND-001682,MPLADS-001682,6,0,Open e-Tender,542000.0,-0.0441
TND-001683,MPLADS-001683,3,0,Open e-Tender,1973000.0,-0.0551
TND-001684,MPLADS-001684,7,0,Open e-Tender,14294000.0,-0.0086
TND-001685,MPLADS-001685,7,0,Open e-Tender,651000.0,-0.0384
TND-001686,MPLADS-001686,4,0,Open e-Tender,2863000.0,-0.0252
TND-001687,MPLADS-001687,7,0,Open e-Tender,2003000.0,-0.0138
TND-001688,MPLADS-001688,6,0,Open e-Tender,3434000.0,-0.0349
TND-001689,MPLADS-001689,4,0,Open e-Tender,15558000.0,-0.0039
TND-001690,MPLADS-001690,7,0,Open e-Tender,1197000.0,0.0118
TND-001691,MPLADS-001691,7,0,Open e-Tender,2195000.0,-0.077
TND-001692,MPLADS-001692,4,0,Open e-Tender,797000.0,-0.07
TND-001693,MPLADS-001693,7,0,Open e-Tender,10467000.0,-0.0516
TND-001694,MPLADS-001694,3,0,Open e-Tender,2174000.0,-0.0601
TND-001695,MPLADS-001695,3,0,Open e-Tender,12816000.0,-0.0379
TND-001696,MPLADS-001696,3,0,Open e-Tender,2004000.0,0.008
TND-001697,MPLADS-001697,7,0,Open e-Tender,3835000.0,-0.0219
TND-001698,MPLADS-001698,3,0,Open e-Tender,1939000.0,-0.0358
TND-001699,MPLADS-001699,4,0,Open e-Tender,1090000.0,-0.0242
TND-001700,MPLADS-001700,5,0,Open e-Tender,2151000.0,-0.0423
TND-001701,MPLADS-001701,4,0,Open e-Tender,2025000.0,-0.032
TND-001702,MPLADS-001702,7,0,Open e-Tender,3830000.0,-0.0425
TND-001703,MPLADS-001703,4,0,Open e-Tender,425000.0,-0.07
TND-001704,MPLADS-001704,4,0,Open e-Tender,1230000.0,-0.0524
TND-001705,MPLADS-001705,5,0,Open e-Tender,1300000.0,0.0093
TND-001706,MPLADS-001706,3,0,Open e-Tender,1748000.0,0.0175
TND-001707,MPLADS-001707,4,0,Open e-Tender,2159000.0,-0.0204
TND-001708,MPLADS-001708,4,0,Open e-Tender,552000.0,-0.0333
TND-001709,MPLADS-001709,5,0,Open e-Tender,454000.0,-0.0361
TND-001710,MPLADS-001710,6,0,Open e-Tender,10386000.0,-0.0399
TND-001711,MPLADS-001711,3,0,Open e-Tender,648000.0,-0.054
TND-001712,MPLADS-001712,6,0,Open e-Tender,1201000.0,-0.0675
TND-001713,MPLADS-001713,6,0,Open e-Tender,1449000.0,-0.0275
TND-001714,MPLADS-001714,4,0,Open e-Tender,627000.0,-0.0697
TND-001715,MPLADS-001715,3,0,Open e-Tender,2245000.0,-0.0765
TND-001716,MPLADS-001716,6,0,Open e-Tender,2136000.0,-0.012
TND-001717,MPLADS-001717,4,0,Open e-Tender,12451000.0,-0.027
TND-001718,MPLADS-001718,7,0,Open e-Tender,1571000.0,-0.0254
TND-001719,MPLADS-001719,3,0,Open e-Tender,14553000.0,0.0167
TND-001720,MPLADS-001720,7,0,Open e-Tender,1537000.0,-0.0436
TND-001721,MPLADS-001721,3,0,Open e-Tender,1639000.0,-0.0787
TND-001722,MPLADS-001722,6,0,Open e-Tender,2471000.0,-0.0355
TND-001723,MPLADS-001723,4,0,Open e-Tender,1611000.0,-0.0709
TND-001724,MPLADS-001724,5,0,Open e-Tender,3276000.0,0.0
TND-001725,MPLADS-001725,3,0,Open e-Tender,2095000.0,-0.0738
TND-001726,MPLADS-001726,4,0,Open e-Tender,2063000.0,-0.0101
TND-001727,MPLADS-001727,5,0,Open e-Tender,380000.0,0.0026
TND-001728,MPLADS-001728,3,0,Open e-Tender,16233000.0,-0.0037
TND-001729,MPLADS-001729,5,0,Open e-Tender,2098000.0,-0.0029
TND-001730,MPLADS-001730,5,0,Open e-Tender,3249000.0,-0.0436
TND-001731,MPLADS-001731,4,0,Open e-Tender,2689000.0,0.0075
TND-001732,MPLADS-001732,5,0,Open e-Tender,16666000.0,0.0152
TND-001733,MPLADS-001733,3,0,Open e-Tender,2245000.0,-0.0551
TND-001734,MPLADS-001734,6,0,Open e-Tender,2190000.0,-0.0193
TND-001735,MPLADS-001735,5,0,Open e-Tender,2517000.0,-0.0577
TND-001736,MPLADS-001736,3,0,Open e-Tender,2711000.0,-0.057
TND-001737,MPLADS-001737,3,0,Open e-Tender,2332000.0,-0.0391
TND-001738,MPLADS-001738,7,0,Open e-Tender,578000.0,-0.0722
TND-001739,MPLADS-001739,7,0,Open e-Tender,617000.0,-0.0128
TND-001740,MPLADS-001740,3,0,Open e-Tender,655000.0,-0.0209
TND-001741,MPLADS-001741,6,0,Open e-Tender,1360000.0,-0.0523
TND-001742,MPLADS-001742,4,0,Open e-Tender,1155000.0,-0.0391
TND-001743,MPLADS-001743,5,0,Open e-Tender,359000.0,-0.0137
TND-001744,MPLADS-001744,6,0,Open e-Tender,2910000.0,-0.0616
TND-001745,MPLADS-001745,3,0,Open e-Tender,2652000.0,-0.075
TND-001746,MPLADS-001746,4,0,Open e-Tender,44868000.0,0.0175
TND-001747,MPLADS-001747,6,0,Open e-Tender,1727000.0,-0.0143
TND-001748,MPLADS-001748,6,0,Open e-Tender,3436000.0,-0.065
TND-001749,MPLADS-001749,1,1,Single Tender Inquiry,551000.0,-0.0755
TND-001750,MPLADS-001750,7,0,Open e-Tender,1883000.0,0.0053
TND-001751,MPLADS-001751,3,0,Open e-Tender,1581000.0,-0.0283
TND-001752,MPLADS-001752,5,0,Open e-Tender,2121000.0,-0.0665
TND-001753,MPLADS-001753,7,0,Open e-Tender,2207000.0,-0.0278
TND-001754,MPLADS-001754,7,0,Open e-Tender,6426000.0,-0.0016
TND-001755,MPLADS-001755,7,0,Open e-Tender,15137000.0,-0.0728
TND-001756,MPLADS-001756,4,0,Open e-Tender,8774000.0,-0.0468
TND-001757,MPLADS-001757,7,0,Open e-Tender,1276000.0,-0.0016
TND-001758,MPLADS-001758,6,0,Open e-Tender,660000.0,-0.003
TND-001759,MPLADS-001759,7,0,Open e-Tender,1085000.0,-0.0269
TND-001760,MPLADS-001760,5,0,Open e-Tender,1989000.0,-0.0506
TND-001761,MPLADS-001761,7,0,Open e-Tender,2021000.0,0.0045
TND-001762,MPLADS-001762,3,0,Open e-Tender,1006000.0,-0.0737
TND-001763,MPLADS-001763,3,0,Open e-Tender,2638000.0,-0.0572
TND-001764,MPLADS-001764,7,0,Open e-Tender,12178000.0,-0.0202
TND-001765,MPLADS-001765,3,0,Open e-Tender,7229000.0,-0.0537
TND-001766,MPLADS-001766,5,0,Open e-Tender,3339000.0,-0.0107
TND-001767,MPLADS-001767,4,0,Open e-Tender,13178000.0,-0.0299
TND-001768,MPLADS-001768,7,0,Open e-Tender,606000.0,-0.0502
TND-001769,MPLADS-001769,3,0,Open e-Tender,2054000.0,-0.0478
TND-001770,MPLADS-001770,5,0,Open e-Tender,2030000.0,-0.002
TND-001771,MPLADS-001771,7,0,Open e-Tender,15399000.0,-0.0199
TND-001772,MPLADS-001772,5,0,Open e-Tender,2151000.0,-0.041
TND-001773,MPLADS-001773,3,0,Open e-Tender,12667000.0,-0.0074
TND-001774,MPLADS-001774,4,0,Open e-Tender,493000.0,-0.0199
TND-001775,MPLADS-001775,7,0,Open e-Tender,1754000.0,0.008
TND-001776,MPLADS-001776,6,0,Open e-Tender,1910000.0,-0.0265
TND-001777,MPLADS-001777,6,0,Open e-Tender,2756000.0,-0.0607
TND-001778,MPLADS-001778,3,0,Open e-Tender,3091000.0,-0.079
TND-001779,MPLADS-001779,5,0,Open e-Tender,1425000.0,0.0099
TND-001780,MPLADS-001780,6,0,Open e-Tender,2687000.0,-0.0535
TND-001781,MPLADS-001781,7,0,Open e-Tender,2180000.0,-0.0392
TND-001782,MPLADS-001782,1,1,Single Tender Inquiry,2898000.0,-0.0246
TND-001783,MPLADS-001783,4,0,Open e-Tender,3656000.0,-0.0016
TND-001784,MPLADS-001784,1,1,Single Tender Inquiry,1574000.0,-0.0586
TND-001785,MPLADS-001785,6,0,Open e-Tender,1602000.0,-0.0142
TND-001786,MPLADS-001786,4,0,Open e-Tender,1761000.0,-0.0476
TND-001787,MPLADS-001787,4,0,Open e-Tender,2927000.0,-0.041
TND-001788,MPLADS-001788,1,1,Single Tender Inquiry,420000.0,0.0
TND-001789,MPLADS-001789,6,0,Open e-Tender,671000.0,-0.0275
TND-001790,MPLADS-001790,3,0,Open e-Tender,2359000.0,-0.0109
TND-001791,MPLADS-001791,6,0,Open e-Tender,541000.0,-0.0357
TND-001792,MPLADS-001792,5,0,Open e-Tender,2168000.0,-0.0487
TND-001793,MPLADS-001793,4,0,Open e-Tender,1599000.0,-0.0062
TND-001794,MPLADS-001794,5,0,Open e-Tender,847000.0,-0.0494
TND-001795,MPLADS-001795,3,0,Open e-Tender,2168000.0,-0.0751
TND-001796,MPLADS-001796,1,1,Single Tender Inquiry,1552000.0,-0.0784
TND-001797,MPLADS-001797,7,0,Open e-Tender,2473000.0,-0.0321
TND-001798,MPLADS-001798,3,0,Open e-Tender,2922000.0,-0.0148
TND-001799,MPLADS-001799,6,0,Open e-Tender,1674000.0,-0.0648
TND-001800,MPLADS-001800,5,0,Open e-Tender,1398000.0,-0.0705
TND-001801,MPLADS-001801,4,0,Open e-Tender,2424000.0,0.0138
TND-001802,MPLADS-001802,5,0,Open e-Tender,1282000.0,-0.0622
TND-001803,MPLADS-001803,6,0,Open e-Tender,2900000.0,-0.0014
TND-001804,MPLADS-001804,7,0,Open e-Tender,2730000.0,0.0104
TND-001805,MPLADS-001805,5,0,Open e-Tender,3200000.0,-0.0175
TND-001806,MPLADS-001806,6,0,Open e-Tender,3144000.0,-0.0169
TND-001807,MPLADS-001807,6,0,Open e-Tender,2450000.0,-0.0004
TND-001808,MPLADS-001808,7,0,Open e-Tender,1835000.0,-0.0453
TND-001809,MPLADS-001809,4,0,Open e-Tender,3156000.0,-0.0793
TND-001810,MPLADS-001810,3,0,Open e-Tender,2708000.0,-0.0751
TND-001811,MPLADS-001811,5,0,Open e-Tender,1379000.0,0.0
TND-001812,MPLADS-001812,4,0,Open e-Tender,2512000.0,-0.0008
TND-001813,MPLADS-001813,6,0,Open e-Tender,3798000.0,-0.012
TND-001814,MPLADS-001814,3,0,Open e-Tender,2209000.0,-0.056
TND-001815,MPLADS-001815,5,0,Open e-Tender,2393000.0,-0.0493
TND-001816,MPLADS-001816,5,0,Open e-Tender,870000.0,-0.0764
TND-001817,MPLADS-001817,4,0,Open e-Tender,1946000.0,-0.0451
TND-001818,MPLADS-001818,4,0,Open e-Tender,2347000.0,-0.0661
TND-001819,MPLADS-001819,3,0,Open e-Tender,9420000.0,0.0051
TND-001820,MPLADS-001820,3,0,Open e-Tender,2552000.0,-0.0524
TND-001821,MPLADS-001821,3,0,Open e-Tender,2731000.0,0.0107
TND-001822,MPLADS-001822,3,0,Open e-Tender,446000.0,0.0159
TND-001823,MPLADS-001823,3,0,Open e-Tender,2503000.0,-0.065
TND-001824,MPLADS-001824,4,0,Open e-Tender,2198000.0,-0.0741
TND-001825,MPLADS-001825,3,0,Open e-Tender,753000.0,-0.0761
TND-001826,MPLADS-001826,5,0,Open e-Tender,1981000.0,-0.0085
TND-001827,MPLADS-001827,3,0,Open e-Tender,1880000.0,-0.0264
TND-001828,MPLADS-001828,4,0,Open e-Tender,2270000.0,-0.0506
TND-001829,MPLADS-001829,4,0,Open e-Tender,1731000.0,-0.0608
TND-001830,MPLADS-001830,4,0,Open e-Tender,1380000.0,-0.0682
TND-001831,MPLADS-001831,6,0,Open e-Tender,1225000.0,-0.0216
TND-001832,MPLADS-001832,3,0,Open e-Tender,1567000.0,-0.0019
TND-001833,MPLADS-001833,4,0,Open e-Tender,740000.0,-0.0633
TND-001834,MPLADS-001834,1,1,Single Tender Inquiry,1183000.0,-0.0641
TND-001835,MPLADS-001835,4,0,Open e-Tender,11664000.0,-0.0571
TND-001836,MPLADS-001836,3,0,Open e-Tender,2288000.0,-0.0423
TND-001837,MPLADS-001837,4,0,Open e-Tender,648000.0,-0.0122
TND-001838,MPLADS-001838,3,0,Open e-Tender,1683000.0,-0.0529
TND-001839,MPLADS-001839,7,0,Open e-Tender,2934000.0,-0.0342
TND-001840,MPLADS-001840,5,0,Open e-Tender,801000.0,0.0152
TND-001841,MPLADS-001841,6,0,Open e-Tender,1234000.0,0.0098
TND-001842,MPLADS-001842,4,0,Open e-Tender,2317000.0,0.0118
TND-001843,MPLADS-001843,3,0,Open e-Tender,1618000.0,-0.0499
TND-001844,MPLADS-001844,7,0,Open e-Tender,1468000.0,-0.0535
TND-001845,MPLADS-001845,3,0,Open e-Tender,1503000.0,-0.0086
TND-001846,MPLADS-001846,4,0,Open e-Tender,1137000.0,-0.0517
TND-001847,MPLADS-001847,5,0,Open e-Tender,2870000.0,-0.0188
TND-001848,MPLADS-001848,3,0,Open e-Tender,392000.0,-0.0667
TND-001849,MPLADS-001849,6,0,Open e-Tender,1761000.0,0.0138
TND-001850,MPLADS-001850,6,0,Open e-Tender,9308000.0,-0.0004
TND-001851,MPLADS-001851,4,0,Open e-Tender,9070000.0,-0.0696
TND-001852,MPLADS-001852,5,0,Open e-Tender,3107000.0,-0.0165
TND-001853,MPLADS-001853,6,0,Open e-Tender,2017000.0,-0.0284
TND-001854,MPLADS-001854,6,0,Open e-Tender,590000.0,-0.015
TND-001855,MPLADS-001855,7,0,Open e-Tender,2020000.0,-0.002
TND-001856,MPLADS-001856,3,0,Open e-Tender,1644000.0,-0.0508
TND-001857,MPLADS-001857,4,0,Open e-Tender,536000.0,-0.048
TND-001858,MPLADS-001858,1,1,Single Tender Inquiry,2083000.0,-0.0029
TND-001859,MPLADS-001859,3,0,Open e-Tender,2800000.0,-0.0018
TND-001860,MPLADS-001860,3,0,Open e-Tender,1710000.0,-0.0339
TND-001861,MPLADS-001861,7,0,Open e-Tender,541000.0,-0.0509
TND-001862,MPLADS-001862,5,0,Open e-Tender,392000.0,-0.0416
TND-001863,MPLADS-001863,6,0,Open e-Tender,2465000.0,-0.0631
TND-001864,MPLADS-001864,4,0,Open e-Tender,11379000.0,-0.0257
TND-001865,MPLADS-001865,5,0,Open e-Tender,15935000.0,-0.0003
TND-001866,MPLADS-001866,4,0,Open e-Tender,1460000.0,-0.0247
TND-001867,MPLADS-001867,4,0,Open e-Tender,1842000.0,0.0143
TND-001868,MPLADS-001868,5,0,Open e-Tender,396000.0,0.0076
TND-001869,MPLADS-001869,3,0,Open e-Tender,3422000.0,-0.0696
TND-001870,MPLADS-001870,7,0,Open e-Tender,525000.0,-0.0402
TND-001871,MPLADS-001871,4,0,Open e-Tender,52415000.0,0.02
TND-001872,MPLADS-001872,7,0,Open e-Tender,3623000.0,0.0148
TND-001873,MPLADS-001873,6,0,Open e-Tender,14375000.0,0.0088
TND-001874,MPLADS-001874,4,0,Open e-Tender,2586000.0,0.0165
TND-001875,MPLADS-001875,6,0,Open e-Tender,6303000.0,0.0002
TND-001876,MPLADS-001876,7,0,Open e-Tender,3838000.0,0.0103
TND-001877,MPLADS-001877,6,0,Open e-Tender,641000.0,-0.0317
TND-001878,MPLADS-001878,4,0,Open e-Tender,13482000.0,-0.0073
TND-001879,MPLADS-001879,6,0,Open e-Tender,2267000.0,-0.0013
TND-001880,MPLADS-001880,7,0,Open e-Tender,2166000.0,-0.0603
TND-001881,MPLADS-001881,3,0,Open e-Tender,969000.0,-0.0736
TND-001882,MPLADS-001882,6,0,Open e-Tender,9104000.0,-0.0622
TND-001883,MPLADS-001883,7,0,Open e-Tender,1732000.0,-0.022
TND-001884,MPLADS-001884,6,0,Open e-Tender,516000.0,-0.0246
TND-001885,MPLADS-001885,3,0,Open e-Tender,671000.0,-0.0496
TND-001886,MPLADS-001886,7,0,Open e-Tender,1870000.0,-0.0697
TND-001887,MPLADS-001887,3,0,Open e-Tender,1832000.0,-0.0443
TND-001888,MPLADS-001888,7,0,Open e-Tender,10787000.0,-0.0336
TND-001889,MPLADS-001889,3,0,Open e-Tender,618000.0,-0.008
TND-001890,MPLADS-001890,4,0,Open e-Tender,1567000.0,-0.0025
TND-001891,MPLADS-001891,5,0,Open e-Tender,14943000.0,-0.0608
TND-001892,MPLADS-001892,3,0,Open e-Tender,919000.0,-0.0574
TND-001893,MPLADS-001893,1,1,Single Tender Inquiry,1928000.0,-0.0163
TND-001894,MPLADS-001894,5,0,Open e-Tender,683000.0,-0.0367
TND-001895,MPLADS-001895,4,0,Open e-Tender,2228000.0,-0.0527
TND-001896,MPLADS-001896,5,0,Open e-Tender,3528000.0,-0.0475
TND-001897,MPLADS-001897,3,0,Open e-Tender,1088000.0,-0.0046
TND-001898,MPLADS-001898,3,0,Open e-Tender,1868000.0,-0.0416
TND-001899,MPLADS-001899,7,0,Open e-Tender,1508000.0,-0.002
TND-001900,MPLADS-001900,7,0,Open e-Tender,14406000.0,-0.0794
TND-001901,MPLADS-001901,4,0,Open e-Tender,3935000.0,-0.0362
TND-001902,MPLADS-001902,5,0,Open e-Tender,443000.0,0.0045
TND-001903,MPLADS-001903,3,0,Open e-Tender,861000.0,-0.0126
TND-001904,MPLADS-001904,5,0,Open e-Tender,1822000.0,-0.0704
TND-001905,MPLADS-001905,7,0,Open e-Tender,2407000.0,-0.0251
TND-001906,MPLADS-001906,6,0,Open e-Tender,3088000.0,-0.0682
TND-001907,MPLADS-001907,5,0,Open e-Tender,741000.0,-0.0644
TND-001908,MPLADS-001908,6,0,Open e-Tender,2407000.0,-0.0318
TND-001909,MPLADS-001909,5,0,Open e-Tender,9607000.0,-0.0716
TND-001910,MPLADS-001910,4,0,Open e-Tender,1473000.0,-0.0385
TND-001911,MPLADS-001911,1,1,Single Tender Inquiry,9740000.0,-0.0303
TND-001912,MPLADS-001912,3,0,Open e-Tender,590000.0,0.0
TND-001913,MPLADS-001913,5,0,Open e-Tender,1972000.0,-0.0768
TND-001914,MPLADS-001914,5,0,Open e-Tender,8817000.0,-0.0393
TND-001915,MPLADS-001915,6,0,Open e-Tender,1130000.0,-0.0768
TND-001916,MPLADS-001916,7,0,Open e-Tender,1259000.0,-0.0555
TND-001917,MPLADS-001917,4,0,Open e-Tender,13012000.0,-0.0455
TND-001918,MPLADS-001918,4,0,Open e-Tender,613000.0,-0.0555
TND-001919,MPLADS-001919,5,0,Open e-Tender,626000.0,-0.0558
TND-001920,MPLADS-001920,6,0,Open e-Tender,1723000.0,-0.0559
TND-001921,MPLADS-001921,4,0,Open e-Tender,3436000.0,0.0015
TND-001922,MPLADS-001922,3,0,Open e-Tender,912000.0,-0.0277
TND-001923,MPLADS-001923,5,0,Open e-Tender,1527000.0,-0.0432
TND-001924,MPLADS-001924,5,0,Open e-Tender,2964000.0,0.0182
TND-001925,MPLADS-001925,7,0,Open e-Tender,1550000.0,0.0191
TND-001926,MPLADS-001926,5,0,Open e-Tender,2879000.0,-0.01
TND-001927,MPLADS-001927,3,0,Open e-Tender,2997000.0,-0.0675
TND-001928,MPLADS-001928,7,0,Open e-Tender,16192000.0,-0.0174
TND-001929,MPLADS-001929,4,0,Open e-Tender,1906000.0,0.0037
TND-001930,MPLADS-001930,6,0,Open e-Tender,1950000.0,-0.0299
TND-001931,MPLADS-001931,7,0,Open e-Tender,14747000.0,0.0051
TND-001932,MPLADS-001932,3,0,Open e-Tender,1584000.0,0.0083
TND-001933,MPLADS-001933,4,0,Open e-Tender,3776000.0,-0.0404
TND-001934,MPLADS-001934,6,0,Open e-Tender,397000.0,-0.0075
TND-001935,MPLADS-001935,7,0,Open e-Tender,1489000.0,-0.0629
TND-001936,MPLADS-001936,4,0,Open e-Tender,9289000.0,-0.0271
TND-001937,MPLADS-001937,5,0,Open e-Tender,2557000.0,-0.0051
TND-001938,MPLADS-001938,3,0,Open e-Tender,9575000.0,-0.0639
TND-001939,MPLADS-001939,5,0,Open e-Tender,11313000.0,-0.0678
TND-001940,MPLADS-001940,3,0,Open e-Tender,11648000.0,-0.0454
TND-001941,MPLADS-001941,7,0,Open e-Tender,1592000.0,0.0025
TND-001942,MPLADS-001942,3,0,Open e-Tender,1450000.0,-0.0717
TND-001943,MPLADS-001943,4,0,Open e-Tender,8963000.0,-0.0178
TND-001944,MPLADS-001944,4,0,Open e-Tender,2324000.0,-0.0333
TND-001945,MPLADS-001945,7,0,Open e-Tender,627000.0,-0.06
TND-001946,MPLADS-001946,5,0,Open e-Tender,2069000.0,-0.0019
TND-001947,MPLADS-001947,6,0,Open e-Tender,7713000.0,-0.0547
TND-001948,MPLADS-001948,4,0,Open e-Tender,1384000.0,-0.0281
TND-001949,MPLADS-001949,6,0,Open e-Tender,599000.0,-0.026
TND-001950,MPLADS-001950,4,0,Open e-Tender,669000.0,0.006
TND-001951,MPLADS-001951,6,0,Open e-Tender,1650000.0,-0.073
TND-001952,MPLADS-001952,7,0,Open e-Tender,1680000.0,-0.0572
TND-001953,MPLADS-001953,7,0,Open e-Tender,666000.0,-0.0362
TND-001954,MPLADS-001954,6,0,Open e-Tender,2069000.0,-0.0062
TND-001955,MPLADS-001955,5,0,Open e-Tender,677000.0,-0.0273
TND-001956,MPLADS-001956,7,0,Open e-Tender,641000.0,-0.075
TND-001957,MPLADS-001957,6,0,Open e-Tender,15286000.0,-0.0418
TND-001958,MPLADS-001958,4,0,Open e-Tender,1100000.0,-0.017
TND-001959,MPLADS-001959,4,0,Open e-Tender,2565000.0,0.0
TND-001960,MPLADS-001960,6,0,Open e-Tender,2040000.0,-0.0183
TND-001961,MPLADS-001961,5,0,Open e-Tender,3702000.0,-0.0544
TND-001962,MPLADS-001962,5,0,Open e-Tender,10700000.0,0.0176
TND-001963,MPLADS-001963,1,1,Single Tender Inquiry,10078000.0,-0.0553
TND-001964,MPLADS-001964,3,0,Open e-Tender,3015000.0,-0.0666
TND-001965,MPLADS-001965,1,1,Single Tender Inquiry,485000.0,0.0189
TND-001966,MPLADS-001966,7,0,Open e-Tender,2408000.0,-0.0054
TND-001967,MPLADS-001967,7,0,Open e-Tender,2501000.0,-0.0636
TND-001968,MPLADS-001968,5,0,Open e-Tender,2709000.0,0.0052
TND-001969,MPLADS-001969,5,0,Open e-Tender,1041000.0,-0.0458
TND-001970,MPLADS-001970,3,0,Open e-Tender,542000.0,-0.0607
TND-001971,MPLADS-001971,3,0,Open e-Tender,633000.0,0.0064
TND-001972,MPLADS-001972,3,0,Open e-Tender,649000.0,-0.0357
TND-001973,MPLADS-001973,1,1,Single Tender Inquiry,9477000.0,-0.0161
TND-001974,MPLADS-001974,3,0,Open e-Tender,2351000.0,-0.0459
TND-001975,MPLADS-001975,7,0,Open e-Tender,1695000.0,-0.0661
TND-001976,MPLADS-001976,6,0,Open e-Tender,2488000.0,-0.0235
TND-001977,MPLADS-001977,7,0,Open e-Tender,1571000.0,-0.066
TND-001978,MPLADS-001978,7,0,Open e-Tender,654000.0,-0.003
TND-001979,MPLADS-001979,4,0,Open e-Tender,2890000.0,0.0035
TND-001980,MPLADS-001980,4,0,Open e-Tender,3031000.0,-0.0408
TND-001981,MPLADS-001981,6,0,Open e-Tender,2135000.0,-0.0607
TND-001982,MPLADS-001982,5,0,Open e-Tender,641000.0,-0.0737
TND-001983,MPLADS-001983,5,0,Open e-Tender,2753000.0,-0.0351
TND-001984,MPLADS-001984,4,0,Open e-Tender,1927000.0,-0.0163
TND-001985,MPLADS-001985,4,0,Open e-Tender,1053000.0,0.0
TND-001986,MPLADS-001986,7,0,Open e-Tender,12905000.0,-0.0511
TND-001987,MPLADS-001987,6,0,Open e-Tender,3664000.0,-0.0719
TND-001988,MPLADS-001988,4,0,Open e-Tender,2689000.0,-0.0721
TND-001989,MPLADS-001989,5,0,Open e-Tender,49193000.0,-0.0182
TND-001990,MPLADS-001990,5,0,Open e-Tender,2242000.0,-0.0184
TND-001991,MPLADS-001991,6,0,Open e-Tender,648000.0,-0.0167
TND-001992,MPLADS-001992,3,0,Open e-Tender,1976000.0,-0.011
TND-001993,MPLADS-001993,7,0,Open e-Tender,707000.0,0.0028
TND-001994,MPLADS-001994,7,0,Open e-Tender,2123000.0,-0.0359
TND-001995,MPLADS-001995,3,0,Open e-Tender,2378000.0,0.0046
TND-001996,MPLADS-001996,3,0,Open e-Tender,1333000.0,-0.0781
TND-001997,MPLADS-001997,6,0,Open e-Tender,10907000.0,-0.0739
TND-001998,MPLADS-001998,5,0,Open e-Tender,879000.0,-0.0266
TND-001999,MPLADS-001999,5,0,Open e-Tender,2919000.0,-0.0587
TND-002000,MPLADS-002000,7,0,Open e-Tender,1486000.0,-0.0224
TND-002001,MPLADS-002001,4,0,Open e-Tender,383000.0,-0.0726
TND-002002,MPLADS-002002,7,0,Open e-Tender,664000.0,-0.0405
TND-002003,MPLADS-002003,6,0,Open e-Tender,561000.0,-0.0277
TND-002004,MPLADS-002004,6,0,Open e-Tender,3543000.0,-0.0766
TND-002005,MPLADS-002005,6,0,Open e-Tender,2870000.0,-0.0031
TND-002006,MPLADS-002006,3,0,Open e-Tender,1792000.0,-0.0633
TND-002007,MPLADS-002007,4,0,Open e-Tender,463000.0,-0.074
TND-002008,MPLADS-002008,6,0,Open e-Tender,592000.0,-0.0405
TND-002009,MPLADS-002009,3,0,Open e-Tender,2993000.0,-0.0422
TND-002010,MPLADS-002010,6,0,Open e-Tender,1649000.0,-0.012
TND-002011,MPLADS-002011,6,0,Open e-Tender,1033000.0,-0.0162
TND-002012,MPLADS-002012,3,0,Open e-Tender,1546000.0,-0.0704
TND-002013,MPLADS-002013,3,0,Open e-Tender,16048000.0,-0.0383
TND-002014,MPLADS-002014,4,0,Open e-Tender,2339000.0,0.0112
TND-002015,MPLADS-002015,3,0,Open e-Tender,633000.0,-0.051
TND-002016,MPLADS-002016,5,0,Open e-Tender,528000.0,0.0173
TND-002017,MPLADS-002017,7,0,Open e-Tender,2293000.0,-0.0618
TND-002018,MPLADS-002018,7,0,Open e-Tender,2754000.0,-0.0718
TND-002019,MPLADS-002019,3,0,Open e-Tender,11964000.0,-0.0192
TND-002020,MPLADS-002020,5,0,Open e-Tender,9814000.0,0.0026
TND-002021,MPLADS-002021,3,0,Open e-Tender,1320000.0,-0.0222
TND-002022,MPLADS-002022,7,0,Open e-Tender,1701000.0,-0.0534
TND-002023,MPLADS-002023,3,0,Open e-Tender,498000.0,-0.002
TND-002024,MPLADS-002024,5,0,Open e-Tender,1758000.0,-0.0553
TND-002025,MPLADS-002025,1,1,Single Tender Inquiry,565000.0,-0.0661
TND-002026,MPLADS-002026,5,0,Open e-Tender,520000.0,-0.0424
TND-002027,MPLADS-002027,1,1,Single Tender Inquiry,10502000.0,-0.0288
TND-002028,MPLADS-002028,5,0,Open e-Tender,2504000.0,-0.0249
TND-002029,MPLADS-002029,6,0,Open e-Tender,2442000.0,0.0021
TND-002030,MPLADS-002030,4,0,Open e-Tender,2983000.0,0.0
TND-002031,MPLADS-002031,5,0,Open e-Tender,1850000.0,0.0011
TND-002032,MPLADS-002032,4,0,Open e-Tender,1679000.0,-0.003
TND-002033,MPLADS-002033,3,0,Open e-Tender,1667000.0,-0.0582
TND-002034,MPLADS-002034,7,0,Open e-Tender,540000.0,-0.0305
TND-002035,MPLADS-002035,6,0,Open e-Tender,449000.0,0.0067
TND-002036,MPLADS-002036,3,0,Open e-Tender,1523000.0,-0.0391
TND-002037,MPLADS-002037,6,0,Open e-Tender,600000.0,0.0084
TND-002038,MPLADS-002038,4,0,Open e-Tender,1526000.0,0.016
TND-002039,MPLADS-002039,4,0,Open e-Tender,1015000.0,-0.0107
TND-002040,MPLADS-002040,3,0,Open e-Tender,1736000.0,-0.0203
TND-002041,MPLADS-002041,3,0,Open e-Tender,3310000.0,-0.0322
TND-002042,MPLADS-002042,4,0,Open e-Tender,1029000.0,0.0039
TND-002043,MPLADS-002043,5,0,Open e-Tender,1387000.0,-0.0198
TND-002044,MPLADS-002044,5,0,Open e-Tender,462000.0,0.0132
TND-002045,MPLADS-002045,3,0,Open e-Tender,1253000.0,-0.0384
TND-002046,MPLADS-002046,7,0,Open e-Tender,52292000.0,-0.0595
TND-002047,MPLADS-002047,7,0,Open e-Tender,536000.0,-0.0759
TND-002048,MPLADS-002048,4,0,Open e-Tender,8112000.0,-0.0261
TND-002049,MPLADS-002049,7,0,Open e-Tender,2764000.0,0.0143
TND-002050,MPLADS-002050,6,0,Open e-Tender,1845000.0,-0.0207
TND-002051,MPLADS-002051,4,0,Open e-Tender,674000.0,0.003
TND-002052,MPLADS-002052,7,0,Open e-Tender,2832000.0,-0.0354
TND-002053,MPLADS-002053,3,0,Open e-Tender,12271000.0,-0.0679
TND-002054,MPLADS-002054,7,0,Open e-Tender,714000.0,-0.0605
TND-002055,MPLADS-002055,4,0,Open e-Tender,15412000.0,-0.04
TND-002056,MPLADS-002056,6,0,Open e-Tender,3327000.0,-0.0368
TND-002057,MPLADS-002057,7,0,Open e-Tender,374000.0,0.0027
TND-002058,MPLADS-002058,4,0,Open e-Tender,2778000.0,0.0168
TND-002059,MPLADS-002059,7,0,Open e-Tender,1645000.0,-0.0605
TND-002060,MPLADS-002060,6,0,Open e-Tender,11270000.0,-0.0114
TND-002061,MPLADS-002061,6,0,Open e-Tender,1045000.0,-0.0019
TND-002062,MPLADS-002062,4,0,Open e-Tender,2721000.0,-0.0198
TND-002063,MPLADS-002063,4,0,Open e-Tender,991000.0,-0.0294
TND-002064,MPLADS-002064,1,1,Single Tender Inquiry,1473000.0,-0.0454
TND-002065,MPLADS-002065,1,1,Single Tender Inquiry,1448000.0,-0.0676
TND-002066,MPLADS-002066,7,0,Open e-Tender,2785000.0,-0.0249
TND-002067,MPLADS-002067,5,0,Open e-Tender,2777000.0,-0.0771
TND-002068,MPLADS-002068,7,0,Open e-Tender,677000.0,-0.0411
TND-002069,MPLADS-002069,5,0,Open e-Tender,2547000.0,-0.0204
TND-002070,MPLADS-002070,7,0,Open e-Tender,3144000.0,-0.0629
TND-002071,MPLADS-002071,3,0,Open e-Tender,3084000.0,-0.0203
TND-002072,MPLADS-002072,7,0,Open e-Tender,12033000.0,0.0096
TND-002073,MPLADS-002073,6,0,Open e-Tender,3141000.0,-0.0141
TND-002074,MPLADS-002074,3,0,Open e-Tender,994000.0,-0.0158
TND-002075,MPLADS-002075,3,0,Open e-Tender,938000.0,-0.0032
TND-002076,MPLADS-002076,4,0,Open e-Tender,587000.0,0.0138
TND-002077,MPLADS-002077,3,0,Open e-Tender,2403000.0,-0.0718
TND-002078,MPLADS-002078,1,1,Single Tender Inquiry,2696000.0,-0.0544
TND-002079,MPLADS-002079,3,0,Open e-Tender,2795000.0,-0.0207
TND-002080,MPLADS-002080,4,0,Open e-Tender,2838000.0,-0.0483
TND-002081,MPLADS-002081,7,0,Open e-Tender,1020000.0,-0.0126
TND-002082,MPLADS-002082,6,0,Open e-Tender,6504000.0,-0.0777
TND-002083,MPLADS-002083,4,0,Open e-Tender,1827000.0,-0.0404
TND-002084,MPLADS-002084,7,0,Open e-Tender,3079000.0,0.0026
TND-002085,MPLADS-002085,1,1,Single Tender Inquiry,3213000.0,-0.0287
TND-002086,MPLADS-002086,5,0,Open e-Tender,678000.0,0.015
TND-002087,MPLADS-002087,6,0,Open e-Tender,1489000.0,-0.0431
TND-002088,MPLADS-002088,5,0,Open e-Tender,534000.0,-0.0273
TND-002089,MPLADS-002089,5,0,Open e-Tender,1925000.0,0.0121
TND-002090,MPLADS-002090,3,0,Open e-Tender,9162000.0,-0.0435
TND-002091,MPLADS-002091,7,0,Open e-Tender,358000.0,-0.0725
TND-002092,MPLADS-002092,7,0,Open e-Tender,785000.0,-0.0519
TND-002093,MPLADS-002093,4,0,Open e-Tender,1060000.0,-0.051
TND-002094,MPLADS-002094,4,0,Open e-Tender,1382000.0,-0.0315
TND-002095,MPLADS-002095,6,0,Open e-Tender,12010000.0,0.0069
TND-002096,MPLADS-002096,3,0,Open e-Tender,9721000.0,-0.0044
TND-002097,MPLADS-002097,5,0,Open e-Tender,2021000.0,0.0146
TND-002098,MPLADS-002098,4,0,Open e-Tender,14768000.0,0.0005
TND-002099,MPLADS-002099,5,0,Open e-Tender,1189000.0,-0.0754
TND-002100,MPLADS-002100,6,0,Open e-Tender,1841000.0,-0.0032
TND-002101,MPLADS-002101,4,0,Open e-Tender,13645000.0,-0.0269
TND-002102,MPLADS-002102,3,0,Open e-Tender,1891000.0,0.0021
TND-002103,MPLADS-002103,3,0,Open e-Tender,2894000.0,-0.0119
TND-002104,MPLADS-002104,4,0,Open e-Tender,1830000.0,0.0022
TND-002105,MPLADS-002105,6,0,Open e-Tender,570000.0,0.0
TND-002106,MPLADS-002106,6,0,Open e-Tender,14038000.0,-0.0331
TND-002107,MPLADS-002107,6,0,Open e-Tender,1293000.0,-0.0227
TND-002108,MPLADS-002108,1,1,Single Tender Inquiry,1346000.0,-0.0514
TND-002109,MPLADS-002109,7,0,Open e-Tender,635000.0,0.0032
TND-002110,MPLADS-002110,4,0,Open e-Tender,2049000.0,-0.0536
TND-002111,MPLADS-002111,7,0,Open e-Tender,1690000.0,-0.0186
TND-002112,MPLADS-002112,6,0,Open e-Tender,1966000.0,-0.0575
TND-002113,MPLADS-002113,1,1,Single Tender Inquiry,362000.0,-0.0524
TND-002114,MPLADS-002114,6,0,Open e-Tender,13781000.0,-0.0171
TND-002115,MPLADS-002115,3,0,Open e-Tender,2519000.0,-0.0433
TND-002116,MPLADS-002116,6,0,Open e-Tender,2417000.0,-0.0143
TND-002117,MPLADS-002117,4,0,Open e-Tender,7166000.0,-0.0213
TND-002118,MPLADS-002118,3,0,Open e-Tender,740000.0,-0.0107
TND-002119,MPLADS-002119,4,0,Open e-Tender,1103000.0,0.0027
TND-002120,MPLADS-002120,6,0,Open e-Tender,3838000.0,-0.0745
TND-002121,MPLADS-002121,1,1,Single Tender Inquiry,14690000.0,0.0131
TND-002122,MPLADS-002122,6,0,Open e-Tender,3681000.0,-0.0139
TND-002123,MPLADS-002123,3,0,Open e-Tender,2211000.0,0.0027
TND-002124,MPLADS-002124,6,0,Open e-Tender,346000.0,-0.0749
TND-002125,MPLADS-002125,3,0,Open e-Tender,751000.0,-0.0297
TND-002126,MPLADS-002126,3,0,Open e-Tender,2350000.0,-0.04
TND-002127,MPLADS-002127,6,0,Open e-Tender,2522000.0,0.0145
TND-002128,MPLADS-002128,7,0,Open e-Tender,641000.0,0.0094
TND-002129,MPLADS-002129,4,0,Open e-Tender,2631000.0,-0.0526
TND-002130,MPLADS-002130,6,0,Open e-Tender,9425000.0,0.0187
TND-002131,MPLADS-002131,6,0,Open e-Tender,1077000.0,-0.0691
TND-002132,MPLADS-002132,4,0,Open e-Tender,13606000.0,0.0152
TND-002133,MPLADS-002133,6,0,Open e-Tender,1630000.0,0.0137
TND-002134,MPLADS-002134,7,0,Open e-Tender,2193000.0,-0.0624
TND-002135,MPLADS-002135,6,0,Open e-Tender,3593000.0,-0.0778
TND-002136,MPLADS-002136,7,0,Open e-Tender,3198000.0,-0.0695
TND-002137,MPLADS-002137,3,0,Open e-Tender,627000.0,-0.0697
TND-002138,MPLADS-002138,5,0,Open e-Tender,1579000.0,-0.0499
TND-002139,MPLADS-002139,3,0,Open e-Tender,2335000.0,-0.0131
TND-002140,MPLADS-002140,3,0,Open e-Tender,2237000.0,-0.0589
TND-002141,MPLADS-002141,6,0,Open e-Tender,2286000.0,-0.0358
TND-002142,MPLADS-002142,6,0,Open e-Tender,2324000.0,-0.0301
TND-002143,MPLADS-002143,7,0,Open e-Tender,3279000.0,-0.0353
TND-002144,MPLADS-002144,6,0,Open e-Tender,641000.0,-0.0031
TND-002145,MPLADS-002145,5,0,Open e-Tender,2344000.0,-0.0506
TND-002146,MPLADS-002146,4,0,Open e-Tender,2117000.0,0.0158
TND-002147,MPLADS-002147,5,0,Open e-Tender,2687000.0,-0.0059
TND-002148,MPLADS-002148,3,0,Open e-Tender,8964000.0,-0.0651
TND-002149,MPLADS-002149,7,0,Open e-Tender,2218000.0,-0.0481
TND-002150,MPLADS-002150,7,0,Open e-Tender,10940000.0,0.0103
TND-002151,MPLADS-002151,3,0,Open e-Tender,2723000.0,-0.0385
TND-002152,MPLADS-002152,3,0,Open e-Tender,912000.0,-0.0539
TND-002153,MPLADS-002153,6,0,Open e-Tender,3177000.0,-0.0738
TND-002154,MPLADS-002154,3,0,Open e-Tender,2412000.0,0.0046
TND-002155,MPLADS-002155,3,0,Open e-Tender,3196000.0,-0.0034
TND-002156,MPLADS-002156,5,0,Open e-Tender,2154000.0,-0.0258
TND-002157,MPLADS-002157,7,0,Open e-Tender,3988000.0,0.0122
TND-002158,MPLADS-002158,3,0,Open e-Tender,2771000.0,-0.0616
TND-002159,MPLADS-002159,3,0,Open e-Tender,554000.0,-0.0177
TND-002160,MPLADS-002160,5,0,Open e-Tender,2214000.0,-0.0045
TND-002161,MPLADS-002161,6,0,Open e-Tender,2251000.0,-0.0157
TND-002162,MPLADS-002162,3,0,Open e-Tender,1963000.0,-0.0273
TND-002163,MPLADS-002163,3,0,Open e-Tender,10939000.0,-0.0462
TND-002164,MPLADS-002164,5,0,Open e-Tender,7765000.0,-0.0631
TND-002165,MPLADS-002165,4,0,Open e-Tender,518000.0,-0.0783
TND-002166,MPLADS-002166,6,0,Open e-Tender,630000.0,-0.0125
TND-002167,MPLADS-002167,7,0,Open e-Tender,2507000.0,-0.0313
TND-002168,MPLADS-002168,4,0,Open e-Tender,15020000.0,0.0016
TND-002169,MPLADS-002169,7,0,Open e-Tender,393000.0,-0.0391
TND-002170,MPLADS-002170,4,0,Open e-Tender,1376000.0,-0.0108
TND-002171,MPLADS-002171,6,0,Open e-Tender,9901000.0,-0.0042
TND-002172,MPLADS-002172,3,0,Open e-Tender,2941000.0,-0.0064
TND-002173,MPLADS-002173,3,0,Open e-Tender,1268000.0,-0.0201
TND-002174,MPLADS-002174,4,0,Open e-Tender,2963000.0,-0.0784
TND-002175,MPLADS-002175,6,0,Open e-Tender,1884000.0,0.0178
TND-002176,MPLADS-002176,5,0,Open e-Tender,745000.0,0.0
TND-002177,MPLADS-002177,4,0,Open e-Tender,1705000.0,-0.0459
TND-002178,MPLADS-002178,5,0,Open e-Tender,3084000.0,-0.0384
TND-002179,MPLADS-002179,7,0,Open e-Tender,1977000.0,-0.0652
TND-002180,MPLADS-002180,5,0,Open e-Tender,3464000.0,-0.0181
TND-002181,MPLADS-002181,4,0,Open e-Tender,1040000.0,-0.0289
TND-002182,MPLADS-002182,6,0,Open e-Tender,2196000.0,0.0032
TND-002183,MPLADS-002183,3,0,Open e-Tender,15672000.0,-0.0605
TND-002184,MPLADS-002184,4,0,Open e-Tender,1794000.0,-0.0709
TND-002185,MPLADS-002185,3,0,Open e-Tender,2723000.0,-0.0738
TND-002186,MPLADS-002186,3,0,Open e-Tender,1003000.0,-0.0538
TND-002187,MPLADS-002187,6,0,Open e-Tender,454000.0,-0.0697
TND-002188,MPLADS-002188,6,0,Open e-Tender,2587000.0,0.0133
TND-002189,MPLADS-002189,3,0,Open e-Tender,2929000.0,0.0142
TND-002190,MPLADS-002190,6,0,Open e-Tender,1892000.0,0.0123
TND-002191,MPLADS-002191,4,0,Open e-Tender,2524000.0,0.01
TND-002192,MPLADS-002192,4,0,Open e-Tender,2081000.0,-0.0184
TND-002193,MPLADS-002193,3,0,Open e-Tender,2492000.0,-0.0095
TND-002194,MPLADS-002194,3,0,Open e-Tender,804000.0,0.0
TND-002195,MPLADS-002195,7,0,Open e-Tender,486000.0,-0.0672
TND-002196,MPLADS-002196,6,0,Open e-Tender,1584000.0,-0.0318
TND-002197,MPLADS-002197,4,0,Open e-Tender,770000.0,-0.0314
TND-002198,MPLADS-002198,3,0,Open e-Tender,15109000.0,0.0173
TND-002199,MPLADS-002199,4,0,Open e-Tender,895000.0,0.0102
TND-002200,MPLADS-002200,4,0,Open e-Tender,14437000.0,-0.0548
TND-002201,MPLADS-002201,5,0,Open e-Tender,925000.0,-0.0778
TND-002202,MPLADS-002202,5,0,Open e-Tender,599000.0,-0.0228
TND-002203,MPLADS-002203,5,0,Open e-Tender,576000.0,-0.0303
TND-002204,MPLADS-002204,1,1,Single Tender Inquiry,2195000.0,0.0064
TND-002205,MPLADS-002205,6,0,Open e-Tender,1256000.0,-0.0563
TND-002206,MPLADS-002206,3,0,Open e-Tender,2723000.0,-0.0141
TND-002207,MPLADS-002207,4,0,Open e-Tender,574000.0,0.007
TND-002208,MPLADS-002208,1,1,Single Tender Inquiry,11209000.0,-0.0601
TND-002209,MPLADS-002209,3,0,Open e-Tender,1082000.0,-0.0331
TND-002210,MPLADS-002210,6,0,Open e-Tender,2229000.0,0.0164
TND-002211,MPLADS-002211,3,0,Open e-Tender,437000.0,-0.0521
TND-002212,MPLADS-002212,5,0,Open e-Tender,1806000.0,-0.0301
TND-002213,MPLADS-002213,4,0,Open e-Tender,1510000.0,-0.0137
TND-002214,MPLADS-002214,1,1,Single Tender Inquiry,1618000.0,0.0
TND-002215,MPLADS-002215,1,1,Single Tender Inquiry,2062000.0,-0.0405
TND-002216,MPLADS-002216,7,0,Open e-Tender,527000.0,-0.0057
TND-002217,MPLADS-002217,6,0,Open e-Tender,12884000.0,-0.0186
TND-002218,MPLADS-002218,1,1,Single Tender Inquiry,2092000.0,-0.0076
TND-002219,MPLADS-002219,7,0,Open e-Tender,2343000.0,-0.0699
TND-002220,MPLADS-002220,4,0,Open e-Tender,15349000.0,-0.0069
TND-002221,MPLADS-002221,3,0,Open e-Tender,2651000.0,-0.0004
TND-002222,MPLADS-002222,5,0,Open e-Tender,1251000.0,-0.0523
TND-002223,MPLADS-002223,3,0,Open e-Tender,1120000.0,-0.0018
TND-002224,MPLADS-002224,3,0,Open e-Tender,649000.0,-0.0328
TND-002225,MPLADS-002225,5,0,Open e-Tender,1448000.0,-0.0789
TND-002226,MPLADS-002226,6,0,Open e-Tender,2567000.0,-0.0331
TND-002227,MPLADS-002227,7,0,Open e-Tender,785000.0,-0.0285
TND-002228,MPLADS-002228,4,0,Open e-Tender,14993000.0,-0.0121
TND-002229,MPLADS-002229,4,0,Open e-Tender,2332000.0,-0.0713
TND-002230,MPLADS-002230,6,0,Open e-Tender,1105000.0,-0.0299
TND-002231,MPLADS-002231,4,0,Open e-Tender,3315000.0,-0.0347
TND-002232,MPLADS-002232,5,0,Open e-Tender,1693000.0,-0.0123
TND-002233,MPLADS-002233,7,0,Open e-Tender,3331000.0,0.0039
TND-002234,MPLADS-002234,6,0,Open e-Tender,10715000.0,-0.0218
TND-002235,MPLADS-002235,4,0,Open e-Tender,394000.0,-0.0664
TND-002236,MPLADS-002236,7,0,Open e-Tender,1648000.0,-0.0556
TND-002237,MPLADS-002237,3,0,Open e-Tender,1336000.0,-0.0538
TND-002238,MPLADS-002238,3,0,Open e-Tender,1041000.0,-0.0142
TND-002239,MPLADS-002239,4,0,Open e-Tender,2035000.0,-0.0179
TND-002240,MPLADS-002240,5,0,Open e-Tender,1128000.0,-0.0375
TND-002241,MPLADS-002241,1,1,Single Tender Inquiry,1692000.0,-0.0047
TND-002242,MPLADS-002242,5,0,Open e-Tender,857000.0,-0.0425
TND-002243,MPLADS-002243,3,0,Open e-Tender,2112000.0,0.0154
TND-002244,MPLADS-002244,5,0,Open e-Tender,1224000.0,-0.0263
TND-002245,MPLADS-002245,4,0,Open e-Tender,13061000.0,-0.0595
TND-002246,MPLADS-002246,5,0,Open e-Tender,1853000.0,-0.0786
TND-002247,MPLADS-002247,3,0,Open e-Tender,1568000.0,0.0032
TND-002248,MPLADS-002248,3,0,Open e-Tender,662000.0,-0.0193
TND-002249,MPLADS-002249,3,0,Open e-Tender,840000.0,0.0072
TND-002250,MPLADS-002250,7,0,Open e-Tender,2295000.0,-0.0337
TND-002251,MPLADS-002251,7,0,Open e-Tender,1994000.0,-0.0704
TND-002252,MPLADS-002252,3,0,Open e-Tender,461000.0,-0.0436
TND-002253,MPLADS-002253,6,0,Open e-Tender,3078000.0,0.0082
TND-002254,MPLADS-002254,3,0,Open e-Tender,3733000.0,-0.0418
TND-002255,MPLADS-002255,5,0,Open e-Tender,3954000.0,0.0188
TND-002256,MPLADS-002256,7,0,Open e-Tender,680000.0,0.0149
TND-002257,MPLADS-002257,4,0,Open e-Tender,3035000.0,0.001
TND-002258,MPLADS-002258,4,0,Open e-Tender,1829000.0,-0.0151
TND-002259,MPLADS-002259,1,1,Single Tender Inquiry,1805000.0,0.0118
TND-002260,MPLADS-002260,6,0,Open e-Tender,8437000.0,-0.0116
TND-002261,MPLADS-002261,4,0,Open e-Tender,1734000.0,0.0134
TND-002262,MPLADS-002262,3,0,Open e-Tender,1766000.0,-0.0178
TND-002263,MPLADS-002263,4,0,Open e-Tender,647000.0,-0.0046
TND-002264,MPLADS-002264,7,0,Open e-Tender,357000.0,-0.0679
TND-002265,MPLADS-002265,6,0,Open e-Tender,1005000.0,-0.0474
TND-002266,MPLADS-002266,7,0,Open e-Tender,2355000.0,-0.064
TND-002267,MPLADS-002267,4,0,Open e-Tender,427000.0,-0.0511
TND-002268,MPLADS-002268,4,0,Open e-Tender,2286000.0,0.004
TND-002269,MPLADS-002269,4,0,Open e-Tender,1152000.0,0.0186
TND-002270,MPLADS-002270,3,0,Open e-Tender,10576000.0,0.0002
TND-002271,MPLADS-002271,6,0,Open e-Tender,2305000.0,-0.0384
TND-002272,MPLADS-002272,4,0,Open e-Tender,3100000.0,-0.0343
TND-002273,MPLADS-002273,3,0,Open e-Tender,1498000.0,-0.0477
TND-002274,MPLADS-002274,7,0,Open e-Tender,2722000.0,-0.0422
TND-002275,MPLADS-002275,7,0,Open e-Tender,1974000.0,-0.0179
TND-002276,MPLADS-002276,6,0,Open e-Tender,1615000.0,-0.0415
TND-002277,MPLADS-002277,7,0,Open e-Tender,1620000.0,-0.0067
TND-002278,MPLADS-002278,7,0,Open e-Tender,633000.0,-0.0201
TND-002279,MPLADS-002279,5,0,Open e-Tender,3659000.0,-0.0374
TND-002280,MPLADS-002280,3,0,Open e-Tender,707000.0,-0.0573
TND-002281,MPLADS-002281,6,0,Open e-Tender,2395000.0,-0.0541
TND-002282,MPLADS-002282,4,0,Open e-Tender,10058000.0,-0.0696
TND-002283,MPLADS-002283,7,0,Open e-Tender,2389000.0,0.0
TND-002284,MPLADS-002284,5,0,Open e-Tender,1510000.0,-0.0644
TND-002285,MPLADS-002285,7,0,Open e-Tender,2498000.0,0.0138
TND-002286,MPLADS-002286,7,0,Open e-Tender,1491000.0,-0.0716
TND-002287,MPLADS-002287,6,0,Open e-Tender,3800000.0,-0.0686
TND-002288,MPLADS-002288,6,0,Open e-Tender,1691000.0,-0.0293
TND-002289,MPLADS-002289,5,0,Open e-Tender,378000.0,-0.0597
TND-002290,MPLADS-002290,3,0,Open e-Tender,1815000.0,0.0022
TND-002291,MPLADS-002291,1,1,Single Tender Inquiry,3403000.0,-0.0136
TND-002292,MPLADS-002292,5,0,Open e-Tender,911000.0,-0.038
TND-002293,MPLADS-002293,4,0,Open e-Tender,1566000.0,-0.0089
TND-002294,MPLADS-002294,5,0,Open e-Tender,945000.0,-0.068
TND-002295,MPLADS-002295,3,0,Open e-Tender,2909000.0,-0.0643
TND-002296,MPLADS-002296,3,0,Open e-Tender,1907000.0,-0.0522
TND-002297,MPLADS-002297,3,0,Open e-Tender,1611000.0,-0.0147
TND-002298,MPLADS-002298,5,0,Open e-Tender,669000.0,-0.0089
TND-002299,MPLADS-002299,6,0,Open e-Tender,1173000.0,-0.0471
TND-002300,MPLADS-002300,6,0,Open e-Tender,463000.0,-0.0777
TND-002301,MPLADS-002301,5,0,Open e-Tender,914000.0,-0.0626
TND-002302,MPLADS-002302,3,0,Open e-Tender,624000.0,-0.0265
TND-002303,MPLADS-002303,6,0,Open e-Tender,1831000.0,-0.0027
TND-002304,MPLADS-002304,1,1,Single Tender Inquiry,1547000.0,-0.0681
TND-002305,MPLADS-002305,6,0,Open e-Tender,15501000.0,-0.0517
TND-002306,MPLADS-002306,6,0,Open e-Tender,3598000.0,0.0078
TND-002307,MPLADS-002307,5,0,Open e-Tender,2714000.0,-0.0066
TND-002308,MPLADS-002308,6,0,Open e-Tender,1658000.0,0.0048
TND-002309,MPLADS-002309,6,0,Open e-Tender,2661000.0,-0.0086
TND-002310,MPLADS-002310,3,0,Open e-Tender,2739000.0,-0.0162
TND-002311,MPLADS-002311,7,0,Open e-Tender,1714000.0,-0.0536
TND-002312,MPLADS-002312,5,0,Open e-Tender,2018000.0,-0.0246
TND-002313,MPLADS-002313,3,0,Open e-Tender,2603000.0,0.0124
TND-002314,MPLADS-002314,4,0,Open e-Tender,13814000.0,-0.0799
TND-002315,MPLADS-002315,6,0,Open e-Tender,575000.0,-0.0336
TND-002316,MPLADS-002316,3,0,Open e-Tender,1051000.0,-0.0269
TND-002317,MPLADS-002317,5,0,Open e-Tender,3637000.0,-0.0499
TND-002318,MPLADS-002318,5,0,Open e-Tender,2305000.0,-0.0626
TND-002319,MPLADS-002319,5,0,Open e-Tender,537000.0,-0.0462
TND-002320,MPLADS-002320,4,0,Open e-Tender,719000.0,0.0155
TND-002321,MPLADS-002321,3,0,Open e-Tender,1970000.0,0.0123
TND-002322,MPLADS-002322,5,0,Open e-Tender,1133000.0,-0.0366
TND-002323,MPLADS-002323,6,0,Open e-Tender,9673000.0,-0.0646
TND-002324,MPLADS-002324,7,0,Open e-Tender,574000.0,-0.0481
TND-002325,MPLADS-002325,7,0,Open e-Tender,1455000.0,-0.0409
TND-002326,MPLADS-002326,7,0,Open e-Tender,1937000.0,0.0173
TND-002327,MPLADS-002327,6,0,Open e-Tender,1962000.0,-0.0239
TND-002328,MPLADS-002328,5,0,Open e-Tender,464000.0,-0.0252
TND-002329,MPLADS-002329,5,0,Open e-Tender,2493000.0,0.0056
TND-002330,MPLADS-002330,5,0,Open e-Tender,10895000.0,-0.0451
TND-002331,MPLADS-002331,6,0,Open e-Tender,1527000.0,-0.0757
TND-002332,MPLADS-002332,6,0,Open e-Tender,3065000.0,-0.0751
TND-002333,MPLADS-002333,3,0,Open e-Tender,9221000.0,0.0182
TND-002334,MPLADS-002334,3,0,Open e-Tender,2211000.0,0.0101
TND-002335,MPLADS-002335,6,0,Open e-Tender,1319000.0,-0.0127
TND-002336,MPLADS-002336,7,0,Open e-Tender,1357000.0,-0.0073
TND-002337,MPLADS-002337,4,0,Open e-Tender,705000.0,0.0057
TND-002338,MPLADS-002338,7,0,Open e-Tender,1808000.0,-0.0274
TND-002339,MPLADS-002339,4,0,Open e-Tender,3849000.0,0.0081
TND-002340,MPLADS-002340,4,0,Open e-Tender,3226000.0,-0.0379
TND-002341,MPLADS-002341,5,0,Open e-Tender,13063000.0,-0.0175
TND-002342,MPLADS-002342,5,0,Open e-Tender,2146000.0,-0.0056
TND-002343,MPLADS-002343,5,0,Open e-Tender,3114000.0,0.0147
TND-002344,MPLADS-002344,6,0,Open e-Tender,957000.0,-0.0284
TND-002345,MPLADS-002345,6,0,Open e-Tender,1119000.0,-0.0328
TND-002346,MPLADS-002346,5,0,Open e-Tender,754000.0,-0.0105
TND-002347,MPLADS-002347,6,0,Open e-Tender,1808000.0,0.0118
TND-002348,MPLADS-002348,5,0,Open e-Tender,2004000.0,-0.0534
TND-002349,MPLADS-002349,5,0,Open e-Tender,14571000.0,-0.0576
TND-002350,MPLADS-002350,7,0,Open e-Tender,1408000.0,-0.0743
TND-002351,MPLADS-002351,5,0,Open e-Tender,1858000.0,-0.0318
TND-002352,MPLADS-002352,4,0,Open e-Tender,7033000.0,-0.0044
TND-002353,MPLADS-002353,3,0,Open e-Tender,3721000.0,-0.0205
TND-002354,MPLADS-002354,4,0,Open e-Tender,2622000.0,-0.0445
TND-002355,MPLADS-002355,6,0,Open e-Tender,580000.0,-0.06
TND-002356,MPLADS-002356,5,0,Open e-Tender,2127000.0,-0.0687
TND-002357,MPLADS-002357,6,0,Open e-Tender,2083000.0,-0.0668
TND-002358,MPLADS-002358,7,0,Open e-Tender,3362000.0,-0.0068
TND-002359,MPLADS-002359,3,0,Open e-Tender,1693000.0,-0.0203
TND-002360,MPLADS-002360,6,0,Open e-Tender,2302000.0,-0.0796
TND-002361,MPLADS-002361,6,0,Open e-Tender,537000.0,-0.0147
TND-002362,MPLADS-002362,5,0,Open e-Tender,11384000.0,-0.0059
TND-002363,MPLADS-002363,7,0,Open e-Tender,1230000.0,0.0033
TND-002364,MPLADS-002364,5,0,Open e-Tender,12474000.0,-0.0392
TND-002365,MPLADS-002365,7,0,Open e-Tender,433000.0,-0.0708
TND-002366,MPLADS-002366,7,0,Open e-Tender,506000.0,-0.0417
TND-002367,MPLADS-002367,3,0,Open e-Tender,9813000.0,-0.0495
TND-002368,MPLADS-002368,6,0,Open e-Tender,2442000.0,-0.055
TND-002369,MPLADS-002369,6,0,Open e-Tender,1763000.0,-0.0096
TND-002370,MPLADS-002370,5,0,Open e-Tender,2287000.0,-0.0612
TND-002371,MPLADS-002371,1,1,Single Tender Inquiry,2695000.0,-0.061
TND-002372,MPLADS-002372,5,0,Open e-Tender,3541000.0,-0.0164
TND-002373,MPLADS-002373,3,0,Open e-Tender,1429000.0,-0.0592
TND-002374,MPLADS-002374,5,0,Open e-Tender,2182000.0,-0.075
TND-002375,MPLADS-002375,4,0,Open e-Tender,662000.0,-0.0475
TND-002376,MPLADS-002376,3,0,Open e-Tender,2278000.0,-0.0151
TND-002377,MPLADS-002377,4,0,Open e-Tender,442000.0,-0.0156
TND-002378,MPLADS-002378,6,0,Open e-Tender,1496000.0,0.0142
TND-002379,MPLADS-002379,6,0,Open e-Tender,1900000.0,-0.058
TND-002380,MPLADS-002380,5,0,Open e-Tender,3397000.0,-0.0023
TND-002381,MPLADS-002381,5,0,Open e-Tender,577000.0,-0.0154
TND-002382,MPLADS-002382,3,0,Open e-Tender,663000.0,-0.0221
TND-002383,MPLADS-002383,5,0,Open e-Tender,2887000.0,-0.0678
TND-002384,MPLADS-002384,3,0,Open e-Tender,3444000.0,0.0189
TND-002385,MPLADS-002385,7,0,Open e-Tender,2389000.0,-0.0308
TND-002386,MPLADS-002386,5,0,Open e-Tender,965000.0,-0.0694
TND-002387,MPLADS-002387,3,0,Open e-Tender,600000.0,0.0204
TND-002388,MPLADS-002388,5,0,Open e-Tender,3634000.0,-0.0689
TND-002389,MPLADS-002389,7,0,Open e-Tender,2106000.0,-0.0657
TND-002390,MPLADS-002390,6,0,Open e-Tender,2298000.0,0.0195
TND-002391,MPLADS-002391,5,0,Open e-Tender,9704000.0,-0.0349
TND-002392,MPLADS-002392,6,0,Open e-Tender,694000.0,-0.0545
TND-002393,MPLADS-002393,4,0,Open e-Tender,724000.0,-0.0536
TND-002394,MPLADS-002394,7,0,Open e-Tender,1614000.0,0.0183
TND-002395,MPLADS-002395,4,0,Open e-Tender,3594000.0,-0.014
TND-002396,MPLADS-002396,6,0,Open e-Tender,2444000.0,-0.0016
TND-002397,MPLADS-002397,5,0,Open e-Tender,1963000.0,-0.0377
TND-002398,MPLADS-002398,3,0,Open e-Tender,1748000.0,-0.0185
TND-002399,MPLADS-002399,7,0,Open e-Tender,2259000.0,-0.0259
TND-002400,MPLADS-002400,5,0,Open e-Tender,1740000.0,-0.0349
TND-002401,MPLADS-002401,4,0,Open e-Tender,2171000.0,-0.0325
TND-002402,MPLADS-002402,3,0,Open e-Tender,2763000.0,-0.0466
TND-002403,MPLADS-002403,3,0,Open e-Tender,2404000.0,0.0195
TND-002404,MPLADS-002404,3,0,Open e-Tender,505000.0,-0.0578
TND-002405,MPLADS-002405,5,0,Open e-Tender,2117000.0,-0.0498
TND-002406,MPLADS-002406,5,0,Open e-Tender,572000.0,-0.037
TND-002407,MPLADS-002407,3,0,Open e-Tender,804000.0,-0.0585
TND-002408,MPLADS-002408,6,0,Open e-Tender,2336000.0,-0.0477
TND-002409,MPLADS-002409,1,1,Single Tender Inquiry,1832000.0,0.0155
TND-002410,MPLADS-002410,5,0,Open e-Tender,1572000.0,-0.0025
TND-002411,MPLADS-002411,4,0,Open e-Tender,11660000.0,-0.0546
TND-002412,MPLADS-002412,4,0,Open e-Tender,3060000.0,-0.0616
TND-002413,MPLADS-002413,7,0,Open e-Tender,1530000.0,-0.0091
TND-002414,MPLADS-002414,4,0,Open e-Tender,488000.0,-0.024
TND-002415,MPLADS-002415,1,1,Single Tender Inquiry,12176000.0,-0.0212
TND-002416,MPLADS-002416,3,0,Open e-Tender,14538000.0,-0.0055
TND-002417,MPLADS-002417,5,0,Open e-Tender,13676000.0,-0.0187
TND-002418,MPLADS-002418,4,0,Open e-Tender,383000.0,-0.059
TND-002419,MPLADS-002419,4,0,Open e-Tender,947000.0,-0.0125
TND-002420,MPLADS-002420,7,0,Open e-Tender,2047000.0,-0.0771
TND-002421,MPLADS-002421,4,0,Open e-Tender,6962000.0,-0.0251
TND-002422,MPLADS-002422,1,1,Single Tender Inquiry,1470000.0,-0.0528
TND-002423,MPLADS-002423,7,0,Open e-Tender,768000.0,-0.0078
TND-002424,MPLADS-002424,6,0,Open e-Tender,1766000.0,-0.0045
TND-002425,MPLADS-002425,4,0,Open e-Tender,9879000.0,-0.0167
TND-002426,MPLADS-002426,3,0,Open e-Tender,3441000.0,-0.0255
TND-002427,MPLADS-002427,5,0,Open e-Tender,2133000.0,0.0109
TND-002428,MPLADS-002428,5,0,Open e-Tender,600000.0,0.0033
TND-002429,MPLADS-002429,5,0,Open e-Tender,2623000.0,-0.0751
TND-002430,MPLADS-002430,4,0,Open e-Tender,2284000.0,-0.021
TND-002431,MPLADS-002431,1,1,Single Tender Inquiry,3284000.0,-0.0569
TND-002432,MPLADS-002432,3,0,Open e-Tender,1320000.0,-0.0083
TND-002433,MPLADS-002433,3,0,Open e-Tender,2691000.0,-0.0282
TND-002434,MPLADS-002434,7,0,Open e-Tender,10859000.0,-0.0328
TND-002435,MPLADS-002435,4,0,Open e-Tender,10094000.0,-0.0473
TND-002436,MPLADS-002436,4,0,Open e-Tender,1866000.0,-0.0011
TND-002437,MPLADS-002437,6,0,Open e-Tender,1769000.0,-0.0719
TND-002438,MPLADS-002438,6,0,Open e-Tender,509000.0,-0.002
TND-002439,MPLADS-002439,3,0,Open e-Tender,4461000.0,0.0199
TND-002440,MPLADS-002440,6,0,Open e-Tender,3925000.0,-0.0547
TND-002441,MPLADS-002441,6,0,Open e-Tender,1139000.0,-0.007
TND-002442,MPLADS-002442,5,0,Open e-Tender,1654000.0,0.0172
TND-002443,MPLADS-002443,3,0,Open e-Tender,632000.0,-0.0094
TND-002444,MPLADS-002444,5,0,Open e-Tender,665000.0,-0.0278
TND-002445,MPLADS-002445,7,0,Open e-Tender,15920000.0,0.0165
TND-002446,MPLADS-002446,6,0,Open e-Tender,2822000.0,-0.007
TND-002447,MPLADS-002447,1,1,Single Tender Inquiry,1356000.0,-0.0216
TND-002448,MPLADS-002448,1,1,Single Tender Inquiry,1595000.0,-0.0545
TND-002449,MPLADS-002449,7,0,Open e-Tender,1483000.0,-0.0632
TND-002450,MPLADS-002450,6,0,Open e-Tender,1942000.0,-0.0072
TND-002451,MPLADS-002451,3,0,Open e-Tender,554000.0,-0.0281
TND-002452,MPLADS-002452,7,0,Open e-Tender,2675000.0,-0.0731
TND-002453,MPLADS-002453,4,0,Open e-Tender,2095000.0,-0.0537
TND-002454,MPLADS-002454,3,0,Open e-Tender,3290000.0,0.0043
TND-002455,MPLADS-002455,5,0,Open e-Tender,5711000.0,-0.0277
TND-002456,MPLADS-002456,5,0,Open e-Tender,449000.0,-0.011
TND-002457,MPLADS-002457,3,0,Open e-Tender,12633000.0,-0.0274
TND-002458,MPLADS-002458,7,0,Open e-Tender,3197000.0,0.0035
TND-002459,MPLADS-002459,6,0,Open e-Tender,3204000.0,-0.0235
TND-002460,MPLADS-002460,5,0,Open e-Tender,607000.0,-0.0575
TND-002461,MPLADS-002461,5,0,Open e-Tender,495000.0,-0.0499
TND-002462,MPLADS-002462,7,0,Open e-Tender,2801000.0,0.0011
TND-002463,MPLADS-002463,6,0,Open e-Tender,2615000.0,-0.0275
TND-002464,MPLADS-002464,7,0,Open e-Tender,1325000.0,-0.0481
TND-002465,MPLADS-002465,7,0,Open e-Tender,3890000.0,-0.0177
TND-002466,MPLADS-002466,4,0,Open e-Tender,3683000.0,-0.0145
TND-002467,MPLADS-002467,3,0,Open e-Tender,1666000.0,-0.0588
TND-002468,MPLADS-002468,5,0,Open e-Tender,1047000.0,0.0195
TND-002469,MPLADS-002469,3,0,Open e-Tender,434000.0,-0.0114
TND-002470,MPLADS-002470,4,0,Open e-Tender,3484000.0,-0.0525
TND-002471,MPLADS-002471,5,0,Open e-Tender,2274000.0,-0.0572
TND-002472,MPLADS-002472,4,0,Open e-Tender,1939000.0,-0.066
TND-002473,MPLADS-002473,4,0,Open e-Tender,2634000.0,-0.0157
TND-002474,MPLADS-002474,7,0,Open e-Tender,2167000.0,-0.0525
TND-002475,MPLADS-002475,4,0,Open e-Tender,2960000.0,-0.0706
TND-002476,MPLADS-002476,6,0,Open e-Tender,3071000.0,-0.0469
TND-002477,MPLADS-002477,1,1,Single Tender Inquiry,1961000.0,-0.0476
TND-002478,MPLADS-002478,6,0,Open e-Tender,1753000.0,0.0006
TND-002479,MPLADS-002479,6,0,Open e-Tender,2250000.0,-0.0097
TND-002480,MPLADS-002480,4,0,Open e-Tender,9885000.0,-0.0476
TND-002481,MPLADS-002481,7,0,Open e-Tender,1505000.0,-0.0594
TND-002482,MPLADS-002482,6,0,Open e-Tender,2484000.0,-0.0056
TND-002483,MPLADS-002483,7,0,Open e-Tender,67773000.0,-0.0004
TND-002484,MPLADS-002484,7,0,Open e-Tender,13039000.0,-0.0529
TND-002485,MPLADS-002485,3,0,Open e-Tender,2275000.0,-0.0013
TND-002486,MPLADS-002486,4,0,Open e-Tender,3687000.0,-0.0381
TND-002487,MPLADS-002487,5,0,Open e-Tender,2546000.0,0.0196
TND-002488,MPLADS-002488,3,0,Open e-Tender,1917000.0,-0.0254
TND-002489,MPLADS-002489,5,0,Open e-Tender,12844000.0,0.0156
TND-002490,MPLADS-002490,5,0,Open e-Tender,2712000.0,0.0089
TND-002491,MPLADS-002491,6,0,Open e-Tender,644000.0,-0.0031
TND-002492,MPLADS-002492,3,0,Open e-Tender,2044000.0,0.0179
TND-002493,MPLADS-002493,3,0,Open e-Tender,3469000.0,0.0093
TND-002494,MPLADS-002494,6,0,Open e-Tender,2922000.0,-0.0385
TND-002495,MPLADS-002495,4,0,Open e-Tender,3245000.0,-0.0744
TND-002496,MPLADS-002496,3,0,Open e-Tender,14321000.0,-0.0627
TND-002497,MPLADS-002497,7,0,Open e-Tender,559000.0,-0.0089
TND-002498,MPLADS-002498,6,0,Open e-Tender,449000.0,0.0181
TND-002499,MPLADS-002499,6,0,Open e-Tender,3091000.0,-0.0003
TND-002500,MPLADS-002500,5,0,Open e-Tender,2229000.0,-0.0102
TND-002501,MPLADS-002501,6,0,Open e-Tender,1640000.0,-0.0307
TND-002502,MPLADS-002502,3,0,Open e-Tender,2299000.0,-0.0715
TND-002503,MPLADS-002503,5,0,Open e-Tender,2228000.0,-0.0744
TND-002504,MPLADS-002504,6,0,Open e-Tender,9322000.0,-0.0152
TND-002505,MPLADS-002505,6,0,Open e-Tender,383000.0,-0.0613
TND-002506,MPLADS-002506,5,0,Open e-Tender,1868000.0,-0.046
TND-002507,MPLADS-002507,4,0,Open e-Tender,2262000.0,-0.0212
TND-002508,MPLADS-002508,4,0,Open e-Tender,907000.0,0.0134
TND-002509,MPLADS-002509,7,0,Open e-Tender,2371000.0,-0.0215
TND-002510,MPLADS-002510,4,0,Open e-Tender,2711000.0,-0.0124
TND-002511,MPLADS-002511,5,0,Open e-Tender,3399000.0,-0.0266
TND-002512,MPLADS-002512,6,0,Open e-Tender,2162000.0,-0.0757
TND-002513,MPLADS-002513,7,0,Open e-Tender,496000.0,-0.0534
TND-002514,MPLADS-002514,7,0,Open e-Tender,502000.0,-0.0233
TND-002515,MPLADS-002515,6,0,Open e-Tender,1700000.0,-0.039
TND-002516,MPLADS-002516,5,0,Open e-Tender,3312000.0,0.0156
TND-002517,MPLADS-002517,3,0,Open e-Tender,9650000.0,0.0042
TND-002518,MPLADS-002518,5,0,Open e-Tender,741000.0,-0.0414
TND-002519,MPLADS-002519,4,0,Open e-Tender,1060000.0,-0.045
TND-002520,MPLADS-002520,7,0,Open e-Tender,358000.0,-0.011
TND-002521,MPLADS-002521,7,0,Open e-Tender,1640000.0,0.0024
TND-002522,MPLADS-002522,7,0,Open e-Tender,13116000.0,-0.0406
TND-002523,MPLADS-002523,1,1,Single Tender Inquiry,2292000.0,-0.0309
TND-002524,MPLADS-002524,1,1,Single Tender Inquiry,2840000.0,-0.035
TND-002525,MPLADS-002525,6,0,Open e-Tender,1589000.0,-0.0669
TND-002526,MPLADS-002526,5,0,Open e-Tender,1871000.0,-0.0106
TND-002527,MPLADS-002527,6,0,Open e-Tender,2615000.0,-0.018
TND-002528,MPLADS-002528,5,0,Open e-Tender,2978000.0,-0.076
TND-002529,MPLADS-002529,4,0,Open e-Tender,1125000.0,0.0126
TND-002530,MPLADS-002530,4,0,Open e-Tender,1679000.0,-0.0734
TND-002531,MPLADS-002531,7,0,Open e-Tender,2588000.0,-0.0376
TND-002532,MPLADS-002532,4,0,Open e-Tender,2141000.0,-0.0233
TND-002533,MPLADS-002533,4,0,Open e-Tender,1665000.0,-0.0348
TND-002534,MPLADS-002534,6,0,Open e-Tender,2491000.0,-0.0723
TND-002535,MPLADS-002535,5,0,Open e-Tender,1016000.0,-0.0653
TND-002536,MPLADS-002536,3,0,Open e-Tender,8560000.0,-0.0472
TND-002537,MPLADS-002537,5,0,Open e-Tender,9134000.0,-0.0007
TND-002538,MPLADS-002538,3,0,Open e-Tender,3000000.0,-0.026
TND-002539,MPLADS-002539,6,0,Open e-Tender,3282000.0,-0.0123
TND-002540,MPLADS-002540,6,0,Open e-Tender,978000.0,-0.002
TND-002541,MPLADS-002541,5,0,Open e-Tender,3969000.0,-0.0534
TND-002542,MPLADS-002542,4,0,Open e-Tender,16258000.0,-0.0302
TND-002543,MPLADS-002543,5,0,Open e-Tender,12366000.0,-0.0447
TND-002544,MPLADS-002544,4,0,Open e-Tender,644000.0,-0.0077
TND-002545,MPLADS-002545,5,0,Open e-Tender,2591000.0,-0.0488
TND-002546,MPLADS-002546,5,0,Open e-Tender,741000.0,-0.0714
TND-002547,MPLADS-002547,5,0,Open e-Tender,2063000.0,-0.0301
TND-002548,MPLADS-002548,5,0,Open e-Tender,1338000.0,0.0053
TND-002549,MPLADS-002549,1,1,Single Tender Inquiry,1844000.0,0.0027
TND-002550,MPLADS-002550,7,0,Open e-Tender,1518000.0,-0.0542
TND-002551,MPLADS-002551,6,0,Open e-Tender,2275000.0,-0.0473
TND-002552,MPLADS-002552,3,0,Open e-Tender,1301000.0,-0.0291
TND-002553,MPLADS-002553,7,0,Open e-Tender,3575000.0,-0.0705
TND-002554,MPLADS-002554,7,0,Open e-Tender,1159000.0,0.0087
TND-002555,MPLADS-002555,6,0,Open e-Tender,1484000.0,0.0034
TND-002556,MPLADS-002556,7,0,Open e-Tender,9034000.0,-0.0609
TND-002557,MPLADS-002557,6,0,Open e-Tender,1872000.0,-0.0801
TND-002558,MPLADS-002558,3,0,Open e-Tender,2155000.0,-0.0418
TND-002559,MPLADS-002559,3,0,Open e-Tender,743000.0,-0.0133
TND-002560,MPLADS-002560,5,0,Open e-Tender,3057000.0,-0.0304
TND-002561,MPLADS-002561,3,0,Open e-Tender,3142000.0,-0.001
TND-002562,MPLADS-002562,5,0,Open e-Tender,14791000.0,-0.0011
TND-002563,MPLADS-002563,7,0,Open e-Tender,486000.0,-0.0526
TND-002564,MPLADS-002564,6,0,Open e-Tender,11495000.0,0.0169
TND-002565,MPLADS-002565,5,0,Open e-Tender,65377000.0,-0.0577
TND-002566,MPLADS-002566,7,0,Open e-Tender,2496000.0,-0.0091
TND-002567,MPLADS-002567,7,0,Open e-Tender,1365000.0,0.0179
TND-002568,MPLADS-002568,6,0,Open e-Tender,10223000.0,-0.0734
TND-002569,MPLADS-002569,5,0,Open e-Tender,561000.0,0.0163
TND-002570,MPLADS-002570,5,0,Open e-Tender,924000.0,-0.0222
TND-002571,MPLADS-002571,3,0,Open e-Tender,3552000.0,-0.0721
TND-002572,MPLADS-002572,4,0,Open e-Tender,509000.0,-0.0323
TND-002573,MPLADS-002573,3,0,Open e-Tender,1379000.0,-0.0739
TND-002574,MPLADS-002574,3,0,Open e-Tender,1416000.0,0.0136
TND-002575,MPLADS-002575,5,0,Open e-Tender,2240000.0,0.0108
TND-002576,MPLADS-002576,4,0,Open e-Tender,2219000.0,-0.075
TND-002577,MPLADS-002577,5,0,Open e-Tender,12682000.0,-0.0081
TND-002578,MPLADS-002578,3,0,Open e-Tender,3027000.0,-0.0794
TND-002579,MPLADS-002579,7,0,Open e-Tender,2403000.0,-0.0135
TND-002580,MPLADS-002580,7,0,Open e-Tender,1745000.0,-0.0673
TND-002581,MPLADS-002581,4,0,Open e-Tender,1532000.0,-0.0502
TND-002582,MPLADS-002582,7,0,Open e-Tender,3860000.0,0.0193
TND-002583,MPLADS-002583,4,0,Open e-Tender,15457000.0,-0.0771
TND-002584,MPLADS-002584,5,0,Open e-Tender,14736000.0,-0.0752
TND-002585,MPLADS-002585,4,0,Open e-Tender,2785000.0,-0.0732
TND-002586,MPLADS-002586,3,0,Open e-Tender,1121000.0,0.0099
TND-002587,MPLADS-002587,3,0,Open e-Tender,9308000.0,-0.0349
TND-002588,MPLADS-002588,3,0,Open e-Tender,617000.0,-0.0637
TND-002589,MPLADS-002589,3,0,Open e-Tender,14142000.0,-0.0186
TND-002590,MPLADS-002590,3,0,Open e-Tender,364000.0,-0.0421
TND-002591,MPLADS-002591,5,0,Open e-Tender,12871000.0,-0.0563
TND-002592,MPLADS-002592,5,0,Open e-Tender,449000.0,-0.0344
TND-002593,MPLADS-002593,5,0,Open e-Tender,1672000.0,-0.0505
TND-002594,MPLADS-002594,7,0,Open e-Tender,2607000.0,-0.0095
TND-002595,MPLADS-002595,7,0,Open e-Tender,625000.0,-0.0458
TND-002596,MPLADS-002596,3,0,Open e-Tender,2806000.0,0.0094
TND-002597,MPLADS-002597,6,0,Open e-Tender,922000.0,-0.0032
TND-002598,MPLADS-002598,3,0,Open e-Tender,2948000.0,-0.0196
TND-002599,MPLADS-002599,6,0,Open e-Tender,2150000.0,0.0194
TND-002600,MPLADS-002600,6,0,Open e-Tender,15607000.0,-0.0544
TND-002601,MPLADS-002601,7,0,Open e-Tender,4068000.0,-0.0224
TND-002602,MPLADS-002602,7,0,Open e-Tender,1110000.0,0.0
TND-002603,MPLADS-002603,3,0,Open e-Tender,3234000.0,-0.053
TND-002604,MPLADS-002604,4,0,Open e-Tender,11448000.0,0.0085
TND-002605,MPLADS-002605,1,1,Single Tender Inquiry,2687000.0,-0.0136
TND-002606,MPLADS-002606,7,0,Open e-Tender,643000.0,-0.0613
TND-002607,MPLADS-002607,4,0,Open e-Tender,6092000.0,0.0021
TND-002608,MPLADS-002608,6,0,Open e-Tender,1432000.0,-0.0259
TND-002609,MPLADS-002609,7,0,Open e-Tender,14948000.0,-0.0458
TND-002610,MPLADS-002610,4,0,Open e-Tender,565000.0,-0.0259
TND-002611,MPLADS-002611,5,0,Open e-Tender,1094000.0,0.012
TND-002612,MPLADS-002612,4,0,Open e-Tender,13921000.0,-0.0368
TND-002613,MPLADS-002613,1,1,Single Tender Inquiry,3061000.0,-0.001
TND-002614,MPLADS-002614,1,1,Single Tender Inquiry,1105000.0,-0.0491
TND-002615,MPLADS-002615,3,0,Open e-Tender,618000.0,-0.0762
TND-002616,MPLADS-002616,6,0,Open e-Tender,865000.0,-0.0778
TND-002617,MPLADS-002617,5,0,Open e-Tender,1619000.0,-0.0092
TND-002618,MPLADS-002618,5,0,Open e-Tender,2657000.0,-0.0221
TND-002619,MPLADS-002619,4,0,Open e-Tender,2058000.0,0.0178
TND-002620,MPLADS-002620,5,0,Open e-Tender,2020000.0,-0.0472
TND-002621,MPLADS-002621,3,0,Open e-Tender,1722000.0,-0.0205
TND-002622,MPLADS-002622,4,0,Open e-Tender,923000.0,-0.0355
TND-002623,MPLADS-002623,5,0,Open e-Tender,1483000.0,-0.0584
TND-002624,MPLADS-002624,7,0,Open e-Tender,3411000.0,0.0128
TND-002625,MPLADS-002625,7,0,Open e-Tender,1067000.0,-0.0084
TND-002626,MPLADS-002626,4,0,Open e-Tender,14574000.0,-0.0344
TND-002627,MPLADS-002627,7,0,Open e-Tender,1423000.0,-0.0104
TND-002628,MPLADS-002628,5,0,Open e-Tender,1628000.0,-0.0018
TND-002629,MPLADS-002629,7,0,Open e-Tender,2896000.0,-0.0762
TND-002630,MPLADS-002630,5,0,Open e-Tender,3386000.0,-0.034
TND-002631,MPLADS-002631,4,0,Open e-Tender,12950000.0,-0.0186
TND-002632,MPLADS-002632,7,0,Open e-Tender,1067000.0,-0.0473
TND-002633,MPLADS-002633,7,0,Open e-Tender,3221000.0,-0.0144
TND-002634,MPLADS-002634,7,0,Open e-Tender,16136000.0,-0.0115
TND-002635,MPLADS-002635,6,0,Open e-Tender,1781000.0,0.0023
TND-002636,MPLADS-002636,3,0,Open e-Tender,10692000.0,-0.0417
TND-002637,MPLADS-002637,6,0,Open e-Tender,1773000.0,-0.0056
TND-002638,MPLADS-002638,7,0,Open e-Tender,1972000.0,-0.039
TND-002639,MPLADS-002639,4,0,Open e-Tender,900000.0,-0.0683
TND-002640,MPLADS-002640,6,0,Open e-Tender,598000.0,-0.0181
TND-002641,MPLADS-002641,5,0,Open e-Tender,644000.0,-0.0571
TND-002642,MPLADS-002642,4,0,Open e-Tender,396000.0,-0.066
TND-002643,MPLADS-002643,3,0,Open e-Tender,365000.0,-0.0188
TND-002644,MPLADS-002644,7,0,Open e-Tender,1612000.0,-0.0324
TND-002645,MPLADS-002645,3,0,Open e-Tender,2988000.0,0.0188
TND-002646,MPLADS-002646,7,0,Open e-Tender,686000.0,-0.0029
TND-002647,MPLADS-002647,5,0,Open e-Tender,450000.0,-0.0546
TND-002648,MPLADS-002648,4,0,Open e-Tender,3019000.0,-0.0003
TND-002649,MPLADS-002649,4,0,Open e-Tender,2192000.0,-0.0461
TND-002650,MPLADS-002650,5,0,Open e-Tender,12638000.0,-0.0437
TND-002651,MPLADS-002651,5,0,Open e-Tender,800000.0,0.0076
TND-002652,MPLADS-002652,7,0,Open e-Tender,1922000.0,0.0016
TND-002653,MPLADS-002653,6,0,Open e-Tender,9285000.0,-0.0787
TND-002654,MPLADS-002654,6,0,Open e-Tender,17629000.0,0.002
TND-002655,MPLADS-002655,6,0,Open e-Tender,2067000.0,-0.0752
TND-002656,MPLADS-002656,3,0,Open e-Tender,1710000.0,-0.035
TND-002657,MPLADS-002657,3,0,Open e-Tender,2014000.0,-0.0637
TND-002658,MPLADS-002658,5,0,Open e-Tender,2182000.0,-0.0542
TND-002659,MPLADS-002659,4,0,Open e-Tender,648000.0,-0.0581
TND-002660,MPLADS-002660,5,0,Open e-Tender,671000.0,-0.0147
TND-002661,MPLADS-002661,5,0,Open e-Tender,2497000.0,-0.0524
TND-002662,MPLADS-002662,5,0,Open e-Tender,3435000.0,-0.0043
TND-002663,MPLADS-002663,5,0,Open e-Tender,2337000.0,0.0143
TND-002664,MPLADS-002664,6,0,Open e-Tender,700000.0,0.0101
TND-002665,MPLADS-002665,4,0,Open e-Tender,2652000.0,-0.0149
TND-002666,MPLADS-002666,7,0,Open e-Tender,1072000.0,-0.0411
TND-002667,MPLADS-002667,7,0,Open e-Tender,1188000.0,0.0008
TND-002668,MPLADS-002668,3,0,Open e-Tender,2262000.0,0.013
TND-002669,MPLADS-002669,6,0,Open e-Tender,2044000.0,-0.0304
TND-002670,MPLADS-002670,5,0,Open e-Tender,2889000.0,-0.0611
TND-002671,MPLADS-002671,4,0,Open e-Tender,1453000.0,-0.0196
TND-002672,MPLADS-002672,5,0,Open e-Tender,2881000.0,-0.0309
TND-002673,MPLADS-002673,6,0,Open e-Tender,15078000.0,0.0017
TND-002674,MPLADS-002674,7,0,Open e-Tender,1689000.0,-0.057
TND-002675,MPLADS-002675,7,0,Open e-Tender,2907000.0,-0.054
TND-002676,MPLADS-002676,7,0,Open e-Tender,7841000.0,-0.0161
TND-002677,MPLADS-002677,1,1,Single Tender Inquiry,7787000.0,-0.0754
TND-002678,MPLADS-002678,4,0,Open e-Tender,967000.0,-0.0426
TND-002679,MPLADS-002679,5,0,Open e-Tender,10841000.0,-0.0137
TND-002680,MPLADS-002680,6,0,Open e-Tender,337000.0,-0.0426
TND-002681,MPLADS-002681,4,0,Open e-Tender,1378000.0,-0.0185
TND-002682,MPLADS-002682,5,0,Open e-Tender,2469000.0,-0.0233
TND-002683,MPLADS-002683,5,0,Open e-Tender,2564000.0,-0.0663
TND-002684,MPLADS-002684,7,0,Open e-Tender,2614000.0,-0.0707
TND-002685,MPLADS-002685,6,0,Open e-Tender,1735000.0,-0.0662
TND-002686,MPLADS-002686,3,0,Open e-Tender,1215000.0,-0.0471
TND-002687,MPLADS-002687,5,0,Open e-Tender,1911000.0,-0.0245
TND-002688,MPLADS-002688,4,0,Open e-Tender,3138000.0,-0.0497
TND-002689,MPLADS-002689,5,0,Open e-Tender,1092000.0,-0.0036
TND-002690,MPLADS-002690,3,0,Open e-Tender,1468000.0,0.0069
TND-002691,MPLADS-002691,7,0,Open e-Tender,2427000.0,0.0108
TND-002692,MPLADS-002692,5,0,Open e-Tender,2466000.0,-0.0792
TND-002693,MPLADS-002693,5,0,Open e-Tender,420000.0,-0.0141
TND-002694,MPLADS-002694,4,0,Open e-Tender,1656000.0,-0.0602
TND-002695,MPLADS-002695,4,0,Open e-Tender,823000.0,-0.0763
TND-002696,MPLADS-002696,4,0,Open e-Tender,506000.0,-0.0681
TND-002697,MPLADS-002697,6,0,Open e-Tender,2026000.0,-0.0559
TND-002698,MPLADS-002698,7,0,Open e-Tender,3283000.0,-0.0476
TND-002699,MPLADS-002699,1,1,Single Tender Inquiry,3093000.0,-0.067
TND-002700,MPLADS-002700,6,0,Open e-Tender,1129000.0,0.0144
TND-002701,MPLADS-002701,4,0,Open e-Tender,2876000.0,-0.0307
TND-002702,MPLADS-002702,4,0,Open e-Tender,840000.0,-0.0646
TND-002703,MPLADS-002703,6,0,Open e-Tender,1217000.0,-0.0372
TND-002704,MPLADS-002704,7,0,Open e-Tender,3852000.0,-0.0307
TND-002705,MPLADS-002705,6,0,Open e-Tender,368000.0,-0.0636
TND-002706,MPLADS-002706,4,0,Open e-Tender,2056000.0,-0.032
TND-002707,MPLADS-002707,6,0,Open e-Tender,3583000.0,-0.0578
TND-002708,MPLADS-002708,5,0,Open e-Tender,686000.0,-0.0029
TND-002709,MPLADS-002709,3,0,Open e-Tender,2394000.0,-0.0004
TND-002710,MPLADS-002710,4,0,Open e-Tender,9345000.0,-0.054
TND-002711,MPLADS-002711,4,0,Open e-Tender,552000.0,-0.0612
TND-002712,MPLADS-002712,6,0,Open e-Tender,2121000.0,-0.0221
TND-002713,MPLADS-002713,3,0,Open e-Tender,1288000.0,0.0078
TND-002714,MPLADS-002714,7,0,Open e-Tender,1527000.0,-0.0052
TND-002715,MPLADS-002715,4,0,Open e-Tender,2151000.0,-0.0516
TND-002716,MPLADS-002716,5,0,Open e-Tender,5840000.0,-0.0774
TND-002717,MPLADS-002717,3,0,Open e-Tender,1561000.0,-0.0151
TND-002718,MPLADS-002718,4,0,Open e-Tender,3051000.0,-0.0088
TND-002719,MPLADS-002719,6,0,Open e-Tender,3408000.0,-0.0139
TND-002720,MPLADS-002720,3,0,Open e-Tender,2376000.0,-0.0635
TND-002721,MPLADS-002721,6,0,Open e-Tender,2559000.0,-0.0678
TND-002722,MPLADS-002722,5,0,Open e-Tender,1113000.0,-0.0027
TND-002723,MPLADS-002723,3,0,Open e-Tender,1635000.0,-0.0603
TND-002724,MPLADS-002724,4,0,Open e-Tender,1528000.0,-0.045
TND-002725,MPLADS-002725,4,0,Open e-Tender,1553000.0,-0.0115
TND-002726,MPLADS-002726,4,0,Open e-Tender,823000.0,-0.0214
TND-002727,MPLADS-002727,5,0,Open e-Tender,56482000.0,-0.0666
TND-002728,MPLADS-002728,7,0,Open e-Tender,2582000.0,-0.0326
TND-002729,MPLADS-002729,3,0,Open e-Tender,2114000.0,-0.0596
TND-002730,MPLADS-002730,3,0,Open e-Tender,11819000.0,-0.0638
TND-002731,MPLADS-002731,5,0,Open e-Tender,1468000.0,-0.0738
TND-002732,MPLADS-002732,1,1,Single Tender Inquiry,3008000.0,-0.0679
TND-002733,MPLADS-002733,7,0,Open e-Tender,17021000.0,0.0012
TND-002734,MPLADS-002734,5,0,Open e-Tender,11704000.0,0.0101
TND-002735,MPLADS-002735,4,0,Open e-Tender,12114000.0,-0.0476
TND-002736,MPLADS-002736,5,0,Open e-Tender,1292000.0,0.0086
TND-002737,MPLADS-002737,5,0,Open e-Tender,15211000.0,-0.0173
TND-002738,MPLADS-002738,6,0,Open e-Tender,1581000.0,0.0025
TND-002739,MPLADS-002739,4,0,Open e-Tender,12701000.0,-0.0062
TND-002740,MPLADS-002740,3,0,Open e-Tender,12643000.0,-0.0609
TND-002741,MPLADS-002741,6,0,Open e-Tender,2094000.0,-0.0656
TND-002742,MPLADS-002742,6,0,Open e-Tender,2087000.0,-0.0382
TND-002743,MPLADS-002743,4,0,Open e-Tender,1309000.0,-0.0068
TND-002744,MPLADS-002744,3,0,Open e-Tender,2417000.0,-0.0238
TND-002745,MPLADS-002745,6,0,Open e-Tender,12449000.0,-0.0251
TND-002746,MPLADS-002746,4,0,Open e-Tender,2265000.0,0.0184
TND-002747,MPLADS-002747,4,0,Open e-Tender,1019000.0,0.018
TND-002748,MPLADS-002748,3,0,Open e-Tender,1792000.0,-0.0473
TND-002749,MPLADS-002749,6,0,Open e-Tender,560000.0,-0.0018
TND-002750,MPLADS-002750,5,0,Open e-Tender,2062000.0,-0.0737
TND-002751,MPLADS-002751,4,0,Open e-Tender,1006000.0,-0.0419
TND-002752,MPLADS-002752,3,0,Open e-Tender,1563000.0,-0.0607
TND-002753,MPLADS-002753,5,0,Open e-Tender,1522000.0,-0.0434
TND-002754,MPLADS-002754,5,0,Open e-Tender,462000.0,-0.0667
TND-002755,MPLADS-002755,5,0,Open e-Tender,894000.0,0.0068
TND-002756,MPLADS-002756,6,0,Open e-Tender,3338000.0,-0.0339
TND-002757,MPLADS-002757,5,0,Open e-Tender,1419000.0,0.0128
TND-002758,MPLADS-002758,7,0,Open e-Tender,2740000.0,-0.0176
TND-002759,MPLADS-002759,6,0,Open e-Tender,8675000.0,-0.0707
TND-002760,MPLADS-002760,3,0,Open e-Tender,1829000.0,-0.0135
TND-002761,MPLADS-002761,5,0,Open e-Tender,1985000.0,-0.025
TND-002762,MPLADS-002762,7,0,Open e-Tender,1403000.0,0.0094
TND-002763,MPLADS-002763,4,0,Open e-Tender,723000.0,-0.0499
TND-002764,MPLADS-002764,1,1,Single Tender Inquiry,375000.0,-0.0385
TND-002765,MPLADS-002765,7,0,Open e-Tender,3233000.0,-0.0015
TND-002766,MPLADS-002766,5,0,Open e-Tender,961000.0,0.0126
TND-002767,MPLADS-002767,5,0,Open e-Tender,8015000.0,-0.0606
TND-002768,MPLADS-002768,3,0,Open e-Tender,8727000.0,-0.0702
TND-002769,MPLADS-002769,4,0,Open e-Tender,686000.0,-0.0472
TND-002770,MPLADS-002770,3,0,Open e-Tender,2056000.0,-0.049
TND-002771,MPLADS-002771,4,0,Open e-Tender,2301000.0,-0.0271
TND-002772,MPLADS-002772,7,0,Open e-Tender,2108000.0,-0.0075
TND-002773,MPLADS-002773,7,0,Open e-Tender,1990000.0,-0.0587
TND-002774,MPLADS-002774,7,0,Open e-Tender,10207000.0,0.0047
TND-002775,MPLADS-002775,5,0,Open e-Tender,3033000.0,-0.0353
TND-002776,MPLADS-002776,4,0,Open e-Tender,2707000.0,0.0019
TND-002777,MPLADS-002777,4,0,Open e-Tender,491000.0,-0.0718
TND-002778,MPLADS-002778,6,0,Open e-Tender,3048000.0,-0.0682
TND-002779,MPLADS-002779,5,0,Open e-Tender,532000.0,-0.0699
TND-002780,MPLADS-002780,7,0,Open e-Tender,422000.0,-0.0321
TND-002781,MPLADS-002781,3,0,Open e-Tender,1393000.0,-0.0121
TND-002782,MPLADS-002782,7,0,Open e-Tender,393000.0,-0.0175
TND-002783,MPLADS-002783,6,0,Open e-Tender,1291000.0,-0.0293
TND-002784,MPLADS-002784,1,1,Single Tender Inquiry,1193000.0,-0.0149
TND-002785,MPLADS-002785,4,0,Open e-Tender,1014000.0,-0.025
TND-002786,MPLADS-002786,6,0,Open e-Tender,2107000.0,-0.0767
TND-002787,MPLADS-002787,4,0,Open e-Tender,1625000.0,0.0018
TND-002788,MPLADS-002788,4,0,Open e-Tender,700000.0,-0.0385
TND-002789,MPLADS-002789,1,1,Single Tender Inquiry,1734000.0,-0.0581
TND-002790,MPLADS-002790,6,0,Open e-Tender,15448000.0,-0.0191
TND-002791,MPLADS-002791,3,0,Open e-Tender,2306000.0,-0.0141
TND-002792,MPLADS-002792,4,0,Open e-Tender,2920000.0,-0.0532
TND-002793,MPLADS-002793,5,0,Open e-Tender,9072000.0,-0.0143
TND-002794,MPLADS-002794,7,0,Open e-Tender,12689000.0,-0.0009
TND-002795,MPLADS-002795,7,0,Open e-Tender,1427000.0,-0.0339
TND-002796,MPLADS-002796,5,0,Open e-Tender,1626000.0,-0.0228
TND-002797,MPLADS-002797,6,0,Open e-Tender,3485000.0,-0.0421
TND-002798,MPLADS-002798,7,0,Open e-Tender,327000.0,-0.0763
TND-002799,MPLADS-002799,7,0,Open e-Tender,1980000.0,-0.0513
TND-002800,MPLADS-002800,4,0,Open e-Tender,15281000.0,0.0028
TND-002801,MPLADS-002801,7,0,Open e-Tender,1993000.0,-0.0532
TND-002802,MPLADS-002802,5,0,Open e-Tender,1694000.0,-0.0667
TND-002803,MPLADS-002803,5,0,Open e-Tender,603000.0,-0.0752
TND-002804,MPLADS-002804,5,0,Open e-Tender,3597000.0,-0.0469
TND-002805,MPLADS-002805,7,0,Open e-Tender,2072000.0,-0.0259
TND-002806,MPLADS-002806,5,0,Open e-Tender,791000.0,-0.0694
TND-002807,MPLADS-002807,6,0,Open e-Tender,794000.0,0.014
TND-002808,MPLADS-002808,4,0,Open e-Tender,2969000.0,-0.046
TND-002809,MPLADS-002809,3,0,Open e-Tender,15137000.0,-0.0178
TND-002810,MPLADS-002810,7,0,Open e-Tender,1267000.0,-0.0178
TND-002811,MPLADS-002811,7,0,Open e-Tender,1949000.0,-0.0469
TND-002812,MPLADS-002812,3,0,Open e-Tender,1481000.0,-0.047
TND-002813,MPLADS-002813,5,0,Open e-Tender,2357000.0,0.0034
TND-002814,MPLADS-002814,5,0,Open e-Tender,2032000.0,-0.0451
TND-002815,MPLADS-002815,5,0,Open e-Tender,12237000.0,-0.0377
TND-002816,MPLADS-002816,4,0,Open e-Tender,738000.0,-0.0264
TND-002817,MPLADS-002817,7,0,Open e-Tender,800000.0,-0.0291
TND-002818,MPLADS-002818,7,0,Open e-Tender,1459000.0,-0.0312
TND-002819,MPLADS-002819,3,0,Open e-Tender,3073000.0,-0.0266
TND-002820,MPLADS-002820,4,0,Open e-Tender,12943000.0,-0.0116
TND-002821,MPLADS-002821,4,0,Open e-Tender,2810000.0,0.0
TND-002822,MPLADS-002822,5,0,Open e-Tender,914000.0,-0.0359
TND-002823,MPLADS-002823,3,0,Open e-Tender,2421000.0,-0.0206
TND-002824,MPLADS-002824,6,0,Open e-Tender,1399000.0,-0.0325
TND-002825,MPLADS-002825,6,0,Open e-Tender,3296000.0,-0.055
TND-002826,MPLADS-002826,3,0,Open e-Tender,13158000.0,-0.0186
TND-002827,MPLADS-002827,4,0,Open e-Tender,3056000.0,-0.0694
TND-002828,MPLADS-002828,3,0,Open e-Tender,2261000.0,-0.0622
TND-002829,MPLADS-002829,4,0,Open e-Tender,3128000.0,-0.0337
TND-002830,MPLADS-002830,4,0,Open e-Tender,646000.0,-0.0692
TND-002831,MPLADS-002831,4,0,Open e-Tender,2755000.0,-0.0011
TND-002832,MPLADS-002832,4,0,Open e-Tender,536000.0,-0.0662
TND-002833,MPLADS-002833,5,0,Open e-Tender,2557000.0,0.0016
TND-002834,MPLADS-002834,1,1,Single Tender Inquiry,2196000.0,-0.013
TND-002835,MPLADS-002835,6,0,Open e-Tender,613000.0,-0.0569
TND-002836,MPLADS-002836,5,0,Open e-Tender,423000.0,-0.06
TND-002837,MPLADS-002837,3,0,Open e-Tender,1755000.0,-0.0146
TND-002838,MPLADS-002838,6,0,Open e-Tender,2457000.0,0.0136
TND-002839,MPLADS-002839,4,0,Open e-Tender,1203000.0,-0.0696
TND-002840,MPLADS-002840,7,0,Open e-Tender,392000.0,-0.0531
TND-002841,MPLADS-002841,6,0,Open e-Tender,1897000.0,-0.0262
TND-002842,MPLADS-002842,7,0,Open e-Tender,1037000.0,-0.0615
TND-002843,MPLADS-002843,5,0,Open e-Tender,1735000.0,-0.0477
TND-002844,MPLADS-002844,3,0,Open e-Tender,2841000.0,0.0176
TND-002845,MPLADS-002845,4,0,Open e-Tender,3164000.0,-0.0216
TND-002846,MPLADS-002846,5,0,Open e-Tender,3242000.0,-0.038
TND-002847,MPLADS-002847,4,0,Open e-Tender,1674000.0,-0.0385
TND-002848,MPLADS-002848,7,0,Open e-Tender,630000.0,-0.0639
TND-002849,MPLADS-002849,5,0,Open e-Tender,1687000.0,-0.0544
TND-002850,MPLADS-002850,3,0,Open e-Tender,2914000.0,0.0017
TND-002851,MPLADS-002851,7,0,Open e-Tender,1058000.0,-0.0131
TND-002852,MPLADS-002852,6,0,Open e-Tender,1754000.0,0.011
TND-002853,MPLADS-002853,3,0,Open e-Tender,1675000.0,-0.07
TND-002854,MPLADS-002854,6,0,Open e-Tender,494000.0,-0.0276
TND-002855,MPLADS-002855,5,0,Open e-Tender,1324000.0,-0.057
TND-002856,MPLADS-002856,7,0,Open e-Tender,2438000.0,-0.0217
TND-002857,MPLADS-002857,7,0,Open e-Tender,424000.0,-0.0681
TND-002858,MPLADS-002858,7,0,Open e-Tender,1763000.0,0.0156
TND-002859,MPLADS-002859,5,0,Open e-Tender,1774000.0,-0.0301
TND-002860,MPLADS-002860,5,0,Open e-Tender,2056000.0,-0.0534
TND-002861,MPLADS-002861,7,0,Open e-Tender,2205000.0,-0.0063
TND-002862,MPLADS-002862,6,0,Open e-Tender,688000.0,-0.0523
TND-002863,MPLADS-002863,4,0,Open e-Tender,2368000.0,-0.0695
TND-002864,MPLADS-002864,5,0,Open e-Tender,2225000.0,-0.0401
TND-002865,MPLADS-002865,5,0,Open e-Tender,3362000.0,0.0117
TND-002866,MPLADS-002866,1,1,Single Tender Inquiry,2845000.0,-0.0504
TND-002867,MPLADS-002867,6,0,Open e-Tender,2626000.0,0.0174
TND-002868,MPLADS-002868,7,0,Open e-Tender,645000.0,-0.0301
TND-002869,MPLADS-002869,6,0,Open e-Tender,2914000.0,-0.0702
TND-002870,MPLADS-002870,1,1,Single Tender Inquiry,1039000.0,0.0107
TND-002871,MPLADS-002871,1,1,Single Tender Inquiry,2508000.0,-0.0358
TND-002872,MPLADS-002872,7,0,Open e-Tender,15903000.0,-0.0465
TND-002873,MPLADS-002873,3,0,Open e-Tender,367000.0,0.0082
TND-002874,MPLADS-002874,5,0,Open e-Tender,11882000.0,-0.0553
TND-002875,MPLADS-002875,6,0,Open e-Tender,2572000.0,0.009
TND-002876,MPLADS-002876,7,0,Open e-Tender,1627000.0,-0.0452
TND-002877,MPLADS-002877,6,0,Open e-Tender,705000.0,-0.0208
TND-002878,MPLADS-002878,7,0,Open e-Tender,2287000.0,0.0084
TND-002879,MPLADS-002879,4,0,Open e-Tender,655000.0,-0.0106
TND-002880,MPLADS-002880,5,0,Open e-Tender,2441000.0,0.0016
TND-002881,MPLADS-002881,6,0,Open e-Tender,2269000.0,0.0166
TND-002882,MPLADS-002882,7,0,Open e-Tender,1955000.0,0.013
TND-002883,MPLADS-002883,6,0,Open e-Tender,1266000.0,-0.0291
TND-002884,MPLADS-002884,7,0,Open e-Tender,1814000.0,-0.0572
TND-002885,MPLADS-002885,6,0,Open e-Tender,1563000.0,-0.0685
TND-002886,MPLADS-002886,4,0,Open e-Tender,1474000.0,0.0
TND-002887,MPLADS-002887,4,0,Open e-Tender,3269000.0,-0.0511
TND-002888,MPLADS-002888,4,0,Open e-Tender,1728000.0,-0.0092
TND-002889,MPLADS-002889,1,1,Single Tender Inquiry,2227000.0,-0.0245
TND-002890,MPLADS-002890,6,0,Open e-Tender,2018000.0,-0.0526
TND-002891,MPLADS-002891,5,0,Open e-Tender,12541000.0,-0.0065
TND-002892,MPLADS-002892,4,0,Open e-Tender,1751000.0,0.0168
TND-002893,MPLADS-002893,6,0,Open e-Tender,2344000.0,-0.0093
TND-002894,MPLADS-002894,3,0,Open e-Tender,664000.0,-0.0163
TND-002895,MPLADS-002895,5,0,Open e-Tender,588000.0,-0.0637
TND-002896,MPLADS-002896,5,0,Open e-Tender,2049000.0,0.0029
TND-002897,MPLADS-002897,3,0,Open e-Tender,1907000.0,-0.0512
TND-002898,MPLADS-002898,6,0,Open e-Tender,2619000.0,0.0065
TND-002899,MPLADS-002899,5,0,Open e-Tender,487000.0,-0.0724
TND-002900,MPLADS-002900,7,0,Open e-Tender,3472000.0,0.0093
TND-002901,MPLADS-002901,6,0,Open e-Tender,2205000.0,-0.0308
TND-002902,MPLADS-002902,3,0,Open e-Tender,2136000.0,0.0047
TND-002903,MPLADS-002903,5,0,Open e-Tender,16304000.0,0.0052
TND-002904,MPLADS-002904,4,0,Open e-Tender,1915000.0,-0.0309
TND-002905,MPLADS-002905,3,0,Open e-Tender,12145000.0,-0.0337
TND-002906,MPLADS-002906,7,0,Open e-Tender,821000.0,-0.0203
TND-002907,MPLADS-002907,6,0,Open e-Tender,3866000.0,-0.045
TND-002908,MPLADS-002908,6,0,Open e-Tender,3566000.0,-0.0546
TND-002909,MPLADS-002909,6,0,Open e-Tender,3367000.0,0.0117
TND-002910,MPLADS-002910,6,0,Open e-Tender,15945000.0,-0.0134
TND-002911,MPLADS-002911,3,0,Open e-Tender,63973000.0,-0.0628
TND-002912,MPLADS-002912,4,0,Open e-Tender,788000.0,-0.0619
TND-002913,MPLADS-002913,4,0,Open e-Tender,996000.0,-0.0432
TND-002914,MPLADS-002914,5,0,Open e-Tender,746000.0,-0.0485
TND-002915,MPLADS-002915,4,0,Open e-Tender,3121000.0,-0.0301
TND-002916,MPLADS-002916,3,0,Open e-Tender,2451000.0,-0.0652
TND-002917,MPLADS-002917,5,0,Open e-Tender,2091000.0,-0.0495
TND-002918,MPLADS-002918,5,0,Open e-Tender,359000.0,0.0084
TND-002919,MPLADS-002919,1,1,Single Tender Inquiry,1231000.0,-0.0413
TND-002920,MPLADS-002920,5,0,Open e-Tender,2860000.0,-0.0511
TND-002921,MPLADS-002921,4,0,Open e-Tender,2639000.0,-0.0731
TND-002922,MPLADS-002922,6,0,Open e-Tender,14256000.0,-0.0417
TND-002923,MPLADS-002923,5,0,Open e-Tender,2516000.0,-0.057
TND-002924,MPLADS-002924,7,0,Open e-Tender,1784000.0,0.0188
TND-002925,MPLADS-002925,6,0,Open e-Tender,2302000.0,-0.0432
TND-002926,MPLADS-002926,5,0,Open e-Tender,2377000.0,0.0145
TND-002927,MPLADS-002927,5,0,Open e-Tender,510000.0,-0.0039
TND-002928,MPLADS-002928,4,0,Open e-Tender,1035000.0,-0.039
TND-002929,MPLADS-002929,6,0,Open e-Tender,10116000.0,-0.0768
TND-002930,MPLADS-002930,3,0,Open e-Tender,2082000.0,-0.0133
TND-002931,MPLADS-002931,6,0,Open e-Tender,13782000.0,-0.0527
TND-002932,MPLADS-002932,3,0,Open e-Tender,2963000.0,-0.0784
TND-002933,MPLADS-002933,7,0,Open e-Tender,1751000.0,-0.0229
TND-002934,MPLADS-002934,5,0,Open e-Tender,1578000.0,-0.039
TND-002935,MPLADS-002935,6,0,Open e-Tender,2284000.0,-0.0448
TND-002936,MPLADS-002936,3,0,Open e-Tender,14624000.0,-0.0212
TND-002937,MPLADS-002937,3,0,Open e-Tender,1376000.0,-0.0504
TND-002938,MPLADS-002938,6,0,Open e-Tender,926000.0,-0.0675
TND-002939,MPLADS-002939,6,0,Open e-Tender,1989000.0,-0.0701
TND-002940,MPLADS-002940,7,0,Open e-Tender,1874000.0,-0.0305
TND-002941,MPLADS-002941,3,0,Open e-Tender,2208000.0,-0.0379
TND-002942,MPLADS-002942,4,0,Open e-Tender,1207000.0,-0.0592
TND-002943,MPLADS-002943,5,0,Open e-Tender,2699000.0,0.0048
TND-002944,MPLADS-002944,6,0,Open e-Tender,1090000.0,0.0196
TND-002945,MPLADS-002945,4,0,Open e-Tender,567000.0,-0.0422
TND-002946,MPLADS-002946,7,0,Open e-Tender,2239000.0,-0.0505
TND-002947,MPLADS-002947,5,0,Open e-Tender,2525000.0,-0.0311
TND-002948,MPLADS-002948,4,0,Open e-Tender,2426000.0,-0.059
TND-002949,MPLADS-002949,5,0,Open e-Tender,511000.0,-0.0709
TND-002950,MPLADS-002950,5,0,Open e-Tender,2400000.0,0.0105
TND-002951,MPLADS-002951,4,0,Open e-Tender,1857000.0,-0.0496
TND-002952,MPLADS-002952,5,0,Open e-Tender,380000.0,-0.013
TND-002953,MPLADS-002953,4,0,Open e-Tender,8495000.0,-0.0586
TND-002954,MPLADS-002954,3,0,Open e-Tender,2041000.0,0.0134
TND-002955,MPLADS-002955,7,0,Open e-Tender,1370000.0,-0.0774
TND-002956,MPLADS-002956,5,0,Open e-Tender,557000.0,0.0072
TND-002957,MPLADS-002957,5,0,Open e-Tender,486000.0,-0.0261
TND-002958,MPLADS-002958,7,0,Open e-Tender,2536000.0,-0.0579
TND-002959,MPLADS-002959,7,0,Open e-Tender,997000.0,-0.0348
TND-002960,MPLADS-002960,4,0,Open e-Tender,657000.0,-0.0076
TND-002961,MPLADS-002961,5,0,Open e-Tender,934000.0,-0.0762
TND-002962,MPLADS-002962,6,0,Open e-Tender,15830000.0,-0.0006
TND-002963,MPLADS-002963,7,0,Open e-Tender,2307000.0,-0.0649
TND-002964,MPLADS-002964,5,0,Open e-Tender,2233000.0,-0.0089
TND-002965,MPLADS-002965,6,0,Open e-Tender,1860000.0,-0.0705
TND-002966,MPLADS-002966,4,0,Open e-Tender,3743000.0,0.0196
TND-002967,MPLADS-002967,4,0,Open e-Tender,2050000.0,-0.0029
TND-002968,MPLADS-002968,7,0,Open e-Tender,2611000.0,-0.0068
TND-002969,MPLADS-002969,1,1,Single Tender Inquiry,1197000.0,-0.0641
TND-002970,MPLADS-002970,3,0,Open e-Tender,12039000.0,-0.0257
TND-002971,MPLADS-002971,7,0,Open e-Tender,651000.0,-0.0412
TND-002972,MPLADS-002972,1,1,Single Tender Inquiry,496000.0,0.0102
TND-002973,MPLADS-002973,6,0,Open e-Tender,1272000.0,-0.0378
TND-002974,MPLADS-002974,6,0,Open e-Tender,2316000.0,-0.041
TND-002975,MPLADS-002975,5,0,Open e-Tender,3717000.0,0.0084
TND-002976,MPLADS-002976,6,0,Open e-Tender,10204000.0,-0.0784
TND-002977,MPLADS-002977,1,1,Single Tender Inquiry,627000.0,-0.0427
TND-002978,MPLADS-002978,4,0,Open e-Tender,15814000.0,0.0113
TND-002979,MPLADS-002979,7,0,Open e-Tender,645000.0,0.0062
TND-002980,MPLADS-002980,7,0,Open e-Tender,1875000.0,-0.0718
TND-002981,MPLADS-002981,6,0,Open e-Tender,1365000.0,-0.0123
TND-002982,MPLADS-002982,4,0,Open e-Tender,1013000.0,-0.055
TND-002983,MPLADS-002983,5,0,Open e-Tender,2009000.0,-0.0438
TND-002984,MPLADS-002984,7,0,Open e-Tender,1316000.0,-0.0791
TND-002985,MPLADS-002985,3,0,Open e-Tender,3193000.0,0.0195
TND-002986,MPLADS-002986,7,0,Open e-Tender,3552000.0,-0.0638
TND-002987,MPLADS-002987,4,0,Open e-Tender,1354000.0,0.0196
TND-002988,MPLADS-002988,3,0,Open e-Tender,1539000.0,0.0026
TND-002989,MPLADS-002989,3,0,Open e-Tender,2470000.0,0.009
TND-002990,MPLADS-002990,7,0,Open e-Tender,9128000.0,-0.02
TND-002991,MPLADS-002991,5,0,Open e-Tender,1921000.0,-0.0103
TND-002992,MPLADS-002992,7,0,Open e-Tender,3912000.0,-0.0672
TND-002993,MPLADS-002993,4,0,Open e-Tender,666000.0,-0.0191
TND-002994,MPLADS-002994,5,0,Open e-Tender,408000.0,-0.0169
TND-002995,MPLADS-002995,5,0,Open e-Tender,2737000.0,0.0179
TND-002996,MPLADS-002996,3,0,Open e-Tender,1346000.0,-0.0393
TND-002997,MPLADS-002997,6,0,Open e-Tender,2154000.0,-0.0731
TND-002998,MPLADS-002998,5,0,Open e-Tender,1386000.0,0.0029
TND-002999,MPLADS-002999,4,0,Open e-Tender,1879000.0,0.008
TND-003000,MPLADS-003000,3,0,Open e-Tender,962000.0,-0.037
TND-003001,MPLADS-003001,6,0,Open e-Tender,742000.0,0.0178
TND-003002,MPLADS-003002,3,0,Open e-Tender,1794000.0,-0.0105
TND-003003,MPLADS-003003,6,0,Open e-Tender,3244000.0,-0.0632
TND-003004,MPLADS-003004,6,0,Open e-Tender,587000.0,-0.0608
TND-003005,MPLADS-003005,1,1,Single Tender Inquiry,3431000.0,0.0199
TND-003006,MPLADS-003006,6,0,Open e-Tender,2071000.0,-0.0591
TND-003007,MPLADS-003007,6,0,Open e-Tender,1787000.0,-0.0722
TND-003008,MPLADS-003008,4,0,Open e-Tender,2122000.0,-0.0167
TND-003009,MPLADS-003009,4,0,Open e-Tender,1540000.0,-0.08
TND-003010,MPLADS-003010,7,0,Open e-Tender,2549000.0,0.0196
TND-003011,MPLADS-003011,4,0,Open e-Tender,1783000.0,-0.0078
TND-003012,MPLADS-003012,6,0,Open e-Tender,580000.0,-0.0252
TND-003013,MPLADS-003013,4,0,Open e-Tender,1563000.0,-0.0268
TND-003014,MPLADS-003014,5,0,Open e-Tender,11350000.0,-0.025
TND-003015,MPLADS-003015,1,1,Single Tender Inquiry,411000.0,-0.0096
TND-003016,MPLADS-003016,4,0,Open e-Tender,2232000.0,-0.0723
TND-003017,MPLADS-003017,7,0,Open e-Tender,2599000.0,-0.0731
TND-003018,MPLADS-003018,5,0,Open e-Tender,14558000.0,0.0101
TND-003019,MPLADS-003019,4,0,Open e-Tender,1734000.0,-0.0722
TND-003020,MPLADS-003020,7,0,Open e-Tender,535000.0,-0.0548
TND-003021,MPLADS-003021,3,0,Open e-Tender,772000.0,-0.0551
TND-003022,MPLADS-003022,3,0,Open e-Tender,2796000.0,-0.0525
TND-003023,MPLADS-003023,4,0,Open e-Tender,2195000.0,0.0143
TND-003024,MPLADS-003024,6,0,Open e-Tender,2301000.0,-0.0238
TND-003025,MPLADS-003025,5,0,Open e-Tender,502000.0,0.0183
TND-003026,MPLADS-003026,5,0,Open e-Tender,1783000.0,-0.0424
TND-003027,MPLADS-003027,7,0,Open e-Tender,11524000.0,-0.0573
TND-003028,MPLADS-003028,4,0,Open e-Tender,1896000.0,-0.0176
TND-003029,MPLADS-003029,3,0,Open e-Tender,1872000.0,-0.0598
TND-003030,MPLADS-003030,4,0,Open e-Tender,2539000.0,0.0116
TND-003031,MPLADS-003031,6,0,Open e-Tender,12797000.0,-0.0184
TND-003032,MPLADS-003032,7,0,Open e-Tender,2461000.0,0.0086
TND-003033,MPLADS-003033,6,0,Open e-Tender,1333000.0,-0.0599
TND-003034,MPLADS-003034,3,0,Open e-Tender,3384000.0,-0.0059
TND-003035,MPLADS-003035,5,0,Open e-Tender,2076000.0,-0.0568
TND-003036,MPLADS-003036,5,0,Open e-Tender,9041000.0,0.016
TND-003037,MPLADS-003037,4,0,Open e-Tender,1047000.0,-0.0095
TND-003038,MPLADS-003038,4,0,Open e-Tender,626000.0,-0.053
TND-003039,MPLADS-003039,6,0,Open e-Tender,1943000.0,0.0057
TND-003040,MPLADS-003040,3,0,Open e-Tender,2232000.0,-0.0494
TND-003041,MPLADS-003041,4,0,Open e-Tender,1883000.0,0.0021
TND-003042,MPLADS-003042,5,0,Open e-Tender,1739000.0,-0.0328
TND-003043,MPLADS-003043,3,0,Open e-Tender,920000.0,0.0099
TND-003044,MPLADS-003044,6,0,Open e-Tender,3298000.0,0.0079
TND-003045,MPLADS-003045,5,0,Open e-Tender,2345000.0,-0.0017
TND-003046,MPLADS-003046,3,0,Open e-Tender,652000.0,-0.0468
TND-003047,MPLADS-003047,5,0,Open e-Tender,1429000.0,-0.0787
TND-003048,MPLADS-003048,5,0,Open e-Tender,1847000.0,-0.061
TND-003049,MPLADS-003049,5,0,Open e-Tender,661000.0,-0.0406
TND-003050,MPLADS-003050,7,0,Open e-Tender,1410000.0,-0.0147
TND-003051,MPLADS-003051,5,0,Open e-Tender,9762000.0,-0.0292
TND-003052,MPLADS-003052,7,0,Open e-Tender,911000.0,0.0156
TND-003053,MPLADS-003053,5,0,Open e-Tender,602000.0,-0.0227
TND-003054,MPLADS-003054,7,0,Open e-Tender,1115000.0,-0.0018
TND-003055,MPLADS-003055,6,0,Open e-Tender,12621000.0,0.0152
TND-003056,MPLADS-003056,4,0,Open e-Tender,1492000.0,-0.0411
TND-003057,MPLADS-003057,3,0,Open e-Tender,2172000.0,-0.0511
TND-003058,MPLADS-003058,6,0,Open e-Tender,1293000.0,-0.0603
TND-003059,MPLADS-003059,3,0,Open e-Tender,2349000.0,0.0021
TND-003060,MPLADS-003060,6,0,Open e-Tender,12878000.0,-0.0556
TND-003061,MPLADS-003061,3,0,Open e-Tender,2946000.0,-0.0312
TND-003062,MPLADS-003062,3,0,Open e-Tender,3178000.0,-0.0589
TND-003063,MPLADS-003063,6,0,Open e-Tender,3660000.0,0.0155
TND-003064,MPLADS-003064,6,0,Open e-Tender,1990000.0,-0.0718
TND-003065,MPLADS-003065,5,0,Open e-Tender,2701000.0,-0.0412
TND-003066,MPLADS-003066,3,0,Open e-Tender,995000.0,-0.0283
TND-003067,MPLADS-003067,4,0,Open e-Tender,333000.0,-0.054
TND-003068,MPLADS-003068,6,0,Open e-Tender,3202000.0,-0.0447
TND-003069,MPLADS-003069,3,0,Open e-Tender,2898000.0,-0.0203
TND-003070,MPLADS-003070,5,0,Open e-Tender,2288000.0,-0.0419
TND-003071,MPLADS-003071,3,0,Open e-Tender,2041000.0,-0.079
TND-003072,MPLADS-003072,1,1,Single Tender Inquiry,1397000.0,-0.049
TND-003073,MPLADS-003073,3,0,Open e-Tender,1580000.0,-0.0606
TND-003074,MPLADS-003074,3,0,Open e-Tender,1147000.0,-0.0652
TND-003075,MPLADS-003075,7,0,Open e-Tender,3202000.0,-0.0697
TND-003076,MPLADS-003076,1,1,Single Tender Inquiry,672000.0,-0.0289
TND-003077,MPLADS-003077,7,0,Open e-Tender,650000.0,-0.0511
TND-003078,MPLADS-003078,5,0,Open e-Tender,537000.0,-0.0092
TND-003079,MPLADS-003079,5,0,Open e-Tender,1510000.0,0.0121
TND-003080,MPLADS-003080,5,0,Open e-Tender,9892000.0,-0.0776
TND-003081,MPLADS-003081,6,0,Open e-Tender,2096000.0,-0.0385
TND-003082,MPLADS-003082,3,0,Open e-Tender,1746000.0,-0.0385
TND-003083,MPLADS-003083,3,0,Open e-Tender,2428000.0,-0.0549
TND-003084,MPLADS-003084,4,0,Open e-Tender,1398000.0,-0.0043
TND-003085,MPLADS-003085,5,0,Open e-Tender,2152000.0,-0.0744
TND-003086,MPLADS-003086,3,0,Open e-Tender,2200000.0,-0.0764
TND-003087,MPLADS-003087,7,0,Open e-Tender,398000.0,0.0127
TND-003088,MPLADS-003088,5,0,Open e-Tender,1908000.0,0.0026
TND-003089,MPLADS-003089,5,0,Open e-Tender,8422000.0,-0.0543
TND-003090,MPLADS-003090,4,0,Open e-Tender,1622000.0,-0.0299
TND-003091,MPLADS-003091,3,0,Open e-Tender,1251000.0,-0.0414
TND-003092,MPLADS-003092,4,0,Open e-Tender,925000.0,-0.0484
TND-003093,MPLADS-003093,6,0,Open e-Tender,13554000.0,-0.0737
TND-003094,MPLADS-003094,5,0,Open e-Tender,941000.0,0.0184
TND-003095,MPLADS-003095,4,0,Open e-Tender,2241000.0,-0.0647
TND-003096,MPLADS-003096,3,0,Open e-Tender,7981000.0,-0.0542
TND-003097,MPLADS-003097,7,0,Open e-Tender,1480000.0,0.0172
TND-003098,MPLADS-003098,7,0,Open e-Tender,2630000.0,0.0015
TND-003099,MPLADS-003099,3,0,Open e-Tender,2062000.0,-0.0101
TND-003100,MPLADS-003100,4,0,Open e-Tender,2100000.0,-0.0712
TND-003101,MPLADS-003101,6,0,Open e-Tender,637000.0,-0.02
TND-003102,MPLADS-003102,7,0,Open e-Tender,2011000.0,0.0116
TND-003103,MPLADS-003103,4,0,Open e-Tender,3367000.0,-0.0132
TND-003104,MPLADS-003104,6,0,Open e-Tender,923000.0,-0.0658
TND-003105,MPLADS-003105,7,0,Open e-Tender,3527000.0,-0.007
TND-003106,MPLADS-003106,3,0,Open e-Tender,3063000.0,-0.001
TND-003107,MPLADS-003107,3,0,Open e-Tender,479000.0,-0.0382
TND-003108,MPLADS-003108,7,0,Open e-Tender,15253000.0,0.0059
TND-003109,MPLADS-003109,5,0,Open e-Tender,2501000.0,-0.0608
TND-003110,MPLADS-003110,1,1,Single Tender Inquiry,1825000.0,-0.038
TND-003111,MPLADS-003111,6,0,Open e-Tender,967000.0,-0.0143
TND-003112,MPLADS-003112,3,0,Open e-Tender,433000.0,-0.0728
TND-003113,MPLADS-003113,1,1,Single Tender Inquiry,1502000.0,-0.0612
TND-003114,MPLADS-003114,7,0,Open e-Tender,11623000.0,-0.0161
TND-003115,MPLADS-003115,3,0,Open e-Tender,2079000.0,-0.0571
TND-003116,MPLADS-003116,1,1,Single Tender Inquiry,864000.0,0.0177
TND-003117,MPLADS-003117,5,0,Open e-Tender,2544000.0,0.0152
TND-003118,MPLADS-003118,4,0,Open e-Tender,16141000.0,-0.0291
TND-003119,MPLADS-003119,5,0,Open e-Tender,3130000.0,-0.08
TND-003120,MPLADS-003120,7,0,Open e-Tender,3405000.0,0.0179
TND-003121,MPLADS-003121,4,0,Open e-Tender,1724000.0,-0.061
TND-003122,MPLADS-003122,5,0,Open e-Tender,2307000.0,-0.0679
TND-003123,MPLADS-003123,3,0,Open e-Tender,14212000.0,-0.0325
TND-003124,MPLADS-003124,5,0,Open e-Tender,908000.0,-0.0237
TND-003125,MPLADS-003125,3,0,Open e-Tender,1007000.0,-0.0633
TND-003126,MPLADS-003126,3,0,Open e-Tender,523000.0,-0.0594
TND-003127,MPLADS-003127,4,0,Open e-Tender,522000.0,-0.0206
TND-003128,MPLADS-003128,1,1,Single Tender Inquiry,1183000.0,-0.0406
TND-003129,MPLADS-003129,7,0,Open e-Tender,2468000.0,-0.0423
TND-003130,MPLADS-003130,3,0,Open e-Tender,807000.0,-0.0735
TND-003131,MPLADS-003131,4,0,Open e-Tender,613000.0,-0.0331
TND-003132,MPLADS-003132,3,0,Open e-Tender,13708000.0,-0.0303
TND-003133,MPLADS-003133,6,0,Open e-Tender,612000.0,0.0149
TND-003134,MPLADS-003134,3,0,Open e-Tender,1457000.0,0.0167
TND-003135,MPLADS-003135,3,0,Open e-Tender,1763000.0,-0.0496
TND-003136,MPLADS-003136,6,0,Open e-Tender,3737000.0,-0.078
TND-003137,MPLADS-003137,6,0,Open e-Tender,1509000.0,-0.0092
TND-003138,MPLADS-003138,7,0,Open e-Tender,784000.0,-0.0261
TND-003139,MPLADS-003139,1,1,Single Tender Inquiry,2536000.0,0.0056
TND-003140,MPLADS-003140,5,0,Open e-Tender,2111000.0,0.0169
TND-003141,MPLADS-003141,7,0,Open e-Tender,357000.0,0.0056
TND-003142,MPLADS-003142,6,0,Open e-Tender,15558000.0,-0.0033
TND-003143,MPLADS-003143,4,0,Open e-Tender,3552000.0,0.0149
TND-003144,MPLADS-003144,1,1,Single Tender Inquiry,1695000.0,-0.0728
TND-003145,MPLADS-003145,3,0,Open e-Tender,1037000.0,-0.0641
TND-003146,MPLADS-003146,6,0,Open e-Tender,1231000.0,-0.042
TND-003147,MPLADS-003147,5,0,Open e-Tender,2408000.0,0.0199
TND-003148,MPLADS-003148,1,1,Single Tender Inquiry,1609000.0,-0.0354
TND-003149,MPLADS-003149,3,0,Open e-Tender,2228000.0,-0.0466
TND-003150,MPLADS-003150,4,0,Open e-Tender,376000.0,-0.0807
TND-003151,MPLADS-003151,3,0,Open e-Tender,1037000.0,-0.0641
TND-003152,MPLADS-003152,3,0,Open e-Tender,570000.0,-0.0172
TND-003153,MPLADS-003153,4,0,Open e-Tender,2290000.0,-0.0235
TND-003154,MPLADS-003154,6,0,Open e-Tender,8482000.0,-0.009
TND-003155,MPLADS-003155,6,0,Open e-Tender,1782000.0,0.0119
TND-003156,MPLADS-003156,5,0,Open e-Tender,2129000.0,-0.0487
TND-003157,MPLADS-003157,3,0,Open e-Tender,2682000.0,-0.0011
TND-003158,MPLADS-003158,4,0,Open e-Tender,542000.0,-0.0557
TND-003159,MPLADS-003159,5,0,Open e-Tender,1926000.0,-0.0489
TND-003160,MPLADS-003160,6,0,Open e-Tender,13490000.0,-0.0051
TND-003161,MPLADS-003161,7,0,Open e-Tender,625000.0,-0.0502
TND-003162,MPLADS-003162,6,0,Open e-Tender,842000.0,0.0108
TND-003163,MPLADS-003163,5,0,Open e-Tender,2988000.0,-0.0487
TND-003164,MPLADS-003164,4,0,Open e-Tender,9408000.0,-0.032
TND-003165,MPLADS-003165,7,0,Open e-Tender,1628000.0,-0.0327
TND-003166,MPLADS-003166,5,0,Open e-Tender,1726000.0,-0.0443
TND-003167,MPLADS-003167,4,0,Open e-Tender,3163000.0,0.0093
TND-003168,MPLADS-003168,6,0,Open e-Tender,492000.0,-0.002
TND-003169,MPLADS-003169,3,0,Open e-Tender,3127000.0,-0.0787
TND-003170,MPLADS-003170,4,0,Open e-Tender,1629000.0,-0.0157
TND-003171,MPLADS-003171,3,0,Open e-Tender,2581000.0,-0.0702
TND-003172,MPLADS-003172,6,0,Open e-Tender,568000.0,-0.0035
TND-003173,MPLADS-003173,7,0,Open e-Tender,420000.0,0.0096
TND-003174,MPLADS-003174,5,0,Open e-Tender,2293000.0,-0.0022
TND-003175,MPLADS-003175,7,0,Open e-Tender,9838000.0,-0.0086
TND-003176,MPLADS-003176,6,0,Open e-Tender,2307000.0,-0.0455
TND-003177,MPLADS-003177,3,0,Open e-Tender,2841000.0,-0.0264
TND-003178,MPLADS-003178,6,0,Open e-Tender,12720000.0,-0.021
TND-003179,MPLADS-003179,7,0,Open e-Tender,15913000.0,-0.045
TND-003180,MPLADS-003180,4,0,Open e-Tender,627000.0,-0.0457
TND-003181,MPLADS-003181,7,0,Open e-Tender,897000.0,-0.0647
TND-003182,MPLADS-003182,4,0,Open e-Tender,2695000.0,-0.0175
TND-003183,MPLADS-003183,4,0,Open e-Tender,1299000.0,-0.0378
TND-003184,MPLADS-003184,6,0,Open e-Tender,806000.0,-0.0405
TND-003185,MPLADS-003185,5,0,Open e-Tender,1691000.0,-0.0191
TND-003186,MPLADS-003186,3,0,Open e-Tender,489000.0,0.0
TND-003187,MPLADS-003187,7,0,Open e-Tender,8326000.0,-0.0186
TND-003188,MPLADS-003188,4,0,Open e-Tender,2084000.0,-0.001
TND-003189,MPLADS-003189,1,1,Single Tender Inquiry,3183000.0,-0.0709
TND-003190,MPLADS-003190,4,0,Open e-Tender,1490000.0,-0.0159
TND-003191,MPLADS-003191,4,0,Open e-Tender,3332000.0,-0.04
TND-003192,MPLADS-003192,3,0,Open e-Tender,1996000.0,0.0163
TND-003193,MPLADS-003193,4,0,Open e-Tender,2026000.0,-0.0732
TND-003194,MPLADS-003194,6,0,Open e-Tender,2478000.0,-0.0421
TND-003195,MPLADS-003195,7,0,Open e-Tender,1999000.0,-0.0287
TND-003196,MPLADS-003196,4,0,Open e-Tender,899000.0,0.0101
TND-003197,MPLADS-003197,4,0,Open e-Tender,359000.0,-0.0503
TND-003198,MPLADS-003198,5,0,Open e-Tender,1445000.0,-0.0256
TND-003199,MPLADS-003199,6,0,Open e-Tender,2676000.0,-0.0183
TND-003200,MPLADS-003200,7,0,Open e-Tender,8536000.0,0.0053
TND-003201,MPLADS-003201,4,0,Open e-Tender,1970000.0,-0.0189
TND-003202,MPLADS-003202,6,0,Open e-Tender,1848000.0,0.0082
TND-003203,MPLADS-003203,3,0,Open e-Tender,43186000.0,-0.0718
TND-003204,MPLADS-003204,3,0,Open e-Tender,3220000.0,-0.0411
TND-003205,MPLADS-003205,4,0,Open e-Tender,1815000.0,0.0089
TND-003206,MPLADS-003206,4,0,Open e-Tender,1503000.0,-0.0303
TND-003207,MPLADS-003207,5,0,Open e-Tender,1528000.0,-0.0052
TND-003208,MPLADS-003208,5,0,Open e-Tender,1634000.0,-0.0331
TND-003209,MPLADS-003209,3,0,Open e-Tender,2011000.0,-0.0424
TND-003210,MPLADS-003210,4,0,Open e-Tender,1393000.0,-0.0029
TND-003211,MPLADS-003211,3,0,Open e-Tender,954000.0,0.0127
TND-003212,MPLADS-003212,7,0,Open e-Tender,612000.0,-0.0497
TND-003213,MPLADS-003213,7,0,Open e-Tender,1478000.0,0.0116
TND-003214,MPLADS-003214,6,0,Open e-Tender,1979000.0,-0.028
TND-003215,MPLADS-003215,6,0,Open e-Tender,15894000.0,-0.0417
TND-003216,MPLADS-003216,5,0,Open e-Tender,1360000.0,0.0022
TND-003217,MPLADS-003217,4,0,Open e-Tender,1783000.0,0.0011
TND-003218,MPLADS-003218,1,1,Single Tender Inquiry,2818000.0,-0.0102
TND-003219,MPLADS-003219,5,0,Open e-Tender,11373000.0,-0.007
TND-003220,MPLADS-003220,4,0,Open e-Tender,1222000.0,-0.0416
TND-003221,MPLADS-003221,6,0,Open e-Tender,2181000.0,-0.0758
TND-003222,MPLADS-003222,3,0,Open e-Tender,9957000.0,-0.0333
TND-003223,MPLADS-003223,4,0,Open e-Tender,1859000.0,-0.0737
TND-003224,MPLADS-003224,5,0,Open e-Tender,921000.0,-0.0275
TND-003225,MPLADS-003225,4,0,Open e-Tender,543000.0,-0.0557
TND-003226,MPLADS-003226,4,0,Open e-Tender,2732000.0,-0.052
TND-003227,MPLADS-003227,4,0,Open e-Tender,2469000.0,-0.0272
TND-003228,MPLADS-003228,7,0,Open e-Tender,1266000.0,-0.0552
TND-003229,MPLADS-003229,5,0,Open e-Tender,2089000.0,-0.0324
TND-003230,MPLADS-003230,5,0,Open e-Tender,2319000.0,0.0131
TND-003231,MPLADS-003231,5,0,Open e-Tender,2706000.0,-0.0377
TND-003232,MPLADS-003232,3,0,Open e-Tender,2765000.0,0.0162
TND-003233,MPLADS-003233,7,0,Open e-Tender,1897000.0,-0.0011
TND-003234,MPLADS-003234,3,0,Open e-Tender,1194000.0,-0.0348
TND-003235,MPLADS-003235,5,0,Open e-Tender,2462000.0,-0.0649
TND-003236,MPLADS-003236,6,0,Open e-Tender,2554000.0,-0.0513
TND-003237,MPLADS-003237,4,0,Open e-Tender,853000.0,-0.0093
TND-003238,MPLADS-003238,7,0,Open e-Tender,7472000.0,0.0027
TND-003239,MPLADS-003239,4,0,Open e-Tender,499000.0,-0.069
TND-003240,MPLADS-003240,3,0,Open e-Tender,1774000.0,-0.0478
TND-003241,MPLADS-003241,4,0,Open e-Tender,1762000.0,-0.0356
TND-003242,MPLADS-003242,4,0,Open e-Tender,2038000.0,-0.0192
TND-003243,MPLADS-003243,7,0,Open e-Tender,860000.0,-0.0315
TND-003244,MPLADS-003244,6,0,Open e-Tender,797000.0,-0.0062
TND-003245,MPLADS-003245,6,0,Open e-Tender,2380000.0,-0.0309
TND-003246,MPLADS-003246,6,0,Open e-Tender,2064000.0,-0.0319
TND-003247,MPLADS-003247,5,0,Open e-Tender,2495000.0,-0.0581
TND-003248,MPLADS-003248,4,0,Open e-Tender,3436000.0,-0.0537
TND-003249,MPLADS-003249,5,0,Open e-Tender,2062000.0,0.0083
TND-003250,MPLADS-003250,6,0,Open e-Tender,2063000.0,-0.0524
TND-003251,MPLADS-003251,4,0,Open e-Tender,2831000.0,0.0172
TND-003252,MPLADS-003252,1,1,Single Tender Inquiry,13621000.0,-0.0379
TND-003253,MPLADS-003253,4,0,Open e-Tender,2837000.0,-0.0422
TND-003254,MPLADS-003254,3,0,Open e-Tender,489000.0,-0.0355
TND-003255,MPLADS-003255,1,1,Single Tender Inquiry,1786000.0,-0.0089
TND-003256,MPLADS-003256,1,1,Single Tender Inquiry,687000.0,-0.0241
TND-003257,MPLADS-003257,5,0,Open e-Tender,1543000.0,0.0078
TND-003258,MPLADS-003258,3,0,Open e-Tender,2788000.0,-0.0498
TND-003259,MPLADS-003259,4,0,Open e-Tender,2545000.0,-0.0782
TND-003260,MPLADS-003260,5,0,Open e-Tender,728000.0,-0.0041
TND-003261,MPLADS-003261,6,0,Open e-Tender,2965000.0,-0.0301
TND-003262,MPLADS-003262,4,0,Open e-Tender,3303000.0,-0.0732
TND-003263,MPLADS-003263,7,0,Open e-Tender,1287000.0,-0.0039
TND-003264,MPLADS-003264,6,0,Open e-Tender,1363000.0,-0.0728
TND-003265,MPLADS-003265,5,0,Open e-Tender,2736000.0,-0.0624
TND-003266,MPLADS-003266,1,1,Single Tender Inquiry,11023000.0,-0.0077
TND-003267,MPLADS-003267,5,0,Open e-Tender,820000.0,-0.0097
TND-003268,MPLADS-003268,4,0,Open e-Tender,8312000.0,-0.0362
TND-003269,MPLADS-003269,7,0,Open e-Tender,2382000.0,-0.0333
TND-003270,MPLADS-003270,6,0,Open e-Tender,1719000.0,-0.0713
TND-003271,MPLADS-003271,4,0,Open e-Tender,2297000.0,0.0053
TND-003272,MPLADS-003272,3,0,Open e-Tender,2423000.0,0.013
TND-003273,MPLADS-003273,7,0,Open e-Tender,15634000.0,0.0008
TND-003274,MPLADS-003274,7,0,Open e-Tender,8747000.0,0.0055
TND-003275,MPLADS-003275,7,0,Open e-Tender,2335000.0,-0.0363
TND-003276,MPLADS-003276,3,0,Open e-Tender,2447000.0,0.0154
TND-003277,MPLADS-003277,4,0,Open e-Tender,618000.0,-0.008
TND-003278,MPLADS-003278,4,0,Open e-Tender,1515000.0,-0.0085
TND-003279,MPLADS-003279,5,0,Open e-Tender,503000.0,-0.0059
TND-003280,MPLADS-003280,3,0,Open e-Tender,1602000.0,0.0191
TND-003281,MPLADS-003281,4,0,Open e-Tender,1810000.0,-0.0423
TND-003282,MPLADS-003282,6,0,Open e-Tender,2202000.0,-0.0447
TND-003283,MPLADS-003283,7,0,Open e-Tender,662000.0,-0.0193
TND-003284,MPLADS-003284,7,0,Open e-Tender,2395000.0,-0.0058
TND-003285,MPLADS-003285,3,0,Open e-Tender,2870000.0,-0.0343
TND-003286,MPLADS-003286,3,0,Open e-Tender,538000.0,0.0132
TND-003287,MPLADS-003287,7,0,Open e-Tender,590000.0,-0.053
TND-003288,MPLADS-003288,7,0,Open e-Tender,2107000.0,-0.0094
TND-003289,MPLADS-003289,5,0,Open e-Tender,2315000.0,-0.0224
TND-003290,MPLADS-003290,6,0,Open e-Tender,2290000.0,0.0079
TND-003291,MPLADS-003291,3,0,Open e-Tender,14965000.0,-0.0331
TND-003292,MPLADS-003292,6,0,Open e-Tender,1300000.0,-0.0349
TND-003293,MPLADS-003293,4,0,Open e-Tender,2466000.0,0.0119
TND-003294,MPLADS-003294,4,0,Open e-Tender,2850000.0,0.011
TND-003295,MPLADS-003295,3,0,Open e-Tender,726000.0,-0.0346
TND-003296,MPLADS-003296,5,0,Open e-Tender,1014000.0,0.01
TND-003297,MPLADS-003297,6,0,Open e-Tender,8575000.0,-0.0439
TND-003298,MPLADS-003298,6,0,Open e-Tender,2780000.0,-0.0256
TND-003299,MPLADS-003299,7,0,Open e-Tender,425000.0,-0.0093
TND-003300,MPLADS-003300,5,0,Open e-Tender,1924000.0,0.0169
TND-003301,MPLADS-003301,4,0,Open e-Tender,8913000.0,-0.0121
TND-003302,MPLADS-003302,3,0,Open e-Tender,2270000.0,0.0134
TND-003303,MPLADS-003303,6,0,Open e-Tender,693000.0,-0.01
TND-003304,MPLADS-003304,1,1,Single Tender Inquiry,2295000.0,-0.0337
TND-003305,MPLADS-003305,3,0,Open e-Tender,12313000.0,0.0084
TND-003306,MPLADS-003306,3,0,Open e-Tender,1933000.0,-0.0747
TND-003307,MPLADS-003307,6,0,Open e-Tender,2397000.0,-0.014
TND-003308,MPLADS-003308,5,0,Open e-Tender,8388000.0,-0.0418
TND-003309,MPLADS-003309,4,0,Open e-Tender,3190000.0,-0.0145
TND-003310,MPLADS-003310,4,0,Open e-Tender,13188000.0,-0.0046
TND-003311,MPLADS-003311,3,0,Open e-Tender,2679000.0,0.0019
TND-003312,MPLADS-003312,7,0,Open e-Tender,1655000.0,-0.0472
TND-003313,MPLADS-003313,6,0,Open e-Tender,343000.0,-0.0654
TND-003314,MPLADS-003314,4,0,Open e-Tender,2944000.0,-0.0466
TND-003315,MPLADS-003315,4,0,Open e-Tender,2238000.0,-0.0415
TND-003316,MPLADS-003316,5,0,Open e-Tender,2158000.0,-0.0305
TND-003317,MPLADS-003317,1,1,Single Tender Inquiry,1919000.0,-0.0139
TND-003318,MPLADS-003318,5,0,Open e-Tender,1514000.0,-0.0448
TND-003319,MPLADS-003319,4,0,Open e-Tender,1846000.0,-0.0065
TND-003320,MPLADS-003320,3,0,Open e-Tender,428000.0,0.0142
TND-003321,MPLADS-003321,7,0,Open e-Tender,1985000.0,-0.0443
TND-003322,MPLADS-003322,3,0,Open e-Tender,1353000.0,-0.0315
TND-003323,MPLADS-003323,5,0,Open e-Tender,3450000.0,-0.0558
TND-003324,MPLADS-003324,5,0,Open e-Tender,2096000.0,0.0091
TND-003325,MPLADS-003325,5,0,Open e-Tender,2467000.0,-0.0641
TND-003326,MPLADS-003326,3,0,Open e-Tender,3174000.0,0.0134
TND-003327,MPLADS-003327,6,0,Open e-Tender,427000.0,-0.0778
TND-003328,MPLADS-003328,6,0,Open e-Tender,819000.0,-0.0629
TND-003329,MPLADS-003329,4,0,Open e-Tender,474000.0,-0.0366
TND-003330,MPLADS-003330,4,0,Open e-Tender,2733000.0,-0.0036
TND-003331,MPLADS-003331,3,0,Open e-Tender,1290000.0,-0.0323
TND-003332,MPLADS-003332,4,0,Open e-Tender,10790000.0,-0.0161
TND-003333,MPLADS-003333,5,0,Open e-Tender,2596000.0,0.0039
TND-003334,MPLADS-003334,4,0,Open e-Tender,3332000.0,-0.0762
TND-003335,MPLADS-003335,7,0,Open e-Tender,1113000.0,0.0174
TND-003336,MPLADS-003336,7,0,Open e-Tender,534000.0,-0.0074
TND-003337,MPLADS-003337,3,0,Open e-Tender,3381000.0,-0.0543
TND-003338,MPLADS-003338,1,1,Single Tender Inquiry,666000.0,0.0045
TND-003339,MPLADS-003339,4,0,Open e-Tender,11288000.0,-0.0587
TND-003340,MPLADS-003340,7,0,Open e-Tender,8170000.0,-0.0557
TND-003341,MPLADS-003341,5,0,Open e-Tender,1295000.0,0.0181
TND-003342,MPLADS-003342,6,0,Open e-Tender,1301000.0,0.0062
TND-003343,MPLADS-003343,5,0,Open e-Tender,11486000.0,0.0003
TND-003344,MPLADS-003344,3,0,Open e-Tender,13218000.0,-0.0106
TND-003345,MPLADS-003345,6,0,Open e-Tender,11373000.0,-0.0328
TND-003346,MPLADS-003346,5,0,Open e-Tender,15783000.0,0.0004
TND-003347,MPLADS-003347,7,0,Open e-Tender,1648000.0,0.0117
TND-003348,MPLADS-003348,3,0,Open e-Tender,438000.0,-0.0621
TND-003349,MPLADS-003349,4,0,Open e-Tender,896000.0,0.0147
TND-003350,MPLADS-003350,6,0,Open e-Tender,643000.0,-0.0627
TND-003351,MPLADS-003351,5,0,Open e-Tender,2877000.0,-0.0247
TND-003352,MPLADS-003352,4,0,Open e-Tender,2674000.0,-0.0757
TND-003353,MPLADS-003353,7,0,Open e-Tender,2898000.0,0.0091
TND-003354,MPLADS-003354,3,0,Open e-Tender,15561000.0,-0.0079
TND-003355,MPLADS-003355,5,0,Open e-Tender,1129000.0,-0.035
TND-003356,MPLADS-003356,3,0,Open e-Tender,1007000.0,-0.0571
TND-003357,MPLADS-003357,5,0,Open e-Tender,2204000.0,-0.0405
TND-003358,MPLADS-003358,4,0,Open e-Tender,16397000.0,-0.0169
TND-003359,MPLADS-003359,5,0,Open e-Tender,2964000.0,-0.0292
TND-003360,MPLADS-003360,6,0,Open e-Tender,693000.0,-0.0335
TND-003361,MPLADS-003361,4,0,Open e-Tender,3003000.0,-0.0228
TND-003362,MPLADS-003362,5,0,Open e-Tender,2312000.0,-0.0128
TND-003363,MPLADS-003363,7,0,Open e-Tender,1674000.0,-0.0176
TND-003364,MPLADS-003364,4,0,Open e-Tender,536000.0,-0.0759
TND-003365,MPLADS-003365,4,0,Open e-Tender,558000.0,-0.0494
TND-003366,MPLADS-003366,6,0,Open e-Tender,3568000.0,0.0154
TND-003367,MPLADS-003367,4,0,Open e-Tender,1844000.0,-0.0128
TND-003368,MPLADS-003368,3,0,Open e-Tender,950000.0,-0.0365
TND-003369,MPLADS-003369,7,0,Open e-Tender,1394000.0,0.0007
TND-003370,MPLADS-003370,5,0,Open e-Tender,636000.0,-0.0783
TND-003371,MPLADS-003371,5,0,Open e-Tender,2622000.0,-0.0176
TND-003372,MPLADS-003372,3,0,Open e-Tender,3080000.0,-0.0635
TND-003373,MPLADS-003373,3,0,Open e-Tender,2855000.0,-0.0429
TND-003374,MPLADS-003374,5,0,Open e-Tender,1773000.0,-0.0028
TND-003375,MPLADS-003375,4,0,Open e-Tender,464000.0,0.0153
TND-003376,MPLADS-003376,7,0,Open e-Tender,3517000.0,-0.0309
TND-003377,MPLADS-003377,6,0,Open e-Tender,2008000.0,-0.0089
TND-003378,MPLADS-003378,6,0,Open e-Tender,2436000.0,0.007
TND-003379,MPLADS-003379,1,1,Single Tender Inquiry,434000.0,-0.0524
TND-003380,MPLADS-003380,5,0,Open e-Tender,1791000.0,-0.0127
TND-003381,MPLADS-003381,3,0,Open e-Tender,14519000.0,-0.0115
TND-003382,MPLADS-003382,7,0,Open e-Tender,2658000.0,-0.0282
TND-003383,MPLADS-003383,4,0,Open e-Tender,1756000.0,-0.0212
TND-003384,MPLADS-003384,6,0,Open e-Tender,838000.0,-0.0267
TND-003385,MPLADS-003385,3,0,Open e-Tender,1758000.0,-0.0162
TND-003386,MPLADS-003386,6,0,Open e-Tender,3462000.0,-0.0251
TND-003387,MPLADS-003387,7,0,Open e-Tender,2267000.0,-0.0546
TND-003388,MPLADS-003388,6,0,Open e-Tender,1967000.0,-0.0761
TND-003389,MPLADS-003389,4,0,Open e-Tender,2359000.0,-0.0076
TND-003390,MPLADS-003390,3,0,Open e-Tender,3128000.0,-0.0048
TND-003391,MPLADS-003391,4,0,Open e-Tender,10790000.0,0.013
TND-003392,MPLADS-003392,6,0,Open e-Tender,429000.0,0.0166
TND-003393,MPLADS-003393,3,0,Open e-Tender,3252000.0,0.0093
TND-003394,MPLADS-003394,4,0,Open e-Tender,13092000.0,-0.0729
TND-003395,MPLADS-003395,5,0,Open e-Tender,835000.0,-0.0743
TND-003396,MPLADS-003396,5,0,Open e-Tender,2440000.0,-0.0037
TND-003397,MPLADS-003397,6,0,Open e-Tender,1994000.0,-0.0625
TND-003398,MPLADS-003398,1,1,Single Tender Inquiry,3028000.0,-0.0338
TND-003399,MPLADS-003399,3,0,Open e-Tender,2578000.0,-0.0686
TND-003400,MPLADS-003400,4,0,Open e-Tender,1933000.0,-0.0272
TND-003401,MPLADS-003401,4,0,Open e-Tender,1775000.0,-0.0199
TND-003402,MPLADS-003402,3,0,Open e-Tender,355000.0,-0.0139
TND-003403,MPLADS-003403,6,0,Open e-Tender,2127000.0,-0.0336
TND-003404,MPLADS-003404,7,0,Open e-Tender,2016000.0,-0.0354
TND-003405,MPLADS-003405,3,0,Open e-Tender,2056000.0,-0.0242
TND-003406,MPLADS-003406,5,0,Open e-Tender,1802000.0,-0.0158
TND-003407,MPLADS-003407,6,0,Open e-Tender,2334000.0,-0.0339
TND-003408,MPLADS-003408,3,0,Open e-Tender,941000.0,-0.0775
TND-003409,MPLADS-003409,5,0,Open e-Tender,2209000.0,-0.045
TND-003410,MPLADS-003410,4,0,Open e-Tender,373000.0,0.0054
TND-003411,MPLADS-003411,1,1,Single Tender Inquiry,1167000.0,-0.0679
TND-003412,MPLADS-003412,3,0,Open e-Tender,646000.0,-0.0486
TND-003413,MPLADS-003413,4,0,Open e-Tender,367000.0,0.0
TND-003414,MPLADS-003414,4,0,Open e-Tender,2341000.0,0.0139
TND-003415,MPLADS-003415,4,0,Open e-Tender,2342000.0,0.0004
TND-003416,MPLADS-003416,6,0,Open e-Tender,2505000.0,-0.0332
TND-003417,MPLADS-003417,7,0,Open e-Tender,2215000.0,-0.0424
TND-003418,MPLADS-003418,6,0,Open e-Tender,1182000.0,-0.078
TND-003419,MPLADS-003419,6,0,Open e-Tender,367000.0,-0.0187
TND-003420,MPLADS-003420,7,0,Open e-Tender,1421000.0,-0.0712
TND-003421,MPLADS-003421,7,0,Open e-Tender,630000.0,-0.0762
TND-003422,MPLADS-003422,5,0,Open e-Tender,2402000.0,-0.0751
TND-003423,MPLADS-003423,6,0,Open e-Tender,3370000.0,-0.0418
TND-003424,MPLADS-003424,5,0,Open e-Tender,659000.0,-0.006
TND-003425,MPLADS-003425,7,0,Open e-Tender,1323000.0,-0.055
TND-003426,MPLADS-003426,5,0,Open e-Tender,1125000.0,0.0126
TND-003427,MPLADS-003427,4,0,Open e-Tender,2012000.0,-0.0451
TND-003428,MPLADS-003428,6,0,Open e-Tender,11749000.0,-0.0469
TND-003429,MPLADS-003429,4,0,Open e-Tender,3523000.0,-0.0121
TND-003430,MPLADS-003430,4,0,Open e-Tender,2988000.0,-0.0583
TND-003431,MPLADS-003431,3,0,Open e-Tender,512000.0,-0.0588
TND-003432,MPLADS-003432,6,0,Open e-Tender,1394000.0,-0.0774
TND-003433,MPLADS-003433,1,1,Single Tender Inquiry,3014000.0,-0.0221
TND-003434,MPLADS-003434,7,0,Open e-Tender,12507000.0,0.0022
TND-003435,MPLADS-003435,7,0,Open e-Tender,2602000.0,0.0196
TND-003436,MPLADS-003436,7,0,Open e-Tender,2865000.0,-0.0392
TND-003437,MPLADS-003437,4,0,Open e-Tender,1621000.0,-0.0357
TND-003438,MPLADS-003438,3,0,Open e-Tender,2619000.0,-0.0417
TND-003439,MPLADS-003439,5,0,Open e-Tender,3111000.0,0.0094
TND-003440,MPLADS-003440,6,0,Open e-Tender,1407000.0,-0.0071
TND-003441,MPLADS-003441,7,0,Open e-Tender,2088000.0,0.0014
TND-003442,MPLADS-003442,7,0,Open e-Tender,1941000.0,0.0036
TND-003443,MPLADS-003443,7,0,Open e-Tender,1360000.0,-0.0755
TND-003444,MPLADS-003444,5,0,Open e-Tender,3421000.0,0.0175
TND-003445,MPLADS-003445,3,0,Open e-Tender,9097000.0,-0.0336
TND-003446,MPLADS-003446,4,0,Open e-Tender,13662000.0,0.0196
TND-003447,MPLADS-003447,6,0,Open e-Tender,348000.0,-0.0518
TND-003448,MPLADS-003448,7,0,Open e-Tender,1867000.0,-0.0132
TND-003449,MPLADS-003449,7,0,Open e-Tender,2335000.0,0.0183
TND-003450,MPLADS-003450,7,0,Open e-Tender,931000.0,-0.0221
TND-003451,MPLADS-003451,4,0,Open e-Tender,2547000.0,-0.0574
TND-003452,MPLADS-003452,7,0,Open e-Tender,9217000.0,-0.0756
TND-003453,MPLADS-003453,7,0,Open e-Tender,3989000.0,-0.0452
TND-003454,MPLADS-003454,5,0,Open e-Tender,1307000.0,-0.0319
TND-003455,MPLADS-003455,5,0,Open e-Tender,2139000.0,-0.0277
TND-003456,MPLADS-003456,6,0,Open e-Tender,14370000.0,-0.0428
TND-003457,MPLADS-003457,4,0,Open e-Tender,15295000.0,-0.0385
TND-003458,MPLADS-003458,7,0,Open e-Tender,11576000.0,-0.0258
TND-003459,MPLADS-003459,5,0,Open e-Tender,2372000.0,-0.031
TND-003460,MPLADS-003460,1,1,Single Tender Inquiry,11245000.0,-0.0136
TND-003461,MPLADS-003461,4,0,Open e-Tender,12870000.0,0.0093
TND-003462,MPLADS-003462,7,0,Open e-Tender,2215000.0,-0.0067
TND-003463,MPLADS-003463,5,0,Open e-Tender,942000.0,0.0195
TND-003464,MPLADS-003464,7,0,Open e-Tender,1269000.0,0.0176
TND-003465,MPLADS-003465,5,0,Open e-Tender,1937000.0,-0.0406
TND-003466,MPLADS-003466,4,0,Open e-Tender,1136000.0,-0.0299
TND-003467,MPLADS-003467,3,0,Open e-Tender,9275000.0,-0.0629
TND-003468,MPLADS-003468,7,0,Open e-Tender,539000.0,0.0
TND-003469,MPLADS-003469,6,0,Open e-Tender,11124000.0,-0.0625
TND-003470,MPLADS-003470,4,0,Open e-Tender,453000.0,0.0089
TND-003471,MPLADS-003471,5,0,Open e-Tender,1007000.0,-0.0098
TND-003472,MPLADS-003472,3,0,Open e-Tender,1828000.0,-0.0777
TND-003473,MPLADS-003473,1,1,Single Tender Inquiry,445000.0,-0.043
TND-003474,MPLADS-003474,7,0,Open e-Tender,2140000.0,-0.0352
TND-003475,MPLADS-003475,5,0,Open e-Tender,778000.0,0.017
TND-003476,MPLADS-003476,6,0,Open e-Tender,412000.0,-0.0144
TND-003477,MPLADS-003477,7,0,Open e-Tender,2414000.0,0.019
TND-003478,MPLADS-003478,7,0,Open e-Tender,1092000.0,-0.0643
TND-003479,MPLADS-003479,3,0,Open e-Tender,3384000.0,-0.0724
TND-003480,MPLADS-003480,4,0,Open e-Tender,1843000.0,-0.0597
TND-003481,MPLADS-003481,7,0,Open e-Tender,12124000.0,-0.0612
TND-003482,MPLADS-003482,5,0,Open e-Tender,2190000.0,-0.0519
TND-003483,MPLADS-003483,6,0,Open e-Tender,2577000.0,-0.073
TND-003484,MPLADS-003484,5,0,Open e-Tender,612000.0,0.0099
TND-003485,MPLADS-003485,3,0,Open e-Tender,799000.0,-0.0099
TND-003486,MPLADS-003486,6,0,Open e-Tender,1783000.0,-0.0072
TND-003487,MPLADS-003487,7,0,Open e-Tender,405000.0,-0.0426
TND-003488,MPLADS-003488,7,0,Open e-Tender,3095000.0,-0.0456
TND-003489,MPLADS-003489,7,0,Open e-Tender,478000.0,-0.0664
TND-003490,MPLADS-003490,7,0,Open e-Tender,10495000.0,-0.022
TND-003491,MPLADS-003491,4,0,Open e-Tender,2524000.0,-0.0429
TND-003492,MPLADS-003492,7,0,Open e-Tender,354000.0,-0.0275
TND-003493,MPLADS-003493,6,0,Open e-Tender,782000.0,-0.0556
TND-003494,MPLADS-003494,4,0,Open e-Tender,2026000.0,-0.0227
TND-003495,MPLADS-003495,5,0,Open e-Tender,7701000.0,-0.0491
TND-003496,MPLADS-003496,7,0,Open e-Tender,1485000.0,-0.066
TND-003497,MPLADS-003497,6,0,Open e-Tender,1955000.0,-0.0537
TND-003498,MPLADS-003498,5,0,Open e-Tender,535000.0,0.0113
TND-003499,MPLADS-003499,3,0,Open e-Tender,1922000.0,0.0105
TND-003500,MPLADS-003500,6,0,Open e-Tender,1913000.0,0.0197
TND-003501,MPLADS-003501,6,0,Open e-Tender,1186000.0,-0.0632
TND-003502,MPLADS-003502,7,0,Open e-Tender,2552000.0,-0.0177
TND-003503,MPLADS-003503,6,0,Open e-Tender,1868000.0,0.0197
TND-003504,MPLADS-003504,5,0,Open e-Tender,1403000.0,-0.0311
TND-003505,MPLADS-003505,6,0,Open e-Tender,2766000.0,-0.0652
TND-003506,MPLADS-003506,5,0,Open e-Tender,3788000.0,-0.0026
TND-003507,MPLADS-003507,5,0,Open e-Tender,595000.0,-0.0465
TND-003508,MPLADS-003508,4,0,Open e-Tender,1794000.0,-0.0154
TND-003509,MPLADS-003509,6,0,Open e-Tender,6054000.0,-0.0413
TND-003510,MPLADS-003510,3,0,Open e-Tender,1000000.0,-0.0732
TND-003511,MPLADS-003511,7,0,Open e-Tender,401000.0,-0.0337
TND-003512,MPLADS-003512,5,0,Open e-Tender,2511000.0,-0.0264
TND-003513,MPLADS-003513,7,0,Open e-Tender,502000.0,-0.0328
TND-003514,MPLADS-003514,5,0,Open e-Tender,1053000.0,-0.025
TND-003515,MPLADS-003515,3,0,Open e-Tender,10863000.0,-0.0539
TND-003516,MPLADS-003516,4,0,Open e-Tender,1864000.0,-0.0661
TND-003517,MPLADS-003517,6,0,Open e-Tender,555000.0,-0.0561
TND-003518,MPLADS-003518,7,0,Open e-Tender,16039000.0,-0.0424
TND-003519,MPLADS-003519,5,0,Open e-Tender,1025000.0,0.0128
TND-003520,MPLADS-003520,5,0,Open e-Tender,1225000.0,-0.0613
TND-003521,MPLADS-003521,5,0,Open e-Tender,360000.0,-0.0028
TND-003522,MPLADS-003522,3,0,Open e-Tender,9952000.0,-0.0677
TND-003523,MPLADS-003523,6,0,Open e-Tender,1824000.0,-0.0076
TND-003524,MPLADS-003524,6,0,Open e-Tender,1913000.0,-0.0235
TND-003525,MPLADS-003525,5,0,Open e-Tender,1703000.0,-0.0139
TND-003526,MPLADS-003526,7,0,Open e-Tender,2224000.0,-0.0098
TND-003527,MPLADS-003527,5,0,Open e-Tender,575000.0,-0.0785
TND-003528,MPLADS-003528,3,0,Open e-Tender,1548000.0,-0.0775
TND-003529,MPLADS-003529,5,0,Open e-Tender,434000.0,0.014
TND-003530,MPLADS-003530,4,0,Open e-Tender,11000000.0,-0.0347
TND-003531,MPLADS-003531,1,1,Single Tender Inquiry,661000.0,-0.0222
TND-003532,MPLADS-003532,5,0,Open e-Tender,12680000.0,-0.0437
TND-003533,MPLADS-003533,4,0,Open e-Tender,352000.0,0.0
TND-003534,MPLADS-003534,6,0,Open e-Tender,10910000.0,-0.041
TND-003535,MPLADS-003535,4,0,Open e-Tender,2419000.0,0.013
TND-003536,MPLADS-003536,4,0,Open e-Tender,1515000.0,-0.0671
TND-003537,MPLADS-003537,6,0,Open e-Tender,3180000.0,0.0013
TND-003538,MPLADS-003538,7,0,Open e-Tender,2335000.0,-0.0355
TND-003539,MPLADS-003539,7,0,Open e-Tender,1822000.0,-0.035
TND-003540,MPLADS-003540,3,0,Open e-Tender,2192000.0,-0.0284
TND-003541,MPLADS-003541,3,0,Open e-Tender,634000.0,0.0048
TND-003542,MPLADS-003542,7,0,Open e-Tender,973000.0,0.0093
TND-003543,MPLADS-003543,5,0,Open e-Tender,2285000.0,-0.0566
TND-003544,MPLADS-003544,5,0,Open e-Tender,2167000.0,-0.0566
TND-003545,MPLADS-003545,5,0,Open e-Tender,782000.0,-0.0038
TND-003546,MPLADS-003546,5,0,Open e-Tender,1753000.0,-0.0185
TND-003547,MPLADS-003547,7,0,Open e-Tender,12626000.0,-0.0504
TND-003548,MPLADS-003548,6,0,Open e-Tender,1032000.0,-0.0436
TND-003549,MPLADS-003549,6,0,Open e-Tender,2787000.0,-0.054
TND-003550,MPLADS-003550,7,0,Open e-Tender,2125000.0,0.0071
TND-003551,MPLADS-003551,5,0,Open e-Tender,2401000.0,0.0191
TND-003552,MPLADS-003552,4,0,Open e-Tender,2278000.0,-0.0404
TND-003553,MPLADS-003553,3,0,Open e-Tender,1266000.0,-0.0321
TND-003554,MPLADS-003554,3,0,Open e-Tender,2816000.0,-0.0776
TND-003555,MPLADS-003555,5,0,Open e-Tender,2827000.0,-0.0761
TND-003556,MPLADS-003556,6,0,Open e-Tender,1704000.0,-0.0378
TND-003557,MPLADS-003557,4,0,Open e-Tender,435000.0,-0.0136
TND-003558,MPLADS-003558,5,0,Open e-Tender,2189000.0,-0.0617
TND-003559,MPLADS-003559,1,1,Single Tender Inquiry,367000.0,-0.059
TND-003560,MPLADS-003560,5,0,Open e-Tender,554000.0,-0.0767
TND-003561,MPLADS-003561,3,0,Open e-Tender,3010000.0,0.0186
TND-003562,MPLADS-003562,4,0,Open e-Tender,1806000.0,-0.07
TND-003563,MPLADS-003563,7,0,Open e-Tender,3529000.0,-0.0203
TND-003564,MPLADS-003564,6,0,Open e-Tender,1717000.0,-0.02
TND-003565,MPLADS-003565,4,0,Open e-Tender,10046000.0,-0.0467
TND-003566,MPLADS-003566,7,0,Open e-Tender,3229000.0,-0.0119
TND-003567,MPLADS-003567,4,0,Open e-Tender,1914000.0,-0.0103
TND-003568,MPLADS-003568,7,0,Open e-Tender,3369000.0,-0.0274
TND-003569,MPLADS-003569,7,0,Open e-Tender,4009000.0,-0.0536
TND-003570,MPLADS-003570,7,0,Open e-Tender,3716000.0,-0.0537
TND-003571,MPLADS-003571,6,0,Open e-Tender,612000.0,0.0033
TND-003572,MPLADS-003572,6,0,Open e-Tender,1039000.0,0.0087
TND-003573,MPLADS-003573,4,0,Open e-Tender,954000.0,-0.0225
TND-003574,MPLADS-003574,4,0,Open e-Tender,1752000.0,0.0092
TND-003575,MPLADS-003575,4,0,Open e-Tender,15610000.0,0.0041
TND-003576,MPLADS-003576,5,0,Open e-Tender,1104000.0,-0.0265
TND-003577,MPLADS-003577,7,0,Open e-Tender,3871000.0,-0.0777
TND-003578,MPLADS-003578,7,0,Open e-Tender,14835000.0,-0.0058
TND-003579,MPLADS-003579,3,0,Open e-Tender,385000.0,0.0026
TND-003580,MPLADS-003580,7,0,Open e-Tender,2224000.0,-0.0737
TND-003581,MPLADS-003581,7,0,Open e-Tender,1680000.0,0.0042
TND-003582,MPLADS-003582,4,0,Open e-Tender,1761000.0,-0.0424
TND-003583,MPLADS-003583,4,0,Open e-Tender,1430000.0,0.0021
TND-003584,MPLADS-003584,6,0,Open e-Tender,1306000.0,-0.0038
TND-003585,MPLADS-003585,3,0,Open e-Tender,1627000.0,-0.0724
TND-003586,MPLADS-003586,4,0,Open e-Tender,2353000.0,0.0009
TND-003587,MPLADS-003587,6,0,Open e-Tender,1339000.0,0.0175
TND-003588,MPLADS-003588,3,0,Open e-Tender,383000.0,-0.0496
TND-003589,MPLADS-003589,6,0,Open e-Tender,2631000.0,-0.0034
TND-003590,MPLADS-003590,7,0,Open e-Tender,1919000.0,0.0127
TND-003591,MPLADS-003591,4,0,Open e-Tender,654000.0,0.0108
TND-003592,MPLADS-003592,4,0,Open e-Tender,11537000.0,-0.0529
TND-003593,MPLADS-003593,5,0,Open e-Tender,1657000.0,-0.0515
TND-003594,MPLADS-003594,3,0,Open e-Tender,1747000.0,-0.0108
TND-003595,MPLADS-003595,3,0,Open e-Tender,1949000.0,-0.0525
TND-003596,MPLADS-003596,7,0,Open e-Tender,1487000.0,-0.0146
TND-003597,MPLADS-003597,6,0,Open e-Tender,464000.0,-0.0701
TND-003598,MPLADS-003598,6,0,Open e-Tender,2412000.0,-0.0278
TND-003599,MPLADS-003599,4,0,Open e-Tender,1795000.0,0.0164
TND-003600,MPLADS-003600,5,0,Open e-Tender,9531000.0,-0.0799
TND-003601,MPLADS-003601,7,0,Open e-Tender,2815000.0,-0.0014
TND-003602,MPLADS-003602,7,0,Open e-Tender,1949000.0,-0.0437
TND-003603,MPLADS-003603,5,0,Open e-Tender,2623000.0,-0.0685
TND-003604,MPLADS-003604,7,0,Open e-Tender,9116000.0,-0.0332
TND-003605,MPLADS-003605,7,0,Open e-Tender,1230000.0,-0.0223
TND-003606,MPLADS-003606,3,0,Open e-Tender,575000.0,-0.048
TND-003607,MPLADS-003607,5,0,Open e-Tender,512000.0,-0.0394
TND-003608,MPLADS-003608,7,0,Open e-Tender,14099000.0,-0.0133
TND-003609,MPLADS-003609,5,0,Open e-Tender,699000.0,-0.0183
TND-003610,MPLADS-003610,4,0,Open e-Tender,990000.0,-0.0562
TND-003611,MPLADS-003611,3,0,Open e-Tender,16155000.0,-0.0049
TND-003612,MPLADS-003612,5,0,Open e-Tender,3368000.0,-0.0391
TND-003613,MPLADS-003613,3,0,Open e-Tender,1753000.0,-0.0373
TND-003614,MPLADS-003614,7,0,Open e-Tender,3031000.0,-0.0356
TND-003615,MPLADS-003615,7,0,Open e-Tender,2634000.0,-0.0075
TND-003616,MPLADS-003616,5,0,Open e-Tender,3632000.0,-0.0467
TND-003617,MPLADS-003617,7,0,Open e-Tender,2969000.0,-0.0441
TND-003618,MPLADS-003618,6,0,Open e-Tender,1501000.0,-0.0209
TND-003619,MPLADS-003619,4,0,Open e-Tender,3195000.0,-0.0166
TND-003620,MPLADS-003620,3,0,Open e-Tender,2832000.0,0.0198
TND-003621,MPLADS-003621,6,0,Open e-Tender,3332000.0,-0.0483
TND-003622,MPLADS-003622,7,0,Open e-Tender,653000.0,-0.0091
TND-003623,MPLADS-003623,3,0,Open e-Tender,14887000.0,-0.0135
TND-003624,MPLADS-003624,7,0,Open e-Tender,1900000.0,0.0042
TND-003625,MPLADS-003625,6,0,Open e-Tender,3319000.0,-0.0402
TND-003626,MPLADS-003626,5,0,Open e-Tender,2160000.0,-0.0041
TND-003627,MPLADS-003627,1,1,Single Tender Inquiry,927000.0,0.0176
TND-003628,MPLADS-003628,3,0,Open e-Tender,695000.0,0.0043
TND-003629,MPLADS-003629,5,0,Open e-Tender,2796000.0,-0.022
TND-003630,MPLADS-003630,4,0,Open e-Tender,2619000.0,-0.0275
TND-003631,MPLADS-003631,7,0,Open e-Tender,3409000.0,-0.0127
TND-003632,MPLADS-003632,7,0,Open e-Tender,1056000.0,-0.0729
TND-003633,MPLADS-003633,3,0,Open e-Tender,2236000.0,-0.0345
TND-003634,MPLADS-003634,5,0,Open e-Tender,1299000.0,-0.0463
TND-003635,MPLADS-003635,1,1,Single Tender Inquiry,1567000.0,-0.0375
TND-003636,MPLADS-003636,7,0,Open e-Tender,1096000.0,0.0064
TND-003637,MPLADS-003637,6,0,Open e-Tender,59229000.0,0.0004
TND-003638,MPLADS-003638,3,0,Open e-Tender,1311000.0,-0.0548
TND-003639,MPLADS-003639,6,0,Open e-Tender,618000.0,-0.0749
TND-003640,MPLADS-003640,7,0,Open e-Tender,1028000.0,-0.0446
TND-003641,MPLADS-003641,1,1,Single Tender Inquiry,12898000.0,-0.0138
TND-003642,MPLADS-003642,7,0,Open e-Tender,13716000.0,0.0034
TND-003643,MPLADS-003643,4,0,Open e-Tender,3113000.0,-0.0498
TND-003644,MPLADS-003644,6,0,Open e-Tender,2875000.0,-0.0439
TND-003645,MPLADS-003645,6,0,Open e-Tender,10137000.0,-0.0609
TND-003646,MPLADS-003646,4,0,Open e-Tender,2605000.0,-0.0366
TND-003647,MPLADS-003647,7,0,Open e-Tender,2703000.0,-0.0207
TND-003648,MPLADS-003648,7,0,Open e-Tender,2350000.0,-0.0733
TND-003649,MPLADS-003649,3,0,Open e-Tender,645000.0,-0.0706
TND-003650,MPLADS-003650,6,0,Open e-Tender,2585000.0,-0.0212
TND-003651,MPLADS-003651,4,0,Open e-Tender,2557000.0,-0.0746
TND-003652,MPLADS-003652,4,0,Open e-Tender,1910000.0,-0.0314
TND-003653,MPLADS-003653,3,0,Open e-Tender,1790000.0,-0.0361
TND-003654,MPLADS-003654,5,0,Open e-Tender,8537000.0,-0.0271
TND-003655,MPLADS-003655,3,0,Open e-Tender,15685000.0,-0.0474
TND-003656,MPLADS-003656,4,0,Open e-Tender,352000.0,-0.0638
TND-003657,MPLADS-003657,6,0,Open e-Tender,649000.0,-0.0137
TND-003658,MPLADS-003658,4,0,Open e-Tender,1957000.0,0.0124
TND-003659,MPLADS-003659,5,0,Open e-Tender,351000.0,-0.0168
TND-003660,MPLADS-003660,3,0,Open e-Tender,44910000.0,-0.0006
TND-003661,MPLADS-003661,6,0,Open e-Tender,2822000.0,-0.044
TND-003662,MPLADS-003662,5,0,Open e-Tender,2338000.0,-0.0097
TND-003663,MPLADS-003663,3,0,Open e-Tender,1401000.0,-0.0404
TND-003664,MPLADS-003664,3,0,Open e-Tender,1514000.0,-0.0672
TND-003665,MPLADS-003665,5,0,Open e-Tender,9327000.0,-0.0495
TND-003666,MPLADS-003666,6,0,Open e-Tender,3110000.0,-0.0164
TND-003667,MPLADS-003667,6,0,Open e-Tender,11341000.0,-0.0193
TND-003668,MPLADS-003668,3,0,Open e-Tender,10461000.0,-0.0701
TND-003669,MPLADS-003669,5,0,Open e-Tender,8322000.0,-0.0567
TND-003670,MPLADS-003670,3,0,Open e-Tender,16158000.0,-0.008
TND-003671,MPLADS-003671,6,0,Open e-Tender,1129000.0,-0.0607
TND-003672,MPLADS-003672,1,1,Single Tender Inquiry,388000.0,-0.0276
TND-003673,MPLADS-003673,6,0,Open e-Tender,2765000.0,-0.0671
TND-003674,MPLADS-003674,7,0,Open e-Tender,2134000.0,-0.064
TND-003675,MPLADS-003675,6,0,Open e-Tender,2527000.0,-0.0255
TND-003676,MPLADS-003676,7,0,Open e-Tender,9214000.0,-0.0776
TND-003677,MPLADS-003677,4,0,Open e-Tender,1752000.0,-0.0135
TND-003678,MPLADS-003678,5,0,Open e-Tender,11322000.0,-0.0205
TND-003679,MPLADS-003679,4,0,Open e-Tender,3815000.0,-0.0361
TND-003680,MPLADS-003680,5,0,Open e-Tender,1993000.0,-0.0386
TND-003681,MPLADS-003681,6,0,Open e-Tender,3158000.0,-0.015
TND-003682,MPLADS-003682,7,0,Open e-Tender,10520000.0,-0.0316
TND-003683,MPLADS-003683,5,0,Open e-Tender,8464000.0,-0.0252
TND-003684,MPLADS-003684,3,0,Open e-Tender,1487000.0,-0.0281
TND-003685,MPLADS-003685,6,0,Open e-Tender,2036000.0,0.0109
TND-003686,MPLADS-003686,6,0,Open e-Tender,2401000.0,-0.0212
TND-003687,MPLADS-003687,4,0,Open e-Tender,8231000.0,-0.0739
TND-003688,MPLADS-003688,3,0,Open e-Tender,478000.0,-0.0646
TND-003689,MPLADS-003689,3,0,Open e-Tender,560000.0,-0.0088
TND-003690,MPLADS-003690,5,0,Open e-Tender,14939000.0,-0.0478
TND-003691,MPLADS-003691,4,0,Open e-Tender,2017000.0,-0.0432
TND-003692,MPLADS-003692,3,0,Open e-Tender,2196000.0,-0.0655
TND-003693,MPLADS-003693,4,0,Open e-Tender,2027000.0,-0.0107
TND-003694,MPLADS-003694,3,0,Open e-Tender,361000.0,-0.0399
TND-003695,MPLADS-003695,4,0,Open e-Tender,636000.0,-0.0619
TND-003696,MPLADS-003696,5,0,Open e-Tender,13581000.0,-0.0601
TND-003697,MPLADS-003697,7,0,Open e-Tender,529000.0,-0.057
TND-003698,MPLADS-003698,4,0,Open e-Tender,2005000.0,-0.064
TND-003699,MPLADS-003699,7,0,Open e-Tender,490000.0,0.0145
TND-003700,MPLADS-003700,3,0,Open e-Tender,9393000.0,-0.0475
TND-003701,MPLADS-003701,3,0,Open e-Tender,2560000.0,0.0195
TND-003702,MPLADS-003702,5,0,Open e-Tender,658000.0,-0.0719
TND-003703,MPLADS-003703,7,0,Open e-Tender,1720000.0,0.013
TND-003704,MPLADS-003704,5,0,Open e-Tender,12727000.0,-0.0722
TND-003705,MPLADS-003705,5,0,Open e-Tender,3149000.0,-0.0678
TND-003706,MPLADS-003706,4,0,Open e-Tender,865000.0,-0.0046
TND-003707,MPLADS-003707,5,0,Open e-Tender,2855000.0,-0.0118
TND-003708,MPLADS-003708,6,0,Open e-Tender,2502000.0,-0.0657
TND-003709,MPLADS-003709,7,0,Open e-Tender,1677000.0,-0.0181
TND-003710,MPLADS-003710,3,0,Open e-Tender,2836000.0,-0.0786
TND-003711,MPLADS-003711,3,0,Open e-Tender,542000.0,-0.0217
TND-003712,MPLADS-003712,3,0,Open e-Tender,372000.0,-0.0133
TND-003713,MPLADS-003713,4,0,Open e-Tender,534000.0,-0.0582
TND-003714,MPLADS-003714,4,0,Open e-Tender,774000.0,-0.0618
TND-003715,MPLADS-003715,3,0,Open e-Tender,2234000.0,-0.0279
TND-003716,MPLADS-003716,6,0,Open e-Tender,391000.0,-0.0646
TND-003717,MPLADS-003717,5,0,Open e-Tender,1278000.0,-0.007
TND-003718,MPLADS-003718,7,0,Open e-Tender,1214000.0,-0.0516
TND-003719,MPLADS-003719,7,0,Open e-Tender,836000.0,-0.0575
TND-003720,MPLADS-003720,4,0,Open e-Tender,2335000.0,-0.0588
TND-003721,MPLADS-003721,1,1,Single Tender Inquiry,2921000.0,-0.0709
TND-003722,MPLADS-003722,5,0,Open e-Tender,542000.0,-0.0199
TND-003723,MPLADS-003723,3,0,Open e-Tender,8084000.0,-0.0523
TND-003724,MPLADS-003724,3,0,Open e-Tender,1911000.0,-0.0353
TND-003725,MPLADS-003725,5,0,Open e-Tender,326000.0,-0.0739
TND-003726,MPLADS-003726,5,0,Open e-Tender,592000.0,-0.0133
TND-003727,MPLADS-003727,5,0,Open e-Tender,1917000.0,0.0079
TND-003728,MPLADS-003728,3,0,Open e-Tender,2908000.0,-0.0688
TND-003729,MPLADS-003729,3,0,Open e-Tender,1694000.0,0.0036
TND-003730,MPLADS-003730,3,0,Open e-Tender,2887000.0,-0.0541
TND-003731,MPLADS-003731,4,0,Open e-Tender,3845000.0,-0.0492
TND-003732,MPLADS-003732,4,0,Open e-Tender,643000.0,-0.0572
TND-003733,MPLADS-003733,6,0,Open e-Tender,3007000.0,-0.0445
TND-003734,MPLADS-003734,5,0,Open e-Tender,2826000.0,-0.007
TND-003735,MPLADS-003735,5,0,Open e-Tender,616000.0,-0.0065
TND-003736,MPLADS-003736,5,0,Open e-Tender,1780000.0,-0.0744
TND-003737,MPLADS-003737,3,0,Open e-Tender,1969000.0,-0.0579
TND-003738,MPLADS-003738,5,0,Open e-Tender,331000.0,-0.0728
TND-003739,MPLADS-003739,4,0,Open e-Tender,1838000.0,0.0132
TND-003740,MPLADS-003740,4,0,Open e-Tender,1592000.0,-0.0569
TND-003741,MPLADS-003741,3,0,Open e-Tender,2221000.0,-0.0314
TND-003742,MPLADS-003742,3,0,Open e-Tender,3062000.0,-0.0505
TND-003743,MPLADS-003743,7,0,Open e-Tender,2408000.0,-0.0788
TND-003744,MPLADS-003744,5,0,Open e-Tender,3220000.0,0.0031
TND-003745,MPLADS-003745,5,0,Open e-Tender,663000.0,0.0076
TND-003746,MPLADS-003746,1,1,Single Tender Inquiry,1664000.0,-0.0125
TND-003747,MPLADS-003747,3,0,Open e-Tender,2972000.0,-0.0243
TND-003748,MPLADS-003748,7,0,Open e-Tender,2122000.0,-0.0762
TND-003749,MPLADS-003749,6,0,Open e-Tender,548000.0,-0.0632
TND-003750,MPLADS-003750,5,0,Open e-Tender,740000.0,-0.0301
TND-003751,MPLADS-003751,5,0,Open e-Tender,346000.0,-0.0308
TND-003752,MPLADS-003752,7,0,Open e-Tender,8638000.0,-0.054
TND-003753,MPLADS-003753,6,0,Open e-Tender,623000.0,0.0147
TND-003754,MPLADS-003754,6,0,Open e-Tender,10312000.0,-0.0316
TND-003755,MPLADS-003755,5,0,Open e-Tender,2447000.0,0.002
TND-003756,MPLADS-003756,3,0,Open e-Tender,2473000.0,-0.008
TND-003757,MPLADS-003757,4,0,Open e-Tender,2582000.0,-0.0525
TND-003758,MPLADS-003758,5,0,Open e-Tender,1349000.0,-0.0059
TND-003759,MPLADS-003759,4,0,Open e-Tender,949000.0,0.0074
TND-003760,MPLADS-003760,1,1,Single Tender Inquiry,1763000.0,-0.0292
TND-003761,MPLADS-003761,4,0,Open e-Tender,1608000.0,0.0075
TND-003762,MPLADS-003762,6,0,Open e-Tender,593000.0,-0.0017
TND-003763,MPLADS-003763,6,0,Open e-Tender,1502000.0,-0.0328
TND-003764,MPLADS-003764,7,0,Open e-Tender,804000.0,0.0088
TND-003765,MPLADS-003765,7,0,Open e-Tender,559000.0,-0.0244
TND-003766,MPLADS-003766,1,1,Single Tender Inquiry,1551000.0,-0.0461
TND-003767,MPLADS-003767,5,0,Open e-Tender,1483000.0,-0.08
TND-003768,MPLADS-003768,6,0,Open e-Tender,5646000.0,0.0046
TND-003769,MPLADS-003769,7,0,Open e-Tender,2804000.0,0.0
TND-003770,MPLADS-003770,6,0,Open e-Tender,1910000.0,-0.0782
TND-003771,MPLADS-003771,7,0,Open e-Tender,1191000.0,-0.0746
TND-003772,MPLADS-003772,4,0,Open e-Tender,2210000.0,0.0068
TND-003773,MPLADS-003773,3,0,Open e-Tender,788000.0,-0.0025
TND-003774,MPLADS-003774,7,0,Open e-Tender,787000.0,-0.0472
TND-003775,MPLADS-003775,3,0,Open e-Tender,10554000.0,-0.0391
TND-003776,MPLADS-003776,4,0,Open e-Tender,371000.0,-0.0413
TND-003777,MPLADS-003777,6,0,Open e-Tender,2324000.0,-0.0235
TND-003778,MPLADS-003778,5,0,Open e-Tender,1571000.0,-0.0169
TND-003779,MPLADS-003779,4,0,Open e-Tender,541000.0,-0.0339
TND-003780,MPLADS-003780,1,1,Single Tender Inquiry,525000.0,-0.0523
TND-003781,MPLADS-003781,3,0,Open e-Tender,10675000.0,-0.058
TND-003782,MPLADS-003782,6,0,Open e-Tender,3446000.0,-0.046
TND-003783,MPLADS-003783,4,0,Open e-Tender,2733000.0,-0.0685
TND-003784,MPLADS-003784,1,1,Single Tender Inquiry,2101000.0,-0.0654
TND-003785,MPLADS-003785,5,0,Open e-Tender,1784000.0,-0.0776
TND-003786,MPLADS-003786,6,0,Open e-Tender,2062000.0,-0.0167
TND-003787,MPLADS-003787,7,0,Open e-Tender,1831000.0,0.0178
TND-003788,MPLADS-003788,3,0,Open e-Tender,1928000.0,-0.0493
TND-003789,MPLADS-003789,3,0,Open e-Tender,2050000.0,0.0039
TND-003790,MPLADS-003790,5,0,Open e-Tender,622000.0,-0.0357
TND-003791,MPLADS-003791,1,1,Single Tender Inquiry,2658000.0,-0.0363
TND-003792,MPLADS-003792,4,0,Open e-Tender,2805000.0,-0.0367
TND-003793,MPLADS-003793,4,0,Open e-Tender,1778000.0,-0.0778
TND-003794,MPLADS-003794,4,0,Open e-Tender,2094000.0,-0.071
TND-003795,MPLADS-003795,5,0,Open e-Tender,2140000.0,0.0152
TND-003796,MPLADS-003796,3,0,Open e-Tender,897000.0,-0.0676
TND-003797,MPLADS-003797,7,0,Open e-Tender,356000.0,-0.0507
TND-003798,MPLADS-003798,6,0,Open e-Tender,1628000.0,0.0112
TND-003799,MPLADS-003799,4,0,Open e-Tender,2772000.0,-0.0061
TND-003800,MPLADS-003800,4,0,Open e-Tender,664000.0,-0.025
TND-003801,MPLADS-003801,4,0,Open e-Tender,2584000.0,-0.0785
TND-003802,MPLADS-003802,5,0,Open e-Tender,1355000.0,-0.0015
TND-003803,MPLADS-003803,3,0,Open e-Tender,9815000.0,0.0138
TND-003804,MPLADS-003804,1,1,Single Tender Inquiry,400000.0,-0.0099
TND-003805,MPLADS-003805,6,0,Open e-Tender,8814000.0,-0.0204
TND-003806,MPLADS-003806,5,0,Open e-Tender,1438000.0,-0.0674
TND-003807,MPLADS-003807,5,0,Open e-Tender,15734000.0,0.0031
TND-003808,MPLADS-003808,4,0,Open e-Tender,1336000.0,-0.069
TND-003809,MPLADS-003809,3,0,Open e-Tender,13991000.0,-0.0542
TND-003810,MPLADS-003810,3,0,Open e-Tender,1487000.0,-0.0262
TND-003811,MPLADS-003811,5,0,Open e-Tender,414000.0,-0.0439
TND-003812,MPLADS-003812,6,0,Open e-Tender,568000.0,-0.0291
TND-003813,MPLADS-003813,6,0,Open e-Tender,807000.0,-0.0495
TND-003814,MPLADS-003814,3,0,Open e-Tender,3273000.0,-0.0177
TND-003815,MPLADS-003815,6,0,Open e-Tender,593000.0,-0.0497
TND-003816,MPLADS-003816,6,0,Open e-Tender,4427000.0,-0.0045
TND-003817,MPLADS-003817,7,0,Open e-Tender,2107000.0,-0.0475
TND-003818,MPLADS-003818,5,0,Open e-Tender,3010000.0,-0.0469
TND-003819,MPLADS-003819,6,0,Open e-Tender,1620000.0,-0.0098
TND-003820,MPLADS-003820,3,0,Open e-Tender,608000.0,0.01
TND-003821,MPLADS-003821,5,0,Open e-Tender,1858000.0,-0.0085
TND-003822,MPLADS-003822,5,0,Open e-Tender,1690000.0,0.0187
TND-003823,MPLADS-003823,7,0,Open e-Tender,9739000.0,-0.0057
TND-003824,MPLADS-003824,7,0,Open e-Tender,2463000.0,-0.0588
TND-003825,MPLADS-003825,7,0,Open e-Tender,2676000.0,-0.0627
TND-003826,MPLADS-003826,3,0,Open e-Tender,9049000.0,-0.0717
TND-003827,MPLADS-003827,5,0,Open e-Tender,5609000.0,-0.0573
TND-003828,MPLADS-003828,5,0,Open e-Tender,2222000.0,-0.012
TND-003829,MPLADS-003829,7,0,Open e-Tender,2168000.0,-0.0739
TND-003830,MPLADS-003830,7,0,Open e-Tender,2939000.0,-0.0246
TND-003831,MPLADS-003831,6,0,Open e-Tender,1814000.0,-0.0726
TND-003832,MPLADS-003832,5,0,Open e-Tender,10617000.0,-0.0764
TND-003833,MPLADS-003833,4,0,Open e-Tender,1568000.0,0.0097
TND-003834,MPLADS-003834,1,1,Single Tender Inquiry,14870000.0,-0.0634
TND-003835,MPLADS-003835,4,0,Open e-Tender,1721000.0,-0.0657
TND-003836,MPLADS-003836,4,0,Open e-Tender,3524000.0,0.0185
TND-003837,MPLADS-003837,6,0,Open e-Tender,1592000.0,-0.0281
TND-003838,MPLADS-003838,3,0,Open e-Tender,1975000.0,-0.0105
TND-003839,MPLADS-003839,7,0,Open e-Tender,660000.0,-0.0449
TND-003840,MPLADS-003840,5,0,Open e-Tender,10227000.0,-0.0308
TND-003841,MPLADS-003841,4,0,Open e-Tender,499000.0,-0.0708
TND-003842,MPLADS-003842,6,0,Open e-Tender,2082000.0,0.0048
TND-003843,MPLADS-003843,7,0,Open e-Tender,492000.0,-0.0787
TND-003844,MPLADS-003844,5,0,Open e-Tender,1400000.0,-0.047
TND-003845,MPLADS-003845,7,0,Open e-Tender,4121000.0,-0.0106
TND-003846,MPLADS-003846,6,0,Open e-Tender,3350000.0,0.0185
TND-003847,MPLADS-003847,4,0,Open e-Tender,1839000.0,-0.0796
TND-003848,MPLADS-003848,7,0,Open e-Tender,11514000.0,-0.0116
TND-003849,MPLADS-003849,3,0,Open e-Tender,814000.0,-0.024
TND-003850,MPLADS-003850,6,0,Open e-Tender,415000.0,-0.0525
TND-003851,MPLADS-003851,4,0,Open e-Tender,1959000.0,-0.0292
TND-003852,MPLADS-003852,6,0,Open e-Tender,1472000.0,-0.0108
TND-003853,MPLADS-003853,7,0,Open e-Tender,12200000.0,-0.0539
TND-003854,MPLADS-003854,4,0,Open e-Tender,2580000.0,-0.0398
TND-003855,MPLADS-003855,1,1,Single Tender Inquiry,1727000.0,-0.0427
TND-003856,MPLADS-003856,4,0,Open e-Tender,620000.0,-0.0064
TND-003857,MPLADS-003857,3,0,Open e-Tender,3634000.0,-0.0751
TND-003858,MPLADS-003858,6,0,Open e-Tender,2451000.0,-0.0602
TND-003859,MPLADS-003859,4,0,Open e-Tender,1028000.0,-0.0722
TND-003860,MPLADS-003860,6,0,Open e-Tender,601000.0,-0.0782
TND-003861,MPLADS-003861,5,0,Open e-Tender,3376000.0,-0.0622
TND-003862,MPLADS-003862,4,0,Open e-Tender,1768000.0,-0.049
TND-003863,MPLADS-003863,6,0,Open e-Tender,776000.0,-0.019
TND-003864,MPLADS-003864,4,0,Open e-Tender,2019000.0,0.003
TND-003865,MPLADS-003865,5,0,Open e-Tender,8899000.0,-0.0234
TND-003866,MPLADS-003866,5,0,Open e-Tender,9206000.0,-0.0704
TND-003867,MPLADS-003867,5,0,Open e-Tender,328000.0,-0.0734
TND-003868,MPLADS-003868,3,0,Open e-Tender,15274000.0,-0.0605
TND-003869,MPLADS-003869,3,0,Open e-Tender,543000.0,-0.0251
TND-003870,MPLADS-003870,6,0,Open e-Tender,1121000.0,0.0191
TND-003871,MPLADS-003871,4,0,Open e-Tender,8759000.0,0.0025
TND-003872,MPLADS-003872,5,0,Open e-Tender,10565000.0,0.0003
TND-003873,MPLADS-003873,5,0,Open e-Tender,13756000.0,-0.0499
TND-003874,MPLADS-003874,5,0,Open e-Tender,525000.0,0.0116
TND-003875,MPLADS-003875,5,0,Open e-Tender,15453000.0,-0.0281
TND-003876,MPLADS-003876,5,0,Open e-Tender,1525000.0,-0.0696
TND-003877,MPLADS-003877,5,0,Open e-Tender,489000.0,-0.002
TND-003878,MPLADS-003878,7,0,Open e-Tender,1762000.0,-0.0233
TND-003879,MPLADS-003879,6,0,Open e-Tender,2378000.0,-0.0526
TND-003880,MPLADS-003880,6,0,Open e-Tender,2222000.0,-0.0129
TND-003881,MPLADS-003881,4,0,Open e-Tender,3421000.0,-0.0153
TND-003882,MPLADS-003882,6,0,Open e-Tender,376000.0,0.019
TND-003883,MPLADS-003883,4,0,Open e-Tender,2395000.0,-0.0488
TND-003884,MPLADS-003884,4,0,Open e-Tender,533000.0,-0.0274
TND-003885,MPLADS-003885,5,0,Open e-Tender,1564000.0,-0.0364
TND-003886,MPLADS-003886,5,0,Open e-Tender,1685000.0,0.009
TND-003887,MPLADS-003887,6,0,Open e-Tender,3404000.0,-0.0009
TND-003888,MPLADS-003888,1,1,Single Tender Inquiry,2521000.0,-0.011
TND-003889,MPLADS-003889,5,0,Open e-Tender,829000.0,-0.0189
TND-003890,MPLADS-003890,3,0,Open e-Tender,1661000.0,-0.0465
TND-003891,MPLADS-003891,4,0,Open e-Tender,956000.0,-0.0682
TND-003892,MPLADS-003892,1,1,Single Tender Inquiry,1578000.0,-0.0718
TND-003893,MPLADS-003893,1,1,Single Tender Inquiry,674000.0,-0.056
TND-003894,MPLADS-003894,3,0,Open e-Tender,834000.0,-0.0523
TND-003895,MPLADS-003895,3,0,Open e-Tender,2252000.0,-0.0204
TND-003896,MPLADS-003896,4,0,Open e-Tender,7791000.0,-0.0152
TND-003897,MPLADS-003897,7,0,Open e-Tender,1668000.0,-0.0071
TND-003898,MPLADS-003898,3,0,Open e-Tender,12414000.0,-0.0622
TND-003899,MPLADS-003899,3,0,Open e-Tender,2217000.0,-0.0419
TND-003900,MPLADS-003900,5,0,Open e-Tender,838000.0,-0.0334
TND-003901,MPLADS-003901,7,0,Open e-Tender,1649000.0,-0.0096
TND-003902,MPLADS-003902,4,0,Open e-Tender,2958000.0,0.0048
TND-003903,MPLADS-003903,7,0,Open e-Tender,2486000.0,-0.0522
TND-003904,MPLADS-003904,3,0,Open e-Tender,1095000.0,0.0055
TND-003905,MPLADS-003905,5,0,Open e-Tender,3106000.0,-0.0342
TND-003906,MPLADS-003906,6,0,Open e-Tender,3396000.0,-0.0409
TND-003907,MPLADS-003907,4,0,Open e-Tender,675000.0,-0.0146
TND-003908,MPLADS-003908,4,0,Open e-Tender,664000.0,0.0184
TND-003909,MPLADS-003909,4,0,Open e-Tender,1697000.0,-0.0264
TND-003910,MPLADS-003910,4,0,Open e-Tender,12362000.0,0.0162
TND-003911,MPLADS-003911,7,0,Open e-Tender,1985000.0,-0.0733
TND-003912,MPLADS-003912,3,0,Open e-Tender,1311000.0,0.0054
TND-003913,MPLADS-003913,6,0,Open e-Tender,1032000.0,-0.0444
TND-003914,MPLADS-003914,5,0,Open e-Tender,1714000.0,-0.0338
TND-003915,MPLADS-003915,3,0,Open e-Tender,9631000.0,-0.0129
TND-003916,MPLADS-003916,6,0,Open e-Tender,2002000.0,0.0075
TND-003917,MPLADS-003917,5,0,Open e-Tender,1407000.0,0.0122
TND-003918,MPLADS-003918,7,0,Open e-Tender,2589000.0,0.0019
TND-003919,MPLADS-003919,7,0,Open e-Tender,8989000.0,-0.0421
TND-003920,MPLADS-003920,5,0,Open e-Tender,10416000.0,-0.0379
TND-003921,MPLADS-003921,3,0,Open e-Tender,1900000.0,-0.0231
TND-003922,MPLADS-003922,5,0,Open e-Tender,2712000.0,-0.0772
TND-003923,MPLADS-003923,7,0,Open e-Tender,525000.0,-0.0019
TND-003924,MPLADS-003924,6,0,Open e-Tender,1794000.0,0.0028
TND-003925,MPLADS-003925,6,0,Open e-Tender,3334000.0,0.0027
TND-003926,MPLADS-003926,5,0,Open e-Tender,2291000.0,-0.039
TND-003927,MPLADS-003927,6,0,Open e-Tender,1783000.0,0.0028
TND-003928,MPLADS-003928,6,0,Open e-Tender,1902000.0,0.0085
TND-003929,MPLADS-003929,4,0,Open e-Tender,2122000.0,-0.0709
TND-003930,MPLADS-003930,5,0,Open e-Tender,653000.0,-0.0254
TND-003931,MPLADS-003931,4,0,Open e-Tender,1586000.0,-0.0632
TND-003932,MPLADS-003932,1,1,Single Tender Inquiry,1511000.0,-0.0533
TND-003933,MPLADS-003933,5,0,Open e-Tender,3996000.0,-0.0027
TND-003934,MPLADS-003934,7,0,Open e-Tender,2652000.0,0.0153
TND-003935,MPLADS-003935,6,0,Open e-Tender,2223000.0,0.0009
TND-003936,MPLADS-003936,1,1,Single Tender Inquiry,536000.0,-0.0307
TND-003937,MPLADS-003937,5,0,Open e-Tender,417000.0,-0.0414
TND-003938,MPLADS-003938,5,0,Open e-Tender,2505000.0,-0.0358
TND-003939,MPLADS-003939,5,0,Open e-Tender,710000.0,-0.0193
TND-003940,MPLADS-003940,5,0,Open e-Tender,709000.0,-0.0496
TND-003941,MPLADS-003941,7,0,Open e-Tender,799000.0,0.0165
TND-003942,MPLADS-003942,7,0,Open e-Tender,2063000.0,-0.0686
TND-003943,MPLADS-003943,7,0,Open e-Tender,643000.0,0.019
TND-003944,MPLADS-003944,5,0,Open e-Tender,2086000.0,-0.0151
TND-003945,MPLADS-003945,7,0,Open e-Tender,2165000.0,-0.0186
TND-003946,MPLADS-003946,7,0,Open e-Tender,3292000.0,-0.068
TND-003947,MPLADS-003947,4,0,Open e-Tender,2221000.0,0.0091
TND-003948,MPLADS-003948,5,0,Open e-Tender,10375000.0,-0.0164
TND-003949,MPLADS-003949,7,0,Open e-Tender,2361000.0,-0.0276
TND-003950,MPLADS-003950,4,0,Open e-Tender,2047000.0,-0.043
TND-003951,MPLADS-003951,7,0,Open e-Tender,3318000.0,-0.0215
TND-003952,MPLADS-003952,3,0,Open e-Tender,15787000.0,0.0095
TND-003953,MPLADS-003953,7,0,Open e-Tender,1418000.0,-0.0597
TND-003954,MPLADS-003954,4,0,Open e-Tender,3353000.0,-0.039
TND-003955,MPLADS-003955,4,0,Open e-Tender,569000.0,-0.0257
TND-003956,MPLADS-003956,6,0,Open e-Tender,15758000.0,-0.0591
TND-003957,MPLADS-003957,1,1,Single Tender Inquiry,1511000.0,-0.0195
TND-003958,MPLADS-003958,3,0,Open e-Tender,918000.0,-0.0275
TND-003959,MPLADS-003959,6,0,Open e-Tender,538000.0,0.0037
TND-003960,MPLADS-003960,4,0,Open e-Tender,3755000.0,-0.0234
TND-003961,MPLADS-003961,6,0,Open e-Tender,12519000.0,-0.0494
TND-003962,MPLADS-003962,6,0,Open e-Tender,2918000.0,-0.0178
TND-003963,MPLADS-003963,1,1,Single Tender Inquiry,453000.0,-0.0755
TND-003964,MPLADS-003964,5,0,Open e-Tender,2257000.0,-0.0242
TND-003965,MPLADS-003965,5,0,Open e-Tender,3573000.0,0.0034
TND-003966,MPLADS-003966,4,0,Open e-Tender,846000.0,-0.0579
TND-003967,MPLADS-003967,4,0,Open e-Tender,3738000.0,-0.0784
TND-003968,MPLADS-003968,7,0,Open e-Tender,3596000.0,-0.0434
TND-003969,MPLADS-003969,4,0,Open e-Tender,2607000.0,-0.0377
TND-003970,MPLADS-003970,5,0,Open e-Tender,1719000.0,-0.0216
TND-003971,MPLADS-003971,4,0,Open e-Tender,2049000.0,-0.0367
TND-003972,MPLADS-003972,6,0,Open e-Tender,1800000.0,-0.0207
TND-003973,MPLADS-003973,4,0,Open e-Tender,2418000.0,-0.0106
TND-003974,MPLADS-003974,5,0,Open e-Tender,2401000.0,-0.0033
TND-003975,MPLADS-003975,6,0,Open e-Tender,1529000.0,-0.0562
TND-003976,MPLADS-003976,4,0,Open e-Tender,479000.0,-0.0401
TND-003977,MPLADS-003977,4,0,Open e-Tender,2210000.0,-0.0076
TND-003978,MPLADS-003978,7,0,Open e-Tender,2127000.0,0.0133
TND-003979,MPLADS-003979,3,0,Open e-Tender,9975000.0,-0.0065
TND-003980,MPLADS-003980,4,0,Open e-Tender,400000.0,-0.0431
TND-003981,MPLADS-003981,7,0,Open e-Tender,2992000.0,-0.0053
TND-003982,MPLADS-003982,4,0,Open e-Tender,15655000.0,-0.0544
TND-003983,MPLADS-003983,4,0,Open e-Tender,2492000.0,-0.0028
TND-003984,MPLADS-003984,5,0,Open e-Tender,6914000.0,0.0016
TND-003985,MPLADS-003985,5,0,Open e-Tender,9163000.0,-0.0474
TND-003986,MPLADS-003986,4,0,Open e-Tender,14109000.0,-0.0552
TND-003987,MPLADS-003987,3,0,Open e-Tender,363000.0,-0.0716
TND-003988,MPLADS-003988,4,0,Open e-Tender,2278000.0,0.0156
TND-003989,MPLADS-003989,3,0,Open e-Tender,16928000.0,-0.0523
TND-003990,MPLADS-003990,6,0,Open e-Tender,1355000.0,-0.0321
TND-003991,MPLADS-003991,4,0,Open e-Tender,1360000.0,-0.0773
TND-003992,MPLADS-003992,4,0,Open e-Tender,14113000.0,0.0105
TND-003993,MPLADS-003993,1,1,Single Tender Inquiry,14898000.0,-0.0676
TND-003994,MPLADS-003994,3,0,Open e-Tender,385000.0,-0.0204
TND-003995,MPLADS-003995,1,1,Single Tender Inquiry,3510000.0,0.0192
TND-003996,MPLADS-003996,5,0,Open e-Tender,9327000.0,-0.0412
TND-003997,MPLADS-003997,4,0,Open e-Tender,949000.0,-0.0443
TND-003998,MPLADS-003998,4,0,Open e-Tender,940000.0,0.0086
TND-003999,MPLADS-003999,5,0,Open e-Tender,3734000.0,-0.0494
TND-004000,MPLADS-004000,3,0,Open e-Tender,14225000.0,-0.0213
