agency_id,agency_name,district_id,state_id,agency_type
AGENCY-0001,PUN-District-13 - Municipal Corporation (MC),DIST-0554,ST-16,Rural Development Department (RDD)
AGENCY-0002,KER-District-08 - Panchayati Raj Institution (PRI),DIST-0476,ST-13,Water Supply & Sewerage Board
AGENCY-0003,UTT-District-23 - Public Works Department (PWD),DIST-0023,ST-01,Panchayati Raj Institution (PRI)
AGENCY-0004,CHH-District-13 - Public Works Department (PWD),DIST-0577,ST-17,Municipal Corporation (MC)
AGENCY-0005,CHH-District-17 - Panchayati Raj Institution (PRI),DIST-0581,ST-17,Water Supply & Sewerage Board
AGENCY-0006,KER-District-01 - Rural Development Department (RDD),DIST-0469,ST-13,Water Supply & Sewerage Board
AGENCY-0007,ODI-District-28 - Public Works Department (PWD),DIST-0433,ST-11,Panchayati Raj Institution (PRI)
AGENCY-0008,ODI-District-01 - Water Supply & Sewerage Board,DIST-0406,ST-11,Municipal Corporation (MC)
AGENCY-0009,RAJ-District-30 - Rural Development Department (RDD),DIST-0295,ST-07,Public Works Department (PWD)
AGENCY-0010,UTT-District-56 - Municipal Corporation (MC),DIST-0056,ST-01,Water Supply & Sewerage Board
AGENCY-0011,UTT-District-50 - Municipal Corporation (MC),DIST-0050,ST-01,Panchayati Raj Institution (PRI)
AGENCY-0012,MAH-District-32 - Rural Development Department (RDD),DIST-0107,ST-02,Rural Development Department (RDD)
AGENCY-0013,ODI-District-19 - Rural Development Department (RDD),DIST-0424,ST-11,Water Supply & Sewerage Board
AGENCY-0014,TAM-District-02 - Public Works Department (PWD),DIST-0229,ST-06,Public Works Department (PWD)
AGENCY-0015,TAM-District-21 - Panchayati Raj Institution (PRI),DIST-0248,ST-06,Municipal Corporation (MC)
AGENCY-0016,RAJ-District-32 - Public Works Department (PWD),DIST-0297,ST-07,Rural Development Department (RDD)
AGENCY-0017,GUJ-District-05 - Rural Development Department (RDD),DIST-0351,ST-09,Municipal Corporation (MC)
AGENCY-0018,CHH-District-08 - Rural Development Department (RDD),DIST-0572,ST-17,Panchayati Raj Institution (PRI)
AGENCY-0019,ASS-District-09 - Rural Development Department (RDD),DIST-0515,ST-15,Panchayati Raj Institution (PRI)
AGENCY-0020,MAD-District-17 - Municipal Corporation (MC),DIST-0189,ST-05,Municipal Corporation (MC)
AGENCY-0021,MAH-District-13 - Public Works Department (PWD),DIST-0088,ST-02,Public Works Department (PWD)
AGENCY-0022,UTT-District-08 - Public Works Department (PWD),DIST-0008,ST-01,Municipal Corporation (MC)
AGENCY-0023,PUN-District-19 - Panchayati Raj Institution (PRI),DIST-0560,ST-16,Water Supply & Sewerage Board
AGENCY-0024,TEL-District-17 - Water Supply & Sewerage Board,DIST-0452,ST-12,Municipal Corporation (MC)
AGENCY-0025,BIH-District-13 - Panchayati Raj Institution (PRI),DIST-0124,ST-03,Panchayati Raj Institution (PRI)
AGENCY-0026,AND-District-19 - Municipal Corporation (MC),DIST-0398,ST-10,Public Works Department (PWD)
AGENCY-0027,ODI-District-13 - Water Supply & Sewerage Board,DIST-0418,ST-11,Public Works Department (PWD)
AGENCY-0028,TAM-District-30 - Water Supply & Sewerage Board,DIST-0257,ST-06,Public Works Department (PWD)
AGENCY-0029,MAH-District-25 - Water Supply & Sewerage Board,DIST-0100,ST-02,Public Works Department (PWD)
AGENCY-0030,ODI-District-30 - Water Supply & Sewerage Board,DIST-0435,ST-11,Panchayati Raj Institution (PRI)
AGENCY-0031,RAJ-District-35 - Panchayati Raj Institution (PRI),DIST-0300,ST-07,Rural Development Department (RDD)
AGENCY-0032,TAM-District-09 - Panchayati Raj Institution (PRI),DIST-0236,ST-06,Water Supply & Sewerage Board
AGENCY-0033,HAR-District-11 - Water Supply & Sewerage Board,DIST-0608,ST-18,Public Works Department (PWD)
AGENCY-0034,MAD-District-18 - Municipal Corporation (MC),DIST-0190,ST-05,Panchayati Raj Institution (PRI)
AGENCY-0035,MAD-District-35 - Rural Development Department (RDD),DIST-0207,ST-05,Public Works Department (PWD)
AGENCY-0036,MAD-District-34 - Panchayati Raj Institution (PRI),DIST-0206,ST-05,Panchayati Raj Institution (PRI)
AGENCY-0037,KAR-District-25 - Rural Development Department (RDD),DIST-0340,ST-08,Rural Development Department (RDD)
AGENCY-0038,PUN-District-09 - Panchayati Raj Institution (PRI),DIST-0550,ST-16,Rural Development Department (RDD)
AGENCY-0039,AND-District-15 - Panchayati Raj Institution (PRI),DIST-0394,ST-10,Panchayati Raj Institution (PRI)
AGENCY-0040,BIH-District-27 - Municipal Corporation (MC),DIST-0138,ST-03,Public Works Department (PWD)
AGENCY-0041,ASS-District-12 - Panchayati Raj Institution (PRI),DIST-0518,ST-15,Panchayati Raj Institution (PRI)
AGENCY-0042,TAM-District-14 - Panchayati Raj Institution (PRI),DIST-0241,ST-06,Municipal Corporation (MC)
AGENCY-0043,RAJ-District-43 - Public Works Department (PWD),DIST-0308,ST-07,Panchayati Raj Institution (PRI)
AGENCY-0044,WES-District-17 - Public Works Department (PWD),DIST-0166,ST-04,Water Supply & Sewerage Board
AGENCY-0045,MAD-District-22 - Panchayati Raj Institution (PRI),DIST-0194,ST-05,Public Works Department (PWD)
AGENCY-0046,MAD-District-39 - Rural Development Department (RDD),DIST-0211,ST-05,Public Works Department (PWD)
AGENCY-0047,HAR-District-06 - Rural Development Department (RDD),DIST-0603,ST-18,Panchayati Raj Institution (PRI)
AGENCY-0048,GUJ-District-05 - Panchayati Raj Institution (PRI),DIST-0351,ST-09,Panchayati Raj Institution (PRI)
AGENCY-0049,GUJ-District-05 - Public Works Department (PWD),DIST-0351,ST-09,Municipal Corporation (MC)
AGENCY-0050,UTT-District-71 - Panchayati Raj Institution (PRI),DIST-0071,ST-01,Rural Development Department (RDD)
AGENCY-0051,RAJ-District-13 - Public Works Department (PWD),DIST-0278,ST-07,Municipal Corporation (MC)
AGENCY-0052,TAM-District-33 - Public Works Department (PWD),DIST-0260,ST-06,Public Works Department (PWD)
AGENCY-0053,KAR-District-20 - Municipal Corporation (MC),DIST-0335,ST-08,Panchayati Raj Institution (PRI)
AGENCY-0054,TEL-District-11 - Municipal Corporation (MC),DIST-0446,ST-12,Water Supply & Sewerage Board
AGENCY-0055,HAR-District-12 - Water Supply & Sewerage Board,DIST-0609,ST-18,Municipal Corporation (MC)
AGENCY-0056,RAJ-District-02 - Panchayati Raj Institution (PRI),DIST-0267,ST-07,Municipal Corporation (MC)
AGENCY-0057,MAH-District-30 - Municipal Corporation (MC),DIST-0105,ST-02,Panchayati Raj Institution (PRI)
AGENCY-0058,KAR-District-08 - Water Supply & Sewerage Board,DIST-0323,ST-08,Municipal Corporation (MC)
AGENCY-0059,CHH-District-14 - Water Supply & Sewerage Board,DIST-0578,ST-17,Water Supply & Sewerage Board
AGENCY-0060,MAD-District-13 - Public Works Department (PWD),DIST-0185,ST-05,Rural Development Department (RDD)
AGENCY-0061,TEL-District-07 - Water Supply & Sewerage Board,DIST-0442,ST-12,Water Supply & Sewerage Board
AGENCY-0062,ODI-District-19 - Municipal Corporation (MC),DIST-0424,ST-11,Water Supply & Sewerage Board
AGENCY-0063,ODI-District-20 - Public Works Department (PWD),DIST-0425,ST-11,Panchayati Raj Institution (PRI)
AGENCY-0064,MAD-District-51 - Municipal Corporation (MC),DIST-0223,ST-05,Municipal Corporation (MC)
AGENCY-0065,MAD-District-11 - Rural Development Department (RDD),DIST-0183,ST-05,Public Works Department (PWD)
AGENCY-0066,MAD-District-10 - Water Supply & Sewerage Board,DIST-0182,ST-05,Municipal Corporation (MC)
AGENCY-0067,CHH-District-20 - Water Supply & Sewerage Board,DIST-0584,ST-17,Water Supply & Sewerage Board
AGENCY-0068,BIH-District-01 - Rural Development Department (RDD),DIST-0112,ST-03,Public Works Department (PWD)
AGENCY-0069,UTT-District-58 - Rural Development Department (RDD),DIST-0058,ST-01,Rural Development Department (RDD)
AGENCY-0070,UTT-District-10 - Water Supply & Sewerage Board,DIST-0010,ST-01,Panchayati Raj Institution (PRI)
AGENCY-0071,ODI-District-01 - Municipal Corporation (MC),DIST-0406,ST-11,Water Supply & Sewerage Board
AGENCY-0072,MAH-District-17 - Rural Development Department (RDD),DIST-0092,ST-02,Rural Development Department (RDD)
AGENCY-0073,KAR-District-27 - Panchayati Raj Institution (PRI),DIST-0342,ST-08,Municipal Corporation (MC)
AGENCY-0074,GUJ-District-02 - Rural Development Department (RDD),DIST-0348,ST-09,Panchayati Raj Institution (PRI)
AGENCY-0075,CHH-District-33 - Panchayati Raj Institution (PRI),DIST-0597,ST-17,Panchayati Raj Institution (PRI)
AGENCY-0076,MAH-District-34 - Public Works Department (PWD),DIST-0109,ST-02,Rural Development Department (RDD)
AGENCY-0077,UTT-District-16 - Panchayati Raj Institution (PRI),DIST-0016,ST-01,Water Supply & Sewerage Board
AGENCY-0078,RAJ-District-12 - Municipal Corporation (MC),DIST-0277,ST-07,Water Supply & Sewerage Board
AGENCY-0079,KER-District-05 - Municipal Corporation (MC),DIST-0473,ST-13,Municipal Corporation (MC)
AGENCY-0080,MAD-District-02 - Panchayati Raj Institution (PRI),DIST-0174,ST-05,Rural Development Department (RDD)
AGENCY-0081,JHA-District-13 - Panchayati Raj Institution (PRI),DIST-0495,ST-14,Water Supply & Sewerage Board
AGENCY-0082,BIH-District-05 - Public Works Department (PWD),DIST-0116,ST-03,Municipal Corporation (MC)
AGENCY-0083,KER-District-06 - Municipal Corporation (MC),DIST-0474,ST-13,Rural Development Department (RDD)
AGENCY-0084,UTT-District-06 - Rural Development Department (RDD),DIST-0006,ST-01,Panchayati Raj Institution (PRI)
AGENCY-0085,TAM-District-29 - Water Supply & Sewerage Board,DIST-0256,ST-06,Water Supply & Sewerage Board
AGENCY-0086,KER-District-12 - Public Works Department (PWD),DIST-0480,ST-13,Public Works Department (PWD)
AGENCY-0087,RAJ-District-04 - Municipal Corporation (MC),DIST-0269,ST-07,Municipal Corporation (MC)
AGENCY-0088,MAD-District-12 - Public Works Department (PWD),DIST-0184,ST-05,Rural Development Department (RDD)
AGENCY-0089,JHA-District-09 - Water Supply & Sewerage Board,DIST-0491,ST-14,Water Supply & Sewerage Board
AGENCY-0090,GUJ-District-22 - Public Works Department (PWD),DIST-0368,ST-09,Water Supply & Sewerage Board
AGENCY-0091,MAH-District-20 - Rural Development Department (RDD),DIST-0095,ST-02,Water Supply & Sewerage Board
AGENCY-0092,RAJ-District-47 - Public Works Department (PWD),DIST-0312,ST-07,Panchayati Raj Institution (PRI)
AGENCY-0093,UTT-District-49 - Rural Development Department (RDD),DIST-0049,ST-01,Water Supply & Sewerage Board
AGENCY-0094,MAD-District-13 - Water Supply & Sewerage Board,DIST-0185,ST-05,Panchayati Raj Institution (PRI)
AGENCY-0095,ODI-District-01 - Municipal Corporation (MC),DIST-0406,ST-11,Panchayati Raj Institution (PRI)
AGENCY-0096,UTT-District-22 - Water Supply & Sewerage Board,DIST-0022,ST-01,Panchayati Raj Institution (PRI)
AGENCY-0097,ODI-District-01 - Panchayati Raj Institution (PRI),DIST-0406,ST-11,Municipal Corporation (MC)
AGENCY-0098,MAD-District-48 - Water Supply & Sewerage Board,DIST-0220,ST-05,Rural Development Department (RDD)
AGENCY-0099,AND-District-26 - Panchayati Raj Institution (PRI),DIST-0405,ST-10,Panchayati Raj Institution (PRI)
AGENCY-0100,UTT-District-14 - Rural Development Department (RDD),DIST-0014,ST-01,Public Works Department (PWD)
AGENCY-0101,RAJ-District-47 - Municipal Corporation (MC),DIST-0312,ST-07,Panchayati Raj Institution (PRI)
AGENCY-0102,KER-District-01 - Rural Development Department (RDD),DIST-0469,ST-13,Rural Development Department (RDD)
AGENCY-0103,RAJ-District-13 - Rural Development Department (RDD),DIST-0278,ST-07,Water Supply & Sewerage Board
AGENCY-0104,JHA-District-20 - Panchayati Raj Institution (PRI),DIST-0502,ST-14,Municipal Corporation (MC)
AGENCY-0105,UTT-District-16 - Public Works Department (PWD),DIST-0016,ST-01,Rural Development Department (RDD)
AGENCY-0106,TAM-District-14 - Rural Development Department (RDD),DIST-0241,ST-06,Panchayati Raj Institution (PRI)
AGENCY-0107,JHA-District-10 - Panchayati Raj Institution (PRI),DIST-0492,ST-14,Panchayati Raj Institution (PRI)
AGENCY-0108,UTT-District-38 - Rural Development Department (RDD),DIST-0038,ST-01,Water Supply & Sewerage Board
AGENCY-0109,JHA-District-20 - Public Works Department (PWD),DIST-0502,ST-14,Public Works Department (PWD)
AGENCY-0110,ASS-District-09 - Public Works Department (PWD),DIST-0515,ST-15,Panchayati Raj Institution (PRI)
AGENCY-0111,ASS-District-06 - Municipal Corporation (MC),DIST-0512,ST-15,Panchayati Raj Institution (PRI)
AGENCY-0112,TAM-District-07 - Municipal Corporation (MC),DIST-0234,ST-06,Municipal Corporation (MC)
AGENCY-0113,ASS-District-13 - Panchayati Raj Institution (PRI),DIST-0519,ST-15,Water Supply & Sewerage Board
AGENCY-0114,KER-District-09 - Public Works Department (PWD),DIST-0477,ST-13,Rural Development Department (RDD)
AGENCY-0115,JHA-District-13 - Public Works Department (PWD),DIST-0495,ST-14,Municipal Corporation (MC)
AGENCY-0116,MAD-District-39 - Rural Development Department (RDD),DIST-0211,ST-05,Panchayati Raj Institution (PRI)
AGENCY-0117,CHH-District-13 - Water Supply & Sewerage Board,DIST-0577,ST-17,Panchayati Raj Institution (PRI)
AGENCY-0118,UTT-District-03 - Water Supply & Sewerage Board,DIST-0003,ST-01,Water Supply & Sewerage Board
AGENCY-0119,GUJ-District-29 - Municipal Corporation (MC),DIST-0375,ST-09,Panchayati Raj Institution (PRI)
AGENCY-0120,UTT-District-08 - Public Works Department (PWD),DIST-0008,ST-01,Public Works Department (PWD)
AGENCY-0121,CHH-District-02 - Public Works Department (PWD),DIST-0566,ST-17,Panchayati Raj Institution (PRI)
AGENCY-0122,MAD-District-53 - Public Works Department (PWD),DIST-0225,ST-05,Water Supply & Sewerage Board
AGENCY-0123,UTT-District-12 - Water Supply & Sewerage Board,DIST-0012,ST-01,Municipal Corporation (MC)
AGENCY-0124,JHA-District-10 - Public Works Department (PWD),DIST-0492,ST-14,Water Supply & Sewerage Board
AGENCY-0125,GUJ-District-25 - Panchayati Raj Institution (PRI),DIST-0371,ST-09,Municipal Corporation (MC)
AGENCY-0126,MAD-District-40 - Rural Development Department (RDD),DIST-0212,ST-05,Rural Development Department (RDD)
AGENCY-0127,GUJ-District-07 - Municipal Corporation (MC),DIST-0353,ST-09,Rural Development Department (RDD)
AGENCY-0128,WES-District-04 - Water Supply & Sewerage Board,DIST-0153,ST-04,Panchayati Raj Institution (PRI)
AGENCY-0129,ASS-District-27 - Rural Development Department (RDD),DIST-0533,ST-15,Rural Development Department (RDD)
AGENCY-0130,MAD-District-03 - Panchayati Raj Institution (PRI),DIST-0175,ST-05,Municipal Corporation (MC)
AGENCY-0131,RAJ-District-45 - Rural Development Department (RDD),DIST-0310,ST-07,Water Supply & Sewerage Board
AGENCY-0132,GUJ-District-09 - Rural Development Department (RDD),DIST-0355,ST-09,Public Works Department (PWD)
AGENCY-0133,GUJ-District-03 - Municipal Corporation (MC),DIST-0349,ST-09,Water Supply & Sewerage Board
AGENCY-0134,BIH-District-32 - Public Works Department (PWD),DIST-0143,ST-03,Water Supply & Sewerage Board
AGENCY-0135,KAR-District-26 - Public Works Department (PWD),DIST-0341,ST-08,Public Works Department (PWD)
AGENCY-0136,RAJ-District-30 - Municipal Corporation (MC),DIST-0295,ST-07,Rural Development Department (RDD)
AGENCY-0137,MAD-District-55 - Municipal Corporation (MC),DIST-0227,ST-05,Water Supply & Sewerage Board
AGENCY-0138,RAJ-District-39 - Panchayati Raj Institution (PRI),DIST-0304,ST-07,Rural Development Department (RDD)
AGENCY-0139,MAH-District-10 - Public Works Department (PWD),DIST-0085,ST-02,Water Supply & Sewerage Board
AGENCY-0140,UTT-District-23 - Water Supply & Sewerage Board,DIST-0023,ST-01,Rural Development Department (RDD)
AGENCY-0141,ODI-District-26 - Water Supply & Sewerage Board,DIST-0431,ST-11,Municipal Corporation (MC)
AGENCY-0142,TEL-District-17 - Rural Development Department (RDD),DIST-0452,ST-12,Panchayati Raj Institution (PRI)
AGENCY-0143,AND-District-19 - Panchayati Raj Institution (PRI),DIST-0398,ST-10,Public Works Department (PWD)
AGENCY-0144,CHH-District-01 - Public Works Department (PWD),DIST-0565,ST-17,Water Supply & Sewerage Board
AGENCY-0145,CHH-District-14 - Public Works Department (PWD),DIST-0578,ST-17,Municipal Corporation (MC)
AGENCY-0146,AND-District-14 - Rural Development Department (RDD),DIST-0393,ST-10,Water Supply & Sewerage Board
AGENCY-0147,UTT-District-69 - Rural Development Department (RDD),DIST-0069,ST-01,Water Supply & Sewerage Board
AGENCY-0148,TEL-District-25 - Public Works Department (PWD),DIST-0460,ST-12,Public Works Department (PWD)
AGENCY-0149,WES-District-11 - Public Works Department (PWD),DIST-0160,ST-04,Public Works Department (PWD)
AGENCY-0150,GUJ-District-08 - Public Works Department (PWD),DIST-0354,ST-09,Rural Development Department (RDD)
AGENCY-0151,MAD-District-23 - Water Supply & Sewerage Board,DIST-0195,ST-05,Water Supply & Sewerage Board
AGENCY-0152,ASS-District-18 - Rural Development Department (RDD),DIST-0524,ST-15,Panchayati Raj Institution (PRI)
AGENCY-0153,RAJ-District-48 - Water Supply & Sewerage Board,DIST-0313,ST-07,Municipal Corporation (MC)
AGENCY-0154,PUN-District-21 - Panchayati Raj Institution (PRI),DIST-0562,ST-16,Water Supply & Sewerage Board
AGENCY-0155,TEL-District-26 - Municipal Corporation (MC),DIST-0461,ST-12,Municipal Corporation (MC)
AGENCY-0156,MAD-District-36 - Municipal Corporation (MC),DIST-0208,ST-05,Rural Development Department (RDD)
AGENCY-0157,AND-District-24 - Rural Development Department (RDD),DIST-0403,ST-10,Municipal Corporation (MC)
AGENCY-0158,GUJ-District-08 - Municipal Corporation (MC),DIST-0354,ST-09,Rural Development Department (RDD)
AGENCY-0159,JHA-District-09 - Water Supply & Sewerage Board,DIST-0491,ST-14,Public Works Department (PWD)
AGENCY-0160,MAD-District-45 - Municipal Corporation (MC),DIST-0217,ST-05,Water Supply & Sewerage Board
AGENCY-0161,TEL-District-22 - Panchayati Raj Institution (PRI),DIST-0457,ST-12,Rural Development Department (RDD)
AGENCY-0162,PUN-District-23 - Water Supply & Sewerage Board,DIST-0564,ST-16,Water Supply & Sewerage Board
AGENCY-0163,MAD-District-17 - Panchayati Raj Institution (PRI),DIST-0189,ST-05,Rural Development Department (RDD)
AGENCY-0164,CHH-District-27 - Water Supply & Sewerage Board,DIST-0591,ST-17,Public Works Department (PWD)
AGENCY-0165,WES-District-04 - Panchayati Raj Institution (PRI),DIST-0153,ST-04,Panchayati Raj Institution (PRI)
AGENCY-0166,RAJ-District-20 - Rural Development Department (RDD),DIST-0285,ST-07,Municipal Corporation (MC)
AGENCY-0167,PUN-District-15 - Water Supply & Sewerage Board,DIST-0556,ST-16,Panchayati Raj Institution (PRI)
AGENCY-0168,ASS-District-07 - Municipal Corporation (MC),DIST-0513,ST-15,Public Works Department (PWD)
AGENCY-0169,JHA-District-10 - Rural Development Department (RDD),DIST-0492,ST-14,Municipal Corporation (MC)
AGENCY-0170,TEL-District-12 - Water Supply & Sewerage Board,DIST-0447,ST-12,Water Supply & Sewerage Board
AGENCY-0171,JHA-District-15 - Panchayati Raj Institution (PRI),DIST-0497,ST-14,Panchayati Raj Institution (PRI)
AGENCY-0172,RAJ-District-09 - Water Supply & Sewerage Board,DIST-0274,ST-07,Rural Development Department (RDD)
AGENCY-0173,KAR-District-10 - Municipal Corporation (MC),DIST-0325,ST-08,Public Works Department (PWD)
AGENCY-0174,AND-District-14 - Rural Development Department (RDD),DIST-0393,ST-10,Rural Development Department (RDD)
AGENCY-0175,AND-District-06 - Public Works Department (PWD),DIST-0385,ST-10,Public Works Department (PWD)
AGENCY-0176,RAJ-District-17 - Panchayati Raj Institution (PRI),DIST-0282,ST-07,Public Works Department (PWD)
AGENCY-0177,MAD-District-52 - Rural Development Department (RDD),DIST-0224,ST-05,Panchayati Raj Institution (PRI)
AGENCY-0178,MAD-District-15 - Public Works Department (PWD),DIST-0187,ST-05,Panchayati Raj Institution (PRI)
AGENCY-0179,ASS-District-20 - Panchayati Raj Institution (PRI),DIST-0526,ST-15,Rural Development Department (RDD)
AGENCY-0180,RAJ-District-34 - Public Works Department (PWD),DIST-0299,ST-07,Rural Development Department (RDD)
AGENCY-0181,RAJ-District-07 - Panchayati Raj Institution (PRI),DIST-0272,ST-07,Panchayati Raj Institution (PRI)
AGENCY-0182,CHH-District-33 - Municipal Corporation (MC),DIST-0597,ST-17,Public Works Department (PWD)
AGENCY-0183,KAR-District-10 - Panchayati Raj Institution (PRI),DIST-0325,ST-08,Public Works Department (PWD)
AGENCY-0184,TAM-District-12 - Water Supply & Sewerage Board,DIST-0239,ST-06,Rural Development Department (RDD)
AGENCY-0185,RAJ-District-18 - Rural Development Department (RDD),DIST-0283,ST-07,Public Works Department (PWD)
AGENCY-0186,MAD-District-25 - Municipal Corporation (MC),DIST-0197,ST-05,Water Supply & Sewerage Board
AGENCY-0187,ODI-District-04 - Water Supply & Sewerage Board,DIST-0409,ST-11,Municipal Corporation (MC)
AGENCY-0188,ODI-District-03 - Panchayati Raj Institution (PRI),DIST-0408,ST-11,Public Works Department (PWD)
AGENCY-0189,TAM-District-28 - Water Supply & Sewerage Board,DIST-0255,ST-06,Panchayati Raj Institution (PRI)
AGENCY-0190,KER-District-04 - Public Works Department (PWD),DIST-0472,ST-13,Rural Development Department (RDD)
AGENCY-0191,MAD-District-14 - Rural Development Department (RDD),DIST-0186,ST-05,Water Supply & Sewerage Board
AGENCY-0192,RAJ-District-21 - Municipal Corporation (MC),DIST-0286,ST-07,Municipal Corporation (MC)
AGENCY-0193,TAM-District-33 - Water Supply & Sewerage Board,DIST-0260,ST-06,Rural Development Department (RDD)
AGENCY-0194,UTT-District-22 - Municipal Corporation (MC),DIST-0022,ST-01,Municipal Corporation (MC)
AGENCY-0195,WES-District-13 - Water Supply & Sewerage Board,DIST-0162,ST-04,Public Works Department (PWD)
AGENCY-0196,WES-District-07 - Public Works Department (PWD),DIST-0156,ST-04,Public Works Department (PWD)
AGENCY-0197,TEL-District-17 - Municipal Corporation (MC),DIST-0452,ST-12,Municipal Corporation (MC)
AGENCY-0198,ASS-District-27 - Public Works Department (PWD),DIST-0533,ST-15,Municipal Corporation (MC)
AGENCY-0199,UTT-District-72 - Water Supply & Sewerage Board,DIST-0072,ST-01,Municipal Corporation (MC)
AGENCY-0200,KER-District-03 - Panchayati Raj Institution (PRI),DIST-0471,ST-13,Rural Development Department (RDD)
AGENCY-0201,ODI-District-20 - Water Supply & Sewerage Board,DIST-0425,ST-11,Public Works Department (PWD)
AGENCY-0202,ASS-District-34 - Municipal Corporation (MC),DIST-0540,ST-15,Public Works Department (PWD)
AGENCY-0203,CHH-District-16 - Public Works Department (PWD),DIST-0580,ST-17,Municipal Corporation (MC)
AGENCY-0204,MAH-District-06 - Public Works Department (PWD),DIST-0081,ST-02,Municipal Corporation (MC)
AGENCY-0205,ODI-District-16 - Municipal Corporation (MC),DIST-0421,ST-11,Rural Development Department (RDD)
AGENCY-0206,ASS-District-02 - Public Works Department (PWD),DIST-0508,ST-15,Water Supply & Sewerage Board
AGENCY-0207,MAD-District-16 - Municipal Corporation (MC),DIST-0188,ST-05,Water Supply & Sewerage Board
AGENCY-0208,WES-District-10 - Panchayati Raj Institution (PRI),DIST-0159,ST-04,Water Supply & Sewerage Board
AGENCY-0209,ASS-District-30 - Rural Development Department (RDD),DIST-0536,ST-15,Panchayati Raj Institution (PRI)
AGENCY-0210,MAD-District-35 - Panchayati Raj Institution (PRI),DIST-0207,ST-05,Rural Development Department (RDD)
AGENCY-0211,UTT-District-04 - Water Supply & Sewerage Board,DIST-0004,ST-01,Municipal Corporation (MC)
AGENCY-0212,RAJ-District-21 - Public Works Department (PWD),DIST-0286,ST-07,Public Works Department (PWD)
AGENCY-0213,RAJ-District-32 - Municipal Corporation (MC),DIST-0297,ST-07,Rural Development Department (RDD)
AGENCY-0214,TEL-District-26 - Rural Development Department (RDD),DIST-0461,ST-12,Public Works Department (PWD)
AGENCY-0215,KAR-District-18 - Public Works Department (PWD),DIST-0333,ST-08,Public Works Department (PWD)
AGENCY-0216,MAH-District-06 - Rural Development Department (RDD),DIST-0081,ST-02,Panchayati Raj Institution (PRI)
AGENCY-0217,HAR-District-16 - Rural Development Department (RDD),DIST-0613,ST-18,Public Works Department (PWD)
AGENCY-0218,BIH-District-08 - Rural Development Department (RDD),DIST-0119,ST-03,Rural Development Department (RDD)
AGENCY-0219,MAD-District-27 - Water Supply & Sewerage Board,DIST-0199,ST-05,Rural Development Department (RDD)
AGENCY-0220,AND-District-14 - Municipal Corporation (MC),DIST-0393,ST-10,Public Works Department (PWD)
AGENCY-0221,WES-District-05 - Panchayati Raj Institution (PRI),DIST-0154,ST-04,Panchayati Raj Institution (PRI)
AGENCY-0222,UTT-District-09 - Municipal Corporation (MC),DIST-0009,ST-01,Rural Development Department (RDD)
AGENCY-0223,MAD-District-28 - Municipal Corporation (MC),DIST-0200,ST-05,Water Supply & Sewerage Board
AGENCY-0224,ASS-District-30 - Water Supply & Sewerage Board,DIST-0536,ST-15,Panchayati Raj Institution (PRI)
AGENCY-0225,UTT-District-75 - Rural Development Department (RDD),DIST-0075,ST-01,Rural Development Department (RDD)
AGENCY-0226,MAD-District-14 - Rural Development Department (RDD),DIST-0186,ST-05,Public Works Department (PWD)
AGENCY-0227,BIH-District-05 - Municipal Corporation (MC),DIST-0116,ST-03,Panchayati Raj Institution (PRI)
AGENCY-0228,UTT-District-24 - Panchayati Raj Institution (PRI),DIST-0024,ST-01,Water Supply & Sewerage Board
AGENCY-0229,TAM-District-37 - Rural Development Department (RDD),DIST-0264,ST-06,Rural Development Department (RDD)
AGENCY-0230,TAM-District-08 - Rural Development Department (RDD),DIST-0235,ST-06,Water Supply & Sewerage Board
AGENCY-0231,HAR-District-18 - Rural Development Department (RDD),DIST-0615,ST-18,Water Supply & Sewerage Board
AGENCY-0232,ASS-District-23 - Public Works Department (PWD),DIST-0529,ST-15,Panchayati Raj Institution (PRI)
AGENCY-0233,ODI-District-02 - Panchayati Raj Institution (PRI),DIST-0407,ST-11,Panchayati Raj Institution (PRI)
AGENCY-0234,RAJ-District-41 - Municipal Corporation (MC),DIST-0306,ST-07,Rural Development Department (RDD)
AGENCY-0235,GUJ-District-24 - Rural Development Department (RDD),DIST-0370,ST-09,Water Supply & Sewerage Board
AGENCY-0236,UTT-District-53 - Public Works Department (PWD),DIST-0053,ST-01,Public Works Department (PWD)
AGENCY-0237,MAD-District-45 - Municipal Corporation (MC),DIST-0217,ST-05,Water Supply & Sewerage Board
AGENCY-0238,RAJ-District-17 - Public Works Department (PWD),DIST-0282,ST-07,Rural Development Department (RDD)
AGENCY-0239,MAH-District-04 - Panchayati Raj Institution (PRI),DIST-0079,ST-02,Municipal Corporation (MC)
AGENCY-0240,UTT-District-22 - Municipal Corporation (MC),DIST-0022,ST-01,Rural Development Department (RDD)
AGENCY-0241,ODI-District-12 - Water Supply & Sewerage Board,DIST-0417,ST-11,Municipal Corporation (MC)
AGENCY-0242,ODI-District-10 - Municipal Corporation (MC),DIST-0415,ST-11,Public Works Department (PWD)
AGENCY-0243,MAH-District-10 - Rural Development Department (RDD),DIST-0085,ST-02,Municipal Corporation (MC)
AGENCY-0244,AND-District-04 - Municipal Corporation (MC),DIST-0383,ST-10,Rural Development Department (RDD)
AGENCY-0245,ASS-District-30 - Panchayati Raj Institution (PRI),DIST-0536,ST-15,Rural Development Department (RDD)
AGENCY-0246,TEL-District-21 - Public Works Department (PWD),DIST-0456,ST-12,Panchayati Raj Institution (PRI)
AGENCY-0247,JHA-District-02 - Municipal Corporation (MC),DIST-0484,ST-14,Rural Development Department (RDD)
AGENCY-0248,MAH-District-29 - Public Works Department (PWD),DIST-0104,ST-02,Public Works Department (PWD)
AGENCY-0249,ASS-District-05 - Municipal Corporation (MC),DIST-0511,ST-15,Panchayati Raj Institution (PRI)
AGENCY-0250,GUJ-District-07 - Rural Development Department (RDD),DIST-0353,ST-09,Public Works Department (PWD)
AGENCY-0251,UTT-District-08 - Municipal Corporation (MC),DIST-0008,ST-01,Public Works Department (PWD)
AGENCY-0252,UTT-District-66 - Municipal Corporation (MC),DIST-0066,ST-01,Panchayati Raj Institution (PRI)
AGENCY-0253,RAJ-District-39 - Rural Development Department (RDD),DIST-0304,ST-07,Public Works Department (PWD)
AGENCY-0254,RAJ-District-24 - Rural Development Department (RDD),DIST-0289,ST-07,Panchayati Raj Institution (PRI)
AGENCY-0255,MAH-District-28 - Rural Development Department (RDD),DIST-0103,ST-02,Public Works Department (PWD)
AGENCY-0256,TAM-District-36 - Rural Development Department (RDD),DIST-0263,ST-06,Rural Development Department (RDD)
AGENCY-0257,KAR-District-26 - Panchayati Raj Institution (PRI),DIST-0341,ST-08,Rural Development Department (RDD)
AGENCY-0258,ODI-District-28 - Rural Development Department (RDD),DIST-0433,ST-11,Rural Development Department (RDD)
AGENCY-0259,RAJ-District-31 - Public Works Department (PWD),DIST-0296,ST-07,Panchayati Raj Institution (PRI)
AGENCY-0260,GUJ-District-15 - Public Works Department (PWD),DIST-0361,ST-09,Panchayati Raj Institution (PRI)
AGENCY-0261,UTT-District-25 - Municipal Corporation (MC),DIST-0025,ST-01,Public Works Department (PWD)
AGENCY-0262,MAH-District-34 - Rural Development Department (RDD),DIST-0109,ST-02,Municipal Corporation (MC)
AGENCY-0263,TEL-District-10 - Panchayati Raj Institution (PRI),DIST-0445,ST-12,Public Works Department (PWD)
AGENCY-0264,TAM-District-13 - Municipal Corporation (MC),DIST-0240,ST-06,Public Works Department (PWD)
AGENCY-0265,TEL-District-09 - Rural Development Department (RDD),DIST-0444,ST-12,Public Works Department (PWD)
AGENCY-0266,ODI-District-25 - Public Works Department (PWD),DIST-0430,ST-11,Rural Development Department (RDD)
AGENCY-0267,BIH-District-10 - Panchayati Raj Institution (PRI),DIST-0121,ST-03,Public Works Department (PWD)
AGENCY-0268,UTT-District-57 - Panchayati Raj Institution (PRI),DIST-0057,ST-01,Water Supply & Sewerage Board
AGENCY-0269,UTT-District-25 - Panchayati Raj Institution (PRI),DIST-0025,ST-01,Water Supply & Sewerage Board
AGENCY-0270,MAD-District-08 - Panchayati Raj Institution (PRI),DIST-0180,ST-05,Water Supply & Sewerage Board
AGENCY-0271,TEL-District-16 - Rural Development Department (RDD),DIST-0451,ST-12,Municipal Corporation (MC)
AGENCY-0272,ODI-District-14 - Panchayati Raj Institution (PRI),DIST-0419,ST-11,Panchayati Raj Institution (PRI)
AGENCY-0273,CHH-District-09 - Water Supply & Sewerage Board,DIST-0573,ST-17,Water Supply & Sewerage Board
AGENCY-0274,ODI-District-14 - Rural Development Department (RDD),DIST-0419,ST-11,Public Works Department (PWD)
AGENCY-0275,MAH-District-03 - Water Supply & Sewerage Board,DIST-0078,ST-02,Rural Development Department (RDD)
AGENCY-0276,UTT-District-69 - Rural Development Department (RDD),DIST-0069,ST-01,Public Works Department (PWD)
AGENCY-0277,KAR-District-14 - Panchayati Raj Institution (PRI),DIST-0329,ST-08,Rural Development Department (RDD)
AGENCY-0278,TEL-District-26 - Panchayati Raj Institution (PRI),DIST-0461,ST-12,Water Supply & Sewerage Board
AGENCY-0279,KER-District-05 - Public Works Department (PWD),DIST-0473,ST-13,Rural Development Department (RDD)
AGENCY-0280,TEL-District-32 - Panchayati Raj Institution (PRI),DIST-0467,ST-12,Municipal Corporation (MC)
AGENCY-0281,MAD-District-36 - Public Works Department (PWD),DIST-0208,ST-05,Municipal Corporation (MC)
AGENCY-0282,JHA-District-04 - Municipal Corporation (MC),DIST-0486,ST-14,Panchayati Raj Institution (PRI)
AGENCY-0283,UTT-District-06 - Municipal Corporation (MC),DIST-0006,ST-01,Municipal Corporation (MC)
AGENCY-0284,ODI-District-09 - Public Works Department (PWD),DIST-0414,ST-11,Municipal Corporation (MC)
AGENCY-0285,TEL-District-14 - Water Supply & Sewerage Board,DIST-0449,ST-12,Panchayati Raj Institution (PRI)
AGENCY-0286,TEL-District-18 - Panchayati Raj Institution (PRI),DIST-0453,ST-12,Municipal Corporation (MC)
AGENCY-0287,ODI-District-25 - Municipal Corporation (MC),DIST-0430,ST-11,Water Supply & Sewerage Board
AGENCY-0288,UTT-District-02 - Municipal Corporation (MC),DIST-0002,ST-01,Municipal Corporation (MC)
AGENCY-0289,KAR-District-23 - Panchayati Raj Institution (PRI),DIST-0338,ST-08,Municipal Corporation (MC)
AGENCY-0290,RAJ-District-17 - Panchayati Raj Institution (PRI),DIST-0282,ST-07,Water Supply & Sewerage Board
AGENCY-0291,JHA-District-07 - Rural Development Department (RDD),DIST-0489,ST-14,Water Supply & Sewerage Board
AGENCY-0292,MAD-District-31 - Public Works Department (PWD),DIST-0203,ST-05,Water Supply & Sewerage Board
AGENCY-0293,BIH-District-37 - Rural Development Department (RDD),DIST-0148,ST-03,Rural Development Department (RDD)
AGENCY-0294,RAJ-District-40 - Public Works Department (PWD),DIST-0305,ST-07,Public Works Department (PWD)
AGENCY-0295,TAM-District-16 - Rural Development Department (RDD),DIST-0243,ST-06,Public Works Department (PWD)
AGENCY-0296,CHH-District-01 - Panchayati Raj Institution (PRI),DIST-0565,ST-17,Public Works Department (PWD)
AGENCY-0297,UTT-District-63 - Water Supply & Sewerage Board,DIST-0063,ST-01,Rural Development Department (RDD)
AGENCY-0298,MAH-District-20 - Municipal Corporation (MC),DIST-0095,ST-02,Water Supply & Sewerage Board
AGENCY-0299,TAM-District-20 - Municipal Corporation (MC),DIST-0247,ST-06,Panchayati Raj Institution (PRI)
AGENCY-0300,UTT-District-68 - Municipal Corporation (MC),DIST-0068,ST-01,Water Supply & Sewerage Board
AGENCY-0301,HAR-District-13 - Public Works Department (PWD),DIST-0610,ST-18,Panchayati Raj Institution (PRI)
AGENCY-0302,AND-District-07 - Public Works Department (PWD),DIST-0386,ST-10,Water Supply & Sewerage Board
AGENCY-0303,UTT-District-64 - Rural Development Department (RDD),DIST-0064,ST-01,Water Supply & Sewerage Board
AGENCY-0304,KAR-District-30 - Municipal Corporation (MC),DIST-0345,ST-08,Panchayati Raj Institution (PRI)
AGENCY-0305,TEL-District-31 - Public Works Department (PWD),DIST-0466,ST-12,Municipal Corporation (MC)
AGENCY-0306,UTT-District-42 - Public Works Department (PWD),DIST-0042,ST-01,Panchayati Raj Institution (PRI)
AGENCY-0307,RAJ-District-13 - Public Works Department (PWD),DIST-0278,ST-07,Municipal Corporation (MC)
AGENCY-0308,MAD-District-15 - Water Supply & Sewerage Board,DIST-0187,ST-05,Public Works Department (PWD)
AGENCY-0309,BIH-District-36 - Rural Development Department (RDD),DIST-0147,ST-03,Panchayati Raj Institution (PRI)
AGENCY-0310,TAM-District-22 - Public Works Department (PWD),DIST-0249,ST-06,Panchayati Raj Institution (PRI)
AGENCY-0311,CHH-District-30 - Public Works Department (PWD),DIST-0594,ST-17,Rural Development Department (RDD)
AGENCY-0312,RAJ-District-32 - Municipal Corporation (MC),DIST-0297,ST-07,Public Works Department (PWD)
AGENCY-0313,BIH-District-33 - Rural Development Department (RDD),DIST-0144,ST-03,Municipal Corporation (MC)
AGENCY-0314,UTT-District-52 - Municipal Corporation (MC),DIST-0052,ST-01,Panchayati Raj Institution (PRI)
AGENCY-0315,MAD-District-32 - Water Supply & Sewerage Board,DIST-0204,ST-05,Water Supply & Sewerage Board
AGENCY-0316,JHA-District-16 - Water Supply & Sewerage Board,DIST-0498,ST-14,Rural Development Department (RDD)
AGENCY-0317,ASS-District-24 - Public Works Department (PWD),DIST-0530,ST-15,Rural Development Department (RDD)
AGENCY-0318,KAR-District-29 - Municipal Corporation (MC),DIST-0344,ST-08,Panchayati Raj Institution (PRI)
AGENCY-0319,GUJ-District-01 - Rural Development Department (RDD),DIST-0347,ST-09,Panchayati Raj Institution (PRI)
AGENCY-0320,RAJ-District-30 - Panchayati Raj Institution (PRI),DIST-0295,ST-07,Panchayati Raj Institution (PRI)
AGENCY-0321,GUJ-District-26 - Rural Development Department (RDD),DIST-0372,ST-09,Public Works Department (PWD)
AGENCY-0322,MAD-District-14 - Panchayati Raj Institution (PRI),DIST-0186,ST-05,Public Works Department (PWD)
AGENCY-0323,MAH-District-35 - Water Supply & Sewerage Board,DIST-0110,ST-02,Rural Development Department (RDD)
AGENCY-0324,TEL-District-23 - Public Works Department (PWD),DIST-0458,ST-12,Water Supply & Sewerage Board
AGENCY-0325,BIH-District-21 - Rural Development Department (RDD),DIST-0132,ST-03,Municipal Corporation (MC)
AGENCY-0326,BIH-District-14 - Panchayati Raj Institution (PRI),DIST-0125,ST-03,Municipal Corporation (MC)
AGENCY-0327,UTT-District-15 - Public Works Department (PWD),DIST-0015,ST-01,Municipal Corporation (MC)
AGENCY-0328,WES-District-14 - Water Supply & Sewerage Board,DIST-0163,ST-04,Water Supply & Sewerage Board
AGENCY-0329,PUN-District-04 - Water Supply & Sewerage Board,DIST-0545,ST-16,Water Supply & Sewerage Board
AGENCY-0330,TAM-District-11 - Water Supply & Sewerage Board,DIST-0238,ST-06,Rural Development Department (RDD)
AGENCY-0331,GUJ-District-17 - Public Works Department (PWD),DIST-0363,ST-09,Water Supply & Sewerage Board
AGENCY-0332,GUJ-District-21 - Water Supply & Sewerage Board,DIST-0367,ST-09,Rural Development Department (RDD)
AGENCY-0333,MAD-District-22 - Panchayati Raj Institution (PRI),DIST-0194,ST-05,Water Supply & Sewerage Board
AGENCY-0334,KAR-District-25 - Municipal Corporation (MC),DIST-0340,ST-08,Rural Development Department (RDD)
AGENCY-0335,KER-District-13 - Municipal Corporation (MC),DIST-0481,ST-13,Water Supply & Sewerage Board
AGENCY-0336,UTT-District-36 - Rural Development Department (RDD),DIST-0036,ST-01,Public Works Department (PWD)
AGENCY-0337,TAM-District-21 - Municipal Corporation (MC),DIST-0248,ST-06,Municipal Corporation (MC)
AGENCY-0338,TEL-District-32 - Municipal Corporation (MC),DIST-0467,ST-12,Water Supply & Sewerage Board
AGENCY-0339,PUN-District-04 - Panchayati Raj Institution (PRI),DIST-0545,ST-16,Water Supply & Sewerage Board
AGENCY-0340,UTT-District-30 - Municipal Corporation (MC),DIST-0030,ST-01,Panchayati Raj Institution (PRI)
AGENCY-0341,CHH-District-29 - Panchayati Raj Institution (PRI),DIST-0593,ST-17,Public Works Department (PWD)
AGENCY-0342,TEL-District-14 - Water Supply & Sewerage Board,DIST-0449,ST-12,Public Works Department (PWD)
AGENCY-0343,UTT-District-40 - Municipal Corporation (MC),DIST-0040,ST-01,Panchayati Raj Institution (PRI)
AGENCY-0344,KAR-District-25 - Public Works Department (PWD),DIST-0340,ST-08,Panchayati Raj Institution (PRI)
AGENCY-0345,GUJ-District-06 - Water Supply & Sewerage Board,DIST-0352,ST-09,Rural Development Department (RDD)
AGENCY-0346,MAD-District-44 - Public Works Department (PWD),DIST-0216,ST-05,Panchayati Raj Institution (PRI)
AGENCY-0347,AND-District-23 - Rural Development Department (RDD),DIST-0402,ST-10,Municipal Corporation (MC)
AGENCY-0348,CHH-District-17 - Public Works Department (PWD),DIST-0581,ST-17,Panchayati Raj Institution (PRI)
AGENCY-0349,ODI-District-25 - Public Works Department (PWD),DIST-0430,ST-11,Public Works Department (PWD)
AGENCY-0350,TAM-District-18 - Public Works Department (PWD),DIST-0245,ST-06,Rural Development Department (RDD)
AGENCY-0351,MAH-District-17 - Water Supply & Sewerage Board,DIST-0092,ST-02,Panchayati Raj Institution (PRI)
AGENCY-0352,MAD-District-32 - Municipal Corporation (MC),DIST-0204,ST-05,Public Works Department (PWD)
AGENCY-0353,GUJ-District-24 - Municipal Corporation (MC),DIST-0370,ST-09,Water Supply & Sewerage Board
AGENCY-0354,BIH-District-27 - Panchayati Raj Institution (PRI),DIST-0138,ST-03,Municipal Corporation (MC)
AGENCY-0355,JHA-District-12 - Public Works Department (PWD),DIST-0494,ST-14,Water Supply & Sewerage Board
AGENCY-0356,WES-District-21 - Rural Development Department (RDD),DIST-0170,ST-04,Public Works Department (PWD)
AGENCY-0357,MAH-District-18 - Rural Development Department (RDD),DIST-0093,ST-02,Public Works Department (PWD)
AGENCY-0358,TEL-District-19 - Panchayati Raj Institution (PRI),DIST-0454,ST-12,Rural Development Department (RDD)
AGENCY-0359,KAR-District-24 - Municipal Corporation (MC),DIST-0339,ST-08,Public Works Department (PWD)
AGENCY-0360,MAD-District-12 - Water Supply & Sewerage Board,DIST-0184,ST-05,Public Works Department (PWD)
AGENCY-0361,CHH-District-29 - Water Supply & Sewerage Board,DIST-0593,ST-17,Rural Development Department (RDD)
AGENCY-0362,MAD-District-27 - Rural Development Department (RDD),DIST-0199,ST-05,Panchayati Raj Institution (PRI)
AGENCY-0363,BIH-District-22 - Municipal Corporation (MC),DIST-0133,ST-03,Rural Development Department (RDD)
AGENCY-0364,HAR-District-02 - Water Supply & Sewerage Board,DIST-0599,ST-18,Panchayati Raj Institution (PRI)
AGENCY-0365,GUJ-District-23 - Public Works Department (PWD),DIST-0369,ST-09,Public Works Department (PWD)
AGENCY-0366,RAJ-District-49 - Panchayati Raj Institution (PRI),DIST-0314,ST-07,Rural Development Department (RDD)
AGENCY-0367,UTT-District-56 - Water Supply & Sewerage Board,DIST-0056,ST-01,Panchayati Raj Institution (PRI)
AGENCY-0368,RAJ-District-26 - Panchayati Raj Institution (PRI),DIST-0291,ST-07,Panchayati Raj Institution (PRI)
AGENCY-0369,AND-District-23 - Municipal Corporation (MC),DIST-0402,ST-10,Panchayati Raj Institution (PRI)
AGENCY-0370,MAH-District-28 - Water Supply & Sewerage Board,DIST-0103,ST-02,Rural Development Department (RDD)
AGENCY-0371,UTT-District-11 - Public Works Department (PWD),DIST-0011,ST-01,Municipal Corporation (MC)
AGENCY-0372,TAM-District-13 - Public Works Department (PWD),DIST-0240,ST-06,Water Supply & Sewerage Board
AGENCY-0373,MAD-District-17 - Water Supply & Sewerage Board,DIST-0189,ST-05,Water Supply & Sewerage Board
AGENCY-0374,UTT-District-30 - Municipal Corporation (MC),DIST-0030,ST-01,Municipal Corporation (MC)
AGENCY-0375,MAH-District-32 - Rural Development Department (RDD),DIST-0107,ST-02,Panchayati Raj Institution (PRI)
AGENCY-0376,MAH-District-16 - Municipal Corporation (MC),DIST-0091,ST-02,Rural Development Department (RDD)
AGENCY-0377,CHH-District-17 - Water Supply & Sewerage Board,DIST-0581,ST-17,Municipal Corporation (MC)
AGENCY-0378,UTT-District-75 - Public Works Department (PWD),DIST-0075,ST-01,Public Works Department (PWD)
AGENCY-0379,RAJ-District-45 - Municipal Corporation (MC),DIST-0310,ST-07,Public Works Department (PWD)
AGENCY-0380,TEL-District-03 - Public Works Department (PWD),DIST-0438,ST-12,Rural Development Department (RDD)
AGENCY-0381,GUJ-District-25 - Water Supply & Sewerage Board,DIST-0371,ST-09,Municipal Corporation (MC)
AGENCY-0382,KAR-District-15 - Public Works Department (PWD),DIST-0330,ST-08,Rural Development Department (RDD)
AGENCY-0383,JHA-District-04 - Public Works Department (PWD),DIST-0486,ST-14,Municipal Corporation (MC)
AGENCY-0384,TEL-District-01 - Municipal Corporation (MC),DIST-0436,ST-12,Rural Development Department (RDD)
AGENCY-0385,WES-District-03 - Public Works Department (PWD),DIST-0152,ST-04,Rural Development Department (RDD)
AGENCY-0386,KAR-District-10 - Public Works Department (PWD),DIST-0325,ST-08,Panchayati Raj Institution (PRI)
AGENCY-0387,BIH-District-37 - Panchayati Raj Institution (PRI),DIST-0148,ST-03,Rural Development Department (RDD)
AGENCY-0388,CHH-District-27 - Rural Development Department (RDD),DIST-0591,ST-17,Water Supply & Sewerage Board
AGENCY-0389,MAH-District-34 - Public Works Department (PWD),DIST-0109,ST-02,Public Works Department (PWD)
AGENCY-0390,TAM-District-33 - Water Supply & Sewerage Board,DIST-0260,ST-06,Public Works Department (PWD)
AGENCY-0391,JHA-District-04 - Municipal Corporation (MC),DIST-0486,ST-14,Rural Development Department (RDD)
AGENCY-0392,MAD-District-37 - Water Supply & Sewerage Board,DIST-0209,ST-05,Municipal Corporation (MC)
AGENCY-0393,BIH-District-37 - Water Supply & Sewerage Board,DIST-0148,ST-03,Panchayati Raj Institution (PRI)
AGENCY-0394,UTT-District-50 - Water Supply & Sewerage Board,DIST-0050,ST-01,Water Supply & Sewerage Board
AGENCY-0395,RAJ-District-10 - Municipal Corporation (MC),DIST-0275,ST-07,Rural Development Department (RDD)
AGENCY-0396,ASS-District-21 - Rural Development Department (RDD),DIST-0527,ST-15,Rural Development Department (RDD)
AGENCY-0397,RAJ-District-45 - Rural Development Department (RDD),DIST-0310,ST-07,Municipal Corporation (MC)
AGENCY-0398,TEL-District-28 - Panchayati Raj Institution (PRI),DIST-0463,ST-12,Municipal Corporation (MC)
AGENCY-0399,RAJ-District-02 - Water Supply & Sewerage Board,DIST-0267,ST-07,Rural Development Department (RDD)
AGENCY-0400,TEL-District-02 - Panchayati Raj Institution (PRI),DIST-0437,ST-12,Water Supply & Sewerage Board
AGENCY-0401,BIH-District-25 - Public Works Department (PWD),DIST-0136,ST-03,Water Supply & Sewerage Board
AGENCY-0402,PUN-District-17 - Municipal Corporation (MC),DIST-0558,ST-16,Panchayati Raj Institution (PRI)
AGENCY-0403,TAM-District-27 - Municipal Corporation (MC),DIST-0254,ST-06,Municipal Corporation (MC)
AGENCY-0404,WES-District-22 - Public Works Department (PWD),DIST-0171,ST-04,Public Works Department (PWD)
AGENCY-0405,MAD-District-42 - Municipal Corporation (MC),DIST-0214,ST-05,Panchayati Raj Institution (PRI)
AGENCY-0406,AND-District-04 - Panchayati Raj Institution (PRI),DIST-0383,ST-10,Rural Development Department (RDD)
AGENCY-0407,TEL-District-29 - Municipal Corporation (MC),DIST-0464,ST-12,Water Supply & Sewerage Board
AGENCY-0408,ASS-District-06 - Rural Development Department (RDD),DIST-0512,ST-15,Municipal Corporation (MC)
AGENCY-0409,MAD-District-46 - Water Supply & Sewerage Board,DIST-0218,ST-05,Municipal Corporation (MC)
AGENCY-0410,ASS-District-11 - Rural Development Department (RDD),DIST-0517,ST-15,Public Works Department (PWD)
AGENCY-0411,MAH-District-13 - Panchayati Raj Institution (PRI),DIST-0088,ST-02,Water Supply & Sewerage Board
AGENCY-0412,AND-District-10 - Water Supply & Sewerage Board,DIST-0389,ST-10,Panchayati Raj Institution (PRI)
AGENCY-0413,CHH-District-30 - Water Supply & Sewerage Board,DIST-0594,ST-17,Rural Development Department (RDD)
AGENCY-0414,ASS-District-28 - Public Works Department (PWD),DIST-0534,ST-15,Panchayati Raj Institution (PRI)
AGENCY-0415,RAJ-District-06 - Rural Development Department (RDD),DIST-0271,ST-07,Water Supply & Sewerage Board
AGENCY-0416,ODI-District-05 - Public Works Department (PWD),DIST-0410,ST-11,Public Works Department (PWD)
AGENCY-0417,UTT-District-73 - Rural Development Department (RDD),DIST-0073,ST-01,Public Works Department (PWD)
AGENCY-0418,WES-District-15 - Municipal Corporation (MC),DIST-0164,ST-04,Water Supply & Sewerage Board
AGENCY-0419,JHA-District-05 - Panchayati Raj Institution (PRI),DIST-0487,ST-14,Municipal Corporation (MC)
AGENCY-0420,CHH-District-21 - Public Works Department (PWD),DIST-0585,ST-17,Water Supply & Sewerage Board
AGENCY-0421,TEL-District-13 - Rural Development Department (RDD),DIST-0448,ST-12,Panchayati Raj Institution (PRI)
AGENCY-0422,RAJ-District-07 - Public Works Department (PWD),DIST-0272,ST-07,Rural Development Department (RDD)
AGENCY-0423,MAD-District-11 - Public Works Department (PWD),DIST-0183,ST-05,Panchayati Raj Institution (PRI)
AGENCY-0424,RAJ-District-30 - Rural Development Department (RDD),DIST-0295,ST-07,Public Works Department (PWD)
AGENCY-0425,HAR-District-04 - Municipal Corporation (MC),DIST-0601,ST-18,Panchayati Raj Institution (PRI)
AGENCY-0426,TEL-District-13 - Rural Development Department (RDD),DIST-0448,ST-12,Rural Development Department (RDD)
AGENCY-0427,ODI-District-12 - Municipal Corporation (MC),DIST-0417,ST-11,Municipal Corporation (MC)
AGENCY-0428,GUJ-District-05 - Public Works Department (PWD),DIST-0351,ST-09,Municipal Corporation (MC)
AGENCY-0429,AND-District-04 - Panchayati Raj Institution (PRI),DIST-0383,ST-10,Rural Development Department (RDD)
AGENCY-0430,HAR-District-10 - Rural Development Department (RDD),DIST-0607,ST-18,Rural Development Department (RDD)
AGENCY-0431,TEL-District-03 - Panchayati Raj Institution (PRI),DIST-0438,ST-12,Panchayati Raj Institution (PRI)
AGENCY-0432,AND-District-23 - Rural Development Department (RDD),DIST-0402,ST-10,Public Works Department (PWD)
AGENCY-0433,MAH-District-29 - Water Supply & Sewerage Board,DIST-0104,ST-02,Panchayati Raj Institution (PRI)
AGENCY-0434,TAM-District-32 - Rural Development Department (RDD),DIST-0259,ST-06,Municipal Corporation (MC)
AGENCY-0435,CHH-District-02 - Municipal Corporation (MC),DIST-0566,ST-17,Panchayati Raj Institution (PRI)
AGENCY-0436,RAJ-District-30 - Water Supply & Sewerage Board,DIST-0295,ST-07,Water Supply & Sewerage Board
AGENCY-0437,TAM-District-15 - Water Supply & Sewerage Board,DIST-0242,ST-06,Water Supply & Sewerage Board
AGENCY-0438,ASS-District-18 - Public Works Department (PWD),DIST-0524,ST-15,Public Works Department (PWD)
AGENCY-0439,MAD-District-13 - Municipal Corporation (MC),DIST-0185,ST-05,Public Works Department (PWD)
AGENCY-0440,UTT-District-52 - Public Works Department (PWD),DIST-0052,ST-01,Public Works Department (PWD)
AGENCY-0441,CHH-District-05 - Municipal Corporation (MC),DIST-0569,ST-17,Municipal Corporation (MC)
AGENCY-0442,MAD-District-10 - Municipal Corporation (MC),DIST-0182,ST-05,Municipal Corporation (MC)
AGENCY-0443,KAR-District-15 - Water Supply & Sewerage Board,DIST-0330,ST-08,Panchayati Raj Institution (PRI)
AGENCY-0444,MAD-District-29 - Municipal Corporation (MC),DIST-0201,ST-05,Water Supply & Sewerage Board
AGENCY-0445,ASS-District-06 - Panchayati Raj Institution (PRI),DIST-0512,ST-15,Panchayati Raj Institution (PRI)
AGENCY-0446,HAR-District-08 - Municipal Corporation (MC),DIST-0605,ST-18,Panchayati Raj Institution (PRI)
AGENCY-0447,MAD-District-02 - Water Supply & Sewerage Board,DIST-0174,ST-05,Water Supply & Sewerage Board
AGENCY-0448,UTT-District-44 - Public Works Department (PWD),DIST-0044,ST-01,Public Works Department (PWD)
AGENCY-0449,TAM-District-13 - Public Works Department (PWD),DIST-0240,ST-06,Water Supply & Sewerage Board
AGENCY-0450,CHH-District-02 - Public Works Department (PWD),DIST-0566,ST-17,Water Supply & Sewerage Board
AGENCY-0451,MAH-District-13 - Municipal Corporation (MC),DIST-0088,ST-02,Rural Development Department (RDD)
AGENCY-0452,UTT-District-25 - Panchayati Raj Institution (PRI),DIST-0025,ST-01,Water Supply & Sewerage Board
AGENCY-0453,CHH-District-14 - Public Works Department (PWD),DIST-0578,ST-17,Water Supply & Sewerage Board
AGENCY-0454,MAD-District-10 - Panchayati Raj Institution (PRI),DIST-0182,ST-05,Public Works Department (PWD)
AGENCY-0455,HAR-District-06 - Municipal Corporation (MC),DIST-0603,ST-18,Municipal Corporation (MC)
AGENCY-0456,TEL-District-16 - Water Supply & Sewerage Board,DIST-0451,ST-12,Public Works Department (PWD)
AGENCY-0457,WES-District-04 - Public Works Department (PWD),DIST-0153,ST-04,Panchayati Raj Institution (PRI)
AGENCY-0458,RAJ-District-41 - Public Works Department (PWD),DIST-0306,ST-07,Municipal Corporation (MC)
AGENCY-0459,UTT-District-06 - Municipal Corporation (MC),DIST-0006,ST-01,Municipal Corporation (MC)
AGENCY-0460,JHA-District-23 - Public Works Department (PWD),DIST-0505,ST-14,Water Supply & Sewerage Board
AGENCY-0461,KAR-District-25 - Water Supply & Sewerage Board,DIST-0340,ST-08,Municipal Corporation (MC)
AGENCY-0462,ODI-District-02 - Public Works Department (PWD),DIST-0407,ST-11,Municipal Corporation (MC)
AGENCY-0463,RAJ-District-13 - Water Supply & Sewerage Board,DIST-0278,ST-07,Municipal Corporation (MC)
AGENCY-0464,UTT-District-47 - Water Supply & Sewerage Board,DIST-0047,ST-01,Public Works Department (PWD)
AGENCY-0465,MAD-District-14 - Rural Development Department (RDD),DIST-0186,ST-05,Water Supply & Sewerage Board
AGENCY-0466,MAH-District-20 - Water Supply & Sewerage Board,DIST-0095,ST-02,Rural Development Department (RDD)
AGENCY-0467,AND-District-24 - Public Works Department (PWD),DIST-0403,ST-10,Rural Development Department (RDD)
AGENCY-0468,AND-District-07 - Municipal Corporation (MC),DIST-0386,ST-10,Water Supply & Sewerage Board
AGENCY-0469,JHA-District-24 - Panchayati Raj Institution (PRI),DIST-0506,ST-14,Rural Development Department (RDD)
AGENCY-0470,WES-District-13 - Water Supply & Sewerage Board,DIST-0162,ST-04,Municipal Corporation (MC)
AGENCY-0471,PUN-District-22 - Panchayati Raj Institution (PRI),DIST-0563,ST-16,Panchayati Raj Institution (PRI)
AGENCY-0472,ASS-District-06 - Municipal Corporation (MC),DIST-0512,ST-15,Rural Development Department (RDD)
AGENCY-0473,KAR-District-10 - Rural Development Department (RDD),DIST-0325,ST-08,Municipal Corporation (MC)
AGENCY-0474,UTT-District-19 - Water Supply & Sewerage Board,DIST-0019,ST-01,Water Supply & Sewerage Board
AGENCY-0475,UTT-District-15 - Municipal Corporation (MC),DIST-0015,ST-01,Public Works Department (PWD)
AGENCY-0476,MAD-District-51 - Rural Development Department (RDD),DIST-0223,ST-05,Panchayati Raj Institution (PRI)
AGENCY-0477,CHH-District-05 - Panchayati Raj Institution (PRI),DIST-0569,ST-17,Rural Development Department (RDD)
AGENCY-0478,UTT-District-58 - Water Supply & Sewerage Board,DIST-0058,ST-01,Rural Development Department (RDD)
AGENCY-0479,RAJ-District-22 - Public Works Department (PWD),DIST-0287,ST-07,Rural Development Department (RDD)
AGENCY-0480,KAR-District-28 - Water Supply & Sewerage Board,DIST-0343,ST-08,Rural Development Department (RDD)
AGENCY-0481,GUJ-District-02 - Water Supply & Sewerage Board,DIST-0348,ST-09,Rural Development Department (RDD)
AGENCY-0482,MAD-District-11 - Public Works Department (PWD),DIST-0183,ST-05,Water Supply & Sewerage Board
AGENCY-0483,UTT-District-69 - Rural Development Department (RDD),DIST-0069,ST-01,Public Works Department (PWD)
AGENCY-0484,TEL-District-03 - Rural Development Department (RDD),DIST-0438,ST-12,Municipal Corporation (MC)
AGENCY-0485,GUJ-District-30 - Public Works Department (PWD),DIST-0376,ST-09,Rural Development Department (RDD)
AGENCY-0486,UTT-District-03 - Public Works Department (PWD),DIST-0003,ST-01,Panchayati Raj Institution (PRI)
AGENCY-0487,WES-District-15 - Public Works Department (PWD),DIST-0164,ST-04,Panchayati Raj Institution (PRI)
AGENCY-0488,RAJ-District-15 - Water Supply & Sewerage Board,DIST-0280,ST-07,Municipal Corporation (MC)
AGENCY-0489,TAM-District-17 - Panchayati Raj Institution (PRI),DIST-0244,ST-06,Public Works Department (PWD)
AGENCY-0490,TAM-District-13 - Panchayati Raj Institution (PRI),DIST-0240,ST-06,Public Works Department (PWD)
AGENCY-0491,CHH-District-06 - Panchayati Raj Institution (PRI),DIST-0570,ST-17,Municipal Corporation (MC)
AGENCY-0492,WES-District-22 - Water Supply & Sewerage Board,DIST-0171,ST-04,Rural Development Department (RDD)
AGENCY-0493,CHH-District-11 - Panchayati Raj Institution (PRI),DIST-0575,ST-17,Municipal Corporation (MC)
AGENCY-0494,BIH-District-16 - Water Supply & Sewerage Board,DIST-0127,ST-03,Public Works Department (PWD)
AGENCY-0495,UTT-District-21 - Panchayati Raj Institution (PRI),DIST-0021,ST-01,Water Supply & Sewerage Board
AGENCY-0496,CHH-District-07 - Water Supply & Sewerage Board,DIST-0571,ST-17,Panchayati Raj Institution (PRI)
AGENCY-0497,CHH-District-04 - Panchayati Raj Institution (PRI),DIST-0568,ST-17,Panchayati Raj Institution (PRI)
AGENCY-0498,BIH-District-01 - Municipal Corporation (MC),DIST-0112,ST-03,Rural Development Department (RDD)
AGENCY-0499,BIH-District-10 - Rural Development Department (RDD),DIST-0121,ST-03,Municipal Corporation (MC)
AGENCY-0500,WES-District-19 - Rural Development Department (RDD),DIST-0168,ST-04,Rural Development Department (RDD)
AGENCY-0501,GUJ-District-24 - Municipal Corporation (MC),DIST-0370,ST-09,Municipal Corporation (MC)
AGENCY-0502,MAH-District-13 - Rural Development Department (RDD),DIST-0088,ST-02,Municipal Corporation (MC)
AGENCY-0503,BIH-District-23 - Public Works Department (PWD),DIST-0134,ST-03,Rural Development Department (RDD)
AGENCY-0504,ODI-District-16 - Municipal Corporation (MC),DIST-0421,ST-11,Public Works Department (PWD)
AGENCY-0505,ODI-District-14 - Public Works Department (PWD),DIST-0419,ST-11,Municipal Corporation (MC)
AGENCY-0506,GUJ-District-05 - Public Works Department (PWD),DIST-0351,ST-09,Rural Development Department (RDD)
AGENCY-0507,ASS-District-01 - Panchayati Raj Institution (PRI),DIST-0507,ST-15,Municipal Corporation (MC)
AGENCY-0508,TEL-District-29 - Public Works Department (PWD),DIST-0464,ST-12,Water Supply & Sewerage Board
AGENCY-0509,MAD-District-36 - Municipal Corporation (MC),DIST-0208,ST-05,Panchayati Raj Institution (PRI)
AGENCY-0510,GUJ-District-12 - Rural Development Department (RDD),DIST-0358,ST-09,Water Supply & Sewerage Board
AGENCY-0511,UTT-District-73 - Water Supply & Sewerage Board,DIST-0073,ST-01,Rural Development Department (RDD)
AGENCY-0512,PUN-District-06 - Public Works Department (PWD),DIST-0547,ST-16,Public Works Department (PWD)
AGENCY-0513,UTT-District-58 - Panchayati Raj Institution (PRI),DIST-0058,ST-01,Rural Development Department (RDD)
AGENCY-0514,GUJ-District-25 - Water Supply & Sewerage Board,DIST-0371,ST-09,Public Works Department (PWD)
AGENCY-0515,KAR-District-11 - Municipal Corporation (MC),DIST-0326,ST-08,Panchayati Raj Institution (PRI)
AGENCY-0516,CHH-District-09 - Municipal Corporation (MC),DIST-0573,ST-17,Public Works Department (PWD)
AGENCY-0517,KAR-District-21 - Rural Development Department (RDD),DIST-0336,ST-08,Public Works Department (PWD)
AGENCY-0518,CHH-District-25 - Rural Development Department (RDD),DIST-0589,ST-17,Public Works Department (PWD)
AGENCY-0519,BIH-District-27 - Water Supply & Sewerage Board,DIST-0138,ST-03,Panchayati Raj Institution (PRI)
AGENCY-0520,ASS-District-02 - Panchayati Raj Institution (PRI),DIST-0508,ST-15,Public Works Department (PWD)
AGENCY-0521,TAM-District-13 - Public Works Department (PWD),DIST-0240,ST-06,Panchayati Raj Institution (PRI)
AGENCY-0522,WES-District-18 - Water Supply & Sewerage Board,DIST-0167,ST-04,Rural Development Department (RDD)
AGENCY-0523,MAD-District-23 - Water Supply & Sewerage Board,DIST-0195,ST-05,Panchayati Raj Institution (PRI)
AGENCY-0524,MAH-District-31 - Panchayati Raj Institution (PRI),DIST-0106,ST-02,Rural Development Department (RDD)
AGENCY-0525,TEL-District-09 - Panchayati Raj Institution (PRI),DIST-0444,ST-12,Municipal Corporation (MC)
AGENCY-0526,CHH-District-18 - Municipal Corporation (MC),DIST-0582,ST-17,Rural Development Department (RDD)
AGENCY-0527,BIH-District-14 - Panchayati Raj Institution (PRI),DIST-0125,ST-03,Panchayati Raj Institution (PRI)
AGENCY-0528,MAD-District-22 - Water Supply & Sewerage Board,DIST-0194,ST-05,Water Supply & Sewerage Board
AGENCY-0529,TAM-District-10 - Municipal Corporation (MC),DIST-0237,ST-06,Water Supply & Sewerage Board
AGENCY-0530,UTT-District-08 - Rural Development Department (RDD),DIST-0008,ST-01,Municipal Corporation (MC)
AGENCY-0531,RAJ-District-44 - Municipal Corporation (MC),DIST-0309,ST-07,Panchayati Raj Institution (PRI)
AGENCY-0532,UTT-District-40 - Panchayati Raj Institution (PRI),DIST-0040,ST-01,Panchayati Raj Institution (PRI)
AGENCY-0533,ASS-District-18 - Public Works Department (PWD),DIST-0524,ST-15,Public Works Department (PWD)
AGENCY-0534,MAH-District-13 - Panchayati Raj Institution (PRI),DIST-0088,ST-02,Water Supply & Sewerage Board
AGENCY-0535,AND-District-04 - Water Supply & Sewerage Board,DIST-0383,ST-10,Water Supply & Sewerage Board
AGENCY-0536,GUJ-District-26 - Municipal Corporation (MC),DIST-0372,ST-09,Rural Development Department (RDD)
AGENCY-0537,CHH-District-31 - Municipal Corporation (MC),DIST-0595,ST-17,Water Supply & Sewerage Board
AGENCY-0538,HAR-District-12 - Rural Development Department (RDD),DIST-0609,ST-18,Public Works Department (PWD)
AGENCY-0539,ASS-District-27 - Panchayati Raj Institution (PRI),DIST-0533,ST-15,Water Supply & Sewerage Board
AGENCY-0540,ODI-District-25 - Rural Development Department (RDD),DIST-0430,ST-11,Rural Development Department (RDD)
AGENCY-0541,GUJ-District-32 - Rural Development Department (RDD),DIST-0378,ST-09,Rural Development Department (RDD)
AGENCY-0542,BIH-District-19 - Municipal Corporation (MC),DIST-0130,ST-03,Public Works Department (PWD)
AGENCY-0543,UTT-District-58 - Public Works Department (PWD),DIST-0058,ST-01,Municipal Corporation (MC)
AGENCY-0544,UTT-District-19 - Panchayati Raj Institution (PRI),DIST-0019,ST-01,Public Works Department (PWD)
AGENCY-0545,GUJ-District-18 - Public Works Department (PWD),DIST-0364,ST-09,Public Works Department (PWD)
AGENCY-0546,TAM-District-28 - Municipal Corporation (MC),DIST-0255,ST-06,Public Works Department (PWD)
AGENCY-0547,RAJ-District-43 - Water Supply & Sewerage Board,DIST-0308,ST-07,Municipal Corporation (MC)
AGENCY-0548,TEL-District-30 - Rural Development Department (RDD),DIST-0465,ST-12,Water Supply & Sewerage Board
AGENCY-0549,MAH-District-16 - Municipal Corporation (MC),DIST-0091,ST-02,Panchayati Raj Institution (PRI)
AGENCY-0550,UTT-District-20 - Water Supply & Sewerage Board,DIST-0020,ST-01,Municipal Corporation (MC)
AGENCY-0551,BIH-District-31 - Public Works Department (PWD),DIST-0142,ST-03,Municipal Corporation (MC)
AGENCY-0552,KAR-District-23 - Public Works Department (PWD),DIST-0338,ST-08,Water Supply & Sewerage Board
AGENCY-0553,TEL-District-10 - Panchayati Raj Institution (PRI),DIST-0445,ST-12,Rural Development Department (RDD)
AGENCY-0554,WES-District-19 - Panchayati Raj Institution (PRI),DIST-0168,ST-04,Public Works Department (PWD)
AGENCY-0555,TAM-District-01 - Rural Development Department (RDD),DIST-0228,ST-06,Public Works Department (PWD)
AGENCY-0556,MAH-District-03 - Rural Development Department (RDD),DIST-0078,ST-02,Rural Development Department (RDD)
AGENCY-0557,MAD-District-45 - Municipal Corporation (MC),DIST-0217,ST-05,Panchayati Raj Institution (PRI)
AGENCY-0558,BIH-District-09 - Water Supply & Sewerage Board,DIST-0120,ST-03,Municipal Corporation (MC)
AGENCY-0559,RAJ-District-26 - Public Works Department (PWD),DIST-0291,ST-07,Water Supply & Sewerage Board
AGENCY-0560,TEL-District-26 - Panchayati Raj Institution (PRI),DIST-0461,ST-12,Public Works Department (PWD)
AGENCY-0561,UTT-District-67 - Rural Development Department (RDD),DIST-0067,ST-01,Rural Development Department (RDD)
AGENCY-0562,BIH-District-19 - Panchayati Raj Institution (PRI),DIST-0130,ST-03,Public Works Department (PWD)
AGENCY-0563,MAD-District-30 - Water Supply & Sewerage Board,DIST-0202,ST-05,Water Supply & Sewerage Board
AGENCY-0564,UTT-District-06 - Municipal Corporation (MC),DIST-0006,ST-01,Water Supply & Sewerage Board
AGENCY-0565,GUJ-District-12 - Rural Development Department (RDD),DIST-0358,ST-09,Panchayati Raj Institution (PRI)
AGENCY-0566,BIH-District-21 - Rural Development Department (RDD),DIST-0132,ST-03,Water Supply & Sewerage Board
AGENCY-0567,GUJ-District-33 - Panchayati Raj Institution (PRI),DIST-0379,ST-09,Public Works Department (PWD)
AGENCY-0568,PUN-District-20 - Public Works Department (PWD),DIST-0561,ST-16,Municipal Corporation (MC)
AGENCY-0569,MAD-District-16 - Rural Development Department (RDD),DIST-0188,ST-05,Public Works Department (PWD)
AGENCY-0570,TAM-District-06 - Municipal Corporation (MC),DIST-0233,ST-06,Panchayati Raj Institution (PRI)
AGENCY-0571,UTT-District-16 - Rural Development Department (RDD),DIST-0016,ST-01,Public Works Department (PWD)
AGENCY-0572,TAM-District-22 - Water Supply & Sewerage Board,DIST-0249,ST-06,Water Supply & Sewerage Board
AGENCY-0573,HAR-District-21 - Public Works Department (PWD),DIST-0618,ST-18,Panchayati Raj Institution (PRI)
AGENCY-0574,UTT-District-29 - Panchayati Raj Institution (PRI),DIST-0029,ST-01,Panchayati Raj Institution (PRI)
AGENCY-0575,KER-District-11 - Rural Development Department (RDD),DIST-0479,ST-13,Public Works Department (PWD)
AGENCY-0576,RAJ-District-17 - Panchayati Raj Institution (PRI),DIST-0282,ST-07,Municipal Corporation (MC)
AGENCY-0577,UTT-District-62 - Municipal Corporation (MC),DIST-0062,ST-01,Panchayati Raj Institution (PRI)
AGENCY-0578,TEL-District-23 - Water Supply & Sewerage Board,DIST-0458,ST-12,Rural Development Department (RDD)
AGENCY-0579,TEL-District-32 - Public Works Department (PWD),DIST-0467,ST-12,Water Supply & Sewerage Board
AGENCY-0580,RAJ-District-33 - Municipal Corporation (MC),DIST-0298,ST-07,Municipal Corporation (MC)
AGENCY-0581,GUJ-District-31 - Rural Development Department (RDD),DIST-0377,ST-09,Municipal Corporation (MC)
AGENCY-0582,RAJ-District-30 - Municipal Corporation (MC),DIST-0295,ST-07,Municipal Corporation (MC)
AGENCY-0583,RAJ-District-23 - Public Works Department (PWD),DIST-0288,ST-07,Rural Development Department (RDD)
AGENCY-0584,CHH-District-17 - Panchayati Raj Institution (PRI),DIST-0581,ST-17,Municipal Corporation (MC)
AGENCY-0585,WES-District-12 - Municipal Corporation (MC),DIST-0161,ST-04,Panchayati Raj Institution (PRI)
AGENCY-0586,BIH-District-25 - Public Works Department (PWD),DIST-0136,ST-03,Rural Development Department (RDD)
AGENCY-0587,GUJ-District-04 - Rural Development Department (RDD),DIST-0350,ST-09,Rural Development Department (RDD)
AGENCY-0588,WES-District-18 - Rural Development Department (RDD),DIST-0167,ST-04,Municipal Corporation (MC)
AGENCY-0589,RAJ-District-44 - Panchayati Raj Institution (PRI),DIST-0309,ST-07,Public Works Department (PWD)
AGENCY-0590,KAR-District-23 - Water Supply & Sewerage Board,DIST-0338,ST-08,Municipal Corporation (MC)
AGENCY-0591,RAJ-District-12 - Rural Development Department (RDD),DIST-0277,ST-07,Rural Development Department (RDD)
AGENCY-0592,UTT-District-17 - Public Works Department (PWD),DIST-0017,ST-01,Municipal Corporation (MC)
AGENCY-0593,ASS-District-16 - Water Supply & Sewerage Board,DIST-0522,ST-15,Municipal Corporation (MC)
AGENCY-0594,CHH-District-12 - Panchayati Raj Institution (PRI),DIST-0576,ST-17,Rural Development Department (RDD)
AGENCY-0595,WES-District-03 - Rural Development Department (RDD),DIST-0152,ST-04,Municipal Corporation (MC)
AGENCY-0596,UTT-District-07 - Water Supply & Sewerage Board,DIST-0007,ST-01,Municipal Corporation (MC)
AGENCY-0597,TAM-District-09 - Municipal Corporation (MC),DIST-0236,ST-06,Public Works Department (PWD)
AGENCY-0598,RAJ-District-03 - Public Works Department (PWD),DIST-0268,ST-07,Public Works Department (PWD)
AGENCY-0599,UTT-District-04 - Municipal Corporation (MC),DIST-0004,ST-01,Municipal Corporation (MC)
AGENCY-0600,PUN-District-12 - Water Supply & Sewerage Board,DIST-0553,ST-16,Water Supply & Sewerage Board
AGENCY-0601,HAR-District-18 - Public Works Department (PWD),DIST-0615,ST-18,Municipal Corporation (MC)
AGENCY-0602,TEL-District-13 - Public Works Department (PWD),DIST-0448,ST-12,Public Works Department (PWD)
AGENCY-0603,HAR-District-09 - Water Supply & Sewerage Board,DIST-0606,ST-18,Rural Development Department (RDD)
AGENCY-0604,UTT-District-47 - Rural Development Department (RDD),DIST-0047,ST-01,Public Works Department (PWD)
AGENCY-0605,ODI-District-21 - Rural Development Department (RDD),DIST-0426,ST-11,Public Works Department (PWD)
AGENCY-0606,HAR-District-10 - Water Supply & Sewerage Board,DIST-0607,ST-18,Water Supply & Sewerage Board
AGENCY-0607,HAR-District-21 - Public Works Department (PWD),DIST-0618,ST-18,Municipal Corporation (MC)
AGENCY-0608,JHA-District-06 - Municipal Corporation (MC),DIST-0488,ST-14,Rural Development Department (RDD)
AGENCY-0609,TAM-District-15 - Water Supply & Sewerage Board,DIST-0242,ST-06,Public Works Department (PWD)
AGENCY-0610,AND-District-18 - Municipal Corporation (MC),DIST-0397,ST-10,Municipal Corporation (MC)
AGENCY-0611,GUJ-District-24 - Municipal Corporation (MC),DIST-0370,ST-09,Water Supply & Sewerage Board
AGENCY-0612,KER-District-07 - Public Works Department (PWD),DIST-0475,ST-13,Rural Development Department (RDD)
AGENCY-0613,MAD-District-17 - Rural Development Department (RDD),DIST-0189,ST-05,Rural Development Department (RDD)
AGENCY-0614,BIH-District-26 - Municipal Corporation (MC),DIST-0137,ST-03,Public Works Department (PWD)
AGENCY-0615,JHA-District-06 - Municipal Corporation (MC),DIST-0488,ST-14,Water Supply & Sewerage Board
AGENCY-0616,UTT-District-05 - Rural Development Department (RDD),DIST-0005,ST-01,Water Supply & Sewerage Board
AGENCY-0617,RAJ-District-41 - Panchayati Raj Institution (PRI),DIST-0306,ST-07,Public Works Department (PWD)
AGENCY-0618,KER-District-04 - Rural Development Department (RDD),DIST-0472,ST-13,Water Supply & Sewerage Board
AGENCY-0619,TAM-District-05 - Public Works Department (PWD),DIST-0232,ST-06,Panchayati Raj Institution (PRI)
AGENCY-0620,RAJ-District-31 - Panchayati Raj Institution (PRI),DIST-0296,ST-07,Water Supply & Sewerage Board
AGENCY-0621,MAD-District-54 - Rural Development Department (RDD),DIST-0226,ST-05,Municipal Corporation (MC)
AGENCY-0622,MAH-District-31 - Water Supply & Sewerage Board,DIST-0106,ST-02,Rural Development Department (RDD)
AGENCY-0623,WES-District-01 - Public Works Department (PWD),DIST-0150,ST-04,Rural Development Department (RDD)
AGENCY-0624,GUJ-District-15 - Municipal Corporation (MC),DIST-0361,ST-09,Water Supply & Sewerage Board
AGENCY-0625,KER-District-14 - Rural Development Department (RDD),DIST-0482,ST-13,Water Supply & Sewerage Board
AGENCY-0626,BIH-District-10 - Rural Development Department (RDD),DIST-0121,ST-03,Rural Development Department (RDD)
AGENCY-0627,KAR-District-19 - Rural Development Department (RDD),DIST-0334,ST-08,Water Supply & Sewerage Board
AGENCY-0628,WES-District-19 - Rural Development Department (RDD),DIST-0168,ST-04,Municipal Corporation (MC)
AGENCY-0629,RAJ-District-02 - Panchayati Raj Institution (PRI),DIST-0267,ST-07,Water Supply & Sewerage Board
AGENCY-0630,RAJ-District-05 - Public Works Department (PWD),DIST-0270,ST-07,Municipal Corporation (MC)
AGENCY-0631,TEL-District-02 - Rural Development Department (RDD),DIST-0437,ST-12,Water Supply & Sewerage Board
AGENCY-0632,TAM-District-16 - Public Works Department (PWD),DIST-0243,ST-06,Public Works Department (PWD)
AGENCY-0633,TEL-District-08 - Rural Development Department (RDD),DIST-0443,ST-12,Panchayati Raj Institution (PRI)
AGENCY-0634,TEL-District-20 - Water Supply & Sewerage Board,DIST-0455,ST-12,Panchayati Raj Institution (PRI)
AGENCY-0635,PUN-District-21 - Rural Development Department (RDD),DIST-0562,ST-16,Water Supply & Sewerage Board
AGENCY-0636,WES-District-06 - Public Works Department (PWD),DIST-0155,ST-04,Municipal Corporation (MC)
AGENCY-0637,KER-District-01 - Water Supply & Sewerage Board,DIST-0469,ST-13,Water Supply & Sewerage Board
AGENCY-0638,UTT-District-64 - Municipal Corporation (MC),DIST-0064,ST-01,Municipal Corporation (MC)
AGENCY-0639,GUJ-District-26 - Public Works Department (PWD),DIST-0372,ST-09,Public Works Department (PWD)
AGENCY-0640,ODI-District-11 - Water Supply & Sewerage Board,DIST-0416,ST-11,Public Works Department (PWD)
AGENCY-0641,UTT-District-29 - Panchayati Raj Institution (PRI),DIST-0029,ST-01,Rural Development Department (RDD)
AGENCY-0642,HAR-District-12 - Water Supply & Sewerage Board,DIST-0609,ST-18,Panchayati Raj Institution (PRI)
AGENCY-0643,CHH-District-24 - Rural Development Department (RDD),DIST-0588,ST-17,Water Supply & Sewerage Board
AGENCY-0644,RAJ-District-12 - Panchayati Raj Institution (PRI),DIST-0277,ST-07,Public Works Department (PWD)
AGENCY-0645,MAH-District-35 - Public Works Department (PWD),DIST-0110,ST-02,Panchayati Raj Institution (PRI)
AGENCY-0646,BIH-District-07 - Public Works Department (PWD),DIST-0118,ST-03,Municipal Corporation (MC)
AGENCY-0647,ASS-District-35 - Public Works Department (PWD),DIST-0541,ST-15,Panchayati Raj Institution (PRI)
AGENCY-0648,CHH-District-31 - Panchayati Raj Institution (PRI),DIST-0595,ST-17,Public Works Department (PWD)
AGENCY-0649,UTT-District-50 - Water Supply & Sewerage Board,DIST-0050,ST-01,Panchayati Raj Institution (PRI)
AGENCY-0650,UTT-District-66 - Water Supply & Sewerage Board,DIST-0066,ST-01,Water Supply & Sewerage Board
AGENCY-0651,TEL-District-01 - Public Works Department (PWD),DIST-0436,ST-12,Public Works Department (PWD)
AGENCY-0652,BIH-District-25 - Public Works Department (PWD),DIST-0136,ST-03,Panchayati Raj Institution (PRI)
AGENCY-0653,TAM-District-16 - Municipal Corporation (MC),DIST-0243,ST-06,Public Works Department (PWD)
AGENCY-0654,TEL-District-16 - Water Supply & Sewerage Board,DIST-0451,ST-12,Public Works Department (PWD)
AGENCY-0655,AND-District-25 - Panchayati Raj Institution (PRI),DIST-0404,ST-10,Public Works Department (PWD)
AGENCY-0656,MAD-District-10 - Municipal Corporation (MC),DIST-0182,ST-05,Water Supply & Sewerage Board
AGENCY-0657,TAM-District-02 - Public Works Department (PWD),DIST-0229,ST-06,Rural Development Department (RDD)
AGENCY-0658,ASS-District-17 - Panchayati Raj Institution (PRI),DIST-0523,ST-15,Panchayati Raj Institution (PRI)
AGENCY-0659,UTT-District-09 - Municipal Corporation (MC),DIST-0009,ST-01,Panchayati Raj Institution (PRI)
AGENCY-0660,KAR-District-23 - Water Supply & Sewerage Board,DIST-0338,ST-08,Panchayati Raj Institution (PRI)
AGENCY-0661,CHH-District-11 - Panchayati Raj Institution (PRI),DIST-0575,ST-17,Rural Development Department (RDD)
AGENCY-0662,CHH-District-08 - Municipal Corporation (MC),DIST-0572,ST-17,Municipal Corporation (MC)
AGENCY-0663,BIH-District-30 - Municipal Corporation (MC),DIST-0141,ST-03,Panchayati Raj Institution (PRI)
AGENCY-0664,UTT-District-66 - Rural Development Department (RDD),DIST-0066,ST-01,Water Supply & Sewerage Board
AGENCY-0665,GUJ-District-08 - Municipal Corporation (MC),DIST-0354,ST-09,Public Works Department (PWD)
AGENCY-0666,BIH-District-24 - Water Supply & Sewerage Board,DIST-0135,ST-03,Panchayati Raj Institution (PRI)
AGENCY-0667,PUN-District-09 - Water Supply & Sewerage Board,DIST-0550,ST-16,Rural Development Department (RDD)
AGENCY-0668,CHH-District-24 - Municipal Corporation (MC),DIST-0588,ST-17,Public Works Department (PWD)
AGENCY-0669,UTT-District-60 - Public Works Department (PWD),DIST-0060,ST-01,Municipal Corporation (MC)
AGENCY-0670,MAH-District-14 - Rural Development Department (RDD),DIST-0089,ST-02,Panchayati Raj Institution (PRI)
AGENCY-0671,MAH-District-09 - Rural Development Department (RDD),DIST-0084,ST-02,Municipal Corporation (MC)
AGENCY-0672,HAR-District-05 - Panchayati Raj Institution (PRI),DIST-0602,ST-18,Municipal Corporation (MC)
AGENCY-0673,KAR-District-14 - Panchayati Raj Institution (PRI),DIST-0329,ST-08,Panchayati Raj Institution (PRI)
AGENCY-0674,CHH-District-30 - Public Works Department (PWD),DIST-0594,ST-17,Panchayati Raj Institution (PRI)
AGENCY-0675,UTT-District-32 - Water Supply & Sewerage Board,DIST-0032,ST-01,Municipal Corporation (MC)
AGENCY-0676,UTT-District-30 - Municipal Corporation (MC),DIST-0030,ST-01,Panchayati Raj Institution (PRI)
AGENCY-0677,UTT-District-30 - Water Supply & Sewerage Board,DIST-0030,ST-01,Rural Development Department (RDD)
AGENCY-0678,UTT-District-15 - Municipal Corporation (MC),DIST-0015,ST-01,Rural Development Department (RDD)
AGENCY-0679,ODI-District-02 - Public Works Department (PWD),DIST-0407,ST-11,Water Supply & Sewerage Board
AGENCY-0680,TAM-District-33 - Panchayati Raj Institution (PRI),DIST-0260,ST-06,Water Supply & Sewerage Board
AGENCY-0681,KAR-District-25 - Public Works Department (PWD),DIST-0340,ST-08,Panchayati Raj Institution (PRI)
AGENCY-0682,AND-District-21 - Rural Development Department (RDD),DIST-0400,ST-10,Public Works Department (PWD)
AGENCY-0683,UTT-District-34 - Water Supply & Sewerage Board,DIST-0034,ST-01,Public Works Department (PWD)
AGENCY-0684,GUJ-District-16 - Water Supply & Sewerage Board,DIST-0362,ST-09,Rural Development Department (RDD)
AGENCY-0685,BIH-District-13 - Municipal Corporation (MC),DIST-0124,ST-03,Municipal Corporation (MC)
AGENCY-0686,UTT-District-10 - Panchayati Raj Institution (PRI),DIST-0010,ST-01,Public Works Department (PWD)
AGENCY-0687,TAM-District-21 - Rural Development Department (RDD),DIST-0248,ST-06,Water Supply & Sewerage Board
AGENCY-0688,HAR-District-08 - Municipal Corporation (MC),DIST-0605,ST-18,Municipal Corporation (MC)
AGENCY-0689,UTT-District-15 - Public Works Department (PWD),DIST-0015,ST-01,Municipal Corporation (MC)
AGENCY-0690,RAJ-District-01 - Panchayati Raj Institution (PRI),DIST-0266,ST-07,Municipal Corporation (MC)
AGENCY-0691,MAD-District-43 - Municipal Corporation (MC),DIST-0215,ST-05,Municipal Corporation (MC)
AGENCY-0692,BIH-District-38 - Municipal Corporation (MC),DIST-0149,ST-03,Public Works Department (PWD)
AGENCY-0693,MAD-District-21 - Municipal Corporation (MC),DIST-0193,ST-05,Water Supply & Sewerage Board
AGENCY-0694,UTT-District-41 - Municipal Corporation (MC),DIST-0041,ST-01,Panchayati Raj Institution (PRI)
AGENCY-0695,GUJ-District-29 - Municipal Corporation (MC),DIST-0375,ST-09,Public Works Department (PWD)
AGENCY-0696,TEL-District-23 - Rural Development Department (RDD),DIST-0458,ST-12,Public Works Department (PWD)
AGENCY-0697,RAJ-District-12 - Public Works Department (PWD),DIST-0277,ST-07,Municipal Corporation (MC)
AGENCY-0698,GUJ-District-04 - Panchayati Raj Institution (PRI),DIST-0350,ST-09,Public Works Department (PWD)
AGENCY-0699,KER-District-05 - Public Works Department (PWD),DIST-0473,ST-13,Rural Development Department (RDD)
AGENCY-0700,TAM-District-19 - Municipal Corporation (MC),DIST-0246,ST-06,Panchayati Raj Institution (PRI)
AGENCY-0701,JHA-District-24 - Water Supply & Sewerage Board,DIST-0506,ST-14,Municipal Corporation (MC)
AGENCY-0702,UTT-District-25 - Municipal Corporation (MC),DIST-0025,ST-01,Rural Development Department (RDD)
AGENCY-0703,PUN-District-09 - Water Supply & Sewerage Board,DIST-0550,ST-16,Public Works Department (PWD)
AGENCY-0704,UTT-District-62 - Municipal Corporation (MC),DIST-0062,ST-01,Public Works Department (PWD)
AGENCY-0705,HAR-District-03 - Panchayati Raj Institution (PRI),DIST-0600,ST-18,Panchayati Raj Institution (PRI)
AGENCY-0706,ASS-District-27 - Rural Development Department (RDD),DIST-0533,ST-15,Panchayati Raj Institution (PRI)
AGENCY-0707,HAR-District-22 - Public Works Department (PWD),DIST-0619,ST-18,Public Works Department (PWD)
AGENCY-0708,MAH-District-16 - Rural Development Department (RDD),DIST-0091,ST-02,Public Works Department (PWD)
AGENCY-0709,MAH-District-32 - Water Supply & Sewerage Board,DIST-0107,ST-02,Panchayati Raj Institution (PRI)
AGENCY-0710,MAD-District-50 - Panchayati Raj Institution (PRI),DIST-0222,ST-05,Water Supply & Sewerage Board
AGENCY-0711,RAJ-District-40 - Panchayati Raj Institution (PRI),DIST-0305,ST-07,Water Supply & Sewerage Board
AGENCY-0712,UTT-District-24 - Panchayati Raj Institution (PRI),DIST-0024,ST-01,Municipal Corporation (MC)
AGENCY-0713,KAR-District-04 - Water Supply & Sewerage Board,DIST-0319,ST-08,Water Supply & Sewerage Board
AGENCY-0714,MAD-District-37 - Water Supply & Sewerage Board,DIST-0209,ST-05,Rural Development Department (RDD)
AGENCY-0715,BIH-District-38 - Water Supply & Sewerage Board,DIST-0149,ST-03,Public Works Department (PWD)
AGENCY-0716,MAD-District-47 - Municipal Corporation (MC),DIST-0219,ST-05,Panchayati Raj Institution (PRI)
AGENCY-0717,ASS-District-17 - Rural Development Department (RDD),DIST-0523,ST-15,Panchayati Raj Institution (PRI)
AGENCY-0718,MAH-District-03 - Rural Development Department (RDD),DIST-0078,ST-02,Public Works Department (PWD)
AGENCY-0719,TEL-District-24 - Rural Development Department (RDD),DIST-0459,ST-12,Municipal Corporation (MC)
AGENCY-0720,MAD-District-42 - Panchayati Raj Institution (PRI),DIST-0214,ST-05,Water Supply & Sewerage Board
AGENCY-0721,ASS-District-29 - Public Works Department (PWD),DIST-0535,ST-15,Municipal Corporation (MC)
AGENCY-0722,CHH-District-28 - Municipal Corporation (MC),DIST-0592,ST-17,Public Works Department (PWD)
AGENCY-0723,ODI-District-07 - Municipal Corporation (MC),DIST-0412,ST-11,Municipal Corporation (MC)
AGENCY-0724,RAJ-District-01 - Panchayati Raj Institution (PRI),DIST-0266,ST-07,Municipal Corporation (MC)
AGENCY-0725,RAJ-District-23 - Municipal Corporation (MC),DIST-0288,ST-07,Municipal Corporation (MC)
AGENCY-0726,MAD-District-16 - Municipal Corporation (MC),DIST-0188,ST-05,Municipal Corporation (MC)
AGENCY-0727,RAJ-District-39 - Municipal Corporation (MC),DIST-0304,ST-07,Public Works Department (PWD)
AGENCY-0728,TAM-District-13 - Municipal Corporation (MC),DIST-0240,ST-06,Water Supply & Sewerage Board
AGENCY-0729,AND-District-21 - Municipal Corporation (MC),DIST-0400,ST-10,Rural Development Department (RDD)
AGENCY-0730,ODI-District-29 - Rural Development Department (RDD),DIST-0434,ST-11,Public Works Department (PWD)
AGENCY-0731,WES-District-04 - Municipal Corporation (MC),DIST-0153,ST-04,Water Supply & Sewerage Board
AGENCY-0732,RAJ-District-42 - Water Supply & Sewerage Board,DIST-0307,ST-07,Municipal Corporation (MC)
AGENCY-0733,GUJ-District-02 - Water Supply & Sewerage Board,DIST-0348,ST-09,Panchayati Raj Institution (PRI)
AGENCY-0734,RAJ-District-10 - Municipal Corporation (MC),DIST-0275,ST-07,Municipal Corporation (MC)
AGENCY-0735,KAR-District-12 - Panchayati Raj Institution (PRI),DIST-0327,ST-08,Water Supply & Sewerage Board
AGENCY-0736,UTT-District-41 - Public Works Department (PWD),DIST-0041,ST-01,Panchayati Raj Institution (PRI)
AGENCY-0737,UTT-District-22 - Rural Development Department (RDD),DIST-0022,ST-01,Panchayati Raj Institution (PRI)
AGENCY-0738,TAM-District-24 - Rural Development Department (RDD),DIST-0251,ST-06,Rural Development Department (RDD)
AGENCY-0739,GUJ-District-29 - Water Supply & Sewerage Board,DIST-0375,ST-09,Municipal Corporation (MC)
AGENCY-0740,KAR-District-24 - Public Works Department (PWD),DIST-0339,ST-08,Rural Development Department (RDD)
AGENCY-0741,RAJ-District-08 - Rural Development Department (RDD),DIST-0273,ST-07,Municipal Corporation (MC)
AGENCY-0742,MAD-District-55 - Water Supply & Sewerage Board,DIST-0227,ST-05,Rural Development Department (RDD)
AGENCY-0743,RAJ-District-43 - Municipal Corporation (MC),DIST-0308,ST-07,Rural Development Department (RDD)
AGENCY-0744,KER-District-04 - Panchayati Raj Institution (PRI),DIST-0472,ST-13,Municipal Corporation (MC)
AGENCY-0745,RAJ-District-17 - Water Supply & Sewerage Board,DIST-0282,ST-07,Municipal Corporation (MC)
AGENCY-0746,BIH-District-08 - Panchayati Raj Institution (PRI),DIST-0119,ST-03,Water Supply & Sewerage Board
AGENCY-0747,MAD-District-01 - Panchayati Raj Institution (PRI),DIST-0173,ST-05,Municipal Corporation (MC)
AGENCY-0748,WES-District-21 - Panchayati Raj Institution (PRI),DIST-0170,ST-04,Panchayati Raj Institution (PRI)
AGENCY-0749,MAH-District-35 - Public Works Department (PWD),DIST-0110,ST-02,Panchayati Raj Institution (PRI)
AGENCY-0750,MAH-District-36 - Water Supply & Sewerage Board,DIST-0111,ST-02,Panchayati Raj Institution (PRI)
AGENCY-0751,TEL-District-02 - Rural Development Department (RDD),DIST-0437,ST-12,Rural Development Department (RDD)
AGENCY-0752,RAJ-District-37 - Municipal Corporation (MC),DIST-0302,ST-07,Rural Development Department (RDD)
AGENCY-0753,MAD-District-03 - Public Works Department (PWD),DIST-0175,ST-05,Panchayati Raj Institution (PRI)
AGENCY-0754,ODI-District-16 - Panchayati Raj Institution (PRI),DIST-0421,ST-11,Rural Development Department (RDD)
AGENCY-0755,WES-District-05 - Rural Development Department (RDD),DIST-0154,ST-04,Rural Development Department (RDD)
AGENCY-0756,BIH-District-16 - Water Supply & Sewerage Board,DIST-0127,ST-03,Rural Development Department (RDD)
AGENCY-0757,WES-District-07 - Municipal Corporation (MC),DIST-0156,ST-04,Water Supply & Sewerage Board
AGENCY-0758,RAJ-District-23 - Municipal Corporation (MC),DIST-0288,ST-07,Public Works Department (PWD)
AGENCY-0759,KAR-District-15 - Public Works Department (PWD),DIST-0330,ST-08,Public Works Department (PWD)
AGENCY-0760,GUJ-District-21 - Rural Development Department (RDD),DIST-0367,ST-09,Public Works Department (PWD)
AGENCY-0761,MAH-District-36 - Municipal Corporation (MC),DIST-0111,ST-02,Panchayati Raj Institution (PRI)
AGENCY-0762,TAM-District-10 - Water Supply & Sewerage Board,DIST-0237,ST-06,Rural Development Department (RDD)
AGENCY-0763,PUN-District-03 - Rural Development Department (RDD),DIST-0544,ST-16,Public Works Department (PWD)
AGENCY-0764,UTT-District-69 - Rural Development Department (RDD),DIST-0069,ST-01,Public Works Department (PWD)
AGENCY-0765,MAH-District-23 - Rural Development Department (RDD),DIST-0098,ST-02,Water Supply & Sewerage Board
AGENCY-0766,BIH-District-14 - Rural Development Department (RDD),DIST-0125,ST-03,Water Supply & Sewerage Board
AGENCY-0767,BIH-District-14 - Water Supply & Sewerage Board,DIST-0125,ST-03,Municipal Corporation (MC)
AGENCY-0768,CHH-District-11 - Panchayati Raj Institution (PRI),DIST-0575,ST-17,Panchayati Raj Institution (PRI)
AGENCY-0769,BIH-District-29 - Panchayati Raj Institution (PRI),DIST-0140,ST-03,Municipal Corporation (MC)
AGENCY-0770,HAR-District-14 - Public Works Department (PWD),DIST-0611,ST-18,Public Works Department (PWD)
AGENCY-0771,UTT-District-12 - Municipal Corporation (MC),DIST-0012,ST-01,Public Works Department (PWD)
AGENCY-0772,CHH-District-03 - Rural Development Department (RDD),DIST-0567,ST-17,Rural Development Department (RDD)
AGENCY-0773,HAR-District-07 - Municipal Corporation (MC),DIST-0604,ST-18,Panchayati Raj Institution (PRI)
AGENCY-0774,PUN-District-10 - Municipal Corporation (MC),DIST-0551,ST-16,Municipal Corporation (MC)
AGENCY-0775,MAD-District-28 - Water Supply & Sewerage Board,DIST-0200,ST-05,Municipal Corporation (MC)
AGENCY-0776,CHH-District-22 - Water Supply & Sewerage Board,DIST-0586,ST-17,Panchayati Raj Institution (PRI)
AGENCY-0777,MAD-District-50 - Water Supply & Sewerage Board,DIST-0222,ST-05,Water Supply & Sewerage Board
AGENCY-0778,MAH-District-01 - Municipal Corporation (MC),DIST-0076,ST-02,Municipal Corporation (MC)
AGENCY-0779,TEL-District-29 - Water Supply & Sewerage Board,DIST-0464,ST-12,Rural Development Department (RDD)
AGENCY-0780,HAR-District-07 - Municipal Corporation (MC),DIST-0604,ST-18,Public Works Department (PWD)
AGENCY-0781,KAR-District-02 - Public Works Department (PWD),DIST-0317,ST-08,Water Supply & Sewerage Board
AGENCY-0782,KER-District-05 - Water Supply & Sewerage Board,DIST-0473,ST-13,Municipal Corporation (MC)
AGENCY-0783,TAM-District-19 - Panchayati Raj Institution (PRI),DIST-0246,ST-06,Water Supply & Sewerage Board
AGENCY-0784,MAH-District-19 - Water Supply & Sewerage Board,DIST-0094,ST-02,Panchayati Raj Institution (PRI)
AGENCY-0785,GUJ-District-20 - Municipal Corporation (MC),DIST-0366,ST-09,Public Works Department (PWD)
AGENCY-0786,MAH-District-18 - Public Works Department (PWD),DIST-0093,ST-02,Municipal Corporation (MC)
AGENCY-0787,UTT-District-48 - Municipal Corporation (MC),DIST-0048,ST-01,Public Works Department (PWD)
AGENCY-0788,KER-District-08 - Water Supply & Sewerage Board,DIST-0476,ST-13,Panchayati Raj Institution (PRI)
AGENCY-0789,BIH-District-21 - Panchayati Raj Institution (PRI),DIST-0132,ST-03,Municipal Corporation (MC)
AGENCY-0790,TEL-District-16 - Municipal Corporation (MC),DIST-0451,ST-12,Panchayati Raj Institution (PRI)
AGENCY-0791,AND-District-12 - Rural Development Department (RDD),DIST-0391,ST-10,Rural Development Department (RDD)
AGENCY-0792,CHH-District-13 - Panchayati Raj Institution (PRI),DIST-0577,ST-17,Water Supply & Sewerage Board
AGENCY-0793,AND-District-09 - Panchayati Raj Institution (PRI),DIST-0388,ST-10,Panchayati Raj Institution (PRI)
AGENCY-0794,ODI-District-24 - Public Works Department (PWD),DIST-0429,ST-11,Panchayati Raj Institution (PRI)
AGENCY-0795,TEL-District-13 - Public Works Department (PWD),DIST-0448,ST-12,Public Works Department (PWD)
AGENCY-0796,MAH-District-25 - Panchayati Raj Institution (PRI),DIST-0100,ST-02,Rural Development Department (RDD)
AGENCY-0797,RAJ-District-06 - Public Works Department (PWD),DIST-0271,ST-07,Rural Development Department (RDD)
AGENCY-0798,UTT-District-11 - Water Supply & Sewerage Board,DIST-0011,ST-01,Panchayati Raj Institution (PRI)
AGENCY-0799,MAH-District-34 - Panchayati Raj Institution (PRI),DIST-0109,ST-02,Water Supply & Sewerage Board
AGENCY-0800,ASS-District-05 - Water Supply & Sewerage Board,DIST-0511,ST-15,Panchayati Raj Institution (PRI)
AGENCY-0801,MAD-District-52 - Rural Development Department (RDD),DIST-0224,ST-05,Rural Development Department (RDD)
AGENCY-0802,CHH-District-06 - Public Works Department (PWD),DIST-0570,ST-17,Water Supply & Sewerage Board
AGENCY-0803,CHH-District-04 - Water Supply & Sewerage Board,DIST-0568,ST-17,Municipal Corporation (MC)
AGENCY-0804,ASS-District-24 - Public Works Department (PWD),DIST-0530,ST-15,Water Supply & Sewerage Board
AGENCY-0805,KAR-District-02 - Water Supply & Sewerage Board,DIST-0317,ST-08,Public Works Department (PWD)
AGENCY-0806,CHH-District-12 - Panchayati Raj Institution (PRI),DIST-0576,ST-17,Public Works Department (PWD)
AGENCY-0807,KAR-District-01 - Public Works Department (PWD),DIST-0316,ST-08,Public Works Department (PWD)
AGENCY-0808,KAR-District-15 - Water Supply & Sewerage Board,DIST-0330,ST-08,Public Works Department (PWD)
AGENCY-0809,WES-District-14 - Rural Development Department (RDD),DIST-0163,ST-04,Panchayati Raj Institution (PRI)
AGENCY-0810,UTT-District-01 - Municipal Corporation (MC),DIST-0001,ST-01,Panchayati Raj Institution (PRI)
AGENCY-0811,CHH-District-32 - Rural Development Department (RDD),DIST-0596,ST-17,Panchayati Raj Institution (PRI)
AGENCY-0812,UTT-District-51 - Water Supply & Sewerage Board,DIST-0051,ST-01,Water Supply & Sewerage Board
AGENCY-0813,MAD-District-48 - Panchayati Raj Institution (PRI),DIST-0220,ST-05,Water Supply & Sewerage Board
AGENCY-0814,MAD-District-11 - Rural Development Department (RDD),DIST-0183,ST-05,Rural Development Department (RDD)
AGENCY-0815,TEL-District-03 - Rural Development Department (RDD),DIST-0438,ST-12,Public Works Department (PWD)
AGENCY-0816,MAH-District-28 - Water Supply & Sewerage Board,DIST-0103,ST-02,Water Supply & Sewerage Board
AGENCY-0817,CHH-District-27 - Rural Development Department (RDD),DIST-0591,ST-17,Panchayati Raj Institution (PRI)
AGENCY-0818,RAJ-District-39 - Panchayati Raj Institution (PRI),DIST-0304,ST-07,Public Works Department (PWD)
AGENCY-0819,GUJ-District-25 - Public Works Department (PWD),DIST-0371,ST-09,Rural Development Department (RDD)
AGENCY-0820,MAD-District-09 - Municipal Corporation (MC),DIST-0181,ST-05,Water Supply & Sewerage Board
AGENCY-0821,ODI-District-28 - Panchayati Raj Institution (PRI),DIST-0433,ST-11,Panchayati Raj Institution (PRI)
AGENCY-0822,KAR-District-03 - Public Works Department (PWD),DIST-0318,ST-08,Water Supply & Sewerage Board
AGENCY-0823,CHH-District-05 - Rural Development Department (RDD),DIST-0569,ST-17,Public Works Department (PWD)
AGENCY-0824,MAH-District-28 - Municipal Corporation (MC),DIST-0103,ST-02,Public Works Department (PWD)
AGENCY-0825,UTT-District-64 - Municipal Corporation (MC),DIST-0064,ST-01,Public Works Department (PWD)
AGENCY-0826,UTT-District-43 - Public Works Department (PWD),DIST-0043,ST-01,Municipal Corporation (MC)
AGENCY-0827,MAD-District-53 - Rural Development Department (RDD),DIST-0225,ST-05,Municipal Corporation (MC)
AGENCY-0828,MAH-District-31 - Panchayati Raj Institution (PRI),DIST-0106,ST-02,Panchayati Raj Institution (PRI)
AGENCY-0829,ODI-District-13 - Municipal Corporation (MC),DIST-0418,ST-11,Municipal Corporation (MC)
AGENCY-0830,BIH-District-21 - Public Works Department (PWD),DIST-0132,ST-03,Panchayati Raj Institution (PRI)
AGENCY-0831,UTT-District-36 - Panchayati Raj Institution (PRI),DIST-0036,ST-01,Municipal Corporation (MC)
AGENCY-0832,ASS-District-03 - Municipal Corporation (MC),DIST-0509,ST-15,Water Supply & Sewerage Board
AGENCY-0833,KAR-District-30 - Panchayati Raj Institution (PRI),DIST-0345,ST-08,Rural Development Department (RDD)
AGENCY-0834,ODI-District-12 - Water Supply & Sewerage Board,DIST-0417,ST-11,Rural Development Department (RDD)
AGENCY-0835,UTT-District-47 - Public Works Department (PWD),DIST-0047,ST-01,Municipal Corporation (MC)
AGENCY-0836,ODI-District-06 - Public Works Department (PWD),DIST-0411,ST-11,Public Works Department (PWD)
AGENCY-0837,ODI-District-01 - Rural Development Department (RDD),DIST-0406,ST-11,Panchayati Raj Institution (PRI)
AGENCY-0838,WES-District-14 - Municipal Corporation (MC),DIST-0163,ST-04,Municipal Corporation (MC)
AGENCY-0839,UTT-District-33 - Public Works Department (PWD),DIST-0033,ST-01,Panchayati Raj Institution (PRI)
AGENCY-0840,GUJ-District-28 - Public Works Department (PWD),DIST-0374,ST-09,Public Works Department (PWD)
AGENCY-0841,ODI-District-18 - Panchayati Raj Institution (PRI),DIST-0423,ST-11,Public Works Department (PWD)
AGENCY-0842,GUJ-District-32 - Public Works Department (PWD),DIST-0378,ST-09,Rural Development Department (RDD)
AGENCY-0843,TEL-District-07 - Rural Development Department (RDD),DIST-0442,ST-12,Public Works Department (PWD)
AGENCY-0844,CHH-District-31 - Rural Development Department (RDD),DIST-0595,ST-17,Panchayati Raj Institution (PRI)
AGENCY-0845,ASS-District-05 - Water Supply & Sewerage Board,DIST-0511,ST-15,Water Supply & Sewerage Board
AGENCY-0846,MAD-District-39 - Water Supply & Sewerage Board,DIST-0211,ST-05,Public Works Department (PWD)
AGENCY-0847,MAD-District-30 - Public Works Department (PWD),DIST-0202,ST-05,Panchayati Raj Institution (PRI)
AGENCY-0848,PUN-District-11 - Municipal Corporation (MC),DIST-0552,ST-16,Water Supply & Sewerage Board
AGENCY-0849,MAH-District-10 - Municipal Corporation (MC),DIST-0085,ST-02,Municipal Corporation (MC)
AGENCY-0850,RAJ-District-18 - Public Works Department (PWD),DIST-0283,ST-07,Public Works Department (PWD)
AGENCY-0851,CHH-District-02 - Rural Development Department (RDD),DIST-0566,ST-17,Municipal Corporation (MC)
AGENCY-0852,CHH-District-22 - Panchayati Raj Institution (PRI),DIST-0586,ST-17,Rural Development Department (RDD)
AGENCY-0853,RAJ-District-36 - Rural Development Department (RDD),DIST-0301,ST-07,Public Works Department (PWD)
AGENCY-0854,JHA-District-21 - Rural Development Department (RDD),DIST-0503,ST-14,Municipal Corporation (MC)
AGENCY-0855,TEL-District-16 - Panchayati Raj Institution (PRI),DIST-0451,ST-12,Panchayati Raj Institution (PRI)
AGENCY-0856,BIH-District-01 - Panchayati Raj Institution (PRI),DIST-0112,ST-03,Municipal Corporation (MC)
AGENCY-0857,BIH-District-10 - Rural Development Department (RDD),DIST-0121,ST-03,Municipal Corporation (MC)
AGENCY-0858,HAR-District-11 - Rural Development Department (RDD),DIST-0608,ST-18,Water Supply & Sewerage Board
AGENCY-0859,BIH-District-03 - Panchayati Raj Institution (PRI),DIST-0114,ST-03,Water Supply & Sewerage Board
AGENCY-0860,RAJ-District-09 - Panchayati Raj Institution (PRI),DIST-0274,ST-07,Public Works Department (PWD)
AGENCY-0861,KAR-District-12 - Panchayati Raj Institution (PRI),DIST-0327,ST-08,Water Supply & Sewerage Board
AGENCY-0862,BIH-District-14 - Rural Development Department (RDD),DIST-0125,ST-03,Municipal Corporation (MC)
AGENCY-0863,CHH-District-20 - Rural Development Department (RDD),DIST-0584,ST-17,Municipal Corporation (MC)
AGENCY-0864,PUN-District-04 - Municipal Corporation (MC),DIST-0545,ST-16,Panchayati Raj Institution (PRI)
AGENCY-0865,BIH-District-35 - Rural Development Department (RDD),DIST-0146,ST-03,Public Works Department (PWD)
AGENCY-0866,MAH-District-20 - Panchayati Raj Institution (PRI),DIST-0095,ST-02,Public Works Department (PWD)
AGENCY-0867,UTT-District-07 - Municipal Corporation (MC),DIST-0007,ST-01,Public Works Department (PWD)
AGENCY-0868,MAH-District-13 - Panchayati Raj Institution (PRI),DIST-0088,ST-02,Water Supply & Sewerage Board
AGENCY-0869,TEL-District-14 - Public Works Department (PWD),DIST-0449,ST-12,Public Works Department (PWD)
AGENCY-0870,TEL-District-24 - Municipal Corporation (MC),DIST-0459,ST-12,Rural Development Department (RDD)
AGENCY-0871,CHH-District-24 - Water Supply & Sewerage Board,DIST-0588,ST-17,Municipal Corporation (MC)
AGENCY-0872,TEL-District-29 - Municipal Corporation (MC),DIST-0464,ST-12,Public Works Department (PWD)
AGENCY-0873,ODI-District-29 - Water Supply & Sewerage Board,DIST-0434,ST-11,Rural Development Department (RDD)
AGENCY-0874,UTT-District-10 - Rural Development Department (RDD),DIST-0010,ST-01,Rural Development Department (RDD)
AGENCY-0875,CHH-District-24 - Panchayati Raj Institution (PRI),DIST-0588,ST-17,Municipal Corporation (MC)
AGENCY-0876,HAR-District-11 - Municipal Corporation (MC),DIST-0608,ST-18,Municipal Corporation (MC)
AGENCY-0877,HAR-District-03 - Municipal Corporation (MC),DIST-0600,ST-18,Rural Development Department (RDD)
AGENCY-0878,TEL-District-15 - Rural Development Department (RDD),DIST-0450,ST-12,Rural Development Department (RDD)
AGENCY-0879,AND-District-21 - Rural Development Department (RDD),DIST-0400,ST-10,Public Works Department (PWD)
AGENCY-0880,HAR-District-22 - Panchayati Raj Institution (PRI),DIST-0619,ST-18,Municipal Corporation (MC)
AGENCY-0881,JHA-District-19 - Municipal Corporation (MC),DIST-0501,ST-14,Municipal Corporation (MC)
AGENCY-0882,JHA-District-09 - Rural Development Department (RDD),DIST-0491,ST-14,Water Supply & Sewerage Board
AGENCY-0883,TEL-District-14 - Public Works Department (PWD),DIST-0449,ST-12,Public Works Department (PWD)
AGENCY-0884,PUN-District-04 - Water Supply & Sewerage Board,DIST-0545,ST-16,Water Supply & Sewerage Board
AGENCY-0885,UTT-District-63 - Water Supply & Sewerage Board,DIST-0063,ST-01,Water Supply & Sewerage Board
AGENCY-0886,KER-District-08 - Panchayati Raj Institution (PRI),DIST-0476,ST-13,Panchayati Raj Institution (PRI)
AGENCY-0887,RAJ-District-01 - Public Works Department (PWD),DIST-0266,ST-07,Panchayati Raj Institution (PRI)
AGENCY-0888,BIH-District-36 - Rural Development Department (RDD),DIST-0147,ST-03,Public Works Department (PWD)
AGENCY-0889,RAJ-District-19 - Public Works Department (PWD),DIST-0284,ST-07,Water Supply & Sewerage Board
AGENCY-0890,PUN-District-10 - Water Supply & Sewerage Board,DIST-0551,ST-16,Rural Development Department (RDD)
AGENCY-0891,MAH-District-26 - Panchayati Raj Institution (PRI),DIST-0101,ST-02,Municipal Corporation (MC)
AGENCY-0892,UTT-District-13 - Water Supply & Sewerage Board,DIST-0013,ST-01,Panchayati Raj Institution (PRI)
AGENCY-0893,ASS-District-02 - Public Works Department (PWD),DIST-0508,ST-15,Panchayati Raj Institution (PRI)
AGENCY-0894,RAJ-District-19 - Public Works Department (PWD),DIST-0284,ST-07,Municipal Corporation (MC)
AGENCY-0895,CHH-District-13 - Panchayati Raj Institution (PRI),DIST-0577,ST-17,Rural Development Department (RDD)
AGENCY-0896,AND-District-15 - Rural Development Department (RDD),DIST-0394,ST-10,Rural Development Department (RDD)
AGENCY-0897,KER-District-03 - Panchayati Raj Institution (PRI),DIST-0471,ST-13,Rural Development Department (RDD)
AGENCY-0898,TAM-District-26 - Water Supply & Sewerage Board,DIST-0253,ST-06,Panchayati Raj Institution (PRI)
AGENCY-0899,UTT-District-48 - Water Supply & Sewerage Board,DIST-0048,ST-01,Municipal Corporation (MC)
AGENCY-0900,WES-District-17 - Water Supply & Sewerage Board,DIST-0166,ST-04,Water Supply & Sewerage Board
AGENCY-0901,HAR-District-20 - Rural Development Department (RDD),DIST-0617,ST-18,Water Supply & Sewerage Board
AGENCY-0902,JHA-District-18 - Water Supply & Sewerage Board,DIST-0500,ST-14,Panchayati Raj Institution (PRI)
AGENCY-0903,MAD-District-01 - Rural Development Department (RDD),DIST-0173,ST-05,Water Supply & Sewerage Board
AGENCY-0904,RAJ-District-47 - Water Supply & Sewerage Board,DIST-0312,ST-07,Panchayati Raj Institution (PRI)
AGENCY-0905,KAR-District-16 - Public Works Department (PWD),DIST-0331,ST-08,Panchayati Raj Institution (PRI)
AGENCY-0906,KAR-District-30 - Public Works Department (PWD),DIST-0345,ST-08,Public Works Department (PWD)
AGENCY-0907,GUJ-District-20 - Rural Development Department (RDD),DIST-0366,ST-09,Municipal Corporation (MC)
AGENCY-0908,RAJ-District-20 - Panchayati Raj Institution (PRI),DIST-0285,ST-07,Public Works Department (PWD)
AGENCY-0909,TAM-District-25 - Panchayati Raj Institution (PRI),DIST-0252,ST-06,Panchayati Raj Institution (PRI)
AGENCY-0910,WES-District-19 - Public Works Department (PWD),DIST-0168,ST-04,Water Supply & Sewerage Board
AGENCY-0911,CHH-District-29 - Water Supply & Sewerage Board,DIST-0593,ST-17,Rural Development Department (RDD)
AGENCY-0912,GUJ-District-28 - Public Works Department (PWD),DIST-0374,ST-09,Water Supply & Sewerage Board
AGENCY-0913,UTT-District-04 - Panchayati Raj Institution (PRI),DIST-0004,ST-01,Water Supply & Sewerage Board
AGENCY-0914,TEL-District-15 - Water Supply & Sewerage Board,DIST-0450,ST-12,Panchayati Raj Institution (PRI)
AGENCY-0915,UTT-District-59 - Public Works Department (PWD),DIST-0059,ST-01,Public Works Department (PWD)
AGENCY-0916,UTT-District-36 - Panchayati Raj Institution (PRI),DIST-0036,ST-01,Public Works Department (PWD)
AGENCY-0917,BIH-District-04 - Panchayati Raj Institution (PRI),DIST-0115,ST-03,Municipal Corporation (MC)
AGENCY-0918,ODI-District-13 - Public Works Department (PWD),DIST-0418,ST-11,Water Supply & Sewerage Board
AGENCY-0919,KAR-District-26 - Rural Development Department (RDD),DIST-0341,ST-08,Rural Development Department (RDD)
AGENCY-0920,ASS-District-20 - Panchayati Raj Institution (PRI),DIST-0526,ST-15,Rural Development Department (RDD)
AGENCY-0921,TAM-District-36 - Public Works Department (PWD),DIST-0263,ST-06,Public Works Department (PWD)
AGENCY-0922,MAD-District-23 - Rural Development Department (RDD),DIST-0195,ST-05,Rural Development Department (RDD)
AGENCY-0923,UTT-District-41 - Municipal Corporation (MC),DIST-0041,ST-01,Public Works Department (PWD)
AGENCY-0924,BIH-District-24 - Water Supply & Sewerage Board,DIST-0135,ST-03,Public Works Department (PWD)
AGENCY-0925,MAD-District-02 - Panchayati Raj Institution (PRI),DIST-0174,ST-05,Rural Development Department (RDD)
AGENCY-0926,MAD-District-27 - Public Works Department (PWD),DIST-0199,ST-05,Panchayati Raj Institution (PRI)
AGENCY-0927,TEL-District-33 - Panchayati Raj Institution (PRI),DIST-0468,ST-12,Water Supply & Sewerage Board
AGENCY-0928,ODI-District-29 - Municipal Corporation (MC),DIST-0434,ST-11,Panchayati Raj Institution (PRI)
AGENCY-0929,AND-District-01 - Panchayati Raj Institution (PRI),DIST-0380,ST-10,Water Supply & Sewerage Board
AGENCY-0930,RAJ-District-46 - Panchayati Raj Institution (PRI),DIST-0311,ST-07,Public Works Department (PWD)
AGENCY-0931,ASS-District-27 - Panchayati Raj Institution (PRI),DIST-0533,ST-15,Municipal Corporation (MC)
AGENCY-0932,ODI-District-15 - Public Works Department (PWD),DIST-0420,ST-11,Municipal Corporation (MC)
AGENCY-0933,RAJ-District-37 - Rural Development Department (RDD),DIST-0302,ST-07,Rural Development Department (RDD)
AGENCY-0934,AND-District-16 - Public Works Department (PWD),DIST-0395,ST-10,Municipal Corporation (MC)
AGENCY-0935,ASS-District-18 - Public Works Department (PWD),DIST-0524,ST-15,Public Works Department (PWD)
AGENCY-0936,UTT-District-38 - Municipal Corporation (MC),DIST-0038,ST-01,Water Supply & Sewerage Board
AGENCY-0937,HAR-District-15 - Public Works Department (PWD),DIST-0612,ST-18,Panchayati Raj Institution (PRI)
AGENCY-0938,UTT-District-30 - Rural Development Department (RDD),DIST-0030,ST-01,Rural Development Department (RDD)
AGENCY-0939,GUJ-District-30 - Water Supply & Sewerage Board,DIST-0376,ST-09,Water Supply & Sewerage Board
AGENCY-0940,UTT-District-40 - Rural Development Department (RDD),DIST-0040,ST-01,Rural Development Department (RDD)
AGENCY-0941,WES-District-07 - Rural Development Department (RDD),DIST-0156,ST-04,Municipal Corporation (MC)
AGENCY-0942,TEL-District-23 - Water Supply & Sewerage Board,DIST-0458,ST-12,Municipal Corporation (MC)
AGENCY-0943,MAD-District-13 - Public Works Department (PWD),DIST-0185,ST-05,Rural Development Department (RDD)
AGENCY-0944,JHA-District-13 - Water Supply & Sewerage Board,DIST-0495,ST-14,Rural Development Department (RDD)
AGENCY-0945,MAH-District-35 - Public Works Department (PWD),DIST-0110,ST-02,Public Works Department (PWD)
AGENCY-0946,AND-District-16 - Panchayati Raj Institution (PRI),DIST-0395,ST-10,Municipal Corporation (MC)
AGENCY-0947,UTT-District-16 - Panchayati Raj Institution (PRI),DIST-0016,ST-01,Public Works Department (PWD)
AGENCY-0948,MAD-District-37 - Municipal Corporation (MC),DIST-0209,ST-05,Rural Development Department (RDD)
AGENCY-0949,ODI-District-04 - Rural Development Department (RDD),DIST-0409,ST-11,Panchayati Raj Institution (PRI)
AGENCY-0950,RAJ-District-20 - Rural Development Department (RDD),DIST-0285,ST-07,Public Works Department (PWD)
AGENCY-0951,GUJ-District-11 - Water Supply & Sewerage Board,DIST-0357,ST-09,Municipal Corporation (MC)
AGENCY-0952,TEL-District-27 - Water Supply & Sewerage Board,DIST-0462,ST-12,Public Works Department (PWD)
AGENCY-0953,JHA-District-09 - Rural Development Department (RDD),DIST-0491,ST-14,Municipal Corporation (MC)
AGENCY-0954,HAR-District-13 - Water Supply & Sewerage Board,DIST-0610,ST-18,Panchayati Raj Institution (PRI)
AGENCY-0955,ASS-District-13 - Municipal Corporation (MC),DIST-0519,ST-15,Public Works Department (PWD)
AGENCY-0956,BIH-District-38 - Water Supply & Sewerage Board,DIST-0149,ST-03,Water Supply & Sewerage Board
AGENCY-0957,PUN-District-11 - Rural Development Department (RDD),DIST-0552,ST-16,Rural Development Department (RDD)
AGENCY-0958,JHA-District-17 - Public Works Department (PWD),DIST-0499,ST-14,Water Supply & Sewerage Board
AGENCY-0959,GUJ-District-28 - Municipal Corporation (MC),DIST-0374,ST-09,Panchayati Raj Institution (PRI)
AGENCY-0960,HAR-District-10 - Municipal Corporation (MC),DIST-0607,ST-18,Public Works Department (PWD)
AGENCY-0961,KAR-District-10 - Water Supply & Sewerage Board,DIST-0325,ST-08,Public Works Department (PWD)
AGENCY-0962,TEL-District-22 - Rural Development Department (RDD),DIST-0457,ST-12,Panchayati Raj Institution (PRI)
AGENCY-0963,PUN-District-06 - Panchayati Raj Institution (PRI),DIST-0547,ST-16,Public Works Department (PWD)
AGENCY-0964,UTT-District-13 - Municipal Corporation (MC),DIST-0013,ST-01,Water Supply & Sewerage Board
AGENCY-0965,MAD-District-09 - Water Supply & Sewerage Board,DIST-0181,ST-05,Panchayati Raj Institution (PRI)
AGENCY-0966,UTT-District-37 - Panchayati Raj Institution (PRI),DIST-0037,ST-01,Water Supply & Sewerage Board
AGENCY-0967,WES-District-06 - Water Supply & Sewerage Board,DIST-0155,ST-04,Municipal Corporation (MC)
AGENCY-0968,TAM-District-19 - Municipal Corporation (MC),DIST-0246,ST-06,Panchayati Raj Institution (PRI)
AGENCY-0969,UTT-District-53 - Water Supply & Sewerage Board,DIST-0053,ST-01,Rural Development Department (RDD)
AGENCY-0970,GUJ-District-05 - Municipal Corporation (MC),DIST-0351,ST-09,Public Works Department (PWD)
AGENCY-0971,TEL-District-12 - Rural Development Department (RDD),DIST-0447,ST-12,Panchayati Raj Institution (PRI)
AGENCY-0972,RAJ-District-18 - Municipal Corporation (MC),DIST-0283,ST-07,Public Works Department (PWD)
AGENCY-0973,UTT-District-67 - Panchayati Raj Institution (PRI),DIST-0067,ST-01,Public Works Department (PWD)
AGENCY-0974,WES-District-02 - Municipal Corporation (MC),DIST-0151,ST-04,Water Supply & Sewerage Board
AGENCY-0975,ODI-District-25 - Rural Development Department (RDD),DIST-0430,ST-11,Water Supply & Sewerage Board
AGENCY-0976,TAM-District-25 - Public Works Department (PWD),DIST-0252,ST-06,Municipal Corporation (MC)
AGENCY-0977,KAR-District-05 - Rural Development Department (RDD),DIST-0320,ST-08,Municipal Corporation (MC)
AGENCY-0978,TEL-District-14 - Rural Development Department (RDD),DIST-0449,ST-12,Public Works Department (PWD)
AGENCY-0979,KAR-District-05 - Public Works Department (PWD),DIST-0320,ST-08,Municipal Corporation (MC)
AGENCY-0980,RAJ-District-08 - Rural Development Department (RDD),DIST-0273,ST-07,Panchayati Raj Institution (PRI)
AGENCY-0981,TAM-District-06 - Rural Development Department (RDD),DIST-0233,ST-06,Rural Development Department (RDD)
AGENCY-0982,ODI-District-14 - Water Supply & Sewerage Board,DIST-0419,ST-11,Municipal Corporation (MC)
AGENCY-0983,BIH-District-36 - Water Supply & Sewerage Board,DIST-0147,ST-03,Public Works Department (PWD)
AGENCY-0984,MAD-District-08 - Public Works Department (PWD),DIST-0180,ST-05,Water Supply & Sewerage Board
AGENCY-0985,UTT-District-28 - Panchayati Raj Institution (PRI),DIST-0028,ST-01,Public Works Department (PWD)
AGENCY-0986,BIH-District-21 - Municipal Corporation (MC),DIST-0132,ST-03,Water Supply & Sewerage Board
AGENCY-0987,UTT-District-11 - Public Works Department (PWD),DIST-0011,ST-01,Rural Development Department (RDD)
AGENCY-0988,CHH-District-21 - Public Works Department (PWD),DIST-0585,ST-17,Public Works Department (PWD)
AGENCY-0989,TAM-District-23 - Rural Development Department (RDD),DIST-0250,ST-06,Public Works Department (PWD)
AGENCY-0990,KAR-District-20 - Municipal Corporation (MC),DIST-0335,ST-08,Public Works Department (PWD)
AGENCY-0991,ODI-District-22 - Public Works Department (PWD),DIST-0427,ST-11,Municipal Corporation (MC)
AGENCY-0992,WES-District-12 - Rural Development Department (RDD),DIST-0161,ST-04,Public Works Department (PWD)
AGENCY-0993,ASS-District-32 - Panchayati Raj Institution (PRI),DIST-0538,ST-15,Municipal Corporation (MC)
AGENCY-0994,BIH-District-16 - Public Works Department (PWD),DIST-0127,ST-03,Public Works Department (PWD)
AGENCY-0995,RAJ-District-08 - Rural Development Department (RDD),DIST-0273,ST-07,Municipal Corporation (MC)
AGENCY-0996,JHA-District-07 - Rural Development Department (RDD),DIST-0489,ST-14,Panchayati Raj Institution (PRI)
AGENCY-0997,TAM-District-10 - Municipal Corporation (MC),DIST-0237,ST-06,Municipal Corporation (MC)
AGENCY-0998,AND-District-25 - Public Works Department (PWD),DIST-0404,ST-10,Rural Development Department (RDD)
AGENCY-0999,HAR-District-02 - Rural Development Department (RDD),DIST-0599,ST-18,Public Works Department (PWD)
AGENCY-1000,BIH-District-13 - Public Works Department (PWD),DIST-0124,ST-03,Municipal Corporation (MC)
AGENCY-1001,UTT-District-04 - Panchayati Raj Institution (PRI),DIST-0004,ST-01,Rural Development Department (RDD)
AGENCY-1002,UTT-District-59 - Water Supply & Sewerage Board,DIST-0059,ST-01,Municipal Corporation (MC)
AGENCY-1003,ASS-District-02 - Water Supply & Sewerage Board,DIST-0508,ST-15,Water Supply & Sewerage Board
AGENCY-1004,ODI-District-29 - Panchayati Raj Institution (PRI),DIST-0434,ST-11,Municipal Corporation (MC)
AGENCY-1005,RAJ-District-13 - Public Works Department (PWD),DIST-0278,ST-07,Rural Development Department (RDD)
AGENCY-1006,RAJ-District-25 - Public Works Department (PWD),DIST-0290,ST-07,Water Supply & Sewerage Board
AGENCY-1007,PUN-District-22 - Panchayati Raj Institution (PRI),DIST-0563,ST-16,Panchayati Raj Institution (PRI)
AGENCY-1008,ASS-District-15 - Panchayati Raj Institution (PRI),DIST-0521,ST-15,Municipal Corporation (MC)
AGENCY-1009,KAR-District-04 - Rural Development Department (RDD),DIST-0319,ST-08,Municipal Corporation (MC)
AGENCY-1010,BIH-District-09 - Rural Development Department (RDD),DIST-0120,ST-03,Municipal Corporation (MC)
AGENCY-1011,TEL-District-05 - Water Supply & Sewerage Board,DIST-0440,ST-12,Municipal Corporation (MC)
AGENCY-1012,UTT-District-16 - Water Supply & Sewerage Board,DIST-0016,ST-01,Panchayati Raj Institution (PRI)
AGENCY-1013,UTT-District-06 - Panchayati Raj Institution (PRI),DIST-0006,ST-01,Public Works Department (PWD)
AGENCY-1014,TAM-District-31 - Panchayati Raj Institution (PRI),DIST-0258,ST-06,Public Works Department (PWD)
AGENCY-1015,ASS-District-21 - Panchayati Raj Institution (PRI),DIST-0527,ST-15,Water Supply & Sewerage Board
AGENCY-1016,RAJ-District-23 - Panchayati Raj Institution (PRI),DIST-0288,ST-07,Water Supply & Sewerage Board
AGENCY-1017,BIH-District-21 - Water Supply & Sewerage Board,DIST-0132,ST-03,Public Works Department (PWD)
AGENCY-1018,HAR-District-20 - Municipal Corporation (MC),DIST-0617,ST-18,Panchayati Raj Institution (PRI)
AGENCY-1019,BIH-District-20 - Panchayati Raj Institution (PRI),DIST-0131,ST-03,Panchayati Raj Institution (PRI)
AGENCY-1020,HAR-District-12 - Water Supply & Sewerage Board,DIST-0609,ST-18,Panchayati Raj Institution (PRI)
AGENCY-1021,TAM-District-15 - Rural Development Department (RDD),DIST-0242,ST-06,Rural Development Department (RDD)
AGENCY-1022,UTT-District-09 - Public Works Department (PWD),DIST-0009,ST-01,Municipal Corporation (MC)
AGENCY-1023,WES-District-09 - Panchayati Raj Institution (PRI),DIST-0158,ST-04,Municipal Corporation (MC)
AGENCY-1024,GUJ-District-31 - Rural Development Department (RDD),DIST-0377,ST-09,Municipal Corporation (MC)
AGENCY-1025,MAH-District-23 - Panchayati Raj Institution (PRI),DIST-0098,ST-02,Public Works Department (PWD)
AGENCY-1026,KAR-District-15 - Public Works Department (PWD),DIST-0330,ST-08,Water Supply & Sewerage Board
AGENCY-1027,ODI-District-04 - Rural Development Department (RDD),DIST-0409,ST-11,Municipal Corporation (MC)
AGENCY-1028,MAD-District-45 - Panchayati Raj Institution (PRI),DIST-0217,ST-05,Public Works Department (PWD)
AGENCY-1029,RAJ-District-45 - Public Works Department (PWD),DIST-0310,ST-07,Public Works Department (PWD)
AGENCY-1030,GUJ-District-16 - Panchayati Raj Institution (PRI),DIST-0362,ST-09,Rural Development Department (RDD)
AGENCY-1031,UTT-District-38 - Panchayati Raj Institution (PRI),DIST-0038,ST-01,Water Supply & Sewerage Board
AGENCY-1032,TEL-District-04 - Public Works Department (PWD),DIST-0439,ST-12,Water Supply & Sewerage Board
AGENCY-1033,TAM-District-36 - Panchayati Raj Institution (PRI),DIST-0263,ST-06,Public Works Department (PWD)
AGENCY-1034,MAD-District-20 - Municipal Corporation (MC),DIST-0192,ST-05,Rural Development Department (RDD)
AGENCY-1035,MAH-District-28 - Public Works Department (PWD),DIST-0103,ST-02,Water Supply & Sewerage Board
AGENCY-1036,JHA-District-22 - Public Works Department (PWD),DIST-0504,ST-14,Water Supply & Sewerage Board
AGENCY-1037,ASS-District-03 - Rural Development Department (RDD),DIST-0509,ST-15,Municipal Corporation (MC)
AGENCY-1038,WES-District-11 - Rural Development Department (RDD),DIST-0160,ST-04,Municipal Corporation (MC)
AGENCY-1039,BIH-District-15 - Rural Development Department (RDD),DIST-0126,ST-03,Rural Development Department (RDD)
AGENCY-1040,MAH-District-19 - Water Supply & Sewerage Board,DIST-0094,ST-02,Municipal Corporation (MC)
AGENCY-1041,ASS-District-28 - Panchayati Raj Institution (PRI),DIST-0534,ST-15,Public Works Department (PWD)
AGENCY-1042,MAD-District-02 - Rural Development Department (RDD),DIST-0174,ST-05,Water Supply & Sewerage Board
AGENCY-1043,BIH-District-37 - Municipal Corporation (MC),DIST-0148,ST-03,Public Works Department (PWD)
AGENCY-1044,CHH-District-28 - Municipal Corporation (MC),DIST-0592,ST-17,Panchayati Raj Institution (PRI)
AGENCY-1045,MAD-District-43 - Rural Development Department (RDD),DIST-0215,ST-05,Rural Development Department (RDD)
AGENCY-1046,GUJ-District-26 - Water Supply & Sewerage Board,DIST-0372,ST-09,Rural Development Department (RDD)
AGENCY-1047,TEL-District-29 - Panchayati Raj Institution (PRI),DIST-0464,ST-12,Municipal Corporation (MC)
AGENCY-1048,KER-District-09 - Public Works Department (PWD),DIST-0477,ST-13,Public Works Department (PWD)
AGENCY-1049,CHH-District-03 - Public Works Department (PWD),DIST-0567,ST-17,Panchayati Raj Institution (PRI)
AGENCY-1050,TEL-District-32 - Panchayati Raj Institution (PRI),DIST-0467,ST-12,Public Works Department (PWD)
AGENCY-1051,UTT-District-07 - Municipal Corporation (MC),DIST-0007,ST-01,Water Supply & Sewerage Board
AGENCY-1052,MAD-District-41 - Panchayati Raj Institution (PRI),DIST-0213,ST-05,Water Supply & Sewerage Board
AGENCY-1053,ASS-District-05 - Panchayati Raj Institution (PRI),DIST-0511,ST-15,Municipal Corporation (MC)
AGENCY-1054,CHH-District-32 - Municipal Corporation (MC),DIST-0596,ST-17,Panchayati Raj Institution (PRI)
AGENCY-1055,ODI-District-24 - Rural Development Department (RDD),DIST-0429,ST-11,Water Supply & Sewerage Board
AGENCY-1056,UTT-District-58 - Rural Development Department (RDD),DIST-0058,ST-01,Rural Development Department (RDD)
AGENCY-1057,BIH-District-15 - Panchayati Raj Institution (PRI),DIST-0126,ST-03,Municipal Corporation (MC)
AGENCY-1058,PUN-District-11 - Panchayati Raj Institution (PRI),DIST-0552,ST-16,Municipal Corporation (MC)
AGENCY-1059,GUJ-District-25 - Public Works Department (PWD),DIST-0371,ST-09,Municipal Corporation (MC)
AGENCY-1060,UTT-District-15 - Panchayati Raj Institution (PRI),DIST-0015,ST-01,Water Supply & Sewerage Board
AGENCY-1061,JHA-District-06 - Panchayati Raj Institution (PRI),DIST-0488,ST-14,Rural Development Department (RDD)
AGENCY-1062,ASS-District-13 - Water Supply & Sewerage Board,DIST-0519,ST-15,Rural Development Department (RDD)
AGENCY-1063,UTT-District-67 - Panchayati Raj Institution (PRI),DIST-0067,ST-01,Municipal Corporation (MC)
AGENCY-1064,CHH-District-15 - Water Supply & Sewerage Board,DIST-0579,ST-17,Rural Development Department (RDD)
AGENCY-1065,WES-District-08 - Water Supply & Sewerage Board,DIST-0157,ST-04,Rural Development Department (RDD)
AGENCY-1066,RAJ-District-19 - Rural Development Department (RDD),DIST-0284,ST-07,Rural Development Department (RDD)
AGENCY-1067,GUJ-District-04 - Rural Development Department (RDD),DIST-0350,ST-09,Panchayati Raj Institution (PRI)
AGENCY-1068,MAD-District-47 - Public Works Department (PWD),DIST-0219,ST-05,Municipal Corporation (MC)
AGENCY-1069,PUN-District-11 - Panchayati Raj Institution (PRI),DIST-0552,ST-16,Rural Development Department (RDD)
AGENCY-1070,AND-District-20 - Panchayati Raj Institution (PRI),DIST-0399,ST-10,Panchayati Raj Institution (PRI)
AGENCY-1071,GUJ-District-23 - Municipal Corporation (MC),DIST-0369,ST-09,Public Works Department (PWD)
AGENCY-1072,UTT-District-62 - Public Works Department (PWD),DIST-0062,ST-01,Public Works Department (PWD)
AGENCY-1073,HAR-District-05 - Municipal Corporation (MC),DIST-0602,ST-18,Municipal Corporation (MC)
AGENCY-1074,ODI-District-28 - Public Works Department (PWD),DIST-0433,ST-11,Rural Development Department (RDD)
AGENCY-1075,JHA-District-10 - Panchayati Raj Institution (PRI),DIST-0492,ST-14,Panchayati Raj Institution (PRI)
AGENCY-1076,TEL-District-30 - Public Works Department (PWD),DIST-0465,ST-12,Municipal Corporation (MC)
AGENCY-1077,ODI-District-17 - Panchayati Raj Institution (PRI),DIST-0422,ST-11,Panchayati Raj Institution (PRI)
AGENCY-1078,UTT-District-46 - Rural Development Department (RDD),DIST-0046,ST-01,Rural Development Department (RDD)
AGENCY-1079,PUN-District-03 - Public Works Department (PWD),DIST-0544,ST-16,Rural Development Department (RDD)
AGENCY-1080,MAH-District-07 - Rural Development Department (RDD),DIST-0082,ST-02,Public Works Department (PWD)
AGENCY-1081,WES-District-20 - Municipal Corporation (MC),DIST-0169,ST-04,Municipal Corporation (MC)
AGENCY-1082,TAM-District-08 - Municipal Corporation (MC),DIST-0235,ST-06,Municipal Corporation (MC)
AGENCY-1083,PUN-District-19 - Water Supply & Sewerage Board,DIST-0560,ST-16,Rural Development Department (RDD)
AGENCY-1084,GUJ-District-19 - Municipal Corporation (MC),DIST-0365,ST-09,Rural Development Department (RDD)
AGENCY-1085,GUJ-District-09 - Panchayati Raj Institution (PRI),DIST-0355,ST-09,Rural Development Department (RDD)
AGENCY-1086,BIH-District-13 - Public Works Department (PWD),DIST-0124,ST-03,Municipal Corporation (MC)
AGENCY-1087,ASS-District-01 - Municipal Corporation (MC),DIST-0507,ST-15,Rural Development Department (RDD)
AGENCY-1088,UTT-District-12 - Municipal Corporation (MC),DIST-0012,ST-01,Public Works Department (PWD)
AGENCY-1089,KAR-District-25 - Water Supply & Sewerage Board,DIST-0340,ST-08,Public Works Department (PWD)
AGENCY-1090,GUJ-District-12 - Water Supply & Sewerage Board,DIST-0358,ST-09,Rural Development Department (RDD)
AGENCY-1091,JHA-District-23 - Water Supply & Sewerage Board,DIST-0505,ST-14,Panchayati Raj Institution (PRI)
AGENCY-1092,MAD-District-18 - Municipal Corporation (MC),DIST-0190,ST-05,Municipal Corporation (MC)
AGENCY-1093,RAJ-District-31 - Public Works Department (PWD),DIST-0296,ST-07,Municipal Corporation (MC)
AGENCY-1094,BIH-District-20 - Public Works Department (PWD),DIST-0131,ST-03,Public Works Department (PWD)
AGENCY-1095,RAJ-District-12 - Public Works Department (PWD),DIST-0277,ST-07,Rural Development Department (RDD)
AGENCY-1096,WES-District-01 - Panchayati Raj Institution (PRI),DIST-0150,ST-04,Municipal Corporation (MC)
AGENCY-1097,RAJ-District-14 - Panchayati Raj Institution (PRI),DIST-0279,ST-07,Public Works Department (PWD)
AGENCY-1098,UTT-District-70 - Water Supply & Sewerage Board,DIST-0070,ST-01,Municipal Corporation (MC)
AGENCY-1099,UTT-District-10 - Panchayati Raj Institution (PRI),DIST-0010,ST-01,Public Works Department (PWD)
AGENCY-1100,UTT-District-48 - Rural Development Department (RDD),DIST-0048,ST-01,Municipal Corporation (MC)
AGENCY-1101,AND-District-06 - Municipal Corporation (MC),DIST-0385,ST-10,Public Works Department (PWD)
AGENCY-1102,BIH-District-08 - Panchayati Raj Institution (PRI),DIST-0119,ST-03,Water Supply & Sewerage Board
AGENCY-1103,TEL-District-13 - Municipal Corporation (MC),DIST-0448,ST-12,Public Works Department (PWD)
AGENCY-1104,PUN-District-03 - Water Supply & Sewerage Board,DIST-0544,ST-16,Panchayati Raj Institution (PRI)
AGENCY-1105,MAD-District-37 - Municipal Corporation (MC),DIST-0209,ST-05,Municipal Corporation (MC)
AGENCY-1106,CHH-District-12 - Public Works Department (PWD),DIST-0576,ST-17,Panchayati Raj Institution (PRI)
AGENCY-1107,TEL-District-05 - Rural Development Department (RDD),DIST-0440,ST-12,Water Supply & Sewerage Board
AGENCY-1108,UTT-District-41 - Public Works Department (PWD),DIST-0041,ST-01,Municipal Corporation (MC)
AGENCY-1109,MAH-District-03 - Panchayati Raj Institution (PRI),DIST-0078,ST-02,Rural Development Department (RDD)
AGENCY-1110,ODI-District-21 - Public Works Department (PWD),DIST-0426,ST-11,Rural Development Department (RDD)
AGENCY-1111,HAR-District-14 - Rural Development Department (RDD),DIST-0611,ST-18,Panchayati Raj Institution (PRI)
AGENCY-1112,HAR-District-15 - Municipal Corporation (MC),DIST-0612,ST-18,Municipal Corporation (MC)
AGENCY-1113,CHH-District-30 - Municipal Corporation (MC),DIST-0594,ST-17,Water Supply & Sewerage Board
AGENCY-1114,RAJ-District-50 - Water Supply & Sewerage Board,DIST-0315,ST-07,Municipal Corporation (MC)
AGENCY-1115,MAD-District-39 - Panchayati Raj Institution (PRI),DIST-0211,ST-05,Rural Development Department (RDD)
AGENCY-1116,TAM-District-19 - Rural Development Department (RDD),DIST-0246,ST-06,Panchayati Raj Institution (PRI)
AGENCY-1117,MAD-District-43 - Municipal Corporation (MC),DIST-0215,ST-05,Rural Development Department (RDD)
AGENCY-1118,RAJ-District-39 - Public Works Department (PWD),DIST-0304,ST-07,Rural Development Department (RDD)
AGENCY-1119,MAD-District-49 - Water Supply & Sewerage Board,DIST-0221,ST-05,Panchayati Raj Institution (PRI)
AGENCY-1120,UTT-District-14 - Rural Development Department (RDD),DIST-0014,ST-01,Municipal Corporation (MC)
AGENCY-1121,MAH-District-28 - Public Works Department (PWD),DIST-0103,ST-02,Rural Development Department (RDD)
AGENCY-1122,MAD-District-49 - Panchayati Raj Institution (PRI),DIST-0221,ST-05,Public Works Department (PWD)
AGENCY-1123,TEL-District-12 - Rural Development Department (RDD),DIST-0447,ST-12,Municipal Corporation (MC)
AGENCY-1124,GUJ-District-04 - Rural Development Department (RDD),DIST-0350,ST-09,Panchayati Raj Institution (PRI)
AGENCY-1125,UTT-District-23 - Municipal Corporation (MC),DIST-0023,ST-01,Rural Development Department (RDD)
AGENCY-1126,TAM-District-11 - Public Works Department (PWD),DIST-0238,ST-06,Rural Development Department (RDD)
AGENCY-1127,TAM-District-18 - Rural Development Department (RDD),DIST-0245,ST-06,Water Supply & Sewerage Board
AGENCY-1128,MAD-District-02 - Public Works Department (PWD),DIST-0174,ST-05,Panchayati Raj Institution (PRI)
AGENCY-1129,MAD-District-26 - Panchayati Raj Institution (PRI),DIST-0198,ST-05,Municipal Corporation (MC)
AGENCY-1130,UTT-District-49 - Panchayati Raj Institution (PRI),DIST-0049,ST-01,Public Works Department (PWD)
AGENCY-1131,UTT-District-28 - Public Works Department (PWD),DIST-0028,ST-01,Public Works Department (PWD)
AGENCY-1132,MAD-District-45 - Water Supply & Sewerage Board,DIST-0217,ST-05,Water Supply & Sewerage Board
AGENCY-1133,UTT-District-64 - Water Supply & Sewerage Board,DIST-0064,ST-01,Municipal Corporation (MC)
AGENCY-1134,KAR-District-28 - Municipal Corporation (MC),DIST-0343,ST-08,Panchayati Raj Institution (PRI)
AGENCY-1135,WES-District-16 - Panchayati Raj Institution (PRI),DIST-0165,ST-04,Municipal Corporation (MC)
AGENCY-1136,ODI-District-18 - Public Works Department (PWD),DIST-0423,ST-11,Water Supply & Sewerage Board
AGENCY-1137,MAD-District-05 - Water Supply & Sewerage Board,DIST-0177,ST-05,Rural Development Department (RDD)
AGENCY-1138,UTT-District-40 - Water Supply & Sewerage Board,DIST-0040,ST-01,Panchayati Raj Institution (PRI)
AGENCY-1139,BIH-District-22 - Public Works Department (PWD),DIST-0133,ST-03,Public Works Department (PWD)
AGENCY-1140,MAH-District-31 - Water Supply & Sewerage Board,DIST-0106,ST-02,Public Works Department (PWD)
AGENCY-1141,MAH-District-26 - Water Supply & Sewerage Board,DIST-0101,ST-02,Water Supply & Sewerage Board
AGENCY-1142,BIH-District-19 - Municipal Corporation (MC),DIST-0130,ST-03,Panchayati Raj Institution (PRI)
AGENCY-1143,GUJ-District-12 - Rural Development Department (RDD),DIST-0358,ST-09,Municipal Corporation (MC)
AGENCY-1144,PUN-District-05 - Municipal Corporation (MC),DIST-0546,ST-16,Water Supply & Sewerage Board
AGENCY-1145,UTT-District-69 - Municipal Corporation (MC),DIST-0069,ST-01,Water Supply & Sewerage Board
AGENCY-1146,KAR-District-17 - Water Supply & Sewerage Board,DIST-0332,ST-08,Rural Development Department (RDD)
AGENCY-1147,PUN-District-14 - Water Supply & Sewerage Board,DIST-0555,ST-16,Municipal Corporation (MC)
AGENCY-1148,TEL-District-02 - Panchayati Raj Institution (PRI),DIST-0437,ST-12,Rural Development Department (RDD)
AGENCY-1149,KAR-District-17 - Water Supply & Sewerage Board,DIST-0332,ST-08,Public Works Department (PWD)
AGENCY-1150,BIH-District-16 - Panchayati Raj Institution (PRI),DIST-0127,ST-03,Rural Development Department (RDD)
AGENCY-1151,AND-District-08 - Rural Development Department (RDD),DIST-0387,ST-10,Municipal Corporation (MC)
AGENCY-1152,UTT-District-66 - Rural Development Department (RDD),DIST-0066,ST-01,Municipal Corporation (MC)
AGENCY-1153,RAJ-District-27 - Municipal Corporation (MC),DIST-0292,ST-07,Municipal Corporation (MC)
AGENCY-1154,MAD-District-32 - Panchayati Raj Institution (PRI),DIST-0204,ST-05,Water Supply & Sewerage Board
AGENCY-1155,CHH-District-32 - Public Works Department (PWD),DIST-0596,ST-17,Municipal Corporation (MC)
AGENCY-1156,RAJ-District-39 - Public Works Department (PWD),DIST-0304,ST-07,Municipal Corporation (MC)
AGENCY-1157,UTT-District-15 - Rural Development Department (RDD),DIST-0015,ST-01,Municipal Corporation (MC)
AGENCY-1158,JHA-District-22 - Panchayati Raj Institution (PRI),DIST-0504,ST-14,Water Supply & Sewerage Board
AGENCY-1159,ASS-District-14 - Panchayati Raj Institution (PRI),DIST-0520,ST-15,Public Works Department (PWD)
AGENCY-1160,ODI-District-04 - Public Works Department (PWD),DIST-0409,ST-11,Water Supply & Sewerage Board
AGENCY-1161,TAM-District-14 - Municipal Corporation (MC),DIST-0241,ST-06,Municipal Corporation (MC)
AGENCY-1162,RAJ-District-28 - Water Supply & Sewerage Board,DIST-0293,ST-07,Municipal Corporation (MC)
AGENCY-1163,PUN-District-06 - Public Works Department (PWD),DIST-0547,ST-16,Panchayati Raj Institution (PRI)
AGENCY-1164,CHH-District-26 - Water Supply & Sewerage Board,DIST-0590,ST-17,Panchayati Raj Institution (PRI)
AGENCY-1165,UTT-District-44 - Rural Development Department (RDD),DIST-0044,ST-01,Panchayati Raj Institution (PRI)
AGENCY-1166,AND-District-19 - Water Supply & Sewerage Board,DIST-0398,ST-10,Public Works Department (PWD)
AGENCY-1167,TAM-District-19 - Rural Development Department (RDD),DIST-0246,ST-06,Water Supply & Sewerage Board
AGENCY-1168,MAH-District-28 - Rural Development Department (RDD),DIST-0103,ST-02,Rural Development Department (RDD)
AGENCY-1169,UTT-District-66 - Municipal Corporation (MC),DIST-0066,ST-01,Panchayati Raj Institution (PRI)
AGENCY-1170,KAR-District-31 - Water Supply & Sewerage Board,DIST-0346,ST-08,Panchayati Raj Institution (PRI)
AGENCY-1171,MAD-District-21 - Rural Development Department (RDD),DIST-0193,ST-05,Water Supply & Sewerage Board
AGENCY-1172,KAR-District-13 - Public Works Department (PWD),DIST-0328,ST-08,Municipal Corporation (MC)
AGENCY-1173,TEL-District-27 - Rural Development Department (RDD),DIST-0462,ST-12,Panchayati Raj Institution (PRI)
AGENCY-1174,GUJ-District-03 - Public Works Department (PWD),DIST-0349,ST-09,Public Works Department (PWD)
AGENCY-1175,TEL-District-10 - Municipal Corporation (MC),DIST-0445,ST-12,Municipal Corporation (MC)
AGENCY-1176,TAM-District-07 - Panchayati Raj Institution (PRI),DIST-0234,ST-06,Water Supply & Sewerage Board
AGENCY-1177,BIH-District-29 - Municipal Corporation (MC),DIST-0140,ST-03,Public Works Department (PWD)
AGENCY-1178,UTT-District-41 - Water Supply & Sewerage Board,DIST-0041,ST-01,Public Works Department (PWD)
AGENCY-1179,ODI-District-01 - Panchayati Raj Institution (PRI),DIST-0406,ST-11,Water Supply & Sewerage Board
AGENCY-1180,KAR-District-24 - Municipal Corporation (MC),DIST-0339,ST-08,Water Supply & Sewerage Board
AGENCY-1181,ASS-District-08 - Municipal Corporation (MC),DIST-0514,ST-15,Public Works Department (PWD)
AGENCY-1182,MAH-District-30 - Panchayati Raj Institution (PRI),DIST-0105,ST-02,Municipal Corporation (MC)
AGENCY-1183,ODI-District-08 - Municipal Corporation (MC),DIST-0413,ST-11,Public Works Department (PWD)
AGENCY-1184,MAH-District-33 - Public Works Department (PWD),DIST-0108,ST-02,Panchayati Raj Institution (PRI)
AGENCY-1185,AND-District-14 - Public Works Department (PWD),DIST-0393,ST-10,Water Supply & Sewerage Board
AGENCY-1186,MAD-District-16 - Municipal Corporation (MC),DIST-0188,ST-05,Municipal Corporation (MC)
AGENCY-1187,UTT-District-23 - Water Supply & Sewerage Board,DIST-0023,ST-01,Water Supply & Sewerage Board
AGENCY-1188,CHH-District-30 - Public Works Department (PWD),DIST-0594,ST-17,Rural Development Department (RDD)
AGENCY-1189,BIH-District-33 - Panchayati Raj Institution (PRI),DIST-0144,ST-03,Water Supply & Sewerage Board
AGENCY-1190,KER-District-05 - Municipal Corporation (MC),DIST-0473,ST-13,Panchayati Raj Institution (PRI)
AGENCY-1191,CHH-District-16 - Water Supply & Sewerage Board,DIST-0580,ST-17,Water Supply & Sewerage Board
AGENCY-1192,JHA-District-23 - Municipal Corporation (MC),DIST-0505,ST-14,Public Works Department (PWD)
AGENCY-1193,MAD-District-05 - Municipal Corporation (MC),DIST-0177,ST-05,Rural Development Department (RDD)
AGENCY-1194,MAH-District-32 - Water Supply & Sewerage Board,DIST-0107,ST-02,Panchayati Raj Institution (PRI)
AGENCY-1195,ASS-District-27 - Rural Development Department (RDD),DIST-0533,ST-15,Rural Development Department (RDD)
AGENCY-1196,MAD-District-41 - Rural Development Department (RDD),DIST-0213,ST-05,Panchayati Raj Institution (PRI)
AGENCY-1197,MAD-District-13 - Water Supply & Sewerage Board,DIST-0185,ST-05,Rural Development Department (RDD)
AGENCY-1198,RAJ-District-09 - Water Supply & Sewerage Board,DIST-0274,ST-07,Panchayati Raj Institution (PRI)
AGENCY-1199,UTT-District-07 - Public Works Department (PWD),DIST-0007,ST-01,Panchayati Raj Institution (PRI)
AGENCY-1200,AND-District-23 - Water Supply & Sewerage Board,DIST-0402,ST-10,Public Works Department (PWD)
AGENCY-1201,KAR-District-21 - Rural Development Department (RDD),DIST-0336,ST-08,Panchayati Raj Institution (PRI)
AGENCY-1202,RAJ-District-09 - Rural Development Department (RDD),DIST-0274,ST-07,Public Works Department (PWD)
AGENCY-1203,UTT-District-46 - Panchayati Raj Institution (PRI),DIST-0046,ST-01,Rural Development Department (RDD)
AGENCY-1204,MAD-District-31 - Public Works Department (PWD),DIST-0203,ST-05,Public Works Department (PWD)
AGENCY-1205,MAH-District-04 - Rural Development Department (RDD),DIST-0079,ST-02,Public Works Department (PWD)
AGENCY-1206,BIH-District-33 - Rural Development Department (RDD),DIST-0144,ST-03,Rural Development Department (RDD)
AGENCY-1207,UTT-District-07 - Public Works Department (PWD),DIST-0007,ST-01,Water Supply & Sewerage Board
AGENCY-1208,ODI-District-09 - Public Works Department (PWD),DIST-0414,ST-11,Rural Development Department (RDD)
AGENCY-1209,TAM-District-11 - Water Supply & Sewerage Board,DIST-0238,ST-06,Water Supply & Sewerage Board
AGENCY-1210,KER-District-09 - Public Works Department (PWD),DIST-0477,ST-13,Panchayati Raj Institution (PRI)
AGENCY-1211,RAJ-District-35 - Municipal Corporation (MC),DIST-0300,ST-07,Water Supply & Sewerage Board
AGENCY-1212,MAD-District-27 - Panchayati Raj Institution (PRI),DIST-0199,ST-05,Rural Development Department (RDD)
AGENCY-1213,BIH-District-20 - Rural Development Department (RDD),DIST-0131,ST-03,Municipal Corporation (MC)
AGENCY-1214,RAJ-District-07 - Municipal Corporation (MC),DIST-0272,ST-07,Municipal Corporation (MC)
AGENCY-1215,MAD-District-53 - Water Supply & Sewerage Board,DIST-0225,ST-05,Public Works Department (PWD)
AGENCY-1216,PUN-District-15 - Public Works Department (PWD),DIST-0556,ST-16,Rural Development Department (RDD)
AGENCY-1217,ASS-District-05 - Municipal Corporation (MC),DIST-0511,ST-15,Rural Development Department (RDD)
AGENCY-1218,PUN-District-08 - Public Works Department (PWD),DIST-0549,ST-16,Municipal Corporation (MC)
AGENCY-1219,KAR-District-06 - Rural Development Department (RDD),DIST-0321,ST-08,Water Supply & Sewerage Board
AGENCY-1220,KER-District-06 - Public Works Department (PWD),DIST-0474,ST-13,Public Works Department (PWD)
AGENCY-1221,UTT-District-35 - Panchayati Raj Institution (PRI),DIST-0035,ST-01,Panchayati Raj Institution (PRI)
AGENCY-1222,TEL-District-14 - Municipal Corporation (MC),DIST-0449,ST-12,Public Works Department (PWD)
AGENCY-1223,RAJ-District-30 - Municipal Corporation (MC),DIST-0295,ST-07,Water Supply & Sewerage Board
AGENCY-1224,MAD-District-09 - Public Works Department (PWD),DIST-0181,ST-05,Public Works Department (PWD)
AGENCY-1225,MAD-District-39 - Panchayati Raj Institution (PRI),DIST-0211,ST-05,Rural Development Department (RDD)
AGENCY-1226,UTT-District-57 - Rural Development Department (RDD),DIST-0057,ST-01,Rural Development Department (RDD)
AGENCY-1227,RAJ-District-37 - Public Works Department (PWD),DIST-0302,ST-07,Municipal Corporation (MC)
AGENCY-1228,TAM-District-32 - Rural Development Department (RDD),DIST-0259,ST-06,Water Supply & Sewerage Board
AGENCY-1229,TEL-District-26 - Public Works Department (PWD),DIST-0461,ST-12,Public Works Department (PWD)
AGENCY-1230,UTT-District-02 - Panchayati Raj Institution (PRI),DIST-0002,ST-01,Rural Development Department (RDD)
AGENCY-1231,TAM-District-06 - Panchayati Raj Institution (PRI),DIST-0233,ST-06,Panchayati Raj Institution (PRI)
AGENCY-1232,UTT-District-01 - Public Works Department (PWD),DIST-0001,ST-01,Municipal Corporation (MC)
AGENCY-1233,CHH-District-27 - Water Supply & Sewerage Board,DIST-0591,ST-17,Water Supply & Sewerage Board
AGENCY-1234,RAJ-District-22 - Water Supply & Sewerage Board,DIST-0287,ST-07,Water Supply & Sewerage Board
AGENCY-1235,PUN-District-12 - Public Works Department (PWD),DIST-0553,ST-16,Public Works Department (PWD)
AGENCY-1236,TAM-District-23 - Panchayati Raj Institution (PRI),DIST-0250,ST-06,Water Supply & Sewerage Board
AGENCY-1237,MAD-District-25 - Water Supply & Sewerage Board,DIST-0197,ST-05,Water Supply & Sewerage Board
AGENCY-1238,HAR-District-01 - Public Works Department (PWD),DIST-0598,ST-18,Rural Development Department (RDD)
